mtllib material.mtl
usemtl material_0
v -0.03204800 -0.09356500 0.35092400
v -0.03192700 -0.09540500 0.35131000
v -0.03226900 -0.09391200 0.34972200
v -0.03245500 -0.09540500 0.34824700
v -0.03236500 -0.09393900 0.34915600
v -0.03249300 -0.09399800 0.34823600
v -0.03255500 -0.09190300 0.34772100
v -0.03263200 -0.09422700 0.34661500
v -0.03266800 -0.09221000 0.34633800
v -0.03273200 -0.09267100 0.34499500
v -0.03262800 -0.09540500 0.34575400
v -0.03256200 -0.09548600 0.34703700
v -0.03262200 -0.09551400 0.34578400
v -0.03261500 -0.09562300 0.34581400
v -0.03260700 -0.09573100 0.34584400
v -0.03225400 -0.09166800 0.34984700
v -0.03212700 -0.09163600 0.35051600
v -0.00006000 -0.09460000 0.37674000
v -0.00006000 -0.09540500 0.37668200
v -0.00138300 -0.09493500 0.37668900
v -0.00269700 -0.09540500 0.37656700
v -0.00270700 -0.09486600 0.37660500
v -0.00402200 -0.09476900 0.37646700
v -0.00404800 -0.09380600 0.37651000
v -0.00533500 -0.09465700 0.37627400
v -0.00537000 -0.09367400 0.37631400
v -0.00793500 -0.09444900 0.37572900
v -0.00798800 -0.09342500 0.37575900
v -0.00921700 -0.09438000 0.37538000
v -0.00927800 -0.09334300 0.37540400
v -0.00984300 -0.09441200 0.37518800
v -0.00990200 -0.09340500 0.37520800
v -0.01017900 -0.09351100 0.37511500
v -0.01023400 -0.09231000 0.37514400
v -0.01043300 -0.09141300 0.37511300
v -0.01022000 -0.09104100 0.37519800
v -0.00530700 -0.09540500 0.37623500
v -0.00665100 -0.09540500 0.37598100
v -0.00788600 -0.09540500 0.37569900
v -0.00915700 -0.09540500 0.37535600
v -0.01038700 -0.09540500 0.37497400
v -0.01013500 -0.09447300 0.37509200
v -0.00997500 -0.09214800 0.37523400
v -0.00987700 -0.09080100 0.37531800
v -0.00935500 -0.09203600 0.37543200
v -0.00946000 -0.09072800 0.37545000
v -0.00812300 -0.09072300 0.37582200
v -0.00546700 -0.09072300 0.37638300
v -0.00541700 -0.09228500 0.37635400
v -0.00805500 -0.09209800 0.37579200
v -0.00408400 -0.09238400 0.37655200
v -0.00277300 -0.09072300 0.37671900
v -0.00274700 -0.09247100 0.37669400
v -0.00140400 -0.09253200 0.37678000
v -0.00139200 -0.09400400 0.37673700
v -0.00006000 -0.09355000 0.37678300
v -0.00006000 -0.09072300 0.37683100
v -0.00006000 -0.09225700 0.37681400
v -0.00272400 -0.09392200 0.37665200
v -0.03273000 -0.09520500 0.34163000
v -0.03273000 -0.09520500 0.34163000
v -0.03267100 -0.09540500 0.34324400
v -0.03267100 -0.09540500 0.34324400
v -0.03271500 -0.09540500 0.34167400
v -0.03263800 -0.09583500 0.34336400
v -0.03263800 -0.09583500 0.34336400
v -0.03265000 -0.09618600 0.34184700
v -0.03260200 -0.09626500 0.34348400
v -0.03256200 -0.09669400 0.34360400
v -0.03274400 -0.09500500 0.34158600
v -0.03274400 -0.09500500 0.34158600
v -0.03270700 -0.09488500 0.34309900
v -0.03275900 -0.09480500 0.34154200
v -0.03273800 -0.09436500 0.34295400
v -0.03276500 -0.09384500 0.34280900
v -0.03248800 -0.09774700 0.34219200
v -0.03257400 -0.09696700 0.34201900
v -0.03273200 -0.09525400 0.34143000
v -0.03271500 -0.09540500 0.34167400
v -0.03271500 -0.09540500 0.34167400
v -0.03272100 -0.09540500 0.34146400
v -0.03265000 -0.09618600 0.34184700
v -0.03247700 -0.09789000 0.34203400
v -0.03257400 -0.09696700 0.34201900
v -0.03248800 -0.09774700 0.34219200
v -0.03273000 -0.09520500 0.34163000
v -0.03274300 -0.09510300 0.34139500
v -0.03274400 -0.09500500 0.34158600
v -0.03275900 -0.09480500 0.34154200
v -0.03275400 -0.09495200 0.34136100
v -0.03248500 -0.09779500 0.34213900
v -0.03248000 -0.09784400 0.34208700
v -0.03247600 -0.09789300 0.34203400
v -0.03262200 -0.09551400 0.34578400
v -0.03259800 -0.09614200 0.34468500
v -0.03262800 -0.09540500 0.34575400
v -0.03267100 -0.09540500 0.34324400
v -0.03270700 -0.09488500 0.34309900
v -0.03261500 -0.09562300 0.34581400
v -0.03260700 -0.09573100 0.34584400
v -0.03256200 -0.09669400 0.34360400
v -0.03260200 -0.09626500 0.34348400
v -0.03263800 -0.09583500 0.34336400
v -0.03273800 -0.09436500 0.34295400
v -0.03276500 -0.09384500 0.34280900
v -0.03275500 -0.09320400 0.34387500
v -0.03273200 -0.09267100 0.34499500
v 0.01030500 -0.09227500 0.37617600
v 0.01038800 -0.09194000 0.37673700
v 0.01038800 -0.09194000 0.37673700
v 0.01027700 -0.09239000 0.37632500
v 0.01027700 -0.09239000 0.37632500
v 0.01023400 -0.09256400 0.37646700
v 0.01023400 -0.09256400 0.37646700
v 0.01023400 -0.09256400 0.37646700
v 0.01023400 -0.09256400 0.37646700
v 0.01023400 -0.09256400 0.37646700
v 0.01024900 -0.09250200 0.37633100
v 0.01024900 -0.09250200 0.37633100
v 0.01022100 -0.09261300 0.37633700
v 0.01022100 -0.09261300 0.37633700
v 0.01019300 -0.09272500 0.37634300
v 0.01019300 -0.09272500 0.37634300
v 0.01016500 -0.09283600 0.37634900
v 0.01033300 -0.09216100 0.37602700
v 0.01036100 -0.09204800 0.37587800
v 0.01036100 -0.09204800 0.37587800
v 0.01038900 -0.09193300 0.37572800
v 0.01033100 -0.09150100 0.37523500
v 0.01032600 -0.09150400 0.37540600
v 0.01038900 -0.09193300 0.37572800
v 0.01032100 -0.09150600 0.37578200
v 0.01038800 -0.09194000 0.37673700
v 0.01032600 -0.09150600 0.37615800
v 0.01033100 -0.09150600 0.37653400
v 0.00354200 -0.09194500 0.37816100
v 0.00371700 -0.09194900 0.37814200
v 0.00310800 -0.09072300 0.37761600
v 0.00533800 -0.09194500 0.37793100
v 0.00625100 -0.09072300 0.37718400
v 0.00659800 -0.09194100 0.37770900
v 0.00912700 -0.09194500 0.37711300
v 0.01038800 -0.09194000 0.37673700
v 0.01038800 -0.09194000 0.37673700
v 0.00967900 -0.09077400 0.37637200
v 0.00933700 -0.09072300 0.37645000
v 0.01033100 -0.09150600 0.37653400
v 0.01021200 -0.09119500 0.37641700
v 0.01021200 -0.09119500 0.37641700
v 0.00998400 -0.09093700 0.37635900
v -0.00006200 -0.09072300 0.37774000
v 0.00234300 -0.09194000 0.37825600
v 0.00285500 -0.09194500 0.37822200
v 0.00325500 -0.09194600 0.37818900
v -0.00006200 -0.09193300 0.37831700
v 0.00943500 -0.12974100 0.37334500
v 0.00943000 -0.13003600 0.37333100
v 0.00943400 -0.12979500 0.37325600
v 0.00943300 -0.12985900 0.37312600
v 0.00943300 -0.12985900 0.37312600
v 0.00942200 -0.13051600 0.37293100
v 0.00942200 -0.13051600 0.37293100
v 0.00943300 -0.12990100 0.37299900
v 0.00943200 -0.12991700 0.37292000
v -0.01345200 -0.12991700 0.37114000
v -0.01009600 -0.12991700 0.37270200
v -0.01323600 -0.12991600 0.37129700
v -0.00955300 -0.12991700 0.37292000
v -0.01323600 -0.12991400 0.37132500
v -0.01323500 -0.12991000 0.37135700
v -0.01657100 -0.12991700 0.36930600
v -0.01323500 -0.12990000 0.37140300
v -0.01657000 -0.12986500 0.36955300
v -0.01323400 -0.12987100 0.37148100
v -0.01323400 -0.12986000 0.37150600
v -0.01043300 -0.12974800 0.37299200
v -0.01323400 -0.12979100 0.37163000
v -0.01323400 -0.12977600 0.37165600
v -0.01620900 -0.12971900 0.37001100
v -0.01584700 -0.12972600 0.37023500
v -0.01548300 -0.12973100 0.37045500
v -0.01477800 -0.12974100 0.37086600
v -0.01406800 -0.12974900 0.37126100
v -0.01335800 -0.12975400 0.37163700
v -0.01264200 -0.12975700 0.37199700
v -0.01175900 -0.12975700 0.37241500
v -0.01086800 -0.12975000 0.37280800
v -0.00955800 -0.12974200 0.37334400
v -0.00999600 -0.12974500 0.37317000
v -0.01656800 -0.12971200 0.36978300
v -0.00956200 -0.12942600 0.37384300
v -0.00955800 -0.12974200 0.37334400
v -0.00955800 -0.12974200 0.37334400
v -0.00954200 -0.13054300 0.37295200
v -0.00955300 -0.12991700 0.37292000
v 0.01326800 -0.12975000 0.37161900
v 0.01304200 -0.12964000 0.37192400
v 0.01235000 -0.12975300 0.37207800
v 0.01215800 -0.12964100 0.37235900
v 0.01135400 -0.12975300 0.37254300
v 0.01126200 -0.12964000 0.37277000
v 0.01057400 -0.12975000 0.37288400
v 0.01035600 -0.12963700 0.37315500
v 0.01035000 -0.12974800 0.37297900
v 0.00982000 -0.12974500 0.37319400
v 0.01391400 -0.12963700 0.37146400
v 0.01375400 -0.12974800 0.37136400
v 0.01425600 -0.12974400 0.37109100
v 0.01477200 -0.12963200 0.37098100
v 0.01441100 -0.12974300 0.37100500
v 0.01456600 -0.12974200 0.37091800
v 0.01472100 -0.12974000 0.37083000
v 0.01472100 -0.12974000 0.37083000
v 0.01487600 -0.12973800 0.37074100
v 0.01561300 -0.12972700 0.37030700
v 0.01559800 -0.12972800 0.37031500
v 0.01561300 -0.12972800 0.37030600
v 0.01601600 -0.12972100 0.37005700
v 0.01640000 -0.12971200 0.36981400
v 0.01561700 -0.12962400 0.37047400
v 0.01644600 -0.12971100 0.36978400
v 0.01644100 -0.12941900 0.37025100
v 0.01478900 -0.12941800 0.37133000
v 0.01306600 -0.12941800 0.37229100
v 0.01128000 -0.12941700 0.37313200
v 0.00944100 -0.12941700 0.37384700
v 0.00974500 -0.12963500 0.37339700
v 0.00943500 -0.12974100 0.37334500
v 0.00944200 -0.12974100 0.37334200
v -0.03334200 -0.10064100 0.34281200
v -0.03334600 -0.10050100 0.34295900
v -0.03351900 -0.09908700 0.34246000
v -0.03360500 -0.09820500 0.34243500
v -0.03361800 -0.09808700 0.34240900
v -0.03368800 -0.09753200 0.34210700
v -0.03368800 -0.09753200 0.34210700
v -0.03368800 -0.09753200 0.34210700
v -0.03365000 -0.09779200 0.34234200
v -0.03365000 -0.09779200 0.34234200
v -0.03370000 -0.09732100 0.34223600
v -0.03370000 -0.09732100 0.34223600
v -0.03376800 -0.09666800 0.34208800
v -0.03376800 -0.09666800 0.34208800
v -0.03384900 -0.09598100 0.34174200
v -0.03384900 -0.09598100 0.34174200
v -0.03385400 -0.09583300 0.34189700
v -0.03334800 -0.10036600 0.34310000
v -0.03352500 -0.09881500 0.34274900
v -0.03352500 -0.09881500 0.34274900
v -0.03334600 -0.10050100 0.34295900
v -0.03360500 -0.09820500 0.34243500
v -0.03361800 -0.09808700 0.34240900
v -0.03361800 -0.09808700 0.34240900
v -0.03369300 -0.09726200 0.34239700
v -0.03369300 -0.09726200 0.34239700
v -0.03369300 -0.09726200 0.34239700
v -0.03369300 -0.09726200 0.34239700
v -0.03365000 -0.09779200 0.34234200
v -0.03365000 -0.09779200 0.34234200
v -0.03370000 -0.09732100 0.34223600
v -0.03370000 -0.09732100 0.34223600
v -0.03376800 -0.09666800 0.34208800
v -0.03376800 -0.09666800 0.34208800
v -0.03376800 -0.09666800 0.34208800
v -0.03385200 -0.09570900 0.34204500
v -0.03385400 -0.09583300 0.34189700
v -0.03385200 -0.09570900 0.34204500
v -0.03369300 -0.09726200 0.34239700
v -0.03385600 -0.09539200 0.34245900
v -0.03369600 -0.09692900 0.34280400
v -0.03352500 -0.09881500 0.34274900
v -0.03353000 -0.09846500 0.34314800
v -0.03334800 -0.10036600 0.34310000
v -0.03334900 -0.10024400 0.34323100
v -0.03335000 -0.10012200 0.34336100
v -0.03335100 -0.10000000 0.34349100
v -0.01201600 -0.12800300 0.31413800
v -0.01125100 -0.12737600 0.31325700
v -0.01138600 -0.12821000 0.31392100
v -0.00947800 -0.12792800 0.31274700
v -0.00854200 -0.12899500 0.31309800
v -0.00765600 -0.12838900 0.31232200
v -0.00657300 -0.12939800 0.31267500
v -0.00579400 -0.12875300 0.31198600
v -0.00481100 -0.12966600 0.31239500
v -0.00390000 -0.12901600 0.31174400
v -0.00315100 -0.12984100 0.31221200
v -0.00198600 -0.12917600 0.31159700
v -0.00006100 -0.12951300 0.31175500
v -0.00006100 -0.12905800 0.31143100
v -0.00198800 -0.12910500 0.31154700
v -0.00006200 -0.12860500 0.31110500
v -0.00223300 -0.12853400 0.31116800
v -0.00390500 -0.12894500 0.31169400
v -0.00438800 -0.12832700 0.31135300
v -0.00580000 -0.12868100 0.31193700
v -0.00651300 -0.12798800 0.31165700
v -0.00766500 -0.12831500 0.31227300
v -0.00859100 -0.12751500 0.31208400
v -0.00948800 -0.12785300 0.31269900
v -0.01027600 -0.12703100 0.31252200
v -0.01126300 -0.12729800 0.31320900
v -0.01193000 -0.12647000 0.31302800
v -0.01298400 -0.12665800 0.31379900
v -0.01468500 -0.12531500 0.31406900
v -0.01464500 -0.12593700 0.31446300
v -0.01570800 -0.12480800 0.31452600
v -0.01623900 -0.12514300 0.31519600
v -0.01776400 -0.12428300 0.31599200
v -0.01774700 -0.12437200 0.31603700
v -0.02058700 -0.12247700 0.31779900
v -0.02036300 -0.12363600 0.31831800
v -0.02290800 -0.12163400 0.32026400
v -0.02124200 -0.12324700 0.31912300
v -0.02250300 -0.12228300 0.32013400
v -0.01273800 -0.12774900 0.31440500
v -0.01280800 -0.12769200 0.31440900
v -0.01297100 -0.12673800 0.31384600
v -0.01354700 -0.12744300 0.31472500
v -0.01445000 -0.12700900 0.31506400
v -0.01463000 -0.12602000 0.31450900
v -0.01443700 -0.12708100 0.31510500
v -0.01561100 -0.12655800 0.31565100
v -0.01602900 -0.12625700 0.31578700
v -0.01688000 -0.12593400 0.31630400
v -0.01754100 -0.12544000 0.31657300
v -0.01822700 -0.12519900 0.31707400
v -0.01963600 -0.12434400 0.31797200
v -0.01997500 -0.12412400 0.31820300
v -0.02333400 -0.12159000 0.32085900
v -0.02516700 -0.11947400 0.32237800
v -0.02314300 -0.12037600 0.31976000
v -0.02540800 -0.11811000 0.32188500
v -0.02316300 -0.12027000 0.31971800
v -0.02542800 -0.11799500 0.32184400
v -0.02354000 -0.11921900 0.31958300
v -0.02547500 -0.11721000 0.32141100
v -0.02671200 -0.11572900 0.32276100
v -0.02677600 -0.11640500 0.32333500
v -0.02799800 -0.11476400 0.32487900
v -0.02797800 -0.11489200 0.32492000
v -0.02907500 -0.11321500 0.32651200
v -0.02883500 -0.11480700 0.32699700
v -0.02981100 -0.11317300 0.32863200
v -0.02938500 -0.11447800 0.32831200
v -0.03062100 -0.11220100 0.33069900
v -0.02507700 -0.11996800 0.32255800
v -0.02651400 -0.11796400 0.32386400
v -0.02675600 -0.11652500 0.32337600
v -0.02638200 -0.11857200 0.32402100
v -0.02773600 -0.11640600 0.32540600
v -0.02790600 -0.11668200 0.32600200
v -0.03162800 -0.10983600 0.33317600
v -0.03140400 -0.10983200 0.33201600
v -0.03066700 -0.11151300 0.33030700
v -0.03005000 -0.11150300 0.32814600
v -0.02909500 -0.11308100 0.32647100
v -0.02826000 -0.11359600 0.32471100
v -0.03172400 -0.10957000 0.33345400
v -0.03181800 -0.10930400 0.33373400
v -0.03228900 -0.10728500 0.33463700
v -0.03190900 -0.10903700 0.33401400
v -0.03250200 -0.10700700 0.33614100
v -0.03291500 -0.10473000 0.33732400
v -0.03291500 -0.10505000 0.33819200
v -0.03308700 -0.10392000 0.33937400
v -0.03327600 -0.10231300 0.33994400
v -0.03317000 -0.10322000 0.34010800
v -0.03327000 -0.10208900 0.34129400
v -0.03351900 -0.09908700 0.34246000
v -0.03331800 -0.10128200 0.34214100
v -0.03333700 -0.10080000 0.34264600
v -0.03334200 -0.10064100 0.34281200
v -0.03351900 -0.10012900 0.33942600
v -0.03368800 -0.09753200 0.34210700
v -0.03353800 -0.09994500 0.33938200
v -0.03384900 -0.09598100 0.34174200
v -0.03369000 -0.09849100 0.33903700
v -0.03371200 -0.09826500 0.33924900
v -0.03349600 -0.10000500 0.33747500
v -0.03342700 -0.10044500 0.33703900
v -0.03317100 -0.10248500 0.33677100
v -0.03339700 -0.10062600 0.33686100
v -0.03333800 -0.10096400 0.33652900
v -0.03331900 -0.10110400 0.33643100
v -0.03326800 -0.10134100 0.33616200
v -0.03318900 -0.10175000 0.33576700
v -0.03338300 -0.10070800 0.33677900
v -0.03308500 -0.10224400 0.33529200
v -0.03254300 -0.10517100 0.33409400
v -0.03315200 -0.10265900 0.33681400
v -0.03252400 -0.10533500 0.33413600
v -0.03278900 -0.10348700 0.33411100
v -0.03269000 -0.10386700 0.33376000
v -0.03247000 -0.10463500 0.33303000
v -0.03267300 -0.10392200 0.33370100
v -0.03238700 -0.10490900 0.33277300
v -0.03226900 -0.10528800 0.33241700
v -0.03222600 -0.10541800 0.33229500
v -0.03165800 -0.10784800 0.33148200
v -0.03172600 -0.10684700 0.33095800
v -0.03092300 -0.10961600 0.32977700
v -0.03076200 -0.10914100 0.32881800
v -0.03006900 -0.11136300 0.32810500
v -0.02960900 -0.11139400 0.32673300
v -0.02085100 -0.12153100 0.31748600
v -0.02060600 -0.12238000 0.31775600
v -0.01833600 -0.12329600 0.31589000
v -0.00006000 -0.12996800 0.31207900
v -0.00027500 -0.12996700 0.31207900
v -0.03163900 -0.10800200 0.33152300
v -0.03090400 -0.10976300 0.32981800
v -0.01622300 -0.12523000 0.31524200
v -0.03339900 -0.09540500 0.34174900
v -0.03385400 -0.09583300 0.34189700
v -0.03318600 -0.09520400 0.34168000
v -0.03275900 -0.09480500 0.34154200
v -0.03297300 -0.09500400 0.34161100
v -0.03385200 -0.09570900 0.34204500
v -0.03385600 -0.09539200 0.34245900
v -0.03276500 -0.09384500 0.34280900
v -0.03384500 -0.09462800 0.34360100
v -0.03275500 -0.09320400 0.34387500
v -0.03344900 -0.09337900 0.34530300
v -0.03309100 -0.09302500 0.34514900
v -0.03380700 -0.09373300 0.34545700
v -0.03273200 -0.09267100 0.34499500
v -0.03343600 -0.09559700 0.34159000
v -0.03343600 -0.09559700 0.34159000
v -0.03297300 -0.09500400 0.34161100
v -0.03297300 -0.09500400 0.34161100
v -0.03322900 -0.09540500 0.34151700
v -0.03322900 -0.09540500 0.34151700
v -0.03322900 -0.09540500 0.34151700
v -0.03275900 -0.09480500 0.34154200
v -0.03275400 -0.09495200 0.34136100
v -0.03364200 -0.09579000 0.34166200
v -0.03364200 -0.09579000 0.34166200
v -0.03318600 -0.09520400 0.34168000
v -0.03318600 -0.09520400 0.34168000
v -0.03339900 -0.09540500 0.34174900
v -0.03384900 -0.09598100 0.34174200
v -0.03385400 -0.09583300 0.34189700
v -0.01027600 -0.12703100 0.31252200
v -0.00940900 -0.12651000 0.31231600
v -0.00859100 -0.12751500 0.31208400
v -0.00760100 -0.12698100 0.31189100
v -0.00651300 -0.12798800 0.31165700
v -0.00575400 -0.12735600 0.31155400
v -0.00438800 -0.12832700 0.31135300
v -0.00387500 -0.12763000 0.31130800
v -0.00223300 -0.12853400 0.31116800
v -0.00197400 -0.12779700 0.31115700
v -0.00006200 -0.12860500 0.31110500
v -0.00005400 -0.12710400 0.31110500
v -0.00240900 -0.12701600 0.31118400
v -0.00559000 -0.12662300 0.31153800
v -0.01117100 -0.12594700 0.31282300
v -0.01193000 -0.12647000 0.31302800
v -0.01287700 -0.12529700 0.31340900
v -0.01468500 -0.12531500 0.31406900
v -0.01452100 -0.12456400 0.31407000
v -0.01570800 -0.12480800 0.31452600
v -0.01660500 -0.12347100 0.31505700
v -0.01833600 -0.12329600 0.31589000
v -0.01856600 -0.12226000 0.31615000
v -0.02085100 -0.12153100 0.31748600
v -0.02040200 -0.12094500 0.31734000
v -0.02211100 -0.11953600 0.31861600
v -0.02075800 -0.11972100 0.31776800
v -0.02335400 -0.11735500 0.31991500
v -0.02369200 -0.11804800 0.31996700
v -0.02356400 -0.11714000 0.32011000
v -0.02514300 -0.11649300 0.32138200
v -0.02481200 -0.11577600 0.32135200
v -0.02646700 -0.11488000 0.32285200
v -0.02667200 -0.11341300 0.32350900
v -0.02766600 -0.11321700 0.32437300
v -0.02824000 -0.11100000 0.32572300
v -0.02874300 -0.11151100 0.32593900
v -0.02870800 -0.11017800 0.32647900
v -0.02970000 -0.10977000 0.32754500
v -0.02997000 -0.10762600 0.32884200
v -0.03053900 -0.10800000 0.32918700
v -0.03079500 -0.10557100 0.33076100
v -0.03126200 -0.10621100 0.33085900
v -0.03134800 -0.10390100 0.33232400
v -0.03213300 -0.10348900 0.33341000
v -0.03196000 -0.10156400 0.33453200
v -0.03275500 -0.10075500 0.33602200
v -0.03228500 -0.09991700 0.33612700
v -0.03303900 -0.09895300 0.33781000
v -0.03251800 -0.09833900 0.33770600
v -0.03322100 -0.09718700 0.33964700
v -0.03274500 -0.09540500 0.34084500
v -0.03322900 -0.09540500 0.34151700
v -0.03274900 -0.09525300 0.34101700
v -0.03275200 -0.09510200 0.34118900
v -0.03275400 -0.09495200 0.34136100
v -0.02354000 -0.11921900 0.31958300
v -0.02547500 -0.11721000 0.32141100
v -0.02671200 -0.11572900 0.32276100
v -0.02826000 -0.11359600 0.32471100
v -0.02960900 -0.11139400 0.32673300
v -0.03076200 -0.10914100 0.32881800
v -0.03172600 -0.10684700 0.33095800
v -0.03222600 -0.10541800 0.33229500
v -0.03226900 -0.10528800 0.33241700
v -0.03238700 -0.10490900 0.33277300
v -0.03247000 -0.10463500 0.33303000
v -0.03267300 -0.10392200 0.33370100
v -0.03278900 -0.10348700 0.33411100
v -0.03308500 -0.10224400 0.33529200
v -0.03318900 -0.10175000 0.33576700
v -0.03326800 -0.10134100 0.33616200
v -0.03333800 -0.10096400 0.33652900
v -0.03338300 -0.10070800 0.33677900
v -0.03339700 -0.10062600 0.33686100
v -0.03342700 -0.10044500 0.33703900
v -0.03349600 -0.10000500 0.33747500
v -0.03371200 -0.09826500 0.33924900
v -0.03364200 -0.09579000 0.34166200
v -0.03343600 -0.09559700 0.34159000
v -0.03384900 -0.09598100 0.34174200
v -0.01933300 -0.12082300 0.31677200
v -0.01782200 -0.12186100 0.31583200
v -0.01683300 -0.12247600 0.31527700
v -0.01491500 -0.12353600 0.31432000
v -0.01188300 -0.12488800 0.31310100
v -0.01028900 -0.12545600 0.31258900
v -0.00864900 -0.12594700 0.31214800
v -0.01051300 -0.09193400 0.37572900
v -0.01048400 -0.09204800 0.37588000
v -0.01051000 -0.09194300 0.37673900
v -0.01051000 -0.09194300 0.37673900
v -0.01051000 -0.09194300 0.37673900
v -0.01045600 -0.09216300 0.37603000
v -0.01045600 -0.09216300 0.37603000
v -0.01042900 -0.09227100 0.37617300
v -0.01042900 -0.09227100 0.37617300
v -0.01040000 -0.09238900 0.37632800
v -0.01040000 -0.09238900 0.37632800
v -0.01040000 -0.09238900 0.37632800
v -0.01035500 -0.09257000 0.37646400
v -0.01035500 -0.09257000 0.37646400
v -0.01028900 -0.09283600 0.37635100
v -0.01051300 -0.09193400 0.37572900
v -0.01051000 -0.09194300 0.37673900
v -0.01049700 -0.09182800 0.37560400
v -0.01045700 -0.09150600 0.37653500
v -0.01048200 -0.09172200 0.37547800
v -0.01046700 -0.09161600 0.37535200
v -0.01045600 -0.09150500 0.37522800
v 0.01531600 -0.12991700 0.36760200
v 0.01529700 -0.12911700 0.36759400
v 0.01551200 -0.12991700 0.36661800
v 0.01549100 -0.12911700 0.36661800
v 0.01551200 -0.12991700 0.36661800
v 0.01549100 -0.12911700 0.36661800
v 0.01531600 -0.12991700 0.36563400
v 0.01529700 -0.12911700 0.36564200
v 0.01475900 -0.12991700 0.36480000
v 0.01474400 -0.12911700 0.36481500
v 0.01392500 -0.12991700 0.36424300
v 0.01391700 -0.12911700 0.36426200
v 0.01294100 -0.12991700 0.36404700
v 0.01294100 -0.12911700 0.36406800
v 0.01195700 -0.12991700 0.36424300
v 0.01196500 -0.12911700 0.36426200
v 0.01113800 -0.12911700 0.36481500
v 0.01474400 -0.12911700 0.36842100
v 0.01475900 -0.12991700 0.36843600
v 0.01391700 -0.12911700 0.36897400
v 0.01392500 -0.12991700 0.36899300
v 0.01294100 -0.12991700 0.36918900
v 0.01294100 -0.12911700 0.36916800
v 0.01195700 -0.12991700 0.36899300
v 0.01196500 -0.12911700 0.36897400
v 0.01112300 -0.12991700 0.36843600
v 0.01113800 -0.12911700 0.36842100
v 0.01056600 -0.12991700 0.36760200
v 0.01058500 -0.12911700 0.36759400
v 0.01037000 -0.12991700 0.36661800
v 0.01039100 -0.12911700 0.36661800
v 0.01056600 -0.12991700 0.36563400
v 0.01058500 -0.12911700 0.36564200
v 0.01112300 -0.12991700 0.36480000
v -0.01068700 -0.12991700 0.36760700
v -0.01070600 -0.12911700 0.36759800
v -0.01049100 -0.12991700 0.36662300
v -0.01051200 -0.12911700 0.36662300
v -0.01049100 -0.12991700 0.36662300
v -0.01051200 -0.12911700 0.36662300
v -0.01068700 -0.12991700 0.36563900
v -0.01070600 -0.12911700 0.36564700
v -0.01124400 -0.12991700 0.36480500
v -0.01125900 -0.12911700 0.36482000
v -0.01207800 -0.12991700 0.36424700
v -0.01208600 -0.12911700 0.36426700
v -0.01306200 -0.12991700 0.36405200
v -0.01306200 -0.12911700 0.36407300
v -0.01404600 -0.12991700 0.36424700
v -0.01403800 -0.12911700 0.36426700
v -0.01486500 -0.12911700 0.36482000
v -0.01125900 -0.12911700 0.36842600
v -0.01124400 -0.12991700 0.36844100
v -0.01208600 -0.12911700 0.36897900
v -0.01207800 -0.12991700 0.36899800
v -0.01306200 -0.12991700 0.36919400
v -0.01306200 -0.12911700 0.36917300
v -0.01404600 -0.12991700 0.36899800
v -0.01403800 -0.12911700 0.36897900
v -0.01488000 -0.12991700 0.36844100
v -0.01486500 -0.12911700 0.36842600
v -0.01543700 -0.12991700 0.36760700
v -0.01541800 -0.12911700 0.36759800
v -0.01563300 -0.12991700 0.36662300
v -0.01561200 -0.12911700 0.36662300
v -0.01543700 -0.12991700 0.36563900
v -0.01541800 -0.12911700 0.36564700
v -0.01488000 -0.12991700 0.36480500
v -0.00944400 -0.13679300 0.36634500
v -0.00954400 -0.13686500 0.36570900
v -0.00827400 -0.13670400 0.36687300
v -0.00825800 -0.13670300 0.36687900
v -0.00786100 -0.13686600 0.36591600
v -0.00630700 -0.13658900 0.36755000
v -0.00535300 -0.13672900 0.36672700
v -0.00424200 -0.13650400 0.36804100
v -0.00276900 -0.13664900 0.36722400
v -0.00234200 -0.13645600 0.36831700
v -0.00014100 -0.13662100 0.36739700
v -0.00014100 -0.13643600 0.36843100
v -0.00969300 -0.13696100 0.36526500
v -0.00984800 -0.13704700 0.36492900
v -0.00825200 -0.13732300 0.36468000
v -0.00836200 -0.13733200 0.36463100
v -0.00847200 -0.13734000 0.36458200
v -0.00858200 -0.13734900 0.36453200
v -0.00892800 -0.13737700 0.36436800
v -0.01025400 -0.13721800 0.36431200
v -0.00972500 -0.13744700 0.36395900
v -0.01063400 -0.13753800 0.36343600
v -0.01102000 -0.13739200 0.36361000
v -0.01150000 -0.13743200 0.36333400
v -0.01169600 -0.13766000 0.36274100
v -0.01199300 -0.13743500 0.36314400
v -0.01238300 -0.13741900 0.36304600
v -0.01306500 -0.13736900 0.36298400
v -0.01296300 -0.13737800 0.36298400
v -0.01347900 -0.13744700 0.36258000
v -0.01398000 -0.13752000 0.36215700
v -0.01379700 -0.13795500 0.36105000
v -0.01429000 -0.13767000 0.36154300
v -0.01473900 -0.13751000 0.36199200
v -0.01368600 -0.13732500 0.36304000
v -0.01428100 -0.13733200 0.36319400
v -0.01515200 -0.13746500 0.36240600
v -0.00630000 -0.13720000 0.36541900
v -0.00567600 -0.13716800 0.36560900
v -0.00529800 -0.13715100 0.36571500
v -0.00428300 -0.13711100 0.36596100
v -0.00222100 -0.13706000 0.36629800
v -0.00014100 -0.13704300 0.36641900
v -0.01051200 -0.12921500 0.32158800
v -0.01070600 -0.12921500 0.32256400
v -0.01070600 -0.12921500 0.32061200
v -0.01125900 -0.12921500 0.31978500
v -0.01125900 -0.12921500 0.32339100
v -0.01208600 -0.12921500 0.31923200
v -0.01208600 -0.12921500 0.32394400
v -0.01306200 -0.12921500 0.31903800
v -0.01306200 -0.12921500 0.32413800
v -0.01403800 -0.12921500 0.31923200
v -0.01403800 -0.12921500 0.32394400
v -0.01486500 -0.12921500 0.31978500
v -0.01486500 -0.12921500 0.32339100
v -0.01541800 -0.12921500 0.32061200
v -0.01541800 -0.12921500 0.32256400
v -0.01561200 -0.12921500 0.32158800
v -0.00473400 -0.13866700 0.36303700
v -0.00520000 -0.13866000 0.36295500
v -0.00473600 -0.13869600 0.36302400
v -0.00519800 -0.13867000 0.36294700
v -0.00520400 -0.13870600 0.36291900
v -0.00520200 -0.13868300 0.36293400
v -0.00473400 -0.13864500 0.36306400
v -0.00522100 -0.13865100 0.36295500
v -0.00521000 -0.13865300 0.36295700
v -0.00520300 -0.13865600 0.36295700
v -0.00525000 -0.13864900 0.36294800
v -0.00527500 -0.13877700 0.36279600
v -0.00520400 -0.13870600 0.36291900
v -0.00529700 -0.13874000 0.36279700
v -0.00520200 -0.13868300 0.36293400
v -0.00519800 -0.13867000 0.36294700
v -0.00520000 -0.13866000 0.36295500
v -0.00520300 -0.13865600 0.36295700
v -0.00521000 -0.13865300 0.36295700
v -0.00522100 -0.13865100 0.36295500
v -0.00525000 -0.13864900 0.36294800
v -0.00533600 -0.13872600 0.36277900
v -0.00532200 -0.13882700 0.36262300
v -0.00528900 -0.13886900 0.36264700
v -0.00537400 -0.13880700 0.36261000
v -0.00537100 -0.14173300 0.35575900
v -0.00534000 -0.14127200 0.35706700
v -0.00537100 -0.14122400 0.35715500
v -0.00534000 -0.14095900 0.35787500
v -0.00537100 -0.14064400 0.35861600
v -0.00534000 -0.14029400 0.35947700
v -0.00537100 -0.14008600 0.35991400
v -0.00534000 -0.13994200 0.36027000
v -0.00534000 -0.13939200 0.36144800
v -0.00531100 -0.13941100 0.36145700
v -0.00530700 -0.13921800 0.36185600
v -0.00528700 -0.13929500 0.36178600
v -0.00528700 -0.13901100 0.36236100
v -0.00537100 -0.14220300 0.35435400
v -0.00534000 -0.14199700 0.35502400
v -0.00534000 -0.14185900 0.35543500
v -0.00531100 -0.14129200 0.35707400
v -0.00531100 -0.14097800 0.35788300
v -0.00528600 -0.14140800 0.35687400
v -0.00528600 -0.14041100 0.35935500
v -0.00534000 -0.14226400 0.35419900
v -0.00537400 -0.14232300 0.35397500
v -0.00534000 -0.14236000 0.35388800
v -0.00537300 -0.14242400 0.35364700
v -0.00533800 -0.14247300 0.35349600
v -0.00524000 -0.14252800 0.35334300
v -0.00528600 -0.14250000 0.35344900
v -0.00533500 -0.14245400 0.35358200
v -0.00531100 -0.14238000 0.35389400
v -0.00531100 -0.14228400 0.35420500
v -0.00528600 -0.14229700 0.35428900
v -0.00531100 -0.14201700 0.35503000
v -0.00531100 -0.14187900 0.35544100
v -0.00518800 -0.14254000 0.35335300
v -0.00520700 -0.14253800 0.35331900
v -0.00489500 -0.14258400 0.35326500
v -0.00498900 -0.14257600 0.35326300
v -0.00507100 -0.14256600 0.35327000
v -0.00514300 -0.14255400 0.35328800
v -0.00489700 -0.14258100 0.35330800
v -0.00490100 -0.14259400 0.35334400
v -0.00517100 -0.14255900 0.35339000
v -0.00490700 -0.14264400 0.35338700
v -0.00517000 -0.14259800 0.35342900
v -0.00526000 -0.14252000 0.35347200
v -0.00525100 -0.14255100 0.35351400
v -0.00530600 -0.14247400 0.35359200
v -0.00528500 -0.14249900 0.35363700
v -0.00528600 -0.14240000 0.35396000
v -0.00531100 -0.13996100 0.36027800
v -0.00531100 -0.14031300 0.35948500
v -0.00528900 -0.13886900 0.36264700
v -0.00532200 -0.13882700 0.36262300
v -0.00533600 -0.13919900 0.36184800
v -0.00537400 -0.13880700 0.36261000
v -0.00264900 -0.14278800 0.35344500
v -0.00391400 -0.14271800 0.35341700
v -0.00490100 -0.14259400 0.35334400
v -0.00424500 -0.14269600 0.35340800
v -0.00457600 -0.14267100 0.35339800
v -0.00490700 -0.14264400 0.35338700
v -0.00011600 -0.14280300 0.35343900
v -0.00489700 -0.14258100 0.35330800
v -0.00011600 -0.14278000 0.35339500
v -0.00370500 -0.14267000 0.35330000
v -0.00011600 -0.14278200 0.35334500
v -0.00489500 -0.14258400 0.35326500
v -0.00474900 -0.14259600 0.35327100
v -0.00430100 -0.14263000 0.35328400
v -0.00011600 -0.14284400 0.35346700
v -0.00138300 -0.14283000 0.35346100
v 0.00338300 -0.14076400 0.35908700
v 0.00310100 -0.14062300 0.35946800
v 0.00337100 -0.14074200 0.35909500
v 0.00309700 -0.14060700 0.35946100
v 0.00309000 -0.14059700 0.35945300
v 0.00336300 -0.14073200 0.35908700
v 0.00308200 -0.14059300 0.35944300
v 0.00335200 -0.14072800 0.35907900
v 0.00307300 -0.14059800 0.35943300
v 0.00334800 -0.14074000 0.35906100
v 0.00342100 -0.14081600 0.35886400
v 0.00348300 -0.14091800 0.35860500
v 0.00349200 -0.14092500 0.35860900
v 0.00350500 -0.14095000 0.35861900
v 0.00346100 -0.14084300 0.35888600
v 0.00346000 -0.14092200 0.35860000
v 0.00347200 -0.14091600 0.35860100
v 0.00278500 -0.14206900 0.35565400
v 0.00249100 -0.14212300 0.35554700
v 0.00258500 -0.14212100 0.35555400
v 0.00213800 -0.14215300 0.35551100
v 0.00214500 -0.14217700 0.35548000
v 0.00215200 -0.14221400 0.35546100
v 0.00259600 -0.14214900 0.35553300
v 0.00259300 -0.14213900 0.35553900
v 0.00314900 -0.14196700 0.35590200
v 0.00304300 -0.14199500 0.35582600
v 0.00331800 -0.14186000 0.35616000
v 0.00345100 -0.14174500 0.35647000
v 0.00344800 -0.14170600 0.35656700
v 0.00347300 -0.14168700 0.35662300
v 0.00345700 -0.14165500 0.35670400
v 0.00348000 -0.14163000 0.35677700
v 0.00345900 -0.14151400 0.35708700
v 0.00347900 -0.14151500 0.35708400
v 0.00347700 -0.14134000 0.35754400
v 0.00349500 -0.14152800 0.35708200
v 0.00349100 -0.14135300 0.35754400
v 0.00350100 -0.14153700 0.35708000
v 0.00349600 -0.14136100 0.35754400
v 0.00350200 -0.14139700 0.35749700
v 0.00350700 -0.14123300 0.35791600
v 0.00232000 -0.14220300 0.35547100
v 0.00254800 -0.14217800 0.35551100
v 0.00265600 -0.14216000 0.35554500
v 0.00291400 -0.14210200 0.35567100
v 0.00316500 -0.14199300 0.35588700
v 0.00316100 -0.14198400 0.35589100
v 0.00346500 -0.14176000 0.35646400
v 0.00337100 -0.14190000 0.35616200
v 0.00346900 -0.14176900 0.35646100
v 0.00348700 -0.14170200 0.35661700
v 0.00342400 -0.14185400 0.35628200
v 0.00345400 -0.14181900 0.35637400
v 0.00348400 -0.14177000 0.35650300
v 0.00349200 -0.14171100 0.35661500
v 0.00349900 -0.14172900 0.35661100
v 0.00350200 -0.14165200 0.35677000
v 0.00351000 -0.14156500 0.35705300
v 0.00349200 -0.14092500 0.35860900
v 0.00350700 -0.14106500 0.35833500
v 0.00350500 -0.14095000 0.35861900
v 0.00348300 -0.14091800 0.35860500
v 0.00347200 -0.14091600 0.35860100
v 0.00346000 -0.14092200 0.35860000
v 0.00346000 -0.14125400 0.35777000
v 0.00349600 -0.14164400 0.35677200
v 0.00474800 -0.14282800 0.35345300
v 0.00209700 -0.14246300 0.35520300
v -0.00011600 -0.14303200 0.35353500
v -0.00012100 -0.14252300 0.35516900
v -0.00173000 -0.14249200 0.35518700
v -0.00012200 -0.14234500 0.35570200
v -0.00045100 -0.14222900 0.35603500
v 0.00486600 -0.14281100 0.35347300
v 0.00495300 -0.14278000 0.35354800
v 0.00495300 -0.14278000 0.35354800
v 0.00497500 -0.14256700 0.35424200
v 0.00431100 -0.14228500 0.35530600
v 0.00497500 -0.14195300 0.35609100
v 0.00407300 -0.14189400 0.35649000
v 0.00380300 -0.14147900 0.35766000
v 0.00356500 -0.14178700 0.35689200
v 0.00355300 -0.14155600 0.35751200
v 0.00355900 -0.14137000 0.35799200
v 0.00355500 -0.14109200 0.35868100
v 0.00497500 -0.14052700 0.35971500
v 0.00318600 -0.14057800 0.35995800
v 0.00481400 -0.14033000 0.36020000
v 0.00372100 -0.13938500 0.36242300
v 0.00497500 -0.13929400 0.36236300
v 0.00497700 -0.13918500 0.36258000
v 0.00497100 -0.13910000 0.36275000
v 0.00460600 -0.13905700 0.36290800
v 0.00216600 -0.13921500 0.36297300
v 0.00495700 -0.13907800 0.36279600
v 0.00487900 -0.13904700 0.36287300
v 0.00487900 -0.13904700 0.36287300
v 0.00475700 -0.13904400 0.36290600
v -0.00027800 -0.13926400 0.36299300
v 0.00116300 -0.13971600 0.36204500
v 0.00245200 -0.13959100 0.36218800
v -0.00272200 -0.13920100 0.36296800
v -0.00198300 -0.13967100 0.36209700
v -0.00105300 -0.13973600 0.36202300
v -0.00012200 -0.13975800 0.36199800
v -0.00068100 -0.14012900 0.36120700
v -0.00030400 -0.14013200 0.36120800
v -0.00394200 -0.13912700 0.36294200
v -0.00337300 -0.13949200 0.36230200
v -0.00291000 -0.13956300 0.36222100
v -0.00370100 -0.14054400 0.35999200
v -0.00244000 -0.14067000 0.35988300
v -0.00288000 -0.14068000 0.35980500
v -0.00326900 -0.14074900 0.35959100
v -0.00355900 -0.14085700 0.35928900
v -0.00429700 -0.14045900 0.36007500
v -0.00374700 -0.14100900 0.35889400
v -0.00520600 -0.14126000 0.35794900
v -0.00438100 -0.14143900 0.35769200
v -0.00509300 -0.14134300 0.35776700
v -0.00467300 -0.14185200 0.35651800
v -0.00520600 -0.14220900 0.35535000
v -0.00493100 -0.14224200 0.35533100
v -0.00520600 -0.14252600 0.35437700
v -0.00520900 -0.14271100 0.35377500
v -0.00383400 -0.13941100 0.36239500
v -0.00455100 -0.13908000 0.36292700
v -0.00520000 -0.13910500 0.36274500
v -0.00485500 -0.13905500 0.36291600
v -0.00504800 -0.13904300 0.36290000
v -0.00504800 -0.13904300 0.36290000
v -0.00514700 -0.13905600 0.36285200
v -0.00514700 -0.13905600 0.36285200
v -0.00516100 -0.13905900 0.36284100
v -0.00520400 -0.13919300 0.36256700
v -0.00520600 -0.13975100 0.36142500
v -0.00489000 -0.14036100 0.36017000
v -0.00520600 -0.14028000 0.36027700
v -0.00520700 -0.14275700 0.35362200
v -0.00513900 -0.14280200 0.35349200
v -0.00483300 -0.14284100 0.35346000
v -0.00474300 -0.14226400 0.35531800
v -0.00333600 -0.14239800 0.35524100
v -0.00379200 -0.14232000 0.35538200
v -0.00341500 -0.14234300 0.35539200
v -0.00303800 -0.14236300 0.35540000
v -0.00266100 -0.14238100 0.35540700
v -0.00164400 -0.14209500 0.35635200
v -0.00063500 -0.14208000 0.35645400
v -0.00518600 -0.14278100 0.35355000
v -0.00379200 -0.14198400 0.35635400
v -0.00444500 -0.14187900 0.35650000
v -0.00379100 -0.14169100 0.35715500
v -0.00411900 -0.14147100 0.35766700
v -0.00379300 -0.14135300 0.35803200
v -0.00379100 -0.14148800 0.35768800
v -0.00068100 -0.14071000 0.35991600
v 0.00007300 -0.14013200 0.36120800
v 0.00045000 -0.14012900 0.36120700
v 0.00234500 -0.14066700 0.35987400
v 0.00045000 -0.14070900 0.35991600
v 0.00276800 -0.14069400 0.35975600
v 0.00317300 -0.14078900 0.35947300
v 0.00343500 -0.14092400 0.35910900
v 0.00349800 -0.14199300 0.35633800
v 0.00319300 -0.14219200 0.35583000
v 0.00268200 -0.14233600 0.35549700
v 0.00215200 -0.14239100 0.35540800
v 0.00169800 -0.14241100 0.35541000
v 0.00124300 -0.14242300 0.35541600
v 0.00078900 -0.14243000 0.35542400
v 0.00016100 -0.14239900 0.35553800
v -0.00068300 -0.14190200 0.35694100
v -0.00154600 -0.14167300 0.35750800
v -0.00266100 -0.14173900 0.35721600
v -0.00266100 -0.14139400 0.35811200
v -0.00164800 -0.14113200 0.35886700
v -0.00213100 -0.14111600 0.35886200
v -0.00068200 -0.14179700 0.35722700
v -0.00067700 -0.14163000 0.35766800
v -0.00068100 -0.14145000 0.35813000
v -0.00068100 -0.14115000 0.35887400
v -0.00237300 -0.14110700 0.35885800
v -0.00266300 -0.14121600 0.35855700
v -0.00259100 -0.14113500 0.35876500
v -0.00264800 -0.14117100 0.35866800
v -0.00249200 -0.14111200 0.35883300
v 0.00355500 -0.14109200 0.35868100
v 0.00350500 -0.14095000 0.35861900
v 0.00355900 -0.14137000 0.35799200
v 0.00350700 -0.14123300 0.35791600
v 0.00350500 -0.14141000 0.35748600
v 0.00350200 -0.14139700 0.35749700
v 0.00351000 -0.14156500 0.35705300
v 0.00350700 -0.14106500 0.35833500
v 0.00349900 -0.14172900 0.35661100
v 0.00351100 -0.14169600 0.35672100
v 0.00356500 -0.14178700 0.35689200
v 0.00355300 -0.14155600 0.35751200
v 0.00348400 -0.14177000 0.35650300
v 0.00344800 -0.14183700 0.35634600
v 0.00349800 -0.14199300 0.35633800
v 0.00337100 -0.14190000 0.35616200
v 0.00314800 -0.14203000 0.35585600
v 0.00291400 -0.14210200 0.35567100
v 0.00319300 -0.14219200 0.35583000
v 0.00268200 -0.14233600 0.35549700
v 0.00264500 -0.14216900 0.35553900
v 0.00215200 -0.14233200 0.35542500
v 0.00215200 -0.14227300 0.35544300
v 0.00232000 -0.14220300 0.35547100
v 0.00215200 -0.14221400 0.35546100
v 0.00345400 -0.14181900 0.35637400
v 0.00342400 -0.14185400 0.35628200
v 0.00265600 -0.14216000 0.35554500
v 0.00254800 -0.14217800 0.35551100
v 0.00215200 -0.14239100 0.35540800
v 0.00346100 -0.14084300 0.35888600
v 0.00340400 -0.14078800 0.35905400
v 0.00338300 -0.14076400 0.35908700
v 0.00314800 -0.14064900 0.35942700
v 0.00310100 -0.14062300 0.35946800
v 0.00292000 -0.14057300 0.35961000
v 0.00276800 -0.14069400 0.35975600
v 0.00262500 -0.14053900 0.35976100
v 0.00234500 -0.14066700 0.35987400
v 0.00231600 -0.14052700 0.35982700
v 0.00212600 -0.14052300 0.35983600
v 0.00274900 -0.14054300 0.35970600
v 0.00350500 -0.14095000 0.35861900
v 0.00355500 -0.14109200 0.35868100
v 0.00343500 -0.14092400 0.35910900
v 0.00317300 -0.14078900 0.35947300
v 0.00045000 -0.14070900 0.35991600
v 0.00104500 -0.14056200 0.35986300
v 0.00150600 -0.14054000 0.35985600
v 0.00043300 -0.14065800 0.35989800
v 0.00041600 -0.14060700 0.35987900
v 0.00040500 -0.14055900 0.35986300
v 0.00281300 -0.14055300 0.35967400
v 0.00275200 -0.14052400 0.35965600
v 0.00279500 -0.14052900 0.35963400
v 0.00269600 -0.14051000 0.35969500
v 0.00290000 -0.14054700 0.35957200
v 0.00308200 -0.14059300 0.35944300
v 0.00296100 -0.14056200 0.35952900
v 0.00301900 -0.14057800 0.35948200
v 0.00307300 -0.14059800 0.35943300
v 0.00270400 -0.14051300 0.35970500
v 0.00309000 -0.14059700 0.35945300
v 0.00271400 -0.14052400 0.35971500
v 0.00309700 -0.14060700 0.35946100
v 0.00292000 -0.14057300 0.35961000
v 0.00310100 -0.14062300 0.35946800
v 0.00281300 -0.14055300 0.35967400
v 0.00274900 -0.14054300 0.35970600
v 0.00226300 -0.14050400 0.35982600
v 0.00212600 -0.14052300 0.35983600
v 0.00205900 -0.14050600 0.35984400
v 0.00178700 -0.14051400 0.35985100
v 0.00177400 -0.14050400 0.35984100
v 0.00036700 -0.14053500 0.35983500
v 0.00102100 -0.14052900 0.35981200
v 0.00063500 -0.14053500 0.35981500
v 0.00036100 -0.14053800 0.35981600
v 0.00040400 -0.14053800 0.35981600
v 0.00150600 -0.14054000 0.35985600
v 0.00038500 -0.14054100 0.35985500
v 0.00037300 -0.14053600 0.35984600
v 0.00040500 -0.14055900 0.35986300
v 0.00176500 -0.14050200 0.35982900
v 0.00131500 -0.14052200 0.35981000
v 0.00156900 -0.14051300 0.35981200
v 0.00223100 -0.14049200 0.35979700
v 0.00203900 -0.14049200 0.35982500
v 0.00204700 -0.14049600 0.35983600
v 0.00225100 -0.14049300 0.35981800
v 0.00224300 -0.14048900 0.35980800
v 0.00039400 -0.14016400 0.36071800
v 0.00039400 -0.14016400 0.36071800
v 0.00039400 -0.13997100 0.36114900
v 0.00039400 -0.13997100 0.36114900
v 0.00035700 -0.14015100 0.36067900
v 0.00035700 -0.14015100 0.36067900
v 0.00035700 -0.14015100 0.36067900
v 0.00037100 -0.13996100 0.36112700
v 0.00037100 -0.13996100 0.36112700
v 0.00034900 -0.13995200 0.36110800
v 0.00036100 -0.14034700 0.36024800
v 0.00036100 -0.14034700 0.36024800
v 0.00036100 -0.14034700 0.36024800
v 0.00036100 -0.14034700 0.36024800
v 0.00039600 -0.14035800 0.36028900
v 0.00039600 -0.14035800 0.36028900
v 0.00036700 -0.14053500 0.35983500
v 0.00036700 -0.14053500 0.35983500
v 0.00037300 -0.14053600 0.35984600
v 0.00037300 -0.14053600 0.35984600
v 0.00036100 -0.14053800 0.35981600
v 0.00038500 -0.14054100 0.35985500
v 0.00038500 -0.14054100 0.35985500
v 0.00040500 -0.14055900 0.35986300
v -0.00062300 -0.13998100 0.36112200
v -0.00062500 -0.14055800 0.35986100
v -0.00058900 -0.14052500 0.35984700
v -0.00059900 -0.14053700 0.35984000
v -0.00059900 -0.14053700 0.35984000
v -0.00059300 -0.14053600 0.35983100
v -0.00059000 -0.14054000 0.35981700
v -0.00058600 -0.13995200 0.36110800
v -0.00059800 -0.13995800 0.36112100
v -0.00061100 -0.13996400 0.36113300
v -0.00062400 -0.13997100 0.36114900
v -0.00062400 -0.13997100 0.36114900
v -0.00061100 -0.13996400 0.36113300
v -0.00061100 -0.13996400 0.36113300
v -0.00058600 -0.13997300 0.36115100
v 0.00034900 -0.13997300 0.36115100
v 0.00034900 -0.13997300 0.36115100
v 0.00034900 -0.13997300 0.36115100
v 0.00037100 -0.13996100 0.36112700
v 0.00037100 -0.13996100 0.36112700
v 0.00039400 -0.13997100 0.36114900
v -0.00059800 -0.13995800 0.36112100
v -0.00027400 -0.13995300 0.36111000
v 0.00003700 -0.13995300 0.36111000
v 0.00003700 -0.13995300 0.36111000
v -0.00058600 -0.13995200 0.36110800
v 0.00034900 -0.13995200 0.36110800
v -0.00374000 -0.14214400 0.35543600
v -0.00373100 -0.14212100 0.35544700
v -0.00374000 -0.14191900 0.35608300
v -0.00372900 -0.14151100 0.35714200
v -0.00374100 -0.14173100 0.35660700
v -0.00373600 -0.14152100 0.35714200
v -0.00374000 -0.14153800 0.35712700
v -0.00373500 -0.14141400 0.35742500
v -0.00373900 -0.14131300 0.35771400
v -0.00373500 -0.14119300 0.35798800
v -0.00374600 -0.14107400 0.35831300
v -0.00373700 -0.14096500 0.35855100
v -0.00367100 -0.14081800 0.35895000
v -0.00370100 -0.14085400 0.35882900
v -0.00353500 -0.14070200 0.35922100
v -0.00353100 -0.14069300 0.35921700
v -0.00323200 -0.14057600 0.35953900
v -0.00322400 -0.14056700 0.35953000
v -0.00283000 -0.14050300 0.35973800
v -0.00282200 -0.14050200 0.35972400
v -0.00238400 -0.14048900 0.35980800
v -0.00265000 -0.14049200 0.35976700
v -0.00245900 -0.14049000 0.35979600
v -0.00371700 -0.14210100 0.35546400
v -0.00371700 -0.14149800 0.35714100
v -0.00371600 -0.14139100 0.35742200
v -0.00370000 -0.14138600 0.35742100
v -0.00369900 -0.14116700 0.35797900
v -0.00369300 -0.14104500 0.35829800
v -0.00370200 -0.14094200 0.35853700
v -0.00369000 -0.14094500 0.35853500
v -0.00365800 -0.14083400 0.35880800
v -0.00361100 -0.14079400 0.35892700
v -0.00349900 -0.14068400 0.35919500
v -0.00327400 -0.14058800 0.35946100
v -0.00350800 -0.14068100 0.35920000
v -0.00321300 -0.14056500 0.35951900
v -0.00352100 -0.14068300 0.35920900
v -0.00369900 -0.14208500 0.35548700
v -0.00369200 -0.14191400 0.35598300
v -0.00369200 -0.14182600 0.35623000
v -0.00369200 -0.14173100 0.35649500
v -0.00369200 -0.14163500 0.35676000
v -0.00369200 -0.14200000 0.35573600
v -0.00369600 -0.14208400 0.35549000
v -0.00369200 -0.14208600 0.35548700
v -0.00370000 -0.14149200 0.35714000
v -0.00369200 -0.14153800 0.35702400
v -0.00324400 -0.14057700 0.35948500
v -0.00303300 -0.14053000 0.35962600
v -0.00283400 -0.14050400 0.35971400
v -0.00321400 -0.14056900 0.35950900
v -0.00228300 -0.14049400 0.35980600
v -0.00210700 -0.14050100 0.35981000
v -0.00178700 -0.14051200 0.35981600
v -0.00183100 -0.14051300 0.35980900
v -0.00168900 -0.14051800 0.35980800
v -0.00155500 -0.14052200 0.35980900
v -0.00148600 -0.14052100 0.35981800
v -0.00178700 -0.14051100 0.35983300
v -0.00148600 -0.14052100 0.35983400
v -0.00178700 -0.14051900 0.35984500
v -0.00148600 -0.14052900 0.35984700
v -0.00178700 -0.14052800 0.35985200
v -0.00148600 -0.14053800 0.35985400
v -0.00165200 -0.14054300 0.35985700
v -0.00156100 -0.14054600 0.35985700
v -0.00155600 -0.14054600 0.35985700
v -0.00146600 -0.14054800 0.35985900
v -0.00139800 -0.14054900 0.35986000
v -0.00089000 -0.14055200 0.35986100
v -0.00120800 -0.14055400 0.35986000
v -0.00101900 -0.14055900 0.35986100
v -0.00082800 -0.14056100 0.35986200
v -0.00073300 -0.14056200 0.35986300
v -0.00062500 -0.14055800 0.35986100
v -0.00063800 -0.14056300 0.35986300
v -0.00139700 -0.14052600 0.35981200
v -0.00087000 -0.14053500 0.35982500
v -0.00087400 -0.14053700 0.35984400
v -0.00088300 -0.14054500 0.35985700
v -0.00063800 -0.14053900 0.35981600
v -0.00059000 -0.14054000 0.35981700
v -0.00059300 -0.14053600 0.35983100
v -0.00062500 -0.14053900 0.35981600
v -0.00059900 -0.14053700 0.35984000
v -0.00167000 -0.14054200 0.35985600
v -0.00169000 -0.14054300 0.35985400
v -0.00175800 -0.14054100 0.35985200
v -0.00183300 -0.14053900 0.35985100
v -0.00210800 -0.14052900 0.35985000
v -0.00239700 -0.14050700 0.35983900
v -0.00235300 -0.14051900 0.35984500
v -0.00244100 -0.14051700 0.35984000
v -0.00197500 -0.14053400 0.35984900
v -0.00259100 -0.14051600 0.35982200
v -0.00284200 -0.14052000 0.35975200
v -0.00239400 -0.14049900 0.35983400
v -0.00283700 -0.14051200 0.35974800
v -0.00238900 -0.14049000 0.35982300
v -0.00284700 -0.14052900 0.35975800
v -0.00313600 -0.14056900 0.35962300
v -0.00323700 -0.14058500 0.35954300
v -0.00323800 -0.14059500 0.35954800
v -0.00326900 -0.14060300 0.35952400
v -0.00329900 -0.14061200 0.35949800
v -0.00372900 -0.14140300 0.35742400
v -0.00372900 -0.14118300 0.35798600
v -0.00371600 -0.14117100 0.35798200
v -0.00373100 -0.14095600 0.35854700
v -0.00371900 -0.14094500 0.35854100
v -0.00369600 -0.14084400 0.35882500
v -0.00368500 -0.14083400 0.35881800
v -0.00366900 -0.14083200 0.35881200
v -0.00051400 -0.14199100 0.35625200
v -0.00010100 -0.14216900 0.35574900
v -0.00031500 -0.14208400 0.35595300
v -0.00009300 -0.14214000 0.35576000
v -0.00030400 -0.14205700 0.35596500
v -0.00007900 -0.14211700 0.35577700
v -0.00016900 -0.14208300 0.35586500
v -0.00013700 -0.14209100 0.35583700
v -0.00010400 -0.14210000 0.35581100
v -0.00007100 -0.14211000 0.35578700
v -0.00037000 -0.14200400 0.35609300
v -0.00049700 -0.14195000 0.35626600
v -0.00051000 -0.14197700 0.35625600
v -0.00060400 -0.14185400 0.35659800
v -0.00062900 -0.14175600 0.35689800
v -0.00062500 -0.14172800 0.35694100
v -0.00063200 -0.14169900 0.35705300
v -0.00062600 -0.14169500 0.35702800
v -0.00063100 -0.14164100 0.35720700
v -0.00062500 -0.14160000 0.35728200
v -0.00062400 -0.14156500 0.35737600
v -0.00060600 -0.14154000 0.35737800
v -0.00060100 -0.14146600 0.35759000
v -0.00056500 -0.14181600 0.35661600
v -0.00060700 -0.14157500 0.35728500
v -0.00060900 -0.14166900 0.35703300
v -0.00058900 -0.14182700 0.35660600
v -0.00062500 -0.14149700 0.35758700
v -0.00062800 -0.14157000 0.35739700
v -0.00060800 -0.14170200 0.35694600
v -0.00060100 -0.14146600 0.35759000
v -0.00059100 -0.14092400 0.35891200
v -0.00062700 -0.14095700 0.35892600
v -0.00060500 -0.14092400 0.35894500
v -0.00060500 -0.14092400 0.35894500
v -0.00059500 -0.14090800 0.35895900
v -0.00059500 -0.14090800 0.35895900
v -0.00059100 -0.14089800 0.35897500
v -0.00276100 -0.14176600 0.35656100
v -0.00273700 -0.14160500 0.35702300
v -0.00276100 -0.14157400 0.35708500
v -0.00273600 -0.14125000 0.35794700
v -0.00276100 -0.14124100 0.35795500
v -0.00273400 -0.14106700 0.35840600
v -0.00276200 -0.14105600 0.35841900
v -0.00275600 -0.14096200 0.35864900
v -0.00272900 -0.14097300 0.35863300
v -0.00264900 -0.14090500 0.35880900
v -0.00263600 -0.14093500 0.35879700
v -0.00246800 -0.14090200 0.35889600
v -0.00260900 -0.14094200 0.35881800
v -0.00248700 -0.14092100 0.35888600
v -0.00273700 -0.14188100 0.35626800
v -0.00276100 -0.14195300 0.35603500
v -0.00276000 -0.14213500 0.35551100
v -0.00276200 -0.14213500 0.35551100
v -0.00276100 -0.14213600 0.35550600
v -0.00275600 -0.14213600 0.35550900
v -0.00274200 -0.14214700 0.35549300
v -0.00271900 -0.14190600 0.35625900
v -0.00271300 -0.14220000 0.35545800
v -0.00271300 -0.14210300 0.35574100
v -0.00271300 -0.14215200 0.35560000
v -0.00271300 -0.14205400 0.35588200
v -0.00271300 -0.14193600 0.35621800
v -0.00271300 -0.14181600 0.35655400
v -0.00271300 -0.14168200 0.35691900
v -0.00271300 -0.14163500 0.35704400
v -0.00271900 -0.14162700 0.35702300
v -0.00271400 -0.14140500 0.35764800
v -0.00271900 -0.14127700 0.35793900
v -0.00271400 -0.14134700 0.35779900
v -0.00271400 -0.14128800 0.35794900
v -0.00271200 -0.14116800 0.35824900
v -0.00271800 -0.14109600 0.35839300
v -0.00271300 -0.14104900 0.35854400
v -0.00271000 -0.14100400 0.35861900
v -0.00268600 -0.14098900 0.35869100
v -0.00234300 -0.14091600 0.35891300
v -0.00205600 -0.14091200 0.35891900
v -0.00248000 -0.14087100 0.35891100
v -0.00206400 -0.14088200 0.35893600
v -0.00240900 -0.14085300 0.35895000
v -0.00207200 -0.14086500 0.35895800
v -0.00188800 -0.14087200 0.35896200
v -0.00147200 -0.14090100 0.35894500
v -0.00170400 -0.14087600 0.35896600
v -0.00133600 -0.14088600 0.35897000
v -0.00059500 -0.14090800 0.35895900
v -0.00096400 -0.14089300 0.35897300
v -0.00059100 -0.14089800 0.35897500
v -0.00205300 -0.14092900 0.35891400
v -0.00176400 -0.14093800 0.35891900
v -0.00147200 -0.14093000 0.35892800
v -0.00147400 -0.14094700 0.35892200
v -0.00126300 -0.14095200 0.35892400
v -0.00105200 -0.14095600 0.35892500
v -0.00084000 -0.14095900 0.35892700
v -0.00062700 -0.14095700 0.35892600
v -0.00060500 -0.14092400 0.35894500
v -0.00266000 -0.14088900 0.35883800
v -0.00339800 -0.14216300 0.35544400
v -0.00305500 -0.14218200 0.35545100
v -0.00374000 -0.14214400 0.35543600
v -0.00271300 -0.14220000 0.35545800
v -0.00373100 -0.14212100 0.35544700
v -0.00274200 -0.14214700 0.35549300
v -0.00371700 -0.14210100 0.35546400
v -0.00338200 -0.14210400 0.35549200
v -0.00369900 -0.14208500 0.35548700
v -0.00369200 -0.14208600 0.35548700
v -0.00369600 -0.14208400 0.35549000
v -0.00275600 -0.14213600 0.35550900
v -0.00276100 -0.14213600 0.35550600
v -0.00307200 -0.14212100 0.35549900
v -0.00276000 -0.14213500 0.35551100
v -0.00276200 -0.14213500 0.35551100
v 0.00039700 -0.14096200 0.35892700
v 0.00089700 -0.14095400 0.35892400
v 0.00038000 -0.14092000 0.35894400
v 0.00139600 -0.14092700 0.35892400
v 0.00139300 -0.14089700 0.35894100
v 0.00156300 -0.14092200 0.35892200
v 0.00156300 -0.14089200 0.35893900
v 0.00173000 -0.14091600 0.35892100
v 0.00173300 -0.14088600 0.35893700
v 0.00189600 -0.14091000 0.35891900
v 0.00190100 -0.14088000 0.35893300
v 0.00223000 -0.14090200 0.35890000
v 0.00224000 -0.14087000 0.35891500
v 0.00238300 -0.14090100 0.35883700
v 0.00240300 -0.14088000 0.35886200
v 0.00139600 -0.14094200 0.35892000
v 0.00189400 -0.14092500 0.35891500
v 0.00214500 -0.14091600 0.35891000
v 0.00237300 -0.14093900 0.35882500
v 0.00225900 -0.14085400 0.35893800
v 0.00209600 -0.14085400 0.35895800
v 0.00190600 -0.14086300 0.35895800
v 0.00112900 -0.14088600 0.35897000
v 0.00035000 -0.14089800 0.35897500
v 0.00039700 -0.14096200 0.35892700
v 0.00038000 -0.14092000 0.35894400
v 0.00039700 -0.14120300 0.35833500
v 0.00039800 -0.14143800 0.35774000
v 0.00038300 -0.14141700 0.35771500
v 0.00040000 -0.14166600 0.35714200
v 0.00038500 -0.14165100 0.35709600
v 0.00038300 -0.14176500 0.35678500
v 0.00037100 -0.14164300 0.35709100
v 0.00036800 -0.14175800 0.35677700
v 0.00035800 -0.14175800 0.35677300
v 0.00038700 -0.14180500 0.35664100
v 0.00035000 -0.14089800 0.35897500
v 0.00035000 -0.14106200 0.35857600
v 0.00036900 -0.14140700 0.35771700
v 0.00035000 -0.14122300 0.35817700
v 0.00035400 -0.14140200 0.35771900
v 0.00035000 -0.14153400 0.35737400
v 0.00035500 -0.14164200 0.35708900
v 0.00034700 -0.14161100 0.35717000
v 0.00034500 -0.14167300 0.35700300
v 0.00048400 -0.14186000 0.35648600
v 0.00048300 -0.14186000 0.35649100
v 0.00040500 -0.14181500 0.35662400
v 0.00041700 -0.14182200 0.35663300
v 0.00048100 -0.14188000 0.35655800
v 0.00066900 -0.14188500 0.35640800
v 0.00079500 -0.14188800 0.35639900
v 0.00079900 -0.14188600 0.35641300
v 0.00146200 -0.14187100 0.35640700
v 0.00146200 -0.14187700 0.35642200
v 0.00210000 -0.14185400 0.35641500
v 0.00190200 -0.14188700 0.35643300
v 0.00205700 -0.14188000 0.35643100
v 0.00223600 -0.14186500 0.35645000
v 0.00233900 -0.14182300 0.35646900
v 0.00239900 -0.14182400 0.35654200
v 0.00242000 -0.14179300 0.35654000
v 0.00247100 -0.14175100 0.35664400
v 0.00243200 -0.14178500 0.35653000
v 0.00248500 -0.14174300 0.35663500
v 0.00244400 -0.14178500 0.35652000
v 0.00249900 -0.14174300 0.35662800
v 0.00244400 -0.14178500 0.35651900
v 0.00253100 -0.14168600 0.35678000
v 0.00092100 -0.14189000 0.35638100
v 0.00140900 -0.14187400 0.35639100
v 0.00146200 -0.14187300 0.35639300
v 0.00205700 -0.14185200 0.35638500
v 0.00210800 -0.14184800 0.35640000
v 0.00226700 -0.14183400 0.35640700
v 0.00234900 -0.14181600 0.35645700
v 0.00235900 -0.14181600 0.35644600
v 0.00252900 -0.14156700 0.35710400
v 0.00252400 -0.14156500 0.35710500
v 0.00250900 -0.14156700 0.35711000
v 0.00252600 -0.14131000 0.35777300
v 0.00253200 -0.14131100 0.35777400
v 0.00252800 -0.14122700 0.35798900
v 0.00252600 -0.14119900 0.35805300
v 0.00253800 -0.14109800 0.35831400
v 0.00252400 -0.14108800 0.35833100
v 0.00253400 -0.14097400 0.35862000
v 0.00251800 -0.14096000 0.35864700
v 0.00249400 -0.14092900 0.35873500
v 0.00248200 -0.14091600 0.35876000
v 0.00240300 -0.14088000 0.35886200
v 0.00246900 -0.14092400 0.35875000
v 0.00238300 -0.14090100 0.35883700
v 0.00237300 -0.14093900 0.35882500
v 0.00246000 -0.14093900 0.35874000
v 0.00243700 -0.14096500 0.35875400
v 0.00247900 -0.14101300 0.35863000
v 0.00249200 -0.14098200 0.35863000
v 0.00248000 -0.14110700 0.35839200
v 0.00249300 -0.14110800 0.35832100
v 0.00248200 -0.14117400 0.35823300
v 0.00249700 -0.14121700 0.35804800
v 0.00248200 -0.14141800 0.35761300
v 0.00249700 -0.14132500 0.35777300
v 0.00249500 -0.14157600 0.35711600
v 0.00251100 -0.14131400 0.35777300
v 0.00248500 -0.14169100 0.35689100
v 0.00170300 -0.14189300 0.35643600
v 0.00151200 -0.14189900 0.35643900
v 0.00146200 -0.14190100 0.35643900
v 0.00120800 -0.14190800 0.35644000
v 0.00080500 -0.14189200 0.35642800
v 0.00049100 -0.14185900 0.35650200
v 0.00095400 -0.14191400 0.35644100
v 0.00069000 -0.14191300 0.35645600
v 0.00050100 -0.14186600 0.35651300
v 0.00057100 -0.14190300 0.35649000
v 0.00251000 -0.14120500 0.35805100
v 0.00250700 -0.14109500 0.35832600
v 0.00250300 -0.14096800 0.35863800
v -0.00016900 -0.14208300 0.35586500
v -0.00013700 -0.14209100 0.35583700
v -0.00037000 -0.14200400 0.35609300
v -0.00056500 -0.14181600 0.35661600
v -0.00012500 -0.14116300 0.35833100
v -0.00060100 -0.14146600 0.35759000
v -0.00058500 -0.14116100 0.35833100
v -0.00059100 -0.14092400 0.35891200
v -0.00059100 -0.14089800 0.35897500
v 0.00035000 -0.14106200 0.35857600
v 0.00035000 -0.14089800 0.35897500
v -0.00010400 -0.14210000 0.35581100
v 0.00048400 -0.14186000 0.35648600
v 0.00038700 -0.14180500 0.35664100
v 0.00035800 -0.14175800 0.35677300
v -0.00007100 -0.14211000 0.35578700
v 0.00043800 -0.14218200 0.35556200
v 0.00066900 -0.14188500 0.35640800
v 0.00100500 -0.14218500 0.35552400
v 0.00092100 -0.14189000 0.35638100
v 0.00140900 -0.14187400 0.35639100
v 0.00136900 -0.14217600 0.35552300
v 0.00162600 -0.14216900 0.35551900
v 0.00205700 -0.14185200 0.35638500
v 0.00213800 -0.14215300 0.35551100
v 0.00226700 -0.14183400 0.35640700
v 0.00249100 -0.14212300 0.35554700
v 0.00278500 -0.14206900 0.35565400
v 0.00304300 -0.14199500 0.35582600
v 0.00331800 -0.14186000 0.35616000
v 0.00244400 -0.14178500 0.35651900
v 0.00344800 -0.14170600 0.35656700
v 0.00253100 -0.14168600 0.35678000
v 0.00345700 -0.14165500 0.35670400
v 0.00345900 -0.14151400 0.35708700
v 0.00346000 -0.14125400 0.35777000
v 0.00253200 -0.14131100 0.35777400
v 0.00252900 -0.14156700 0.35710400
v 0.00255800 -0.14109000 0.35833100
v 0.00346000 -0.14092200 0.35860000
v 0.00253400 -0.14097400 0.35862000
v 0.00249400 -0.14092900 0.35873500
v 0.00334800 -0.14074000 0.35906100
v 0.00240300 -0.14088000 0.35886200
v 0.00307300 -0.14059800 0.35943300
v 0.00301900 -0.14057800 0.35948200
v 0.00342100 -0.14081600 0.35886400
v 0.00296100 -0.14056200 0.35952900
v 0.00290000 -0.14054700 0.35957200
v 0.00279500 -0.14052900 0.35963400
v 0.00225900 -0.14085400 0.35893800
v 0.00275200 -0.14052400 0.35965600
v 0.00223100 -0.14049200 0.35979700
v 0.00156900 -0.14051300 0.35981200
v 0.00190600 -0.14086300 0.35895800
v 0.00209600 -0.14085400 0.35895800
v 0.00112900 -0.14088600 0.35897000
v 0.00131500 -0.14052200 0.35981000
v 0.00102100 -0.14052900 0.35981200
v 0.00063500 -0.14053500 0.35981500
v 0.00040400 -0.14053800 0.35981600
v 0.00036100 -0.14053800 0.35981600
v 0.00036100 -0.14034700 0.36024800
v -0.00058900 -0.14052500 0.35984700
v 0.00035700 -0.14015100 0.36067900
v -0.00027400 -0.13995300 0.36111000
v -0.00058600 -0.13995200 0.36110800
v 0.00034900 -0.13995200 0.36110800
v 0.00003700 -0.13995300 0.36111000
v -0.00059000 -0.14054000 0.35981700
v -0.00062500 -0.14053900 0.35981600
v -0.00063800 -0.14053900 0.35981600
v -0.00096400 -0.14089300 0.35897300
v -0.00139700 -0.14052600 0.35981200
v -0.00133600 -0.14088600 0.35897000
v -0.00155500 -0.14052200 0.35980900
v -0.00170400 -0.14087600 0.35896600
v -0.00168900 -0.14051800 0.35980800
v -0.00183100 -0.14051300 0.35980900
v -0.00188800 -0.14087200 0.35896200
v -0.00210700 -0.14050100 0.35981000
v -0.00207200 -0.14086500 0.35895800
v -0.00228300 -0.14049400 0.35980600
v -0.00240900 -0.14085300 0.35895000
v -0.00245900 -0.14049000 0.35979600
v -0.00265000 -0.14049200 0.35976700
v -0.00283400 -0.14050400 0.35971400
v -0.00303300 -0.14053000 0.35962600
v -0.00266000 -0.14088900 0.35883800
v -0.00321400 -0.14056900 0.35950900
v -0.00324400 -0.14057700 0.35948500
v -0.00327400 -0.14058800 0.35946100
v -0.00361100 -0.14079400 0.35892700
v -0.00275600 -0.14096200 0.35864900
v -0.00369300 -0.14104500 0.35829800
v -0.00276200 -0.14105600 0.35841900
v -0.00276100 -0.14124100 0.35795500
v -0.00369200 -0.14153800 0.35702400
v -0.00276100 -0.14157400 0.35708500
v -0.00369200 -0.14163500 0.35676000
v -0.00276100 -0.14176600 0.35656100
v -0.00369200 -0.14173100 0.35649500
v -0.00369200 -0.14182600 0.35623000
v -0.00276100 -0.14195300 0.35603500
v -0.00369200 -0.14191400 0.35598300
v -0.00307200 -0.14212100 0.35549900
v -0.00338200 -0.14210400 0.35549200
v -0.00369200 -0.14200000 0.35573600
v -0.00369200 -0.14208600 0.35548700
v -0.00276100 -0.14213600 0.35550600
v 0.00253800 -0.14109800 0.35831400
v 0.00252800 -0.14122700 0.35798900
v 0.00034500 -0.14167300 0.35700300
v 0.00034700 -0.14161100 0.35717000
v 0.00035000 -0.14122300 0.35817700
v 0.00035000 -0.14153400 0.35737400
v 0.00248200 -0.14141800 0.35761300
v 0.00248200 -0.14117400 0.35823300
v 0.00243000 -0.14156600 0.35767000
v 0.00242600 -0.14128000 0.35839700
v 0.00247600 -0.14112200 0.35838700
v 0.00247400 -0.14101800 0.35864400
v 0.00247900 -0.14101300 0.35863000
v 0.00243700 -0.14096500 0.35875400
v 0.00248000 -0.14110700 0.35839200
v 0.00242600 -0.14097100 0.35876500
v 0.00237300 -0.14093900 0.35882500
v 0.00226400 -0.14093100 0.35888100
v 0.00214500 -0.14091600 0.35891000
v 0.00205900 -0.14092800 0.35891200
v 0.00189400 -0.14092500 0.35891500
v 0.00201400 -0.14111100 0.35886200
v 0.00201400 -0.14111100 0.35886200
v 0.00150500 -0.14094900 0.35891600
v 0.00150500 -0.14094900 0.35891600
v 0.00045000 -0.14115000 0.35887400
v 0.00089700 -0.14095400 0.35892400
v 0.00039700 -0.14096200 0.35892700
v 0.00139600 -0.14094200 0.35892000
v 0.00221600 -0.14110800 0.35884600
v 0.00237400 -0.14113800 0.35875300
v 0.00248500 -0.14169100 0.35689100
v 0.00248200 -0.14141800 0.35761300
v 0.00248000 -0.14167800 0.35694800
v 0.00243000 -0.14156600 0.35767000
v 0.00242900 -0.14181100 0.35702000
v 0.00242200 -0.14193100 0.35669500
v 0.00244500 -0.14180100 0.35661900
v 0.00239900 -0.14182400 0.35654200
v 0.00233900 -0.14185200 0.35649000
v 0.00223600 -0.14186500 0.35645000
v 0.00226200 -0.14187000 0.35645200
v 0.00217500 -0.14188000 0.35643600
v 0.00219100 -0.14201600 0.35648900
v 0.00205700 -0.14188000 0.35643100
v 0.00190200 -0.14188700 0.35643300
v 0.00146200 -0.14190600 0.35644100
v 0.00170300 -0.14189300 0.35643600
v 0.00151200 -0.14189900 0.35643900
v 0.00146200 -0.14190100 0.35643900
v 0.00120800 -0.14190800 0.35644000
v 0.00074800 -0.14192100 0.35644800
v 0.00095400 -0.14191400 0.35644100
v 0.00069000 -0.14191300 0.35645600
v 0.00057700 -0.14191000 0.35648800
v 0.00057100 -0.14190300 0.35649000
v 0.00048100 -0.14188000 0.35655800
v 0.00044600 -0.14187100 0.35660100
v 0.00040200 -0.14175100 0.35692900
v 0.00045300 -0.14190500 0.35693400
v 0.00040000 -0.14166600 0.35714200
v 0.00040000 -0.14158500 0.35737400
v 0.00040000 -0.14158500 0.35737400
v 0.00040000 -0.14158500 0.35737400
v 0.00039800 -0.14143800 0.35774000
v 0.00039800 -0.14143800 0.35774000
v 0.00040000 -0.14150000 0.35759700
v 0.00040000 -0.14150000 0.35759700
v 0.00040000 -0.14150000 0.35759700
v 0.00045000 -0.14159700 0.35775100
v 0.00045000 -0.14159700 0.35775100
v 0.00045000 -0.14167200 0.35755700
v 0.00045000 -0.14167200 0.35755700
v 0.00045000 -0.14167200 0.35755700
v 0.00236100 -0.14197900 0.35656900
v 0.00229900 -0.14200000 0.35652000
v 0.00080400 -0.14206000 0.35649100
v 0.00065000 -0.14205600 0.35651000
v 0.00049600 -0.14202100 0.35661400
v 0.00045000 -0.14142900 0.35818300
v 0.00045000 -0.14142900 0.35818300
v 0.00039700 -0.14120300 0.35833500
v 0.00045000 -0.14115000 0.35887400
v 0.00039700 -0.14096200 0.35892700
v 0.00045000 -0.14115000 0.35887400
v 0.00045000 -0.14142900 0.35818300
v 0.00201400 -0.14111100 0.35886200
v 0.00242600 -0.14128000 0.35839700
v 0.00237400 -0.14113800 0.35875300
v 0.00045000 -0.14159700 0.35775100
v 0.00080400 -0.14206000 0.35649100
v 0.00242900 -0.14181100 0.35702000
v 0.00243000 -0.14156600 0.35767000
v 0.00045000 -0.14167200 0.35755700
v 0.00045300 -0.14190500 0.35693400
v 0.00065000 -0.14205600 0.35651000
v 0.00049600 -0.14202100 0.35661400
v 0.00219100 -0.14201600 0.35648900
v 0.00242200 -0.14193100 0.35669500
v 0.00236100 -0.14197900 0.35656900
v 0.00229900 -0.14200000 0.35652000
v 0.00221600 -0.14110800 0.35884600
v 0.00043100 -0.14007600 0.36118800
v 0.00039400 -0.13997100 0.36114900
v 0.00045000 -0.14012900 0.36120700
v 0.00039400 -0.14016400 0.36071800
v 0.00045000 -0.14070900 0.35991600
v 0.00043300 -0.14065800 0.35989800
v 0.00039600 -0.14035800 0.36028900
v 0.00041600 -0.14060700 0.35987900
v 0.00040500 -0.14055900 0.35986300
v 0.00041200 -0.14002400 0.36116900
v -0.00244000 -0.14067000 0.35988300
v -0.00181800 -0.14060900 0.35988100
v -0.00181800 -0.14060900 0.35988100
v -0.00068100 -0.14071000 0.35991600
v -0.00068100 -0.14071000 0.35991600
v -0.00101900 -0.14055900 0.35986100
v -0.00082800 -0.14056100 0.35986200
v -0.00242100 -0.14059300 0.35985700
v -0.00288000 -0.14068000 0.35980500
v -0.00286400 -0.14060200 0.35978200
v -0.00326900 -0.14074900 0.35959100
v -0.00325500 -0.14067000 0.35956800
v -0.00355900 -0.14085700 0.35928900
v -0.00355200 -0.14078500 0.35924900
v -0.00374700 -0.14100900 0.35889400
v -0.00372500 -0.14093500 0.35886200
v -0.00376600 -0.14104600 0.35858400
v -0.00367100 -0.14081800 0.35895000
v -0.00374600 -0.14107400 0.35831300
v -0.00376500 -0.14127500 0.35801200
v -0.00373900 -0.14131300 0.35771400
v -0.00376500 -0.14149800 0.35743800
v -0.00374000 -0.14153800 0.35712700
v -0.00374000 -0.14153800 0.35712700
v -0.00376500 -0.14160700 0.35715000
v -0.00376500 -0.14160700 0.35715000
v -0.00374100 -0.14173100 0.35660700
v -0.00379200 -0.14198400 0.35635400
v -0.00379200 -0.14198400 0.35635400
v -0.00374000 -0.14191900 0.35608300
v -0.00379200 -0.14232000 0.35538200
v -0.00374000 -0.14214400 0.35543600
v -0.00379300 -0.14135300 0.35803200
v -0.00379100 -0.14148800 0.35768800
v -0.00379100 -0.14169100 0.35715500
v -0.00329900 -0.14061200 0.35949800
v -0.00326900 -0.14060300 0.35952400
v -0.00323800 -0.14059500 0.35954800
v -0.00313600 -0.14056900 0.35962300
v -0.00284700 -0.14052900 0.35975800
v -0.00259100 -0.14051600 0.35982200
v -0.00244100 -0.14051700 0.35984000
v -0.00235300 -0.14051900 0.35984500
v -0.00210800 -0.14052900 0.35985000
v -0.00197500 -0.14053400 0.35984900
v -0.00183300 -0.14053900 0.35985100
v -0.00175800 -0.14054100 0.35985200
v -0.00169000 -0.14054300 0.35985400
v -0.00167000 -0.14054200 0.35985600
v -0.00120800 -0.14055400 0.35986000
v -0.00139800 -0.14054900 0.35986000
v -0.00165200 -0.14054300 0.35985700
v -0.00156100 -0.14054600 0.35985700
v -0.00155600 -0.14054600 0.35985700
v -0.00146600 -0.14054800 0.35985900
v -0.00073300 -0.14056200 0.35986300
v -0.00063800 -0.14056300 0.35986300
v -0.00062500 -0.14055800 0.35986100
v -0.00062500 -0.14055800 0.35986100
v -0.00062300 -0.13998100 0.36112200
v -0.00068100 -0.14071000 0.35991600
v -0.00068100 -0.14012900 0.36120700
v -0.00068100 -0.14012900 0.36120700
v -0.00062400 -0.13997100 0.36114900
v -0.00062400 -0.13997100 0.36114900
v -0.00058600 -0.13997300 0.36115100
v -0.00058600 -0.13997300 0.36115100
v -0.00058600 -0.13997300 0.36115100
v -0.00068100 -0.14012900 0.36120700
v -0.00068100 -0.14012900 0.36120700
v -0.00030400 -0.14013200 0.36120800
v -0.00030400 -0.14013200 0.36120800
v 0.00034900 -0.13997300 0.36115100
v 0.00034900 -0.13997300 0.36115100
v 0.00034900 -0.13997300 0.36115100
v 0.00007300 -0.14013200 0.36120800
v 0.00007300 -0.14013200 0.36120800
v 0.00045000 -0.14012900 0.36120700
v 0.00043100 -0.14007600 0.36118800
v 0.00041200 -0.14002400 0.36116900
v 0.00039400 -0.13997100 0.36114900
v -0.00462400 -0.13864900 0.36307500
v -0.00473400 -0.13864500 0.36306400
v -0.00462300 -0.13866400 0.36305300
v -0.00473400 -0.13866700 0.36303700
v -0.00462300 -0.13868400 0.36303700
v -0.00473600 -0.13869600 0.36302400
v -0.00462400 -0.13870900 0.36302900
v 0.00438200 -0.13866400 0.36305800
v 0.00288800 -0.13877400 0.36309500
v 0.00438200 -0.13868000 0.36303500
v 0.00101000 -0.13887500 0.36309800
v 0.00438400 -0.13870200 0.36301800
v 0.00213500 -0.13887400 0.36306400
v 0.00438600 -0.13872700 0.36300700
v 0.00142200 -0.13884100 0.36312200
v 0.00097000 -0.13885200 0.36312800
v 0.00068100 -0.13885800 0.36313100
v 0.00036600 -0.13886200 0.36313300
v -0.00007300 -0.13886400 0.36313400
v -0.00082900 -0.13885800 0.36313100
v -0.00128600 -0.13884900 0.36312600
v -0.00236700 -0.13883200 0.36308200
v -0.00011200 -0.13892500 0.36308500
v -0.00237700 -0.13886800 0.36306400
v -0.00345700 -0.13880900 0.36303800
v -0.00462300 -0.13868400 0.36303700
v -0.00462400 -0.13870900 0.36302900
v -0.00158400 -0.13884000 0.36312200
v -0.00311000 -0.13877000 0.36309300
v -0.00321600 -0.13876400 0.36309000
v -0.00354400 -0.13874200 0.36308200
v -0.00462300 -0.13866400 0.36305300
v -0.00403900 -0.13870000 0.36308200
v -0.00462400 -0.13864900 0.36307500
v 0.00089600 -0.13891500 0.36308000
v 0.00469700 -0.13863500 0.36305000
v 0.00458400 -0.13864600 0.36305100
v 0.00469900 -0.13865100 0.36302700
v 0.00453900 -0.13865000 0.36305200
v 0.00438200 -0.13868000 0.36303500
v 0.00442000 -0.13866000 0.36305700
v 0.00438200 -0.13866400 0.36305800
v 0.00470100 -0.13867300 0.36300900
v 0.00438400 -0.13870200 0.36301800
v 0.00470400 -0.13869900 0.36299800
v 0.00438600 -0.13872700 0.36300700
v 0.01645600 -0.13001500 0.32009500
v 0.01536700 -0.13001500 0.31909900
v 0.01645100 -0.12987600 0.31939200
v 0.01413800 -0.12988500 0.31745500
v 0.01443500 -0.13001500 0.31831700
v 0.01253400 -0.13001500 0.31690900
v 0.01093800 -0.13001500 0.31590600
v 0.01168300 -0.12988900 0.31578900
v 0.01292600 -0.12988700 0.31658600
v 0.00994200 -0.12989600 0.31482200
v 0.00942100 -0.13001500 0.31509400
v 0.00977100 -0.12989700 0.31473700
v 0.00959900 -0.12989800 0.31465200
v 0.00942700 -0.12989900 0.31456900
v 0.01028600 -0.12960800 0.31440600
v 0.00977100 -0.12989700 0.31473700
v 0.00943500 -0.12961400 0.31399300
v 0.00959900 -0.12989800 0.31465200
v 0.00942700 -0.12989900 0.31456900
v 0.01324400 -0.12958800 0.31615600
v 0.01168300 -0.12988900 0.31578900
v 0.00994200 -0.12989600 0.31482200
v 0.01590000 -0.12956100 0.31817400
v 0.01413800 -0.12988500 0.31745500
v 0.01292600 -0.12988700 0.31658600
v 0.01644000 -0.12955500 0.31864200
v 0.01645100 -0.12987600 0.31939200
v 0.01195800 -0.12921500 0.32395600
v 0.01195800 -0.12921500 0.31922000
v 0.01293900 -0.12921500 0.32415100
v 0.01293900 -0.12921500 0.31902500
v 0.01392000 -0.12921500 0.32395600
v 0.01392000 -0.12921500 0.31922000
v 0.01475100 -0.12921500 0.32340000
v 0.01475100 -0.12921500 0.31977600
v 0.01530700 -0.12921500 0.32256900
v 0.01530700 -0.12921500 0.32060700
v 0.01550200 -0.12921500 0.32158800
v 0.01112600 -0.12921500 0.31977600
v 0.01112600 -0.12921500 0.32340000
v 0.01057100 -0.12921500 0.32060700
v 0.01057100 -0.12921500 0.32256900
v 0.01037600 -0.12921500 0.32158800
v 0.01195000 -0.13001500 0.32397500
v 0.01195800 -0.12921500 0.32395600
v 0.01293900 -0.13001500 0.32417200
v 0.01293900 -0.12921500 0.32415100
v 0.01293900 -0.13001500 0.32417200
v 0.01293900 -0.12921500 0.32415100
v 0.01392800 -0.13001500 0.32397500
v 0.01392000 -0.12921500 0.32395600
v 0.01476600 -0.13001500 0.32341500
v 0.01475100 -0.12921500 0.32340000
v 0.01532600 -0.13001500 0.32257700
v 0.01530700 -0.12921500 0.32256900
v 0.01552300 -0.13001500 0.32158800
v 0.01550200 -0.12921500 0.32158800
v 0.01532600 -0.13001500 0.32059900
v 0.01530700 -0.12921500 0.32060700
v 0.01476600 -0.13001500 0.31976100
v 0.01475100 -0.12921500 0.31977600
v 0.01392800 -0.13001500 0.31920100
v 0.01392000 -0.12921500 0.31922000
v 0.01293900 -0.13001500 0.31900400
v 0.01293900 -0.12921500 0.31902500
v 0.01195000 -0.13001500 0.31920100
v 0.01195800 -0.12921500 0.31922000
v 0.01111200 -0.13001500 0.31976100
v 0.01112600 -0.12921500 0.31977600
v 0.01055200 -0.13001500 0.32059900
v 0.01057100 -0.12921500 0.32060700
v 0.01035500 -0.13001500 0.32158800
v 0.01037600 -0.12921500 0.32158800
v 0.01055200 -0.13001500 0.32257700
v 0.01057100 -0.12921500 0.32256900
v 0.01111200 -0.13001500 0.32341500
v 0.01112600 -0.12921500 0.32340000
v 0.01645600 -0.13001500 0.32009500
v 0.01650500 -0.13141600 0.32012000
v 0.01645600 -0.13001500 0.32158800
v 0.01653700 -0.13231500 0.32085100
v 0.01656800 -0.13320900 0.32158800
v 0.01647300 -0.13048900 0.31937800
v 0.01645100 -0.12987600 0.31939200
v 0.01644000 -0.12955500 0.31864200
v -0.00483300 -0.14284100 0.35346000
v -0.00483300 -0.14284100 0.35346000
v -0.00483300 -0.14284100 0.35346000
v -0.00264900 -0.14278800 0.35344500
v -0.00011600 -0.14303200 0.35353500
v -0.00138300 -0.14283000 0.35346100
v -0.00138300 -0.14283000 0.35346100
v -0.00011600 -0.14284400 0.35346700
v -0.00488900 -0.14269200 0.35340400
v -0.00488900 -0.14269200 0.35340400
v -0.00457600 -0.14267100 0.35339800
v -0.00457600 -0.14267100 0.35339800
v -0.00424500 -0.14269600 0.35340800
v -0.00391400 -0.14271800 0.35341700
v -0.00391400 -0.14271800 0.35341700
v -0.00490700 -0.14264400 0.35338700
v -0.00528600 -0.14229700 0.35428900
v -0.00528600 -0.14229700 0.35428900
v -0.00524600 -0.14200400 0.35557100
v -0.00528600 -0.14140800 0.35687400
v -0.00524600 -0.14172300 0.35637200
v -0.00524600 -0.14112200 0.35796000
v -0.00520600 -0.14126000 0.35794900
v -0.00528600 -0.14041100 0.35935500
v -0.00524600 -0.14012900 0.36030500
v -0.00528700 -0.13929500 0.36178600
v -0.00528700 -0.13929500 0.36178600
v -0.00524600 -0.13959300 0.36146000
v -0.00524600 -0.13959300 0.36146000
v -0.00524600 -0.13922200 0.36222300
v -0.00524600 -0.13922200 0.36222300
v -0.00520600 -0.13975100 0.36142500
v -0.00520400 -0.13919300 0.36256700
v -0.00524600 -0.14240200 0.35436100
v -0.00528600 -0.14240000 0.35396000
v -0.00524700 -0.14258900 0.35375400
v -0.00528500 -0.14249900 0.35363700
v -0.00524000 -0.14263900 0.35360200
v -0.00525100 -0.14255100 0.35351400
v -0.00521900 -0.14266600 0.35353200
v -0.00517200 -0.14269200 0.35347400
v -0.00518600 -0.14278100 0.35355000
v -0.00513900 -0.14280200 0.35349200
v -0.00502800 -0.14272700 0.35342200
v -0.00483300 -0.14284100 0.35346000
v -0.00488900 -0.14269200 0.35340400
v -0.00490700 -0.14264400 0.35338700
v -0.00517000 -0.14259800 0.35342900
v -0.00520700 -0.14275700 0.35362200
v -0.00520900 -0.14271100 0.35377500
v -0.00520600 -0.14252600 0.35437700
v -0.00520600 -0.14220900 0.35535000
v -0.00520600 -0.14028000 0.36027700
v -0.00528900 -0.13886900 0.36264700
v -0.00528700 -0.13901100 0.36236100
v -0.00528700 -0.13901100 0.36236100
v -0.00520400 -0.13919300 0.36256700
v -0.00520000 -0.13910500 0.36274500
v -0.00528900 -0.13886900 0.36264700
v -0.00527500 -0.13877700 0.36279600
v -0.00516100 -0.13905900 0.36284100
v -0.00520400 -0.13870600 0.36291900
v -0.00514700 -0.13905600 0.36285200
v -0.00504800 -0.13904300 0.36290000
v -0.00516100 -0.13905900 0.36284100
v -0.00487900 -0.13887200 0.36296000
v -0.00520400 -0.13870600 0.36291900
v -0.00473600 -0.13869600 0.36302400
v -0.00457300 -0.13889400 0.36297600
v -0.00462400 -0.13870900 0.36302900
v -0.00395900 -0.13894500 0.36298800
v -0.00345700 -0.13880900 0.36303800
v -0.00314000 -0.13900100 0.36300300
v -0.00273000 -0.13902300 0.36301300
v -0.00272200 -0.13920100 0.36296800
v -0.00027800 -0.13926400 0.36299300
v -0.00485500 -0.13905500 0.36291600
v -0.00455100 -0.13908000 0.36292700
v -0.00394200 -0.13912700 0.36294200
v 0.00216600 -0.13921500 0.36297300
v 0.00219700 -0.13904000 0.36301800
v -0.00026700 -0.13909200 0.36304000
v -0.00237700 -0.13886800 0.36306400
v 0.00460600 -0.13905700 0.36290800
v 0.00438600 -0.13872700 0.36300700
v 0.00213500 -0.13887400 0.36306400
v 0.00470400 -0.13869900 0.36299800
v 0.00089600 -0.13891500 0.36308000
v -0.00011200 -0.13892500 0.36308500
v 0.01645000 -0.12991700 0.36982100
v 0.01645000 -0.12991700 0.36982100
v 0.01645000 -0.12991700 0.36982100
v 0.01645000 -0.12991700 0.36982100
v 0.01644900 -0.12984600 0.36958800
v 0.01644900 -0.12984600 0.36958800
v 0.01644900 -0.12984600 0.36958800
v 0.01645000 -0.12991700 0.36952500
v 0.01645000 -0.12991700 0.36952500
v 0.01645000 -0.12991700 0.36952500
v 0.01645000 -0.12991700 0.36952500
v 0.01645000 -0.12991700 0.36952500
v 0.01644900 -0.12988000 0.36952400
v 0.01644900 -0.12988000 0.36952400
v 0.01645000 -0.12989600 0.36947800
v 0.01645000 -0.12989600 0.36947800
v 0.01644700 -0.12975100 0.36996400
v 0.01644700 -0.12975700 0.36971500
v 0.01644700 -0.12975700 0.36971500
v 0.01644800 -0.12980700 0.36964600
v 0.01644800 -0.12980700 0.36964600
v 0.01644600 -0.12971100 0.36978400
v 0.01644600 -0.12971100 0.36978400
v 0.01644400 -0.12958500 0.37010800
v 0.01644400 -0.12958500 0.37010800
v 0.01644100 -0.12941900 0.37025100
v 0.01645000 -0.12990800 0.36942900
v 0.01645000 -0.12990800 0.36942900
v 0.01645000 -0.12991400 0.36937800
v 0.01645000 -0.12991400 0.36937800
v 0.01645000 -0.12991700 0.36930600
v 0.01645500 -0.13403900 0.36599400
v 0.01650600 -0.13314200 0.36684600
v 0.01647400 -0.13272400 0.36629300
v 0.01647200 -0.13117700 0.36671600
v 0.01646400 -0.13225600 0.36626500
v 0.01645400 -0.13178900 0.36623700
v 0.01637000 -0.13205200 0.36574700
v 0.01635500 -0.13151800 0.36571700
v 0.01598300 -0.13192100 0.36480300
v 0.01595000 -0.13125300 0.36477100
v 0.01555300 -0.13143400 0.36424000
v 0.01550900 -0.13067600 0.36421000
v 0.01500600 -0.13076500 0.36376700
v 0.01521800 -0.12991700 0.36394800
v 0.01435800 -0.12991700 0.36341400
v 0.01644500 -0.13132100 0.36621000
v 0.01646900 -0.13099300 0.36670400
v 0.01643500 -0.13085300 0.36618200
v 0.01645000 -0.12991700 0.36663300
v 0.01642500 -0.13038500 0.36615400
v 0.01630800 -0.12991700 0.36563000
v 0.01632300 -0.13045100 0.36565900
v 0.01588600 -0.12991700 0.36470900
v 0.01591800 -0.13058500 0.36474000
v 0.01469500 -0.13463600 0.36349300
v 0.01506200 -0.13161400 0.36379300
v 0.01559700 -0.13219300 0.36427100
v 0.01601500 -0.13259000 0.36483400
v 0.01638600 -0.13258500 0.36577600
v 0.01470400 -0.13478100 0.36349900
v 0.01523100 -0.13415900 0.36387100
v 0.01517500 -0.13331100 0.36384500
v 0.01511800 -0.13246300 0.36381900
v 0.01564100 -0.13295200 0.36430100
v 0.01528700 -0.13500700 0.36389700
v 0.01474500 -0.13536100 0.36350900
v 0.01479300 -0.13605000 0.36352300
v 0.01482400 -0.13650300 0.36353300
v 0.01519700 -0.13699100 0.36377200
v 0.01558700 -0.13639500 0.36414000
v 0.01485500 -0.13695600 0.36354300
v 0.01500300 -0.13725500 0.36362400
v 0.01488400 -0.13740900 0.36355100
v 0.01572900 -0.13446800 0.36436200
v 0.01591000 -0.13579300 0.36455400
v 0.01607900 -0.13392400 0.36489600
v 0.01614200 -0.13525600 0.36495900
v 0.01628900 -0.13482100 0.36531000
v 0.01640200 -0.13311900 0.36580500
v 0.01637200 -0.13450000 0.36558200
v 0.01604700 -0.13325700 0.36486500
v 0.01568500 -0.13371000 0.36433200
v 0.01633900 -0.13098500 0.36568800
v -0.01496300 -0.13565200 0.36356700
v -0.01494200 -0.13532300 0.36356000
v -0.01540200 -0.12991700 0.36401100
v -0.01489800 -0.13464200 0.36354600
v -0.01474300 -0.13227900 0.36350100
v -0.01458500 -0.12991700 0.36346100
v -0.01603600 -0.12991700 0.36476500
v -0.01574600 -0.13638800 0.36419200
v -0.01507600 -0.13739400 0.36359700
v -0.01506100 -0.13711200 0.36359200
v -0.01623600 -0.13537200 0.36491100
v -0.01643700 -0.12991700 0.36566400
v -0.01653800 -0.13436100 0.36573400
v -0.01657600 -0.12991700 0.36663900
v -0.01663100 -0.13338200 0.36663700
v -0.01659600 -0.13121100 0.36663800
v -0.01661700 -0.13248700 0.36663700
v -0.01503500 -0.13671100 0.36358400
v -0.01500800 -0.13630900 0.36357700
v -0.01498500 -0.13598000 0.36357400
v 0.00931200 -0.13678500 0.36725500
v 0.00932400 -0.13614800 0.36725400
v 0.00932400 -0.13614800 0.36725400
v 0.00935200 -0.13449900 0.36947900
v 0.00935200 -0.13449900 0.36947900
v 0.00937800 -0.13303200 0.36725400
v 0.00943200 -0.12991700 0.37292000
v 0.00943200 -0.12991700 0.37292000
v 0.00943200 -0.12991700 0.36725400
v 0.00942200 -0.13051600 0.37293100
v 0.00940500 -0.13145800 0.37214300
v 0.00940500 -0.13145800 0.37214300
v 0.00939400 -0.13210700 0.37159200
v 0.00939400 -0.13210700 0.37159200
v 0.01170000 -0.12991700 0.37194700
v 0.01311500 -0.12991300 0.37131500
v 0.00943200 -0.12991700 0.37292000
v 0.01311400 -0.12991100 0.37133100
v 0.00943300 -0.12990100 0.37299900
v 0.00943300 -0.12985900 0.37312600
v 0.01311200 -0.12986900 0.37148500
v 0.01311200 -0.12985000 0.37152500
v 0.01644900 -0.12984600 0.36958800
v 0.01644800 -0.12980700 0.36964600
v 0.01386900 -0.12991700 0.37085200
v 0.01518200 -0.12991700 0.37010200
v 0.01645000 -0.12991400 0.36937800
v 0.01645000 -0.12991700 0.36930600
v 0.01645000 -0.12990800 0.36942900
v 0.01645000 -0.12989600 0.36947800
v 0.01644900 -0.12988000 0.36952400
v 0.01311200 -0.12979300 0.37162900
v 0.01644700 -0.12975700 0.36971500
v 0.01487600 -0.12973800 0.37074100
v 0.01559800 -0.12972800 0.37031500
v 0.01561300 -0.12972800 0.37030600
v 0.01601600 -0.12972100 0.37005700
v 0.01640000 -0.12971200 0.36981400
v 0.01644600 -0.12971100 0.36978400
v 0.01472100 -0.12974000 0.37083000
v 0.01456600 -0.12974200 0.37091800
v 0.01441100 -0.12974300 0.37100500
v 0.01375400 -0.12974800 0.37136400
v 0.01311200 -0.12977000 0.37166800
v 0.01326800 -0.12975000 0.37161900
v 0.01235000 -0.12975300 0.37207800
v 0.01425600 -0.12974400 0.37109100
v 0.01135400 -0.12975300 0.37254300
v 0.01057400 -0.12975000 0.37288400
v 0.00943400 -0.12979500 0.37325600
v 0.00982000 -0.12974500 0.37319400
v 0.00944200 -0.12974100 0.37334200
v 0.00943500 -0.12974100 0.37334500
v 0.00943000 -0.13003600 0.37333100
v 0.00943500 -0.12974100 0.37334500
v 0.00944100 -0.12941700 0.37384700
v -0.00277300 -0.09072300 0.37671900
v -0.00323200 -0.09072300 0.37761600
v -0.00006000 -0.09072300 0.37683100
v -0.00006200 -0.09072300 0.37774000
v 0.00310800 -0.09072300 0.37761600
v -0.00637400 -0.09072300 0.37718400
v -0.00546700 -0.09072300 0.37638300
v -0.00946000 -0.09072800 0.37644800
v -0.00812300 -0.09072300 0.37582200
v -0.00946000 -0.09072800 0.37545000
v 0.00265200 -0.09072300 0.37671900
v 0.00625100 -0.09072300 0.37718400
v 0.00534500 -0.09072300 0.37638200
v 0.00933700 -0.09072300 0.37645000
v 0.00800100 -0.09072300 0.37582200
v 0.00933700 -0.09072300 0.37545100
v -0.00943300 -0.13677800 0.36731200
v -0.00949300 -0.13334700 0.36731200
v -0.00944400 -0.13679300 0.36634500
v -0.00951100 -0.13339100 0.36625800
v -0.00954400 -0.13686500 0.36570900
v -0.00959800 -0.13341600 0.36574000
v -0.00969300 -0.13696100 0.36526500
v -0.01000200 -0.13352800 0.36478000
v -0.00984800 -0.13704700 0.36492900
v -0.01025400 -0.13721800 0.36431200
v -0.01030000 -0.13359200 0.36435500
v -0.01086000 -0.13366800 0.36380700
v -0.01034800 -0.12991700 0.36439900
v -0.01100600 -0.12991700 0.36377900
v -0.00955300 -0.12991700 0.36731200
v -0.00965300 -0.12991700 0.36577200
v -0.00986100 -0.12991700 0.36518600
v -0.01008200 -0.12991700 0.36477000
v -0.01153000 -0.13370400 0.36339300
v -0.01155900 -0.12991700 0.36345200
v -0.01225700 -0.13369600 0.36314000
v -0.01228900 -0.12991700 0.36320000
v -0.01280100 -0.12991700 0.36312500
v -0.01302100 -0.13366500 0.36304900
v -0.01343300 -0.12991700 0.36313100
v -0.01378900 -0.13364900 0.36312400
v -0.01346500 -0.12991700 0.36313500
v -0.01422100 -0.12991700 0.36331100
v -0.01452000 -0.13368100 0.36336600
v -0.01446400 -0.12991700 0.36340600
v -0.01474300 -0.13227900 0.36350100
v -0.01458500 -0.12991700 0.36346100
v -0.01489800 -0.13464200 0.36354600
v -0.01473000 -0.13737300 0.36339100
v -0.01450900 -0.13735300 0.36328500
v -0.01491300 -0.13738900 0.36349200
v -0.01494200 -0.13532300 0.36356000
v -0.01507600 -0.13739400 0.36359700
v -0.01496300 -0.13565200 0.36356700
v -0.01498500 -0.13598000 0.36357400
v -0.01500800 -0.13630900 0.36357700
v -0.01503500 -0.13671100 0.36358400
v -0.01506100 -0.13711200 0.36359200
v -0.01428100 -0.13733200 0.36319400
v -0.01368600 -0.13732500 0.36304000
v -0.01306500 -0.13736900 0.36298400
v -0.01238300 -0.13741900 0.36304600
v -0.01199300 -0.13743500 0.36314400
v -0.01150000 -0.13743200 0.36333400
v -0.01102000 -0.13739200 0.36361000
v 0.00875000 -0.13209000 0.37183100
v 0.00897100 -0.13209600 0.37175100
v 0.00940500 -0.13145800 0.37214300
v 0.00911200 -0.13210000 0.37169900
v 0.00925300 -0.13210400 0.37164600
v 0.00939400 -0.13210700 0.37159200
v 0.00866300 -0.13024000 0.37341800
v 0.00942200 -0.13051600 0.37293100
v 0.00943000 -0.13003600 0.37333100
v 0.00944100 -0.12941700 0.37384700
v 0.00712400 -0.12941700 0.37455000
v 0.00711600 -0.13022900 0.37387900
v 0.00475600 -0.12941700 0.37505500
v 0.00475300 -0.13021600 0.37440200
v 0.00355800 -0.13021100 0.37458700
v 0.00417700 -0.13200100 0.37302100
v 0.00235200 -0.13198300 0.37326100
v 0.00235500 -0.13020700 0.37472100
v 0.00114800 -0.13020500 0.37480200
v 0.00235400 -0.12941700 0.37535900
v -0.00006500 -0.12941700 0.37546100
v -0.00006300 -0.12964300 0.37528100
v -0.00006200 -0.12987600 0.37509400
v -0.00006000 -0.13013900 0.37488400
v 0.00054300 -0.13020400 0.37482400
v -0.00005900 -0.13032800 0.37473100
v -0.00005800 -0.13113400 0.37407600
v -0.00005900 -0.13072800 0.37440800
v -0.00005800 -0.13084700 0.37431100
v -0.00006100 -0.13197400 0.37338100
v 0.00655900 -0.13204000 0.37250900
v 0.00830600 -0.13207800 0.37198500
v 0.00852800 -0.13208400 0.37190800
v -0.00954200 -0.13054300 0.37295200
v -0.00955300 -0.12991700 0.37292000
v -0.00955300 -0.12991700 0.37292000
v -0.00951500 -0.13210000 0.37165000
v -0.00951500 -0.13210000 0.37165000
v -0.00949100 -0.13345600 0.37046600
v -0.00949100 -0.13345600 0.37046600
v -0.00946900 -0.13474300 0.36929500
v -0.00949300 -0.13334700 0.36731200
v -0.00944900 -0.13586900 0.36822400
v -0.00943300 -0.13677800 0.36731200
v -0.00955300 -0.12991700 0.36731200
v -0.00006200 -0.09729700 0.37780600
v 0.00030600 -0.09729400 0.37780500
v -0.00006200 -0.09594200 0.37812600
v -0.00006200 -0.09585100 0.37814800
v 0.00080000 -0.09585100 0.37814100
v 0.00078300 -0.09729400 0.37779600
v 0.00162700 -0.09729500 0.37776400
v 0.00175200 -0.09584900 0.37811400
v 0.00331300 -0.09729000 0.37763400
v 0.00358700 -0.09584000 0.37799000
v 0.00363500 -0.09584000 0.37798400
v 0.00368200 -0.09584000 0.37797900
v 0.00373000 -0.09583900 0.37796900
v 0.00498900 -0.09726700 0.37742100
v 0.00446600 -0.09583100 0.37787800
v 0.00503500 -0.09582200 0.37779800
v 0.00543700 -0.09581400 0.37773400
v 0.00567200 -0.09580900 0.37769400
v 0.00706500 -0.09717900 0.37703800
v 0.00664100 -0.09579100 0.37751200
v 0.00760000 -0.09572600 0.37730900
v 0.00787700 -0.09705700 0.37685400
v 0.00825700 -0.09691300 0.37676400
v 0.00858500 -0.09540200 0.37708900
v 0.00873200 -0.09655700 0.37665200
v 0.00904800 -0.09501100 0.37698500
v 0.00908000 -0.09609100 0.37657200
v 0.00927700 -0.09471200 0.37693600
v 0.00941700 -0.09540200 0.37649800
v 0.00963700 -0.09405600 0.37686500
v 0.00978600 -0.09431800 0.37642200
v 0.01004800 -0.09301500 0.37679200
v 0.00998600 -0.09358200 0.37638300
v 0.01038800 -0.09194000 0.37673700
v 0.01016400 -0.09284100 0.37634900
v 0.01023400 -0.09256400 0.37646700
v 0.01016500 -0.09283600 0.37634900
v 0.00927700 -0.09471200 0.37693600
v 0.00963700 -0.09405600 0.37686500
v 0.00912700 -0.09194500 0.37711300
v 0.01004800 -0.09301500 0.37679200
v 0.01038800 -0.09194000 0.37673700
v 0.00659800 -0.09194100 0.37770900
v 0.00858500 -0.09540200 0.37708900
v 0.00904800 -0.09501100 0.37698500
v 0.00533800 -0.09194500 0.37793100
v 0.00567200 -0.09580900 0.37769400
v 0.00664100 -0.09579100 0.37751200
v 0.00760000 -0.09572600 0.37730900
v 0.00371700 -0.09194900 0.37814200
v 0.00446600 -0.09583100 0.37787800
v 0.00503500 -0.09582200 0.37779800
v 0.00543700 -0.09581400 0.37773400
v 0.00367900 -0.09310100 0.37810200
v 0.00367900 -0.09310100 0.37810200
v 0.00368200 -0.09584000 0.37797900
v 0.00368200 -0.09584000 0.37797900
v 0.00373000 -0.09583900 0.37796900
v 0.00364000 -0.09425300 0.37805700
v 0.00360100 -0.09540500 0.37800600
v 0.00363500 -0.09584000 0.37798400
v 0.00363500 -0.09584000 0.37798400
v 0.00358700 -0.09584000 0.37799000
v 0.00358700 -0.09584000 0.37799000
v 0.00360100 -0.09540500 0.37800600
v 0.00235200 -0.09465300 0.37814600
v 0.00364000 -0.09425300 0.37805700
v 0.00237900 -0.09345300 0.37819800
v 0.00367900 -0.09310100 0.37810200
v 0.00239200 -0.09286600 0.37822000
v 0.00325500 -0.09194600 0.37818900
v 0.00285500 -0.09194500 0.37822200
v 0.00371700 -0.09194900 0.37814200
v 0.00354200 -0.09194500 0.37816100
v 0.00234300 -0.09194000 0.37825600
v 0.00240800 -0.09213300 0.37824600
v 0.00239800 -0.09257300 0.37823100
v 0.00123100 -0.09257200 0.37827900
v 0.00122800 -0.09286600 0.37826800
v -0.00006200 -0.09257200 0.37829500
v -0.00006200 -0.09286500 0.37828400
v -0.00135500 -0.09257200 0.37827900
v -0.00135100 -0.09286600 0.37826800
v -0.00252200 -0.09257300 0.37823100
v -0.00251500 -0.09286600 0.37822000
v -0.00379800 -0.09324100 0.37809700
v -0.00250300 -0.09345300 0.37819800
v -0.00375500 -0.09453300 0.37804500
v -0.00247700 -0.09465300 0.37814600
v -0.00334700 -0.09584300 0.37801900
v -0.00252700 -0.09584700 0.37808200
v 0.00123600 -0.09213200 0.37829400
v -0.00006200 -0.09193300 0.37831700
v -0.00006200 -0.09213200 0.37831100
v -0.00136000 -0.09213200 0.37829400
v -0.00246600 -0.09194000 0.37825600
v -0.00253100 -0.09213300 0.37824600
v -0.00297900 -0.09194500 0.37822200
v -0.00384000 -0.09194900 0.37814100
v -0.00337800 -0.09194600 0.37818900
v -0.00366500 -0.09194500 0.37816100
v -0.00371100 -0.09582400 0.37798700
v -0.00170600 -0.09585000 0.37812100
v -0.00133100 -0.09465200 0.37819200
v -0.00134500 -0.09345200 0.37824500
v -0.00006200 -0.09585100 0.37814800
v -0.00006200 -0.09465100 0.37820800
v -0.00006200 -0.09345200 0.37826100
v 0.00080000 -0.09585100 0.37814100
v 0.00120700 -0.09465200 0.37819200
v 0.00122100 -0.09345200 0.37824500
v 0.00175200 -0.09584900 0.37811400
v 0.01549100 -0.12911700 0.36661800
v 0.01529700 -0.12911700 0.36759400
v 0.01529700 -0.12911700 0.36564200
v 0.01474400 -0.12911700 0.36481500
v 0.01474400 -0.12911700 0.36842100
v 0.01391700 -0.12911700 0.36426200
v 0.01391700 -0.12911700 0.36897400
v 0.01294100 -0.12911700 0.36406800
v 0.01294100 -0.12911700 0.36916800
v 0.01196500 -0.12911700 0.36426200
v 0.01196500 -0.12911700 0.36897400
v 0.01113800 -0.12911700 0.36481500
v 0.01113800 -0.12911700 0.36842100
v 0.01058500 -0.12911700 0.36564200
v 0.01058500 -0.12911700 0.36759400
v 0.01039100 -0.12911700 0.36661800
v -0.01051200 -0.12911700 0.36662300
v -0.01070600 -0.12911700 0.36759800
v -0.01070600 -0.12911700 0.36564700
v -0.01125900 -0.12911700 0.36482000
v -0.01125900 -0.12911700 0.36842600
v -0.01208600 -0.12911700 0.36426700
v -0.01208600 -0.12911700 0.36897900
v -0.01306200 -0.12911700 0.36407300
v -0.01306200 -0.12911700 0.36917300
v -0.01403800 -0.12911700 0.36426700
v -0.01403800 -0.12911700 0.36897900
v -0.01486500 -0.12911700 0.36482000
v -0.01486500 -0.12911700 0.36842600
v -0.01541800 -0.12911700 0.36564700
v -0.01541800 -0.12911700 0.36759800
v -0.01561200 -0.12911700 0.36662300
v 0.03180000 -0.09540500 0.35130400
v 0.03180000 -0.09540500 0.35130400
v 0.03181600 -0.09540500 0.35123400
v 0.03181600 -0.09540500 0.35123400
v -0.03245500 -0.09540500 0.34824700
v -0.03245500 -0.09540500 0.34824700
v 0.03217300 -0.09540500 0.34936500
v 0.03232900 -0.09540500 0.34824800
v -0.03192700 -0.09540500 0.35131000
v -0.03140200 -0.09540500 0.35333100
v -0.03074400 -0.09540500 0.35531300
v -0.02995800 -0.09540500 0.35724900
v -0.02904800 -0.09540500 0.35912900
v -0.02801900 -0.09540500 0.36094900
v -0.02687500 -0.09540500 0.36270100
v -0.02562100 -0.09540500 0.36437700
v -0.02426000 -0.09540500 0.36597000
v 0.02998100 -0.09540500 0.35691200
v 0.02880800 -0.09540500 0.35934900
v 0.02743700 -0.09540500 0.36168100
v 0.02587700 -0.09540500 0.36389200
v 0.02414000 -0.09540500 0.36596500
v 0.02267500 -0.09540500 0.36747100
v -0.02261000 -0.09540500 0.36765300
v 0.02112200 -0.09540500 0.36887300
v -0.02084100 -0.09540500 0.36921100
v 0.01948600 -0.09540500 0.37017100
v -0.01896500 -0.09540500 0.37063800
v 0.01777000 -0.09540500 0.37136300
v -0.01699700 -0.09540500 0.37192400
v 0.01598300 -0.09540500 0.37244300
v -0.01508000 -0.09540500 0.37299700
v 0.01413100 -0.09540500 0.37340800
v -0.01331000 -0.09540500 0.37384500
v 0.01222200 -0.09540500 0.37425400
v -0.01173000 -0.09540500 0.37449500
v 0.01026200 -0.09540500 0.37497400
v -0.01038700 -0.09540500 0.37497400
v -0.00915700 -0.09540500 0.37535600
v 0.00776200 -0.09540500 0.37569900
v -0.00788600 -0.09540500 0.37569900
v -0.00665100 -0.09540500 0.37598100
v -0.00530700 -0.09540500 0.37623500
v 0.00518500 -0.09540500 0.37623500
v 0.00518500 -0.09540500 0.37623500
v -0.00269700 -0.09540500 0.37656700
v -0.00269700 -0.09540500 0.37656700
v -0.00269700 -0.09540500 0.37656700
v 0.00257300 -0.09540500 0.37656700
v 0.00257300 -0.09540500 0.37656700
v -0.00006000 -0.09540500 0.37668200
v 0.03017700 -0.09540500 0.35642900
v 0.03058900 -0.09540500 0.35536400
v 0.03103200 -0.09540500 0.35408300
v -0.01657600 -0.12991700 0.36663900
v -0.01657600 -0.12991700 0.36663900
v -0.01543700 -0.12991700 0.36760700
v -0.01543700 -0.12991700 0.36760700
v -0.01657100 -0.12991700 0.36930600
v -0.01657100 -0.12991700 0.36930600
v -0.01488000 -0.12991700 0.36844100
v -0.01404600 -0.12991700 0.36899800
v -0.01563300 -0.12991700 0.36662300
v -0.01563300 -0.12991700 0.36662300
v -0.01563300 -0.12991700 0.36662300
v -0.01643700 -0.12991700 0.36566400
v -0.01643700 -0.12991700 0.36566400
v -0.01543700 -0.12991700 0.36563900
v -0.01603600 -0.12991700 0.36476500
v -0.01488000 -0.12991700 0.36480500
v -0.01540200 -0.12991700 0.36401100
v -0.01458500 -0.12991700 0.36346100
v -0.01404600 -0.12991700 0.36424700
v -0.01446400 -0.12991700 0.36340600
v -0.01422100 -0.12991700 0.36331100
v -0.01346500 -0.12991700 0.36313500
v -0.01346500 -0.12991700 0.36313500
v -0.01306200 -0.12991700 0.36405200
v -0.01306200 -0.12991700 0.36405200
v -0.01343300 -0.12991700 0.36313100
v -0.01343300 -0.12991700 0.36313100
v -0.01280100 -0.12991700 0.36312500
v -0.01228900 -0.12991700 0.36320000
v -0.01207800 -0.12991700 0.36424700
v -0.01155900 -0.12991700 0.36345200
v -0.01124400 -0.12991700 0.36480500
v -0.01100600 -0.12991700 0.36377900
v -0.01034800 -0.12991700 0.36439900
v -0.01068700 -0.12991700 0.36563900
v -0.01008200 -0.12991700 0.36477000
v -0.00986100 -0.12991700 0.36518600
v -0.00965300 -0.12991700 0.36577200
v -0.01049100 -0.12991700 0.36662300
v -0.00955300 -0.12991700 0.36731200
v -0.01068700 -0.12991700 0.36760700
v -0.01124400 -0.12991700 0.36844100
v -0.01009600 -0.12991700 0.37270200
v -0.01207800 -0.12991700 0.36899800
v -0.01345200 -0.12991700 0.37114000
v -0.01306200 -0.12991700 0.36919400
v -0.00955300 -0.12991700 0.37292000
v -0.01068700 -0.13001500 0.32257200
v -0.01070600 -0.12921500 0.32256400
v -0.01049100 -0.13001500 0.32158800
v -0.01051200 -0.12921500 0.32158800
v -0.01049100 -0.13001500 0.32158800
v -0.01051200 -0.12921500 0.32158800
v -0.01068700 -0.13001500 0.32060400
v -0.01070600 -0.12921500 0.32061200
v -0.01124400 -0.13001500 0.31977000
v -0.01125900 -0.12921500 0.31978500
v -0.01207800 -0.13001500 0.31921300
v -0.01208600 -0.12921500 0.31923200
v -0.01306200 -0.13001500 0.31901700
v -0.01306200 -0.12921500 0.31903800
v -0.01404600 -0.13001500 0.31921300
v -0.01403800 -0.12921500 0.31923200
v -0.01488000 -0.13001500 0.31977000
v -0.01486500 -0.12921500 0.31978500
v -0.01543700 -0.13001500 0.32060400
v -0.01541800 -0.12921500 0.32061200
v -0.01563300 -0.13001500 0.32158800
v -0.01561200 -0.12921500 0.32158800
v -0.01543700 -0.13001500 0.32257200
v -0.01541800 -0.12921500 0.32256400
v -0.01488000 -0.13001500 0.32340600
v -0.01486500 -0.12921500 0.32339100
v -0.01404600 -0.13001500 0.32396300
v -0.01403800 -0.12921500 0.32394400
v -0.01306200 -0.13001500 0.32415900
v -0.01306200 -0.12921500 0.32413800
v -0.01207800 -0.13001500 0.32396300
v -0.01208600 -0.12921500 0.32394400
v -0.01124400 -0.13001500 0.32340600
v -0.01125900 -0.12921500 0.32339100
v -0.01306200 -0.14116300 0.32547700
v -0.01306200 -0.13001500 0.32508800
v -0.01293000 -0.14125900 0.32547800
v -0.01193800 -0.13396500 0.32504800
v -0.01189500 -0.13791400 0.32517900
v -0.01084300 -0.13791400 0.32464300
v -0.01102100 -0.14186400 0.32492800
v -0.01046600 -0.14171400 0.32451000
v -0.01000700 -0.13791400 0.32380700
v -0.00988700 -0.14128900 0.32384200
v -0.00951100 -0.14070600 0.32313400
v -0.00947100 -0.13791400 0.32275500
v -0.00929600 -0.13998400 0.32238000
v -0.00924400 -0.13913100 0.32158800
v -0.00960200 -0.13396500 0.32271200
v -0.00956200 -0.13001500 0.32158800
v -0.00973300 -0.13001500 0.32267000
v -0.01023000 -0.13001500 0.32364500
v -0.01011900 -0.13396500 0.32372600
v -0.01100500 -0.13001500 0.32442000
v -0.01092400 -0.13396500 0.32453100
v -0.01198000 -0.13001500 0.32491700
v -0.01166000 -0.14183200 0.32524100
v -0.01231400 -0.14161600 0.32542100
v -0.01654600 -0.12955500 0.31862400
v -0.01602100 -0.12956100 0.31817000
v -0.01655700 -0.12987700 0.31937200
v -0.01518300 -0.12988100 0.31818000
v -0.01376000 -0.12988600 0.31708500
v -0.01336300 -0.12958800 0.31615100
v -0.01151200 -0.12989100 0.31561300
v -0.01040300 -0.12960800 0.31440200
v -0.00956700 -0.12989600 0.31457700
v -0.00957600 -0.12961400 0.31400100
v -0.01656200 -0.13001500 0.32158800
v -0.01655900 -0.13001500 0.32173200
v -0.01667500 -0.13323300 0.32158800
v -0.01655000 -0.13001500 0.32187700
v -0.01666600 -0.13380500 0.32204000
v -0.01653500 -0.13001500 0.32202100
v -0.01666600 -0.13380500 0.32204000
v -0.01653500 -0.13001500 0.32202100
v -0.01653500 -0.13001500 0.32202600
v -0.01390600 -0.14038700 0.32535700
v -0.01413400 -0.13744700 0.32519100
v -0.01306200 -0.14116300 0.32547700
v -0.01409700 -0.13373100 0.32506700
v -0.01306200 -0.13001500 0.32508800
v -0.01406000 -0.13001500 0.32494300
v -0.01497500 -0.13001500 0.32451900
v -0.01504600 -0.13373100 0.32462800
v -0.01573100 -0.13001500 0.32385200
v -0.01583000 -0.13373100 0.32393600
v -0.01626600 -0.13001500 0.32299800
v -0.01638500 -0.13373100 0.32304800
v -0.01653500 -0.13001500 0.32202600
v -0.01656200 -0.13469900 0.32267000
v -0.01666600 -0.13380500 0.32204000
v -0.01460400 -0.13950600 0.32509500
v -0.01511700 -0.13744700 0.32473600
v -0.01566600 -0.13760400 0.32430700
v -0.01635600 -0.13565000 0.32326500
v -0.01518500 -0.13857000 0.32473800
v 0.01279200 -0.14128400 0.32549600
v 0.01217600 -0.14163800 0.32543700
v 0.01293900 -0.14117800 0.32549500
v 0.01176700 -0.13792600 0.32519600
v 0.01180900 -0.13397100 0.32506500
v 0.01079000 -0.13397100 0.32454600
v 0.01087100 -0.13001500 0.32443400
v 0.01009300 -0.13001500 0.32365600
v 0.00998100 -0.13397100 0.32373700
v 0.00959400 -0.13001500 0.32267500
v 0.00946200 -0.13397100 0.32271800
v 0.00942100 -0.13001500 0.32158800
v 0.00920300 -0.13627800 0.32158800
v 0.00933100 -0.13792600 0.32276100
v 0.00918900 -0.13666700 0.32158800
v 0.00915600 -0.13999400 0.32238400
v 0.00910300 -0.13913700 0.32158800
v 0.01152300 -0.14185200 0.32525500
v 0.01088600 -0.14188200 0.32494100
v 0.01070900 -0.13792600 0.32465700
v 0.01033100 -0.14173200 0.32452400
v 0.00987000 -0.13792600 0.32381800
v 0.00975000 -0.14130500 0.32385300
v 0.00937100 -0.14071900 0.32314200
v 0.01185200 -0.13001500 0.32493400
v 0.01293900 -0.13001500 0.32510600
v 0.00910300 -0.13913700 0.32158800
v 0.00922900 -0.13553200 0.31852800
v 0.00918900 -0.13666700 0.32158800
v 0.00920300 -0.13627800 0.32158800
v 0.00942100 -0.13001500 0.32158800
v 0.00933100 -0.13260900 0.31621200
v 0.00942100 -0.13001500 0.31509400
v 0.00942700 -0.12989900 0.31456900
v 0.00943500 -0.12961400 0.31399300
v 0.00942100 -0.13001500 0.31509400
v 0.01055200 -0.13001500 0.32059900
v 0.00942100 -0.13001500 0.32158800
v 0.01035500 -0.13001500 0.32158800
v 0.00959400 -0.13001500 0.32267500
v 0.01055200 -0.13001500 0.32257700
v 0.01009300 -0.13001500 0.32365600
v 0.01111200 -0.13001500 0.32341500
v 0.01087100 -0.13001500 0.32443400
v 0.01195000 -0.13001500 0.32397500
v 0.01185200 -0.13001500 0.32493400
v 0.01293900 -0.13001500 0.32417200
v 0.01293900 -0.13001500 0.32510600
v 0.01402600 -0.13001500 0.32493300
v 0.01392800 -0.13001500 0.32397500
v 0.01500700 -0.13001500 0.32443400
v 0.01476600 -0.13001500 0.32341500
v 0.01578500 -0.13001500 0.32365600
v 0.01532600 -0.13001500 0.32257700
v 0.01628400 -0.13001500 0.32267500
v 0.01552300 -0.13001500 0.32158800
v 0.01552300 -0.13001500 0.32158800
v 0.01552300 -0.13001500 0.32158800
v 0.01645600 -0.13001500 0.32158800
v 0.01645600 -0.13001500 0.32158800
v 0.01645600 -0.13001500 0.32009500
v 0.01645600 -0.13001500 0.32009500
v 0.01532600 -0.13001500 0.32059900
v 0.01532600 -0.13001500 0.32059900
v 0.01536700 -0.13001500 0.31909900
v 0.01536700 -0.13001500 0.31909900
v 0.01476600 -0.13001500 0.31976100
v 0.01443500 -0.13001500 0.31831700
v 0.01392800 -0.13001500 0.31920100
v 0.01253400 -0.13001500 0.31690900
v 0.01293900 -0.13001500 0.31900400
v 0.01195000 -0.13001500 0.31920100
v 0.01111200 -0.13001500 0.31976100
v 0.01093800 -0.13001500 0.31590600
v -0.00924400 -0.13913100 0.32158800
v -0.00956200 -0.13001500 0.32158800
v -0.00937300 -0.13542300 0.31844600
v -0.00947300 -0.13255300 0.31617600
v -0.00956200 -0.13001500 0.31510100
v -0.00956700 -0.12989600 0.31457700
v -0.00957600 -0.12961400 0.31400100
v -0.01656200 -0.13001500 0.32007500
v -0.01655700 -0.12987700 0.31937200
v -0.01531600 -0.13001500 0.31894600
v -0.01518300 -0.12988100 0.31818000
v -0.01476800 -0.13001500 0.31848700
v -0.01424600 -0.13001500 0.31807000
v -0.01376000 -0.12988600 0.31708500
v -0.01364200 -0.13001500 0.31761000
v -0.01330400 -0.13001500 0.31736200
v -0.01283400 -0.13001500 0.31703100
v -0.01266800 -0.13001500 0.31691800
v -0.01250200 -0.13001500 0.31680600
v -0.01233400 -0.13001500 0.31669500
v -0.01151200 -0.12989100 0.31561300
v -0.01186400 -0.13001500 0.31639200
v -0.01109900 -0.13001500 0.31592800
v -0.01028300 -0.13001500 0.31547200
v -0.00956700 -0.12989600 0.31457700
v -0.00956200 -0.13001500 0.31510100
v -0.01667500 -0.13323300 0.32158800
v -0.01664300 -0.13234000 0.32085200
v -0.01656200 -0.13001500 0.32158800
v -0.01661200 -0.13144300 0.32012200
v -0.01656200 -0.13001500 0.32007500
v -0.01656200 -0.13001500 0.32007500
v -0.01657900 -0.13050200 0.31936900
v -0.01657900 -0.13050200 0.31936900
v -0.01657900 -0.13050200 0.31936900
v -0.01655700 -0.12987700 0.31937200
v -0.01655700 -0.12987700 0.31937200
v -0.01654600 -0.12955500 0.31862400
v -0.01028300 -0.13001500 0.31547200
v -0.01028300 -0.13001500 0.31547200
v -0.00956200 -0.13001500 0.31510100
v -0.00956200 -0.13001500 0.31510100
v -0.01068700 -0.13001500 0.32060400
v -0.01068700 -0.13001500 0.32060400
v -0.00956200 -0.13001500 0.32158800
v -0.01049100 -0.13001500 0.32158800
v -0.00973300 -0.13001500 0.32267000
v -0.01068700 -0.13001500 0.32257200
v -0.01023000 -0.13001500 0.32364500
v -0.01124400 -0.13001500 0.32340600
v -0.01100500 -0.13001500 0.32442000
v -0.01207800 -0.13001500 0.32396300
v -0.01198000 -0.13001500 0.32491700
v -0.01306200 -0.13001500 0.32415900
v -0.01306200 -0.13001500 0.32508800
v -0.01406000 -0.13001500 0.32494300
v -0.01404600 -0.13001500 0.32396300
v -0.01497500 -0.13001500 0.32451900
v -0.01488000 -0.13001500 0.32340600
v -0.01573100 -0.13001500 0.32385200
v -0.01543700 -0.13001500 0.32257200
v -0.01626600 -0.13001500 0.32299800
v -0.01653500 -0.13001500 0.32202600
v -0.01653500 -0.13001500 0.32202600
v -0.01563300 -0.13001500 0.32158800
v -0.01563300 -0.13001500 0.32158800
v -0.01563300 -0.13001500 0.32158800
v -0.01563300 -0.13001500 0.32158800
v -0.01653500 -0.13001500 0.32202100
v -0.01653500 -0.13001500 0.32202100
v -0.01655000 -0.13001500 0.32187700
v -0.01655900 -0.13001500 0.32173200
v -0.01656200 -0.13001500 0.32158800
v -0.01656200 -0.13001500 0.32158800
v -0.01656200 -0.13001500 0.32007500
v -0.01656200 -0.13001500 0.32007500
v -0.01543700 -0.13001500 0.32060400
v -0.01543700 -0.13001500 0.32060400
v -0.01531600 -0.13001500 0.31894600
v -0.01531600 -0.13001500 0.31894600
v -0.01531600 -0.13001500 0.31894600
v -0.01488000 -0.13001500 0.31977000
v -0.01488000 -0.13001500 0.31977000
v -0.01488000 -0.13001500 0.31977000
v -0.01476800 -0.13001500 0.31848700
v -0.01476800 -0.13001500 0.31848700
v -0.01404600 -0.13001500 0.31921300
v -0.01404600 -0.13001500 0.31921300
v -0.01424600 -0.13001500 0.31807000
v -0.01424600 -0.13001500 0.31807000
v -0.01306200 -0.13001500 0.31901700
v -0.01306200 -0.13001500 0.31901700
v -0.01364200 -0.13001500 0.31761000
v -0.01330400 -0.13001500 0.31736200
v -0.01283400 -0.13001500 0.31703100
v -0.01283400 -0.13001500 0.31703100
v -0.01283400 -0.13001500 0.31703100
v -0.01207800 -0.13001500 0.31921300
v -0.01207800 -0.13001500 0.31921300
v -0.01207800 -0.13001500 0.31921300
v -0.01266800 -0.13001500 0.31691800
v -0.01266800 -0.13001500 0.31691800
v -0.01250200 -0.13001500 0.31680600
v -0.01250200 -0.13001500 0.31680600
v -0.01233400 -0.13001500 0.31669500
v -0.01233400 -0.13001500 0.31669500
v -0.01186400 -0.13001500 0.31639200
v -0.01186400 -0.13001500 0.31639200
v -0.01124400 -0.13001500 0.31977000
v -0.01124400 -0.13001500 0.31977000
v -0.01109900 -0.13001500 0.31592800
v -0.01109900 -0.13001500 0.31592800
v 0.01293900 -0.13333900 0.36305000
v 0.01216400 -0.13555200 0.36309700
v 0.01293900 -0.13676100 0.36299000
v 0.01216900 -0.13741100 0.36306300
v 0.01293900 -0.13736000 0.36298000
v 0.01293900 -0.12991700 0.36310900
v 0.01217500 -0.13274500 0.36314500
v 0.01217100 -0.13368700 0.36312900
v 0.01216800 -0.13462000 0.36311300
v 0.01143900 -0.13369500 0.36337300
v 0.01143100 -0.13463000 0.36335900
v 0.01076300 -0.13366100 0.36378400
v 0.01075200 -0.13458700 0.36377100
v 0.01019700 -0.13358800 0.36432900
v 0.01018500 -0.13449600 0.36431800
v 0.00976700 -0.13349600 0.36498200
v 0.00975400 -0.13438100 0.36497300
v 0.00948200 -0.13341900 0.36571600
v 0.00946800 -0.13428500 0.36570800
v 0.00937600 -0.13339000 0.36647900
v 0.00936200 -0.13425000 0.36647500
v 0.00932400 -0.13614800 0.36725400
v 0.00934700 -0.13510900 0.36647100
v 0.00931200 -0.13678500 0.36725500
v 0.00932600 -0.13680100 0.36628100
v 0.01218600 -0.12991700 0.36319300
v 0.01218500 -0.13015200 0.36318900
v 0.01218400 -0.13038800 0.36318500
v 0.01218300 -0.13062400 0.36318100
v 0.01146400 -0.13038900 0.36342500
v 0.01146300 -0.13062500 0.36342100
v 0.01079900 -0.13038500 0.36382800
v 0.01079700 -0.13061900 0.36382500
v 0.01023800 -0.13037600 0.36436600
v 0.01023500 -0.13060500 0.36436400
v 0.00981100 -0.13036400 0.36501500
v 0.00980700 -0.13058800 0.36501200
v 0.00953100 -0.13035400 0.36574200
v 0.00952700 -0.13057300 0.36574000
v 0.00942900 -0.13035100 0.36649300
v 0.00942500 -0.13056800 0.36649200
v 0.00937800 -0.13303200 0.36725400
v 0.00942100 -0.13078500 0.36649100
v 0.00941700 -0.13100200 0.36649000
v 0.00952000 -0.13101100 0.36573600
v 0.00951700 -0.13123000 0.36573400
v 0.00979800 -0.13125900 0.36500500
v 0.00979200 -0.13170600 0.36500100
v 0.01022000 -0.13175200 0.36435000
v 0.01021400 -0.13221100 0.36434500
v 0.01077800 -0.13225700 0.36380300
v 0.01077300 -0.13272500 0.36379600
v 0.01144600 -0.13275100 0.36338800
v 0.01146600 -0.13015300 0.36342900
v 0.01146800 -0.12991700 0.36343200
v 0.01080200 -0.13015100 0.36383100
v 0.01070900 -0.12991700 0.36391000
v 0.01024100 -0.13014600 0.36436900
v 0.01024400 -0.12991700 0.36437200
v 0.01024400 -0.12991700 0.36437200
v 0.00981400 -0.13014000 0.36501700
v 0.00981400 -0.12991700 0.36502600
v 0.00953400 -0.13013600 0.36574400
v 0.00953700 -0.12991700 0.36574500
v 0.00943200 -0.13013400 0.36649400
v 0.00943200 -0.12991700 0.36725400
v 0.00939100 -0.13252200 0.36648300
v 0.00939900 -0.13208800 0.36648500
v 0.00949600 -0.13254300 0.36572300
v 0.00950300 -0.13210600 0.36572700
v 0.00977900 -0.13260100 0.36499100
v 0.00978500 -0.13215400 0.36499600
v 0.01020900 -0.13267000 0.36434000
v 0.00945500 -0.13515100 0.36570100
v 0.00942700 -0.13686800 0.36568600
v 0.00974200 -0.13526600 0.36496300
v 0.00973300 -0.13704400 0.36491500
v 0.01017300 -0.13540400 0.36430800
v 0.01015000 -0.13721500 0.36428700
v 0.01074200 -0.13551300 0.36375900
v 0.01079300 -0.13736400 0.36368000
v 0.01142400 -0.13556400 0.36334400
v 0.01140900 -0.13742000 0.36331500
v 0.01218300 -0.13085900 0.36317700
v 0.01218200 -0.13109500 0.36317300
v 0.01146100 -0.13086100 0.36341800
v 0.01145900 -0.13109800 0.36341400
v 0.01079400 -0.13085300 0.36382200
v 0.01079100 -0.13108700 0.36381800
v 0.01023200 -0.13083400 0.36436100
v 0.01022900 -0.13106400 0.36435800
v 0.00980400 -0.13081100 0.36501000
v 0.00980100 -0.13103500 0.36500800
v 0.00952400 -0.13079200 0.36573800
v 0.01218100 -0.13133100 0.36316900
v 0.01145700 -0.13133400 0.36341000
v 0.01078900 -0.13132100 0.36381500
v 0.01022600 -0.13129300 0.36435600
v 0.01217700 -0.13227300 0.36315300
v 0.01145000 -0.13227800 0.36339500
v 0.00941400 -0.13121900 0.36648900
v 0.00940600 -0.13165400 0.36648700
v 0.01217900 -0.13180200 0.36316100
v 0.01145300 -0.13180600 0.36340300
v 0.01078400 -0.13178900 0.36380900
v 0.00951000 -0.13166800 0.36573000
v 0.01470400 -0.13478100 0.36349900
v 0.01469500 -0.13463600 0.36349300
v 0.01488400 -0.13740900 0.36355100
v 0.01435800 -0.12991700 0.36341400
v 0.01406700 -0.13733600 0.36315700
v 0.01390000 -0.12991700 0.36324700
v 0.01364100 -0.13732100 0.36304900
v 0.01342500 -0.12991700 0.36314300
v 0.01334700 -0.13733500 0.36300300
v 0.01293900 -0.12991700 0.36310900
v 0.01293900 -0.13333900 0.36305000
v 0.01293900 -0.13676100 0.36299000
v 0.01293900 -0.13736000 0.36298000
v 0.01485500 -0.13695600 0.36354300
v 0.01482400 -0.13650300 0.36353300
v 0.01479300 -0.13605000 0.36352300
v 0.01474500 -0.13536100 0.36350900
v 0.00931200 -0.13678500 0.36725500
v 0.00935200 -0.13449900 0.36947900
v 0.00814500 -0.13670100 0.36775400
v 0.00709000 -0.13482900 0.36990300
v 0.00624000 -0.13659100 0.36841000
v 0.00476600 -0.13477000 0.37049000
v 0.00477000 -0.13652700 0.36879300
v 0.00237100 -0.13646000 0.36919700
v 0.00235900 -0.13475500 0.37083400
v 0.00115300 -0.13476300 0.37091100
v 0.00235200 -0.13198300 0.37326100
v -0.00006100 -0.13197400 0.37338100
v 0.00939400 -0.13210700 0.37159200
v 0.00925300 -0.13210400 0.37164600
v 0.00911200 -0.13210000 0.37169900
v 0.00897100 -0.13209600 0.37175100
v 0.00875000 -0.13209000 0.37183100
v 0.00852800 -0.13208400 0.37190800
v 0.00830600 -0.13207800 0.37198500
v 0.00655900 -0.13204000 0.37250900
v 0.00417700 -0.13200100 0.37302100
v -0.00005700 -0.13436500 0.37130400
v -0.00005800 -0.13546100 0.37029100
v -0.00005900 -0.13643900 0.36933800
v 0.00932600 -0.13680100 0.36628100
v 0.00931200 -0.13678500 0.36725500
v 0.00814500 -0.13670900 0.36681900
v 0.00814500 -0.13670100 0.36775400
v 0.00814200 -0.13670900 0.36682000
v 0.00599800 -0.13658200 0.36755700
v 0.00624000 -0.13659100 0.36841000
v 0.00477000 -0.13652700 0.36879300
v 0.00393700 -0.13649900 0.36804700
v 0.00237100 -0.13646000 0.36919700
v 0.00169800 -0.13644800 0.36835300
v -0.00005900 -0.13643900 0.36933800
v -0.00014100 -0.13643600 0.36843100
v -0.00247200 -0.13646000 0.36921500
v -0.00234200 -0.13645600 0.36831700
v -0.00485800 -0.13652400 0.36882900
v -0.00424200 -0.13650400 0.36804100
v -0.00630700 -0.13658900 0.36755000
v -0.00650600 -0.13659500 0.36840700
v -0.00811700 -0.13668600 0.36786200
v -0.00825800 -0.13670300 0.36687900
v -0.00856000 -0.13671500 0.36768800
v -0.00827400 -0.13670400 0.36687300
v -0.00899900 -0.13674600 0.36750500
v -0.00943300 -0.13677800 0.36731200
v -0.00944400 -0.13679300 0.36634500
v 0.02998100 -0.09540500 0.35691200
v 0.03018900 -0.09533700 0.35642300
v 0.03017700 -0.09540500 0.35642900
v 0.03017700 -0.09540500 0.35642900
v 0.03058900 -0.09540500 0.35536400
v 0.03110800 -0.09529000 0.35389700
v 0.03103200 -0.09540500 0.35408300
v 0.03180000 -0.09540500 0.35130400
v 0.03180000 -0.09540500 0.35130400
v 0.03180400 -0.09537500 0.35130500
v 0.03181600 -0.09540500 0.35123400
v 0.02906800 -0.09242700 0.36131500
v 0.02802300 -0.09192800 0.36192000
v 0.02793800 -0.09241700 0.36310800
v 0.02657600 -0.09191800 0.36401400
v 0.02561900 -0.09240300 0.36614300
v 0.02497200 -0.09191100 0.36598900
v 0.02322200 -0.09190500 0.36783700
v 0.02299200 -0.09142600 0.36729200
v 0.02141900 -0.09142200 0.36875300
v 0.02930600 -0.09194300 0.35972200
v 0.03009000 -0.09244200 0.35946300
v 0.03041600 -0.09196500 0.35743200
v 0.03081600 -0.09245500 0.35794600
v 0.03181900 -0.09248700 0.35544500
v 0.03259000 -0.09254000 0.35297400
v 0.03186200 -0.09202900 0.35344700
v 0.03134500 -0.09199800 0.35506300
v 0.02997800 -0.09148200 0.35702200
v 0.02890200 -0.09146000 0.35928100
v 0.03264600 -0.09213600 0.35014800
v 0.03317200 -0.09261900 0.35045300
v 0.03285000 -0.09224300 0.34889700
v 0.03344000 -0.09278300 0.34878100
v 0.03300100 -0.09245400 0.34765100
v 0.03360700 -0.09315000 0.34712800
v 0.03310000 -0.09277300 0.34642300
v 0.03369100 -0.09373000 0.34545600
v 0.03260900 -0.09251400 0.34544600
v 0.03262300 -0.09268900 0.34500300
v 0.03256200 -0.09222100 0.34634200
v 0.03249800 -0.09202100 0.34713300
v 0.03243800 -0.09190400 0.34772400
v 0.03233700 -0.09178100 0.34853500
v 0.03225100 -0.09171600 0.34912300
v 0.03200300 -0.09162800 0.35051900
v 0.03151100 -0.09155800 0.35262000
v 0.03087900 -0.09151700 0.35468800
v 0.02765800 -0.09144700 0.36145200
v 0.02625100 -0.09143700 0.36352100
v 0.02446500 -0.09143000 0.36573300
v 0.02133700 -0.09190200 0.36954700
v 0.01975300 -0.09142000 0.37010800
v 0.01932900 -0.09190000 0.37111000
v 0.01800400 -0.09141900 0.37135300
v 0.01720900 -0.09190000 0.37251900
v 0.01617700 -0.09141800 0.37248100
v 0.01498900 -0.09189900 0.37376200
v 0.01428100 -0.09141700 0.37348800
v 0.01268000 -0.09189900 0.37483100
v 0.01232300 -0.09141700 0.37436800
v 0.01033100 -0.09150100 0.37523500
v 0.01031100 -0.09141600 0.37511700
v 0.01038900 -0.09193300 0.37572800
v 0.01036100 -0.09204800 0.37587800
v 0.01233900 -0.09239100 0.37559100
v 0.01033300 -0.09216100 0.37602700
v 0.01030500 -0.09227500 0.37617600
v 0.01027700 -0.09239000 0.37632500
v 0.01500900 -0.09239100 0.37440400
v 0.01753600 -0.09239100 0.37300800
v 0.01971100 -0.09239200 0.37156400
v 0.02170700 -0.09239300 0.37001000
v 0.02336500 -0.09239600 0.36852300
v -0.02732600 -0.13584400 0.34783000
v -0.02701800 -0.13572400 0.34932300
v -0.02733500 -0.13527000 0.34983700
v -0.02693500 -0.13524900 0.35101200
v -0.02726300 -0.13490400 0.35110900
v -0.02674400 -0.13477600 0.35269400
v -0.02687800 -0.13408500 0.35396800
v -0.02644900 -0.13430700 0.35436100
v -0.02604900 -0.13384500 0.35600900
v -0.02571900 -0.13421800 0.35589300
v -0.02521800 -0.13378200 0.35747400
v -0.02489800 -0.13417000 0.35732100
v -0.02430600 -0.13376400 0.35883100
v -0.02399900 -0.13416600 0.35864100
v -0.02332600 -0.13378800 0.36007700
v -0.02216400 -0.13542100 0.35916900
v -0.02147700 -0.13512400 0.36042800
v -0.02187300 -0.13581800 0.35894100
v -0.02120500 -0.13553800 0.36016600
v -0.02093400 -0.13594500 0.35990400
v -0.02021500 -0.13569100 0.36105700
v -0.01971700 -0.13652300 0.36046800
v -0.01898000 -0.13630900 0.36151900
v -0.01853200 -0.13714900 0.36086900
v -0.01779100 -0.13697100 0.36182300
v -0.01808200 -0.13796800 0.36021800
v -0.01666600 -0.13767300 0.36198000
v -0.02698600 -0.13619900 0.34763200
v -0.02715100 -0.13641800 0.34582900
v -0.02666100 -0.13647000 0.34771100
v -0.02633700 -0.13673800 0.34778900
v -0.02635200 -0.13630400 0.34940200
v -0.02602000 -0.13658800 0.34944000
v -0.02592400 -0.13617400 0.35101300
v -0.02458200 -0.13735200 0.35099900
v -0.02438400 -0.13701800 0.35240900
v -0.02424500 -0.13763800 0.35099300
v -0.02404700 -0.13732400 0.35236500
v -0.02371100 -0.13762400 0.35232000
v -0.02343700 -0.13733100 0.35364100
v -0.02277000 -0.13795700 0.35347200
v -0.02243100 -0.13770400 0.35470100
v -0.02177600 -0.13834900 0.35445400
v -0.02138500 -0.13813600 0.35558900
v -0.02112400 -0.13897300 0.35420500
v -0.02032300 -0.13862100 0.35631000
v -0.02601300 -0.13700300 0.34786500
v -0.02465600 -0.13836100 0.34673800
v -0.02472000 -0.13802400 0.34815900
v -0.02439600 -0.13827200 0.34822900
v -0.02469500 -0.13768800 0.34958100
v -0.02436300 -0.13795500 0.34961300
v -0.02217800 -0.14008700 0.34756300
v -0.02342900 -0.13899100 0.34843300
v -0.02407300 -0.13851500 0.34829900
v -0.02403200 -0.13821700 0.34964500
v -0.02391000 -0.13791900 0.35098600
v -0.02278700 -0.13945300 0.34856300
v -0.02205800 -0.13971000 0.34980900
v -0.02271300 -0.13922900 0.34975900
v -0.02257400 -0.13900600 0.35094900
v -0.02337200 -0.13873000 0.34970400
v -0.02324100 -0.13847000 0.35097000
v -0.02170500 -0.13933700 0.35203000
v -0.02237000 -0.13878400 0.35213000
v -0.02304000 -0.13821200 0.35222700
v -0.02210400 -0.13856500 0.35329900
v -0.01930600 -0.13828500 0.35832200
v -0.02042100 -0.13772400 0.35779100
v -0.02093300 -0.13792800 0.35670300
v -0.02202300 -0.13745600 0.35591000
v -0.02308700 -0.13704200 0.35494500
v -0.02377000 -0.13701200 0.35372400
v -0.02410500 -0.13668800 0.35380700
v -0.02573000 -0.13576200 0.35257700
v -0.02626100 -0.13586900 0.35101400
v -0.02668500 -0.13601600 0.34936300
v -0.01921800 -0.13733400 0.35987800
v -0.01984900 -0.13752600 0.35885100
v -0.02100200 -0.13697600 0.35825200
v -0.02154600 -0.13721300 0.35709500
v -0.02215900 -0.13648000 0.35748500
v -0.02266100 -0.13675800 0.35622800
v -0.02298000 -0.13640200 0.35638600
v -0.02341500 -0.13670400 0.35506600
v -0.02330000 -0.13604100 0.35654400
v -0.02374400 -0.13636200 0.35518700
v -0.02506000 -0.13495000 0.35566000
v -0.02544300 -0.13535300 0.35412800
v -0.02577800 -0.13500900 0.35420700
v -0.02606800 -0.13543700 0.35261700
v -0.02640500 -0.13510900 0.35265600
v -0.02659800 -0.13556100 0.35101400
v -0.01699900 -0.13680200 0.36273500
v -0.01507600 -0.13739400 0.36359700
v -0.01615800 -0.13664000 0.36360500
v -0.01574600 -0.13638800 0.36419200
v -0.01642300 -0.13572200 0.36440400
v -0.01623600 -0.13537200 0.36491100
v -0.01668500 -0.13478200 0.36520100
v -0.01653800 -0.13436100 0.36573400
v -0.01681500 -0.13430200 0.36559900
v -0.01694500 -0.13381800 0.36599700
v -0.01782300 -0.13452400 0.36461800
v -0.01798600 -0.13405200 0.36499300
v -0.01876900 -0.13476000 0.36358000
v -0.01896300 -0.13430100 0.36393100
v -0.01965000 -0.13500800 0.36249000
v -0.01987300 -0.13456300 0.36281300
v -0.02046300 -0.13526700 0.36135000
v -0.02071200 -0.13483800 0.36164400
v -0.01663100 -0.13338200 0.36663700
v -0.01745500 -0.13182000 0.36758200
v -0.01863200 -0.13210600 0.36649000
v -0.01879300 -0.13160500 0.36686300
v -0.01992800 -0.13192400 0.36567600
v -0.02011900 -0.13143200 0.36602300
v -0.02120200 -0.13178400 0.36474100
v -0.02142300 -0.13130200 0.36506100
v -0.02244400 -0.13168800 0.36368400
v -0.02164300 -0.13081400 0.36538000
v -0.02312700 -0.13140400 0.36332400
v -0.01660100 -0.13167400 0.36825900
v -0.01758100 -0.13130700 0.36797800
v -0.01895200 -0.13109900 0.36723600
v -0.02031000 -0.13093400 0.36637100
v -0.01657100 -0.12991700 0.36982700
v -0.01770700 -0.13078700 0.36837300
v -0.01911100 -0.13058700 0.36760800
v -0.01978800 -0.13021600 0.36746900
v -0.01783100 -0.13026200 0.36876700
v -0.01656800 -0.12975800 0.36996400
v -0.01780400 -0.12969500 0.36928800
v -0.01656500 -0.12959900 0.37010100
v -0.01656200 -0.12944000 0.37023700
v -0.01656600 -0.12942600 0.37025700
v -0.02337000 -0.13209200 0.36224600
v -0.02382000 -0.13172600 0.36219800
v -0.02419700 -0.13251200 0.36075300
v -0.02522800 -0.13252800 0.35940000
v -0.02492100 -0.13294500 0.35921100
v -0.02553900 -0.13339000 0.35762700
v -0.02461300 -0.13335700 0.35902200
v -0.02618000 -0.13327200 0.35680400
v -0.02611400 -0.13466000 0.35428500
v -0.02390600 -0.13294200 0.36052800
v -0.02361600 -0.13336800 0.36030300
v -0.02310000 -0.13254100 0.36198700
v -0.02283000 -0.13298400 0.36172900
v -0.02255900 -0.13342200 0.36146900
v -0.02219700 -0.13215400 0.36339400
v -0.02195000 -0.13261400 0.36310300
v -0.02170300 -0.13307000 0.36281200
v -0.02246500 -0.13610600 0.35767900
v -0.02277300 -0.13572700 0.35787300
v -0.02158300 -0.13620900 0.35871200
v -0.02039200 -0.13674600 0.35937800
v -0.01942700 -0.13544700 0.36216700
v -0.01857400 -0.13521300 0.36323000
v -0.01765900 -0.13499100 0.36424200
v -0.01973600 -0.13241000 0.36532700
v -0.02076100 -0.13273200 0.36410000
v -0.02457800 -0.13455400 0.35716700
v -0.02538900 -0.13458600 0.35577700
v -0.01733000 -0.13590800 0.36349000
v -0.01818400 -0.13610300 0.36252700
v -0.02098200 -0.13226100 0.36442100
v 0.01232300 -0.09141700 0.37436800
v 0.01216600 -0.09232600 0.37439700
v 0.01031100 -0.09141600 0.37511700
v 0.01214200 -0.09335700 0.37436600
v 0.01026200 -0.09540500 0.37497400
v 0.01222200 -0.09540500 0.37425400
v 0.01395200 -0.09336000 0.37357300
v 0.01413100 -0.09540500 0.37340800
v 0.01571100 -0.09336300 0.37267200
v 0.01598300 -0.09540500 0.37244300
v 0.01741300 -0.09336900 0.37166800
v 0.01777000 -0.09540500 0.37136300
v 0.01905200 -0.09337500 0.37056400
v 0.01948600 -0.09540500 0.37017100
v 0.02062200 -0.09338300 0.36936300
v 0.02112200 -0.09540500 0.36887300
v 0.02211700 -0.09339200 0.36807100
v 0.02267500 -0.09540500 0.36747100
v 0.02353100 -0.09340300 0.36669100
v 0.02414000 -0.09540500 0.36596500
v 0.02430900 -0.09340900 0.36585700
v 0.02567200 -0.09342100 0.36423500
v 0.02575900 -0.09237900 0.36415400
v 0.02701300 -0.09238900 0.36242800
v 0.02625100 -0.09143700 0.36352100
v 0.02765800 -0.09144700 0.36145200
v 0.01398800 -0.09232800 0.37359500
v 0.01428100 -0.09141700 0.37348800
v 0.01575800 -0.09233100 0.37268500
v 0.01617700 -0.09141800 0.37248100
v 0.01746900 -0.09233500 0.37166900
v 0.01800400 -0.09141900 0.37135300
v 0.01911600 -0.09234000 0.37055200
v 0.01975300 -0.09142000 0.37010800
v 0.02069300 -0.09234600 0.36933800
v 0.02141900 -0.09142200 0.36875300
v 0.02219500 -0.09235400 0.36803200
v 0.02299200 -0.09142600 0.36729200
v 0.02361400 -0.09236300 0.36663700
v 0.02446500 -0.09143000 0.36573300
v 0.02439300 -0.09236900 0.36579300
v 0.02815300 -0.09240100 0.36062500
v 0.02890200 -0.09146000 0.35928100
v 0.02917300 -0.09241700 0.35875100
v 0.02997800 -0.09148200 0.35702200
v 0.03006900 -0.09243900 0.35681600
v 0.03087900 -0.09151700 0.35468800
v 0.03083600 -0.09246900 0.35482600
v 0.03151100 -0.09155800 0.35262000
v 0.03147100 -0.09250900 0.35279000
v 0.03200300 -0.09162800 0.35051900
v 0.03192300 -0.09354000 0.35092200
v 0.03141300 -0.09353700 0.35298600
v 0.03180400 -0.09537500 0.35130500
v 0.03110800 -0.09529000 0.35389700
v 0.03076900 -0.09350600 0.35500300
v 0.03018900 -0.09533700 0.35642300
v 0.02999400 -0.09348100 0.35697400
v 0.02998100 -0.09540500 0.35691200
v 0.02880800 -0.09540500 0.35934900
v 0.02743700 -0.09540500 0.36168100
v 0.02806900 -0.09344600 0.36074400
v 0.02909300 -0.09346200 0.35889000
v 0.02692700 -0.09343300 0.36252900
v 0.02587700 -0.09540500 0.36389200
v 0.00933700 -0.09072300 0.37645000
v 0.00967900 -0.09077400 0.37637200
v 0.00933700 -0.09072300 0.37545100
v 0.00992500 -0.09089300 0.37526200
v 0.00998400 -0.09093700 0.37635900
v 0.01021200 -0.09119500 0.37641700
v 0.01033100 -0.09150600 0.37653400
v 0.01032600 -0.09150600 0.37615800
v 0.01032100 -0.09150600 0.37578200
v 0.01032600 -0.09150400 0.37540600
v 0.01033100 -0.09150100 0.37523500
v 0.01031100 -0.09141600 0.37511700
v 0.00992500 -0.09089300 0.37526200
v 0.00986000 -0.09201500 0.37523900
v 0.00933700 -0.09072300 0.37545100
v 0.00924000 -0.09189600 0.37543500
v 0.00880800 -0.09191300 0.37556100
v 0.00917100 -0.09306800 0.37541000
v 0.00874200 -0.09309100 0.37553400
v 0.00910300 -0.09422800 0.37538400
v 0.00867700 -0.09424900 0.37550600
v 0.00776200 -0.09540500 0.37569900
v 0.00782000 -0.09430100 0.37573400
v 0.00695700 -0.09436700 0.37593900
v 0.00701000 -0.09322300 0.37597500
v 0.00525800 -0.09339500 0.37632300
v 0.00530000 -0.09212600 0.37635700
v 0.00352100 -0.09224600 0.37660900
v 0.00534500 -0.09072300 0.37638200
v 0.00265200 -0.09072300 0.37671900
v 0.00173200 -0.09233900 0.37676100
v -0.00006000 -0.09072300 0.37683100
v -0.00006000 -0.09225700 0.37681400
v -0.00006000 -0.09355000 0.37678300
v 0.00171700 -0.09370000 0.37672500
v -0.00006000 -0.09460000 0.37674000
v 0.00170400 -0.09479200 0.37667500
v -0.00006000 -0.09540500 0.37668200
v 0.00257300 -0.09540500 0.37656700
v 0.00346500 -0.09467400 0.37652600
v 0.00518500 -0.09540500 0.37623500
v 0.00521800 -0.09452000 0.37628000
v 0.01011700 -0.09218500 0.37514900
v 0.01011700 -0.09218500 0.37514900
v 0.01031100 -0.09141600 0.37511700
v 0.01006800 -0.09326000 0.37512300
v 0.01006800 -0.09326000 0.37512300
v 0.01026200 -0.09540500 0.37497400
v 0.01001900 -0.09433400 0.37509600
v 0.00972800 -0.09426500 0.37519200
v 0.00979400 -0.09314100 0.37521500
v 0.00706500 -0.09200500 0.37600700
v 0.00800100 -0.09072300 0.37582200
v 0.00794000 -0.09195300 0.37579600
v 0.00787900 -0.09315000 0.37576600
v 0.00349200 -0.09356700 0.37657400
v 0.01170000 -0.12991700 0.37194700
v 0.00943200 -0.12991700 0.37292000
v 0.01112300 -0.12991700 0.36843600
v 0.00943200 -0.12991700 0.36725400
v 0.01056600 -0.12991700 0.36760200
v 0.01037000 -0.12991700 0.36661800
v 0.00953700 -0.12991700 0.36574500
v 0.01056600 -0.12991700 0.36563400
v 0.01056600 -0.12991700 0.36563400
v 0.00981400 -0.12991700 0.36502600
v 0.01024400 -0.12991700 0.36437200
v 0.01024400 -0.12991700 0.36437200
v 0.01024400 -0.12991700 0.36437200
v 0.01024400 -0.12991700 0.36437200
v 0.01112300 -0.12991700 0.36480000
v 0.01070900 -0.12991700 0.36391000
v 0.01146800 -0.12991700 0.36343200
v 0.01195700 -0.12991700 0.36424300
v 0.01218600 -0.12991700 0.36319300
v 0.01294100 -0.12991700 0.36404700
v 0.01294100 -0.12991700 0.36404700
v 0.01293900 -0.12991700 0.36310900
v 0.01293900 -0.12991700 0.36310900
v 0.01342500 -0.12991700 0.36314300
v 0.01342500 -0.12991700 0.36314300
v 0.01392500 -0.12991700 0.36424300
v 0.01392500 -0.12991700 0.36424300
v 0.01390000 -0.12991700 0.36324700
v 0.01435800 -0.12991700 0.36341400
v 0.01435800 -0.12991700 0.36341400
v 0.01435800 -0.12991700 0.36341400
v 0.01475900 -0.12991700 0.36480000
v 0.01475900 -0.12991700 0.36480000
v 0.01521800 -0.12991700 0.36394800
v 0.01521800 -0.12991700 0.36394800
v 0.01588600 -0.12991700 0.36470900
v 0.01531600 -0.12991700 0.36563400
v 0.01630800 -0.12991700 0.36563000
v 0.01551200 -0.12991700 0.36661800
v 0.01645000 -0.12991700 0.36663300
v 0.01531600 -0.12991700 0.36760200
v 0.01645000 -0.12991700 0.36930600
v 0.01475900 -0.12991700 0.36843600
v 0.01518200 -0.12991700 0.37010200
v 0.01392500 -0.12991700 0.36899300
v 0.01386900 -0.12991700 0.37085200
v 0.01294100 -0.12991700 0.36918900
v 0.01195700 -0.12991700 0.36899300
v -0.01043300 -0.09141300 0.37511300
v -0.01161100 -0.09141300 0.37469500
v -0.01045600 -0.09150500 0.37522800
v -0.01046700 -0.09161600 0.37535200
v -0.01048200 -0.09172200 0.37547800
v -0.01358500 -0.09190200 0.37450400
v -0.01049700 -0.09182800 0.37560400
v -0.01051300 -0.09193400 0.37572900
v -0.01192300 -0.09238700 0.37579900
v -0.01048400 -0.09204800 0.37588000
v -0.01045600 -0.09216300 0.37603000
v -0.01042900 -0.09227100 0.37617300
v -0.01040000 -0.09238900 0.37632800
v -0.01308400 -0.09141300 0.37409700
v -0.01478500 -0.09141400 0.37329900
v -0.01660900 -0.09190400 0.37296600
v -0.01651000 -0.09141500 0.37236100
v -0.01817600 -0.09141700 0.37132300
v -0.01946200 -0.09190500 0.37112800
v -0.01977800 -0.09142000 0.37018700
v -0.02130900 -0.09142200 0.36895700
v -0.02211500 -0.09190900 0.36901200
v -0.02276300 -0.09142600 0.36763900
v -0.02454000 -0.09191500 0.36663800
v -0.02459000 -0.09143100 0.36573200
v -0.02670800 -0.09192300 0.36402700
v -0.02637400 -0.09143800 0.36351900
v -0.02815100 -0.09193200 0.36192900
v -0.02791300 -0.09144800 0.36123500
v -0.02943100 -0.09194600 0.35972800
v -0.02940100 -0.09146700 0.35853700
v -0.03053900 -0.09196700 0.35743700
v -0.03063100 -0.09150000 0.35571200
v -0.03146900 -0.09199900 0.35506700
v -0.03100200 -0.09151600 0.35468600
v -0.03163500 -0.09156200 0.35261900
v -0.03221400 -0.09205200 0.35263300
v -0.03212700 -0.09163600 0.35051600
v -0.03277300 -0.09214100 0.35015100
v -0.03225400 -0.09166800 0.34984700
v -0.03297600 -0.09224500 0.34889800
v -0.03255500 -0.09190300 0.34772100
v -0.03312300 -0.09245400 0.34765100
v -0.03266800 -0.09221000 0.34633800
v -0.03321900 -0.09277100 0.34642300
v -0.03273200 -0.09267100 0.34499500
v -0.03309100 -0.09302500 0.34514900
v -0.03344900 -0.09337900 0.34530300
v -0.03374900 -0.09321700 0.34689900
v -0.03361700 -0.09285500 0.34835600
v -0.03345500 -0.09267700 0.34953700
v -0.03299700 -0.09256900 0.35185800
v -0.03251700 -0.09251800 0.35367400
v -0.03168900 -0.09247300 0.35613500
v -0.03157000 -0.09246900 0.35644200
v -0.03380700 -0.09373300 0.34545700
v -0.03144900 -0.09246500 0.35674800
v -0.03132400 -0.09246100 0.35705300
v -0.02990100 -0.09243300 0.36006000
v -0.02819100 -0.09241500 0.36291300
v -0.02704000 -0.09240700 0.36453200
v -0.02480200 -0.09240000 0.36719500
v -0.02192100 -0.09239400 0.36993600
v -0.01900500 -0.09239100 0.37214400
v -0.01630100 -0.09238900 0.37379400
v -0.01487400 -0.09238800 0.37453100
v -0.01341300 -0.09238700 0.37520000
v -0.01173000 -0.09540500 0.37449500
v -0.01300900 -0.09464400 0.37400600
v -0.01038700 -0.09540500 0.37497400
v -0.01304900 -0.09294700 0.37405400
v -0.01043300 -0.09141300 0.37511300
v -0.01161100 -0.09141300 0.37469500
v -0.01308400 -0.09141300 0.37409700
v -0.01478500 -0.09141400 0.37329900
v -0.01561000 -0.09295200 0.37281100
v -0.01651000 -0.09141500 0.37236100
v -0.01804200 -0.09296000 0.37135900
v -0.01817600 -0.09141700 0.37132300
v -0.01977800 -0.09142000 0.37018700
v -0.02034000 -0.09297000 0.36970400
v -0.02130900 -0.09142200 0.36895700
v -0.02248800 -0.09298400 0.36785800
v -0.02276300 -0.09142600 0.36763900
v -0.02446700 -0.09300000 0.36583200
v -0.02459000 -0.09143100 0.36573200
v -0.02583300 -0.09301300 0.36420100
v -0.02637400 -0.09143800 0.36351900
v -0.02708800 -0.09302400 0.36248600
v -0.02791300 -0.09144800 0.36123500
v -0.02822900 -0.09303700 0.36069300
v -0.02940100 -0.09146700 0.35853700
v -0.02925100 -0.09305300 0.35883100
v -0.03015100 -0.09307500 0.35690800
v -0.02911200 -0.09472500 0.35904500
v -0.03001900 -0.09473700 0.35715300
v -0.02995800 -0.09540500 0.35724900
v -0.03074400 -0.09540500 0.35531300
v -0.01331000 -0.09540500 0.37384500
v -0.01508000 -0.09540500 0.37299700
v -0.01553400 -0.09464800 0.37278700
v -0.01699700 -0.09540500 0.37192400
v -0.01794300 -0.09465500 0.37136000
v -0.01896500 -0.09540500 0.37063800
v -0.02022300 -0.09466300 0.36973500
v -0.02084100 -0.09540500 0.36921100
v -0.02235600 -0.09467400 0.36792100
v -0.02261000 -0.09540500 0.36765300
v -0.02432500 -0.09468600 0.36593100
v -0.02426000 -0.09540500 0.36597000
v -0.02562100 -0.09540500 0.36437700
v -0.02568700 -0.09469500 0.36432700
v -0.02687500 -0.09540500 0.36270100
v -0.02694200 -0.09470500 0.36264000
v -0.02801900 -0.09540500 0.36094900
v -0.02808500 -0.09471400 0.36087700
v -0.02904800 -0.09540500 0.35912900
v -0.03080100 -0.09475200 0.35520700
v -0.03140200 -0.09540500 0.35333100
v -0.03145300 -0.09477000 0.35321600
v -0.03192700 -0.09540500 0.35131000
v -0.03204800 -0.09356500 0.35092400
v -0.03156100 -0.09314000 0.35291500
v -0.03212700 -0.09163600 0.35051600
v -0.03163500 -0.09156200 0.35261900
v -0.03092300 -0.09310300 0.35493000
v -0.03100200 -0.09151600 0.35468600
v -0.03063100 -0.09150000 0.35571200
v -0.01022000 -0.09104100 0.37519800
v -0.01010800 -0.09093700 0.37636000
v -0.00987700 -0.09080100 0.37531800
v -0.00980300 -0.09077400 0.37637200
v -0.00946000 -0.09072800 0.37545000
v -0.00946000 -0.09072800 0.37644800
v -0.01033600 -0.09119600 0.37641700
v -0.01043300 -0.09141300 0.37511300
v -0.01045700 -0.09150600 0.37653500
v -0.01045600 -0.09150500 0.37522800
v -0.00637400 -0.09072300 0.37718400
v -0.00946000 -0.09072800 0.37644800
v -0.00925600 -0.09194500 0.37711200
v -0.00980300 -0.09077400 0.37637200
v -0.01010800 -0.09093700 0.37636000
v -0.01033600 -0.09119600 0.37641700
v -0.01033600 -0.09119600 0.37641700
v -0.01051000 -0.09194300 0.37673900
v -0.01051000 -0.09194300 0.37673900
v -0.01045700 -0.09150600 0.37653500
v -0.00674500 -0.09194100 0.37770400
v -0.00507700 -0.09194600 0.37798900
v -0.00323200 -0.09072300 0.37761600
v -0.00384000 -0.09194900 0.37814100
v -0.00366500 -0.09194500 0.37816100
v -0.00337800 -0.09194600 0.37818900
v -0.00297900 -0.09194500 0.37822200
v -0.00246600 -0.09194000 0.37825600
v -0.00006200 -0.09193300 0.37831700
v -0.00006200 -0.09072300 0.37774000
v -0.00384000 -0.09194900 0.37814100
v -0.00507700 -0.09194600 0.37798900
v -0.00379800 -0.09324100 0.37809700
v -0.00679800 -0.09575500 0.37751500
v -0.00375500 -0.09453300 0.37804500
v -0.00371100 -0.09582400 0.37798700
v -0.00674500 -0.09194100 0.37770400
v -0.00740000 -0.09572300 0.37739000
v -0.00799700 -0.09565200 0.37725700
v -0.00925600 -0.09194500 0.37711200
v -0.00873500 -0.09538300 0.37708500
v -0.00940100 -0.09471200 0.37693600
v -0.00976200 -0.09405500 0.37686400
v -0.01051000 -0.09194300 0.37673900
v -0.01004800 -0.09336100 0.37681300
v -0.00679800 -0.09575500 0.37751500
v -0.00511300 -0.09726500 0.37742100
v -0.00371100 -0.09582400 0.37798700
v -0.00259600 -0.09732800 0.37770100
v -0.00334700 -0.09584300 0.37801900
v -0.00252700 -0.09584700 0.37808200
v -0.00175200 -0.09733200 0.37775500
v -0.00170600 -0.09585000 0.37812100
v -0.00090700 -0.09732300 0.37779000
v -0.00048500 -0.09731400 0.37780000
v -0.00695300 -0.09718200 0.37709200
v -0.00740000 -0.09572300 0.37739000
v -0.00759700 -0.09712400 0.37695100
v -0.00799700 -0.09565200 0.37725700
v -0.00837900 -0.09690200 0.37676800
v -0.00873500 -0.09538300 0.37708500
v -0.00898300 -0.09640100 0.37662500
v -0.00940100 -0.09471200 0.37693600
v -0.00938600 -0.09574500 0.37653400
v -0.00976200 -0.09405500 0.37686400
v -0.01004800 -0.09336100 0.37681300
v -0.00991100 -0.09431200 0.37642500
v -0.01051000 -0.09194300 0.37673900
v -0.01035500 -0.09257000 0.37646400
v -0.01028900 -0.09283600 0.37635100
v -0.00006200 -0.09729700 0.37780600
v -0.00006200 -0.09594200 0.37812600
v -0.00006200 -0.09585100 0.37814800
v -0.00943300 -0.13677800 0.36731200
v -0.00899900 -0.13674600 0.36750500
v -0.00944900 -0.13586900 0.36822400
v -0.00856000 -0.13671500 0.36768800
v -0.00785800 -0.13589200 0.36873900
v -0.00811700 -0.13668600 0.36786200
v -0.00650600 -0.13659500 0.36840700
v -0.00622600 -0.13579900 0.36926500
v -0.00485800 -0.13652400 0.36882900
v -0.00456200 -0.13572000 0.36967500
v -0.00247200 -0.13646000 0.36921500
v -0.00287300 -0.13565600 0.36996500
v -0.00005800 -0.13546100 0.37029100
v -0.00287200 -0.13472000 0.37084100
v -0.00005700 -0.13436500 0.37130400
v -0.00287100 -0.13443900 0.37109700
v -0.00195500 -0.13197800 0.37331900
v -0.00383400 -0.13199300 0.37312100
v -0.00005900 -0.13643900 0.36933800
v -0.00006100 -0.13197400 0.37338100
v -0.00456100 -0.13450200 0.37081400
v -0.00564700 -0.13201700 0.37279800
v -0.00623000 -0.13457600 0.37041700
v -0.00752600 -0.13205200 0.37232100
v -0.00786800 -0.13465800 0.36990900
v -0.00819600 -0.13206700 0.37211500
v -0.00949100 -0.13345600 0.37046600
v -0.00885900 -0.13208300 0.37189100
v -0.00951500 -0.13210000 0.37165000
v -0.00946900 -0.13474300 0.36929500
v -0.00786500 -0.13494800 0.36963900
v -0.00622900 -0.13486300 0.37015200
v -0.00456100 -0.13478600 0.37055400
v -0.01487400 -0.09238800 0.37453100
v -0.01630100 -0.09238900 0.37379400
v -0.01638200 -0.09414300 0.37368200
v -0.01900500 -0.09239100 0.37214400
v -0.01932700 -0.09415500 0.37184400
v -0.02192100 -0.09239400 0.36993600
v -0.02206900 -0.09416900 0.36971300
v -0.02480200 -0.09240000 0.36719500
v -0.02457600 -0.09418700 0.36731200
v -0.02610300 -0.09420100 0.36557100
v -0.02454700 -0.09441400 0.36732600
v -0.02607300 -0.09442900 0.36558900
v -0.02419600 -0.09710900 0.36749100
v -0.02570800 -0.09713800 0.36579100
v -0.02459600 -0.09822200 0.36696900
v -0.02572300 -0.09822100 0.36566900
v -0.02680700 -0.09822200 0.36427600
v -0.02710000 -0.09716900 0.36399200
v -0.02773900 -0.09822200 0.36294700
v -0.02836600 -0.09720400 0.36210200
v -0.02814600 -0.09822200 0.36231900
v -0.02938600 -0.09822200 0.36019000
v -0.02950000 -0.09724600 0.36013000
v -0.03049700 -0.09729600 0.35808500
v -0.03088400 -0.09452600 0.35772100
v -0.03173400 -0.09456900 0.35557100
v -0.03176600 -0.09433500 0.35553700
v -0.03275600 -0.09443200 0.35221000
v -0.03251700 -0.09251800 0.35367400
v -0.03299700 -0.09256900 0.35185800
v -0.02704000 -0.09240700 0.36453200
v -0.02750700 -0.09421600 0.36372900
v -0.02747600 -0.09444500 0.36375000
v -0.02819100 -0.09241500 0.36291300
v -0.02878000 -0.09423500 0.36179600
v -0.02874900 -0.09446600 0.36182000
v -0.02990100 -0.09243300 0.36006000
v -0.02991800 -0.09426000 0.35977900
v -0.02988700 -0.09449200 0.35980700
v -0.03132400 -0.09246100 0.35705300
v -0.03091500 -0.09429300 0.35769000
v -0.03144900 -0.09246500 0.35674800
v -0.03157000 -0.09246900 0.35644200
v -0.03168900 -0.09247300 0.35613500
v -0.03311900 -0.09451400 0.35051300
v -0.03345500 -0.09267700 0.34953700
v -0.03339200 -0.09465300 0.34880300
v -0.03361700 -0.09285500 0.34835600
v -0.03374900 -0.09321700 0.34689900
v -0.03380700 -0.09373300 0.34545700
v -0.03362600 -0.09510800 0.34625300
v -0.03357300 -0.09490300 0.34709400
v -0.03336400 -0.09489000 0.34884800
v -0.03309000 -0.09475100 0.35055500
v -0.03272800 -0.09757100 0.35105400
v -0.03235500 -0.09747800 0.35271700
v -0.03247300 -0.09822100 0.35194000
v -0.03223500 -0.09822000 0.35291000
v -0.03365500 -0.09541800 0.34544700
v -0.03384500 -0.09462800 0.34360100
v -0.03366700 -0.09631700 0.34397000
v -0.03369600 -0.09692900 0.34280400
v -0.03369600 -0.09692900 0.34280400
v -0.03364200 -0.09654900 0.34402100
v -0.03353000 -0.09846500 0.34314800
v -0.03353000 -0.09846500 0.34314800
v -0.03333100 -0.09895600 0.34505800
v -0.03333100 -0.09895600 0.34505800
v -0.03334500 -0.09926100 0.34449900
v -0.03335100 -0.10000000 0.34349100
v -0.03385600 -0.09539200 0.34245900
v -0.03331100 -0.09867500 0.34571200
v -0.03330400 -0.09845900 0.34608100
v -0.03330400 -0.09845900 0.34608100
v -0.03362900 -0.09565400 0.34549600
v -0.03329200 -0.09852700 0.34615300
v -0.03328000 -0.09846300 0.34638300
v -0.03328000 -0.09846300 0.34638300
v -0.03326800 -0.09816300 0.34687400
v -0.03324900 -0.09835300 0.34686200
v -0.03321400 -0.09828200 0.34731300
v -0.03320700 -0.09796500 0.34769900
v -0.03319000 -0.09825200 0.34758600
v -0.03311700 -0.09822000 0.34825300
v -0.03301300 -0.09771600 0.34937700
v -0.03298000 -0.09822100 0.34926300
v -0.03277000 -0.09822100 0.35051300
v -0.03205800 -0.09822000 0.35356000
v -0.03186000 -0.09822000 0.35423300
v -0.03135100 -0.09735600 0.35597700
v -0.03139100 -0.09822100 0.35565500
v -0.03109200 -0.09822100 0.35646200
v -0.03088000 -0.09822200 0.35699900
v -0.03065900 -0.09822200 0.35753300
v -0.03042700 -0.09822200 0.35806300
v -0.02286400 -0.09822100 0.36872600
v -0.02171700 -0.09707100 0.36983500
v -0.02204200 -0.09439500 0.36972300
v -0.02034600 -0.09822100 0.37087100
v -0.01901200 -0.09703800 0.37191300
v -0.01930300 -0.09437900 0.37185000
v -0.01902000 -0.09822100 0.37184000
v -0.01650700 -0.09822100 0.37342300
v -0.01611000 -0.09701100 0.37370600
v -0.01419000 -0.09822100 0.37462500
v -0.01304000 -0.09698900 0.37519300
v -0.01294100 -0.09822100 0.37518000
v -0.00983300 -0.09697200 0.37635700
v -0.00961700 -0.09822100 0.37637200
v -0.00939500 -0.09822100 0.37643800
v -0.00917200 -0.09822100 0.37650300
v -0.00837900 -0.09690200 0.37676800
v -0.00898300 -0.09640100 0.37662500
v -0.00894800 -0.09822100 0.37656500
v -0.00885200 -0.09822100 0.37659200
v -0.00875600 -0.09822100 0.37661800
v -0.00865900 -0.09822100 0.37664400
v -0.00807700 -0.09822000 0.37679400
v -0.00759700 -0.09712400 0.37695100
v -0.00749300 -0.09822000 0.37693400
v -0.00695300 -0.09718200 0.37709200
v -0.00690600 -0.09822100 0.37706300
v -0.00511300 -0.09726500 0.37742100
v -0.00486700 -0.09821900 0.37742300
v -0.00259600 -0.09732800 0.37770100
v -0.00241500 -0.09822100 0.37768200
v -0.00175200 -0.09733200 0.37775500
v -0.00090700 -0.09732300 0.37779000
v -0.00006200 -0.09791400 0.37778500
v -0.00006200 -0.09760700 0.37779600
v -0.00006200 -0.09822100 0.37777300
v -0.00006200 -0.09729700 0.37780600
v -0.00048500 -0.09731400 0.37780000
v -0.00938600 -0.09574500 0.37653400
v -0.00999000 -0.09434800 0.37639900
v -0.01324600 -0.09435600 0.37520700
v -0.01326300 -0.09413400 0.37520800
v -0.00991100 -0.09431200 0.37642500
v -0.00991100 -0.09431200 0.37642500
v -0.01000300 -0.09412700 0.37640200
v -0.01028900 -0.09283600 0.37635100
v -0.01192300 -0.09238700 0.37579900
v -0.01040000 -0.09238900 0.37632800
v -0.01341300 -0.09238700 0.37520000
v -0.03360000 -0.09534500 0.34630200
v -0.03354500 -0.09514100 0.34714200
v -0.03272500 -0.09466900 0.35224900
v -0.01636100 -0.09436600 0.37368500
v 0.03024900 -0.09804100 0.34188400
v -0.03246800 -0.09799100 0.34193300
v 0.03231400 -0.09804100 0.34188400
v -0.03247200 -0.09794200 0.34198400
v 0.03233400 -0.09780300 0.34213000
v -0.03247600 -0.09789300 0.34203400
v -0.03248000 -0.09784400 0.34208700
v -0.03246300 -0.09804100 0.34188400
v -0.03248500 -0.09779500 0.34213900
v -0.03248800 -0.09774700 0.34219200
v -0.03256200 -0.09669400 0.34360400
v 0.03241800 -0.09664500 0.34368800
v -0.03259800 -0.09614200 0.34468500
v 0.03247200 -0.09584100 0.34547900
v -0.03260700 -0.09573100 0.34584400
v 0.03246300 -0.09559000 0.34642800
v -0.03256200 -0.09548600 0.34703700
v 0.03241100 -0.09544500 0.34739900
v -0.03245500 -0.09540500 0.34824700
v 0.03232900 -0.09540500 0.34824800
v 0.01293900 -0.14117800 0.32549500
v 0.01293900 -0.13001500 0.32510600
v 0.01384000 -0.14033900 0.32536000
v 0.01410600 -0.13745700 0.32518100
v 0.01457500 -0.13938600 0.32506700
v 0.01516000 -0.13745700 0.32464300
v 0.01517900 -0.13837400 0.32466900
v 0.01567200 -0.13733100 0.32418900
v 0.01508300 -0.13373600 0.32453800
v 0.01589000 -0.13373600 0.32373200
v 0.01578500 -0.13001500 0.32365600
v 0.01640800 -0.13373600 0.32271500
v 0.01628400 -0.13001500 0.32267500
v 0.01652400 -0.13419900 0.32234400
v 0.01645600 -0.13001500 0.32158800
v 0.01656800 -0.13320900 0.32158800
v 0.01406600 -0.13373600 0.32505700
v 0.01402600 -0.13001500 0.32493300
v 0.01500700 -0.13001500 0.32443400
v 0.01634700 -0.13523200 0.32302800
v 0.01606000 -0.13628000 0.32364100
v 0.02661100 -0.13708400 0.34350500
v 0.02702600 -0.13640700 0.34586500
v 0.02421900 -0.13886600 0.34451500
v 0.02448100 -0.13835800 0.34674800
v 0.02193400 -0.14008700 0.34756300
v 0.02182600 -0.14044400 0.34543200
v 0.02374400 -0.13936100 0.34231500
v 0.02592300 -0.13778700 0.34105000
v 0.02305800 -0.13984200 0.34016900
v 0.02498600 -0.13846800 0.33867500
v 0.02216700 -0.14030500 0.33809400
v 0.02380900 -0.13911900 0.33640200
v 0.02107900 -0.14074600 0.33611100
v 0.02240300 -0.13973500 0.33425300
v 0.01980200 -0.14116300 0.33423800
v 0.02078500 -0.14030900 0.33225100
v 0.01834800 -0.14155100 0.33249200
v 0.01896900 -0.14083500 0.33041400
v 0.01673100 -0.14190600 0.33088700
v 0.01697500 -0.14131000 0.32875900
v 0.01496600 -0.14222700 0.32943800
v 0.01482400 -0.14172700 0.32730300
v 0.01306700 -0.14251000 0.32815800
v 0.01253900 -0.14208400 0.32605700
v 0.01207400 -0.14263700 0.32758600
v 0.01105300 -0.14275300 0.32706000
v 0.01027400 -0.14330200 0.32838600
v 0.00831600 -0.14345300 0.32747900
v 0.02150600 -0.14079700 0.34332100
v 0.02097900 -0.14114400 0.34125100
v 0.02025000 -0.14148100 0.33924200
v 0.01932600 -0.14180500 0.33731200
v 0.01821400 -0.14211200 0.33548100
v 0.01692500 -0.14240000 0.33376800
v 0.01547200 -0.14266500 0.33218600
v 0.01386900 -0.14290600 0.33075200
v 0.01213200 -0.14311900 0.32948000
v 0.00894000 -0.14295400 0.32615300
v 0.00627700 -0.14357200 0.32676400
v 0.00675000 -0.14311100 0.32544100
v 0.00417900 -0.14365800 0.32624700
v 0.00450100 -0.14322400 0.32492900
v 0.00221300 -0.14329300 0.32461900
v 0.00383200 -0.14282800 0.32346100
v 0.00238800 -0.14287200 0.32330600
v 0.00107000 -0.14289500 0.32322700
v -0.00012200 -0.14373100 0.32582300
v -0.00006500 -0.14290100 0.32320500
v 0.00203900 -0.14371200 0.32593100
v 0.00511900 -0.14277100 0.32366100
v 0.00766300 -0.14260700 0.32423200
v 0.01014400 -0.14237800 0.32503100
v 0.02135300 -0.14020400 0.34631600
v 0.02193400 -0.14008700 0.34756300
v 0.02134600 -0.13987400 0.34825000
v 0.02181600 -0.13971100 0.34980000
v 0.02118100 -0.13957100 0.35002200
v 0.02146500 -0.13934000 0.35201300
v 0.02087400 -0.13927800 0.35174000
v 0.02041100 -0.13898100 0.35348300
v 0.02088900 -0.13897700 0.35417900
v 0.01980000 -0.13869300 0.35518200
v 0.02009300 -0.13862700 0.35627700
v 0.01896100 -0.13838500 0.35699300
v 0.01908400 -0.13829100 0.35828300
v 0.01787800 -0.13807300 0.35883900
v 0.01787000 -0.13797500 0.36017400
v 0.01648800 -0.13775500 0.36071500
v 0.01646400 -0.13768100 0.36193200
v 0.01503400 -0.13748700 0.36228300
v 0.01488400 -0.13740900 0.36355100
v 0.01406700 -0.13733600 0.36315700
v 0.02182600 -0.14044400 0.34543200
v 0.02118000 -0.14053100 0.34439300
v 0.02150600 -0.14079700 0.34332100
v 0.02107600 -0.14064500 0.34371600
v 0.02095000 -0.14076000 0.34304200
v 0.02080100 -0.14087400 0.34237200
v 0.02097900 -0.14114400 0.34125100
v 0.02055500 -0.14103300 0.34143900
v 0.02026700 -0.14119000 0.34051700
v 0.02025000 -0.14148100 0.33924200
v 0.01993700 -0.14134600 0.33960900
v 0.01915200 -0.14164900 0.33783800
v 0.01932600 -0.14180500 0.33731200
v 0.01820700 -0.14193800 0.33614400
v 0.01821400 -0.14211200 0.33548100
v 0.01716700 -0.14219700 0.33462000
v 0.01692500 -0.14240000 0.33376800
v 0.01611300 -0.14241800 0.33332200
v 0.01547200 -0.14266500 0.33218600
v 0.01505300 -0.14260900 0.33220000
v 0.01386900 -0.14290600 0.33075200
v 0.01277800 -0.14294100 0.33025300
v 0.01213200 -0.14311900 0.32948000
v 0.01124800 -0.14311500 0.32922200
v 0.01027400 -0.14330200 0.32838600
v 0.00981600 -0.14325100 0.32842100
v 0.00831600 -0.14345300 0.32747900
v 0.00832500 -0.14336700 0.32773000
v 0.00672000 -0.14346900 0.32713000
v 0.00627700 -0.14357200 0.32676400
v 0.00510300 -0.14354800 0.32666400
v 0.00417900 -0.14365800 0.32624700
v 0.00342400 -0.14360700 0.32631700
v 0.00203900 -0.14371200 0.32593100
v 0.00167700 -0.14364600 0.32609900
v -0.00012200 -0.14373100 0.32582300
v -0.00014100 -0.14366100 0.32602500
v -0.00179100 -0.14365000 0.32608800
v -0.00228300 -0.14371300 0.32592700
v -0.00343300 -0.14361800 0.32627700
v -0.00442400 -0.14366100 0.32624100
v -0.00363500 -0.14361200 0.32630900
v -0.00543300 -0.14354900 0.32668100
v -0.00652300 -0.14357400 0.32675900
v -0.00719300 -0.14346100 0.32720100
v -0.00856200 -0.14345500 0.32747400
v -0.00890100 -0.14334800 0.32786700
v -0.01052000 -0.14330300 0.32838300
v -0.01054200 -0.14321000 0.32867400
v -0.01237700 -0.14312000 0.32947900
v -0.01210800 -0.14305000 0.32961700
v -0.01358800 -0.14286700 0.33069000
v -0.01411400 -0.14290600 0.33075100
v -0.01497100 -0.14266300 0.33188600
v -0.01571600 -0.14266500 0.33218600
v -0.01624800 -0.14244000 0.33319800
v -0.01716800 -0.14240000 0.33376800
v -0.01699400 -0.14228900 0.33408200
v -0.01769100 -0.14213200 0.33500500
v -0.01845800 -0.14211200 0.33548100
v -0.01865600 -0.14188000 0.33648100
v -0.01957000 -0.14180500 0.33731200
v -0.01949400 -0.14161600 0.33803100
v -0.02049400 -0.14148200 0.33924200
v -0.02019800 -0.14134100 0.33964400
v -0.02122200 -0.14114500 0.34125100
v -0.02076200 -0.14105800 0.34130800
v -0.02118700 -0.14076800 0.34301000
v -0.02175000 -0.14079800 0.34332100
v -0.02146900 -0.14047300 0.34474100
v -0.02207000 -0.14044400 0.34543200
v -0.02160500 -0.14017500 0.34649100
v -0.02217800 -0.14008700 0.34756300
v -0.02159200 -0.13987500 0.34825200
v -0.02205800 -0.13971000 0.34980900
v -0.02139900 -0.13953800 0.35022800
v -0.02170500 -0.13933700 0.35203000
v -0.02102000 -0.13920600 0.35217700
v -0.02112400 -0.13897300 0.35420500
v -0.02045900 -0.13888100 0.35408300
v -0.01972300 -0.13856700 0.35592900
v -0.02032300 -0.13862100 0.35631000
v -0.01881800 -0.13826500 0.35770100
v -0.01930600 -0.13828500 0.35832200
v -0.01775000 -0.13797900 0.35938100
v -0.01808200 -0.13796800 0.36021800
v -0.01652700 -0.13771100 0.36095400
v -0.01666600 -0.13767300 0.36198000
v -0.01515200 -0.13746500 0.36240600
v -0.01507600 -0.13739400 0.36359700
v -0.01491300 -0.13738900 0.36349200
v -0.01473000 -0.13737300 0.36339100
v -0.01450900 -0.13735300 0.36328500
v -0.01428100 -0.13733200 0.36319400
v 0.01981200 -0.14066800 0.34546600
v 0.02030300 -0.14025100 0.34694900
v 0.01979600 -0.14018700 0.34825000
v 0.02016600 -0.13986400 0.34917700
v 0.01970400 -0.14003200 0.34914800
v 0.01957000 -0.13987700 0.35004200
v 0.01978000 -0.13948200 0.35137500
v 0.01939400 -0.13972200 0.35092900
v 0.01915000 -0.13910900 0.35351700
v 0.01856600 -0.13924400 0.35367900
v 0.01828300 -0.13874900 0.35557600
v 0.01783700 -0.13895400 0.35534100
v 0.01697500 -0.13868000 0.35690200
v 0.01719100 -0.13840700 0.35752900
v 0.01597600 -0.13842200 0.35837600
v 0.01588700 -0.13808600 0.35935200
v 0.01459400 -0.13813200 0.36003000
v 0.01438400 -0.13779400 0.36102000
v 0.01266400 -0.13781600 0.36183600
v 0.01270400 -0.13753500 0.36250200
v 0.01140900 -0.13742000 0.36331500
v 0.01216900 -0.13741100 0.36306300
v 0.01293900 -0.13736000 0.36298000
v 0.01491400 -0.13759500 0.36151900
v 0.01644700 -0.13789500 0.35978600
v 0.01777300 -0.13822100 0.35789400
v 0.01887900 -0.13857000 0.35587000
v 0.01975300 -0.13893800 0.35373800
v 0.02038300 -0.13931900 0.35152200
v 0.02076100 -0.13971000 0.34925100
v 0.02088200 -0.14010600 0.34695500
v 0.02018500 -0.14063800 0.34471600
v 0.02074200 -0.14050100 0.34466200
v 0.01981600 -0.14102100 0.34250800
v 0.02034400 -0.14089100 0.34240000
v 0.01920100 -0.14139500 0.34035200
v 0.01969500 -0.14127000 0.34019500
v 0.01834600 -0.14175600 0.33827700
v 0.01880400 -0.14163500 0.33807300
v 0.01726200 -0.14209700 0.33631000
v 0.01767900 -0.14198100 0.33606000
v 0.01596100 -0.14241500 0.33447500
v 0.01633300 -0.14230300 0.33418400
v 0.01446100 -0.14270600 0.33279200
v 0.01478600 -0.14259900 0.33246700
v 0.01296800 -0.14293900 0.33143600
v 0.01325500 -0.14283500 0.33108900
v 0.01134600 -0.14314700 0.33023000
v 0.01159500 -0.14304500 0.32986700
v 0.00961000 -0.14332600 0.32919000
v 0.00981800 -0.14322500 0.32881300
v 0.00777800 -0.14347600 0.32832400
v 0.00794400 -0.14337500 0.32793900
v 0.00586700 -0.14359300 0.32764300
v 0.00599100 -0.14349200 0.32725100
v 0.00389800 -0.14367800 0.32715200
v 0.00398000 -0.14357600 0.32675400
v 0.00188800 -0.14372900 0.32685500
v 0.00192900 -0.14362800 0.32645200
v -0.00014100 -0.14368600 0.32653600
v 0.00193800 -0.14361800 0.32637300
v -0.00014100 -0.14366100 0.32602500
v 0.00167700 -0.14364600 0.32609900
v 0.01954000 -0.14104600 0.34327200
v 0.01919000 -0.14131400 0.34171800
v 0.01905200 -0.14139800 0.34123000
v 0.01890100 -0.14148100 0.34074600
v 0.01873800 -0.14156400 0.34026700
v 0.01830500 -0.14175500 0.33915800
v 0.01780200 -0.14194200 0.33807300
v 0.01712600 -0.14215500 0.33684000
v 0.01636200 -0.14235900 0.33565600
v 0.01571700 -0.14250900 0.33478300
v 0.01430700 -0.14278700 0.33316900
v 0.01313700 -0.14297800 0.33206000
v 0.01205900 -0.14313000 0.33118100
v 0.00993200 -0.14337300 0.32977100
v 0.00764200 -0.14356700 0.32864100
v 0.00576500 -0.14368300 0.32796700
v 0.00382900 -0.14376700 0.32748300
v 0.00185400 -0.14381700 0.32719000
v -0.00014100 -0.14383400 0.32709000
v 0.00342400 -0.14360700 0.32631700
v 0.00399600 -0.14356600 0.32667500
v 0.00510300 -0.14354800 0.32666400
v 0.00601600 -0.14348200 0.32717300
v 0.00672000 -0.14346900 0.32713000
v 0.00797700 -0.14336500 0.32786200
v 0.00832500 -0.14336700 0.32773000
v 0.00986000 -0.14321500 0.32873800
v 0.00981600 -0.14325100 0.32842100
v 0.01124800 -0.14311500 0.32922200
v 0.01164400 -0.14303500 0.32979400
v 0.01277800 -0.14294100 0.33025300
v 0.01331200 -0.14282500 0.33101900
v 0.01505300 -0.14260900 0.33220000
v 0.01485100 -0.14258800 0.33240200
v 0.01611300 -0.14241800 0.33332200
v 0.01640800 -0.14229200 0.33412600
v 0.01716700 -0.14219700 0.33462000
v 0.01776300 -0.14196900 0.33601000
v 0.01820700 -0.14193800 0.33614400
v 0.01889600 -0.14162300 0.33803200
v 0.01915200 -0.14164900 0.33783800
v 0.01993700 -0.14134600 0.33960900
v 0.01979500 -0.14125700 0.34016300
v 0.02026700 -0.14119000 0.34051700
v 0.02055500 -0.14103300 0.34143900
v 0.02045000 -0.14087700 0.34237800
v 0.02080100 -0.14087400 0.34237200
v 0.02095000 -0.14076000 0.34304200
v 0.02107600 -0.14064500 0.34371600
v 0.02085500 -0.14048600 0.34465200
v 0.02118000 -0.14053100 0.34439300
v 0.02135300 -0.14020400 0.34631600
v 0.02100000 -0.14009000 0.34695600
v 0.02134600 -0.13987400 0.34825000
v 0.02088200 -0.13969300 0.34926600
v 0.02118100 -0.13957100 0.35002200
v 0.02050600 -0.13930100 0.35155200
v 0.02087400 -0.13927800 0.35174000
v 0.02041100 -0.13898100 0.35348300
v 0.01987700 -0.13891700 0.35378300
v 0.01980000 -0.13869300 0.35518200
v 0.01900200 -0.13854900 0.35593100
v 0.01896100 -0.13838500 0.35699300
v 0.01789300 -0.13819800 0.35797000
v 0.01787800 -0.13807300 0.35883900
v 0.01656300 -0.13787100 0.35987500
v 0.01648800 -0.13775500 0.36071500
v 0.01502400 -0.13756900 0.36162200
v 0.01503400 -0.13748700 0.36228300
v 0.01364100 -0.13732100 0.36304900
v 0.01406700 -0.13733600 0.36315700
v 0.01334700 -0.13733500 0.36300300
v 0.01056700 -0.13755700 0.36333400
v 0.01079300 -0.13736400 0.36368000
v 0.00866900 -0.13737900 0.36437900
v 0.00918900 -0.13714500 0.36475000
v 0.00742700 -0.13700700 0.36554700
v 0.00973300 -0.13704400 0.36491500
v 0.00771900 -0.13677400 0.36626500
v 0.00942700 -0.13686800 0.36568600
v 0.00778000 -0.13674200 0.36641400
v 0.00814500 -0.13670900 0.36681900
v 0.00814200 -0.13670900 0.36682000
v 0.01015000 -0.13721500 0.36428700
v 0.00932600 -0.13680100 0.36628100
v 0.00599800 -0.13658200 0.36755700
v 0.00586100 -0.13663100 0.36706400
v 0.00581500 -0.13666400 0.36691000
v 0.00559300 -0.13690200 0.36616900
v 0.00721000 -0.13727200 0.36501800
v 0.00542800 -0.13717100 0.36562400
v 0.00370900 -0.13682600 0.36662000
v 0.00359700 -0.13709800 0.36606300
v 0.00179200 -0.13678100 0.36689400
v 0.00173500 -0.13705500 0.36633000
v -0.00014100 -0.13704300 0.36641900
v -0.00014100 -0.13662100 0.36739700
v 0.00186800 -0.13653800 0.36766200
v 0.00188400 -0.13650500 0.36782200
v 0.00385900 -0.13658500 0.36737700
v 0.00389000 -0.13655200 0.36753500
v 0.00393700 -0.13649900 0.36804700
v 0.00169800 -0.13644800 0.36835300
v -0.00014100 -0.13643600 0.36843100
v 0.00794600 -0.13732300 0.36471200
v -0.00006300 -0.13814100 0.31867200
v 0.00135400 -0.14037800 0.32077700
v -0.00006500 -0.14196700 0.32226900
v 0.00131600 -0.14122600 0.32158800
v 0.00127600 -0.14206600 0.32240700
v 0.00269400 -0.14119200 0.32168500
v 0.00261600 -0.14204000 0.32250200
v 0.00406300 -0.14113600 0.32184800
v 0.00394700 -0.14199700 0.32266000
v 0.00542100 -0.14105700 0.32207400
v 0.00526800 -0.14193800 0.32288100
v 0.00676400 -0.14095700 0.32236400
v 0.00657600 -0.14186200 0.32316300
v 0.00808900 -0.14083600 0.32271600
v 0.00786700 -0.14177000 0.32350700
v 0.00937100 -0.14071900 0.32314200
v 0.00913800 -0.14166200 0.32391100
v 0.00975000 -0.14130500 0.32385300
v 0.01033100 -0.14173200 0.32452400
v -0.00006200 -0.13413700 0.31527200
v 0.00153800 -0.13599600 0.31686900
v 0.00150300 -0.13689000 0.31763100
v 0.00146700 -0.13777500 0.31840300
v 0.00306300 -0.13681400 0.31774200
v 0.00299200 -0.13770800 0.31851100
v 0.00461100 -0.13668900 0.31792600
v 0.00450600 -0.13759600 0.31869100
v 0.00614100 -0.13651500 0.31818100
v 0.00600300 -0.13744100 0.31894000
v 0.00764900 -0.13629400 0.31850700
v 0.00748000 -0.13724500 0.31925900
v 0.00913000 -0.13602900 0.31890000
v 0.00893100 -0.13700800 0.31964400
v 0.00910300 -0.13913700 0.32158800
v 0.00872700 -0.13797900 0.32039800
v 0.00851900 -0.13894000 0.32116100
v 0.00713000 -0.13911900 0.32079200
v 0.00694900 -0.14004300 0.32157300
v 0.00557100 -0.14016700 0.32127600
v -0.00006000 -0.12996800 0.31207900
v 0.00167300 -0.13223900 0.31384900
v 0.00164700 -0.13300100 0.31443900
v 0.00162100 -0.13375800 0.31503600
v 0.00334900 -0.13289000 0.31456100
v 0.00329700 -0.13365400 0.31515600
v 0.00503400 -0.13270600 0.31476300
v 0.00495600 -0.13348100 0.31535500
v 0.00669600 -0.13245200 0.31504400
v 0.00659500 -0.13324200 0.31563000
v 0.00833000 -0.13213000 0.31540000
v 0.00820500 -0.13293900 0.31598100
v 0.00933100 -0.13260900 0.31621200
v 0.00807800 -0.13374400 0.31656800
v 0.00922900 -0.13553200 0.31852800
v 0.00794700 -0.13454200 0.31716300
v 0.00781500 -0.13533600 0.31776500
v 0.00627600 -0.13558000 0.31743200
v 0.00173700 -0.12992600 0.31212500
v 0.00172400 -0.13069900 0.31269100
v 0.00169900 -0.13147200 0.31326600
v 0.00345100 -0.13134700 0.31339300
v 0.00340100 -0.13212100 0.31397300
v 0.00518400 -0.13114100 0.31360200
v 0.00511000 -0.13192600 0.31417900
v 0.00689400 -0.13085600 0.31389200
v 0.00679600 -0.13165700 0.31446400
v 0.00857200 -0.13049500 0.31426000
v 0.00845200 -0.13131500 0.31482600
v 0.00943500 -0.12961400 0.31399300
v 0.00287600 -0.12985500 0.31220100
v 0.00350000 -0.13056700 0.31281900
v 0.00517000 -0.12960200 0.31246300
v 0.00525700 -0.13035000 0.31303200
v 0.00674800 -0.12934400 0.31273200
v 0.00698900 -0.13005000 0.31332700
v 0.00841900 -0.12899500 0.31309900
v 0.00868900 -0.12967000 0.31370000
v 0.00876000 -0.12891400 0.31318400
v 0.00910000 -0.12882900 0.31327200
v 0.00943800 -0.12874200 0.31336400
v 0.01100900 -0.12829000 0.31383700
v 0.01034900 -0.12921300 0.31415000
v 0.01196500 -0.12868400 0.31467100
v 0.01264000 -0.12773900 0.31441500
v 0.01353100 -0.12808900 0.31526000
v 0.01421300 -0.12712200 0.31506100
v 0.01429600 -0.12708800 0.31509700
v 0.01437900 -0.12705300 0.31513400
v 0.01446100 -0.12701700 0.31517100
v 0.01650100 -0.12671400 0.31662400
v 0.01658000 -0.12602500 0.31621100
v 0.01857800 -0.12492200 0.31736700
v 0.01923700 -0.12512500 0.31821000
v 0.02028900 -0.12383000 0.31851100
v 0.02172600 -0.12335800 0.31998700
v 0.02173800 -0.12278400 0.31960700
v 0.02326800 -0.12153900 0.32091100
v 0.02396500 -0.12144300 0.32192600
v 0.02464000 -0.12027700 0.32223400
v 0.02570300 -0.12074200 0.32447400
v 0.02595000 -0.11940800 0.32400300
v 0.02743500 -0.11871300 0.32666500
v 0.02696200 -0.11773900 0.32489400
v 0.02768500 -0.11727500 0.32619800
v 0.02801900 -0.11635700 0.32634200
v 0.02896800 -0.11495100 0.32781500
v 0.02586800 -0.11900800 0.32356400
v 0.03055200 -0.11208500 0.33081900
v 0.02917000 -0.11506700 0.32849300
v 0.02892100 -0.11661000 0.32895900
v 0.03041000 -0.11280100 0.33087200
v 0.03127300 -0.11043400 0.33254900
v 0.03116000 -0.11225500 0.33379700
v 0.03140900 -0.11049500 0.33332400
v 0.03185200 -0.10883600 0.33422500
v 0.03149500 -0.10985900 0.33315500
v 0.03230400 -0.10729600 0.33583900
v 0.03225500 -0.10749500 0.33566800
v 0.03216900 -0.10816600 0.33583900
v 0.03191900 -0.11003600 0.33631800
v 0.03220900 -0.10892500 0.33760100
v 0.03165500 -0.11189600 0.33679700
v 0.03194400 -0.11083900 0.33808200
v 0.03137800 -0.11375400 0.33727700
v 0.03166400 -0.11275100 0.33856400
v 0.03108500 -0.11560900 0.33775900
v 0.03136900 -0.11466100 0.33904800
v 0.03077900 -0.11746100 0.33824200
v 0.03106000 -0.11656800 0.33953200
v 0.03045800 -0.11931100 0.33872700
v 0.03073600 -0.11847300 0.34001700
v 0.03012300 -0.12115800 0.33921300
v 0.03039800 -0.12037500 0.34050400
v 0.02969600 -0.12340400 0.33980800
v 0.02996600 -0.12268900 0.34109800
v 0.02924700 -0.12564600 0.34040500
v 0.02951200 -0.12499800 0.34169300
v 0.02877800 -0.12788300 0.34100400
v 0.02903800 -0.12730300 0.34229000
v 0.02828700 -0.13011500 0.34160600
v 0.02854100 -0.12960300 0.34288700
v 0.02777600 -0.13234100 0.34220900
v 0.02802400 -0.13189700 0.34348600
v 0.02724300 -0.13456100 0.34281400
v 0.02748500 -0.13418700 0.34408600
v 0.02669000 -0.13677600 0.34342000
v 0.02692400 -0.13647000 0.34468700
v 0.02661100 -0.13708400 0.34350500
v 0.02702600 -0.13640700 0.34586500
v 0.02709400 -0.13616300 0.34596400
v 0.02716400 -0.13600100 0.34728400
v 0.02720000 -0.13585400 0.34724800
v 0.02724000 -0.13554700 0.34853700
v 0.02782300 -0.13306000 0.34795700
v 0.02722100 -0.13541900 0.34931200
v 0.02780700 -0.13268900 0.34925700
v 0.02721600 -0.13524100 0.34982700
v 0.02777500 -0.13250500 0.34990800
v 0.02714100 -0.13492500 0.35103800
v 0.02772700 -0.13232400 0.35055900
v 0.02769700 -0.13223400 0.35088400
v 0.02827700 -0.12960100 0.35032700
v 0.02824600 -0.12949800 0.35065500
v 0.02880500 -0.12684600 0.35009800
v 0.02873900 -0.12662000 0.35076300
v 0.02928100 -0.12393700 0.35021000
v 0.02924600 -0.12381700 0.35055000
v 0.02976900 -0.12111800 0.34999800
v 0.02973500 -0.12099200 0.35034600
v 0.03023800 -0.11827900 0.34979600
v 0.03020200 -0.11815200 0.35015700
v 0.03068600 -0.11542500 0.34961000
v 0.03064800 -0.11530400 0.34998400
v 0.03103100 -0.11305800 0.34953800
v 0.03098900 -0.11295100 0.34992400
v 0.03135900 -0.11069900 0.34948200
v 0.03131400 -0.11060800 0.34988000
v 0.03167100 -0.10835100 0.34944200
v 0.03162100 -0.10827200 0.34985100
v 0.03196500 -0.10601100 0.34941800
v 0.03191200 -0.10593900 0.34983600
v 0.03224300 -0.10367600 0.34940700
v 0.03212300 -0.10355400 0.35025800
v 0.03244400 -0.10128900 0.34983900
v 0.03230400 -0.10119600 0.35070400
v 0.03275200 -0.09901100 0.34941500
v 0.03261600 -0.09891900 0.35029300
v 0.03277200 -0.09822100 0.34979400
v 0.03250500 -0.09822100 0.35122600
v 0.03264600 -0.10581800 0.33738700
v 0.03254800 -0.10631100 0.33694700
v 0.03246100 -0.10700100 0.33711900
v 0.03294700 -0.10404200 0.33924900
v 0.03278200 -0.10512900 0.33824100
v 0.03269500 -0.10583700 0.33841400
v 0.03244100 -0.10781600 0.33889900
v 0.03305800 -0.10311800 0.34021600
v 0.03296000 -0.10395600 0.33955000
v 0.03287200 -0.10468100 0.33972400
v 0.03261500 -0.10671400 0.34021200
v 0.03217300 -0.10978500 0.33938200
v 0.03313500 -0.10224800 0.34112800
v 0.03308200 -0.10279500 0.34087900
v 0.03299300 -0.10353700 0.34105300
v 0.03273200 -0.10562400 0.34154200
v 0.03234400 -0.10873600 0.34069700
v 0.03189000 -0.11175100 0.33986600
v 0.03319500 -0.10124300 0.34218200
v 0.03315000 -0.10165600 0.34223200
v 0.03305900 -0.10241600 0.34240600
v 0.03279300 -0.10455400 0.34289500
v 0.03245600 -0.10769900 0.34202900
v 0.03205700 -0.11075600 0.34118300
v 0.03159300 -0.11371500 0.34035100
v 0.03316400 -0.10110000 0.34292000
v 0.03322700 -0.10024000 0.34323300
v 0.03316500 -0.10055700 0.34362000
v 0.03322500 -0.09942200 0.34424900
v 0.03322500 -0.09942200 0.34424900
v 0.03316100 -0.10029200 0.34397500
v 0.03316100 -0.10029200 0.34397500
v 0.03316100 -0.10029200 0.34397500
v 0.03315700 -0.10003300 0.34433300
v 0.03315700 -0.10003300 0.34433300
v 0.03315700 -0.10003300 0.34433300
v 0.03306800 -0.10107100 0.34414700
v 0.03306800 -0.10107100 0.34414700
v 0.03306300 -0.10081600 0.34450500
v 0.03306300 -0.10081600 0.34450500
v 0.03278700 -0.10302900 0.34498900
v 0.03277100 -0.10256300 0.34571600
v 0.03249700 -0.10522800 0.34546800
v 0.03247600 -0.10478500 0.34619100
v 0.03219200 -0.10742600 0.34594600
v 0.03216600 -0.10700500 0.34666300
v 0.03187100 -0.10962300 0.34642200
v 0.03184100 -0.10922300 0.34713300
v 0.03153400 -0.11181700 0.34689600
v 0.03150000 -0.11144000 0.34760200
v 0.03118200 -0.11401000 0.34736700
v 0.03114300 -0.11365400 0.34806800
v 0.03081500 -0.11620100 0.34783700
v 0.03077100 -0.11586700 0.34853200
v 0.03034700 -0.11886800 0.34840700
v 0.03029800 -0.11856100 0.34909500
v 0.02985600 -0.12153100 0.34897400
v 0.02980100 -0.12125100 0.34965400
v 0.02934200 -0.12419100 0.34953700
v 0.03321100 -0.09904100 0.34488900
v 0.03314600 -0.09953900 0.34506800
v 0.03314600 -0.09953900 0.34506800
v 0.03314600 -0.09953900 0.34506800
v 0.03305100 -0.10032900 0.34523700
v 0.03276100 -0.10234600 0.34609000
v 0.03246400 -0.10457800 0.34656100
v 0.03215100 -0.10680800 0.34703000
v 0.03182300 -0.10903600 0.34749700
v 0.03148000 -0.11126300 0.34796200
v 0.03112100 -0.11348700 0.34842400
v 0.03074600 -0.11571000 0.34888500
v 0.03026900 -0.11841600 0.34944300
v 0.03314000 -0.09930800 0.34544600
v 0.03314000 -0.09930800 0.34544600
v 0.03314000 -0.09930800 0.34544600
v 0.03319500 -0.09876900 0.34547200
v 0.03313300 -0.09909400 0.34583300
v 0.03313300 -0.09909400 0.34583300
v 0.03313300 -0.09909400 0.34583300
v 0.03316200 -0.09849500 0.34626100
v 0.03312200 -0.09889900 0.34623400
v 0.03310400 -0.09873200 0.34664700
v 0.03302400 -0.09969700 0.34640000
v 0.03300500 -0.09953200 0.34681100
v 0.03271400 -0.10180100 0.34727300
v 0.03268500 -0.10167100 0.34769000
v 0.03240800 -0.10405500 0.34773100
v 0.03237700 -0.10393100 0.34814100
v 0.03208700 -0.10630900 0.34818600
v 0.03205300 -0.10618800 0.34859100
v 0.03175000 -0.10856000 0.34863900
v 0.03171400 -0.10844400 0.34903700
v 0.03139800 -0.11081000 0.34909000
v 0.03312600 -0.09835500 0.34685300
v 0.03308000 -0.09859700 0.34707200
v 0.03298000 -0.09939800 0.34723300
v 0.03265000 -0.10157000 0.34811400
v 0.03233900 -0.10383200 0.34855900
v 0.03201300 -0.10609200 0.34900200
v 0.03308700 -0.09827800 0.34734200
v 0.03304900 -0.09849300 0.34750500
v 0.03294800 -0.09929400 0.34766400
v 0.03260800 -0.10148600 0.34854300
v 0.03229400 -0.10375000 0.34898200
v 0.03306600 -0.09825200 0.34758100
v 0.03301000 -0.09840700 0.34794300
v 0.03290800 -0.09920900 0.34810000
v 0.03256000 -0.10141200 0.34897500
v 0.03299300 -0.09822100 0.34824900
v 0.03296500 -0.09833200 0.34838300
v 0.03286200 -0.09913300 0.34853700
v 0.03213800 -0.09822100 0.35280600
v 0.03227000 -0.09879100 0.35204000
v 0.03245500 -0.09884900 0.35116800
v 0.03213900 -0.10112300 0.35156600
v 0.03197800 -0.10345900 0.35110900
v 0.03178700 -0.10581600 0.35067400
v 0.03156500 -0.10820000 0.35026300
v 0.03126200 -0.11053000 0.35028200
v 0.03094100 -0.11286300 0.35031500
v 0.03060400 -0.11520200 0.35036300
v 0.03016100 -0.11803800 0.35052400
v 0.02969600 -0.12087500 0.35070100
v 0.02920900 -0.12370200 0.35089200
v 0.02870100 -0.12651200 0.35109800
v 0.02817400 -0.12929900 0.35131200
v 0.02766400 -0.13214600 0.35120900
v 0.03173300 -0.09822100 0.35424200
v 0.03182800 -0.09870200 0.35376900
v 0.03150200 -0.10096400 0.35412500
v 0.03195000 -0.10106200 0.35242400
v 0.03129300 -0.09863300 0.35547100
v 0.03135200 -0.09822200 0.35541000
v 0.03071800 -0.09822200 0.35709300
v 0.03066600 -0.09857700 0.35714100
v 0.03034200 -0.09822200 0.35797700
v 0.03033300 -0.10081900 0.35744300
v 0.02961600 -0.10076000 0.35905100
v 0.02999000 -0.10304700 0.35773700
v 0.02927200 -0.10297800 0.35931700
v 0.02963300 -0.10527300 0.35802600
v 0.02891700 -0.10519400 0.35957700
v 0.02926400 -0.10749800 0.35830800
v 0.02854900 -0.10740900 0.35983100
v 0.02888300 -0.10972100 0.35858500
v 0.02816900 -0.10962200 0.36007800
v 0.02848800 -0.11194400 0.35885500
v 0.02777700 -0.11183500 0.36031800
v 0.02808100 -0.11416400 0.35912000
v 0.02737200 -0.11404600 0.36055300
v 0.02756800 -0.11686800 0.35943500
v 0.02686300 -0.11673800 0.36082900
v 0.02703500 -0.11957000 0.35974000
v 0.02633600 -0.11942700 0.36109600
v 0.02648500 -0.12226900 0.36003700
v 0.02579100 -0.12211500 0.36135400
v 0.02591500 -0.12496500 0.36032500
v 0.02522800 -0.12480000 0.36160200
v 0.02532700 -0.12765800 0.36060500
v 0.02464800 -0.12748200 0.36184000
v 0.02472000 -0.13034900 0.36087500
v 0.02404900 -0.13016100 0.36206900
v 0.02432400 -0.13205800 0.36104200
v 0.02350700 -0.13163700 0.36251000
v 0.02331900 -0.12998000 0.36322800
v 0.02299800 -0.13140400 0.36332400
v 0.02168600 -0.12963800 0.36543000
v 0.02151200 -0.13081400 0.36538100
v 0.01983800 -0.12932400 0.36746000
v 0.01965800 -0.13021600 0.36746900
v 0.01914400 -0.13007000 0.36797700
v 0.01827100 -0.12643200 0.36932900
v 0.01779600 -0.12904000 0.36929800
v 0.01644100 -0.12941900 0.37025100
v 0.01767500 -0.12969500 0.36928800
v 0.02994900 -0.09852800 0.35877600
v 0.02957600 -0.09822200 0.35959100
v 0.02881300 -0.10070700 0.36061700
v 0.02847200 -0.10291400 0.36085500
v 0.02811800 -0.10512000 0.36108700
v 0.02775300 -0.10732500 0.36131200
v 0.02737700 -0.10952900 0.36153000
v 0.02698900 -0.11173200 0.36174100
v 0.02658900 -0.11393300 0.36194600
v 0.02608700 -0.11661300 0.36218500
v 0.02556700 -0.11929100 0.36241400
v 0.02503100 -0.12196700 0.36263300
v 0.02447700 -0.12464100 0.36284200
v 0.02390600 -0.12731200 0.36304000
v 0.02914500 -0.09848400 0.36036900
v 0.02870100 -0.09822100 0.36120300
v 0.02780000 -0.09822100 0.36266900
v 0.02696100 -0.10061400 0.36360800
v 0.02728500 -0.09841000 0.36341400
v 0.02630600 -0.09822100 0.36478100
v 0.02512500 -0.09822200 0.36623200
v 0.02510800 -0.09834700 0.36624100
v 0.02479800 -0.10053300 0.36638300
v 0.02662800 -0.10280100 0.36379300
v 0.02264800 -0.09822200 0.36881300
v 0.02263800 -0.09829300 0.36881600
v 0.02235100 -0.10046300 0.36891100
v 0.01964700 -0.10040200 0.37116200
v 0.02205800 -0.10261500 0.36899600
v 0.01938300 -0.10254000 0.37120300
v 0.02175600 -0.10476700 0.36907100
v 0.01911200 -0.10467700 0.37123400
v 0.02144700 -0.10691800 0.36913800
v 0.01883400 -0.10681300 0.37125600
v 0.02113000 -0.10906800 0.36919600
v 0.01855000 -0.10894900 0.37126900
v 0.02080500 -0.11121700 0.36924400
v 0.01825900 -0.11108300 0.37127100
v 0.02047200 -0.11336600 0.36928400
v 0.01796100 -0.11321700 0.37126500
v 0.02005500 -0.11598200 0.36932000
v 0.01758900 -0.11581600 0.37124400
v 0.01962700 -0.11859700 0.36934200
v 0.01720700 -0.11841400 0.37120800
v 0.01918700 -0.12121000 0.36935100
v 0.01681500 -0.12101000 0.37115900
v 0.01873500 -0.12382200 0.36934700
v 0.01641300 -0.12360400 0.37109600
v 0.01600000 -0.12619800 0.37101800
v 0.01557800 -0.12879000 0.37092600
v 0.01478900 -0.12941800 0.37133000
v 0.01357100 -0.12599600 0.37247400
v 0.01392500 -0.12341800 0.37260400
v 0.01129800 -0.12326300 0.37385800
v 0.01158200 -0.12069500 0.37401600
v 0.00877500 -0.12058300 0.37503800
v 0.00898700 -0.11802400 0.37521600
v 0.00602200 -0.11795000 0.37597700
v 0.00616200 -0.11539700 0.37616300
v 0.00306500 -0.11535700 0.37663800
v 0.00313500 -0.11280700 0.37682400
v -0.00006300 -0.10954700 0.37720700
v 0.00319000 -0.11071400 0.37696400
v 0.00324500 -0.10862000 0.37709400
v 0.00640900 -0.11074600 0.37646300
v 0.00651700 -0.10864900 0.37658100
v 0.00955800 -0.11080000 0.37563200
v 0.00971700 -0.10869600 0.37573100
v 0.01260500 -0.11087400 0.37448200
v 0.01281200 -0.10876300 0.37455300
v 0.01551600 -0.11096900 0.37302300
v 0.01576700 -0.10884700 0.37306100
v 0.01990900 -0.09822200 0.37111100
v 0.01990600 -0.09824700 0.37111100
v 0.01806200 -0.09822200 0.37240200
v 0.01671800 -0.10035100 0.37311100
v 0.01738600 -0.09822100 0.37283100
v 0.01669900 -0.09822100 0.37324200
v 0.01600300 -0.09822200 0.37363700
v 0.01549400 -0.09822100 0.37391200
v 0.01359700 -0.10031000 0.37473700
v 0.01498100 -0.09822100 0.37417900
v 0.01446300 -0.09822200 0.37443600
v 0.01398000 -0.09822200 0.37466500
v 0.01349500 -0.09822200 0.37488700
v 0.01300500 -0.09822200 0.37510000
v 0.01185000 -0.09822100 0.37556900
v 0.01032100 -0.10027700 0.37602100
v 0.01340800 -0.10242400 0.37470600
v 0.01017500 -0.10238300 0.37596400
v 0.01321300 -0.10453700 0.37466600
v 0.01002600 -0.10448800 0.37589700
v 0.01301500 -0.10665000 0.37461500
v 0.00987300 -0.10659300 0.37581900
v 0.01067700 -0.09822100 0.37599300
v 0.00949000 -0.09822200 0.37637300
v 0.00917100 -0.09822100 0.37646700
v 0.00885100 -0.09822100 0.37655800
v 0.00692600 -0.10025400 0.37694800
v 0.00682700 -0.10235300 0.37687200
v 0.00672600 -0.10445300 0.37678500
v 0.00662200 -0.10655100 0.37668800
v 0.00853000 -0.09822100 0.37664400
v 0.00795100 -0.09822100 0.37679200
v 0.00737000 -0.09822100 0.37693100
v 0.00678600 -0.09822100 0.37705900
v 0.00591500 -0.09822100 0.37723000
v 0.00503900 -0.09822100 0.37737800
v 0.00345200 -0.10024000 0.37750800
v 0.00416100 -0.09822100 0.37750400
v 0.00275800 -0.09822000 0.37765500
v 0.00134900 -0.09822000 0.37774400
v 0.00340200 -0.10233600 0.37742100
v -0.00006200 -0.09822100 0.37777300
v 0.00335100 -0.10443100 0.37732200
v 0.00329800 -0.10652600 0.37721300
v -0.00006400 -0.12085500 0.37633100
v 0.00299500 -0.11790500 0.37643700
v 0.00587800 -0.12050200 0.37577500
v 0.00855800 -0.12314100 0.37484600
v 0.01100800 -0.12582900 0.37368500
v 0.01320900 -0.12857400 0.37233000
v 0.01306600 -0.12941800 0.37229100
v 0.01128000 -0.12941700 0.37313200
v 0.01071100 -0.12839500 0.37349600
v 0.00944100 -0.12941700 0.37384700
v 0.00833600 -0.12569800 0.37463800
v 0.00810900 -0.12825400 0.37441500
v 0.00558200 -0.12560300 0.37532500
v 0.00712400 -0.12941700 0.37455000
v 0.00542900 -0.12815200 0.37507600
v 0.00475600 -0.12941700 0.37505500
v 0.00269500 -0.12809100 0.37547600
v 0.00235400 -0.12941700 0.37535900
v -0.00006400 -0.12656500 0.37577100
v -0.00006500 -0.12941700 0.37546100
v -0.00006400 -0.12371100 0.37606100
v 0.00284800 -0.12300000 0.37598800
v 0.00292200 -0.12045300 0.37622000
v 0.00277300 -0.12554600 0.37574000
v 0.02532800 -0.13054200 0.35964900
v 0.02509300 -0.13252500 0.35941200
v 0.02587300 -0.13074100 0.35839500
v 0.02585100 -0.13309400 0.35742500
v 0.02635300 -0.13094800 0.35711500
v 0.02656800 -0.13105400 0.35646600
v 0.02697000 -0.12822700 0.35671600
v 0.02718500 -0.12833000 0.35604600
v 0.02756600 -0.12550300 0.35631100
v 0.02778000 -0.12560200 0.35562000
v 0.02814100 -0.12277600 0.35590000
v 0.02835300 -0.12287100 0.35518800
v 0.02869500 -0.12004500 0.35548300
v 0.02890500 -0.12013600 0.35475100
v 0.02922800 -0.11731100 0.35505900
v 0.02943600 -0.11739800 0.35430700
v 0.02974000 -0.11457400 0.35462900
v 0.02994500 -0.11465700 0.35385800
v 0.03014400 -0.11232600 0.35427200
v 0.03034700 -0.11240500 0.35348600
v 0.03053400 -0.11007700 0.35391100
v 0.03073500 -0.11015200 0.35310900
v 0.03090900 -0.10782500 0.35354500
v 0.03110700 -0.10789700 0.35272900
v 0.03127000 -0.10557200 0.35317600
v 0.03146600 -0.10564000 0.35234500
v 0.03161700 -0.10331800 0.35280200
v 0.03181000 -0.10338200 0.35195700
v 0.02624400 -0.13346200 0.35614200
v 0.02676700 -0.13116300 0.35581300
v 0.02738100 -0.12843600 0.35537100
v 0.02797500 -0.12570600 0.35492400
v 0.02854600 -0.12297100 0.35447200
v 0.02909600 -0.12023300 0.35401400
v 0.02962400 -0.11749200 0.35355100
v 0.03013000 -0.11474800 0.35308300
v 0.03052900 -0.11249300 0.35269500
v 0.03091400 -0.11023700 0.35230400
v 0.03128300 -0.10797900 0.35190900
v 0.03163800 -0.10572000 0.35151100
v 0.02694800 -0.13127600 0.35515500
v 0.02665100 -0.13394400 0.35445900
v 0.02711100 -0.13139500 0.35449400
v 0.02718600 -0.13145600 0.35416200
v 0.02772100 -0.12866700 0.35401000
v 0.02779400 -0.12873000 0.35366800
v 0.02830800 -0.12593500 0.35352200
v 0.02838000 -0.12599900 0.35317000
v 0.02887300 -0.12320000 0.35302900
v 0.02894300 -0.12326500 0.35266700
v 0.02941600 -0.12046100 0.35253200
v 0.02948300 -0.12052700 0.35216100
v 0.02993700 -0.11771800 0.35203100
v 0.03000100 -0.11778600 0.35165000
v 0.03043500 -0.11497200 0.35152500
v 0.03049700 -0.11504200 0.35113500
v 0.03082700 -0.11271700 0.35110700
v 0.03088700 -0.11278700 0.35071000
v 0.03120400 -0.11045900 0.35068600
v 0.02694900 -0.13443300 0.35275500
v 0.02732300 -0.13158400 0.35350000
v 0.02725700 -0.13151900 0.35383000
v 0.02758600 -0.13197300 0.35185800
v 0.02754200 -0.13188900 0.35218400
v 0.02813300 -0.12920200 0.35164300
v 0.02808800 -0.12911000 0.35197400
v 0.02866000 -0.12640800 0.35143500
v 0.02861400 -0.12631000 0.35177700
v 0.02916600 -0.12359400 0.35124100
v 0.02911800 -0.12349600 0.35159300
v 0.02965100 -0.12076900 0.35106000
v 0.02960100 -0.12067700 0.35142400
v 0.03011400 -0.11794100 0.35089600
v 0.03006100 -0.11785900 0.35127100
v 0.03055400 -0.11511600 0.35074700
v 0.02603100 -0.13738100 0.34092900
v 0.02592300 -0.13778700 0.34105000
v 0.02512300 -0.13797100 0.33851200
v 0.02498600 -0.13846800 0.33867500
v 0.02397600 -0.13854000 0.33619400
v 0.02380900 -0.13911900 0.33640200
v 0.02260000 -0.13908500 0.33399600
v 0.02240300 -0.13973500 0.33425300
v 0.02100800 -0.13959800 0.33193800
v 0.02078500 -0.14030900 0.33225100
v 0.01900600 -0.14072200 0.33035700
v 0.01896900 -0.14083500 0.33041400
v 0.01704600 -0.14109800 0.32864200
v 0.01697500 -0.14131000 0.32875900
v 0.01492100 -0.14143500 0.32712000
v 0.01482400 -0.14172700 0.32730300
v 0.01265300 -0.14172800 0.32580600
v 0.01253900 -0.14208400 0.32605700
v 0.01217600 -0.14163800 0.32543700
v 0.01152300 -0.14185200 0.32525500
v 0.01014400 -0.14237800 0.32503100
v 0.01088600 -0.14188200 0.32494100
v 0.00766300 -0.14260700 0.32423200
v 0.00511900 -0.14277100 0.32366100
v 0.00383200 -0.14282800 0.32346100
v 0.00238800 -0.14287200 0.32330600
v 0.00107000 -0.14289500 0.32322700
v -0.00006500 -0.14228000 0.32258000
v -0.00006500 -0.14290100 0.32320500
v -0.00006500 -0.14259100 0.32289200
v 0.00830600 -0.13989300 0.32193400
v 0.00915600 -0.13999400 0.32238400
v 0.01279200 -0.14128400 0.32549600
v 0.01293900 -0.14117800 0.32549500
v 0.01509400 -0.14090700 0.32679200
v 0.01723800 -0.14051400 0.32832000
v 0.01765500 -0.13921400 0.32761200
v 0.01966200 -0.13865900 0.32935300
v 0.02009700 -0.13723300 0.32867400
v 0.02193800 -0.13650700 0.33060700
v 0.02238200 -0.13494900 0.32995300
v 0.02403000 -0.13404900 0.33205500
v 0.02447500 -0.13235600 0.33142200
v 0.02591200 -0.13128200 0.33366800
v 0.02635200 -0.12945100 0.33305200
v 0.02756200 -0.12820700 0.33541700
v 0.02799400 -0.12623600 0.33481300
v 0.02896800 -0.12482900 0.33727400
v 0.02938800 -0.12271800 0.33667800
v 0.01384000 -0.14033900 0.32536000
v 0.01547400 -0.13971700 0.32606400
v 0.01806100 -0.13790600 0.32691400
v 0.02052000 -0.13579900 0.32800300
v 0.02281100 -0.13338400 0.32930700
v 0.02490500 -0.13065600 0.33079600
v 0.02677500 -0.12761300 0.33244200
v 0.02840700 -0.12425900 0.33421400
v 0.02971800 -0.12098100 0.33619100
v 0.01457500 -0.13938600 0.32506700
v 0.01584500 -0.13851800 0.32534400
v 0.01845700 -0.13658900 0.32622400
v 0.02092900 -0.13435700 0.32734100
v 0.02322700 -0.13181200 0.32866800
v 0.02531800 -0.12894900 0.33017700
v 0.02718100 -0.12576900 0.33183800
v 0.02873100 -0.12263300 0.33372600
v 0.03003300 -0.11924200 0.33570700
v 0.01517900 -0.13837400 0.32466900
v 0.01620700 -0.13731000 0.32463400
v 0.01884100 -0.13526400 0.32554300
v 0.02132600 -0.13290800 0.32668700
v 0.02362700 -0.13023200 0.32803800
v 0.02571500 -0.12723600 0.32956600
v 0.02750100 -0.12425200 0.33134700
v 0.02904300 -0.12100300 0.33324200
v 0.03033600 -0.11749900 0.33522500
v 0.01567200 -0.13733100 0.32418900
v 0.01606000 -0.13628000 0.32364100
v 0.01656000 -0.13609300 0.32393200
v 0.01634700 -0.13523200 0.32302800
v 0.01690300 -0.13486900 0.32324000
v 0.01652400 -0.13419900 0.32234400
v 0.01723700 -0.13363600 0.32255800
v 0.01656800 -0.13320900 0.32158800
v 0.01756100 -0.13239600 0.32188500
v 0.01653700 -0.13231500 0.32085100
v 0.01782000 -0.13137200 0.32134000
v 0.01650500 -0.13141600 0.32012000
v 0.01807200 -0.13034300 0.32080200
v 0.01647300 -0.13048900 0.31937800
v 0.01831800 -0.12930900 0.32027000
v 0.01644000 -0.12955500 0.31864200
v 0.01855800 -0.12827100 0.31974500
v 0.01879000 -0.12722700 0.31922700
v 0.02125100 -0.12563500 0.32097400
v 0.02149200 -0.12450000 0.32047800
v 0.02372200 -0.12267900 0.32240500
v 0.01609700 -0.12865700 0.31767300
v 0.01590000 -0.12956100 0.31817400
v 0.01324400 -0.12958800 0.31615600
v 0.01028600 -0.12960800 0.31440600
v 0.01181000 -0.12956000 0.31521700
v 0.01335900 -0.12899400 0.31579800
v 0.01630100 -0.12768900 0.31714600
v 0.00139300 -0.13951900 0.31997600
v 0.00143000 -0.13865200 0.31918500
v 0.00156600 -0.13525600 0.31625100
v 0.00159400 -0.13451000 0.31564000
v 0.00277100 -0.14033500 0.32087800
v 0.00284600 -0.13946800 0.32007900
v 0.00292000 -0.13859300 0.31929000
v 0.00417700 -0.14026500 0.32104400
v 0.00428900 -0.13938400 0.32025000
v 0.00439900 -0.13849500 0.31946600
v 0.00586200 -0.13835900 0.31970900
v 0.00571800 -0.13926700 0.32048800
v 0.00730700 -0.13818600 0.32002100
v 0.00324300 -0.13441200 0.31575800
v 0.00487700 -0.13425000 0.31595300
v 0.00318800 -0.13516500 0.31636700
v 0.00479600 -0.13501400 0.31655800
v 0.00313300 -0.13591200 0.31698200
v 0.00471300 -0.13577200 0.31717000
v 0.00649000 -0.13402700 0.31622400
v 0.00638400 -0.13480600 0.31682400
v 0.03096300 -0.10088600 0.35580000
v 0.03303600 -0.09988900 0.34600000
v 0.03273500 -0.10195900 0.34686700
v 0.03243200 -0.10420800 0.34733000
v 0.03211400 -0.10645500 0.34779000
v 0.03178000 -0.10870000 0.34824900
v 0.03143100 -0.11094400 0.34870500
v 0.03106600 -0.11318600 0.34915900
v 0.03304400 -0.10010100 0.34561400
v 0.03304400 -0.10010100 0.34561400
v 0.03275000 -0.10214300 0.34647200
v 0.03245000 -0.10438400 0.34693900
v 0.03213500 -0.10662300 0.34740400
v 0.03180400 -0.10886100 0.34786700
v 0.03145800 -0.11109600 0.34832800
v 0.03109600 -0.11333000 0.34878600
v 0.03071900 -0.11556200 0.34924300
v 0.03307200 -0.10133200 0.34379300
v 0.03307200 -0.10133200 0.34379300
v 0.03307200 -0.10133200 0.34379300
v 0.03279400 -0.10327200 0.34463300
v 0.03250600 -0.10546000 0.34511400
v 0.03220200 -0.10764600 0.34559400
v 0.03188300 -0.10983100 0.34607200
v 0.03154900 -0.11201400 0.34654800
v 0.03119900 -0.11419500 0.34702200
v 0.03083400 -0.11637500 0.34749400
v 0.03036800 -0.11902700 0.34806700
v 0.02987900 -0.12167600 0.34863600
v 0.02936800 -0.12432200 0.34920300
v 0.02883400 -0.12696300 0.34976600
v 0.03307200 -0.10186700 0.34309400
v 0.03280000 -0.10352100 0.34428000
v 0.03251400 -0.10569700 0.34476300
v 0.03221200 -0.10787200 0.34524400
v 0.03189500 -0.11004400 0.34572400
v 0.03156200 -0.11221600 0.34620200
v 0.03121400 -0.11438500 0.34667700
v 0.03085000 -0.11655200 0.34715100
v 0.03038700 -0.11919000 0.34772700
v 0.02990000 -0.12182400 0.34829900
v 0.02939100 -0.12445500 0.34886800
v 0.02885900 -0.12708200 0.34943500
v 0.02830400 -0.12970500 0.34999800
v 0.03280300 -0.10403200 0.34358300
v 0.03252000 -0.10618300 0.34406800
v 0.03222100 -0.10833300 0.34455100
v 0.03190700 -0.11048200 0.34503300
v 0.03157800 -0.11262800 0.34551300
v 0.03123300 -0.11477300 0.34599200
v 0.03087300 -0.11691500 0.34646900
v 0.03041300 -0.11952300 0.34704900
v 0.02993100 -0.12212700 0.34762600
v 0.02942600 -0.12472800 0.34820000
v 0.02889800 -0.12732500 0.34877200
v 0.02834800 -0.12991700 0.34934100
v 0.03089900 -0.11400600 0.33427000
v 0.02990100 -0.11609400 0.33181000
v 0.02962800 -0.11773300 0.33228400
v 0.02838900 -0.11967700 0.32990000
v 0.02810500 -0.12120500 0.33037800
v 0.02662400 -0.12299100 0.32809200
v 0.02633200 -0.12441000 0.32857800
v 0.02461600 -0.12602800 0.32641300
v 0.02432000 -0.12733900 0.32691100
v 0.02237700 -0.12878000 0.32489100
v 0.02208200 -0.12998700 0.32540600
v 0.01992800 -0.13124200 0.32355600
v 0.01957700 -0.13259100 0.32420900
v 0.03016200 -0.11445200 0.33134000
v 0.01901700 -0.12617900 0.31871600
v 0.01648900 -0.10247600 0.37311400
v 0.01625400 -0.10460100 0.37310600
v 0.01601300 -0.10672400 0.37308800
v 0.02448200 -0.10270200 0.36651700
v 0.02415700 -0.10487000 0.36664100
v 0.02382200 -0.10703800 0.36675700
v 0.02347800 -0.10920400 0.36686500
v 0.02312500 -0.11137000 0.36696400
v 0.02276300 -0.11353500 0.36705500
v 0.02231000 -0.11617100 0.36715400
v 0.02184200 -0.11880500 0.36724000
v 0.02136200 -0.12143700 0.36731400
v 0.02086800 -0.12406800 0.36737500
v 0.02036000 -0.12669700 0.36742400
v 0.03062100 -0.10312300 0.35612200
v 0.03026600 -0.10536000 0.35643900
v 0.02989800 -0.10759400 0.35675000
v 0.02951600 -0.10982800 0.35705600
v 0.02912100 -0.11206000 0.35735700
v 0.02871300 -0.11429000 0.35765300
v 0.02819800 -0.11700600 0.35800500
v 0.02766300 -0.11971900 0.35835000
v 0.02710900 -0.12242900 0.35868700
v 0.02653500 -0.12513600 0.35901600
v 0.02594100 -0.12784100 0.35933600
v 0.03116400 -0.10321100 0.35447500
v 0.03081200 -0.10545700 0.35482000
v 0.03044600 -0.10770200 0.35516100
v 0.03006700 -0.10994400 0.35549700
v 0.02967400 -0.11218600 0.35582800
v 0.02926700 -0.11442500 0.35615400
v 0.02875200 -0.11715200 0.35654500
v 0.02821700 -0.11987600 0.35693000
v 0.02766100 -0.12259700 0.35730700
v 0.02708600 -0.12531500 0.35767700
v 0.02649000 -0.12803000 0.35803900
v 0.03251200 -0.10668100 0.34338100
v 0.03221700 -0.10880600 0.34386600
v 0.03190600 -0.11092900 0.34435000
v 0.03157900 -0.11305000 0.34483200
v 0.03123700 -0.11516900 0.34531300
v 0.03088000 -0.11728600 0.34579300
v 0.03042500 -0.11986300 0.34637500
v 0.02994600 -0.12243600 0.34695600
v 0.02944500 -0.12500600 0.34753500
v 0.02892200 -0.12757100 0.34811100
v 0.02837600 -0.13013200 0.34868500
v 0.02866100 -0.11814500 0.32942700
v 0.02717600 -0.12014300 0.32713500
v 0.02690600 -0.12156900 0.32761100
v 0.02517900 -0.12339300 0.32543200
v 0.02490300 -0.12471200 0.32591900
v 0.02294100 -0.12635200 0.32387800
v 0.02266400 -0.12756800 0.32438100
v 0.02048000 -0.12901300 0.32250400
v 0.02020800 -0.13013000 0.32302700
v 0.02544600 -0.12206900 0.32495000
v 0.02347000 -0.12390700 0.32289000
v 0.00629900 -0.11284300 0.37633400
v 0.00939600 -0.11290200 0.37552400
v 0.00919400 -0.11546300 0.37537700
v 0.01239300 -0.11298500 0.37440100
v 0.01212900 -0.11555600 0.37428800
v 0.01185900 -0.11812600 0.37415900
v 0.01525800 -0.11309000 0.37297600
v 0.01493800 -0.11567400 0.37290500
v 0.01460800 -0.11825600 0.37281900
v 0.01427100 -0.12083800 0.37271900
v 0.02519500 -0.11154100 0.36445400
v 0.02556900 -0.10935800 0.36430000
v 0.02593200 -0.10717300 0.36413900
v 0.02628600 -0.10498800 0.36397000
v 0.02481000 -0.11372400 0.36460000
v 0.02432800 -0.11638100 0.36476700
v 0.02383000 -0.11903700 0.36492300
v 0.02331700 -0.12169000 0.36506700
v 0.02278800 -0.12434200 0.36520000
v 0.02224500 -0.12699100 0.36532000
v 0.03068900 -0.11259500 0.35190200
v 0.03107000 -0.11033700 0.35149600
v 0.03143600 -0.10807800 0.35108600
v 0.03029300 -0.11485100 0.35230500
v 0.02979100 -0.11759700 0.35279200
v 0.02926600 -0.12034000 0.35327400
v 0.02872000 -0.12308000 0.35375200
v 0.02815100 -0.12581600 0.35422400
v 0.02756000 -0.12854800 0.35469200
v 0.03120300 -0.11597900 0.34396800
v 0.03153900 -0.11391200 0.34348400
v 0.03186000 -0.11184300 0.34300000
v 0.03216600 -0.10977200 0.34251500
v 0.03110800 -0.11680400 0.34263800
v 0.03144000 -0.11479000 0.34215300
v 0.03175600 -0.11277400 0.34166800
v 0.03085100 -0.11804400 0.34445100
v 0.03040300 -0.12055700 0.34503900
v 0.02993200 -0.12306600 0.34562500
v 0.02943800 -0.12557100 0.34621000
v 0.02892200 -0.12807200 0.34679400
v 0.02838400 -0.13056800 0.34737600
v 0.03095300 -0.11763600 0.34132100
v 0.03128000 -0.11567700 0.34083600
v 0.03076200 -0.11881500 0.34312300
v 0.03031900 -0.12126200 0.34371400
v 0.02985500 -0.12370600 0.34430400
v 0.02936800 -0.12614500 0.34489400
v 0.02885900 -0.12858000 0.34548300
v 0.02832800 -0.13101000 0.34607200
v 0.02777500 -0.13343500 0.34666100
v 0.03061100 -0.11959300 0.34180700
v 0.03017400 -0.12197400 0.34240000
v 0.02971500 -0.12435100 0.34299300
v 0.02923400 -0.12672300 0.34358700
v 0.02873200 -0.12909100 0.34418100
v 0.02820800 -0.13145300 0.34477500
v 0.02766200 -0.13381100 0.34536900
v 0.02602900 -0.12582500 0.32906900
v 0.02780900 -0.12273000 0.33086000
v 0.02401400 -0.12864600 0.32741600
v 0.02171100 -0.13145100 0.32604200
v 0.01921500 -0.13393100 0.32487200
v 0.02074500 -0.12789200 0.32198800
v 0.02321000 -0.12513200 0.32338100
v 0.02934200 -0.11937000 0.33276100
v 0.03062400 -0.11575400 0.33474600
v 0.00573200 -0.12305300 0.37555800
v 0.02844600 -0.12606600 0.35281900
v 0.02900700 -0.12333400 0.35230700
v 0.02954500 -0.12059800 0.35179100
v 0.02850700 -0.12613900 0.35246900
v 0.02906500 -0.12341000 0.35194900
v 0.02786300 -0.12879500 0.35332700
v 0.02856300 -0.12621900 0.35212200
v 0.02792700 -0.12886400 0.35298600
v 0.02803900 -0.12902100 0.35231000
v 0.02749400 -0.13180800 0.35251000
v 0.02798500 -0.12893900 0.35264800
v 0.02738500 -0.13165400 0.35316900
v 0.02758900 -0.13113200 0.33908600
v 0.02806900 -0.12903600 0.33847800
v 0.02852900 -0.12693600 0.33787400
v 0.02664300 -0.13213200 0.33664100
v 0.02711200 -0.13017300 0.33602700
v 0.02709000 -0.13322100 0.33969700
v 0.02657000 -0.13530400 0.34031100
v 0.02545400 -0.13310700 0.33429100
v 0.02615500 -0.13408500 0.33726000
v 0.02564800 -0.13603100 0.33788400
v 0.02356900 -0.13573500 0.33269500
v 0.02148000 -0.13805700 0.33126900
v 0.01921500 -0.14007600 0.33004000
v 0.02497800 -0.13492600 0.33492000
v 0.02448600 -0.13673700 0.33555400
v 0.02744200 -0.13172900 0.35283900
v 0.02309200 -0.13741400 0.33334200
v 0.02100200 -0.12676500 0.32147800
v -0.01485600 -0.14271600 0.33348500
v -0.01446100 -0.14278600 0.33307300
v -0.01523800 -0.14264400 0.33390900
v -0.01530900 -0.14263100 0.33399100
v -0.01538000 -0.14261700 0.33407300
v -0.01545000 -0.14260200 0.33415600
v -0.01417000 -0.14283500 0.33278400
v -0.01398800 -0.14306300 0.33571400
v -0.01247600 -0.14331200 0.33385000
v -0.01205200 -0.14354600 0.33659800
v -0.01075300 -0.14372800 0.33477300
v -0.00900200 -0.14408300 0.33555500
v -0.00776600 -0.14416000 0.33385800
v -0.00723400 -0.14437400 0.33619200
v -0.00624500 -0.14440400 0.33448900
v -0.00634300 -0.14449700 0.33645800
v -0.00547800 -0.14450600 0.33475200
v -0.00544800 -0.14460300 0.33668700
v -0.00470700 -0.14459500 0.33498000
v -0.00455000 -0.14469300 0.33688100
v -0.00393400 -0.14467000 0.33517100
v -0.00365000 -0.14476700 0.33703900
v -0.00315900 -0.14473200 0.33532800
v -0.00274800 -0.14482400 0.33716100
v -0.00238200 -0.14478000 0.33544900
v -0.00184400 -0.14486500 0.33724700
v -0.00160400 -0.14481400 0.33553400
v -0.00003400 -0.14489700 0.33731100
v -0.00004600 -0.14484100 0.33559700
v 0.00237700 -0.14483600 0.33717300
v 0.00202900 -0.14479100 0.33546000
v 0.00306700 -0.14472900 0.33529600
v 0.00249700 -0.14464600 0.33360500
v 0.00334300 -0.14457800 0.33339400
v 0.00253000 -0.14446300 0.33175500
v 0.00418600 -0.14449000 0.33312400
v 0.00317600 -0.14439900 0.33152200
v 0.00502500 -0.14438300 0.33279400
v 0.00381700 -0.14431900 0.33123800
v 0.00474800 -0.14417700 0.33072900
v 0.00356900 -0.14413400 0.32970700
v 0.00426500 -0.14400700 0.32919800
v 0.00282000 -0.14397900 0.32838900
v 0.00495000 -0.14385900 0.32860200
v 0.00327800 -0.14388100 0.32795600
v 0.00334200 -0.14386700 0.32789100
v 0.00159100 -0.14387000 0.32743400
v 0.00185400 -0.14381700 0.32719000
v -0.00014100 -0.14383400 0.32709000
v -0.01389900 -0.14288000 0.33252400
v -0.01195700 -0.14315400 0.33092500
v -0.01075500 -0.14351800 0.33216800
v -0.01075700 -0.14329200 0.33012200
v -0.00885600 -0.14367900 0.33068700
v -0.00948900 -0.14341700 0.32939800
v -0.00772200 -0.14356000 0.32857900
v -0.00681000 -0.14379400 0.32942600
v -0.00572700 -0.14368400 0.32788800
v -0.00519700 -0.14384900 0.32863300
v -0.00415200 -0.14375600 0.32750000
v -0.00353600 -0.14387600 0.32797700
v -0.00257900 -0.14380400 0.32724200
v -0.00184400 -0.14387100 0.32746200
v -0.00014100 -0.14383400 0.32709000
v 0.00372800 -0.14377100 0.32746300
v 0.00382900 -0.14376700 0.32748300
v 0.00509200 -0.14382500 0.32846700
v 0.00657100 -0.14380600 0.32938800
v 0.00566600 -0.14400600 0.33011100
v 0.00624200 -0.14419200 0.33220300
v 0.00614400 -0.14439800 0.33442700
v 0.00512300 -0.14453300 0.33478000
v 0.00409600 -0.14464300 0.33507000
v 0.00358300 -0.14476100 0.33700700
v 0.00268200 -0.14483000 0.33889300
v -0.00002300 -0.14490100 0.33902500
v -0.00205400 -0.14486500 0.33896300
v -0.00306800 -0.14481800 0.33888100
v -0.00408100 -0.14475100 0.33876400
v -0.00509100 -0.14466600 0.33861400
v -0.00609900 -0.14456100 0.33842800
v -0.00710300 -0.14443800 0.33820900
v -0.00810300 -0.14429600 0.33795500
v -0.01008600 -0.14395800 0.33734600
v -0.01315100 -0.14332200 0.33853600
v -0.01526500 -0.14277600 0.33773500
v -0.01637600 -0.14240000 0.33534000
v -0.01720800 -0.14218800 0.33659000
v -0.01628900 -0.14245300 0.33988200
v -0.01850400 -0.14176100 0.33909400
v -0.01687800 -0.14219200 0.34155600
v -0.01907200 -0.14150800 0.34057100
v -0.01944100 -0.14129800 0.34179300
v -0.01731000 -0.14191600 0.34327200
v -0.01988600 -0.14093000 0.34394200
v -0.01757900 -0.14162700 0.34501600
v -0.02007300 -0.14059400 0.34589300
v -0.01768100 -0.14132700 0.34678000
v -0.02003300 -0.14018700 0.34825200
v -0.01755000 -0.14091400 0.34913900
v -0.01973000 -0.13980500 0.35045200
v -0.01711800 -0.14049000 0.35147100
v -0.01922500 -0.13945900 0.35245100
v -0.01639300 -0.14006400 0.35373600
v -0.01862500 -0.13916800 0.35411900
v -0.01793500 -0.13890700 0.35561100
v -0.01538700 -0.13964200 0.35589700
v -0.01744200 -0.13874900 0.35651300
v -0.01690300 -0.13859500 0.35738800
v -0.01411800 -0.13923100 0.35792700
v -0.01566800 -0.13830000 0.35907400
v -0.01524100 -0.13821200 0.35957600
v -0.01260500 -0.13883600 0.35979300
v -0.01421300 -0.13802300 0.36065900
v -0.01379700 -0.13795500 0.36105000
v -0.01407500 -0.13800000 0.36079100
v -0.01393700 -0.13797800 0.36092100
v 0.00576500 -0.14368300 0.32796700
v 0.00682100 -0.14374500 0.32916800
v 0.00862700 -0.14369000 0.33064600
v 0.00744300 -0.14396000 0.33148500
v 0.00762800 -0.14415700 0.33379400
v 0.00715800 -0.14436400 0.33613000
v 0.00597100 -0.14452500 0.33648700
v 0.00477800 -0.14465800 0.33677900
v 0.00403700 -0.14474300 0.33873400
v 0.00294100 -0.14477200 0.34061800
v -0.00001400 -0.14485300 0.34073800
v -0.00223200 -0.14481200 0.34068200
v -0.00333900 -0.14475900 0.34060800
v -0.00444500 -0.14468400 0.34050200
v -0.00554800 -0.14458800 0.34036500
v -0.00664900 -0.14447000 0.34019700
v -0.00774500 -0.14433100 0.33999700
v -0.00883800 -0.14417100 0.33976700
v -0.01100300 -0.14378900 0.33921500
v -0.01403100 -0.14305900 0.34056700
v 0.00764200 -0.14356700 0.32864100
v 0.00906400 -0.14358100 0.33030300
v 0.01053600 -0.14352600 0.33212600
v 0.00909200 -0.14386500 0.33302500
v 0.00888300 -0.14407400 0.33549100
v 0.00805000 -0.14428000 0.33789500
v 0.00671700 -0.14446900 0.33823600
v 0.00537700 -0.14462300 0.33851600
v 0.00442100 -0.14467300 0.34047400
v 0.00314800 -0.14466100 0.34234700
v -0.00000700 -0.14475200 0.34245000
v -0.00237400 -0.14470700 0.34240200
v -0.00355600 -0.14464800 0.34233900
v -0.00473600 -0.14456500 0.34224800
v -0.00591400 -0.14445900 0.34213100
v -0.00708900 -0.14432900 0.34198700
v -0.00825900 -0.14417500 0.34181600
v -0.00942600 -0.14399800 0.34161900
v -0.01173700 -0.14357500 0.34114700
v -0.01453800 -0.14283700 0.34213700
v 0.00993200 -0.14337300 0.32977100
v 0.00979000 -0.14338600 0.32969100
v 0.00979000 -0.14338600 0.32969100
v 0.01120000 -0.14335300 0.33166400
v 0.01195400 -0.14314300 0.33110300
v 0.01205900 -0.14313000 0.33118100
v 0.01195400 -0.14314300 0.33110300
v 0.01313700 -0.14297800 0.33206000
v 0.01319300 -0.14306400 0.33324700
v 0.01226500 -0.14331500 0.33380800
v 0.01378600 -0.14306100 0.33567500
v 0.01058500 -0.14372300 0.33471500
v 0.01189900 -0.14353600 0.33654200
v 0.00998600 -0.14394300 0.33728400
v 0.01092000 -0.14376700 0.33915800
v 0.00880300 -0.14414900 0.33971300
v 0.00940700 -0.14397100 0.34157300
v 0.00734700 -0.14436200 0.34002200
v 0.00785200 -0.14420700 0.34183800
v 0.00588400 -0.14453700 0.34027600
v 0.00629000 -0.14440100 0.34205500
v 0.00472900 -0.14455100 0.34222400
v 0.00490600 -0.14442600 0.34354200
v 0.00326700 -0.14454300 0.34364700
v 0.00335300 -0.14439400 0.34494600
v -0.00000300 -0.14463900 0.34373400
v 0.00000000 -0.14449700 0.34501600
v -0.00245600 -0.14459200 0.34369300
v -0.00251600 -0.14444700 0.34498300
v -0.00368100 -0.14453000 0.34363900
v -0.00377200 -0.14438100 0.34494000
v -0.00490400 -0.14444200 0.34356200
v -0.00502700 -0.14428800 0.34487800
v -0.00612500 -0.14432800 0.34346300
v -0.00627900 -0.14416900 0.34479800
v -0.00734200 -0.14419000 0.34334100
v -0.00752800 -0.14402300 0.34470100
v -0.00855600 -0.14402600 0.34319600
v -0.00877200 -0.14385000 0.34458500
v -0.00976400 -0.14383700 0.34302900
v -0.01001200 -0.14365100 0.34445100
v -0.01215900 -0.14338700 0.34262900
v -0.01246800 -0.14317700 0.34413000
v -0.01490900 -0.14259700 0.34373600
v -0.01514000 -0.14233900 0.34535500
v 0.01391600 -0.14285500 0.33277800
v 0.01430700 -0.14278700 0.33316900
v 0.01500100 -0.14271800 0.33504500
v 0.01507300 -0.14276800 0.33769800
v 0.01301000 -0.14330600 0.33848500
v 0.01166800 -0.14354800 0.34109800
v 0.00975500 -0.14380700 0.34299000
v 0.00814300 -0.14405900 0.34321500
v 0.00652300 -0.14426500 0.34339900
v 0.00503600 -0.14427100 0.34486200
v 0.00340700 -0.14421700 0.34624100
v 0.00000200 -0.14432400 0.34629200
v -0.00255300 -0.14427200 0.34626800
v -0.00382900 -0.14420300 0.34623600
v -0.00510300 -0.14410600 0.34619100
v -0.00637500 -0.14398200 0.34613200
v -0.00764300 -0.14382900 0.34606000
v -0.00890700 -0.14364900 0.34597600
v -0.01016600 -0.14344100 0.34587800
v -0.01266100 -0.14294500 0.34564300
v -0.01522700 -0.14206500 0.34698600
v 0.01564100 -0.14252500 0.33469000
v 0.01571700 -0.14250900 0.33478300
v 0.01636200 -0.14235900 0.33565600
v 0.01659000 -0.14232100 0.33704200
v 0.01710200 -0.14216000 0.33680600
v 0.01712600 -0.14215500 0.33684000
v 0.01780200 -0.14194200 0.33807300
v 0.01610400 -0.14244000 0.33985100
v 0.01830500 -0.14175500 0.33915800
v 0.01827300 -0.14176700 0.33909000
v 0.01792700 -0.14188000 0.33921800
v 0.01669700 -0.14217500 0.34153200
v 0.01390000 -0.14303600 0.34052300
v 0.01441200 -0.14281100 0.34210000
v 0.01209800 -0.14335600 0.34258700
v 0.01241200 -0.14314200 0.34409800
v 0.01000800 -0.14361800 0.34442000
v 0.01016500 -0.14340500 0.34585600
v 0.00835500 -0.14388400 0.34460000
v 0.00848600 -0.14368300 0.34598800
v 0.00669400 -0.14410100 0.34474800
v 0.00679900 -0.14391000 0.34609600
v 0.00511700 -0.14408700 0.34618000
v 0.00514700 -0.14387600 0.34748900
v 0.00342800 -0.14401000 0.34752700
v 0.00340100 -0.14369100 0.34922000
v 0.00000300 -0.14412100 0.34755700
v 0.00000200 -0.14380600 0.34922400
v -0.00256700 -0.14406800 0.34754300
v -0.00254900 -0.14375100 0.34922200
v -0.00385100 -0.14399700 0.34752300
v -0.00382300 -0.14367700 0.34921900
v -0.00513200 -0.14389600 0.34749500
v -0.00509500 -0.14357400 0.34921600
v -0.00641100 -0.14376700 0.34745900
v -0.00636400 -0.14344000 0.34921100
v -0.00768600 -0.14360900 0.34741600
v -0.00763000 -0.14327700 0.34920600
v -0.00895800 -0.14342300 0.34736400
v -0.00889200 -0.14308400 0.34920000
v -0.01022400 -0.14320700 0.34730400
v -0.01014900 -0.14286100 0.34919400
v -0.01263800 -0.14232900 0.34917800
v -0.01232800 -0.14193400 0.35117100
v -0.01474300 -0.14127000 0.35130900
v -0.01412000 -0.14084600 0.35340400
v 0.01873800 -0.14156400 0.34026700
v 0.01874400 -0.14152500 0.34094900
v 0.01890100 -0.14148100 0.34074600
v 0.01894600 -0.14145700 0.34088800
v 0.01905200 -0.14139800 0.34123000
v 0.01919000 -0.14131400 0.34171800
v 0.01939000 -0.14115400 0.34275200
v 0.01954000 -0.14104600 0.34327200
v 0.01713000 -0.14189600 0.34325400
v 0.01739800 -0.14160500 0.34500600
v 0.01478500 -0.14256700 0.34370800
v 0.01501700 -0.14230600 0.34533600
v 0.01260700 -0.14290800 0.34562100
v 0.01268000 -0.14265300 0.34714900
v 0.01022400 -0.14316900 0.34729200
v 0.01014600 -0.14282000 0.34919500
v 0.00853600 -0.14345700 0.34737200
v 0.00847000 -0.14311800 0.34920400
v 0.00683900 -0.14369300 0.34743800
v 0.00678700 -0.14336200 0.34921100
v 0.00510900 -0.14355200 0.34921600
v 0.00331400 -0.14332200 0.35089400
v -0.00000100 -0.14343900 0.35086900
v -0.00248900 -0.14338300 0.35088000
v -0.00373100 -0.14330800 0.35089500
v -0.00497100 -0.14320300 0.35091500
v -0.00620900 -0.14306700 0.35094200
v -0.00744400 -0.14290000 0.35097600
v -0.00867500 -0.14270300 0.35101500
v -0.00990000 -0.14247600 0.35106100
v -0.01180700 -0.14151200 0.35312400
v -0.01325500 -0.14041100 0.35542200
v 0.01981200 -0.14066800 0.34546600
v 0.01749800 -0.14130300 0.34677700
v 0.01510300 -0.14203000 0.34697600
v 0.01498800 -0.14164000 0.34916300
v 0.01258300 -0.14228600 0.34917900
v 0.01461300 -0.14123000 0.35132300
v 0.01226800 -0.14188900 0.35118600
v 0.01398400 -0.14080600 0.35342900
v 0.01174000 -0.14146600 0.35315100
v 0.01310900 -0.14037200 0.35545400
v 0.01100500 -0.14102100 0.35505500
v 0.01200700 -0.13993200 0.35737700
v 0.01007900 -0.14055700 0.35688300
v 0.01069300 -0.13949200 0.35917500
v 0.00897500 -0.14007700 0.35861800
v 0.00958200 -0.13916500 0.36042700
v 0.00804100 -0.13970900 0.35984800
v 0.00837600 -0.13884200 0.36159000
v 0.00702800 -0.13933700 0.36101300
v 0.00708900 -0.13852400 0.36265900
v 0.00594500 -0.13896100 0.36210800
v 0.00573100 -0.13821300 0.36362800
v 0.00504900 -0.13866200 0.36292100
v 0.00480400 -0.13858200 0.36313000
v 0.00480400 -0.13858200 0.36313000
v 0.00480400 -0.13858200 0.36313000
v 0.00488900 -0.13862900 0.36302200
v 0.00469700 -0.13863500 0.36305000
v 0.00458400 -0.13864600 0.36305100
v 0.00361700 -0.13820000 0.36407600
v 0.00453900 -0.13865000 0.36305200
v 0.00442000 -0.13866000 0.36305700
v 0.00438200 -0.13866400 0.36305800
v 0.00290300 -0.13844000 0.36373300
v 0.00288800 -0.13877400 0.36309500
v 0.00241200 -0.13857300 0.36354100
v 0.00191800 -0.13868300 0.36338400
v 0.00158800 -0.13807700 0.36454700
v 0.00125700 -0.13815300 0.36443000
v 0.00073800 -0.13756600 0.36550600
v 0.00057200 -0.13760600 0.36544200
v -0.00014100 -0.13704300 0.36641900
v 0.01985300 -0.14048100 0.34655500
v 0.01979600 -0.14018700 0.34825000
v 0.01736500 -0.14088700 0.34914600
v 0.01970200 -0.14003500 0.34913100
v 0.01970400 -0.14003200 0.34914800
v 0.01957000 -0.13987700 0.35004200
v 0.01939400 -0.13972200 0.35092900
v 0.01856600 -0.13924400 0.35367900
v 0.01920900 -0.13959300 0.35167800
v 0.01693000 -0.14046200 0.35148700
v 0.01783700 -0.13895400 0.35534100
v 0.01838200 -0.13916400 0.35413900
v 0.01620100 -0.14003600 0.35375900
v 0.01697500 -0.13868000 0.35690200
v 0.01723300 -0.13875700 0.35646700
v 0.01723300 -0.13875700 0.35646700
v 0.01723300 -0.13875700 0.35646700
v 0.01578300 -0.13837800 0.35862800
v 0.01597600 -0.13842200 0.35837600
v 0.01578400 -0.13837800 0.35862800
v 0.01578400 -0.13837800 0.35862800
v 0.01459400 -0.13813200 0.36003000
v 0.01266400 -0.13781600 0.36183600
v 0.01405800 -0.13803500 0.36058200
v 0.01405800 -0.13803600 0.36058100
v 0.01239000 -0.13880900 0.35983100
v 0.01110400 -0.13852900 0.36110800
v 0.01259800 -0.13780800 0.36188800
v 0.00970800 -0.13826300 0.36226900
v 0.01101500 -0.13760700 0.36304600
v 0.00821700 -0.13801400 0.36330600
v 0.00932500 -0.13743600 0.36404700
v 0.00866900 -0.13737900 0.36437900
v 0.00932500 -0.13743600 0.36404700
v 0.01056700 -0.13755700 0.36333400
v 0.01101500 -0.13760700 0.36304600
v 0.01259900 -0.13780700 0.36188800
v 0.00794600 -0.13732300 0.36471200
v 0.00664600 -0.13778200 0.36421400
v 0.00721000 -0.13727200 0.36501800
v 0.00501000 -0.13756900 0.36498500
v 0.00431800 -0.13790900 0.36449400
v 0.00542800 -0.13717100 0.36562400
v 0.00332400 -0.13737500 0.36561400
v 0.00286300 -0.13761300 0.36525100
v 0.00239400 -0.13781600 0.36494200
v 0.00191700 -0.13798300 0.36468800
v 0.00359700 -0.13709800 0.36606300
v 0.00173500 -0.13705500 0.36633000
v 0.00160200 -0.13720000 0.36609400
v -0.00014100 -0.13704300 0.36641900
v -0.00428300 -0.13711100 0.36596100
v -0.00357700 -0.13738200 0.36558900
v -0.00222100 -0.13706000 0.36629800
v -0.00186400 -0.13720400 0.36608000
v -0.00014100 -0.13704300 0.36641900
v -0.00529800 -0.13715100 0.36571500
v -0.00525900 -0.13757800 0.36495500
v -0.00309200 -0.13762300 0.36522300
v -0.00454200 -0.13792300 0.36445800
v -0.00287200 -0.13772000 0.36507600
v -0.00405300 -0.13812600 0.36416700
v -0.00260000 -0.13782800 0.36491300
v -0.00381400 -0.13821600 0.36403800
v -0.00210300 -0.13799600 0.36466000
v -0.00307700 -0.13845700 0.36369600
v -0.00185300 -0.13806600 0.36455500
v -0.00270600 -0.13855700 0.36355400
v -0.00160100 -0.13812600 0.36446400
v -0.00233300 -0.13864400 0.36343100
v -0.00134900 -0.13817700 0.36438700
v -0.00195900 -0.13871800 0.36332700
v -0.00109700 -0.13821900 0.36432500
v -0.00158500 -0.13877800 0.36324300
v -0.00084400 -0.13825200 0.36427700
v -0.00120900 -0.13882400 0.36317800
v -0.00058900 -0.13827500 0.36424300
v -0.00082900 -0.13885800 0.36313100
v -0.00007300 -0.13886400 0.36313400
v -0.00567600 -0.13716800 0.36560900
v -0.00630000 -0.13720000 0.36541900
v -0.00689000 -0.13779400 0.36418200
v -0.00825200 -0.13732300 0.36468000
v -0.00836200 -0.13733200 0.36463100
v -0.00847200 -0.13734000 0.36458200
v -0.00858200 -0.13734900 0.36453200
v -0.00845400 -0.13803000 0.36327300
v -0.00892800 -0.13737700 0.36436800
v -0.00972500 -0.13744700 0.36395900
v -0.01063400 -0.13753800 0.36343600
v -0.00993600 -0.13828400 0.36223200
v -0.00729200 -0.13854800 0.36261600
v -0.00856700 -0.13887100 0.36154500
v -0.00717200 -0.13937200 0.36096200
v -0.00816900 -0.13974900 0.35979600
v -0.00657100 -0.14019600 0.35932400
v -0.00730700 -0.14059900 0.35811300
v -0.00576300 -0.14038400 0.35912700
v -0.00640600 -0.14080100 0.35792400
v -0.00537100 -0.14064400 0.35861600
v -0.00550200 -0.14097500 0.35776000
v -0.00537100 -0.14122400 0.35715500
v -0.00615300 -0.14151500 0.35612200
v -0.00537100 -0.14173300 0.35575900
v -0.00669900 -0.14201700 0.35444100
v -0.00559000 -0.14218100 0.35434200
v -0.00713200 -0.14248000 0.35272200
v -0.00595000 -0.14264700 0.35265400
v -0.01169600 -0.13766000 0.36274100
v -0.01132400 -0.13855300 0.36106900
v -0.00976100 -0.13919900 0.36038000
v -0.00908800 -0.14011900 0.35856800
v -0.00817700 -0.14111400 0.35643600
v -0.00716700 -0.14132900 0.35626800
v -0.01086200 -0.13952800 0.35912900
v -0.01017400 -0.14060100 0.35683900
v -0.00890600 -0.14160000 0.35469400
v -0.00780500 -0.14182300 0.35455800
v 0.00514000 -0.14124900 0.35709800
v 0.00540100 -0.14041100 0.35910800
v 0.00514000 -0.14000300 0.36011000
v 0.00647700 -0.14016000 0.35937200
v 0.00565800 -0.13974700 0.36053800
v 0.00514000 -0.14231000 0.35401600
v 0.00542600 -0.14159700 0.35606600
v 0.00677800 -0.14136100 0.35625100
v 0.00603200 -0.14083000 0.35790500
v 0.00723100 -0.14056000 0.35816000
v 0.00593000 -0.14210300 0.35439600
v 0.00514200 -0.14240300 0.35371300
v 0.00512400 -0.14246200 0.35352200
v 0.00502900 -0.14252000 0.35335800
v 0.00476400 -0.14276000 0.35261100
v 0.00632800 -0.14256700 0.35269200
v 0.00740400 -0.14185700 0.35454500
v 0.00812300 -0.14107300 0.35647700
v 0.00485500 -0.14256300 0.35327300
v 0.00465600 -0.14258400 0.35326500
v 0.00370500 -0.14265500 0.35329400
v 0.00316700 -0.14290200 0.35255200
v -0.00011600 -0.14278200 0.35334500
v -0.00000600 -0.14302000 0.35250200
v -0.00238800 -0.14296400 0.35252500
v -0.00370500 -0.14267000 0.35330000
v -0.00357700 -0.14288900 0.35255500
v -0.00430100 -0.14263000 0.35328400
v -0.00476500 -0.14278300 0.35259800
v -0.00474900 -0.14259600 0.35327100
v -0.00489500 -0.14258400 0.35326500
v -0.00498900 -0.14257600 0.35326300
v -0.00507100 -0.14256600 0.35327000
v -0.00514300 -0.14255400 0.35328800
v -0.00520700 -0.14253800 0.35331900
v -0.00524000 -0.14252800 0.35334300
v -0.00533800 -0.14247300 0.35349600
v -0.00537300 -0.14242400 0.35364700
v -0.00537400 -0.14232300 0.35397500
v -0.00537100 -0.14220300 0.35435400
v -0.00537100 -0.14008600 0.35991400
v -0.00577200 -0.13977900 0.36049100
v -0.00537400 -0.13880700 0.36261000
v -0.00610700 -0.13899000 0.36206000
v -0.00533600 -0.13872600 0.36277900
v -0.00525000 -0.13864900 0.36294800
v -0.00473400 -0.13864500 0.36306400
v -0.00498900 -0.13860300 0.36308800
v -0.00508800 -0.13856800 0.36313500
v -0.00594700 -0.13823200 0.36358800
v -0.00462400 -0.13864900 0.36307500
v -0.00403900 -0.13870000 0.36308200
v -0.00354400 -0.13874200 0.36308200
v -0.00321600 -0.13876400 0.36309000
v -0.00311000 -0.13877000 0.36309300
v -0.00158400 -0.13884000 0.36312200
v -0.00128600 -0.13884900 0.36312600
v -0.00008500 -0.13829200 0.36421800
v 0.00036600 -0.13886200 0.36313300
v 0.00058800 -0.13825600 0.36427400
v 0.00068100 -0.13885800 0.36313100
v 0.00092100 -0.13883100 0.36317300
v 0.00097000 -0.13885200 0.36312800
v 0.00142000 -0.13876900 0.36326100
v 0.00142200 -0.13884100 0.36312200
v 0.00513000 -0.13873500 0.36276000
v 0.00514100 -0.13882300 0.36258500
v 0.00514000 -0.13924700 0.36172800
v 0.00514000 -0.13963100 0.36092200
v -0.00014100 -0.14383400 0.32709000
v -0.00160600 -0.14392100 0.32770100
v -0.00111800 -0.14399700 0.32806700
v -0.00014100 -0.14383400 0.32709000
v -0.00099500 -0.14401100 0.32813600
v -0.00014100 -0.14383400 0.32709000
v -0.00087000 -0.14402400 0.32819500
v -0.00014100 -0.14383400 0.32709000
v -0.00074600 -0.14403400 0.32824500
v -0.00014100 -0.14383400 0.32709000
v -0.00062100 -0.14404300 0.32828600
v -0.00014100 -0.14383400 0.32709000
v -0.00049600 -0.14405000 0.32831800
v -0.00014100 -0.14383400 0.32709000
v -0.00037000 -0.14405500 0.32834000
v -0.00014100 -0.14383400 0.32709000
v -0.00011900 -0.14405800 0.32835600
v -0.00014100 -0.14383400 0.32709000
v 0.00021500 -0.14405100 0.32832100
v 0.00054700 -0.14403100 0.32821900
v -0.00014100 -0.14383400 0.32709000
v 0.00071200 -0.14401500 0.32814400
v -0.00014100 -0.14383400 0.32709000
v 0.00087500 -0.14399600 0.32805200
v 0.00134600 -0.14392200 0.32768600
v -0.00014100 -0.14383400 0.32709000
v 0.00157500 -0.14387400 0.32745200
v -0.00014100 -0.13704300 0.36641900
v 0.00137300 -0.13732400 0.36589500
v -0.00014100 -0.13704300 0.36641900
v 0.00114000 -0.13743000 0.36572400
v -0.00014100 -0.13704300 0.36641900
v 0.00090200 -0.13751700 0.36558400
v -0.00014100 -0.13704300 0.36641900
v -0.00014100 -0.13704300 0.36641900
v 0.00040500 -0.13763700 0.36539200
v -0.00014100 -0.13704300 0.36641900
v 0.00023800 -0.13766000 0.36535600
v -0.00014100 -0.13704300 0.36641900
v -0.00010000 -0.13767900 0.36532500
v -0.00014100 -0.13704300 0.36641900
v -0.00035400 -0.13767000 0.36533900
v -0.00014100 -0.13704300 0.36641900
v -0.00048200 -0.13765800 0.36535800
v -0.00014100 -0.13704300 0.36641900
v -0.00061000 -0.13764100 0.36538400
v -0.00014100 -0.13704300 0.36641900
v -0.00073700 -0.13761900 0.36541800
v -0.00014100 -0.13704300 0.36641900
v -0.00086400 -0.13759200 0.36546100
v -0.00014100 -0.13704300 0.36641900
v -0.00099100 -0.13756100 0.36551000
v -0.00014100 -0.13704300 0.36641900
v -0.00111800 -0.13752400 0.36556800
v -0.00014100 -0.13704300 0.36641900
v -0.00136900 -0.13743700 0.36570700
v -0.00014100 -0.13704300 0.36641900
v -0.00156200 -0.13735600 0.36583700
v 0.00235300 -0.14406300 0.32875900
v 0.00286400 -0.14423900 0.33012600
v 0.00237800 -0.14429800 0.33036000
v 0.00188800 -0.14434600 0.33055200
v 0.00188300 -0.14451400 0.33193700
v 0.00164600 -0.14469500 0.33375800
v -0.00006000 -0.14473500 0.33388600
v -0.00134000 -0.14471300 0.33382700
v -0.00197900 -0.14468500 0.33374800
v -0.00261700 -0.14464700 0.33363500
v -0.00325400 -0.14459700 0.33348900
v -0.00388900 -0.14453700 0.33331000
v -0.00452200 -0.14446600 0.33309800
v -0.00515200 -0.14438500 0.33285300
v -0.00640200 -0.14419100 0.33226400
v -0.00927300 -0.14386400 0.33308300
v -0.00014100 -0.13704300 0.36641900
v -0.00161800 -0.13733000 0.36587800
v -0.00014100 -0.14383400 0.32709000
v -0.00136300 -0.14396200 0.32790200
v -0.00306100 -0.14397600 0.32841800
v -0.00014100 -0.14383400 0.32709000
v 0.00038100 -0.14404300 0.32827800
v 0.00056400 -0.14424300 0.32956100
v -0.00010200 -0.14425800 0.32962700
v -0.00060100 -0.14425000 0.32959600
v -0.00085100 -0.14424000 0.32955500
v -0.00110000 -0.14422600 0.32949700
v -0.00134900 -0.14420800 0.32942200
v -0.00159700 -0.14418600 0.32933000
v -0.00184400 -0.14416100 0.32922100
v -0.00209000 -0.14413100 0.32909400
v -0.00257900 -0.14406100 0.32879000
v -0.00449000 -0.14400100 0.32923900
v -0.00014100 -0.14383400 0.32709000
v 0.00111200 -0.14396300 0.32788700
v 0.00188000 -0.14413100 0.32906400
v 0.00155400 -0.14417000 0.32923400
v 0.00122500 -0.14420100 0.32937300
v 0.00089500 -0.14422600 0.32948200
v 0.00139700 -0.14438300 0.33070200
v 0.00090300 -0.14441000 0.33081000
v 0.00123100 -0.14455000 0.33206800
v -0.00008700 -0.14443100 0.33090100
v -0.00007400 -0.14457900 0.33217900
v -0.00083100 -0.14441900 0.33085900
v -0.00105500 -0.14456300 0.33212800
v -0.00120200 -0.14440400 0.33080300
v -0.00154400 -0.14454200 0.33206000
v -0.00157300 -0.14438300 0.33072300
v -0.00203300 -0.14451400 0.33196300
v -0.00194300 -0.14435600 0.33062000
v -0.00252100 -0.14447700 0.33183700
v -0.00231200 -0.14432200 0.33049300
v -0.00300700 -0.14443200 0.33168300
v -0.00268000 -0.14428300 0.33034300
v -0.00349200 -0.14437900 0.33150100
v -0.00304600 -0.14423800 0.33016900
v -0.00397400 -0.14431900 0.33129000
v -0.00377200 -0.14413100 0.32975100
v -0.00493100 -0.14417500 0.33078300
v -0.00587800 -0.14399900 0.33016100
v -0.00763900 -0.14395500 0.33154100
v -0.01511500 -0.14167800 0.34916000
v -0.01273300 -0.14269400 0.34716100
v -0.01216400 -0.13997000 0.35733800
v -0.01108500 -0.14106600 0.35501900
v -0.00948400 -0.14205500 0.35289800
v -0.00831000 -0.14228200 0.35280400
v 0.01391100 -0.13920400 0.35796000
v 0.01518900 -0.13961500 0.35592600
v 0.00989100 -0.14243400 0.35107500
v 0.00825700 -0.14273800 0.35101300
v 0.00661500 -0.14298700 0.35096200
v 0.00498000 -0.14318000 0.35092300
v 0.00946400 -0.14201200 0.35292300
v 0.00790000 -0.14231700 0.35279600
v 0.00887100 -0.14155800 0.35472700
v 0.00092300 -0.13821300 0.36433900
v -0.01862500 -0.13916800 0.35411900
v -0.01965200 -0.13913200 0.35316900
v -0.01922500 -0.13945900 0.35245100
v -0.02018800 -0.13946800 0.35124000
v -0.01973000 -0.13980500 0.35045200
v -0.02052700 -0.13981100 0.34926700
v -0.02003300 -0.14018700 0.34825200
v -0.02066400 -0.14015600 0.34726900
v -0.02007300 -0.14059400 0.34589300
v -0.02059900 -0.14050300 0.34526600
v -0.01988600 -0.14093000 0.34394200
v -0.02033100 -0.14084700 0.34327800
v -0.01944100 -0.14129800 0.34179300
v -0.01986600 -0.14118500 0.34132500
v -0.01907200 -0.14150800 0.34057100
v -0.01920800 -0.14151200 0.33942700
v -0.01850400 -0.14176100 0.33909400
v -0.01836200 -0.14182700 0.33760200
v -0.01720800 -0.14218800 0.33659000
v -0.01733800 -0.14212600 0.33586800
v -0.01637600 -0.14240000 0.33534000
v -0.01614600 -0.14240600 0.33424100
v -0.01545000 -0.14260200 0.33415600
v -0.01538000 -0.14261700 0.33407300
v -0.01479500 -0.14266400 0.33273900
v -0.01446100 -0.14278600 0.33307300
v -0.01417000 -0.14283500 0.33278400
v -0.01389900 -0.14288000 0.33252400
v -0.01329700 -0.14289800 0.33137800
v -0.01195700 -0.14315400 0.33092500
v -0.01166900 -0.14310500 0.33017000
v -0.01075700 -0.14329200 0.33012200
v -0.00992600 -0.14328500 0.32912500
v -0.00948900 -0.14341700 0.32939800
v -0.00808700 -0.14343600 0.32825400
v -0.00772200 -0.14356000 0.32857900
v -0.00617000 -0.14355800 0.32756800
v -0.00572700 -0.14368400 0.32788800
v -0.00419400 -0.14364700 0.32707100
v -0.00415200 -0.14375600 0.32750000
v -0.00257900 -0.14380400 0.32724200
v -0.00217700 -0.14370200 0.32676900
v -0.00014100 -0.14383400 0.32709000
v -0.00014100 -0.14368600 0.32653600
v -0.00220900 -0.14362900 0.32645500
v -0.00222800 -0.14361700 0.32627600
v -0.00425800 -0.14357500 0.32675900
v -0.00429600 -0.14356400 0.32658100
v -0.00626800 -0.14348800 0.32725900
v -0.00632400 -0.14347800 0.32708400
v -0.00821800 -0.14336900 0.32795100
v -0.00829200 -0.14336000 0.32777800
v -0.01008800 -0.14321800 0.32882900
v -0.01018000 -0.14320900 0.32866000
v -0.01186100 -0.14303700 0.32988400
v -0.01197000 -0.14302800 0.32972100
v -0.01352000 -0.14282800 0.33110600
v -0.01364700 -0.14281800 0.33095000
v -0.01505000 -0.14259200 0.33248500
v -0.01519500 -0.14258100 0.33233900
v -0.01643400 -0.14233000 0.33400900
v -0.01659900 -0.14231800 0.33387600
v -0.01766000 -0.14204700 0.33566200
v -0.01784400 -0.14203300 0.33554500
v -0.01871500 -0.14174300 0.33742700
v -0.01891900 -0.14172800 0.33732700
v -0.01958900 -0.14142500 0.33928500
v -0.01980900 -0.14140700 0.33920400
v -0.02027100 -0.14109300 0.34121900
v -0.02050500 -0.14107300 0.34115800
v -0.02075700 -0.14075100 0.34320900
v -0.02100400 -0.14073000 0.34316900
v -0.02104300 -0.14040200 0.34523500
v -0.02130200 -0.14037900 0.34521800
v -0.02112400 -0.14004900 0.34728100
v -0.02139200 -0.14002400 0.34728900
v -0.02099700 -0.13969700 0.34932800
v -0.02127200 -0.13966800 0.34936400
v -0.02066400 -0.13934800 0.35135200
v -0.02094300 -0.13931600 0.35141800
v -0.02012900 -0.13900700 0.35333400
v -0.02041000 -0.13897200 0.35343000
v -0.01940100 -0.13867600 0.35525400
v -0.01968000 -0.13863800 0.35538100
v -0.01848700 -0.13835900 0.35709400
v -0.01876200 -0.13831800 0.35725200
v -0.01739500 -0.13805800 0.35883700
v -0.01766200 -0.13801500 0.35902400
v -0.01613100 -0.13777700 0.36046400
v -0.01638700 -0.13773100 0.36068000
v -0.01473900 -0.13751000 0.36199200
v -0.01515200 -0.13746500 0.36240600
v -0.01892700 -0.13880600 0.35503800
v -0.01793500 -0.13890700 0.35561100
v -0.01744200 -0.13874900 0.35651300
v -0.01802200 -0.13849300 0.35682800
v -0.01690300 -0.13859500 0.35738800
v -0.01694200 -0.13819700 0.35852100
v -0.01566800 -0.13830000 0.35907400
v -0.01524100 -0.13821200 0.35957600
v -0.01421300 -0.13802300 0.36065900
v -0.01569700 -0.13792100 0.36010000
v -0.01429000 -0.13767000 0.36154300
v -0.01407500 -0.13800000 0.36079100
v -0.01393700 -0.13797800 0.36092100
v -0.01379700 -0.13795500 0.36105000
v -0.01652700 -0.13771100 0.36095400
v -0.01775000 -0.13797900 0.35938100
v -0.01881800 -0.13826500 0.35770100
v -0.01972300 -0.13856700 0.35592900
v -0.02045900 -0.13888100 0.35408300
v -0.02102000 -0.13920600 0.35217700
v -0.02139900 -0.13953800 0.35022800
v -0.02159200 -0.13987500 0.34825200
v -0.02160500 -0.14017500 0.34649100
v -0.02146900 -0.14047300 0.34474100
v -0.02118700 -0.14076800 0.34301000
v -0.02076200 -0.14105800 0.34130800
v -0.02019800 -0.14134100 0.33964400
v -0.01949400 -0.14161600 0.33803100
v -0.01865600 -0.14188000 0.33648100
v -0.01769100 -0.14213200 0.33500500
v -0.01699400 -0.14228900 0.33408200
v -0.01624800 -0.14244000 0.33319800
v -0.01497100 -0.14266300 0.33188600
v -0.01358800 -0.14286700 0.33069000
v -0.01210800 -0.14305000 0.32961700
v -0.01054200 -0.14321000 0.32867400
v -0.00890100 -0.14334800 0.32786700
v -0.00719300 -0.14346100 0.32720100
v -0.00543300 -0.14354900 0.32668100
v -0.00363500 -0.14361200 0.32630900
v -0.00343300 -0.14361800 0.32627700
v -0.00179100 -0.14365000 0.32608800
v -0.00014100 -0.14366100 0.32602500
v -0.01530900 -0.14263100 0.33399100
v -0.01485600 -0.14271600 0.33348500
v -0.01523800 -0.14264400 0.33390900
v -0.00006200 -0.13413700 0.31527200
v -0.00179200 -0.13224000 0.31384900
v -0.00006000 -0.12996800 0.31207900
v -0.00181700 -0.13147300 0.31326600
v -0.00027500 -0.12996700 0.31207900
v -0.00184100 -0.13070000 0.31269000
v -0.00315100 -0.12984100 0.31221200
v -0.00361500 -0.13056800 0.31281800
v -0.00481100 -0.12966600 0.31239500
v -0.00537300 -0.13035200 0.31303100
v -0.00657300 -0.12939800 0.31267500
v -0.00710500 -0.13005100 0.31332500
v -0.00854200 -0.12899500 0.31309800
v -0.00880500 -0.12967100 0.31369800
v -0.00957600 -0.12961400 0.31400100
v -0.00868900 -0.13049800 0.31425800
v -0.00857000 -0.13131800 0.31482500
v -0.00701100 -0.13085800 0.31389100
v -0.00691400 -0.13165900 0.31446300
v -0.00530100 -0.13114300 0.31360100
v -0.00522700 -0.13192800 0.31417900
v -0.00356700 -0.13134800 0.31339200
v -0.00351800 -0.13212300 0.31397300
v -0.00006300 -0.13814100 0.31867200
v -0.00166100 -0.13599800 0.31687000
v -0.00168800 -0.13525700 0.31625200
v -0.00171500 -0.13451200 0.31564100
v -0.00330900 -0.13516700 0.31636700
v -0.00336300 -0.13441400 0.31575800
v -0.00491700 -0.13501700 0.31655900
v -0.00499700 -0.13425300 0.31595300
v -0.00650500 -0.13480900 0.31682500
v -0.00661100 -0.13403000 0.31622400
v -0.00806900 -0.13454600 0.31716300
v -0.00819800 -0.13374700 0.31656800
v -0.00947300 -0.13255300 0.31617600
v -0.00832500 -0.13294200 0.31598000
v -0.00844900 -0.13213300 0.31539900
v -0.00681500 -0.13245500 0.31504300
v -0.00152000 -0.13952000 0.31997700
v -0.00006500 -0.14196700 0.32226900
v -0.00251600 -0.14287200 0.32330600
v -0.00006500 -0.14228000 0.32258000
v -0.00006500 -0.14259100 0.32289200
v -0.00006500 -0.14290100 0.32320500
v -0.00297200 -0.13947000 0.32008000
v -0.00494900 -0.14278600 0.32360900
v -0.00441500 -0.13938500 0.32025100
v -0.00584400 -0.13926900 0.32048900
v -0.00483500 -0.13577500 0.31717100
v -0.00639800 -0.13558300 0.31743200
v -0.00734500 -0.14264100 0.32411400
v -0.00725600 -0.13912100 0.32079300
v -0.00793600 -0.13533900 0.31776500
v -0.00929600 -0.13998400 0.32238000
v -0.00968600 -0.14243900 0.32481900
v -0.00951100 -0.14070600 0.32313400
v -0.00988700 -0.14128900 0.32384200
v -0.01046600 -0.14171400 0.32451000
v -0.01195300 -0.14218000 0.32572200
v -0.01102100 -0.14186400 0.32492800
v -0.01166000 -0.14183200 0.32524100
v -0.01231400 -0.14161600 0.32542100
v -0.01278900 -0.14170600 0.32579100
v -0.01293000 -0.14125900 0.32547800
v -0.01306200 -0.14116300 0.32547700
v -0.01412500 -0.14186600 0.32681700
v -0.01390600 -0.14038700 0.32535700
v -0.01505900 -0.14140900 0.32710400
v -0.01460400 -0.13950600 0.32509500
v -0.01518500 -0.13857000 0.32473800
v -0.01618500 -0.14149900 0.32809800
v -0.01633400 -0.13731200 0.32463300
v -0.01718500 -0.14106800 0.32862500
v -0.01858300 -0.13659200 0.32622400
v -0.01811400 -0.14108200 0.32955500
v -0.01914800 -0.14068600 0.33033900
v -0.01989600 -0.14061700 0.33117500
v -0.02064700 -0.13580200 0.32800300
v -0.02092800 -0.14026700 0.33223200
v -0.02250900 -0.13495300 0.32995300
v -0.02151500 -0.14010900 0.33294700
v -0.02295800 -0.13956300 0.33485400
v -0.02415700 -0.13405200 0.33205500
v -0.02421200 -0.13898200 0.33688100
v -0.02558100 -0.13311100 0.33429100
v -0.02526500 -0.13837200 0.33901100
v -0.02677000 -0.13213500 0.33664100
v -0.02611100 -0.13773700 0.34122400
v -0.02771700 -0.13113500 0.33908600
v -0.02674100 -0.13708400 0.34350400
v -0.02841500 -0.13011800 0.34160500
v -0.02715100 -0.13641800 0.34582900
v -0.02866900 -0.12960600 0.34288700
v -0.02886000 -0.12909400 0.34418100
v -0.03052300 -0.12038200 0.34050300
v -0.03073600 -0.11960000 0.34180700
v -0.03086100 -0.11848000 0.34001700
v -0.03107800 -0.11764300 0.34132100
v -0.03118500 -0.11657400 0.33953100
v -0.03140500 -0.11568300 0.34083500
v -0.03149400 -0.11466700 0.33904600
v -0.03171800 -0.11372100 0.34034900
v -0.03178800 -0.11275700 0.33856200
v -0.03201500 -0.11175600 0.33986400
v -0.03206800 -0.11084400 0.33808000
v -0.03229800 -0.10979000 0.33938000
v -0.03233300 -0.10893000 0.33759800
v -0.03256500 -0.10782100 0.33889600
v -0.03258600 -0.10699500 0.33711300
v -0.03282000 -0.10583100 0.33840800
v -0.03285800 -0.10552600 0.33833300
v -0.03308700 -0.10392000 0.33937400
v -0.03291500 -0.10505000 0.33819200
v -0.02732600 -0.13584400 0.34783000
v -0.02898700 -0.12858300 0.34548300
v -0.03088700 -0.11882200 0.34312300
v -0.03123400 -0.11681000 0.34263700
v -0.03156500 -0.11479600 0.34215200
v -0.03188100 -0.11278000 0.34166600
v -0.03218200 -0.11076100 0.34118100
v -0.03246800 -0.10874100 0.34069500
v -0.03273900 -0.10671900 0.34020900
v -0.03299800 -0.10467400 0.33971800
v -0.03302300 -0.10446500 0.33966800
v -0.03317000 -0.10322000 0.34010800
v -0.02733500 -0.13527000 0.34983700
v -0.02739900 -0.13500100 0.34977300
v -0.02746300 -0.13473100 0.34971300
v -0.02752600 -0.13446000 0.34965200
v -0.02764800 -0.13393200 0.34953400
v -0.02777000 -0.13340400 0.34941700
v -0.02789100 -0.13287600 0.34929800
v -0.02824000 -0.13132200 0.34895100
v -0.02905000 -0.12807600 0.34679400
v -0.02858100 -0.12976500 0.34860200
v -0.02891400 -0.12820700 0.34825200
v -0.02899700 -0.12781100 0.34816300
v -0.02908000 -0.12741400 0.34807400
v -0.02916200 -0.12701700 0.34798500
v -0.02932100 -0.12624400 0.34781100
v -0.02947800 -0.12547000 0.34763700
v -0.02963300 -0.12469500 0.34746300
v -0.02966200 -0.12454900 0.34743000
v -0.03097700 -0.11805100 0.34445100
v -0.03089200 -0.11794000 0.34593800
v -0.03132800 -0.11598600 0.34396700
v -0.03197300 -0.11130800 0.34443200
v -0.03166400 -0.11391800 0.34348300
v -0.03198500 -0.11184900 0.34299900
v -0.03229100 -0.10977700 0.34251300
v -0.03290400 -0.10465600 0.34291400
v -0.03258100 -0.10770300 0.34202700
v -0.03285600 -0.10562800 0.34154000
v -0.03304600 -0.10353200 0.34265700
v -0.03311900 -0.10352900 0.34104700
v -0.03318400 -0.10240700 0.34239900
v -0.03327000 -0.10208900 0.34129400
v -0.03313100 -0.10342200 0.34102200
v -0.03331800 -0.10128200 0.34214100
v -0.03263600 -0.10660000 0.33701500
v -0.03250200 -0.10700700 0.33614100
v -0.03229400 -0.10816100 0.33583400
v -0.03204300 -0.11004100 0.33631500
v -0.03177900 -0.11190100 0.33679400
v -0.03150200 -0.11375900 0.33727500
v -0.03121000 -0.11561400 0.33775700
v -0.03090400 -0.11746700 0.33824100
v -0.03058300 -0.11931700 0.33872600
v -0.03024900 -0.12116500 0.33921300
v -0.03235500 -0.10768200 0.33571100
v -0.03190900 -0.10903700 0.33401400
v -0.03128400 -0.11226000 0.33379400
v -0.03181800 -0.10930400 0.33373400
v -0.03153300 -0.11049100 0.33331900
v -0.03172400 -0.10957000 0.33345400
v -0.03162800 -0.10983600 0.33317600
v -0.03062100 -0.11220100 0.33069900
v -0.03053400 -0.11279800 0.33086700
v -0.03028500 -0.11445700 0.33133700
v -0.03102300 -0.11401100 0.33426800
v -0.03002500 -0.11609900 0.33180700
v -0.03074800 -0.11575900 0.33474400
v -0.02975200 -0.11773900 0.33228100
v -0.03046000 -0.11750500 0.33522300
v -0.02946600 -0.11937500 0.33275900
v -0.03015800 -0.11924800 0.33570500
v -0.02916700 -0.12100900 0.33324000
v -0.02984200 -0.12098800 0.33619000
v -0.02885600 -0.12263900 0.33372500
v -0.02951300 -0.12272500 0.33667700
v -0.02853200 -0.12426600 0.33421300
v -0.02929300 -0.11506500 0.32848700
v -0.02938500 -0.11447800 0.32831200
v -0.02780700 -0.11727500 0.32619300
v -0.02790600 -0.11668200 0.32600200
v -0.02638200 -0.11857200 0.32402100
v -0.02607200 -0.11940800 0.32399800
v -0.02507700 -0.11996800 0.32255800
v -0.02582400 -0.12074700 0.32447100
v -0.02384300 -0.12268400 0.32240200
v -0.02556800 -0.12207500 0.32494700
v -0.02359200 -0.12391200 0.32288700
v -0.02530200 -0.12339800 0.32542900
v -0.02333200 -0.12513700 0.32337800
v -0.02502500 -0.12471800 0.32591700
v -0.02306400 -0.12635700 0.32387600
v -0.02473900 -0.12603300 0.32641100
v -0.02278700 -0.12757300 0.32438000
v -0.02444300 -0.12734500 0.32691000
v -0.02250100 -0.12878500 0.32488900
v -0.02413800 -0.12865200 0.32741500
v -0.02220600 -0.12999200 0.32540500
v -0.02408600 -0.12144400 0.32192100
v -0.02333400 -0.12159000 0.32085900
v -0.02161200 -0.12450400 0.32047500
v -0.02137100 -0.12563900 0.32097200
v -0.02112300 -0.12677000 0.32147500
v -0.02086600 -0.12789700 0.32198600
v -0.02060200 -0.12901800 0.32250200
v -0.02033100 -0.13013500 0.32302600
v -0.02005200 -0.13124800 0.32355500
v -0.02184700 -0.12336000 0.31998200
v -0.02250300 -0.12228300 0.32013400
v -0.02124200 -0.12324700 0.31912300
v -0.01997500 -0.12412400 0.31820300
v -0.01935600 -0.12512700 0.31820600
v -0.01913600 -0.12618400 0.31871300
v -0.01963600 -0.12434400 0.31797200
v -0.01822700 -0.12519900 0.31707400
v -0.01661900 -0.12671600 0.31662000
v -0.01688000 -0.12593400 0.31630400
v -0.01561100 -0.12655800 0.31565100
v -0.01364900 -0.12809100 0.31525700
v -0.01443700 -0.12708100 0.31510500
v -0.01354700 -0.12744300 0.31472500
v -0.01273800 -0.12774900 0.31440500
v -0.01208200 -0.12868700 0.31466800
v -0.01347700 -0.12899800 0.31579500
v -0.01192700 -0.12956300 0.31521400
v -0.01336300 -0.12958800 0.31615100
v -0.01040300 -0.12960800 0.31440200
v -0.01046600 -0.12921500 0.31414700
v -0.01201600 -0.12800300 0.31413800
v -0.01138600 -0.12821000 0.31392100
v -0.00864500 -0.13894200 0.32116100
v -0.00924400 -0.13913100 0.32158800
v -0.00937300 -0.13542300 0.31844600
v -0.01621600 -0.12866200 0.31767100
v -0.01602100 -0.12956100 0.31817000
v -0.01654600 -0.12955500 0.31862400
v -0.01657900 -0.13050200 0.31936900
v -0.01844000 -0.12931400 0.32026800
v -0.01867800 -0.12827500 0.31974300
v -0.01891100 -0.12723200 0.31922500
v -0.01642000 -0.12769300 0.31714300
v -0.01819400 -0.13034800 0.32080100
v -0.01661200 -0.13144300 0.32012200
v -0.01794200 -0.13137700 0.32133900
v -0.01664300 -0.13234000 0.32085200
v -0.01768400 -0.13240100 0.32188500
v -0.01667500 -0.13323300 0.32158800
v -0.01666600 -0.13380500 0.32204000
v -0.01656200 -0.13469900 0.32267000
v -0.01635600 -0.13565000 0.32326500
v -0.01566600 -0.13760400 0.32430700
v -0.00176700 -0.13300300 0.31443900
v -0.00174100 -0.13376000 0.31503700
v -0.02755800 -0.11871800 0.32666200
v -0.02729900 -0.12014700 0.32713300
v -0.02702900 -0.12157400 0.32760900
v -0.02674800 -0.12299700 0.32809000
v -0.02645600 -0.12441600 0.32857700
v -0.02615300 -0.12583100 0.32906800
v -0.02584000 -0.12724200 0.32956500
v -0.02904400 -0.11661500 0.32895500
v -0.02878400 -0.11815000 0.32942400
v -0.02851200 -0.11968200 0.32989800
v -0.02822800 -0.12121100 0.33037600
v -0.02793300 -0.12273600 0.33085900
v -0.02762500 -0.12425800 0.33134600
v -0.02730600 -0.12577600 0.33183700
v -0.00341500 -0.13365600 0.31515600
v -0.00507500 -0.13348300 0.31535500
v -0.00346700 -0.13289200 0.31456100
v -0.00515200 -0.13270900 0.31476300
v -0.00671400 -0.13324500 0.31563000
v -0.00325400 -0.13591400 0.31698300
v -0.02715100 -0.13641800 0.34582900
v -0.02674100 -0.13708400 0.34350400
v -0.02465600 -0.13836100 0.34673800
v -0.02439800 -0.13886600 0.34450700
v -0.02217800 -0.14008700 0.34756300
v -0.02207000 -0.14044400 0.34543200
v -0.02392200 -0.13936100 0.34230800
v -0.02175000 -0.14079800 0.34332100
v -0.02323600 -0.13984200 0.34016200
v -0.02122200 -0.14114500 0.34125100
v -0.02234600 -0.14030500 0.33808900
v -0.02049400 -0.14148200 0.33924200
v -0.02125800 -0.14074600 0.33610600
v -0.01957000 -0.14180500 0.33731200
v -0.01998100 -0.14116300 0.33423400
v -0.01845800 -0.14211200 0.33548100
v -0.01852800 -0.14155000 0.33248800
v -0.01716800 -0.14240000 0.33376800
v -0.01691100 -0.14190600 0.33088400
v -0.01571600 -0.14266500 0.33218600
v -0.01514700 -0.14222700 0.32943500
v -0.01411400 -0.14290600 0.33075100
v -0.01324900 -0.14251100 0.32815600
v -0.01237700 -0.14312000 0.32947900
v -0.01225600 -0.14263700 0.32758400
v -0.01052000 -0.14330300 0.32838300
v -0.01123500 -0.14275400 0.32705800
v -0.00912300 -0.14295500 0.32615100
v -0.00968600 -0.14243900 0.32481900
v -0.00734500 -0.14264100 0.32411400
v -0.02611100 -0.13773700 0.34122400
v -0.02526500 -0.13837200 0.33901100
v -0.02421200 -0.13898200 0.33688100
v -0.02295800 -0.13956300 0.33485400
v -0.02151500 -0.14010900 0.33294700
v -0.01989600 -0.14061700 0.33117500
v -0.01811400 -0.14108200 0.32955500
v -0.01618500 -0.14149900 0.32809800
v -0.01412500 -0.14186600 0.32681700
v -0.01195300 -0.14218000 0.32572200
v -0.00693400 -0.14311200 0.32544000
v -0.00494900 -0.14278600 0.32360900
v -0.00468600 -0.14322600 0.32492800
v -0.00251600 -0.14287200 0.32330600
v -0.00240000 -0.14329400 0.32461800
v -0.00006500 -0.14290100 0.32320500
v -0.00012200 -0.14373100 0.32582300
v -0.00228300 -0.14371300 0.32592700
v -0.00442400 -0.14366100 0.32624100
v -0.00652300 -0.14357400 0.32675900
v -0.00856200 -0.14345500 0.32747400
v -0.03319000 -0.09825200 0.34758600
v -0.03202600 -0.10644500 0.34949800
v -0.03311700 -0.09822000 0.34825300
v -0.03197200 -0.10637300 0.34991500
v -0.03298000 -0.09822100 0.34926300
v -0.03184700 -0.10625000 0.35075000
v -0.03169700 -0.10615300 0.35158400
v -0.03025600 -0.11475400 0.35308200
v -0.03007100 -0.11466300 0.35385700
v -0.02820100 -0.12422200 0.35540200
v -0.02798800 -0.12412500 0.35610300
v -0.02618000 -0.13327200 0.35680400
v -0.02750800 -0.12394200 0.35749000
v -0.02522800 -0.13252800 0.35940000
v -0.02695600 -0.12376900 0.35885000
v -0.02633400 -0.12360300 0.36018000
v -0.02883900 -0.11429600 0.35765200
v -0.02820700 -0.11417000 0.35911900
v -0.03032300 -0.10578800 0.35649700
v -0.02969000 -0.10570000 0.35807800
v -0.03088000 -0.09822200 0.35699900
v -0.03065900 -0.09822200 0.35753300
v -0.03042700 -0.09822200 0.35806300
v -0.02897400 -0.10561800 0.35962400
v -0.02938600 -0.09822200 0.36019000
v -0.02817600 -0.10554300 0.36112900
v -0.02814600 -0.09822200 0.36231900
v -0.02634500 -0.10540700 0.36400100
v -0.02773900 -0.09822200 0.36294700
v -0.02680700 -0.09822200 0.36427600
v -0.02572300 -0.09822100 0.36566900
v -0.02422000 -0.10528600 0.36666300
v -0.02459600 -0.09822200 0.36696900
v -0.02286400 -0.09822100 0.36872600
v -0.02182400 -0.10518000 0.36908400
v -0.02034600 -0.09822100 0.37087100
v -0.01918600 -0.10508700 0.37123900
v -0.01902000 -0.09822100 0.37184000
v -0.01633400 -0.10500800 0.37310300
v -0.01650700 -0.09822100 0.37342300
v -0.01419000 -0.09822100 0.37462500
v -0.01330200 -0.10494300 0.37465600
v -0.01294100 -0.09822100 0.37518000
v -0.01012300 -0.10489200 0.37588200
v -0.00961700 -0.09822100 0.37637200
v -0.00939500 -0.09822100 0.37643800
v -0.00917200 -0.09822100 0.37650300
v -0.00894800 -0.09822100 0.37656500
v -0.00885200 -0.09822100 0.37659200
v -0.00875600 -0.09822100 0.37661800
v -0.00865900 -0.09822100 0.37664400
v -0.00683200 -0.10485500 0.37676700
v -0.00807700 -0.09822000 0.37679400
v -0.00749300 -0.09822000 0.37693400
v -0.00690600 -0.09822100 0.37706300
v -0.00486700 -0.09821900 0.37742300
v -0.00346600 -0.10483300 0.37730200
v -0.00241500 -0.09822100 0.37768200
v -0.00006200 -0.09822100 0.37777300
v -0.00006300 -0.10954700 0.37720700
v -0.00326100 -0.11281300 0.37682300
v -0.00006400 -0.12085500 0.37633100
v -0.00301400 -0.12171300 0.37610700
v -0.00006400 -0.12371100 0.37606100
v -0.00190400 -0.12941700 0.37540300
v -0.00119200 -0.12941700 0.37544200
v -0.03207400 -0.10652600 0.34908400
v -0.03321400 -0.09828200 0.34731300
v -0.03211500 -0.10662200 0.34867400
v -0.03324900 -0.09835300 0.34686200
v -0.03214900 -0.10674100 0.34827000
v -0.03328000 -0.09846300 0.34638300
v -0.03217700 -0.10688700 0.34787500
v -0.03329200 -0.09852700 0.34615300
v -0.03219800 -0.10705400 0.34749000
v -0.03331100 -0.09867500 0.34571200
v -0.03221500 -0.10723700 0.34711700
v -0.03333100 -0.09895600 0.34505800
v -0.03223000 -0.10743200 0.34675100
v -0.03334500 -0.09926100 0.34449900
v -0.03225700 -0.10784900 0.34603500
v -0.03226800 -0.10806700 0.34568300
v -0.03190000 -0.11081300 0.34589000
v -0.03335100 -0.10000000 0.34349100
v -0.03006000 -0.12161900 0.34825200
v -0.03096000 -0.11638200 0.34749400
v -0.03094100 -0.11620800 0.34783700
v -0.03089700 -0.11587400 0.34853100
v -0.03087200 -0.11571700 0.34888400
v -0.03084400 -0.11556900 0.34924200
v -0.03081200 -0.11543200 0.34960900
v -0.03077400 -0.11531100 0.34998300
v -0.03073000 -0.11520800 0.35036300
v -0.03067900 -0.11512300 0.35074700
v -0.03062300 -0.11504800 0.35113400
v -0.03056100 -0.11497800 0.35152500
v -0.03041900 -0.11485700 0.35230400
v -0.02873400 -0.12826800 0.34968800
v -0.02923500 -0.12563000 0.34948100
v -0.02920700 -0.12550600 0.34981400
v -0.02914400 -0.12526500 0.35048300
v -0.02910800 -0.12515100 0.35082000
v -0.02906800 -0.12504200 0.35116000
v -0.02902400 -0.12493800 0.35150600
v -0.02897500 -0.12484400 0.35185400
v -0.02892000 -0.12476000 0.35220600
v -0.02886100 -0.12468600 0.35256000
v -0.02879500 -0.12461800 0.35291500
v -0.02872500 -0.12455400 0.35327300
v -0.02856900 -0.12443400 0.35398500
v -0.02839400 -0.12432400 0.35469500
v -0.02726300 -0.13490400 0.35110900
v -0.02687800 -0.13408500 0.35396800
v -0.02382000 -0.13172600 0.36219800
v -0.02564400 -0.12344300 0.36147700
v -0.02749900 -0.11405100 0.36055200
v -0.02312700 -0.13140400 0.36332400
v -0.02488800 -0.12329000 0.36273700
v -0.02671600 -0.11393900 0.36194500
v -0.02164300 -0.13081400 0.36538000
v -0.02318600 -0.12300200 0.36513400
v -0.02493700 -0.11372900 0.36459900
v -0.01978800 -0.13021600 0.36746900
v -0.02124800 -0.12273900 0.36734500
v -0.02289000 -0.11354000 0.36705400
v -0.01780400 -0.12969500 0.36928800
v -0.01909300 -0.12250200 0.36935100
v -0.02059800 -0.11337100 0.36928300
v -0.01656600 -0.12942600 0.37025700
v -0.01674600 -0.12229300 0.37112900
v -0.01808800 -0.11322300 0.37126400
v -0.01560400 -0.12941900 0.37090200
v -0.01422900 -0.12211400 0.37266400
v -0.01538500 -0.11309600 0.37297600
v -0.01321900 -0.12941200 0.37228000
v -0.01157000 -0.12196500 0.37394000
v -0.01252000 -0.11299000 0.37440000
v -0.01072000 -0.12941800 0.37341700
v -0.00956100 -0.12942200 0.37384700
v -0.00879600 -0.12184800 0.37494500
v -0.00813400 -0.12941700 0.37430800
v -0.00593400 -0.12176400 0.37567000
v -0.00548100 -0.12941700 0.37494800
v -0.00278400 -0.12941700 0.37533200
v -0.00006400 -0.12656500 0.37577100
v -0.00008300 -0.12941700 0.37546100
v -0.00006500 -0.12941700 0.37546100
v -0.03109200 -0.09822100 0.35646200
v -0.03139100 -0.09822100 0.35565500
v -0.03186000 -0.09822000 0.35423300
v -0.03086900 -0.10588800 0.35488400
v -0.03205800 -0.09822000 0.35356000
v -0.03132800 -0.10600400 0.35324400
v -0.03223500 -0.09822000 0.35291000
v -0.03247300 -0.09822100 0.35194000
v -0.03152400 -0.10607300 0.35241600
v -0.03277000 -0.09822100 0.35051300
v -0.02986600 -0.11458000 0.35462900
v -0.02939300 -0.11443100 0.35615300
v -0.00952300 -0.11290800 0.37552300
v -0.00642500 -0.11284800 0.37633400
v -0.03190000 -0.11081300 0.34589000
v -0.03077800 -0.11786600 0.34714700
v -0.03006000 -0.12161900 0.34825200
v -0.02915100 -0.12645800 0.34898900
v -0.02873400 -0.12826800 0.34968800
v -0.02726300 -0.13490400 0.35110900
v -0.02917300 -0.12668900 0.34844000
v -0.02836600 -0.13073200 0.34885200
v -0.02917600 -0.12673900 0.34832300
v -0.02896600 -0.12791700 0.34825200
v -0.02902700 -0.12761700 0.34818900
v -0.02908900 -0.12731700 0.34812600
v -0.02915200 -0.12701700 0.34806300
v -0.02961800 -0.12469300 0.34758000
v -0.02965300 -0.12451300 0.34754300
v -0.03011500 -0.12211200 0.34705000
v -0.03079300 -0.11819100 0.34654300
v -0.03060300 -0.11944000 0.34650400
v -0.03071700 -0.11879300 0.34637300
v -0.03095000 -0.11745300 0.34610100
v -0.03119000 -0.11603300 0.34581300
v -0.03146800 -0.11432700 0.34546600
v -0.03220000 -0.10937100 0.34471200
v -0.03169200 -0.11291200 0.34517900
v -0.03190700 -0.11151200 0.34489300
v -0.03207900 -0.11035900 0.34465700
v -0.03222300 -0.10937400 0.34445400
v -0.03248400 -0.10752100 0.34407100
v -0.03272800 -0.10571500 0.34369400
v -0.03334200 -0.10064100 0.34281200
v -0.03289700 -0.10441400 0.34342000
v -0.03333700 -0.10080000 0.34264600
v -0.03335100 -0.10000000 0.34349100
v -0.03335000 -0.10012200 0.34336100
v -0.03219400 -0.10902300 0.34523700
v -0.03220000 -0.10930800 0.34480400
v -0.03079100 -0.11813300 0.34665000
v -0.03334900 -0.10024400 0.34323100
v -0.03334800 -0.10036600 0.34310000
v -0.03334600 -0.10050100 0.34295900
v -0.02788800 -0.13287600 0.34931700
v -0.02752400 -0.13445700 0.34967000
v -0.02746100 -0.13472700 0.34973100
v -0.02776700 -0.13340300 0.34943200
v -0.02764600 -0.13393100 0.34954900
v -0.02739800 -0.13499800 0.34978700
v -0.02733500 -0.13527000 0.34983700
v -0.00813400 -0.12941700 0.37430800
v -0.00956100 -0.12942200 0.37384700
v -0.00881500 -0.13023300 0.37344900
v -0.00956200 -0.12942600 0.37384300
v -0.00954200 -0.13054300 0.37295200
v -0.00951500 -0.13210000 0.37165000
v -0.00885900 -0.13208300 0.37189100
v -0.00819600 -0.13206700 0.37211500
v -0.00752600 -0.13205200 0.37232100
v -0.00686200 -0.13022000 0.37401100
v -0.00564700 -0.13201700 0.37279800
v -0.00487400 -0.13021000 0.37442900
v -0.00383400 -0.13199300 0.37312100
v -0.00317900 -0.13020500 0.37466800
v -0.00195500 -0.13197800 0.37331900
v -0.00147200 -0.13020200 0.37480200
v -0.00006100 -0.13197400 0.37338100
v -0.00041400 -0.13020100 0.37483200
v -0.00005800 -0.13113400 0.37407600
v -0.00010000 -0.13020100 0.37483400
v -0.00005800 -0.13084700 0.37431100
v -0.00005900 -0.13072800 0.37440800
v -0.00005900 -0.13032800 0.37473100
v -0.00006000 -0.13013900 0.37488400
v -0.00006200 -0.12987600 0.37509400
v -0.00008300 -0.12941700 0.37546100
v -0.00006300 -0.12964300 0.37528100
v -0.00006500 -0.12941700 0.37546100
v -0.00119200 -0.12941700 0.37544200
v -0.00190400 -0.12941700 0.37540300
v -0.00278400 -0.12941700 0.37533200
v -0.00548100 -0.12941700 0.37494800
v -0.02961800 -0.12469300 0.34758000
v -0.02932100 -0.12624400 0.34781100
v -0.02915200 -0.12701700 0.34806300
v -0.02916200 -0.12701700 0.34798500
v -0.02908000 -0.12741400 0.34807400
v -0.02965300 -0.12451300 0.34754300
v -0.02963300 -0.12469500 0.34746300
v -0.02947800 -0.12547000 0.34763700
v -0.02966200 -0.12454900 0.34743000
v -0.03011500 -0.12211200 0.34705000
v -0.03089200 -0.11794000 0.34593800
v -0.03060300 -0.11944000 0.34650400
v -0.03071700 -0.11879300 0.34637300
v -0.03095000 -0.11745300 0.34610100
v -0.03119000 -0.11603300 0.34581300
v -0.03146800 -0.11432700 0.34546600
v -0.03197300 -0.11130800 0.34443200
v -0.03197300 -0.11130800 0.34443200
v -0.03169200 -0.11291200 0.34517900
v -0.03190700 -0.11151200 0.34489300
v -0.03190700 -0.11151200 0.34489300
v -0.03207900 -0.11035900 0.34465700
v -0.03222300 -0.10937400 0.34445400
v -0.03248400 -0.10752100 0.34407100
v -0.03290400 -0.10465600 0.34291400
v -0.03272800 -0.10571500 0.34369400
v -0.03289700 -0.10441400 0.34342000
v -0.03333700 -0.10080000 0.34264600
v -0.03333700 -0.10080000 0.34264600
v -0.03318400 -0.10240700 0.34239900
v -0.03318400 -0.10240700 0.34239900
v -0.03304600 -0.10353200 0.34265700
v -0.03331800 -0.10128200 0.34214100
v -0.02899700 -0.12781100 0.34816300
v -0.02899700 -0.12781100 0.34816300
v -0.02902700 -0.12761700 0.34818900
v -0.02908900 -0.12731700 0.34812600
v -0.02896600 -0.12791700 0.34825200
v -0.02891400 -0.12820700 0.34825200
v -0.02858100 -0.12976500 0.34860200
v -0.02858100 -0.12976500 0.34860200
v -0.02836600 -0.13073200 0.34885200
v -0.02836600 -0.13073200 0.34885200
v -0.02824000 -0.13132200 0.34895100
v -0.02788800 -0.13287600 0.34931700
v -0.02788800 -0.13287600 0.34931700
v -0.02789100 -0.13287600 0.34929800
v -0.02777000 -0.13340400 0.34941700
v -0.02777000 -0.13340400 0.34941700
v -0.02776700 -0.13340300 0.34943200
v -0.02764800 -0.13393200 0.34953400
v -0.02764600 -0.13393100 0.34954900
v -0.02752600 -0.13446000 0.34965200
v -0.02752400 -0.13445700 0.34967000
v -0.02746300 -0.13473100 0.34971300
v -0.02746300 -0.13473100 0.34971300
v -0.02746100 -0.13472700 0.34973100
v -0.02746100 -0.13472700 0.34973100
v -0.02746100 -0.13472700 0.34973100
v -0.02739900 -0.13500100 0.34977300
v -0.02739900 -0.13500100 0.34977300
v -0.02739900 -0.13500100 0.34977300
v -0.02739800 -0.13499800 0.34978700
v -0.02739800 -0.13499800 0.34978700
v -0.02733500 -0.13527000 0.34983700
v -0.01663100 -0.13338200 0.36663700
v -0.01661700 -0.13248700 0.36663700
v -0.01660100 -0.13167400 0.36825900
v -0.01660100 -0.13167400 0.36825900
v -0.01660100 -0.13167400 0.36825900
v -0.01659600 -0.13121100 0.36663800
v -0.01659600 -0.13121100 0.36663800
v -0.01657100 -0.12991700 0.36930600
v -0.01657100 -0.12991700 0.36930600
v -0.01657100 -0.12991700 0.36930600
v -0.01657600 -0.12991700 0.36663900
v -0.01657100 -0.12991700 0.36982700
v -0.01657100 -0.12991700 0.36930600
v -0.01657000 -0.12986500 0.36955300
v -0.01657000 -0.12986500 0.36955300
v -0.01657100 -0.12991700 0.36982700
v -0.01656800 -0.12971200 0.36978300
v -0.01656800 -0.12971200 0.36978300
v -0.01656800 -0.12975800 0.36996400
v -0.01656500 -0.12959900 0.37010100
v -0.01656200 -0.12944000 0.37023700
v -0.00956200 -0.12942600 0.37384300
v -0.00956100 -0.12942200 0.37384700
v -0.00999600 -0.12974500 0.37317000
v -0.01072000 -0.12941800 0.37341700
v -0.01043300 -0.12974800 0.37299200
v -0.01086800 -0.12975000 0.37280800
v -0.01175900 -0.12975700 0.37241500
v -0.01321900 -0.12941200 0.37228000
v -0.01264200 -0.12975700 0.37199700
v -0.01335800 -0.12975400 0.37163700
v -0.01406800 -0.12974900 0.37126100
v -0.01560400 -0.12941900 0.37090200
v -0.01477800 -0.12974100 0.37086600
v -0.01548300 -0.12973100 0.37045500
v -0.01584700 -0.12972600 0.37023500
v -0.01656600 -0.12942600 0.37025700
v -0.01620900 -0.12971900 0.37001100
v -0.01656200 -0.12944000 0.37023700
v -0.01656800 -0.12971200 0.36978300
v -0.00955800 -0.12974200 0.37334400
v 0.02181600 -0.13971100 0.34980000
v 0.02193400 -0.14008700 0.34756300
v 0.02322200 -0.13899100 0.34843200
v 0.02448100 -0.13835800 0.34674800
v 0.02454300 -0.13802300 0.34816500
v 0.02586400 -0.13699700 0.34788300
v 0.02451800 -0.13768600 0.34958400
v 0.02587000 -0.13658300 0.34945500
v 0.02440600 -0.13735100 0.35100000
v 0.02577400 -0.13616900 0.35102500
v 0.02558000 -0.13575700 0.35258700
v 0.02694900 -0.13443300 0.35275500
v 0.02529400 -0.13534900 0.35413600
v 0.02665100 -0.13394400 0.35445900
v 0.02624400 -0.13346200 0.35614200
v 0.02702600 -0.13640700 0.34586500
v 0.02716400 -0.13600100 0.34728400
v 0.02722100 -0.13541900 0.34931200
v 0.02714100 -0.13492500 0.35103800
v 0.02491100 -0.13494600 0.35566500
v 0.02585100 -0.13309400 0.35742500
v 0.02443100 -0.13455000 0.35716900
v 0.02509300 -0.13252500 0.35941200
v 0.02385300 -0.13416300 0.35864100
v 0.02318100 -0.13378500 0.36007500
v 0.02200100 -0.13542000 0.35915600
v 0.02131600 -0.13512300 0.36041300
v 0.02020500 -0.13674700 0.35935200
v 0.01953400 -0.13652500 0.36044000
v 0.01908400 -0.13829100 0.35828300
v 0.01787000 -0.13797500 0.36017400
v 0.01880200 -0.13631000 0.36149000
v 0.01801000 -0.13610500 0.36249700
v 0.01971900 -0.13456200 0.36279700
v 0.01881300 -0.13429900 0.36391400
v 0.02062300 -0.13273000 0.36409400
v 0.01960100 -0.13240800 0.36532000
v 0.02151200 -0.13081400 0.36538100
v 0.01965800 -0.13021600 0.36746900
v 0.02432400 -0.13205800 0.36104200
v 0.02241700 -0.13342000 0.36146600
v 0.02055500 -0.13483700 0.36162800
v 0.02350700 -0.13163700 0.36251000
v 0.02299800 -0.13140400 0.36332400
v 0.02156300 -0.13306700 0.36280700
v 0.01850100 -0.13210400 0.36648200
v 0.01914400 -0.13007000 0.36797700
v 0.01767500 -0.12969500 0.36928800
v 0.01644100 -0.12941900 0.37025100
v 0.01645000 -0.12991700 0.36982100
v 0.01692000 -0.13172700 0.36792200
v 0.01650600 -0.13314200 0.36684600
v 0.01645500 -0.13403900 0.36599400
v 0.01644400 -0.12958500 0.37010800
v 0.01644700 -0.12975100 0.36996400
v 0.01784000 -0.13405000 0.36497600
v 0.01637200 -0.13450000 0.36558200
v 0.01628900 -0.13482100 0.36531000
v 0.01716100 -0.13590900 0.36346000
v 0.01614200 -0.13525600 0.36495900
v 0.01591000 -0.13579300 0.36455400
v 0.01646400 -0.13768100 0.36193200
v 0.01558700 -0.13639500 0.36414000
v 0.01519700 -0.13699100 0.36377200
v 0.01500300 -0.13725500 0.36362400
v 0.01488400 -0.13740900 0.36355100
v 0.02081200 -0.13697800 0.35822800
v 0.02009300 -0.13862700 0.35627700
v 0.02135300 -0.13721500 0.35707300
v 0.02182600 -0.13745800 0.35589000
v 0.02313100 -0.13604000 0.35653400
v 0.02357400 -0.13636100 0.35517900
v 0.02393300 -0.13668700 0.35380200
v 0.02088900 -0.13897700 0.35417900
v 0.02223200 -0.13770500 0.35468400
v 0.02256900 -0.13795700 0.35345700
v 0.02421000 -0.13701700 0.35240700
v 0.02146500 -0.13934000 0.35201300
v 0.02283700 -0.13821300 0.35221500
v 0.02303600 -0.13847100 0.35096200
v 0.02316600 -0.13873000 0.34969900
v 0.02260700 -0.13572600 0.35786200
v -0.03209200 -0.10076900 0.33915500
v -0.03223500 -0.09997400 0.33903600
v -0.03246300 -0.09804100 0.34188400
v -0.03238700 -0.09906300 0.33874900
v -0.03246800 -0.09799100 0.34193300
v -0.03247700 -0.09789000 0.34203400
v -0.03247700 -0.09789000 0.34203400
v -0.03247200 -0.09794200 0.34198400
v -0.03247200 -0.09794200 0.34198400
v -0.03247600 -0.09789300 0.34203400
v -0.03167800 -0.10275000 0.33625100
v -0.03149600 -0.10347800 0.33644600
v -0.03086700 -0.10552000 0.33352200
v -0.03066400 -0.10615500 0.33376900
v -0.02979200 -0.10825400 0.33084700
v -0.02958200 -0.10879100 0.33113300
v -0.02822100 -0.11140200 0.32852200
v -0.02844200 -0.11092900 0.32823400
v -0.02658600 -0.11393100 0.32599400
v -0.02680800 -0.11352500 0.32570700
v -0.02466700 -0.11635200 0.32357200
v -0.02488000 -0.11601600 0.32328700
v -0.02245900 -0.11864300 0.32128100
v -0.02264600 -0.11837900 0.32099900
v -0.02106500 -0.11988200 0.32004200
v -0.02009800 -0.12057800 0.31887200
v -0.01969900 -0.12096800 0.31895600
v -0.01870700 -0.12160000 0.31788400
v -0.01837500 -0.12191100 0.31801400
v -0.01723800 -0.12256400 0.31695400
v -0.01710900 -0.12272200 0.31720200
v -0.01613500 -0.12329100 0.31663400
v -0.01568900 -0.12346200 0.31608700
v -0.01521600 -0.12378700 0.31613800
v -0.01406300 -0.12428900 0.31529000
v -0.01355700 -0.12459200 0.31533200
v -0.01236400 -0.12503600 0.31457000
v -0.01200300 -0.12524600 0.31467800
v -0.01059600 -0.12569500 0.31393500
v -0.01052800 -0.12578300 0.31414100
v -0.00935000 -0.12615500 0.31376900
v -0.00876500 -0.12625900 0.31339200
v -0.00824600 -0.12646000 0.31346400
v -0.00687900 -0.12672300 0.31294500
v -0.00722400 -0.12670700 0.31321700
v -0.00629100 -0.12690300 0.31302200
v -0.00495000 -0.12708100 0.31260100
v -0.00462400 -0.12718600 0.31273800
v -0.00298900 -0.12732500 0.31236500
v -0.00297000 -0.12738100 0.31254300
v -0.00100800 -0.12750000 0.31242400
v -0.00100800 -0.12744600 0.31224900
v 0.00096800 -0.12749600 0.31242800
v 0.00097900 -0.12744100 0.31225400
v 0.00295700 -0.12731200 0.31237800
v 0.00098400 -0.12729800 0.31180300
v 0.00298800 -0.12716800 0.31192600
v 0.00228700 -0.12701400 0.31118400
v 0.00505500 -0.12669200 0.31147600
v 0.00497100 -0.12691500 0.31216300
v 0.00691800 -0.12654400 0.31251000
v 0.00683900 -0.12669800 0.31296900
v 0.00871700 -0.12622900 0.31342100
v 0.00692500 -0.12673800 0.31318600
v 0.00883300 -0.12625600 0.31366800
v 0.00295800 -0.12736700 0.31255700
v 0.00491500 -0.12706200 0.31261900
v 0.00489300 -0.12712200 0.31280200
v 0.01054200 -0.12566100 0.31396900
v 0.01060600 -0.12570000 0.31422400
v 0.01230600 -0.12499900 0.31460700
v 0.01223400 -0.12509200 0.31483300
v 0.01400000 -0.12425000 0.31532900
v 0.01399800 -0.12431700 0.31560700
v 0.01562000 -0.12342000 0.31613000
v 0.01562700 -0.12348700 0.31643800
v 0.01716300 -0.12251800 0.31700000
v 0.01712600 -0.12261500 0.31730900
v 0.01862700 -0.12155200 0.31793200
v 0.01849700 -0.12171800 0.31820600
v 0.02001200 -0.12052900 0.31892000
v 0.01991500 -0.12068100 0.31924300
v 0.02132000 -0.11945300 0.31996000
v 0.02119300 -0.11964000 0.32028400
v 0.02370100 -0.11716400 0.32217600
v 0.02351800 -0.11743600 0.32248800
v 0.02577000 -0.11473100 0.32453600
v 0.02557000 -0.11506600 0.32485800
v 0.02754100 -0.11218600 0.32701000
v 0.02733500 -0.11258400 0.32734000
v 0.02902800 -0.10955200 0.32957700
v 0.02882200 -0.11001900 0.32990500
v 0.03024000 -0.10685100 0.33222000
v 0.03004600 -0.10737800 0.33254600
v 0.03118300 -0.10410300 0.33492700
v 0.03101300 -0.10468100 0.33524300
v 0.03186600 -0.10132800 0.33768400
v 0.03172600 -0.10195300 0.33797100
v 0.03219200 -0.09919300 0.34073200
v 0.03229300 -0.09854500 0.34048100
v 0.03231400 -0.09804100 0.34188400
v 0.03241200 -0.09718200 0.34191800
v 0.03233400 -0.09780300 0.34213000
v 0.03248300 -0.09596700 0.34348100
v 0.03241800 -0.09664500 0.34368800
v 0.03252500 -0.09509400 0.34526100
v 0.03247200 -0.09584100 0.34547900
v 0.03251300 -0.09479800 0.34620700
v 0.03246300 -0.09559000 0.34642800
v 0.03246100 -0.09460100 0.34717700
v 0.03241100 -0.09544500 0.34739900
v 0.03232900 -0.09540500 0.34824800
v 0.03223300 -0.09444300 0.34914200
v 0.03217300 -0.09540500 0.34936500
v 0.03180400 -0.09537500 0.35130500
v 0.03181600 -0.09540500 0.35123400
v 0.03192300 -0.09354000 0.35092200
v 0.03228600 -0.09336000 0.34888900
v 0.03250600 -0.09360900 0.34691800
v 0.03243800 -0.09190400 0.34772400
v 0.03249800 -0.09202100 0.34713300
v 0.03200300 -0.09162800 0.35051900
v 0.03225100 -0.09171600 0.34912300
v 0.03233700 -0.09178100 0.34853500
v 0.03256200 -0.09222100 0.34634200
v 0.03255900 -0.09385000 0.34594800
v 0.03260900 -0.09251400 0.34544600
v 0.03262300 -0.09268900 0.34500300
v 0.03257600 -0.09418100 0.34500100
v 0.03263700 -0.09320800 0.34389100
v 0.03263900 -0.09383400 0.34283300
v 0.03255500 -0.09509900 0.34321600
v 0.03263000 -0.09507600 0.34120300
v 0.03250900 -0.09632500 0.34162600
v 0.03248600 -0.09752700 0.33854900
v 0.03241500 -0.09768900 0.34015200
v 0.03226700 -0.09931500 0.33676900
v 0.03203700 -0.10051100 0.33731100
v 0.03190400 -0.10129600 0.33482900
v 0.03139600 -0.10334100 0.33452300
v 0.03141100 -0.10328200 0.33292300
v 0.03080500 -0.10520000 0.33111100
v 0.03048500 -0.10615500 0.33179400
v 0.03007500 -0.10709700 0.32933500
v 0.02929600 -0.10892700 0.32913500
v 0.02921500 -0.10897100 0.32759300
v 0.02822200 -0.11081600 0.32589000
v 0.02782000 -0.11163400 0.32655600
v 0.02708500 -0.11263700 0.32421900
v 0.02605000 -0.11425200 0.32407400
v 0.02580700 -0.11440800 0.32259900
v 0.02397100 -0.11675500 0.32170900
v 0.02436500 -0.11614400 0.32101700
v 0.02315200 -0.11743400 0.31984300
v 0.02157100 -0.11910900 0.31949000
v 0.02188200 -0.11864800 0.31874200
v 0.02055800 -0.11978400 0.31771200
v 0.02025100 -0.12021600 0.31844800
v 0.01918500 -0.12084000 0.31675600
v 0.01885200 -0.12126800 0.31746000
v 0.01737200 -0.12226000 0.31652700
v 0.01719900 -0.12217900 0.31554600
v 0.01581100 -0.12318600 0.31565800
v 0.01513600 -0.12335900 0.31447900
v 0.01417100 -0.12403800 0.31485900
v 0.01268100 -0.12451700 0.31343500
v 0.01245600 -0.12480700 0.31413800
v 0.01086600 -0.12521700 0.31280400
v 0.01066900 -0.12548500 0.31350300
v 0.00898300 -0.12581700 0.31226400
v 0.00882100 -0.12606600 0.31295800
v 0.00704500 -0.12631100 0.31181900
v -0.00005400 -0.12710400 0.31110500
v -0.00102800 -0.12730300 0.31179900
v -0.00240900 -0.12701600 0.31118400
v -0.00303500 -0.12717800 0.31191600
v -0.00559000 -0.12662300 0.31153800
v -0.00502400 -0.12692800 0.31215000
v -0.00698000 -0.12656200 0.31249200
v -0.00864900 -0.12594700 0.31214800
v -0.00889100 -0.12608700 0.31293800
v -0.01028900 -0.12545600 0.31258900
v -0.01074700 -0.12550700 0.31348100
v -0.01188300 -0.12488800 0.31310100
v -0.01253800 -0.12483000 0.31411600
v -0.01491500 -0.12353600 0.31432000
v -0.01426000 -0.12406100 0.31483600
v -0.01590600 -0.12320900 0.31563500
v -0.01683300 -0.12247600 0.31527700
v -0.01747300 -0.12228300 0.31650400
v -0.01782200 -0.12186100 0.31583200
v -0.01895800 -0.12129000 0.31743700
v -0.01933300 -0.12082300 0.31677200
v -0.02036300 -0.12023600 0.31842800
v -0.02075800 -0.11972100 0.31776800
v -0.02293300 -0.11796900 0.32056200
v -0.02335400 -0.11735500 0.31991500
v -0.02356400 -0.11714000 0.32011000
v -0.02481200 -0.11577600 0.32135200
v -0.02517900 -0.11553300 0.32286100
v -0.02667200 -0.11341300 0.32350900
v -0.02710900 -0.11296400 0.32529300
v -0.02824000 -0.11100000 0.32572300
v -0.02873400 -0.11029000 0.32783600
v -0.02870800 -0.11017800 0.32647900
v -0.02997000 -0.10762600 0.32884200
v -0.03006500 -0.10753800 0.33046700
v -0.03079500 -0.10557100 0.33076100
v -0.03111000 -0.10472600 0.33316200
v -0.03134800 -0.10390100 0.33232400
v -0.03196000 -0.10156400 0.33453200
v -0.03188000 -0.10188700 0.33591800
v -0.03228500 -0.09991700 0.33612700
v -0.03251800 -0.09833900 0.33770600
v -0.03274500 -0.09540500 0.34084500
v -0.03272100 -0.09540500 0.34146400
v -0.03274900 -0.09525300 0.34101700
v -0.03274900 -0.09525300 0.34101700
v -0.03273200 -0.09525400 0.34143000
v -0.03274300 -0.09510300 0.34139500
v -0.03274300 -0.09510300 0.34139500
v -0.03275200 -0.09510200 0.34118900
v -0.03275400 -0.09495200 0.34136100
v 0.03231400 -0.09804100 0.34188400
v 0.03219200 -0.09919300 0.34073200
v 0.03024900 -0.09804100 0.34188400
v 0.03172600 -0.10195300 0.33797100
v -0.03246300 -0.09804100 0.34188400
v -0.03246300 -0.09804100 0.34188400
v -0.03246300 -0.09804100 0.34188400
v -0.03246300 -0.09804100 0.34188400
v -0.03246300 -0.09804100 0.34188400
v 0.03101300 -0.10468100 0.33524300
v 0.03004600 -0.10737800 0.33254600
v 0.02882200 -0.11001900 0.32990500
v 0.02733500 -0.11258400 0.32734000
v -0.01613500 -0.12329100 0.31663400
v -0.01613500 -0.12329100 0.31663400
v 0.02557000 -0.11506600 0.32485800
v 0.02351800 -0.11743600 0.32248800
v 0.02119300 -0.11964000 0.32028400
v 0.01991500 -0.12068100 0.31924300
v 0.01849700 -0.12171800 0.31820600
v -0.01521600 -0.12378700 0.31613800
v -0.01521600 -0.12378700 0.31613800
v 0.01712600 -0.12261500 0.31730900
v 0.01712600 -0.12261500 0.31730900
v 0.01562700 -0.12348700 0.31643800
v 0.01562700 -0.12348700 0.31643800
v 0.01399800 -0.12431700 0.31560700
v -0.01355700 -0.12459200 0.31533200
v -0.01355700 -0.12459200 0.31533200
v 0.01223400 -0.12509200 0.31483300
v 0.01223400 -0.12509200 0.31483300
v -0.01200300 -0.12524600 0.31467800
v -0.01200300 -0.12524600 0.31467800
v 0.01060600 -0.12570000 0.31422400
v 0.01060600 -0.12570000 0.31422400
v 0.01060600 -0.12570000 0.31422400
v 0.01060600 -0.12570000 0.31422400
v -0.01052800 -0.12578300 0.31414100
v -0.01052800 -0.12578300 0.31414100
v -0.00935000 -0.12615500 0.31376900
v -0.00935000 -0.12615500 0.31376900
v -0.00935000 -0.12615500 0.31376900
v 0.00883300 -0.12625600 0.31366800
v 0.00883300 -0.12625600 0.31366800
v 0.00883300 -0.12625600 0.31366800
v 0.00883300 -0.12625600 0.31366800
v -0.00824600 -0.12646000 0.31346400
v -0.00824600 -0.12646000 0.31346400
v -0.00722400 -0.12670700 0.31321700
v -0.00722400 -0.12670700 0.31321700
v -0.00722400 -0.12670700 0.31321700
v 0.00692500 -0.12673800 0.31318600
v 0.00692500 -0.12673800 0.31318600
v 0.00692500 -0.12673800 0.31318600
v -0.00629100 -0.12690300 0.31302200
v -0.00629100 -0.12690300 0.31302200
v -0.00462400 -0.12718600 0.31273800
v -0.00297000 -0.12738100 0.31254300
v -0.00297000 -0.12738100 0.31254300
v -0.00297000 -0.12738100 0.31254300
v 0.00489300 -0.12712200 0.31280200
v 0.00489300 -0.12712200 0.31280200
v 0.00295800 -0.12736700 0.31255700
v 0.00295800 -0.12736700 0.31255700
v 0.00295800 -0.12736700 0.31255700
v 0.00096800 -0.12749600 0.31242800
v -0.00100800 -0.12750000 0.31242400
v -0.00100800 -0.12750000 0.31242400
v -0.01710900 -0.12272200 0.31720200
v -0.01710900 -0.12272200 0.31720200
v -0.01837500 -0.12191100 0.31801400
v -0.01969900 -0.12096800 0.31895600
v -0.01969900 -0.12096800 0.31895600
v -0.02106500 -0.11988200 0.32004200
v -0.02106500 -0.11988200 0.32004200
v -0.02245900 -0.11864300 0.32128100
v -0.02245900 -0.11864300 0.32128100
v -0.02466700 -0.11635200 0.32357200
v -0.02658600 -0.11393100 0.32599400
v -0.02658600 -0.11393100 0.32599400
v -0.02822100 -0.11140200 0.32852200
v -0.02822100 -0.11140200 0.32852200
v -0.02958200 -0.10879100 0.33113300
v -0.02958200 -0.10879100 0.33113300
v -0.03066400 -0.10615500 0.33376900
v -0.03066400 -0.10615500 0.33376900
v -0.03149600 -0.10347800 0.33644600
v -0.03149600 -0.10347800 0.33644600
v -0.03209200 -0.10076900 0.33915500
v 0.00505500 -0.12669200 0.31147600
v 0.00402700 -0.12759500 0.31133700
v 0.00228700 -0.12701400 0.31118400
v 0.00199300 -0.12778700 0.31116400
v -0.00005400 -0.12710400 0.31110500
v -0.00005400 -0.12710400 0.31110500
v 0.00004600 -0.12859800 0.31110500
v -0.00006200 -0.12860500 0.31110500
v 0.00603300 -0.12728300 0.31161800
v 0.00704500 -0.12631100 0.31181900
v 0.00800100 -0.12685500 0.31200200
v 0.00898300 -0.12581700 0.31226400
v 0.00992200 -0.12631900 0.31248500
v 0.01086600 -0.12521700 0.31280400
v 0.01178600 -0.12567900 0.31306200
v 0.01268100 -0.12451700 0.31343500
v 0.01358400 -0.12494000 0.31372700
v 0.01513600 -0.12335900 0.31447900
v 0.01530600 -0.12411000 0.31447600
v 0.01694700 -0.12319700 0.31530000
v 0.01698100 -0.12404300 0.31521500
v 0.01846500 -0.12313400 0.31603700
v 0.01850700 -0.12221200 0.31619000
v 0.02018200 -0.12194300 0.31711400
v 0.01998600 -0.12116100 0.31714100
v 0.02138400 -0.12004900 0.31814800
v 0.02055800 -0.11978400 0.31771200
v 0.02188200 -0.11864800 0.31874200
v 0.01719900 -0.12217900 0.31554600
v 0.01918500 -0.12084000 0.31675600
v 0.02393500 -0.11766800 0.32030800
v 0.02315200 -0.11743400 0.31984300
v 0.02436500 -0.11614400 0.32101700
v 0.02615700 -0.11511500 0.32263100
v 0.02580700 -0.11440800 0.32259900
v 0.02708500 -0.11263700 0.32421900
v 0.02805200 -0.11243100 0.32508100
v 0.02822200 -0.11081600 0.32589000
v 0.02963400 -0.10964800 0.32764400
v 0.02921500 -0.10897100 0.32759300
v 0.03007500 -0.10709700 0.32933500
v 0.03091100 -0.10679300 0.33030100
v 0.03080500 -0.10520000 0.33111100
v 0.03189300 -0.10389700 0.33303500
v 0.03141100 -0.10328200 0.33292300
v 0.03239000 -0.10195600 0.33489600
v 0.03190400 -0.10129600 0.33482900
v 0.03276300 -0.10001700 0.33678900
v 0.03226700 -0.09931500 0.33676900
v 0.03301500 -0.09809000 0.33871500
v 0.03248600 -0.09752700 0.33854900
v 0.03312800 -0.09667200 0.34019200
v 0.03263000 -0.09507600 0.34120300
v 0.03317600 -0.09530800 0.34172400
v 0.03263900 -0.09383400 0.34283300
v 0.03317900 -0.09411900 0.34339300
v 0.03263700 -0.09320800 0.34389100
v 0.03369100 -0.09373000 0.34545600
v 0.03262300 -0.09268900 0.34500300
v 0.03370400 -0.09399500 0.34483900
v 0.03371500 -0.09437200 0.34406400
v 0.03372800 -0.09496400 0.34306100
v 0.03373300 -0.09540500 0.34243400
v 0.03373200 -0.09560800 0.34217500
v 0.03372300 -0.09606100 0.34164500
v 0.03371500 -0.09633700 0.34133500
v 0.03368300 -0.09702200 0.34058800
v 0.03360300 -0.09811900 0.33943700
v 0.03322800 -0.10092900 0.33660900
v 0.03283200 -0.10283200 0.33476200
v 0.03270600 -0.10334500 0.33426900
v 0.03251100 -0.10407200 0.33357400
v 0.03218000 -0.10517600 0.33252100
v 0.03179300 -0.10632000 0.33143700
v 0.03047400 -0.10947200 0.32848500
v 0.02916200 -0.11194100 0.32620500
v 0.02899300 -0.11222600 0.32594300
v 0.02877000 -0.11259400 0.32560600
v 0.02840000 -0.11318100 0.32506900
v 0.02814300 -0.11357200 0.32471100
v 0.02765300 -0.11429000 0.32405700
v 0.02730700 -0.11477200 0.32361700
v 0.02650800 -0.11582400 0.32266200
v 0.02601000 -0.11643700 0.32210600
v 0.02411100 -0.11853500 0.32020300
v 0.02176000 -0.12070100 0.31823900
v 0.01547500 -0.12486100 0.31447300
v 0.01254200 -0.12619200 0.31327500
v 0.01022600 -0.12701500 0.31253700
v 0.00797500 -0.12764000 0.31197500
v 0.00543000 -0.12815600 0.31151100
v 0.00282800 -0.12848200 0.31121800
v 0.01254200 -0.12619200 0.31327500
v 0.01170600 -0.12708800 0.31338500
v 0.01022600 -0.12701500 0.31253700
v 0.01002700 -0.12764700 0.31287000
v 0.00830300 -0.12812400 0.31243200
v 0.00822900 -0.12871000 0.31281700
v 0.00647900 -0.12908800 0.31246200
v 0.00674800 -0.12934400 0.31273200
v 0.00517000 -0.12960200 0.31246300
v 0.01333300 -0.12645200 0.31397100
v 0.01547500 -0.12486100 0.31447300
v 0.01490300 -0.12574500 0.31462200
v 0.01641100 -0.12497300 0.31533600
v 0.01478200 -0.12640700 0.31498700
v 0.01628100 -0.12565900 0.31569500
v 0.01446100 -0.12701700 0.31517100
v 0.01658000 -0.12602500 0.31621100
v 0.01909800 -0.12399100 0.31727700
v 0.01857800 -0.12492200 0.31736700
v 0.02028900 -0.12383000 0.31851100
v 0.02166200 -0.12212300 0.31905700
v 0.02151000 -0.12290400 0.31939000
v 0.02396500 -0.12009100 0.32100300
v 0.02326800 -0.12153900 0.32091100
v 0.02380800 -0.12093600 0.32132700
v 0.02464000 -0.12027700 0.32223400
v 0.02600400 -0.11792900 0.32308400
v 0.02616300 -0.11699300 0.32276100
v 0.02794200 -0.11465200 0.32496200
v 0.02730700 -0.11477200 0.32361700
v 0.02765300 -0.11429000 0.32405700
v 0.01698100 -0.12404300 0.31521500
v 0.01846500 -0.12313400 0.31603700
v 0.01924100 -0.12325000 0.31693000
v 0.02018200 -0.12194300 0.31711400
v 0.02181400 -0.12132100 0.31872000
v 0.02176000 -0.12070100 0.31823900
v 0.02411100 -0.11853500 0.32020300
v 0.02412300 -0.11922400 0.32067300
v 0.02601000 -0.11643700 0.32210600
v 0.02650800 -0.11582400 0.32266200
v 0.02814300 -0.11357200 0.32471100
v 0.02840000 -0.11318100 0.32506900
v 0.02877000 -0.11259400 0.32560600
v 0.02946600 -0.11222400 0.32726100
v 0.02899300 -0.11222600 0.32594300
v 0.02916200 -0.11194100 0.32620500
v 0.03047400 -0.10947200 0.32848500
v 0.03074000 -0.10973100 0.32964100
v 0.02930900 -0.11330700 0.32758200
v 0.03058500 -0.11089000 0.32996400
v 0.02915000 -0.11436200 0.32789700
v 0.03042700 -0.11201900 0.33028100
v 0.02896800 -0.11495100 0.32781500
v 0.03055200 -0.11208500 0.33081900
v 0.03127300 -0.11043400 0.33254900
v 0.03145900 -0.10963300 0.33273600
v 0.03185200 -0.10883600 0.33422500
v 0.03225100 -0.10722200 0.33525600
v 0.03230400 -0.10729600 0.33583900
v 0.03264600 -0.10581800 0.33738700
v 0.03280700 -0.10480700 0.33783400
v 0.03294700 -0.10404200 0.33924900
v 0.03329600 -0.10099300 0.34014300
v 0.03313300 -0.10242100 0.34048000
v 0.03319500 -0.10124300 0.34218200
v 0.03313500 -0.10224800 0.34112800
v 0.03179300 -0.10632000 0.33143700
v 0.03177000 -0.10719400 0.33208700
v 0.03161600 -0.10842900 0.33241500
v 0.03218000 -0.10517600 0.33252100
v 0.03256200 -0.10463200 0.33459600
v 0.03240800 -0.10594300 0.33492900
v 0.03251100 -0.10407200 0.33357400
v 0.03270600 -0.10334500 0.33426900
v 0.03283200 -0.10283200 0.33476200
v 0.03312100 -0.10206500 0.33716200
v 0.03322800 -0.10092900 0.33660900
v 0.03360300 -0.09811900 0.33943700
v 0.03345600 -0.09953000 0.33979800
v 0.03368300 -0.09702200 0.34058800
v 0.03357600 -0.09708900 0.34254100
v 0.03357600 -0.09708900 0.34254100
v 0.03371500 -0.09633700 0.34133500
v 0.03372300 -0.09606100 0.34164500
v 0.03373200 -0.09560800 0.34217500
v 0.03373300 -0.09540500 0.34243400
v 0.03372800 -0.09496400 0.34306100
v 0.03372800 -0.09496400 0.34306100
v 0.03357400 -0.09596500 0.34399400
v 0.03371500 -0.09437200 0.34406400
v 0.03370400 -0.09399500 0.34483900
v 0.03355900 -0.09503500 0.34557700
v 0.03369100 -0.09373000 0.34545600
v 0.03352200 -0.09474000 0.34644600
v 0.03360700 -0.09315000 0.34712800
v 0.03345700 -0.09455000 0.34734700
v 0.03324600 -0.09431500 0.34916300
v 0.03326900 -0.09615400 0.34766100
v 0.03305100 -0.09591900 0.34946000
v 0.03307800 -0.09771800 0.34796700
v 0.03285300 -0.09748300 0.34974900
v 0.03299300 -0.09822100 0.34824900
v 0.03277200 -0.09822100 0.34979400
v 0.03250500 -0.09822100 0.35122600
v 0.03252600 -0.09734800 0.35152600
v 0.03213800 -0.09822100 0.35280600
v 0.03210000 -0.09726200 0.35328600
v 0.03173300 -0.09822100 0.35424200
v 0.03135200 -0.09822200 0.35541000
v 0.03096100 -0.09714400 0.35672200
v 0.03071800 -0.09822200 0.35709300
v 0.03034200 -0.09822200 0.35797700
v 0.02945400 -0.09706500 0.36001500
v 0.02957600 -0.09822200 0.35959100
v 0.02870100 -0.09822100 0.36120300
v 0.02759700 -0.09700300 0.36312400
v 0.02780000 -0.09822100 0.36266900
v 0.02630600 -0.09822100 0.36478100
v 0.02541300 -0.09695200 0.36601200
v 0.02512500 -0.09822200 0.36623200
v 0.02292700 -0.09690800 0.36864500
v 0.02264800 -0.09822200 0.36881300
v 0.02017000 -0.09687200 0.37099200
v 0.01990900 -0.09822200 0.37111100
v 0.01806200 -0.09822200 0.37240200
v 0.01717600 -0.09684200 0.37302900
v 0.01738600 -0.09822100 0.37283100
v 0.01669900 -0.09822100 0.37324200
v 0.01600300 -0.09822200 0.37363700
v 0.01549400 -0.09822100 0.37391200
v 0.01398000 -0.09681800 0.37472900
v 0.01498100 -0.09822100 0.37417900
v 0.01446300 -0.09822200 0.37443600
v 0.01398000 -0.09822200 0.37466500
v 0.01349500 -0.09822200 0.37488700
v 0.01300500 -0.09822200 0.37510000
v 0.01185000 -0.09822100 0.37556900
v 0.01061600 -0.09679900 0.37607000
v 0.01067700 -0.09822100 0.37599300
v 0.00949000 -0.09822200 0.37637300
v 0.00825700 -0.09691300 0.37676400
v 0.00917100 -0.09822100 0.37646700
v 0.00885100 -0.09822100 0.37655800
v 0.00787700 -0.09705700 0.37685400
v 0.00853000 -0.09822100 0.37664400
v 0.00795100 -0.09822100 0.37679200
v 0.00737000 -0.09822100 0.37693100
v 0.00706500 -0.09717900 0.37703800
v 0.00678600 -0.09822100 0.37705900
v 0.00591500 -0.09822100 0.37723000
v 0.00498900 -0.09726700 0.37742100
v 0.00503900 -0.09822100 0.37737800
v 0.00416100 -0.09822100 0.37750400
v 0.00331300 -0.09729000 0.37763400
v 0.00275800 -0.09822000 0.37765500
v 0.00162700 -0.09729500 0.37776400
v 0.00134900 -0.09822000 0.37774400
v 0.00078300 -0.09729400 0.37779600
v -0.00006200 -0.09791400 0.37778500
v -0.00006200 -0.09760700 0.37779600
v 0.00030600 -0.09729400 0.37780500
v -0.00006200 -0.09729700 0.37780600
v 0.03344000 -0.09278300 0.34878100
v 0.03317200 -0.09261900 0.35045300
v 0.03293100 -0.09418900 0.35097600
v 0.03259000 -0.09254000 0.35297400
v 0.03251600 -0.09411500 0.35277300
v 0.03181900 -0.09248700 0.35544500
v 0.03139000 -0.09402500 0.35628300
v 0.03081600 -0.09245500 0.35794600
v 0.02988500 -0.09397500 0.35965000
v 0.03009000 -0.09244200 0.35946300
v 0.02906800 -0.09242700 0.36131500
v 0.02802100 -0.09394100 0.36283100
v 0.02793800 -0.09241700 0.36310800
v 0.02581900 -0.09391600 0.36578900
v 0.02561900 -0.09240300 0.36614300
v 0.02330700 -0.09389600 0.36848700
v 0.02336500 -0.09239600 0.36852300
v 0.02170700 -0.09239300 0.37001000
v 0.02051400 -0.09388100 0.37089500
v 0.01971100 -0.09239200 0.37156400
v 0.01747600 -0.09386900 0.37298500
v 0.01753600 -0.09239100 0.37300800
v 0.01500900 -0.09239100 0.37440400
v 0.01422800 -0.09386000 0.37473100
v 0.01233900 -0.09239100 0.37559100
v 0.01080800 -0.09385300 0.37610700
v 0.01027700 -0.09239000 0.37632500
v 0.01024900 -0.09250200 0.37633100
v 0.01022100 -0.09261300 0.37633700
v 0.01019300 -0.09272500 0.37634300
v 0.01016500 -0.09283600 0.37634900
v 0.01016400 -0.09284100 0.37634900
v 0.00998600 -0.09358200 0.37638300
v 0.00978600 -0.09431800 0.37642200
v 0.01071200 -0.09534400 0.37609100
v 0.00941700 -0.09540200 0.37649800
v 0.00908000 -0.09609100 0.37657200
v 0.00873200 -0.09655700 0.37665200
v -0.00006200 -0.09822100 0.37777300
v 0.03306600 -0.09825200 0.34758100
v 0.03315100 -0.09790300 0.34708400
v 0.03333800 -0.09634100 0.34676900
v 0.03308700 -0.09827800 0.34734200
v 0.03312600 -0.09835500 0.34685300
v 0.03319600 -0.09818600 0.34623100
v 0.03316200 -0.09849500 0.34626100
v 0.03319500 -0.09876900 0.34547200
v 0.03319500 -0.09876900 0.34547200
v 0.03321100 -0.09904100 0.34488900
v 0.03322600 -0.09906400 0.34466800
v 0.03337900 -0.09663000 0.34590800
v 0.03322500 -0.09942200 0.34424900
v 0.03340200 -0.09753400 0.34433500
v 0.03324000 -0.10012300 0.34322400
v 0.03322700 -0.10024000 0.34323300
v 0.03305800 -0.10311800 0.34021600
v 0.02801900 -0.11635700 0.32634200
v 0.02762300 -0.11664400 0.32559900
v 0.02778300 -0.11566100 0.32528300
v 0.02696200 -0.11773900 0.32489400
v 0.02584400 -0.11884200 0.32340300
v 0.02586800 -0.11900800 0.32356400
v 0.02173800 -0.12278400 0.31960700
v 0.01437900 -0.12705300 0.31513400
v 0.01429600 -0.12708800 0.31509700
v 0.01421300 -0.12712200 0.31506100
v 0.01322200 -0.12709200 0.31434100
v 0.01264000 -0.12773900 0.31441500
v 0.01160700 -0.12770700 0.31376100
v 0.01100900 -0.12829000 0.31383700
v 0.00994000 -0.12824800 0.31325200
v 0.00943800 -0.12874200 0.31336400
v 0.00910000 -0.12882900 0.31327200
v 0.00876000 -0.12891400 0.31318400
v 0.00841900 -0.12899500 0.31309900
v 0.00469600 -0.12937800 0.31218900
v 0.00287600 -0.12985500 0.31220100
v 0.00288900 -0.12957800 0.31200300
v 0.00173700 -0.12992600 0.31212500
v -0.00006100 -0.12951300 0.31175500
v -0.00006000 -0.12996800 0.31207900
v 0.00291600 -0.12902100 0.31160800
v -0.00006100 -0.12905800 0.31143100
v 0.00282800 -0.12848200 0.31121800
v 0.00004600 -0.12859800 0.31110500
v -0.00006200 -0.12860500 0.31110500
v 0.00473900 -0.12881500 0.31179700
v 0.00543000 -0.12815600 0.31151100
v 0.00653700 -0.12851500 0.31207200
v 0.00797500 -0.12764000 0.31197500
v 0.01410300 -0.09535700 0.37473200
v 0.01732600 -0.09537400 0.37301000
v 0.02034200 -0.09539500 0.37094600
v 0.02311700 -0.09542100 0.36856900
v 0.02561600 -0.09545200 0.36590400
v 0.02780900 -0.09549000 0.36298100
v 0.02967000 -0.09553900 0.35983600
v 0.03117600 -0.09560400 0.35650700
v 0.03230800 -0.09570800 0.35303300
v 0.03273000 -0.09578800 0.35125500
v 0.03341000 -0.09862500 0.34288700
v 0.03296600 -0.10345300 0.33750200
v -0.00271300 -0.14210300 0.35574100
v -0.00270000 -0.14224500 0.35544500
v -0.00270000 -0.14224500 0.35544500
v -0.00271300 -0.14205400 0.35588200
v -0.00268700 -0.14229000 0.35543200
v -0.00271100 -0.14177900 0.35667300
v -0.00267400 -0.14233600 0.35541900
v -0.00266100 -0.14238100 0.35540700
v -0.00271300 -0.14215200 0.35560000
v -0.00271300 -0.14220000 0.35545800
v -0.00266100 -0.14173900 0.35721600
v -0.00266100 -0.14173900 0.35721600
v -0.00271300 -0.14168200 0.35691900
v -0.00271300 -0.14168200 0.35691900
v -0.00271300 -0.14181600 0.35655400
v -0.00271300 -0.14181600 0.35655400
v -0.00266100 -0.14139400 0.35811200
v -0.00271400 -0.14140500 0.35764800
v -0.00271400 -0.14140500 0.35764800
v -0.00271100 -0.14155400 0.35728100
v -0.00271100 -0.14155400 0.35728100
v -0.00271300 -0.14163500 0.35704400
v -0.00271300 -0.14163500 0.35704400
v -0.00266300 -0.14121600 0.35855700
v -0.00271000 -0.14120300 0.35818500
v -0.00271100 -0.14132200 0.35788400
v -0.00271400 -0.14134700 0.35779900
v -0.00271400 -0.14128800 0.35794900
v -0.00271200 -0.14116800 0.35824900
v -0.00271300 -0.14104900 0.35854400
v -0.00270000 -0.14102300 0.35863300
v -0.00268600 -0.14098900 0.35869100
v -0.00266500 -0.14098100 0.35873900
v -0.00260900 -0.14094200 0.35881800
v -0.00259300 -0.14094900 0.35882700
v -0.00248700 -0.14092100 0.35888600
v -0.00237100 -0.14092700 0.35890700
v -0.00234300 -0.14091600 0.35891300
v -0.00205300 -0.14092900 0.35891400
v -0.00213100 -0.14111600 0.35886200
v -0.00213100 -0.14111600 0.35886200
v -0.00176400 -0.14093800 0.35891900
v -0.00176400 -0.14093800 0.35891900
v -0.00164800 -0.14113200 0.35886700
v -0.00164800 -0.14113200 0.35886700
v -0.00147400 -0.14094700 0.35892200
v -0.00126300 -0.14095200 0.35892400
v -0.00126300 -0.14095200 0.35892400
v -0.00105200 -0.14095600 0.35892500
v -0.00068100 -0.14115000 0.35887400
v -0.00084000 -0.14095900 0.35892700
v -0.00062700 -0.14095700 0.35892600
v -0.00264800 -0.14117100 0.35866800
v -0.00259100 -0.14113500 0.35876500
v -0.00249200 -0.14111200 0.35883300
v -0.00237300 -0.14110700 0.35885800
v -0.00271300 -0.14193600 0.35621800
v -0.00303800 -0.14236300 0.35540000
v -0.00266100 -0.14238100 0.35540700
v -0.00271300 -0.14220000 0.35545800
v -0.00267400 -0.14233600 0.35541900
v -0.00268700 -0.14229000 0.35543200
v -0.00270000 -0.14224500 0.35544500
v -0.00305500 -0.14218200 0.35545100
v -0.00305500 -0.14218200 0.35545100
v -0.00339800 -0.14216300 0.35544400
v -0.00341500 -0.14234300 0.35539200
v -0.00341500 -0.14234300 0.35539200
v -0.00374000 -0.14214400 0.35543600
v -0.00374000 -0.14214400 0.35543600
v -0.00379200 -0.14232000 0.35538200
v 0.00470400 -0.13869900 0.36299800
v 0.00460600 -0.13905700 0.36290800
v 0.00480600 -0.13886600 0.36294300
v 0.00475700 -0.13904400 0.36290600
v 0.00492000 -0.13887600 0.36289900
v 0.00487900 -0.13904700 0.36287300
v 0.00495700 -0.13907800 0.36279600
v 0.00499700 -0.13891100 0.36281500
v 0.00497100 -0.13910000 0.36275000
v 0.00501900 -0.13901800 0.36259800
v 0.00497700 -0.13918500 0.36258000
v 0.00502000 -0.13912800 0.36238000
v 0.00502000 -0.13912800 0.36238000
v 0.00497500 -0.13929400 0.36236300
v 0.00497500 -0.13929400 0.36236300
v 0.00502000 -0.13955800 0.36149900
v 0.00502000 -0.13983700 0.36090800
v 0.00502000 -0.13983700 0.36090800
v 0.00505500 -0.13961600 0.36111800
v 0.00505500 -0.14002600 0.36022700
v 0.00505500 -0.14002600 0.36022700
v 0.00502000 -0.14037400 0.35971600
v 0.00502000 -0.14037400 0.35971600
v 0.00505500 -0.14055500 0.35901600
v 0.00502000 -0.14088300 0.35851200
v 0.00502000 -0.14088300 0.35851200
v 0.00505500 -0.14091400 0.35814400
v 0.00502000 -0.14136300 0.35729700
v 0.00505500 -0.14117500 0.35748300
v 0.00505500 -0.14117500 0.35748300
v 0.00505500 -0.14132800 0.35708400
v 0.00505500 -0.14132800 0.35708400
v 0.00505500 -0.14143200 0.35680700
v 0.00502000 -0.14181400 0.35607000
v 0.00502000 -0.14181400 0.35607000
v 0.00502000 -0.14181400 0.35607000
v 0.00505500 -0.14170400 0.35605900
v 0.00505500 -0.14170400 0.35605900
v 0.00505500 -0.14183300 0.35568900
v 0.00505500 -0.14183300 0.35568900
v 0.00505500 -0.14183300 0.35568900
v 0.00502000 -0.14202800 0.35545200
v 0.00502000 -0.14202800 0.35545200
v 0.00505500 -0.14199700 0.35520600
v 0.00502000 -0.14223500 0.35483200
v 0.00502000 -0.14223500 0.35483200
v 0.00505500 -0.14211300 0.35485600
v 0.00505500 -0.14211300 0.35485600
v 0.00505500 -0.14219400 0.35460500
v 0.00505500 -0.14219400 0.35460500
v 0.00505500 -0.14220900 0.35456100
v 0.00505500 -0.14220900 0.35456100
v 0.00502000 -0.14243300 0.35420900
v 0.00502000 -0.14243300 0.35420900
v 0.00502000 -0.14257700 0.35374200
v 0.00497500 -0.14256700 0.35424200
v 0.00495300 -0.14278000 0.35354800
v 0.00497500 -0.14052700 0.35971500
v 0.00497500 -0.14195300 0.35609100
v 0.00497500 -0.14195300 0.35609100
v 0.00486600 -0.14281100 0.35347300
v 0.00489800 -0.14268000 0.35343800
v 0.00498400 -0.14264900 0.35351400
v 0.00499700 -0.14256600 0.35348100
v 0.00505500 -0.14245400 0.35377900
v 0.00478000 -0.14270000 0.35340900
v 0.00474800 -0.14282800 0.35345300
v 0.00429100 -0.14274000 0.35342300
v 0.00380200 -0.14277500 0.35343700
v 0.00380200 -0.14277500 0.35343700
v 0.00401200 -0.14269600 0.35340800
v 0.00351600 -0.14272900 0.35342100
v 0.00351600 -0.14272900 0.35342100
v 0.00311300 -0.14275300 0.35343100
v 0.00311300 -0.14275300 0.35343100
v -0.00011600 -0.14303200 0.35353500
v -0.00011600 -0.14303200 0.35353500
v -0.00011600 -0.14284400 0.35346700
v 0.00472700 -0.14263800 0.35338400
v 0.00486000 -0.14261900 0.35339500
v 0.00505500 -0.13899700 0.36239100
v 0.00505200 -0.13880600 0.36275800
v 0.00502000 -0.13874700 0.36285800
v 0.00491900 -0.13869800 0.36295300
v 0.00505500 -0.14219400 0.35460500
v 0.00505500 -0.14220900 0.35456100
v 0.00506700 -0.14235600 0.35401300
v 0.00505500 -0.14245400 0.35377900
v 0.00507000 -0.14244600 0.35371400
v 0.00504900 -0.14250400 0.35354700
v 0.00506800 -0.14248300 0.35353400
v 0.00497900 -0.14253600 0.35340300
v 0.00499800 -0.14252400 0.35337600
v 0.00483500 -0.14256200 0.35330500
v 0.00485500 -0.14256300 0.35327300
v 0.00465600 -0.14258400 0.35326500
v 0.00464200 -0.14258100 0.35330100
v 0.00434100 -0.14260500 0.35331200
v 0.00464500 -0.14259100 0.35333900
v 0.00434300 -0.14261600 0.35334900
v 0.00464900 -0.14261500 0.35336900
v 0.00434600 -0.14264000 0.35338000
v 0.00472700 -0.14263800 0.35338400
v 0.00401200 -0.14269600 0.35340800
v 0.00499700 -0.14256600 0.35348100
v 0.00496600 -0.14255900 0.35342700
v 0.00483100 -0.14257200 0.35334200
v 0.00486000 -0.14261900 0.35339500
v 0.00482900 -0.14259600 0.35337200
v 0.00371000 -0.14268600 0.35339800
v 0.00351600 -0.14272900 0.35342100
v 0.00311300 -0.14275300 0.35343100
v 0.00195200 -0.14277600 0.35343400
v -0.00011600 -0.14284400 0.35346700
v -0.00011600 -0.14280300 0.35343900
v -0.00011600 -0.14278000 0.35339500
v 0.00195100 -0.14275200 0.35340400
v 0.00370800 -0.14266100 0.35336800
v 0.00195000 -0.14274100 0.35336600
v -0.00011600 -0.14278200 0.35334500
v 0.00370500 -0.14265500 0.35329400
v 0.00370600 -0.14265100 0.35333000
v 0.00502900 -0.14252000 0.35335800
v 0.00509400 -0.14247000 0.35352200
v 0.00509000 -0.14242600 0.35370900
v 0.00512400 -0.14246200 0.35352200
v 0.00511500 -0.14241200 0.35370500
v 0.00508700 -0.14233600 0.35400600
v 0.00505500 -0.14199700 0.35520600
v 0.00505500 -0.14211300 0.35485600
v 0.00514200 -0.14240300 0.35371300
v 0.00511300 -0.14232100 0.35400200
v 0.00508700 -0.14119000 0.35731500
v 0.00505500 -0.14183300 0.35568900
v 0.00505500 -0.14170400 0.35605900
v 0.00506700 -0.14121000 0.35732300
v 0.00505500 -0.14143200 0.35680700
v 0.00505500 -0.14132800 0.35708400
v 0.00505500 -0.14117500 0.35748300
v 0.00505500 -0.14091400 0.35814400
v 0.00505500 -0.14055500 0.35901600
v 0.00514000 -0.14000300 0.36011000
v 0.00511200 -0.14117600 0.35731000
v 0.00514000 -0.14124900 0.35709800
v 0.00514000 -0.14231000 0.35401600
v 0.00514000 -0.13963100 0.36092200
v 0.00511200 -0.13955900 0.36109200
v 0.00508700 -0.13957300 0.36109800
v 0.00505500 -0.14002600 0.36022700
v 0.00506700 -0.13959300 0.36110700
v 0.00505500 -0.13961600 0.36111800
v 0.00506700 -0.13928700 0.36174700
v 0.00505500 -0.13899700 0.36239100
v 0.00506700 -0.13900400 0.36232000
v 0.00506700 -0.13899000 0.36234900
v 0.00508700 -0.13898500 0.36231100
v 0.00508700 -0.13897100 0.36233900
v 0.00511300 -0.13897100 0.36230400
v 0.00511300 -0.13895700 0.36233200
v 0.00514100 -0.13882300 0.36258500
v 0.00511300 -0.13884100 0.36256300
v 0.00511300 -0.13882800 0.36259000
v 0.00508800 -0.13885500 0.36257000
v 0.00508800 -0.13884000 0.36259900
v 0.00506800 -0.13887400 0.36258000
v 0.00506800 -0.13885800 0.36261100
v 0.00505200 -0.13880600 0.36275800
v 0.00501600 -0.13871300 0.36288100
v 0.00502000 -0.13874700 0.36285800
v 0.00491900 -0.13869800 0.36295300
v 0.00488300 -0.13867300 0.36297800
v 0.00470400 -0.13869900 0.36299800
v 0.00470100 -0.13867300 0.36300900
v 0.00488800 -0.13865500 0.36298800
v 0.00489400 -0.13864100 0.36300200
v 0.00504700 -0.13868000 0.36289200
v 0.00504900 -0.13866200 0.36292100
v 0.00513000 -0.13873500 0.36276000
v 0.00514000 -0.13924700 0.36172800
v 0.00511300 -0.13925400 0.36173100
v 0.00508700 -0.13926700 0.36173700
v 0.00488900 -0.13862900 0.36302200
v 0.00469900 -0.13865100 0.36302700
v 0.00469700 -0.13863500 0.36305000
v 0.00503000 -0.13869500 0.36288500
v 0.01645000 -0.12991700 0.36982100
v 0.01645000 -0.12991700 0.36952500
v 0.01645000 -0.12991700 0.36952500
v 0.01650600 -0.13314200 0.36684600
v 0.01650600 -0.13314200 0.36684600
v 0.01650600 -0.13314200 0.36684600
v 0.01645000 -0.12991700 0.36930600
v 0.01645000 -0.12991700 0.36930600
v 0.01647200 -0.13117700 0.36671600
v 0.01646900 -0.13099300 0.36670400
v 0.01645000 -0.12991700 0.36663300
v 0.00215200 -0.14221400 0.35546100
v 0.00210800 -0.14221500 0.35546200
v 0.00215200 -0.14227300 0.35544300
v 0.00215200 -0.14233200 0.35542500
v 0.00215200 -0.14239100 0.35540800
v 0.00169800 -0.14241100 0.35541000
v 0.00169800 -0.14241100 0.35541000
v 0.00169800 -0.14241100 0.35541000
v 0.00206400 -0.14221600 0.35546200
v 0.00202000 -0.14221600 0.35546300
v 0.00163800 -0.14222400 0.35546800
v 0.00163800 -0.14222400 0.35546800
v 0.00124300 -0.14242300 0.35541600
v 0.00124300 -0.14242300 0.35541600
v 0.00125600 -0.14223500 0.35547200
v 0.00125600 -0.14223500 0.35547200
v 0.00087400 -0.14224900 0.35547700
v 0.00078900 -0.14225300 0.35547600
v 0.00078900 -0.14233100 0.35545300
v 0.00078900 -0.14243000 0.35542400
v 0.00078900 -0.14243000 0.35542400
v 0.00078900 -0.14233100 0.35545300
v 0.00057600 -0.14225800 0.35548600
v 0.00078900 -0.14225300 0.35547600
v 0.00033800 -0.14223600 0.35553200
v 0.00016500 -0.14222700 0.35559000
v -0.00006700 -0.14217700 0.35572500
v -0.00012200 -0.14234500 0.35570200
v -0.00010100 -0.14216900 0.35574900
v -0.00033900 -0.14209600 0.35597200
v -0.00051400 -0.14199100 0.35625200
v -0.00045100 -0.14222900 0.35603500
v -0.00063500 -0.14208000 0.35645400
v -0.00059600 -0.14190100 0.35651900
v -0.00068300 -0.14190200 0.35694100
v -0.00062900 -0.14175600 0.35689800
v -0.00063200 -0.14169900 0.35705300
v -0.00063100 -0.14164100 0.35720700
v -0.00063100 -0.14160400 0.35732400
v -0.00068200 -0.14179700 0.35722700
v -0.00067700 -0.14163000 0.35766800
v -0.00062500 -0.14149700 0.35758700
v -0.00062800 -0.14145000 0.35772600
v -0.00060100 -0.14146600 0.35759000
v -0.00062700 -0.14095700 0.35892600
v -0.00062800 -0.14157000 0.35739700
v -0.00068100 -0.14115000 0.35887400
v -0.00068100 -0.14145000 0.35813000
v 0.00016100 -0.14239900 0.35553800
v 0.00033800 -0.14223600 0.35553200
v 0.00027100 -0.14219600 0.35557000
v -0.00006700 -0.14217700 0.35572500
v -0.00009300 -0.14214000 0.35576000
v -0.00010100 -0.14216900 0.35574900
v 0.00067200 -0.14221500 0.35550100
v 0.00078900 -0.14225300 0.35547600
v 0.00087400 -0.14224900 0.35547700
v 0.00100600 -0.14221100 0.35549400
v 0.00125600 -0.14223500 0.35547200
v 0.00177600 -0.14219000 0.35548600
v 0.00163800 -0.14222400 0.35546800
v 0.00188600 -0.14218600 0.35548400
v 0.00202000 -0.14221600 0.35546300
v 0.00214500 -0.14217700 0.35548000
v 0.00206400 -0.14221600 0.35546200
v 0.00210800 -0.14221500 0.35546200
v 0.00215200 -0.14221400 0.35546100
v 0.00213800 -0.14215300 0.35551100
v 0.00162600 -0.14216900 0.35551900
v 0.00136900 -0.14217600 0.35552300
v 0.00100500 -0.14218500 0.35552400
v 0.00043800 -0.14218200 0.35556200
v -0.00007900 -0.14211700 0.35577700
v -0.00007100 -0.14211000 0.35578700
vn 0.98160000 0.01200000 -0.19040000
vn 0.98240000 0.04140000 -0.18190000
vn 0.98430000 0.01480000 -0.17560000
vn 0.99290000 0.03850000 -0.11230000
vn 0.98730000 0.01310000 -0.15840000
vn 0.99320000 0.01530000 -0.11570000
vn 0.99490000 -0.01090000 -0.09990000
vn 0.99780000 0.02370000 -0.06230000
vn 0.99810000 -0.00640000 -0.06080000
vn 0.99940000 0.00470000 -0.03490000
vn 0.99810000 0.05270000 -0.03050000
vn 0.99660000 0.04600000 -0.06890000
vn 0.99800000 0.05510000 -0.03040000
vn 0.99790000 0.05770000 -0.03030000
vn 0.99770000 0.06050000 -0.03030000
vn 0.98440000 -0.01010000 -0.17550000
vn 0.98020000 -0.01450000 -0.19760000
vn -0.00000000 0.05410000 -0.99850000
vn -0.00000000 0.09250000 -0.99570000
vn 0.04470000 0.06620000 -0.99680000
vn 0.08600000 0.08480000 -0.99270000
vn 0.08800000 0.06240000 -0.99420000
vn 0.12950000 0.05740000 -0.98990000
vn 0.13030000 0.04040000 -0.99070000
vn 0.16960000 0.05190000 -0.98410000
vn 0.17140000 0.04030000 -0.98440000
vn 0.24620000 0.04210000 -0.96830000
vn 0.24900000 0.03880000 -0.96770000
vn 0.28280000 0.03880000 -0.95840000
vn 0.28560000 0.03800000 -0.95760000
vn 0.30040000 0.03740000 -0.95310000
vn 0.30300000 0.03730000 -0.95230000
vn 0.30870000 0.03690000 -0.95040000
vn 0.31100000 0.03700000 -0.94970000
vn 0.31620000 0.03680000 -0.94800000
vn 0.31060000 0.03700000 -0.94980000
vn 0.16490000 0.06450000 -0.98420000
vn 0.20470000 0.05360000 -0.97730000
vn 0.24110000 0.04550000 -0.96940000
vn 0.27870000 0.03960000 -0.95960000
vn 0.31470000 0.03700000 -0.94850000
vn 0.30750000 0.03700000 -0.95080000
vn 0.30520000 0.03700000 -0.95160000
vn 0.30330000 0.03680000 -0.95220000
vn 0.28720000 0.03700000 -0.95720000
vn 0.28850000 0.03580000 -0.95680000
vn 0.24710000 0.03110000 -0.96850000
vn 0.16560000 0.01920000 -0.98600000
vn 0.16980000 0.02850000 -0.98510000
vn 0.24950000 0.03490000 -0.96770000
vn 0.12820000 0.02520000 -0.99140000
vn 0.08240000 0.00990000 -0.99660000
vn 0.08600000 0.02300000 -0.99600000
vn 0.04320000 0.02030000 -0.99890000
vn 0.04450000 0.04030000 -0.99820000
vn -0.00010000 0.03170000 -0.99950000
vn -0.00020000 0.00620000 -1.00000000
vn -0.00010000 0.01690000 -0.99990000
vn 0.08790000 0.04050000 -0.99530000
vn 0.99740000 0.06640000 -0.02790000
vn 0.99740000 0.06630000 -0.02790000
vn 0.99750000 0.06560000 -0.02810000
vn 0.99740000 0.06570000 -0.02810000
vn 0.99720000 0.07000000 -0.02740000
vn 0.99690000 0.07330000 -0.02690000
vn 0.99690000 0.07340000 -0.02690000
vn 0.99610000 0.08410000 -0.02520000
vn 0.99640000 0.08110000 -0.02570000
vn 0.99580000 0.08880000 -0.02450000
vn 0.99760000 0.06280000 -0.02850000
vn 0.99760000 0.06290000 -0.02850000
vn 0.99800000 0.05640000 -0.02950000
vn 0.99780000 0.05920000 -0.02900000
vn 0.99840000 0.04700000 -0.03080000
vn 0.99880000 0.03770000 -0.03230000
vn 0.99340000 0.11240000 -0.02090000
vn 0.99490000 0.09830000 -0.02310000
vn 0.99740000 0.06970000 -0.01690000
vn 0.99720000 0.07270000 -0.01730000
vn 0.99720000 0.07270000 -0.01740000
vn 0.99720000 0.07220000 -0.01730000
vn 0.99610000 0.08600000 -0.01900000
vn 0.99290000 0.11700000 -0.02230000
vn 0.99480000 0.09920000 -0.02080000
vn 0.99340000 0.11240000 -0.02250000
vn 0.99740000 0.06940000 -0.01690000
vn 0.99760000 0.06710000 -0.01660000
vn 0.99770000 0.06600000 -0.01640000
vn 0.99790000 0.06250000 -0.01600000
vn 0.99780000 0.06450000 -0.01630000
vn 0.99270000 0.11790000 -0.02400000
vn 0.99350000 0.11080000 -0.02640000
vn 0.99270000 0.11860000 -0.02220000
vn 0.99790000 0.06100000 -0.02080000
vn 0.99690000 0.07670000 -0.01890000
vn 0.99800000 0.05890000 -0.02110000
vn 0.99770000 0.06520000 -0.02030000
vn 0.99830000 0.05490000 -0.02160000
vn 0.99780000 0.06320000 -0.02050000
vn 0.99770000 0.06530000 -0.02030000
vn 0.99570000 0.09080000 -0.01710000
vn 0.99640000 0.08230000 -0.01820000
vn 0.99710000 0.07370000 -0.01930000
vn 0.99870000 0.04460000 -0.02290000
vn 0.99910000 0.03420000 -0.02420000
vn 0.99950000 0.01820000 -0.02610000
vn 0.99960000 0.00450000 -0.02760000
vn 0.97030000 -0.24180000 -0.00190000
vn 0.97030000 -0.24180000 -0.00200000
vn 0.97030000 -0.24180000 -0.00190000
vn 0.97030000 -0.24170000 -0.00190000
vn 0.97040000 -0.24170000 -0.00190000
vn 0.97030000 -0.24190000 -0.00190000
vn 0.97040000 -0.24160000 -0.00200000
vn 0.97040000 -0.24130000 -0.00200000
vn 0.97040000 -0.24160000 -0.00190000
vn 0.97030000 -0.24180000 -0.00190000
vn 0.97040000 -0.24150000 -0.00200000
vn 0.97030000 -0.24180000 -0.00190000
vn 0.97030000 -0.24180000 -0.00190000
vn 0.97030000 -0.24190000 -0.00190000
vn 0.97040000 -0.24130000 -0.00200000
vn 0.97030000 -0.24190000 -0.00190000
vn 0.97040000 -0.24130000 -0.00200000
vn 0.97030000 -0.24190000 -0.00200000
vn 0.97030000 -0.24190000 -0.00200000
vn 0.97030000 -0.24190000 -0.00190000
vn 0.97030000 -0.24190000 -0.00190000
vn 0.98960000 0.14340000 -0.01040000
vn 0.99000000 0.14050000 -0.01090000
vn 0.98300000 0.18330000 -0.00380000
vn 0.99090000 0.13380000 -0.01200000
vn 0.98620000 0.16540000 -0.00670000
vn 0.99180000 0.12690000 -0.01320000
vn 0.99270000 0.12000000 -0.01430000
vn 0.08970000 0.43030000 0.89820000
vn 0.09440000 0.43060000 0.89760000
vn 0.07920000 0.43040000 0.89910000
vn 0.13860000 0.43040000 0.89200000
vn 0.16630000 0.43030000 0.88720000
vn 0.17280000 0.43030000 0.88600000
vn 0.24170000 0.43040000 0.86970000
vn 0.27610000 0.43030000 0.85940000
vn 0.27600000 0.43030000 0.85940000
vn 0.26110000 0.43030000 0.86410000
vn 0.25190000 0.43030000 0.86680000
vn 0.27740000 0.43000000 0.85920000
vn 0.27430000 0.43030000 0.86000000
vn 0.27420000 0.43030000 0.86000000
vn 0.26860000 0.43180000 0.86110000
vn -0.00850000 0.43050000 0.90260000
vn 0.05700000 0.43040000 0.90080000
vn 0.07100000 0.43040000 0.89990000
vn 0.08190000 0.43040000 0.89890000
vn -0.00840000 0.43050000 0.90260000
vn 0.99980000 -0.01750000 -0.00000000
vn 0.99980000 -0.01750000 -0.00000000
vn 0.99980000 -0.01750000 -0.00000000
vn 0.99980000 -0.01740000 -0.00000000
vn 0.99980000 -0.01750000 -0.00000000
vn 0.99980000 -0.01750000 -0.00000000
vn 0.99980000 -0.01740000 -0.00000000
vn 0.99980000 -0.01740000 -0.00000000
vn 0.99980000 -0.01740000 -0.00000000
vn 0.01820000 -0.99920000 -0.03500000
vn -0.00010000 -1.00000000 0.00030000
vn -0.02600000 -0.99830000 0.05160000
vn -0.00350000 -1.00000000 0.00880000
vn -0.05380000 -0.99280000 0.10670000
vn -0.08620000 -0.98150000 0.17070000
vn -0.00170000 -1.00000000 0.00270000
vn -0.13180000 -0.95630000 0.26110000
vn -0.29730000 -0.84230000 0.44960000
vn -0.20540000 -0.89140000 0.40410000
vn -0.21880000 -0.87610000 0.42950000
vn -0.20880000 -0.83290000 0.51260000
vn -0.25590000 -0.82990000 0.49580000
vn -0.25580000 -0.83040000 0.49500000
vn -0.32680000 -0.80330000 0.49790000
vn -0.31470000 -0.81090000 0.49340000
vn -0.30380000 -0.81740000 0.48940000
vn -0.28310000 -0.82880000 0.48270000
vn -0.26730000 -0.83420000 0.48230000
vn -0.25130000 -0.83990000 0.48100000
vn -0.23900000 -0.84070000 0.48600000
vn -0.22580000 -0.83970000 0.49390000
vn -0.21380000 -0.83510000 0.50690000
vn -0.19890000 -0.82560000 0.52810000
vn -0.20390000 -0.82890000 0.52090000
vn -0.34000000 -0.79420000 0.50370000
vn -0.99980000 -0.01750000 -0.00000000
vn -0.99980000 -0.01750000 -0.00000000
vn -0.99980000 -0.01750000 0.00010000
vn -0.99980000 -0.01740000 -0.00000000
vn -0.99980000 -0.01750000 -0.00000000
vn 0.25580000 -0.83410000 0.48880000
vn 0.25130000 -0.83500000 0.48950000
vn 0.23980000 -0.83610000 0.49340000
vn 0.23530000 -0.83640000 0.49500000
vn 0.22440000 -0.83520000 0.50200000
vn 0.22100000 -0.83510000 0.50370000
vn 0.21320000 -0.83200000 0.51220000
vn 0.20690000 -0.83120000 0.51610000
vn 0.20870000 -0.83210000 0.51400000
vn 0.20220000 -0.82760000 0.52360000
vn 0.26980000 -0.83000000 0.48810000
vn 0.26560000 -0.83120000 0.48840000
vn 0.27690000 -0.82700000 0.48930000
vn 0.29150000 -0.82130000 0.49030000
vn 0.28050000 -0.82570000 0.48940000
vn 0.28390000 -0.82470000 0.48920000
vn 0.28830000 -0.82240000 0.49050000
vn 0.28840000 -0.82240000 0.49050000
vn 0.29260000 -0.82030000 0.49140000
vn 0.29860000 -0.82760000 0.47540000
vn 0.32910000 -0.78520000 0.52450000
vn 0.30000000 -0.82000000 0.48750000
vn 0.31940000 -0.81550000 0.48260000
vn 0.33610000 -0.80180000 0.49400000
vn 0.31680000 -0.80920000 0.49490000
vn 0.34260000 -0.79520000 0.50030000
vn 0.35130000 -0.79170000 0.49970000
vn 0.29560000 -0.82040000 0.48950000
vn 0.25130000 -0.83500000 0.48960000
vn 0.21630000 -0.83600000 0.50420000
vn 0.18590000 -0.82640000 0.53150000
vn 0.19750000 -0.82750000 0.52560000
vn 0.19760000 -0.82030000 0.53680000
vn 0.19960000 -0.81410000 0.54540000
vn -0.99260000 -0.10000000 0.06970000
vn -0.99250000 -0.10010000 0.06980000
vn -0.99330000 -0.09600000 0.06390000
vn -0.99370000 -0.09400000 0.06150000
vn -0.99370000 -0.09400000 0.06080000
vn -0.99400000 -0.09230000 0.05790000
vn -0.99410000 -0.09220000 0.05800000
vn -0.99400000 -0.09220000 0.05800000
vn -0.99380000 -0.09330000 0.05980000
vn -0.99390000 -0.09320000 0.05970000
vn -0.99410000 -0.09220000 0.05800000
vn -0.99410000 -0.09220000 0.05790000
vn -0.99430000 -0.09050000 0.05560000
vn -0.99440000 -0.09050000 0.05550000
vn -0.99470000 -0.08830000 0.05210000
vn -0.99470000 -0.08820000 0.05210000
vn -0.99470000 -0.08840000 0.05240000
vn -0.99250000 -0.09860000 0.07250000
vn -0.99290000 -0.09280000 0.07510000
vn -0.99280000 -0.09280000 0.07510000
vn -0.99240000 -0.09940000 0.07220000
vn -0.99290000 -0.09160000 0.07590000
vn -0.99300000 -0.09050000 0.07610000
vn -0.99300000 -0.09050000 0.07620000
vn -0.99320000 -0.08720000 0.07760000
vn -0.99320000 -0.08710000 0.07760000
vn -0.99320000 -0.08720000 0.07770000
vn -0.99320000 -0.08710000 0.07770000
vn -0.99300000 -0.08950000 0.07660000
vn -0.99310000 -0.08920000 0.07650000
vn -0.99310000 -0.08770000 0.07730000
vn -0.99320000 -0.08760000 0.07730000
vn -0.99330000 -0.08530000 0.07840000
vn -0.99330000 -0.08520000 0.07850000
vn -0.99330000 -0.08520000 0.07840000
vn -0.99340000 -0.08150000 0.08020000
vn -0.99340000 -0.08220000 0.07980000
vn -0.99460000 -0.08700000 0.05710000
vn -0.99390000 -0.09050000 0.06360000
vn -0.99450000 -0.08760000 0.05820000
vn -0.99370000 -0.09110000 0.06460000
vn -0.99310000 -0.09410000 0.06980000
vn -0.99300000 -0.09460000 0.07090000
vn -0.99230000 -0.09750000 0.07630000
vn -0.99230000 -0.09780000 0.07660000
vn -0.99220000 -0.09800000 0.07690000
vn -0.99220000 -0.09820000 0.07710000
vn -0.43820000 -0.52090000 -0.73260000
vn -0.41300000 -0.52180000 -0.74650000
vn -0.41680000 -0.52750000 -0.74030000
vn -0.35140000 -0.53830000 -0.76600000
vn -0.31740000 -0.55340000 -0.77010000
vn -0.28570000 -0.55310000 -0.78260000
vn -0.24520000 -0.56740000 -0.78610000
vn -0.21670000 -0.56480000 -0.79630000
vn -0.17990000 -0.57670000 -0.79690000
vn -0.14610000 -0.57350000 -0.80610000
vn -0.11790000 -0.58320000 -0.80370000
vn -0.07400000 -0.57850000 -0.81230000
vn 0.00010000 -0.58340000 -0.81220000
vn -0.00000000 -0.57930000 -0.81510000
vn -0.07410000 -0.57770000 -0.81290000
vn -0.00000000 -0.57500000 -0.81820000
vn -0.08360000 -0.57210000 -0.81590000
vn -0.14640000 -0.57290000 -0.80650000
vn -0.16470000 -0.56560000 -0.80810000
vn -0.21710000 -0.56410000 -0.79670000
vn -0.24380000 -0.55480000 -0.79550000
vn -0.28600000 -0.55240000 -0.78300000
vn -0.32020000 -0.54000000 -0.77830000
vn -0.35180000 -0.53760000 -0.76630000
vn -0.38000000 -0.52550000 -0.76120000
vn -0.41350000 -0.52100000 -0.74670000
vn -0.43670000 -0.50900000 -0.74170000
vn -0.47140000 -0.50220000 -0.72490000
vn -0.52740000 -0.47690000 -0.70310000
vn -0.52580000 -0.48220000 -0.70080000
vn -0.55980000 -0.46360000 -0.68680000
vn -0.57600000 -0.46070000 -0.67530000
vn -0.62190000 -0.43960000 -0.64800000
vn -0.62140000 -0.44060000 -0.64790000
vn -0.70280000 -0.39600000 -0.59090000
vn -0.69660000 -0.40530000 -0.59200000
vn -0.76520000 -0.36190000 -0.53240000
vn -0.72090000 -0.39190000 -0.57150000
vn -0.75470000 -0.37070000 -0.54130000
vn -0.46150000 -0.51650000 -0.72120000
vn -0.46450000 -0.51270000 -0.72200000
vn -0.47080000 -0.50310000 -0.72470000
vn -0.48910000 -0.50340000 -0.71230000
vn -0.51890000 -0.49170000 -0.69930000
vn -0.52510000 -0.48310000 -0.70070000
vn -0.51850000 -0.49220000 -0.69920000
vn -0.55570000 -0.47700000 -0.68100000
vn -0.56890000 -0.47050000 -0.67450000
vn -0.59460000 -0.46080000 -0.65890000
vn -0.61490000 -0.44960000 -0.64790000
vn -0.63500000 -0.44100000 -0.63430000
vn -0.67620000 -0.41800000 -0.60660000
vn -0.68590000 -0.41240000 -0.59950000
vn -0.77650000 -0.35590000 -0.52000000
vn -0.82270000 -0.32010000 -0.46990000
vn -0.77080000 -0.35230000 -0.53080000
vn -0.82740000 -0.31060000 -0.46790000
vn -0.77120000 -0.35150000 -0.53070000
vn -0.82780000 -0.30980000 -0.46780000
vn -0.78060000 -0.34090000 -0.52390000
vn -0.82820000 -0.30540000 -0.46990000
vn -0.85710000 -0.28160000 -0.43140000
vn -0.85960000 -0.28350000 -0.42520000
vn -0.88740000 -0.25870000 -0.38140000
vn -0.88720000 -0.25930000 -0.38160000
vn -0.91150000 -0.23590000 -0.33710000
vn -0.90860000 -0.24510000 -0.33830000
vn -0.92990000 -0.22270000 -0.29270000
vn -0.92200000 -0.23420000 -0.30850000
vn -0.94850000 -0.20410000 -0.24240000
vn -0.82080000 -0.32360000 -0.47060000
vn -0.85510000 -0.29380000 -0.42710000
vn -0.85920000 -0.28440000 -0.42530000
vn -0.85260000 -0.29830000 -0.42910000
vn -0.88370000 -0.26890000 -0.38320000
vn -0.88860000 -0.26700000 -0.37300000
vn -0.96870000 -0.17650000 -0.17440000
vn -0.96270000 -0.18220000 -0.19980000
vn -0.94790000 -0.20170000 -0.24640000
vn -0.93220000 -0.21400000 -0.29200000
vn -0.91170000 -0.23490000 -0.33700000
vn -0.89200000 -0.25020000 -0.37640000
vn -0.97060000 -0.17340000 -0.16680000
vn -0.97240000 -0.17060000 -0.15920000
vn -0.97940000 -0.15540000 -0.12880000
vn -0.97410000 -0.16770000 -0.15160000
vn -0.98460000 -0.14740000 -0.09410000
vn -0.98960000 -0.13180000 -0.05790000
vn -0.99070000 -0.12980000 -0.03950000
vn -0.99260000 -0.12080000 -0.00920000
vn -0.99360000 -0.11260000 0.00810000
vn -0.99330000 -0.11560000 0.00870000
vn -0.99350000 -0.10810000 0.03610000
vn -0.99330000 -0.09600000 0.06400000
vn -0.99310000 -0.10350000 0.05440000
vn -0.99280000 -0.10090000 0.06470000
vn -0.99270000 -0.10010000 0.06800000
vn -0.99440000 -0.10590000 0.00350000
vn -0.99400000 -0.09180000 0.05980000
vn -0.99440000 -0.10530000 0.00320000
vn -0.99460000 -0.08760000 0.05530000
vn -0.99500000 -0.10030000 -0.00020000
vn -0.99500000 -0.09990000 0.00490000
vn -0.99310000 -0.11120000 -0.03690000
vn -0.99230000 -0.11440000 -0.04780000
vn -0.99040000 -0.12390000 -0.06130000
vn -0.99280000 -0.10590000 -0.05630000
vn -0.99110000 -0.11880000 -0.06070000
vn -0.99090000 -0.11900000 -0.06360000
vn -0.99010000 -0.12120000 -0.07020000
vn -0.98900000 -0.12440000 -0.08020000
vn -0.99170000 -0.11820000 -0.05000000
vn -0.98740000 -0.12830000 -0.09240000
vn -0.98040000 -0.14710000 -0.13080000
vn -0.99030000 -0.12450000 -0.06100000
vn -0.98030000 -0.14790000 -0.13070000
vn -0.98270000 -0.13860000 -0.12300000
vn -0.98090000 -0.14190000 -0.13280000
vn -0.97720000 -0.14860000 -0.15140000
vn -0.98060000 -0.14320000 -0.13360000
vn -0.97580000 -0.15120000 -0.15820000
vn -0.97360000 -0.15470000 -0.16760000
vn -0.97290000 -0.15590000 -0.17080000
vn -0.96430000 -0.17300000 -0.20040000
vn -0.96360000 -0.16980000 -0.20630000
vn -0.94990000 -0.19230000 -0.24630000
vn -0.94490000 -0.19430000 -0.26360000
vn -0.93240000 -0.21320000 -0.29190000
vn -0.92110000 -0.22110000 -0.32040000
vn -0.71010000 -0.38690000 -0.58830000
vn -0.70360000 -0.39490000 -0.59080000
vn -0.63920000 -0.42630000 -0.64000000
vn 0.00020000 -0.58760000 -0.80910000
vn -0.00820000 -0.58760000 -0.80910000
vn -0.96420000 -0.17380000 -0.20040000
vn -0.94980000 -0.19310000 -0.24630000
vn -0.57540000 -0.46160000 -0.67520000
vn -0.67230000 0.51810000 -0.52880000
vn -0.68180000 0.56260000 -0.46760000
vn -0.69920000 0.58030000 -0.41760000
vn -0.67710000 0.55620000 -0.48190000
vn -0.65460000 0.47320000 -0.58960000
vn -0.68510000 0.56660000 -0.45780000
vn -0.69390000 0.57840000 -0.42900000
vn -0.70330000 0.59180000 -0.39370000
vn -0.71360000 0.60700000 -0.34980000
vn -0.71940000 0.61630000 -0.32030000
vn -0.73280000 0.64050000 -0.22980000
vn -0.73200000 0.63890000 -0.23670000
vn -0.73350000 0.64210000 -0.22290000
vn -0.73120000 0.63720000 -0.24360000
vn -0.68300000 0.54990000 -0.48070000
vn -0.68300000 0.54990000 -0.48080000
vn -0.68120000 0.54940000 -0.48380000
vn -0.68110000 0.54940000 -0.48390000
vn -0.68290000 0.55170000 -0.47890000
vn -0.68290000 0.55160000 -0.47890000
vn -0.68290000 0.55170000 -0.47880000
vn -0.68200000 0.54990000 -0.48220000
vn -0.68450000 0.55280000 -0.47530000
vn -0.68190000 0.54980000 -0.48250000
vn -0.68180000 0.54980000 -0.48250000
vn -0.68060000 0.54900000 -0.48520000
vn -0.68050000 0.54900000 -0.48520000
vn -0.68000000 0.54810000 -0.48700000
vn -0.68120000 0.54890000 -0.48440000
vn -0.67900000 0.54620000 -0.49050000
vn -0.25930000 0.03770000 -0.96510000
vn -0.24370000 0.03240000 -0.96930000
vn -0.21930000 0.02640000 -0.97530000
vn -0.19950000 0.02120000 -0.97970000
vn -0.16870000 0.01500000 -0.98560000
vn -0.15290000 0.01200000 -0.98820000
vn -0.11520000 0.00660000 -0.99330000
vn -0.10420000 0.00520000 -0.99450000
vn -0.05900000 0.00150000 -0.99830000
vn -0.05320000 0.00120000 -0.99860000
vn -0.00050000 -0.00000000 -1.00000000
vn 0.00010000 -0.00000000 -1.00000000
vn -0.06630000 0.00200000 -0.99780000
vn -0.15190000 0.01160000 -0.98830000
vn -0.28590000 0.04600000 -0.95720000
vn -0.29780000 0.05090000 -0.95330000
vn -0.32600000 0.06130000 -0.94340000
vn -0.36070000 0.07750000 -0.92950000
vn -0.36420000 0.07840000 -0.92800000
vn -0.38250000 0.08880000 -0.91970000
vn -0.40870000 0.10230000 -0.90690000
vn -0.43610000 0.12000000 -0.89190000
vn -0.44840000 0.12690000 -0.88480000
vn -0.48370000 0.15370000 -0.86160000
vn -0.48340000 0.15220000 -0.86210000
vn -0.51420000 0.17750000 -0.83910000
vn -0.49820000 0.16230000 -0.85180000
vn -0.54380000 0.20380000 -0.81410000
vn -0.54120000 0.20290000 -0.81600000
vn -0.54730000 0.20740000 -0.81080000
vn -0.56470000 0.22810000 -0.79310000
vn -0.56780000 0.22970000 -0.79040000
vn -0.58510000 0.25310000 -0.77040000
vn -0.59630000 0.26620000 -0.75730000
vn -0.60290000 0.27810000 -0.74780000
vn -0.61930000 0.30210000 -0.72470000
vn -0.61830000 0.30280000 -0.72530000
vn -0.62590000 0.31390000 -0.71400000
vn -0.63160000 0.32740000 -0.70280000
vn -0.64340000 0.34940000 -0.68110000
vn -0.64310000 0.35150000 -0.68030000
vn -0.65490000 0.37670000 -0.65520000
vn -0.65310000 0.37510000 -0.65780000
vn -0.66140000 0.39710000 -0.63630000
vn -0.66400000 0.40880000 -0.62610000
vn -0.67040000 0.42900000 -0.60540000
vn -0.67310000 0.44840000 -0.58810000
vn -0.67530000 0.45480000 -0.58070000
vn -0.67670000 0.47890000 -0.55930000
vn -0.67820000 0.48220000 -0.55450000
vn -0.67910000 0.51180000 -0.52620000
vn -0.68150000 0.53880000 -0.49520000
vn -0.68130000 0.54630000 -0.48720000
vn -0.68170000 0.54190000 -0.49160000
vn -0.68180000 0.54490000 -0.48810000
vn -0.68190000 0.54800000 -0.48450000
vn -0.53050000 0.19400000 -0.82520000
vn -0.56200000 0.22670000 -0.79550000
vn -0.58070000 0.24940000 -0.77500000
vn -0.60340000 0.28110000 -0.74630000
vn -0.62230000 0.31260000 -0.71760000
vn -0.63820000 0.34330000 -0.68910000
vn -0.65150000 0.37350000 -0.66030000
vn -0.65740000 0.39030000 -0.64460000
vn -0.65780000 0.39200000 -0.64310000
vn -0.65930000 0.39680000 -0.63860000
vn -0.66050000 0.40010000 -0.63540000
vn -0.66320000 0.40950000 -0.62650000
vn -0.66490000 0.41520000 -0.62090000
vn -0.66900000 0.43270000 -0.60430000
vn -0.67040000 0.44000000 -0.59750000
vn -0.67140000 0.44600000 -0.59180000
vn -0.67220000 0.45240000 -0.58610000
vn -0.67280000 0.45630000 -0.58230000
vn -0.67320000 0.45720000 -0.58110000
vn -0.67350000 0.46050000 -0.57820000
vn -0.67430000 0.46800000 -0.57120000
vn -0.67720000 0.49930000 -0.54050000
vn -0.68070000 0.54490000 -0.48960000
vn -0.68100000 0.54550000 -0.48840000
vn -0.68040000 0.54420000 -0.49080000
vn -0.47130000 0.14160000 -0.87050000
vn -0.44150000 0.12100000 -0.88910000
vn -0.42110000 0.10840000 -0.90050000
vn -0.38010000 0.08550000 -0.92100000
vn -0.30890000 0.05380000 -0.94960000
vn -0.27030000 0.04010000 -0.96190000
vn -0.22990000 0.02820000 -0.97280000
vn -0.97060000 -0.24050000 -0.00000000
vn -0.97060000 -0.24050000 -0.00000000
vn -0.97070000 -0.24050000 0.00010000
vn -0.97060000 -0.24050000 -0.00000000
vn -0.97060000 -0.24060000 -0.00000000
vn -0.97060000 -0.24060000 -0.00000000
vn -0.97060000 -0.24060000 0.00010000
vn -0.97060000 -0.24050000 -0.00000000
vn -0.97060000 -0.24060000 -0.00000000
vn -0.97070000 -0.24040000 0.00010000
vn -0.97070000 -0.24050000 -0.00000000
vn -0.97060000 -0.24050000 -0.00000000
vn -0.97060000 -0.24050000 -0.00000000
vn -0.97060000 -0.24060000 -0.00000000
vn -0.97060000 -0.24050000 -0.00000000
vn -0.98980000 0.14250000 -0.00000000
vn -0.98980000 0.14250000 -0.00000000
vn -0.98980000 0.14250000 -0.00000000
vn -0.98980000 0.14250000 -0.00000000
vn -0.98980000 0.14250000 -0.00000000
vn -0.98980000 0.14250000 -0.00000000
vn -0.98980000 0.14250000 -0.00000000
vn -0.92360000 -0.02620000 -0.38250000
vn -0.92360000 -0.02620000 -0.38250000
vn -0.99970000 -0.02520000 -0.00000000
vn -0.99970000 -0.02620000 -0.00000000
vn -0.99970000 -0.02620000 -0.00000000
vn -0.99970000 -0.02520000 -0.00000000
vn -0.92360000 -0.02620000 0.38260000
vn -0.92360000 -0.02620000 0.38260000
vn -0.70680000 -0.02620000 0.70690000
vn -0.70690000 -0.02610000 0.70690000
vn -0.38260000 -0.02650000 0.92350000
vn -0.38260000 -0.02600000 0.92360000
vn -0.00000000 -0.02610000 0.99970000
vn 0.00010000 -0.02610000 0.99970000
vn 0.38260000 -0.02610000 0.92360000
vn 0.38250000 -0.02600000 0.92360000
vn 0.70690000 -0.02610000 0.70690000
vn -0.70690000 -0.02620000 -0.70680000
vn -0.70690000 -0.02610000 -0.70690000
vn -0.38260000 -0.02650000 -0.92360000
vn -0.38260000 -0.02670000 -0.92350000
vn -0.00000000 -0.02610000 -0.99970000
vn -0.00000000 -0.02610000 -0.99970000
vn 0.38260000 -0.02640000 -0.92360000
vn 0.38250000 -0.02600000 -0.92360000
vn 0.70690000 -0.02610000 -0.70690000
vn 0.70690000 -0.02620000 -0.70680000
vn 0.92360000 -0.02620000 -0.38250000
vn 0.92360000 -0.02620000 -0.38250000
vn 0.99970000 -0.02620000 -0.00000000
vn 0.99970000 -0.02620000 -0.00000000
vn 0.92360000 -0.02620000 0.38260000
vn 0.92360000 -0.02620000 0.38260000
vn 0.70680000 -0.02620000 0.70690000
vn -0.92360000 -0.02620000 -0.38250000
vn -0.92360000 -0.02620000 -0.38250000
vn -0.99970000 -0.02520000 -0.00000000
vn -0.99970000 -0.02620000 -0.00000000
vn -0.99970000 -0.02610000 0.00010000
vn -0.99970000 -0.02520000 -0.00000000
vn -0.92360000 -0.02620000 0.38260000
vn -0.92360000 -0.02620000 0.38260000
vn -0.70690000 -0.02620000 0.70690000
vn -0.70680000 -0.02620000 0.70690000
vn -0.38260000 -0.02620000 0.92360000
vn -0.38250000 -0.02620000 0.92360000
vn -0.00000000 -0.02620000 0.99970000
vn -0.00000000 -0.02620000 0.99970000
vn 0.38260000 -0.02620000 0.92360000
vn 0.38260000 -0.02630000 0.92360000
vn 0.70690000 -0.02620000 0.70690000
vn -0.70690000 -0.02620000 -0.70680000
vn -0.70690000 -0.02620000 -0.70680000
vn -0.38250000 -0.02620000 -0.92360000
vn -0.38250000 -0.02630000 -0.92360000
vn -0.00000000 -0.02620000 -0.99970000
vn -0.00010000 -0.02620000 -0.99970000
vn 0.38250000 -0.02620000 -0.92360000
vn 0.38260000 -0.02620000 -0.92360000
vn 0.70690000 -0.02620000 -0.70680000
vn 0.70690000 -0.02620000 -0.70680000
vn 0.92360000 -0.02620000 -0.38250000
vn 0.92360000 -0.02620000 -0.38250000
vn 0.99970000 -0.02620000 -0.00000000
vn 0.99970000 -0.02620000 -0.00000000
vn 0.92360000 -0.02620000 0.38260000
vn 0.92360000 -0.02620000 0.38260000
vn 0.70690000 -0.02620000 0.70690000
vn 0.08080000 -0.99670000 0.00770000
vn -0.00640000 -0.98290000 0.18420000
vn 0.06850000 -0.99760000 -0.00010000
vn 0.06770000 -0.99770000 0.00070000
vn -0.04560000 -0.95830000 0.28200000
vn 0.05020000 -0.99870000 -0.00340000
vn -0.03310000 -0.95750000 0.28650000
vn 0.03260000 -0.99950000 -0.00400000
vn -0.01820000 -0.95610000 0.29250000
vn 0.01760000 -0.99980000 -0.00290000
vn 0.00020000 -0.95510000 0.29640000
vn 0.00140000 -1.00000000 -0.00140000
vn -0.04230000 -0.96710000 0.25070000
vn -0.06490000 -0.95510000 0.28890000
vn -0.13930000 -0.87300000 0.46740000
vn -0.14110000 -0.87340000 0.46620000
vn -0.14290000 -0.87380000 0.46480000
vn -0.14480000 -0.87370000 0.46450000
vn -0.15100000 -0.87380000 0.46220000
vn -0.10210000 -0.93370000 0.34310000
vn -0.16500000 -0.87440000 0.45630000
vn -0.18090000 -0.87520000 0.44870000
vn -0.13470000 -0.91760000 0.37400000
vn -0.13720000 -0.92030000 0.36650000
vn -0.19950000 -0.87660000 0.43790000
vn -0.12810000 -0.93000000 0.34440000
vn -0.11460000 -0.94020000 0.32090000
vn -0.07680000 -0.96090000 0.26610000
vn -0.08290000 -0.95850000 0.27270000
vn -0.08770000 -0.95790000 0.27330000
vn -0.09160000 -0.95820000 0.27110000
vn -0.23690000 -0.88040000 0.41080000
vn -0.12860000 -0.94450000 0.30220000
vn -0.03600000 -0.97740000 0.20820000
vn -0.01620000 -0.98190000 0.18850000
vn 0.11050000 -0.99320000 0.03700000
vn 0.11980000 -0.99160000 0.04910000
vn -0.10920000 -0.86960000 0.48160000
vn -0.10010000 -0.86810000 0.48610000
vn -0.09430000 -0.86740000 0.48850000
vn -0.07820000 -0.86520000 0.49520000
vn -0.04220000 -0.86130000 0.50640000
vn -0.00110000 -0.85950000 0.51120000
vn -0.00000000 -1.00000000 -0.00000000
vn -0.00000000 -1.00000000 -0.00000000
vn -0.00000000 -1.00000000 -0.00000000
vn -0.00000000 -1.00000000 -0.00000000
vn -0.00000000 -1.00000000 -0.00000000
vn -0.00000000 -1.00000000 -0.00000000
vn -0.00000000 -1.00000000 -0.00000000
vn -0.00000000 -1.00000000 -0.00000000
vn -0.00000000 -1.00000000 -0.00000000
vn -0.00000000 -1.00000000 -0.00000000
vn -0.00000000 -1.00000000 -0.00000000
vn -0.00000000 -1.00000000 -0.00000000
vn -0.00000000 -1.00000000 -0.00000000
vn -0.00000000 -1.00000000 -0.00000000
vn -0.00000000 -1.00000000 -0.00000000
vn -0.00000000 -1.00000000 -0.00000000
vn -0.05340000 -0.60450000 0.79480000
vn -0.24840000 -0.63030000 0.73550000
vn -0.05870000 -0.60170000 0.79650000
vn -0.24920000 -0.62880000 0.73650000
vn -0.25620000 -0.63640000 0.72760000
vn -0.25250000 -0.63430000 0.73070000
vn -0.04830000 -0.60670000 0.79350000
vn -0.25990000 -0.59830000 0.75800000
vn -0.25120000 -0.61420000 0.74810000
vn -0.24640000 -0.64840000 0.72030000
vn -0.27380000 -0.59820000 0.75310000
vn -0.84990000 -0.27690000 0.44840000
vn -0.61990000 -0.31990000 0.71650000
vn -0.59910000 -0.60730000 0.52180000
vn -0.49400000 -0.50610000 0.70700000
vn -0.42430000 -0.58050000 0.69500000
vn -0.36550000 -0.64670000 0.66950000
vn -0.32450000 -0.69140000 0.64550000
vn -0.28750000 -0.73240000 0.61720000
vn -0.23090000 -0.79550000 0.56030000
vn -0.11290000 -0.87680000 0.46740000
vn -0.28160000 -0.82720000 0.48620000
vn -0.62760000 -0.72080000 0.29420000
vn -0.95160000 -0.30560000 0.03290000
vn -0.08980000 -0.88920000 0.44870000
vn -0.10700000 -0.93880000 0.32730000
vn -0.44590000 -0.83720000 0.31660000
vn -0.10800000 -0.92920000 0.35340000
vn -0.44660000 -0.83170000 0.33000000
vn -0.10500000 -0.91880000 0.38050000
vn -0.44810000 -0.82000000 0.35600000
vn -0.11000000 -0.90830000 0.40370000
vn -0.44890000 -0.81410000 0.36850000
vn -0.44970000 -0.80520000 0.38660000
vn -0.70250000 -0.64160000 0.30800000
vn -0.70210000 -0.63580000 0.32060000
vn -0.94480000 -0.28890000 0.15450000
vn -0.93610000 -0.31950000 0.14680000
vn -0.10650000 -0.94770000 0.30080000
vn -0.44440000 -0.85020000 0.28230000
vn -0.44460000 -0.84770000 0.28930000
vn -0.69900000 -0.66890000 0.25290000
vn -0.69940000 -0.66430000 0.26360000
vn -0.94820000 -0.29770000 0.11100000
vn -0.94920000 -0.28900000 0.12440000
vn -0.44410000 -0.85490000 0.26830000
vn -0.08210000 -0.95220000 0.29430000
vn -0.44380000 -0.85670000 0.26270000
vn -0.11380000 -0.95140000 0.28630000
vn -0.20840000 -0.94770000 0.24190000
vn -0.10460000 -0.95710000 0.27010000
vn -0.44160000 -0.89540000 0.05690000
vn -0.45010000 -0.86760000 0.21130000
vn -0.69730000 -0.68550000 0.20980000
vn -0.69720000 -0.68390000 0.21480000
vn -0.94690000 -0.30650000 0.09690000
vn -0.69750000 -0.68010000 0.22570000
vn -0.69800000 -0.67780000 0.23130000
vn -0.32680000 -0.93860000 -0.11100000
vn -0.09540000 -0.95610000 0.27700000
vn -0.08850000 -0.95920000 0.26860000
vn -0.09070000 -0.95610000 0.27860000
vn -0.09020000 -0.95110000 0.29540000
vn -0.08560000 -0.95340000 0.28910000
vn -0.06490000 -0.97440000 -0.21540000
vn -0.04360000 -0.86610000 -0.49800000
vn -0.46780000 -0.78500000 -0.40610000
vn 0.02330000 -0.36480000 -0.93080000
vn -0.58330000 -0.33810000 -0.73850000
vn -0.67010000 -0.73000000 -0.13440000
vn -0.88790000 -0.31880000 -0.33170000
vn -0.70350000 -0.69960000 0.12480000
vn -0.94700000 -0.32060000 0.02020000
vn -0.94770000 -0.30520000 0.09320000
vn -0.70150000 -0.64930000 0.29390000
vn -0.70090000 -0.65430000 0.28390000
vn -0.95470000 -0.28270000 0.09350000
vn -0.63860000 -0.69820000 0.32350000
vn -0.44890000 -0.80040000 0.39720000
vn -0.11100000 -0.88670000 0.44880000
vn 0.00130000 -0.34490000 -0.93860000
vn 0.00200000 -0.34240000 -0.93950000
vn -0.05420000 -0.85700000 -0.51250000
vn 0.00210000 -0.34350000 -0.93920000
vn 0.00230000 -0.34540000 -0.93850000
vn 0.00660000 -0.34560000 -0.93840000
vn -0.00030000 -0.75160000 -0.65960000
vn -0.07730000 -0.98660000 -0.14360000
vn -0.00020000 -0.97580000 -0.21850000
vn -0.06660000 -0.95810000 0.27850000
vn -0.00000000 -0.96040000 0.27850000
vn -0.08880000 -0.95350000 0.28800000
vn -0.08660000 -0.95720000 0.27610000
vn -0.07720000 -0.95830000 0.27530000
vn -0.00030000 -0.34400000 -0.93900000
vn 0.00050000 -0.34020000 -0.94030000
vn -0.89850000 -0.29570000 -0.32450000
vn -0.69950000 -0.32290000 -0.63750000
vn -0.82320000 -0.52890000 -0.20660000
vn -0.64800000 -0.58000000 -0.49360000
vn -0.48300000 -0.84730000 -0.22100000
vn -0.60060000 -0.79950000 0.00860000
vn -0.21980000 -0.96950000 0.10870000
vn -0.25050000 -0.93920000 0.23500000
vn 0.02490000 -0.93270000 0.35980000
vn 0.03990000 -0.92620000 0.37500000
vn 0.06860000 -0.92160000 0.38210000
vn -0.47910000 -0.81960000 0.31420000
vn -0.73350000 -0.63990000 0.22910000
vn -0.96090000 -0.26980000 0.06270000
vn -0.94550000 -0.28480000 -0.15780000
vn 0.12880000 -0.91690000 0.37780000
vn -0.16690000 -0.91560000 0.36580000
vn 0.06330000 -0.95020000 0.30500000
vn 0.05520000 -0.95350000 0.29620000
vn -0.06220000 -0.78560000 0.61550000
vn 0.04300000 -0.94420000 0.32670000
vn 0.03030000 -0.61350000 0.78910000
vn 0.00350000 -0.25420000 0.96710000
vn -0.19660000 -0.44440000 0.87400000
vn -0.16480000 -0.54520000 0.82200000
vn -0.23900000 -0.79730000 0.55420000
vn 0.07760000 -0.94590000 0.31510000
vn 0.04060000 -0.93670000 0.34780000
vn -0.40730000 -0.82270000 0.39670000
vn 0.06230000 -0.93770000 0.34190000
vn -0.38780000 -0.85280000 0.34960000
vn 0.12240000 -0.93250000 0.33980000
vn -0.34540000 -0.87650000 0.33520000
vn 0.14130000 -0.92640000 0.34900000
vn -0.35470000 -0.87690000 0.32430000
vn -0.40610000 -0.85200000 0.33030000
vn -0.75430000 -0.61880000 0.21950000
vn -0.79180000 -0.56930000 0.22140000
vn -0.84550000 -0.50490000 0.17370000
vn -0.87300000 -0.45450000 0.17720000
vn -0.94650000 -0.30150000 0.11480000
vn -0.93170000 -0.33430000 0.14210000
vn -0.07880000 -0.24880000 0.96540000
vn -0.20800000 -0.26520000 0.94150000
vn -0.27750000 -0.28610000 0.91710000
vn -0.45410000 -0.28930000 0.84270000
vn -0.54300000 -0.45930000 0.70290000
vn -0.47560000 -0.55800000 0.68000000
vn -0.74660000 -0.55340000 0.36920000
vn -0.79730000 -0.30040000 0.52350000
vn -0.82990000 -0.43890000 0.34450000
vn -0.75280000 -0.59110000 0.28970000
vn -0.86000000 -0.28060000 0.42630000
vn -0.89600000 -0.26440000 0.35670000
vn -0.92390000 -0.26990000 0.27120000
vn -0.83920000 -0.47750000 0.26020000
vn -0.92610000 -0.30840000 0.21740000
vn -0.82500000 -0.52100000 0.21890000
vn -0.93210000 -0.34560000 0.10870000
vn -0.75700000 -0.60500000 0.24680000
vn -0.94540000 -0.30470000 0.11530000
vn -0.96160000 -0.25660000 0.09730000
vn -0.49140000 -0.80580000 0.33040000
vn -0.13360000 -0.91670000 0.37660000
vn 0.20060000 -0.90610000 0.37240000
vn 0.12910000 -0.92340000 0.36140000
vn -0.73190000 -0.63150000 0.25610000
vn 0.08950000 -0.95540000 0.28140000
vn 0.04130000 -0.94880000 0.31330000
vn 0.00010000 -0.95940000 0.28200000
vn -0.00000000 -0.94990000 0.31250000
vn -0.03000000 -0.94930000 0.31300000
vn -0.00000000 -0.94660000 0.32250000
vn -0.00620000 -0.94450000 0.32850000
vn 0.09180000 -0.95520000 0.28140000
vn 0.09330000 -0.95450000 0.28330000
vn 0.09330000 -0.95450000 0.28340000
vn 0.09390000 -0.95040000 0.29640000
vn 0.08220000 -0.94520000 0.31610000
vn 0.09480000 -0.93890000 0.33100000
vn 0.07840000 -0.93790000 0.33800000
vn 0.07410000 -0.93030000 0.35930000
vn 0.06920000 -0.93600000 0.34520000
vn 0.06940000 -0.93170000 0.35650000
vn 0.06980000 -0.92830000 0.36520000
vn 0.07010000 -0.92330000 0.37770000
vn 0.09680000 -0.91280000 0.39680000
vn 0.06390000 -0.91410000 0.40040000
vn 0.09410000 -0.90930000 0.40530000
vn 0.07520000 -0.89300000 0.44380000
vn 0.09760000 -0.89120000 0.44300000
vn 0.09770000 -0.88920000 0.44700000
vn 0.09740000 -0.88810000 0.44920000
vn 0.09110000 -0.88730000 0.45220000
vn 0.04620000 -0.89040000 0.45280000
vn 0.09670000 -0.88950000 0.44660000
vn 0.09550000 -0.88770000 0.45030000
vn 0.09560000 -0.88770000 0.45040000
vn 0.09380000 -0.88650000 0.45320000
vn -0.00310000 -0.89180000 0.45240000
vn 0.02600000 -0.89940000 0.43630000
vn 0.05130000 -0.89690000 0.43930000
vn -0.05200000 -0.89020000 0.45260000
vn -0.03720000 -0.89850000 0.43730000
vn -0.01870000 -0.89990000 0.43570000
vn 0.00010000 -0.90030000 0.43530000
vn -0.01110000 -0.90680000 0.42140000
vn -0.00360000 -0.90690000 0.42130000
vn -0.07480000 -0.88870000 0.45230000
vn -0.06410000 -0.89500000 0.44140000
vn -0.05530000 -0.89640000 0.43980000
vn -0.06900000 -0.91350000 0.40100000
vn -0.04500000 -0.91610000 0.39850000
vn -0.05340000 -0.91620000 0.39720000
vn -0.06070000 -0.91720000 0.39380000
vn -0.06590000 -0.91920000 0.38830000
vn -0.08010000 -0.91180000 0.40270000
vn -0.06920000 -0.92180000 0.38140000
vn -0.09550000 -0.92600000 0.36510000
vn -0.08030000 -0.92950000 0.36010000
vn -0.09330000 -0.92760000 0.36170000
vn -0.08500000 -0.93710000 0.33870000
vn -0.09420000 -0.94370000 0.31720000
vn -0.08910000 -0.94430000 0.31670000
vn -0.09380000 -0.94970000 0.29890000
vn -0.09350000 -0.95320000 0.28750000
vn -0.07270000 -0.89350000 0.44310000
vn -0.08580000 -0.88780000 0.45220000
vn -0.09720000 -0.88810000 0.44920000
vn -0.09130000 -0.88680000 0.45300000
vn -0.09440000 -0.88740000 0.45120000
vn -0.09440000 -0.88740000 0.45110000
vn -0.09600000 -0.88760000 0.45050000
vn -0.09610000 -0.88760000 0.45060000
vn -0.09890000 -0.88480000 0.45540000
vn -0.09740000 -0.88960000 0.44630000
vn -0.09720000 -0.89920000 0.42660000
vn -0.09100000 -0.90990000 0.40460000
vn -0.09670000 -0.90840000 0.40670000
vn -0.09300000 -0.95410000 0.28470000
vn -0.09210000 -0.95500000 0.28200000
vn -0.08650000 -0.95570000 0.28150000
vn -0.08570000 -0.94470000 0.31640000
vn -0.05970000 -0.94750000 0.31420000
vn -0.06810000 -0.94600000 0.31690000
vn -0.06120000 -0.94640000 0.31710000
vn -0.05410000 -0.94710000 0.31650000
vn -0.04730000 -0.94720000 0.31720000
vn -0.02870000 -0.94200000 0.33450000
vn -0.00970000 -0.94170000 0.33620000
vn -0.09320000 -0.95450000 0.28310000
vn -0.06870000 -0.93960000 0.33530000
vn -0.08070000 -0.93760000 0.33820000
vn -0.06910000 -0.93420000 0.35000000
vn -0.07540000 -0.93020000 0.35930000
vn -0.06950000 -0.92800000 0.36600000
vn -0.06940000 -0.93040000 0.35990000
vn -0.01090000 -0.91710000 0.39860000
vn 0.00400000 -0.90690000 0.42140000
vn 0.01150000 -0.90680000 0.42150000
vn 0.04790000 -0.91590000 0.39850000
vn 0.01120000 -0.91710000 0.39860000
vn 0.05590000 -0.91630000 0.39650000
vn 0.06340000 -0.91790000 0.39160000
vn 0.05900000 -0.92150000 0.38380000
vn 0.06770000 -0.93980000 0.33490000
vn 0.06190000 -0.94350000 0.32540000
vn 0.05230000 -0.94630000 0.31900000
vn 0.04230000 -0.94750000 0.31690000
vn 0.03400000 -0.94770000 0.31740000
vn 0.02550000 -0.94820000 0.31680000
vn 0.01700000 -0.94810000 0.31760000
vn 0.00530000 -0.94760000 0.31940000
vn -0.01060000 -0.93850000 0.34520000
vn -0.02710000 -0.93430000 0.35560000
vn -0.04790000 -0.93530000 0.35060000
vn -0.04840000 -0.92900000 0.36690000
vn -0.02940000 -0.92450000 0.38010000
vn -0.03870000 -0.92410000 0.38020000
vn -0.01060000 -0.93660000 0.35030000
vn -0.01060000 -0.93350000 0.35840000
vn -0.01070000 -0.93030000 0.36670000
vn -0.01080000 -0.92500000 0.37990000
vn -0.04320000 -0.92400000 0.37990000
vn -0.04870000 -0.92570000 0.37500000
vn -0.04740000 -0.92440000 0.37840000
vn -0.04890000 -0.92500000 0.37670000
vn -0.04550000 -0.92470000 0.37810000
vn -0.95080000 -0.29330000 0.10000000
vn -0.95100000 -0.28860000 0.11110000
vn -0.94510000 -0.30280000 0.12310000
vn -0.94510000 -0.30260000 0.12320000
vn -0.94400000 -0.29890000 0.14000000
vn -0.94410000 -0.29870000 0.13940000
vn -0.94710000 -0.30880000 0.08740000
vn -0.94690000 -0.30040000 0.11490000
vn -0.92820000 -0.30240000 0.21660000
vn -0.93840000 -0.30300000 0.16620000
vn -0.94510000 -0.30640000 0.11410000
vn -0.94430000 -0.29890000 0.13790000
vn -0.91310000 -0.29990000 0.27620000
vn -0.87600000 -0.29750000 0.37970000
vn -0.87880000 -0.29800000 0.37270000
vn -0.79810000 -0.29470000 0.52560000
vn -0.61440000 -0.28550000 0.73560000
vn -0.45290000 -0.28400000 0.84510000
vn -0.62100000 -0.28730000 0.72920000
vn -0.29700000 -0.28860000 0.91020000
vn -0.28190000 -0.27540000 0.91910000
vn -0.00130000 -0.27830000 0.96050000
vn -0.00220000 -0.27900000 0.96030000
vn -0.06930000 -0.27810000 0.95810000
vn -0.00310000 -0.27850000 0.96040000
vn -0.88360000 -0.29800000 0.36120000
vn -0.85340000 -0.29010000 0.43310000
vn -0.29070000 -0.26070000 0.92060000
vn -0.20710000 -0.28420000 0.93610000
vn -0.00050000 -0.27740000 0.96080000
vn -0.93940000 -0.31160000 -0.14290000
vn -0.90600000 -0.31520000 -0.28260000
vn -0.89460000 -0.31930000 -0.31260000
vn -0.72790000 -0.32290000 -0.60490000
vn -0.70020000 -0.31030000 -0.64300000
vn -0.56900000 -0.32860000 -0.75380000
vn -0.43960000 -0.33300000 -0.83420000
vn -0.33980000 -0.33410000 -0.87910000
vn -0.07490000 -0.32450000 -0.94290000
vn -0.06270000 -0.32280000 -0.94440000
vn -0.04340000 -0.33250000 -0.94210000
vn -0.44080000 -0.34280000 -0.82950000
vn -0.95010000 -0.30100000 0.08240000
vn -0.94740000 -0.31740000 0.04200000
vn -0.89370000 -0.32360000 -0.31080000
vn -0.71890000 -0.32450000 -0.61470000
vn -0.01360000 -0.34530000 -0.93840000
vn 0.00490000 -0.32610000 -0.94530000
vn -0.00400000 -0.34000000 -0.94040000
vn -0.01270000 -0.34000000 -0.94030000
vn -0.01190000 -0.34410000 -0.93890000
vn -0.01110000 -0.35030000 -0.93660000
vn -0.49040000 -0.32880000 -0.80710000
vn 0.04900000 -0.92350000 0.38050000
vn 0.02960000 -0.95010000 0.31040000
vn -0.08210000 -0.99450000 0.06550000
vn 0.07300000 -0.91120000 0.40550000
vn -0.22890000 -0.96520000 0.12670000
vn 0.21940000 -0.75770000 0.61470000
vn 0.07020000 -0.90880000 0.41120000
vn 0.05530000 -0.92220000 0.38280000
vn -0.23790000 -0.90880000 -0.34280000
vn -0.52270000 -0.82690000 -0.20760000
vn -0.35950000 -0.58110000 -0.73010000
vn -0.68720000 -0.56270000 -0.45960000
vn -0.56240000 -0.38510000 -0.73170000
vn -0.74000000 -0.33030000 -0.58590000
vn -0.45990000 -0.36910000 -0.80760000
vn -0.40660000 -0.34210000 -0.84710000
vn -0.11340000 -0.40660000 -0.90650000
vn -0.07450000 0.00960000 -0.99720000
vn -0.04450000 -0.37630000 -0.92540000
vn 0.01380000 -0.46280000 -0.88630000
vn 0.03670000 -0.89200000 -0.45050000
vn 0.00550000 -0.99880000 0.04860000
vn 0.02340000 -0.92530000 0.37850000
vn 0.01510000 -0.93380000 0.35750000
vn 0.00990000 -0.91970000 0.39260000
vn 0.01100000 -0.97260000 0.23230000
vn 0.00010000 -0.29450000 -0.95560000
vn -0.00080000 -0.75300000 -0.65800000
vn -0.01290000 -0.95800000 -0.28660000
vn -0.00810000 -0.39200000 -0.91990000
vn 0.04190000 -0.99870000 -0.03050000
vn 0.02960000 -0.92420000 0.38080000
vn 0.03570000 -0.94510000 0.32490000
vn 0.02010000 -0.98550000 0.16860000
vn 0.01980000 -0.99210000 -0.12360000
vn -0.00790000 -0.84740000 -0.53090000
vn -0.06350000 -0.85180000 -0.52000000
vn -0.01150000 -0.99450000 -0.10390000
vn -0.59940000 -0.73040000 0.32740000
vn -0.59940000 -0.73050000 0.32740000
vn -0.59990000 -0.72940000 0.32890000
vn -0.59990000 -0.72930000 0.32900000
vn -0.59960000 -0.73040000 0.32720000
vn -0.59960000 -0.73030000 0.32730000
vn -0.59960000 -0.73030000 0.32720000
vn -0.59990000 -0.72930000 0.32880000
vn -0.60000000 -0.72930000 0.32880000
vn -0.59990000 -0.72950000 0.32870000
vn -0.59960000 -0.73100000 0.32570000
vn -0.59960000 -0.73100000 0.32560000
vn -0.59960000 -0.73110000 0.32560000
vn -0.59970000 -0.73100000 0.32560000
vn -0.59970000 -0.73100000 0.32560000
vn -0.59970000 -0.73090000 0.32570000
vn -0.60030000 -0.73120000 0.32420000
vn -0.60030000 -0.73110000 0.32420000
vn -0.59970000 -0.73160000 0.32440000
vn -0.59970000 -0.73150000 0.32450000
vn -0.60050000 -0.73100000 0.32410000
vn -0.59960000 -0.73170000 0.32420000
vn -0.59970000 -0.73170000 0.32410000
vn -0.59990000 -0.73150000 0.32410000
vn 0.65460000 -0.68630000 0.31710000
vn 0.65370000 -0.69210000 0.30620000
vn 0.65350000 -0.69250000 0.30560000
vn 0.65220000 -0.69420000 0.30430000
vn 0.65220000 -0.69430000 0.30430000
vn 0.65390000 -0.69180000 0.30630000
vn 0.65520000 -0.69010000 0.30730000
vn 0.65620000 -0.68430000 0.31800000
vn 0.65830000 -0.68140000 0.31990000
vn 0.65150000 -0.68970000 0.31590000
vn 0.66010000 -0.68030000 0.31860000
vn -0.00030000 -0.89750000 -0.44100000
vn -0.00030000 -0.89860000 -0.43870000
vn -0.00030000 -0.89870000 -0.43870000
vn -0.00020000 -0.90070000 -0.43440000
vn -0.00030000 -0.89690000 -0.44220000
vn -0.00040000 -0.89690000 -0.44220000
vn -0.00040000 -0.89700000 -0.44210000
vn -0.00040000 -0.89770000 -0.44060000
vn -0.00040000 -0.89770000 -0.44070000
vn -0.00070000 -0.89750000 -0.44110000
vn -0.00020000 -0.89910000 -0.43770000
vn -0.00020000 -0.89490000 -0.44620000
vn -0.00030000 -0.89880000 -0.43840000
vn -0.00040000 -0.89880000 -0.43830000
vn -0.00030000 -0.90080000 -0.43420000
vn -0.00020000 -0.89940000 -0.43720000
vn 0.93780000 -0.32870000 0.11190000
vn 0.81370000 -0.55090000 0.18560000
vn 0.92900000 -0.34870000 0.12380000
vn 0.80890000 -0.55070000 0.20590000
vn 0.93470000 -0.33400000 0.12150000
vn 0.89560000 -0.41700000 0.15490000
vn 0.94040000 -0.31910000 0.11780000
vn 0.89930000 -0.40910000 0.15480000
vn 0.94610000 -0.30160000 0.11830000
vn 0.90260000 -0.39760000 0.16480000
vn 0.94760000 -0.29210000 0.12940000
vn 0.91540000 -0.38840000 0.10570000
vn 0.93830000 -0.27430000 -0.21070000
vn 0.92150000 -0.38470000 -0.05260000
vn 0.82550000 -0.41840000 -0.37890000
vn 0.76410000 -0.58210000 -0.27810000
vn 0.56940000 -0.62920000 -0.52910000
vn 0.36510000 -0.91630000 -0.16460000
vn 0.18510000 -0.93460000 -0.30380000
vn 0.01340000 -0.97790000 0.20870000
vn -0.03650000 -0.98000000 0.19540000
vn -0.03120000 -0.94950000 0.31210000
vn -0.02300000 -0.97950000 0.20030000
vn 0.56950000 -0.77900000 0.26220000
vn 0.52600000 -0.79600000 0.29950000
vn 0.53080000 -0.79140000 0.30320000
vn 0.08620000 -0.93110000 0.35440000
vn 0.03770000 -0.92840000 0.36960000
vn -0.27220000 -0.89330000 0.35760000
vn -0.01910000 -0.92630000 0.37640000
vn -0.25940000 -0.89050000 0.37380000
vn -0.21620000 -0.89050000 0.40040000
vn -0.38670000 -0.80450000 0.45080000
vn -0.14130000 -0.89230000 0.42870000
vn -0.06480000 -0.91840000 0.39040000
vn 0.05570000 -0.94620000 0.31890000
vn 0.04080000 -0.96160000 0.27130000
vn 0.49080000 -0.87130000 0.00720000
vn 0.11470000 -0.94080000 0.31890000
vn -0.02650000 -0.94320000 0.33130000
vn -0.03200000 -0.94140000 0.33590000
vn -0.04410000 -0.93920000 0.34050000
vn -0.06010000 -0.93660000 0.34530000
vn -0.03610000 -0.94450000 0.32640000
vn 0.01930000 -0.94670000 0.32140000
vn -0.06980000 -0.94450000 0.32110000
vn 0.08620000 -0.93210000 0.35170000
vn -0.07190000 -0.93400000 0.35010000
vn -0.08180000 -0.91380000 0.39790000
vn -0.04600000 -0.92630000 0.37380000
vn -0.03150000 -0.94090000 0.33720000
vn -0.05040000 -0.93020000 0.36370000
vn -0.04350000 -0.94170000 0.33350000
vn -0.03880000 -0.94340000 0.32940000
vn -0.03600000 -0.96690000 0.25260000
vn -0.03480000 -0.91220000 0.40820000
vn -0.03190000 -0.90920000 0.41510000
vn -0.02990000 -0.91020000 0.41300000
vn -0.02690000 -0.96530000 0.25990000
vn -0.03600000 -0.96190000 -0.27110000
vn -0.01800000 -0.96610000 -0.25770000
vn -0.02480000 -0.67680000 -0.73570000
vn -0.00310000 -0.69600000 -0.71800000
vn -0.01660000 -0.47610000 -0.87920000
vn 0.00410000 -0.50180000 -0.86500000
vn -0.00620000 -0.33760000 -0.94130000
vn 0.00050000 -0.37480000 -0.92710000
vn 0.00220000 -0.43820000 -0.89890000
vn 0.00710000 -0.34940000 -0.93700000
vn 0.00400000 -0.33820000 -0.94110000
vn -0.00350000 -0.30120000 -0.95360000
vn -0.00070000 -0.27520000 -0.96140000
vn 0.00060000 0.04650000 -0.99890000
vn 0.00340000 -0.00670000 -1.00000000
vn 0.00490000 -0.16520000 -0.98630000
vn -0.00240000 -0.42350000 -0.90590000
vn 0.00780000 -0.33930000 -0.94060000
vn -0.02540000 -0.92760000 0.37260000
vn -0.01600000 -0.99920000 0.03730000
vn -0.01460000 -0.95450000 -0.29780000
vn -0.00970000 -0.64440000 -0.76470000
vn -0.01060000 -0.97170000 0.23590000
vn -0.01050000 -0.92380000 0.38280000
vn 0.01770000 -0.99750000 0.06840000
vn -0.01050000 0.59230000 0.80560000
vn 0.01090000 -0.96090000 -0.27660000
vn -0.00530000 -0.26100000 -0.96530000
vn -0.01000000 -0.38290000 -0.92370000
vn -0.00920000 -0.31910000 -0.94770000
vn -0.01030000 -0.33540000 -0.94200000
vn 0.00690000 -0.30030000 -0.95380000
vn 0.04650000 -0.42650000 -0.90330000
vn 0.04410000 -0.26740000 -0.96260000
vn 0.07940000 -0.26330000 -0.96140000
vn -0.00270000 -0.09600000 -0.99540000
vn 0.16840000 -0.30090000 -0.93870000
vn 0.32500000 -0.45210000 -0.83060000
vn 0.03300000 -0.62300000 -0.78150000
vn 0.29900000 -0.63740000 -0.71010000
vn -0.00340000 -0.93950000 -0.34260000
vn 0.33490000 -0.32010000 -0.88620000
vn 0.54330000 -0.34310000 -0.76620000
vn 0.61110000 -0.46440000 -0.64110000
vn 0.62490000 -0.34340000 -0.70110000
vn 0.65060000 -0.34180000 -0.67810000
vn 0.67320000 -0.33750000 -0.65800000
vn 0.81420000 -0.54260000 0.20670000
vn 0.81440000 -0.53710000 0.21950000
vn 0.51160000 -0.79700000 0.32090000
vn 0.82540000 -0.53750000 0.17260000
vn 0.49350000 -0.81470000 0.30450000
vn 0.84300000 -0.53710000 0.03000000
vn 0.52350000 -0.82390000 0.21690000
vn 0.01770000 -0.93020000 0.36670000
vn 0.83150000 -0.28340000 0.47780000
vn 0.51950000 -0.28690000 0.80490000
vn 0.64620000 -0.34400000 0.68130000
vn 0.42820000 -0.49760000 0.75430000
vn 0.40240000 -0.69680000 0.59380000
vn 0.10030000 -0.89160000 0.44150000
vn 0.00840000 -0.94090000 0.33850000
vn -0.00490000 -0.94780000 0.31880000
vn 0.00480000 -0.94290000 0.33310000
vn -0.00010000 -0.94610000 0.32380000
vn 0.01300000 -0.93960000 0.34210000
vn 0.50670000 -0.71390000 0.48340000
vn 0.79900000 -0.35270000 0.48700000
vn 0.90630000 -0.35740000 0.22580000
vn 0.93810000 -0.31430000 0.14550000
vn 0.90310000 -0.39590000 0.16660000
vn 0.93680000 -0.32600000 0.12710000
vn 0.90180000 -0.40240000 0.15740000
vn 0.93690000 -0.33030000 0.11480000
vn 0.90200000 -0.40810000 0.14130000
vn 0.90480000 -0.40270000 0.13860000
vn 0.59130000 -0.75650000 0.27940000
vn 0.62510000 -0.72860000 0.27980000
vn 0.00510000 -0.93960000 0.34230000
vn 0.58380000 -0.76200000 0.28030000
vn 0.57960000 -0.76240000 0.28780000
vn 0.59060000 -0.73780000 0.32700000
vn 0.95000000 -0.29440000 0.10370000
vn 0.94030000 -0.32310000 0.10690000
vn 0.58150000 -0.75910000 0.29260000
vn 0.67320000 -0.68960000 0.26680000
vn 0.67140000 -0.68520000 0.28240000
vn 0.67110000 -0.68550000 0.28240000
vn 0.67220000 -0.68410000 0.28300000
vn 0.67220000 -0.68420000 0.28300000
vn 0.67070000 -0.68540000 0.28360000
vn 0.67060000 -0.68550000 0.28360000
vn 0.66990000 -0.68600000 0.28390000
vn -0.06920000 -0.93770000 0.34040000
vn -0.58230000 -0.76150000 0.28480000
vn -0.04960000 -0.93520000 0.35060000
vn -0.57840000 -0.75830000 0.30060000
vn -0.08690000 -0.92670000 0.36570000
vn -0.57980000 -0.75520000 0.30590000
vn -0.10500000 -0.92130000 0.37450000
vn -0.04270000 -0.92480000 0.37820000
vn -0.49040000 -0.77460000 0.39930000
vn -0.38440000 -0.71000000 0.59000000
vn -0.65160000 -0.35860000 0.66850000
vn -0.23340000 -0.32420000 0.91670000
vn -0.61070000 -0.26260000 0.74700000
vn -0.27910000 -0.26190000 0.92390000
vn -0.58000000 -0.76690000 0.27480000
vn -0.08750000 -0.93990000 0.33020000
vn -0.07520000 -0.94410000 0.32090000
vn -0.02120000 -0.94680000 0.32110000
vn -0.04070000 -0.94620000 0.32100000
vn -0.18200000 -0.93130000 0.31560000
vn -0.50090000 -0.82030000 0.27620000
vn -0.88060000 -0.44630000 0.15950000
vn -0.94840000 -0.30050000 0.10150000
vn -0.94680000 -0.30430000 0.10450000
vn -0.94700000 -0.30400000 0.10370000
vn -0.94830000 -0.29980000 0.10400000
vn -0.95360000 -0.28370000 0.10040000
vn -0.95520000 -0.27830000 0.10070000
vn -0.94970000 -0.29370000 0.10890000
vn -0.94880000 -0.29600000 0.11060000
vn -0.88510000 -0.43590000 0.16280000
vn -0.95690000 -0.27110000 0.10390000
vn -0.90710000 -0.39120000 0.15550000
vn -0.95780000 -0.26790000 0.10440000
vn -0.95790000 -0.26660000 0.10680000
vn -0.95380000 -0.27900000 0.11190000
vn -0.92530000 -0.35420000 0.13510000
vn -0.93680000 -0.30090000 0.17860000
vn -0.85230000 -0.41950000 0.31230000
vn -0.84490000 -0.33580000 0.41640000
vn -0.08030000 -0.23300000 0.96920000
vn -0.04190000 -0.33500000 0.94130000
vn -0.15770000 -0.68610000 0.71020000
vn -0.04900000 -0.66090000 0.74890000
vn -0.04090000 -0.93470000 0.35310000
vn -0.03940000 -0.92310000 0.38260000
vn -0.03580000 -0.90900000 0.41530000
vn -0.02540000 -0.65380000 0.75630000
vn -0.03170000 -0.92340000 0.38250000
vn -0.02450000 -0.92080000 0.38920000
vn -0.01440000 -0.74600000 0.66580000
vn -0.01800000 -0.91250000 0.40870000
vn -0.00950000 -0.92530000 0.37920000
vn -0.03670000 -0.23460000 0.97140000
vn -0.01620000 -0.25840000 0.96590000
vn -0.01970000 -0.39720000 0.91750000
vn -0.01650000 -0.27940000 0.96000000
vn -0.01400000 -0.26880000 0.96310000
vn -0.01070000 -0.24670000 0.96900000
vn -0.00770000 -0.18860000 0.98200000
vn -0.00830000 -0.30560000 0.95210000
vn -0.01960000 -0.56160000 0.82720000
vn -0.05150000 -0.92200000 0.38380000
vn -0.03410000 -0.23970000 0.97020000
vn -0.03640000 -0.28830000 0.95680000
vn -0.03550000 -0.26410000 0.96380000
vn -0.03540000 -0.26710000 0.96300000
vn -0.04660000 -0.50770000 0.86030000
vn -0.05720000 -0.79130000 0.60870000
vn -0.05480000 -0.71620000 0.69580000
vn -0.05870000 -0.87730000 0.47620000
vn -0.05960000 -0.88530000 0.46130000
vn 0.09030000 0.89370000 0.43960000
vn -0.06220000 -0.89610000 0.43940000
vn -0.05940000 -0.89340000 0.44530000
vn -0.05700000 -0.88430000 0.46350000
vn -0.05950000 -0.87600000 0.47860000
vn -0.07900000 -0.85760000 0.50820000
vn -0.05750000 -0.89520000 0.44190000
vn 0.00410000 -0.23880000 0.97100000
vn 0.01270000 -0.24890000 0.96840000
vn 0.00550000 -0.59000000 0.80740000
vn 0.01910000 -0.32060000 0.94700000
vn 0.02810000 -0.65980000 0.75090000
vn 0.01880000 -0.29980000 0.95380000
vn 0.03020000 -0.65060000 0.75880000
vn 0.02060000 -0.30700000 0.95150000
vn 0.03410000 -0.64700000 0.76170000
vn 0.02430000 -0.27260000 0.96180000
vn 0.04050000 -0.62910000 0.77620000
vn 0.21470000 -0.31820000 0.92340000
vn 0.15180000 -0.63120000 0.76060000
vn 0.43440000 -0.55010000 0.71320000
vn 0.04970000 -0.92310000 0.38140000
vn 0.01680000 -0.24750000 0.96870000
vn 0.01810000 -0.20610000 0.97840000
vn 0.10640000 -0.23480000 0.96620000
vn 0.55760000 -0.26730000 0.78590000
vn 0.03290000 -0.94250000 0.33260000
vn 0.04420000 -0.93070000 0.36310000
vn 0.04100000 -0.91620000 0.39850000
vn 0.02520000 -0.89800000 0.43930000
vn 0.00950000 -0.92210000 0.38680000
vn -0.95700000 -0.26830000 0.11030000
vn -0.65150000 -0.69950000 0.29380000
vn -0.95140000 -0.28600000 0.11450000
vn -0.96110000 -0.25860000 0.09740000
vn -0.69510000 -0.67130000 0.25740000
vn -0.97320000 -0.22120000 0.06300000
vn -0.70330000 -0.67170000 0.23270000
vn -0.70110000 -0.68760000 0.18880000
vn -0.35850000 -0.87800000 0.31710000
vn -0.33060000 -0.89600000 0.29640000
vn 0.00210000 -0.93890000 0.34420000
vn -0.03450000 -0.94340000 0.32980000
vn 0.00990000 -0.92330000 0.38390000
vn -0.05030000 -0.92510000 0.37650000
vn -0.37990000 -0.86320000 0.33240000
vn -0.06790000 -0.92700000 0.36880000
vn -0.05680000 -0.93120000 0.36020000
vn 0.00930000 -0.93490000 0.35480000
vn 0.04580000 -0.93600000 0.34910000
vn 0.01510000 -0.93600000 0.35170000
vn 0.00880000 -0.93680000 0.34990000
vn 0.01980000 -0.94070000 0.33850000
vn 0.00210000 -0.94630000 0.32320000
vn -0.36390000 -0.91250000 0.18680000
vn -0.69100000 -0.72280000 -0.00730000
vn -0.78240000 -0.31890000 -0.53500000
vn 0.00780000 -0.95370000 0.30080000
vn 0.01610000 -0.95070000 0.30970000
vn -0.01030000 -0.99320000 -0.11550000
vn 0.02680000 -0.99030000 -0.13670000
vn 0.01810000 -0.83590000 -0.54860000
vn 0.08730000 -0.85790000 -0.50640000
vn -0.00810000 -0.32690000 -0.94500000
vn 0.05070000 -0.35890000 -0.93200000
vn 0.24800000 -0.33750000 -0.90810000
vn 0.42540000 -0.80480000 -0.41390000
vn 0.80110000 -0.31780000 -0.50730000
vn 0.63510000 -0.75740000 -0.15160000
vn 0.70090000 -0.71070000 0.05960000
vn 0.36570000 -0.92470000 0.10580000
vn 0.37650000 -0.89770000 0.22880000
vn 0.04700000 -0.94450000 0.32520000
vn 0.01490000 -0.90760000 0.41950000
vn 0.03660000 -0.94850000 0.31470000
vn -0.06840000 -0.93340000 0.35220000
vn 0.01970000 -0.99940000 -0.02690000
vn 0.02940000 -0.94090000 0.33730000
vn 0.03080000 -0.95050000 0.30920000
vn 0.04510000 -0.96060000 0.27430000
vn 0.07350000 -0.99400000 -0.08140000
vn 0.05040000 -0.94510000 0.32270000
vn 0.26680000 -0.96300000 -0.03870000
vn 0.08600000 -0.94210000 0.32400000
vn 0.00050000 -0.93590000 0.35230000
vn 0.02240000 -0.93590000 0.35150000
vn 0.41800000 -0.85350000 0.31120000
vn 0.07340000 -0.92910000 0.36240000
vn 0.06280000 -0.92970000 0.36290000
vn 0.06490000 -0.92810000 0.36670000
vn 0.08530000 -0.92630000 0.36700000
vn 0.19730000 -0.90810000 0.36930000
vn 0.08060000 -0.92420000 0.37330000
vn 0.17840000 -0.90530000 0.38550000
vn 0.10540000 -0.91660000 0.38580000
vn 0.10370000 -0.91370000 0.39300000
vn 0.10470000 -0.91440000 0.39110000
vn 0.05030000 -0.92300000 0.38160000
vn 0.37460000 -0.78380000 0.49530000
vn 0.42200000 -0.54710000 0.72290000
vn 0.55610000 -0.26390000 0.78810000
vn 0.65230000 -0.53790000 0.53400000
vn 0.76950000 -0.26720000 0.58000000
vn 0.93970000 -0.25530000 0.22750000
vn 0.76190000 -0.56010000 0.32540000
vn 0.94150000 -0.32170000 0.10080000
vn 0.72800000 -0.62140000 0.28980000
vn 0.94490000 -0.29330000 0.14530000
vn 0.76100000 -0.60380000 0.23740000
vn 0.94760000 -0.29790000 0.11500000
vn 0.75380000 -0.61190000 0.23950000
vn 0.74350000 -0.63140000 0.22020000
vn 0.43730000 -0.83770000 0.32710000
vn 0.97510000 -0.20780000 0.07690000
vn -0.00780000 -0.31710000 -0.94830000
vn -0.00100000 -0.33760000 -0.94130000
vn -0.00130000 -0.33670000 -0.94160000
vn 0.00510000 -0.32520000 -0.94560000
vn -0.03350000 -0.84220000 -0.53810000
vn -0.28750000 -0.95770000 -0.01060000
vn -0.00140000 -0.33950000 -0.94060000
vn -0.16160000 -0.32990000 -0.93010000
vn -0.51020000 -0.79050000 -0.33890000
vn -0.42200000 -0.33520000 -0.84240000
vn 0.43780000 -0.83610000 0.33060000
vn 0.40810000 -0.84060000 0.35620000
vn 0.43410000 -0.81200000 0.39010000
vn -0.00030000 -0.94450000 0.32840000
vn -0.00040000 -0.94540000 0.32600000
vn -0.00480000 -0.94410000 0.32950000
vn -0.00850000 -0.94050000 0.33980000
vn -0.00010000 -0.92800000 0.37260000
vn -0.00920000 -0.93350000 0.35830000
vn -0.00870000 -0.92800000 0.37250000
vn -0.00920000 -0.92330000 0.38390000
vn -0.00910000 -0.92290000 0.38480000
vn 0.00890000 -0.92610000 0.37710000
vn 0.00890000 -0.92300000 0.38470000
vn 0.00020000 -0.94550000 0.32560000
vn 0.01150000 -0.94140000 0.33720000
vn 0.00970000 -0.94020000 0.34040000
vn 0.00910000 -0.93940000 0.34270000
vn 0.00090000 -0.94600000 0.32430000
vn 0.01060000 -0.94740000 0.31980000
vn 0.01510000 -0.94180000 0.33580000
vn 0.02140000 -0.94750000 0.31910000
vn 0.01980000 -0.94190000 0.33530000
vn 0.02910000 -0.94160000 0.33550000
vn 0.02840000 -0.94730000 0.31910000
vn 0.03330000 -0.94720000 0.31900000
vn 0.04140000 -0.94110000 0.33550000
vn 0.04300000 -0.94680000 0.31880000
vn 0.04540000 -0.94080000 0.33590000
vn 0.04970000 -0.94630000 0.31950000
vn 0.05530000 -0.94530000 0.32150000
vn 0.06030000 -0.94400000 0.32450000
vn 0.06550000 -0.94130000 0.33130000
vn 0.04880000 -0.93990000 0.33800000
vn 0.06790000 -0.93840000 0.33890000
vn 0.05050000 -0.93810000 0.34280000
vn 0.06810000 -0.93740000 0.34150000
vn 0.06820000 -0.93470000 0.34890000
vn 0.06810000 -0.92980000 0.36180000
vn 0.05050000 -0.93090000 0.36190000
vn 0.05040000 -0.93570000 0.34910000
vn 0.05120000 -0.92660000 0.37260000
vn 0.06830000 -0.92340000 0.37780000
vn 0.05050000 -0.92450000 0.37790000
vn 0.04980000 -0.92360000 0.38000000
vn 0.06610000 -0.91990000 0.38650000
vn 0.04800000 -0.92260000 0.38270000
vn 0.06090000 -0.91710000 0.39400000
vn 0.06000000 -0.91670000 0.39510000
vn 0.06790000 -0.92130000 0.38290000
vn 0.05880000 -0.91670000 0.39520000
vn 0.05740000 -0.91650000 0.39590000
vn 0.05550000 -0.91590000 0.39740000
vn 0.04530000 -0.92210000 0.38420000
vn 0.05480000 -0.91580000 0.39780000
vn 0.04480000 -0.91520000 0.40050000
vn 0.03220000 -0.91560000 0.40080000
vn 0.03860000 -0.92230000 0.38460000
vn 0.04220000 -0.92210000 0.38450000
vn 0.02380000 -0.92280000 0.38470000
vn 0.02730000 -0.91580000 0.40070000
vn 0.02170000 -0.91590000 0.40070000
vn 0.01440000 -0.91610000 0.40080000
vn 0.01000000 -0.91610000 0.40080000
vn 0.00920000 -0.91610000 0.40080000
vn 0.00910000 -0.91240000 0.40910000
vn -0.00890000 -0.91580000 0.40150000
vn 0.00910000 -0.90870000 0.41730000
vn -0.00300000 -0.90500000 0.42550000
vn -0.00900000 -0.90490000 0.42550000
vn 0.00900000 -0.90500000 0.42540000
vn 0.00300000 -0.90500000 0.42530000
vn -0.00650000 -0.91610000 0.40090000
vn -0.00990000 -0.91610000 0.40080000
vn -0.00980000 -0.91610000 0.40080000
vn -0.01610000 -0.92290000 0.38470000
vn -0.02440000 -0.91590000 0.40070000
vn -0.02320000 -0.92270000 0.38470000
vn -0.02740000 -0.91580000 0.40070000
vn -0.03030000 -0.92260000 0.38460000
vn -0.02990000 -0.91570000 0.40070000
vn -0.03270000 -0.91560000 0.40080000
vn -0.03380000 -0.92250000 0.38450000
vn -0.03800000 -0.91540000 0.40070000
vn -0.03720000 -0.92240000 0.38450000
vn -0.04140000 -0.91530000 0.40070000
vn -0.04370000 -0.92210000 0.38440000
vn -0.04470000 -0.91520000 0.40050000
vn -0.04820000 -0.91520000 0.40010000
vn -0.05170000 -0.91550000 0.39890000
vn -0.05550000 -0.91600000 0.39720000
vn -0.04850000 -0.92290000 0.38210000
vn -0.05910000 -0.91690000 0.39480000
vn -0.05970000 -0.91680000 0.39480000
vn -0.06020000 -0.91680000 0.39470000
vn -0.06660000 -0.92100000 0.38390000
vn -0.05030000 -0.92420000 0.37850000
vn -0.06810000 -0.92580000 0.37190000
vn -0.05040000 -0.92590000 0.37430000
vn -0.05040000 -0.92950000 0.36540000
vn -0.06810000 -0.93510000 0.34780000
vn -0.05040000 -0.93590000 0.34880000
vn -0.06810000 -0.93700000 0.34270000
vn -0.05040000 -0.93950000 0.33870000
vn -0.06810000 -0.93890000 0.33750000
vn -0.06820000 -0.94060000 0.33260000
vn -0.05040000 -0.94310000 0.32870000
vn -0.06820000 -0.94220000 0.32790000
vn -0.05630000 -0.94630000 0.31850000
vn -0.06220000 -0.94590000 0.31840000
vn -0.06830000 -0.94380000 0.32330000
vn -0.06820000 -0.94540000 0.31860000
vn -0.05040000 -0.94660000 0.31860000
vn 0.05070000 -0.92690000 0.37200000
vn 0.05110000 -0.92930000 0.36580000
vn 0.00900000 -0.93780000 0.34720000
vn 0.00880000 -0.93660000 0.35040000
vn 0.00890000 -0.92910000 0.36960000
vn -0.00180000 -0.93510000 0.35430000
vn 0.94870000 -0.29360000 0.11740000
vn 0.94780000 -0.29240000 0.12710000
vn 0.94870000 -0.29350000 0.11790000
vn 0.94520000 -0.29250000 0.14530000
vn 0.94560000 -0.29290000 0.14150000
vn 0.91940000 -0.28620000 0.26980000
vn 0.92830000 -0.28660000 0.23700000
vn 0.76480000 -0.26790000 0.58590000
vn 0.94630000 -0.29400000 0.13410000
vn 0.73670000 -0.26480000 0.62210000
vn 0.56200000 -0.25550000 0.78670000
vn 0.29510000 -0.26760000 0.91720000
vn 0.10880000 -0.27760000 0.95450000
vn 0.01490000 -0.27550000 0.96120000
vn 0.01630000 -0.26780000 0.96330000
vn 0.01590000 -0.26770000 0.96340000
vn 0.01600000 -0.26770000 0.96340000
vn 0.01740000 -0.26810000 0.96320000
vn 0.01740000 -0.26820000 0.96320000
vn 0.00510000 -0.27050000 0.96270000
vn 0.01300000 -0.27060000 0.96260000
vn 0.00420000 -0.27100000 0.96260000
vn 0.01700000 -0.27690000 0.96080000
vn 0.21030000 -0.24320000 0.94690000
vn 0.70290000 -0.26440000 0.66030000
vn 0.94640000 -0.30160000 0.11550000
vn 0.94870000 -0.29490000 0.11360000
vn 0.94700000 -0.30150000 0.11090000
vn 0.94870000 -0.29540000 0.11240000
vn 0.94670000 -0.30450000 0.10530000
vn 0.97750000 -0.20420000 -0.05230000
vn 0.91800000 -0.30850000 -0.24910000
vn 0.77880000 -0.31900000 -0.54010000
vn 0.59620000 -0.32620000 -0.73360000
vn 0.26630000 -0.36100000 -0.89370000
vn 0.34870000 -0.33400000 -0.87570000
vn 0.04420000 -0.35210000 -0.93490000
vn 0.06700000 -0.34950000 -0.93450000
vn 0.02260000 -0.34200000 -0.93940000
vn 0.00400000 -0.34170000 -0.93980000
vn 0.00250000 -0.33120000 -0.94360000
vn -0.00550000 -0.27040000 -0.96270000
vn -0.00150000 -0.34840000 -0.93730000
vn 0.00240000 -0.32470000 -0.94580000
vn 0.00110000 -0.36520000 -0.93090000
vn -0.00960000 -0.30450000 -0.95250000
vn -0.00350000 -0.32820000 -0.94460000
vn -0.15540000 -0.32710000 -0.93210000
vn -0.45530000 -0.33360000 -0.82550000
vn -0.47060000 -0.32650000 -0.81970000
vn -0.73970000 -0.32350000 -0.59010000
vn -0.84150000 -0.31880000 -0.43610000
vn -0.94590000 -0.30920000 0.09800000
vn -0.94650000 -0.30970000 0.09050000
vn -0.94650000 -0.30340000 0.10980000
vn -0.94600000 -0.30270000 0.11640000
vn -0.94600000 -0.30260000 0.11640000
vn -0.94580000 -0.30310000 0.11650000
vn -0.94620000 -0.30220000 0.11620000
vn -0.94610000 -0.30220000 0.11620000
vn -0.94570000 -0.30370000 0.11550000
vn -0.94580000 -0.30370000 0.11540000
vn -0.94570000 -0.30370000 0.11540000
vn -0.94630000 -0.30200000 0.11560000
vn -0.94630000 -0.30190000 0.11560000
vn -0.94600000 -0.30300000 0.11530000
vn -0.94600000 -0.30300000 0.11520000
vn -0.94610000 -0.30270000 0.11500000
vn 0.75730000 -0.27640000 -0.59170000
vn 0.52770000 -0.30310000 -0.79350000
vn 0.04110000 -0.28220000 -0.95850000
vn -0.30370000 -0.30610000 -0.90230000
vn -0.81810000 -0.31480000 -0.48130000
vn -0.94620000 -0.30080000 0.11890000
vn -0.94630000 -0.30080000 0.11890000
vn -0.94610000 -0.30070000 0.12040000
vn -0.94630000 -0.29900000 0.12280000
vn -0.94610000 -0.29930000 0.12350000
vn 0.01160000 -0.92470000 0.38050000
vn 0.01160000 -0.92980000 0.36790000
vn 0.04020000 -0.92400000 0.38030000
vn 0.04780000 -0.92710000 0.37190000
vn 0.04690000 -0.92450000 0.37840000
vn 0.01150000 -0.93290000 0.35990000
vn 0.01810000 -0.94130000 0.33720000
vn 0.04790000 -0.93680000 0.34670000
vn 0.04720000 -0.93230000 0.35850000
vn 0.01180000 -0.93420000 0.35660000
vn 0.01160000 -0.93850000 0.34500000
vn 0.01530000 -0.94110000 0.33780000
vn 0.01260000 -0.94070000 0.33910000
vn 0.04360000 -0.94050000 0.33690000
vn 0.04780000 -0.93900000 0.34070000
vn 0.04690000 -0.93970000 0.33870000
vn 0.04530000 -0.94160000 0.33370000
vn 0.04390000 -0.92400000 0.37990000
vn -0.93950000 -0.34110000 0.03010000
vn -0.95120000 -0.28200000 0.12560000
vn -0.94600000 -0.29500000 0.13460000
vn -0.95380000 -0.27500000 0.12080000
vn -0.95380000 -0.27520000 0.12090000
vn -0.95530000 -0.27090000 0.11800000
vn -0.95620000 -0.26860000 0.11630000
vn -0.95700000 -0.26640000 0.11490000
vn -0.95830000 -0.26290000 0.11210000
vn -0.93960000 -0.30690000 0.15130000
vn 0.05830000 -0.32960000 -0.94230000
vn 0.00800000 -0.34240000 -0.93950000
vn 0.00810000 -0.34240000 -0.93950000
vn 0.01110000 -0.34320000 -0.93920000
vn 0.01120000 -0.34320000 -0.93920000
vn -0.00290000 -0.33620000 -0.94180000
vn 0.00150000 -0.33640000 -0.94170000
vn 0.05220000 -0.32890000 -0.94290000
vn 0.34580000 -0.33320000 -0.87720000
vn 0.34030000 -0.33270000 -0.87950000
vn 0.63130000 -0.32450000 -0.70440000
vn 0.63280000 -0.32400000 -0.70330000
vn 0.82620000 -0.32590000 -0.45970000
vn 0.83860000 -0.32430000 -0.43770000
vn 0.93520000 -0.33110000 -0.12510000
vn 0.94020000 -0.32400000 -0.10520000
vn 0.94870000 -0.31010000 0.06130000
vn 0.92850000 -0.31930000 -0.18950000
vn 0.94580000 -0.29700000 0.13140000
vn 0.94510000 -0.30070000 0.12770000
vn 0.94560000 -0.30320000 0.11770000
vn 0.94570000 -0.30490000 0.11290000
vn 0.94530000 -0.30570000 0.11430000
vn 0.94530000 -0.30560000 0.11430000
vn 0.94530000 -0.30560000 0.11410000
vn 0.94530000 -0.30570000 0.11410000
vn 0.94500000 -0.30730000 0.11210000
vn 0.94500000 -0.30780000 0.11040000
vn 0.94500000 -0.30770000 0.11040000
vn 0.94490000 -0.30850000 0.10930000
vn 0.94510000 -0.30970000 0.10430000
vn 0.94490000 -0.30990000 0.10510000
vn 0.94510000 -0.30060000 0.12770000
vn 0.94560000 -0.30380000 0.11610000
vn 0.94530000 -0.30570000 0.11390000
vn 0.67670000 -0.32170000 -0.66230000
vn 0.65410000 -0.32440000 -0.68330000
vn 0.63200000 -0.32320000 -0.70430000
vn 0.55730000 -0.32750000 -0.76300000
vn 0.33520000 -0.33210000 -0.88170000
vn 0.11630000 -0.32690000 -0.93790000
vn 0.05470000 -0.32760000 -0.94320000
vn 0.04200000 -0.33070000 -0.94280000
vn 0.02370000 -0.33800000 -0.94080000
vn 0.01530000 -0.34020000 -0.94020000
vn 0.00870000 -0.34480000 -0.93860000
vn 0.00550000 -0.34060000 -0.94020000
vn 0.00250000 -0.34260000 -0.93950000
vn 0.00230000 -0.34400000 -0.93900000
vn -0.00190000 -0.44490000 -0.89560000
vn -0.00370000 -0.33940000 -0.94060000
vn -0.02140000 -0.93440000 -0.35560000
vn 0.00070000 -0.25070000 -0.96810000
vn -0.10350000 0.92430000 -0.36740000
vn -0.00520000 -0.00590000 -1.00000000
vn 0.00450000 -0.34140000 -0.93990000
vn 0.00870000 -0.34500000 -0.93860000
vn 0.00910000 -0.34610000 -0.93820000
vn 0.94620000 -0.29680000 0.12910000
vn 0.94570000 -0.29510000 0.13630000
vn 0.94620000 -0.29680000 0.12900000
vn 0.94610000 -0.29380000 0.13640000
vn 0.94610000 -0.29370000 0.13640000
vn 0.94510000 -0.29700000 0.13650000
vn 0.00050000 -0.33660000 -0.94170000
vn 0.00010000 -0.33960000 -0.94060000
vn -0.00000000 -0.33780000 -0.94120000
vn 0.00050000 -0.33660000 -0.94160000
vn 0.00010000 -0.33770000 -0.94130000
vn 0.00070000 -0.33650000 -0.94170000
vn 0.00010000 -0.33940000 -0.94060000
vn -0.00010000 -0.33790000 -0.94120000
vn -0.00030000 -0.34000000 -0.94040000
vn -0.00040000 -0.33990000 -0.94050000
vn -0.00040000 -0.33980000 -0.94050000
vn -0.00000000 -0.33770000 -0.94120000
vn -0.00000000 -0.33780000 -0.94120000
vn -0.00090000 -0.33890000 -0.94080000
vn -0.00380000 -0.33980000 -0.94050000
vn 0.00120000 -0.34050000 -0.94020000
vn -0.00090000 -0.34310000 -0.93930000
vn -0.08560000 -0.92540000 0.36920000
vn -0.09140000 -0.89240000 0.44190000
vn -0.09460000 -0.74580000 0.65940000
vn -0.08180000 -0.59690000 0.79820000
vn -0.09290000 -0.48230000 0.87110000
vn -0.05850000 -0.22650000 0.97230000
vn -0.08070000 -0.16320000 0.98330000
vn 0.09010000 -0.88460000 0.45750000
vn 0.06280000 -0.86840000 0.49200000
vn 0.08360000 -0.72160000 0.68730000
vn 0.02170000 -0.63510000 0.77210000
vn 0.07050000 -0.50280000 0.86150000
vn 0.02820000 -0.24710000 0.96860000
vn 0.05210000 -0.24540000 0.96800000
vn 0.03390000 -0.88410000 0.46600000
vn 0.02430000 -0.89700000 0.44140000
vn 0.01750000 -0.90920000 0.41590000
vn 0.01080000 -0.90390000 0.42760000
vn 0.00050000 -0.91360000 0.40650000
vn -0.01730000 -0.91570000 0.40150000
vn -0.02730000 -0.91040000 0.41280000
vn -0.04470000 -0.63980000 0.76720000
vn 0.00050000 -0.20490000 0.97880000
vn -0.02790000 -0.18070000 0.98310000
vn -0.03070000 -0.17100000 0.98480000
vn -0.08640000 -0.47890000 0.87360000
vn -0.07080000 -0.15860000 0.98480000
vn -0.03390000 -0.90680000 0.42020000
vn -0.06560000 -0.91590000 0.39600000
vn -0.06420000 -0.92850000 0.36560000
vn -0.07200000 -0.92820000 0.36500000
vn -0.09170000 -0.74200000 0.66410000
vn -0.08530000 -0.92690000 0.36540000
vn -0.08570000 -0.93390000 0.34710000
vn 0.01300000 -0.22590000 0.97410000
vn 0.09500000 -0.88740000 0.45110000
vn 0.09450000 -0.87890000 0.46750000
vn 0.08200000 -0.72410000 0.68480000
vn 0.09190000 -0.88710000 0.45240000
vn 0.08790000 -0.72130000 0.68700000
vn 0.09090000 -0.88410000 0.45830000
vn 0.09130000 -0.88350000 0.45940000
vn 0.06190000 -0.50930000 0.85840000
vn 0.07920000 -0.50260000 0.86090000
vn 0.03680000 -0.25800000 0.96550000
vn 0.06450000 -0.24190000 0.96820000
vn 0.00390000 -1.00000000 -0.00390000
vn -0.00140000 -1.00000000 0.00170000
vn 0.34860000 -0.86090000 -0.37050000
vn 0.29800000 -0.87050000 -0.39180000
vn -0.00170000 -1.00000000 0.00220000
vn 0.00140000 -1.00000000 -0.00210000
vn 0.00200000 -1.00000000 -0.00360000
vn 0.25230000 -0.87450000 -0.41430000
vn 0.27540000 -0.87230000 -0.40400000
vn 0.21760000 -0.88090000 -0.42020000
vn -0.00190000 -1.00000000 0.00360000
vn 0.21410000 -0.88180000 -0.42010000
vn 0.21040000 -0.88290000 -0.41980000
vn 0.20670000 -0.88400000 -0.41930000
vn 0.22020000 -0.87910000 -0.42260000
vn 0.21350000 -0.87960000 -0.42510000
vn 0.20390000 -0.88010000 -0.42880000
vn 0.21030000 -0.87980000 -0.42630000
vn 0.20710000 -0.87990000 -0.42770000
vn 0.27830000 -0.87300000 -0.40050000
vn 0.25070000 -0.87640000 -0.41120000
vn 0.21670000 -0.87940000 -0.42380000
vn 0.33200000 -0.86340000 -0.37990000
vn 0.29960000 -0.86960000 -0.39240000
vn 0.27520000 -0.87350000 -0.40170000
vn 0.34300000 -0.86100000 -0.37550000
vn 0.34650000 -0.86020000 -0.37420000
vn -0.00000000 -1.00000000 -0.00000000
vn -0.00000000 -1.00000000 -0.00000000
vn -0.00000000 -1.00000000 -0.00000000
vn -0.00000000 -1.00000000 -0.00000000
vn -0.00000000 -1.00000000 -0.00000000
vn -0.00000000 -1.00000000 -0.00000000
vn -0.00000000 -1.00000000 -0.00000000
vn -0.00000000 -1.00000000 -0.00000000
vn -0.00000000 -1.00000000 -0.00000000
vn -0.00000000 -1.00000000 -0.00000000
vn -0.00000000 -1.00000000 -0.00000000
vn -0.00000000 -1.00000000 -0.00000000
vn -0.00000000 -1.00000000 -0.00000000
vn -0.00000000 -1.00000000 -0.00000000
vn -0.00000000 -1.00000000 -0.00000000
vn -0.00000000 -1.00000000 -0.00000000
vn 0.38260000 -0.02610000 -0.92360000
vn 0.38260000 -0.02610000 -0.92350000
vn -0.00000000 -0.02510000 -0.99970000
vn 0.00010000 -0.02620000 -0.99970000
vn -0.00000000 -0.02610000 -0.99970000
vn -0.00000000 -0.02510000 -0.99970000
vn -0.38260000 -0.02610000 -0.92360000
vn -0.38260000 -0.02610000 -0.92350000
vn -0.70690000 -0.02620000 -0.70680000
vn -0.70690000 -0.02620000 -0.70680000
vn -0.92360000 -0.02620000 -0.38260000
vn -0.92360000 -0.02620000 -0.38260000
vn -0.99970000 -0.02620000 -0.00000000
vn -0.99970000 -0.02620000 -0.00000000
vn -0.92360000 -0.02620000 0.38260000
vn -0.92360000 -0.02620000 0.38260000
vn -0.70690000 -0.02620000 0.70690000
vn -0.70690000 -0.02620000 0.70690000
vn -0.38250000 -0.02610000 0.92360000
vn -0.38250000 -0.02610000 0.92360000
vn -0.00000000 -0.02610000 0.99970000
vn -0.00000000 -0.02610000 0.99970000
vn 0.38250000 -0.02610000 0.92360000
vn 0.38250000 -0.02610000 0.92360000
vn 0.70680000 -0.02620000 0.70690000
vn 0.70690000 -0.02620000 0.70690000
vn 0.92360000 -0.02620000 0.38260000
vn 0.92360000 -0.02620000 0.38260000
vn 0.99970000 -0.02620000 -0.00000000
vn 0.99970000 -0.02620000 -0.00000000
vn 0.92360000 -0.02620000 -0.38250000
vn 0.92360000 -0.02620000 -0.38260000
vn 0.70690000 -0.02620000 -0.70690000
vn 0.70690000 -0.02620000 -0.70690000
vn -0.99940000 -0.03490000 -0.00000000
vn -0.99940000 -0.03490000 -0.00000000
vn -0.99940000 -0.03490000 -0.00000000
vn -0.99940000 -0.03490000 -0.00000000
vn -0.99940000 -0.03490000 -0.00000000
vn -0.99940000 -0.03490000 -0.00000000
vn -0.99940000 -0.03490000 -0.00000000
vn -0.99940000 -0.03490000 -0.00000000
vn 0.00220000 -0.34540000 -0.93850000
vn 0.00220000 -0.34540000 -0.93840000
vn 0.00220000 -0.34530000 -0.93850000
vn 0.00140000 -0.34430000 -0.93890000
vn 0.00010000 -0.33810000 -0.94110000
vn 0.00090000 -0.34140000 -0.93990000
vn 0.00080000 -0.34130000 -0.94000000
vn 0.00040000 -0.33910000 -0.94080000
vn 0.00230000 -0.34890000 -0.93720000
vn 0.00230000 -0.34880000 -0.93720000
vn 0.00240000 -0.34480000 -0.93870000
vn 0.00240000 -0.34470000 -0.93870000
vn 0.00230000 -0.34700000 -0.93790000
vn 0.00200000 -0.34480000 -0.93870000
vn 0.00200000 -0.34470000 -0.93870000
vn 0.00240000 -0.35090000 -0.93640000
vn -0.95010000 -0.29770000 0.09330000
vn -0.95010000 -0.29760000 0.09330000
vn -0.95110000 -0.29230000 0.10010000
vn -0.95140000 -0.28850000 0.10760000
vn -0.95130000 -0.28990000 0.10450000
vn -0.95180000 -0.28520000 0.11300000
vn -0.95190000 -0.28520000 0.11240000
vn -0.95230000 -0.28040000 0.12070000
vn -0.95280000 -0.27680000 0.12470000
vn -0.95280000 -0.27240000 0.13380000
vn -0.95290000 -0.27240000 0.13380000
vn -0.95290000 -0.27360000 0.13060000
vn -0.95290000 -0.27360000 0.13050000
vn -0.95350000 -0.27010000 0.13350000
vn -0.95350000 -0.27000000 0.13350000
vn -0.95290000 -0.27370000 0.13080000
vn -0.94610000 -0.28570000 0.15270000
vn -0.95020000 -0.29720000 0.09380000
vn -0.95090000 -0.29510000 0.09270000
vn -0.94700000 -0.30730000 0.09390000
vn -0.95150000 -0.30730000 0.01650000
vn -0.95320000 -0.29740000 -0.05460000
vn -0.89250000 -0.30420000 -0.33290000
vn -0.89640000 -0.30280000 -0.32360000
vn -0.67380000 -0.31270000 -0.66950000
vn -0.89900000 -0.30400000 -0.31510000
vn -0.63280000 -0.30770000 -0.71060000
vn -0.11320000 -0.32540000 -0.93880000
vn -0.06480000 -0.37510000 -0.92470000
vn 0.00490000 -0.35420000 -0.93520000
vn 0.02690000 -0.34640000 -0.93770000
vn -0.57880000 -0.32930000 -0.74600000
vn -0.95690000 -0.29050000 -0.00780000
vn -0.94740000 -0.31010000 0.07960000
vn -0.95030000 -0.29740000 0.09240000
vn -0.95110000 -0.29280000 0.09860000
vn -0.95290000 -0.27670000 0.12400000
vn -0.95090000 -0.28070000 0.13050000
vn -0.95360000 -0.27090000 0.13120000
vn -0.95360000 -0.27090000 0.13130000
vn -0.96120000 -0.25450000 -0.10660000
vn -0.90210000 -0.26370000 0.34170000
vn -0.96330000 -0.26370000 0.05050000
vn -0.86680000 -0.25860000 0.42640000
vn -0.77350000 -0.24260000 0.58550000
vn -0.64310000 -0.21530000 0.73490000
vn -0.60320000 -0.23950000 0.76070000
vn -0.19130000 -0.21340000 0.95800000
vn -0.59850000 -0.24870000 0.76160000
vn -0.10630000 -0.27390000 0.95590000
vn -0.44000000 -0.23770000 0.86600000
vn -0.06950000 -0.28160000 0.95700000
vn -0.06680000 -0.28730000 0.95550000
vn -0.07190000 -0.28630000 0.95540000
vn -0.02850000 -0.25940000 0.96530000
vn -0.03540000 -0.23740000 0.97080000
vn -0.03760000 -0.23880000 0.97030000
vn -0.03320000 -0.24620000 0.96870000
vn -0.03070000 -0.24630000 0.96870000
vn -0.00180000 -0.26030000 0.96550000
vn -0.08290000 -0.27140000 0.95890000
vn -0.05530000 -0.28550000 0.95680000
vn -0.04500000 -0.26110000 0.96430000
vn 0.02830000 -0.25500000 0.96650000
vn 0.02880000 -0.25540000 0.96640000
vn -0.00160000 -0.26070000 0.96540000
vn -0.03070000 -0.25060000 0.96760000
vn 0.05960000 -0.25910000 0.96400000
vn 0.05050000 -0.25270000 0.96620000
vn 0.02830000 -0.25570000 0.96630000
vn 0.05270000 -0.25710000 0.96490000
vn 0.01360000 -0.25880000 0.96580000
vn 0.00050000 -0.26120000 0.96530000
vn -0.99990000 -0.01720000 -0.00000000
vn -0.99980000 -0.01760000 0.00020000
vn -0.99980000 -0.01770000 0.00010000
vn -0.99990000 -0.01730000 -0.00000000
vn -0.99990000 -0.01730000 -0.00000000
vn -0.99990000 -0.01720000 -0.00000000
vn -0.99980000 -0.01730000 -0.00000000
vn -0.99990000 -0.01730000 -0.00000000
vn -0.99980000 -0.01790000 0.00010000
vn -0.99980000 -0.01780000 0.00010000
vn -0.99990000 -0.01730000 -0.00010000
vn -0.99980000 -0.01760000 -0.00000000
vn -0.99980000 -0.01750000 0.00010000
vn -0.99990000 -0.01730000 -0.00010000
vn -0.99980000 -0.01760000 -0.00000000
vn -0.99980000 -0.01780000 0.00010000
vn -0.99980000 -0.01760000 0.00020000
vn -0.99980000 -0.01770000 0.00010000
vn -0.99980000 -0.01760000 0.00020000
vn -0.99980000 -0.01770000 0.00010000
vn -0.99990000 -0.01720000 -0.00000000
vn -0.99980000 -0.01760000 0.00020000
vn -0.99990000 -0.01730000 -0.00010000
vn -0.99990000 -0.01730000 -0.00010000
vn -0.99980000 -0.01760000 0.00020000
vn -0.99990000 -0.01730000 -0.00010000
vn -0.99980000 -0.01760000 -0.00000000
vn -0.99980000 -0.01790000 0.00010000
vn -0.99990000 -0.01650000 -0.00000000
vn -0.99990000 -0.01640000 -0.00000000
vn -0.99990000 -0.01640000 -0.00000000
vn -0.98620000 -0.01720000 0.16490000
vn -0.99990000 -0.01730000 0.00090000
vn -0.99480000 -0.01460000 0.10060000
vn -0.99980000 -0.01760000 -0.00330000
vn -0.99410000 -0.01430000 0.10710000
vn -0.99340000 -0.01390000 0.11380000
vn -0.97090000 -0.01550000 0.23900000
vn -0.96820000 -0.01480000 0.24960000
vn -0.85730000 -0.01720000 0.51460000
vn -0.85130000 -0.01650000 0.52440000
vn -0.73740000 -0.01620000 0.67530000
vn -0.72800000 -0.01490000 0.68540000
vn -0.58570000 -0.01400000 0.81040000
vn -0.64880000 -0.01340000 0.76090000
vn -0.40260000 -0.01140000 0.91530000
vn -0.99260000 -0.01350000 0.12040000
vn -0.99980000 -0.01760000 -0.00370000
vn -0.99180000 -0.01310000 0.12730000
vn -0.99980000 -0.01780000 -0.00610000
vn -0.99090000 -0.01260000 0.13400000
vn -0.95950000 -0.01290000 0.28160000
vn -0.96250000 -0.01340000 0.27090000
vn -0.83910000 -0.01500000 0.54380000
vn -0.84520000 -0.01580000 0.53420000
vn -0.48330000 -0.01760000 0.87530000
vn -0.59840000 -0.01510000 0.80100000
vn -0.74650000 -0.01720000 0.66510000
vn -0.86310000 -0.01800000 0.50470000
vn -0.97340000 -0.01620000 0.22840000
vn -0.48560000 -0.01800000 0.87400000
vn -0.63490000 -0.01850000 0.77240000
vn -0.62290000 -0.01740000 0.78210000
vn -0.61070000 -0.01620000 0.79170000
vn -0.75580000 -0.01780000 0.65450000
vn -0.64660000 -0.01950000 0.76250000
vn -0.49480000 -0.01890000 0.86880000
vn -0.50590000 -0.01990000 0.86240000
vn -0.51280000 -0.02050000 0.85820000
vn -0.61220000 -0.02150000 0.79040000
vn -0.72360000 -0.02170000 0.68990000
vn -0.51980000 -0.02090000 0.85400000
vn -0.55780000 -0.02130000 0.82970000
vn -0.52680000 -0.02130000 0.84970000
vn -0.77360000 -0.01970000 0.63340000
vn -0.81770000 -0.02150000 0.57530000
vn -0.87450000 -0.01950000 0.48470000
vn -0.88540000 -0.02090000 0.46450000
vn -0.93610000 -0.02110000 0.35100000
vn -0.97580000 -0.01680000 0.21780000
vn -0.96240000 -0.01980000 0.27090000
vn -0.86880000 -0.01870000 0.49470000
vn -0.76480000 -0.01880000 0.64400000
vn -0.96540000 -0.01410000 0.26030000
vn 0.51870000 -0.01620000 0.85480000
vn 0.51440000 -0.01560000 0.85740000
vn 0.66840000 -0.01730000 0.74360000
vn 0.50490000 -0.01550000 0.86300000
vn 0.47180000 -0.01540000 0.88160000
vn 0.43790000 -0.01500000 0.89890000
vn 0.84730000 -0.01820000 0.53080000
vn 0.73630000 -0.01770000 0.67640000
vn 0.54170000 -0.01600000 0.84040000
vn 0.53880000 -0.01570000 0.84230000
vn 0.87930000 -0.01820000 0.47590000
vn 0.96070000 -0.01780000 0.27700000
vn 0.96910000 -0.01760000 0.24590000
vn 0.99990000 -0.01590000 0.00180000
vn 0.99990000 -0.01590000 -0.00640000
vn 0.99590000 0.00790000 0.09060000
vn 0.99930000 -0.03530000 -0.00940000
vn 0.53310000 -0.01580000 0.84590000
vn 0.52810000 -0.01600000 0.84910000
vn 0.52320000 -0.01600000 0.85200000
vn 0.99980000 -0.01750000 0.00010000
vn 0.99980000 -0.01750000 0.00010000
vn 0.99980000 -0.01750000 -0.00000000
vn 0.99980000 -0.01750000 -0.00000000
vn 0.99980000 -0.01750000 0.00010000
vn 0.99980000 -0.01750000 -0.00000000
vn 0.99980000 -0.01750000 -0.00000000
vn 0.99980000 -0.01740000 -0.00010000
vn 0.99980000 -0.01750000 -0.00000000
vn 0.99980000 -0.01750000 -0.00000000
vn 0.99980000 -0.01750000 -0.00000000
vn 0.99980000 -0.01740000 -0.00010000
vn 0.99980000 -0.01740000 -0.00010000
vn 0.99980000 -0.01750000 -0.00000000
vn 0.03430000 -0.99670000 0.07290000
vn 0.05010000 -0.99360000 0.10090000
vn 0.05560000 -0.98840000 0.14130000
vn 0.06180000 -0.99030000 0.12430000
vn 0.09230000 -0.96660000 0.23890000
vn 0.14440000 -0.91420000 0.37860000
vn 0.20070000 -0.89590000 0.39630000
vn 0.22290000 -0.87110000 0.43750000
vn 0.32820000 -0.80450000 0.49490000
vn 0.35770000 -0.76300000 0.53840000
vn 0.00170000 -1.00000000 0.00420000
vn -0.00760000 -0.99990000 -0.01370000
vn 0.05590000 -0.99500000 0.08240000
vn 0.00170000 -1.00000000 0.00270000
vn 0.11540000 -0.97840000 0.17170000
vn 0.18470000 -0.94300000 0.27680000
vn 0.25460000 -0.88800000 0.38300000
vn 0.25340000 -0.83310000 0.49170000
vn 0.36430000 -0.75540000 0.54470000
vn 0.28980000 -0.82540000 0.48450000
vn 0.31130000 -0.81340000 0.49140000
vn 0.32810000 -0.77020000 0.54690000
vn 0.32440000 -0.80630000 0.49460000
vn 0.33850000 -0.79610000 0.50160000
vn 0.34030000 -0.79480000 0.50260000
vn 0.31580000 -0.78490000 0.53320000
vn 0.27790000 -0.83710000 0.47120000
vn 0.27710000 -0.83200000 0.48070000
vn 0.26370000 -0.83480000 0.48330000
vn 0.25330000 -0.83400000 0.49020000
vn 0.25310000 -0.83800000 0.48350000
vn 0.23660000 -0.84020000 0.48790000
vn 0.27600000 -0.82930000 0.48580000
vn 0.22190000 -0.83800000 0.49860000
vn 0.21200000 -0.83350000 0.51020000
vn 0.18240000 -0.85650000 0.48290000
vn 0.20310000 -0.82780000 0.52300000
vn 0.19910000 -0.82460000 0.52950000
vn 0.19940000 -0.82420000 0.53000000
vn 0.99980000 -0.01750000 -0.00000000
vn 0.99980000 -0.01750000 -0.00000000
vn 0.99980000 -0.01750000 -0.00000000
vn -0.00000000 1.00000000 -0.00000000
vn -0.00000000 1.00000000 -0.00000000
vn -0.00000000 1.00000000 -0.00000000
vn -0.00000000 1.00000000 -0.00000000
vn -0.00000000 1.00000000 -0.00000000
vn -0.00000000 1.00000000 -0.00000000
vn -0.00000000 1.00000000 -0.00000000
vn -0.00000000 1.00000000 -0.00000000
vn -0.00000000 1.00000000 -0.00000000
vn -0.00000000 1.00000000 -0.00000000
vn -0.00000000 1.00000000 -0.00000000
vn -0.00000000 1.00000000 -0.00000000
vn -0.00000000 1.00000000 -0.00000000
vn -0.00000000 1.00000000 -0.00000000
vn -0.00000000 1.00000000 -0.00000000
vn -0.00000000 1.00000000 -0.00000000
vn -0.99980000 -0.01750000 0.01150000
vn -0.99980000 -0.01750000 0.01350000
vn -0.99780000 -0.01740000 0.06390000
vn -0.99620000 -0.01740000 0.08520000
vn -0.96360000 -0.01760000 0.26690000
vn -0.96490000 -0.01760000 0.26190000
vn -0.92600000 -0.01750000 0.37720000
vn -0.85740000 -0.01750000 0.51440000
vn -0.88490000 -0.01750000 0.46540000
vn -0.77220000 -0.01750000 0.63520000
vn -0.77230000 -0.01750000 0.63500000
vn -0.61590000 -0.01740000 0.78770000
vn -0.77250000 -0.01740000 0.63470000
vn -0.58600000 -0.01750000 0.81010000
vn -0.99970000 -0.01750000 0.01540000
vn -0.96640000 -0.01750000 0.25660000
vn -0.91160000 -0.01750000 0.41080000
vn -0.84990000 -0.01780000 0.52660000
vn -0.42810000 -0.01750000 0.90360000
vn -0.42660000 -0.01760000 0.90430000
vn -0.22520000 -0.01770000 0.97420000
vn -0.21530000 -0.01740000 0.97640000
vn -0.07760000 -0.01790000 0.99680000
vn -0.01140000 -0.01740000 0.99980000
vn 0.10580000 -0.01640000 0.99430000
vn 0.20680000 -0.01670000 0.97820000
vn 0.11610000 -0.01630000 0.99310000
vn 0.32920000 -0.01460000 0.94410000
vn 0.41690000 -0.01770000 0.90880000
vn 0.39920000 -0.01310000 0.91680000
vn 0.48160000 -0.01610000 0.87620000
vn 0.43640000 -0.01260000 0.89970000
vn 0.51730000 -0.01880000 0.85560000
vn 0.46220000 -0.02040000 0.88650000
vn 0.40210000 -0.01990000 0.91540000
vn 0.50960000 -0.02090000 0.86010000
vn 0.52680000 -0.01950000 0.84980000
vn 0.54980000 -0.02130000 0.83510000
vn 0.53180000 -0.01660000 0.84670000
vn 0.53640000 -0.03070000 0.84340000
vn 0.54100000 -0.01870000 0.84080000
vn 0.55450000 -0.01540000 0.83200000
vn 0.54730000 -0.02420000 0.83660000
vn 0.33720000 -0.01920000 0.94120000
vn 0.16700000 -0.01730000 0.98580000
vn 0.00850000 -0.01750000 0.99980000
vn -0.19280000 -0.01760000 0.98110000
vn -0.29260000 -0.01720000 0.95610000
vn -0.42970000 -0.01750000 0.90280000
vn -0.56150000 -0.01750000 0.82730000
vn 0.24620000 -0.63130000 0.73540000
vn 0.25250000 -0.63070000 0.73380000
vn 0.26440000 -0.62400000 0.73530000
vn 0.25650000 -0.63060000 0.73250000
vn 0.26060000 -0.63010000 0.73150000
vn 0.26490000 -0.62970000 0.73020000
vn 0.24030000 -0.62180000 0.74540000
vn 0.26270000 -0.62000000 0.73940000
vn 0.26100000 -0.62030000 0.73970000
vn 0.25820000 -0.62370000 0.73780000
vn 0.19420000 -0.62770000 0.75380000
vn 0.19740000 -0.62470000 0.75550000
vn 0.13010000 -0.62870000 0.76670000
vn 0.13280000 -0.62740000 0.76730000
vn 0.10030000 -0.62790000 0.77180000
vn 0.11870000 -0.64000000 0.75920000
vn 0.06880000 -0.64160000 0.76390000
vn 0.06760000 -0.62790000 0.77530000
vn 0.03490000 -0.62750000 0.77780000
vn 0.06540000 -0.62680000 0.77640000
vn -0.00000000 -0.62290000 0.78230000
vn 0.04440000 -0.62290000 0.78100000
vn 0.00330000 -0.62490000 0.78070000
vn 0.00090000 -0.62650000 0.77940000
vn 0.01840000 -0.62710000 0.77870000
vn 0.00100000 -0.62760000 0.77850000
vn 0.00130000 -0.63380000 0.77350000
vn 0.00120000 -0.63050000 0.77620000
vn 0.00620000 -0.63150000 0.77530000
vn 0.00140000 -0.64240000 0.76640000
vn 0.18440000 -0.63630000 0.74910000
vn 0.23360000 -0.63250000 0.73850000
vn 0.23990000 -0.63190000 0.73700000
vn -0.99980000 -0.01750000 -0.00000000
vn -0.99980000 -0.01760000 0.00010000
vn -0.99980000 -0.01750000 -0.00000000
vn -0.99980000 -0.01760000 0.00010000
vn -0.99980000 -0.01750000 -0.00000000
vn -0.99980000 -0.01760000 0.00010000
vn -0.99980000 -0.01750000 -0.00000000
vn -0.99980000 -0.01750000 -0.00000000
vn -0.99980000 -0.01750000 -0.00000000
vn -0.99980000 -0.01750000 -0.00000000
vn -0.99980000 -0.01750000 -0.00000000
vn -0.99980000 -0.01750000 -0.00000000
vn 0.00010000 -0.23000000 0.97320000
vn 0.01080000 -0.23080000 0.97290000
vn 0.00100000 -0.22910000 0.97340000
vn 0.00020000 -0.22990000 0.97320000
vn 0.01660000 -0.23260000 0.97240000
vn 0.02470000 -0.23210000 0.97240000
vn 0.04960000 -0.23810000 0.97000000
vn 0.03900000 -0.24020000 0.96990000
vn 0.10010000 -0.24980000 0.96310000
vn 0.10510000 -0.25090000 0.96230000
vn 0.10690000 -0.25060000 0.96220000
vn 0.10830000 -0.25100000 0.96190000
vn 0.10950000 -0.25130000 0.96170000
vn 0.15170000 -0.25200000 0.95580000
vn 0.13130000 -0.25250000 0.95870000
vn 0.14820000 -0.25350000 0.95590000
vn 0.16050000 -0.25460000 0.95360000
vn 0.16770000 -0.25530000 0.95220000
vn 0.22270000 -0.25700000 0.94040000
vn 0.19820000 -0.25900000 0.94530000
vn 0.24170000 -0.26590000 0.93320000
vn 0.28700000 -0.25810000 0.92250000
vn 0.34670000 -0.25870000 0.90160000
vn 0.37400000 -0.28480000 0.88260000
vn 0.47130000 -0.26220000 0.84210000
vn 0.51010000 -0.29450000 0.80810000
vn 0.61180000 -0.26680000 0.74460000
vn 0.59950000 -0.29760000 0.74300000
vn 0.77500000 -0.26650000 0.57300000
vn 0.75290000 -0.29850000 0.58660000
vn 0.92230000 -0.25220000 0.29290000
vn 0.89730000 -0.28970000 0.33300000
vn 0.96390000 -0.23860000 0.11830000
vn 0.95610000 -0.27690000 0.09550000
vn 0.97360000 -0.22480000 -0.03940000
vn 0.96550000 -0.26040000 -0.00070000
vn 0.97340000 -0.22510000 -0.04270000
vn 0.27200000 -0.04720000 0.96110000
vn 0.28210000 -0.04740000 0.95820000
vn 0.26540000 -0.04710000 0.96300000
vn 0.29310000 -0.04760000 0.95490000
vn 0.30210000 -0.04760000 0.95210000
vn 0.19190000 -0.04570000 0.98030000
vn 0.25270000 -0.04690000 0.96640000
vn 0.26580000 -0.04710000 0.96290000
vn 0.15530000 -0.04490000 0.98680000
vn 0.16840000 -0.04510000 0.98470000
vn 0.19650000 -0.04580000 0.97940000
vn 0.22440000 -0.04630000 0.97340000
vn 0.10830000 -0.04380000 0.99320000
vn 0.13330000 -0.04440000 0.99010000
vn 0.14980000 -0.04480000 0.98770000
vn 0.16160000 -0.04510000 0.98580000
vn 0.10800000 -0.04390000 0.99320000
vn 0.10790000 -0.04390000 0.99320000
vn 0.11070000 -0.04350000 0.99290000
vn 0.11060000 -0.04350000 0.99290000
vn 0.11200000 -0.04380000 0.99270000
vn 0.10830000 -0.04360000 0.99320000
vn 0.10770000 -0.04380000 0.99320000
vn 0.10900000 -0.04340000 0.99310000
vn 0.10900000 -0.04350000 0.99310000
vn 0.10740000 -0.04390000 0.99330000
vn 0.10690000 -0.05420000 0.99280000
vn 0.10710000 -0.05150000 0.99290000
vn 0.05820000 -0.04760000 0.99720000
vn 0.10780000 -0.04610000 0.99310000
vn 0.05850000 -0.04110000 0.99740000
vn 0.10840000 -0.03990000 0.99330000
vn 0.05870000 -0.03790000 0.99760000
vn 0.09210000 -0.03380000 0.99520000
vn 0.07560000 -0.03370000 0.99660000
vn 0.10900000 -0.03360000 0.99350000
vn 0.10320000 -0.02570000 0.99430000
vn 0.05650000 -0.03210000 0.99790000
vn 0.05880000 -0.03370000 0.99770000
vn 0.05870000 -0.03610000 0.99760000
vn 0.02610000 -0.03610000 0.99900000
vn 0.02620000 -0.03780000 0.99890000
vn -0.00000000 -0.03590000 0.99940000
vn -0.00000000 -0.03810000 0.99930000
vn -0.02610000 -0.03670000 0.99900000
vn -0.02630000 -0.03800000 0.99890000
vn -0.05870000 -0.03610000 0.99760000
vn -0.05860000 -0.03770000 0.99760000
vn -0.10830000 -0.04060000 0.99330000
vn -0.05850000 -0.04110000 0.99740000
vn -0.10760000 -0.04740000 0.99310000
vn -0.05810000 -0.04740000 0.99720000
vn -0.09370000 -0.05430000 0.99410000
vn -0.06050000 -0.05390000 0.99670000
vn 0.02610000 -0.03370000 0.99910000
vn -0.00000000 -0.03400000 0.99940000
vn -0.00000000 -0.03420000 0.99940000
vn -0.02610000 -0.03420000 0.99910000
vn -0.05650000 -0.03210000 0.99790000
vn -0.05880000 -0.03360000 0.99770000
vn -0.07560000 -0.03360000 0.99660000
vn -0.10900000 -0.03440000 0.99340000
vn -0.09210000 -0.02980000 0.99530000
vn -0.10270000 -0.06860000 0.99230000
vn -0.10690000 -0.05460000 0.99280000
vn -0.03500000 -0.05370000 0.99790000
vn -0.02590000 -0.04730000 0.99850000
vn -0.02590000 -0.04090000 0.99880000
vn -0.00000000 -0.05340000 0.99860000
vn -0.00000000 -0.04710000 0.99890000
vn -0.00000000 -0.04070000 0.99920000
vn 0.01700000 -0.05360000 0.99840000
vn 0.02580000 -0.04730000 0.99850000
vn 0.02610000 -0.04110000 0.99880000
vn 0.03970000 -0.05380000 0.99780000
vn -0.00000000 -1.00000000 -0.00000000
vn -0.00000000 -1.00000000 -0.00000000
vn -0.00000000 -1.00000000 -0.00000000
vn -0.00000000 -1.00000000 -0.00000000
vn -0.00000000 -1.00000000 -0.00000000
vn -0.00000000 -1.00000000 -0.00000000
vn -0.00000000 -1.00000000 -0.00000000
vn -0.00000000 -1.00000000 -0.00000000
vn -0.00000000 -1.00000000 -0.00000000
vn -0.00000000 -1.00000000 -0.00000000
vn -0.00000000 -1.00000000 -0.00000000
vn -0.00000000 -1.00000000 -0.00000000
vn -0.00000000 -1.00000000 -0.00000000
vn -0.00000000 -1.00000000 -0.00000000
vn -0.00000000 -1.00000000 -0.00000000
vn -0.00000000 -1.00000000 -0.00000000
vn -0.00000000 -1.00000000 -0.00000000
vn -0.00000000 -1.00000000 -0.00000000
vn -0.00000000 -1.00000000 -0.00000000
vn -0.00000000 -1.00000000 -0.00000000
vn -0.00000000 -1.00000000 -0.00000000
vn -0.00000000 -1.00000000 -0.00000000
vn -0.00000000 -1.00000000 -0.00000000
vn -0.00000000 -1.00000000 -0.00000000
vn -0.00000000 -1.00000000 -0.00000000
vn -0.00000000 -1.00000000 -0.00000000
vn -0.00000000 -1.00000000 -0.00000000
vn -0.00000000 -1.00000000 -0.00000000
vn -0.00000000 -1.00000000 -0.00000000
vn -0.00000000 -1.00000000 -0.00000000
vn -0.00000000 -1.00000000 -0.00000000
vn -0.00000000 -1.00000000 -0.00000000
vn -0.00000000 1.00000000 -0.00020000
vn -0.00000000 1.00000000 -0.00000000
vn -0.00000000 1.00000000 -0.00020000
vn -0.00000000 1.00000000 -0.00000000
vn -0.00000000 1.00000000 -0.00020000
vn -0.00000000 1.00000000 -0.00000000
vn -0.00000000 1.00000000 -0.00000000
vn -0.00000000 1.00000000 -0.00000000
vn -0.00000000 1.00000000 -0.00000000
vn -0.00000000 1.00000000 -0.00000000
vn -0.00000000 1.00000000 -0.00000000
vn -0.00000000 1.00000000 -0.00000000
vn -0.00000000 1.00000000 -0.00000000
vn -0.00000000 1.00000000 -0.00000000
vn -0.00000000 1.00000000 -0.00000000
vn -0.00000000 1.00000000 -0.00000000
vn -0.00000000 1.00000000 -0.00000000
vn -0.00000000 1.00000000 -0.00000000
vn -0.00000000 1.00000000 -0.00000000
vn -0.00000000 1.00000000 -0.00000000
vn -0.00000000 1.00000000 -0.00000000
vn -0.00000000 1.00000000 -0.00000000
vn -0.00000000 1.00000000 -0.00000000
vn -0.00000000 1.00000000 -0.00000000
vn -0.00000000 1.00000000 -0.00000000
vn -0.00000000 1.00000000 -0.00000000
vn -0.00000000 1.00000000 -0.00000000
vn -0.00000000 1.00000000 -0.00000000
vn -0.00000000 1.00000000 -0.00000000
vn -0.00000000 1.00000000 -0.00000000
vn -0.00000000 1.00000000 -0.00000000
vn -0.00000000 1.00000000 -0.00000000
vn -0.00000000 1.00000000 -0.00000000
vn -0.00000000 1.00000000 -0.00000000
vn -0.00000000 1.00000000 -0.00000000
vn -0.00000000 1.00000000 -0.00000000
vn -0.00000000 1.00000000 -0.00000000
vn -0.00000000 1.00000000 -0.00000000
vn -0.00000000 1.00000000 -0.00000000
vn -0.00000000 1.00000000 -0.00000000
vn -0.00000000 1.00000000 -0.00000000
vn -0.00000000 1.00000000 -0.00000000
vn -0.00000000 1.00000000 -0.00000000
vn -0.00000000 1.00000000 -0.00000000
vn -0.00000000 1.00000000 0.00010000
vn -0.00000000 1.00000000 -0.00000000
vn -0.00000000 1.00000000 -0.00010000
vn -0.00000000 1.00000000 0.00010000
vn -0.00000000 1.00000000 0.00010000
vn -0.00000000 1.00000000 -0.00010000
vn -0.00000000 1.00000000 -0.00010000
vn -0.00000000 1.00000000 -0.00000000
vn -0.00000000 1.00000000 -0.00000000
vn -0.00000000 1.00000000 -0.00000000
vn -0.00010000 -1.00000000 -0.00000000
vn -0.00010000 -1.00000000 0.00010000
vn -0.00000000 -1.00000000 -0.00000000
vn -0.00010000 -1.00000000 -0.00000000
vn -0.00010000 -1.00000000 -0.00000000
vn -0.00000000 -1.00000000 -0.00000000
vn -0.00000000 -1.00000000 -0.00000000
vn -0.00000000 -1.00000000 -0.00000000
vn -0.00010000 -1.00000000 0.00010000
vn -0.00000000 -1.00000000 -0.00000000
vn -0.00010000 -1.00000000 -0.00000000
vn -0.00000000 -1.00000000 -0.00000000
vn -0.00010000 -1.00000000 0.00010000
vn -0.00000000 -1.00000000 -0.00000000
vn -0.00000000 -1.00000000 -0.00000000
vn -0.00000000 -1.00000000 -0.00000000
vn -0.00000000 -1.00000000 -0.00000000
vn -0.00000000 -1.00000000 -0.00000000
vn -0.00000000 -1.00000000 -0.00000000
vn -0.00000000 -1.00000000 -0.00000000
vn -0.00000000 -1.00000000 -0.00000000
vn -0.00000000 -1.00000000 0.00010000
vn -0.00000000 -1.00000000 -0.00000000
vn -0.00000000 -1.00000000 0.00010000
vn -0.00000000 -1.00000000 -0.00000000
vn -0.00000000 -1.00000000 0.00010000
vn -0.00000000 -1.00000000 -0.00000000
vn -0.00000000 -1.00000000 -0.00000000
vn -0.00000000 -1.00000000 -0.00000000
vn -0.00000000 -1.00000000 -0.00000000
vn -0.00000000 -1.00000000 -0.00000000
vn -0.00000000 -1.00000000 -0.00000000
vn -0.00000000 -1.00000000 -0.00000000
vn -0.00000000 -1.00000000 -0.00000000
vn -0.00000000 -1.00000000 -0.00000000
vn -0.00000000 -1.00000000 -0.00000000
vn -0.00000000 -1.00000000 -0.00000000
vn -0.00000000 -1.00000000 -0.00000000
vn -0.00000000 -1.00000000 -0.00000000
vn -0.00000000 -1.00000000 -0.00000000
vn -0.00000000 -1.00000000 -0.00000000
vn -0.00000000 -1.00000000 -0.00000000
vn -0.00000000 -1.00000000 -0.00000000
vn -0.00000000 -1.00000000 -0.00000000
vn -0.00000000 -1.00000000 -0.00000000
vn -0.00000000 -1.00000000 -0.00000000
vn -0.00000000 -1.00000000 -0.00000000
vn -0.92360000 -0.02620000 -0.38250000
vn -0.92360000 -0.02620000 -0.38250000
vn -0.99970000 -0.02520000 -0.00000000
vn -0.99970000 -0.02620000 -0.00000000
vn -0.99970000 -0.02620000 0.00010000
vn -0.99970000 -0.02520000 0.00010000
vn -0.92360000 -0.02620000 0.38260000
vn -0.92360000 -0.02620000 0.38260000
vn -0.70690000 -0.02620000 0.70690000
vn -0.70680000 -0.02620000 0.70690000
vn -0.38250000 -0.02620000 0.92360000
vn -0.38260000 -0.02620000 0.92360000
vn -0.00000000 -0.02620000 0.99970000
vn -0.00000000 -0.02620000 0.99970000
vn 0.38260000 -0.02620000 0.92360000
vn 0.38260000 -0.02620000 0.92350000
vn 0.70680000 -0.02620000 0.70690000
vn 0.70680000 -0.02620000 0.70690000
vn 0.92360000 -0.02620000 0.38260000
vn 0.92360000 -0.02620000 0.38250000
vn 0.99970000 -0.02620000 -0.00000000
vn 0.99970000 -0.02620000 -0.00000000
vn 0.92360000 -0.02620000 -0.38250000
vn 0.92360000 -0.02620000 -0.38250000
vn 0.70690000 -0.02620000 -0.70680000
vn 0.70690000 -0.02620000 -0.70680000
vn 0.38260000 -0.02620000 -0.92360000
vn 0.38250000 -0.02630000 -0.92360000
vn -0.00000000 -0.02570000 -0.99970000
vn -0.00000000 -0.02630000 -0.99970000
vn -0.38250000 -0.02630000 -0.92360000
vn -0.38250000 -0.02620000 -0.92360000
vn -0.70690000 -0.02620000 -0.70690000
vn -0.70690000 -0.02620000 -0.70690000
vn 0.00010000 -0.03490000 -0.99940000
vn -0.00000000 -0.03430000 -0.99940000
vn -0.03400000 -0.03490000 -0.99880000
vn -0.30880000 -0.03490000 -0.95050000
vn -0.30890000 -0.03490000 -0.95050000
vn -0.58740000 -0.03490000 -0.80850000
vn -0.52110000 -0.03490000 -0.85280000
vn -0.66370000 -0.03490000 -0.74720000
vn -0.80850000 -0.03490000 -0.58740000
vn -0.81490000 -0.03490000 -0.57860000
vn -0.91630000 -0.03490000 -0.39890000
vn -0.95050000 -0.03490000 -0.30880000
vn -0.97800000 -0.03490000 -0.20580000
vn -0.99940000 -0.03490000 -0.00010000
vn -0.95050000 -0.03490000 -0.30880000
vn -0.99940000 -0.03490000 -0.00000000
vn -0.95050000 -0.03490000 -0.30880000
vn -0.80850000 -0.03490000 -0.58740000
vn -0.80850000 -0.03490000 -0.58740000
vn -0.58740000 -0.03490000 -0.80860000
vn -0.58740000 -0.03490000 -0.80850000
vn -0.30880000 -0.03490000 -0.95050000
vn -0.35820000 -0.03490000 -0.93300000
vn -0.19150000 -0.03490000 -0.98090000
vn -0.34250000 -0.86110000 -0.37570000
vn -0.33190000 -0.86340000 -0.38000000
vn -0.34610000 -0.86020000 -0.37440000
vn -0.31810000 -0.86620000 -0.38540000
vn -0.28940000 -0.87130000 -0.39640000
vn -0.27820000 -0.87300000 -0.40060000
vn -0.24490000 -0.87700000 -0.41340000
vn -0.22010000 -0.87910000 -0.42270000
vn -0.20740000 -0.87990000 -0.42740000
vn -0.20420000 -0.88010000 -0.42860000
vn 0.99940000 -0.03490000 -0.00000000
vn 0.99850000 -0.03470000 -0.04140000
vn 0.99940000 -0.03490000 -0.00000000
vn 0.99600000 -0.03490000 -0.08250000
vn 0.99160000 -0.03490000 -0.12420000
vn 0.99170000 -0.03490000 -0.12350000
vn 0.99160000 -0.03510000 -0.12470000
vn 0.99160000 -0.03510000 -0.12480000
vn 0.99160000 -0.03510000 -0.12480000
vn 0.21830000 -0.03500000 -0.97530000
vn 0.28500000 -0.03490000 -0.95790000
vn -0.00000000 -0.03500000 -0.99940000
vn 0.28490000 -0.03490000 -0.95790000
vn 0.00010000 -0.03490000 -0.99940000
vn 0.28490000 -0.03490000 -0.95790000
vn 0.54610000 -0.03490000 -0.83700000
vn 0.54620000 -0.03500000 -0.83690000
vn 0.76210000 -0.03490000 -0.64660000
vn 0.76220000 -0.03490000 -0.64640000
vn 0.91470000 -0.03490000 -0.40250000
vn 0.91490000 -0.03490000 -0.40220000
vn 0.99150000 -0.03550000 -0.12510000
vn 0.95480000 -0.03490000 -0.29510000
vn 0.99160000 -0.03490000 -0.12430000
vn 0.40220000 -0.03490000 -0.91490000
vn 0.54630000 -0.03490000 -0.83680000
vn 0.69120000 -0.03490000 -0.72180000
vn 0.89060000 -0.03490000 -0.45350000
vn 0.55850000 -0.03490000 -0.82880000
vn 0.03770000 -0.03540000 -0.99870000
vn 0.19420000 -0.03490000 -0.98030000
vn -0.00000000 -0.03490000 -0.99940000
vn 0.30880000 -0.03490000 -0.95050000
vn 0.30870000 -0.03490000 -0.95050000
vn 0.58740000 -0.03490000 -0.80860000
vn 0.58740000 -0.03490000 -0.80850000
vn 0.80850000 -0.03490000 -0.58750000
vn 0.80850000 -0.03490000 -0.58740000
vn 0.95050000 -0.03490000 -0.30890000
vn 0.95050000 -0.03490000 -0.30880000
vn 0.99940000 -0.03400000 -0.00000000
vn 0.99940000 -0.03490000 -0.00010000
vn 0.95050000 -0.03490000 -0.30880000
vn 0.99940000 -0.03490000 -0.00010000
vn 0.97800000 -0.03490000 -0.20580000
vn 0.99940000 -0.03490000 -0.00000000
vn 0.36000000 -0.03490000 -0.93230000
vn 0.52190000 -0.03490000 -0.85230000
vn 0.58740000 -0.03490000 -0.80850000
vn 0.66360000 -0.03490000 -0.74730000
vn 0.80850000 -0.03490000 -0.58750000
vn 0.81480000 -0.03490000 -0.57880000
vn 0.91630000 -0.03490000 -0.39900000
vn 0.30880000 -0.03490000 -0.95050000
vn -0.00010000 -0.03490000 -0.99940000
vn 0.99940000 -0.03490000 -0.00000000
vn 0.99940000 -0.03490000 -0.00000000
vn 0.99940000 -0.03490000 -0.00000000
vn 0.99940000 -0.03490000 -0.00000000
vn 0.99940000 -0.03490000 -0.00000000
vn 0.99940000 -0.03490000 -0.00000000
vn 0.99940000 -0.03490000 -0.00000000
vn 0.99940000 -0.03490000 -0.00000000
vn 0.99940000 -0.03490000 -0.00000000
vn -0.00000000 -1.00000000 -0.00000000
vn -0.00000000 -1.00000000 -0.00000000
vn -0.00000000 -1.00000000 -0.00000000
vn -0.00000000 -1.00000000 -0.00000000
vn -0.00000000 -1.00000000 -0.00000000
vn -0.00000000 -1.00000000 -0.00000000
vn -0.00000000 -1.00000000 -0.00000000
vn -0.00000000 -1.00000000 -0.00000000
vn -0.00000000 -1.00000000 -0.00000000
vn -0.00000000 -1.00000000 -0.00000000
vn -0.00000000 -1.00000000 -0.00000000
vn -0.00000000 -1.00000000 -0.00000000
vn -0.00000000 -1.00000000 -0.00000000
vn -0.00000000 -1.00000000 -0.00000000
vn -0.00000000 -1.00000000 -0.00000000
vn -0.00000000 -1.00000000 -0.00000000
vn -0.00000000 -1.00000000 -0.00000000
vn -0.00000000 -1.00000000 -0.00000000
vn -0.00000000 -1.00000000 -0.00000000
vn -0.00000000 -1.00000000 -0.00000000
vn 0.00010000 -1.00000000 -0.00000000
vn -0.00000000 -1.00000000 -0.00010000
vn -0.00000000 -1.00000000 -0.00000000
vn -0.00000000 -1.00000000 -0.00010000
vn -0.00000000 -1.00000000 -0.00000000
vn -0.00000000 -1.00000000 -0.00010000
vn 0.00010000 -1.00000000 -0.00000000
vn 0.00010000 -1.00000000 -0.00000000
vn -0.00000000 -1.00000000 -0.00000000
vn 0.00010000 -1.00000000 -0.00000000
vn -0.00000000 -1.00000000 -0.00000000
vn -0.00000000 -1.00000000 -0.00000000
vn -0.00000000 -1.00000000 -0.00000000
vn -0.00000000 -1.00000000 -0.00000000
vn -0.00000000 -1.00000000 -0.00000000
vn -0.00000000 -1.00000000 -0.00000000
vn -0.00000000 -1.00000000 -0.00000000
vn -0.00000000 -1.00000000 -0.00000000
vn -0.00000000 -1.00000000 -0.00000000
vn -0.99940000 -0.03490000 -0.00000000
vn -0.99940000 -0.03490000 -0.00000000
vn -0.99940000 -0.03490000 -0.00000000
vn -0.99940000 -0.03490000 -0.00000000
vn -0.99940000 -0.03490000 -0.00000000
vn -0.99940000 -0.03490000 -0.00000000
vn -0.99940000 -0.03490000 -0.00000000
vn -0.00380000 -1.00000000 -0.00380000
vn -0.34820000 -0.86100000 -0.37060000
vn 0.00240000 -1.00000000 0.00290000
vn -0.31590000 -0.86850000 -0.38210000
vn 0.00300000 -1.00000000 0.00370000
vn 0.00300000 -1.00000000 0.00380000
vn -0.28750000 -0.87230000 -0.39550000
vn 0.00230000 -1.00000000 0.00310000
vn 0.00170000 -1.00000000 0.00230000
vn 0.00100000 -1.00000000 0.00150000
vn 0.00070000 -1.00000000 0.00100000
vn 0.00050000 -1.00000000 0.00070000
vn -0.00000000 -1.00000000 -0.00000000
vn -0.24610000 -0.87580000 -0.41530000
vn -0.00060000 -1.00000000 -0.00110000
vn -0.00120000 -1.00000000 -0.00220000
vn -0.00030000 -1.00000000 -0.00080000
vn -0.20690000 -0.88400000 -0.41930000
vn 0.00180000 -1.00000000 0.00340000
vn 0.99940000 -0.03490000 -0.00000000
vn 0.99940000 -0.03490000 -0.00000000
vn 0.99940000 -0.03490000 -0.00000000
vn 0.99940000 -0.03490000 -0.00000000
vn 0.99940000 -0.03490000 -0.00000000
vn 0.99940000 -0.03470000 -0.00010000
vn 0.99940000 -0.03470000 -0.00010000
vn 0.99940000 -0.03470000 0.00010000
vn 0.99940000 -0.03490000 -0.00000000
vn 0.99940000 -0.03470000 -0.00010000
vn 0.99940000 -0.03470000 0.00010000
vn 0.99940000 -0.03470000 0.00010000
vn -0.00000000 -1.00000000 -0.00000000
vn 0.00010000 -1.00000000 -0.00000000
vn 0.00010000 -1.00000000 -0.00000000
vn -0.00000000 -1.00000000 -0.00000000
vn 0.00010000 -1.00000000 -0.00000000
vn -0.00000000 -1.00000000 -0.00000000
vn -0.00000000 -1.00000000 -0.00000000
vn -0.00000000 -1.00000000 -0.00000000
vn -0.00000000 -1.00000000 -0.00000000
vn -0.00000000 -1.00000000 -0.00000000
vn -0.00000000 -1.00000000 -0.00000000
vn -0.00000000 -1.00000000 -0.00000000
vn -0.00000000 -1.00000000 -0.00000000
vn -0.00000000 -1.00000000 -0.00000000
vn -0.00000000 -1.00000000 -0.00000000
vn -0.00000000 -1.00000000 -0.00000000
vn -0.00000000 -1.00000000 -0.00000000
vn -0.00000000 -1.00000000 -0.00000000
vn -0.00000000 -1.00000000 -0.00000000
vn -0.00000000 -1.00000000 -0.00000000
vn -0.00000000 -1.00000000 -0.00000000
vn -0.00000000 -1.00000000 -0.00000000
vn -0.00000000 -1.00000000 -0.00000000
vn -0.00000000 -1.00000000 -0.00000000
vn -0.00000000 -1.00000000 -0.00000000
vn -0.00000000 -1.00000000 0.00050000
vn -0.00000000 -1.00000000 -0.00000000
vn -0.00000000 -1.00000000 0.00050000
vn -0.00010000 -1.00000000 -0.00000000
vn -0.00000000 -1.00000000 -0.00010000
vn -0.00000000 -1.00000000 -0.00000000
vn -0.00000000 -1.00000000 0.00050000
vn -0.00000000 -1.00000000 -0.00000000
vn -0.00000000 -1.00000000 -0.00000000
vn -0.00000000 -1.00000000 -0.00000000
vn -0.00000000 -1.00000000 -0.00010000
vn -0.00010000 -1.00000000 -0.00000000
vn -0.00000000 -1.00000000 -0.00010000
vn -0.00010000 -1.00000000 -0.00000000
vn -0.00000000 -1.00000000 -0.00000000
vn -0.00000000 -1.00000000 -0.00000000
vn -0.00010000 -1.00000000 -0.00000000
vn 0.00020000 -1.00000000 -0.00000000
vn 0.00010000 -1.00000000 0.00010000
vn -0.00000000 -1.00000000 -0.00000000
vn 0.00020000 -1.00000000 -0.00000000
vn 0.00010000 -1.00000000 0.00010000
vn 0.00020000 -1.00000000 -0.00000000
vn -0.00000000 -1.00000000 0.00010000
vn 0.00010000 -1.00000000 0.00010000
vn -0.00000000 -1.00000000 0.00010000
vn 0.00010000 -1.00000000 0.00010000
vn -0.00000000 -1.00000000 -0.00000000
vn -0.00000000 -1.00000000 0.00010000
vn -0.00000000 -1.00000000 0.00010000
vn -0.00000000 -1.00000000 0.00010000
vn 0.00010000 -1.00000000 -0.00000000
vn -0.00000000 -1.00000000 -0.00000000
vn -0.00000000 -1.00000000 0.00010000
vn -0.00000000 -1.00000000 -0.00000000
vn 0.00010000 -1.00000000 -0.00000000
vn -0.00010000 -1.00000000 -0.00000000
vn 0.00010000 -1.00000000 -0.00000000
vn -0.00000000 -1.00000000 -0.00000000
vn -0.00010000 -1.00000000 -0.00000000
vn -0.00000000 -1.00000000 -0.00000000
vn -0.00000000 -1.00000000 -0.00000000
vn -0.00010000 -1.00000000 -0.00000000
vn -0.00000000 -1.00000000 -0.00000000
vn 0.00010000 -1.00000000 -0.00000000
vn -0.00000000 -1.00000000 -0.00000000
vn 0.00010000 -1.00000000 -0.00000000
vn -0.00000000 -1.00000000 -0.00000000
vn 0.00010000 -1.00000000 -0.00000000
vn 0.00850000 -0.01750000 0.99980000
vn 0.21260000 -0.01740000 0.97700000
vn 0.00970000 -0.01730000 0.99980000
vn 0.20900000 -0.01730000 0.97780000
vn 0.00990000 -0.01710000 0.99980000
vn 0.00720000 -0.01720000 0.99980000
vn 0.21280000 -0.01730000 0.97690000
vn 0.21260000 -0.01740000 0.97700000
vn 0.21260000 -0.01740000 0.97700000
vn 0.42010000 -0.01740000 0.90730000
vn 0.42020000 -0.01740000 0.90730000
vn 0.60930000 -0.01750000 0.79270000
vn 0.60950000 -0.01750000 0.79260000
vn 0.76790000 -0.01750000 0.64040000
vn 0.76780000 -0.01750000 0.64050000
vn 0.88870000 -0.01730000 0.45820000
vn 0.88830000 -0.01730000 0.45900000
vn 0.96370000 -0.01750000 0.26630000
vn 0.96340000 -0.01750000 0.26750000
vn 0.99910000 -0.01740000 0.03960000
vn 0.99900000 -0.01740000 0.04030000
vn 0.99980000 -0.01750000 0.00300000
vn 0.99900000 -0.01740000 0.04110000
vn 0.99980000 -0.01750000 0.00280000
vn 0.99680000 -0.01740000 0.07850000
vn 0.21300000 -0.01780000 0.97690000
vn 0.21290000 -0.01730000 0.97690000
vn 0.21290000 -0.01780000 0.97690000
vn 0.21290000 -0.01760000 0.97690000
vn 0.41860000 -0.01740000 0.90800000
vn 0.41870000 -0.01730000 0.90800000
vn 0.60930000 -0.01750000 0.79270000
vn 0.60950000 -0.01740000 0.79260000
vn 0.76660000 -0.01750000 0.64190000
vn 0.76670000 -0.01780000 0.64180000
vn 0.89020000 -0.01700000 0.45530000
vn 0.89010000 -0.01680000 0.45550000
vn 0.96480000 -0.01750000 0.26220000
vn 0.96480000 -0.01770000 0.26250000
vn 0.99920000 -0.01740000 0.03700000
vn 0.99920000 -0.01760000 0.03720000
vn 0.99980000 -0.01750000 0.00450000
vn 0.99920000 -0.01740000 0.03730000
vn 0.99910000 -0.01740000 0.03750000
vn 0.96460000 -0.01750000 0.26310000
vn 0.96450000 -0.01750000 0.26340000
vn 0.88970000 -0.01740000 0.45610000
vn 0.88950000 -0.01730000 0.45660000
vn 0.76710000 -0.01740000 0.64130000
vn 0.76720000 -0.01730000 0.64110000
vn 0.60940000 -0.01740000 0.79260000
vn 0.60900000 -0.01750000 0.79300000
vn 0.41960000 -0.01740000 0.90750000
vn 0.41840000 -0.01710000 0.90810000
vn 0.41840000 -0.01680000 0.90810000
vn 0.60960000 -0.01690000 0.79260000
vn 0.63640000 -0.01700000 0.77120000
vn 0.76650000 -0.01740000 0.64200000
vn 0.38090000 -0.00940000 0.92460000
vn 0.24160000 0.69030000 0.68200000
vn 0.89030000 -0.01740000 0.45510000
vn 0.89130000 -0.01780000 0.45310000
vn 0.96490000 -0.01750000 0.26200000
vn 0.96500000 -0.01750000 0.26170000
vn 0.99920000 -0.01740000 0.03680000
vn 0.99980000 -0.01750000 0.00600000
vn 0.99910000 -0.01740000 0.03880000
vn 0.99910000 -0.01740000 0.03850000
vn 0.96400000 -0.01750000 0.26520000
vn 0.96420000 -0.01750000 0.26470000
vn 0.88910000 -0.01720000 0.45740000
vn 0.88930000 -0.01740000 0.45700000
vn 0.76750000 -0.01730000 0.64080000
vn 0.96310000 -0.01750000 0.26860000
vn 0.96250000 -0.01760000 0.27080000
vn 0.88790000 -0.01730000 0.45970000
vn 0.88290000 -0.01730000 0.46930000
vn 0.76840000 -0.01740000 0.63980000
vn 0.76900000 -0.01740000 0.63900000
vn 0.60950000 -0.01770000 0.79260000
vn 0.59000000 -0.01740000 0.80720000
vn 0.42020000 -0.01750000 0.90720000
vn 0.42090000 -0.01740000 0.90690000
vn 0.21290000 -0.01760000 0.97690000
vn 0.21280000 -0.01720000 0.97690000
vn 0.41890000 -0.01740000 0.90780000
vn 0.41880000 -0.01730000 0.90790000
vn 0.60960000 -0.01740000 0.79260000
vn 0.60940000 -0.01750000 0.79270000
vn 0.76680000 -0.01790000 0.64170000
vn 0.76680000 -0.01720000 0.64160000
vn 0.89000000 -0.01700000 0.45570000
vn 0.88980000 -0.01730000 0.45600000
vn 0.96470000 -0.01760000 0.26290000
vn 0.21280000 -0.01730000 0.97690000
vn 0.41880000 -0.01740000 0.90790000
vn 0.60940000 -0.01730000 0.79260000
vn 0.76700000 -0.01730000 0.64140000
vn 0.21290000 -0.01730000 0.97690000
vn 0.41900000 -0.01740000 0.90780000
vn 0.99910000 -0.01740000 0.03770000
vn 0.99910000 -0.01740000 0.03810000
vn 0.21270000 -0.01770000 0.97700000
vn 0.41920000 -0.01760000 0.90770000
vn 0.60930000 -0.01760000 0.79270000
vn 0.96440000 -0.01750000 0.26400000
vn -0.49540000 -0.01690000 0.86850000
vn -0.49640000 -0.01770000 0.86790000
vn -0.54620000 -0.01710000 0.83750000
vn -0.40850000 -0.01850000 0.91260000
vn -0.31450000 -0.01780000 0.94910000
vn -0.27880000 -0.01780000 0.96020000
vn -0.19400000 -0.01770000 0.98080000
vn -0.14390000 -0.01760000 0.98940000
vn -0.11040000 -0.01740000 0.99370000
vn -0.00620000 -0.01700000 0.99980000
vn -0.00090000 -0.01690000 0.99990000
vn 0.00440000 -0.01690000 0.99980000
vn 0.00500000 -0.01670000 0.99980000
vn -0.54010000 -0.03140000 0.84100000
vn -0.53030000 0.00160000 0.84780000
vn -0.52230000 -0.01270000 0.85260000
vn -0.52220000 -0.02030000 0.85260000
vn 0.25340000 -0.69880000 0.66900000
vn 0.26250000 -0.65560000 0.70800000
vn 0.22090000 -0.70150000 0.67750000
vn 0.19790000 -0.66760000 0.71770000
vn 0.16900000 -0.70520000 0.68860000
vn 0.13310000 -0.67200000 0.72850000
vn 0.12950000 -0.70730000 0.69490000
vn 0.06660000 -0.70950000 0.70160000
vn 0.06780000 -0.67480000 0.73490000
vn 0.03500000 -0.67560000 0.73640000
vn 0.06880000 -0.64170000 0.76390000
vn 0.00140000 -0.64260000 0.76620000
vn 0.26350000 -0.62990000 0.73060000
vn 0.25930000 -0.63040000 0.73170000
vn 0.25550000 -0.63070000 0.73270000
vn 0.25160000 -0.63100000 0.73390000
vn 0.24560000 -0.63150000 0.73540000
vn 0.23930000 -0.63200000 0.73710000
vn 0.23320000 -0.63250000 0.73860000
vn 0.18490000 -0.63620000 0.74900000
vn 0.11870000 -0.64000000 0.75920000
vn 0.00150000 -0.67010000 0.74220000
vn 0.00200000 -0.68740000 0.72620000
vn 0.00210000 -0.71020000 0.70390000
vn -0.07270000 -0.99720000 0.01730000
vn -0.07260000 -0.99730000 0.00980000
vn -0.06380000 -0.99790000 0.01320000
vn -0.06360000 -0.99800000 0.00600000
vn -0.06390000 -0.99790000 0.01320000
vn -0.04710000 -0.99890000 0.00750000
vn -0.04890000 -0.99880000 0.00100000
vn -0.03750000 -0.99930000 -0.00200000
vn -0.03110000 -0.99950000 0.00370000
vn -0.01900000 -0.99980000 -0.00520000
vn -0.01380000 -0.99990000 0.00130000
vn -0.00030000 -1.00000000 -0.00630000
vn 0.00040000 -1.00000000 0.00070000
vn 0.01840000 -0.99980000 -0.00530000
vn 0.01740000 -0.99980000 0.00160000
vn 0.03680000 -0.99930000 -0.00230000
vn 0.03200000 -0.99950000 0.00370000
vn 0.04800000 -0.99880000 0.00760000
vn 0.04950000 -0.99880000 0.00100000
vn 0.06200000 -0.99810000 0.00510000
vn 0.06310000 -0.99790000 0.01270000
vn 0.06540000 -0.99780000 0.00650000
vn 0.06330000 -0.99790000 0.01280000
vn 0.06880000 -0.99760000 0.00790000
vn 0.07210000 -0.99730000 0.00940000
vn 0.07220000 -0.99720000 0.01680000
vn -0.91820000 0.13120000 -0.37380000
vn -0.91850000 0.12890000 -0.37370000
vn -0.91850000 0.12910000 -0.37380000
vn -0.91840000 0.12910000 -0.37390000
vn -0.93030000 0.13190000 -0.34220000
vn -0.94460000 0.13550000 -0.29890000
vn -0.94300000 0.13490000 -0.30420000
vn -0.96390000 0.14510000 -0.22310000
vn -0.96390000 0.14510000 -0.22320000
vn -0.96390000 0.14530000 -0.22320000
vn -0.96450000 0.14440000 -0.22120000
vn 0.56240000 0.75870000 0.32870000
vn 0.55280000 0.75740000 0.34740000
vn 0.54070000 0.75780000 0.36520000
vn 0.52570000 0.75550000 0.39090000
vn 0.49790000 0.75470000 0.42720000
vn 0.49520000 0.75370000 0.43210000
vn 0.46090000 0.75320000 0.46920000
vn 0.46450000 0.75250000 0.46680000
vn 0.43240000 0.75300000 0.49590000
vn 0.57790000 0.75810000 0.30220000
vn 0.58250000 0.75900000 0.29100000
vn 0.60040000 0.75830000 0.25400000
vn 0.59680000 0.75910000 0.25980000
vn 0.61630000 0.75970000 0.20740000
vn 0.63710000 0.75570000 0.15170000
vn 0.63190000 0.75680000 0.16750000
vn 0.61880000 0.75880000 0.20300000
vn 0.60300000 0.75750000 0.25020000
vn 0.58090000 0.75730000 0.29850000
vn 0.64640000 0.75820000 0.08590000
vn 0.64180000 0.76070000 0.09770000
vn 0.66910000 0.74320000 0.00050000
vn 0.67920000 0.73330000 -0.03050000
vn 0.69740000 0.71200000 -0.08190000
vn 0.71410000 0.68570000 -0.14090000
vn 0.72010000 0.67430000 -0.16360000
vn 0.72810000 0.64030000 -0.24480000
vn 0.72730000 0.65200000 -0.21440000
vn 0.72820000 0.63760000 -0.25130000
vn 0.71700000 0.68170000 -0.14580000
vn 0.70140000 0.70690000 -0.09080000
vn 0.68810000 0.72370000 -0.05240000
vn 0.67010000 0.74230000 -0.00240000
vn 0.65930000 0.75120000 0.03230000
vn 0.65060000 0.75330000 0.09580000
vn 0.63720000 0.75520000 0.15400000
vn 0.62140000 0.75790000 0.19850000
vn 0.55620000 0.75650000 0.34400000
vn 0.52980000 0.75450000 0.38730000
vn 0.49440000 0.75270000 0.43470000
vn 0.42340000 0.75390000 0.50240000
vn 0.39830000 0.75420000 0.52210000
vn 0.38320000 0.75530000 0.53170000
vn 0.36250000 0.75570000 0.54550000
vn 0.34080000 0.75710000 0.55750000
vn 0.32530000 0.75720000 0.56640000
vn 0.29640000 0.75860000 0.58020000
vn 0.28690000 0.75830000 0.58530000
vn 0.25010000 0.75990000 0.60010000
vn 0.24710000 0.75940000 0.60190000
vn 0.20590000 0.75950000 0.61710000
vn 0.20640000 0.75920000 0.61730000
vn 0.20360000 0.76040000 0.61680000
vn 0.20220000 0.76050000 0.61700000
vn 0.23900000 0.76060000 0.60360000
vn 0.20060000 0.76090000 0.61710000
vn 0.19910000 0.76110000 0.61730000
vn 0.19770000 0.76130000 0.61750000
vn 0.29180000 0.75930000 0.58170000
vn 0.34160000 0.75750000 0.55640000
vn 0.38420000 0.75570000 0.53040000
vn 0.42310000 0.75450000 0.50170000
vn 0.45520000 0.75390000 0.47370000
vn -0.66350000 -0.72690000 0.17740000
vn -0.66070000 -0.72000000 0.21240000
vn -0.66510000 -0.71180000 0.22600000
vn -0.65980000 -0.70750000 0.25320000
vn -0.66380000 -0.70260000 0.25640000
vn -0.65640000 -0.69610000 0.29080000
vn -0.65580000 -0.68410000 0.31940000
vn -0.64980000 -0.68560000 0.32820000
vn -0.63930000 -0.67520000 0.36790000
vn -0.63590000 -0.67980000 0.36540000
vn -0.62290000 -0.66980000 0.40420000
vn -0.61990000 -0.67440000 0.40110000
vn -0.60450000 -0.66490000 0.43870000
vn -0.60190000 -0.66960000 0.43510000
vn -0.58450000 -0.66050000 0.47130000
vn -0.57690000 -0.67970000 0.45300000
vn -0.55960000 -0.67100000 0.48650000
vn -0.57510000 -0.68460000 0.44790000
vn -0.55850000 -0.67580000 0.48110000
vn -0.55740000 -0.68070000 0.47530000
vn -0.53920000 -0.67230000 0.50720000
vn -0.53890000 -0.68190000 0.49460000
vn -0.52060000 -0.67340000 0.52480000
vn -0.52240000 -0.68290000 0.51060000
vn -0.50370000 -0.67480000 0.53930000
vn -0.52530000 -0.69200000 0.49510000
vn -0.49020000 -0.67550000 0.55090000
vn -0.65840000 -0.73290000 0.17110000
vn -0.65740000 -0.74250000 0.12870000
vn -0.65380000 -0.73700000 0.17140000
vn -0.64910000 -0.74110000 0.17180000
vn -0.65170000 -0.72840000 0.21150000
vn -0.64690000 -0.73270000 0.21130000
vn -0.64660000 -0.72060000 0.25010000
vn -0.62840000 -0.73850000 0.24430000
vn -0.62670000 -0.72780000 0.27840000
vn -0.62370000 -0.74310000 0.24240000
vn -0.62250000 -0.73230000 0.27610000
vn -0.61770000 -0.73730000 0.27360000
vn -0.61390000 -0.72740000 0.30670000
vn -0.60590000 -0.73680000 0.30020000
vn -0.60000000 -0.72730000 0.33320000
vn -0.59270000 -0.73720000 0.32430000
vn -0.58630000 -0.72770000 0.35590000
vn -0.58570000 -0.74720000 0.31420000
vn -0.57370000 -0.72820000 0.37490000
vn -0.64430000 -0.74510000 0.17200000
vn -0.61840000 -0.77400000 0.13600000
vn -0.62440000 -0.76200000 0.17200000
vn -0.61930000 -0.76620000 0.17160000
vn -0.62760000 -0.75010000 0.20830000
vn -0.62270000 -0.75460000 0.20710000
vn -0.57250000 -0.80860000 0.13560000
vn -0.60280000 -0.77960000 0.16990000
vn -0.61370000 -0.77070000 0.17120000
vn -0.61730000 -0.75930000 0.20590000
vn -0.61860000 -0.74800000 0.24040000
vn -0.59150000 -0.78870000 0.16780000
vn -0.58510000 -0.78740000 0.19420000
vn -0.59610000 -0.77780000 0.19910000
vn -0.59880000 -0.76700000 0.23040000
vn -0.60720000 -0.76830000 0.20260000
vn -0.60920000 -0.75730000 0.23550000
vn -0.59000000 -0.76640000 0.25390000
vn -0.59930000 -0.75660000 0.26150000
vn -0.60880000 -0.74670000 0.26790000
vn -0.59720000 -0.74680000 0.29260000
vn -0.55360000 -0.70970000 0.43580000
vn -0.56720000 -0.70900000 0.41900000
vn -0.57780000 -0.71830000 0.38750000
vn -0.59260000 -0.71760000 0.36600000
vn -0.60730000 -0.71760000 0.34100000
vn -0.61820000 -0.72240000 0.30970000
vn -0.62230000 -0.71770000 0.31260000
vn -0.64390000 -0.70950000 0.28630000
vn -0.65120000 -0.71620000 0.25100000
vn -0.65630000 -0.72420000 0.21190000
vn -0.53920000 -0.69140000 0.48090000
vn -0.55420000 -0.70010000 0.45020000
vn -0.57040000 -0.69900000 0.43130000
vn -0.58260000 -0.70820000 0.39880000
vn -0.58700000 -0.69860000 0.40910000
vn -0.59830000 -0.70810000 0.37510000
vn -0.60150000 -0.70300000 0.37950000
vn -0.61100000 -0.71270000 0.34470000
vn -0.60450000 -0.69810000 0.38360000
vn -0.61460000 -0.70790000 0.34810000
vn -0.62890000 -0.68900000 0.36030000
vn -0.63820000 -0.69920000 0.32230000
vn -0.64200000 -0.69450000 0.32480000
vn -0.64820000 -0.70500000 0.28780000
vn -0.65230000 -0.70050000 0.28940000
vn -0.65540000 -0.71180000 0.25230000
vn -0.48340000 -0.66700000 0.56700000
vn -0.44850000 -0.65960000 0.60310000
vn -0.46140000 -0.65940000 0.59350000
vn -0.44760000 -0.65420000 0.60970000
vn -0.45390000 -0.65110000 0.60830000
vn -0.44450000 -0.64660000 0.61990000
vn -0.44740000 -0.64270000 0.62200000
vn -0.43870000 -0.63770000 0.63310000
vn -0.44460000 -0.63820000 0.62850000
vn -0.44190000 -0.63400000 0.63470000
vn -0.47100000 -0.64500000 0.60180000
vn -0.46900000 -0.64050000 0.60810000
vn -0.49560000 -0.65210000 0.57370000
vn -0.49450000 -0.64740000 0.57990000
vn -0.51850000 -0.65960000 0.54410000
vn -0.51820000 -0.65490000 0.55010000
vn -0.53960000 -0.66740000 0.51330000
vn -0.53990000 -0.66270000 0.51900000
vn -0.42960000 -0.62860000 0.64840000
vn -0.43290000 -0.61640000 0.65780000
vn -0.46300000 -0.62250000 0.63100000
vn -0.46210000 -0.61790000 0.63620000
vn -0.49110000 -0.62440000 0.60740000
vn -0.49070000 -0.61980000 0.61240000
vn -0.51840000 -0.62680000 0.58160000
vn -0.51850000 -0.62220000 0.58650000
vn -0.54470000 -0.63000000 0.55360000
vn -0.51880000 -0.61770000 0.59100000
vn -0.55690000 -0.62870000 0.54270000
vn -0.41150000 -0.61280000 0.67460000
vn -0.43110000 -0.61190000 0.66320000
vn -0.46100000 -0.61340000 0.64130000
vn -0.49010000 -0.61540000 0.61740000
vn -0.39560000 -0.59820000 0.69690000
vn -0.42920000 -0.60750000 0.66840000
vn -0.45970000 -0.60900000 0.64640000
vn -0.47180000 -0.60710000 0.63940000
vn -0.42760000 -0.60310000 0.67340000
vn -0.39430000 -0.59670000 0.69890000
vn -0.42220000 -0.59830000 0.68100000
vn -0.39310000 -0.59500000 0.70110000
vn -0.39040000 -0.59820000 0.69980000
vn -0.38910000 -0.60100000 0.69810000
vn -0.56880000 -0.63790000 0.51930000
vn -0.57490000 -0.63490000 0.51610000
vn -0.59040000 -0.64650000 0.48320000
vn -0.61190000 -0.65100000 0.44920000
vn -0.60940000 -0.65570000 0.44580000
vn -0.62570000 -0.66520000 0.40730000
vn -0.60710000 -0.66020000 0.44230000
vn -0.63740000 -0.66650000 0.38670000
vn -0.64600000 -0.69000000 0.32650000
vn -0.58860000 -0.65100000 0.47930000
vn -0.58660000 -0.65580000 0.47520000
vn -0.56760000 -0.64240000 0.51490000
vn -0.56620000 -0.64710000 0.51060000
vn -0.56460000 -0.65200000 0.50620000
vn -0.54410000 -0.63440000 0.54910000
vn -0.54330000 -0.63900000 0.54450000
vn -0.54230000 -0.64380000 0.53980000
vn -0.58940000 -0.69370000 0.41400000
vn -0.59190000 -0.68870000 0.41870000
vn -0.57340000 -0.68960000 0.44250000
vn -0.55590000 -0.69010000 0.46330000
vn -0.51910000 -0.66440000 0.53760000
vn -0.49710000 -0.65680000 0.56710000
vn -0.47300000 -0.64950000 0.59540000
vn -0.49140000 -0.62900000 0.60230000
vn -0.51780000 -0.63630000 0.57190000
vn -0.61670000 -0.67920000 0.39800000
vn -0.63250000 -0.68430000 0.36290000
vn -0.47800000 -0.65800000 0.58180000
vn -0.50020000 -0.66550000 0.55390000
vn -0.51820000 -0.63140000 0.57680000
vn -0.37940000 0.03590000 -0.92450000
vn -0.37410000 0.03620000 -0.92670000
vn -0.31660000 0.03760000 -0.94780000
vn -0.37310000 0.03630000 -0.92710000
vn -0.31430000 0.03770000 -0.94860000
vn -0.37500000 0.03660000 -0.92630000
vn -0.42830000 0.03430000 -0.90300000
vn -0.43350000 0.03520000 -0.90040000
vn -0.48210000 0.03280000 -0.87550000
vn -0.48980000 0.03390000 -0.87120000
vn -0.53340000 0.03040000 -0.84530000
vn -0.54400000 0.03300000 -0.83840000
vn -0.58290000 0.02820000 -0.81200000
vn -0.59590000 0.03200000 -0.80240000
vn -0.63050000 0.02630000 -0.77580000
vn -0.64590000 0.03140000 -0.76280000
vn -0.67600000 0.02440000 -0.73650000
vn -0.69330000 0.03110000 -0.72000000
vn -0.71950000 0.02250000 -0.69420000
vn -0.73880000 0.03120000 -0.67320000
vn -0.74350000 0.02160000 -0.66830000
vn -0.78570000 0.01970000 -0.61830000
vn -0.78890000 0.01430000 -0.61440000
vn -0.82750000 0.01110000 -0.56140000
vn -0.80470000 0.00730000 -0.59370000
vn -0.84790000 0.00240000 -0.53010000
vn -0.43000000 0.03430000 -0.90220000
vn -0.43960000 0.03360000 -0.89760000
vn -0.48400000 0.03190000 -0.87450000
vn -0.49750000 0.03030000 -0.86700000
vn -0.53570000 0.02930000 -0.84390000
vn -0.55270000 0.02710000 -0.83290000
vn -0.58550000 0.02650000 -0.81030000
vn -0.60550000 0.02330000 -0.79550000
vn -0.63320000 0.02370000 -0.77360000
vn -0.65590000 0.01960000 -0.75460000
vn -0.67890000 0.02100000 -0.73390000
vn -0.70390000 0.01550000 -0.71010000
vn -0.72230000 0.01840000 -0.69130000
vn -0.74930000 0.01220000 -0.66220000
vn -0.74650000 0.01720000 -0.66520000
vn -0.86230000 0.00780000 -0.50640000
vn -0.88580000 -0.00230000 -0.46410000
vn -0.89330000 0.00470000 -0.44930000
vn -0.91850000 -0.00660000 -0.39530000
vn -0.92070000 0.00190000 -0.39030000
vn -0.94600000 -0.00970000 -0.32390000
vn -0.94440000 -0.00000000 -0.32880000
vn -0.96550000 -0.01140000 -0.26000000
vn -0.96400000 -0.00130000 -0.26590000
vn -0.98090000 -0.01190000 -0.19420000
vn -0.97830000 0.00840000 -0.20700000
vn -0.96220000 0.00840000 -0.27240000
vn -0.97540000 0.03110000 -0.21840000
vn -0.95310000 0.02810000 -0.30130000
vn -0.94200000 0.00910000 -0.33550000
vn -0.92440000 0.02850000 -0.38040000
vn -0.91810000 0.01040000 -0.39620000
vn -0.91800000 0.02940000 -0.39560000
vn -0.88180000 0.02980000 -0.47060000
vn -0.83990000 0.03050000 -0.54190000
vn -0.85920000 0.01490000 -0.51150000
vn -0.89050000 0.01250000 -0.45490000
vn -0.82430000 0.01740000 -0.56590000
vn -0.79220000 0.03110000 -0.60940000
vn -0.04470000 0.99900000 -0.00000000
vn 0.30660000 0.95180000 -0.00000000
vn -0.04470000 0.99900000 -0.00000000
vn 0.56000000 0.82850000 -0.00000000
vn 0.62100000 0.78380000 -0.00000000
vn 0.85520000 0.51830000 -0.00000000
vn 0.98000000 0.19900000 -0.00000000
vn 0.97970000 0.20030000 -0.00000000
vn 0.97950000 0.20140000 -0.00000000
vn 0.97930000 0.20250000 -0.00000000
vn 0.97880000 0.20470000 -0.00000000
vn 0.95660000 0.29130000 -0.00000000
vn -0.30370000 0.03730000 -0.95200000
vn -0.30330000 0.03740000 -0.95220000
vn -0.28740000 0.03610000 -0.95710000
vn -0.28680000 0.03700000 -0.95730000
vn -0.27450000 0.03640000 -0.96090000
vn -0.28590000 0.03780000 -0.95750000
vn -0.27380000 0.03800000 -0.96100000
vn -0.28310000 0.03880000 -0.95830000
vn -0.27110000 0.03960000 -0.96170000
vn -0.24110000 0.04560000 -0.96940000
vn -0.24690000 0.04200000 -0.96810000
vn -0.22180000 0.04430000 -0.97410000
vn -0.22400000 0.03810000 -0.97380000
vn -0.17140000 0.03750000 -0.98450000
vn -0.16940000 0.02790000 -0.98520000
vn -0.11380000 0.02280000 -0.99320000
vn -0.16560000 0.01940000 -0.98600000
vn -0.08240000 0.01010000 -0.99650000
vn -0.05710000 0.01920000 -0.99820000
vn 0.00010000 0.00640000 -1.00000000
vn -0.00000000 0.01680000 -0.99990000
vn -0.00000000 0.03160000 -0.99950000
vn -0.05900000 0.03560000 -0.99760000
vn -0.00000000 0.05410000 -0.99850000
vn -0.05950000 0.06060000 -0.99640000
vn -0.00010000 0.09260000 -0.99570000
vn -0.08590000 0.08460000 -0.99270000
vn -0.11610000 0.05600000 -0.99170000
vn -0.16500000 0.06480000 -0.98420000
vn -0.17020000 0.05050000 -0.98410000
vn -0.30810000 0.03740000 -0.95060000
vn -0.30820000 0.03740000 -0.95060000
vn -0.30880000 0.03780000 -0.95040000
vn -0.30750000 0.03760000 -0.95080000
vn -0.30760000 0.03750000 -0.95080000
vn -0.31440000 0.03770000 -0.94850000
vn -0.30680000 0.03780000 -0.95100000
vn -0.29980000 0.03780000 -0.95330000
vn -0.30190000 0.03760000 -0.95260000
vn -0.22330000 0.03240000 -0.97420000
vn -0.24690000 0.03120000 -0.96850000
vn -0.24920000 0.03460000 -0.96780000
vn -0.24930000 0.03800000 -0.96770000
vn -0.11610000 0.03650000 -0.99260000
vn -0.00000000 -1.00000000 -0.00000000
vn -0.00000000 -1.00000000 -0.00000000
vn -0.00000000 -1.00000000 -0.00000000
vn -0.00000000 -1.00000000 -0.00000000
vn -0.00000000 -1.00000000 -0.00000000
vn -0.00000000 -1.00000000 -0.00000000
vn -0.00000000 -1.00000000 -0.00000000
vn -0.00000000 -0.00000000 1.00000000
vn -0.00000000 -1.00000000 -0.00000000
vn -0.00000000 -1.00000000 -0.00000000
vn -0.00000000 -0.00000000 1.00000000
vn -0.00000000 -1.00000000 -0.00000000
vn -0.00000000 -1.00000000 -0.00000000
vn -0.00000000 -0.00000000 1.00000000
vn -0.00000000 -1.00000000 -0.00000000
vn -0.00000000 -1.00000000 -0.00000000
vn -0.00000000 -1.00000000 -0.00000000
vn -0.00000000 -1.00000000 -0.00000000
vn -0.00000000 -1.00000000 -0.00000000
vn -0.00000000 -1.00000000 -0.00000000
vn -0.00010000 -1.00000000 -0.00000000
vn -0.00010000 -1.00000000 -0.00000000
vn -0.00000000 -1.00000000 -0.00000000
vn -0.00000000 -1.00000000 -0.00000000
vn -0.00010000 -1.00000000 -0.00000000
vn -0.00000000 -1.00000000 -0.00000000
vn 0.00010000 -1.00000000 -0.00010000
vn -0.00000000 -1.00000000 -0.00000000
vn -0.00020000 -1.00000000 -0.00000000
vn -0.00000000 -1.00000000 -0.00000000
vn -0.00000000 -1.00000000 -0.00010000
vn -0.00000000 -1.00000000 -0.00010000
vn -0.00000000 -1.00000000 -0.00000000
vn -0.00010000 -1.00000000 -0.00010000
vn -0.00000000 -1.00000000 -0.00000000
vn -0.00000000 -1.00000000 -0.00000000
vn -0.00000000 -1.00000000 -0.00000000
vn -0.00000000 -1.00000000 -0.00000000
vn -0.00000000 -1.00000000 -0.00000000
vn -0.00000000 -1.00000000 -0.00000000
vn -0.00000000 -1.00000000 -0.00000000
vn -0.00000000 -1.00000000 -0.00000000
vn -0.00000000 -1.00000000 -0.00000000
vn -0.00000000 -1.00000000 -0.00000000
vn -0.00000000 -1.00000000 -0.00000000
vn -0.00000000 -1.00000000 -0.00000000
vn -0.00000000 -1.00000000 -0.00000000
vn -0.00000000 -1.00000000 -0.00000000
vn -0.20520000 0.76010000 0.61650000
vn -0.22930000 0.76030000 0.60780000
vn -0.20460000 0.76080000 0.61590000
vn -0.20420000 0.76050000 0.61640000
vn -0.20380000 0.76040000 0.61660000
vn -0.26410000 0.76120000 0.59240000
vn -0.20300000 0.76100000 0.61610000
vn -0.20260000 0.76100000 0.61630000
vn -0.22680000 0.76170000 0.60690000
vn -0.20110000 0.76110000 0.61670000
vn -0.19970000 0.76130000 0.61690000
vn -0.19830000 0.76150000 0.61720000
vn -0.19670000 0.76170000 0.61730000
vn -0.25910000 0.76030000 0.59560000
vn -0.29330000 0.76030000 0.57960000
vn -0.32330000 0.76120000 0.56210000
vn -0.32750000 0.76050000 0.56070000
vn -0.36030000 0.76070000 0.53990000
vn -0.37860000 0.76150000 0.52620000
vn -0.39200000 0.76070000 0.51740000
vn -0.42210000 0.76080000 0.49290000
vn -0.43000000 0.76160000 0.48490000
vn -0.45100000 0.76090000 0.46660000
vn -0.47790000 0.76150000 0.43800000
vn -0.48780000 0.76060000 0.42830000
vn -0.52140000 0.76110000 0.38580000
vn -0.52450000 0.76050000 0.38290000
vn -0.55010000 0.76070000 0.34460000
vn -0.55570000 0.75990000 0.33730000
vn -0.57590000 0.76030000 0.30060000
vn -0.58650000 0.75930000 0.28200000
vn -0.59870000 0.75980000 0.25350000
vn -0.61250000 0.75870000 0.22170000
vn -0.61800000 0.75950000 0.20330000
vn -0.62040000 0.75860000 0.19920000
vn -0.63640000 0.75640000 0.15110000
vn -0.63660000 0.75710000 0.14700000
vn -0.64660000 0.75680000 0.09560000
vn -0.64250000 0.76130000 0.08690000
vn -0.64670000 0.75900000 0.07620000
vn -0.66700000 0.74500000 -0.00030000
vn -0.68610000 0.72550000 -0.05430000
vn -0.69510000 0.71400000 -0.08340000
vn -0.71420000 0.68460000 -0.14570000
vn -0.71760000 0.67690000 -0.16380000
vn -0.72790000 0.64080000 -0.24380000
vn -0.72800000 0.64080000 -0.24400000
vn -0.72790000 0.64070000 -0.24420000
vn -0.71510000 0.68130000 -0.15620000
vn -0.68700000 0.72410000 -0.06110000
vn -0.65920000 0.75160000 0.02440000
vn -0.63920000 0.75850000 0.12690000
vn -0.63020000 0.75840000 0.16650000
vn -0.61050000 0.76040000 0.22150000
vn -0.60830000 0.76030000 0.22800000
vn -0.72790000 0.64060000 -0.24430000
vn -0.60570000 0.76040000 0.23430000
vn -0.60290000 0.76070000 0.24050000
vn -0.57450000 0.76100000 0.30130000
vn -0.54070000 0.76150000 0.35730000
vn -0.51840000 0.76180000 0.38850000
vn -0.47410000 0.76220000 0.44090000
vn -0.41850000 0.76220000 0.49390000
vn -0.36300000 0.76210000 0.53620000
vn -0.31150000 0.76190000 0.56780000
vn -0.28410000 0.76190000 0.58210000
vn -0.25580000 0.76180000 0.59510000
vn 0.35590000 0.03670000 -0.93380000
vn 0.39530000 0.03560000 -0.91790000
vn 0.31430000 0.03690000 -0.94860000
vn 0.39680000 0.03520000 -0.91720000
vn 0.31590000 0.03680000 -0.94810000
vn 0.35270000 0.03590000 -0.93500000
vn 0.39840000 0.03480000 -0.91660000
vn 0.45060000 0.03280000 -0.89210000
vn 0.47500000 0.03270000 -0.87940000
vn 0.50320000 0.03020000 -0.86360000
vn 0.54860000 0.02990000 -0.83550000
vn 0.55380000 0.02710000 -0.83220000
vn 0.60230000 0.02370000 -0.79790000
vn 0.61830000 0.02650000 -0.78550000
vn 0.64890000 0.02010000 -0.76060000
vn 0.68380000 0.02310000 -0.72930000
vn 0.69340000 0.01640000 -0.72030000
vn 0.74500000 0.01980000 -0.66680000
vn 0.74990000 0.01150000 -0.66150000
vn 0.78720000 0.01710000 -0.61640000
vn 0.80510000 0.00590000 -0.59310000
vn 0.82570000 0.01420000 -0.56390000
vn 0.85220000 0.00010000 -0.52330000
vn 0.86050000 0.01120000 -0.50940000
vn 0.89720000 -0.00580000 -0.44150000
vn 0.89160000 0.00850000 -0.45280000
vn 0.91910000 0.00600000 -0.39400000
vn 0.88710000 0.02280000 -0.46100000
vn 0.91500000 0.02180000 -0.40280000
vn 0.91340000 0.03040000 -0.40600000
vn 0.93780000 0.03080000 -0.34590000
vn 0.40460000 0.03570000 -0.91380000
vn 0.45850000 0.03460000 -0.88800000
vn 0.47240000 0.03370000 -0.88080000
vn 0.51670000 0.03400000 -0.85550000
vn 0.54530000 0.03250000 -0.83760000
vn 0.57630000 0.03320000 -0.81660000
vn 0.61430000 0.03050000 -0.78850000
vn 0.63330000 0.03260000 -0.77320000
vn 0.67940000 0.02900000 -0.73320000
vn 0.68750000 0.03220000 -0.72550000
vn 0.74040000 0.02760000 -0.67160000
vn 0.73870000 0.03180000 -0.67330000
vn 0.78060000 0.03170000 -0.62420000
vn 0.78240000 0.02660000 -0.62220000
vn 0.81890000 0.03120000 -0.57300000
vn 0.82080000 0.02530000 -0.57060000
vn 0.85390000 0.03080000 -0.51950000
vn 0.85570000 0.02390000 -0.51690000
vn 0.88540000 0.03050000 -0.46390000
vn 0.93930000 0.02150000 -0.34250000
vn 0.95850000 0.03160000 -0.28340000
vn 0.95980000 0.02200000 -0.27990000
vn 0.97520000 0.03330000 -0.21860000
vn 0.97830000 0.00830000 -0.20720000
vn 0.96280000 0.00380000 -0.27020000
vn 0.98090000 -0.01380000 -0.19420000
vn 0.96550000 -0.01340000 -0.26020000
vn 0.94290000 0.00460000 -0.33300000
vn 0.94590000 -0.01180000 -0.32410000
vn 0.93460000 -0.01060000 -0.35550000
vn -0.73650000 0.67640000 -0.00000000
vn -0.62160000 0.78330000 -0.00000000
vn -0.38350000 0.92350000 -0.00000000
vn -0.30740000 0.95160000 -0.00000000
vn 0.04470000 0.99900000 -0.00000000
vn 0.04440000 0.99900000 -0.00000000
vn -0.85570000 0.51740000 -0.00000000
vn -0.95570000 0.29450000 -0.00000000
vn -0.98010000 0.19850000 -0.00000000
vn -0.97990000 0.19970000 -0.00000000
vn -0.16630000 0.43040000 0.88720000
vn -0.25180000 0.43060000 0.86670000
vn -0.24180000 0.43040000 0.86960000
vn -0.26110000 0.43060000 0.86390000
vn -0.26890000 0.43040000 0.86160000
vn -0.27420000 0.43040000 0.86000000
vn -0.27420000 0.43050000 0.86000000
vn -0.27590000 0.43040000 0.85940000
vn -0.27600000 0.43040000 0.85940000
vn -0.27620000 0.43000000 0.85950000
vn -0.17350000 0.43040000 0.88580000
vn -0.12810000 0.43040000 0.89350000
vn -0.07920000 0.43040000 0.89920000
vn -0.09450000 0.43030000 0.89770000
vn -0.08980000 0.43030000 0.89820000
vn -0.08170000 0.43040000 0.89890000
vn -0.07100000 0.43030000 0.89990000
vn -0.05700000 0.43040000 0.90080000
vn 0.00840000 0.43050000 0.90260000
vn 0.00860000 0.43050000 0.90260000
vn -0.10820000 -0.04380000 0.99320000
vn -0.14420000 -0.04460000 0.98850000
vn -0.10810000 -0.04370000 0.99320000
vn -0.19740000 -0.04570000 0.97930000
vn -0.10800000 -0.04370000 0.99320000
vn -0.10770000 -0.04370000 0.99320000
vn -0.19260000 -0.04570000 0.98020000
vn -0.21490000 -0.04620000 0.97550000
vn -0.23210000 -0.04650000 0.97160000
vn -0.26560000 -0.04710000 0.96290000
vn -0.25330000 -0.04680000 0.96620000
vn -0.27220000 -0.04720000 0.96110000
vn -0.28220000 -0.04740000 0.95820000
vn -0.30210000 -0.04770000 0.95210000
vn -0.28950000 -0.04500000 0.95610000
vn -0.19900000 -0.25910000 0.94510000
vn -0.15170000 -0.25210000 0.95570000
vn -0.10530000 -0.25110000 0.96220000
vn -0.07500000 -0.24520000 0.96660000
vn -0.09230000 -0.25080000 0.96360000
vn -0.05940000 -0.24620000 0.96740000
vn -0.05000000 -0.23810000 0.97000000
vn -0.03450000 -0.23870000 0.97050000
vn -0.02510000 -0.23180000 0.97240000
vn -0.01240000 -0.23050000 0.97300000
vn -0.21300000 -0.25630000 0.94280000
vn -0.22210000 -0.26280000 0.93890000
vn -0.24720000 -0.25780000 0.93400000
vn -0.26370000 -0.27000000 0.92610000
vn -0.34620000 -0.25880000 0.90170000
vn -0.38000000 -0.28550000 0.87990000
vn -0.51740000 -0.26410000 0.81400000
vn -0.59960000 -0.29780000 0.74280000
vn -0.69810000 -0.26850000 0.66370000
vn -0.75390000 -0.29780000 0.58570000
vn -0.86130000 -0.29340000 0.41490000
vn -0.92180000 -0.25280000 0.29380000
vn -0.95590000 -0.27710000 0.09730000
vn -0.97060000 -0.24060000 0.00010000
vn -0.97370000 -0.22450000 -0.03820000
vn -0.00000000 -0.23020000 0.97320000
vn -0.00160000 -0.23050000 0.97310000
vn -0.00030000 -0.23010000 0.97320000
vn -0.25160000 -0.69900000 0.66940000
vn -0.23890000 -0.70030000 0.67270000
vn -0.25790000 -0.67710000 0.68930000
vn -0.22620000 -0.70140000 0.67590000
vn -0.21090000 -0.68330000 0.69900000
vn -0.21360000 -0.70260000 0.67880000
vn -0.16920000 -0.70570000 0.68810000
vn -0.16540000 -0.68630000 0.70830000
vn -0.12510000 -0.70790000 0.69510000
vn -0.12000000 -0.68840000 0.71530000
vn -0.06210000 -0.70970000 0.70180000
vn -0.07440000 -0.68930000 0.72060000
vn 0.00080000 -0.68690000 0.72680000
vn -0.07490000 -0.67390000 0.73500000
vn 0.00400000 -0.67030000 0.74210000
vn -0.07490000 -0.67010000 0.73850000
vn -0.04960000 -0.64230000 0.76490000
vn -0.10140000 -0.64110000 0.76080000
vn 0.00200000 -0.71020000 0.70400000
vn 0.00850000 -0.64260000 0.76620000
vn -0.12120000 -0.66910000 0.73320000
vn -0.15180000 -0.63880000 0.75420000
vn -0.16730000 -0.66710000 0.72590000
vn -0.20490000 -0.63530000 0.74460000
vn -0.21380000 -0.66390000 0.71660000
vn -0.22410000 -0.63370000 0.74040000
vn -0.26220000 -0.64450000 0.71830000
vn -0.24350000 -0.63200000 0.73570000
vn -0.26280000 -0.63010000 0.73070000
vn -0.26090000 -0.65970000 0.70480000
vn -0.21330000 -0.66800000 0.71290000
vn -0.16700000 -0.67120000 0.72230000
vn -0.12110000 -0.67300000 0.72970000
vn -0.43790000 -0.02920000 0.89850000
vn -0.48020000 -0.03080000 0.87660000
vn -0.48490000 -0.03510000 0.87390000
vn -0.55960000 -0.03450000 0.82810000
vn -0.57180000 -0.03920000 0.81950000
vn -0.64510000 -0.03880000 0.76310000
vn -0.65260000 -0.04330000 0.75640000
vn -0.73030000 -0.04480000 0.68170000
vn -0.72720000 -0.04900000 0.68460000
vn -0.77280000 -0.05270000 0.63240000
vn -0.72690000 -0.04960000 0.68500000
vn -0.77240000 -0.05320000 0.63290000
vn -0.72220000 -0.05560000 0.68950000
vn -0.76770000 -0.05960000 0.63800000
vn -0.73680000 -0.05940000 0.67350000
vn -0.77080000 -0.06240000 0.63400000
vn -0.80310000 -0.06560000 0.59220000
vn -0.80920000 -0.06360000 0.58410000
vn -0.83080000 -0.06850000 0.55230000
vn -0.84670000 -0.06790000 0.52770000
vn -0.84290000 -0.07000000 0.53350000
vn -0.87950000 -0.07470000 0.46990000
vn -0.88030000 -0.07240000 0.46890000
vn -0.90980000 -0.07720000 0.40780000
vn -0.91380000 -0.07110000 0.40000000
vn -0.93890000 -0.07620000 0.33570000
vn -0.93920000 -0.07570000 0.33500000
vn -0.96780000 -0.08340000 0.23730000
vn -0.95620000 -0.07510000 0.28300000
vn -0.96990000 -0.07930000 0.23010000
vn -0.79650000 -0.05070000 0.60250000
vn -0.81420000 -0.05690000 0.57770000
vn -0.81380000 -0.05740000 0.57820000
vn -0.83020000 -0.05420000 0.55480000
vn -0.85160000 -0.06110000 0.52060000
vn -0.85120000 -0.06170000 0.52120000
vn -0.88000000 -0.06050000 0.47120000
vn -0.88490000 -0.06580000 0.46120000
vn -0.88450000 -0.06620000 0.46180000
vn -0.92140000 -0.06740000 0.38270000
vn -0.91410000 -0.07050000 0.39940000
vn -0.92510000 -0.06810000 0.37370000
vn -0.92860000 -0.06870000 0.36460000
vn -0.93210000 -0.06940000 0.35550000
vn -0.97820000 -0.08740000 0.18820000
vn -0.98280000 -0.08460000 0.16390000
vn -0.98590000 -0.09140000 0.14000000
vn -0.98750000 -0.08740000 0.13120000
vn -0.99150000 -0.09080000 0.09310000
vn -0.99360000 -0.09250000 0.06530000
vn -0.99230000 -0.09570000 0.07840000
vn -0.99090000 -0.09480000 0.09570000
vn -0.98570000 -0.09180000 0.14130000
vn -0.97800000 -0.08790000 0.18900000
vn -0.97550000 -0.09410000 0.19870000
vn -0.96470000 -0.09020000 0.24730000
vn -0.97020000 -0.09390000 0.22330000
vn -0.96340000 -0.09190000 0.25190000
vn -0.99310000 -0.09590000 0.06690000
vn -0.99410000 -0.08770000 0.06450000
vn -0.99330000 -0.09180000 0.07030000
vn -0.99350000 -0.08960000 0.07090000
vn -0.99350000 -0.08960000 0.07080000
vn -0.99320000 -0.09230000 0.07110000
vn -0.99280000 -0.09350000 0.07520000
vn -0.99280000 -0.09360000 0.07530000
vn -0.99210000 -0.10080000 0.07540000
vn -0.99210000 -0.10070000 0.07540000
vn -0.99190000 -0.09840000 0.08080000
vn -0.99210000 -0.09750000 0.07950000
vn -0.99410000 -0.08570000 0.06640000
vn -0.99180000 -0.10260000 0.07560000
vn -0.99160000 -0.10280000 0.07850000
vn -0.99160000 -0.10270000 0.07850000
vn -0.99300000 -0.09640000 0.06790000
vn -0.99150000 -0.10280000 0.07950000
vn -0.99130000 -0.10300000 0.08220000
vn -0.99130000 -0.10310000 0.08230000
vn -0.99070000 -0.10260000 0.08970000
vn -0.99060000 -0.10320000 0.08970000
vn -0.98990000 -0.10270000 0.09790000
vn -0.98910000 -0.10160000 0.10680000
vn -0.98930000 -0.10240000 0.10380000
vn -0.98750000 -0.10130000 0.12070000
vn -0.98360000 -0.09800000 0.15130000
vn -0.98400000 -0.09960000 0.14740000
vn -0.97850000 -0.09700000 0.18230000
vn -0.95830000 -0.09000000 0.27110000
vn -0.95260000 -0.08860000 0.29110000
vn -0.93530000 -0.08230000 0.34420000
vn -0.93890000 -0.08520000 0.33340000
vn -0.93010000 -0.08330000 0.35770000
vn -0.92380000 -0.08220000 0.37400000
vn -0.91720000 -0.08100000 0.39020000
vn -0.91030000 -0.07960000 0.40610000
vn -0.68440000 -0.05560000 0.72690000
vn -0.64770000 -0.05040000 0.76020000
vn -0.65230000 -0.04370000 0.75670000
vn -0.60900000 -0.05090000 0.79160000
vn -0.56720000 -0.04580000 0.82230000
vn -0.57140000 -0.03970000 0.81970000
vn -0.56940000 -0.04880000 0.82060000
vn -0.49440000 -0.04540000 0.86800000
vn -0.48070000 -0.04190000 0.87590000
vn -0.42470000 -0.04280000 0.90430000
vn -0.38830000 -0.03880000 0.92070000
vn -0.38680000 -0.04170000 0.92120000
vn -0.29230000 -0.03630000 0.95560000
vn -0.28700000 -0.03910000 0.95710000
vn -0.28030000 -0.03910000 0.95910000
vn -0.27370000 -0.03860000 0.96100000
vn -0.24890000 -0.03540000 0.96790000
vn -0.26660000 -0.03450000 0.96320000
vn -0.02370000 0.99550000 0.09230000
vn -0.26420000 -0.01190000 0.96440000
vn -0.26110000 -0.03840000 0.96460000
vn -0.25800000 -0.03820000 0.96540000
vn -0.24080000 -0.03850000 0.96980000
vn -0.22570000 -0.03560000 0.97360000
vn -0.22320000 -0.03800000 0.97400000
vn -0.20630000 -0.03520000 0.97780000
vn -0.20560000 -0.03770000 0.97790000
vn -0.14870000 -0.03480000 0.98830000
vn -0.14150000 -0.03700000 0.98920000
vn -0.07480000 -0.03440000 0.99660000
vn -0.06990000 -0.03650000 0.99690000
vn -0.05170000 -0.03400000 0.99810000
vn -0.02950000 -0.03430000 0.99900000
vn -0.00800000 -0.03550000 0.99930000
vn -0.00800000 -0.03520000 0.99930000
vn -0.00800000 -0.03580000 0.99930000
vn -0.00810000 -0.03460000 0.99940000
vn -0.01870000 -0.03440000 0.99920000
vn -0.27800000 -0.03300000 0.96000000
vn -0.29490000 -0.03020000 0.95510000
vn -0.39150000 -0.03320000 0.91960000
vn -0.39180000 -0.03250000 0.91950000
vn -0.29250000 -0.03080000 0.95580000
vn -0.29260000 -0.03080000 0.95580000
vn -0.29520000 -0.03000000 0.95500000
vn -0.30240000 -0.02660000 0.95280000
vn -0.35030000 -0.02660000 0.93630000
vn -0.30540000 -0.02540000 0.95190000
vn -0.39440000 -0.02790000 0.91850000
vn -0.99220000 -0.09630000 0.07930000
vn -0.99070000 -0.09530000 0.09660000
vn -0.96760000 -0.08390000 0.23810000
vn -0.48450000 -0.03560000 0.87410000
vn -0.00000000 0.72830000 -0.68530000
vn -0.00000000 0.71200000 -0.70220000
vn -0.00000000 0.70760000 -0.70660000
vn -0.00000000 0.71760000 -0.69640000
vn -0.00000000 0.73370000 -0.67940000
vn -0.00000000 0.72310000 -0.69070000
vn -0.00000000 0.72910000 -0.68440000
vn -0.00000000 0.70710000 -0.70710000
vn -0.00000000 0.73460000 -0.67850000
vn -0.00000000 0.73980000 -0.67280000
vn -0.00000000 0.85670000 -0.51580000
vn -0.00000000 0.86220000 -0.50650000
vn -0.00000000 0.91830000 -0.39580000
vn -0.00000000 0.95150000 -0.30760000
vn -0.00000000 0.96370000 -0.26710000
vn -0.00000000 0.97930000 -0.20220000
vn -0.00000000 0.99090000 -0.13460000
vn -0.00000000 0.99550000 -0.09430000
vn -0.00000000 1.00000000 -0.00000000
vn -0.00000000 1.00000000 -0.00000000
vn -0.00010000 -0.03490000 -0.99940000
vn -0.00010000 -0.03440000 -0.99940000
vn -0.23220000 -0.03490000 -0.97200000
vn -0.30890000 -0.03490000 -0.95050000
vn -0.42540000 -0.03490000 -0.90440000
vn -0.58780000 -0.03490000 -0.80830000
vn -0.58780000 -0.03500000 -0.80830000
vn -0.72390000 -0.03490000 -0.68900000
vn -0.58760000 -0.03490000 -0.80840000
vn -0.80850000 -0.03490000 -0.58740000
vn -0.80850000 -0.03490000 -0.58740000
vn -0.95050000 -0.03490000 -0.30880000
vn -0.95050000 -0.03490000 -0.30880000
vn -0.97790000 -0.03490000 -0.20630000
vn -0.99940000 -0.03490000 -0.00000000
vn -0.99940000 -0.03490000 -0.00000000
vn -0.30890000 -0.03490000 -0.95040000
vn -0.30890000 -0.03490000 -0.95050000
vn -0.58750000 -0.03490000 -0.80850000
vn -0.92070000 -0.03490000 -0.38880000
vn -0.83500000 -0.03490000 -0.54920000
vn 0.63740000 -0.76680000 0.07580000
vn 0.65220000 -0.74650000 0.13150000
vn 0.59470000 -0.79980000 0.08200000
vn 0.60980000 -0.78070000 0.13680000
vn 0.56060000 -0.81670000 0.13690000
vn 0.54510000 -0.83410000 0.08460000
vn 0.57400000 -0.81830000 0.03040000
vn 0.61430000 -0.78880000 0.01930000
vn 0.54830000 -0.83610000 -0.01780000
vn 0.58450000 -0.81070000 -0.03350000
vn 0.51810000 -0.85300000 -0.06250000
vn 0.54870000 -0.83200000 -0.08200000
vn 0.48390000 -0.86900000 -0.10340000
vn 0.50770000 -0.85240000 -0.12560000
vn 0.44620000 -0.88390000 -0.14030000
vn 0.46220000 -0.87150000 -0.16370000
vn 0.40570000 -0.89760000 -0.17260000
vn 0.41350000 -0.88910000 -0.19640000
vn 0.36340000 -0.90980000 -0.20070000
vn 0.36250000 -0.90470000 -0.22390000
vn 0.31940000 -0.92050000 -0.22500000
vn 0.31030000 -0.91810000 -0.24640000
vn 0.27430000 -0.92980000 -0.24560000
vn 0.25730000 -0.92950000 -0.26410000
vn 0.25130000 -0.93380000 -0.25460000
vn 0.22800000 -0.93760000 -0.26240000
vn 0.21610000 -0.94240000 -0.25520000
vn 0.17330000 -0.94720000 -0.27000000
vn 0.52540000 -0.85010000 0.03590000
vn 0.50190000 -0.86480000 -0.00950000
vn 0.47510000 -0.87840000 -0.05190000
vn 0.44490000 -0.89090000 -0.09130000
vn 0.41150000 -0.90250000 -0.12760000
vn 0.37590000 -0.91280000 -0.15970000
vn 0.33860000 -0.92190000 -0.18830000
vn 0.29960000 -0.92980000 -0.21360000
vn 0.25880000 -0.93660000 -0.23600000
vn 0.18180000 -0.94400000 -0.27520000
vn 0.13100000 -0.95050000 -0.28160000
vn 0.13620000 -0.94890000 -0.28460000
vn 0.08870000 -0.95260000 -0.29100000
vn 0.09130000 -0.95180000 -0.29270000
vn 0.04620000 -0.95320000 -0.29870000
vn 0.07540000 -0.95200000 -0.29650000
vn 0.04740000 -0.95300000 -0.29910000
vn 0.02190000 -0.95340000 -0.30100000
vn 0.00060000 -0.95330000 -0.30190000
vn -0.00000000 -0.95330000 -0.30200000
vn 0.04560000 -0.95340000 -0.29820000
vn 0.10070000 -0.95060000 -0.29360000
vn 0.15160000 -0.94580000 -0.28710000
vn 0.20420000 -0.93890000 -0.27700000
vn -0.16430000 -0.97120000 0.17250000
vn -0.16870000 -0.97210000 0.16300000
vn -0.16420000 -0.97370000 0.15780000
vn -0.16780000 -0.97500000 0.14590000
vn -0.16300000 -0.97600000 0.14420000
vn -0.16520000 -0.97780000 0.12900000
vn -0.16060000 -0.97830000 0.13110000
vn -0.15710000 -0.98050000 0.11770000
vn -0.16070000 -0.98060000 0.11240000
vn -0.15240000 -0.98270000 0.10470000
vn -0.15460000 -0.98330000 0.09640000
vn -0.14600000 -0.98510000 0.09090000
vn -0.14690000 -0.98580000 0.08100000
vn -0.13770000 -0.98750000 0.07680000
vn -0.13760000 -0.98820000 0.06650000
vn -0.12710000 -0.98990000 0.06240000
vn -0.12690000 -0.99050000 0.05310000
vn -0.11590000 -0.99200000 0.05040000
vn -0.11480000 -0.99260000 0.04070000
vn -0.10850000 -0.99310000 0.04370000
vn -0.16790000 -0.96940000 0.17930000
vn -0.16300000 -0.96870000 0.18730000
vn -0.16540000 -0.96670000 0.19550000
vn -0.16210000 -0.96780000 0.19250000
vn -0.16110000 -0.96700000 0.19750000
vn -0.16000000 -0.96610000 0.20270000
vn -0.16150000 -0.96400000 0.21130000
vn -0.15830000 -0.96480000 0.20990000
vn -0.15600000 -0.96360000 0.21690000
vn -0.15590000 -0.96140000 0.22670000
vn -0.15350000 -0.96250000 0.22390000
vn -0.14750000 -0.96020000 0.23740000
vn -0.14880000 -0.95890000 0.24140000
vn -0.14030000 -0.95790000 0.25040000
vn -0.14020000 -0.95660000 0.25550000
vn -0.13230000 -0.95600000 0.26200000
vn -0.13040000 -0.95440000 0.26860000
vn -0.12420000 -0.95430000 0.27200000
vn -0.11920000 -0.95240000 0.28060000
vn -0.11610000 -0.95280000 0.28070000
vn -0.10700000 -0.95050000 0.29160000
vn -0.09870000 -0.95030000 0.29540000
vn -0.09370000 -0.94890000 0.30130000
vn -0.08700000 -0.94890000 0.30340000
vn -0.07950000 -0.94750000 0.30980000
vn -0.07600000 -0.94790000 0.30950000
vn -0.06460000 -0.94630000 0.31680000
vn -0.06460000 -0.94690000 0.31490000
vn -0.05230000 -0.94630000 0.31910000
vn -0.04890000 -0.94550000 0.32210000
vn -0.04000000 -0.94550000 0.32310000
vn -0.03290000 -0.94470000 0.32610000
vn -0.02710000 -0.94510000 0.32580000
vn -0.01650000 -0.94440000 0.32850000
vn -0.01380000 -0.94480000 0.32740000
vn -0.00000000 -0.94410000 0.32950000
vn 0.00020000 -0.94470000 0.32790000
vn 0.01280000 -0.94490000 0.32710000
vn 0.01650000 -0.94440000 0.32840000
vn 0.02530000 -0.94520000 0.32560000
vn 0.03290000 -0.94480000 0.32600000
vn 0.02690000 -0.94490000 0.32620000
vn 0.04060000 -0.94560000 0.32270000
vn 0.04900000 -0.94540000 0.32220000
vn 0.05410000 -0.94630000 0.31880000
vn 0.06450000 -0.94630000 0.31670000
vn 0.06720000 -0.94710000 0.31370000
vn 0.07950000 -0.94740000 0.30990000
vn 0.07980000 -0.94820000 0.30760000
vn 0.09370000 -0.94900000 0.30120000
vn 0.09170000 -0.94950000 0.30020000
vn 0.10300000 -0.95080000 0.29220000
vn 0.10700000 -0.95050000 0.29170000
vn 0.11370000 -0.95240000 0.28300000
vn 0.11940000 -0.95230000 0.28090000
vn 0.12340000 -0.95410000 0.27290000
vn 0.13040000 -0.95440000 0.26860000
vn 0.12910000 -0.95520000 0.26630000
vn 0.13440000 -0.95650000 0.25910000
vn 0.14020000 -0.95660000 0.25540000
vn 0.14180000 -0.95840000 0.24780000
vn 0.14880000 -0.95890000 0.24150000
vn 0.14820000 -0.96040000 0.23600000
vn 0.15590000 -0.96140000 0.22670000
vn 0.15360000 -0.96250000 0.22360000
vn 0.16150000 -0.96400000 0.21130000
vn 0.15790000 -0.96470000 0.21090000
vn 0.16110000 -0.96690000 0.19790000
vn 0.16540000 -0.96670000 0.19550000
vn 0.16340000 -0.96910000 0.18460000
vn 0.16790000 -0.96940000 0.17930000
vn 0.16440000 -0.97140000 0.17120000
vn 0.16870000 -0.97210000 0.16300000
vn 0.16430000 -0.97370000 0.15770000
vn 0.16780000 -0.97500000 0.14590000
vn 0.16280000 -0.97630000 0.14260000
vn 0.16510000 -0.97780000 0.12880000
vn 0.15990000 -0.97880000 0.12770000
vn 0.16070000 -0.98060000 0.11220000
vn 0.15550000 -0.98130000 0.11320000
vn 0.15000000 -0.98370000 0.09900000
vn 0.15450000 -0.98330000 0.09610000
vn 0.14300000 -0.98600000 0.08550000
vn 0.14670000 -0.98590000 0.08070000
vn 0.13490000 -0.98820000 0.07260000
vn 0.13740000 -0.98830000 0.06610000
vn 0.12550000 -0.99020000 0.06060000
vn 0.12650000 -0.99060000 0.05280000
vn 0.11510000 -0.99210000 0.04960000
vn 0.11440000 -0.99260000 0.04040000
vn 0.11310000 -0.99270000 0.04120000
vn 0.11170000 -0.99290000 0.04200000
vn 0.11000000 -0.99300000 0.04280000
vn 0.10820000 -0.99320000 0.04350000
vn 0.36190000 -0.92240000 0.13500000
vn 0.30100000 -0.93940000 0.16430000
vn 0.35830000 -0.91480000 0.18650000
vn 0.28730000 -0.93740000 0.19680000
vn 0.35500000 -0.91260000 0.20280000
vn 0.35070000 -0.91060000 0.21890000
vn 0.26980000 -0.93600000 0.22600000
vn 0.34570000 -0.90850000 0.23460000
vn 0.24890000 -0.93520000 0.25180000
vn 0.32680000 -0.90180000 0.28270000
vn 0.22560000 -0.93490000 0.27390000
vn 0.31400000 -0.89670000 0.31210000
vn 0.29950000 -0.89160000 0.33980000
vn 0.20140000 -0.93500000 0.29190000
vn 0.28200000 -0.88690000 0.36590000
vn 0.17720000 -0.93520000 0.30660000
vn 0.25540000 -0.88300000 0.39370000
vn 0.15400000 -0.93510000 0.31920000
vn 0.21930000 -0.87980000 0.42170000
vn 0.13340000 -0.93390000 0.33180000
vn 0.13180000 -0.92530000 0.35570000
vn 0.11250000 -0.94160000 0.31750000
vn 0.06940000 -0.96430000 0.25570000
vn 0.04840000 -0.97500000 0.21700000
vn 0.06100000 -0.97440000 0.21640000
vn 0.07570000 -0.97370000 0.21500000
vn 0.09200000 -0.97300000 0.21150000
vn 0.10880000 -0.97270000 0.20510000
vn 0.12460000 -0.97280000 0.19550000
vn 0.13930000 -0.97320000 0.18290000
vn 0.15270000 -0.97400000 0.16720000
vn 0.31100000 -0.94160000 0.12920000
vn 0.16520000 -0.97500000 0.14840000
vn 0.31750000 -0.94380000 0.09220000
vn 0.17670000 -0.97610000 0.12670000
vn 0.31990000 -0.94600000 0.05310000
vn 0.18660000 -0.97720000 0.10170000
vn 0.31720000 -0.94830000 0.01240000
vn 0.19340000 -0.97830000 0.07380000
vn 0.30850000 -0.95080000 -0.02870000
vn 0.19580000 -0.97970000 0.04410000
vn 0.29430000 -0.95320000 -0.06960000
vn 0.19230000 -0.98120000 0.01380000
vn 0.27420000 -0.95550000 -0.10840000
vn 0.18300000 -0.98300000 -0.01500000
vn 0.25170000 -0.95750000 -0.14100000
vn 0.17000000 -0.98470000 -0.03960000
vn 0.22590000 -0.95870000 -0.17250000
vn 0.15400000 -0.98600000 -0.06380000
vn 0.19670000 -0.95930000 -0.20280000
vn 0.13550000 -0.98680000 -0.08820000
vn 0.16390000 -0.95910000 -0.23090000
vn 0.11430000 -0.98710000 -0.11180000
vn 0.12670000 -0.95880000 -0.25430000
vn 0.08950000 -0.98730000 -0.13140000
vn 0.08640000 -0.95890000 -0.27040000
vn 0.06160000 -0.98760000 -0.14470000
vn 0.04400000 -0.95930000 -0.27910000
vn 0.03180000 -0.98780000 -0.15220000
vn 0.00070000 -0.96890000 -0.24750000
vn 0.02520000 -0.99620000 -0.08370000
vn 0.00180000 -0.94540000 0.32590000
vn -0.01270000 -0.94650000 0.32250000
vn 0.35660000 -0.92940000 0.09510000
vn 0.34810000 -0.93500000 0.06760000
vn 0.34450000 -0.93690000 0.05920000
vn 0.34050000 -0.93890000 0.05080000
vn 0.33610000 -0.94090000 0.04280000
vn 0.32380000 -0.94580000 0.02480000
vn 0.30970000 -0.95080000 0.00840000
vn 0.29270000 -0.95620000 -0.00950000
vn 0.27700000 -0.96050000 -0.02750000
vn 0.26590000 -0.96310000 -0.04200000
vn 0.24490000 -0.96690000 -0.07190000
vn 0.22790000 -0.96910000 -0.09390000
vn 0.21200000 -0.97080000 -0.11210000
vn 0.17760000 -0.97390000 -0.14120000
vn 0.13830000 -0.97690000 -0.16310000
vn 0.10450000 -0.97890000 -0.17580000
vn 0.06970000 -0.98080000 -0.18230000
vn 0.03490000 -0.98230000 -0.18410000
vn 0.00030000 -0.98300000 -0.18370000
vn -0.02530000 -0.94850000 0.31570000
vn 0.04870000 -0.99570000 -0.07820000
vn -0.03610000 -0.95090000 0.30750000
vn 0.07060000 -0.99520000 -0.06770000
vn -0.04550000 -0.95300000 0.29940000
vn 0.08980000 -0.99460000 -0.05160000
vn -0.05460000 -0.95490000 0.29190000
vn 0.10600000 -0.99380000 -0.03200000
vn -0.06510000 -0.95510000 0.28890000
vn -0.07750000 -0.95440000 0.28830000
vn 0.11990000 -0.99270000 -0.01180000
vn -0.09180000 -0.95380000 0.28600000
vn 0.13150000 -0.99130000 0.00810000
vn -0.11330000 -0.95410000 0.27730000
vn 0.14040000 -0.98970000 0.02840000
vn -0.12410000 -0.95440000 0.27160000
vn 0.14570000 -0.98800000 0.05180000
vn -0.13420000 -0.95530000 0.26330000
vn 0.14640000 -0.98630000 0.07590000
vn -0.14150000 -0.95760000 0.25080000
vn 0.14280000 -0.98480000 0.09890000
vn -0.14590000 -0.96060000 0.23640000
vn -0.14920000 -0.96350000 0.22230000
vn 0.13550000 -0.98340000 0.12030000
vn -0.15100000 -0.96480000 0.21540000
vn -0.15300000 -0.96600000 0.20860000
vn 0.12560000 -0.98230000 0.13910000
vn -0.15530000 -0.96700000 0.20190000
vn -0.15710000 -0.96770000 0.19710000
vn -0.15890000 -0.96840000 0.19210000
vn 0.11430000 -0.98130000 0.15490000
vn -0.16060000 -0.96910000 0.18720000
vn -0.16520000 -0.97100000 0.17260000
vn 0.10250000 -0.98050000 0.16790000
vn -0.16850000 -0.97310000 0.15720000
vn 0.09040000 -0.97990000 0.17810000
vn -0.16970000 -0.97510000 0.14300000
vn 0.07780000 -0.97960000 0.18560000
vn -0.16850000 -0.97720000 0.12920000
vn -0.16470000 -0.97960000 0.11550000
vn 0.06500000 -0.97950000 0.19050000
vn -0.15830000 -0.98200000 0.10270000
vn 0.05200000 -0.97980000 0.19290000
vn -0.14890000 -0.98480000 0.08990000
vn 0.03970000 -0.98040000 0.19310000
vn -0.13820000 -0.98740000 0.07720000
vn 0.02890000 -0.98100000 0.19160000
vn -0.12730000 -0.98990000 0.06290000
vn 0.01990000 -0.98170000 0.18920000
vn -0.11800000 -0.99190000 0.04780000
vn -0.00930000 -0.98730000 0.15850000
vn -0.11080000 -0.99310000 0.03850000
vn 0.03140000 -0.97770000 0.20760000
vn 0.18430000 -0.87560000 0.44650000
vn 0.12830000 -0.92250000 0.36400000
vn 0.15260000 -0.87310000 0.46310000
vn 0.09540000 -0.93230000 0.34890000
vn 0.07710000 -0.93140000 0.35580000
vn 0.06320000 -0.95680000 0.28380000
vn 0.02010000 -0.97560000 0.21850000
vn 0.00360000 -0.98390000 0.17880000
vn 0.00540000 -0.98320000 0.18230000
vn -0.06760000 -0.99770000 0.00540000
vn -0.06770000 -0.99770000 0.00520000
vn 0.10050000 -0.93600000 0.33720000
vn -0.08050000 -0.99670000 0.01160000
vn -0.04860000 -0.99880000 0.00220000
vn 0.00470000 -0.98300000 0.18330000
vn 0.01590000 -0.97520000 0.22070000
vn 0.05960000 -0.92970000 0.36330000
vn 0.12940000 -0.87010000 0.47560000
vn 0.10040000 -0.86580000 0.49030000
vn 0.04100000 -0.92860000 0.36890000
vn 0.06920000 -0.86230000 0.50170000
vn 0.02140000 -0.92780000 0.37240000
vn 0.03580000 -0.86000000 0.50900000
vn 0.00030000 -0.85950000 0.51120000
vn 0.00100000 -0.95510000 0.29630000
vn 0.00640000 -0.97480000 0.22290000
vn 0.00260000 -0.98290000 0.18430000
vn 0.01130000 -0.97490000 0.22220000
vn 0.00380000 -0.98290000 0.18410000
vn -0.03160000 -0.99950000 0.00030000
vn -0.01350000 -0.99990000 -0.00090000
vn 0.00140000 -1.00000000 -0.00140000
vn 0.14100000 -0.87160000 0.46940000
vn 0.00010000 -0.66640000 -0.74560000
vn 0.04800000 -0.68670000 -0.72530000
vn -0.00000000 -0.70330000 -0.71090000
vn 0.04530000 -0.69490000 -0.71770000
vn 0.04260000 -0.70300000 -0.71000000
vn 0.09100000 -0.69100000 -0.71710000
vn 0.08530000 -0.69940000 -0.70970000
vn 0.13630000 -0.68510000 -0.71560000
vn 0.12800000 -0.69360000 -0.70890000
vn 0.18140000 -0.67690000 -0.71330000
vn 0.17080000 -0.68560000 -0.70770000
vn 0.22640000 -0.66670000 -0.71010000
vn 0.21380000 -0.67550000 -0.70560000
vn 0.27080000 -0.65480000 -0.70560000
vn 0.25680000 -0.66370000 -0.70260000
vn 0.31440000 -0.64150000 -0.69980000
vn 0.29980000 -0.65020000 -0.69810000
vn 0.32290000 -0.64120000 -0.69610000
vn 0.33930000 -0.63710000 -0.69210000
vn 0.00010000 -0.62790000 -0.77830000
vn 0.05880000 -0.64460000 -0.76220000
vn 0.05690000 -0.65310000 -0.75510000
vn 0.05480000 -0.66160000 -0.74790000
vn 0.11360000 -0.64890000 -0.75230000
vn 0.10940000 -0.65780000 -0.74520000
vn 0.16940000 -0.64220000 -0.74760000
vn 0.16360000 -0.65100000 -0.74130000
vn 0.22410000 -0.63310000 -0.74090000
vn 0.21660000 -0.64200000 -0.73540000
vn 0.27680000 -0.62220000 -0.73220000
vn 0.26840000 -0.63090000 -0.72790000
vn 0.32910000 -0.60850000 -0.72210000
vn 0.31900000 -0.61790000 -0.71860000
vn 0.31510000 -0.63280000 -0.70730000
vn 0.30800000 -0.62730000 -0.71530000
vn 0.29640000 -0.63660000 -0.71190000
vn 0.24870000 -0.64900000 -0.71890000
vn 0.23750000 -0.65830000 -0.71430000
vn 0.19100000 -0.66840000 -0.71890000
vn 0.00010000 -0.58780000 -0.80900000
vn 0.06560000 -0.60840000 -0.79090000
vn 0.06440000 -0.61580000 -0.78530000
vn 0.06310000 -0.62310000 -0.77960000
vn 0.12830000 -0.61120000 -0.78100000
vn 0.12570000 -0.61850000 -0.77560000
vn 0.19080000 -0.60380000 -0.77390000
vn 0.18710000 -0.61130000 -0.76900000
vn 0.25170000 -0.59380000 -0.76420000
vn 0.24690000 -0.60140000 -0.75980000
vn 0.31050000 -0.58160000 -0.75190000
vn 0.30470000 -0.58940000 -0.74820000
vn 0.34470000 -0.57880000 -0.73910000
vn 0.29860000 -0.59720000 -0.74450000
vn 0.33420000 -0.60370000 -0.72380000
vn 0.29240000 -0.60490000 -0.74070000
vn 0.28590000 -0.61250000 -0.73700000
vn 0.23100000 -0.62450000 -0.74600000
vn 0.06870000 -0.58620000 -0.80730000
vn 0.06800000 -0.59370000 -0.80180000
vn 0.06690000 -0.60110000 -0.79640000
vn 0.13300000 -0.59650000 -0.79150000
vn 0.13070000 -0.60370000 -0.78640000
vn 0.19780000 -0.58890000 -0.78360000
vn 0.19440000 -0.59630000 -0.77880000
vn 0.26060000 -0.57860000 -0.77290000
vn 0.25620000 -0.58620000 -0.76860000
vn 0.32120000 -0.56580000 -0.75940000
vn 0.31600000 -0.57370000 -0.75570000
vn 0.35250000 -0.55260000 -0.75520000
vn 0.11200000 -0.58360000 -0.80430000
vn 0.13530000 -0.58890000 -0.79680000
vn 0.19820000 -0.57460000 -0.79410000
vn 0.20100000 -0.58150000 -0.78830000
vn 0.25660000 -0.56560000 -0.78370000
vn 0.26490000 -0.57080000 -0.77720000
vn 0.31730000 -0.55360000 -0.77000000
vn 0.32620000 -0.55790000 -0.76310000
vn 0.32950000 -0.55090000 -0.76680000
vn 0.34150000 -0.54800000 -0.76360000
vn 0.35350000 -0.54510000 -0.76020000
vn 0.40830000 -0.53020000 -0.74310000
vn 0.38480000 -0.54280000 -0.74660000
vn 0.44010000 -0.52590000 -0.72780000
vn 0.46350000 -0.51270000 -0.72270000
vn 0.49230000 -0.50770000 -0.70710000
vn 0.51530000 -0.49350000 -0.70070000
vn 0.51760000 -0.49380000 -0.69870000
vn 0.52050000 -0.49220000 -0.69770000
vn 0.52310000 -0.49100000 -0.69670000
vn 0.58660000 -0.46810000 -0.66090000
vn 0.58950000 -0.46260000 -0.66220000
vn 0.64910000 -0.43320000 -0.62530000
vn 0.66800000 -0.42670000 -0.60970000
vn 0.69800000 -0.40610000 -0.58980000
vn 0.73750000 -0.38520000 -0.55470000
vn 0.73770000 -0.38190000 -0.55670000
vn 0.77810000 -0.35500000 -0.51820000
vn 0.79640000 -0.34480000 -0.49680000
vn 0.81310000 -0.32980000 -0.47980000
vn 0.84150000 -0.31560000 -0.43860000
vn 0.84600000 -0.30650000 -0.43630000
vn 0.88360000 -0.27950000 -0.37560000
vn 0.86950000 -0.28420000 -0.40410000
vn 0.88720000 -0.27070000 -0.37360000
vn 0.89410000 -0.26180000 -0.36340000
vn 0.91540000 -0.24100000 -0.32230000
vn 0.84330000 -0.30610000 -0.44170000
vn 0.94960000 -0.20290000 -0.23900000
vn 0.92100000 -0.23760000 -0.30880000
vn 0.91820000 -0.24610000 -0.31040000
vn 0.94780000 -0.20710000 -0.24250000
vn 0.96420000 -0.18320000 -0.19150000
vn 0.96670000 -0.18740000 -0.17450000
vn 0.96810000 -0.17950000 -0.17470000
vn 0.97540000 -0.16570000 -0.14570000
vn 0.96840000 -0.17690000 -0.17560000
vn 0.98340000 -0.15030000 -0.10200000
vn 0.98270000 -0.15160000 -0.10680000
vn 0.98220000 -0.15460000 -0.10620000
vn 0.98120000 -0.16210000 -0.10480000
vn 0.98610000 -0.15050000 -0.06990000
vn 0.98000000 -0.16950000 -0.10390000
vn 0.98510000 -0.15770000 -0.06860000
vn 0.97880000 -0.17700000 -0.10320000
vn 0.98400000 -0.16500000 -0.06740000
vn 0.97740000 -0.18460000 -0.10300000
vn 0.98280000 -0.17240000 -0.06650000
vn 0.97590000 -0.19230000 -0.10320000
vn 0.98150000 -0.17990000 -0.06610000
vn 0.97430000 -0.20010000 -0.10380000
vn 0.98010000 -0.18740000 -0.06600000
vn 0.97250000 -0.20800000 -0.10480000
vn 0.97850000 -0.19540000 -0.06620000
vn 0.97020000 -0.21770000 -0.10660000
vn 0.97660000 -0.20440000 -0.06740000
vn 0.96760000 -0.22750000 -0.10920000
vn 0.97440000 -0.21400000 -0.06920000
vn 0.96490000 -0.23750000 -0.11240000
vn 0.97200000 -0.22370000 -0.07160000
vn 0.96180000 -0.24760000 -0.11640000
vn 0.96960000 -0.23320000 -0.07440000
vn 0.95850000 -0.25790000 -0.12120000
vn 0.96680000 -0.24320000 -0.07840000
vn 0.95490000 -0.26840000 -0.12680000
vn 0.96370000 -0.25370000 -0.08350000
vn 0.95100000 -0.27890000 -0.13340000
vn 0.96040000 -0.26390000 -0.08900000
vn 0.95050000 -0.28030000 -0.13430000
vn 0.96650000 -0.25190000 -0.04990000
vn 0.96740000 -0.24930000 -0.04410000
vn 0.97180000 -0.23590000 0.00090000
vn 0.97190000 -0.23530000 0.00120000
vn 0.97390000 -0.22200000 0.04670000
vn 0.97590000 -0.21260000 0.04880000
vn 0.97390000 -0.21460000 0.07350000
vn 0.97530000 -0.20060000 0.09290000
vn 0.97340000 -0.20960000 0.09210000
vn 0.97410000 -0.19510000 0.11440000
vn 0.97080000 -0.19840000 0.13470000
vn 0.97240000 -0.18970000 0.13590000
vn 0.97140000 -0.18730000 0.14600000
vn 0.97330000 -0.17950000 0.14320000
vn 0.97230000 -0.17760000 0.15180000
vn 0.97430000 -0.17010000 0.14750000
vn 0.97260000 -0.16770000 0.16110000
vn 0.97480000 -0.16100000 0.15420000
vn 0.97410000 -0.16050000 0.15900000
vn 0.97650000 -0.15400000 0.15070000
vn 0.97590000 -0.15410000 0.15450000
vn 0.97830000 -0.14780000 0.14510000
vn 0.97730000 -0.14720000 0.15210000
vn 0.97970000 -0.14090000 0.14230000
vn 0.97890000 -0.14060000 0.14850000
vn 0.98080000 -0.13580000 0.14030000
vn 0.97980000 -0.13550000 0.14700000
vn 0.98170000 -0.13060000 0.13850000
vn 0.98060000 -0.13030000 0.14620000
vn 0.98240000 -0.12510000 0.13840000
vn 0.98100000 -0.12430000 0.14890000
vn 0.98290000 -0.11930000 0.14050000
vn 0.98130000 -0.11830000 0.15180000
vn 0.98310000 -0.11340000 0.14350000
vn 0.97970000 -0.11140000 0.16680000
vn 0.98160000 -0.10640000 0.15850000
vn 0.97760000 -0.10440000 0.18280000
vn 0.98340000 -0.10160000 0.15000000
vn 0.97960000 -0.09940000 0.17480000
vn 0.98190000 -0.09860000 0.16200000
vn 0.97460000 -0.09560000 0.20260000
vn 0.98870000 -0.13670000 -0.06080000
vn 0.98730000 -0.14090000 -0.07280000
vn 0.98710000 -0.14330000 -0.07190000
vn 0.99250000 -0.12190000 -0.01270000
vn 0.99070000 -0.13020000 -0.03900000
vn 0.99040000 -0.13270000 -0.03800000
vn 0.98960000 -0.13960000 -0.03540000
vn 0.99330000 -0.11510000 0.01130000
vn 0.99270000 -0.12050000 -0.00580000
vn 0.99240000 -0.12290000 -0.00460000
vn 0.99160000 -0.12960000 -0.00130000
vn 0.98860000 -0.14670000 -0.03340000
vn 0.99350000 -0.10920000 0.03290000
vn 0.99340000 -0.11180000 0.02630000
vn 0.99310000 -0.11410000 0.02780000
vn 0.99220000 -0.12040000 0.03180000
vn 0.99070000 -0.13620000 0.00170000
vn 0.98760000 -0.15370000 -0.03150000
vn 0.99310000 -0.10320000 0.05600000
vn 0.99290000 -0.10450000 0.05610000
vn 0.99260000 -0.10670000 0.05780000
vn 0.99160000 -0.11280000 0.06260000
vn 0.99130000 -0.12710000 0.03480000
vn 0.98970000 -0.14320000 0.00390000
vn 0.98650000 -0.16080000 -0.03000000
vn 0.99240000 -0.10140000 0.06960000
vn 0.99220000 -0.09850000 0.07590000
vn 0.99170000 -0.09910000 0.08140000
vn 0.99180000 -0.09810000 0.08140000
vn 0.99180000 -0.09800000 0.08140000
vn 0.99150000 -0.09880000 0.08420000
vn 0.99150000 -0.09890000 0.08420000
vn 0.99160000 -0.09900000 0.08380000
vn 0.99150000 -0.09950000 0.08320000
vn 0.99150000 -0.09960000 0.08320000
vn 0.99160000 -0.09950000 0.08320000
vn 0.99110000 -0.10090000 0.08640000
vn 0.99120000 -0.10080000 0.08630000
vn 0.99120000 -0.10140000 0.08570000
vn 0.99120000 -0.10130000 0.08570000
vn 0.99000000 -0.10680000 0.09200000
vn 0.99010000 -0.10800000 0.09000000
vn 0.98880000 -0.11260000 0.09810000
vn 0.98870000 -0.11370000 0.09750000
vn 0.98750000 -0.11820000 0.10440000
vn 0.98740000 -0.11910000 0.10460000
vn 0.98610000 -0.12380000 0.11040000
vn 0.98590000 -0.12450000 0.11160000
vn 0.98480000 -0.12940000 0.11580000
vn 0.98440000 -0.12990000 0.11830000
vn 0.98330000 -0.13530000 0.12170000
vn 0.98280000 -0.13530000 0.12540000
vn 0.98190000 -0.14100000 0.12650000
vn 0.98120000 -0.14080000 0.13190000
vn 0.98000000 -0.14820000 0.13250000
vn 0.97920000 -0.14750000 0.13950000
vn 0.97820000 -0.15540000 0.13790000
vn 0.97710000 -0.15420000 0.14700000
vn 0.97630000 -0.16280000 0.14300000
vn 0.99190000 -0.09970000 0.07840000
vn 0.99170000 -0.10130000 0.07970000
vn 0.99170000 -0.10120000 0.07980000
vn 0.99170000 -0.10130000 0.07980000
vn 0.99120000 -0.10320000 0.08260000
vn 0.99010000 -0.10940000 0.08760000
vn 0.98880000 -0.11490000 0.09570000
vn 0.98730000 -0.12010000 0.10350000
vn 0.98590000 -0.12540000 0.11120000
vn 0.98430000 -0.13060000 0.11870000
vn 0.98270000 -0.13590000 0.12620000
vn 0.98090000 -0.14110000 0.13360000
vn 0.97880000 -0.14760000 0.14220000
vn 0.99170000 -0.10280000 0.07690000
vn 0.99170000 -0.10270000 0.07680000
vn 0.99170000 -0.10270000 0.07690000
vn 0.99200000 -0.10230000 0.07370000
vn 0.99180000 -0.10420000 0.07470000
vn 0.99170000 -0.10420000 0.07470000
vn 0.99180000 -0.10420000 0.07460000
vn 0.99140000 -0.10300000 0.08100000
vn 0.99130000 -0.10390000 0.08090000
vn 0.99080000 -0.10380000 0.08670000
vn 0.99080000 -0.10570000 0.08410000
vn 0.99030000 -0.10570000 0.08980000
vn 0.98900000 -0.11070000 0.09820000
vn 0.98840000 -0.11070000 0.10440000
vn 0.98750000 -0.11570000 0.10670000
vn 0.98680000 -0.11560000 0.11310000
vn 0.98600000 -0.12070000 0.11500000
vn 0.98520000 -0.12060000 0.12150000
vn 0.98440000 -0.12570000 0.12340000
vn 0.98350000 -0.12560000 0.12990000
vn 0.98260000 -0.13080000 0.13190000
vn 0.99060000 -0.10310000 0.08970000
vn 0.99030000 -0.10370000 0.09290000
vn 0.98980000 -0.10560000 0.09600000
vn 0.98750000 -0.11030000 0.11260000
vn 0.98590000 -0.11530000 0.12100000
vn 0.98420000 -0.12010000 0.13000000
vn 0.98980000 -0.10310000 0.09800000
vn 0.98940000 -0.10350000 0.10160000
vn 0.98900000 -0.10520000 0.10430000
vn 0.98630000 -0.10910000 0.12370000
vn 0.98460000 -0.11430000 0.13210000
vn 0.98930000 -0.10260000 0.10360000
vn 0.98840000 -0.10240000 0.11250000
vn 0.98780000 -0.10430000 0.11540000
vn 0.98490000 -0.10840000 0.13520000
vn 0.98750000 -0.10150000 0.12070000
vn 0.98710000 -0.10150000 0.12410000
vn 0.98650000 -0.10330000 0.12690000
vn 0.96420000 -0.09200000 0.24880000
vn 0.96960000 -0.09520000 0.22540000
vn 0.97500000 -0.09740000 0.19990000
vn 0.97280000 -0.10240000 0.20780000
vn 0.97550000 -0.10940000 0.19100000
vn 0.97770000 -0.11640000 0.17510000
vn 0.97930000 -0.12330000 0.16030000
vn 0.97900000 -0.12930000 0.15750000
vn 0.97860000 -0.13500000 0.15560000
vn 0.97770000 -0.14080000 0.15570000
vn 0.97630000 -0.14680000 0.15890000
vn 0.97480000 -0.15330000 0.16200000
vn 0.97340000 -0.16030000 0.16380000
vn 0.97170000 -0.16710000 0.16710000
vn 0.97030000 -0.17460000 0.16760000
vn 0.97040000 -0.18510000 0.15540000
vn 0.95250000 -0.08880000 0.29130000
vn 0.95660000 -0.09100000 0.27670000
vn 0.95400000 -0.09600000 0.28400000
vn 0.96730000 -0.10030000 0.23310000
vn 0.94090000 -0.08700000 0.32740000
vn 0.94140000 -0.08610000 0.32620000
vn 0.92280000 -0.08200000 0.37650000
vn 0.92230000 -0.08290000 0.37750000
vn 0.91170000 -0.08000000 0.40300000
vn 0.91910000 -0.08790000 0.38400000
vn 0.89750000 -0.08420000 0.43290000
vn 0.91580000 -0.09280000 0.39080000
vn 0.89400000 -0.08890000 0.43910000
vn 0.91240000 -0.09770000 0.39750000
vn 0.89040000 -0.09380000 0.44540000
vn 0.90890000 -0.10260000 0.40420000
vn 0.88670000 -0.09870000 0.45170000
vn 0.90530000 -0.10750000 0.41100000
vn 0.88290000 -0.10350000 0.45810000
vn 0.90150000 -0.11230000 0.41790000
vn 0.87890000 -0.10840000 0.46450000
vn 0.89760000 -0.11730000 0.42490000
vn 0.87480000 -0.11340000 0.47110000
vn 0.89270000 -0.12290000 0.43360000
vn 0.86960000 -0.11890000 0.47910000
vn 0.88750000 -0.12860000 0.44240000
vn 0.86420000 -0.12470000 0.48750000
vn 0.88210000 -0.13420000 0.45150000
vn 0.85850000 -0.13030000 0.49590000
vn 0.87640000 -0.13980000 0.46090000
vn 0.85260000 -0.13590000 0.50470000
vn 0.87040000 -0.14520000 0.47050000
vn 0.84630000 -0.14140000 0.51360000
vn 0.86400000 -0.15050000 0.48050000
vn 0.83970000 -0.14670000 0.52280000
vn 0.85980000 -0.15380000 0.48690000
vn 0.82860000 -0.14880000 0.53970000
vn 0.81330000 -0.14320000 0.56400000
vn 0.80950000 -0.14600000 0.56870000
vn 0.75450000 -0.13640000 0.64190000
vn 0.75420000 -0.13910000 0.64180000
vn 0.68880000 -0.13050000 0.71310000
vn 0.68640000 -0.13240000 0.71510000
vn 0.66770000 -0.13080000 0.73280000
vn 0.62340000 -0.11950000 0.77270000
vn 0.61660000 -0.12520000 0.77720000
vn 0.57100000 -0.12360000 0.81160000
vn 0.61490000 -0.12670000 0.77840000
vn 0.90090000 -0.07890000 0.42670000
vn 0.88900000 -0.07630000 0.45150000
vn 0.87340000 -0.08020000 0.48040000
vn 0.86970000 -0.08510000 0.48620000
vn 0.86590000 -0.09000000 0.49200000
vn 0.86200000 -0.09490000 0.49790000
vn 0.85800000 -0.09980000 0.50380000
vn 0.85390000 -0.10460000 0.50980000
vn 0.84960000 -0.10940000 0.51590000
vn 0.84420000 -0.11520000 0.52350000
vn 0.83860000 -0.12100000 0.53120000
vn 0.83270000 -0.12670000 0.53900000
vn 0.82650000 -0.13230000 0.54710000
vn 0.82010000 -0.13780000 0.55540000
vn 0.87700000 -0.07510000 0.47470000
vn 0.86300000 -0.07260000 0.50000000
vn 0.83620000 -0.06930000 0.54410000
vn 0.81740000 -0.07310000 0.57130000
vn 0.82130000 -0.06810000 0.56640000
vn 0.79150000 -0.06450000 0.60770000
vn 0.75620000 -0.06090000 0.65150000
vn 0.75600000 -0.06130000 0.65170000
vn 0.75200000 -0.06650000 0.65580000
vn 0.81350000 -0.07790000 0.57640000
vn 0.68200000 -0.05490000 0.72930000
vn 0.68190000 -0.05540000 0.72940000
vn 0.67800000 -0.06050000 0.73260000
vn 0.59620000 -0.05560000 0.80090000
vn 0.67400000 -0.06550000 0.73580000
vn 0.59240000 -0.06040000 0.80340000
vn 0.67000000 -0.07050000 0.73900000
vn 0.58860000 -0.06540000 0.80570000
vn 0.66590000 -0.07540000 0.74220000
vn 0.58480000 -0.07040000 0.80810000
vn 0.66180000 -0.08030000 0.74540000
vn 0.58090000 -0.07530000 0.81050000
vn 0.65750000 -0.08520000 0.74860000
vn 0.57690000 -0.08020000 0.81290000
vn 0.65330000 -0.09020000 0.75170000
vn 0.57270000 -0.08530000 0.81530000
vn 0.64760000 -0.09600000 0.75590000
vn 0.56760000 -0.09110000 0.81830000
vn 0.64190000 -0.10190000 0.76000000
vn 0.56230000 -0.09710000 0.82120000
vn 0.63600000 -0.10810000 0.76410000
vn 0.55680000 -0.10300000 0.82430000
vn 0.62980000 -0.11350000 0.76840000
vn 0.55100000 -0.10880000 0.82740000
vn 0.54510000 -0.11490000 0.83050000
vn 0.53890000 -0.12060000 0.83370000
vn 0.51350000 -0.12090000 0.84950000
vn 0.46180000 -0.11080000 0.88000000
vn 0.46710000 -0.10480000 0.87800000
vn 0.37880000 -0.10160000 0.91990000
vn 0.38310000 -0.09560000 0.91870000
vn 0.29040000 -0.09300000 0.95240000
vn 0.29370000 -0.08690000 0.95190000
vn 0.19730000 -0.08500000 0.97670000
vn 0.19940000 -0.07900000 0.97670000
vn 0.10020000 -0.07800000 0.99190000
vn 0.10140000 -0.07180000 0.99230000
vn -0.00000000 -0.06360000 0.99800000
vn 0.10220000 -0.06680000 0.99250000
vn 0.10320000 -0.06190000 0.99270000
vn 0.20320000 -0.06780000 0.97680000
vn 0.20490000 -0.06280000 0.97680000
vn 0.30230000 -0.06980000 0.95060000
vn 0.30470000 -0.06480000 0.95020000
vn 0.39830000 -0.07250000 0.91440000
vn 0.40130000 -0.06750000 0.91340000
vn 0.49010000 -0.07600000 0.86830000
vn 0.49370000 -0.07100000 0.86670000
vn 0.59990000 -0.05080000 0.79840000
vn 0.59980000 -0.05070000 0.79850000
vn 0.54440000 -0.04770000 0.83750000
vn 0.50750000 -0.05120000 0.86010000
vn 0.52410000 -0.04680000 0.85040000
vn 0.50350000 -0.04590000 0.86280000
vn 0.48260000 -0.04490000 0.87470000
vn 0.46730000 -0.04440000 0.88300000
vn 0.41300000 -0.04760000 0.90950000
vn 0.45190000 -0.04400000 0.89100000
vn 0.43630000 -0.04350000 0.89880000
vn 0.42180000 -0.04290000 0.90570000
vn 0.40720000 -0.04260000 0.91230000
vn 0.39250000 -0.04190000 0.91880000
vn 0.35780000 -0.04100000 0.93290000
vn 0.31390000 -0.04490000 0.94840000
vn 0.41010000 -0.05250000 0.91050000
vn 0.31160000 -0.04970000 0.94890000
vn 0.40730000 -0.05750000 0.91150000
vn 0.30930000 -0.05470000 0.94940000
vn 0.40450000 -0.06280000 0.91240000
vn 0.30700000 -0.05980000 0.94980000
vn 0.32260000 -0.04010000 0.94570000
vn 0.28690000 -0.03940000 0.95720000
vn 0.27730000 -0.03840000 0.96000000
vn 0.26780000 -0.03850000 0.96270000
vn 0.21130000 -0.04280000 0.97650000
vn 0.20960000 -0.04770000 0.97660000
vn 0.20800000 -0.05280000 0.97670000
vn 0.20650000 -0.05780000 0.97670000
vn 0.25820000 -0.03850000 0.96530000
vn 0.24070000 -0.03840000 0.96980000
vn 0.22320000 -0.03820000 0.97400000
vn 0.20570000 -0.03790000 0.97790000
vn 0.17950000 -0.03750000 0.98300000
vn 0.15320000 -0.03720000 0.98750000
vn 0.10630000 -0.04170000 0.99350000
vn 0.12690000 -0.03690000 0.99120000
vn 0.08470000 -0.03670000 0.99570000
vn 0.04240000 -0.03640000 0.99840000
vn 0.10540000 -0.04660000 0.99330000
vn -0.00000000 -0.03630000 0.99930000
vn 0.10460000 -0.05180000 0.99320000
vn 0.10380000 -0.05680000 0.99300000
vn -0.00000000 -0.09080000 0.99590000
vn 0.09920000 -0.08410000 0.99150000
vn 0.19510000 -0.09110000 0.97650000
vn 0.28710000 -0.09900000 0.95280000
vn 0.37430000 -0.10750000 0.92100000
vn 0.45630000 -0.11680000 0.88210000
vn 0.45360000 -0.11880000 0.88320000
vn 0.39170000 -0.11660000 0.91270000
vn 0.36980000 -0.11360000 0.92220000
vn 0.32810000 -0.11500000 0.93760000
vn 0.28370000 -0.10520000 0.95310000
vn 0.28000000 -0.11120000 0.95350000
vn 0.19050000 -0.10350000 0.97620000
vn 0.24790000 -0.11340000 0.96210000
vn 0.18800000 -0.10950000 0.97600000
vn 0.16620000 -0.11230000 0.97970000
vn 0.09440000 -0.10850000 0.98960000
vn 0.08340000 -0.11160000 0.99030000
vn -0.00000000 -0.10460000 0.99450000
vn -0.00000000 -0.11140000 0.99380000
vn -0.00000000 -0.09770000 0.99520000
vn 0.09680000 -0.09610000 0.99070000
vn 0.09790000 -0.09010000 0.99110000
vn 0.09560000 -0.10220000 0.99020000
vn 0.88620000 -0.15450000 0.43680000
vn 0.88960000 -0.15960000 0.42800000
vn 0.90620000 -0.15870000 0.39190000
vn 0.91950000 -0.16690000 0.35580000
vn 0.92390000 -0.16290000 0.34620000
vn 0.93180000 -0.16520000 0.32330000
vn 0.92910000 -0.15760000 0.33450000
vn 0.93680000 -0.15980000 0.31120000
vn 0.93400000 -0.15220000 0.32310000
vn 0.94150000 -0.15440000 0.29970000
vn 0.93860000 -0.14680000 0.31220000
vn 0.94580000 -0.14890000 0.28850000
vn 0.94300000 -0.14110000 0.30150000
vn 0.95000000 -0.14330000 0.27760000
vn 0.94710000 -0.13540000 0.29110000
vn 0.95380000 -0.13760000 0.26690000
vn 0.95100000 -0.12970000 0.28090000
vn 0.95750000 -0.13180000 0.25650000
vn 0.95400000 -0.12480000 0.27270000
vn 0.96040000 -0.12700000 0.24820000
vn 0.95690000 -0.12000000 0.26450000
vn 0.96310000 -0.12210000 0.23990000
vn 0.95970000 -0.11510000 0.25650000
vn 0.96570000 -0.11720000 0.23180000
vn 0.96230000 -0.11020000 0.24870000
vn 0.96820000 -0.11230000 0.22370000
vn 0.96480000 -0.10530000 0.24080000
vn 0.97050000 -0.10740000 0.21580000
vn 0.93540000 -0.17170000 0.30900000
vn 0.93920000 -0.16760000 0.29960000
vn 0.94380000 -0.16200000 0.28790000
vn 0.94820000 -0.15660000 0.27620000
vn 0.95240000 -0.15110000 0.26490000
vn 0.95630000 -0.14550000 0.25380000
vn 0.95990000 -0.13970000 0.24300000
vn 0.96330000 -0.13420000 0.23250000
vn 0.96600000 -0.12910000 0.22400000
vn 0.96860000 -0.12420000 0.21560000
vn 0.97100000 -0.11930000 0.20730000
vn 0.97330000 -0.11440000 0.19910000
vn 0.94590000 -0.16950000 0.27680000
vn 0.95210000 -0.17840000 0.24840000
vn 0.95180000 -0.17190000 0.25390000
vn 0.95460000 -0.17300000 0.24230000
vn 0.95590000 -0.16650000 0.24190000
vn 0.95850000 -0.16770000 0.23050000
vn 0.95970000 -0.16100000 0.23010000
vn 0.96220000 -0.16210000 0.21890000
vn 0.96330000 -0.15540000 0.21870000
vn 0.96560000 -0.15650000 0.20750000
vn 0.96670000 -0.14970000 0.20760000
vn 0.96890000 -0.15070000 0.19640000
vn 0.96980000 -0.14390000 0.19670000
vn 0.97190000 -0.14490000 0.18550000
vn 0.97280000 -0.13810000 0.18600000
vn 0.97470000 -0.13940000 0.17480000
vn 0.97510000 -0.13310000 0.17730000
vn 0.97700000 -0.13430000 0.16570000
vn 0.97730000 -0.12830000 0.16880000
vn 0.96370000 -0.18610000 0.19130000
vn 0.95940000 -0.17530000 0.22080000
vn 0.95700000 -0.17490000 0.23130000
vn 0.96790000 -0.18160000 0.17370000
vn 0.96660000 -0.18030000 0.18230000
vn 0.96920000 -0.17360000 0.17490000
vn 0.96800000 -0.17280000 0.18200000
vn 0.97070000 -0.16640000 0.17340000
vn 0.96940000 -0.16550000 0.18150000
vn 0.97210000 -0.15940000 0.17180000
vn 0.97080000 -0.15880000 0.17960000
vn 0.97370000 -0.15280000 0.16920000
vn 0.97240000 -0.15230000 0.17690000
vn 0.97520000 -0.14640000 0.16620000
vn 0.97380000 -0.14590000 0.17440000
vn 0.97650000 -0.14000000 0.16370000
vn 0.92490000 -0.31040000 -0.21960000
vn 0.92370000 -0.31260000 -0.22140000
vn 0.88930000 -0.34370000 -0.30180000
vn 0.88720000 -0.34690000 -0.30420000
vn 0.84470000 -0.37850000 -0.37860000
vn 0.84150000 -0.38230000 -0.38170000
vn 0.79150000 -0.41460000 -0.44900000
vn 0.78680000 -0.41910000 -0.45310000
vn 0.73060000 -0.45180000 -0.51190000
vn 0.72400000 -0.45720000 -0.51660000
vn 0.65530000 -0.49490000 -0.57060000
vn 0.65390000 -0.49590000 -0.57140000
vn 0.58080000 -0.53300000 -0.61530000
vn 0.57780000 -0.53480000 -0.61660000
vn 0.50160000 -0.57070000 -0.65020000
vn 0.49680000 -0.57320000 -0.65160000
vn 0.41920000 -0.60650000 -0.67560000
vn 0.41290000 -0.60970000 -0.67660000
vn 0.40320000 -0.61270000 -0.67970000
vn 0.37900000 -0.62290000 -0.68440000
vn 0.32780000 -0.64310000 -0.69210000
vn 0.35690000 -0.63130000 -0.68850000
vn 0.24310000 -0.67160000 -0.69990000
vn 0.16020000 -0.69360000 -0.70230000
vn 0.11960000 -0.70150000 -0.70250000
vn 0.07490000 -0.70790000 -0.70230000
vn 0.03450000 -0.71120000 -0.70210000
vn -0.00000000 -0.70620000 -0.70800000
vn -0.00000000 -0.71220000 -0.70200000
vn -0.00000000 -0.70910000 -0.70510000
vn 0.28400000 -0.64580000 -0.70870000
vn 0.31190000 -0.63860000 -0.70350000
vn 0.42680000 -0.60280000 -0.67420000
vn 0.43260000 -0.60000000 -0.67300000
vn 0.50990000 -0.56610000 -0.64780000
vn 0.58870000 -0.52820000 -0.61190000
vn 0.60570000 -0.51720000 -0.60470000
vn 0.67810000 -0.47860000 -0.55790000
vn 0.69240000 -0.46710000 -0.54990000
vn 0.75680000 -0.42860000 -0.49350000
vn 0.76850000 -0.41700000 -0.48520000
vn 0.82340000 -0.37970000 -0.42170000
vn 0.83260000 -0.36800000 -0.41390000
vn 0.87760000 -0.33270000 -0.34500000
vn 0.88460000 -0.32130000 -0.33810000
vn 0.92020000 -0.28790000 -0.26500000
vn 0.92490000 -0.27730000 -0.26030000
vn 0.95140000 -0.24650000 -0.18480000
vn 0.95470000 -0.23610000 -0.18120000
vn 0.46830000 -0.58300000 -0.66390000
vn 0.52770000 -0.55550000 -0.64260000
vn 0.62140000 -0.50610000 -0.59820000
vn 0.70570000 -0.45570000 -0.54250000
vn 0.77900000 -0.40560000 -0.47810000
vn 0.84060000 -0.35680000 -0.40750000
vn 0.89070000 -0.31020000 -0.33250000
vn 0.92940000 -0.26640000 -0.25560000
vn 0.95710000 -0.22770000 -0.17920000
vn 0.49790000 -0.56790000 -0.65540000
vn 0.54430000 -0.54480000 -0.63790000
vn 0.63600000 -0.49490000 -0.59210000
vn 0.71810000 -0.44420000 -0.53570000
vn 0.78900000 -0.39400000 -0.47140000
vn 0.84850000 -0.34530000 -0.40100000
vn 0.89640000 -0.29900000 -0.32710000
vn 0.93270000 -0.25770000 -0.25250000
vn 0.95930000 -0.21950000 -0.17750000
vn 0.52220000 -0.55430000 -0.64810000
vn 0.55980000 -0.53400000 -0.63360000
vn 0.64970000 -0.48360000 -0.58650000
vn 0.72960000 -0.43270000 -0.52950000
vn 0.79830000 -0.38250000 -0.46510000
vn 0.85570000 -0.33390000 -0.39520000
vn 0.90050000 -0.29020000 -0.32380000
vn 0.93550000 -0.24930000 -0.25030000
vn 0.96150000 -0.21130000 -0.17600000
vn 0.54200000 -0.54220000 -0.64210000
vn 0.55770000 -0.53140000 -0.63770000
vn 0.57440000 -0.52310000 -0.62960000
vn 0.56940000 -0.52200000 -0.63500000
vn 0.58800000 -0.51210000 -0.62610000
vn 0.57720000 -0.51410000 -0.63450000
vn 0.60070000 -0.50120000 -0.62290000
vn 0.58040000 -0.50810000 -0.63630000
vn 0.61260000 -0.49010000 -0.62000000
vn 0.58100000 -0.50340000 -0.63950000
vn 0.62190000 -0.48100000 -0.61800000
vn 0.58140000 -0.49850000 -0.64300000
vn 0.63060000 -0.47200000 -0.61610000
vn 0.58170000 -0.49330000 -0.64670000
vn 0.63890000 -0.46290000 -0.61440000
vn 0.58200000 -0.48770000 -0.65070000
vn 0.64680000 -0.45380000 -0.61300000
vn 0.65420000 -0.44470000 -0.61180000
vn 0.72470000 -0.40340000 -0.55860000
vn 0.73130000 -0.39420000 -0.55650000
vn 0.79100000 -0.35390000 -0.49900000
vn 0.57250000 -0.48580000 -0.66050000
vn 0.56540000 -0.49410000 -0.66050000
vn 0.48120000 -0.52170000 -0.70450000
vn 0.38210000 -0.54660000 -0.74510000
vn 0.43390000 -0.53440000 -0.72540000
vn 0.48570000 -0.51610000 -0.70550000
vn 0.57970000 -0.47690000 -0.66060000
vn 0.05040000 -0.67850000 -0.73290000
vn 0.05260000 -0.67020000 -0.74030000
vn 0.06030000 -0.63750000 -0.76810000
vn 0.06170000 -0.63040000 -0.77380000
vn 0.09610000 -0.68280000 -0.72420000
vn 0.10060000 -0.67480000 -0.73110000
vn 0.10540000 -0.66600000 -0.73840000
vn 0.14370000 -0.67670000 -0.72210000
vn 0.15080000 -0.66820000 -0.72850000
vn 0.15740000 -0.65970000 -0.73490000
vn 0.20860000 -0.65090000 -0.72990000
vn 0.20010000 -0.65970000 -0.72440000
vn 0.25890000 -0.64000000 -0.72340000
vn 0.12310000 -0.62580000 -0.77020000
vn 0.18320000 -0.61870000 -0.76400000
vn 0.12030000 -0.63300000 -0.76470000
vn 0.17910000 -0.62610000 -0.75890000
vn 0.11730000 -0.64070000 -0.75880000
vn 0.17480000 -0.63390000 -0.75340000
vn 0.24190000 -0.60900000 -0.75540000
vn 0.23660000 -0.61660000 -0.75090000
vn 0.93790000 -0.09180000 0.33440000
vn 0.99130000 -0.10600000 0.07770000
vn 0.98960000 -0.11020000 0.09230000
vn 0.98810000 -0.11580000 0.10090000
vn 0.98660000 -0.12080000 0.10920000
vn 0.98510000 -0.12590000 0.11760000
vn 0.98340000 -0.13100000 0.12580000
vn 0.98160000 -0.13600000 0.13400000
vn 0.99130000 -0.10460000 0.07980000
vn 0.99130000 -0.10470000 0.07980000
vn 0.99010000 -0.11100000 0.08620000
vn 0.98870000 -0.11610000 0.09450000
vn 0.98730000 -0.12120000 0.10290000
vn 0.98570000 -0.12630000 0.11120000
vn 0.98410000 -0.13140000 0.11930000
vn 0.98240000 -0.13650000 0.12730000
vn 0.98060000 -0.14160000 0.13540000
vn 0.99140000 -0.10120000 0.08350000
vn 0.99140000 -0.10110000 0.08350000
vn 0.99140000 -0.10110000 0.08360000
vn 0.99010000 -0.10640000 0.09190000
vn 0.98880000 -0.11220000 0.09800000
vn 0.98760000 -0.11800000 0.10360000
vn 0.98630000 -0.12380000 0.10900000
vn 0.98500000 -0.12980000 0.11350000
vn 0.98370000 -0.13570000 0.11820000
vn 0.98220000 -0.14200000 0.12280000
vn 0.98050000 -0.14910000 0.12770000
vn 0.97870000 -0.15640000 0.13280000
vn 0.97700000 -0.16410000 0.13640000
vn 0.97510000 -0.17170000 0.14010000
vn 0.99200000 -0.10360000 0.07150000
vn 0.99030000 -0.10690000 0.08920000
vn 0.98910000 -0.11280000 0.09450000
vn 0.98790000 -0.11870000 0.09950000
vn 0.98670000 -0.12470000 0.10430000
vn 0.98540000 -0.13070000 0.10880000
vn 0.98410000 -0.13670000 0.11310000
vn 0.98280000 -0.14290000 0.11700000
vn 0.98110000 -0.15040000 0.12140000
vn 0.97940000 -0.15810000 0.12530000
vn 0.97770000 -0.16580000 0.12880000
vn 0.97600000 -0.17360000 0.13160000
vn 0.97420000 -0.18160000 0.13400000
vn 0.99100000 -0.10960000 0.07640000
vn 0.98990000 -0.11550000 0.08160000
vn 0.98880000 -0.12170000 0.08590000
vn 0.98770000 -0.12780000 0.09010000
vn 0.98650000 -0.13400000 0.09410000
vn 0.98530000 -0.14030000 0.09770000
vn 0.98400000 -0.14640000 0.10130000
vn 0.98240000 -0.15420000 0.10490000
vn 0.98080000 -0.16230000 0.10770000
vn 0.97920000 -0.17030000 0.11030000
vn 0.97750000 -0.17840000 0.11230000
vn 0.97580000 -0.18660000 0.11370000
vn 0.96510000 -0.19530000 -0.17470000
vn 0.94350000 -0.22370000 -0.24440000
vn 0.94110000 -0.23210000 -0.24570000
vn 0.91200000 -0.26340000 -0.31440000
vn 0.90830000 -0.27250000 -0.31750000
vn 0.87110000 -0.30640000 -0.38370000
vn 0.86600000 -0.31570000 -0.38770000
vn 0.82000000 -0.35230000 -0.45100000
vn 0.81370000 -0.36160000 -0.45500000
vn 0.75840000 -0.40030000 -0.51430000
vn 0.75060000 -0.40990000 -0.51820000
vn 0.68600000 -0.44970000 -0.57200000
vn 0.67440000 -0.46110000 -0.57670000
vn 0.94580000 -0.21540000 -0.24320000
vn 0.66120000 -0.43590000 -0.61060000
vn 0.50410000 -0.05610000 0.86180000
vn 0.50070000 -0.06110000 0.86350000
vn 0.49720000 -0.06610000 0.86510000
vn 0.74800000 -0.07140000 0.65990000
vn 0.74390000 -0.07630000 0.66390000
vn 0.73970000 -0.08120000 0.66800000
vn 0.73550000 -0.08610000 0.67210000
vn 0.73110000 -0.09100000 0.67620000
vn 0.72650000 -0.09600000 0.68050000
vn 0.72090000 -0.10200000 0.68540000
vn 0.71500000 -0.10750000 0.69080000
vn 0.70890000 -0.11330000 0.69620000
vn 0.70250000 -0.11900000 0.70170000
vn 0.69580000 -0.12470000 0.70730000
vn 0.93490000 -0.09680000 0.34150000
vn 0.93180000 -0.10170000 0.34850000
vn 0.92850000 -0.10670000 0.35570000
vn 0.92510000 -0.11150000 0.36290000
vn 0.92160000 -0.11630000 0.37020000
vn 0.91790000 -0.12140000 0.37770000
vn 0.91340000 -0.12690000 0.38690000
vn 0.90850000 -0.13260000 0.39630000
vn 0.90340000 -0.13820000 0.40600000
vn 0.89800000 -0.14380000 0.41590000
vn 0.89230000 -0.14920000 0.42610000
vn 0.95130000 -0.10100000 0.29140000
vn 0.94840000 -0.10590000 0.29890000
vn 0.94540000 -0.11080000 0.30640000
vn 0.94230000 -0.11570000 0.31400000
vn 0.93910000 -0.12050000 0.32170000
vn 0.93570000 -0.12560000 0.32960000
vn 0.93150000 -0.13110000 0.33930000
vn 0.92700000 -0.13680000 0.34920000
vn 0.92220000 -0.14240000 0.35940000
vn 0.91720000 -0.14790000 0.36990000
vn 0.91190000 -0.15330000 0.38070000
vn 0.99060000 -0.11890000 0.06700000
vn 0.98960000 -0.12510000 0.07110000
vn 0.98850000 -0.13140000 0.07490000
vn 0.98740000 -0.13780000 0.07830000
vn 0.98620000 -0.14420000 0.08140000
vn 0.98500000 -0.15070000 0.08420000
vn 0.98350000 -0.15870000 0.08710000
vn 0.98190000 -0.16680000 0.08950000
vn 0.98030000 -0.17510000 0.09120000
vn 0.97870000 -0.18350000 0.09240000
vn 0.97700000 -0.19190000 0.09300000
vn 0.91500000 -0.25500000 -0.31280000
vn 0.87970000 -0.28850000 -0.37810000
vn 0.87550000 -0.29750000 -0.38090000
vn 0.83110000 -0.33400000 -0.44480000
vn 0.82580000 -0.34310000 -0.44750000
vn 0.77270000 -0.38160000 -0.50720000
vn 0.76590000 -0.39090000 -0.51050000
vn 0.70280000 -0.43110000 -0.56590000
vn 0.69460000 -0.44040000 -0.56890000
vn 0.83660000 -0.32470000 -0.44130000
vn 0.78520000 -0.36310000 -0.50160000
vn 0.20150000 -0.07310000 0.97680000
vn 0.29980000 -0.07500000 0.95100000
vn 0.29680000 -0.08090000 0.95150000
vn 0.39510000 -0.07770000 0.91530000
vn 0.39130000 -0.08350000 0.91650000
vn 0.38720000 -0.08960000 0.91760000
vn 0.48640000 -0.08110000 0.87000000
vn 0.48180000 -0.08690000 0.87190000
vn 0.47710000 -0.09290000 0.87390000
vn 0.47230000 -0.09920000 0.87580000
vn 0.79680000 -0.09740000 0.59630000
vn 0.80110000 -0.09250000 0.59130000
vn 0.80540000 -0.08770000 0.58630000
vn 0.80950000 -0.08280000 0.58130000
vn 0.79220000 -0.10240000 0.60160000
vn 0.78670000 -0.10800000 0.60780000
vn 0.78080000 -0.11380000 0.61430000
vn 0.77470000 -0.11960000 0.62090000
vn 0.76830000 -0.12520000 0.62770000
vn 0.76160000 -0.13080000 0.63470000
vn 0.97090000 -0.13120000 0.20030000
vn 0.97330000 -0.12630000 0.19180000
vn 0.97550000 -0.12140000 0.18340000
vn 0.96840000 -0.13630000 0.20890000
vn 0.96520000 -0.14180000 0.21960000
vn 0.96180000 -0.14760000 0.23040000
vn 0.95820000 -0.15320000 0.24160000
vn 0.95430000 -0.15880000 0.25300000
vn 0.95020000 -0.16430000 0.26480000
vn 0.98710000 -0.15340000 0.04640000
vn 0.98820000 -0.14670000 0.04400000
vn 0.98930000 -0.14020000 0.04110000
vn 0.99030000 -0.13340000 0.03870000
vn 0.98640000 -0.16400000 0.00930000
vn 0.98760000 -0.15700000 0.00790000
vn 0.98870000 -0.15000000 0.00600000
vn 0.98590000 -0.16010000 0.04820000
vn 0.98440000 -0.16870000 0.04980000
vn 0.98280000 -0.17740000 0.05070000
vn 0.98120000 -0.18600000 0.05120000
vn 0.97950000 -0.19460000 0.05140000
vn 0.97770000 -0.20380000 0.05030000
vn 0.98410000 -0.17530000 -0.02820000
vn 0.98540000 -0.16780000 -0.02860000
vn 0.98520000 -0.17110000 0.01060000
vn 0.98360000 -0.17990000 0.01110000
vn 0.98200000 -0.18880000 0.01120000
vn 0.98020000 -0.19780000 0.01060000
vn 0.97830000 -0.20700000 0.00930000
vn 0.97630000 -0.21630000 0.00740000
vn 0.97420000 -0.22550000 0.00490000
vn 0.98280000 -0.18260000 -0.02770000
vn 0.98100000 -0.19180000 -0.02810000
vn 0.97920000 -0.20100000 -0.02890000
vn 0.97710000 -0.21040000 -0.03050000
vn 0.97500000 -0.21990000 -0.03270000
vn 0.97260000 -0.22960000 -0.03570000
vn 0.97010000 -0.23940000 -0.03960000
vn 0.86130000 -0.32470000 -0.39090000
vn 0.90450000 -0.28130000 -0.32050000
vn 0.80730000 -0.37100000 -0.45900000
vn 0.74040000 -0.42130000 -0.52380000
vn 0.66250000 -0.47240000 -0.58140000
vn 0.71040000 -0.42190000 -0.56330000
vn 0.77910000 -0.37240000 -0.50430000
vn 0.93840000 -0.24070000 -0.24810000
vn 0.96320000 -0.20350000 -0.17560000
vn 0.19290000 -0.09750000 0.97640000
vn 0.96440000 -0.16310000 0.20820000
vn 0.96770000 -0.15740000 0.19700000
vn 0.97080000 -0.15170000 0.18600000
vn 0.96630000 -0.16400000 0.19860000
vn 0.96940000 -0.15820000 0.18770000
vn 0.96090000 -0.16870000 0.21970000
vn 0.96790000 -0.16470000 0.18990000
vn 0.96290000 -0.16970000 0.20960000
vn 0.96640000 -0.17160000 0.19130000
vn 0.96510000 -0.17890000 0.19140000
vn 0.96480000 -0.17060000 0.20030000
vn 0.96150000 -0.17650000 0.21090000
vn 0.93980000 -0.27800000 -0.19860000
vn 0.94420000 -0.26710000 -0.19290000
vn 0.94790000 -0.25680000 -0.18870000
vn 0.90940000 -0.30990000 -0.27730000
vn 0.91490000 -0.29900000 -0.27100000
vn 0.93520000 -0.28880000 -0.20480000
vn 0.93020000 -0.29970000 -0.21190000
vn 0.87040000 -0.34410000 -0.35230000
vn 0.90310000 -0.32130000 -0.28480000
vn 0.89640000 -0.33250000 -0.29290000
vn 0.81350000 -0.39140000 -0.43020000
vn 0.74410000 -0.44040000 -0.50250000
vn 0.66270000 -0.48990000 -0.56650000
vn 0.86240000 -0.35550000 -0.36020000
vn 0.85390000 -0.36710000 -0.36910000
vn 0.96320000 -0.17790000 0.20120000
vn 0.80290000 -0.40310000 -0.43920000
vn 0.71780000 -0.41270000 -0.56080000
vn -0.25140000 -0.96550000 -0.06780000
vn -0.24280000 -0.96710000 -0.07520000
vn -0.25820000 -0.96430000 -0.05860000
vn -0.26070000 -0.96290000 -0.07020000
vn -0.26100000 -0.96370000 -0.05650000
vn -0.26260000 -0.96310000 -0.05820000
vn -0.23800000 -0.96800000 -0.07950000
vn -0.24200000 -0.96950000 -0.03990000
vn -0.21360000 -0.97440000 -0.06990000
vn -0.21170000 -0.97690000 -0.02980000
vn -0.18800000 -0.98030000 -0.06020000
vn -0.16090000 -0.98570000 -0.05020000
vn -0.13970000 -0.98710000 -0.07800000
vn -0.13210000 -0.99040000 -0.04040000
vn -0.11550000 -0.99090000 -0.06900000
vn -0.11710000 -0.99250000 -0.03580000
vn -0.10250000 -0.99260000 -0.06500000
vn -0.10160000 -0.99430000 -0.03120000
vn -0.08930000 -0.99420000 -0.06030000
vn -0.08550000 -0.99600000 -0.02730000
vn -0.07540000 -0.99550000 -0.05660000
vn -0.06890000 -0.99730000 -0.02390000
vn -0.06100000 -0.99670000 -0.05340000
vn -0.05190000 -0.99840000 -0.02120000
vn -0.04620000 -0.99760000 -0.05070000
vn -0.03450000 -0.99920000 -0.01950000
vn -0.03090000 -0.99830000 -0.04920000
vn 0.00100000 -0.99980000 -0.01770000
vn 0.00070000 -0.99890000 -0.04740000
vn 0.04730000 -0.99870000 -0.02060000
vn 0.04130000 -0.99790000 -0.05020000
vn 0.06120000 -0.99670000 -0.05340000
vn 0.05130000 -0.99540000 -0.08130000
vn 0.06720000 -0.99410000 -0.08560000
vn 0.05250000 -0.99230000 -0.11210000
vn 0.08260000 -0.99250000 -0.09020000
vn 0.06440000 -0.99120000 -0.11580000
vn 0.09730000 -0.99070000 -0.09530000
vn 0.07560000 -0.98990000 -0.12000000
vn 0.09080000 -0.98780000 -0.12640000
vn 0.06980000 -0.98740000 -0.14220000
vn 0.07940000 -0.98600000 -0.14670000
vn 0.05400000 -0.98570000 -0.15980000
vn 0.08790000 -0.98470000 -0.15030000
vn 0.05960000 -0.98500000 -0.16200000
vn 0.06070000 -0.98480000 -0.16290000
vn 0.03060000 -0.98440000 -0.17350000
vn 0.03370000 -0.98420000 -0.17380000
vn -0.00080000 -0.98300000 -0.18370000
vn -0.23300000 -0.96890000 -0.08340000
vn -0.19840000 -0.97430000 -0.10700000
vn -0.18300000 -0.97840000 -0.09590000
vn -0.17790000 -0.97690000 -0.11870000
vn -0.15070000 -0.98150000 -0.11780000
vn -0.15680000 -0.97910000 -0.12920000
vn -0.12800000 -0.98160000 -0.14180000
vn -0.11680000 -0.98370000 -0.13670000
vn -0.09600000 -0.98340000 -0.15370000
vn -0.09040000 -0.98470000 -0.14910000
vn -0.07070000 -0.98420000 -0.16240000
vn -0.06290000 -0.98500000 -0.16050000
vn -0.04450000 -0.98430000 -0.17060000
vn -0.03320000 -0.98450000 -0.17220000
vn -0.00080000 -0.98300000 -0.18370000
vn 0.06620000 -0.98450000 -0.16210000
vn 0.06630000 -0.98430000 -0.16350000
vn 0.08960000 -0.98450000 -0.15100000
vn 0.11540000 -0.98380000 -0.13690000
vn 0.10390000 -0.98580000 -0.13220000
vn 0.11720000 -0.98770000 -0.10330000
vn 0.11670000 -0.99080000 -0.06890000
vn 0.09900000 -0.99310000 -0.06290000
vn 0.08050000 -0.99510000 -0.05780000
vn 0.07000000 -0.99730000 -0.02400000
vn 0.05240000 -0.99860000 0.00990000
vn 0.00140000 -0.99990000 0.01270000
vn -0.03770000 -0.99920000 0.01100000
vn -0.05690000 -0.99830000 0.00930000
vn -0.07580000 -0.99710000 0.00660000
vn -0.09430000 -0.99550000 0.00330000
vn -0.11220000 -0.99370000 -0.00090000
vn -0.12990000 -0.99150000 -0.00480000
vn -0.14700000 -0.98910000 -0.00970000
vn -0.18010000 -0.98350000 -0.01950000
vn -0.23240000 -0.97260000 0.00350000
vn -0.26700000 -0.96370000 -0.00640000
vn -0.28090000 -0.95890000 -0.03980000
vn -0.29780000 -0.95440000 -0.01990000
vn -0.28790000 -0.95720000 0.03070000
vn -0.32540000 -0.94530000 0.02160000
vn -0.30020000 -0.95190000 0.06090000
vn -0.33780000 -0.94010000 0.04670000
vn -0.34620000 -0.93570000 0.06810000
vn -0.30970000 -0.94640000 0.09190000
vn -0.35670000 -0.92810000 0.10660000
vn -0.31570000 -0.94060000 0.12470000
vn -0.36160000 -0.92140000 0.14250000
vn -0.31860000 -0.93470000 0.15790000
vn -0.36170000 -0.91340000 0.18680000
vn -0.31660000 -0.92650000 0.20340000
vn -0.35560000 -0.90660000 0.22710000
vn -0.30800000 -0.91870000 0.24720000
vn -0.34500000 -0.90090000 0.26330000
vn -0.29330000 -0.91110000 0.28960000
vn -0.33210000 -0.89640000 0.29370000
vn -0.31780000 -0.89270000 0.31960000
vn -0.27340000 -0.90410000 0.32830000
vn -0.30770000 -0.89060000 0.33500000
vn -0.29680000 -0.88860000 0.34970000
vn -0.24890000 -0.89770000 0.36350000
vn -0.27220000 -0.88500000 0.37780000
vn -0.26380000 -0.88390000 0.38620000
vn -0.22040000 -0.89150000 0.39570000
vn -0.24400000 -0.88150000 0.40430000
vn -0.23630000 -0.88060000 0.41070000
vn -0.24030000 -0.88230000 0.40480000
vn -0.22670000 -0.88320000 0.41050000
vn 0.09780000 -0.98350000 -0.15220000
vn 0.11840000 -0.98330000 -0.13810000
vn 0.15040000 -0.98160000 -0.11740000
vn 0.13470000 -0.98460000 -0.11100000
vn 0.14140000 -0.98690000 -0.07810000
vn 0.13420000 -0.99010000 -0.04030000
vn 0.11350000 -0.99300000 -0.03410000
vn 0.09240000 -0.99530000 -0.02850000
vn 0.07760000 -0.99700000 0.00650000
vn 0.05660000 -0.99760000 0.04110000
vn 0.00170000 -0.99900000 0.04360000
vn -0.04030000 -0.99830000 0.04210000
vn -0.06100000 -0.99730000 0.04020000
vn -0.08150000 -0.99590000 0.03800000
vn -0.10160000 -0.99420000 0.03500000
vn -0.12130000 -0.99210000 0.03140000
vn -0.14060000 -0.98970000 0.02700000
vn -0.15970000 -0.98690000 0.02270000
vn -0.19660000 -0.98040000 0.01340000
vn -0.24950000 -0.96760000 0.03980000
vn 0.12880000 -0.98180000 -0.13950000
vn 0.15600000 -0.98050000 -0.11940000
vn 0.18330000 -0.97850000 -0.09490000
vn 0.16350000 -0.98270000 -0.08720000
vn 0.16360000 -0.98520000 -0.05030000
vn 0.14990000 -0.98870000 -0.00970000
vn 0.12660000 -0.99200000 -0.00320000
vn 0.10220000 -0.99480000 0.00200000
vn 0.08390000 -0.99570000 0.03800000
vn 0.06000000 -0.99550000 0.07290000
vn 0.00200000 -0.99720000 0.07500000
vn -0.04240000 -0.99640000 0.07370000
vn -0.06430000 -0.99530000 0.07210000
vn -0.08590000 -0.99390000 0.06980000
vn -0.10730000 -0.99190000 0.06740000
vn -0.12850000 -0.98960000 0.06420000
vn -0.14930000 -0.98690000 0.06080000
vn -0.16990000 -0.98380000 0.05700000
vn -0.21010000 -0.97650000 0.04870000
vn -0.25960000 -0.96330000 0.06860000
vn 0.16710000 -0.97840000 -0.12140000
vn 0.45410000 0.79560000 -0.40100000
vn 0.19520000 -0.76380000 0.61520000
vn 0.19220000 -0.97640000 -0.09840000
vn 0.25090000 -0.71540000 0.65210000
vn 0.20330000 -0.97390000 -0.10050000
vn 0.59420000 0.72070000 -0.35710000
vn 0.22240000 -0.97100000 -0.08740000
vn 0.22700000 -0.97110000 -0.07330000
vn 0.21430000 -0.97440000 -0.06880000
vn 0.24270000 -0.96930000 -0.03880000
vn 0.19020000 -0.97990000 -0.06010000
vn 0.21440000 -0.97630000 -0.02970000
vn 0.18350000 -0.98280000 -0.01970000
vn 0.20060000 -0.97960000 0.01300000
vn 0.16300000 -0.98640000 0.02270000
vn 0.17370000 -0.98320000 0.05690000
vn 0.13730000 -0.99010000 0.02880000
vn 0.14570000 -0.98740000 0.06210000
vn 0.11080000 -0.99330000 0.03370000
vn 0.11740000 -0.99090000 0.06640000
vn 0.08900000 -0.99360000 0.07010000
vn 0.09180000 -0.99120000 0.09490000
vn 0.06190000 -0.99340000 0.09700000
vn 0.06330000 -0.99060000 0.12100000
vn 0.00210000 -0.99510000 0.09890000
vn 0.00220000 -0.99250000 0.12250000
vn -0.04360000 -0.99420000 0.09780000
vn -0.04450000 -0.99160000 0.12160000
vn -0.06620000 -0.99310000 0.09650000
vn -0.06760000 -0.99040000 0.12070000
vn -0.08860000 -0.99150000 0.09480000
vn -0.09050000 -0.98870000 0.11930000
vn -0.11080000 -0.98950000 0.09250000
vn -0.11320000 -0.98660000 0.11760000
vn -0.13270000 -0.98710000 0.08990000
vn -0.13570000 -0.98400000 0.11550000
vn -0.15440000 -0.98420000 0.08690000
vn -0.15810000 -0.98090000 0.11320000
vn -0.17590000 -0.98090000 0.08350000
vn -0.18020000 -0.97740000 0.11050000
vn -0.21800000 -0.97300000 0.07640000
vn -0.22380000 -0.96900000 0.10470000
vn -0.26710000 -0.95860000 0.09850000
vn -0.27220000 -0.95350000 0.12950000
vn 0.23930000 -0.96820000 -0.07340000
vn 0.24390000 -0.96720000 -0.07050000
vn 0.26020000 -0.96450000 -0.04430000
vn 0.26770000 -0.96350000 -0.00550000
vn 0.23540000 -0.97190000 0.00350000
vn 0.21460000 -0.97550000 0.04830000
vn 0.18000000 -0.98010000 0.08350000
vn 0.15090000 -0.98460000 0.08790000
vn 0.12140000 -0.98840000 0.09170000
vn 0.09390000 -0.98840000 0.11940000
vn 0.06420000 -0.98730000 0.14510000
vn 0.00230000 -0.98930000 0.14610000
vn -0.04500000 -0.98830000 0.14550000
vn -0.06840000 -0.98710000 0.14490000
vn -0.09170000 -0.98530000 0.14400000
vn -0.11460000 -0.98310000 0.14250000
vn -0.13770000 -0.98030000 0.14140000
vn -0.16050000 -0.97710000 0.13980000
vn -0.18300000 -0.97340000 0.13780000
vn -0.22840000 -0.96430000 0.13390000
vn -0.27420000 -0.94810000 0.16090000
vn 0.27040000 -0.96170000 -0.04480000
vn 0.27060000 -0.96160000 -0.04550000
vn 0.28310000 -0.95860000 -0.03190000
vn 0.29030000 -0.95690000 -0.01160000
vn 0.29930000 -0.95410000 -0.00810000
vn 0.29830000 -0.95440000 -0.01300000
vn 0.31200000 -0.95000000 0.00700000
vn 0.28850000 -0.95700000 0.03160000
vn 0.32270000 -0.94620000 0.02510000
vn 0.32620000 -0.94520000 0.01330000
vn 0.31670000 -0.94820000 0.02530000
vn 0.30090000 -0.95170000 0.06150000
vn 0.25280000 -0.96670000 0.03980000
vn 0.26310000 -0.96230000 0.06870000
vn 0.22270000 -0.97190000 0.07660000
vn 0.22890000 -0.96780000 0.10500000
vn 0.18450000 -0.97660000 0.11050000
vn 0.18750000 -0.97250000 0.13790000
vn 0.15460000 -0.98140000 0.11390000
vn 0.15700000 -0.97760000 0.14030000
vn 0.12400000 -0.98540000 0.11690000
vn 0.12630000 -0.98170000 0.14240000
vn 0.09530000 -0.98500000 0.14400000
vn 0.09590000 -0.98100000 0.16890000
vn 0.06460000 -0.98340000 0.16940000
vn 0.06430000 -0.97730000 0.20200000
vn 0.00230000 -0.98550000 0.16980000
vn 0.00240000 -0.97940000 0.20170000
vn -0.04520000 -0.98450000 0.16950000
vn -0.04500000 -0.97840000 0.20180000
vn -0.06870000 -0.98320000 0.16910000
vn -0.06850000 -0.97700000 0.20190000
vn -0.09210000 -0.98130000 0.16870000
vn -0.09180000 -0.97510000 0.20210000
vn -0.11530000 -0.97900000 0.16820000
vn -0.11460000 -0.97260000 0.20240000
vn -0.13840000 -0.97610000 0.16750000
vn -0.13790000 -0.96950000 0.20260000
vn -0.16140000 -0.97270000 0.16660000
vn -0.16080000 -0.96590000 0.20290000
vn -0.18420000 -0.96880000 0.16560000
vn -0.18320000 -0.96190000 0.20310000
vn -0.22810000 -0.95210000 0.20340000
vn -0.22270000 -0.94430000 0.24240000
vn -0.26590000 -0.93230000 0.24510000
vn -0.25390000 -0.92430000 0.28510000
vn 0.33200000 -0.94230000 0.04400000
vn 0.33330000 -0.94120000 0.05530000
vn 0.33550000 -0.94060000 0.05220000
vn 0.29860000 -0.95350000 0.04110000
vn 0.33870000 -0.93890000 0.06050000
vn 0.34180000 -0.93720000 0.06910000
vn 0.34670000 -0.93390000 0.08730000
vn 0.34980000 -0.93180000 0.09660000
vn 0.31010000 -0.94610000 0.09280000
vn 0.31610000 -0.94040000 0.12530000
vn 0.27080000 -0.95760000 0.09870000
vn 0.27630000 -0.95230000 0.12970000
vn 0.23300000 -0.96320000 0.13420000
vn 0.23480000 -0.95820000 0.16370000
vn 0.18880000 -0.96790000 0.16580000
vn 0.18780000 -0.96090000 0.20340000
vn 0.15780000 -0.97320000 0.16700000
vn 0.15700000 -0.96650000 0.20300000
vn 0.12670000 -0.97760000 0.16810000
vn 0.12640000 -0.97110000 0.20240000
vn 0.09540000 -0.97470000 0.20220000
vn 0.06300000 -0.97010000 0.23420000
vn 0.00220000 -0.97240000 0.23330000
vn -0.04420000 -0.97130000 0.23370000
vn -0.06720000 -0.96990000 0.23420000
vn -0.09000000 -0.96780000 0.23500000
vn -0.11230000 -0.96520000 0.23620000
vn -0.13510000 -0.96200000 0.23720000
vn -0.15730000 -0.95830000 0.23850000
vn -0.17920000 -0.95410000 0.23980000
vn -0.21340000 -0.93600000 0.28000000
vn -0.23760000 -0.91640000 0.32220000
vn 0.35660000 -0.92430000 0.13600000
vn 0.31920000 -0.93430000 0.15860000
vn 0.27820000 -0.94690000 0.16130000
vn 0.27660000 -0.93920000 0.20350000
vn 0.23340000 -0.95080000 0.20380000
vn 0.26950000 -0.93120000 0.24520000
vn 0.22760000 -0.94300000 0.24280000
vn 0.25730000 -0.92320000 0.28550000
vn 0.21820000 -0.93460000 0.28090000
vn 0.24070000 -0.91530000 0.32300000
vn 0.20500000 -0.92600000 0.31700000
vn 0.22010000 -0.90760000 0.35750000
vn 0.18850000 -0.91740000 0.35060000
vn 0.19610000 -0.90000000 0.38930000
vn 0.16890000 -0.90870000 0.38180000
vn 0.17650000 -0.89490000 0.41000000
vn 0.15270000 -0.90240000 0.40290000
vn 0.15570000 -0.89000000 0.42860000
vn 0.13540000 -0.89630000 0.42240000
vn 0.13360000 -0.88490000 0.44620000
vn 0.11670000 -0.89020000 0.44040000
vn 0.11080000 -0.87990000 0.46210000
vn 0.10120000 -0.88550000 0.45360000
vn 0.09690000 -0.88420000 0.45700000
vn 0.09680000 -0.88420000 0.45700000
vn 0.09690000 -0.88420000 0.45710000
vn 0.09800000 -0.88530000 0.45460000
vn 0.09520000 -0.88470000 0.45630000
vn 0.09330000 -0.88520000 0.45570000
vn 0.07590000 -0.87830000 0.47200000
vn 0.09260000 -0.88530000 0.45570000
vn 0.09080000 -0.88490000 0.45680000
vn 0.09010000 -0.88500000 0.45690000
vn 0.06360000 -0.88170000 0.46750000
vn 0.06330000 -0.88720000 0.45710000
vn 0.05420000 -0.88400000 0.46440000
vn 0.04440000 -0.88600000 0.46150000
vn 0.03770000 -0.87580000 0.48110000
vn 0.03080000 -0.87720000 0.47920000
vn 0.01930000 -0.86740000 0.49720000
vn 0.01590000 -0.86810000 0.49610000
vn -0.00100000 -0.85900000 0.51200000
vn 0.35790000 -0.92070000 0.15600000
vn 0.35720000 -0.91510000 0.18690000
vn 0.31710000 -0.92630000 0.20360000
vn 0.35540000 -0.91250000 0.20280000
vn 0.35410000 -0.91280000 0.20340000
vn 0.35280000 -0.90970000 0.21920000
vn 0.34920000 -0.90710000 0.23490000
vn 0.33180000 -0.89960000 0.28400000
vn 0.34530000 -0.90510000 0.24800000
vn 0.30850000 -0.91850000 0.24710000
vn 0.31680000 -0.89520000 0.31340000
vn 0.32810000 -0.89830000 0.29230000
vn 0.29380000 -0.91100000 0.28940000
vn 0.30030000 -0.89070000 0.34130000
vn -0.50320000 0.41720000 -0.75680000
vn -0.00990000 0.45390000 0.89100000
vn 0.28120000 -0.33890000 0.89780000
vn 0.30080000 -0.86800000 0.39520000
vn 0.27880000 -0.88890000 0.36350000
vn 0.28480000 -0.27620000 0.91790000
vn -0.01070000 -0.75560000 -0.65490000
vn 0.25350000 -0.88450000 0.39160000
vn 0.21830000 -0.88070000 0.42040000
vn 0.13420000 -0.94780000 0.28940000
vn 0.20070000 -0.93110000 0.30460000
vn 0.22080000 -0.89150000 0.39560000
vn 0.19780000 -0.88730000 0.41650000
vn 0.20000000 -0.90320000 0.37970000
vn 0.17380000 -0.88350000 0.43510000
vn 0.19050000 -0.28530000 0.93930000
vn 0.14850000 -0.88000000 0.45120000
vn 0.16990000 -0.25330000 0.95240000
vn 0.15110000 -0.87480000 0.46030000
vn -0.15060000 0.36820000 -0.91750000
vn 0.18270000 -0.87750000 0.44340000
vn -0.20130000 0.01590000 -0.97940000
vn 0.11480000 -0.94660000 0.30140000
vn 0.13920000 -0.87400000 0.46560000
vn 0.12190000 -0.87650000 0.46580000
vn 0.12720000 -0.87310000 0.47060000
vn 0.09480000 -0.87300000 0.47840000
vn 0.08600000 -0.87530000 0.47580000
vn 0.09830000 -0.87070000 0.48190000
vn 0.06560000 -0.86910000 0.49030000
vn 0.05960000 -0.87040000 0.48870000
vn 0.05250000 -0.87210000 0.48650000
vn 0.04430000 -0.87440000 0.48320000
vn 0.06770000 -0.86770000 0.49250000
vn 0.03480000 -0.86390000 0.50240000
vn 0.03380000 -0.86450000 0.50150000
vn -0.00110000 -0.85940000 0.51130000
vn -0.07660000 -0.86780000 0.49100000
vn -0.06670000 -0.86940000 0.48960000
vn -0.04090000 -0.86450000 0.50100000
vn -0.03570000 -0.86500000 0.50050000
vn -0.00110000 -0.85910000 0.51170000
vn -0.09320000 -0.86940000 0.48530000
vn -0.09510000 -0.87280000 0.47870000
vn -0.06030000 -0.87110000 0.48740000
vn -0.08550000 -0.87570000 0.47520000
vn -0.05690000 -0.87180000 0.48660000
vn -0.07860000 -0.87780000 0.47260000
vn -0.05290000 -0.87290000 0.48500000
vn -0.07490000 -0.87880000 0.47130000
vn -0.04460000 -0.87490000 0.48220000
vn -0.06300000 -0.88190000 0.46730000
vn -0.04040000 -0.87590000 0.48080000
vn -0.05650000 -0.88340000 0.46520000
vn -0.03540000 -0.87690000 0.47940000
vn -0.04960000 -0.88480000 0.46320000
vn -0.03040000 -0.87770000 0.47830000
vn -0.04230000 -0.88620000 0.46130000
vn -0.02480000 -0.87820000 0.47760000
vn -0.03450000 -0.88710000 0.46020000
vn -0.01900000 -0.87910000 0.47630000
vn -0.02630000 -0.88840000 0.45830000
vn -0.01280000 -0.87940000 0.47590000
vn -0.01770000 -0.88910000 0.45750000
vn 0.00030000 -0.88940000 0.45710000
vn -0.09930000 -0.86970000 0.48350000
vn -0.10930000 -0.87040000 0.48010000
vn -0.12150000 -0.87590000 0.46700000
vn -0.14060000 -0.87220000 0.46840000
vn -0.14200000 -0.87290000 0.46680000
vn -0.14400000 -0.87290000 0.46630000
vn -0.14590000 -0.87280000 0.46570000
vn -0.14790000 -0.87960000 0.45210000
vn -0.15170000 -0.87330000 0.46300000
vn -0.16510000 -0.87430000 0.45640000
vn -0.18060000 -0.87550000 0.44820000
vn -0.17320000 -0.88340000 0.43540000
vn -0.13190000 -0.88520000 0.44610000
vn -0.15360000 -0.89030000 0.42860000
vn -0.13250000 -0.89730000 0.42120000
vn -0.14950000 -0.90360000 0.40150000
vn -0.12320000 -0.91090000 0.39380000
vn -0.13560000 -0.91820000 0.37230000
vn -0.10930000 -0.91440000 0.38970000
vn -0.11990000 -0.92180000 0.36860000
vn -0.10210000 -0.91910000 0.38070000
vn -0.10380000 -0.92520000 0.36500000
vn -0.10100000 -0.92990000 0.35360000
vn -0.11450000 -0.93530000 0.33490000
vn -0.10000000 -0.93950000 0.32760000
vn -0.12320000 -0.94480000 0.30350000
vn -0.10300000 -0.94800000 0.30100000
vn -0.13020000 -0.95380000 0.27090000
vn -0.10860000 -0.95700000 0.26890000
vn -0.19880000 -0.87700000 0.43730000
vn -0.19740000 -0.88730000 0.41680000
vn -0.17430000 -0.89550000 0.40940000
vn -0.16530000 -0.91000000 0.38010000
vn -0.15030000 -0.92770000 0.34170000
vn -0.13270000 -0.93170000 0.33810000
vn -0.19370000 -0.90100000 0.38810000
vn -0.18440000 -0.91880000 0.34890000
vn -0.16260000 -0.93690000 0.30940000
vn -0.14320000 -0.94110000 0.30630000
vn 0.10040000 -0.93040000 0.35260000
vn 0.10690000 -0.91480000 0.38950000
vn 0.10290000 -0.90760000 0.40700000
vn 0.12600000 -0.91010000 0.39470000
vn 0.11220000 -0.90300000 0.41460000
vn 0.09810000 -0.95060000 0.29450000
vn 0.10490000 -0.93690000 0.33350000
vn 0.13000000 -0.93230000 0.33750000
vn 0.11720000 -0.92230000 0.36820000
vn 0.13860000 -0.91720000 0.37340000
vn 0.11290000 -0.94650000 0.30230000
vn 0.09810000 -0.95230000 0.28910000
vn 0.09750000 -0.95350000 0.28520000
vn 0.09550000 -0.95450000 0.28240000
vn 0.09040000 -0.95930000 0.26740000
vn 0.11920000 -0.95550000 0.26970000
vn 0.14000000 -0.94180000 0.30570000
vn 0.15380000 -0.92670000 0.34280000
vn 0.09240000 -0.95550000 0.28010000
vn 0.08870000 -0.95590000 0.27990000
vn 0.07120000 -0.95730000 0.28010000
vn 0.06090000 -0.96210000 0.26560000
vn -0.00000000 -0.96000000 0.28000000
vn 0.00210000 -0.96450000 0.26400000
vn -0.04270000 -0.96330000 0.26480000
vn -0.06760000 -0.95760000 0.28020000
vn -0.06490000 -0.96180000 0.26580000
vn -0.07860000 -0.95670000 0.28010000
vn -0.08680000 -0.95970000 0.26720000
vn -0.08680000 -0.95610000 0.28000000
vn -0.08970000 -0.95580000 0.28010000
vn -0.09140000 -0.95560000 0.28020000
vn -0.09270000 -0.95550000 0.28000000
vn -0.09400000 -0.95540000 0.27990000
vn -0.09540000 -0.95480000 0.28160000
vn -0.09600000 -0.95460000 0.28200000
vn -0.09780000 -0.95360000 0.28470000
vn -0.09850000 -0.95270000 0.28760000
vn -0.09880000 -0.95070000 0.29380000
vn -0.09900000 -0.94840000 0.30120000
vn -0.10280000 -0.90900000 0.40390000
vn -0.10980000 -0.90360000 0.41410000
vn -0.10200000 -0.88760000 0.44910000
vn -0.11430000 -0.89090000 0.43960000
vn -0.10110000 -0.88670000 0.45120000
vn -0.09940000 -0.88530000 0.45420000
vn -0.09110000 -0.88500000 0.45670000
vn -0.09510000 -0.88440000 0.45700000
vn -0.09650000 -0.88410000 0.45710000
vn -0.10890000 -0.88010000 0.46210000
vn -0.08930000 -0.88490000 0.45710000
vn -0.07980000 -0.88570000 0.45740000
vn -0.07150000 -0.88630000 0.45760000
vn -0.06570000 -0.88650000 0.45800000
vn -0.06380000 -0.88670000 0.45790000
vn -0.03430000 -0.88820000 0.45820000
vn -0.02790000 -0.88920000 0.45670000
vn -0.00020000 -0.87980000 0.47540000
vn 0.01030000 -0.88940000 0.45710000
vn 0.01550000 -0.87910000 0.47640000
vn 0.01750000 -0.88930000 0.45710000
vn 0.02290000 -0.88870000 0.45800000
vn 0.02410000 -0.88850000 0.45820000
vn 0.03390000 -0.88750000 0.45950000
vn 0.03380000 -0.88890000 0.45690000
vn 0.10240000 -0.88680000 0.45070000
vn 0.10320000 -0.88770000 0.44870000
vn 0.10350000 -0.89460000 0.43470000
vn 0.10320000 -0.90120000 0.42100000
vn -0.00080000 -0.98300000 -0.18360000
vn -0.03030000 -0.98480000 -0.17100000
vn -0.02270000 -0.98550000 -0.16810000
vn -0.00090000 -0.98300000 -0.18370000
vn -0.02030000 -0.98560000 -0.16760000
vn -0.00080000 -0.98300000 -0.18340000
vn -0.01810000 -0.98580000 -0.16670000
vn -0.00090000 -0.98300000 -0.18360000
vn -0.01550000 -0.98600000 -0.16620000
vn -0.00080000 -0.98300000 -0.18380000
vn -0.01250000 -0.98620000 -0.16530000
vn -0.00080000 -0.98300000 -0.18340000
vn -0.01040000 -0.98620000 -0.16510000
vn -0.00090000 -0.98300000 -0.18360000
vn -0.00720000 -0.98630000 -0.16490000
vn -0.00080000 -0.98300000 -0.18370000
vn -0.00090000 -0.98640000 -0.16460000
vn -0.00070000 -0.98300000 -0.18370000
vn 0.00680000 -0.98620000 -0.16530000
vn 0.01380000 -0.98590000 -0.16700000
vn -0.00080000 -0.98300000 -0.18340000
vn 0.01730000 -0.98570000 -0.16770000
vn -0.00090000 -0.98300000 -0.18350000
vn 0.02000000 -0.98540000 -0.16920000
vn 0.02750000 -0.98470000 -0.17220000
vn -0.00080000 -0.98300000 -0.18360000
vn 0.03040000 -0.98440000 -0.17340000
vn -0.00110000 -0.85920000 0.51170000
vn 0.03080000 -0.86510000 0.50060000
vn -0.00110000 -0.85920000 0.51160000
vn 0.02700000 -0.86580000 0.49960000
vn -0.00110000 -0.85920000 0.51160000
vn 0.02270000 -0.86700000 0.49780000
vn -0.00120000 -0.85940000 0.51130000
vn -0.00120000 -0.85940000 0.51140000
vn 0.01180000 -0.86880000 0.49500000
vn -0.00120000 -0.85930000 0.51150000
vn 0.00770000 -0.86920000 0.49440000
vn -0.00110000 -0.85930000 0.51150000
vn -0.00070000 -0.86950000 0.49390000
vn -0.00100000 -0.85930000 0.51140000
vn -0.00740000 -0.86940000 0.49410000
vn -0.00130000 -0.85920000 0.51170000
vn -0.01060000 -0.86940000 0.49390000
vn -0.00110000 -0.85950000 0.51110000
vn -0.01380000 -0.86900000 0.49460000
vn -0.00140000 -0.85900000 0.51190000
vn -0.01700000 -0.86880000 0.49490000
vn -0.00110000 -0.85940000 0.51130000
vn -0.01970000 -0.86840000 0.49550000
vn -0.00120000 -0.85940000 0.51120000
vn -0.02180000 -0.86790000 0.49630000
vn -0.00120000 -0.85910000 0.51180000
vn -0.02430000 -0.86740000 0.49710000
vn -0.00110000 -0.85940000 0.51130000
vn -0.02860000 -0.86690000 0.49770000
vn -0.00120000 -0.85950000 0.51120000
vn -0.03120000 -0.86590000 0.49920000
vn 0.04750000 -0.98640000 -0.15740000
vn 0.05840000 -0.98880000 -0.13720000
vn 0.04980000 -0.98970000 -0.13400000
vn 0.04060000 -0.99050000 -0.13130000
vn 0.04000000 -0.99320000 -0.10910000
vn 0.03450000 -0.99630000 -0.07890000
vn 0.00010000 -0.99710000 -0.07640000
vn -0.02670000 -0.99660000 -0.07790000
vn -0.03950000 -0.99610000 -0.07930000
vn -0.05210000 -0.99530000 -0.08160000
vn -0.06410000 -0.99440000 -0.08450000
vn -0.07560000 -0.99330000 -0.08780000
vn -0.08660000 -0.99200000 -0.09130000
vn -0.09710000 -0.99070000 -0.09530000
vn -0.11650000 -0.98780000 -0.10300000
vn -0.16200000 -0.98290000 -0.08710000
vn -0.00110000 -0.85920000 0.51160000
vn -0.03230000 -0.86570000 0.49950000
vn -0.00080000 -0.98300000 -0.18360000
vn -0.02670000 -0.98520000 -0.16950000
vn -0.05680000 -0.98580000 -0.15800000
vn -0.00080000 -0.98300000 -0.18370000
vn 0.01050000 -0.98610000 -0.16600000
vn 0.01390000 -0.98910000 -0.14650000
vn -0.00080000 -0.98940000 -0.14510000
vn -0.01260000 -0.98930000 -0.14560000
vn -0.01840000 -0.98910000 -0.14610000
vn -0.02370000 -0.98880000 -0.14710000
vn -0.02880000 -0.98850000 -0.14820000
vn -0.03350000 -0.98820000 -0.14960000
vn -0.03810000 -0.98780000 -0.15070000
vn -0.04230000 -0.98740000 -0.15220000
vn -0.05010000 -0.98660000 -0.15510000
vn -0.08150000 -0.98610000 -0.14480000
vn -0.00080000 -0.98300000 -0.18370000
vn 0.02410000 -0.98500000 -0.17080000
vn 0.04010000 -0.98740000 -0.15330000
vn 0.03380000 -0.98790000 -0.15170000
vn 0.02760000 -0.98840000 -0.14950000
vn 0.02110000 -0.98880000 -0.14760000
vn 0.03080000 -0.99120000 -0.12850000
vn 0.02060000 -0.99170000 -0.12690000
vn 0.02680000 -0.99390000 -0.10660000
vn -0.00070000 -0.99210000 -0.12520000
vn -0.00040000 -0.99450000 -0.10460000
vn -0.01750000 -0.99190000 -0.12600000
vn -0.02170000 -0.99420000 -0.10570000
vn -0.02550000 -0.99160000 -0.12710000
vn -0.03200000 -0.99370000 -0.10710000
vn -0.03320000 -0.99120000 -0.12820000
vn -0.04180000 -0.99320000 -0.10910000
vn -0.04060000 -0.99070000 -0.12990000
vn -0.05120000 -0.99250000 -0.11130000
vn -0.04760000 -0.99010000 -0.13190000
vn -0.06020000 -0.99170000 -0.11380000
vn -0.05410000 -0.98950000 -0.13400000
vn -0.06870000 -0.99080000 -0.11650000
vn -0.06040000 -0.98880000 -0.13610000
vn -0.07670000 -0.98990000 -0.11940000
vn -0.07150000 -0.98750000 -0.14060000
vn -0.09150000 -0.98790000 -0.12540000
vn -0.10470000 -0.98580000 -0.13120000
vn -0.13430000 -0.98480000 -0.11060000
vn -0.27260000 -0.94040000 0.20360000
vn -0.22940000 -0.95950000 0.16350000
vn -0.21740000 -0.90870000 0.35650000
vn -0.20060000 -0.92750000 0.31560000
vn -0.17230000 -0.94580000 0.27540000
vn -0.15150000 -0.95000000 0.27300000
vn 0.24920000 -0.89750000 0.36380000
vn 0.27380000 -0.90400000 0.32840000
vn 0.18370000 -0.95320000 0.24020000
vn 0.15390000 -0.95900000 0.23810000
vn 0.12360000 -0.96370000 0.23670000
vn 0.09340000 -0.96750000 0.23510000
vn 0.17650000 -0.94480000 0.27590000
vn 0.14810000 -0.95070000 0.27250000
vn 0.16650000 -0.93600000 0.31030000
vn 0.02350000 -0.87830000 0.47750000
vn -0.32500000 -0.89980000 0.29120000
vn -0.22810000 -0.94350000 0.24020000
vn -0.33570000 -0.90490000 0.26180000
vn -0.24700000 -0.94380000 0.21950000
vn -0.34680000 -0.91030000 0.22620000
vn -0.26280000 -0.94490000 0.19530000
vn -0.35740000 -0.91520000 0.18610000
vn -0.27490000 -0.94650000 0.16880000
vn -0.36410000 -0.92040000 0.14220000
vn -0.28410000 -0.94850000 0.14040000
vn -0.36310000 -0.92580000 0.10550000
vn -0.29100000 -0.95040000 0.11030000
vn -0.35030000 -0.93430000 0.06650000
vn -0.29480000 -0.95230000 0.07850000
vn -0.33790000 -0.94000000 0.04640000
vn -0.29530000 -0.95430000 0.04550000
vn -0.32120000 -0.94670000 0.02340000
vn -0.29200000 -0.95630000 0.01150000
vn -0.29310000 -0.95600000 -0.01610000
vn -0.28460000 -0.95840000 -0.02260000
vn -0.27760000 -0.96000000 -0.03660000
vn -0.27250000 -0.96050000 -0.05630000
vn -0.26160000 -0.96350000 -0.05670000
vn -0.25990000 -0.96390000 -0.05790000
vn -0.25530000 -0.96280000 -0.08870000
vn -0.24340000 -0.96700000 -0.07500000
vn -0.23840000 -0.96790000 -0.08000000
vn -0.23350000 -0.96870000 -0.08430000
vn -0.23380000 -0.96500000 -0.11910000
vn -0.20030000 -0.97340000 -0.11080000
vn -0.20970000 -0.96660000 -0.14760000
vn -0.18080000 -0.97560000 -0.12430000
vn -0.18330000 -0.96730000 -0.17540000
vn -0.16050000 -0.97750000 -0.13680000
vn -0.15430000 -0.96700000 -0.20280000
vn -0.13210000 -0.97960000 -0.15160000
vn -0.12200000 -0.96560000 -0.22950000
vn -0.09940000 -0.98130000 -0.16470000
vn -0.08550000 -0.96380000 -0.25260000
vn -0.07270000 -0.98230000 -0.17250000
vn -0.04520000 -0.98290000 -0.17830000
vn -0.04480000 -0.96210000 -0.26910000
vn -0.00090000 -0.98300000 -0.18380000
vn -0.00040000 -0.96890000 -0.24750000
vn -0.03190000 -0.98860000 -0.14750000
vn -0.01290000 -0.99910000 0.04110000
vn -0.06060000 -0.98930000 -0.13280000
vn -0.02400000 -0.99850000 0.04940000
vn -0.08560000 -0.98990000 -0.11280000
vn -0.03300000 -0.99760000 0.06030000
vn -0.10720000 -0.99010000 -0.09050000
vn -0.04040000 -0.99660000 0.07120000
vn -0.12640000 -0.98960000 -0.06850000
vn -0.04670000 -0.99560000 0.08140000
vn -0.14350000 -0.98850000 -0.04720000
vn -0.05200000 -0.99450000 0.09090000
vn -0.15860000 -0.98700000 -0.02560000
vn -0.05630000 -0.99340000 0.10030000
vn -0.17100000 -0.98530000 -0.00270000
vn -0.05880000 -0.99220000 0.11020000
vn -0.17980000 -0.98350000 0.02120000
vn -0.05890000 -0.99090000 0.12090000
vn -0.18420000 -0.98180000 0.04560000
vn -0.05650000 -0.98970000 0.13130000
vn -0.18490000 -0.98030000 0.07030000
vn -0.05260000 -0.98860000 0.14080000
vn -0.18190000 -0.97890000 0.09340000
vn -0.04790000 -0.98770000 0.14880000
vn -0.17610000 -0.97760000 0.11540000
vn -0.04280000 -0.98690000 0.15570000
vn -0.16850000 -0.97630000 0.13560000
vn -0.03620000 -0.98620000 0.16170000
vn -0.15940000 -0.97520000 0.15360000
vn -0.02760000 -0.98570000 0.16640000
vn -0.14940000 -0.97410000 0.16950000
vn -0.01870000 -0.98540000 0.16910000
vn -0.13840000 -0.97330000 0.18330000
vn -0.01040000 -0.98540000 0.16990000
vn -0.12540000 -0.97280000 0.19470000
vn -0.00280000 -0.98560000 0.16930000
vn -0.11070000 -0.97280000 0.20350000
vn 0.00410000 -0.98590000 0.16740000
vn -0.09550000 -0.97310000 0.20940000
vn 0.01010000 -0.98630000 0.16440000
vn -0.08070000 -0.97370000 0.21310000
vn 0.01520000 -0.98690000 0.16040000
vn -0.06710000 -0.97430000 0.21510000
vn 0.01930000 -0.98760000 0.15570000
vn -0.05510000 -0.97480000 0.21600000
vn 0.02240000 -0.98840000 0.15040000
vn -0.03650000 -0.97750000 0.20780000
vn 0.11730000 -0.99200000 0.04640000
vn -0.20740000 -0.94380000 0.25730000
vn -0.31350000 -0.89490000 0.31760000
vn -0.30520000 -0.89200000 0.33350000
vn -0.18650000 -0.94420000 0.27140000
vn -0.29590000 -0.88910000 0.34910000
vn -0.16570000 -0.94470000 0.28300000
vn -0.27310000 -0.88440000 0.37850000
vn -0.26500000 -0.88310000 0.38720000
vn -0.24450000 -0.88080000 0.40540000
vn -0.14600000 -0.94490000 0.29290000
vn -0.12810000 -0.94450000 0.30260000
vn -0.24170000 -0.88060000 0.40760000
vn -0.23880000 -0.88050000 0.40960000
vn -0.23610000 -0.88050000 0.41120000
vn 0.12600000 -0.99020000 0.06060000
vn 0.13530000 -0.98810000 0.07320000
vn 0.14490000 -0.98580000 0.08510000
vn 0.15430000 -0.98320000 0.09750000
vn 0.16280000 -0.98040000 0.11080000
vn 0.16900000 -0.97760000 0.12530000
vn 0.17160000 -0.97500000 0.14110000
vn 0.16990000 -0.97280000 0.15720000
vn 0.16540000 -0.97120000 0.17130000
vn 0.15960000 -0.96980000 0.18450000
vn 0.15450000 -0.96820000 0.19670000
vn 0.15210000 -0.96600000 0.20920000
vn 0.15070000 -0.96320000 0.22240000
vn 0.14750000 -0.96060000 0.23560000
vn 0.14170000 -0.95840000 0.24770000
vn 0.13380000 -0.95670000 0.25860000
vn 0.12780000 -0.95580000 0.26490000
vn 0.12120000 -0.95500000 0.27070000
vn 0.11050000 -0.95370000 0.27970000
vn 0.09990000 -0.95230000 0.28830000
vn 0.08930000 -0.95070000 0.29690000
vn 0.07820000 -0.94920000 0.30480000
vn 0.06650000 -0.94770000 0.31230000
vn 0.05390000 -0.94650000 0.31830000
vn 0.04060000 -0.94560000 0.32270000
vn 0.02700000 -0.94550000 0.32460000
vn 0.02540000 -0.94520000 0.32560000
vn 0.01280000 -0.94510000 0.32660000
vn -0.00000000 -0.94540000 0.32590000
vn -0.25790000 -0.96380000 -0.06740000
vn -0.25080000 -0.96580000 -0.06590000
vn -0.26210000 -0.96320000 -0.06020000
vn -0.00000000 -0.62790000 -0.77830000
vn -0.06540000 -0.60850000 -0.79090000
vn 0.00020000 -0.58780000 -0.80900000
vn -0.06660000 -0.60110000 -0.79640000
vn -0.00800000 -0.58780000 -0.80900000
vn -0.06770000 -0.59360000 -0.80190000
vn -0.11770000 -0.58300000 -0.80390000
vn -0.13480000 -0.58880000 -0.79690000
vn -0.18020000 -0.57690000 -0.79670000
vn -0.20080000 -0.58120000 -0.78860000
vn -0.24560000 -0.56740000 -0.78600000
vn -0.26460000 -0.57070000 -0.77740000
vn -0.31720000 -0.55350000 -0.77010000
vn -0.32600000 -0.55780000 -0.76330000
vn -0.35310000 -0.55240000 -0.75510000
vn -0.32090000 -0.56580000 -0.75960000
vn -0.31570000 -0.57350000 -0.75590000
vn -0.26030000 -0.57850000 -0.77310000
vn -0.25560000 -0.58610000 -0.76880000
vn -0.19710000 -0.58870000 -0.78400000
vn -0.19370000 -0.59630000 -0.77910000
vn -0.13230000 -0.59630000 -0.79180000
vn -0.13000000 -0.60370000 -0.78650000
vn -0.00000000 -0.66630000 -0.74560000
vn -0.05870000 -0.64460000 -0.76230000
vn -0.06010000 -0.63750000 -0.76810000
vn -0.06140000 -0.63030000 -0.77390000
vn -0.11980000 -0.63320000 -0.76470000
vn -0.12240000 -0.62580000 -0.77030000
vn -0.17840000 -0.62610000 -0.75910000
vn -0.18280000 -0.61880000 -0.76400000
vn -0.23600000 -0.61650000 -0.75110000
vn -0.24120000 -0.60900000 -0.75560000
vn -0.29230000 -0.60480000 -0.74080000
vn -0.29860000 -0.59710000 -0.74450000
vn -0.34540000 -0.57800000 -0.73930000
vn -0.30460000 -0.58930000 -0.74830000
vn -0.31020000 -0.58150000 -0.75210000
vn -0.25100000 -0.59380000 -0.76450000
vn -0.05030000 -0.67850000 -0.73290000
vn -0.00000000 -0.70320000 -0.71100000
vn -0.07480000 -0.70790000 -0.70230000
vn -0.00000000 -0.70620000 -0.70800000
vn -0.00000000 -0.70910000 -0.70510000
vn -0.00000000 -0.71220000 -0.70200000
vn -0.10050000 -0.67470000 -0.73120000
vn -0.15060000 -0.69560000 -0.70250000
vn -0.15030000 -0.66840000 -0.72840000
vn -0.19950000 -0.65980000 -0.72450000
vn -0.17450000 -0.63360000 -0.75370000
vn -0.23080000 -0.62420000 -0.74640000
vn -0.22830000 -0.67600000 -0.70070000
vn -0.24850000 -0.64920000 -0.71890000
vn -0.28570000 -0.61260000 -0.73700000
vn -0.31240000 -0.63830000 -0.70350000
vn -0.30740000 -0.65040000 -0.69460000
vn -0.31480000 -0.64130000 -0.69980000
vn -0.32330000 -0.64100000 -0.69610000
vn -0.33960000 -0.63690000 -0.69210000
vn -0.38710000 -0.62020000 -0.68230000
vn -0.35690000 -0.63290000 -0.68710000
vn -0.37950000 -0.62230000 -0.68460000
vn -0.40360000 -0.61250000 -0.67970000
vn -0.41960000 -0.60620000 -0.67560000
vn -0.42730000 -0.60190000 -0.67460000
vn -0.43250000 -0.59980000 -0.67320000
vn -0.46610000 -0.58690000 -0.66200000
vn -0.46600000 -0.58410000 -0.66460000
vn -0.50190000 -0.57040000 -0.65010000
vn -0.49400000 -0.56990000 -0.65670000
vn -0.51740000 -0.55690000 -0.64970000
vn -0.54290000 -0.55170000 -0.63320000
vn -0.55980000 -0.53390000 -0.63370000
vn -0.58120000 -0.53270000 -0.61520000
vn -0.63620000 -0.49480000 -0.59200000
vn -0.61620000 -0.51550000 -0.59550000
vn -0.65570000 -0.49460000 -0.57050000
vn -0.68460000 -0.47930000 -0.54920000
vn -0.70590000 -0.45550000 -0.54240000
vn -0.72430000 -0.45690000 -0.51630000
vn -0.76840000 -0.41690000 -0.48550000
vn -0.74730000 -0.44340000 -0.49490000
vn -0.80330000 -0.40830000 -0.43350000
vn -0.82350000 -0.37950000 -0.42180000
vn -0.85210000 -0.37430000 -0.36570000
vn -0.87060000 -0.34360000 -0.35210000
vn -0.89320000 -0.34150000 -0.29270000
vn -0.90950000 -0.30970000 -0.27740000
vn -0.92600000 -0.31010000 -0.21520000
vn -0.94000000 -0.27740000 -0.19850000
vn -0.95050000 -0.28030000 -0.13440000
vn -0.96190000 -0.24750000 -0.11650000
vn -0.96630000 -0.25220000 -0.05130000
vn -0.96960000 -0.23320000 -0.07480000
vn -0.97500000 -0.21970000 -0.03270000
vn -0.97860000 -0.19480000 -0.06640000
vn -0.98280000 -0.18240000 -0.02780000
vn -0.98010000 -0.18720000 -0.06600000
vn -0.98410000 -0.17510000 -0.02810000
vn -0.98150000 -0.17970000 -0.06600000
vn -0.98540000 -0.16790000 -0.02880000
vn -0.98280000 -0.17230000 -0.06650000
vn -0.98660000 -0.16070000 -0.03000000
vn -0.98400000 -0.16490000 -0.06740000
vn -0.98760000 -0.15360000 -0.03150000
vn -0.98510000 -0.15760000 -0.06860000
vn -0.98860000 -0.14650000 -0.03340000
vn -0.98610000 -0.15040000 -0.07020000
vn -0.98960000 -0.13960000 -0.03560000
vn -0.98710000 -0.14320000 -0.07220000
vn -0.99040000 -0.13270000 -0.03820000
vn -0.99060000 -0.13150000 -0.03870000
vn -0.99260000 -0.12110000 -0.00980000
vn -0.99070000 -0.12990000 -0.03990000
vn -0.97300000 -0.22980000 0.02040000
vn -0.97830000 -0.20680000 0.00950000
vn -0.98520000 -0.17080000 0.01050000
vn -0.98640000 -0.16380000 0.00940000
vn -0.98760000 -0.15680000 0.00790000
vn -0.98870000 -0.14990000 0.00610000
vn -0.98970000 -0.14300000 0.00390000
vn -0.99070000 -0.13630000 0.00130000
vn -0.99160000 -0.12920000 -0.00120000
vn -0.99240000 -0.12280000 -0.00480000
vn -0.99250000 -0.12200000 -0.00510000
vn -0.99320000 -0.11570000 0.00850000
vn -0.97350000 -0.20930000 0.09220000
vn -0.97370000 -0.20840000 0.09220000
vn -0.97390000 -0.20750000 0.09230000
vn -0.97410000 -0.20650000 0.09240000
vn -0.97440000 -0.20470000 0.09260000
vn -0.97480000 -0.20290000 0.09270000
vn -0.97520000 -0.20110000 0.09280000
vn -0.97620000 -0.19580000 0.09300000
vn -0.97960000 -0.19450000 0.05120000
vn -0.97730000 -0.19060000 0.09290000
vn -0.97830000 -0.18540000 0.09260000
vn -0.97850000 -0.18410000 0.09240000
vn -0.97880000 -0.18280000 0.09230000
vn -0.97910000 -0.18150000 0.09220000
vn -0.97950000 -0.17900000 0.09190000
vn -0.98010000 -0.17640000 0.09140000
vn -0.98050000 -0.17400000 0.09090000
vn -0.98060000 -0.17350000 0.09090000
vn -0.98590000 -0.16010000 0.04810000
vn -0.98460000 -0.15260000 0.08490000
vn -0.98710000 -0.15330000 0.04630000
vn -0.98830000 -0.13240000 0.07540000
vn -0.98820000 -0.14660000 0.04410000
vn -0.98930000 -0.14000000 0.04130000
vn -0.99030000 -0.13340000 0.03850000
vn -0.99160000 -0.11290000 0.06260000
vn -0.99130000 -0.12680000 0.03520000
vn -0.99220000 -0.12070000 0.03150000
vn -0.99210000 -0.10970000 0.06010000
vn -0.99310000 -0.11400000 0.02760000
vn -0.99260000 -0.10650000 0.05760000
vn -0.99350000 -0.10810000 0.03660000
vn -0.99310000 -0.11380000 0.02730000
vn -0.99310000 -0.10330000 0.05500000
vn -0.98720000 -0.14170000 -0.07260000
vn -0.98460000 -0.14730000 -0.09410000
vn -0.98220000 -0.15460000 -0.10650000
vn -0.98120000 -0.16190000 -0.10510000
vn -0.98000000 -0.16940000 -0.10410000
vn -0.97880000 -0.17690000 -0.10340000
vn -0.97740000 -0.18450000 -0.10320000
vn -0.97590000 -0.19220000 -0.10340000
vn -0.97430000 -0.20000000 -0.10390000
vn -0.97250000 -0.20790000 -0.10490000
vn -0.98250000 -0.15260000 -0.10690000
vn -0.97410000 -0.16770000 -0.15160000
vn -0.96660000 -0.18730000 -0.17470000
vn -0.97240000 -0.17060000 -0.15920000
vn -0.96810000 -0.17940000 -0.17500000
vn -0.97060000 -0.17360000 -0.16680000
vn -0.96870000 -0.17630000 -0.17450000
vn -0.94840000 -0.20400000 -0.24250000
vn -0.94770000 -0.20700000 -0.24280000
vn -0.94560000 -0.21540000 -0.24360000
vn -0.96500000 -0.19530000 -0.17490000
vn -0.94360000 -0.22340000 -0.24420000
vn -0.96330000 -0.20330000 -0.17540000
vn -0.94110000 -0.23210000 -0.24610000
vn -0.96140000 -0.21130000 -0.17620000
vn -0.93850000 -0.24050000 -0.24790000
vn -0.95930000 -0.21940000 -0.17750000
vn -0.93560000 -0.24900000 -0.25010000
vn -0.95710000 -0.22770000 -0.17920000
vn -0.93260000 -0.25760000 -0.25270000
vn -0.95470000 -0.23590000 -0.18130000
vn -0.92940000 -0.26630000 -0.25570000
vn -0.92090000 -0.23740000 -0.30920000
vn -0.92190000 -0.23420000 -0.30860000
vn -0.88720000 -0.27060000 -0.37370000
vn -0.88860000 -0.26680000 -0.37310000
vn -0.85270000 -0.29820000 -0.42890000
vn -0.84590000 -0.30630000 -0.43660000
vn -0.82090000 -0.32360000 -0.47060000
vn -0.84140000 -0.31540000 -0.43890000
vn -0.79090000 -0.35390000 -0.49920000
vn -0.83650000 -0.32450000 -0.44150000
vn -0.78510000 -0.36310000 -0.50170000
vn -0.83130000 -0.33370000 -0.44450000
vn -0.77900000 -0.37230000 -0.50450000
vn -0.82590000 -0.34290000 -0.44760000
vn -0.77250000 -0.38160000 -0.50760000
vn -0.81980000 -0.35220000 -0.45160000
vn -0.76570000 -0.39090000 -0.51070000
vn -0.81380000 -0.36150000 -0.45510000
vn -0.75820000 -0.40020000 -0.51470000
vn -0.80720000 -0.37080000 -0.45920000
vn -0.75070000 -0.40960000 -0.51830000
vn -0.79640000 -0.34460000 -0.49710000
vn -0.77660000 -0.35580000 -0.51990000
vn -0.73120000 -0.39420000 -0.55680000
vn -0.72450000 -0.40340000 -0.55890000
vn -0.71770000 -0.41260000 -0.56100000
vn -0.71030000 -0.42180000 -0.56350000
vn -0.70260000 -0.43100000 -0.56610000
vn -0.69440000 -0.44030000 -0.56910000
vn -0.68590000 -0.44960000 -0.57220000
vn -0.73740000 -0.38500000 -0.55500000
vn -0.75480000 -0.37060000 -0.54130000
vn -0.72090000 -0.39220000 -0.57140000
vn -0.68560000 -0.41300000 -0.59950000
vn -0.66780000 -0.42650000 -0.61000000
vn -0.66090000 -0.43560000 -0.61110000
vn -0.67610000 -0.41830000 -0.60660000
vn -0.63520000 -0.44010000 -0.63470000
vn -0.58640000 -0.46810000 -0.66110000
vn -0.59480000 -0.45990000 -0.65930000
vn -0.55560000 -0.47730000 -0.68080000
vn -0.49200000 -0.50760000 -0.70730000
vn -0.51830000 -0.49270000 -0.69900000
vn -0.48930000 -0.50360000 -0.71200000
vn -0.46260000 -0.51300000 -0.72310000
vn -0.43990000 -0.52590000 -0.72800000
vn -0.48550000 -0.51600000 -0.70570000
vn -0.43370000 -0.53440000 -0.72550000
vn -0.48110000 -0.52160000 -0.70470000
vn -0.38190000 -0.54660000 -0.74520000
vn -0.38440000 -0.54280000 -0.74670000
vn -0.43840000 -0.52080000 -0.73250000
vn -0.41690000 -0.52750000 -0.74020000
vn -0.29640000 -0.63650000 -0.71200000
vn -0.31550000 -0.63260000 -0.70730000
vn -0.33510000 -0.60250000 -0.72430000
vn -0.57230000 -0.48570000 -0.66080000
vn -0.56520000 -0.49380000 -0.66080000
vn -0.58140000 -0.48780000 -0.65120000
vn -0.58110000 -0.49340000 -0.64720000
vn -0.63870000 -0.46280000 -0.61470000
vn -0.64660000 -0.45370000 -0.61330000
vn -0.65400000 -0.44470000 -0.61200000
vn -0.57940000 -0.47690000 -0.66100000
vn -0.63040000 -0.47190000 -0.61630000
vn -0.58080000 -0.49880000 -0.64330000
vn -0.62170000 -0.48100000 -0.61820000
vn -0.58040000 -0.50370000 -0.63990000
vn -0.61250000 -0.49000000 -0.62030000
vn -0.57980000 -0.50840000 -0.63680000
vn -0.57850000 -0.51160000 -0.63530000
vn -0.57370000 -0.51730000 -0.63500000
vn -0.56470000 -0.52570000 -0.63620000
vn -0.53680000 -0.54530000 -0.64390000
vn -0.06410000 -0.61590000 -0.78520000
vn -0.06300000 -0.62310000 -0.77960000
vn -0.88350000 -0.27940000 -0.37610000
vn -0.87970000 -0.28830000 -0.37830000
vn -0.87530000 -0.29740000 -0.38130000
vn -0.87080000 -0.30640000 -0.38440000
vn -0.86610000 -0.31550000 -0.38770000
vn -0.86100000 -0.32470000 -0.39150000
vn -0.85570000 -0.33390000 -0.39540000
vn -0.91800000 -0.24610000 -0.31090000
vn -0.91520000 -0.25460000 -0.31250000
vn -0.91180000 -0.26350000 -0.31490000
vn -0.90830000 -0.27220000 -0.31750000
vn -0.90460000 -0.28110000 -0.32040000
vn -0.90060000 -0.29000000 -0.32370000
vn -0.89640000 -0.29890000 -0.32730000
vn -0.12500000 -0.61850000 -0.77580000
vn -0.18640000 -0.61130000 -0.76920000
vn -0.12760000 -0.61120000 -0.78120000
vn -0.19010000 -0.60380000 -0.77410000
vn -0.24650000 -0.60150000 -0.75990000
vn -0.11700000 -0.64040000 -0.75910000
vn -0.65740000 -0.74250000 0.12870000
vn -0.64310000 -0.76230000 0.07320000
vn -0.61820000 -0.77440000 0.13470000
vn -0.60340000 -0.79350000 0.07930000
vn -0.57250000 -0.80860000 0.13550000
vn -0.55730000 -0.82620000 0.08210000
vn -0.58270000 -0.81220000 0.02670000
vn -0.53760000 -0.84260000 0.03220000
vn -0.55700000 -0.83030000 -0.02200000
vn -0.51380000 -0.85780000 -0.01440000
vn -0.52660000 -0.84740000 -0.06790000
vn -0.48650000 -0.87180000 -0.05780000
vn -0.49210000 -0.86360000 -0.10960000
vn -0.45560000 -0.88470000 -0.09820000
vn -0.45370000 -0.87890000 -0.14720000
vn -0.42130000 -0.89680000 -0.13520000
vn -0.41260000 -0.89300000 -0.17980000
vn -0.38460000 -0.90770000 -0.16780000
vn -0.36970000 -0.90560000 -0.20780000
vn -0.34620000 -0.91730000 -0.19660000
vn -0.32500000 -0.91670000 -0.23230000
vn -0.30610000 -0.92580000 -0.22200000
vn -0.27870000 -0.92640000 -0.25320000
vn -0.26410000 -0.93310000 -0.24410000
vn -0.25530000 -0.93070000 -0.26200000
vn -0.22030000 -0.93940000 -0.26280000
vn -0.23150000 -0.93470000 -0.26970000
vn -0.18470000 -0.94150000 -0.28200000
vn -0.19370000 -0.93840000 -0.28620000
vn -0.14400000 -0.94500000 -0.29370000
vn -0.62210000 -0.78270000 0.02000000
vn -0.59510000 -0.80310000 -0.03010000
vn -0.56280000 -0.82300000 -0.07660000
vn -0.52580000 -0.84220000 -0.11900000
vn -0.48460000 -0.86060000 -0.15670000
vn -0.43990000 -0.87780000 -0.18960000
vn -0.39280000 -0.89350000 -0.21780000
vn -0.34410000 -0.90740000 -0.24150000
vn -0.29430000 -0.91940000 -0.26080000
vn -0.24400000 -0.92980000 -0.27560000
vn -0.13800000 -0.94670000 -0.29110000
vn -0.09480000 -0.94950000 -0.29920000
vn -0.09190000 -0.95030000 -0.29760000
vn -0.04700000 -0.95210000 -0.30220000
vn -0.04620000 -0.95240000 -0.30140000
vn -0.00000000 -0.95330000 -0.30200000
vn 0.00100000 -0.95330000 -0.30200000
vn -0.04490000 -0.95250000 -0.30130000
vn -0.08960000 -0.95100000 -0.29610000
vn -0.13300000 -0.94840000 -0.28780000
vn -0.17640000 -0.94450000 -0.27700000
vn -0.98930000 -0.10250000 0.10360000
vn -0.98250000 -0.12030000 0.14190000
vn -0.98750000 -0.10130000 0.12080000
vn -0.98100000 -0.11920000 0.15330000
vn -0.98410000 -0.09950000 0.14740000
vn -0.97730000 -0.11730000 0.17640000
vn -0.97290000 -0.11530000 0.20040000
vn -0.96340000 -0.13390000 0.23240000
vn -0.95750000 -0.13200000 0.25650000
vn -0.94380000 -0.15140000 0.29380000
vn -0.93640000 -0.14930000 0.31750000
vn -0.92760000 -0.16910000 0.33320000
vn -0.91980000 -0.14510000 0.36450000
vn -0.88980000 -0.15950000 0.42760000
vn -0.90080000 -0.14090000 0.41080000
vn -0.87940000 -0.13680000 0.45610000
vn -0.91800000 -0.12160000 0.37760000
vn -0.89770000 -0.11710000 0.42480000
vn -0.93120000 -0.10260000 0.34980000
vn -0.91180000 -0.09860000 0.39870000
vn -0.92390000 -0.08220000 0.37370000
vn -0.91740000 -0.08100000 0.38970000
vn -0.91060000 -0.07970000 0.40560000
vn -0.88980000 -0.09460000 0.44650000
vn -0.87970000 -0.07480000 0.46950000
vn -0.86520000 -0.09080000 0.49310000
vn -0.84280000 -0.06990000 0.53360000
vn -0.80880000 -0.08370000 0.58210000
vn -0.83070000 -0.06850000 0.55250000
vn -0.80290000 -0.06560000 0.59260000
vn -0.77040000 -0.06240000 0.63450000
vn -0.74320000 -0.07730000 0.66460000
vn -0.73660000 -0.05950000 0.67370000
vn -0.68480000 -0.05560000 0.72660000
vn -0.66930000 -0.07140000 0.73950000
vn -0.60930000 -0.05090000 0.79130000
vn -0.58800000 -0.06640000 0.80610000
vn -0.56950000 -0.04880000 0.82060000
vn -0.50020000 -0.06210000 0.86370000
vn -0.49400000 -0.04550000 0.86830000
vn -0.42440000 -0.04290000 0.90450000
vn -0.40680000 -0.05850000 0.91160000
vn -0.38680000 -0.04170000 0.92120000
vn -0.30900000 -0.05570000 0.94940000
vn -0.28720000 -0.03930000 0.95710000
vn -0.28040000 -0.03910000 0.95910000
vn -0.27360000 -0.03910000 0.96100000
vn -0.26680000 -0.03890000 0.96300000
vn -0.26400000 -0.03870000 0.96380000
vn -0.26090000 -0.03910000 0.96460000
vn -0.25810000 -0.03890000 0.96530000
vn -0.20790000 -0.05380000 0.97670000
vn -0.24070000 -0.03830000 0.96980000
vn -0.22320000 -0.03810000 0.97400000
vn -0.20550000 -0.03780000 0.97790000
vn -0.14430000 -0.03700000 0.98880000
vn -0.10450000 -0.05260000 0.99310000
vn -0.07070000 -0.03650000 0.99680000
vn -0.00000000 -0.03640000 0.99930000
vn -0.00000000 -0.06360000 0.99800000
vn -0.10130000 -0.07180000 0.99230000
vn -0.00000000 -0.09090000 0.99590000
vn -0.09740000 -0.09320000 0.99090000
vn -0.00000000 -0.09770000 0.99520000
vn -0.06340000 -0.11150000 0.99170000
vn -0.03890000 -0.11150000 0.99300000
vn -0.98390000 -0.12120000 0.13110000
vn -0.98990000 -0.10290000 0.09740000
vn -0.98490000 -0.12160000 0.12290000
vn -0.99060000 -0.10310000 0.08950000
vn -0.98570000 -0.12160000 0.11660000
vn -0.99120000 -0.10290000 0.08290000
vn -0.98630000 -0.12200000 0.11090000
vn -0.99150000 -0.10290000 0.07960000
vn -0.98700000 -0.12210000 0.10440000
vn -0.99200000 -0.10300000 0.07280000
vn -0.98710000 -0.12120000 0.10490000
vn -0.99200000 -0.10030000 0.07730000
vn -0.98710000 -0.12000000 0.10580000
vn -0.99190000 -0.09840000 0.08040000
vn -0.98730000 -0.11890000 0.10570000
vn -0.98740000 -0.11890000 0.10460000
vn -0.98630000 -0.12660000 0.10590000
vn -0.99200000 -0.09750000 0.07980000
vn -0.97960000 -0.15730000 0.12500000
vn -0.98230000 -0.14150000 0.12290000
vn -0.98190000 -0.14090000 0.12650000
vn -0.98120000 -0.14090000 0.13170000
vn -0.98080000 -0.14160000 0.13370000
vn -0.98060000 -0.14150000 0.13530000
vn -0.97970000 -0.14150000 0.14240000
vn -0.97880000 -0.14080000 0.14870000
vn -0.97780000 -0.14050000 0.15550000
vn -0.97650000 -0.13990000 0.16390000
vn -0.97480000 -0.13910000 0.17460000
vn -0.97280000 -0.13800000 0.18590000
vn -0.96840000 -0.13610000 0.20880000
vn -0.97520000 -0.17700000 0.13280000
vn -0.97610000 -0.16760000 0.13850000
vn -0.97530000 -0.16620000 0.14530000
vn -0.97380000 -0.16410000 0.15750000
vn -0.97290000 -0.16360000 0.16320000
vn -0.97210000 -0.16320000 0.16840000
vn -0.97080000 -0.16220000 0.17670000
vn -0.96940000 -0.16170000 0.18450000
vn -0.96800000 -0.16070000 0.19280000
vn -0.96620000 -0.16020000 0.20220000
vn -0.96400000 -0.15920000 0.21290000
vn -0.96160000 -0.15800000 0.22420000
vn -0.95630000 -0.15590000 0.24720000
vn -0.95040000 -0.15370000 0.27040000
vn -0.97070000 -0.19760000 0.13710000
vn -0.95600000 -0.18030000 0.23140000
vn -0.83570000 -0.14970000 0.52840000
vn -0.85570000 -0.13290000 0.50020000
vn -0.87480000 -0.11320000 0.47100000
vn -0.80950000 -0.14590000 0.56870000
vn -0.82970000 -0.12930000 0.54300000
vn -0.84960000 -0.10930000 0.51590000
vn -0.75430000 -0.13900000 0.64170000
vn -0.77160000 -0.12240000 0.62420000
vn -0.79250000 -0.10270000 0.60120000
vn -0.68640000 -0.13220000 0.71510000
vn -0.70580000 -0.11620000 0.69880000
vn -0.72670000 -0.09620000 0.68020000
vn -0.61490000 -0.12650000 0.77840000
vn -0.63300000 -0.11070000 0.76620000
vn -0.65310000 -0.09010000 0.75190000
vn -0.57080000 -0.12350000 0.81180000
vn -0.55400000 -0.10590000 0.82570000
vn -0.57300000 -0.08560000 0.81510000
vn -0.53740000 -0.12200000 0.83450000
vn -0.46980000 -0.10180000 0.87690000
vn -0.48650000 -0.08080000 0.87000000
vn -0.45450000 -0.11860000 0.88280000
vn -0.38110000 -0.09860000 0.91930000
vn -0.39550000 -0.07790000 0.91520000
vn -0.36790000 -0.11600000 0.92260000
vn -0.32780000 -0.11500000 0.93770000
vn -0.28890000 -0.09610000 0.95250000
vn -0.27840000 -0.11400000 0.95370000
vn -0.19400000 -0.09430000 0.97650000
vn -0.18670000 -0.11250000 0.97590000
vn -0.09370000 -0.11160000 0.98930000
vn -0.00000000 -0.10460000 0.99450000
vn -0.00170000 -0.11140000 0.99380000
vn -0.00190000 -0.11140000 0.99380000
vn -0.93010000 -0.08340000 0.35760000
vn -0.93890000 -0.08530000 0.33340000
vn -0.95260000 -0.08860000 0.29110000
vn -0.94790000 -0.10680000 0.30020000
vn -0.95830000 -0.09020000 0.27110000
vn -0.96180000 -0.11100000 0.25010000
vn -0.96340000 -0.09160000 0.25190000
vn -0.97020000 -0.09390000 0.22340000
vn -0.96770000 -0.11330000 0.22510000
vn -0.97850000 -0.09700000 0.18220000
vn -0.95100000 -0.12950000 0.28080000
vn -0.93580000 -0.12550000 0.32950000
vn -0.30000000 -0.07490000 0.95100000
vn -0.20180000 -0.07330000 0.97670000
vn -0.98570000 -0.12540000 0.11220000
vn -0.98240000 -0.14720000 0.11460000
vn -0.97930000 -0.15670000 0.12810000
vn -0.97720000 -0.17310000 0.12290000
vn -0.97510000 -0.17670000 0.13380000
vn -0.97100000 -0.19750000 0.13490000
vn -0.97850000 -0.17760000 0.10460000
vn -0.97670000 -0.19350000 0.09220000
vn -0.97880000 -0.17840000 0.10070000
vn -0.97860000 -0.18440000 0.09140000
vn -0.97870000 -0.18370000 0.09120000
vn -0.97900000 -0.18240000 0.09110000
vn -0.97920000 -0.18140000 0.09100000
vn -0.98040000 -0.17530000 0.09010000
vn -0.98070000 -0.17360000 0.08980000
vn -0.98220000 -0.16600000 0.08840000
vn -0.98390000 -0.15200000 0.09450000
vn -0.98370000 -0.15740000 0.08670000
vn -0.98410000 -0.15560000 0.08620000
vn -0.98480000 -0.15150000 0.08520000
vn -0.98560000 -0.14670000 0.08400000
vn -0.98650000 -0.14170000 0.08250000
vn -0.98850000 -0.12540000 0.08440000
vn -0.98720000 -0.13760000 0.08120000
vn -0.98790000 -0.13310000 0.07960000
vn -0.98850000 -0.12960000 0.07830000
vn -0.98890000 -0.12670000 0.07710000
vn -0.98980000 -0.12110000 0.07480000
vn -0.99060000 -0.11580000 0.07220000
vn -0.99260000 -0.10020000 0.06810000
vn -0.99130000 -0.11180000 0.07000000
vn -0.99280000 -0.10160000 0.06340000
vn -0.99150000 -0.09550000 0.08870000
vn -0.99170000 -0.09640000 0.08470000
vn -0.98740000 -0.12150000 0.10130000
vn -0.98830000 -0.12480000 0.08730000
vn -0.98360000 -0.15110000 0.09810000
vn -0.99200000 -0.09730000 0.08060000
vn -0.99220000 -0.09820000 0.07660000
vn -0.99240000 -0.09930000 0.07240000
vn -0.97530000 -0.20060000 0.09260000
vn -0.97420000 -0.20600000 0.09270000
vn -0.97400000 -0.20690000 0.09270000
vn -0.96990000 -0.22550000 0.09190000
vn -0.97400000 -0.20500000 0.09670000
vn -0.97380000 -0.20780000 0.09260000
vn -0.97360000 -0.20890000 0.09220000
vn -0.22410000 -0.60020000 0.76780000
vn -0.26840000 -0.58920000 0.76210000
vn -0.24260000 -0.61040000 0.75400000
vn -0.27110000 -0.58400000 0.76520000
vn -0.26350000 -0.61230000 0.74540000
vn -0.26280000 -0.63010000 0.73070000
vn -0.24350000 -0.63200000 0.73580000
vn -0.22410000 -0.63380000 0.74040000
vn -0.20480000 -0.63530000 0.74460000
vn -0.18670000 -0.61560000 0.76560000
vn -0.15180000 -0.63870000 0.75430000
vn -0.13070000 -0.61990000 0.77370000
vn -0.10150000 -0.64090000 0.76090000
vn -0.08370000 -0.62290000 0.77780000
vn -0.04960000 -0.64210000 0.76500000
vn -0.03670000 -0.62530000 0.77960000
vn 0.01950000 -0.64240000 0.76610000
vn -0.00770000 -0.62640000 0.77950000
vn 0.01330000 -0.63400000 0.77320000
vn 0.00050000 -0.62650000 0.77940000
vn 0.00770000 -0.63200000 0.77490000
vn 0.01100000 -0.62980000 0.77670000
vn 0.04590000 -0.62690000 0.77780000
vn 0.05170000 -0.62510000 0.77880000
vn 0.05240000 -0.62390000 0.77980000
vn -0.00050000 -0.62270000 0.78250000
vn 0.04320000 -0.62320000 0.78080000
vn -0.00000000 -0.62300000 0.78220000
vn -0.03070000 -0.61990000 0.78410000
vn -0.05010000 -0.61850000 0.78420000
vn -0.07430000 -0.61640000 0.78390000
vn -0.14920000 -0.60840000 0.77950000
vn -0.97920000 -0.16950000 0.11130000
vn -0.97810000 -0.17360000 0.11450000
vn -0.97750000 -0.17600000 0.11620000
vn -0.97760000 -0.17580000 0.11620000
vn -0.97730000 -0.17690000 0.11700000
vn -0.97940000 -0.16890000 0.11090000
vn -0.97930000 -0.16920000 0.11110000
vn -0.97880000 -0.17130000 0.11270000
vn -0.97940000 -0.16870000 0.11080000
vn -0.98110000 -0.16220000 0.10570000
vn -0.98400000 -0.15000000 0.09640000
vn -0.98290000 -0.15470000 0.10000000
vn -0.98330000 -0.15270000 0.09860000
vn -0.98420000 -0.14900000 0.09570000
vn -0.98510000 -0.14510000 0.09280000
vn -0.98610000 -0.14030000 0.08910000
vn -0.98800000 -0.13100000 0.08210000
vn -0.98800000 -0.13100000 0.08220000
vn -0.98690000 -0.13610000 0.08610000
vn -0.98770000 -0.13230000 0.08310000
vn -0.98770000 -0.13230000 0.08320000
vn -0.98830000 -0.12910000 0.08070000
vn -0.98890000 -0.12630000 0.07860000
vn -0.98980000 -0.12100000 0.07460000
vn -0.99140000 -0.11190000 0.06780000
vn -0.99070000 -0.11590000 0.07080000
vn -0.99140000 -0.11220000 0.06800000
vn -0.99300000 -0.10200000 0.06030000
vn -0.99290000 -0.10210000 0.06030000
vn -0.99240000 -0.10540000 0.06280000
vn -0.99240000 -0.10550000 0.06290000
vn -0.99190000 -0.10860000 0.06530000
vn -0.99290000 -0.10230000 0.06050000
vn -0.97700000 -0.17790000 0.11790000
vn -0.97700000 -0.17790000 0.11780000
vn -0.97700000 -0.17790000 0.11750000
vn -0.97730000 -0.17690000 0.11680000
vn -0.97680000 -0.17850000 0.11820000
vn -0.97670000 -0.17880000 0.11870000
vn -0.97540000 -0.18370000 0.12200000
vn -0.97540000 -0.18370000 0.12190000
vn -0.97440000 -0.18760000 0.12380000
vn -0.97440000 -0.18750000 0.12380000
vn -0.97380000 -0.18960000 0.12550000
vn -0.97280000 -0.19220000 0.12910000
vn -0.97280000 -0.19220000 0.12920000
vn -0.97290000 -0.19190000 0.12900000
vn -0.97250000 -0.19360000 0.12960000
vn -0.97250000 -0.19360000 0.12980000
vn -0.97240000 -0.19370000 0.12990000
vn -0.97140000 -0.19820000 0.13110000
vn -0.97140000 -0.19800000 0.13130000
vn -0.97130000 -0.19780000 0.13200000
vn -0.97130000 -0.19780000 0.13200000
vn -0.97110000 -0.19830000 0.13260000
vn -0.97130000 -0.19730000 0.13300000
vn -0.97110000 -0.19840000 0.13260000
vn -0.97040000 -0.20130000 0.13310000
vn -0.97130000 -0.19710000 0.13290000
vn -0.97090000 -0.19920000 0.13330000
vn -0.97080000 -0.19900000 0.13370000
vn -0.97080000 -0.19910000 0.13370000
vn -0.97080000 -0.19910000 0.13350000
vn -0.97080000 -0.19920000 0.13360000
vn -0.97120000 -0.19700000 0.13410000
vn 0.99980000 -0.01830000 -0.00140000
vn 0.99980000 -0.01820000 -0.00120000
vn 0.99980000 -0.01770000 -0.00040000
vn 0.99980000 -0.01760000 -0.00040000
vn 0.99980000 -0.01770000 -0.00050000
vn 0.99980000 -0.01790000 -0.00090000
vn 0.99980000 -0.01800000 -0.00090000
vn 0.99990000 -0.01700000 0.00040000
vn 0.99990000 -0.01700000 0.00030000
vn 0.99990000 -0.01710000 0.00040000
vn 0.99980000 -0.01770000 -0.00050000
vn 0.99990000 -0.01700000 0.00050000
vn 0.99980000 -0.01750000 -0.00000000
vn 0.99980000 -0.01750000 -0.00000000
vn 0.99980000 -0.01740000 -0.00000000
vn 0.99980000 -0.01740000 -0.00000000
vn 0.99980000 -0.01750000 -0.00000000
vn 0.99980000 -0.01740000 -0.00000000
vn 0.99980000 -0.01750000 -0.00000000
vn 0.99980000 -0.01750000 -0.00000000
vn 0.99980000 -0.01750000 -0.00000000
vn -0.18540000 -0.83530000 0.51760000
vn -0.18350000 -0.83650000 0.51630000
vn -0.19220000 -0.83730000 0.51180000
vn -0.20560000 -0.83570000 0.50910000
vn -0.20110000 -0.83640000 0.50990000
vn -0.21000000 -0.83520000 0.50820000
vn -0.22830000 -0.83280000 0.50430000
vn -0.25690000 -0.82840000 0.49780000
vn -0.24650000 -0.83010000 0.50020000
vn -0.26120000 -0.82760000 0.49680000
vn -0.27570000 -0.82520000 0.49300000
vn -0.30630000 -0.81900000 0.48520000
vn -0.29060000 -0.82220000 0.48950000
vn -0.30500000 -0.81930000 0.48550000
vn -0.31270000 -0.81750000 0.48360000
vn -0.32680000 -0.81410000 0.48000000
vn -0.32010000 -0.81600000 0.48130000
vn -0.32720000 -0.81380000 0.48020000
vn -0.32760000 -0.81430000 0.47920000
vn -0.18330000 -0.83830000 0.51350000
vn 0.57390000 -0.79560000 0.19410000
vn 0.56060000 -0.81670000 0.13690000
vn 0.59290000 -0.78690000 0.17120000
vn 0.60990000 -0.78030000 0.13830000
vn 0.61600000 -0.76830000 0.17380000
vn 0.63760000 -0.75040000 0.17400000
vn 0.61980000 -0.75640000 0.20910000
vn 0.64050000 -0.73790000 0.21280000
vn 0.62050000 -0.74500000 0.24490000
vn 0.64040000 -0.72580000 0.25120000
vn 0.63800000 -0.71470000 0.28680000
vn 0.65570000 -0.69580000 0.29320000
vn 0.63250000 -0.70420000 0.32250000
vn 0.64920000 -0.68500000 0.33070000
vn 0.63860000 -0.67440000 0.37060000
vn 0.65220000 -0.74650000 0.13150000
vn 0.65700000 -0.73540000 0.16570000
vn 0.66010000 -0.71990000 0.21450000
vn 0.65920000 -0.70720000 0.25560000
vn 0.62360000 -0.69390000 0.36010000
vn 0.62830000 -0.66640000 0.40140000
vn 0.61180000 -0.68390000 0.39750000
vn 0.60850000 -0.65430000 0.44900000
vn 0.59740000 -0.67420000 0.43430000
vn 0.58080000 -0.66470000 0.47000000
vn 0.57210000 -0.68510000 0.45090000
vn 0.55520000 -0.67620000 0.48420000
vn 0.54990000 -0.69700000 0.46020000
vn 0.53370000 -0.68850000 0.49110000
vn 0.54670000 -0.71750000 0.43170000
vn 0.51970000 -0.69960000 0.49040000
vn 0.51600000 -0.67990000 0.52110000
vn 0.49590000 -0.67200000 0.55000000
vn 0.51460000 -0.65990000 0.54750000
vn 0.49150000 -0.65220000 0.57710000
vn 0.51530000 -0.63980000 0.57020000
vn 0.48920000 -0.63250000 0.60050000
vn 0.51700000 -0.62000000 0.59020000
vn 0.47050000 -0.60880000 0.63870000
vn 0.58860000 -0.64460000 0.48790000
vn 0.56110000 -0.65580000 0.50500000
vn 0.53580000 -0.66800000 0.51650000
vn 0.56770000 -0.63600000 0.52280000
vn 0.55460000 -0.63140000 0.54200000
vn 0.53920000 -0.64760000 0.53830000
vn 0.46130000 -0.62560000 0.62910000
vn 0.45770000 -0.60620000 0.65040000
vn 0.42150000 -0.59950000 0.68040000
vn 0.39130000 -0.59470000 0.70230000
vn 0.39520000 -0.59910000 0.69630000
vn 0.42130000 -0.61720000 0.66450000
vn 0.42550000 -0.63010000 0.64950000
vn 0.43430000 -0.63910000 0.63480000
vn 0.39340000 -0.59720000 0.69900000
vn 0.38950000 -0.59980000 0.69890000
vn 0.46660000 -0.64500000 0.60520000
vn 0.43780000 -0.64370000 0.62770000
vn 0.43980000 -0.64690000 0.62300000
vn 0.47440000 -0.66420000 0.57780000
vn 0.44200000 -0.65090000 0.61720000
vn 0.44390000 -0.65560000 0.61080000
vn 0.48600000 -0.68250000 0.54590000
vn 0.44520000 -0.66030000 0.60480000
vn 0.44570000 -0.66430000 0.60010000
vn 0.44560000 -0.66570000 0.59860000
vn 0.44570000 -0.66620000 0.59800000
vn 0.56380000 -0.70610000 0.42850000
vn 0.56560000 -0.73620000 0.37160000
vn 0.57540000 -0.71530000 0.39640000
vn 0.58490000 -0.72480000 0.36410000
vn 0.59830000 -0.70410000 0.38240000
vn 0.60800000 -0.71390000 0.34720000
vn 0.61520000 -0.72390000 0.31220000
vn 0.57650000 -0.75530000 0.31190000
vn 0.59220000 -0.73440000 0.33150000
vn 0.59720000 -0.74420000 0.29900000
vn 0.61930000 -0.73410000 0.27850000
vn 0.57980000 -0.77460000 0.25270000
vn 0.59980000 -0.75410000 0.26740000
vn 0.59960000 -0.76470000 0.23590000
vn 0.59740000 -0.77570000 0.20350000
vn 0.58620000 -0.69460000 0.41690000
vn 0.98280000 0.18410000 -0.01010000
vn 0.98580000 0.16740000 -0.01220000
vn 0.99280000 0.11780000 -0.02290000
vn 0.98810000 0.15250000 -0.01810000
vn 0.99290000 0.11650000 -0.02310000
vn 0.99320000 0.11420000 -0.02290000
vn 0.99320000 0.11420000 -0.02300000
vn 0.99310000 0.11540000 -0.02210000
vn 0.99310000 0.11550000 -0.02210000
vn 0.99310000 0.11480000 -0.02190000
vn 0.97180000 0.23560000 0.00300000
vn 0.96800000 0.25080000 0.00510000
vn 0.95180000 0.30610000 0.01910000
vn 0.94740000 0.31930000 0.02120000
vn 0.92510000 0.37790000 0.03730000
vn 0.92060000 0.38860000 0.03890000
vn 0.88700000 0.45800000 0.05780000
vn 0.89200000 0.44860000 0.05640000
vn 0.84630000 0.52690000 0.07880000
vn 0.85120000 0.51900000 0.07740000
vn 0.79730000 0.59500000 0.10150000
vn 0.80210000 0.58870000 0.10030000
vn 0.73980000 0.66110000 0.12500000
vn 0.74390000 0.65670000 0.12400000
vn 0.70180000 0.69850000 0.13970000
vn 0.67440000 0.72290000 0.15050000
vn 0.66400000 0.73180000 0.15380000
vn 0.63500000 0.75480000 0.16450000
vn 0.62630000 0.76140000 0.16710000
vn 0.59210000 0.78580000 0.17890000
vn 0.58910000 0.78790000 0.17950000
vn 0.56000000 0.80670000 0.18900000
vn 0.54540000 0.81540000 0.19400000
vn 0.53200000 0.82330000 0.19780000
vn 0.49520000 0.84320000 0.20920000
vn 0.48030000 0.85080000 0.21330000
vn 0.44100000 0.86890000 0.22500000
vn 0.43000000 0.87370000 0.22770000
vn 0.38210000 0.89210000 0.24130000
vn 0.38090000 0.89250000 0.24140000
vn 0.34170000 0.90540000 0.25180000
vn 0.32100000 0.91150000 0.25720000
vn 0.30440000 0.91610000 0.26100000
vn 0.25660000 0.92720000 0.27280000
vn 0.26960000 0.92440000 0.26970000
vn 0.23710000 0.93120000 0.27700000
vn 0.18850000 0.93930000 0.28660000
vn 0.17740000 0.94090000 0.28850000
vn 0.11600000 0.94770000 0.29730000
vn 0.11590000 0.94770000 0.29730000
vn 0.03610000 0.95220000 0.30330000
vn 0.03600000 0.95230000 0.30310000
vn -0.04240000 0.95260000 0.30120000
vn -0.04240000 0.95270000 0.30110000
vn -0.11850000 0.94860000 0.29350000
vn -0.04170000 0.95270000 0.30110000
vn -0.11790000 0.94870000 0.29340000
vn -0.08930000 0.95080000 0.29670000
vn -0.19140000 0.94050000 0.28090000
vn -0.19200000 0.94030000 0.28090000
vn -0.25940000 0.92830000 0.26630000
vn -0.25980000 0.92840000 0.26570000
vn -0.32340000 0.91270000 0.24960000
vn -0.26380000 0.92760000 0.26440000
vn -0.32840000 0.91140000 0.24800000
vn -0.11970000 0.94840000 0.29360000
vn -0.19260000 0.94020000 0.28090000
vn -0.19290000 0.94020000 0.28070000
vn -0.38350000 0.89370000 0.23280000
vn -0.38670000 0.89270000 0.23140000
vn -0.44120000 0.87120000 0.21550000
vn -0.43960000 0.87190000 0.21570000
vn -0.49520000 0.84580000 0.19870000
vn -0.49620000 0.84530000 0.19780000
vn -0.54520000 0.81820000 0.18280000
vn -0.54630000 0.81760000 0.18180000
vn -0.59120000 0.78890000 0.16790000
vn -0.59100000 0.78910000 0.16720000
vn -0.63330000 0.75850000 0.15360000
vn -0.63030000 0.76090000 0.15370000
vn -0.67250000 0.72690000 0.13950000
vn -0.67060000 0.72860000 0.13930000
vn -0.70840000 0.69440000 0.12590000
vn -0.70590000 0.69700000 0.12590000
vn -0.77170000 0.62800000 0.10000000
vn -0.76780000 0.63280000 0.10040000
vn -0.82480000 0.56030000 0.07630000
vn -0.82040000 0.56660000 0.07690000
vn -0.86920000 0.49140000 0.05550000
vn -0.86460000 0.49930000 0.05610000
vn -0.90630000 0.42090000 0.03740000
vn -0.90160000 0.43080000 0.03820000
vn -0.93680000 0.34930000 0.02070000
vn -0.93240000 0.36080000 0.02130000
vn -0.96070000 0.27760000 0.00450000
vn -0.95690000 0.29020000 0.00520000
vn -0.97840000 0.20650000 -0.01140000
vn -0.97540000 0.22010000 -0.01050000
vn -0.98820000 0.15030000 -0.02880000
vn -0.99020000 0.13670000 -0.02850000
vn -0.99150000 0.12470000 -0.03600000
vn -0.99360000 0.10670000 -0.03670000
vn -0.99210000 0.11960000 -0.03730000
vn -0.99630000 0.08390000 -0.01740000
vn -0.99500000 0.09930000 -0.01470000
vn -0.99820000 0.05790000 -0.01780000
vn -0.99710000 0.07410000 -0.01570000
vn -0.99820000 0.04350000 -0.04210000
vn -0.99740000 0.05950000 -0.04160000
vn -0.99620000 0.03020000 -0.08190000
vn -0.99540000 0.04570000 -0.08410000
vn -0.99280000 0.03950000 -0.11310000
vn -0.98710000 0.01780000 -0.15930000
vn -0.98530000 0.03220000 -0.16790000
vn -0.98280000 0.03890000 -0.18080000
vn -0.98230000 0.03800000 -0.18320000
vn -0.98190000 0.01250000 -0.18880000
vn -0.98870000 0.00760000 -0.14940000
vn -0.99670000 0.01790000 -0.07940000
vn -0.99400000 -0.00870000 -0.10920000
vn -0.99580000 -0.00600000 -0.09140000
vn -0.98060000 -0.01220000 -0.19570000
vn -0.98820000 -0.00860000 -0.15280000
vn -0.99090000 -0.00980000 -0.13460000
vn -0.99780000 -0.00020000 -0.06690000
vn -0.99860000 0.03010000 -0.04350000
vn -0.99910000 0.00990000 -0.04080000
vn -0.99940000 0.01570000 -0.03180000
vn -0.99880000 0.04370000 -0.02200000
vn -0.99930000 0.03120000 -0.02150000
vn -0.99850000 0.04530000 -0.03040000
vn -0.99730000 0.06890000 -0.02360000
vn -0.99660000 0.07040000 -0.04180000
vn -0.99490000 0.09270000 -0.03950000
vn -0.99170000 0.12470000 -0.03040000
vn -0.99200000 0.12250000 -0.03190000
vn -0.98540000 0.16920000 -0.02030000
vn -0.98130000 0.19190000 -0.01590000
vn -0.97570000 0.21890000 -0.00890000
vn -0.96460000 0.26370000 0.00050000
vn -0.96310000 0.26920000 0.00260000
vn -0.94790000 0.31840000 0.01390000
vn -0.94160000 0.33640000 0.01720000
vn -0.92960000 0.36770000 0.02550000
vn -0.91180000 0.40920000 0.03460000
vn -0.90820000 0.41690000 0.03770000
vn -0.88330000 0.46600000 0.05060000
vn -0.87490000 0.48140000 0.05320000
vn -0.85490000 0.51470000 0.06500000
vn -0.83060000 0.55190000 0.07460000
vn -0.82260000 0.56280000 0.08070000
vn -0.77740000 0.62120000 0.09880000
vn -0.78580000 0.61070000 0.09750000
vn -0.75420000 0.64720000 0.11100000
vn -0.71370000 0.68910000 0.12510000
vn -0.72010000 0.68260000 0.12460000
vn -0.68390000 0.71630000 0.13840000
vn -0.67780000 0.72200000 0.13890000
vn -0.64530000 0.74860000 0.15230000
vn -0.63810000 0.75460000 0.15300000
vn -0.59560000 0.78570000 0.16740000
vn -0.58790000 0.79050000 0.17170000
vn -0.54910000 0.81560000 0.18260000
vn -0.52550000 0.82890000 0.19190000
vn -0.49840000 0.84390000 0.19880000
vn -0.44700000 0.86800000 0.21640000
vn -0.44310000 0.87000000 0.21620000
vn -0.38810000 0.89150000 0.23380000
vn -0.38520000 0.89290000 0.23310000
vn -0.32620000 0.91150000 0.25060000
vn -0.32420000 0.91230000 0.25000000
vn -0.26090000 0.92790000 0.26640000
vn -0.00090000 0.95320000 0.30250000
vn 0.03660000 0.95240000 0.30280000
vn 0.08950000 0.94980000 0.29970000
vn 0.11630000 0.94770000 0.29720000
vn 0.20600000 0.93660000 0.28350000
vn 0.18900000 0.93930000 0.28650000
vn 0.25770000 0.92690000 0.27270000
vn 0.31120000 0.91380000 0.26090000
vn 0.32290000 0.91080000 0.25730000
vn 0.36620000 0.89720000 0.24690000
vn 0.38500000 0.89090000 0.24100000
vn 0.41970000 0.87740000 0.23240000
vn 0.44450000 0.86720000 0.22450000
vn 0.51700000 0.83130000 0.20400000
vn 0.49950000 0.84090000 0.20850000
vn 0.55020000 0.81240000 0.19290000
vn 0.57560000 0.79640000 0.18560000
vn 0.59730000 0.78210000 0.17760000
vn 0.60510000 0.77650000 0.17590000
vn 0.64050000 0.75050000 0.16300000
vn 0.64880000 0.74370000 0.16090000
vn 0.68020000 0.71770000 0.14880000
vn 0.68890000 0.70990000 0.14640000
vn 0.75000000 0.65010000 0.12180000
vn 0.75900000 0.64020000 0.11890000
vn 0.76450000 0.63390000 0.11670000
vn 0.79700000 0.59510000 0.10300000
vn 0.80840000 0.58050000 0.09740000
vn 0.84460000 0.52920000 0.08140000
vn 0.85740000 0.50920000 0.07440000
vn 0.88380000 0.46390000 0.06120000
vn 0.89770000 0.43740000 0.05270000
vn 0.89530000 0.44210000 0.05470000
vn 0.92600000 0.37570000 0.03570000
vn 0.93020000 0.36550000 0.03280000
vn 0.94620000 0.32290000 0.02060000
vn 0.95620000 0.29260000 0.01360000
vn 0.95990000 0.28020000 0.00940000
vn 0.97500000 0.22210000 -0.00420000
vn 0.97520000 0.22130000 -0.00270000
vn 0.98320000 0.18200000 -0.01310000
vn 0.98940000 0.14390000 -0.02150000
vn 0.99670000 0.07210000 -0.03740000
vn 0.99680000 0.07000000 -0.03840000
vn 0.99690000 0.06830000 -0.03820000
vn 0.99690000 0.06820000 -0.03830000
vn 0.99700000 0.06720000 -0.03910000
vn 0.99720000 0.06380000 -0.03960000
vn 0.99720000 0.06390000 -0.03970000
vn 0.99720000 0.06450000 -0.03900000
vn 0.99740000 0.06060000 -0.03990000
vn -0.00000000 0.70710000 -0.70710000
vn -0.00000000 0.70710000 -0.70710000
vn -0.00000000 0.70710000 -0.70710000
vn -0.00000000 0.70710000 -0.70710000
vn 0.00020000 0.70720000 -0.70710000
vn -0.00000000 0.70710000 -0.70710000
vn -0.00030000 0.70710000 -0.70710000
vn -0.00010000 0.70710000 -0.70710000
vn 0.00010000 0.70710000 -0.70710000
vn -0.00000000 0.70710000 -0.70710000
vn -0.00000000 0.70710000 -0.70710000
vn -0.00000000 0.70710000 -0.70710000
vn -0.00000000 0.70710000 -0.70710000
vn 0.00010000 0.70710000 -0.70710000
vn -0.00000000 0.70710000 -0.70710000
vn -0.00000000 0.70710000 -0.70710000
vn -0.00000000 0.70710000 -0.70710000
vn -0.00000000 0.70710000 -0.70710000
vn -0.00000000 0.70710000 -0.70710000
vn -0.00000000 0.70710000 -0.70710000
vn -0.00000000 0.70710000 -0.70710000
vn -0.00000000 0.70710000 -0.70720000
vn -0.00000000 0.70710000 -0.70710000
vn -0.00000000 0.70710000 -0.70720000
vn -0.00000000 0.70710000 -0.70710000
vn -0.00000000 0.70710000 -0.70720000
vn -0.00000000 0.70710000 -0.70710000
vn -0.00000000 0.70710000 -0.70710000
vn -0.00000000 0.70720000 -0.70710000
vn -0.00000000 0.70720000 -0.70710000
vn -0.00000000 0.70710000 -0.70710000
vn -0.00000000 0.70720000 -0.70710000
vn -0.00000000 0.70710000 -0.70720000
vn -0.00000000 0.70710000 -0.70720000
vn -0.00000000 0.70720000 -0.70710000
vn -0.00000000 0.70720000 -0.70700000
vn -0.00000000 0.70700000 -0.70720000
vn -0.00000000 0.70720000 -0.70700000
vn -0.00000000 0.70710000 -0.70720000
vn -0.00000000 0.70720000 -0.70700000
vn -0.00000000 0.70700000 -0.70720000
vn -0.00000000 0.70730000 -0.70690000
vn -0.00000000 0.70700000 -0.70720000
vn -0.00000000 0.70730000 -0.70690000
vn -0.00000000 0.70680000 -0.70740000
vn -0.00000000 0.70710000 -0.70710000
vn -0.00000000 0.70680000 -0.70740000
vn -0.00000000 0.70730000 -0.70690000
vn -0.00000000 0.70710000 -0.70710000
vn -0.00000000 0.70680000 -0.70740000
vn -0.00000000 0.70750000 -0.70670000
vn -0.00000000 0.70710000 -0.70710000
vn -0.00000000 0.70690000 -0.70740000
vn -0.00000000 0.70750000 -0.70670000
vn -0.00000000 0.70710000 -0.70710000
vn -0.00000000 0.70750000 -0.70670000
vn -0.00000000 0.70710000 -0.70710000
vn -0.00000000 0.70690000 -0.70740000
vn -0.00000000 0.70760000 -0.70660000
vn -0.00000000 0.70710000 -0.70710000
vn -0.00000000 0.70760000 -0.70660000
vn -0.00000000 0.70690000 -0.70740000
vn -0.00000000 0.70800000 -0.70620000
vn -0.00000000 0.70710000 -0.70710000
vn -0.00000000 0.70760000 -0.70660000
vn -0.00000000 0.70800000 -0.70620000
vn -0.00000000 0.70800000 -0.70620000
vn -0.00000000 0.70710000 -0.70710000
vn -0.00000000 0.70710000 -0.70710000
vn 0.00010000 0.70710000 -0.70710000
vn -0.00000000 0.70710000 -0.70710000
vn -0.00000000 0.70710000 -0.70710000
vn -0.00010000 0.70710000 -0.70710000
vn -0.00010000 0.70710000 -0.70710000
vn 0.00010000 0.70710000 -0.70710000
vn -0.00000000 0.70710000 -0.70710000
vn 0.00010000 0.70710000 -0.70710000
vn -0.00000000 0.70710000 -0.70710000
vn -0.00010000 0.70710000 -0.70710000
vn -0.00000000 0.70710000 -0.70710000
vn -0.00010000 0.70710000 -0.70710000
vn -0.00000000 0.70710000 -0.70710000
vn -0.00000000 0.70710000 -0.70710000
vn 0.00010000 0.70710000 -0.70710000
vn 0.00010000 0.70710000 -0.70710000
vn -0.00030000 0.70710000 -0.70710000
vn -0.00030000 0.70710000 -0.70710000
vn 0.00020000 0.70720000 -0.70710000
vn 0.00020000 0.70720000 -0.70710000
vn 0.14070000 0.01240000 -0.99000000
vn 0.11080000 0.00810000 -0.99380000
vn 0.06640000 0.00300000 -0.99780000
vn 0.05670000 0.00220000 -0.99840000
vn 0.00050000 -0.00000000 -1.00000000
vn 0.00040000 -0.00000000 -1.00000000
vn 0.00310000 -0.00000000 -1.00000000
vn 0.00030000 -0.00010000 -1.00000000
vn 0.16250000 0.01670000 -0.98660000
vn 0.19200000 0.02280000 -0.98110000
vn 0.21140000 0.02800000 -0.97700000
vn 0.24020000 0.03540000 -0.97010000
vn 0.25750000 0.04140000 -0.96540000
vn 0.28580000 0.05000000 -0.95700000
vn 0.30170000 0.05650000 -0.95170000
vn 0.32920000 0.06630000 -0.94190000
vn 0.34370000 0.07280000 -0.93620000
vn 0.38730000 0.09110000 -0.91740000
vn 0.38410000 0.09030000 -0.91890000
vn 0.41880000 0.10840000 -0.90160000
vn 0.41230000 0.10590000 -0.90490000
vn 0.44200000 0.12300000 -0.88860000
vn 0.45040000 0.12730000 -0.88370000
vn 0.47450000 0.14520000 -0.86820000
vn 0.47880000 0.14700000 -0.86550000
vn 0.50440000 0.16720000 -0.84710000
vn 0.49760000 0.15980000 -0.85260000
vn 0.52130000 0.18060000 -0.83400000
vn 0.43140000 0.11450000 -0.89480000
vn 0.47150000 0.14020000 -0.87070000
vn 0.54670000 0.20930000 -0.81070000
vn 0.54270000 0.20220000 -0.81520000
vn 0.56180000 0.22470000 -0.79620000
vn 0.57890000 0.25240000 -0.77530000
vn 0.58250000 0.25440000 -0.77200000
vn 0.59960000 0.28300000 -0.74860000
vn 0.60450000 0.29480000 -0.74010000
vn 0.61490000 0.31050000 -0.72490000
vn 0.62640000 0.33460000 -0.70400000
vn 0.62860000 0.33650000 -0.70110000
vn 0.64120000 0.36140000 -0.67700000
vn 0.64570000 0.37190000 -0.66690000
vn 0.65290000 0.38510000 -0.65220000
vn 0.66310000 0.40670000 -0.62840000
vn 0.66400000 0.40780000 -0.62670000
vn 0.67050000 0.43280000 -0.60260000
vn 0.67240000 0.43550000 -0.59850000
vn 0.67530000 0.46000000 -0.57650000
vn 0.67670000 0.46320000 -0.57230000
vn 0.68530000 0.48340000 -0.54470000
vn 0.68500000 0.48270000 -0.54570000
vn 0.69030000 0.51090000 -0.51230000
vn 0.68880000 0.54760000 -0.47500000
vn 0.68530000 0.55260000 -0.47430000
vn 0.70150000 0.59500000 -0.39220000
vn 0.70910000 0.60720000 -0.35850000
vn 0.71970000 0.61540000 -0.32140000
vn 0.72800000 0.64090000 -0.24330000
vn 0.72800000 0.64020000 -0.24520000
vn 0.72550000 0.63180000 -0.27290000
vn 0.71720000 0.62040000 -0.31730000
vn 0.70070000 0.59900000 -0.38760000
vn 0.69000000 0.57630000 -0.43790000
vn 0.68630000 0.56350000 -0.45980000
vn 0.68450000 0.53980000 -0.49000000
vn 0.68570000 0.53130000 -0.49760000
vn 0.68810000 0.51200000 -0.51410000
vn 0.68820000 0.49010000 -0.53500000
vn 0.67320000 0.45370000 -0.58390000
vn 0.66830000 0.42660000 -0.60940000
vn 0.66690000 0.41970000 -0.61570000
vn 0.66430000 0.41070000 -0.62450000
vn 0.65830000 0.39810000 -0.63890000
vn 0.65130000 0.38440000 -0.65430000
vn 0.63040000 0.34430000 -0.69580000
vn 0.61170000 0.31020000 -0.72780000
vn 0.60930000 0.30610000 -0.73150000
vn 0.60620000 0.30080000 -0.73620000
vn 0.60110000 0.29210000 -0.74390000
vn 0.59760000 0.28610000 -0.74900000
vn 0.59100000 0.27500000 -0.75840000
vn 0.58630000 0.26730000 -0.76470000
vn 0.57560000 0.25050000 -0.77840000
vn 0.56870000 0.24050000 -0.78660000
vn 0.54110000 0.20550000 -0.81550000
vn 0.50270000 0.16760000 -0.84810000
vn 0.38100000 0.08950000 -0.92020000
vn 0.31320000 0.06140000 -0.94770000
vn 0.25950000 0.04240000 -0.96480000
vn 0.20610000 0.02710000 -0.97820000
vn 0.14370000 0.01340000 -0.98950000
vn 0.07720000 0.00400000 -0.99700000
vn 0.46130000 -0.50130000 -0.73210000
vn 0.43270000 -0.51510000 -0.73990000
vn 0.38230000 -0.52510000 -0.76030000
vn 0.37490000 -0.53180000 -0.75940000
vn 0.31390000 -0.54650000 -0.77640000
vn 0.31090000 -0.55200000 -0.77370000
vn 0.24690000 -0.56440000 -0.78770000
vn 0.25670000 -0.56540000 -0.78380000
vn 0.19830000 -0.57440000 -0.79420000
vn 0.48730000 -0.49670000 -0.71820000
vn 0.55650000 -0.46520000 -0.68840000
vn 0.53810000 -0.47720000 -0.69480000
vn 0.58520000 -0.45680000 -0.67000000
vn 0.53380000 -0.48320000 -0.69390000
vn 0.58080000 -0.46310000 -0.66950000
vn 0.52320000 -0.49080000 -0.69670000
vn 0.58960000 -0.46250000 -0.66210000
vn 0.66440000 -0.42130000 -0.61730000
vn 0.64920000 -0.43320000 -0.62530000
vn 0.69790000 -0.40610000 -0.58990000
vn 0.73540000 -0.37930000 -0.56160000
vn 0.73100000 -0.38640000 -0.56240000
vn 0.79540000 -0.33830000 -0.50290000
vn 0.77800000 -0.35490000 -0.51840000
vn 0.79200000 -0.34440000 -0.50420000
vn 0.81300000 -0.32980000 -0.48000000
vn 0.84530000 -0.29960000 -0.44240000
vn 0.84810000 -0.29340000 -0.44120000
vn 0.88910000 -0.25740000 -0.37860000
vn 0.87360000 -0.26750000 -0.40650000
vn 0.88140000 -0.26050000 -0.39410000
vn 0.60280000 -0.44460000 -0.66250000
vn 0.64660000 -0.42290000 -0.63480000
vn 0.66870000 -0.41500000 -0.61690000
vn 0.69520000 -0.39600000 -0.59990000
vn 0.73930000 -0.37280000 -0.56070000
vn 0.73780000 -0.37000000 -0.56460000
vn 0.79810000 -0.32870000 -0.50500000
vn 0.79880000 -0.33200000 -0.50160000
vn 0.84370000 -0.29320000 -0.44970000
vn 0.85530000 -0.28340000 -0.43370000
vn 0.89230000 -0.25030000 -0.37580000
vn 0.89790000 -0.24500000 -0.36580000
vn 0.90590000 -0.23700000 -0.35080000
vn 0.92230000 -0.22420000 -0.31470000
vn 0.91080000 -0.23200000 -0.34160000
vn 0.91430000 -0.22850000 -0.33430000
vn 0.94150000 -0.19850000 -0.27230000
vn 0.94860000 -0.19410000 -0.24990000
vn 0.92060000 -0.23020000 -0.31540000
vn 0.94740000 -0.19970000 -0.25010000
vn 0.91890000 -0.23600000 -0.31610000
vn 0.94620000 -0.20520000 -0.25020000
vn 0.91550000 -0.24100000 -0.32210000
vn 0.94960000 -0.20250000 -0.23910000
vn 0.96430000 -0.18310000 -0.19150000
vn 0.96700000 -0.17750000 -0.18280000
vn 0.97530000 -0.16580000 -0.14570000
vn 0.98160000 -0.15240000 -0.11470000
vn 0.98340000 -0.15020000 -0.10200000
vn 0.98880000 -0.13660000 -0.06070000
vn 0.99040000 -0.13030000 -0.04670000
vn 0.99250000 -0.12190000 -0.01280000
vn 0.99410000 -0.10730000 0.01590000
vn 0.99360000 -0.11160000 0.01900000
vn 0.99310000 -0.10320000 0.05590000
vn 0.99350000 -0.10910000 0.03300000
vn 0.96720000 -0.16490000 -0.19330000
vn 0.96870000 -0.16680000 -0.18390000
vn 0.96790000 -0.17210000 -0.18310000
vn 0.97430000 -0.15390000 -0.16460000
vn 0.98280000 -0.14230000 -0.11730000
vn 0.98220000 -0.14750000 -0.11620000
vn 0.98010000 -0.14380000 -0.13690000
vn 0.98340000 -0.13750000 -0.11880000
vn 0.98540000 -0.13310000 -0.10600000
vn 0.99140000 -0.12090000 -0.05110000
vn 0.99130000 -0.11800000 -0.05890000
vn 0.99510000 -0.09880000 0.00900000
vn 0.99460000 -0.10290000 0.01280000
vn 0.99510000 -0.09260000 0.03400000
vn 0.99360000 -0.09020000 0.06750000
vn 0.99360000 -0.09010000 0.06760000
vn 0.99480000 -0.08930000 0.04840000
vn 0.99460000 -0.08820000 0.05400000
vn 0.99430000 -0.08640000 0.06280000
vn 0.99410000 -0.08590000 0.06620000
vn 0.99390000 -0.08620000 0.06870000
vn 0.99390000 -0.08610000 0.06860000
vn 0.99340000 -0.09150000 0.06880000
vn 0.99420000 -0.09020000 0.05900000
vn 0.99400000 -0.09240000 0.05860000
vn 0.99310000 -0.09530000 0.06860000
vn 0.99350000 -0.09260000 0.06560000
vn 0.99210000 -0.09500000 0.08180000
vn 0.99100000 -0.09050000 0.09900000
vn 0.99030000 -0.09360000 0.10260000
vn 0.98450000 -0.08970000 0.15060000
vn 0.98930000 -0.09710000 0.10850000
vn 0.98320000 -0.09320000 0.15670000
vn 0.98840000 -0.10060000 0.11410000
vn 0.98210000 -0.09690000 0.16180000
vn 0.98750000 -0.10140000 0.12070000
vn 0.98190000 -0.09870000 0.16190000
vn 0.97460000 -0.09550000 0.20260000
vn 0.97270000 -0.09260000 0.21270000
vn 0.96420000 -0.09200000 0.24870000
vn 0.96030000 -0.08840000 0.26440000
vn 0.95250000 -0.08870000 0.29140000
vn 0.94140000 -0.08600000 0.32620000
vn 0.92690000 -0.08010000 0.36670000
vn 0.92280000 -0.08200000 0.37650000
vn 0.91170000 -0.08000000 0.40290000
vn 0.88220000 -0.07240000 0.46520000
vn 0.88910000 -0.07630000 0.45140000
vn 0.86300000 -0.07270000 0.50000000
vn 0.82700000 -0.06520000 0.55840000
vn 0.83610000 -0.06930000 0.54410000
vn 0.79160000 -0.06450000 0.60760000
vn 0.76180000 -0.05860000 0.64510000
vn 0.75620000 -0.06130000 0.65150000
vn 0.68730000 -0.05240000 0.72450000
vn 0.68150000 -0.05540000 0.72970000
vn 0.60520000 -0.04740000 0.79460000
vn 0.59990000 -0.05040000 0.79850000
vn 0.54480000 -0.04780000 0.83720000
vn 0.51620000 -0.04310000 0.85540000
vn 0.52460000 -0.04690000 0.85000000
vn 0.50410000 -0.04600000 0.86240000
vn 0.48310000 -0.04460000 0.87440000
vn 0.46780000 -0.04430000 0.88270000
vn 0.42000000 -0.03940000 0.90670000
vn 0.45220000 -0.04410000 0.89080000
vn 0.43650000 -0.04340000 0.89860000
vn 0.42190000 -0.04290000 0.90560000
vn 0.40710000 -0.04240000 0.91240000
vn 0.39220000 -0.04190000 0.91890000
vn 0.35730000 -0.04080000 0.93310000
vn 0.31880000 -0.03650000 0.94710000
vn 0.32200000 -0.04000000 0.94590000
vn 0.28640000 -0.03910000 0.95730000
vn 0.24860000 -0.03540000 0.96800000
vn 0.27690000 -0.03880000 0.96010000
vn 0.26740000 -0.03930000 0.96280000
vn 0.23750000 -0.03550000 0.97070000
vn 0.25780000 -0.03850000 0.96540000
vn 0.24050000 -0.03820000 0.96990000
vn 0.22320000 -0.03800000 0.97400000
vn 0.21340000 -0.03540000 0.97630000
vn 0.20570000 -0.03780000 0.97790000
vn 0.17980000 -0.03750000 0.98300000
vn 0.15180000 -0.03490000 0.98780000
vn 0.15370000 -0.03750000 0.98740000
vn 0.12740000 -0.03690000 0.99120000
vn 0.10170000 -0.03430000 0.99420000
vn 0.08530000 -0.03650000 0.99570000
vn 0.05120000 -0.03430000 0.99810000
vn 0.04280000 -0.03650000 0.99840000
vn 0.02560000 -0.03430000 0.99910000
vn 0.00010000 -0.03580000 0.99940000
vn -0.00000000 -0.03550000 0.99940000
vn 0.01120000 -0.03400000 0.99940000
vn -0.00000000 -0.03480000 0.99940000
vn 0.98600000 -0.08670000 0.14280000
vn 0.97830000 -0.08280000 0.18970000
vn 0.97560000 -0.08560000 0.20200000
vn 0.96180000 -0.07700000 0.26270000
vn 0.96370000 -0.08150000 0.25420000
vn 0.93950000 -0.07130000 0.33490000
vn 0.93100000 -0.07330000 0.35750000
vn 0.91050000 -0.06560000 0.40840000
vn 0.88700000 -0.06560000 0.45720000
vn 0.88920000 -0.06220000 0.45320000
vn 0.85940000 -0.05790000 0.50800000
vn 0.83210000 -0.05830000 0.55160000
vn 0.82620000 -0.05400000 0.56080000
vn 0.76710000 -0.05170000 0.63940000
vn 0.75780000 -0.04730000 0.65070000
vn 0.69240000 -0.04570000 0.72010000
vn 0.69120000 -0.04200000 0.72140000
vn 0.64260000 -0.03880000 0.76520000
vn 0.61010000 -0.04050000 0.79130000
vn 0.58420000 -0.03570000 0.81080000
vn 0.52070000 -0.03630000 0.85300000
vn 0.52030000 -0.03270000 0.85340000
vn 0.44540000 -0.02970000 0.89480000
vn 0.42380000 -0.03250000 0.90520000
vn 0.36580000 -0.02720000 0.93030000
vn 0.32180000 -0.02960000 0.94640000
vn 0.30500000 -0.02580000 0.95200000
vn 0.30440000 -0.02580000 0.95220000
vn 0.30330000 -0.02510000 0.95260000
vn 0.30240000 -0.02660000 0.95280000
vn 0.30390000 -0.03210000 0.95220000
vn 0.30690000 -0.04440000 0.95070000
vn 0.29720000 -0.02840000 0.95440000
vn 0.29200000 -0.03000000 0.95600000
vn 0.32030000 -0.03310000 0.94670000
vn 0.28190000 -0.03240000 0.95890000
vn 0.27250000 -0.03370000 0.96160000
vn 0.26250000 -0.03480000 0.96430000
vn 0.00010000 -0.03610000 0.99930000
vn 0.98930000 -0.10260000 0.10360000
vn 0.99040000 -0.10200000 0.09340000
vn 0.99130000 -0.09860000 0.08760000
vn 0.98980000 -0.10290000 0.09840000
vn 0.99070000 -0.10310000 0.08930000
vn 0.99150000 -0.10240000 0.08050000
vn 0.99140000 -0.10290000 0.08100000
vn 0.99200000 -0.10200000 0.07460000
vn 0.99200000 -0.10210000 0.07450000
vn 0.99200000 -0.10020000 0.07690000
vn 0.99190000 -0.09890000 0.07930000
vn 0.99230000 -0.09880000 0.07460000
vn 0.99180000 -0.09770000 0.08230000
vn 0.99270000 -0.09520000 0.07390000
vn 0.99230000 -0.09820000 0.07570000
vn 0.99220000 -0.09850000 0.07580000
vn 0.99330000 -0.11510000 0.01110000
vn 0.89410000 -0.26200000 -0.36320000
vn 0.88450000 -0.26950000 -0.38080000
vn 0.88680000 -0.26350000 -0.37970000
vn 0.86940000 -0.28440000 -0.40410000
vn 0.84240000 -0.30580000 -0.44370000
vn 0.84330000 -0.30600000 -0.44190000
vn 0.73760000 -0.38160000 -0.55710000
vn 0.52040000 -0.49190000 -0.69800000
vn 0.51740000 -0.49390000 -0.69880000
vn 0.51510000 -0.49420000 -0.70040000
vn 0.48310000 -0.50270000 -0.71680000
vn 0.46330000 -0.51270000 -0.72280000
vn 0.42880000 -0.52080000 -0.73810000
vn 0.40810000 -0.53040000 -0.74310000
vn 0.37150000 -0.53750000 -0.75710000
vn 0.35360000 -0.54460000 -0.76050000
vn 0.34170000 -0.54770000 -0.76370000
vn 0.32980000 -0.55000000 -0.76730000
vn 0.31740000 -0.55360000 -0.76990000
vn 0.18070000 -0.57400000 -0.79860000
vn 0.11190000 -0.58350000 -0.80440000
vn 0.11250000 -0.58090000 -0.80620000
vn 0.06310000 -0.58620000 -0.80770000
vn 0.01180000 -0.58320000 -0.81220000
vn 0.01170000 -0.58760000 -0.80900000
vn 0.11370000 -0.57560000 -0.80980000
vn 0.01190000 -0.57890000 -0.81530000
vn 0.10930000 -0.57080000 -0.81380000
vn 0.01430000 -0.57450000 -0.81830000
vn 0.01220000 -0.57450000 -0.81840000
vn 0.18260000 -0.56880000 -0.80200000
vn 0.20860000 -0.56040000 -0.80150000
vn 0.24940000 -0.55910000 -0.79070000
vn 0.30250000 -0.54420000 -0.78250000
vn 0.42180000 -0.03590000 0.90600000
vn 0.51840000 -0.03970000 0.85420000
vn 0.60760000 -0.04390000 0.79300000
vn 0.68980000 -0.04910000 0.72230000
vn 0.76430000 -0.05510000 0.64250000
vn 0.82950000 -0.06170000 0.55510000
vn 0.88460000 -0.06890000 0.46130000
vn 0.92890000 -0.07660000 0.36230000
vn 0.96200000 -0.08500000 0.25930000
vn 0.97410000 -0.08910000 0.20770000
vn 0.99300000 -0.09420000 0.07180000
vn 0.99090000 -0.12570000 -0.04900000
vn -0.94870000 -0.29910000 0.10280000
vn -0.94840000 -0.30060000 0.10130000
vn -0.94840000 -0.30060000 0.10120000
vn -0.94860000 -0.29900000 0.10370000
vn -0.94850000 -0.30020000 0.10100000
vn -0.94850000 -0.29750000 0.10850000
vn -0.94860000 -0.30010000 0.10070000
vn -0.94860000 -0.30000000 0.10040000
vn -0.94860000 -0.29950000 0.10220000
vn -0.94820000 -0.30120000 0.10130000
vn -0.94930000 -0.29440000 0.11020000
vn -0.94930000 -0.29440000 0.11030000
vn -0.94870000 -0.29640000 0.10990000
vn -0.94870000 -0.29650000 0.10990000
vn -0.94850000 -0.29800000 0.10780000
vn -0.94840000 -0.29800000 0.10780000
vn -0.95260000 -0.28340000 0.11030000
vn -0.94890000 -0.29480000 0.11310000
vn -0.94890000 -0.29480000 0.11280000
vn -0.94900000 -0.29470000 0.11190000
vn -0.94910000 -0.29450000 0.11180000
vn -0.94850000 -0.29670000 0.11050000
vn -0.94860000 -0.29670000 0.11050000
vn -0.97710000 -0.20550000 0.05530000
vn -0.95010000 -0.28700000 0.12210000
vn -0.94840000 -0.29480000 0.11690000
vn -0.94870000 -0.29450000 0.11530000
vn -0.94840000 -0.29430000 0.11820000
vn -0.95410000 -0.28140000 0.10300000
vn -0.93650000 -0.30030000 0.18110000
vn -0.93320000 -0.26950000 0.23760000
vn -0.87450000 -0.27710000 0.39800000
vn -0.80310000 -0.27040000 0.53100000
vn -0.60550000 -0.26210000 0.75140000
vn -0.55970000 -0.26050000 0.78670000
vn -0.28820000 -0.26970000 0.91880000
vn -0.07220000 -0.26020000 0.96280000
vn -0.05070000 -0.23810000 0.96990000
vn -0.01980000 -0.26690000 0.96350000
vn -0.01860000 -0.26700000 0.96350000
vn -0.01860000 -0.26710000 0.96350000
vn -0.01830000 -0.26750000 0.96340000
vn -0.01820000 -0.26750000 0.96340000
vn -0.01720000 -0.26730000 0.96350000
vn -0.01730000 -0.26730000 0.96350000
vn -0.01600000 -0.26530000 0.96400000
vn -0.01410000 -0.26950000 0.96290000
vn -0.01400000 -0.26950000 0.96290000
vn -0.01150000 -0.26850000 0.96320000
vn -0.00530000 -0.26940000 0.96300000
vn -0.00840000 -0.26980000 0.96290000
vn -0.00520000 -0.26920000 0.96310000
vn -0.89700000 -0.22370000 0.38120000
vn -0.65010000 -0.24920000 0.71780000
vn -0.33610000 -0.25840000 0.90570000
vn -0.07890000 -0.26340000 0.96150000
vn -0.94950000 -0.29580000 0.10470000
vn -0.03340000 -0.27790000 0.96000000
vn -0.02890000 -0.27790000 0.96020000
vn -0.02990000 -0.27860000 0.95990000
vn 0.13330000 0.37090000 0.91900000
vn 0.26850000 -0.00830000 0.96330000
vn 0.01610000 -0.44130000 0.89720000
vn -0.03420000 -0.27810000 0.96000000
vn -0.03420000 -0.27800000 0.96000000
vn -0.03790000 -0.27760000 0.95990000
vn -0.03770000 -0.27760000 0.96000000
vn -0.03770000 -0.27750000 0.96000000
vn -0.04170000 -0.27830000 0.95960000
vn -0.04180000 -0.27830000 0.95960000
vn -0.04210000 -0.27830000 0.95960000
vn 0.04590000 -0.24800000 0.96770000
vn 0.04530000 -0.24900000 0.96750000
vn 0.16600000 -0.24420000 0.95540000
vn 0.06210000 -0.21930000 0.97370000
vn 0.48640000 -0.24650000 0.83830000
vn 0.42740000 -0.23470000 0.87310000
vn 0.83010000 -0.25620000 0.49530000
vn 0.82970000 -0.25530000 0.49640000
vn 0.92130000 -0.26070000 0.28840000
vn 0.94940000 -0.27770000 0.14650000
vn 0.94480000 -0.27910000 0.17150000
vn 0.95310000 -0.27120000 0.13450000
vn 0.95310000 -0.27120000 0.13460000
vn 0.95360000 -0.27100000 0.13110000
vn 0.95360000 -0.27110000 0.13110000
vn 0.95300000 -0.27320000 0.13070000
vn 0.95290000 -0.27500000 0.12770000
vn 0.95290000 -0.27490000 0.12770000
vn 0.95290000 -0.27430000 0.12910000
vn 0.95260000 -0.27740000 0.12490000
vn 0.95260000 -0.27730000 0.12490000
vn 0.95250000 -0.27900000 0.12190000
vn 0.95250000 -0.27900000 0.12200000
vn 0.95220000 -0.28140000 0.11880000
vn 0.95200000 -0.28320000 0.11590000
vn 0.95200000 -0.28330000 0.11590000
vn 0.95180000 -0.28450000 0.11440000
vn 0.95150000 -0.28750000 0.10960000
vn 0.95160000 -0.28680000 0.11100000
vn 0.95150000 -0.28680000 0.11100000
vn 0.95140000 -0.28800000 0.10890000
vn 0.95140000 -0.28810000 0.10880000
vn 0.95130000 -0.28890000 0.10740000
vn 0.95100000 -0.29140000 0.10300000
vn 0.95100000 -0.29140000 0.10320000
vn 0.95100000 -0.29140000 0.10310000
vn 0.95110000 -0.29130000 0.10320000
vn 0.95100000 -0.29130000 0.10320000
vn 0.95110000 -0.29210000 0.10100000
vn 0.95110000 -0.29200000 0.10100000
vn 0.95100000 -0.29210000 0.10100000
vn 0.95110000 -0.29250000 0.09940000
vn 0.95110000 -0.29240000 0.09940000
vn 0.95120000 -0.29270000 0.09800000
vn 0.95120000 -0.29340000 0.09570000
vn 0.95120000 -0.29350000 0.09570000
vn 0.95120000 -0.29340000 0.09620000
vn 0.95120000 -0.29330000 0.09600000
vn 0.95080000 -0.29470000 0.09500000
vn 0.95080000 -0.29480000 0.09490000
vn 0.95100000 -0.29440000 0.09470000
vn 0.95100000 -0.29430000 0.09470000
vn 0.95050000 -0.29670000 0.09260000
vn 0.95050000 -0.29660000 0.09260000
vn 0.94450000 -0.31290000 0.10000000
vn 0.95050000 -0.29700000 0.09170000
vn 0.88730000 -0.29920000 -0.35100000
vn 0.95250000 -0.27920000 0.12140000
vn 0.95110000 -0.29140000 0.10280000
vn 0.95110000 -0.29140000 0.10270000
vn 0.42050000 -0.32930000 -0.84540000
vn 0.47210000 -0.33130000 -0.81690000
vn 0.86390000 -0.30630000 -0.39990000
vn 0.81770000 -0.31290000 -0.48320000
vn 0.94610000 -0.30670000 0.10370000
vn 0.07910000 -0.33960000 -0.93730000
vn -0.00620000 -0.32150000 -0.94690000
vn -0.00280000 -0.33960000 -0.94060000
vn -0.00240000 -0.33870000 -0.94090000
vn -0.00240000 -0.33880000 -0.94090000
vn -0.00260000 -0.33900000 -0.94080000
vn -0.00210000 -0.33620000 -0.94180000
vn -0.00210000 -0.33610000 -0.94180000
vn -0.00170000 -0.34120000 -0.94000000
vn -0.00190000 -0.34120000 -0.94000000
vn -0.00000000 -0.34020000 -0.94030000
vn -0.00020000 -0.34030000 -0.94030000
vn -0.00000000 -0.34030000 -0.94030000
vn 0.06710000 -0.36810000 -0.92740000
vn 0.31430000 -0.34250000 -0.88540000
vn 0.95260000 -0.27140000 0.13720000
vn 0.92150000 -0.26560000 0.28320000
vn 0.75950000 -0.25310000 0.59930000
vn 0.42520000 -0.26180000 0.86640000
vn 0.94760000 -0.30410000 0.09800000
vn 0.94650000 -0.30750000 0.09770000
vn 0.82640000 -0.53790000 0.16640000
vn 0.94860000 -0.29800000 0.10640000
vn 0.81950000 -0.54290000 0.18380000
vn 0.82640000 -0.56000000 -0.05900000
vn 0.63280000 -0.77140000 0.06750000
vn 0.50760000 -0.82610000 -0.24490000
vn 0.31400000 -0.94900000 0.02760000
vn 0.15480000 -0.98550000 -0.07020000
vn 0.09180000 -0.95560000 0.27990000
vn 0.08910000 -0.95570000 0.28040000
vn 0.07360000 -0.99420000 -0.07840000
vn 0.07420000 -0.99410000 -0.07930000
vn 0.04680000 -0.89040000 -0.45280000
vn 0.05390000 -0.88920000 -0.45440000
vn 0.01310000 -0.65020000 -0.75960000
vn 0.02580000 -0.65130000 -0.75840000
vn 0.01720000 -0.35790000 -0.93360000
vn -0.00250000 -0.33930000 -0.94070000
vn 0.82220000 -0.31360000 -0.47490000
vn 0.63750000 -0.59760000 -0.48620000
vn 0.20090000 -0.87750000 -0.43560000
vn 0.28940000 -0.35290000 -0.88980000
vn 0.21690000 -0.64000000 -0.73710000
vn 0.02300000 -0.64470000 -0.76410000
vn -0.00220000 -0.33930000 -0.94070000
vn -0.00190000 -0.33500000 -0.94220000
vn 0.01250000 -0.65110000 -0.75890000
vn -0.00000000 -0.33680000 -0.94160000
vn 0.00010000 -0.74890000 -0.66260000
vn 0.00010000 -0.97590000 -0.21800000
vn 0.02550000 -0.89070000 -0.45390000
vn 0.04710000 -0.88820000 -0.45700000
vn 0.03310000 -0.99630000 -0.07880000
vn 0.00010000 -0.96000000 0.28000000
vn 0.07120000 -0.95730000 0.28020000
vn 0.06400000 -0.99470000 -0.08020000
vn 0.09590000 -0.95460000 0.28210000
vn 0.37590000 -0.90750000 0.18720000
vn 0.62040000 -0.74660000 0.24000000
vn 0.09680000 -0.95370000 0.28460000
vn 0.36880000 -0.88770000 0.27580000
vn 0.62650000 -0.74460000 0.23040000
vn 0.94910000 -0.29870000 0.10020000
vn 0.94810000 -0.30210000 0.09910000
vn 0.09760000 -0.95250000 0.28850000
vn 0.37270000 -0.88650000 0.27430000
vn 0.62950000 -0.72540000 0.27840000
vn 0.95050000 -0.29370000 0.10170000
vn 0.95080000 -0.29210000 0.10360000
vn 0.82900000 -0.52200000 0.20040000
vn 0.95130000 -0.28880000 0.10730000
vn 0.95130000 -0.28840000 0.10890000
vn 0.95150000 -0.28690000 0.11100000
vn 0.95190000 -0.28440000 0.11430000
vn 0.95220000 -0.28150000 0.11880000
vn 0.10290000 -0.90760000 0.40700000
vn 0.37520000 -0.86540000 0.33220000
vn 0.10040000 -0.93040000 0.35270000
vn 0.09840000 -0.95060000 0.29450000
vn 0.10300000 -0.90110000 0.42110000
vn 0.37790000 -0.83760000 0.39450000
vn 0.63250000 -0.70070000 0.33010000
vn 0.95270000 -0.27730000 0.12480000
vn 0.83130000 -0.50280000 0.23680000
vn 0.95290000 -0.27450000 0.12930000
vn 0.83150000 -0.49960000 0.24270000
vn 0.95260000 -0.27160000 0.13720000
vn 0.83130000 -0.49760000 0.24760000
vn 0.83060000 -0.49820000 0.24890000
vn 0.63190000 -0.69400000 0.34500000
vn 0.63230000 -0.69280000 0.34670000
vn 0.37820000 -0.82830000 0.41330000
vn 0.37520000 -0.82910000 0.41460000
vn 0.10260000 -0.88820000 0.44780000
vn 0.37790000 -0.82800000 0.41410000
vn 0.37760000 -0.82880000 0.41290000
vn 0.63270000 -0.69390000 0.34390000
vn 0.63190000 -0.69590000 0.34130000
vn 0.83160000 -0.49900000 0.24360000
vn 0.83030000 -0.50300000 0.23990000
vn 0.92130000 -0.26550000 0.28420000
vn 0.59570000 -0.45210000 0.66390000
vn 0.77120000 -0.24960000 0.58560000
vn 0.41260000 -0.27170000 0.86950000
vn 0.27490000 -0.45230000 0.84840000
vn 0.02290000 -0.25230000 0.96740000
vn 0.05160000 -0.50720000 0.86030000
vn 0.22470000 -0.62610000 0.74670000
vn 0.16400000 -0.77440000 0.61110000
vn 0.28270000 -0.78180000 0.55580000
vn 0.10170000 -0.88460000 0.45510000
vn 0.10220000 -0.88690000 0.45050000
vn 0.10370000 -0.89470000 0.43460000
vn 0.37870000 -0.83250000 0.40440000
vn 0.63280000 -0.69650000 0.33830000
vn 0.09770000 -0.88590000 0.45350000
vn 0.07600000 -0.72500000 0.68460000
vn 0.09430000 -0.88670000 0.45270000
vn 0.45100000 -0.63530000 0.62680000
vn -0.99980000 -0.01740000 0.00010000
vn -0.99980000 -0.01730000 -0.00000000
vn -0.99980000 -0.01740000 0.00010000
vn -0.99980000 -0.01730000 -0.00000000
vn -0.99980000 -0.01740000 -0.00000000
vn -0.99980000 -0.01740000 0.00010000
vn -0.99980000 -0.01740000 -0.00000000
vn -0.99980000 -0.01730000 -0.00000000
vn -0.99980000 -0.01740000 -0.00000000
vn -0.99980000 -0.01740000 -0.00000000
vn -0.99980000 -0.01740000 -0.00000000
vn 0.01530000 -0.28990000 0.95690000
vn 0.01580000 -0.29070000 0.95670000
vn 0.01620000 -0.29260000 0.95610000
vn 0.01350000 -0.29090000 0.95660000
vn 0.01520000 -0.28840000 0.95740000
vn 0.01870000 -0.29000000 0.95680000
vn 0.01880000 -0.29000000 0.95680000
vn 0.01870000 -0.29010000 0.95680000
vn 0.01630000 -0.29410000 0.95560000
vn 0.01590000 -0.29200000 0.95630000
vn 0.01910000 -0.29140000 0.95640000
vn 0.01920000 -0.29140000 0.95640000
vn 0.02190000 -0.28970000 0.95690000
vn 0.02180000 -0.28970000 0.95690000
vn 0.02160000 -0.29080000 0.95650000
vn 0.02170000 -0.29080000 0.95650000
vn 0.02460000 -0.29130000 0.95630000
vn 0.02550000 -0.29320000 0.95570000
vn 0.02520000 -0.29060000 0.95650000
vn 0.02510000 -0.28920000 0.95690000
vn 0.02020000 -0.27820000 0.96030000
vn 0.02030000 -0.27830000 0.96030000
vn 0.09250000 -0.27980000 0.95560000
vn 0.02060000 -0.27990000 0.95980000
vn 0.22910000 -0.28120000 0.93190000
vn 0.36380000 -0.27420000 0.89020000
vn 0.50570000 -0.27750000 0.81680000
vn 0.51850000 -0.28180000 0.80730000
vn 0.52640000 -0.27890000 0.80320000
vn 0.68470000 -0.28560000 0.67050000
vn 0.82940000 -0.29210000 0.47630000
vn 0.73370000 -0.29540000 0.61190000
vn 0.90400000 -0.30460000 0.29990000
vn 0.92230000 -0.29200000 0.25320000
vn 0.94080000 -0.31200000 0.13240000
vn 0.93780000 -0.31330000 0.14930000
vn 0.94340000 -0.30880000 0.12110000
vn 0.94750000 -0.30290000 0.10270000
vn 0.94990000 -0.29740000 0.09570000
vn 0.95050000 -0.29720000 0.09080000
vn 0.94390000 -0.30170000 0.13410000
vn 0.94970000 -0.29420000 0.10740000
vn 0.94480000 -0.30060000 0.13020000
vn 0.94990000 -0.29370000 0.10680000
vn 0.94560000 -0.29970000 0.12640000
vn 0.95050000 -0.29570000 0.09530000
vn 0.94560000 -0.29970000 0.12650000
vn 0.94580000 -0.30150000 0.12080000
vn 0.35540000 -0.27840000 0.89230000
vn 0.20490000 -0.34000000 0.91780000
vn 0.17520000 -0.63120000 0.75550000
vn 0.53220000 -0.31050000 0.78760000
vn 0.44150000 -0.54390000 0.71360000
vn 0.56860000 -0.28820000 0.77050000
vn 0.04800000 -0.63010000 0.77500000
vn 0.03190000 -0.26140000 0.96470000
vn 0.01720000 -0.30160000 0.95330000
vn 0.01270000 -0.63810000 0.76980000
vn 0.01690000 -0.33860000 0.94080000
vn 0.03380000 -0.64720000 0.76150000
vn 0.02490000 -0.34870000 0.93690000
vn 0.03430000 -0.64260000 0.76540000
vn 0.02120000 -0.29830000 0.95420000
vn 0.03350000 -0.61440000 0.78830000
vn 0.02010000 -0.30600000 0.95180000
vn 0.01900000 -0.27220000 0.96210000
vn 0.01690000 -0.26400000 0.96440000
vn 0.04300000 -0.94190000 0.33320000
vn 0.03330000 -0.94000000 0.33950000
vn 0.02830000 -0.94240000 0.33340000
vn 0.02110000 -0.94540000 0.32530000
vn 0.00620000 -0.95340000 0.30150000
vn 0.18720000 -0.83800000 0.51260000
vn 0.00600000 -0.94500000 0.32690000
f 1//1 2//2 3//3
f 3//3 2//2 4//4
f 3//3 4//4 5//5
f 5//5 4//4 6//6
f 5//5 6//6 7//7
f 7//7 6//6 8//8
f 7//7 8//8 9//9
f 9//9 8//8 10//10
f 10//10 8//8 11//11
f 11//11 8//8 12//12
f 11//11 12//12 13//13
f 13//13 12//12 14//14
f 14//14 12//12 15//15
f 6//6 4//4 8//8
f 8//8 4//4 12//12
f 7//7 16//16 5//5
f 5//5 16//16 3//3
f 17//17 1//1 16//16
f 16//16 1//1 3//3
f 18//18 19//19 20//20
f 20//20 19//19 21//21
f 20//20 21//21 22//22
f 22//22 21//21 23//23
f 22//22 23//23 24//24
f 24//24 23//23 25//25
f 24//24 25//25 26//26
f 26//26 25//25 27//27
f 26//26 27//27 28//28
f 28//28 27//27 29//29
f 28//28 29//29 30//30
f 30//30 29//29 31//31
f 30//30 31//31 32//32
f 32//32 31//31 33//33
f 32//32 33//33 34//34
f 34//34 33//33 35//35
f 34//34 35//35 36//36
f 21//21 37//37 23//23
f 23//23 37//37 25//25
f 37//37 38//38 25//25
f 25//25 38//38 27//27
f 38//38 39//39 27//27
f 27//27 39//39 29//29
f 39//39 40//40 29//29
f 29//29 40//40 31//31
f 40//40 41//41 31//31
f 31//31 41//41 42//42
f 31//31 42//42 33//33
f 33//33 42//42 41//41
f 33//33 41//41 35//35
f 34//34 36//36 43//43
f 43//43 36//36 44//44
f 43//43 44//44 45//45
f 45//45 44//44 46//46
f 45//45 46//46 47//47
f 48//48 49//49 47//47
f 47//47 49//49 50//50
f 47//47 50//50 45//45
f 45//45 50//50 30//30
f 45//45 30//30 32//32
f 49//49 48//48 51//51
f 51//51 48//48 52//52
f 51//51 52//52 53//53
f 53//53 52//52 54//54
f 53//53 54//54 55//55
f 55//55 54//54 56//56
f 55//55 56//56 18//18
f 52//52 57//57 54//54
f 54//54 57//57 58//58
f 54//54 58//58 56//56
f 55//55 18//18 20//20
f 55//55 20//20 59//59
f 59//59 20//20 22//22
f 59//59 22//22 24//24
f 24//24 51//51 59//59
f 59//59 51//51 53//53
f 59//59 53//53 55//55
f 49//49 51//51 26//26
f 26//26 51//51 24//24
f 49//49 26//26 28//28
f 30//30 50//50 28//28
f 28//28 50//50 49//49
f 43//43 45//45 32//32
f 34//34 43//43 32//32
f 60//60 63//63 64//64
f 64//64 63//63 65//65
f 64//64 66//66 67//67
f 67//67 66//66 68//68
f 67//67 68//68 69//69
f 61//61 71//71 62//62
f 63//63 70//70 72//72
f 72//72 70//70 73//73
f 72//72 73//73 74//74
f 74//74 73//73 75//75
f 76//76 77//77 69//69
f 69//69 77//77 67//67
f 78//78 79//79 81//81
f 81//81 80//80 82//82
f 81//81 82//82 83//83
f 83//83 82//82 84//84
f 83//83 84//84 85//85
f 79//79 78//78 86//86
f 86//86 78//78 87//87
f 86//86 87//87 88//88
f 88//88 87//87 89//89
f 89//89 87//87 90//90
f 85//85 91//91 83//83
f 83//83 91//91 92//92
f 83//83 92//92 93//93
f 94//94 95//95 96//96
f 96//96 95//95 97//97
f 96//96 97//97 98//98
f 94//94 99//99 95//95
f 95//95 99//99 100//100
f 101//101 102//102 95//95
f 95//95 102//102 103//103
f 95//95 103//103 97//97
f 98//98 104//104 96//96
f 96//96 104//104 105//105
f 96//96 105//105 106//106
f 106//106 107//107 96//96
f 108//108 110//110 111//111
f 112//112 110//110 116//116
f 111//111 114//114 118//118
f 119//119 117//117 120//120
f 121//121 113//113 123//123
f 122//122 115//115 124//124
f 108//108 125//125 110//110
f 109//109 125//125 126//126
f 109//109 127//127 128//128
f 129//129 130//130 131//131
f 131//131 130//130 132//132
f 131//131 132//132 133//133
f 133//133 132//132 134//134
f 133//133 134//134 135//135
f 136//136 137//137 138//138
f 138//138 137//137 139//139
f 138//138 139//139 140//140
f 140//140 139//139 141//141
f 140//140 141//141 142//142
f 144//144 145//145 142//142
f 142//142 145//145 146//146
f 142//142 146//146 140//140
f 147//147 148//148 143//143
f 144//144 149//149 145//145
f 149//149 150//150 145//145
f 151//151 152//152 138//138
f 138//138 152//152 153//153
f 138//138 153//153 154//154
f 151//151 155//155 152//152
f 154//154 136//136 138//138
f 156//156 157//157 158//158
f 158//158 157//157 160//160
f 160//160 157//157 161//161
f 159//159 162//162 163//163
f 163//163 162//162 164//164
f 165//165 166//166 167//167
f 167//167 166//166 168//168
f 167//167 168//168 169//169
f 169//169 168//168 170//170
f 169//169 170//170 171//171
f 171//171 170//170 172//172
f 171//171 172//172 173//173
f 173//173 172//172 174//174
f 173//173 174//174 175//175
f 175//175 174//174 176//176
f 175//175 176//176 177//177
f 177//177 176//176 178//178
f 177//177 178//178 179//179
f 179//179 178//178 180//180
f 180//180 178//178 181//181
f 181//181 178//178 182//182
f 182//182 178//178 183//183
f 183//183 178//178 184//184
f 184//184 178//178 185//185
f 185//185 178//178 186//186
f 186//186 178//178 187//187
f 187//187 178//178 176//176
f 170//170 168//168 172//172
f 172//172 168//168 188//188
f 172//172 188//188 189//189
f 189//189 176//176 172//172
f 172//172 176//176 174//174
f 190//190 173//173 179//179
f 179//179 173//173 177//177
f 169//169 171//171 167//167
f 167//167 171//171 165//165
f 173//173 175//175 177//177
f 191//191 193//193 194//194
f 194//194 192//192 195//195
f 196//196 197//197 198//198
f 198//198 197//197 199//199
f 198//198 199//199 200//200
f 200//200 199//199 201//201
f 200//200 201//201 202//202
f 202//202 201//201 203//203
f 202//202 203//203 204//204
f 204//204 203//203 205//205
f 204//204 205//205 202//202
f 197//197 196//196 206//206
f 206//206 196//196 207//207
f 206//206 207//207 208//208
f 206//206 208//208 209//209
f 209//209 208//208 210//210
f 209//209 210//210 211//211
f 211//211 213//213 209//209
f 209//209 212//212 214//214
f 209//209 214//214 215//215
f 215//215 214//214 216//216
f 215//215 216//216 217//217
f 217//217 218//218 215//215
f 215//215 218//218 219//219
f 215//215 219//219 220//220
f 220//220 219//219 221//221
f 220//220 221//221 222//222
f 222//222 223//223 220//220
f 220//220 223//223 209//209
f 220//220 209//209 215//215
f 209//209 223//223 206//206
f 206//206 223//223 224//224
f 206//206 224//224 197//197
f 197//197 224//224 199//199
f 224//224 225//225 199//199
f 199//199 225//225 201//201
f 201//201 225//225 203//203
f 203//203 225//225 226//226
f 203//203 226//226 227//227
f 227//227 226//226 228//228
f 227//227 228//228 229//229
f 229//229 205//205 227//227
f 227//227 205//205 203//203
f 230//230 231//231 232//232
f 232//232 231//231 233//233
f 232//232 233//233 234//234
f 232//232 234//234 237//237
f 235//235 234//234 238//238
f 236//236 239//239 240//240
f 241//241 242//242 237//237
f 237//237 242//242 244//244
f 245//245 243//243 246//246
f 247//247 248//248 250//250
f 250//250 248//248 251//251
f 251//251 249//249 253//253
f 252//252 249//249 257//257
f 253//253 256//256 258//258
f 259//259 254//254 260//260
f 261//261 255//255 262//262
f 263//263 257//257 265//265
f 264//264 265//265 266//266
f 267//267 268//268 269//269
f 269//269 268//268 270//270
f 270//270 268//268 271//271
f 270//270 271//271 272//272
f 272//272 271//271 273//273
f 272//272 273//273 274//274
f 274//274 275//275 272//272
f 272//272 275//275 276//276
f 277//277 278//278 279//279
f 279//279 278//278 280//280
f 279//279 280//280 281//281
f 281//281 280//280 282//282
f 281//281 282//282 283//283
f 283//283 282//282 284//284
f 283//283 284//284 285//285
f 285//285 284//284 286//286
f 285//285 286//286 287//287
f 287//287 286//286 288//288
f 287//287 288//288 289//289
f 289//289 288//288 290//290
f 290//290 288//288 291//291
f 290//290 291//291 292//292
f 292//292 291//291 293//293
f 293//293 291//291 294//294
f 293//293 294//294 295//295
f 295//295 294//294 296//296
f 295//295 296//296 297//297
f 297//297 296//296 298//298
f 297//297 298//298 299//299
f 299//299 298//298 300//300
f 299//299 300//300 301//301
f 301//301 300//300 302//302
f 301//301 302//302 303//303
f 303//303 302//302 304//304
f 303//303 304//304 305//305
f 305//305 304//304 306//306
f 305//305 306//306 307//307
f 307//307 306//306 308//308
f 307//307 308//308 309//309
f 309//309 308//308 310//310
f 309//309 310//310 311//311
f 311//311 310//310 312//312
f 311//311 312//312 313//313
f 313//313 312//312 314//314
f 313//313 314//314 315//315
f 316//316 317//317 277//277
f 277//277 317//317 318//318
f 277//277 318//318 278//278
f 278//278 318//318 302//302
f 278//278 302//302 300//300
f 316//316 319//319 317//317
f 317//317 319//319 320//320
f 317//317 320//320 318//318
f 318//318 320//320 321//321
f 318//318 321//321 304//304
f 304//304 321//321 306//306
f 319//319 322//322 320//320
f 320//320 322//322 323//323
f 320//320 323//323 324//324
f 324//324 323//323 325//325
f 324//324 325//325 326//326
f 326//326 325//325 327//327
f 326//326 327//327 328//328
f 326//326 328//328 312//312
f 312//312 328//328 329//329
f 312//312 329//329 314//314
f 315//315 330//330 313//313
f 313//313 330//330 331//331
f 313//313 331//331 332//332
f 332//332 331//331 333//333
f 332//332 333//333 334//334
f 334//334 333//333 335//335
f 334//334 335//335 336//336
f 336//336 335//335 337//337
f 337//337 335//335 338//338
f 338//338 335//335 339//339
f 338//338 339//339 340//340
f 340//340 339//339 341//341
f 340//340 341//341 342//342
f 342//342 341//341 343//343
f 342//342 343//343 344//344
f 344//344 343//343 345//345
f 344//344 345//345 346//346
f 330//330 347//347 331//331
f 331//331 347//347 348//348
f 331//331 348//348 333//333
f 333//333 348//348 349//349
f 333//333 349//349 335//335
f 335//335 349//349 339//339
f 347//347 350//350 348//348
f 348//348 350//350 351//351
f 348//348 351//351 349//349
f 349//349 351//351 341//341
f 349//349 341//341 339//339
f 350//350 352//352 351//351
f 351//351 352//352 343//343
f 351//351 343//343 341//341
f 352//352 345//345 343//343
f 353//353 354//354 346//346
f 346//346 354//354 355//355
f 346//346 355//355 344//344
f 344//344 355//355 356//356
f 344//344 356//356 342//342
f 342//342 356//356 357//357
f 342//342 357//357 340//340
f 340//340 357//357 358//358
f 340//340 358//358 338//338
f 353//353 359//359 354//354
f 354//354 359//359 360//360
f 354//354 360//360 361//361
f 361//361 360//360 362//362
f 361//361 362//362 363//363
f 361//361 363//363 364//364
f 364//364 363//363 365//365
f 364//364 365//365 366//366
f 364//364 366//366 367//367
f 367//367 366//366 368//368
f 367//367 368//368 369//369
f 367//367 369//369 370//370
f 370//370 369//369 371//371
f 370//370 371//371 372//372
f 372//372 373//373 370//370
f 367//367 370//370 374//374
f 374//374 370//370 375//375
f 374//374 375//375 376//376
f 376//376 375//375 377//377
f 376//376 377//377 378//378
f 378//378 377//377 379//379
f 378//378 379//379 380//380
f 381//381 382//382 380//380
f 380//380 382//382 376//376
f 380//380 376//376 378//378
f 383//383 384//384 381//381
f 381//381 384//384 385//385
f 381//381 385//385 382//382
f 382//382 385//385 386//386
f 382//382 386//386 387//387
f 383//383 388//388 384//384
f 384//384 386//386 385//385
f 387//387 389//389 382//382
f 382//382 389//389 390//390
f 382//382 390//390 391//391
f 391//391 390//390 392//392
f 391//391 392//392 364//364
f 364//364 392//392 361//361
f 389//389 393//393 390//390
f 390//390 393//393 394//394
f 390//390 394//394 395//395
f 395//395 394//394 396//396
f 396//396 394//394 393//393
f 395//395 397//397 390//390
f 390//390 397//397 398//398
f 390//390 398//398 399//399
f 390//390 399//399 400//400
f 400//400 399//399 401//401
f 400//400 401//401 402//402
f 402//402 401//401 403//403
f 402//402 403//403 404//404
f 404//404 403//403 405//405
f 404//404 405//405 357//357
f 357//357 405//405 358//358
f 336//336 406//406 334//334
f 334//334 406//406 407//407
f 334//334 407//407 332//332
f 332//332 407//407 311//311
f 332//332 311//311 313//313
f 406//406 408//408 407//407
f 407//407 408//408 309//309
f 407//407 309//309 311//311
f 408//408 307//307 309//309
f 409//409 410//410 289//289
f 289//289 410//410 287//287
f 391//391 364//364 367//367
f 354//354 361//361 411//411
f 411//411 361//361 392//392
f 411//411 392//392 400//400
f 400//400 392//392 390//390
f 355//355 354//354 412//412
f 412//412 354//354 411//411
f 412//412 411//411 402//402
f 402//402 411//411 400//400
f 312//312 310//310 326//326
f 326//326 310//310 413//413
f 326//326 413//413 324//324
f 324//324 413//413 321//321
f 324//324 321//321 320//320
f 382//382 391//391 374//374
f 374//374 391//391 367//367
f 376//376 382//382 374//374
f 355//355 412//412 356//356
f 356//356 412//412 404//404
f 356//356 404//404 357//357
f 404//404 412//412 402//402
f 306//306 321//321 413//413
f 306//306 413//413 308//308
f 308//308 413//413 310//310
f 302//302 318//318 304//304
f 278//278 300//300 280//280
f 280//280 300//300 298//298
f 280//280 298//298 282//282
f 282//282 298//298 296//296
f 282//282 296//296 284//284
f 284//284 296//296 294//294
f 284//284 294//294 286//286
f 286//286 294//294 291//291
f 286//286 291//291 288//288
f 414//414 415//415 416//416
f 416//416 415//415 417//417
f 416//416 417//417 418//418
f 415//415 419//419 417//417
f 417//417 419//419 420//420
f 417//417 420//420 421//421
f 421//421 420//420 422//422
f 421//421 422//422 423//423
f 423//423 422//422 424//424
f 423//423 424//424 425//425
f 422//422 426//426 424//424
f 425//425 427//427 423//423
f 429//429 430//430 432//432
f 433//433 431//431 435//435
f 434//434 435//435 436//436
f 428//428 437//437 430//430
f 431//431 437//437 439//439
f 440//440 438//438 441//441
f 441//441 437//437 442//442
f 441//441 442//442 443//443
f 444//444 445//445 446//446
f 446//446 445//445 447//447
f 446//446 447//447 448//448
f 448//448 447//447 449//449
f 448//448 449//449 450//450
f 450//450 449//449 451//451
f 450//450 451//451 452//452
f 452//452 451//451 453//453
f 452//452 453//453 454//454
f 454//454 453//453 455//455
f 455//455 453//453 456//456
f 456//456 453//453 451//451
f 456//456 451//451 457//457
f 457//457 451//451 449//449
f 457//457 449//449 447//447
f 445//445 444//444 458//458
f 458//458 444//444 459//459
f 458//458 459//459 460//460
f 460//460 459//459 461//461
f 460//460 461//461 462//462
f 462//462 461//461 463//463
f 462//462 463//463 464//464
f 464//464 463//463 465//465
f 464//464 465//465 466//466
f 466//466 465//465 467//467
f 466//466 467//467 468//468
f 468//468 467//467 469//469
f 468//468 469//469 470//470
f 470//470 469//469 471//471
f 471//471 469//469 472//472
f 471//471 472//472 473//473
f 473//473 472//472 474//474
f 473//473 474//474 475//475
f 475//475 474//474 476//476
f 475//475 476//476 477//477
f 477//477 476//476 478//478
f 477//477 478//478 479//479
f 479//479 478//478 480//480
f 479//479 480//480 481//481
f 481//481 480//480 482//482
f 481//481 482//482 483//483
f 483//483 482//482 484//484
f 483//483 484//484 485//485
f 485//485 484//484 486//486
f 485//485 486//486 487//487
f 487//487 486//486 488//488
f 487//487 488//488 489//489
f 489//489 488//488 490//490
f 489//489 490//490 491//491
f 491//491 490//490 492//492
f 491//491 492//492 493//493
f 493//493 492//492 494//494
f 493//493 494//494 495//495
f 495//495 494//494 496//496
f 495//495 496//496 497//497
f 497//497 496//496 498//498
f 498//498 496//496 499//499
f 467//467 500//500 469//469
f 469//469 500//500 472//472
f 500//500 501//501 472//472
f 472//472 501//501 474//474
f 501//501 502//502 474//474
f 474//474 502//502 476//476
f 502//502 503//503 476//476
f 476//476 503//503 478//478
f 478//478 503//503 480//480
f 480//480 503//503 504//504
f 480//480 504//504 482//482
f 482//482 504//504 505//505
f 482//482 505//505 484//484
f 484//484 505//505 506//506
f 484//484 506//506 486//486
f 486//486 506//506 507//507
f 486//486 507//507 508//508
f 486//486 508//508 488//488
f 488//488 508//508 509//509
f 488//488 509//509 510//510
f 510//510 511//511 488//488
f 488//488 511//511 512//512
f 488//488 512//512 513//513
f 488//488 513//513 490//490
f 490//490 513//513 514//514
f 490//490 514//514 515//515
f 515//515 516//516 490//490
f 490//490 516//516 517//517
f 490//490 517//517 518//518
f 518//518 519//519 490//490
f 490//490 519//519 520//520
f 490//490 520//520 492//492
f 492//492 520//520 521//521
f 492//492 521//521 494//494
f 494//494 521//521 522//522
f 494//494 522//522 523//523
f 521//521 524//524 522//522
f 523//523 496//496 494//494
f 470//470 525//525 468//468
f 468//468 525//525 466//466
f 525//525 526//526 466//466
f 466//466 526//526 464//464
f 526//526 527//527 464//464
f 464//464 527//527 528//528
f 464//464 528//528 462//462
f 462//462 528//528 460//460
f 528//528 529//529 460//460
f 460//460 529//529 458//458
f 529//529 530//530 458//458
f 458//458 530//530 445//445
f 530//530 531//531 445//445
f 445//445 531//531 447//447
f 531//531 457//457 447//447
f 532//532 533//533 535//535
f 536//536 533//533 537//537
f 535//535 538//538 540//540
f 539//539 541//541 534//534
f 536//536 542//542 545//545
f 544//544 543//543 546//546
f 547//547 548//548 549//549
f 549//549 548//548 550//550
f 549//549 550//550 551//551
f 551//551 550//550 552//552
f 552//552 550//550 553//553
f 554//554 555//555 556//556
f 556//556 555//555 557//557
f 558//558 559//559 560//560
f 560//560 559//559 561//561
f 560//560 561//561 562//562
f 562//562 561//561 563//563
f 562//562 563//563 564//564
f 564//564 563//563 565//565
f 564//564 565//565 566//566
f 566//566 565//565 567//567
f 566//566 567//567 568//568
f 568//568 567//567 569//569
f 568//568 569//569 570//570
f 555//555 554//554 571//571
f 571//571 554//554 572//572
f 571//571 572//572 573//573
f 573//573 572//572 574//574
f 573//573 574//574 575//575
f 573//573 575//575 576//576
f 576//576 575//575 577//577
f 576//576 577//577 578//578
f 578//578 577//577 579//579
f 578//578 579//579 580//580
f 580//580 579//579 581//581
f 580//580 581//581 582//582
f 582//582 581//581 583//583
f 582//582 583//583 584//584
f 584//584 583//583 585//585
f 584//584 585//585 586//586
f 586//586 585//585 587//587
f 586//586 587//587 570//570
f 570//570 587//587 568//568
f 588//588 589//589 590//590
f 590//590 589//589 591//591
f 592//592 593//593 594//594
f 594//594 593//593 595//595
f 594//594 595//595 596//596
f 596//596 595//595 597//597
f 596//596 597//597 598//598
f 598//598 597//597 599//599
f 598//598 599//599 600//600
f 600//600 599//599 601//601
f 600//600 601//601 602//602
f 602//602 601//601 603//603
f 602//602 603//603 604//604
f 589//589 588//588 605//605
f 605//605 588//588 606//606
f 605//605 606//606 607//607
f 607//607 606//606 608//608
f 607//607 608//608 609//609
f 607//607 609//609 610//610
f 610//610 609//609 611//611
f 610//610 611//611 612//612
f 612//612 611//611 613//613
f 612//612 613//613 614//614
f 614//614 613//613 615//615
f 614//614 615//615 616//616
f 616//616 615//615 617//617
f 616//616 617//617 618//618
f 618//618 617//617 619//619
f 618//618 619//619 620//620
f 620//620 619//619 621//621
f 620//620 621//621 604//604
f 604//604 621//621 602//602
f 622//622 623//623 624//624
f 624//624 623//623 625//625
f 625//625 623//623 626//626
f 625//625 626//626 627//627
f 627//627 626//626 628//628
f 627//627 628//628 629//629
f 629//629 628//628 630//630
f 629//629 630//630 631//631
f 631//631 630//630 632//632
f 631//631 632//632 633//633
f 623//623 634//634 626//626
f 626//626 634//634 635//635
f 626//626 635//635 636//636
f 636//636 635//635 637//637
f 637//637 635//635 638//638
f 638//638 635//635 639//639
f 639//639 635//635 640//640
f 640//640 635//635 641//641
f 640//640 641//641 642//642
f 642//642 641//641 643//643
f 643//643 641//641 644//644
f 643//643 644//644 645//645
f 643//643 645//645 646//646
f 646//646 645//645 647//647
f 646//646 647//647 648//648
f 649//649 650//650 648//648
f 648//648 650//650 651//651
f 648//648 651//651 646//646
f 646//646 651//651 652//652
f 646//646 652//652 653//653
f 653//653 652//652 654//654
f 654//654 652//652 655//655
f 655//655 652//652 656//656
f 655//655 656//656 657//657
f 650//650 649//649 651//651
f 651//651 649//649 656//656
f 651//651 656//656 652//652
f 657//657 658//658 655//655
f 636//636 659//659 626//626
f 626//626 659//659 660//660
f 626//626 660//660 661//661
f 626//626 661//661 628//628
f 628//628 661//661 662//662
f 628//628 662//662 630//630
f 630//630 662//662 663//663
f 630//630 663//663 632//632
f 632//632 663//663 664//664
f 665//665 666//666 667//667
f 667//667 666//666 668//668
f 668//668 666//666 669//669
f 668//668 669//669 670//670
f 670//670 669//669 671//671
f 670//670 671//671 672//672
f 672//672 671//671 673//673
f 672//672 673//673 674//674
f 674//674 673//673 675//675
f 674//674 675//675 676//676
f 676//676 675//675 677//677
f 676//676 677//677 678//678
f 678//678 677//677 679//679
f 678//678 679//679 680//680
f 681//681 682//682 683//683
f 683//683 682//682 684//684
f 683//683 684//684 685//685
f 685//685 684//684 686//686
f 687//687 688//688 681//681
f 681//681 688//688 689//689
f 681//681 689//689 690//690
f 687//687 691//691 688//688
f 690//690 682//682 681//681
f 692//692 693//693 694//694
f 694//694 693//693 695//695
f 694//694 695//695 696//696
f 697//697 698//698 696//696
f 696//696 698//698 699//699
f 696//696 699//699 700//700
f 700//700 701//701 696//696
f 696//696 701//701 694//694
f 701//701 702//702 694//694
f 694//694 702//702 703//703
f 694//694 703//703 692//692
f 692//692 703//703 704//704
f 702//702 705//705 703//703
f 706//706 707//707 708//708
f 708//708 707//707 709//709
f 708//708 709//709 710//710
f 710//710 709//709 711//711
f 710//710 711//711 712//712
f 712//712 711//711 713//713
f 712//712 713//713 714//714
f 714//714 713//713 715//715
f 714//714 715//715 716//716
f 716//716 715//715 717//717
f 716//716 717//717 718//718
f 719//719 720//720 706//706
f 706//706 720//720 721//721
f 706//706 721//721 707//707
f 707//707 721//721 722//722
f 707//707 722//722 723//723
f 723//723 722//722 724//724
f 723//723 724//724 725//725
f 720//720 719//719 726//726
f 726//726 719//719 727//727
f 726//726 727//727 728//728
f 728//728 727//727 729//729
f 728//728 729//729 730//730
f 731//731 732//732 730//730
f 730//730 732//732 733//733
f 730//730 733//733 728//728
f 728//728 733//733 734//734
f 728//728 734//734 735//735
f 735//735 734//734 736//736
f 735//735 736//736 737//737
f 737//737 736//736 738//738
f 737//737 738//738 720//720
f 720//720 738//738 721//721
f 732//732 731//731 739//739
f 739//739 731//731 740//740
f 739//739 740//740 741//741
f 741//741 740//740 742//742
f 742//742 740//740 743//743
f 743//743 740//740 744//744
f 741//741 745//745 739//739
f 739//739 745//745 746//746
f 739//739 746//746 747//747
f 747//747 746//746 748//748
f 747//747 748//748 749//749
f 747//747 749//749 750//750
f 750//750 749//749 751//751
f 750//750 751//751 752//752
f 752//752 751//751 753//753
f 752//752 753//753 734//734
f 734//734 753//753 754//754
f 734//734 754//754 736//736
f 736//736 724//724 738//738
f 738//738 724//724 722//722
f 738//738 722//722 721//721
f 717//717 755//755 725//725
f 725//725 755//755 756//756
f 725//725 756//756 723//723
f 723//723 756//756 709//709
f 723//723 709//709 707//707
f 757//757 758//758 718//718
f 718//718 758//758 716//716
f 716//716 758//758 759//759
f 759//759 758//758 760//760
f 759//759 760//760 714//714
f 714//714 760//760 712//712
f 747//747 750//750 739//739
f 739//739 750//750 732//732
f 750//750 752//752 732//732
f 732//732 752//752 733//733
f 752//752 734//734 733//733
f 737//737 720//720 726//726
f 737//737 726//726 735//735
f 735//735 726//726 728//728
f 709//709 756//756 711//711
f 711//711 756//756 755//755
f 711//711 755//755 713//713
f 713//713 755//755 715//715
f 716//716 759//759 714//714
f 717//717 715//715 755//755
f 761//761 762//762 763//763
f 763//763 762//762 764//764
f 763//763 764//764 765//765
f 765//765 766//766 763//763
f 761//761 763//763 767//767
f 767//767 763//763 768//768
f 767//767 768//768 769//769
f 769//769 768//768 770//770
f 769//769 770//770 771//771
f 772//772 773//773 768//768
f 768//768 773//773 774//774
f 768//768 774//774 770//770
f 775//775 776//776 767//767
f 767//767 776//776 761//761
f 777//777 778//778 779//779
f 779//779 778//778 780//780
f 779//779 780//780 781//781
f 779//779 781//781 782//782
f 782//782 781//781 783//783
f 782//782 783//783 784//784
f 784//784 783//783 785//785
f 784//784 785//785 786//786
f 786//786 787//787 784//784
f 784//784 787//787 788//788
f 784//784 788//788 782//782
f 782//782 788//788 789//789
f 782//782 789//789 779//779
f 779//779 789//789 790//790
f 779//779 790//790 791//791
f 792//792 793//793 787//787
f 787//787 793//793 788//788
f 791//791 777//777 779//779
f 794//794 795//795 796//796
f 796//796 795//795 797//797
f 796//796 797//797 798//798
f 799//799 800//800 798//798
f 798//798 800//800 801//801
f 798//798 801//801 796//796
f 796//796 801//801 802//802
f 796//796 802//802 794//794
f 794//794 802//802 803//803
f 803//803 802//802 804//804
f 804//804 802//802 805//805
f 804//804 805//805 806//806
f 806//806 805//805 807//807
f 806//806 807//807 808//808
f 808//808 807//807 809//809
f 808//808 809//809 810//810
f 810//810 809//809 811//811
f 810//810 811//811 812//812
f 812//812 811//811 813//813
f 812//812 813//813 814//814
f 814//814 813//813 815//815
f 814//814 815//815 816//816
f 816//816 815//815 817//817
f 816//816 817//817 818//818
f 799//799 819//819 800//800
f 800//800 819//819 820//820
f 800//800 820//820 821//821
f 821//821 822//822 800//800
f 800//800 822//822 823//823
f 800//800 823//823 824//824
f 824//824 823//823 825//825
f 824//824 825//825 805//805
f 805//805 825//825 807//807
f 822//822 826//826 823//823
f 823//823 826//826 827//827
f 823//823 827//827 825//825
f 825//825 827//827 828//828
f 825//825 828//828 807//807
f 807//807 828//828 809//809
f 826//826 829//829 827//827
f 827//827 829//829 830//830
f 827//827 830//830 831//831
f 827//827 831//831 832//832
f 832//832 831//831 833//833
f 832//832 833//833 834//834
f 834//834 833//833 835//835
f 834//834 835//835 815//815
f 815//815 835//835 817//817
f 816//816 818//818 836//836
f 836//836 818//818 837//837
f 836//836 837//837 838//838
f 816//816 836//836 814//814
f 814//814 836//836 839//839
f 814//814 839//839 840//840
f 841//841 842//842 840//840
f 840//840 842//842 812//812
f 840//840 812//812 814//814
f 842//842 810//810 812//812
f 802//802 801//801 824//824
f 824//824 801//801 800//800
f 805//805 802//802 824//824
f 827//827 832//832 828//828
f 828//828 832//832 843//843
f 828//828 843//843 809//809
f 809//809 843//843 811//811
f 843//843 832//832 834//834
f 815//815 813//813 834//834
f 834//834 813//813 843//843
f 813//813 811//811 843//843
f 844//844 845//845 846//846
f 846//846 845//845 847//847
f 846//846 847//847 848//848
f 848//848 847//847 849//849
f 848//848 849//849 850//850
f 851//851 852//852 844//844
f 844//844 853//853 854//854
f 844//844 854//854 855//855
f 855//855 854//854 856//856
f 855//855 856//856 857//857
f 857//857 856//856 858//858
f 857//857 858//858 859//859
f 859//859 858//858 860//860
f 860//860 858//858 861//861
f 861//861 858//858 862//862
f 862//862 858//858 863//863
f 862//862 863//863 864//864
f 864//864 863//863 865//865
f 864//864 865//865 866//866
f 866//866 865//865 867//867
f 866//866 867//867 868//868
f 856//856 863//863 858//858
f 863//863 867//867 865//865
f 868//868 869//869 866//866
f 866//866 869//869 870//870
f 866//866 870//870 871//871
f 872//872 873//873 869//869
f 869//869 874//874 875//875
f 869//869 875//875 870//870
f 876//876 877//877 871//871
f 871//871 877//877 878//878
f 871//871 878//878 866//866
f 866//866 878//878 864//864
f 879//879 880//880 876//876
f 876//876 880//880 881//881
f 876//876 881//881 882//882
f 882//882 881//881 883//883
f 882//882 883//883 884//884
f 885//885 886//886 879//879
f 879//879 886//886 887//887
f 879//879 887//887 880//880
f 880//880 887//887 888//888
f 880//880 888//888 889//889
f 889//889 888//888 890//890
f 890//890 888//888 891//891
f 891//891 888//888 892//892
f 892//892 888//888 893//893
f 892//892 893//893 894//894
f 894//894 893//893 895//895
f 894//894 895//895 896//896
f 896//896 895//895 897//897
f 896//896 897//897 898//898
f 898//898 897//897 899//899
f 898//898 899//899 900//900
f 900//900 899//899 901//901
f 900//900 901//901 902//902
f 886//886 885//885 903//903
f 903//903 885//885 904//904
f 903//903 904//904 905//905
f 905//905 904//904 906//906
f 905//905 906//906 907//907
f 908//908 909//909 905//905
f 905//905 910//910 911//911
f 905//905 912//912 903//903
f 903//903 912//912 913//913
f 903//903 913//913 914//914
f 914//914 913//913 915//915
f 914//914 915//915 895//895
f 895//895 899//899 897//897
f 916//916 917//917 902//902
f 902//902 917//917 918//918
f 902//902 918//918 919//919
f 919//919 918//918 920//920
f 919//919 920//920 921//921
f 921//921 920//920 922//922
f 922//922 920//920 923//923
f 923//923 920//920 924//924
f 924//924 920//920 848//848
f 924//924 848//848 925//925
f 925//925 848//848 850//850
f 925//925 850//850 926//926
f 916//916 927//927 917//917
f 920//920 918//918 848//848
f 848//848 918//918 846//846
f 921//921 928//928 919//919
f 919//919 928//928 929//929
f 919//919 929//929 898//898
f 898//898 929//929 896//896
f 928//928 930//930 929//929
f 929//929 930//930 931//931
f 929//929 931//931 896//896
f 896//896 931//931 932//932
f 896//896 932//932 894//894
f 930//930 933//933 931//931
f 931//931 933//933 932//932
f 934//934 883//883 889//889
f 889//889 883//883 881//881
f 889//889 881//881 880//880
f 884//884 935//935 882//882
f 882//882 935//935 936//936
f 882//882 936//936 877//877
f 877//877 936//936 937//937
f 877//877 937//937 878//878
f 878//878 937//937 864//864
f 936//936 938//938 937//937
f 937//937 939//939 864//864
f 864//864 939//939 940//940
f 864//864 940//940 941//941
f 941//941 862//862 864//864
f 859//859 942//942 857//857
f 857//857 942//942 943//943
f 857//857 943//943 855//855
f 855//855 943//943 944//944
f 855//855 944//944 845//845
f 845//845 944//944 945//945
f 845//845 945//945 946//946
f 946//946 947//947 845//845
f 845//845 947//947 847//847
f 947//947 948//948 847//847
f 847//847 948//948 949//949
f 847//847 949//949 849//849
f 926//926 950//950 925//925
f 925//925 950//950 951//951
f 925//925 951//951 952//952
f 952//952 951//951 953//953
f 953//953 951//951 954//954
f 953//953 954//954 955//955
f 950//950 956//956 951//951
f 951//951 956//956 957//957
f 951//951 957//957 958//958
f 959//959 954//954 958//958
f 958//958 954//954 951//951
f 955//955 960//960 953//953
f 953//953 960//960 961//961
f 961//961 960//960 962//962
f 961//961 962//962 963//963
f 960//960 964//964 962//962
f 952//952 924//924 925//925
f 900//900 902//902 919//919
f 877//877 876//876 882//882
f 845//845 844//844 855//855
f 919//919 898//898 900//900
f 888//888 887//887 893//893
f 893//893 887//887 886//886
f 893//893 886//886 914//914
f 914//914 886//886 903//903
f 895//895 893//893 914//914
f 965//965 966//966 967//967
f 967//967 966//966 968//968
f 967//967 968//968 969//969
f 969//969 968//968 970//970
f 969//969 970//970 971//971
f 966//966 972//972 968//968
f 973//973 974//974 971//971
f 971//971 974//974 975//975
f 971//971 975//975 969//969
f 969//969 975//975 976//976
f 969//969 976//976 967//967
f 973//973 977//977 974//974
f 974//974 977//977 978//978
f 974//974 978//978 979//979
f 979//979 978//978 980//980
f 979//979 980//980 981//981
f 981//981 980//980 982//982
f 981//981 982//982 983//983
f 983//983 982//982 984//984
f 984//984 982//982 985//985
f 984//984 985//985 986//986
f 986//986 985//985 987//987
f 987//987 985//985 988//988
f 987//987 988//988 989//989
f 977//977 990//990 978//978
f 978//978 990//990 991//991
f 978//978 991//991 980//980
f 982//982 992//992 985//985
f 985//985 992//992 993//993
f 985//985 993//993 988//988
f 986//986 994//994 984//984
f 983//983 979//979 981//981
f 979//979 975//975 974//974
f 995//995 996//996 997//997
f 997//997 996//996 998//998
f 997//997 998//998 999//999
f 999//999 998//998 1000//1000
f 1000//1000 998//998 1001//1001
f 1000//1000 1001//1001 1002//1002
f 1002//1002 1001//1001 1003//1003
f 1002//1002 1003//1003 1004//1004
f 1004//1004 1003//1003 1005//1005
f 1004//1004 1005//1005 1006//1006
f 1007//1007 1008//1008 995//995
f 995//995 1008//1008 996//996
f 1008//1008 1009//1009 996//996
f 996//996 1009//1009 998//998
f 1009//1009 1010//1010 998//998
f 998//998 1010//1010 1001//1001
f 1011//1011 1012//1012 1003//1003
f 1003//1003 1012//1012 1013//1013
f 1003//1003 1013//1013 1005//1005
f 1011//1011 1014//1014 1012//1012
f 1012//1012 1014//1014 1015//1015
f 1012//1012 1015//1015 1016//1016
f 1016//1016 1013//1013 1012//1012
f 1004//1004 1006//1006 1002//1002
f 1002//1002 1006//1006 1017//1017
f 1002//1002 1017//1017 1000//1000
f 1018//1018 1019//1019 1020//1020
f 1020//1020 1019//1019 1021//1021
f 1020//1020 1021//1021 1022//1022
f 1022//1022 1021//1021 1023//1023
f 1022//1022 1023//1023 1024//1024
f 1024//1024 1025//1025 1022//1022
f 1020//1020 1022//1022 1026//1026
f 1026//1026 1022//1022 1027//1027
f 1026//1026 1027//1027 1028//1028
f 1028//1028 1027//1027 1029//1029
f 1028//1028 1029//1029 1030//1030
f 1030//1030 1029//1029 1031//1031
f 1030//1030 1032//1032 1028//1028
f 1028//1028 1032//1032 1033//1033
f 1028//1028 1033//1033 1034//1034
f 1034//1034 1033//1033 1035//1035
f 1034//1034 1035//1035 1036//1036
f 1036//1036 1035//1035 1037//1037
f 1036//1036 1037//1037 1038//1038
f 1038//1038 1037//1037 1039//1039
f 1038//1038 1039//1039 1040//1040
f 1040//1040 1039//1039 1041//1041
f 1041//1041 1039//1039 1042//1042
f 1041//1041 1042//1042 1043//1043
f 1035//1035 1044//1044 1037//1037
f 1037//1037 1044//1044 1045//1045
f 1037//1037 1045//1045 1039//1039
f 1039//1039 1045//1045 1046//1046
f 1044//1044 1047//1047 1045//1045
f 1038//1038 1040//1040 1048//1048
f 1048//1048 1040//1040 1049//1049
f 1048//1048 1049//1049 1050//1050
f 1050//1050 1051//1051 1048//1048
f 1048//1048 1051//1051 1052//1052
f 1048//1048 1052//1052 1053//1053
f 1053//1053 1052//1052 1054//1054
f 1053//1053 1054//1054 1034//1034
f 1034//1034 1054//1054 1028//1028
f 1018//1018 1020//1020 1051//1051
f 1051//1051 1020//1020 1055//1055
f 1051//1051 1055//1055 1052//1052
f 1052//1052 1055//1055 1054//1054
f 1055//1055 1020//1020 1026//1026
f 1055//1055 1026//1026 1054//1054
f 1054//1054 1026//1026 1028//1028
f 1034//1034 1036//1036 1053//1053
f 1053//1053 1036//1036 1038//1038
f 1053//1053 1038//1038 1048//1048
f 1056//1056 1058//1058 1062//1062
f 1062//1062 1059//1059 1064//1064
f 1061//1061 1063//1063 1065//1065
f 1060//1060 1066//1066 1057//1057
f 1056//1056 1067//1067 1071//1071
f 1071//1071 1068//1068 1072//1072
f 1071//1071 1072//1072 1074//1074
f 1069//1069 1076//1076 1073//1073
f 1075//1075 1077//1077 1070//1070
f 1071//1071 1078//1078 1079//1079
f 1080//1080 1081//1081 1082//1082
f 1082//1082 1081//1081 1084//1084
f 1082//1082 1083//1083 1085//1085
f 1085//1085 1086//1086 1082//1082
f 1082//1082 1087//1087 1080//1080
f 1080//1080 1087//1087 1088//1088
f 1080//1080 1088//1088 1089//1089
f 1089//1089 1090//1090 1080//1080
f 1091//1091 1092//1092 1094//1094
f 1094//1094 1092//1092 1096//1096
f 1097//1097 1093//1093 1098//1098
f 1095//1095 1098//1098 1100//1100
f 1092//1092 1101//1101 1098//1098
f 1098//1098 1101//1101 1102//1102
f 1098//1098 1102//1102 1103//1103
f 1101//1101 1105//1105 1102//1102
f 1104//1104 1106//1106 1099//1099
f 1107//1107 1108//1108 1109//1109
f 1109//1109 1108//1108 1110//1110
f 1109//1109 1110//1110 1111//1111
f 1111//1111 1110//1110 1112//1112
f 1111//1111 1112//1112 1113//1113
f 1113//1113 1112//1112 1114//1114
f 1113//1113 1114//1114 1115//1115
f 1115//1115 1114//1114 1116//1116
f 1115//1115 1116//1116 1117//1117
f 1117//1117 1116//1116 1118//1118
f 1117//1117 1118//1118 1119//1119
f 1119//1119 1118//1118 1120//1120
f 1119//1119 1120//1120 1121//1121
f 1121//1121 1120//1120 1122//1122
f 1121//1121 1122//1122 1123//1123
f 1123//1123 1122//1122 1124//1124
f 1123//1123 1124//1124 1125//1125
f 1125//1125 1124//1124 1126//1126
f 1125//1125 1126//1126 1127//1127
f 1127//1127 1126//1126 1128//1128
f 1127//1127 1128//1128 1129//1129
f 1108//1108 1130//1130 1110//1110
f 1110//1110 1130//1130 1131//1131
f 1110//1110 1131//1131 1132//1132
f 1132//1132 1131//1131 1133//1133
f 1132//1132 1133//1133 1134//1134
f 1134//1134 1133//1133 1135//1135
f 1134//1134 1135//1135 1136//1136
f 1136//1136 1135//1135 1137//1137
f 1136//1136 1137//1137 1138//1138
f 1138//1138 1137//1137 1139//1139
f 1138//1138 1139//1139 1140//1140
f 1140//1140 1139//1139 1141//1141
f 1140//1140 1141//1141 1142//1142
f 1142//1142 1141//1141 1143//1143
f 1142//1142 1143//1143 1144//1144
f 1144//1144 1143//1143 1124//1124
f 1144//1144 1124//1124 1122//1122
f 1145//1145 1146//1146 1130//1130
f 1130//1130 1146//1146 1147//1147
f 1130//1130 1147//1147 1131//1131
f 1131//1131 1147//1147 1148//1148
f 1131//1131 1148//1148 1149//1149
f 1146//1146 1145//1145 1150//1150
f 1150//1150 1145//1145 1151//1151
f 1150//1150 1151//1151 1152//1152
f 1131//1131 1149//1149 1153//1153
f 1153//1153 1149//1149 1154//1154
f 1153//1153 1154//1154 1133//1133
f 1133//1133 1154//1154 1135//1135
f 1135//1135 1139//1139 1137//1137
f 1141//1141 1155//1155 1143//1143
f 1143//1143 1155//1155 1156//1156
f 1143//1143 1156//1156 1126//1126
f 1126//1126 1156//1156 1157//1157
f 1126//1126 1157//1157 1128//1128
f 1155//1155 1158//1158 1156//1156
f 1129//1129 1159//1159 1127//1127
f 1127//1127 1159//1159 1160//1160
f 1127//1127 1160//1160 1161//1161
f 1161//1161 1160//1160 1162//1162
f 1161//1161 1162//1162 1163//1163
f 1163//1163 1164//1164 1161//1161
f 1161//1161 1164//1164 1165//1165
f 1161//1161 1165//1165 1166//1166
f 1166//1166 1165//1165 1167//1167
f 1166//1166 1167//1167 1168//1168
f 1168//1168 1167//1167 1169//1169
f 1168//1168 1169//1169 1170//1170
f 1170//1170 1169//1169 1171//1171
f 1170//1170 1171//1171 1172//1172
f 1172//1172 1171//1171 1173//1173
f 1173//1173 1171//1171 1174//1174
f 1174//1174 1171//1171 1175//1175
f 1175//1175 1171//1171 1176//1176
f 1176//1176 1171//1171 1177//1177
f 1176//1176 1177//1177 1178//1178
f 1178//1178 1177//1177 1179//1179
f 1179//1179 1177//1177 1180//1180
f 1180//1180 1177//1177 1181//1181
f 1181//1181 1177//1177 1182//1182
f 1181//1181 1182//1182 1183//1183
f 1164//1164 1184//1184 1165//1165
f 1165//1165 1184//1184 1185//1185
f 1165//1165 1185//1185 1167//1167
f 1167//1167 1185//1185 1186//1186
f 1167//1167 1186//1186 1169//1169
f 1169//1169 1186//1186 1187//1187
f 1169//1169 1187//1187 1171//1171
f 1171//1171 1187//1187 1177//1177
f 1184//1184 1188//1188 1185//1185
f 1185//1185 1188//1188 1189//1189
f 1185//1185 1189//1189 1190//1190
f 1188//1188 1191//1191 1189//1189
f 1185//1185 1190//1190 1186//1186
f 1186//1186 1190//1190 1192//1192
f 1186//1186 1192//1192 1187//1187
f 1187//1187 1192//1192 1182//1182
f 1187//1187 1182//1182 1177//1177
f 1172//1172 1193//1193 1170//1170
f 1170//1170 1193//1193 1194//1194
f 1170//1170 1194//1194 1195//1195
f 1195//1195 1196//1196 1170//1170
f 1170//1170 1196//1196 1197//1197
f 1170//1170 1197//1197 1198//1198
f 1198//1198 1197//1197 1199//1199
f 1198//1198 1199//1199 1200//1200
f 1196//1196 1201//1201 1197//1197
f 1200//1200 1202//1202 1198//1198
f 1198//1198 1202//1202 1203//1203
f 1198//1198 1203//1203 1204//1204
f 1204//1204 1203//1203 1205//1205
f 1204//1204 1205//1205 1206//1206
f 1206//1206 1205//1205 1125//1125
f 1206//1206 1125//1125 1127//1127
f 1202//1202 1207//1207 1203//1203
f 1203//1203 1207//1207 1208//1208
f 1203//1203 1208//1208 1209//1209
f 1209//1209 1208//1208 1210//1210
f 1209//1209 1210//1210 1211//1211
f 1211//1211 1212//1212 1209//1209
f 1209//1209 1212//1212 1121//1121
f 1209//1209 1121//1121 1123//1123
f 1212//1212 1119//1119 1121//1121
f 1114//1114 1112//1112 1213//1213
f 1213//1213 1112//1112 1110//1110
f 1213//1213 1110//1110 1132//1132
f 1116//1116 1114//1114 1214//1214
f 1214//1214 1114//1114 1213//1213
f 1214//1214 1213//1213 1215//1215
f 1215//1215 1213//1213 1132//1132
f 1215//1215 1132//1132 1134//1134
f 1118//1118 1116//1116 1216//1216
f 1216//1216 1116//1116 1214//1214
f 1216//1216 1214//1214 1217//1217
f 1217//1217 1214//1214 1215//1215
f 1217//1217 1215//1215 1136//1136
f 1136//1136 1215//1215 1134//1134
f 1120//1120 1118//1118 1218//1218
f 1218//1218 1118//1118 1216//1216
f 1218//1218 1216//1216 1219//1219
f 1219//1219 1216//1216 1217//1217
f 1219//1219 1217//1217 1220//1220
f 1220//1220 1217//1217 1136//1136
f 1220//1220 1136//1136 1138//1138
f 1205//1205 1203//1203 1209//1209
f 1205//1205 1209//1209 1123//1123
f 1168//1168 1170//1170 1198//1198
f 1168//1168 1198//1198 1204//1204
f 1144//1144 1122//1122 1218//1218
f 1218//1218 1122//1122 1120//1120
f 1144//1144 1218//1218 1219//1219
f 1125//1125 1205//1205 1123//1123
f 1166//1166 1168//1168 1204//1204
f 1166//1166 1204//1204 1206//1206
f 1153//1153 1133//1133 1131//1131
f 1142//1142 1144//1144 1219//1219
f 1142//1142 1219//1219 1220//1220
f 1126//1126 1124//1124 1143//1143
f 1161//1161 1166//1166 1206//1206
f 1161//1161 1206//1206 1127//1127
f 1140//1140 1142//1142 1220//1220
f 1140//1140 1220//1220 1138//1138
f 1221//1221 1222//1222 1223//1223
f 1223//1223 1222//1222 1224//1224
f 1223//1223 1224//1224 1225//1225
f 1225//1225 1224//1224 1226//1226
f 1225//1225 1226//1226 1227//1227
f 1227//1227 1226//1226 1228//1228
f 1228//1228 1226//1226 1229//1229
f 1229//1229 1226//1226 1230//1230
f 1227//1227 1231//1231 1225//1225
f 1225//1225 1231//1231 1232//1232
f 1225//1225 1232//1232 1223//1223
f 1223//1223 1232//1232 1233//1233
f 1223//1223 1233//1233 1221//1221
f 1221//1221 1233//1233 1234//1234
f 1221//1221 1234//1234 1235//1235
f 1235//1235 1234//1234 1236//1236
f 1235//1235 1236//1236 1237//1237
f 1237//1237 1236//1236 1238//1238
f 1237//1237 1238//1238 1239//1239
f 1239//1239 1238//1238 1240//1240
f 1239//1239 1240//1240 1241//1241
f 1241//1241 1240//1240 1242//1242
f 1241//1241 1242//1242 1243//1243
f 1243//1243 1242//1242 1244//1244
f 1244//1244 1242//1242 1245//1245
f 1244//1244 1245//1245 1246//1246
f 1246//1246 1245//1245 1238//1238
f 1246//1246 1238//1238 1236//1236
f 1231//1231 1244//1244 1232//1232
f 1232//1232 1244//1244 1247//1247
f 1232//1232 1247//1247 1233//1233
f 1233//1233 1247//1247 1234//1234
f 1243//1243 1248//1248 1241//1241
f 1241//1241 1248//1248 1249//1249
f 1241//1241 1249//1249 1239//1239
f 1236//1236 1234//1234 1250//1250
f 1250//1250 1234//1234 1247//1247
f 1250//1250 1247//1247 1244//1244
f 1242//1242 1240//1240 1245//1245
f 1245//1245 1240//1240 1238//1238
f 1244//1244 1246//1246 1250//1250
f 1250//1250 1246//1246 1236//1236
f 1251//1251 1252//1252 1253//1253
f 1253//1253 1252//1252 1254//1254
f 1255//1255 1252//1252 1256//1256
f 1257//1257 1252//1252 1258//1258
f 1259//1259 1260//1260 1261//1261
f 1261//1261 1260//1260 1262//1262
f 1261//1261 1262//1262 1263//1263
f 1263//1263 1262//1262 1264//1264
f 1263//1263 1264//1264 1265//1265
f 1265//1265 1264//1264 1266//1266
f 1266//1266 1264//1264 1267//1267
f 1266//1266 1267//1267 1268//1268
f 1268//1268 1267//1267 1269//1269
f 1268//1268 1269//1269 1270//1270
f 1270//1270 1269//1269 1271//1271
f 1270//1270 1271//1271 1272//1272
f 1260//1260 1259//1259 1273//1273
f 1273//1273 1259//1259 1274//1274
f 1273//1273 1274//1274 1275//1275
f 1275//1275 1274//1274 1276//1276
f 1276//1276 1274//1274 1277//1277
f 1275//1275 1278//1278 1273//1273
f 1273//1273 1278//1278 1279//1279
f 1273//1273 1279//1279 1280//1280
f 1280//1280 1279//1279 1281//1281
f 1280//1280 1281//1281 1282//1282
f 1282//1282 1281//1281 1283//1283
f 1282//1282 1284//1284 1280//1280
f 1280//1280 1284//1284 1285//1285
f 1280//1280 1285//1285 1286//1286
f 1286//1286 1287//1287 1280//1280
f 1280//1280 1287//1287 1288//1288
f 1280//1280 1288//1288 1289//1289
f 1289//1289 1288//1288 1290//1290
f 1289//1289 1290//1290 1291//1291
f 1291//1291 1290//1290 1292//1292
f 1291//1291 1292//1292 1293//1293
f 1293//1293 1294//1294 1291//1291
f 1291//1291 1294//1294 1295//1295
f 1291//1291 1295//1295 1262//1262
f 1262//1262 1295//1295 1264//1264
f 1294//1294 1296//1296 1295//1295
f 1295//1295 1296//1296 1297//1297
f 1295//1295 1297//1297 1264//1264
f 1264//1264 1297//1297 1267//1267
f 1296//1296 1298//1298 1297//1297
f 1297//1297 1298//1298 1269//1269
f 1297//1297 1269//1269 1267//1267
f 1298//1298 1271//1271 1269//1269
f 1272//1272 1299//1299 1270//1270
f 1270//1270 1299//1299 1300//1300
f 1270//1270 1300//1300 1301//1301
f 1301//1301 1300//1300 1302//1302
f 1301//1301 1302//1302 1303//1303
f 1303//1303 1302//1302 1304//1304
f 1304//1304 1302//1302 1305//1305
f 1305//1305 1302//1302 1306//1306
f 1305//1305 1306//1306 1307//1307
f 1307//1307 1306//1306 1308//1308
f 1308//1308 1306//1306 1309//1309
f 1308//1308 1309//1309 1310//1310
f 1310//1310 1309//1309 1311//1311
f 1299//1299 1312//1312 1300//1300
f 1300//1300 1312//1312 1313//1313
f 1300//1300 1313//1313 1314//1314
f 1314//1314 1313//1313 1315//1315
f 1314//1314 1315//1315 1316//1316
f 1316//1316 1317//1317 1314//1314
f 1314//1314 1317//1317 1318//1318
f 1314//1314 1318//1318 1319//1319
f 1319//1319 1320//1320 1314//1314
f 1314//1314 1320//1320 1306//1306
f 1314//1314 1306//1306 1302//1302
f 1320//1320 1309//1309 1306//1306
f 1303//1303 1321//1321 1301//1301
f 1301//1301 1321//1321 1268//1268
f 1301//1301 1268//1268 1270//1270
f 1321//1321 1266//1266 1268//1268
f 1291//1291 1262//1262 1260//1260
f 1280//1280 1289//1289 1273//1273
f 1273//1273 1289//1289 1260//1260
f 1289//1289 1291//1291 1260//1260
f 1314//1314 1302//1302 1300//1300
f 1322//1322 1323//1323 1324//1324
f 1324//1324 1323//1323 1325//1325
f 1324//1324 1325//1325 1326//1326
f 1326//1326 1325//1325 1327//1327
f 1326//1326 1327//1327 1328//1328
f 1328//1328 1327//1327 1329//1329
f 1328//1328 1329//1329 1330//1330
f 1330//1330 1329//1329 1331//1331
f 1330//1330 1331//1331 1332//1332
f 1333//1333 1334//1334 1327//1327
f 1327//1327 1334//1334 1335//1335
f 1327//1327 1335//1335 1329//1329
f 1336//1336 1337//1337 1333//1333
f 1333//1333 1337//1337 1334//1334
f 1338//1338 1339//1339 1340//1340
f 1340//1340 1339//1339 1341//1341
f 1340//1340 1341//1341 1342//1342
f 1342//1342 1341//1341 1343//1343
f 1342//1342 1343//1343 1344//1344
f 1344//1344 1343//1343 1345//1345
f 1344//1344 1345//1345 1346//1346
f 1346//1346 1345//1345 1347//1347
f 1346//1346 1347//1347 1348//1348
f 1348//1348 1347//1347 1349//1349
f 1348//1348 1349//1349 1350//1350
f 1350//1350 1349//1349 1351//1351
f 1350//1350 1351//1351 1352//1352
f 1339//1339 1353//1353 1341//1341
f 1341//1341 1353//1353 1354//1354
f 1341//1341 1354//1354 1343//1343
f 1343//1343 1354//1354 1345//1345
f 1345//1345 1354//1354 1347//1347
f 1347//1347 1354//1354 1355//1355
f 1347//1347 1355//1355 1349//1349
f 1349//1349 1355//1355 1356//1356
f 1349//1349 1356//1356 1351//1351
f 1357//1357 1358//1358 1352//1352
f 1352//1352 1358//1358 1350//1350
f 1350//1350 1358//1358 1348//1348
f 1348//1348 1358//1358 1359//1359
f 1348//1348 1359//1359 1346//1346
f 1346//1346 1359//1359 1360//1360
f 1346//1346 1360//1360 1344//1344
f 1344//1344 1360//1360 1342//1342
f 1361//1361 1340//1340 1360//1360
f 1360//1360 1340//1340 1342//1342
f 1362//1362 1363//1363 1364//1364
f 1364//1364 1363//1363 1365//1365
f 1365//1365 1363//1363 1366//1366
f 1365//1365 1366//1366 1367//1367
f 1367//1367 1366//1366 1368//1368
f 1367//1367 1368//1368 1369//1369
f 1369//1369 1368//1368 1370//1370
f 1369//1369 1370//1370 1371//1371
f 1371//1371 1370//1370 1372//1372
f 1371//1371 1372//1372 1373//1373
f 1363//1363 1374//1374 1366//1366
f 1366//1366 1374//1374 1375//1375
f 1366//1366 1375//1375 1376//1376
f 1376//1376 1375//1375 1377//1377
f 1376//1376 1377//1377 1378//1378
f 1378//1378 1377//1377 1379//1379
f 1378//1378 1379//1379 1376//1376
f 1376//1376 1379//1379 1370//1370
f 1376//1376 1370//1370 1368//1368
f 1370//1370 1379//1379 1380//1380
f 1380//1380 1379//1379 1381//1381
f 1380//1380 1381//1381 1382//1382
f 1382//1382 1372//1372 1380//1380
f 1380//1380 1372//1372 1370//1370
f 1383//1383 1384//1384 1373//1373
f 1373//1373 1384//1384 1385//1385
f 1373//1373 1385//1385 1371//1371
f 1371//1371 1385//1385 1386//1386
f 1371//1371 1386//1386 1369//1369
f 1369//1369 1386//1386 1387//1387
f 1369//1369 1387//1387 1367//1367
f 1383//1383 1388//1388 1384//1384
f 1384//1384 1388//1388 1389//1389
f 1384//1384 1389//1389 1390//1390
f 1390//1390 1389//1389 1391//1391
f 1390//1390 1391//1391 1392//1392
f 1392//1392 1391//1391 1393//1393
f 1392//1392 1393//1393 1394//1394
f 1394//1394 1393//1393 1395//1395
f 1395//1395 1393//1393 1396//1396
f 1396//1396 1393//1393 1397//1397
f 1396//1396 1397//1397 1398//1398
f 1398//1398 1397//1397 1399//1399
f 1398//1398 1399//1399 1400//1400
f 1400//1400 1399//1399 1401//1401
f 1400//1400 1401//1401 1402//1402
f 1402//1402 1401//1401 1403//1403
f 1402//1402 1403//1403 1404//1404
f 1404//1404 1403//1403 1405//1405
f 1404//1404 1405//1405 1406//1406
f 1388//1388 1407//1407 1389//1389
f 1389//1389 1407//1407 1408//1408
f 1389//1389 1408//1408 1391//1391
f 1391//1391 1408//1408 1409//1409
f 1391//1391 1409//1409 1410//1410
f 1410//1410 1409//1409 1408//1408
f 1391//1391 1410//1410 1411//1411
f 1411//1411 1410//1410 1412//1412
f 1411//1411 1412//1412 1413//1413
f 1413//1413 1412//1412 1414//1414
f 1413//1413 1414//1414 1403//1403
f 1403//1403 1414//1414 1405//1405
f 1412//1412 1405//1405 1414//1414
f 1415//1415 1416//1416 1406//1406
f 1406//1406 1416//1416 1417//1417
f 1406//1406 1417//1417 1402//1402
f 1402//1402 1417//1417 1400//1400
f 1416//1416 1415//1415 1418//1418
f 1418//1418 1415//1415 1419//1419
f 1418//1418 1419//1419 1420//1420
f 1418//1418 1420//1420 1421//1421
f 1421//1421 1420//1420 1422//1422
f 1421//1421 1422//1422 1423//1423
f 1423//1423 1422//1422 1424//1424
f 1423//1423 1424//1424 1425//1425
f 1425//1425 1424//1424 1426//1426
f 1425//1425 1426//1426 1427//1427
f 1427//1427 1426//1426 1428//1428
f 1427//1427 1428//1428 1429//1429
f 1429//1429 1428//1428 1430//1430
f 1429//1429 1430//1430 1431//1431
f 1429//1429 1431//1431 1432//1432
f 1432//1432 1431//1431 1433//1433
f 1432//1432 1433//1433 1434//1434
f 1432//1432 1434//1434 1435//1435
f 1435//1435 1434//1434 1436//1436
f 1435//1435 1436//1436 1437//1437
f 1437//1437 1436//1436 1438//1438
f 1437//1437 1438//1438 1439//1439
f 1439//1439 1438//1438 1440//1440
f 1439//1439 1440//1440 1441//1441
f 1441//1441 1440//1440 1442//1442
f 1441//1441 1442//1442 1443//1443
f 1443//1443 1442//1442 1417//1417
f 1443//1443 1417//1417 1418//1418
f 1418//1418 1417//1417 1416//1416
f 1440//1440 1444//1444 1442//1442
f 1442//1442 1444//1444 1400//1400
f 1442//1442 1400//1400 1417//1417
f 1444//1444 1398//1398 1400//1400
f 1394//1394 1445//1445 1392//1392
f 1392//1392 1445//1445 1446//1446
f 1392//1392 1446//1446 1447//1447
f 1447//1447 1448//1448 1392//1392
f 1392//1392 1448//1448 1449//1449
f 1392//1392 1449//1449 1390//1390
f 1390//1390 1449//1449 1450//1450
f 1390//1390 1450//1450 1384//1384
f 1384//1384 1450//1450 1385//1385
f 1448//1448 1451//1451 1449//1449
f 1449//1449 1451//1451 1452//1452
f 1449//1449 1452//1452 1453//1453
f 1453//1453 1452//1452 1454//1454
f 1453//1453 1454//1454 1387//1387
f 1368//1368 1366//1366 1376//1376
f 1386//1386 1385//1385 1453//1453
f 1453//1453 1385//1385 1450//1450
f 1453//1453 1450//1450 1449//1449
f 1453//1453 1387//1387 1386//1386
f 1397//1397 1393//1393 1411//1411
f 1411//1411 1393//1393 1391//1391
f 1411//1411 1413//1413 1397//1397
f 1397//1397 1413//1413 1401//1401
f 1397//1397 1401//1401 1399//1399
f 1401//1401 1413//1413 1403//1403
f 1406//1406 1402//1402 1404//1404
f 1418//1418 1421//1421 1443//1443
f 1443//1443 1421//1421 1455//1455
f 1443//1443 1455//1455 1441//1441
f 1441//1441 1455//1455 1439//1439
f 1437//1437 1439//1439 1455//1455
f 1455//1455 1421//1421 1456//1456
f 1456//1456 1421//1421 1423//1423
f 1456//1456 1423//1423 1457//1457
f 1457//1457 1423//1423 1425//1425
f 1457//1457 1425//1425 1429//1429
f 1429//1429 1425//1425 1427//1427
f 1435//1435 1437//1437 1456//1456
f 1456//1456 1437//1437 1455//1455
f 1435//1435 1456//1456 1457//1457
f 1432//1432 1435//1435 1457//1457
f 1432//1432 1457//1457 1429//1429
f 1458//1458 1459//1459 1460//1460
f 1460//1460 1459//1459 1461//1461
f 1461//1461 1459//1459 1462//1462
f 1461//1461 1462//1462 1463//1463
f 1463//1463 1462//1462 1464//1464
f 1463//1463 1464//1464 1465//1465
f 1465//1465 1464//1464 1462//1462
f 1465//1465 1462//1462 1466//1466
f 1466//1466 1462//1462 1467//1467
f 1466//1466 1467//1467 1468//1468
f 1469//1469 1470//1470 1459//1459
f 1459//1459 1470//1470 1471//1471
f 1459//1459 1471//1471 1472//1472
f 1469//1469 1473//1473 1470//1470
f 1470//1470 1473//1473 1474//1474
f 1470//1470 1474//1474 1475//1475
f 1475//1475 1474//1474 1476//1476
f 1475//1475 1476//1476 1477//1477
f 1477//1477 1476//1476 1478//1478
f 1478//1478 1476//1476 1479//1479
f 1478//1478 1479//1479 1480//1480
f 1478//1478 1480//1480 1481//1481
f 1481//1481 1480//1480 1482//1482
f 1481//1481 1482//1482 1483//1483
f 1483//1483 1482//1482 1484//1484
f 1483//1483 1484//1484 1485//1485
f 1486//1486 1487//1487 1485//1485
f 1485//1485 1487//1487 1488//1488
f 1485//1485 1488//1488 1483//1483
f 1487//1487 1489//1489 1488//1488
f 1488//1488 1489//1489 1490//1490
f 1490//1490 1489//1489 1491//1491
f 1490//1490 1491//1491 1492//1492
f 1493//1493 1494//1494 1492//1492
f 1492//1492 1494//1494 1495//1495
f 1492//1492 1495//1495 1490//1490
f 1494//1494 1493//1493 1496//1496
f 1496//1496 1493//1493 1497//1497
f 1496//1496 1497//1497 1498//1498
f 1498//1498 1497//1497 1499//1499
f 1499//1499 1497//1497 1500//1500
f 1499//1499 1500//1500 1501//1501
f 1501//1501 1500//1500 1502//1502
f 1501//1501 1502//1502 1503//1503
f 1497//1497 1504//1504 1500//1500
f 1503//1503 1505//1505 1501//1501
f 1501//1501 1505//1505 1506//1506
f 1501//1501 1506//1506 1507//1507
f 1501//1501 1507//1507 1508//1508
f 1508//1508 1507//1507 1509//1509
f 1508//1508 1509//1509 1510//1510
f 1511//1511 1512//1512 1510//1510
f 1510//1510 1512//1512 1513//1513
f 1510//1510 1513//1513 1508//1508
f 1512//1512 1511//1511 1514//1514
f 1514//1514 1511//1511 1515//1515
f 1514//1514 1515//1515 1516//1516
f 1516//1516 1517//1517 1514//1514
f 1514//1514 1517//1517 1468//1468
f 1468//1468 1517//1517 1518//1518
f 1468//1468 1518//1518 1519//1519
f 1520//1520 1521//1521 1519//1519
f 1519//1519 1521//1521 1466//1466
f 1519//1519 1466//1466 1468//1468
f 1520//1520 1522//1522 1521//1521
f 1521//1521 1522//1522 1523//1523
f 1521//1521 1523//1523 1524//1524
f 1525//1525 1526//1526 1522//1522
f 1522//1522 1526//1526 1523//1523
f 1521//1521 1527//1527 1466//1466
f 1466//1466 1527//1527 1528//1528
f 1466//1466 1528//1528 1529//1529
f 1466//1466 1529//1529 1530//1530
f 1530//1530 1529//1529 1531//1531
f 1530//1530 1531//1531 1532//1532
f 1532//1532 1531//1531 1533//1533
f 1532//1532 1533//1533 1534//1534
f 1534//1534 1533//1533 1535//1535
f 1534//1534 1535//1535 1536//1536
f 1534//1534 1536//1536 1537//1537
f 1537//1537 1536//1536 1538//1538
f 1537//1537 1538//1538 1539//1539
f 1539//1539 1538//1538 1540//1540
f 1539//1539 1540//1540 1541//1541
f 1541//1541 1540//1540 1542//1542
f 1541//1541 1542//1542 1543//1543
f 1543//1543 1544//1544 1541//1541
f 1541//1541 1544//1544 1545//1545
f 1541//1541 1545//1545 1546//1546
f 1546//1546 1545//1545 1547//1547
f 1546//1546 1547//1547 1548//1548
f 1548//1548 1549//1549 1546//1546
f 1546//1546 1549//1549 1550//1550
f 1546//1546 1550//1550 1551//1551
f 1551//1551 1550//1550 1552//1552
f 1551//1551 1552//1552 1553//1553
f 1553//1553 1552//1552 1554//1554
f 1554//1554 1552//1552 1555//1555
f 1554//1554 1555//1555 1556//1556
f 1556//1556 1555//1555 1557//1557
f 1556//1556 1557//1557 1558//1558
f 1558//1558 1557//1557 1559//1559
f 1558//1558 1559//1559 1560//1560
f 1558//1558 1560//1560 1561//1561
f 1561//1561 1560//1560 1562//1562
f 1561//1561 1562//1562 1563//1563
f 1563//1563 1562//1562 1564//1564
f 1564//1564 1562//1562 1565//1565
f 1564//1564 1565//1565 1566//1566
f 1563//1563 1567//1567 1561//1561
f 1498//1498 1568//1568 1496//1496
f 1496//1496 1568//1568 1569//1569
f 1496//1496 1569//1569 1494//1494
f 1472//1472 1570//1570 1459//1459
f 1459//1459 1570//1570 1571//1571
f 1459//1459 1571//1571 1462//1462
f 1462//1462 1571//1571 1572//1572
f 1462//1462 1572//1572 1467//1467
f 1571//1571 1573//1573 1572//1572
f 1574//1574 1575//1575 1576//1576
f 1576//1576 1575//1575 1577//1577
f 1577//1577 1575//1575 1578//1578
f 1577//1577 1578//1578 1579//1579
f 1579//1579 1578//1578 1580//1580
f 1579//1579 1580//1580 1581//1581
f 1575//1575 1582//1582 1578//1578
f 1578//1578 1582//1582 1580//1580
f 1579//1579 1581//1581 1583//1583
f 1583//1583 1581//1581 1584//1584
f 1583//1583 1584//1584 1585//1585
f 1585//1585 1584//1584 1586//1586
f 1585//1585 1586//1586 1587//1587
f 1587//1587 1586//1586 1588//1588
f 1587//1587 1588//1588 1590//1590
f 1589//1589 1588//1588 1591//1591
f 1590//1590 1592//1592 1593//1593
f 1593//1593 1592//1592 1594//1594
f 1593//1593 1594//1594 1595//1595
f 1588//1588 1596//1596 1592//1592
f 1592//1592 1596//1596 1594//1594
f 1587//1587 1590//1590 1585//1585
f 1585//1585 1590//1590 1597//1597
f 1585//1585 1597//1597 1583//1583
f 1583//1583 1597//1597 1598//1598
f 1583//1583 1598//1598 1579//1579
f 1579//1579 1598//1598 1577//1577
f 1599//1599 1600//1600 1601//1601
f 1601//1601 1600//1600 1602//1602
f 1601//1601 1602//1602 1603//1603
f 1603//1603 1604//1604 1601//1601
f 1601//1601 1604//1604 1605//1605
f 1601//1601 1605//1605 1599//1599
f 1599//1599 1605//1605 1606//1606
f 1606//1606 1605//1605 1607//1607
f 1606//1606 1607//1607 1608//1608
f 1608//1608 1607//1607 1609//1609
f 1608//1608 1609//1609 1610//1610
f 1610//1610 1609//1609 1611//1611
f 1610//1610 1611//1611 1612//1612
f 1612//1612 1611//1611 1613//1613
f 1613//1613 1611//1611 1614//1614
f 1613//1613 1614//1614 1615//1615
f 1615//1615 1614//1614 1616//1616
f 1616//1616 1614//1614 1617//1617
f 1617//1617 1614//1614 1618//1618
f 1618//1618 1614//1614 1619//1619
f 1618//1618 1619//1619 1620//1620
f 1620//1620 1619//1619 1621//1621
f 1621//1621 1619//1619 1622//1622
f 1621//1621 1622//1622 1623//1623
f 1623//1623 1622//1622 1624//1624
f 1624//1624 1622//1622 1625//1625
f 1624//1624 1625//1625 1626//1626
f 1626//1626 1625//1625 1627//1627
f 1626//1626 1627//1627 1628//1628
f 1628//1628 1627//1627 1629//1629
f 1628//1628 1629//1629 1632//1632
f 1632//1632 1630//1630 1636//1636
f 1633//1633 1636//1636 1638//1638
f 1637//1637 1635//1635 1641//1641
f 1639//1639 1634//1634 1631//1631
f 1640//1640 1629//1629 1627//1627
f 1604//1604 1642//1642 1605//1605
f 1605//1605 1642//1642 1607//1607
f 1642//1642 1643//1643 1607//1607
f 1607//1607 1643//1643 1609//1609
f 1643//1643 1611//1611 1609//1609
f 1611//1611 1644//1644 1614//1614
f 1614//1614 1644//1644 1619//1619
f 1644//1644 1645//1645 1619//1619
f 1619//1619 1645//1645 1622//1622
f 1645//1645 1646//1646 1622//1622
f 1622//1622 1646//1646 1625//1625
f 1646//1646 1627//1627 1625//1625
f 1638//1638 1647//1647 1633//1633
f 1633//1633 1648//1648 1649//1649
f 1649//1649 1647//1647 1650//1650
f 1649//1649 1650//1650 1651//1651
f 1628//1628 1624//1624 1626//1626
f 1612//1612 1608//1608 1610//1610
f 1652//1652 1653//1653 1654//1654
f 1654//1654 1653//1653 1655//1655
f 1654//1654 1655//1655 1656//1656
f 1657//1657 1658//1658 1653//1653
f 1653//1653 1658//1658 1659//1659
f 1653//1653 1659//1659 1655//1655
f 1655//1655 1659//1659 1660//1660
f 1657//1657 1661//1661 1658//1658
f 1658//1658 1661//1661 1662//1662
f 1658//1658 1662//1662 1663//1663
f 1663//1663 1662//1662 1664//1664
f 1658//1658 1665//1665 1659//1659
f 1659//1659 1665//1665 1666//1666
f 1666//1666 1665//1665 1667//1667
f 1667//1667 1665//1665 1668//1668
f 1656//1656 1669//1669 1654//1654
f 1670//1670 1671//1671 1672//1672
f 1672//1672 1671//1671 1673//1673
f 1672//1672 1673//1673 1674//1674
f 1674//1674 1673//1673 1675//1675
f 1675//1675 1673//1673 1676//1676
f 1675//1675 1676//1676 1677//1677
f 1677//1677 1676//1676 1678//1678
f 1670//1670 1679//1679 1671//1671
f 1680//1680 1682//1682 1684//1684
f 1684//1684 1682//1682 1685//1685
f 1684//1684 1685//1685 1686//1686
f 1682//1682 1680//1680 1687//1687
f 1687//1687 1680//1680 1688//1688
f 1687//1687 1688//1688 1689//1689
f 1689//1689 1688//1688 1690//1690
f 1689//1689 1690//1690 1691//1691
f 1691//1691 1690//1690 1692//1692
f 1691//1691 1692//1692 1693//1693
f 1693//1693 1692//1692 1694//1694
f 1693//1693 1694//1694 1695//1695
f 1695//1695 1694//1694 1696//1696
f 1695//1695 1696//1696 1697//1697
f 1697//1697 1696//1696 1698//1698
f 1698//1698 1696//1696 1699//1699
f 1698//1698 1699//1699 1700//1700
f 1700//1700 1699//1699 1701//1701
f 1700//1700 1701//1701 1702//1702
f 1703//1703 1701//1701 1705//1705
f 1703//1703 1705//1705 1706//1706
f 1706//1706 1705//1705 1707//1707
f 1706//1706 1708//1708 1709//1709
f 1709//1709 1707//1707 1710//1710
f 1709//1709 1710//1710 1711//1711
f 1694//1694 1712//1712 1696//1696
f 1696//1696 1712//1712 1699//1699
f 1712//1712 1713//1713 1699//1699
f 1699//1699 1713//1713 1701//1701
f 1713//1713 1714//1714 1701//1701
f 1701//1701 1714//1714 1704//1704
f 1714//1714 1707//1707 1705//1705
f 1695//1695 1697//1697 1693//1693
f 1693//1693 1697//1697 1715//1715
f 1693//1693 1715//1715 1691//1691
f 1691//1691 1715//1715 1716//1716
f 1691//1691 1716//1716 1717//1717
f 1717//1717 1718//1718 1691//1691
f 1691//1691 1718//1718 1689//1689
f 1718//1718 1719//1719 1689//1689
f 1689//1689 1719//1719 1720//1720
f 1689//1689 1720//1720 1687//1687
f 1687//1687 1720//1720 1721//1721
f 1687//1687 1721//1721 1722//1722
f 1722//1722 1723//1723 1687//1687
f 1687//1687 1723//1723 1682//1682
f 1723//1723 1724//1724 1682//1682
f 1682//1682 1724//1724 1725//1725
f 1681//1681 1725//1725 1726//1726
f 1726//1726 1727//1727 1681//1681
f 1682//1682 1727//1727 1728//1728
f 1682//1682 1728//1728 1685//1685
f 1685//1685 1728//1728 1729//1729
f 1729//1729 1728//1728 1730//1730
f 1730//1730 1728//1728 1731//1731
f 1730//1730 1731//1731 1732//1732
f 1732//1732 1733//1733 1730//1730
f 1730//1730 1733//1733 1734//1734
f 1686//1686 1735//1735 1684//1684
f 1684//1684 1735//1735 1736//1736
f 1683//1683 1736//1736 1737//1737
f 1738//1738 1739//1739 1740//1740
f 1740//1740 1739//1739 1741//1741
f 1742//1742 1739//1739 1743//1743
f 1744//1744 1747//1747 1749//1749
f 1748//1748 1746//1746 1751//1751
f 1750//1750 1745//1745 1752//1752
f 1750//1750 1753//1753 1756//1756
f 1755//1755 1754//1754 1757//1757
f 1757//1757 1753//1753 1758//1758
f 1758//1758 1753//1753 1759//1759
f 1759//1759 1753//1753 1760//1760
f 1761//1761 1762//1762 1763//1763
f 1763//1763 1762//1762 1764//1764
f 1763//1763 1764//1764 1765//1765
f 1765//1765 1764//1764 1766//1766
f 1765//1765 1766//1766 1767//1767
f 1768//1768 1769//1769 1770//1770
f 1770//1770 1769//1769 1771//1771
f 1770//1770 1771//1771 1772//1772
f 1772//1772 1771//1771 1773//1773
f 1772//1772 1773//1773 1774//1774
f 1769//1769 1775//1775 1771//1771
f 1771//1771 1775//1775 1776//1776
f 1771//1771 1776//1776 1777//1777
f 1777//1777 1778//1778 1771//1771
f 1771//1771 1778//1778 1779//1779
f 1771//1771 1779//1779 1780//1780
f 1780//1780 1781//1781 1771//1771
f 1771//1771 1781//1781 1782//1782
f 1771//1771 1782//1782 1783//1783
f 1783//1783 1782//1782 1784//1784
f 1784//1784 1782//1782 1785//1785
f 1785//1785 1782//1782 1786//1786
f 1785//1785 1786//1786 1787//1787
f 1781//1781 1788//1788 1782//1782
f 1782//1782 1788//1788 1789//1789
f 1782//1782 1789//1789 1790//1790
f 1790//1790 1791//1791 1782//1782
f 1782//1782 1791//1791 1792//1792
f 1782//1782 1792//1792 1786//1786
f 1791//1791 1793//1793 1792//1792
f 1792//1792 1793//1793 1794//1794
f 1783//1783 1795//1795 1771//1771
f 1771//1771 1795//1795 1773//1773
f 1796//1796 1797//1797 1798//1798
f 1798//1798 1797//1797 1799//1799
f 1798//1798 1799//1799 1800//1800
f 1800//1800 1799//1799 1801//1801
f 1800//1800 1801//1801 1802//1802
f 1798//1798 1800//1800 1803//1803
f 1803//1803 1800//1800 1804//1804
f 1803//1803 1804//1804 1805//1805
f 1805//1805 1804//1804 1806//1806
f 1807//1807 1808//1808 1809//1809
f 1809//1809 1808//1808 1810//1810
f 1810//1810 1808//1808 1811//1811
f 1810//1810 1811//1811 1812//1812
f 1813//1813 1814//1814 1812//1812
f 1812//1812 1814//1814 1815//1815
f 1812//1812 1815//1815 1810//1810
f 1814//1814 1813//1813 1816//1816
f 1816//1816 1813//1813 1817//1817
f 1816//1816 1817//1817 1818//1818
f 1818//1818 1817//1817 1819//1819
f 1819//1819 1817//1817 1820//1820
f 1821//1821 1822//1822 1823//1823
f 1823//1823 1822//1822 1824//1824
f 1823//1823 1824//1824 1825//1825
f 1826//1826 1827//1827 1821//1821
f 1821//1821 1827//1827 1828//1828
f 1821//1821 1828//1828 1822//1822
f 1829//1829 1830//1830 1826//1826
f 1826//1826 1830//1830 1831//1831
f 1826//1826 1831//1831 1827//1827
f 1832//1832 1833//1833 1829//1829
f 1829//1829 1833//1833 1830//1830
f 1834//1834 1835//1835 1836//1836
f 1836//1836 1835//1835 1837//1837
f 1836//1836 1837//1837 1838//1838
f 1838//1838 1837//1837 1839//1839
f 1838//1838 1839//1839 1840//1840
f 1840//1840 1839//1839 1841//1841
f 1840//1840 1841//1841 1842//1842
f 1842//1842 1841//1841 1843//1843
f 1842//1842 1843//1843 1844//1844
f 1835//1835 1834//1834 1845//1845
f 1845//1845 1834//1834 1846//1846
f 1845//1845 1846//1846 1847//1847
f 1847//1847 1846//1846 1848//1848
f 1847//1847 1848//1848 1849//1849
f 1850//1850 1851//1851 1852//1852
f 1852//1852 1851//1851 1853//1853
f 1854//1854 1855//1855 1856//1856
f 1856//1856 1855//1855 1857//1857
f 1856//1856 1857//1857 1858//1858
f 1858//1858 1857//1857 1859//1859
f 1858//1858 1859//1859 1860//1860
f 1860//1860 1859//1859 1861//1861
f 1860//1860 1861//1861 1862//1862
f 1862//1862 1861//1861 1863//1863
f 1862//1862 1863//1863 1864//1864
f 1864//1864 1863//1863 1865//1865
f 1864//1864 1865//1865 1866//1866
f 1866//1866 1865//1865 1867//1867
f 1866//1866 1867//1867 1868//1868
f 1868//1868 1867//1867 1869//1869
f 1868//1868 1869//1869 1870//1870
f 1870//1870 1869//1869 1871//1871
f 1870//1870 1871//1871 1872//1872
f 1872//1872 1871//1871 1873//1873
f 1872//1872 1873//1873 1874//1874
f 1874//1874 1873//1873 1875//1875
f 1874//1874 1875//1875 1876//1876
f 1876//1876 1875//1875 1877//1877
f 1876//1876 1877//1877 1878//1878
f 1878//1878 1877//1877 1879//1879
f 1878//1878 1879//1879 1880//1880
f 1880//1880 1879//1879 1881//1881
f 1880//1880 1881//1881 1882//1882
f 1882//1882 1881//1881 1883//1883
f 1882//1882 1883//1883 1850//1850
f 1850//1850 1883//1883 1851//1851
f 1884//1884 1885//1885 1886//1886
f 1886//1886 1885//1885 1887//1887
f 1886//1886 1887//1887 1888//1888
f 1885//1885 1884//1884 1889//1889
f 1889//1889 1884//1884 1890//1890
f 1889//1889 1890//1890 1891//1891
f 1894//1894 1895//1895 1896//1896
f 1896//1896 1895//1895 1897//1897
f 1896//1896 1898//1898 1899//1899
f 1901//1901 1903//1903 1892//1892
f 1893//1893 1903//1903 1904//1904
f 1894//1894 1904//1904 1905//1905
f 1900//1900 1907//1907 1902//1902
f 1906//1906 1895//1895 1894//1894
f 1909//1909 1910//1910 1911//1911
f 1911//1911 1910//1910 1912//1912
f 1911//1911 1912//1912 1913//1913
f 1913//1913 1912//1912 1914//1914
f 1913//1913 1914//1914 1915//1915
f 1915//1915 1914//1914 1916//1916
f 1915//1915 1916//1916 1917//1917
f 1917//1917 1916//1916 1919//1919
f 1917//1917 1920//1920 1921//1921
f 1921//1921 1919//1919 1923//1923
f 1921//1921 1923//1923 1924//1924
f 1910//1910 1909//1909 1925//1925
f 1925//1925 1908//1908 1926//1926
f 1925//1925 1926//1926 1927//1927
f 1927//1927 1926//1926 1928//1928
f 1927//1927 1928//1928 1929//1929
f 1929//1929 1928//1928 1930//1930
f 1929//1929 1930//1930 1931//1931
f 1931//1931 1930//1930 1932//1932
f 1931//1931 1932//1932 1933//1933
f 1933//1933 1932//1932 1934//1934
f 1934//1934 1932//1932 1935//1935
f 1934//1934 1935//1935 1936//1936
f 1936//1936 1935//1935 1937//1937
f 1937//1937 1935//1935 1938//1938
f 1938//1938 1935//1935 1939//1939
f 1939//1939 1935//1935 1932//1932
f 1939//1939 1932//1932 1930//1930
f 1933//1933 1940//1940 1931//1931
f 1931//1931 1940//1940 1929//1929
f 1929//1929 1940//1940 1927//1927
f 1927//1927 1940//1940 1941//1941
f 1927//1927 1941//1941 1925//1925
f 1925//1925 1941//1941 1942//1942
f 1925//1925 1942//1942 1943//1943
f 1914//1914 1912//1912 1943//1943
f 1943//1943 1912//1912 1910//1910
f 1943//1943 1910//1910 1925//1925
f 1914//1914 1944//1944 1916//1916
f 1916//1916 1944//1944 1919//1919
f 1944//1944 1923//1923 1919//1919
f 1924//1924 1945//1945 1921//1921
f 1921//1921 1945//1945 1946//1946
f 1922//1922 1947//1947 1918//1918
f 1915//1915 1911//1911 1913//1913
f 1948//1948 1949//1949 1950//1950
f 1950//1950 1949//1949 1951//1951
f 1951//1951 1949//1949 1952//1952
f 1951//1951 1952//1952 1953//1953
f 1954//1954 1955//1955 1956//1956
f 1956//1956 1955//1955 1957//1957
f 1956//1956 1957//1957 1958//1958
f 1958//1958 1957//1957 1959//1959
f 1959//1959 1957//1957 1960//1960
f 1959//1959 1960//1960 1961//1961
f 1961//1961 1960//1960 1962//1962
f 1961//1961 1962//1962 1963//1963
f 1963//1963 1962//1962 1964//1964
f 1963//1963 1964//1964 1965//1965
f 1965//1965 1964//1964 1966//1966
f 1965//1965 1966//1966 1967//1967
f 1955//1955 1968//1968 1957//1957
f 1957//1957 1968//1968 1960//1960
f 1968//1968 1969//1969 1960//1960
f 1960//1960 1969//1969 1962//1962
f 1969//1969 1970//1970 1962//1962
f 1962//1962 1970//1970 1964//1964
f 1970//1970 1966//1966 1964//1964
f 1971//1971 1972//1972 1967//1967
f 1967//1967 1972//1972 1973//1973
f 1967//1967 1973//1973 1965//1965
f 1965//1965 1973//1973 1974//1974
f 1965//1965 1974//1974 1963//1963
f 1971//1971 1975//1975 1972//1972
f 1972//1972 1975//1975 1976//1976
f 1972//1972 1976//1976 1977//1977
f 1975//1975 1978//1978 1976//1976
f 1977//1977 1979//1979 1972//1972
f 1972//1972 1979//1979 1973//1973
f 1979//1979 1980//1980 1973//1973
f 1973//1973 1980//1980 1974//1974
f 1984//1984 1985//1985 1988//1988
f 1991//1991 1987//1987 1994//1994
f 1990//1990 1993//1993 1996//1996
f 1997//1997 1999//1999 1982//1982
f 1983//1983 1998//1998 2000//2000
f 1981//1981 2001//2001 1986//1986
f 1999//1999 1997//1997 2002//2002
f 2002//2002 1997//1997 2005//2005
f 2003//2003 2004//2004 2006//2006
f 1995//1995 2007//2007 1992//1992
f 1989//1989 2008//2008 2009//2009
f 1992//1992 2010//2010 2011//2011
f 2012//2012 2013//2013 2014//2014
f 2014//2014 2013//2013 2015//2015
f 2014//2014 2015//2015 2016//2016
f 2016//2016 2015//2015 2017//2017
f 2016//2016 2017//2017 2018//2018
f 2018//2018 2017//2017 2019//2019
f 2018//2018 2019//2019 2020//2020
f 2020//2020 2019//2019 2021//2021
f 2020//2020 2021//2021 2022//2022
f 2022//2022 2021//2021 2023//2023
f 2022//2022 2023//2023 2024//2024
f 2024//2024 2023//2023 2025//2025
f 2024//2024 2025//2025 2026//2026
f 2017//2017 2015//2015 2027//2027
f 2027//2027 2015//2015 2028//2028
f 2027//2027 2028//2028 2029//2029
f 2029//2029 2028//2028 2030//2030
f 2029//2029 2030//2030 2031//2031
f 2031//2031 2030//2030 2032//2032
f 2031//2031 2032//2032 2033//2033
f 2033//2033 2032//2032 2034//2034
f 2033//2033 2034//2034 2035//2035
f 2035//2035 2034//2034 2023//2023
f 2035//2035 2023//2023 2021//2021
f 2034//2034 2025//2025 2023//2023
f 2026//2026 2036//2036 2024//2024
f 2024//2024 2036//2036 2037//2037
f 2024//2024 2037//2037 2022//2022
f 2022//2022 2037//2037 2038//2038
f 2022//2022 2038//2038 2020//2020
f 2020//2020 2038//2038 2039//2039
f 2020//2020 2039//2039 2018//2018
f 2018//2018 2039//2039 2040//2040
f 2018//2018 2040//2040 2016//2016
f 2016//2016 2040//2040 2014//2014
f 2041//2041 2042//2042 2036//2036
f 2036//2036 2042//2042 2043//2043
f 2036//2036 2043//2043 2044//2044
f 2044//2044 2043//2043 2045//2045
f 2044//2044 2045//2045 2038//2038
f 2038//2038 2045//2045 2039//2039
f 2042//2042 2041//2041 2046//2046
f 2046//2046 2041//2041 2047//2047
f 2046//2046 2047//2047 2048//2048
f 2048//2048 2049//2049 2046//2046
f 2046//2046 2049//2049 2050//2050
f 2046//2046 2050//2050 2051//2051
f 2049//2049 2052//2052 2050//2050
f 2050//2050 2052//2052 2053//2053
f 2053//2053 2052//2052 2054//2054
f 2046//2046 2051//2051 2055//2055
f 2055//2055 2051//2051 2056//2056
f 2055//2055 2056//2056 2057//2057
f 2057//2057 2056//2056 2058//2058
f 2057//2057 2058//2058 2059//2059
f 2057//2057 2059//2059 2060//2060
f 2060//2060 2059//2059 2061//2061
f 2060//2060 2061//2061 2012//2012
f 2060//2060 2012//2012 2014//2014
f 2014//2014 2040//2040 2060//2060
f 2060//2060 2040//2040 2062//2062
f 2060//2060 2062//2062 2057//2057
f 2057//2057 2062//2062 2063//2063
f 2057//2057 2063//2063 2055//2055
f 2055//2055 2063//2063 2042//2042
f 2055//2055 2042//2042 2046//2046
f 2017//2017 2027//2027 2019//2019
f 2019//2019 2027//2027 2064//2064
f 2019//2019 2064//2064 2021//2021
f 2021//2021 2064//2064 2035//2035
f 2036//2036 2044//2044 2037//2037
f 2037//2037 2044//2044 2038//2038
f 2042//2042 2063//2063 2043//2043
f 2043//2043 2063//2063 2045//2045
f 2063//2063 2062//2062 2045//2045
f 2045//2045 2062//2062 2039//2039
f 2062//2062 2040//2040 2039//2039
f 2027//2027 2029//2029 2064//2064
f 2064//2064 2029//2029 2033//2033
f 2064//2064 2033//2033 2035//2035
f 2031//2031 2033//2033 2029//2029
f 2065//2065 2066//2066 2067//2067
f 2067//2067 2066//2066 2068//2068
f 2067//2067 2068//2068 2069//2069
f 2069//2069 2070//2070 2067//2067
f 2071//2071 2072//2072 2067//2067
f 2067//2067 2072//2072 2073//2073
f 2067//2067 2073//2073 2074//2074
f 2072//2072 2071//2071 2075//2075
f 2075//2075 2071//2071 2076//2076
f 2075//2075 2076//2076 2077//2077
f 2077//2077 2076//2076 2078//2078
f 2077//2077 2078//2078 2079//2079
f 2079//2079 2078//2078 2080//2080
f 2079//2079 2080//2080 2081//2081
f 2074//2074 2082//2082 2067//2067
f 2067//2067 2082//2082 2083//2083
f 2067//2067 2083//2083 2084//2084
f 2084//2084 2065//2065 2067//2067
f 2085//2085 2086//2086 2089//2089
f 2088//2088 2087//2087 2090//2090
f 2088//2088 2090//2090 2091//2091
f 2091//2091 2090//2090 2093//2093
f 2094//2094 2095//2095 2091//2091
f 2092//2092 2096//2096 2097//2097
f 2091//2091 2098//2098 2088//2088
f 2099//2099 2100//2100 2101//2101
f 2101//2101 2100//2100 2102//2102
f 2101//2101 2102//2102 2103//2103
f 2103//2103 2102//2102 2104//2104
f 2104//2104 2102//2102 2105//2105
f 2104//2104 2105//2105 2106//2106
f 2106//2106 2105//2105 2107//2107
f 2106//2106 2107//2107 2108//2108
f 2099//2099 2109//2109 2100//2100
f 2100//2100 2109//2109 2110//2110
f 2100//2100 2110//2110 2111//2111
f 2111//2111 2110//2110 2112//2112
f 2100//2100 2111//2111 2102//2102
f 2102//2102 2111//2111 2113//2113
f 2102//2102 2113//2113 2114//2114
f 2102//2102 2114//2114 2105//2105
f 2105//2105 2114//2114 2115//2115
f 2105//2105 2115//2115 2107//2107
f 2106//2106 2108//2108 2116//2116
f 2116//2116 2108//2108 2117//2117
f 2116//2116 2117//2117 2118//2118
f 2118//2118 2117//2117 2119//2119
f 2119//2119 2117//2117 2120//2120
f 2120//2120 2117//2117 2121//2121
f 2121//2121 2117//2117 2122//2122
f 2122//2122 2117//2117 2123//2123
f 2124//2124 2125//2125 2118//2118
f 2118//2118 2125//2125 2126//2126
f 2118//2118 2126//2126 2116//2116
f 2116//2116 2126//2126 2127//2127
f 2116//2116 2127//2127 2128//2128
f 2128//2128 2127//2127 2129//2129
f 2128//2128 2129//2129 2130//2130
f 2126//2126 2131//2131 2127//2127
f 2130//2130 2132//2132 2128//2128
f 2128//2128 2132//2132 2133//2133
f 2128//2128 2133//2133 2134//2134
f 2134//2134 2133//2133 2135//2135
f 2134//2134 2135//2135 2136//2136
f 2136//2136 2137//2137 2134//2134
f 2104//2104 2106//2106 2134//2134
f 2134//2134 2106//2106 2116//2116
f 2134//2134 2116//2116 2128//2128
f 2138//2138 2139//2139 2140//2140
f 2141//2141 2142//2142 2143//2143
f 2143//2143 2142//2142 2144//2144
f 2143//2143 2144//2144 2145//2145
f 2142//2142 2141//2141 2146//2146
f 2146//2146 2141//2141 2147//2147
f 2146//2146 2147//2147 2148//2148
f 2148//2148 2147//2147 2149//2149
f 2148//2148 2149//2149 2150//2150
f 2143//2143 2145//2145 2151//2151
f 2151//2151 2145//2145 2152//2152
f 2151//2151 2152//2152 2153//2153
f 2153//2153 2152//2152 2154//2154
f 2153//2153 2154//2154 2155//2155
f 2155//2155 2154//2154 2156//2156
f 2157//2157 2158//2158 2159//2159
f 2159//2159 2158//2158 2160//2160
f 2159//2159 2160//2160 2161//2161
f 2161//2161 2160//2160 2162//2162
f 2161//2161 2162//2162 2163//2163
f 2163//2163 2162//2162 2164//2164
f 2163//2163 2164//2164 2165//2165
f 2165//2165 2164//2164 2166//2166
f 2166//2166 2164//2164 2167//2167
f 2166//2166 2167//2167 2168//2168
f 2168//2168 2167//2167 2169//2169
f 2168//2168 2169//2169 2170//2170
f 2158//2158 2171//2171 2160//2160
f 2160//2160 2171//2171 2172//2172
f 2160//2160 2172//2172 2162//2162
f 2162//2162 2172//2172 2173//2173
f 2162//2162 2173//2173 2164//2164
f 2164//2164 2173//2173 2174//2174
f 2164//2164 2174//2174 2167//2167
f 2167//2167 2174//2174 2169//2169
f 2168//2168 2170//2170 2175//2175
f 2175//2175 2170//2170 2176//2176
f 2175//2175 2176//2176 2177//2177
f 2177//2177 2176//2176 2178//2178
f 2177//2177 2178//2178 2179//2179
f 2177//2177 2179//2179 2180//2180
f 2180//2180 2179//2179 2181//2181
f 2180//2180 2181//2181 2182//2182
f 2182//2182 2181//2181 2183//2183
f 2182//2182 2183//2183 2184//2184
f 2182//2182 2184//2184 2185//2185
f 2185//2185 2184//2184 2186//2186
f 2185//2185 2186//2186 2187//2187
f 2187//2187 2186//2186 2188//2188
f 2187//2187 2189//2189 2185//2185
f 2185//2185 2189//2189 2190//2190
f 2185//2185 2190//2190 2191//2191
f 2190//2190 2189//2189 2192//2192
f 2192//2192 2189//2189 2193//2193
f 2192//2192 2193//2193 2194//2194
f 2194//2194 2193//2193 2195//2195
f 2194//2194 2195//2195 2196//2196
f 2196//2196 2197//2197 2194//2194
f 2194//2194 2197//2197 2198//2198
f 2194//2194 2198//2198 2199//2199
f 2191//2191 2200//2200 2185//2185
f 2185//2185 2200//2200 2182//2182
f 2200//2200 2201//2201 2182//2182
f 2182//2182 2201//2201 2180//2180
f 2201//2201 2202//2202 2180//2180
f 2180//2180 2202//2202 2203//2203
f 2180//2180 2203//2203 2177//2177
f 2177//2177 2203//2203 2204//2204
f 2177//2177 2204//2204 2175//2175
f 2175//2175 2204//2204 2205//2205
f 2175//2175 2205//2205 2206//2206
f 2175//2175 2206//2206 2168//2168
f 2168//2168 2206//2206 2166//2166
f 2207//2207 2208//2208 2209//2209
f 2209//2209 2208//2208 2210//2210
f 2209//2209 2210//2210 2211//2211
f 2211//2211 2212//2212 2209//2209
f 2207//2207 2209//2209 2213//2213
f 2213//2213 2209//2209 2214//2214
f 2213//2213 2214//2214 2215//2215
f 2215//2215 2216//2216 2213//2213
f 2213//2213 2216//2216 2217//2217
f 2213//2213 2217//2217 2218//2218
f 2218//2218 2217//2217 2219//2219
f 2218//2218 2219//2219 2220//2220
f 2220//2220 2219//2219 2221//2221
f 2220//2220 2221//2221 2222//2222
f 2222//2222 2221//2221 2223//2223
f 2223//2223 2221//2221 2224//2224
f 2223//2223 2224//2224 2225//2225
f 2225//2225 2224//2224 2226//2226
f 2225//2225 2226//2226 2227//2227
f 2219//2219 2226//2226 2221//2221
f 2221//2221 2226//2226 2224//2224
f 2228//2228 2229//2229 2227//2227
f 2227//2227 2229//2229 2230//2230
f 2227//2227 2230//2230 2231//2231
f 2231//2231 2230//2230 2232//2232
f 2231//2231 2232//2232 2233//2233
f 2233//2233 2232//2232 2234//2234
f 2233//2233 2234//2234 2235//2235
f 2231//2231 2233//2233 2225//2225
f 2225//2225 2233//2233 2236//2236
f 2225//2225 2236//2236 2223//2223
f 2222//2222 2237//2237 2220//2220
f 2220//2220 2237//2237 2218//2218
f 2237//2237 2238//2238 2218//2218
f 2218//2218 2238//2238 2213//2213
f 2238//2238 2239//2239 2213//2213
f 2213//2213 2239//2239 2207//2207
f 2225//2225 2227//2227 2231//2231
f 2240//2240 2242//2242 2244//2244
f 2243//2243 2241//2241 2245//2245
f 2246//2246 2242//2242 2247//2247
f 2247//2247 2242//2242 2248//2248
f 2247//2247 2248//2248 2249//2249
f 2249//2249 2248//2248 2250//2250
f 2242//2242 2251//2251 2248//2248
f 2252//2252 2253//2253 2254//2254
f 2254//2254 2253//2253 2255//2255
f 2255//2255 2253//2253 2256//2256
f 2256//2256 2253//2253 2257//2257
f 2256//2256 2257//2257 2258//2258
f 2256//2256 2258//2258 2259//2259
f 2259//2259 2258//2258 2260//2260
f 2259//2259 2260//2260 2261//2261
f 2261//2261 2260//2260 2262//2262
f 2262//2262 2260//2260 2263//2263
f 2263//2263 2260//2260 2264//2264
f 2264//2264 2260//2260 2265//2265
f 2264//2264 2265//2265 2266//2266
f 2266//2266 2265//2265 2267//2267
f 2267//2267 2265//2265 2268//2268
f 2268//2268 2265//2265 2269//2269
f 2269//2269 2265//2265 2270//2270
f 2269//2269 2270//2270 2271//2271
f 2271//2271 2270//2270 2272//2272
f 2272//2272 2270//2270 2273//2273
f 2272//2272 2273//2273 2274//2274
f 2272//2272 2274//2274 2275//2275
f 2275//2275 2274//2274 2276//2276
f 2275//2275 2276//2276 2277//2277
f 2277//2277 2276//2276 2278//2278
f 2277//2277 2278//2278 2279//2279
f 2279//2279 2278//2278 2280//2280
f 2279//2279 2280//2280 2281//2281
f 2281//2281 2280//2280 2282//2282
f 2281//2281 2282//2282 2283//2283
f 2283//2283 2282//2282 2284//2284
f 2283//2283 2284//2284 2285//2285
f 2285//2285 2284//2284 2286//2286
f 2285//2285 2286//2286 2287//2287
f 2287//2287 2286//2286 2288//2288
f 2289//2289 2290//2290 2291//2291
f 2291//2291 2290//2290 2292//2292
f 2291//2291 2292//2292 2293//2293
f 2294//2294 2295//2295 2291//2291
f 2291//2291 2295//2295 2296//2296
f 2291//2291 2296//2296 2289//2289
f 2297//2297 2298//2298 2294//2294
f 2294//2294 2298//2298 2299//2299
f 2294//2294 2299//2299 2300//2300
f 2301//2301 2302//2302 2297//2297
f 2297//2297 2302//2302 2303//2303
f 2297//2297 2303//2303 2304//2304
f 2305//2305 2307//2307 2301//2301
f 2301//2301 2307//2307 2309//2309
f 2301//2301 2309//2309 2302//2302
f 2306//2306 2310//2310 2307//2307
f 2308//2308 2310//2310 2311//2311
f 2308//2308 2311//2311 2313//2313
f 2312//2312 2311//2311 2314//2314
f 2304//2304 2298//2298 2297//2297
f 2300//2300 2295//2295 2294//2294
f 2315//2315 2316//2316 2317//2317
f 2317//2317 2316//2316 2318//2318
f 2317//2317 2318//2318 2319//2319
f 2319//2319 2318//2318 2320//2320
f 2319//2319 2320//2320 2321//2321
f 2321//2321 2320//2320 2322//2322
f 2321//2321 2322//2322 2323//2323
f 2320//2320 2324//2324 2322//2322
f 2322//2322 2324//2324 2325//2325
f 2326//2326 2327//2327 2323//2323
f 2323//2323 2327//2327 2328//2328
f 2323//2323 2328//2328 2321//2321
f 2321//2321 2328//2328 2329//2329
f 2321//2321 2329//2329 2330//2330
f 2330//2330 2329//2329 2331//2331
f 2330//2330 2331//2331 2332//2332
f 2332//2332 2331//2331 2333//2333
f 2332//2332 2333//2333 2334//2334
f 2334//2334 2333//2333 2335//2335
f 2334//2334 2335//2335 2336//2336
f 2336//2336 2335//2335 2337//2337
f 2336//2336 2337//2337 2338//2338
f 2338//2338 2337//2337 2339//2339
f 2338//2338 2339//2339 2340//2340
f 2340//2340 2339//2339 2341//2341
f 2340//2340 2341//2341 2342//2342
f 2327//2327 2326//2326 2343//2343
f 2343//2343 2326//2326 2344//2344
f 2343//2343 2344//2344 2345//2345
f 2345//2345 2344//2344 2346//2346
f 2345//2345 2346//2346 2331//2331
f 2331//2331 2346//2346 2333//2333
f 2344//2344 2347//2347 2346//2346
f 2346//2346 2347//2347 2348//2348
f 2346//2346 2348//2348 2333//2333
f 2333//2333 2348//2348 2335//2335
f 2347//2347 2349//2349 2348//2348
f 2348//2348 2349//2349 2335//2335
f 2335//2335 2349//2349 2350//2350
f 2350//2350 2349//2349 2351//2351
f 2350//2350 2351//2351 2352//2352
f 2350//2350 2337//2337 2335//2335
f 2339//2339 2353//2353 2341//2341
f 2342//2342 2354//2354 2340//2340
f 2340//2340 2354//2354 2355//2355
f 2340//2340 2355//2355 2338//2338
f 2338//2338 2355//2355 2356//2356
f 2338//2338 2356//2356 2336//2336
f 2336//2336 2356//2356 2334//2334
f 2354//2354 2357//2357 2355//2355
f 2355//2355 2357//2357 2358//2358
f 2355//2355 2358//2358 2356//2356
f 2356//2356 2358//2358 2359//2359
f 2356//2356 2359//2359 2334//2334
f 2334//2334 2359//2359 2332//2332
f 2357//2357 2360//2360 2358//2358
f 2358//2358 2360//2360 2361//2361
f 2358//2358 2361//2361 2359//2359
f 2359//2359 2361//2361 2362//2362
f 2359//2359 2362//2362 2332//2332
f 2332//2332 2362//2362 2330//2330
f 2360//2360 2363//2363 2361//2361
f 2361//2361 2363//2363 2317//2317
f 2361//2361 2317//2317 2362//2362
f 2362//2362 2317//2317 2319//2319
f 2362//2362 2319//2319 2330//2330
f 2330//2330 2319//2319 2321//2321
f 2363//2363 2315//2315 2317//2317
f 2328//2328 2327//2327 2343//2343
f 2331//2331 2329//2329 2345//2345
f 2345//2345 2329//2329 2343//2343
f 2329//2329 2328//2328 2343//2343
f 2364//2364 2365//2365 2366//2366
f 2366//2366 2365//2365 2367//2367
f 2367//2367 2365//2365 2368//2368
f 2367//2367 2368//2368 2369//2369
f 2369//2369 2368//2368 2370//2370
f 2369//2369 2370//2370 2371//2371
f 2371//2371 2370//2370 2372//2372
f 2371//2371 2372//2372 2373//2373
f 2373//2373 2372//2372 2374//2374
f 2373//2373 2374//2374 2375//2375
f 2375//2375 2374//2374 2376//2376
f 2375//2375 2376//2376 2377//2377
f 2377//2377 2376//2376 2378//2378
f 2377//2377 2378//2378 2379//2379
f 2380//2380 2381//2381 2382//2382
f 2382//2382 2381//2381 2383//2383
f 2383//2383 2381//2381 2384//2384
f 2383//2383 2384//2384 2385//2385
f 2385//2385 2384//2384 2386//2386
f 2385//2385 2386//2386 2387//2387
f 2387//2387 2386//2386 2388//2388
f 2387//2387 2388//2388 2389//2389
f 2389//2389 2388//2388 2390//2390
f 2389//2389 2390//2390 2391//2391
f 2391//2391 2390//2390 2392//2392
f 2391//2391 2392//2392 2393//2393
f 2393//2393 2392//2392 2394//2394
f 2393//2393 2394//2394 2395//2395
f 2396//2396 2398//2398 2400//2400
f 2401//2401 2399//2399 2402//2402
f 2401//2401 2402//2402 2403//2403
f 2404//2404 2405//2405 2401//2401
f 2401//2401 2405//2405 2406//2406
f 2401//2401 2406//2406 2407//2407
f 2407//2407 2408//2408 2401//2401
f 2401//2401 2408//2408 2409//2409
f 2401//2401 2409//2409 2410//2410
f 2410//2410 2411//2411 2401//2401
f 2401//2401 2411//2411 2412//2412
f 2401//2401 2412//2412 2413//2413
f 2413//2413 2412//2412 2414//2414
f 2414//2414 2412//2412 2415//2415
f 2415//2415 2412//2412 2416//2416
f 2416//2416 2412//2412 2417//2417
f 2417//2417 2412//2412 2418//2418
f 2418//2418 2412//2412 2419//2419
f 2418//2418 2419//2419 2420//2420
f 2420//2420 2419//2419 2421//2421
f 2420//2420 2421//2421 2422//2422
f 2422//2422 2421//2421 2423//2423
f 2422//2422 2423//2423 2424//2424
f 2424//2424 2423//2423 2425//2425
f 2424//2424 2425//2425 2426//2426
f 2426//2426 2425//2425 2427//2427
f 2426//2426 2427//2427 2428//2428
f 2428//2428 2427//2427 2429//2429
f 2428//2428 2429//2429 2430//2430
f 2430//2430 2429//2429 2431//2431
f 2430//2430 2431//2431 2432//2432
f 2432//2432 2431//2431 2433//2433
f 2432//2432 2433//2433 2434//2434
f 2432//2432 2434//2434 2435//2435
f 2435//2435 2434//2434 2436//2436
f 2435//2435 2436//2436 2437//2437
f 2437//2437 2438//2438 2435//2435
f 2435//2435 2438//2438 2439//2439
f 2439//2439 2438//2438 2441//2441
f 2440//2440 2443//2443 2444//2444
f 2445//2445 2442//2442 2446//2446
f 2413//2413 2447//2447 2401//2401
f 2401//2401 2447//2447 2448//2448
f 2401//2401 2448//2448 2449//2449
f 2449//2449 2397//2397 2401//2401
f 2450//2450 2453//2453 2454//2454
f 2455//2455 2452//2452 2456//2456
f 2455//2455 2456//2456 2457//2457
f 2453//2453 2450//2450 2460//2460
f 2458//2458 2451//2451 2462//2462
f 2459//2459 2461//2461 2463//2463
f 2463//2463 2461//2461 2464//2464
f 2463//2463 2464//2464 2465//2465
f 2465//2465 2464//2464 2466//2466
f 2465//2465 2466//2466 2467//2467
f 2465//2465 2467//2467 2468//2468
f 2468//2468 2467//2467 2469//2469
f 2468//2468 2469//2469 2470//2470
f 2470//2470 2472//2472 2468//2468
f 2468//2468 2472//2472 2474//2474
f 2473//2473 2471//2471 2475//2475
f 2474//2474 2476//2476 2477//2477
f 2477//2477 2478//2478 2474//2474
f 2474//2474 2478//2478 2479//2479
f 2479//2479 2478//2478 2480//2480
f 2479//2479 2480//2480 2481//2481
f 2481//2481 2480//2480 2482//2482
f 2481//2481 2482//2482 2483//2483
f 2481//2481 2483//2483 2484//2484
f 2484//2484 2483//2483 2485//2485
f 2484//2484 2485//2485 2486//2486
f 2486//2486 2487//2487 2484//2484
f 2484//2484 2487//2487 2488//2488
f 2488//2488 2487//2487 2489//2489
f 2488//2488 2489//2489 2490//2490
f 2490//2490 2489//2489 2491//2491
f 2491//2491 2489//2489 2492//2492
f 2491//2491 2492//2492 2493//2493
f 2493//2493 2492//2492 2494//2494
f 2493//2493 2494//2494 2495//2495
f 2495//2495 2494//2494 2457//2457
f 2457//2457 2494//2494 2455//2455
f 2489//2489 2496//2496 2492//2492
f 2497//2497 2498//2498 2499//2499
f 2499//2499 2498//2498 2500//2500
f 2501//2501 2502//2502 2503//2503
f 2503//2503 2502//2502 2504//2504
f 2503//2503 2504//2504 2505//2505
f 2505//2505 2504//2504 2506//2506
f 2505//2505 2506//2506 2507//2507
f 2507//2507 2506//2506 2508//2508
f 2507//2507 2508//2508 2509//2509
f 2509//2509 2508//2508 2510//2510
f 2509//2509 2510//2510 2511//2511
f 2511//2511 2510//2510 2512//2512
f 2511//2511 2512//2512 2513//2513
f 2513//2513 2512//2512 2514//2514
f 2513//2513 2514//2514 2515//2515
f 2515//2515 2514//2514 2516//2516
f 2515//2515 2516//2516 2517//2517
f 2517//2517 2516//2516 2518//2518
f 2517//2517 2518//2518 2519//2519
f 2519//2519 2518//2518 2520//2520
f 2519//2519 2520//2520 2521//2521
f 2521//2521 2520//2520 2522//2522
f 2521//2521 2522//2522 2523//2523
f 2523//2523 2522//2522 2524//2524
f 2523//2523 2524//2524 2525//2525
f 2525//2525 2524//2524 2526//2526
f 2525//2525 2526//2526 2527//2527
f 2527//2527 2526//2526 2528//2528
f 2527//2527 2528//2528 2529//2529
f 2529//2529 2528//2528 2530//2530
f 2529//2529 2530//2530 2497//2497
f 2497//2497 2530//2530 2498//2498
f 2531//2531 2532//2532 2533//2533
f 2533//2533 2532//2532 2534//2534
f 2533//2533 2534//2534 2535//2535
f 2535//2535 2534//2534 2536//2536
f 2535//2535 2536//2536 2537//2537
f 2537//2537 2536//2536 2538//2538
f 2538//2538 2536//2536 2539//2539
f 2538//2538 2539//2539 2540//2540
f 2540//2540 2539//2539 2541//2541
f 2541//2541 2539//2539 2542//2542
f 2541//2541 2542//2542 2543//2543
f 2543//2543 2542//2542 2544//2544
f 2544//2544 2542//2542 2545//2545
f 2544//2544 2545//2545 2546//2546
f 2546//2546 2545//2545 2547//2547
f 2547//2547 2545//2545 2548//2548
f 2548//2548 2545//2545 2549//2549
f 2548//2548 2549//2549 2550//2550
f 2550//2550 2549//2549 2551//2551
f 2550//2550 2551//2551 2552//2552
f 2552//2552 2551//2551 2534//2534
f 2552//2552 2534//2534 2532//2532
f 2537//2537 2553//2553 2535//2535
f 2535//2535 2553//2553 2554//2554
f 2535//2535 2554//2554 2533//2533
f 2536//2536 2534//2534 2551//2551
f 2539//2539 2536//2536 2551//2551
f 2539//2539 2551//2551 2549//2549
f 2542//2542 2539//2539 2549//2549
f 2542//2542 2549//2549 2545//2545
f 2555//2555 2556//2556 2557//2557
f 2557//2557 2556//2556 2558//2558
f 2558//2558 2556//2556 2559//2559
f 2559//2559 2556//2556 2560//2560
f 2559//2559 2560//2560 2561//2561
f 2561//2561 2560//2560 2562//2562
f 2561//2561 2562//2562 2563//2563
f 2563//2563 2562//2562 2564//2564
f 2565//2565 2566//2566 2567//2567
f 2567//2567 2566//2566 2568//2568
f 2567//2567 2568//2568 2569//2569
f 2569//2569 2568//2568 2570//2570
f 2571//2571 2572//2572 2573//2573
f 2574//2574 2575//2575 2576//2576
f 2576//2576 2575//2575 2577//2577
f 2576//2576 2577//2577 2578//2578
f 2578//2578 2577//2577 2579//2579
f 2579//2579 2577//2577 2580//2580
f 2580//2580 2577//2577 2581//2581
f 2580//2580 2581//2581 2582//2582
f 2582//2582 2581//2581 2583//2583
f 2582//2582 2583//2583 2584//2584
f 2584//2584 2583//2583 2585//2585
f 2584//2584 2585//2585 2586//2586
f 2586//2586 2585//2585 2587//2587
f 2586//2586 2587//2587 2588//2588
f 2574//2574 2589//2589 2575//2575
f 2575//2575 2589//2589 2590//2590
f 2575//2575 2590//2590 2581//2581
f 2581//2581 2590//2590 2591//2591
f 2581//2581 2591//2591 2583//2583
f 2583//2583 2591//2591 2592//2592
f 2583//2583 2592//2592 2585//2585
f 2585//2585 2592//2592 2587//2587
f 2589//2589 2593//2593 2590//2590
f 2590//2590 2593//2593 2591//2591
f 2581//2581 2577//2577 2575//2575
f 2594//2594 2595//2595 2596//2596
f 2596//2596 2595//2595 2597//2597
f 2596//2596 2597//2597 2598//2598
f 2598//2598 2597//2597 2599//2599
f 2598//2598 2599//2599 2600//2600
f 2600//2600 2599//2599 2601//2601
f 2601//2601 2599//2599 2602//2602
f 2601//2601 2602//2602 2603//2603
f 2603//2603 2602//2602 2604//2604
f 2603//2603 2604//2604 2605//2605
f 2605//2605 2604//2604 2606//2606
f 2606//2606 2604//2604 2607//2607
f 2606//2606 2607//2607 2608//2608
f 2608//2608 2607//2607 2609//2609
f 2608//2608 2609//2609 2610//2610
f 2595//2595 2611//2611 2597//2597
f 2597//2597 2611//2611 2612//2612
f 2597//2597 2612//2612 2613//2613
f 2613//2613 2612//2612 2614//2614
f 2613//2613 2614//2614 2615//2615
f 2615//2615 2614//2614 2616//2616
f 2615//2615 2616//2616 2617//2617
f 2615//2615 2617//2617 2607//2607
f 2607//2607 2617//2617 2609//2609
f 2600//2600 2618//2618 2598//2598
f 2598//2598 2618//2618 2619//2619
f 2598//2598 2619//2619 2596//2596
f 2602//2602 2599//2599 2613//2613
f 2613//2613 2599//2599 2597//2597
f 2604//2604 2602//2602 2615//2615
f 2615//2615 2602//2602 2613//2613
f 2607//2607 2604//2604 2615//2615
f 2620//2620 2621//2621 2622//2622
f 2622//2622 2621//2621 2623//2623
f 2623//2623 2621//2621 2624//2624
f 2624//2624 2621//2621 2625//2625
f 2624//2624 2625//2625 2626//2626
f 2626//2626 2625//2625 2627//2627
f 2627//2627 2625//2625 2628//2628
f 2629//2629 2630//2630 2631//2631
f 2631//2631 2630//2630 2632//2632
f 2631//2631 2632//2632 2633//2633
f 2633//2633 2632//2632 2634//2634
f 2633//2633 2634//2634 2635//2635
f 2635//2635 2634//2634 2636//2636
f 2635//2635 2636//2636 2637//2637
f 2637//2637 2636//2636 2638//2638
f 2637//2637 2638//2638 2639//2639
f 2639//2639 2638//2638 2640//2640
f 2639//2639 2640//2640 2641//2641
f 2641//2641 2640//2640 2642//2642
f 2642//2642 2640//2640 2643//2643
f 2642//2642 2643//2643 2644//2644
f 2644//2644 2643//2643 2645//2645
f 2644//2644 2645//2645 2646//2646
f 2646//2646 2645//2645 2647//2647
f 2646//2646 2647//2647 2648//2648
f 2648//2648 2647//2647 2651//2651
f 2648//2648 2651//2651 2653//2653
f 2652//2652 2650//2650 2654//2654
f 2655//2655 2649//2649 2656//2656
f 2655//2655 2656//2656 2658//2658
f 2659//2659 2657//2657 2660//2660
f 2659//2659 2660//2660 2661//2661
f 2661//2661 2660//2660 2662//2662
f 2661//2661 2662//2662 2663//2663
f 2663//2663 2662//2662 2664//2664
f 2663//2663 2664//2664 2665//2665
f 2630//2630 2629//2629 2666//2666
f 2666//2666 2629//2629 2667//2667
f 2666//2666 2667//2667 2665//2665
f 2665//2665 2667//2667 2663//2663
f 2668//2668 2669//2669 2670//2670
f 2670//2670 2669//2669 2671//2671
f 2671//2671 2669//2669 2672//2672
f 2671//2671 2672//2672 2673//2673
f 2673//2673 2674//2674 2671//2671
f 2675//2675 2676//2676 2677//2677
f 2677//2677 2676//2676 2678//2678
f 2677//2677 2678//2678 2679//2679
f 2679//2679 2678//2678 2680//2680
f 2680//2680 2678//2678 2681//2681
f 2680//2680 2681//2681 2682//2682
f 2682//2682 2681//2681 2683//2683
f 2683//2683 2681//2681 2684//2684
f 2684//2684 2681//2681 2685//2685
f 2685//2685 2681//2681 2686//2686
f 2686//2686 2681//2681 2687//2687
f 2687//2687 2681//2681 2688//2688
f 2687//2687 2688//2688 2689//2689
f 2689//2689 2688//2688 2690//2690
f 2690//2690 2688//2688 2691//2691
f 2691//2691 2688//2688 2692//2692
f 2691//2691 2692//2692 2693//2693
f 2694//2694 2695//2695 2696//2696
f 2696//2696 2695//2695 2697//2697
f 2696//2696 2697//2697 2698//2698
f 2698//2698 2697//2697 2702//2702
f 2699//2699 2700//2700 2703//2703
f 2704//2704 2701//2701 2705//2705
f 2707//2707 2708//2708 2710//2710
f 2711//2711 2709//2709 2712//2712
f 2711//2711 2712//2712 2713//2713
f 2713//2713 2712//2712 2714//2714
f 2713//2713 2714//2714 2715//2715
f 2715//2715 2714//2714 2716//2716
f 2715//2715 2716//2716 2717//2717
f 2717//2717 2716//2716 2718//2718
f 2717//2717 2718//2718 2719//2719
f 2719//2719 2718//2718 2720//2720
f 2719//2719 2720//2720 2721//2721
f 2721//2721 2720//2720 2722//2722
f 2721//2721 2722//2722 2723//2723
f 2721//2721 2723//2723 2724//2724
f 2724//2724 2723//2723 2725//2725
f 2724//2724 2725//2725 2726//2726
f 2726//2726 2725//2725 2727//2727
f 2726//2726 2727//2727 2728//2728
f 2728//2728 2727//2727 2729//2729
f 2728//2728 2729//2729 2730//2730
f 2728//2728 2730//2730 2732//2732
f 2733//2733 2731//2731 2737//2737
f 2732//2732 2736//2736 2738//2738
f 2738//2738 2739//2739 2732//2732
f 2732//2732 2739//2739 2740//2740
f 2735//2735 2741//2741 2743//2743
f 2734//2734 2742//2742 2744//2744
f 2744//2744 2742//2742 2747//2747
f 2745//2745 2746//2746 2750//2750
f 2751//2751 2748//2748 2753//2753
f 2749//2749 2752//2752 2755//2755
f 2755//2755 2752//2752 2757//2757
f 2754//2754 2756//2756 2759//2759
f 2759//2759 2756//2756 2760//2760
f 2759//2759 2760//2760 2761//2761
f 2761//2761 2764//2764 2759//2759
f 2758//2758 2763//2763 2765//2765
f 2766//2766 2762//2762 2768//2768
f 2765//2765 2769//2769 2771//2771
f 2770//2770 2773//2773 2767//2767
f 2765//2765 2772//2772 2774//2774
f 2765//2765 2774//2774 2776//2776
f 2777//2777 2775//2775 2779//2779
f 2776//2776 2778//2778 2706//2706
f 2776//2776 2706//2706 2711//2711
f 2780//2780 2781//2781 2782//2782
f 2782//2782 2781//2781 2783//2783
f 2782//2782 2783//2783 2784//2784
f 2785//2785 2786//2786 2780//2780
f 2780//2780 2786//2786 2787//2787
f 2780//2780 2787//2787 2788//2788
f 2788//2788 2787//2787 2789//2789
f 2788//2788 2789//2789 2790//2790
f 2790//2790 2789//2789 2791//2791
f 2790//2790 2791//2791 2792//2792
f 2792//2792 2791//2791 2793//2793
f 2792//2792 2793//2793 2794//2794
f 2794//2794 2793//2793 2795//2795
f 2794//2794 2795//2795 2796//2796
f 2796//2796 2795//2795 2797//2797
f 2796//2796 2797//2797 2798//2798
f 2798//2798 2797//2797 2799//2799
f 2798//2798 2799//2799 2800//2800
f 2800//2800 2799//2799 2801//2801
f 2800//2800 2801//2801 2802//2802
f 2802//2802 2801//2801 2803//2803
f 2802//2802 2803//2803 2804//2804
f 2805//2805 2806//2806 2785//2785
f 2785//2785 2806//2806 2807//2807
f 2785//2785 2807//2807 2808//2808
f 2808//2808 2807//2807 2809//2809
f 2808//2808 2809//2809 2810//2810
f 2810//2810 2809//2809 2811//2811
f 2810//2810 2811//2811 2812//2812
f 2812//2812 2811//2811 2813//2813
f 2812//2812 2813//2813 2814//2814
f 2814//2814 2813//2813 2815//2815
f 2814//2814 2815//2815 2816//2816
f 2816//2816 2815//2815 2817//2817
f 2816//2816 2817//2817 2818//2818
f 2818//2818 2817//2817 2819//2819
f 2818//2818 2819//2819 2820//2820
f 2820//2820 2819//2819 2821//2821
f 2820//2820 2821//2821 2822//2822
f 2822//2822 2821//2821 2823//2823
f 2822//2822 2823//2823 2824//2824
f 2824//2824 2823//2823 2825//2825
f 2824//2824 2825//2825 2826//2826
f 2826//2826 2825//2825 2827//2827
f 2826//2826 2827//2827 2828//2828
f 2828//2828 2827//2827 2829//2829
f 2828//2828 2829//2829 2830//2830
f 2830//2830 2829//2829 2831//2831
f 2830//2830 2831//2831 2832//2832
f 2832//2832 2831//2831 2789//2789
f 2832//2832 2789//2789 2787//2787
f 2806//2806 2805//2805 2833//2833
f 2833//2833 2805//2805 2834//2834
f 2833//2833 2834//2834 2835//2835
f 2835//2835 2834//2834 2836//2836
f 2835//2835 2836//2836 2837//2837
f 2837//2837 2836//2836 2838//2838
f 2837//2837 2838//2838 2839//2839
f 2837//2837 2839//2839 2840//2840
f 2840//2840 2839//2839 2841//2841
f 2840//2840 2841//2841 2842//2842
f 2842//2842 2841//2841 2843//2843
f 2842//2842 2843//2843 2844//2844
f 2844//2844 2843//2843 2845//2845
f 2844//2844 2845//2845 2821//2821
f 2801//2801 2799//2799 2821//2821
f 2821//2821 2799//2799 2846//2846
f 2821//2821 2846//2846 2847//2847
f 2847//2847 2846//2846 2848//2848
f 2847//2847 2848//2848 2849//2849
f 2849//2849 2848//2848 2850//2850
f 2849//2849 2850//2850 2851//2851
f 2851//2851 2850//2850 2852//2852
f 2851//2851 2852//2852 2829//2829
f 2829//2829 2852//2852 2831//2831
f 2802//2802 2804//2804 2853//2853
f 2853//2853 2804//2804 2854//2854
f 2853//2853 2854//2854 2855//2855
f 2855//2855 2854//2854 2856//2856
f 2855//2855 2856//2856 2857//2857
f 2857//2857 2856//2856 2858//2858
f 2857//2857 2858//2858 2859//2859
f 2859//2859 2858//2858 2860//2860
f 2859//2859 2860//2860 2861//2861
f 2861//2861 2860//2860 2862//2862
f 2861//2861 2862//2862 2781//2781
f 2781//2781 2862//2862 2783//2783
f 2785//2785 2863//2863 2864//2864
f 2864//2864 2863//2863 2865//2865
f 2864//2864 2865//2865 2866//2866
f 2866//2866 2865//2865 2867//2867
f 2866//2866 2867//2867 2868//2868
f 2868//2868 2867//2867 2869//2869
f 2868//2868 2869//2869 2870//2870
f 2870//2870 2869//2869 2871//2871
f 2870//2870 2871//2871 2872//2872
f 2872//2872 2871//2871 2873//2873
f 2872//2872 2873//2873 2824//2824
f 2824//2824 2873//2873 2822//2822
f 2785//2785 2864//2864 2874//2874
f 2874//2874 2864//2864 2866//2866
f 2874//2874 2866//2866 2875//2875
f 2875//2875 2866//2866 2868//2868
f 2875//2875 2868//2868 2876//2876
f 2876//2876 2868//2868 2870//2870
f 2876//2876 2870//2870 2877//2877
f 2877//2877 2870//2870 2872//2872
f 2877//2877 2872//2872 2826//2826
f 2826//2826 2872//2872 2824//2824
f 2785//2785 2878//2878 2786//2786
f 2786//2786 2878//2878 2879//2879
f 2786//2786 2879//2879 2832//2832
f 2832//2832 2879//2879 2830//2830
f 2821//2821 2819//2819 2844//2844
f 2844//2844 2819//2819 2817//2817
f 2844//2844 2817//2817 2842//2842
f 2842//2842 2817//2817 2815//2815
f 2842//2842 2815//2815 2840//2840
f 2840//2840 2815//2815 2813//2813
f 2840//2840 2813//2813 2837//2837
f 2837//2837 2813//2813 2811//2811
f 2837//2837 2811//2811 2835//2835
f 2835//2835 2811//2811 2809//2809
f 2835//2835 2809//2809 2833//2833
f 2833//2833 2809//2809 2807//2807
f 2833//2833 2807//2807 2806//2806
f 2825//2825 2823//2823 2880//2880
f 2880//2880 2823//2823 2821//2821
f 2880//2880 2821//2821 2881//2881
f 2881//2881 2821//2821 2847//2847
f 2881//2881 2847//2847 2849//2849
f 2781//2781 2780//2780 2788//2788
f 2788//2788 2790//2790 2781//2781
f 2781//2781 2790//2790 2861//2861
f 2790//2790 2792//2792 2861//2861
f 2861//2861 2792//2792 2859//2859
f 2792//2792 2794//2794 2859//2859
f 2859//2859 2794//2794 2857//2857
f 2794//2794 2796//2796 2857//2857
f 2857//2857 2796//2796 2855//2855
f 2800//2800 2802//2802 2853//2853
f 2796//2796 2798//2798 2855//2855
f 2855//2855 2798//2798 2853//2853
f 2798//2798 2800//2800 2853//2853
f 2786//2786 2832//2832 2787//2787
f 2791//2791 2789//2789 2831//2831
f 2793//2793 2791//2791 2852//2852
f 2852//2852 2791//2791 2831//2831
f 2795//2795 2793//2793 2850//2850
f 2850//2850 2793//2793 2852//2852
f 2797//2797 2795//2795 2848//2848
f 2848//2848 2795//2795 2850//2850
f 2799//2799 2797//2797 2846//2846
f 2846//2846 2797//2797 2848//2848
f 2863//2863 2785//2785 2808//2808
f 2822//2822 2873//2873 2820//2820
f 2820//2820 2873//2873 2818//2818
f 2873//2873 2871//2871 2818//2818
f 2818//2818 2871//2871 2816//2816
f 2871//2871 2869//2869 2816//2816
f 2816//2816 2869//2869 2814//2814
f 2869//2869 2867//2867 2814//2814
f 2814//2814 2867//2867 2812//2812
f 2863//2863 2808//2808 2810//2810
f 2867//2867 2865//2865 2812//2812
f 2812//2812 2865//2865 2810//2810
f 2785//2785 2874//2874 2882//2882
f 2882//2882 2874//2874 2875//2875
f 2882//2882 2875//2875 2883//2883
f 2883//2883 2875//2875 2876//2876
f 2883//2883 2876//2876 2884//2884
f 2884//2884 2876//2876 2877//2877
f 2884//2884 2877//2877 2828//2828
f 2828//2828 2877//2877 2826//2826
f 2865//2865 2863//2863 2810//2810
f 2785//2785 2882//2882 2878//2878
f 2878//2878 2882//2882 2883//2883
f 2878//2878 2883//2883 2879//2879
f 2879//2879 2883//2883 2884//2884
f 2879//2879 2884//2884 2830//2830
f 2830//2830 2884//2884 2828//2828
f 2825//2825 2880//2880 2885//2885
f 2885//2885 2880//2880 2881//2881
f 2885//2885 2881//2881 2849//2849
f 2825//2825 2885//2885 2827//2827
f 2827//2827 2885//2885 2851//2851
f 2827//2827 2851//2851 2829//2829
f 2851//2851 2885//2885 2849//2849
f 2886//2886 2887//2887 2888//2888
f 2888//2888 2887//2887 2889//2889
f 2888//2888 2889//2889 2890//2890
f 2890//2890 2889//2889 2891//2891
f 2890//2890 2891//2891 2892//2892
f 2892//2892 2891//2891 2893//2893
f 2892//2892 2893//2893 2894//2894
f 2894//2894 2893//2893 2895//2895
f 2894//2894 2895//2895 2896//2896
f 2896//2896 2897//2897 2894//2894
f 2894//2894 2897//2897 2898//2898
f 2899//2899 2900//2900 2888//2888
f 2888//2888 2900//2900 2901//2901
f 2888//2888 2901//2901 2902//2902
f 2902//2902 2886//2886 2888//2888
f 2903//2903 2904//2904 2905//2905
f 2905//2905 2904//2904 2906//2906
f 2905//2905 2906//2906 2907//2907
f 2907//2907 2906//2906 2908//2908
f 2907//2907 2908//2908 2909//2909
f 2909//2909 2908//2908 2910//2910
f 2910//2910 2908//2908 2911//2911
f 2910//2910 2911//2911 2912//2912
f 2912//2912 2911//2911 2913//2913
f 2912//2912 2913//2913 2914//2914
f 2915//2915 2916//2916 2904//2904
f 2904//2904 2916//2916 2917//2917
f 2904//2904 2917//2917 2918//2918
f 2918//2918 2919//2919 2904//2904
f 2904//2904 2919//2919 2920//2920
f 2904//2904 2920//2920 2921//2921
f 2904//2904 2921//2921 2906//2906
f 2906//2906 2921//2921 2922//2922
f 2906//2906 2922//2922 2908//2908
f 2908//2908 2922//2922 2923//2923
f 2908//2908 2923//2923 2911//2911
f 2911//2911 2923//2923 2913//2913
f 2914//2914 2924//2924 2912//2912
f 2912//2912 2924//2924 2925//2925
f 2912//2912 2925//2925 2926//2926
f 2926//2926 2910//2910 2912//2912
f 2927//2927 2928//2928 2929//2929
f 2929//2929 2928//2928 2930//2930
f 2929//2929 2930//2930 2931//2931
f 2931//2931 2930//2930 2932//2932
f 2932//2932 2930//2930 2933//2933
f 2932//2932 2933//2933 2934//2934
f 2932//2932 2934//2934 2935//2935
f 2935//2935 2934//2934 2936//2936
f 2935//2935 2936//2936 2937//2937
f 2937//2937 2936//2936 2938//2938
f 2937//2937 2938//2938 2939//2939
f 2939//2939 2938//2938 2940//2940
f 2939//2939 2940//2940 2941//2941
f 2941//2941 2940//2940 2942//2942
f 2941//2941 2942//2942 2943//2943
f 2943//2943 2942//2942 2944//2944
f 2944//2944 2942//2942 2945//2945
f 2944//2944 2945//2945 2946//2946
f 2944//2944 2946//2946 2947//2947
f 2947//2947 2946//2946 2948//2948
f 2947//2947 2948//2948 2949//2949
f 2949//2949 2948//2948 2950//2950
f 2949//2949 2950//2950 2951//2951
f 2951//2951 2952//2952 2949//2949
f 2953//2953 2954//2954 2956//2956
f 2955//2955 2954//2954 2957//2957
f 2957//2957 2954//2954 2958//2958
f 2957//2957 2958//2958 2959//2959
f 2959//2959 2958//2958 2961//2961
f 2961//2961 2958//2958 2962//2962
f 2960//2960 2962//2962 2963//2963
f 2964//2964 2965//2965 2966//2966
f 2966//2966 2965//2965 2967//2967
f 2966//2966 2967//2967 2968//2968
f 2968//2968 2967//2967 2969//2969
f 2968//2968 2969//2969 2970//2970
f 2970//2970 2969//2969 2971//2971
f 2970//2970 2971//2971 2972//2972
f 2965//2965 2964//2964 2973//2973
f 2973//2973 2964//2964 2974//2974
f 2973//2973 2974//2974 2975//2975
f 2975//2975 2974//2974 2976//2976
f 2975//2975 2976//2976 2977//2977
f 2978//2978 2979//2979 2977//2977
f 2977//2977 2979//2979 2980//2980
f 2977//2977 2980//2980 2975//2975
f 2975//2975 2980//2980 2981//2981
f 2975//2975 2981//2981 2982//2982
f 2979//2979 2978//2978 2983//2983
f 2983//2983 2978//2978 2984//2984
f 2983//2983 2984//2984 2985//2985
f 2985//2985 2984//2984 2986//2986
f 2985//2985 2986//2986 2987//2987
f 2987//2987 2986//2986 2988//2988
f 2987//2987 2988//2988 2989//2989
f 2989//2989 2988//2988 2990//2990
f 2989//2989 2990//2990 2991//2991
f 2991//2991 2990//2990 2992//2992
f 2991//2991 2993//2993 2989//2989
f 2989//2989 2993//2993 2994//2994
f 2989//2989 2994//2994 2987//2987
f 2987//2987 2994//2994 2995//2995
f 2987//2987 2995//2995 2985//2985
f 2985//2985 2995//2995 2996//2996
f 2985//2985 2996//2996 2997//2997
f 2985//2985 2997//2997 2983//2983
f 2983//2983 2997//2997 2998//2998
f 2983//2983 2998//2998 2999//2999
f 2983//2983 2999//2999 2979//2979
f 2979//2979 2999//2999 3000//3000
f 2979//2979 3000//3000 2980//2980
f 2980//2980 3000//3000 2981//2981
f 2975//2975 2982//2982 2973//2973
f 2973//2973 2982//2982 3001//3001
f 2973//2973 3001//3001 2965//2965
f 2965//2965 3001//3001 3002//3002
f 2965//2965 3002//3002 2967//2967
f 2967//2967 3002//3002 3003//3003
f 2967//2967 3003//3003 2969//2969
f 2969//2969 3003//3003 2971//2971
f 2970//2970 2972//2972 3004//3004
f 3004//3004 2972//2972 3005//3005
f 3004//3004 3005//3005 3006//3006
f 3006//3006 3005//3005 3007//3007
f 3006//3006 3007//3007 3008//3008
f 3008//3008 3007//3007 3009//3009
f 3008//3008 3009//3009 3010//3010
f 3010//3010 3009//3009 3011//3011
f 3010//3010 3011//3011 3012//3012
f 3012//3012 3011//3011 3013//3013
f 3012//3012 3013//3013 3014//3014
f 3014//3014 3013//3013 3015//3015
f 3014//3014 3016//3016 3012//3012
f 3012//3012 3016//3016 3017//3017
f 3012//3012 3017//3017 3018//3018
f 3018//3018 3017//3017 3019//3019
f 3018//3018 3019//3019 3020//3020
f 3020//3020 3021//3021 3018//3018
f 3018//3018 3022//3022 3012//3012
f 3012//3012 3022//3022 3010//3010
f 3022//3022 3023//3023 3010//3010
f 3010//3010 3023//3023 3008//3008
f 3008//3008 3023//3023 3006//3006
f 3006//3006 3023//3023 3024//3024
f 3006//3006 3024//3024 3004//3004
f 3004//3004 3024//3024 3025//3025
f 3004//3004 3025//3025 3026//3026
f 3004//3004 3026//3026 2970//2970
f 2970//2970 3026//3026 2968//2968
f 3027//3027 3028//3028 3029//3029
f 3029//3029 3028//3028 3030//3030
f 3029//3029 3030//3030 3031//3031
f 3031//3031 3030//3030 3032//3032
f 3031//3031 3032//3032 3033//3033
f 3033//3033 3032//3032 3034//3034
f 3033//3033 3034//3034 3035//3035
f 3035//3035 3034//3034 3036//3036
f 3035//3035 3036//3036 3037//3037
f 3037//3037 3036//3036 3038//3038
f 3037//3037 3038//3038 3039//3039
f 3039//3039 3038//3038 3040//3040
f 3039//3039 3040//3040 3041//3041
f 3041//3041 3040//3040 3042//3042
f 3041//3041 3042//3042 3043//3043
f 3043//3043 3042//3042 3044//3044
f 3043//3043 3044//3044 3045//3045
f 3045//3045 3044//3044 3046//3046
f 3045//3045 3046//3046 3047//3047
f 3047//3047 3046//3046 3048//3048
f 3047//3047 3048//3048 3049//3049
f 3049//3049 3048//3048 3050//3050
f 3049//3049 3050//3050 3051//3051
f 3051//3051 3050//3050 3052//3052
f 3051//3051 3052//3052 3053//3053
f 3028//3028 3027//3027 3054//3054
f 3054//3054 3027//3027 3055//3055
f 3054//3054 3055//3055 3056//3056
f 3056//3056 3055//3055 3057//3057
f 3056//3056 3057//3057 3058//3058
f 3058//3058 3057//3057 3059//3059
f 3058//3058 3059//3059 3060//3060
f 3060//3060 3059//3059 3061//3061
f 3060//3060 3061//3061 3062//3062
f 3062//3062 3061//3061 3063//3063
f 3062//3062 3063//3063 3064//3064
f 3064//3064 3063//3063 3065//3065
f 3064//3064 3065//3065 3066//3066
f 3066//3066 3065//3065 3067//3067
f 3066//3066 3067//3067 3068//3068
f 3068//3068 3067//3067 3069//3069
f 3068//3068 3069//3069 3070//3070
f 3070//3070 3069//3069 3071//3071
f 3070//3070 3071//3071 3072//3072
f 3057//3057 3055//3055 3073//3073
f 3073//3073 3055//3055 3074//3074
f 3073//3073 3074//3074 3075//3075
f 3075//3075 3074//3074 3076//3076
f 3075//3075 3076//3076 3077//3077
f 3077//3077 3076//3076 3078//3078
f 3077//3077 3078//3078 3061//3061
f 3061//3061 3078//3078 3063//3063
f 3079//3079 3080//3080 3074//3074
f 3074//3074 3080//3080 3081//3081
f 3074//3074 3081//3081 3076//3076
f 3076//3076 3081//3081 3082//3082
f 3076//3076 3082//3082 3078//3078
f 3078//3078 3082//3082 3083//3083
f 3078//3078 3083//3083 3063//3063
f 3063//3063 3083//3083 3065//3065
f 3080//3080 3079//3079 3084//3084
f 3084//3084 3079//3079 3085//3085
f 3084//3084 3085//3085 3086//3086
f 3086//3086 3085//3085 3087//3087
f 3086//3086 3087//3087 3088//3088
f 3088//3088 3087//3087 3089//3089
f 3088//3088 3089//3089 3082//3082
f 3082//3082 3089//3089 3083//3083
f 3085//3085 3090//3090 3087//3087
f 3087//3087 3090//3090 3091//3091
f 3087//3087 3091//3091 3089//3089
f 3089//3089 3091//3091 3092//3092
f 3089//3089 3092//3092 3083//3083
f 3083//3083 3092//3092 3065//3065
f 3091//3091 3090//3090 3093//3093
f 3093//3093 3090//3090 3071//3071
f 3093//3093 3071//3071 3069//3069
f 3094//3094 3095//3095 3072//3072
f 3072//3072 3095//3095 3096//3096
f 3072//3072 3096//3096 3070//3070
f 3070//3070 3096//3096 3097//3097
f 3070//3070 3097//3097 3068//3068
f 3068//3068 3097//3097 3098//3098
f 3068//3068 3098//3098 3066//3066
f 3066//3066 3098//3098 3099//3099
f 3066//3066 3099//3099 3064//3064
f 3064//3064 3099//3099 3100//3100
f 3064//3064 3100//3100 3062//3062
f 3062//3062 3100//3100 3101//3101
f 3062//3062 3101//3101 3060//3060
f 3060//3060 3101//3101 3102//3102
f 3060//3060 3102//3102 3058//3058
f 3058//3058 3102//3102 3103//3103
f 3058//3058 3103//3103 3056//3056
f 3056//3056 3103//3103 3054//3054
f 3052//3052 3104//3104 3094//3094
f 3094//3094 3104//3104 3105//3105
f 3094//3094 3105//3105 3095//3095
f 3095//3095 3105//3105 3106//3106
f 3095//3095 3106//3106 3107//3107
f 3107//3107 3106//3106 3108//3108
f 3107//3107 3108//3108 3109//3109
f 3109//3109 3108//3108 3110//3110
f 3109//3109 3110//3110 3111//3111
f 3111//3111 3110//3110 3112//3112
f 3111//3111 3112//3112 3113//3113
f 3113//3113 3112//3112 3114//3114
f 3113//3113 3114//3114 3115//3115
f 3115//3115 3114//3114 3116//3116
f 3115//3115 3116//3116 3117//3117
f 3117//3117 3116//3116 3118//3118
f 3117//3117 3118//3118 3119//3119
f 3119//3119 3118//3118 3030//3030
f 3119//3119 3030//3030 3028//3028
f 3051//3051 3053//3053 3120//3120
f 3120//3120 3053//3053 3121//3121
f 3120//3120 3121//3121 3122//3122
f 3122//3122 3121//3121 3123//3123
f 3122//3122 3123//3123 3124//3124
f 3124//3124 3123//3123 3125//3125
f 3124//3124 3125//3125 3126//3126
f 3126//3126 3125//3125 3127//3127
f 3126//3126 3127//3127 3128//3128
f 3128//3128 3127//3127 3129//3129
f 3128//3128 3129//3129 3130//3130
f 3130//3130 3129//3129 3131//3131
f 3130//3130 3131//3131 3132//3132
f 3132//3132 3131//3131 3133//3133
f 3132//3132 3133//3133 3134//3134
f 3134//3134 3133//3133 3135//3135
f 3134//3134 3135//3135 3136//3136
f 3136//3136 3135//3135 3137//3137
f 3136//3136 3137//3137 3045//3045
f 3045//3045 3137//3137 3043//3043
f 3127//3127 3138//3138 3129//3129
f 3129//3129 3138//3138 3139//3139
f 3129//3129 3139//3139 3140//3140
f 3140//3140 3139//3139 3141//3141
f 3140//3140 3141//3141 3142//3142
f 3142//3142 3141//3141 3143//3143
f 3142//3142 3143//3143 3144//3144
f 3144//3144 3143//3143 3145//3145
f 3144//3144 3145//3145 3146//3146
f 3146//3146 3145//3145 3147//3147
f 3146//3146 3147//3147 3148//3148
f 3138//3138 3149//3149 3139//3139
f 3139//3139 3149//3149 3150//3150
f 3139//3139 3150//3150 3141//3141
f 3141//3141 3150//3150 3151//3151
f 3141//3141 3151//3151 3143//3143
f 3143//3143 3151//3151 3152//3152
f 3143//3143 3152//3152 3145//3145
f 3145//3145 3152//3152 3147//3147
f 3149//3149 3153//3153 3150//3150
f 3150//3150 3153//3153 3154//3154
f 3150//3150 3154//3154 3151//3151
f 3151//3151 3154//3154 3155//3155
f 3151//3151 3155//3155 3152//3152
f 3152//3152 3155//3155 3156//3156
f 3152//3152 3156//3156 3147//3147
f 3154//3154 3153//3153 3157//3157
f 3157//3157 3153//3153 3158//3158
f 3157//3157 3158//3158 3159//3159
f 3159//3159 3158//3158 3160//3160
f 3159//3159 3160//3160 3161//3161
f 3161//3161 3162//3162 3159//3159
f 3157//3157 3159//3159 3155//3155
f 3155//3155 3159//3159 3156//3156
f 3146//3146 3148//3148 3163//3163
f 3163//3163 3148//3148 3164//3164
f 3163//3163 3164//3164 3165//3165
f 3165//3165 3164//3164 3166//3166
f 3165//3165 3166//3166 3167//3167
f 3167//3167 3166//3166 3168//3168
f 3167//3167 3168//3168 3169//3169
f 3169//3169 3168//3168 3037//3037
f 3169//3169 3037//3037 3039//3039
f 3166//3166 3170//3170 3168//3168
f 3168//3168 3170//3170 3035//3035
f 3168//3168 3035//3035 3037//3037
f 3170//3170 3033//3033 3035//3035
f 3155//3155 3154//3154 3157//3157
f 3119//3119 3028//3028 3103//3103
f 3103//3103 3028//3028 3054//3054
f 3030//3030 3118//3118 3032//3032
f 3032//3032 3118//3118 3171//3171
f 3032//3032 3171//3171 3034//3034
f 3034//3034 3171//3171 3036//3036
f 3165//3165 3167//3167 3172//3172
f 3172//3172 3167//3167 3169//3169
f 3172//3172 3169//3169 3173//3173
f 3173//3173 3169//3169 3039//3039
f 3173//3173 3039//3039 3041//3041
f 3163//3163 3165//3165 3174//3174
f 3174//3174 3165//3165 3172//3172
f 3174//3174 3172//3172 3175//3175
f 3175//3175 3172//3172 3173//3173
f 3175//3175 3173//3173 3176//3176
f 3176//3176 3173//3173 3041//3041
f 3176//3176 3041//3041 3043//3043
f 3146//3146 3163//3163 3177//3177
f 3177//3177 3163//3163 3174//3174
f 3177//3177 3174//3174 3178//3178
f 3178//3178 3174//3174 3175//3175
f 3178//3178 3175//3175 3179//3179
f 3179//3179 3175//3175 3176//3176
f 3179//3179 3176//3176 3137//3137
f 3137//3137 3176//3176 3043//3043
f 3100//3100 3099//3099 3113//3113
f 3113//3113 3099//3099 3111//3111
f 3109//3109 3111//3111 3098//3098
f 3098//3098 3111//3111 3099//3099
f 3110//3110 3180//3180 3181//3181
f 3181//3181 3180//3180 3042//3042
f 3181//3181 3042//3042 3040//3040
f 3042//3042 3180//3180 3044//3044
f 3044//3044 3180//3180 3182//3182
f 3044//3044 3182//3182 3046//3046
f 3046//3046 3182//3182 3183//3183
f 3046//3046 3183//3183 3048//3048
f 3048//3048 3183//3183 3104//3104
f 3048//3048 3104//3104 3050//3050
f 3050//3050 3104//3104 3052//3052
f 3182//3182 3180//3180 3108//3108
f 3108//3108 3180//3180 3110//3110
f 3045//3045 3047//3047 3136//3136
f 3136//3136 3047//3047 3184//3184
f 3136//3136 3184//3184 3134//3134
f 3134//3134 3184//3184 3185//3185
f 3134//3134 3185//3185 3132//3132
f 3132//3132 3185//3185 3186//3186
f 3132//3132 3186//3186 3130//3130
f 3130//3130 3186//3186 3126//3126
f 3130//3130 3126//3126 3128//3128
f 3129//3129 3140//3140 3131//3131
f 3131//3131 3140//3140 3187//3187
f 3131//3131 3187//3187 3133//3133
f 3133//3133 3187//3187 3188//3188
f 3133//3133 3188//3188 3135//3135
f 3135//3135 3188//3188 3179//3179
f 3135//3135 3179//3179 3137//3137
f 3110//3110 3181//3181 3112//3112
f 3112//3112 3181//3181 3189//3189
f 3112//3112 3189//3189 3114//3114
f 3114//3114 3189//3189 3190//3190
f 3114//3114 3190//3190 3116//3116
f 3116//3116 3190//3190 3171//3171
f 3116//3116 3171//3171 3118//3118
f 3189//3189 3181//3181 3040//3040
f 3101//3101 3100//3100 3115//3115
f 3115//3115 3100//3100 3113//3113
f 3073//3073 3075//3075 3077//3077
f 3073//3073 3077//3077 3059//3059
f 3059//3059 3077//3077 3061//3061
f 3120//3120 3122//3122 3191//3191
f 3191//3191 3122//3122 3124//3124
f 3191//3191 3124//3124 3186//3186
f 3186//3186 3124//3124 3126//3126
f 3051//3051 3120//3120 3192//3192
f 3192//3192 3120//3120 3191//3191
f 3192//3192 3191//3191 3185//3185
f 3185//3185 3191//3191 3186//3186
f 3106//3106 3105//3105 3183//3183
f 3183//3183 3105//3105 3104//3104
f 3097//3097 3096//3096 3107//3107
f 3107//3107 3096//3096 3095//3095
f 3092//3092 3091//3091 3093//3093
f 3092//3092 3093//3093 3067//3067
f 3067//3067 3093//3093 3069//3069
f 3080//3080 3084//3084 3086//3086
f 3080//3080 3086//3086 3088//3088
f 3051//3051 3192//3192 3049//3049
f 3049//3049 3192//3192 3184//3184
f 3049//3049 3184//3184 3047//3047
f 3184//3184 3192//3192 3185//3185
f 3108//3108 3106//3106 3182//3182
f 3182//3182 3106//3106 3183//3183
f 3098//3098 3097//3097 3109//3109
f 3109//3109 3097//3097 3107//3107
f 3065//3065 3092//3092 3067//3067
f 3081//3081 3080//3080 3088//3088
f 3081//3081 3088//3088 3082//3082
f 3140//3140 3142//3142 3187//3187
f 3187//3187 3142//3142 3193//3193
f 3187//3187 3193//3193 3188//3188
f 3188//3188 3193//3193 3178//3178
f 3188//3188 3178//3178 3179//3179
f 3190//3190 3189//3189 3038//3038
f 3038//3038 3189//3189 3040//3040
f 3102//3102 3101//3101 3117//3117
f 3117//3117 3101//3101 3115//3115
f 3057//3057 3073//3073 3059//3059
f 3117//3117 3119//3119 3102//3102
f 3102//3102 3119//3119 3103//3103
f 3038//3038 3036//3036 3190//3190
f 3190//3190 3036//3036 3171//3171
f 3146//3146 3177//3177 3144//3144
f 3144//3144 3177//3177 3193//3193
f 3144//3144 3193//3193 3142//3142
f 3193//3193 3177//3177 3178//3178
f 3194//3194 3195//3195 3196//3196
f 3196//3196 3195//3195 3197//3197
f 3196//3196 3197//3197 3198//3198
f 3198//3198 3197//3197 3199//3199
f 3199//3199 3197//3197 3200//3200
f 3199//3199 3200//3200 3201//3201
f 3201//3201 3200//3200 3202//3202
f 3201//3201 3202//3202 3203//3203
f 3203//3203 3202//3202 3204//3204
f 3203//3203 3204//3204 3205//3205
f 3205//3205 3204//3204 3206//3206
f 3205//3205 3206//3206 3207//3207
f 3207//3207 3206//3206 3208//3208
f 3207//3207 3208//3208 3209//3209
f 3209//3209 3208//3208 3210//3210
f 3209//3209 3210//3210 3211//3211
f 3211//3211 3210//3210 3212//3212
f 3211//3211 3212//3212 3213//3213
f 3213//3213 3212//3212 3214//3214
f 3213//3213 3214//3214 3215//3215
f 3215//3215 3214//3214 3216//3216
f 3215//3215 3216//3216 3217//3217
f 3217//3217 3216//3216 3218//3218
f 3217//3217 3218//3218 3219//3219
f 3195//3195 3194//3194 3220//3220
f 3220//3220 3194//3194 3221//3221
f 3220//3220 3221//3221 3222//3222
f 3222//3222 3221//3221 3223//3223
f 3222//3222 3223//3223 3224//3224
f 3224//3224 3223//3223 3225//3225
f 3224//3224 3225//3225 3226//3226
f 3226//3226 3225//3225 3227//3227
f 3226//3226 3227//3227 3228//3228
f 3228//3228 3227//3227 3229//3229
f 3228//3228 3229//3229 3230//3230
f 3230//3230 3229//3229 3231//3231
f 3230//3230 3231//3231 3232//3232
f 3232//3232 3231//3231 3233//3233
f 3232//3232 3233//3233 3234//3234
f 3234//3234 3233//3233 3216//3216
f 3234//3234 3216//3216 3214//3214
f 3233//3233 3218//3218 3216//3216
f 3217//3217 3219//3219 3235//3235
f 3235//3235 3219//3219 3236//3236
f 3235//3235 3236//3236 3237//3237
f 3237//3237 3236//3236 3238//3238
f 3237//3237 3238//3238 3239//3239
f 3239//3239 3238//3238 3240//3240
f 3239//3239 3240//3240 3241//3241
f 3241//3241 3240//3240 3242//3242
f 3241//3241 3242//3242 3243//3243
f 3243//3243 3242//3242 3244//3244
f 3243//3243 3244//3244 3245//3245
f 3243//3243 3245//3245 3246//3246
f 3246//3246 3245//3245 3247//3247
f 3246//3246 3247//3247 3248//3248
f 3246//3246 3248//3248 3249//3249
f 3249//3249 3248//3248 3250//3250
f 3249//3249 3250//3250 3251//3251
f 3251//3251 3250//3250 3252//3252
f 3251//3251 3252//3252 3253//3253
f 3254//3254 3255//3255 3253//3253
f 3253//3253 3255//3255 3256//3256
f 3253//3253 3256//3256 3251//3251
f 3251//3251 3256//3256 3239//3239
f 3251//3251 3239//3239 3241//3241
f 3255//3255 3254//3254 3257//3257
f 3257//3257 3254//3254 3258//3258
f 3257//3257 3258//3258 3215//3215
f 3215//3215 3258//3258 3213//3213
f 3246//3246 3249//3249 3243//3243
f 3243//3243 3249//3249 3241//3241
f 3249//3249 3251//3251 3241//3241
f 3239//3239 3256//3256 3237//3237
f 3237//3237 3256//3256 3255//3255
f 3237//3237 3255//3255 3235//3235
f 3235//3235 3255//3255 3257//3257
f 3235//3235 3257//3257 3217//3217
f 3217//3217 3257//3257 3215//3215
f 3214//3214 3212//3212 3234//3234
f 3234//3234 3212//3212 3232//3232
f 3212//3212 3210//3210 3232//3232
f 3232//3232 3210//3210 3230//3230
f 3210//3210 3208//3208 3230//3230
f 3230//3230 3208//3208 3228//3228
f 3208//3208 3206//3206 3228//3228
f 3228//3228 3206//3206 3226//3226
f 3206//3206 3204//3204 3226//3226
f 3226//3226 3204//3204 3224//3224
f 3204//3204 3202//3202 3224//3224
f 3224//3224 3202//3202 3222//3222
f 3197//3197 3195//3195 3220//3220
f 3202//3202 3200//3200 3222//3222
f 3222//3222 3200//3200 3220//3220
f 3200//3200 3197//3197 3220//3220
f 3259//3259 3260//3260 3261//3261
f 3261//3261 3260//3260 3262//3262
f 3262//3262 3260//3260 3263//3263
f 3262//3262 3263//3263 3264//3264
f 3265//3265 3266//3266 3264//3264
f 3264//3264 3266//3266 3267//3267
f 3264//3264 3267//3267 3268//3268
f 3269//3269 3270//3270 3268//3268
f 3268//3268 3270//3270 3264//3264
f 3270//3270 3262//3262 3264//3264
f 3271//3271 3272//3272 3273//3273
f 3273//3273 3272//3272 3274//3274
f 3273//3273 3274//3274 3275//3275
f 3275//3275 3274//3274 3276//3276
f 3275//3275 3276//3276 3277//3277
f 3277//3277 3276//3276 3278//3278
f 3277//3277 3278//3278 3279//3279
f 3279//3279 3278//3278 3280//3280
f 3279//3279 3280//3280 3281//3281
f 3281//3281 3280//3280 3282//3282
f 3281//3281 3282//3282 3283//3283
f 3283//3283 3282//3282 3284//3284
f 3283//3283 3284//3284 3285//3285
f 3285//3285 3284//3284 3286//3286
f 3285//3285 3286//3286 3287//3287
f 3287//3287 3286//3286 3288//3288
f 3288//3288 3286//3286 3289//3289
f 3288//3288 3289//3289 3290//3290
f 3290//3290 3289//3289 3291//3291
f 3291//3291 3289//3289 3292//3292
f 3292//3292 3289//3289 3293//3293
f 3292//3292 3293//3293 3294//3294
f 3294//3294 3293//3293 3295//3295
f 3294//3294 3295//3295 3296//3296
f 3296//3296 3295//3295 3297//3297
f 3297//3297 3295//3295 3298//3298
f 3297//3297 3298//3298 3299//3299
f 3299//3299 3298//3298 3300//3300
f 3299//3299 3300//3300 3282//3282
f 3282//3282 3300//3300 3284//3284
f 3272//3272 3271//3271 3301//3301
f 3301//3301 3271//3271 3303//3303
f 3302//3302 3303//3303 3305//3305
f 3304//3304 3303//3303 3306//3306
f 3304//3304 3306//3306 3307//3307
f 3307//3307 3306//3306 3308//3308
f 3307//3307 3308//3308 3309//3309
f 3309//3309 3308//3308 3276//3276
f 3309//3309 3276//3276 3274//3274
f 3308//3308 3306//3306 3278//3278
f 3278//3278 3306//3306 3280//3280
f 3280//3280 3299//3299 3282//3282
f 3285//3285 3287//3287 3310//3310
f 3310//3310 3287//3287 3311//3311
f 3310//3310 3311//3311 3312//3312
f 3312//3312 3311//3311 3275//3275
f 3312//3312 3275//3275 3277//3277
f 3311//3311 3273//3273 3275//3275
f 3274//3274 3272//3272 3309//3309
f 3309//3309 3272//3272 3304//3304
f 3309//3309 3304//3304 3307//3307
f 3304//3304 3272//3272 3301//3301
f 3278//3278 3276//3276 3308//3308
f 3281//3281 3283//3283 3313//3313
f 3313//3313 3283//3283 3312//3312
f 3313//3313 3312//3312 3277//3277
f 3279//3279 3281//3281 3313//3313
f 3279//3279 3313//3313 3277//3277
f 3285//3285 3310//3310 3283//3283
f 3283//3283 3310//3310 3312//3312
f 3284//3284 3300//3300 3314//3314
f 3314//3314 3300//3300 3298//3298
f 3314//3314 3298//3298 3293//3293
f 3293//3293 3298//3298 3295//3295
f 3289//3289 3286//3286 3314//3314
f 3314//3314 3286//3286 3284//3284
f 3289//3289 3314//3314 3293//3293
f 3315//3315 3316//3316 3317//3317
f 3317//3317 3316//3316 3318//3318
f 3317//3317 3318//3318 3319//3319
f 3319//3319 3318//3318 3320//3320
f 3320//3320 3318//3318 3321//3321
f 3320//3320 3321//3321 3323//3323
f 3323//3323 3321//3321 3324//3324
f 3323//3323 3324//3324 3326//3326
f 3325//3325 3328//3328 3322//3322
f 3323//3323 3327//3327 3329//3329
f 3329//3329 3327//3327 3330//3330
f 3329//3329 3330//3330 3331//3331
f 3329//3329 3331//3331 3332//3332
f 3332//3332 3331//3331 3333//3333
f 3332//3332 3333//3333 3334//3334
f 3334//3334 3333//3333 3337//3337
f 3335//3335 3336//3336 3339//3339
f 3334//3334 3338//3338 3340//3340
f 3340//3340 3338//3338 3342//3342
f 3340//3340 3342//3342 3344//3344
f 3341//3341 3345//3345 3346//3346
f 3346//3346 3343//3343 3348//3348
f 3347//3347 3349//3349 3350//3350
f 3347//3347 3350//3350 3351//3351
f 3351//3351 3350//3350 3352//3352
f 3351//3351 3352//3352 3353//3353
f 3353//3353 3352//3352 3354//3354
f 3353//3353 3354//3354 3355//3355
f 3355//3355 3354//3354 3356//3356
f 3355//3355 3356//3356 3357//3357
f 3357//3357 3356//3356 3358//3358
f 3357//3357 3358//3358 3359//3359
f 3359//3359 3358//3358 3360//3360
f 3359//3359 3360//3360 3361//3361
f 3361//3361 3360//3360 3315//3315
f 3361//3361 3315//3315 3362//3362
f 3362//3362 3315//3315 3317//3317
f 3363//3363 3364//3364 3365//3365
f 3365//3365 3364//3364 3366//3366
f 3366//3366 3364//3364 3367//3367
f 3367//3367 3364//3364 3368//3368
f 3367//3367 3368//3368 3369//3369
f 3369//3369 3368//3368 3370//3370
f 3370//3370 3368//3368 3371//3371
f 3370//3370 3371//3371 3372//3372
f 3372//3372 3371//3371 3373//3373
f 3373//3373 3371//3371 3374//3374
f 3374//3374 3371//3371 3375//3375
f 3364//3364 3376//3376 3368//3368
f 3368//3368 3376//3376 3377//3377
f 3368//3368 3377//3377 3378//3378
f 3378//3378 3377//3377 3379//3379
f 3378//3378 3379//3379 3380//3380
f 3378//3378 3380//3380 3381//3381
f 3381//3381 3380//3380 3382//3382
f 3381//3381 3382//3382 3383//3383
f 3381//3381 3383//3383 3384//3384
f 3384//3384 3383//3383 3385//3385
f 3384//3384 3385//3385 3386//3386
f 3386//3386 3385//3385 3387//3387
f 3386//3386 3387//3387 3388//3388
f 3388//3388 3387//3387 3389//3389
f 3388//3388 3389//3389 3390//3390
f 3390//3390 3389//3389 3391//3391
f 3390//3390 3391//3391 3392//3392
f 3392//3392 3391//3391 3393//3393
f 3392//3392 3393//3393 3394//3394
f 3394//3394 3393//3393 3395//3395
f 3394//3394 3395//3395 3396//3396
f 3396//3396 3395//3395 3397//3397
f 3396//3396 3397//3397 3398//3398
f 3396//3396 3398//3398 3399//3399
f 3399//3399 3398//3398 3400//3400
f 3399//3399 3400//3400 3401//3401
f 3401//3401 3400//3400 3402//3402
f 3401//3401 3402//3402 3403//3403
f 3403//3403 3402//3402 3404//3404
f 3403//3403 3404//3404 3405//3405
f 3405//3405 3404//3404 3406//3406
f 3405//3405 3406//3406 3407//3407
f 3407//3407 3406//3406 3408//3408
f 3407//3407 3408//3408 3409//3409
f 3409//3409 3410//3410 3407//3407
f 3407//3407 3410//3410 3411//3411
f 3407//3407 3411//3411 3405//3405
f 3405//3405 3411//3411 3412//3412
f 3405//3405 3412//3412 3403//3403
f 3403//3403 3412//3412 3413//3413
f 3403//3403 3413//3413 3401//3401
f 3401//3401 3413//3413 3414//3414
f 3401//3401 3414//3414 3399//3399
f 3399//3399 3414//3414 3415//3415
f 3399//3399 3415//3415 3396//3396
f 3396//3396 3415//3415 3416//3416
f 3396//3396 3416//3416 3417//3417
f 3410//3410 3418//3418 3411//3411
f 3417//3417 3419//3419 3396//3396
f 3396//3396 3419//3419 3394//3394
f 3419//3419 3420//3420 3394//3394
f 3394//3394 3420//3420 3421//3421
f 3394//3394 3421//3421 3392//3392
f 3392//3392 3421//3421 3390//3390
f 3421//3421 3422//3422 3390//3390
f 3390//3390 3422//3422 3388//3388
f 3422//3422 3423//3423 3388//3388
f 3388//3388 3423//3423 3386//3386
f 3423//3423 3424//3424 3386//3386
f 3386//3386 3424//3424 3384//3384
f 3424//3424 3425//3425 3384//3384
f 3384//3384 3425//3425 3381//3381
f 3425//3425 3426//3426 3381//3381
f 3381//3381 3426//3426 3378//3378
f 3426//3426 3427//3427 3378//3378
f 3378//3378 3427//3427 3428//3428
f 3378//3378 3428//3428 3368//3368
f 3368//3368 3428//3428 3429//3429
f 3368//3368 3429//3429 3371//3371
f 3430//3430 3431//3431 3432//3432
f 3432//3432 3431//3431 3433//3433
f 3432//3432 3433//3433 3434//3434
f 3434//3434 3433//3433 3435//3435
f 3435//3435 3433//3433 3436//3436
f 3436//3436 3433//3433 3437//3437
f 3437//3437 3433//3433 3438//3438
f 3437//3437 3438//3438 3439//3439
f 3439//3439 3438//3438 3440//3440
f 3439//3439 3440//3440 3441//3441
f 3441//3441 3440//3440 3442//3442
f 3442//3442 3440//3440 3443//3443
f 3442//3442 3443//3443 3444//3444
f 3444//3444 3443//3443 3445//3445
f 3444//3444 3445//3445 3446//3446
f 3446//3446 3445//3445 3447//3447
f 3446//3446 3447//3447 3448//3448
f 3448//3448 3447//3447 3449//3449
f 3448//3448 3449//3449 3450//3450
f 3450//3450 3449//3449 3451//3451
f 3450//3450 3451//3451 3452//3452
f 3452//3452 3451//3451 3453//3453
f 3452//3452 3453//3453 3454//3454
f 3454//3454 3453//3453 3455//3455
f 3454//3454 3455//3455 3456//3456
f 3456//3456 3455//3455 3457//3457
f 3456//3456 3457//3457 3458//3458
f 3458//3458 3457//3457 3459//3459
f 3458//3458 3459//3459 3460//3460
f 3430//3430 3461//3461 3431//3431
f 3431//3431 3461//3461 3462//3462
f 3431//3431 3462//3462 3463//3463
f 3463//3463 3462//3462 3464//3464
f 3463//3463 3464//3464 3465//3465
f 3465//3465 3464//3464 3466//3466
f 3465//3465 3466//3466 3467//3467
f 3467//3467 3466//3466 3468//3468
f 3467//3467 3468//3468 3469//3469
f 3469//3469 3468//3468 3470//3470
f 3469//3469 3470//3470 3471//3471
f 3471//3471 3470//3470 3472//3472
f 3471//3471 3472//3472 3473//3473
f 3471//3471 3473//3473 3474//3474
f 3474//3474 3473//3473 3475//3475
f 3474//3474 3475//3475 3476//3476
f 3476//3476 3475//3475 3477//3477
f 3476//3476 3477//3477 3478//3478
f 3478//3478 3477//3477 3479//3479
f 3478//3478 3479//3479 3457//3457
f 3457//3457 3479//3479 3459//3459
f 3458//3458 3460//3460 3480//3480
f 3480//3480 3460//3460 3481//3481
f 3480//3480 3481//3481 3482//3482
f 3482//3482 3481//3481 3483//3483
f 3482//3482 3483//3483 3484//3484
f 3482//3482 3484//3484 3485//3485
f 3485//3485 3484//3484 3486//3486
f 3485//3485 3486//3486 3487//3487
f 3485//3485 3487//3487 3488//3488
f 3488//3488 3487//3487 3489//3489
f 3488//3488 3489//3489 3490//3490
f 3488//3488 3490//3490 3456//3456
f 3456//3456 3490//3490 3454//3454
f 3438//3438 3433//3433 3431//3431
f 3440//3440 3438//3438 3463//3463
f 3463//3463 3438//3438 3431//3431
f 3443//3443 3440//3440 3465//3465
f 3465//3465 3440//3440 3463//3463
f 3445//3445 3443//3443 3467//3467
f 3467//3467 3443//3443 3465//3465
f 3467//3467 3469//3469 3445//3445
f 3445//3445 3469//3469 3471//3471
f 3445//3445 3471//3471 3447//3447
f 3447//3447 3471//3471 3449//3449
f 3451//3451 3449//3449 3474//3474
f 3474//3474 3449//3449 3471//3471
f 3453//3453 3451//3451 3476//3476
f 3476//3476 3451//3451 3474//3474
f 3455//3455 3453//3453 3478//3478
f 3478//3478 3453//3453 3476//3476
f 3457//3457 3455//3455 3478//3478
f 3488//3488 3456//3456 3458//3458
f 3485//3485 3488//3488 3480//3480
f 3480//3480 3488//3488 3458//3458
f 3482//3482 3485//3485 3480//3480
f 3491//3491 3492//3492 3493//3493
f 3493//3493 3492//3492 3494//3494
f 3493//3493 3494//3494 3495//3495
f 3495//3495 3494//3494 3496//3496
f 3492//3492 3491//3491 3497//3497
f 3497//3497 3491//3491 3498//3498
f 3497//3497 3498//3498 3499//3499
f 3499//3499 3498//3498 3500//3500
f 3501//3501 3502//3502 3503//3503
f 3503//3503 3502//3502 3504//3504
f 3503//3503 3504//3504 3505//3505
f 3505//3505 3506//3506 3503//3503
f 3503//3503 3506//3506 3508//3508
f 3509//3509 3507//3507 3510//3510
f 3503//3503 3511//3511 3501//3501
f 3501//3501 3511//3511 3512//3512
f 3501//3501 3512//3512 3513//3513
f 3513//3513 3512//3512 3514//3514
f 3513//3513 3514//3514 3515//3515
f 3515//3515 3516//3516 3513//3513
f 3513//3513 3516//3516 3517//3517
f 3513//3513 3517//3517 3518//3518
f 3519//3519 3520//3520 3518//3518
f 3518//3518 3520//3520 3513//3513
f 3521//3521 3522//3522 3523//3523
f 3523//3523 3522//3522 3524//3524
f 3523//3523 3524//3524 3525//3525
f 3525//3525 3524//3524 3526//3526
f 3522//3522 3527//3527 3524//3524
f 3524//3524 3527//3527 3528//3528
f 3528//3528 3527//3527 3529//3529
f 3529//3529 3527//3527 3530//3530
f 3529//3529 3530//3530 3531//3531
f 3531//3531 3530//3530 3532//3532
f 3532//3532 3530//3530 3533//3533
f 3533//3533 3530//3530 3534//3534
f 3533//3533 3534//3534 3535//3535
f 3536//3536 3537//3537 3538//3538
f 3538//3538 3537//3537 3539//3539
f 3538//3538 3539//3539 3540//3540
f 3540//3540 3539//3539 3541//3541
f 3541//3541 3539//3539 3542//3542
f 3541//3541 3542//3542 3543//3543
f 3543//3543 3542//3542 3544//3544
f 3543//3543 3544//3544 3545//3545
f 3537//3537 3536//3536 3546//3546
f 3546//3546 3536//3536 3547//3547
f 3546//3546 3547//3547 3548//3548
f 3548//3548 3547//3547 3549//3549
f 3548//3548 3549//3549 3550//3550
f 3550//3550 3549//3549 3551//3551
f 3550//3550 3551//3551 3552//3552
f 3552//3552 3551//3551 3553//3553
f 3552//3552 3553//3553 3554//3554
f 3554//3554 3553//3553 3555//3555
f 3554//3554 3555//3555 3556//3556
f 3554//3554 3556//3556 3557//3557
f 3557//3557 3556//3556 3558//3558
f 3557//3557 3558//3558 3559//3559
f 3559//3559 3560//3560 3557//3557
f 3561//3561 3562//3562 3545//3545
f 3545//3545 3562//3562 3563//3563
f 3545//3545 3563//3563 3543//3543
f 3564//3564 3565//3565 3566//3566
f 3566//3566 3565//3565 3567//3567
f 3566//3566 3567//3567 3568//3568
f 3568//3568 3567//3567 3569//3569
f 3568//3568 3569//3569 3570//3570
f 3568//3568 3570//3570 3571//3571
f 3571//3571 3570//3570 3572//3572
f 3571//3571 3572//3572 3573//3573
f 3573//3573 3572//3572 3574//3574
f 3573//3573 3574//3574 3575//3575
f 3575//3575 3574//3574 3576//3576
f 3575//3575 3576//3576 3577//3577
f 3577//3577 3576//3576 3578//3578
f 3577//3577 3578//3578 3579//3579
f 3579//3579 3578//3578 3580//3580
f 3579//3579 3580//3580 3581//3581
f 3574//3574 3582//3582 3576//3576
f 3578//3578 3583//3583 3580//3580
f 3579//3579 3581//3581 3584//3584
f 3584//3584 3581//3581 3585//3585
f 3584//3584 3585//3585 3586//3586
f 3586//3586 3585//3585 3587//3587
f 3586//3586 3587//3587 3588//3588
f 3588//3588 3587//3587 3589//3589
f 3588//3588 3589//3589 3590//3590
f 3590//3590 3589//3589 3591//3591
f 3590//3590 3591//3591 3592//3592
f 3590//3590 3593//3593 3588//3588
f 3588//3588 3593//3593 3594//3594
f 3588//3588 3594//3594 3586//3586
f 3586//3586 3594//3594 3595//3595
f 3586//3586 3595//3595 3584//3584
f 3584//3584 3595//3595 3596//3596
f 3584//3584 3596//3596 3579//3579
f 3579//3579 3596//3596 3577//3577
f 3593//3593 3566//3566 3594//3594
f 3594//3594 3566//3566 3568//3568
f 3594//3594 3568//3568 3595//3595
f 3595//3595 3568//3568 3571//3571
f 3595//3595 3571//3571 3596//3596
f 3596//3596 3571//3571 3573//3573
f 3596//3596 3573//3573 3577//3577
f 3577//3577 3573//3573 3575//3575
f 3597//3597 3598//3598 3599//3599
f 3599//3599 3598//3598 3600//3600
f 3599//3599 3600//3600 3601//3601
f 3601//3601 3600//3600 3602//3602
f 3601//3601 3602//3602 3603//3603
f 3603//3603 3602//3602 3604//3604
f 3603//3603 3604//3604 3605//3605
f 3605//3605 3604//3604 3606//3606
f 3605//3605 3606//3606 3607//3607
f 3607//3607 3606//3606 3608//3608
f 3607//3607 3608//3608 3609//3609
f 3609//3609 3608//3608 3610//3610
f 3609//3609 3610//3610 3611//3611
f 3611//3611 3610//3610 3612//3612
f 3612//3612 3610//3610 3613//3613
f 3613//3613 3610//3610 3614//3614
f 3613//3613 3614//3614 3615//3615
f 3615//3615 3614//3614 3616//3616
f 3615//3615 3616//3616 3617//3617
f 3617//3617 3616//3616 3618//3618
f 3618//3618 3616//3616 3619//3619
f 3618//3618 3619//3619 3620//3620
f 3620//3620 3619//3619 3621//3621
f 3620//3620 3621//3621 3622//3622
f 3622//3622 3621//3621 3623//3623
f 3622//3622 3623//3623 3624//3624
f 3624//3624 3623//3623 3625//3625
f 3624//3624 3625//3625 3626//3626
f 3604//3604 3627//3627 3606//3606
f 3606//3606 3627//3627 3628//3628
f 3606//3606 3628//3628 3608//3608
f 3608//3608 3628//3628 3629//3629
f 3608//3608 3629//3629 3610//3610
f 3610//3610 3629//3629 3614//3614
f 3627//3627 3630//3630 3628//3628
f 3628//3628 3630//3630 3631//3631
f 3628//3628 3631//3631 3629//3629
f 3629//3629 3631//3631 3632//3632
f 3629//3629 3632//3632 3614//3614
f 3614//3614 3632//3632 3616//3616
f 3630//3630 3633//3633 3631//3631
f 3631//3631 3633//3633 3634//3634
f 3631//3631 3634//3634 3632//3632
f 3632//3632 3634//3634 3635//3635
f 3632//3632 3635//3635 3616//3616
f 3616//3616 3635//3635 3619//3619
f 3633//3633 3636//3636 3634//3634
f 3634//3634 3636//3636 3637//3637
f 3634//3634 3637//3637 3635//3635
f 3635//3635 3637//3637 3621//3621
f 3635//3635 3621//3621 3619//3619
f 3636//3636 3638//3638 3637//3637
f 3637//3637 3638//3638 3639//3639
f 3637//3637 3639//3639 3623//3623
f 3623//3623 3639//3639 3640//3640
f 3623//3623 3640//3640 3625//3625
f 3624//3624 3626//3626 3641//3641
f 3641//3641 3626//3626 3642//3642
f 3641//3641 3642//3642 3643//3643
f 3643//3643 3642//3642 3644//3644
f 3643//3643 3644//3644 3645//3645
f 3646//3646 3647//3647 3645//3645
f 3645//3645 3647//3647 3648//3648
f 3645//3645 3648//3648 3643//3643
f 3643//3643 3648//3648 3649//3649
f 3643//3643 3649//3649 3650//3650
f 3650//3650 3649//3649 3651//3651
f 3650//3650 3651//3651 3652//3652
f 3652//3652 3651//3651 3653//3653
f 3652//3652 3653//3653 3654//3654
f 3647//3647 3646//3646 3655//3655
f 3655//3655 3646//3646 3656//3656
f 3655//3655 3656//3656 3657//3657
f 3657//3657 3656//3656 3659//3659
f 3657//3657 3658//3658 3660//3660
f 3660//3660 3658//3658 3661//3661
f 3660//3660 3662//3662 3664//3664
f 3664//3664 3662//3662 3665//3665
f 3665//3665 3662//3662 3666//3666
f 3656//3656 3667//3667 3659//3659
f 3668//3668 3669//3669 3663//3663
f 3664//3664 3670//3670 3671//3671
f 3664//3664 3671//3671 3660//3660
f 3660//3660 3671//3671 3657//3657
f 3668//3668 3672//3672 3669//3669
f 3670//3670 3672//3672 3673//3673
f 3670//3670 3674//3674 3675//3675
f 3675//3675 3674//3674 3676//3676
f 3675//3675 3676//3676 3677//3677
f 3675//3675 3677//3677 3678//3678
f 3678//3678 3677//3677 3679//3679
f 3678//3678 3679//3679 3680//3680
f 3678//3678 3680//3680 3681//3681
f 3681//3681 3680//3680 3682//3682
f 3681//3681 3682//3682 3683//3683
f 3681//3681 3683//3683 3651//3651
f 3651//3651 3683//3683 3653//3653
f 3654//3654 3684//3684 3652//3652
f 3652//3652 3684//3684 3685//3685
f 3652//3652 3685//3685 3686//3686
f 3686//3686 3685//3685 3687//3687
f 3686//3686 3687//3687 3688//3688
f 3688//3688 3689//3689 3686//3686
f 3686//3686 3689//3689 3620//3620
f 3686//3686 3620//3620 3622//3622
f 3689//3689 3690//3690 3620//3620
f 3620//3620 3690//3690 3691//3691
f 3620//3620 3691//3691 3618//3618
f 3611//3611 3692//3692 3609//3609
f 3609//3609 3692//3692 3693//3693
f 3609//3609 3693//3693 3607//3607
f 3607//3607 3693//3693 3694//3694
f 3607//3607 3694//3694 3605//3605
f 3605//3605 3694//3694 3603//3603
f 3692//3692 3695//3695 3693//3693
f 3693//3693 3695//3695 3696//3696
f 3693//3693 3696//3696 3694//3694
f 3694//3694 3696//3696 3697//3697
f 3694//3694 3697//3697 3603//3603
f 3603//3603 3697//3697 3601//3601
f 3695//3695 3698//3698 3696//3696
f 3696//3696 3698//3698 3699//3699
f 3696//3696 3699//3699 3700//3700
f 3700//3700 3699//3699 3701//3701
f 3700//3700 3701//3701 3702//3702
f 3702//3702 3701//3701 3703//3703
f 3702//3702 3703//3703 3704//3704
f 3704//3704 3703//3703 3705//3705
f 3704//3704 3705//3705 3706//3706
f 3706//3706 3707//3707 3704//3704
f 3704//3704 3707//3707 3708//3708
f 3704//3704 3708//3708 3709//3709
f 3710//3710 3711//3711 3707//3707
f 3707//3707 3711//3711 3712//3712
f 3707//3707 3712//3712 3708//3708
f 3708//3708 3712//3712 3713//3713
f 3708//3708 3713//3713 3714//3714
f 3708//3708 3714//3714 3715//3715
f 3715//3715 3714//3714 3716//3716
f 3715//3715 3716//3716 3717//3717
f 3717//3717 3716//3716 3718//3718
f 3717//3717 3718//3718 3719//3719
f 3719//3719 3718//3718 3720//3720
f 3719//3719 3720//3720 3721//3721
f 3721//3721 3720//3720 3722//3722
f 3721//3721 3722//3722 3723//3723
f 3723//3723 3722//3722 3724//3724
f 3724//3724 3722//3722 3725//3725
f 3724//3724 3725//3725 3726//3726
f 3722//3722 3727//3727 3725//3725
f 3728//3728 3729//3729 3726//3726
f 3726//3726 3729//3729 3724//3724
f 3709//3709 3730//3730 3704//3704
f 3704//3704 3730//3730 3731//3731
f 3704//3704 3731//3731 3732//3732
f 3732//3732 3731//3731 3733//3733
f 3732//3732 3733//3733 3599//3599
f 3599//3599 3733//3733 3597//3597
f 3730//3730 3735//3735 3731//3731
f 3731//3731 3734//3734 3736//3736
f 3731//3731 3736//3736 3733//3733
f 3733//3733 3736//3736 3737//3737
f 3733//3733 3737//3737 3738//3738
f 3738//3738 3737//3737 3739//3739
f 3735//3735 3737//3737 3736//3736
f 3738//3738 3740//3740 3733//3733
f 3733//3733 3740//3740 3597//3597
f 3657//3657 3671//3671 3655//3655
f 3655//3655 3671//3671 3741//3741
f 3655//3655 3741//3741 3647//3647
f 3647//3647 3741//3741 3742//3742
f 3647//3647 3742//3742 3648//3648
f 3648//3648 3742//3742 3649//3649
f 3643//3643 3650//3650 3641//3641
f 3641//3641 3650//3650 3743//3743
f 3641//3641 3743//3743 3624//3624
f 3624//3624 3743//3743 3622//3622
f 3621//3621 3637//3637 3623//3623
f 3599//3599 3601//3601 3744//3744
f 3744//3744 3601//3601 3697//3697
f 3744//3744 3697//3697 3700//3700
f 3700//3700 3697//3697 3696//3696
f 3702//3702 3704//3704 3732//3732
f 3700//3700 3702//3702 3744//3744
f 3744//3744 3702//3702 3732//3732
f 3744//3744 3732//3732 3599//3599
f 3652//3652 3686//3686 3743//3743
f 3743//3743 3686//3686 3622//3622
f 3743//3743 3650//3650 3652//3652
f 3681//3681 3651//3651 3649//3649
f 3678//3678 3681//3681 3742//3742
f 3742//3742 3681//3681 3649//3649
f 3675//3675 3678//3678 3741//3741
f 3741//3741 3678//3678 3742//3742
f 3670//3670 3675//3675 3671//3671
f 3671//3671 3675//3675 3741//3741
f 3745//3745 3746//3746 3747//3747
f 3747//3747 3746//3746 3748//3748
f 3747//3747 3748//3748 3749//3749
f 3749//3749 3748//3748 3750//3750
f 3749//3749 3750//3750 3751//3751
f 3745//3745 3752//3752 3746//3746
f 3751//3751 3753//3753 3749//3749
f 3749//3749 3753//3753 3754//3754
f 3749//3749 3754//3754 3755//3755
f 3749//3749 3755//3755 3756//3756
f 3756//3756 3755//3755 3757//3757
f 3756//3756 3757//3757 3758//3758
f 3758//3758 3757//3757 3759//3759
f 3758//3758 3759//3759 3760//3760
f 3760//3760 3759//3759 3761//3761
f 3760//3760 3761//3761 3762//3762
f 3762//3762 3761//3761 3763//3763
f 3762//3762 3763//3763 3764//3764
f 3765//3765 3766//3766 3767//3767
f 3767//3767 3766//3766 3768//3768
f 3767//3767 3768//3768 3769//3769
f 3769//3769 3768//3768 3770//3770
f 3769//3769 3770//3770 3771//3771
f 3771//3771 3770//3770 3772//3772
f 3772//3772 3770//3770 3773//3773
f 3772//3772 3773//3773 3774//3774
f 3774//3774 3773//3773 3775//3775
f 3774//3774 3775//3775 3776//3776
f 3776//3776 3775//3775 3777//3777
f 3776//3776 3777//3777 3778//3778
f 3778//3778 3777//3777 3779//3779
f 3778//3778 3779//3779 3780//3780
f 3768//3768 3766//3766 3781//3781
f 3781//3781 3766//3766 3782//3782
f 3781//3781 3782//3782 3783//3783
f 3781//3781 3783//3783 3773//3773
f 3773//3773 3783//3783 3775//3775
f 3778//3778 3784//3784 3776//3776
f 3776//3776 3784//3784 3774//3774
f 3784//3784 3785//3785 3774//3774
f 3774//3774 3785//3785 3772//3772
f 3768//3768 3781//3781 3773//3773
f 3770//3770 3768//3768 3773//3773
f 3786//3786 3787//3787 3788//3788
f 3788//3788 3787//3787 3789//3789
f 3788//3788 3789//3789 3790//3790
f 3790//3790 3791//3791 3788//3788
f 3788//3788 3791//3791 3792//3792
f 3788//3788 3792//3792 3786//3786
f 3786//3786 3792//3792 3793//3793
f 3793//3793 3792//3792 3794//3794
f 3793//3793 3794//3794 3795//3795
f 3795//3795 3794//3794 3796//3796
f 3795//3795 3796//3796 3797//3797
f 3797//3797 3796//3796 3798//3798
f 3797//3797 3798//3798 3799//3799
f 3799//3799 3798//3798 3800//3800
f 3799//3799 3800//3800 3801//3801
f 3801//3801 3800//3800 3802//3802
f 3801//3801 3802//3802 3803//3803
f 3803//3803 3802//3802 3804//3804
f 3803//3803 3804//3804 3805//3805
f 3805//3805 3804//3804 3806//3806
f 3805//3805 3806//3806 3807//3807
f 3807//3807 3806//3806 3808//3808
f 3807//3807 3808//3808 3809//3809
f 3809//3809 3808//3808 3810//3810
f 3809//3809 3810//3810 3811//3811
f 3811//3811 3810//3810 3812//3812
f 3811//3811 3812//3812 3813//3813
f 3791//3791 3814//3814 3792//3792
f 3792//3792 3814//3814 3794//3794
f 3814//3814 3815//3815 3794//3794
f 3794//3794 3815//3815 3796//3796
f 3815//3815 3816//3816 3796//3796
f 3796//3796 3816//3816 3798//3798
f 3816//3816 3817//3817 3798//3798
f 3798//3798 3817//3817 3800//3800
f 3817//3817 3818//3818 3800//3800
f 3800//3800 3818//3818 3802//3802
f 3818//3818 3819//3819 3802//3802
f 3802//3802 3819//3819 3804//3804
f 3819//3819 3820//3820 3804//3804
f 3804//3804 3820//3820 3806//3806
f 3820//3820 3821//3821 3806//3806
f 3806//3806 3821//3821 3808//3808
f 3821//3821 3822//3822 3808//3808
f 3808//3808 3822//3822 3810//3810
f 3822//3822 3812//3812 3810//3810
f 3811//3811 3813//3813 3823//3823
f 3823//3823 3813//3813 3824//3824
f 3823//3823 3824//3824 3825//3825
f 3825//3825 3824//3824 3826//3826
f 3825//3825 3826//3826 3827//3827
f 3827//3827 3826//3826 3828//3828
f 3827//3827 3828//3828 3829//3829
f 3829//3829 3828//3828 3830//3830
f 3830//3830 3828//3828 3831//3831
f 3831//3831 3828//3828 3832//3832
f 3831//3831 3832//3832 3833//3833
f 3826//3826 3834//3834 3828//3828
f 3828//3828 3834//3834 3832//3832
f 3829//3829 3835//3835 3827//3827
f 3827//3827 3835//3835 3825//3825
f 3835//3835 3836//3836 3825//3825
f 3825//3825 3836//3836 3823//3823
f 3836//3836 3837//3837 3823//3823
f 3823//3823 3837//3837 3811//3811
f 3837//3837 3809//3809 3811//3811
f 3838//3838 3839//3839 3840//3840
f 3840//3840 3839//3839 3841//3841
f 3840//3840 3841//3841 3842//3842
f 3842//3842 3841//3841 3843//3843
f 3842//3842 3843//3843 3844//3844
f 3844//3844 3843//3843 3845//3845
f 3845//3845 3843//3843 3846//3846
f 3845//3845 3846//3846 3847//3847
f 3847//3847 3846//3846 3848//3848
f 3847//3847 3848//3848 3849//3849
f 3849//3849 3848//3848 3850//3850
f 3849//3849 3850//3850 3851//3851
f 3851//3851 3850//3850 3852//3852
f 3851//3851 3852//3852 3853//3853
f 3853//3853 3852//3852 3854//3854
f 3853//3853 3854//3854 3855//3855
f 3855//3855 3854//3854 3856//3856
f 3855//3855 3856//3856 3857//3857
f 3839//3839 3838//3838 3858//3858
f 3858//3858 3838//3838 3859//3859
f 3858//3858 3859//3859 3860//3860
f 3860//3860 3859//3859 3861//3861
f 3860//3860 3861//3861 3862//3862
f 3862//3862 3863//3863 3860//3860
f 3860//3860 3863//3863 3864//3864
f 3864//3864 3863//3863 3865//3865
f 3864//3864 3865//3865 3866//3866
f 3864//3864 3866//3866 3867//3867
f 3867//3867 3866//3866 3868//3868
f 3867//3867 3868//3868 3869//3869
f 3867//3867 3869//3869 3870//3870
f 3870//3870 3869//3869 3871//3871
f 3870//3870 3871//3871 3872//3872
f 3872//3872 3871//3871 3873//3873
f 3872//3872 3873//3873 3874//3874
f 3874//3874 3873//3873 3875//3875
f 3874//3874 3875//3875 3876//3876
f 3876//3876 3875//3875 3877//3877
f 3876//3876 3877//3877 3878//3878
f 3878//3878 3877//3877 3879//3879
f 3878//3878 3879//3879 3880//3880
f 3880//3880 3879//3879 3881//3881
f 3880//3880 3881//3881 3882//3882
f 3882//3882 3881//3881 3883//3883
f 3882//3882 3883//3883 3884//3884
f 3884//3884 3883//3883 3885//3885
f 3884//3884 3885//3885 3886//3886
f 3884//3884 3886//3886 3887//3887
f 3887//3887 3886//3886 3888//3888
f 3887//3887 3888//3888 3889//3889
f 3889//3889 3888//3888 3890//3890
f 3889//3889 3890//3890 3891//3891
f 3891//3891 3890//3890 3892//3892
f 3891//3891 3892//3892 3893//3893
f 3893//3893 3892//3892 3894//3894
f 3893//3893 3894//3894 3895//3895
f 3893//3893 3895//3895 3896//3896
f 3896//3896 3895//3895 3897//3897
f 3896//3896 3897//3897 3898//3898
f 3898//3898 3897//3897 3899//3899
f 3898//3898 3899//3899 3900//3900
f 3898//3898 3900//3900 3901//3901
f 3901//3901 3900//3900 3902//3902
f 3901//3901 3902//3902 3903//3903
f 3903//3903 3902//3902 3904//3904
f 3903//3903 3904//3904 3905//3905
f 3905//3905 3904//3904 3906//3906
f 3905//3905 3906//3906 3907//3907
f 3907//3907 3906//3906 3908//3908
f 3907//3907 3908//3908 3909//3909
f 3907//3907 3909//3909 3910//3910
f 3910//3910 3909//3909 3911//3911
f 3910//3910 3911//3911 3912//3912
f 3912//3912 3911//3911 3913//3913
f 3912//3912 3913//3913 3914//3914
f 3914//3914 3913//3913 3915//3915
f 3914//3914 3915//3915 3916//3916
f 3914//3914 3916//3916 3917//3917
f 3917//3917 3916//3916 3918//3918
f 3917//3917 3918//3918 3919//3919
f 3919//3919 3918//3918 3920//3920
f 3919//3919 3920//3920 3921//3921
f 3921//3921 3920//3920 3922//3922
f 3921//3921 3922//3922 3923//3923
f 3923//3923 3922//3922 3924//3924
f 3923//3923 3924//3924 3925//3925
f 3923//3923 3925//3925 3926//3926
f 3926//3926 3925//3925 3927//3927
f 3926//3926 3927//3927 3928//3928
f 3928//3928 3927//3927 3929//3929
f 3928//3928 3929//3929 3930//3930
f 3930//3930 3929//3929 3931//3931
f 3930//3930 3931//3931 3932//3932
f 3932//3932 3931//3931 3933//3933
f 3932//3932 3933//3933 3934//3934
f 3934//3934 3933//3933 3935//3935
f 3934//3934 3935//3935 3936//3936
f 3936//3936 3935//3935 3937//3937
f 3936//3936 3937//3937 3938//3938
f 3936//3936 3938//3938 3939//3939
f 3939//3939 3938//3938 3940//3940
f 3939//3939 3940//3940 3941//3941
f 3941//3941 3940//3940 3942//3942
f 3941//3941 3942//3942 3943//3943
f 3943//3943 3942//3942 3944//3944
f 3943//3943 3944//3944 3945//3945
f 3945//3945 3944//3944 3946//3946
f 3945//3945 3946//3946 3947//3947
f 3947//3947 3946//3946 3948//3948
f 3948//3948 3946//3946 3949//3949
f 3949//3949 3946//3946 3950//3950
f 3950//3950 3946//3946 3951//3951
f 3952//3952 3953//3953 3954//3954
f 3954//3954 3953//3953 3955//3955
f 3954//3954 3955//3955 3956//3956
f 3956//3956 3955//3955 3957//3957
f 3957//3957 3955//3955 3958//3958
f 3957//3957 3958//3958 3959//3959
f 3959//3959 3958//3958 3960//3960
f 3959//3959 3960//3960 3961//3961
f 3961//3961 3960//3960 3962//3962
f 3961//3961 3962//3962 3963//3963
f 3963//3963 3962//3962 3964//3964
f 3964//3964 3962//3962 3965//3965
f 3964//3964 3965//3965 3966//3966
f 3966//3966 3965//3965 3967//3967
f 3966//3966 3967//3967 3968//3968
f 3968//3968 3967//3967 3969//3969
f 3968//3968 3969//3969 3970//3970
f 3970//3970 3969//3969 3971//3971
f 3970//3970 3971//3971 3972//3972
f 3972//3972 3971//3971 3973//3973
f 3973//3973 3971//3971 3974//3974
f 3974//3974 3971//3971 3969//3969
f 3974//3974 3969//3969 3975//3975
f 3975//3975 3969//3969 3967//3967
f 3975//3975 3967//3967 3976//3976
f 3976//3976 3967//3967 3965//3965
f 3976//3976 3965//3965 3977//3977
f 3977//3977 3965//3965 3962//3962
f 3977//3977 3962//3962 3978//3978
f 3978//3978 3962//3962 3960//3960
f 3978//3978 3960//3960 3979//3979
f 3979//3979 3960//3960 3958//3958
f 3979//3979 3958//3958 3980//3980
f 3980//3980 3958//3958 3955//3955
f 3980//3980 3955//3955 3981//3981
f 3981//3981 3955//3955 3953//3953
f 3981//3981 3953//3953 3982//3982
f 3982//3982 3953//3953 3983//3983
f 3982//3982 3983//3983 3984//3984
f 3984//3984 3983//3983 3985//3985
f 3984//3984 3985//3985 3986//3986
f 3986//3986 3985//3985 3987//3987
f 3986//3986 3987//3987 3988//3988
f 3988//3988 3987//3987 3989//3989
f 3988//3988 3989//3989 3990//3990
f 3990//3990 3989//3989 3991//3991
f 3990//3990 3991//3991 3992//3992
f 3992//3992 3991//3991 3993//3993
f 3992//3992 3993//3993 3994//3994
f 3994//3994 3993//3993 3995//3995
f 3994//3994 3995//3995 3996//3996
f 3996//3996 3995//3995 3997//3997
f 3996//3996 3997//3997 3998//3998
f 3998//3998 3997//3997 3999//3999
f 3998//3998 3999//3999 4000//4000
f 4000//4000 3999//3999 4001//4001
f 4000//4000 4001//4001 4002//4002
f 4002//4002 4001//4001 4003//4003
f 4002//4002 4003//4003 4004//4004
f 4004//4004 4003//4003 4005//4005
f 4004//4004 4005//4005 4006//4006
f 4006//4006 4005//4005 4007//4007
f 4006//4006 4007//4007 4008//4008
f 4008//4008 4007//4007 4009//4009
f 4008//4008 4009//4009 4010//4010
f 4010//4010 4009//4009 4011//4011
f 4010//4010 4011//4011 4012//4012
f 4012//4012 4011//4011 4013//4013
f 4012//4012 4013//4013 4014//4014
f 3953//3953 3952//3952 3983//3983
f 3983//3983 3952//3952 4015//4015
f 3983//3983 4015//4015 3985//3985
f 3985//3985 4015//4015 4016//4016
f 3985//3985 4016//4016 3987//3987
f 3987//3987 4016//4016 4017//4017
f 3987//3987 4017//4017 4018//4018
f 4018//4018 4019//4019 3987//3987
f 3987//3987 4019//4019 4020//4020
f 3987//3987 4020//4020 3989//3989
f 3989//3989 4020//4020 4021//4021
f 3989//3989 4021//4021 3991//3991
f 3991//3991 4021//4021 4022//4022
f 3991//3991 4022//4022 4023//4023
f 3991//3991 4023//4023 3993//3993
f 3993//3993 4023//4023 4024//4024
f 3993//3993 4024//4024 4025//4025
f 3993//3993 4025//4025 3995//3995
f 3995//3995 4025//4025 4026//4026
f 3995//3995 4026//4026 3997//3997
f 3997//3997 4026//4026 4027//4027
f 3997//3997 4027//4027 3999//3999
f 3999//3999 4027//4027 4028//4028
f 3999//3999 4028//4028 4001//4001
f 4001//4001 4028//4028 4029//4029
f 4001//4001 4029//4029 4003//4003
f 4003//4003 4029//4029 4030//4030
f 4003//4003 4030//4030 4005//4005
f 4005//4005 4030//4030 4031//4031
f 4005//4005 4031//4031 4007//4007
f 4007//4007 4031//4031 4032//4032
f 4007//4007 4032//4032 4009//4009
f 4009//4009 4032//4032 4033//4033
f 4009//4009 4033//4033 4011//4011
f 4014//4014 4034//4034 4012//4012
f 4012//4012 4034//4034 4035//4035
f 4012//4012 4035//4035 4010//4010
f 4010//4010 4035//4035 4008//4008
f 4034//4034 4036//4036 4035//4035
f 4035//4035 4036//4036 4037//4037
f 4035//4035 4037//4037 4008//4008
f 4008//4008 4037//4037 4006//4006
f 4036//4036 4038//4038 4037//4037
f 4037//4037 4038//4038 4039//4039
f 4037//4037 4039//4039 4006//4006
f 4006//4006 4039//4039 4004//4004
f 4038//4038 4040//4040 4039//4039
f 4039//4039 4040//4040 4041//4041
f 4039//4039 4041//4041 4004//4004
f 4004//4004 4041//4041 4002//4002
f 4040//4040 4042//4042 4041//4041
f 4041//4041 4042//4042 4043//4043
f 4041//4041 4043//4043 4044//4044
f 4044//4044 4043//4043 4045//4045
f 4044//4044 4045//4045 4046//4046
f 4046//4046 4045//4045 4047//4047
f 4046//4046 4047//4047 4048//4048
f 4048//4048 4047//4047 4049//4049
f 4048//4048 4049//4049 4050//4050
f 4050//4050 4049//4049 4051//4051
f 4050//4050 4051//4051 4052//4052
f 4052//4052 4051//4051 4053//4053
f 4052//4052 4053//4053 4054//4054
f 4054//4054 4053//4053 4055//4055
f 4054//4054 4055//4055 4056//4056
f 4054//4054 4056//4056 4057//4057
f 4057//4057 4056//4056 4058//4058
f 4057//4057 4058//4058 4059//4059
f 4057//4057 4059//4059 4060//4060
f 4060//4060 4059//4059 4061//4061
f 4060//4060 4061//4061 4062//4062
f 4062//4062 4063//4063 4060//4060
f 4060//4060 4063//4063 4064//4064
f 4060//4060 4064//4064 3986//3986
f 3986//3986 4064//4064 3984//3984
f 4063//4063 4065//4065 4064//4064
f 4064//4064 4065//4065 4066//4066
f 4064//4064 4066//4066 4067//4067
f 4067//4067 4066//4066 4068//4068
f 4067//4067 4068//4068 4069//4069
f 4069//4069 4068//4068 4070//4070
f 4069//4069 4070//4070 4071//4071
f 4071//4071 4070//4070 4072//4072
f 4071//4071 4072//4072 4073//4073
f 4071//4071 4073//4073 4074//4074
f 4074//4074 4073//4073 4075//4075
f 4074//4074 4075//4075 4076//4076
f 4076//4076 4075//4075 4077//4077
f 4076//4076 4077//4077 4078//4078
f 4078//4078 4077//4077 4079//4079
f 4078//4078 4079//4079 4080//4080
f 4080//4080 4079//4079 4081//4081
f 4080//4080 4081//4081 4082//4082
f 4082//4082 4081//4081 4083//4083
f 4082//4082 4083//4083 4084//4084
f 4084//4084 4083//4083 4085//4085
f 4084//4084 4086//4086 4082//4082
f 4082//4082 4086//4086 3975//3975
f 4082//4082 3975//3975 3976//3976
f 4086//4086 3974//3974 3975//3975
f 3970//3970 3972//3972 4087//4087
f 4087//4087 3972//3972 4088//4088
f 4087//4087 4088//4088 4089//4089
f 4089//4089 4088//4088 4090//4090
f 4089//4089 4090//4090 4091//4091
f 4091//4091 4090//4090 4092//4092
f 4091//4091 4092//4092 4093//4093
f 4093//4093 4092//4092 4094//4094
f 4093//4093 4094//4094 4095//4095
f 4095//4095 4094//4094 4096//4096
f 4095//4095 4096//4096 4097//4097
f 4088//4088 4098//4098 4090//4090
f 4090//4090 4098//4098 4092//4092
f 4094//4094 4099//4099 4096//4096
f 4097//4097 4100//4100 4095//4095
f 4095//4095 4100//4100 4101//4101
f 4095//4095 4101//4101 4093//4093
f 4093//4093 4101//4101 4102//4102
f 4093//4093 4102//4102 4091//4091
f 4091//4091 4102//4102 4103//4103
f 4091//4091 4103//4103 4104//4104
f 4104//4104 4103//4103 4105//4105
f 4105//4105 4103//4103 4106//4106
f 4105//4105 4106//4106 4107//4107
f 4107//4107 4106//4106 4108//4108
f 4107//4107 4108//4108 4109//4109
f 4109//4109 4108//4108 4110//4110
f 4110//4110 4108//4108 4111//4111
f 4111//4111 4108//4108 4112//4112
f 4111//4111 4112//4112 4113//4113
f 4113//4113 4112//4112 4114//4114
f 4113//4113 4114//4114 4115//4115
f 4115//4115 4114//4114 4102//4102
f 4115//4115 4102//4102 4101//4101
f 4100//4100 4116//4116 4101//4101
f 4101//4101 4116//4116 4115//4115
f 4115//4115 4116//4116 4113//4113
f 4113//4113 4116//4116 4117//4117
f 4113//4113 4117//4117 4118//4118
f 4118//4118 4111//4111 4113//4113
f 4104//4104 4119//4119 4091//4091
f 4091//4091 4119//4119 4089//4089
f 4112//4112 4108//4108 4106//4106
f 4102//4102 4114//4114 4103//4103
f 4103//4103 4114//4114 4106//4106
f 4114//4114 4112//4112 4106//4106
f 4041//4041 4044//4044 4002//4002
f 4002//4002 4044//4044 4000//4000
f 4044//4044 4046//4046 4000//4000
f 4000//4000 4046//4046 3998//3998
f 4046//4046 4048//4048 3998//3998
f 3998//3998 4048//4048 3996//3996
f 4048//4048 4050//4050 3996//3996
f 3996//3996 4050//4050 3994//3994
f 4050//4050 4052//4052 3994//3994
f 3994//3994 4052//4052 3992//3992
f 4052//4052 4054//4054 3992//3992
f 3992//3992 4054//4054 3990//3990
f 4060//4060 3986//3986 3988//3988
f 4054//4054 4057//4057 3990//3990
f 3990//3990 4057//4057 3988//3988
f 4057//4057 4060//4060 3988//3988
f 4064//4064 4067//4067 3984//3984
f 3984//3984 4067//4067 3982//3982
f 4067//4067 4069//4069 3982//3982
f 3982//3982 4069//4069 3981//3981
f 4069//4069 4071//4071 3981//3981
f 3981//3981 4071//4071 3980//3980
f 4071//4071 4074//4074 3980//3980
f 3980//3980 4074//4074 3979//3979
f 4074//4074 4076//4076 3979//3979
f 3979//3979 4076//4076 3978//3978
f 4076//4076 4078//4078 3978//3978
f 3978//3978 4078//4078 3977//3977
f 4078//4078 4080//4080 3977//3977
f 3977//3977 4080//4080 3976//3976
f 4080//4080 4082//4082 3976//3976
f 4120//4120 4121//4121 4122//4122
f 4122//4122 4121//4121 4123//4123
f 4122//4122 4123//4123 4124//4124
f 4124//4124 4123//4123 4125//4125
f 4124//4124 4125//4125 4126//4126
f 4126//4126 4125//4125 4127//4127
f 4126//4126 4127//4127 4128//4128
f 4128//4128 4127//4127 4129//4129
f 4128//4128 4129//4129 4130//4130
f 4130//4130 4129//4129 4131//4131
f 4130//4130 4131//4131 4132//4132
f 4132//4132 4131//4131 4133//4133
f 4132//4132 4133//4133 4134//4134
f 4134//4134 4133//4133 4135//4135
f 4134//4134 4135//4135 4136//4136
f 4136//4136 4135//4135 4137//4137
f 4136//4136 4137//4137 4138//4138
f 4139//4139 4140//4140 4120//4120
f 4120//4120 4140//4140 4141//4141
f 4120//4120 4141//4141 4142//4142
f 4142//4142 4141//4141 4143//4143
f 4142//4142 4143//4143 4144//4144
f 4144//4144 4143//4143 4145//4145
f 4144//4144 4145//4145 4146//4146
f 4146//4146 4145//4145 4147//4147
f 4146//4146 4147//4147 4148//4148
f 4148//4148 4147//4147 4149//4149
f 4148//4148 4149//4149 4150//4150
f 4150//4150 4149//4149 4151//4151
f 4150//4150 4151//4151 4152//4152
f 4152//4152 4151//4151 4153//4153
f 4152//4152 4153//4153 4154//4154
f 4154//4154 4153//4153 4155//4155
f 4154//4154 4155//4155 4156//4156
f 4156//4156 4155//4155 4157//4157
f 4156//4156 4157//4157 4158//4158
f 4158//4158 4157//4157 4129//4129
f 4158//4158 4129//4129 4127//4127
f 4159//4159 4160//4160 4139//4139
f 4139//4139 4160//4160 4161//4161
f 4139//4139 4161//4161 4162//4162
f 4162//4162 4161//4161 4163//4163
f 4162//4162 4163//4163 4164//4164
f 4164//4164 4163//4163 4165//4165
f 4164//4164 4165//4165 4166//4166
f 4166//4166 4165//4165 4167//4167
f 4166//4166 4167//4167 4168//4168
f 4168//4168 4167//4167 4169//4169
f 4168//4168 4169//4169 4170//4170
f 4170//4170 4169//4169 4171//4171
f 4170//4170 4171//4171 4172//4172
f 4172//4172 4171//4171 4173//4173
f 4172//4172 4173//4173 4174//4174
f 4174//4174 4173//4173 4175//4175
f 4174//4174 4175//4175 4176//4176
f 4176//4176 4175//4175 4147//4147
f 4176//4176 4147//4147 4145//4145
f 4177//4177 4178//4178 4159//4159
f 4159//4159 4178//4178 4179//4179
f 4159//4159 4179//4179 4160//4160
f 4160//4160 4179//4179 4180//4180
f 4160//4160 4180//4180 4181//4181
f 4181//4181 4180//4180 4182//4182
f 4181//4181 4182//4182 4183//4183
f 4183//4183 4182//4182 4184//4184
f 4183//4183 4184//4184 4185//4185
f 4185//4185 4184//4184 4186//4186
f 4185//4185 4186//4186 4187//4187
f 4187//4187 4186//4186 4188//4188
f 4187//4187 4188//4188 4171//4171
f 4177//4177 4189//4189 4178//4178
f 4178//4178 4189//4189 4190//4190
f 4178//4178 4190//4190 4180//4180
f 4180//4180 4190//4190 4182//4182
f 4189//4189 4191//4191 4190//4190
f 4190//4190 4191//4191 4192//4192
f 4190//4190 4192//4192 4182//4182
f 4182//4182 4192//4192 4184//4184
f 4191//4191 4193//4193 4192//4192
f 4192//4192 4193//4193 4194//4194
f 4192//4192 4194//4194 4184//4184
f 4184//4184 4194//4194 4186//4186
f 4193//4193 4195//4195 4194//4194
f 4194//4194 4195//4195 4196//4196
f 4194//4194 4196//4196 4186//4186
f 4186//4186 4196//4196 4188//4188
f 4195//4195 4197//4197 4196//4196
f 4196//4196 4197//4197 4198//4198
f 4196//4196 4198//4198 4199//4199
f 4200//4200 4201//4201 4199//4199
f 4199//4199 4201//4201 4188//4188
f 4199//4199 4188//4188 4196//4196
f 4201//4201 4200//4200 4202//4202
f 4202//4202 4200//4200 4203//4203
f 4202//4202 4203//4203 4204//4204
f 4204//4204 4203//4203 4205//4205
f 4204//4204 4205//4205 4206//4206
f 4206//4206 4207//4207 4204//4204
f 4204//4204 4207//4207 4208//4208
f 4204//4204 4208//4208 4209//4209
f 4209//4209 4208//4208 4210//4210
f 4209//4209 4210//4210 4211//4211
f 4209//4209 4211//4211 4212//4212
f 4212//4212 4211//4211 4213//4213
f 4212//4212 4213//4213 4214//4214
f 4214//4214 4213//4213 4215//4215
f 4214//4214 4215//4215 4216//4216
f 4214//4214 4216//4216 4217//4217
f 4217//4217 4216//4216 4218//4218
f 4217//4217 4218//4218 4219//4219
f 4219//4219 4218//4218 4220//4220
f 4219//4219 4220//4220 4221//4221
f 4221//4221 4220//4220 4222//4222
f 4221//4221 4222//4222 4223//4223
f 4223//4223 4222//4222 4224//4224
f 4223//4223 4224//4224 4225//4225
f 4218//4218 4226//4226 4220//4220
f 4220//4220 4226//4226 4222//4222
f 4227//4227 4228//4228 4225//4225
f 4225//4225 4228//4228 4229//4229
f 4225//4225 4229//4229 4223//4223
f 4223//4223 4229//4229 4221//4221
f 4228//4228 4227//4227 4230//4230
f 4230//4230 4227//4227 4231//4231
f 4230//4230 4231//4231 4232//4232
f 4232//4232 4231//4231 4233//4233
f 4232//4232 4233//4233 4234//4234
f 4234//4234 4233//4233 4235//4235
f 4234//4234 4235//4235 4231//4231
f 4231//4231 4235//4235 4233//4233
f 4236//4236 4237//4237 4234//4234
f 4234//4234 4237//4237 4238//4238
f 4234//4234 4238//4238 4239//4239
f 4239//4239 4238//4238 4240//4240
f 4239//4239 4240//4240 4241//4241
f 4241//4241 4240//4240 4242//4242
f 4241//4241 4242//4242 4243//4243
f 4243//4243 4242//4242 4244//4244
f 4243//4243 4244//4244 4245//4245
f 4245//4245 4244//4244 4246//4246
f 4245//4245 4246//4246 4247//4247
f 4247//4247 4246//4246 4248//4248
f 4247//4247 4248//4248 4249//4249
f 4249//4249 4248//4248 4250//4250
f 4249//4249 4250//4250 4251//4251
f 4251//4251 4250//4250 4252//4252
f 4251//4251 4252//4252 4253//4253
f 4253//4253 4252//4252 4254//4254
f 4253//4253 4254//4254 4255//4255
f 4255//4255 4254//4254 4256//4256
f 4255//4255 4256//4256 4257//4257
f 4257//4257 4256//4256 4258//4258
f 4257//4257 4258//4258 4259//4259
f 4259//4259 4258//4258 4260//4260
f 4259//4259 4260//4260 4261//4261
f 4261//4261 4260//4260 4262//4262
f 4261//4261 4262//4262 4263//4263
f 4263//4263 4262//4262 4264//4264
f 4263//4263 4264//4264 4265//4265
f 4265//4265 4264//4264 4266//4266
f 4265//4265 4266//4266 4267//4267
f 4267//4267 4266//4266 4268//4268
f 4268//4268 4266//4266 4269//4269
f 4268//4268 4269//4269 4270//4270
f 4270//4270 4269//4269 4271//4271
f 4270//4270 4271//4271 4272//4272
f 4272//4272 4271//4271 4273//4273
f 4272//4272 4273//4273 4274//4274
f 4274//4274 4273//4273 4275//4275
f 4274//4274 4275//4275 4276//4276
f 4276//4276 4275//4275 4277//4277
f 4276//4276 4277//4277 4278//4278
f 4278//4278 4277//4277 4279//4279
f 4278//4278 4279//4279 4280//4280
f 4280//4280 4279//4279 4281//4281
f 4280//4280 4281//4281 4282//4282
f 4282//4282 4281//4281 4283//4283
f 4282//4282 4283//4283 4284//4284
f 4284//4284 4283//4283 4285//4285
f 4284//4284 4285//4285 4286//4286
f 4286//4286 4285//4285 4287//4287
f 4286//4286 4287//4287 4288//4288
f 4288//4288 4287//4287 4289//4289
f 4288//4288 4289//4289 4290//4290
f 4290//4290 4289//4289 4291//4291
f 4290//4290 4291//4291 4292//4292
f 4292//4292 4291//4291 4293//4293
f 4292//4292 4293//4293 4294//4294
f 4294//4294 4293//4293 4295//4295
f 4294//4294 4295//4295 4296//4296
f 4296//4296 4295//4295 4297//4297
f 4296//4296 4297//4297 4298//4298
f 4298//4298 4297//4297 4299//4299
f 4298//4298 4299//4299 4300//4300
f 4300//4300 4299//4299 4301//4301
f 4300//4300 4301//4301 4302//4302
f 4302//4302 4301//4301 4303//4303
f 4302//4302 4303//4303 4304//4304
f 4304//4304 4303//4303 4305//4305
f 4304//4304 4305//4305 4306//4306
f 4306//4306 4305//4305 4307//4307
f 4306//4306 4307//4307 4308//4308
f 4309//4309 4310//4310 4236//4236
f 4236//4236 4310//4310 4311//4311
f 4236//4236 4311//4311 4238//4238
f 4238//4238 4311//4311 4240//4240
f 4312//4312 4313//4313 4309//4309
f 4309//4309 4313//4313 4314//4314
f 4309//4309 4314//4314 4311//4311
f 4311//4311 4314//4314 4315//4315
f 4311//4311 4315//4315 4240//4240
f 4240//4240 4315//4315 4242//4242
f 4316//4316 4317//4317 4312//4312
f 4312//4312 4317//4317 4318//4318
f 4312//4312 4318//4318 4314//4314
f 4314//4314 4318//4318 4319//4319
f 4314//4314 4319//4319 4315//4315
f 4315//4315 4319//4319 4320//4320
f 4315//4315 4320//4320 4242//4242
f 4242//4242 4320//4320 4244//4244
f 4321//4321 4322//4322 4316//4316
f 4316//4316 4322//4322 4323//4323
f 4316//4316 4323//4323 4318//4318
f 4318//4318 4323//4323 4324//4324
f 4318//4318 4324//4324 4319//4319
f 4319//4319 4324//4324 4325//4325
f 4319//4319 4325//4325 4320//4320
f 4320//4320 4325//4325 4326//4326
f 4320//4320 4326//4326 4244//4244
f 4244//4244 4326//4326 4246//4246
f 4327//4327 4328//4328 4321//4321
f 4321//4321 4328//4328 4329//4329
f 4321//4321 4329//4329 4323//4323
f 4323//4323 4329//4329 4330//4330
f 4323//4323 4330//4330 4324//4324
f 4324//4324 4330//4330 4331//4331
f 4324//4324 4331//4331 4325//4325
f 4325//4325 4331//4331 4332//4332
f 4325//4325 4332//4332 4326//4326
f 4326//4326 4332//4332 4333//4333
f 4326//4326 4333//4333 4246//4246
f 4246//4246 4333//4333 4248//4248
f 4328//4328 4327//4327 4334//4334
f 4334//4334 4327//4327 4335//4335
f 4334//4334 4335//4335 4336//4336
f 4336//4336 4335//4335 4338//4338
f 4336//4336 4337//4337 4339//4339
f 4341//4341 4337//4337 4343//4343
f 4339//4339 4344//4344 4345//4345
f 4345//4345 4344//4344 4347//4347
f 4345//4345 4348//4348 4349//4349
f 4349//4349 4348//4348 4350//4350
f 4349//4349 4350//4350 4351//4351
f 4351//4351 4350//4350 4352//4352
f 4351//4351 4352//4352 4353//4353
f 4353//4353 4352//4352 4354//4354
f 4353//4353 4354//4354 4355//4355
f 4355//4355 4354//4354 4356//4356
f 4355//4355 4356//4356 4357//4357
f 4357//4357 4356//4356 4358//4358
f 4357//4357 4358//4358 4359//4359
f 4359//4359 4358//4358 4360//4360
f 4359//4359 4360//4360 4361//4361
f 4361//4361 4360//4360 4362//4362
f 4361//4361 4362//4362 4363//4363
f 4363//4363 4362//4362 4364//4364
f 4363//4363 4364//4364 4365//4365
f 4365//4365 4364//4364 4366//4366
f 4365//4365 4366//4366 4367//4367
f 4367//4367 4366//4366 4285//4285
f 4367//4367 4285//4285 4283//4283
f 4338//4338 4368//4368 4344//4344
f 4342//4342 4368//4368 4370//4370
f 4342//4342 4370//4370 4348//4348
f 4348//4348 4371//4371 4372//4372
f 4348//4348 4372//4372 4350//4350
f 4350//4350 4372//4372 4373//4373
f 4350//4350 4373//4373 4352//4352
f 4352//4352 4373//4373 4374//4374
f 4352//4352 4374//4374 4354//4354
f 4354//4354 4374//4374 4375//4375
f 4354//4354 4375//4375 4356//4356
f 4356//4356 4375//4375 4376//4376
f 4356//4356 4376//4376 4358//4358
f 4358//4358 4376//4376 4377//4377
f 4358//4358 4377//4377 4360//4360
f 4360//4360 4377//4377 4378//4378
f 4360//4360 4378//4378 4362//4362
f 4362//4362 4378//4378 4379//4379
f 4362//4362 4379//4379 4364//4364
f 4364//4364 4379//4379 4380//4380
f 4364//4364 4380//4380 4366//4366
f 4366//4366 4380//4380 4287//4287
f 4366//4366 4287//4287 4285//4285
f 4369//4369 4368//4368 4383//4383
f 4383//4383 4368//4368 4384//4384
f 4381//4381 4384//4384 4386//4386
f 4387//4387 4384//4384 4388//4388
f 4387//4387 4388//4388 4389//4389
f 4389//4389 4388//4388 4390//4390
f 4389//4389 4390//4390 4391//4391
f 4391//4391 4390//4390 4392//4392
f 4391//4391 4392//4392 4393//4393
f 4393//4393 4392//4392 4394//4394
f 4393//4393 4394//4394 4395//4395
f 4395//4395 4394//4394 4396//4396
f 4395//4395 4396//4396 4397//4397
f 4397//4397 4396//4396 4398//4398
f 4397//4397 4398//4398 4399//4399
f 4399//4399 4398//4398 4400//4400
f 4399//4399 4400//4400 4401//4401
f 4401//4401 4400//4400 4295//4295
f 4401//4401 4295//4295 4293//4293
f 4388//4388 4402//4402 4390//4390
f 4390//4390 4402//4402 4403//4403
f 4390//4390 4403//4403 4392//4392
f 4392//4392 4403//4403 4404//4404
f 4392//4392 4404//4404 4394//4394
f 4394//4394 4404//4404 4405//4405
f 4394//4394 4405//4405 4396//4396
f 4396//4396 4405//4405 4406//4406
f 4396//4396 4406//4406 4398//4398
f 4398//4398 4406//4406 4407//4407
f 4398//4398 4407//4407 4400//4400
f 4400//4400 4407//4407 4297//4297
f 4400//4400 4297//4297 4295//4295
f 4402//4402 4408//4408 4403//4403
f 4403//4403 4408//4408 4409//4409
f 4403//4403 4409//4409 4404//4404
f 4404//4404 4409//4409 4410//4410
f 4404//4404 4410//4410 4405//4405
f 4405//4405 4410//4410 4411//4411
f 4405//4405 4411//4411 4406//4406
f 4406//4406 4411//4411 4412//4412
f 4406//4406 4412//4412 4407//4407
f 4407//4407 4412//4412 4299//4299
f 4407//4407 4299//4299 4297//4297
f 4408//4408 4413//4413 4409//4409
f 4409//4409 4413//4413 4414//4414
f 4409//4409 4414//4414 4410//4410
f 4410//4410 4414//4414 4415//4415
f 4410//4410 4415//4415 4411//4411
f 4411//4411 4415//4415 4416//4416
f 4411//4411 4416//4416 4412//4412
f 4412//4412 4416//4416 4301//4301
f 4412//4412 4301//4301 4299//4299
f 4413//4413 4417//4417 4414//4414
f 4414//4414 4417//4417 4418//4418
f 4414//4414 4418//4418 4415//4415
f 4415//4415 4418//4418 4419//4419
f 4415//4415 4419//4419 4416//4416
f 4416//4416 4419//4419 4303//4303
f 4416//4416 4303//4303 4301//4301
f 4417//4417 4307//4307 4418//4418
f 4418//4418 4307//4307 4305//4305
f 4418//4418 4305//4305 4419//4419
f 4419//4419 4305//4305 4303//4303
f 4420//4420 4421//4421 4308//4308
f 4308//4308 4421//4421 4422//4422
f 4308//4308 4422//4422 4306//4306
f 4306//4306 4422//4422 4423//4423
f 4306//4306 4423//4423 4304//4304
f 4304//4304 4423//4423 4424//4424
f 4304//4304 4424//4424 4302//4302
f 4302//4302 4424//4424 4425//4425
f 4302//4302 4425//4425 4300//4300
f 4300//4300 4425//4425 4426//4426
f 4300//4300 4426//4426 4298//4298
f 4298//4298 4426//4426 4427//4427
f 4298//4298 4427//4427 4296//4296
f 4296//4296 4427//4427 4428//4428
f 4296//4296 4428//4428 4294//4294
f 4294//4294 4428//4428 4429//4429
f 4294//4294 4429//4429 4292//4292
f 4292//4292 4429//4429 4430//4430
f 4292//4292 4430//4430 4290//4290
f 4290//4290 4430//4430 4431//4431
f 4290//4290 4431//4431 4288//4288
f 4288//4288 4431//4431 4432//4432
f 4288//4288 4432//4432 4286//4286
f 4286//4286 4432//4432 4433//4433
f 4286//4286 4433//4433 4284//4284
f 4284//4284 4433//4433 4434//4434
f 4284//4284 4434//4434 4282//4282
f 4282//4282 4434//4434 4435//4435
f 4282//4282 4435//4435 4280//4280
f 4280//4280 4435//4435 4278//4278
f 4436//4436 4437//4437 4420//4420
f 4420//4420 4437//4437 4438//4438
f 4420//4420 4438//4438 4421//4421
f 4421//4421 4438//4438 4439//4439
f 4421//4421 4439//4439 4422//4422
f 4422//4422 4439//4439 4423//4423
f 4437//4437 4436//4436 4440//4440
f 4440//4440 4436//4436 4441//4441
f 4440//4440 4441//4441 4442//4442
f 4440//4440 4442//4442 4443//4443
f 4443//4443 4442//4442 4444//4444
f 4443//4443 4444//4444 4445//4445
f 4445//4445 4444//4444 4446//4446
f 4445//4445 4446//4446 4447//4447
f 4447//4447 4446//4446 4448//4448
f 4447//4447 4448//4448 4449//4449
f 4449//4449 4448//4448 4450//4450
f 4449//4449 4450//4450 4451//4451
f 4451//4451 4450//4450 4452//4452
f 4451//4451 4452//4452 4453//4453
f 4453//4453 4452//4452 4454//4454
f 4453//4453 4454//4454 4455//4455
f 4455//4455 4454//4454 4456//4456
f 4455//4455 4456//4456 4457//4457
f 4457//4457 4456//4456 4458//4458
f 4457//4457 4458//4458 4459//4459
f 4459//4459 4458//4458 4460//4460
f 4459//4459 4460//4460 4461//4461
f 4461//4461 4460//4460 4462//4462
f 4461//4461 4462//4462 4463//4463
f 4463//4463 4462//4462 4464//4464
f 4463//4463 4464//4464 4465//4465
f 4465//4465 4464//4464 4466//4466
f 4465//4465 4466//4466 4467//4467
f 4467//4467 4466//4466 4468//4468
f 4467//4467 4468//4468 4469//4469
f 4469//4469 4468//4468 4470//4470
f 4469//4469 4470//4470 4471//4471
f 4471//4471 4470//4470 4472//4472
f 4472//4472 4470//4470 4473//4473
f 4472//4472 4473//4473 4474//4474
f 4474//4474 4473//4473 4475//4475
f 4474//4474 4475//4475 4476//4476
f 4476//4476 4475//4475 4477//4477
f 4476//4476 4477//4477 4478//4478
f 4478//4478 4477//4477 4479//4479
f 4479//4479 4477//4477 4480//4480
f 4479//4479 4480//4480 4481//4481
f 4481//4481 4480//4480 4482//4482
f 4481//4481 4482//4482 4483//4483
f 4446//4446 4444//4444 4484//4484
f 4484//4484 4444//4444 4485//4485
f 4484//4484 4485//4485 4446//4446
f 4446//4446 4485//4485 4486//4486
f 4446//4446 4486//4486 4448//4448
f 4448//4448 4486//4486 4487//4487
f 4448//4448 4487//4487 4450//4450
f 4450//4450 4487//4487 4488//4488
f 4450//4450 4488//4488 4452//4452
f 4452//4452 4488//4488 4489//4489
f 4452//4452 4489//4489 4454//4454
f 4454//4454 4489//4489 4490//4490
f 4454//4454 4490//4490 4456//4456
f 4456//4456 4490//4490 4491//4491
f 4456//4456 4491//4491 4458//4458
f 4458//4458 4491//4491 4492//4492
f 4458//4458 4492//4492 4460//4460
f 4460//4460 4492//4492 4493//4493
f 4460//4460 4493//4493 4462//4462
f 4462//4462 4493//4493 4494//4494
f 4462//4462 4494//4494 4464//4464
f 4464//4464 4494//4494 4495//4495
f 4464//4464 4495//4495 4466//4466
f 4466//4466 4495//4495 4496//4496
f 4466//4466 4496//4496 4468//4468
f 4468//4468 4496//4496 4497//4497
f 4468//4468 4497//4497 4470//4470
f 4470//4470 4497//4497 4473//4473
f 4486//4486 4485//4485 4498//4498
f 4498//4498 4485//4485 4499//4499
f 4498//4498 4499//4499 4486//4486
f 4486//4486 4499//4499 4500//4500
f 4486//4486 4500//4500 4501//4501
f 4501//4501 4500//4500 4502//4502
f 4501//4501 4502//4502 4503//4503
f 4503//4503 4502//4502 4500//4500
f 4504//4504 4505//4505 4503//4503
f 4503//4503 4505//4505 4506//4506
f 4503//4503 4506//4506 4501//4501
f 4501//4501 4506//4506 4507//4507
f 4501//4501 4507//4507 4487//4487
f 4487//4487 4507//4507 4488//4488
f 4504//4504 4508//4508 4505//4505
f 4505//4505 4508//4508 4509//4509
f 4505//4505 4509//4509 4510//4510
f 4510//4510 4509//4509 4511//4511
f 4510//4510 4511//4511 4512//4512
f 4512//4512 4511//4511 4513//4513
f 4512//4512 4513//4513 4514//4514
f 4514//4514 4513//4513 4515//4515
f 4514//4514 4515//4515 4516//4516
f 4516//4516 4515//4515 4517//4517
f 4516//4516 4517//4517 4518//4518
f 4518//4518 4517//4517 4519//4519
f 4518//4518 4519//4519 4520//4520
f 4520//4520 4519//4519 4521//4521
f 4520//4520 4521//4521 4522//4522
f 4522//4522 4521//4521 4523//4523
f 4522//4522 4523//4523 4524//4524
f 4524//4524 4523//4523 4525//4525
f 4524//4524 4525//4525 4526//4526
f 4526//4526 4525//4525 4527//4527
f 4526//4526 4527//4527 4528//4528
f 4528//4528 4527//4527 4529//4529
f 4528//4528 4529//4529 4530//4530
f 4530//4530 4529//4529 4531//4531
f 4530//4530 4531//4531 4480//4480
f 4480//4480 4531//4531 4532//4532
f 4480//4480 4532//4532 4482//4482
f 4482//4482 4532//4532 4533//4533
f 4482//4482 4533//4533 4534//4534
f 4534//4534 4533//4533 4532//4532
f 4534//4534 4532//4532 4535//4535
f 4535//4535 4532//4532 4536//4536
f 4535//4535 4536//4536 4537//4537
f 4537//4537 4536//4536 4538//4538
f 4537//4537 4538//4538 4539//4539
f 4539//4539 4538//4538 4540//4540
f 4539//4539 4540//4540 4541//4541
f 4541//4541 4540//4540 4542//4542
f 4541//4541 4542//4542 4543//4543
f 4543//4543 4542//4542 4544//4544
f 4543//4543 4544//4544 4545//4545
f 4545//4545 4544//4544 4546//4546
f 4545//4545 4546//4546 4547//4547
f 4547//4547 4546//4546 4548//4548
f 4547//4547 4548//4548 4549//4549
f 4549//4549 4548//4548 4550//4550
f 4549//4549 4550//4550 4551//4551
f 4551//4551 4550//4550 4552//4552
f 4551//4551 4552//4552 4553//4553
f 4553//4553 4552//4552 4554//4554
f 4553//4553 4554//4554 4555//4555
f 4555//4555 4554//4554 4521//4521
f 4555//4555 4521//4521 4519//4519
f 4508//4508 4556//4556 4509//4509
f 4509//4509 4556//4556 4557//4557
f 4509//4509 4557//4557 4511//4511
f 4511//4511 4557//4557 4558//4558
f 4511//4511 4558//4558 4559//4559
f 4559//4559 4558//4558 4560//4560
f 4559//4559 4560//4560 4561//4561
f 4556//4556 4558//4558 4557//4557
f 4561//4561 4562//4562 4559//4559
f 4559//4559 4562//4562 4563//4563
f 4559//4559 4563//4563 4564//4564
f 4564//4564 4563//4563 4565//4565
f 4564//4564 4565//4565 4566//4566
f 4566//4566 4567//4567 4564//4564
f 4564//4564 4567//4567 4568//4568
f 4564//4564 4568//4568 4569//4569
f 4569//4569 4570//4570 4564//4564
f 4564//4564 4570//4570 4571//4571
f 4564//4564 4571//4571 4572//4572
f 4572//4572 4571//4571 4573//4573
f 4572//4572 4573//4573 4574//4574
f 4574//4574 4573//4573 4575//4575
f 4574//4574 4575//4575 4576//4576
f 4576//4576 4575//4575 4577//4577
f 4576//4576 4577//4577 4553//4553
f 4553//4553 4577//4577 4551//4551
f 4570//4570 4578//4578 4571//4571
f 4571//4571 4578//4578 4579//4579
f 4571//4571 4579//4579 4580//4580
f 4580//4580 4581//4581 4571//4571
f 4571//4571 4581//4581 4582//4582
f 4571//4571 4582//4582 4573//4573
f 4573//4573 4582//4582 4583//4583
f 4573//4573 4583//4583 4575//4575
f 4575//4575 4583//4583 4584//4584
f 4575//4575 4584//4584 4577//4577
f 4577//4577 4584//4584 4585//4585
f 4577//4577 4585//4585 4551//4551
f 4551//4551 4585//4585 4549//4549
f 4581//4581 4586//4586 4582//4582
f 4582//4582 4586//4586 4587//4587
f 4582//4582 4587//4587 4588//4588
f 4588//4588 4589//4589 4582//4582
f 4582//4582 4589//4589 4590//4590
f 4582//4582 4590//4590 4591//4591
f 4582//4582 4591//4591 4592//4592
f 4592//4592 4591//4591 4593//4593
f 4592//4592 4593//4593 4594//4594
f 4594//4594 4595//4595 4592//4592
f 4592//4592 4595//4595 4596//4596
f 4592//4592 4596//4596 4583//4583
f 4583//4583 4596//4596 4584//4584
f 4595//4595 4597//4597 4596//4596
f 4596//4596 4597//4597 4598//4598
f 4596//4596 4598//4598 4584//4584
f 4584//4584 4598//4598 4585//4585
f 4597//4597 4545//4545 4598//4598
f 4598//4598 4545//4545 4599//4599
f 4598//4598 4599//4599 4585//4585
f 4585//4585 4599//4599 4549//4549
f 4545//4545 4600//4600 4543//4543
f 4543//4543 4600//4600 4601//4601
f 4543//4543 4601//4601 4541//4541
f 4541//4541 4601//4601 4602//4602
f 4541//4541 4602//4602 4539//4539
f 4539//4539 4602//4602 4603//4603
f 4539//4539 4603//4603 4537//4537
f 4537//4537 4603//4603 4604//4604
f 4537//4537 4604//4604 4535//4535
f 4535//4535 4604//4604 4605//4605
f 4535//4535 4605//4605 4534//4534
f 4534//4534 4605//4605 4606//4606
f 4606//4606 4605//4605 4607//4607
f 4607//4607 4605//4605 4608//4608
f 4607//4607 4608//4608 4609//4609
f 4609//4609 4608//4608 4610//4610
f 4609//4609 4610//4610 4611//4611
f 4611//4611 4610//4610 4612//4612
f 4611//4611 4612//4612 4613//4613
f 4613//4613 4612//4612 4614//4614
f 4613//4613 4614//4614 4615//4615
f 4615//4615 4614//4614 4616//4616
f 4615//4615 4616//4616 4617//4617
f 4617//4617 4616//4616 4618//4618
f 4617//4617 4618//4618 4619//4619
f 4620//4620 4621//4621 4600//4600
f 4600//4600 4621//4621 4622//4622
f 4600//4600 4622//4622 4601//4601
f 4601//4601 4622//4622 4602//4602
f 4621//4621 4620//4620 4623//4623
f 4623//4623 4620//4620 4618//4618
f 4623//4623 4618//4618 4616//4616
f 4613//4613 4609//4609 4611//4611
f 4483//4483 4479//4479 4481//4481
f 4469//4469 4471//4471 4624//4624
f 4624//4624 4471//4471 4625//4625
f 4624//4624 4625//4625 4626//4626
f 4626//4626 4625//4625 4627//4627
f 4626//4626 4627//4627 4628//4628
f 4628//4628 4627//4627 4629//4629
f 4628//4628 4629//4629 4630//4630
f 4630//4630 4629//4629 4631//4631
f 4630//4630 4631//4631 4632//4632
f 4632//4632 4631//4631 4633//4633
f 4632//4632 4633//4633 4634//4634
f 4634//4634 4633//4633 4635//4635
f 4634//4634 4635//4635 4636//4636
f 4636//4636 4635//4635 4637//4637
f 4636//4636 4637//4637 4638//4638
f 4638//4638 4637//4637 4639//4639
f 4638//4638 4639//4639 4640//4640
f 4640//4640 4639//4639 4641//4641
f 4640//4640 4641//4641 4642//4642
f 4642//4642 4641//4641 4643//4643
f 4642//4642 4643//4643 4644//4644
f 4644//4644 4643//4643 4645//4645
f 4644//4644 4645//4645 4646//4646
f 4646//4646 4645//4645 4647//4647
f 4646//4646 4647//4647 4648//4648
f 4648//4648 4647//4647 4649//4649
f 4648//4648 4649//4649 4650//4650
f 4650//4650 4649//4649 4651//4651
f 4650//4650 4651//4651 4439//4439
f 4439//4439 4651//4651 4423//4423
f 4627//4627 4652//4652 4629//4629
f 4629//4629 4652//4652 4653//4653
f 4629//4629 4653//4653 4631//4631
f 4631//4631 4653//4653 4654//4654
f 4631//4631 4654//4654 4633//4633
f 4633//4633 4654//4654 4655//4655
f 4633//4633 4655//4655 4635//4635
f 4635//4635 4655//4655 4656//4656
f 4635//4635 4656//4656 4637//4637
f 4637//4637 4656//4656 4657//4657
f 4637//4637 4657//4657 4639//4639
f 4639//4639 4657//4657 4658//4658
f 4639//4639 4658//4658 4641//4641
f 4641//4641 4658//4658 4659//4659
f 4641//4641 4659//4659 4643//4643
f 4643//4643 4659//4659 4660//4660
f 4643//4643 4660//4660 4645//4645
f 4645//4645 4660//4660 4661//4661
f 4645//4645 4661//4661 4647//4647
f 4647//4647 4661//4661 4662//4662
f 4647//4647 4662//4662 4649//4649
f 4649//4649 4662//4662 4663//4663
f 4649//4649 4663//4663 4651//4651
f 4651//4651 4663//4663 4424//4424
f 4651//4651 4424//4424 4423//4423
f 4653//4653 4652//4652 4664//4664
f 4664//4664 4652//4652 4665//4665
f 4664//4664 4665//4665 4666//4666
f 4666//4666 4665//4665 4667//4667
f 4666//4666 4667//4667 4668//4668
f 4668//4668 4667//4667 4669//4669
f 4668//4668 4669//4669 4670//4670
f 4670//4670 4669//4669 4671//4671
f 4670//4670 4671//4671 4672//4672
f 4672//4672 4671//4671 4673//4673
f 4672//4672 4673//4673 4674//4674
f 4674//4674 4673//4673 4675//4675
f 4674//4674 4675//4675 4676//4676
f 4676//4676 4675//4675 4677//4677
f 4676//4676 4677//4677 4678//4678
f 4678//4678 4677//4677 4679//4679
f 4678//4678 4679//4679 4680//4680
f 4680//4680 4679//4679 4681//4681
f 4680//4680 4681//4681 4682//4682
f 4682//4682 4681//4681 4427//4427
f 4682//4682 4427//4427 4426//4426
f 4683//4683 4684//4684 4665//4665
f 4665//4665 4684//4684 4685//4685
f 4665//4665 4685//4685 4667//4667
f 4667//4667 4685//4685 4669//4669
f 4278//4278 4435//4435 4683//4683
f 4683//4683 4435//4435 4686//4686
f 4683//4683 4686//4686 4687//4687
f 4687//4687 4686//4686 4688//4688
f 4687//4687 4688//4688 4689//4689
f 4689//4689 4688//4688 4690//4690
f 4689//4689 4690//4690 4691//4691
f 4691//4691 4690//4690 4692//4692
f 4691//4691 4692//4692 4693//4693
f 4693//4693 4692//4692 4694//4694
f 4693//4693 4694//4694 4695//4695
f 4695//4695 4694//4694 4696//4696
f 4695//4695 4696//4696 4697//4697
f 4697//4697 4696//4696 4698//4698
f 4697//4697 4698//4698 4679//4679
f 4679//4679 4698//4698 4681//4681
f 4278//4278 4274//4274 4276//4276
f 4274//4274 4270//4270 4272//4272
f 4265//4265 4267//4267 4699//4699
f 4699//4699 4267//4267 4700//4700
f 4699//4699 4700//4700 4701//4701
f 4701//4701 4700//4700 4702//4702
f 4701//4701 4702//4702 4703//4703
f 4703//4703 4702//4702 4704//4704
f 4703//4703 4704//4704 4705//4705
f 4705//4705 4704//4704 4706//4706
f 4705//4705 4706//4706 4707//4707
f 4707//4707 4706//4706 4708//4708
f 4707//4707 4708//4708 4709//4709
f 4709//4709 4708//4708 4710//4710
f 4709//4709 4710//4710 4711//4711
f 4711//4711 4710//4710 4712//4712
f 4711//4711 4712//4712 4713//4713
f 4713//4713 4712//4712 4714//4714
f 4713//4713 4714//4714 4715//4715
f 4715//4715 4714//4714 4716//4716
f 4715//4715 4716//4716 4717//4717
f 4717//4717 4716//4716 4718//4718
f 4718//4718 4716//4716 4719//4719
f 4718//4718 4719//4719 4720//4720
f 4720//4720 4719//4719 4138//4138
f 4138//4138 4719//4719 4136//4136
f 4719//4719 4721//4721 4136//4136
f 4136//4136 4721//4721 4134//4134
f 4134//4134 4721//4721 4132//4132
f 4132//4132 4721//4721 4722//4722
f 4132//4132 4722//4722 4130//4130
f 4130//4130 4722//4722 4128//4128
f 4722//4722 4723//4723 4128//4128
f 4128//4128 4723//4723 4126//4126
f 4723//4723 4724//4724 4126//4126
f 4126//4126 4724//4724 4124//4124
f 4724//4724 4725//4725 4124//4124
f 4124//4124 4725//4725 4726//4726
f 4124//4124 4726//4726 4122//4122
f 4727//4727 4728//4728 4725//4725
f 4725//4725 4728//4728 4726//4726
f 4155//4155 4153//4153 4729//4729
f 4729//4729 4153//4153 4730//4730
f 4729//4729 4730//4730 4133//4133
f 4133//4133 4730//4730 4135//4135
f 4717//4717 4731//4731 4715//4715
f 4715//4715 4731//4731 4732//4732
f 4715//4715 4732//4732 4713//4713
f 4713//4713 4732//4732 4733//4733
f 4713//4713 4733//4733 4734//4734
f 4734//4734 4733//4733 4735//4735
f 4734//4734 4735//4735 4736//4736
f 4736//4736 4735//4735 4737//4737
f 4736//4736 4737//4737 4738//4738
f 4738//4738 4737//4737 4739//4739
f 4738//4738 4739//4739 4740//4740
f 4740//4740 4739//4739 4741//4741
f 4740//4740 4741//4741 4742//4742
f 4742//4742 4741//4741 4743//4743
f 4742//4742 4743//4743 4744//4744
f 4744//4744 4743//4743 4745//4745
f 4744//4744 4745//4745 4746//4746
f 4746//4746 4745//4745 4747//4747
f 4746//4746 4747//4747 4251//4251
f 4251//4251 4747//4747 4249//4249
f 4732//4732 4748//4748 4733//4733
f 4733//4733 4748//4748 4749//4749
f 4733//4733 4749//4749 4735//4735
f 4735//4735 4749//4749 4750//4750
f 4735//4735 4750//4750 4737//4737
f 4737//4737 4750//4750 4751//4751
f 4737//4737 4751//4751 4739//4739
f 4739//4739 4751//4751 4752//4752
f 4739//4739 4752//4752 4741//4741
f 4741//4741 4752//4752 4753//4753
f 4741//4741 4753//4753 4743//4743
f 4743//4743 4753//4753 4754//4754
f 4743//4743 4754//4754 4745//4745
f 4745//4745 4754//4754 4755//4755
f 4745//4745 4755//4755 4747//4747
f 4747//4747 4755//4755 4756//4756
f 4747//4747 4756//4756 4249//4249
f 4249//4249 4756//4756 4247//4247
f 4748//4748 4757//4757 4749//4749
f 4749//4749 4757//4757 4758//4758
f 4749//4749 4758//4758 4750//4750
f 4750//4750 4758//4758 4759//4759
f 4750//4750 4759//4759 4751//4751
f 4751//4751 4759//4759 4760//4760
f 4751//4751 4760//4760 4752//4752
f 4752//4752 4760//4760 4761//4761
f 4752//4752 4761//4761 4753//4753
f 4753//4753 4761//4761 4762//4762
f 4753//4753 4762//4762 4754//4754
f 4754//4754 4762//4762 4763//4763
f 4754//4754 4763//4763 4755//4755
f 4755//4755 4763//4763 4764//4764
f 4755//4755 4764//4764 4756//4756
f 4756//4756 4764//4764 4765//4765
f 4756//4756 4765//4765 4247//4247
f 4247//4247 4765//4765 4245//4245
f 4757//4757 4766//4766 4758//4758
f 4758//4758 4766//4766 4767//4767
f 4758//4758 4767//4767 4759//4759
f 4759//4759 4767//4767 4768//4768
f 4759//4759 4768//4768 4760//4760
f 4760//4760 4768//4768 4769//4769
f 4760//4760 4769//4769 4761//4761
f 4761//4761 4769//4769 4770//4770
f 4761//4761 4770//4770 4762//4762
f 4762//4762 4770//4770 4771//4771
f 4762//4762 4771//4771 4763//4763
f 4763//4763 4771//4771 4772//4772
f 4763//4763 4772//4772 4764//4764
f 4764//4764 4772//4772 4773//4773
f 4764//4764 4773//4773 4765//4765
f 4765//4765 4773//4773 4774//4774
f 4765//4765 4774//4774 4245//4245
f 4245//4245 4774//4774 4243//4243
f 4766//4766 4775//4775 4767//4767
f 4767//4767 4775//4775 4776//4776
f 4767//4767 4776//4776 4777//4777
f 4777//4777 4776//4776 4778//4778
f 4777//4777 4778//4778 4779//4779
f 4779//4779 4778//4778 4780//4780
f 4779//4779 4780//4780 4781//4781
f 4781//4781 4780//4780 4782//4782
f 4781//4781 4782//4782 4783//4783
f 4783//4783 4782//4782 4784//4784
f 4783//4783 4784//4784 4785//4785
f 4785//4785 4784//4784 4786//4786
f 4785//4785 4786//4786 4787//4787
f 4787//4787 4786//4786 4788//4788
f 4787//4787 4788//4788 4789//4789
f 4789//4789 4788//4788 4790//4790
f 4789//4789 4790//4790 4791//4791
f 4791//4791 4790//4790 4792//4792
f 4791//4791 4792//4792 4793//4793
f 4793//4793 4792//4792 4794//4794
f 4793//4793 4794//4794 4795//4795
f 4795//4795 4794//4794 4214//4214
f 4795//4795 4214//4214 4217//4217
f 4792//4792 4790//4790 4796//4796
f 4796//4796 4790//4790 4797//4797
f 4796//4796 4797//4797 4798//4798
f 4799//4799 4800//4800 4798//4798
f 4798//4798 4800//4800 4801//4801
f 4798//4798 4801//4801 4802//4802
f 4802//4802 4801//4801 4204//4204
f 4802//4802 4204//4204 4209//4209
f 4800//4800 4799//4799 4201//4201
f 4201//4201 4799//4799 4188//4188
f 4153//4153 4151//4151 4173//4173
f 4173//4173 4151//4151 4149//4149
f 4173//4173 4149//4149 4175//4175
f 4175//4175 4149//4149 4147//4147
f 4803//4803 4120//4120 4804//4804
f 4804//4804 4120//4120 4142//4142
f 4804//4804 4142//4142 4144//4144
f 4549//4549 4599//4599 4547//4547
f 4547//4547 4599//4599 4545//4545
f 4805//4805 4139//4139 4806//4806
f 4806//4806 4139//4139 4162//4162
f 4806//4806 4162//4162 4164//4164
f 4171//4171 4169//4169 4187//4187
f 4187//4187 4169//4169 4167//4167
f 4187//4187 4167//4167 4185//4185
f 4185//4185 4167//4167 4165//4165
f 4185//4185 4165//4165 4183//4183
f 4183//4183 4165//4165 4163//4163
f 4183//4183 4163//4163 4181//4181
f 4181//4181 4163//4163 4161//4161
f 4181//4181 4161//4161 4160//4160
f 4180//4180 4179//4179 4178//4178
f 4125//4125 4123//4123 4807//4807
f 4807//4807 4123//4123 4121//4121
f 4807//4807 4121//4121 4808//4808
f 4808//4808 4121//4121 4803//4803
f 4808//4808 4803//4803 4809//4809
f 4809//4809 4803//4803 4804//4804
f 4809//4809 4804//4804 4144//4144
f 4127//4127 4125//4125 4810//4810
f 4810//4810 4125//4125 4807//4807
f 4810//4810 4807//4807 4811//4811
f 4811//4811 4807//4807 4808//4808
f 4811//4811 4808//4808 4812//4812
f 4812//4812 4808//4808 4809//4809
f 4812//4812 4809//4809 4146//4146
f 4146//4146 4809//4809 4144//4144
f 4729//4729 4133//4133 4131//4131
f 4729//4729 4131//4131 4157//4157
f 4157//4157 4131//4131 4129//4129
f 4146//4146 4148//4148 4812//4812
f 4812//4812 4148//4148 4813//4813
f 4812//4812 4813//4813 4811//4811
f 4811//4811 4813//4813 4814//4814
f 4811//4811 4814//4814 4810//4810
f 4810//4810 4814//4814 4158//4158
f 4810//4810 4158//4158 4127//4127
f 4148//4148 4150//4150 4813//4813
f 4813//4813 4150//4150 4815//4815
f 4813//4813 4815//4815 4814//4814
f 4814//4814 4815//4815 4156//4156
f 4814//4814 4156//4156 4158//4158
f 4150//4150 4152//4152 4815//4815
f 4815//4815 4152//4152 4154//4154
f 4815//4815 4154//4154 4156//4156
f 4120//4120 4803//4803 4121//4121
f 4164//4164 4166//4166 4816//4816
f 4816//4816 4166//4166 4817//4817
f 4816//4816 4817//4817 4818//4818
f 4818//4818 4817//4817 4819//4819
f 4818//4818 4819//4819 4820//4820
f 4820//4820 4819//4819 4821//4821
f 4820//4820 4821//4821 4143//4143
f 4143//4143 4821//4821 4145//4145
f 4166//4166 4168//4168 4817//4817
f 4817//4817 4168//4168 4822//4822
f 4817//4817 4822//4822 4819//4819
f 4819//4819 4822//4822 4823//4823
f 4819//4819 4823//4823 4821//4821
f 4821//4821 4823//4823 4176//4176
f 4821//4821 4176//4176 4145//4145
f 4168//4168 4170//4170 4822//4822
f 4822//4822 4170//4170 4172//4172
f 4822//4822 4172//4172 4823//4823
f 4823//4823 4172//4172 4174//4174
f 4823//4823 4174//4174 4176//4176
f 4805//4805 4806//4806 4816//4816
f 4816//4816 4806//4806 4164//4164
f 4805//4805 4816//4816 4818//4818
f 4139//4139 4805//4805 4140//4140
f 4140//4140 4805//4805 4818//4818
f 4140//4140 4818//4818 4820//4820
f 4506//4506 4505//4505 4510//4510
f 4487//4487 4486//4486 4501//4501
f 4443//4443 4445//4445 4440//4440
f 4440//4440 4445//4445 4824//4824
f 4440//4440 4824//4824 4437//4437
f 4437//4437 4824//4824 4438//4438
f 4387//4387 4389//4389 4825//4825
f 4825//4825 4389//4389 4391//4391
f 4825//4825 4391//4391 4826//4826
f 4826//4826 4391//4391 4393//4393
f 4826//4826 4393//4393 4827//4827
f 4827//4827 4393//4393 4395//4395
f 4827//4827 4395//4395 4828//4828
f 4828//4828 4395//4395 4397//4397
f 4828//4828 4397//4397 4829//4829
f 4829//4829 4397//4397 4399//4399
f 4829//4829 4399//4399 4830//4830
f 4830//4830 4399//4399 4401//4401
f 4830//4830 4401//4401 4831//4831
f 4831//4831 4401//4401 4293//4293
f 4831//4831 4293//4293 4291//4291
f 4381//4381 4385//4385 4832//4832
f 4833//4833 4387//4387 4825//4825
f 4833//4833 4825//4825 4834//4834
f 4834//4834 4825//4825 4826//4826
f 4834//4834 4826//4826 4835//4835
f 4835//4835 4826//4826 4827//4827
f 4835//4835 4827//4827 4836//4836
f 4836//4836 4827//4827 4828//4828
f 4836//4836 4828//4828 4837//4837
f 4837//4837 4828//4828 4829//4829
f 4837//4837 4829//4829 4838//4838
f 4838//4838 4829//4829 4830//4830
f 4838//4838 4830//4830 4839//4839
f 4839//4839 4830//4830 4831//4831
f 4839//4839 4831//4831 4840//4840
f 4840//4840 4831//4831 4291//4291
f 4840//4840 4291//4291 4289//4289
f 4371//4371 4382//4382 4372//4372
f 4372//4372 4383//4383 4833//4833
f 4372//4372 4833//4833 4373//4373
f 4373//4373 4833//4833 4834//4834
f 4373//4373 4834//4834 4374//4374
f 4374//4374 4834//4834 4835//4835
f 4374//4374 4835//4835 4375//4375
f 4375//4375 4835//4835 4836//4836
f 4375//4375 4836//4836 4376//4376
f 4376//4376 4836//4836 4837//4837
f 4376//4376 4837//4837 4377//4377
f 4377//4377 4837//4837 4838//4838
f 4377//4377 4838//4838 4378//4378
f 4378//4378 4838//4838 4839//4839
f 4378//4378 4839//4839 4379//4379
f 4379//4379 4839//4839 4840//4840
f 4379//4379 4840//4840 4380//4380
f 4380//4380 4840//4840 4289//4289
f 4380//4380 4289//4289 4287//4287
f 4336//4336 4340//4340 4842//4842
f 4843//4843 4340//4340 4346//4346
f 4841//4841 4345//4345 4844//4844
f 4844//4844 4345//4345 4349//4349
f 4844//4844 4349//4349 4845//4845
f 4845//4845 4349//4349 4351//4351
f 4845//4845 4351//4351 4846//4846
f 4846//4846 4351//4351 4353//4353
f 4846//4846 4353//4353 4847//4847
f 4847//4847 4353//4353 4355//4355
f 4847//4847 4355//4355 4848//4848
f 4848//4848 4355//4355 4357//4357
f 4848//4848 4357//4357 4849//4849
f 4849//4849 4357//4357 4359//4359
f 4849//4849 4359//4359 4850//4850
f 4850//4850 4359//4359 4361//4361
f 4850//4850 4361//4361 4851//4851
f 4851//4851 4361//4361 4363//4363
f 4851//4851 4363//4363 4852//4852
f 4852//4852 4363//4363 4365//4365
f 4852//4852 4365//4365 4853//4853
f 4853//4853 4365//4365 4367//4367
f 4853//4853 4367//4367 4854//4854
f 4854//4854 4367//4367 4283//4283
f 4854//4854 4283//4283 4281//4281
f 4334//4334 4336//4336 4855//4855
f 4855//4855 4336//4336 4841//4841
f 4855//4855 4841//4841 4856//4856
f 4856//4856 4841//4841 4844//4844
f 4856//4856 4844//4844 4857//4857
f 4857//4857 4844//4844 4845//4845
f 4857//4857 4845//4845 4858//4858
f 4858//4858 4845//4845 4846//4846
f 4858//4858 4846//4846 4859//4859
f 4859//4859 4846//4846 4847//4847
f 4859//4859 4847//4847 4860//4860
f 4860//4860 4847//4847 4848//4848
f 4860//4860 4848//4848 4861//4861
f 4861//4861 4848//4848 4849//4849
f 4861//4861 4849//4849 4862//4862
f 4862//4862 4849//4849 4850//4850
f 4862//4862 4850//4850 4863//4863
f 4863//4863 4850//4850 4851//4851
f 4863//4863 4851//4851 4864//4864
f 4864//4864 4851//4851 4852//4852
f 4864//4864 4852//4852 4865//4865
f 4865//4865 4852//4852 4853//4853
f 4865//4865 4853//4853 4866//4866
f 4866//4866 4853//4853 4854//4854
f 4866//4866 4854//4854 4867//4867
f 4867//4867 4854//4854 4281//4281
f 4867//4867 4281//4281 4279//4279
f 4328//4328 4334//4334 4329//4329
f 4329//4329 4334//4334 4855//4855
f 4329//4329 4855//4855 4868//4868
f 4868//4868 4855//4855 4856//4856
f 4868//4868 4856//4856 4869//4869
f 4869//4869 4856//4856 4857//4857
f 4869//4869 4857//4857 4870//4870
f 4870//4870 4857//4857 4858//4858
f 4870//4870 4858//4858 4871//4871
f 4871//4871 4858//4858 4859//4859
f 4871//4871 4859//4859 4872//4872
f 4872//4872 4859//4859 4860//4860
f 4872//4872 4860//4860 4873//4873
f 4873//4873 4860//4860 4861//4861
f 4873//4873 4861//4861 4874//4874
f 4874//4874 4861//4861 4862//4862
f 4874//4874 4862//4862 4875//4875
f 4875//4875 4862//4862 4863//4863
f 4875//4875 4863//4863 4876//4876
f 4876//4876 4863//4863 4864//4864
f 4876//4876 4864//4864 4877//4877
f 4877//4877 4864//4864 4865//4865
f 4877//4877 4865//4865 4878//4878
f 4878//4878 4865//4865 4866//4866
f 4878//4878 4866//4866 4879//4879
f 4879//4879 4866//4866 4867//4867
f 4879//4879 4867//4867 4277//4277
f 4277//4277 4867//4867 4279//4279
f 4322//4322 4321//4321 4323//4323
f 4330//4330 4329//4329 4868//4868
f 4317//4317 4316//4316 4318//4318
f 4313//4313 4312//4312 4314//4314
f 4310//4310 4309//4309 4311//4311
f 4237//4237 4236//4236 4238//4238
f 4234//4234 4239//4239 4232//4232
f 4232//4232 4239//4239 4880//4880
f 4232//4232 4880//4880 4881//4881
f 4881//4881 4880//4880 4882//4882
f 4881//4881 4882//4882 4883//4883
f 4883//4883 4882//4882 4884//4884
f 4883//4883 4884//4884 4885//4885
f 4885//4885 4884//4884 4886//4886
f 4885//4885 4886//4886 4887//4887
f 4887//4887 4886//4886 4888//4888
f 4887//4887 4888//4888 4889//4889
f 4889//4889 4888//4888 4890//4890
f 4889//4889 4890//4890 4891//4891
f 4891//4891 4890//4890 4892//4892
f 4891//4891 4892//4892 4781//4781
f 4781//4781 4892//4892 4779//4779
f 4228//4228 4230//4230 4893//4893
f 4893//4893 4230//4230 4232//4232
f 4893//4893 4232//4232 4881//4881
f 4795//4795 4217//4217 4219//4219
f 4214//4214 4794//4794 4212//4212
f 4212//4212 4794//4794 4894//4894
f 4212//4212 4894//4894 4209//4209
f 4209//4209 4894//4894 4802//4802
f 4800//4800 4201//4201 4202//4202
f 4800//4800 4202//4202 4801//4801
f 4801//4801 4202//4202 4204//4204
f 4583//4583 4582//4582 4592//4592
f 4513//4513 4511//4511 4559//4559
f 4559//4559 4564//4564 4895//4895
f 4895//4895 4564//4564 4572//4572
f 4895//4895 4572//4572 4896//4896
f 4896//4896 4572//4572 4574//4574
f 4896//4896 4574//4574 4897//4897
f 4897//4897 4574//4574 4576//4576
f 4897//4897 4576//4576 4555//4555
f 4555//4555 4576//4576 4553//4553
f 4506//4506 4510//4510 4898//4898
f 4898//4898 4510//4510 4512//4512
f 4898//4898 4512//4512 4899//4899
f 4899//4899 4512//4512 4514//4514
f 4899//4899 4514//4514 4900//4900
f 4900//4900 4514//4514 4516//4516
f 4900//4900 4516//4516 4901//4901
f 4901//4901 4516//4516 4518//4518
f 4901//4901 4518//4518 4902//4902
f 4902//4902 4518//4518 4520//4520
f 4902//4902 4520//4520 4903//4903
f 4903//4903 4520//4520 4522//4522
f 4903//4903 4522//4522 4904//4904
f 4904//4904 4522//4522 4524//4524
f 4904//4904 4524//4524 4905//4905
f 4905//4905 4524//4524 4526//4526
f 4905//4905 4526//4526 4906//4906
f 4906//4906 4526//4526 4528//4528
f 4906//4906 4528//4528 4907//4907
f 4907//4907 4528//4528 4530//4530
f 4907//4907 4530//4530 4908//4908
f 4908//4908 4530//4530 4480//4480
f 4908//4908 4480//4480 4477//4477
f 4824//4824 4445//4445 4909//4909
f 4909//4909 4445//4445 4447//4447
f 4909//4909 4447//4447 4910//4910
f 4910//4910 4447//4447 4449//4449
f 4910//4910 4449//4449 4911//4911
f 4911//4911 4449//4449 4451//4451
f 4911//4911 4451//4451 4912//4912
f 4912//4912 4451//4451 4453//4453
f 4912//4912 4453//4453 4913//4913
f 4913//4913 4453//4453 4455//4455
f 4913//4913 4455//4455 4914//4914
f 4914//4914 4455//4455 4457//4457
f 4914//4914 4457//4457 4915//4915
f 4915//4915 4457//4457 4459//4459
f 4915//4915 4459//4459 4916//4916
f 4916//4916 4459//4459 4461//4461
f 4916//4916 4461//4461 4917//4917
f 4917//4917 4461//4461 4463//4463
f 4917//4917 4463//4463 4918//4918
f 4918//4918 4463//4463 4465//4465
f 4918//4918 4465//4465 4919//4919
f 4919//4919 4465//4465 4467//4467
f 4919//4919 4467//4467 4624//4624
f 4624//4624 4467//4467 4469//4469
f 4650//4650 4439//4439 4438//4438
f 4438//4438 4824//4824 4920//4920
f 4920//4920 4824//4824 4909//4909
f 4920//4920 4909//4909 4921//4921
f 4921//4921 4909//4909 4910//4910
f 4921//4921 4910//4910 4922//4922
f 4922//4922 4910//4910 4911//4911
f 4922//4922 4911//4911 4923//4923
f 4923//4923 4911//4911 4912//4912
f 4923//4923 4912//4912 4924//4924
f 4924//4924 4912//4912 4913//4913
f 4924//4924 4913//4913 4925//4925
f 4925//4925 4913//4913 4914//4914
f 4925//4925 4914//4914 4926//4926
f 4926//4926 4914//4914 4915//4915
f 4926//4926 4915//4915 4927//4927
f 4927//4927 4915//4915 4916//4916
f 4927//4927 4916//4916 4928//4928
f 4928//4928 4916//4916 4917//4917
f 4928//4928 4917//4917 4929//4929
f 4929//4929 4917//4917 4918//4918
f 4929//4929 4918//4918 4930//4930
f 4930//4930 4918//4918 4919//4919
f 4930//4930 4919//4919 4626//4626
f 4626//4626 4919//4919 4624//4624
f 4330//4330 4868//4868 4931//4931
f 4931//4931 4868//4868 4869//4869
f 4931//4931 4869//4869 4932//4932
f 4932//4932 4869//4869 4870//4870
f 4932//4932 4870//4870 4933//4933
f 4933//4933 4870//4870 4871//4871
f 4933//4933 4871//4871 4934//4934
f 4934//4934 4871//4871 4872//4872
f 4934//4934 4872//4872 4935//4935
f 4935//4935 4872//4872 4873//4873
f 4935//4935 4873//4873 4936//4936
f 4936//4936 4873//4873 4874//4874
f 4936//4936 4874//4874 4937//4937
f 4937//4937 4874//4874 4875//4875
f 4937//4937 4875//4875 4938//4938
f 4938//4938 4875//4875 4876//4876
f 4938//4938 4876//4876 4939//4939
f 4939//4939 4876//4876 4877//4877
f 4939//4939 4877//4877 4940//4940
f 4940//4940 4877//4877 4878//4878
f 4940//4940 4878//4878 4941//4941
f 4941//4941 4878//4878 4879//4879
f 4941//4941 4879//4879 4275//4275
f 4275//4275 4879//4879 4277//4277
f 4880//4880 4239//4239 4241//4241
f 4228//4228 4893//4893 4229//4229
f 4229//4229 4893//4893 4942//4942
f 4229//4229 4942//4942 4943//4943
f 4943//4943 4942//4942 4944//4944
f 4943//4943 4944//4944 4945//4945
f 4945//4945 4944//4944 4946//4946
f 4945//4945 4946//4946 4947//4947
f 4947//4947 4946//4946 4948//4948
f 4947//4947 4948//4948 4949//4949
f 4949//4949 4948//4948 4950//4950
f 4949//4949 4950//4950 4785//4785
f 4785//4785 4950//4950 4783//4783
f 4942//4942 4893//4893 4881//4881
f 4229//4229 4943//4943 4221//4221
f 4221//4221 4943//4943 4951//4951
f 4221//4221 4951//4951 4219//4219
f 4219//4219 4951//4951 4952//4952
f 4219//4219 4952//4952 4795//4795
f 4795//4795 4952//4952 4793//4793
f 4794//4794 4792//4792 4894//4894
f 4894//4894 4792//4792 4796//4796
f 4894//4894 4796//4796 4802//4802
f 4802//4802 4796//4796 4798//4798
f 4548//4548 4546//4546 4953//4953
f 4953//4953 4546//4546 4544//4544
f 4953//4953 4544//4544 4542//4542
f 4550//4550 4548//4548 4954//4954
f 4954//4954 4548//4548 4953//4953
f 4954//4954 4953//4953 4955//4955
f 4955//4955 4953//4953 4542//4542
f 4955//4955 4542//4542 4540//4540
f 4552//4552 4550//4550 4956//4956
f 4956//4956 4550//4550 4954//4954
f 4956//4956 4954//4954 4957//4957
f 4957//4957 4954//4954 4955//4955
f 4957//4957 4955//4955 4958//4958
f 4958//4958 4955//4955 4540//4540
f 4958//4958 4540//4540 4538//4538
f 4523//4523 4521//4521 4554//4554
f 4554//4554 4552//4552 4959//4959
f 4959//4959 4552//4552 4956//4956
f 4959//4959 4956//4956 4960//4960
f 4960//4960 4956//4956 4957//4957
f 4960//4960 4957//4957 4961//4961
f 4961//4961 4957//4957 4958//4958
f 4961//4961 4958//4958 4962//4962
f 4962//4962 4958//4958 4538//4538
f 4962//4962 4538//4538 4536//4536
f 4902//4902 4963//4963 4901//4901
f 4901//4901 4963//4963 4964//4964
f 4901//4901 4964//4964 4900//4900
f 4900//4900 4964//4964 4965//4965
f 4900//4900 4965//4965 4899//4899
f 4899//4899 4965//4965 4966//4966
f 4899//4899 4966//4966 4898//4898
f 4898//4898 4966//4966 4507//4507
f 4898//4898 4507//4507 4506//4506
f 4963//4963 4491//4491 4964//4964
f 4964//4964 4491//4491 4490//4490
f 4964//4964 4490//4490 4965//4965
f 4965//4965 4490//4490 4489//4489
f 4965//4965 4489//4489 4966//4966
f 4966//4966 4489//4489 4488//4488
f 4966//4966 4488//4488 4507//4507
f 4963//4963 4902//4902 4967//4967
f 4967//4967 4902//4902 4903//4903
f 4967//4967 4903//4903 4968//4968
f 4968//4968 4903//4903 4904//4904
f 4968//4968 4904//4904 4969//4969
f 4969//4969 4904//4904 4905//4905
f 4969//4969 4905//4905 4970//4970
f 4970//4970 4905//4905 4906//4906
f 4970//4970 4906//4906 4971//4971
f 4971//4971 4906//4906 4907//4907
f 4971//4971 4907//4907 4972//4972
f 4972//4972 4907//4907 4908//4908
f 4972//4972 4908//4908 4475//4475
f 4475//4475 4908//4908 4477//4477
f 4491//4491 4963//4963 4492//4492
f 4492//4492 4963//4963 4967//4967
f 4492//4492 4967//4967 4493//4493
f 4493//4493 4967//4967 4968//4968
f 4493//4493 4968//4968 4494//4494
f 4494//4494 4968//4968 4969//4969
f 4494//4494 4969//4969 4495//4495
f 4495//4495 4969//4969 4970//4970
f 4495//4495 4970//4970 4496//4496
f 4496//4496 4970//4970 4971//4971
f 4496//4496 4971//4971 4497//4497
f 4497//4497 4971//4971 4972//4972
f 4497//4497 4972//4972 4473//4473
f 4473//4473 4972//4972 4475//4475
f 4924//4924 4642//4642 4923//4923
f 4923//4923 4642//4642 4644//4644
f 4923//4923 4644//4644 4922//4922
f 4922//4922 4644//4644 4646//4646
f 4922//4922 4646//4646 4921//4921
f 4921//4921 4646//4646 4648//4648
f 4921//4921 4648//4648 4920//4920
f 4920//4920 4648//4648 4650//4650
f 4920//4920 4650//4650 4438//4438
f 4642//4642 4924//4924 4640//4640
f 4640//4640 4924//4924 4925//4925
f 4640//4640 4925//4925 4638//4638
f 4638//4638 4925//4925 4926//4926
f 4638//4638 4926//4926 4636//4636
f 4636//4636 4926//4926 4927//4927
f 4636//4636 4927//4927 4634//4634
f 4634//4634 4927//4927 4928//4928
f 4634//4634 4928//4928 4632//4632
f 4632//4632 4928//4928 4929//4929
f 4632//4632 4929//4929 4630//4630
f 4630//4630 4929//4929 4930//4930
f 4630//4630 4930//4930 4628//4628
f 4628//4628 4930//4930 4626//4626
f 4660//4660 4973//4973 4661//4661
f 4661//4661 4973//4973 4974//4974
f 4661//4661 4974//4974 4662//4662
f 4662//4662 4974//4974 4975//4975
f 4662//4662 4975//4975 4663//4663
f 4663//4663 4975//4975 4425//4425
f 4663//4663 4425//4425 4424//4424
f 4973//4973 4680//4680 4974//4974
f 4974//4974 4680//4680 4682//4682
f 4974//4974 4682//4682 4975//4975
f 4975//4975 4682//4682 4426//4426
f 4975//4975 4426//4426 4425//4425
f 4973//4973 4660//4660 4976//4976
f 4976//4976 4660//4660 4659//4659
f 4976//4976 4659//4659 4977//4977
f 4977//4977 4659//4659 4658//4658
f 4977//4977 4658//4658 4978//4978
f 4978//4978 4658//4658 4657//4657
f 4978//4978 4657//4657 4979//4979
f 4979//4979 4657//4657 4656//4656
f 4979//4979 4656//4656 4980//4980
f 4980//4980 4656//4656 4655//4655
f 4980//4980 4655//4655 4981//4981
f 4981//4981 4655//4655 4654//4654
f 4981//4981 4654//4654 4664//4664
f 4664//4664 4654//4654 4653//4653
f 4680//4680 4973//4973 4678//4678
f 4678//4678 4973//4973 4976//4976
f 4678//4678 4976//4976 4676//4676
f 4676//4676 4976//4976 4977//4977
f 4676//4676 4977//4977 4674//4674
f 4674//4674 4977//4977 4978//4978
f 4674//4674 4978//4978 4672//4672
f 4672//4672 4978//4978 4979//4979
f 4672//4672 4979//4979 4670//4670
f 4670//4670 4979//4979 4980//4980
f 4670//4670 4980//4980 4668//4668
f 4668//4668 4980//4980 4981//4981
f 4668//4668 4981//4981 4666//4666
f 4666//4666 4981//4981 4664//4664
f 4427//4427 4681//4681 4428//4428
f 4428//4428 4681//4681 4698//4698
f 4428//4428 4698//4698 4429//4429
f 4429//4429 4698//4698 4696//4696
f 4429//4429 4696//4696 4430//4430
f 4430//4430 4696//4696 4694//4694
f 4430//4430 4694//4694 4431//4431
f 4431//4431 4694//4694 4692//4692
f 4431//4431 4692//4692 4432//4432
f 4432//4432 4692//4692 4690//4690
f 4432//4432 4690//4690 4433//4433
f 4433//4433 4690//4690 4688//4688
f 4433//4433 4688//4688 4434//4434
f 4434//4434 4688//4688 4686//4686
f 4434//4434 4686//4686 4435//4435
f 4935//4935 4982//4982 4934//4934
f 4934//4934 4982//4982 4983//4983
f 4934//4934 4983//4983 4933//4933
f 4933//4933 4983//4983 4984//4984
f 4933//4933 4984//4984 4932//4932
f 4932//4932 4984//4984 4985//4985
f 4932//4932 4985//4985 4931//4931
f 4931//4931 4985//4985 4331//4331
f 4931//4931 4331//4331 4330//4330
f 4982//4982 4986//4986 4983//4983
f 4983//4983 4986//4986 4987//4987
f 4983//4983 4987//4987 4984//4984
f 4984//4984 4987//4987 4988//4988
f 4984//4984 4988//4988 4985//4985
f 4985//4985 4988//4988 4332//4332
f 4985//4985 4332//4332 4331//4331
f 4982//4982 4935//4935 4989//4989
f 4989//4989 4935//4935 4936//4936
f 4989//4989 4936//4936 4990//4990
f 4990//4990 4936//4936 4937//4937
f 4990//4990 4937//4937 4991//4991
f 4991//4991 4937//4937 4938//4938
f 4991//4991 4938//4938 4992//4992
f 4992//4992 4938//4938 4939//4939
f 4992//4992 4939//4939 4993//4993
f 4993//4993 4939//4939 4940//4940
f 4993//4993 4940//4940 4994//4994
f 4994//4994 4940//4940 4941//4941
f 4994//4994 4941//4941 4273//4273
f 4273//4273 4941//4941 4275//4275
f 4986//4986 4995//4995 4987//4987
f 4987//4987 4995//4995 4996//4996
f 4987//4987 4996//4996 4988//4988
f 4988//4988 4996//4996 4333//4333
f 4988//4988 4333//4333 4332//4332
f 4986//4986 4982//4982 4997//4997
f 4997//4997 4982//4982 4989//4989
f 4997//4997 4989//4989 4998//4998
f 4998//4998 4989//4989 4990//4990
f 4998//4998 4990//4990 4999//4999
f 4999//4999 4990//4990 4991//4991
f 4999//4999 4991//4991 5000//5000
f 5000//5000 4991//4991 4992//4992
f 5000//5000 4992//4992 5001//5001
f 5001//5001 4992//4992 4993//4993
f 5001//5001 4993//4993 5002//5002
f 5002//5002 4993//4993 4994//4994
f 5002//5002 4994//4994 5003//5003
f 5003//5003 4994//4994 4273//4273
f 5003//5003 4273//4273 4271//4271
f 4995//4995 4250//4250 4996//4996
f 4996//4996 4250//4250 4248//4248
f 4996//4996 4248//4248 4333//4333
f 4995//4995 4986//4986 5004//5004
f 5004//5004 4986//4986 4997//4997
f 5004//5004 4997//4997 5005//5005
f 5005//5005 4997//4997 4998//4998
f 5005//5005 4998//4998 5006//5006
f 5006//5006 4998//4998 4999//4999
f 5006//5006 4999//4999 5007//5007
f 5007//5007 4999//4999 5000//5000
f 5007//5007 5000//5000 5008//5008
f 5008//5008 5000//5000 5001//5001
f 5008//5008 5001//5001 5009//5009
f 5009//5009 5001//5001 5002//5002
f 5009//5009 5002//5002 5010//5010
f 5010//5010 5002//5002 5003//5003
f 5010//5010 5003//5003 4269//4269
f 4269//4269 5003//5003 4271//4271
f 4250//4250 4995//4995 4252//4252
f 4252//4252 4995//4995 5004//5004
f 4252//4252 5004//5004 4254//4254
f 4254//4254 5004//5004 5005//5005
f 4254//4254 5005//5005 4256//4256
f 4256//4256 5005//5005 5006//5006
f 4256//4256 5006//5006 4258//4258
f 4258//4258 5006//5006 5007//5007
f 4258//4258 5007//5007 4260//4260
f 4260//4260 5007//5007 5008//5008
f 4260//4260 5008//5008 4262//4262
f 4262//4262 5008//5008 5009//5009
f 4262//4262 5009//5009 4264//4264
f 4264//4264 5009//5009 5010//5010
f 4264//4264 5010//5010 4266//4266
f 4266//4266 5010//5010 4269//4269
f 4772//4772 5011//5011 5012//5012
f 5012//5012 5011//5011 4886//4886
f 5012//5012 4886//4886 4884//4884
f 4886//4886 5011//5011 4888//4888
f 4888//4888 5011//5011 5013//5013
f 4888//4888 5013//5013 4890//4890
f 4890//4890 5013//5013 5014//5014
f 4890//4890 5014//5014 4892//4892
f 4892//4892 5014//5014 5015//5015
f 4892//4892 5015//5015 4779//4779
f 4779//4779 5015//5015 4777//4777
f 5013//5013 5011//5011 4771//4771
f 4771//4771 5011//5011 4772//4772
f 4887//4887 4889//4889 4948//4948
f 4948//4948 4889//4889 4950//4950
f 4783//4783 4950//4950 4891//4891
f 4891//4891 4950//4950 4889//4889
f 4785//4785 4787//4787 4949//4949
f 4949//4949 4787//4787 5016//5016
f 4949//4949 5016//5016 4947//4947
f 4947//4947 5016//5016 5017//5017
f 4947//4947 5017//5017 4945//4945
f 4945//4945 5017//5017 4951//4951
f 4945//4945 4951//4951 4943//4943
f 4885//4885 4887//4887 4946//4946
f 4946//4946 4887//4887 4948//4948
f 4772//4772 5012//5012 4773//4773
f 4773//4773 5012//5012 5018//5018
f 4773//4773 5018//5018 4774//4774
f 4774//4774 5018//5018 5019//5019
f 4774//4774 5019//5019 4243//4243
f 4243//4243 5019//5019 4241//4241
f 5018//5018 5012//5012 4884//4884
f 4897//4897 4555//4555 4519//4519
f 4897//4897 4519//4519 4517//4517
f 4602//4602 4622//4622 5020//5020
f 5020//5020 4622//4622 4621//4621
f 5020//5020 4621//4621 4612//4612
f 4612//4612 4621//4621 4623//4623
f 4612//4612 4623//4623 4614//4614
f 4614//4614 4623//4623 4616//4616
f 4602//4602 5020//5020 4603//4603
f 4603//4603 5020//5020 4610//4610
f 4603//4603 4610//4610 4604//4604
f 4604//4604 4610//4610 4608//4608
f 4604//4604 4608//4608 4605//4605
f 4610//4610 5020//5020 4612//4612
f 4536//4536 4531//4531 4962//4962
f 4962//4962 4531//4531 4529//4529
f 4962//4962 4529//4529 4961//4961
f 4961//4961 4529//4529 4527//4527
f 4961//4961 4527//4527 4960//4960
f 4960//4960 4527//4527 4525//4525
f 4960//4960 4525//4525 4959//4959
f 4959//4959 4525//4525 4523//4523
f 4959//4959 4523//4523 4554//4554
f 4531//4531 4536//4536 4532//4532
f 4671//4671 5021//5021 4673//4673
f 4673//4673 5021//5021 5022//5022
f 4673//4673 5022//5022 4675//4675
f 4675//4675 5022//5022 5023//5023
f 4675//4675 5023//5023 4677//4677
f 4677//4677 5023//5023 4697//4697
f 4677//4677 4697//4697 4679//4679
f 5021//5021 5024//5024 5022//5022
f 5022//5022 5024//5024 5025//5025
f 5022//5022 5025//5025 5023//5023
f 5023//5023 5025//5025 4695//4695
f 5023//5023 4695//4695 4697//4697
f 5021//5021 4671//4671 5026//5026
f 5026//5026 4671//4671 4669//4669
f 5026//5026 4669//4669 4685//4685
f 5024//5024 5027//5027 5025//5025
f 5025//5025 5027//5027 4693//4693
f 5025//5025 4693//4693 4695//4695
f 5024//5024 5021//5021 5028//5028
f 5028//5028 5021//5021 5026//5026
f 5028//5028 5026//5026 4684//4684
f 4684//4684 5026//5026 4685//4685
f 4693//4693 5027//5027 4691//4691
f 4691//4691 5027//5027 5029//5029
f 4691//4691 5029//5029 4689//4689
f 4689//4689 5029//5029 5030//5030
f 4689//4689 5030//5030 4687//4687
f 4687//4687 5030//5030 4683//4683
f 5027//5027 5024//5024 5031//5031
f 5031//5031 5024//5024 5028//5028
f 5031//5031 5028//5028 5032//5032
f 5032//5032 5028//5028 4684//4684
f 5032//5032 4684//4684 4683//4683
f 4259//4259 5033//5033 4257//4257
f 4257//4257 5033//5033 5034//5034
f 4257//4257 5034//5034 4255//4255
f 4255//4255 5034//5034 5035//5035
f 4255//4255 5035//5035 4253//4253
f 4253//4253 5035//5035 4746//4746
f 4253//4253 4746//4746 4251//4251
f 5033//5033 5036//5036 5034//5034
f 5034//5034 5036//5036 5037//5037
f 5034//5034 5037//5037 5035//5035
f 5035//5035 5037//5037 4744//4744
f 5035//5035 4744//4744 4746//4746
f 5033//5033 4259//4259 5038//5038
f 5038//5038 4259//4259 4261//4261
f 5038//5038 4261//4261 5039//5039
f 5039//5039 4261//4261 4263//4263
f 5039//5039 4263//4263 4699//4699
f 4699//4699 4263//4263 4265//4265
f 5036//5036 5040//5040 5037//5037
f 5037//5037 5040//5040 4742//4742
f 5037//5037 4742//4742 4744//4744
f 5036//5036 5033//5033 5041//5041
f 5041//5041 5033//5033 5038//5038
f 5041//5041 5038//5038 5042//5042
f 5042//5042 5038//5038 5039//5039
f 5042//5042 5039//5039 4701//4701
f 4701//4701 5039//5039 4699//4699
f 4742//4742 5040//5040 4740//4740
f 4740//4740 5040//5040 5043//5043
f 4740//4740 5043//5043 4738//4738
f 4738//4738 5043//5043 5044//5044
f 4738//4738 5044//5044 4736//4736
f 4736//4736 5044//5044 5045//5045
f 4736//4736 5045//5045 4734//4734
f 4734//4734 5045//5045 4711//4711
f 4734//4734 4711//4711 4713//4713
f 5040//5040 5036//5036 5046//5046
f 5046//5046 5036//5036 5041//5041
f 5046//5046 5041//5041 5047//5047
f 5047//5047 5041//5041 5042//5042
f 5047//5047 5042//5042 4703//4703
f 4703//4703 5042//5042 4701//4701
f 4767//4767 4777//4777 4768//4768
f 4768//4768 4777//4777 5015//5015
f 4768//4768 5015//5015 4769//4769
f 4769//4769 5015//5015 5014//5014
f 4769//4769 5014//5014 4770//4770
f 4770//4770 5014//5014 5013//5013
f 4770//4770 5013//5013 4771//4771
f 5027//5027 5031//5031 5029//5029
f 5029//5029 5031//5031 5048//5048
f 5029//5029 5048//5048 5030//5030
f 5030//5030 5048//5048 4683//4683
f 5048//5048 5031//5031 5032//5032
f 5040//5040 5046//5046 5043//5043
f 5043//5043 5046//5046 5049//5049
f 5043//5043 5049//5049 5044//5044
f 5044//5044 5049//5049 4707//4707
f 5044//5044 4707//4707 5045//5045
f 5045//5045 4707//4707 4709//4709
f 5045//5045 4709//4709 4711//4711
f 5049//5049 5046//5046 5047//5047
f 4683//4683 5048//5048 5032//5032
f 4703//4703 4705//4705 5047//5047
f 5047//5047 4705//4705 5049//5049
f 4705//4705 4707//4707 5049//5049
f 4729//4729 4157//4157 4155//4155
f 4783//4783 4891//4891 4781//4781
f 4787//4787 4789//4789 5016//5016
f 5016//5016 4789//4789 5050//5050
f 5016//5016 5050//5050 5017//5017
f 5017//5017 5050//5050 4952//4952
f 5017//5017 4952//4952 4951//4951
f 4883//4883 4885//4885 4944//4944
f 4944//4944 4885//4885 4946//4946
f 5019//5019 5018//5018 4882//4882
f 4882//4882 5018//5018 4884//4884
f 4896//4896 4897//4897 4517//4517
f 4896//4896 4517//4517 4515//4515
f 4789//4789 4791//4791 5050//5050
f 5050//5050 4791//4791 4793//4793
f 5050//5050 4793//4793 4952//4952
f 4881//4881 4883//4883 4942//4942
f 4942//4942 4883//4883 4944//4944
f 4241//4241 5019//5019 4880//4880
f 4880//4880 5019//5019 4882//4882
f 4895//4895 4896//4896 4515//4515
f 4895//4895 4515//4515 4513//4513
f 4559//4559 4895//4895 4513//4513
f 4140//4140 4820//4820 4141//4141
f 4141//4141 4820//4820 4143//4143
f 5051//5051 5052//5052 5053//5053
f 5053//5053 5052//5052 5054//5054
f 5054//5054 5052//5052 5055//5055
f 5055//5055 5052//5052 5056//5056
f 5056//5056 5052//5052 5057//5057
f 5056//5056 5057//5057 5058//5058
f 5058//5058 5057//5057 5059//5059
f 5058//5058 5059//5059 5060//5060
f 5060//5060 5059//5059 5061//5061
f 5060//5060 5061//5061 5062//5062
f 5062//5062 5061//5061 5063//5063
f 5062//5062 5063//5063 5064//5064
f 5064//5064 5063//5063 5065//5065
f 5064//5064 5065//5065 5066//5066
f 5066//5066 5065//5065 5067//5067
f 5066//5066 5067//5067 5068//5068
f 5068//5068 5067//5067 5069//5069
f 5068//5068 5069//5069 5070//5070
f 5070//5070 5069//5069 5071//5071
f 5070//5070 5071//5071 5072//5072
f 5072//5072 5071//5071 5073//5073
f 5072//5072 5073//5073 5074//5074
f 5074//5074 5073//5073 5075//5075
f 5074//5074 5075//5075 5076//5076
f 5076//5076 5075//5075 5077//5077
f 5076//5076 5077//5077 5078//5078
f 5078//5078 5077//5077 5079//5079
f 5078//5078 5079//5079 5080//5080
f 5080//5080 5079//5079 5081//5081
f 5080//5080 5081//5081 5082//5082
f 5082//5082 5081//5081 5083//5083
f 5082//5082 5083//5083 5084//5084
f 5084//5084 5083//5083 5085//5085
f 5084//5084 5085//5085 5086//5086
f 5086//5086 5085//5085 5087//5087
f 5086//5086 5087//5087 5088//5088
f 5088//5088 5087//5087 5089//5089
f 5088//5088 5089//5089 5090//5090
f 5090//5090 5089//5089 5091//5091
f 5090//5090 5091//5091 5092//5092
f 5092//5092 5091//5091 5093//5093
f 5092//5092 5093//5093 5094//5094
f 5094//5094 5093//5093 5095//5095
f 5094//5094 5095//5095 5096//5096
f 5096//5096 5095//5095 5097//5097
f 5096//5096 5097//5097 5098//5098
f 5098//5098 5097//5097 5099//5099
f 5057//5057 5100//5100 5059//5059
f 5059//5059 5100//5100 5101//5101
f 5059//5059 5101//5101 5102//5102
f 5102//5102 5101//5101 5103//5103
f 5102//5102 5103//5103 5104//5104
f 5104//5104 5103//5103 5105//5105
f 5104//5104 5105//5105 5106//5106
f 5104//5104 5106//5106 5107//5107
f 5107//5107 5106//5106 5108//5108
f 5107//5107 5108//5108 5109//5109
f 5109//5109 5108//5108 5110//5110
f 5109//5109 5110//5110 5111//5111
f 5111//5111 5110//5110 5112//5112
f 5111//5111 5112//5112 5113//5113
f 5113//5113 5112//5112 5114//5114
f 5096//5096 5098//5098 5115//5115
f 5115//5115 5098//5098 5116//5116
f 5115//5115 5116//5116 5096//5096
f 5096//5096 5116//5116 5117//5117
f 5096//5096 5117//5117 5094//5094
f 5094//5094 5117//5117 5118//5118
f 5094//5094 5118//5118 5092//5092
f 5092//5092 5118//5118 5119//5119
f 5092//5092 5119//5119 5090//5090
f 5090//5090 5119//5119 5120//5120
f 5090//5090 5120//5120 5088//5088
f 5088//5088 5120//5120 5121//5121
f 5088//5088 5121//5121 5086//5086
f 5086//5086 5121//5121 5122//5122
f 5086//5086 5122//5122 5084//5084
f 5084//5084 5122//5122 5123//5123
f 5084//5084 5123//5123 5082//5082
f 5082//5082 5123//5123 5124//5124
f 5082//5082 5124//5124 5080//5080
f 5080//5080 5124//5124 5125//5125
f 5080//5080 5125//5125 5078//5078
f 5078//5078 5125//5125 5126//5126
f 5078//5078 5126//5126 5076//5076
f 5076//5076 5126//5126 5127//5127
f 5076//5076 5127//5127 5074//5074
f 5074//5074 5127//5127 5128//5128
f 5074//5074 5128//5128 5072//5072
f 5072//5072 5128//5128 5129//5129
f 5072//5072 5129//5129 5070//5070
f 5070//5070 5129//5129 5130//5130
f 5070//5070 5130//5130 5068//5068
f 5068//5068 5130//5130 5131//5131
f 5068//5068 5131//5131 5066//5066
f 5066//5066 5131//5131 5132//5132
f 5066//5066 5132//5132 5064//5064
f 5064//5064 5132//5132 5133//5133
f 5064//5064 5133//5133 5062//5062
f 5062//5062 5133//5133 5134//5134
f 5062//5062 5134//5134 5060//5060
f 5060//5060 5134//5134 5135//5135
f 5060//5060 5135//5135 5058//5058
f 5058//5058 5135//5135 5136//5136
f 5058//5058 5136//5136 5137//5137
f 5137//5137 5136//5136 5138//5138
f 5138//5138 5136//5136 5139//5139
f 5138//5138 5139//5139 5140//5140
f 5140//5140 5139//5139 5141//5141
f 5140//5140 5141//5141 5142//5142
f 5142//5142 5141//5141 5143//5143
f 5143//5143 5141//5141 5144//5144
f 5143//5143 5144//5144 5145//5145
f 5145//5145 5144//5144 5146//5146
f 5145//5145 5146//5146 5147//5147
f 5147//5147 5146//5146 5148//5148
f 5147//5147 5148//5148 5149//5149
f 5149//5149 5148//5148 5150//5150
f 5149//5149 5150//5150 5151//5151
f 5151//5151 5150//5150 5152//5152
f 5151//5151 5152//5152 5153//5153
f 5153//5153 5152//5152 5154//5154
f 5153//5153 5154//5154 5155//5155
f 5155//5155 5154//5154 5156//5156
f 5156//5156 5154//5154 5157//5157
f 5156//5156 5157//5157 5158//5158
f 5158//5158 5157//5157 5159//5159
f 5159//5159 5157//5157 5160//5160
f 5159//5159 5160//5160 5161//5161
f 5161//5161 5160//5160 5162//5162
f 5162//5162 5160//5160 5163//5163
f 5162//5162 5163//5163 5164//5164
f 5164//5164 5163//5163 5165//5165
f 5164//5164 5165//5165 5166//5166
f 5166//5166 5165//5165 5167//5167
f 5116//5116 5168//5168 5117//5117
f 5117//5117 5168//5168 5169//5169
f 5117//5117 5169//5169 5118//5118
f 5118//5118 5169//5169 5170//5170
f 5118//5118 5170//5170 5119//5119
f 5119//5119 5170//5170 5171//5171
f 5119//5119 5171//5171 5120//5120
f 5120//5120 5171//5171 5172//5172
f 5120//5120 5172//5172 5121//5121
f 5121//5121 5172//5172 5173//5173
f 5121//5121 5173//5173 5122//5122
f 5122//5122 5173//5173 5174//5174
f 5122//5122 5174//5174 5123//5123
f 5123//5123 5174//5174 5175//5175
f 5123//5123 5175//5175 5124//5124
f 5124//5124 5175//5175 5176//5176
f 5124//5124 5176//5176 5125//5125
f 5125//5125 5176//5176 5177//5177
f 5125//5125 5177//5177 5126//5126
f 5126//5126 5177//5177 5178//5178
f 5126//5126 5178//5178 5127//5127
f 5127//5127 5178//5178 5179//5179
f 5127//5127 5179//5179 5128//5128
f 5128//5128 5179//5179 5180//5180
f 5128//5128 5180//5180 5129//5129
f 5129//5129 5180//5180 5181//5181
f 5129//5129 5181//5181 5130//5130
f 5130//5130 5181//5181 5182//5182
f 5130//5130 5182//5182 5131//5131
f 5131//5131 5182//5182 5183//5183
f 5131//5131 5183//5183 5132//5132
f 5132//5132 5183//5183 5184//5184
f 5132//5132 5184//5184 5133//5133
f 5133//5133 5184//5184 5185//5185
f 5133//5133 5185//5185 5134//5134
f 5134//5134 5185//5185 5186//5186
f 5134//5134 5186//5186 5135//5135
f 5135//5135 5186//5186 5187//5187
f 5135//5135 5187//5187 5136//5136
f 5136//5136 5187//5187 5139//5139
f 5168//5168 5188//5188 5169//5169
f 5169//5169 5188//5188 5189//5189
f 5169//5169 5189//5189 5170//5170
f 5170//5170 5189//5189 5190//5190
f 5170//5170 5190//5190 5171//5171
f 5171//5171 5190//5190 5191//5191
f 5171//5171 5191//5191 5172//5172
f 5172//5172 5191//5191 5192//5192
f 5172//5172 5192//5192 5173//5173
f 5173//5173 5192//5192 5193//5193
f 5173//5173 5193//5193 5174//5174
f 5174//5174 5193//5193 5194//5194
f 5174//5174 5194//5194 5175//5175
f 5175//5175 5194//5194 5195//5195
f 5175//5175 5195//5195 5176//5176
f 5176//5176 5195//5195 5196//5196
f 5176//5176 5196//5196 5177//5177
f 5177//5177 5196//5196 5197//5197
f 5177//5177 5197//5197 5178//5178
f 5178//5178 5197//5197 5198//5198
f 5178//5178 5198//5198 5179//5179
f 5179//5179 5198//5198 5199//5199
f 5179//5179 5199//5199 5180//5180
f 5180//5180 5199//5199 5200//5200
f 5180//5180 5200//5200 5181//5181
f 5181//5181 5200//5200 5201//5201
f 5181//5181 5201//5201 5182//5182
f 5182//5182 5201//5201 5202//5202
f 5182//5182 5202//5202 5183//5183
f 5183//5183 5202//5202 5203//5203
f 5183//5183 5203//5203 5184//5184
f 5184//5184 5203//5203 5204//5204
f 5184//5184 5204//5204 5185//5185
f 5185//5185 5204//5204 5205//5205
f 5185//5185 5205//5205 5186//5186
f 5186//5186 5205//5205 5206//5206
f 5186//5186 5206//5206 5187//5187
f 5187//5187 5206//5206 5207//5207
f 5187//5187 5207//5207 5139//5139
f 5139//5139 5207//5207 5141//5141
f 5208//5208 5209//5209 5188//5188
f 5188//5188 5209//5209 5210//5210
f 5188//5188 5210//5210 5189//5189
f 5189//5189 5210//5210 5208//5208
f 5189//5189 5208//5208 5211//5211
f 5211//5211 5208//5208 5212//5212
f 5211//5211 5212//5212 5213//5213
f 5213//5213 5212//5212 5214//5214
f 5213//5213 5214//5214 5208//5208
f 5208//5208 5214//5214 5212//5212
f 5213//5213 5215//5215 5211//5211
f 5211//5211 5215//5215 5216//5216
f 5211//5211 5216//5216 5217//5217
f 5217//5217 5216//5216 5218//5218
f 5217//5217 5218//5218 5219//5219
f 5219//5219 5218//5218 5220//5220
f 5219//5219 5220//5220 5221//5221
f 5221//5221 5220//5220 5222//5222
f 5221//5221 5222//5222 5223//5223
f 5223//5223 5222//5222 5224//5224
f 5223//5223 5224//5224 5225//5225
f 5225//5225 5224//5224 5226//5226
f 5225//5225 5226//5226 5227//5227
f 5227//5227 5226//5226 5228//5228
f 5227//5227 5228//5228 5229//5229
f 5229//5229 5228//5228 5230//5230
f 5229//5229 5230//5230 5231//5231
f 5231//5231 5230//5230 5232//5232
f 5231//5231 5232//5232 5233//5233
f 5233//5233 5232//5232 5234//5234
f 5233//5233 5234//5234 5235//5235
f 5235//5235 5234//5234 5236//5236
f 5235//5235 5236//5236 5237//5237
f 5237//5237 5236//5236 5238//5238
f 5237//5237 5238//5238 5239//5239
f 5239//5239 5238//5238 5240//5240
f 5239//5239 5240//5240 5241//5241
f 5241//5241 5240//5240 5242//5242
f 5241//5241 5242//5242 5243//5243
f 5243//5243 5242//5242 5244//5244
f 5243//5243 5244//5244 5245//5245
f 5245//5245 5244//5244 5246//5246
f 5245//5245 5246//5246 5247//5247
f 5247//5247 5246//5246 5248//5248
f 5247//5247 5248//5248 5249//5249
f 5249//5249 5248//5248 5250//5250
f 5249//5249 5250//5250 5251//5251
f 5251//5251 5250//5250 5252//5252
f 5251//5251 5252//5252 5144//5144
f 5144//5144 5252//5252 5146//5146
f 5216//5216 5215//5215 5253//5253
f 5253//5253 5215//5215 5254//5254
f 5253//5253 5254//5254 5216//5216
f 5216//5216 5254//5254 5255//5255
f 5216//5216 5255//5255 5218//5218
f 5218//5218 5255//5255 5256//5256
f 5218//5218 5256//5256 5220//5220
f 5220//5220 5256//5256 5257//5257
f 5220//5220 5257//5257 5222//5222
f 5222//5222 5257//5257 5258//5258
f 5222//5222 5258//5258 5224//5224
f 5224//5224 5258//5258 5259//5259
f 5224//5224 5259//5259 5226//5226
f 5226//5226 5259//5259 5260//5260
f 5226//5226 5260//5260 5228//5228
f 5228//5228 5260//5260 5261//5261
f 5228//5228 5261//5261 5230//5230
f 5230//5230 5261//5261 5262//5262
f 5230//5230 5262//5262 5232//5232
f 5232//5232 5262//5262 5263//5263
f 5232//5232 5263//5263 5234//5234
f 5234//5234 5263//5263 5264//5264
f 5234//5234 5264//5264 5236//5236
f 5236//5236 5264//5264 5265//5265
f 5236//5236 5265//5265 5238//5238
f 5238//5238 5265//5265 5266//5266
f 5238//5238 5266//5266 5240//5240
f 5240//5240 5266//5266 5267//5267
f 5240//5240 5267//5267 5242//5242
f 5242//5242 5267//5267 5268//5268
f 5242//5242 5268//5268 5244//5244
f 5244//5244 5268//5268 5269//5269
f 5244//5244 5269//5269 5246//5246
f 5246//5246 5269//5269 5270//5270
f 5246//5246 5270//5270 5248//5248
f 5248//5248 5270//5270 5271//5271
f 5248//5248 5271//5271 5250//5250
f 5250//5250 5271//5271 5272//5272
f 5250//5250 5272//5272 5252//5252
f 5252//5252 5272//5272 5273//5273
f 5252//5252 5273//5273 5146//5146
f 5146//5146 5273//5273 5148//5148
f 5255//5255 5254//5254 5274//5274
f 5274//5274 5254//5254 5275//5275
f 5274//5274 5275//5275 5255//5255
f 5255//5255 5275//5275 5276//5276
f 5255//5255 5276//5276 5277//5277
f 5277//5277 5276//5276 5278//5278
f 5277//5277 5278//5278 5279//5279
f 5279//5279 5278//5278 5276//5276
f 5279//5279 5280//5280 5277//5277
f 5277//5277 5280//5280 5281//5281
f 5277//5277 5281//5281 5256//5256
f 5256//5256 5281//5281 5257//5257
f 5282//5282 5283//5283 5280//5280
f 5280//5280 5283//5283 5284//5284
f 5280//5280 5284//5284 5281//5281
f 5281//5281 5284//5284 5285//5285
f 5281//5281 5285//5285 5286//5286
f 5286//5286 5285//5285 5287//5287
f 5286//5286 5287//5287 5288//5288
f 5288//5288 5287//5287 5289//5289
f 5288//5288 5289//5289 5290//5290
f 5290//5290 5289//5289 5291//5291
f 5290//5290 5291//5291 5292//5292
f 5292//5292 5291//5291 5293//5293
f 5292//5292 5293//5293 5294//5294
f 5294//5294 5293//5293 5295//5295
f 5294//5294 5295//5295 5296//5296
f 5296//5296 5295//5295 5297//5297
f 5296//5296 5297//5297 5298//5298
f 5298//5298 5297//5297 5299//5299
f 5298//5298 5299//5299 5300//5300
f 5300//5300 5299//5299 5301//5301
f 5300//5300 5301//5301 5302//5302
f 5302//5302 5301//5301 5303//5303
f 5302//5302 5303//5303 5304//5304
f 5304//5304 5303//5303 5305//5305
f 5304//5304 5305//5305 5306//5306
f 5306//5306 5305//5305 5307//5307
f 5306//5306 5307//5307 5308//5308
f 5308//5308 5307//5307 5309//5309
f 5308//5308 5309//5309 5310//5310
f 5310//5310 5309//5309 5311//5311
f 5310//5310 5311//5311 5312//5312
f 5312//5312 5311//5311 5313//5313
f 5312//5312 5313//5313 5314//5314
f 5314//5314 5313//5313 5315//5315
f 5314//5314 5315//5315 5316//5316
f 5316//5316 5315//5315 5317//5317
f 5316//5316 5317//5317 5318//5318
f 5318//5318 5317//5317 5319//5319
f 5318//5318 5319//5319 5152//5152
f 5152//5152 5319//5319 5154//5154
f 5283//5283 5282//5282 5284//5284
f 5284//5284 5282//5282 5320//5320
f 5284//5284 5320//5320 5321//5321
f 5321//5321 5320//5320 5322//5322
f 5321//5321 5322//5322 5323//5323
f 5323//5323 5322//5322 5324//5324
f 5323//5323 5324//5324 5321//5321
f 5321//5321 5324//5324 5325//5325
f 5321//5321 5325//5325 5326//5326
f 5326//5326 5325//5325 5327//5327
f 5326//5326 5327//5327 5328//5328
f 5328//5328 5327//5327 5329//5329
f 5328//5328 5329//5329 5330//5330
f 5330//5330 5329//5329 5331//5331
f 5330//5330 5331//5331 5332//5332
f 5332//5332 5331//5331 5333//5333
f 5332//5332 5333//5333 5334//5334
f 5334//5334 5333//5333 5335//5335
f 5334//5334 5335//5335 5336//5336
f 5336//5336 5335//5335 5337//5337
f 5336//5336 5337//5337 5338//5338
f 5338//5338 5337//5337 5339//5339
f 5338//5338 5339//5339 5297//5297
f 5297//5297 5339//5339 5340//5340
f 5297//5297 5340//5340 5299//5299
f 5299//5299 5340//5340 5341//5341
f 5299//5299 5341//5341 5301//5301
f 5301//5301 5341//5341 5342//5342
f 5301//5301 5342//5342 5303//5303
f 5303//5303 5342//5342 5343//5343
f 5303//5303 5343//5343 5305//5305
f 5305//5305 5343//5343 5344//5344
f 5305//5305 5344//5344 5307//5307
f 5307//5307 5344//5344 5345//5345
f 5307//5307 5345//5345 5309//5309
f 5309//5309 5345//5345 5346//5346
f 5309//5309 5346//5346 5311//5311
f 5311//5311 5346//5346 5347//5347
f 5311//5311 5347//5347 5313//5313
f 5313//5313 5347//5347 5348//5348
f 5313//5313 5348//5348 5315//5315
f 5315//5315 5348//5348 5349//5349
f 5315//5315 5349//5349 5317//5317
f 5317//5317 5349//5349 5350//5350
f 5317//5317 5350//5350 5319//5319
f 5319//5319 5350//5350 5351//5351
f 5319//5319 5351//5351 5154//5154
f 5154//5154 5351//5351 5157//5157
f 5327//5327 5352//5352 5329//5329
f 5329//5329 5352//5352 5353//5353
f 5329//5329 5353//5353 5331//5331
f 5331//5331 5353//5353 5354//5354
f 5331//5331 5354//5354 5333//5333
f 5333//5333 5354//5354 5355//5355
f 5333//5333 5355//5355 5356//5356
f 5356//5356 5355//5355 5357//5357
f 5356//5356 5357//5357 5358//5358
f 5358//5358 5357//5357 5359//5359
f 5358//5358 5359//5359 5360//5360
f 5360//5360 5359//5359 5361//5361
f 5360//5360 5361//5361 5362//5362
f 5362//5362 5361//5361 5363//5363
f 5362//5362 5363//5363 5364//5364
f 5364//5364 5363//5363 5365//5365
f 5364//5364 5365//5365 5366//5366
f 5366//5366 5365//5365 5367//5367
f 5366//5366 5367//5367 5368//5368
f 5368//5368 5367//5367 5369//5369
f 5368//5368 5369//5369 5370//5370
f 5370//5370 5369//5369 5371//5371
f 5370//5370 5371//5371 5372//5372
f 5372//5372 5371//5371 5373//5373
f 5372//5372 5373//5373 5374//5374
f 5374//5374 5373//5373 5375//5375
f 5374//5374 5375//5375 5378//5378
f 5378//5378 5377//5377 5379//5379
f 5379//5379 5376//5376 5380//5380
f 5380//5380 5375//5375 5381//5381
f 5380//5380 5381//5381 5382//5382
f 5382//5382 5381//5381 5383//5383
f 5383//5383 5381//5381 5384//5384
f 5384//5384 5381//5381 5385//5385
f 5384//5384 5385//5385 5386//5386
f 5386//5386 5385//5385 5387//5387
f 5386//5386 5387//5387 5388//5388
f 5388//5388 5387//5387 5389//5389
f 5388//5388 5389//5389 5390//5390
f 5390//5390 5389//5389 5391//5391
f 5390//5390 5391//5391 5392//5392
f 5392//5392 5391//5391 5393//5393
f 5353//5353 5352//5352 5394//5394
f 5394//5394 5352//5352 5395//5395
f 5394//5394 5395//5395 5353//5353
f 5353//5353 5395//5395 5396//5396
f 5353//5353 5396//5396 5354//5354
f 5354//5354 5396//5396 5355//5355
f 5396//5396 5395//5395 5397//5397
f 5397//5397 5395//5395 5398//5398
f 5397//5397 5398//5398 5399//5399
f 5399//5399 5400//5400 5397//5397
f 5397//5397 5400//5400 5396//5396
f 5401//5401 5402//5402 5400//5400
f 5400//5400 5402//5402 5403//5403
f 5400//5400 5403//5403 5396//5396
f 5396//5396 5403//5403 5355//5355
f 5404//5404 5405//5405 5401//5401
f 5401//5401 5405//5405 5406//5406
f 5401//5401 5406//5406 5403//5403
f 5403//5403 5406//5406 5357//5357
f 5403//5403 5357//5357 5355//5355
f 5407//5407 5408//5408 5404//5404
f 5404//5404 5408//5408 5409//5409
f 5404//5404 5409//5409 5410//5410
f 5410//5410 5409//5409 5407//5407
f 5410//5410 5407//5407 5411//5411
f 5411//5411 5407//5407 5412//5412
f 5411//5411 5412//5412 5413//5413
f 5413//5413 5412//5412 5414//5414
f 5413//5413 5414//5414 5415//5415
f 5415//5415 5414//5414 5412//5412
f 5416//5416 5417//5417 5415//5415
f 5415//5415 5417//5417 5418//5418
f 5415//5415 5418//5418 5419//5419
f 5419//5419 5418//5418 5416//5416
f 5419//5419 5416//5416 5420//5420
f 5420//5420 5416//5416 5421//5421
f 5420//5420 5421//5421 5422//5422
f 5422//5422 5421//5421 5423//5423
f 5422//5422 5423//5423 5424//5424
f 5424//5424 5423//5423 5425//5425
f 5424//5424 5425//5425 5426//5426
f 5426//5426 5425//5425 5427//5427
f 5426//5426 5427//5427 5428//5428
f 5428//5428 5427//5427 5425//5425
f 5428//5428 5425//5425 5423//5423
f 5428//5428 5429//5429 5416//5416
f 5416//5416 5429//5429 5430//5430
f 5416//5416 5430//5430 5421//5421
f 5421//5421 5430//5430 5429//5429
f 5421//5421 5429//5429 5423//5423
f 5423//5423 5429//5429 5428//5428
f 5426//5426 5431//5431 5424//5424
f 5424//5424 5431//5431 5432//5432
f 5424//5424 5432//5432 5371//5371
f 5371//5371 5432//5432 5373//5373
f 5431//5431 5433//5433 5432//5432
f 5432//5432 5433//5433 5434//5434
f 5432//5432 5434//5434 5373//5373
f 5373//5373 5434//5434 5435//5435
f 5373//5373 5435//5435 5375//5375
f 5375//5375 5435//5435 5381//5381
f 5433//5433 5436//5436 5434//5434
f 5434//5434 5436//5436 5437//5437
f 5434//5434 5437//5437 5435//5435
f 5435//5435 5437//5437 5438//5438
f 5435//5435 5438//5438 5381//5381
f 5381//5381 5438//5438 5439//5439
f 5381//5381 5439//5439 5385//5385
f 5385//5385 5439//5439 5440//5440
f 5385//5385 5440//5440 5387//5387
f 5387//5387 5440//5440 5389//5389
f 5436//5436 5441//5441 5437//5437
f 5437//5437 5441//5441 5442//5442
f 5437//5437 5442//5442 5443//5443
f 5443//5443 5442//5442 5444//5444
f 5445//5445 5446//5446 5447//5447
f 5447//5447 5446//5446 5448//5448
f 5447//5447 5448//5448 5449//5449
f 5445//5445 5450//5450 5446//5446
f 5446//5446 5450//5450 5451//5451
f 5446//5446 5451//5451 5452//5452
f 5452//5452 5451//5451 5453//5453
f 5452//5452 5453//5453 5454//5454
f 5454//5454 5453//5453 5455//5455
f 5454//5454 5455//5455 5456//5456
f 5456//5456 5455//5455 5457//5457
f 5456//5456 5457//5457 5458//5458
f 5458//5458 5457//5457 5459//5459
f 5458//5458 5459//5459 5460//5460
f 5460//5460 5459//5459 5461//5461
f 5460//5460 5461//5461 5462//5462
f 5462//5462 5461//5461 5463//5463
f 5462//5462 5463//5463 5464//5464
f 5464//5464 5463//5463 5465//5465
f 5464//5464 5465//5465 5466//5466
f 5466//5466 5465//5465 5467//5467
f 5466//5466 5467//5467 5468//5468
f 5468//5468 5467//5467 5469//5469
f 5468//5468 5469//5469 5470//5470
f 5470//5470 5469//5469 5471//5471
f 5470//5470 5471//5471 5472//5472
f 5450//5450 5473//5473 5451//5451
f 5451//5451 5473//5473 5474//5474
f 5451//5451 5474//5474 5475//5475
f 5475//5475 5474//5474 5476//5476
f 5475//5475 5476//5476 5477//5477
f 5477//5477 5478//5478 5475//5475
f 5475//5475 5478//5478 5479//5479
f 5475//5475 5479//5479 5480//5480
f 5480//5480 5479//5479 5481//5481
f 5480//5480 5481//5481 5482//5482
f 5482//5482 5483//5483 5480//5480
f 5480//5480 5483//5483 5484//5484
f 5480//5480 5484//5484 5485//5485
f 5485//5485 5484//5484 5486//5486
f 5485//5485 5486//5486 5487//5487
f 5487//5487 5486//5486 5488//5488
f 5487//5487 5488//5488 5489//5489
f 5489//5489 5488//5488 5490//5490
f 5489//5489 5490//5490 5491//5491
f 5491//5491 5490//5490 5492//5492
f 5491//5491 5492//5492 5493//5493
f 5493//5493 5492//5492 5494//5494
f 5493//5493 5494//5494 5495//5495
f 5495//5495 5494//5494 5496//5496
f 5495//5495 5496//5496 5497//5497
f 5497//5497 5496//5496 5498//5498
f 5497//5497 5498//5498 5499//5499
f 5499//5499 5498//5498 5500//5500
f 5499//5499 5500//5500 5501//5501
f 5501//5501 5500//5500 5347//5347
f 5501//5501 5347//5347 5346//5346
f 5483//5483 5502//5502 5484//5484
f 5484//5484 5502//5502 5503//5503
f 5484//5484 5503//5503 5486//5486
f 5486//5486 5503//5503 5504//5504
f 5486//5486 5504//5504 5488//5488
f 5488//5488 5504//5504 5505//5505
f 5488//5488 5505//5505 5490//5490
f 5490//5490 5505//5505 5506//5506
f 5490//5490 5506//5506 5492//5492
f 5492//5492 5506//5506 5507//5507
f 5492//5492 5507//5507 5494//5494
f 5494//5494 5507//5507 5496//5496
f 5502//5502 5165//5165 5503//5503
f 5503//5503 5165//5165 5163//5163
f 5503//5503 5163//5163 5504//5504
f 5504//5504 5163//5163 5508//5508
f 5504//5504 5508//5508 5505//5505
f 5505//5505 5508//5508 5509//5509
f 5505//5505 5509//5509 5506//5506
f 5506//5506 5509//5509 5510//5510
f 5506//5506 5510//5510 5507//5507
f 5507//5507 5510//5510 5511//5511
f 5507//5507 5511//5511 5496//5496
f 5496//5496 5511//5511 5498//5498
f 5137//5137 5056//5056 5058//5058
f 5512//5512 5513//5513 5514//5514
f 5514//5514 5513//5513 5515//5515
f 5514//5514 5515//5515 5516//5516
f 5516//5516 5515//5515 5368//5368
f 5516//5516 5368//5368 5370//5370
f 5517//5517 5518//5518 5512//5512
f 5512//5512 5518//5518 5519//5519
f 5512//5512 5519//5519 5520//5520
f 5520//5520 5519//5519 5521//5521
f 5520//5520 5521//5521 5515//5515
f 5515//5515 5521//5521 5366//5366
f 5515//5515 5366//5366 5368//5368
f 5518//5518 5517//5517 5522//5522
f 5522//5522 5517//5517 5523//5523
f 5522//5522 5523//5523 5524//5524
f 5525//5525 5526//5526 5524//5524
f 5524//5524 5526//5526 5527//5527
f 5524//5524 5527//5527 5522//5522
f 5522//5522 5527//5527 5528//5528
f 5522//5522 5528//5528 5519//5519
f 5519//5519 5528//5528 5529//5529
f 5519//5519 5529//5529 5521//5521
f 5521//5521 5529//5529 5364//5364
f 5521//5521 5364//5364 5366//5366
f 5525//5525 5530//5530 5526//5526
f 5526//5526 5530//5530 5531//5531
f 5526//5526 5531//5531 5532//5532
f 5526//5526 5532//5532 5533//5533
f 5533//5533 5532//5532 5534//5534
f 5533//5533 5534//5534 5535//5535
f 5535//5535 5534//5534 5536//5536
f 5535//5535 5536//5536 5343//5343
f 5343//5343 5536//5536 5344//5344
f 5534//5534 5537//5537 5536//5536
f 5536//5536 5537//5537 5538//5538
f 5536//5536 5538//5538 5344//5344
f 5344//5344 5538//5538 5345//5345
f 5537//5537 5539//5539 5538//5538
f 5538//5538 5539//5539 5540//5540
f 5538//5538 5540//5540 5345//5345
f 5345//5345 5540//5540 5346//5346
f 5539//5539 5541//5541 5540//5540
f 5540//5540 5541//5541 5542//5542
f 5540//5540 5542//5542 5543//5543
f 5543//5543 5544//5544 5540//5540
f 5540//5540 5544//5544 5501//5501
f 5540//5540 5501//5501 5346//5346
f 5544//5544 5545//5545 5501//5501
f 5501//5501 5545//5545 5546//5546
f 5501//5501 5546//5546 5547//5547
f 5547//5547 5548//5548 5501//5501
f 5501//5501 5548//5548 5549//5549
f 5501//5501 5549//5549 5499//5499
f 5499//5499 5549//5549 5550//5550
f 5499//5499 5550//5550 5551//5551
f 5551//5551 5497//5497 5499//5499
f 5493//5493 5552//5552 5491//5491
f 5491//5491 5552//5552 5489//5489
f 5489//5489 5552//5552 5553//5553
f 5553//5553 5552//5552 5554//5554
f 5553//5553 5554//5554 5555//5555
f 5555//5555 5554//5554 5556//5556
f 5555//5555 5556//5556 5557//5557
f 5558//5558 5559//5559 5557//5557
f 5557//5557 5559//5559 5560//5560
f 5557//5557 5560//5560 5561//5561
f 5561//5561 5560//5560 5455//5455
f 5561//5561 5455//5455 5453//5453
f 5559//5559 5558//5558 5457//5457
f 5457//5457 5558//5558 5562//5562
f 5457//5457 5562//5562 5563//5563
f 5457//5457 5563//5563 5459//5459
f 5459//5459 5563//5563 5564//5564
f 5459//5459 5564//5564 5565//5565
f 5565//5565 5566//5566 5459//5459
f 5459//5459 5566//5566 5461//5461
f 5461//5461 5566//5566 5463//5463
f 5463//5463 5566//5566 5567//5567
f 5463//5463 5567//5567 5465//5465
f 5465//5465 5567//5567 5467//5467
f 5567//5567 5568//5568 5467//5467
f 5467//5467 5568//5568 5469//5469
f 5568//5568 5471//5471 5469//5469
f 5470//5470 5472//5472 5569//5569
f 5569//5569 5472//5472 5570//5570
f 5569//5569 5570//5570 5571//5571
f 5571//5571 5570//5570 5572//5572
f 5571//5571 5572//5572 5573//5573
f 5573//5573 5572//5572 5574//5574
f 5573//5573 5574//5574 5575//5575
f 5575//5575 5574//5574 5576//5576
f 5575//5575 5576//5576 5388//5388
f 5388//5388 5576//5576 5386//5386
f 5374//5374 5577//5577 5372//5372
f 5372//5372 5577//5577 5578//5578
f 5372//5372 5578//5578 5579//5579
f 5580//5580 5516//5516 5579//5579
f 5579//5579 5516//5516 5370//5370
f 5579//5579 5370//5370 5372//5372
f 5580//5580 5514//5514 5516//5516
f 5113//5113 5581//5581 5582//5582
f 5583//5583 5584//5584 5585//5585
f 5585//5585 5586//5586 5587//5587
f 5587//5587 5588//5588 5589//5589
f 5589//5589 5590//5590 5591//5591
f 5591//5591 5592//5592 5593//5593
f 5593//5593 5594//5594 5595//5595
f 5595//5595 5596//5596 5597//5597
f 5597//5597 5598//5598 5599//5599
f 5600//5600 5601//5601 5602//5602
f 5602//5602 5603//5603 5604//5604
f 5605//5605 5606//5606 5607//5607
f 5443//5443 5608//5608 5609//5609
f 5609//5609 5610//5610 5611//5611
f 5611//5611 5612//5612 5613//5613
f 5613//5613 5614//5614 5391//5391
f 5392//5392 5615//5615 5616//5616
f 5616//5616 5617//5617 5618//5618
f 5618//5618 5619//5619 5620//5620
f 5620//5620 5621//5621 5622//5622
f 5622//5622 5623//5623 5624//5624
f 5624//5624 5625//5625 5626//5626
f 5626//5626 5627//5627 5628//5628
f 5628//5628 5629//5629 5630//5630
f 5630//5630 5631//5631 5632//5632
f 5632//5632 5633//5633 5634//5634
f 5634//5634 5635//5635 5636//5636
f 5636//5636 5637//5637 5638//5638
f 5099//5099 5097//5097 5607//5607
f 5607//5607 5097//5097 5095//5095
f 5607//5607 5095//5095 5605//5605
f 5605//5605 5095//5095 5093//5093
f 5605//5605 5093//5093 5639//5639
f 5639//5639 5093//5093 5091//5091
f 5639//5639 5091//5091 5640//5640
f 5640//5640 5091//5091 5089//5089
f 5640//5640 5089//5089 5641//5641
f 5641//5641 5089//5089 5087//5087
f 5641//5641 5087//5087 5642//5642
f 5642//5642 5087//5087 5085//5085
f 5642//5642 5085//5085 5643//5643
f 5643//5643 5085//5085 5083//5083
f 5643//5643 5083//5083 5644//5644
f 5644//5644 5083//5083 5081//5081
f 5644//5644 5081//5081 5645//5645
f 5645//5645 5081//5081 5079//5079
f 5645//5645 5079//5079 5646//5646
f 5646//5646 5079//5079 5077//5077
f 5646//5646 5077//5077 5647//5647
f 5647//5647 5077//5077 5075//5075
f 5647//5647 5075//5075 5648//5648
f 5648//5648 5075//5075 5073//5073
f 5648//5648 5073//5073 5649//5649
f 5649//5649 5073//5073 5071//5071
f 5649//5649 5071//5071 5650//5650
f 5650//5650 5071//5071 5069//5069
f 5650//5650 5069//5069 5651//5651
f 5651//5651 5069//5069 5067//5067
f 5651//5651 5067//5067 5652//5652
f 5652//5652 5067//5067 5065//5065
f 5652//5652 5065//5065 5653//5653
f 5653//5653 5065//5065 5063//5063
f 5653//5653 5063//5063 5654//5654
f 5654//5654 5063//5063 5061//5061
f 5654//5654 5061//5061 5102//5102
f 5102//5102 5061//5061 5059//5059
f 5208//5208 5210//5210 5209//5209
f 5405//5405 5404//5404 5410//5410
f 5407//5407 5409//5409 5408//5408
f 5655//5655 5656//5656 5638//5638
f 5638//5638 5656//5656 5452//5452
f 5638//5638 5452//5452 5454//5454
f 5657//5657 5658//5658 5582//5582
f 5582//5582 5658//5658 5659//5659
f 5582//5582 5659//5659 5113//5113
f 5113//5113 5659//5659 5111//5111
f 5658//5658 5657//5657 5583//5583
f 5660//5660 5661//5661 5599//5599
f 5599//5599 5661//5661 5662//5662
f 5599//5599 5662//5662 5597//5597
f 5597//5597 5662//5662 5663//5663
f 5597//5597 5663//5663 5595//5595
f 5595//5595 5663//5663 5664//5664
f 5595//5595 5664//5664 5593//5593
f 5593//5593 5664//5664 5665//5665
f 5593//5593 5665//5665 5591//5591
f 5591//5591 5665//5665 5666//5666
f 5591//5591 5666//5666 5589//5589
f 5589//5589 5666//5666 5667//5667
f 5589//5589 5667//5667 5587//5587
f 5587//5587 5667//5667 5668//5668
f 5587//5587 5668//5668 5585//5585
f 5585//5585 5668//5668 5669//5669
f 5585//5585 5669//5669 5583//5583
f 5583//5583 5669//5669 5670//5670
f 5583//5583 5670//5670 5658//5658
f 5658//5658 5670//5670 5671//5671
f 5658//5658 5671//5671 5659//5659
f 5659//5659 5671//5671 5672//5672
f 5659//5659 5672//5672 5111//5111
f 5111//5111 5672//5672 5109//5109
f 5661//5661 5660//5660 5600//5600
f 5673//5673 5674//5674 5604//5604
f 5604//5604 5674//5674 5675//5675
f 5604//5604 5675//5675 5602//5602
f 5602//5602 5675//5675 5676//5676
f 5602//5602 5676//5676 5600//5600
f 5600//5600 5676//5676 5677//5677
f 5600//5600 5677//5677 5678//5678
f 5678//5678 5677//5677 5679//5679
f 5678//5678 5679//5679 5680//5680
f 5680//5680 5679//5679 5681//5681
f 5680//5680 5681//5681 5682//5682
f 5682//5682 5681//5681 5683//5683
f 5682//5682 5683//5683 5684//5684
f 5684//5684 5683//5683 5685//5685
f 5684//5684 5685//5685 5686//5686
f 5686//5686 5685//5685 5687//5687
f 5686//5686 5687//5687 5688//5688
f 5688//5688 5687//5687 5689//5689
f 5688//5688 5689//5689 5690//5690
f 5690//5690 5689//5689 5691//5691
f 5690//5690 5691//5691 5692//5692
f 5692//5692 5691//5691 5693//5693
f 5692//5692 5693//5693 5694//5694
f 5694//5694 5693//5693 5695//5695
f 5694//5694 5695//5695 5696//5696
f 5696//5696 5695//5695 5697//5697
f 5696//5696 5697//5697 5698//5698
f 5698//5698 5697//5697 5699//5699
f 5698//5698 5699//5699 5700//5700
f 5700//5700 5699//5699 5701//5701
f 5700//5700 5701//5701 5107//5107
f 5107//5107 5701//5701 5104//5104
f 5674//5674 5673//5673 5605//5605
f 5700//5700 5107//5107 5109//5109
f 5700//5700 5109//5109 5672//5672
f 5654//5654 5102//5102 5104//5104
f 5654//5654 5104//5104 5701//5701
f 5251//5251 5144//5144 5141//5141
f 5251//5251 5141//5141 5207//5207
f 5318//5318 5152//5152 5150//5150
f 5150//5150 5148//5148 5702//5702
f 5702//5702 5148//5148 5273//5273
f 5702//5702 5273//5273 5703//5703
f 5703//5703 5273//5273 5272//5272
f 5703//5703 5272//5272 5314//5314
f 5314//5314 5272//5272 5271//5271
f 5314//5314 5271//5271 5312//5312
f 5312//5312 5271//5271 5270//5270
f 5312//5312 5270//5270 5310//5310
f 5310//5310 5270//5270 5269//5269
f 5310//5310 5269//5269 5308//5308
f 5308//5308 5269//5269 5268//5268
f 5308//5308 5268//5268 5306//5306
f 5306//5306 5268//5268 5267//5267
f 5306//5306 5267//5267 5304//5304
f 5304//5304 5267//5267 5266//5266
f 5304//5304 5266//5266 5302//5302
f 5302//5302 5266//5266 5265//5265
f 5302//5302 5265//5265 5300//5300
f 5300//5300 5265//5265 5264//5264
f 5300//5300 5264//5264 5298//5298
f 5298//5298 5264//5264 5263//5263
f 5298//5298 5263//5263 5296//5296
f 5296//5296 5263//5263 5262//5262
f 5296//5296 5262//5262 5294//5294
f 5294//5294 5262//5262 5261//5261
f 5294//5294 5261//5261 5292//5292
f 5292//5292 5261//5261 5260//5260
f 5292//5292 5260//5260 5290//5290
f 5290//5290 5260//5260 5259//5259
f 5290//5290 5259//5259 5288//5288
f 5288//5288 5259//5259 5258//5258
f 5288//5288 5258//5258 5286//5286
f 5286//5286 5258//5258 5257//5257
f 5286//5286 5257//5257 5281//5281
f 5508//5508 5163//5163 5160//5160
f 5160//5160 5157//5157 5704//5704
f 5704//5704 5157//5157 5351//5351
f 5704//5704 5351//5351 5705//5705
f 5705//5705 5351//5351 5350//5350
f 5705//5705 5350//5350 5706//5706
f 5706//5706 5350//5350 5349//5349
f 5706//5706 5349//5349 5707//5707
f 5707//5707 5349//5349 5348//5348
f 5707//5707 5348//5348 5500//5500
f 5500//5500 5348//5348 5347//5347
f 5453//5453 5451//5451 5475//5475
f 5475//5475 5480//5480 5561//5561
f 5561//5561 5480//5480 5485//5485
f 5561//5561 5485//5485 5557//5557
f 5557//5557 5485//5485 5555//5555
f 5561//5561 5453//5453 5475//5475
f 5452//5452 5656//5656 5446//5446
f 5446//5446 5656//5656 5448//5448
f 5321//5321 5326//5326 5328//5328
f 5285//5285 5284//5284 5321//5321
f 5285//5285 5321//5321 5328//5328
f 5256//5256 5255//5255 5277//5277
f 5190//5190 5189//5189 5211//5211
f 5190//5190 5211//5211 5217//5217
f 5438//5438 5437//5437 5443//5443
f 5438//5438 5443//5443 5609//5609
f 5371//5371 5369//5369 5424//5424
f 5424//5424 5369//5369 5422//5422
f 5369//5369 5367//5367 5422//5422
f 5422//5422 5367//5367 5420//5420
f 5419//5419 5708//5708 5415//5415
f 5415//5415 5708//5708 5411//5411
f 5415//5415 5411//5411 5413//5413
f 5367//5367 5365//5365 5420//5420
f 5420//5420 5365//5365 5419//5419
f 5405//5405 5410//5410 5709//5709
f 5709//5709 5410//5410 5708//5708
f 5709//5709 5708//5708 5361//5361
f 5361//5361 5708//5708 5363//5363
f 5365//5365 5363//5363 5419//5419
f 5419//5419 5363//5363 5708//5708
f 5405//5405 5709//5709 5406//5406
f 5406//5406 5709//5709 5359//5359
f 5406//5406 5359//5359 5357//5357
f 5359//5359 5709//5709 5361//5361
f 5402//5402 5401//5401 5403//5403
f 5287//5287 5285//5285 5328//5328
f 5287//5287 5328//5328 5330//5330
f 5191//5191 5190//5190 5217//5217
f 5191//5191 5217//5217 5219//5219
f 5410//5410 5411//5411 5708//5708
f 5417//5417 5416//5416 5418//5418
f 5675//5675 5640//5640 5676//5676
f 5676//5676 5640//5640 5641//5641
f 5676//5676 5641//5641 5677//5677
f 5677//5677 5641//5641 5642//5642
f 5677//5677 5642//5642 5679//5679
f 5679//5679 5642//5642 5643//5643
f 5679//5679 5643//5643 5681//5681
f 5681//5681 5643//5643 5644//5644
f 5681//5681 5644//5644 5683//5683
f 5683//5683 5644//5644 5645//5645
f 5683//5683 5645//5645 5685//5685
f 5685//5685 5645//5645 5646//5646
f 5685//5685 5646//5646 5687//5687
f 5687//5687 5646//5646 5647//5647
f 5687//5687 5647//5647 5689//5689
f 5689//5689 5647//5647 5648//5648
f 5689//5689 5648//5648 5691//5691
f 5691//5691 5648//5648 5649//5649
f 5691//5691 5649//5649 5693//5693
f 5693//5693 5649//5649 5650//5650
f 5693//5693 5650//5650 5695//5695
f 5695//5695 5650//5650 5651//5651
f 5695//5695 5651//5651 5697//5697
f 5697//5697 5651//5651 5652//5652
f 5697//5697 5652//5652 5699//5699
f 5699//5699 5652//5652 5653//5653
f 5699//5699 5653//5653 5701//5701
f 5701//5701 5653//5653 5654//5654
f 5640//5640 5675//5675 5639//5639
f 5639//5639 5675//5675 5674//5674
f 5639//5639 5674//5674 5605//5605
f 5193//5193 5223//5223 5194//5194
f 5194//5194 5223//5223 5225//5225
f 5194//5194 5225//5225 5195//5195
f 5195//5195 5225//5225 5227//5227
f 5195//5195 5227//5227 5196//5196
f 5196//5196 5227//5227 5229//5229
f 5196//5196 5229//5229 5197//5197
f 5197//5197 5229//5229 5231//5231
f 5197//5197 5231//5231 5198//5198
f 5198//5198 5231//5231 5233//5233
f 5198//5198 5233//5233 5199//5199
f 5199//5199 5233//5233 5235//5235
f 5199//5199 5235//5235 5200//5200
f 5200//5200 5235//5235 5237//5237
f 5200//5200 5237//5237 5201//5201
f 5201//5201 5237//5237 5239//5239
f 5201//5201 5239//5239 5202//5202
f 5202//5202 5239//5239 5241//5241
f 5202//5202 5241//5241 5203//5203
f 5203//5203 5241//5241 5243//5243
f 5203//5203 5243//5243 5204//5204
f 5204//5204 5243//5243 5245//5245
f 5204//5204 5245//5245 5205//5205
f 5205//5205 5245//5245 5247//5247
f 5205//5205 5247//5247 5206//5206
f 5206//5206 5247//5247 5249//5249
f 5206//5206 5249//5249 5207//5207
f 5207//5207 5249//5249 5251//5251
f 5223//5223 5193//5193 5221//5221
f 5221//5221 5193//5193 5192//5192
f 5221//5221 5192//5192 5219//5219
f 5219//5219 5192//5192 5191//5191
f 5291//5291 5334//5334 5293//5293
f 5293//5293 5334//5334 5336//5336
f 5293//5293 5336//5336 5295//5295
f 5295//5295 5336//5336 5338//5338
f 5295//5295 5338//5338 5297//5297
f 5334//5334 5291//5291 5332//5332
f 5332//5332 5291//5291 5289//5289
f 5332//5332 5289//5289 5330//5330
f 5330//5330 5289//5289 5287//5287
f 5335//5335 5710//5710 5337//5337
f 5337//5337 5710//5710 5711//5711
f 5337//5337 5711//5711 5339//5339
f 5339//5339 5711//5711 5712//5712
f 5339//5339 5712//5712 5340//5340
f 5340//5340 5712//5712 5713//5713
f 5340//5340 5713//5713 5341//5341
f 5341//5341 5713//5713 5533//5533
f 5341//5341 5533//5533 5342//5342
f 5342//5342 5533//5533 5535//5535
f 5342//5342 5535//5535 5343//5343
f 5710//5710 5714//5714 5711//5711
f 5711//5711 5714//5714 5715//5715
f 5711//5711 5715//5715 5712//5712
f 5712//5712 5715//5715 5527//5527
f 5712//5712 5527//5527 5713//5713
f 5713//5713 5527//5527 5526//5526
f 5713//5713 5526//5526 5533//5533
f 5333//5333 5356//5356 5335//5335
f 5335//5335 5356//5356 5710//5710
f 5714//5714 5716//5716 5715//5715
f 5715//5715 5716//5716 5528//5528
f 5715//5715 5528//5528 5527//5527
f 5356//5356 5358//5358 5710//5710
f 5710//5710 5358//5358 5714//5714
f 5528//5528 5716//5716 5529//5529
f 5529//5529 5716//5716 5362//5362
f 5529//5529 5362//5362 5364//5364
f 5358//5358 5360//5360 5714//5714
f 5714//5714 5360//5360 5716//5716
f 5360//5360 5362//5362 5716//5716
f 5512//5512 5520//5520 5513//5513
f 5513//5513 5520//5520 5515//5515
f 5518//5518 5522//5522 5519//5519
f 5661//5661 5600//5600 5678//5678
f 5662//5662 5661//5661 5678//5678
f 5662//5662 5678//5678 5680//5680
f 5663//5663 5662//5662 5680//5680
f 5663//5663 5680//5680 5682//5682
f 5663//5663 5682//5682 5664//5664
f 5664//5664 5682//5682 5684//5684
f 5664//5664 5684//5684 5665//5665
f 5665//5665 5684//5684 5686//5686
f 5665//5665 5686//5686 5666//5666
f 5666//5666 5686//5686 5688//5688
f 5666//5666 5688//5688 5667//5667
f 5667//5667 5688//5688 5690//5690
f 5667//5667 5690//5690 5668//5668
f 5668//5668 5690//5690 5692//5692
f 5668//5668 5692//5692 5669//5669
f 5669//5669 5692//5692 5694//5694
f 5669//5669 5694//5694 5670//5670
f 5670//5670 5694//5694 5696//5696
f 5670//5670 5696//5696 5671//5671
f 5671//5671 5696//5696 5698//5698
f 5671//5671 5698//5698 5672//5672
f 5672//5672 5698//5698 5700//5700
f 5707//5707 5500//5500 5498//5498
f 5707//5707 5498//5498 5511//5511
f 5706//5706 5707//5707 5511//5511
f 5706//5706 5511//5511 5510//5510
f 5487//5487 5489//5489 5553//5553
f 5705//5705 5706//5706 5510//5510
f 5705//5705 5510//5510 5509//5509
f 5703//5703 5314//5314 5316//5316
f 5485//5485 5487//5487 5555//5555
f 5555//5555 5487//5487 5553//5553
f 5704//5704 5705//5705 5509//5509
f 5704//5704 5509//5509 5508//5508
f 5702//5702 5703//5703 5316//5316
f 5702//5702 5316//5316 5318//5318
f 5656//5656 5655//5655 5448//5448
f 5160//5160 5704//5704 5508//5508
f 5150//5150 5702//5702 5318//5318
f 5457//5457 5455//5455 5560//5560
f 5457//5457 5560//5560 5559//5559
f 5636//5636 5638//5638 5454//5454
f 5636//5636 5454//5454 5456//5456
f 5634//5634 5636//5636 5456//5456
f 5634//5634 5456//5456 5458//5458
f 5632//5632 5634//5634 5458//5458
f 5632//5632 5458//5458 5460//5460
f 5630//5630 5632//5632 5460//5460
f 5630//5630 5460//5460 5462//5462
f 5626//5626 5466//5466 5624//5624
f 5624//5624 5466//5466 5468//5468
f 5624//5624 5468//5468 5622//5622
f 5622//5622 5468//5468 5470//5470
f 5622//5622 5470//5470 5620//5620
f 5620//5620 5470//5470 5569//5569
f 5620//5620 5569//5569 5618//5618
f 5618//5618 5569//5569 5571//5571
f 5618//5618 5571//5571 5616//5616
f 5616//5616 5571//5571 5717//5717
f 5616//5616 5717//5717 5392//5392
f 5392//5392 5717//5717 5390//5390
f 5466//5466 5626//5626 5464//5464
f 5464//5464 5626//5626 5628//5628
f 5464//5464 5628//5628 5462//5462
f 5462//5462 5628//5628 5630//5630
f 5717//5717 5571//5571 5573//5573
f 5390//5390 5717//5717 5575//5575
f 5575//5575 5717//5717 5573//5573
f 5388//5388 5390//5390 5575//5575
f 5391//5391 5389//5389 5613//5613
f 5613//5613 5389//5389 5440//5440
f 5613//5613 5440//5440 5611//5611
f 5611//5611 5440//5440 5439//5439
f 5611//5611 5439//5439 5609//5609
f 5609//5609 5439//5439 5438//5438
f 5718//5718 5719//5719 5720//5720
f 5720//5720 5719//5719 5721//5721
f 5720//5720 5721//5721 5722//5722
f 5722//5722 5721//5721 5723//5723
f 5722//5722 5723//5723 5724//5724
f 5724//5724 5723//5723 5725//5725
f 5724//5724 5725//5725 5726//5726
f 5726//5726 5725//5725 5727//5727
f 5726//5726 5727//5727 5728//5728
f 5728//5728 5727//5727 5729//5729
f 5728//5728 5729//5729 5730//5730
f 5730//5730 5729//5729 5731//5731
f 5730//5730 5731//5731 5732//5732
f 5732//5732 5731//5731 5733//5733
f 5732//5732 5733//5733 5734//5734
f 5734//5734 5733//5733 5735//5735
f 5734//5734 5735//5735 5736//5736
f 5736//5736 5735//5735 5737//5737
f 5736//5736 5737//5737 5738//5738
f 5738//5738 5737//5737 5739//5739
f 5738//5738 5739//5739 5740//5740
f 5740//5740 5739//5739 5741//5741
f 5741//5741 5739//5739 5742//5742
f 5741//5741 5742//5742 5743//5743
f 5743//5743 5742//5742 5744//5744
f 5744//5744 5742//5742 5745//5745
f 5745//5745 5742//5742 5746//5746
f 5745//5745 5746//5746 5747//5747
f 5747//5747 5746//5746 5748//5748
f 5747//5747 5748//5748 5749//5749
f 5749//5749 5748//5748 5750//5750
f 5749//5749 5750//5750 5751//5751
f 5751//5751 5750//5750 5752//5752
f 5751//5751 5752//5752 5753//5753
f 5753//5753 5752//5752 5754//5754
f 5753//5753 5754//5754 5755//5755
f 5755//5755 5754//5754 5756//5756
f 5755//5755 5756//5756 5757//5757
f 5757//5757 5756//5756 5758//5758
f 5758//5758 5756//5756 5759//5759
f 5758//5758 5759//5759 5760//5760
f 5760//5760 5759//5759 5761//5761
f 5761//5761 5759//5759 5762//5762
f 5761//5761 5762//5762 5763//5763
f 5763//5763 5762//5762 5764//5764
f 5763//5763 5764//5764 5765//5765
f 5765//5765 5764//5764 5766//5766
f 5765//5765 5766//5766 5767//5767
f 5767//5767 5766//5766 5768//5768
f 5767//5767 5768//5768 5769//5769
f 5769//5769 5768//5768 5770//5770
f 5769//5769 5770//5770 5771//5771
f 5771//5771 5770//5770 5772//5772
f 5771//5771 5772//5772 5773//5773
f 5773//5773 5772//5772 5774//5774
f 5773//5773 5774//5774 5775//5775
f 5775//5775 5774//5774 5776//5776
f 5775//5775 5776//5776 5777//5777
f 5777//5777 5776//5776 5778//5778
f 5777//5777 5778//5778 5779//5779
f 5779//5779 5778//5778 5780//5780
f 5779//5779 5780//5780 5781//5781
f 5781//5781 5780//5780 5782//5782
f 5781//5781 5782//5782 5783//5783
f 5783//5783 5782//5782 5784//5784
f 5783//5783 5784//5784 5785//5785
f 5785//5785 5784//5784 5786//5786
f 5785//5785 5786//5786 5787//5787
f 5787//5787 5786//5786 5788//5788
f 5787//5787 5788//5788 5789//5789
f 5789//5789 5788//5788 5790//5790
f 5789//5789 5790//5790 5791//5791
f 5791//5791 5790//5790 5792//5792
f 5791//5791 5792//5792 5793//5793
f 5793//5793 5792//5792 5794//5794
f 5793//5793 5794//5794 5795//5795
f 5795//5795 5794//5794 5796//5796
f 5795//5795 5796//5796 5797//5797
f 5797//5797 5796//5796 5798//5798
f 5797//5797 5798//5798 5799//5799
f 5799//5799 5798//5798 5800//5800
f 5799//5799 5800//5800 5801//5801
f 5801//5801 5800//5800 5802//5802
f 5801//5801 5802//5802 5803//5803
f 5803//5803 5802//5802 5804//5804
f 5803//5803 5804//5804 5805//5805
f 5805//5805 5804//5804 5806//5806
f 5805//5805 5806//5806 5807//5807
f 5807//5807 5806//5806 5808//5808
f 5807//5807 5808//5808 5809//5809
f 5719//5719 5718//5718 5810//5810
f 5810//5810 5718//5718 5811//5811
f 5810//5810 5811//5811 5812//5812
f 5810//5810 5812//5812 5813//5813
f 5813//5813 5812//5812 5814//5814
f 5813//5813 5814//5814 5815//5815
f 5815//5815 5814//5814 5816//5816
f 5815//5815 5816//5816 5817//5817
f 5817//5817 5818//5818 5815//5815
f 5815//5815 5818//5818 5819//5819
f 5815//5815 5819//5819 5804//5804
f 5804//5804 5819//5819 5806//5806
f 5819//5819 5818//5818 5820//5820
f 5820//5820 5818//5818 5821//5821
f 5820//5820 5821//5821 5822//5822
f 5822//5822 5823//5823 5820//5820
f 5819//5819 5820//5820 5806//5806
f 5806//5806 5820//5820 5808//5808
f 5809//5809 5824//5824 5807//5807
f 5807//5807 5824//5824 5825//5825
f 5807//5807 5825//5825 5805//5805
f 5805//5805 5825//5825 5826//5826
f 5805//5805 5826//5826 5803//5803
f 5803//5803 5826//5826 5827//5827
f 5803//5803 5827//5827 5801//5801
f 5801//5801 5827//5827 5828//5828
f 5801//5801 5828//5828 5799//5799
f 5799//5799 5828//5828 5829//5829
f 5799//5799 5829//5829 5797//5797
f 5797//5797 5829//5829 5830//5830
f 5797//5797 5830//5830 5795//5795
f 5795//5795 5830//5830 5831//5831
f 5795//5795 5831//5831 5793//5793
f 5793//5793 5831//5831 5832//5832
f 5793//5793 5832//5832 5791//5791
f 5791//5791 5832//5832 5833//5833
f 5791//5791 5833//5833 5789//5789
f 5789//5789 5833//5833 5834//5834
f 5789//5789 5834//5834 5835//5835
f 5789//5789 5835//5835 5787//5787
f 5787//5787 5835//5835 5836//5836
f 5787//5787 5836//5836 5785//5785
f 5785//5785 5836//5836 5837//5837
f 5785//5785 5837//5837 5783//5783
f 5783//5783 5837//5837 5838//5838
f 5783//5783 5838//5838 5781//5781
f 5781//5781 5838//5838 5839//5839
f 5781//5781 5839//5839 5779//5779
f 5779//5779 5839//5839 5840//5840
f 5779//5779 5840//5840 5841//5841
f 5779//5779 5841//5841 5777//5777
f 5777//5777 5841//5841 5842//5842
f 5777//5777 5842//5842 5775//5775
f 5775//5775 5842//5842 5843//5843
f 5775//5775 5843//5843 5773//5773
f 5773//5773 5843//5843 5844//5844
f 5773//5773 5844//5844 5845//5845
f 5773//5773 5845//5845 5771//5771
f 5771//5771 5845//5845 5846//5846
f 5771//5771 5846//5846 5769//5769
f 5769//5769 5846//5846 5847//5847
f 5769//5769 5847//5847 5767//5767
f 5767//5767 5847//5847 5848//5848
f 5767//5767 5848//5848 5765//5765
f 5765//5765 5848//5848 5849//5849
f 5765//5765 5849//5849 5850//5850
f 5765//5765 5850//5850 5763//5763
f 5763//5763 5850//5850 5851//5851
f 5763//5763 5851//5851 5852//5852
f 5852//5852 5761//5761 5763//5763
f 5741//5741 5743//5743 5853//5853
f 5853//5853 5743//5743 5854//5854
f 5853//5853 5854//5854 5855//5855
f 5804//5804 5802//5802 5815//5815
f 5815//5815 5802//5802 5813//5813
f 5802//5802 5800//5800 5813//5813
f 5813//5813 5800//5800 5810//5810
f 5800//5800 5798//5798 5810//5810
f 5810//5810 5798//5798 5719//5719
f 5798//5798 5796//5796 5719//5719
f 5719//5719 5796//5796 5721//5721
f 5796//5796 5794//5794 5721//5721
f 5721//5721 5794//5794 5723//5723
f 5794//5794 5792//5792 5723//5723
f 5723//5723 5792//5792 5725//5725
f 5792//5792 5790//5790 5725//5725
f 5725//5725 5790//5790 5727//5727
f 5790//5790 5788//5788 5727//5727
f 5727//5727 5788//5788 5729//5729
f 5788//5788 5786//5786 5729//5729
f 5729//5729 5786//5786 5731//5731
f 5786//5786 5784//5784 5731//5731
f 5731//5731 5784//5784 5733//5733
f 5784//5784 5782//5782 5733//5733
f 5733//5733 5782//5782 5735//5735
f 5782//5782 5780//5780 5735//5735
f 5735//5735 5780//5780 5737//5737
f 5780//5780 5778//5778 5737//5737
f 5737//5737 5778//5778 5739//5739
f 5778//5778 5776//5776 5739//5739
f 5739//5739 5776//5776 5742//5742
f 5776//5776 5774//5774 5742//5742
f 5742//5742 5774//5774 5746//5746
f 5774//5774 5772//5772 5746//5746
f 5746//5746 5772//5772 5748//5748
f 5772//5772 5770//5770 5748//5748
f 5748//5748 5770//5770 5750//5750
f 5770//5770 5768//5768 5750//5750
f 5750//5750 5768//5768 5752//5752
f 5768//5768 5766//5766 5752//5752
f 5752//5752 5766//5766 5754//5754
f 5762//5762 5759//5759 5756//5756
f 5766//5766 5764//5764 5754//5754
f 5754//5754 5764//5764 5756//5756
f 5764//5764 5762//5762 5756//5756
f 5856//5856 5857//5857 5858//5858
f 5858//5858 5857//5857 5859//5859
f 5858//5858 5859//5859 5860//5860
f 5860//5860 5859//5859 5861//5861
f 5860//5860 5861//5861 5862//5862
f 5862//5862 5861//5861 5863//5863
f 5862//5862 5863//5863 5864//5864
f 5864//5864 5863//5863 5865//5865
f 5864//5864 5865//5865 5866//5866
f 5866//5866 5865//5865 5867//5867
f 5866//5866 5867//5867 5868//5868
f 5868//5868 5867//5867 5869//5869
f 5868//5868 5869//5869 5870//5870
f 5870//5870 5869//5869 5871//5871
f 5870//5870 5871//5871 5872//5872
f 5872//5872 5871//5871 5873//5873
f 5872//5872 5873//5873 5874//5874
f 5874//5874 5873//5873 5875//5875
f 5874//5874 5875//5875 5876//5876
f 5876//5876 5875//5875 5877//5877
f 5876//5876 5877//5877 5878//5878
f 5878//5878 5877//5877 5859//5859
f 5878//5878 5859//5859 5857//5857
f 5879//5879 5880//5880 5856//5856
f 5856//5856 5880//5880 5881//5881
f 5856//5856 5881//5881 5882//5882
f 5882//5882 5881//5881 5883//5883
f 5882//5882 5883//5883 5884//5884
f 5884//5884 5883//5883 5885//5885
f 5884//5884 5885//5885 5886//5886
f 5886//5886 5885//5885 5887//5887
f 5886//5886 5887//5887 5888//5888
f 5888//5888 5887//5887 5889//5889
f 5888//5888 5889//5889 5890//5890
f 5890//5890 5889//5889 5891//5891
f 5890//5890 5891//5891 5892//5892
f 5892//5892 5891//5891 5893//5893
f 5892//5892 5893//5893 5894//5894
f 5894//5894 5893//5893 5874//5874
f 5894//5894 5874//5874 5876//5876
f 5880//5880 5879//5879 5895//5895
f 5895//5895 5879//5879 5896//5896
f 5895//5895 5896//5896 5897//5897
f 5897//5897 5896//5896 5898//5898
f 5897//5897 5898//5898 5899//5899
f 5899//5899 5900//5900 5897//5897
f 5895//5895 5897//5897 5901//5901
f 5901//5901 5897//5897 5902//5902
f 5901//5901 5902//5902 5903//5903
f 5903//5903 5902//5902 5904//5904
f 5903//5903 5904//5904 5905//5905
f 5905//5905 5904//5904 5906//5906
f 5905//5905 5906//5906 5885//5885
f 5885//5885 5906//5906 5887//5887
f 5902//5902 5907//5907 5904//5904
f 5904//5904 5907//5907 5908//5908
f 5904//5904 5908//5908 5906//5906
f 5906//5906 5908//5908 5909//5909
f 5906//5906 5909//5909 5887//5887
f 5887//5887 5909//5909 5889//5889
f 5908//5908 5907//5907 5910//5910
f 5910//5910 5907//5907 5911//5911
f 5910//5910 5911//5911 5912//5912
f 5912//5912 5911//5911 5913//5913
f 5913//5913 5911//5911 5914//5914
f 5914//5914 5911//5911 5915//5915
f 5914//5914 5915//5915 5916//5916
f 5916//5916 5915//5915 5917//5917
f 5917//5917 5915//5915 5918//5918
f 5918//5918 5915//5915 5919//5919
f 5918//5918 5919//5919 5920//5920
f 5920//5920 5919//5919 5921//5921
f 5921//5921 5919//5919 5922//5922
f 5921//5921 5922//5922 5923//5923
f 5923//5923 5922//5922 5924//5924
f 5923//5923 5924//5924 5925//5925
f 5925//5925 5924//5924 5926//5926
f 5926//5926 5924//5924 5927//5927
f 5926//5926 5927//5927 5928//5928
f 5928//5928 5927//5927 5929//5929
f 5928//5928 5929//5929 5930//5930
f 5930//5930 5929//5929 5931//5931
f 5930//5930 5931//5931 5932//5932
f 5932//5932 5931//5931 5933//5933
f 5932//5932 5933//5933 5934//5934
f 5934//5934 5933//5933 5935//5935
f 5934//5934 5935//5935 5936//5936
f 5936//5936 5935//5935 5937//5937
f 5936//5936 5937//5937 5938//5938
f 5915//5915 5922//5922 5919//5919
f 5922//5922 5927//5927 5924//5924
f 5927//5927 5931//5931 5929//5929
f 5933//5933 5937//5937 5935//5935
f 5936//5936 5938//5938 5939//5939
f 5939//5939 5938//5938 5940//5940
f 5939//5939 5940//5940 5941//5941
f 5941//5941 5940//5940 5942//5942
f 5941//5941 5942//5942 5943//5943
f 5943//5943 5942//5942 5944//5944
f 5943//5943 5944//5944 5945//5945
f 5945//5945 5944//5944 5946//5946
f 5945//5945 5946//5946 5947//5947
f 5947//5947 5946//5946 5948//5948
f 5947//5947 5948//5948 5949//5949
f 5949//5949 5948//5948 5950//5950
f 5949//5949 5950//5950 5951//5951
f 5951//5951 5950//5950 5952//5952
f 5951//5951 5952//5952 5953//5953
f 5953//5953 5952//5952 5954//5954
f 5953//5953 5954//5954 5955//5955
f 5955//5955 5954//5954 5956//5956
f 5955//5955 5956//5956 5957//5957
f 5957//5957 5956//5956 5958//5958
f 5957//5957 5958//5958 5959//5959
f 5959//5959 5958//5958 5960//5960
f 5959//5959 5960//5960 5961//5961
f 5961//5961 5960//5960 5962//5962
f 5961//5961 5962//5962 5963//5963
f 5963//5963 5962//5962 5964//5964
f 5963//5963 5964//5964 5965//5965
f 5965//5965 5964//5964 5966//5966
f 5965//5965 5966//5966 5967//5967
f 5967//5967 5966//5966 5968//5968
f 5967//5967 5968//5968 5969//5969
f 5948//5948 5970//5970 5950//5950
f 5950//5950 5970//5970 5971//5971
f 5950//5950 5971//5971 5952//5952
f 5952//5952 5971//5971 5972//5972
f 5952//5952 5972//5972 5954//5954
f 5954//5954 5972//5972 5973//5973
f 5954//5954 5973//5973 5956//5956
f 5956//5956 5973//5973 5974//5974
f 5956//5956 5974//5974 5958//5958
f 5958//5958 5974//5974 5975//5975
f 5958//5958 5975//5975 5960//5960
f 5960//5960 5975//5975 5976//5976
f 5960//5960 5976//5976 5962//5962
f 5962//5962 5976//5976 5977//5977
f 5962//5962 5977//5977 5964//5964
f 5964//5964 5977//5977 5978//5978
f 5964//5964 5978//5978 5966//5966
f 5966//5966 5978//5978 5979//5979
f 5966//5966 5979//5979 5980//5980
f 5980//5980 5979//5979 5981//5981
f 5980//5980 5981//5981 5968//5968
f 5982//5982 5983//5983 5970//5970
f 5970//5970 5983//5983 5984//5984
f 5970//5970 5984//5984 5985//5985
f 5985//5985 5986//5986 5970//5970
f 5970//5970 5986//5986 5987//5987
f 5970//5970 5987//5987 5988//5988
f 5988//5988 5989//5989 5970//5970
f 5970//5970 5989//5989 5990//5990
f 5970//5970 5990//5990 5971//5971
f 5971//5971 5990//5990 5972//5972
f 5989//5989 5991//5991 5990//5990
f 5990//5990 5991//5991 5992//5992
f 5990//5990 5992//5992 5993//5993
f 5993//5993 5994//5994 5990//5990
f 5990//5990 5994//5994 5995//5995
f 5990//5990 5995//5995 5996//5996
f 5996//5996 5997//5997 5990//5990
f 5990//5990 5997//5997 5998//5998
f 5990//5990 5998//5998 5999//5999
f 5990//5990 5999//5999 6000//6000
f 6000//6000 5999//5999 6001//6001
f 6000//6000 6001//6001 6002//6002
f 6002//6002 6001//6001 6003//6003
f 6002//6002 6003//6003 6004//6004
f 6004//6004 6003//6003 6005//6005
f 6004//6004 6005//6005 5975//5975
f 5975//5975 6005//6005 5976//5976
f 6005//6005 6003//6003 6006//6006
f 6006//6006 6003//6003 6007//6007
f 6006//6006 6007//6007 6008//6008
f 6008//6008 6007//6007 6009//6009
f 6008//6008 6009//6009 5978//5978
f 5978//5978 6009//6009 5979//5979
f 6007//6007 6010//6010 6009//6009
f 6009//6009 6010//6010 6011//6011
f 6009//6009 6011//6011 5979//5979
f 5979//5979 6011//6011 5981//5981
f 6010//6010 6012//6012 6011//6011
f 6011//6011 6012//6012 6013//6013
f 6011//6011 6013//6013 6014//6014
f 6014//6014 6013//6013 5981//5981
f 6014//6014 5981//5981 6011//6011
f 6012//6012 6015//6015 6013//6013
f 5967//5967 5969//5969 6016//6016
f 6016//6016 5969//5969 6017//6017
f 6016//6016 6017//6017 5965//5965
f 5965//5965 6017//6017 6018//6018
f 5965//5965 6018//6018 5963//5963
f 5963//5963 6018//6018 6019//6019
f 5963//5963 6019//6019 5961//5961
f 5961//5961 6019//6019 6020//6020
f 5961//5961 6020//6020 5959//5959
f 5959//5959 6020//6020 6021//6021
f 5959//5959 6021//6021 5957//5957
f 5957//5957 6021//6021 6022//6022
f 5957//5957 6022//6022 5955//5955
f 5955//5955 6022//6022 6023//6023
f 5955//5955 6023//6023 5953//5953
f 5953//5953 6023//6023 6024//6024
f 5953//5953 6024//6024 5951//5951
f 5951//5951 6024//6024 6025//6025
f 5951//5951 6025//6025 5949//5949
f 5949//5949 6025//6025 5947//5947
f 6018//6018 6017//6017 6026//6026
f 6026//6026 6017//6017 6027//6027
f 6026//6026 6027//6027 6018//6018
f 6018//6018 6027//6027 6019//6019
f 6019//6019 6027//6027 6028//6028
f 6028//6028 6027//6027 6029//6029
f 6028//6028 6029//6029 6030//6030
f 6030//6030 6029//6029 6031//6031
f 6030//6030 6031//6031 6032//6032
f 6032//6032 6033//6033 6030//6030
f 6030//6030 6033//6033 6034//6034
f 6030//6030 6034//6034 6028//6028
f 6028//6028 6034//6034 6035//6035
f 6028//6028 6035//6035 6036//6036
f 6036//6036 6035//6035 6037//6037
f 6036//6036 6037//6037 6038//6038
f 6038//6038 6037//6037 6039//6039
f 6038//6038 6039//6039 6040//6040
f 6040//6040 6039//6039 6041//6041
f 6040//6040 6041//6041 6042//6042
f 6042//6042 6041//6041 6043//6043
f 6042//6042 6043//6043 6044//6044
f 6044//6044 6043//6043 6045//6045
f 6044//6044 6045//6045 6046//6046
f 6046//6046 6045//6045 6047//6047
f 6046//6046 6047//6047 5945//5945
f 5945//5945 6047//6047 5943//5943
f 6034//6034 6033//6033 6048//6048
f 6048//6048 6033//6033 6049//6049
f 6048//6048 6049//6049 6050//6050
f 6050//6050 6049//6049 6051//6051
f 6050//6050 6051//6051 6052//6052
f 6050//6050 6052//6052 6053//6053
f 6053//6053 6052//6052 6054//6054
f 6053//6053 6054//6054 6055//6055
f 6055//6055 6054//6054 6056//6056
f 6055//6055 6056//6056 6057//6057
f 6057//6057 6056//6056 6058//6058
f 6057//6057 6058//6058 6059//6059
f 6059//6059 6058//6058 6060//6060
f 6059//6059 6060//6060 6061//6061
f 6061//6061 6060//6060 6062//6062
f 6061//6061 6062//6062 6063//6063
f 6063//6063 6062//6062 6064//6064
f 6063//6063 6064//6064 6065//6065
f 6065//6065 6064//6064 6066//6066
f 6065//6065 6066//6066 6067//6067
f 6067//6067 6066//6066 6068//6068
f 6067//6067 6068//6068 5936//5936
f 5936//5936 6068//6068 5934//5934
f 6056//6056 6054//6054 6069//6069
f 6069//6069 6054//6054 6070//6070
f 6069//6069 6070//6070 6056//6056
f 6056//6056 6070//6070 6071//6071
f 6056//6056 6071//6071 6058//6058
f 6058//6058 6071//6071 6072//6072
f 6058//6058 6072//6072 6060//6060
f 6060//6060 6072//6072 6073//6073
f 6060//6060 6073//6073 6062//6062
f 6062//6062 6073//6073 6074//6074
f 6062//6062 6074//6074 6064//6064
f 6064//6064 6074//6074 6075//6075
f 6064//6064 6075//6075 6066//6066
f 6066//6066 6075//6075 6076//6076
f 6066//6066 6076//6076 6068//6068
f 6068//6068 6076//6076 6077//6077
f 6068//6068 6077//6077 5934//5934
f 5934//5934 6077//6077 5930//5930
f 5934//5934 5930//5930 5932//5932
f 6071//6071 6070//6070 6078//6078
f 6078//6078 6070//6070 6079//6079
f 6078//6078 6079//6079 6080//6080
f 6081//6081 6082//6082 6080//6080
f 6080//6080 6082//6082 6083//6083
f 6080//6080 6083//6083 6071//6071
f 6071//6071 6083//6083 6072//6072
f 6081//6081 6084//6084 6082//6082
f 6082//6082 6084//6084 6085//6085
f 6082//6082 6085//6085 6086//6086
f 6086//6086 6085//6085 6087//6087
f 6086//6086 6087//6087 6088//6088
f 6086//6086 6088//6088 6089//6089
f 6089//6089 6088//6088 6090//6090
f 6089//6089 6090//6090 6091//6091
f 6091//6091 6092//6092 6089//6089
f 6089//6089 6092//6092 6093//6093
f 6089//6089 6093//6093 6094//6094
f 6094//6094 6093//6093 6095//6095
f 6094//6094 6095//6095 6096//6096
f 6096//6096 6095//6095 6097//6097
f 6097//6097 6095//6095 6098//6098
f 6097//6097 6098//6098 5870//5870
f 5870//5870 6098//6098 5868//5868
f 6092//6092 6099//6099 6093//6093
f 6093//6093 6099//6099 6100//6100
f 6093//6093 6100//6100 6098//6098
f 6098//6098 6100//6100 5868//5868
f 5908//5908 5910//5910 6101//6101
f 6101//6101 5910//5910 6102//6102
f 6101//6101 6102//6102 6103//6103
f 5891//5891 5889//5889 6103//6103
f 6103//6103 5889//5889 5909//5909
f 6103//6103 5909//5909 5908//5908
f 5893//5893 5891//5891 5872//5872
f 5872//5872 5891//5891 5870//5870
f 6094//6094 6096//6096 6104//6104
f 6104//6104 6096//6096 6105//6105
f 6104//6104 6105//6105 6106//6106
f 6107//6107 6108//6108 6106//6106
f 6106//6106 6108//6108 6109//6109
f 6106//6106 6109//6109 6104//6104
f 6104//6104 6109//6109 6110//6110
f 6104//6104 6110//6110 6111//6111
f 6111//6111 6110//6110 6083//6083
f 6111//6111 6083//6083 6086//6086
f 6086//6086 6083//6083 6082//6082
f 6108//6108 6107//6107 6112//6112
f 6112//6112 6107//6107 6113//6113
f 6112//6112 6113//6113 6114//6114
f 6114//6114 6113//6113 6115//6115
f 6114//6114 6115//6115 6116//6116
f 6116//6116 6115//6115 6117//6117
f 6116//6116 6117//6117 6118//6118
f 6119//6119 5928//5928 6118//6118
f 6118//6118 5928//5928 5930//5930
f 6118//6118 5930//5930 6116//6116
f 6116//6116 5930//5930 6077//6077
f 6116//6116 6077//6077 6114//6114
f 6114//6114 6077//6077 6076//6076
f 6114//6114 6076//6076 6112//6112
f 6112//6112 6076//6076 6075//6075
f 6112//6112 6075//6075 6108//6108
f 6108//6108 6075//6075 6074//6074
f 6108//6108 6074//6074 6109//6109
f 6109//6109 6074//6074 6073//6073
f 6109//6109 6073//6073 6110//6110
f 6110//6110 6073//6073 6072//6072
f 6110//6110 6072//6072 6083//6083
f 6119//6119 6120//6120 5928//5928
f 5928//5928 6120//6120 6121//6121
f 5928//5928 6121//6121 5926//5926
f 6020//6020 6019//6019 6028//6028
f 6122//6122 5856//5856 6123//6123
f 6123//6123 5856//5856 5882//5882
f 6123//6123 5882//5882 5884//5884
f 5859//5859 5877//5877 5861//5861
f 5861//5861 5877//5877 5863//5863
f 5877//5877 5875//5875 5863//5863
f 5863//5863 5875//5875 5865//5865
f 5871//5871 5869//5869 5867//5867
f 5875//5875 5873//5873 5865//5865
f 5865//5865 5873//5873 5867//5867
f 5873//5873 5871//5871 5867//5867
f 6095//6095 6093//6093 6098//6098
f 6111//6111 6086//6086 6089//6089
f 6111//6111 6089//6089 6094//6094
f 6080//6080 6071//6071 6078//6078
f 6050//6050 6053//6053 6124//6124
f 6124//6124 6053//6053 6055//6055
f 6124//6124 6055//6055 6125//6125
f 6125//6125 6055//6055 6057//6057
f 6125//6125 6057//6057 6126//6126
f 6126//6126 6057//6057 6059//6059
f 6126//6126 6059//6059 6127//6127
f 6127//6127 6059//6059 6061//6061
f 6127//6127 6061//6061 6128//6128
f 6128//6128 6061//6061 6063//6063
f 6128//6128 6063//6063 6129//6129
f 6129//6129 6063//6063 6065//6065
f 6129//6129 6065//6065 6130//6130
f 6130//6130 6065//6065 6067//6067
f 6130//6130 6067//6067 5939//5939
f 5939//5939 6067//6067 5936//5936
f 6035//6035 6034//6034 6048//6048
f 6048//6048 6050//6050 6131//6131
f 6131//6131 6050//6050 6124//6124
f 6131//6131 6124//6124 6132//6132
f 6132//6132 6124//6124 6125//6125
f 6132//6132 6125//6125 6133//6133
f 6133//6133 6125//6125 6126//6126
f 6133//6133 6126//6126 6134//6134
f 6134//6134 6126//6126 6127//6127
f 6134//6134 6127//6127 6135//6135
f 6135//6135 6127//6127 6128//6128
f 6135//6135 6128//6128 6136//6136
f 6136//6136 6128//6128 6129//6129
f 6136//6136 6129//6129 6137//6137
f 6137//6137 6129//6129 6130//6130
f 6137//6137 6130//6130 5941//5941
f 5941//5941 6130//6130 5939//5939
f 6016//6016 5965//5965 5967//5967
f 5968//5968 5966//5966 5980//5980
f 5884//5884 5886//5886 6138//6138
f 6138//6138 5886//5886 6139//6139
f 6138//6138 6139//6139 6140//6140
f 6140//6140 6139//6139 6141//6141
f 6140//6140 6141//6141 5878//5878
f 5878//5878 6141//6141 5876//5876
f 5886//5886 5888//5888 6139//6139
f 6139//6139 5888//5888 6142//6142
f 6139//6139 6142//6142 6141//6141
f 6141//6141 6142//6142 5894//5894
f 6141//6141 5894//5894 5876//5876
f 5888//5888 5890//5890 6142//6142
f 6142//6142 5890//5890 5892//5892
f 6142//6142 5892//5892 5894//5894
f 6122//6122 6123//6123 6138//6138
f 6138//6138 6123//6123 5884//5884
f 6122//6122 6138//6138 6140//6140
f 5856//5856 6122//6122 5857//5857
f 5857//5857 6122//6122 6140//6140
f 5857//5857 6140//6140 5878//5878
f 5895//5895 5901//5901 5880//5880
f 5880//5880 5901//5901 6143//6143
f 5880//5880 6143//6143 5881//5881
f 5881//5881 6143//6143 5883//5883
f 5901//5901 5903//5903 6143//6143
f 6143//6143 5903//5903 5905//5905
f 6143//6143 5905//5905 5883//5883
f 5883//5883 5905//5905 5885//5885
f 5908//5908 6101//6101 6103//6103
f 6046//6046 5945//5945 5947//5947
f 6046//6046 5947//5947 6025//6025
f 6137//6137 5941//5941 5943//5943
f 6137//6137 5943//5943 6047//6047
f 5973//5973 5972//5972 6000//6000
f 6000//6000 5972//5972 5990//5990
f 6044//6044 6046//6046 6025//6025
f 6044//6044 6025//6025 6024//6024
f 6136//6136 6137//6137 6047//6047
f 6136//6136 6047//6047 6045//6045
f 6004//6004 5975//5975 5974//5974
f 6022//6022 6040//6040 6023//6023
f 6023//6023 6040//6040 6042//6042
f 6023//6023 6042//6042 6024//6024
f 6024//6024 6042//6042 6044//6044
f 6040//6040 6022//6022 6038//6038
f 6038//6038 6022//6022 6021//6021
f 6038//6038 6021//6021 6036//6036
f 6036//6036 6021//6021 6020//6020
f 6036//6036 6020//6020 6028//6028
f 6041//6041 6134//6134 6043//6043
f 6043//6043 6134//6134 6135//6135
f 6043//6043 6135//6135 6045//6045
f 6045//6045 6135//6135 6136//6136
f 6134//6134 6041//6041 6133//6133
f 6133//6133 6041//6041 6039//6039
f 6133//6133 6039//6039 6132//6132
f 6132//6132 6039//6039 6037//6037
f 6132//6132 6037//6037 6131//6131
f 6131//6131 6037//6037 6035//6035
f 6131//6131 6035//6035 6048//6048
f 6002//6002 6004//6004 5974//5974
f 6002//6002 5974//5974 5973//5973
f 6008//6008 5978//5978 5977//5977
f 6111//6111 6094//6094 6104//6104
f 6006//6006 6008//6008 5977//5977
f 6006//6006 5977//5977 5976//5976
f 5872//5872 5874//5874 5893//5893
f 6005//6005 6006//6006 5976//5976
f 6000//6000 6002//6002 5973//5973
f 6144//6144 6145//6145 6146//6146
f 6146//6146 6145//6145 6147//6147
f 6146//6146 6147//6147 6148//6148
f 6148//6148 6147//6147 6149//6149
f 6149//6149 6147//6147 6150//6150
f 6149//6149 6150//6150 6151//6151
f 6151//6151 6150//6150 6152//6152
f 6151//6151 6152//6152 6153//6153
f 6153//6153 6152//6152 6154//6154
f 6153//6153 6154//6154 6155//6155
f 6155//6155 6154//6154 6156//6156
f 6155//6155 6156//6156 6157//6157
f 6157//6157 6156//6156 6158//6158
f 6157//6157 6158//6158 6159//6159
f 6159//6159 6158//6158 6160//6160
f 6159//6159 6160//6160 6161//6161
f 6161//6161 6160//6160 6162//6162
f 6161//6161 6162//6162 6163//6163
f 6163//6163 6162//6162 6164//6164
f 6163//6163 6164//6164 6165//6165
f 6165//6165 6164//6164 6166//6166
f 6165//6165 6166//6166 6167//6167
f 6167//6167 6166//6166 6168//6168
f 6167//6167 6168//6168 6169//6169
f 6169//6169 6168//6168 6170//6170
f 6169//6169 6170//6170 6171//6171
f 6171//6171 6170//6170 6172//6172
f 6171//6171 6172//6172 6173//6173
f 6145//6145 6174//6174 6147//6147
f 6147//6147 6174//6174 6150//6150
f 6174//6174 6175//6175 6150//6150
f 6150//6150 6175//6175 6152//6152
f 6175//6175 6176//6176 6152//6152
f 6152//6152 6176//6176 6154//6154
f 6176//6176 6177//6177 6154//6154
f 6154//6154 6177//6177 6156//6156
f 6177//6177 6178//6178 6156//6156
f 6156//6156 6178//6178 6158//6158
f 6178//6178 6179//6179 6158//6158
f 6158//6158 6179//6179 6160//6160
f 6179//6179 6180//6180 6160//6160
f 6160//6160 6180//6180 6162//6162
f 6180//6180 6181//6181 6162//6162
f 6162//6162 6181//6181 6164//6164
f 6181//6181 6182//6182 6164//6164
f 6164//6164 6182//6182 6166//6166
f 6166//6166 6182//6182 6168//6168
f 6168//6168 6182//6182 6183//6183
f 6168//6168 6183//6183 6170//6170
f 6170//6170 6183//6183 6172//6172
f 6171//6171 6173//6173 6184//6184
f 6184//6184 6173//6173 6185//6185
f 6184//6184 6185//6185 6186//6186
f 6186//6186 6185//6185 6187//6187
f 6186//6186 6187//6187 6188//6188
f 6188//6188 6187//6187 6189//6189
f 6188//6188 6189//6189 6190//6190
f 6190//6190 6191//6191 6188//6188
f 6188//6188 6191//6191 6192//6192
f 6188//6188 6192//6192 6186//6186
f 6186//6186 6192//6192 6193//6193
f 6186//6186 6193//6193 6184//6184
f 6184//6184 6193//6193 6194//6194
f 6184//6184 6194//6194 6171//6171
f 6171//6171 6194//6194 6169//6169
f 6195//6195 6196//6196 6197//6197
f 6197//6197 6196//6196 6198//6198
f 6197//6197 6198//6198 6199//6199
f 6199//6199 6198//6198 6200//6200
f 6199//6199 6200//6200 6201//6201
f 6201//6201 6200//6200 6202//6202
f 6201//6201 6202//6202 6203//6203
f 6203//6203 6202//6202 6204//6204
f 6203//6203 6204//6204 6205//6205
f 6205//6205 6204//6204 6206//6206
f 6205//6205 6206//6206 6207//6207
f 6207//6207 6206//6206 6208//6208
f 6207//6207 6208//6208 6209//6209
f 6209//6209 6208//6208 6210//6210
f 6209//6209 6210//6210 6211//6211
f 6211//6211 6210//6210 6212//6212
f 6211//6211 6212//6212 6213//6213
f 6213//6213 6212//6212 6214//6214
f 6213//6213 6214//6214 6215//6215
f 6215//6215 6214//6214 6216//6216
f 6216//6216 6214//6214 6217//6217
f 6217//6217 6214//6214 6218//6218
f 6217//6217 6218//6218 6219//6219
f 6219//6219 6218//6218 6220//6220
f 6219//6219 6220//6220 6221//6221
f 6221//6221 6220//6220 6222//6222
f 6221//6221 6222//6222 6223//6223
f 6223//6223 6222//6222 6224//6224
f 6224//6224 6222//6222 6225//6225
f 6225//6225 6222//6222 6226//6226
f 6225//6225 6226//6226 6227//6227
f 6227//6227 6226//6226 6228//6228
f 6228//6228 6226//6226 6229//6229
f 6228//6228 6229//6229 6230//6230
f 6230//6230 6229//6229 6231//6231
f 6230//6230 6231//6231 6232//6232
f 6232//6232 6231//6231 6233//6233
f 6232//6232 6233//6233 6234//6234
f 6234//6234 6233//6233 6235//6235
f 6235//6235 6233//6233 6236//6236
f 6235//6235 6236//6236 6237//6237
f 6237//6237 6236//6236 6238//6238
f 6237//6237 6238//6238 6239//6239
f 6239//6239 6238//6238 6240//6240
f 6240//6240 6238//6238 6241//6241
f 6241//6241 6238//6238 6242//6242
f 6242//6242 6238//6238 6243//6243
f 6243//6243 6238//6238 6244//6244
f 6244//6244 6238//6238 6245//6245
f 6245//6245 6238//6238 6246//6246
f 6245//6245 6246//6246 6247//6247
f 6247//6247 6246//6246 6248//6248
f 6248//6248 6246//6246 6249//6249
f 6249//6249 6246//6246 6250//6250
f 6250//6250 6246//6246 6251//6251
f 6250//6250 6251//6251 6252//6252
f 6252//6252 6251//6251 6253//6253
f 6253//6253 6251//6251 6254//6254
f 6254//6254 6251//6251 6255//6255
f 6254//6254 6255//6255 6256//6256
f 6256//6256 6255//6255 6257//6257
f 6256//6256 6257//6257 6258//6258
f 6258//6258 6257//6257 6259//6259
f 6258//6258 6259//6259 6260//6260
f 6196//6196 6195//6195 6261//6261
f 6261//6261 6195//6195 6262//6262
f 6261//6261 6262//6262 6263//6263
f 6263//6263 6262//6262 6264//6264
f 6263//6263 6264//6264 6265//6265
f 6265//6265 6264//6264 6266//6266
f 6265//6265 6266//6266 6267//6267
f 6267//6267 6266//6266 6268//6268
f 6267//6267 6268//6268 6269//6269
f 6269//6269 6268//6268 6270//6270
f 6269//6269 6270//6270 6271//6271
f 6271//6271 6270//6270 6272//6272
f 6271//6271 6272//6272 6273//6273
f 6273//6273 6272//6272 6274//6274
f 6273//6273 6274//6274 6275//6275
f 6275//6275 6274//6274 6276//6276
f 6275//6275 6276//6276 6277//6277
f 6277//6277 6276//6276 6278//6278
f 6278//6278 6276//6276 6274//6274
f 6279//6279 6280//6280 6277//6277
f 6277//6277 6280//6280 6281//6281
f 6277//6277 6281//6281 6275//6275
f 6275//6275 6281//6281 6282//6282
f 6275//6275 6282//6282 6273//6273
f 6273//6273 6282//6282 6283//6283
f 6273//6273 6283//6283 6271//6271
f 6271//6271 6283//6283 6284//6284
f 6271//6271 6284//6284 6269//6269
f 6269//6269 6284//6284 6285//6285
f 6269//6269 6285//6285 6267//6267
f 6267//6267 6285//6285 6286//6286
f 6267//6267 6286//6286 6265//6265
f 6265//6265 6286//6286 6287//6287
f 6265//6265 6287//6287 6263//6263
f 6263//6263 6287//6287 6288//6288
f 6263//6263 6288//6288 6261//6261
f 6261//6261 6288//6288 6289//6289
f 6261//6261 6289//6289 6196//6196
f 6196//6196 6289//6289 6290//6290
f 6196//6196 6290//6290 6198//6198
f 6198//6198 6290//6290 6291//6291
f 6198//6198 6291//6291 6200//6200
f 6200//6200 6291//6291 6202//6202
f 6292//6292 6293//6293 6279//6279
f 6279//6279 6293//6293 6294//6294
f 6279//6279 6294//6294 6281//6281
f 6281//6281 6294//6294 6295//6295
f 6281//6281 6295//6295 6282//6282
f 6282//6282 6295//6295 6296//6296
f 6282//6282 6296//6296 6283//6283
f 6283//6283 6296//6296 6297//6297
f 6283//6283 6297//6297 6284//6284
f 6284//6284 6297//6297 6298//6298
f 6284//6284 6298//6298 6285//6285
f 6285//6285 6298//6298 6299//6299
f 6285//6285 6299//6299 6286//6286
f 6286//6286 6299//6299 6300//6300
f 6286//6286 6300//6300 6287//6287
f 6287//6287 6300//6300 6301//6301
f 6287//6287 6301//6301 6288//6288
f 6288//6288 6301//6301 6302//6302
f 6288//6288 6302//6302 6289//6289
f 6289//6289 6302//6302 6303//6303
f 6289//6289 6303//6303 6290//6290
f 6290//6290 6303//6303 6304//6304
f 6290//6290 6304//6304 6291//6291
f 6291//6291 6304//6304 6305//6305
f 6291//6291 6305//6305 6202//6202
f 6202//6202 6305//6305 6204//6204
f 6306//6306 6295//6295 6292//6292
f 6292//6292 6295//6295 6294//6294
f 6292//6292 6294//6294 6293//6293
f 6295//6295 6306//6306 6296//6296
f 6296//6296 6306//6306 6307//6307
f 6296//6296 6307//6307 6297//6297
f 6297//6297 6307//6307 6298//6298
f 6206//6206 6304//6304 6307//6307
f 6307//6307 6304//6304 6303//6303
f 6307//6307 6303//6303 6302//6302
f 6208//6208 6308//6308 6210//6210
f 6210//6210 6308//6308 6309//6309
f 6210//6210 6309//6309 6212//6212
f 6212//6212 6309//6309 6310//6310
f 6212//6212 6310//6310 6214//6214
f 6214//6214 6310//6310 6218//6218
f 6308//6308 6311//6311 6309//6309
f 6309//6309 6311//6311 6312//6312
f 6309//6309 6312//6312 6310//6310
f 6310//6310 6312//6312 6313//6313
f 6310//6310 6313//6313 6218//6218
f 6218//6218 6313//6313 6220//6220
f 6311//6311 6314//6314 6312//6312
f 6312//6312 6314//6314 6315//6315
f 6312//6312 6315//6315 6313//6313
f 6313//6313 6315//6315 6316//6316
f 6313//6313 6316//6316 6220//6220
f 6220//6220 6316//6316 6222//6222
f 6314//6314 6317//6317 6315//6315
f 6315//6315 6317//6317 6318//6318
f 6315//6315 6318//6318 6316//6316
f 6316//6316 6318//6318 6319//6319
f 6316//6316 6319//6319 6222//6222
f 6222//6222 6319//6319 6226//6226
f 6317//6317 6320//6320 6318//6318
f 6318//6318 6320//6320 6321//6321
f 6318//6318 6321//6321 6319//6319
f 6319//6319 6321//6321 6322//6322
f 6319//6319 6322//6322 6226//6226
f 6226//6226 6322//6322 6229//6229
f 6320//6320 6323//6323 6321//6321
f 6321//6321 6323//6323 6324//6324
f 6321//6321 6324//6324 6322//6322
f 6322//6322 6324//6324 6325//6325
f 6322//6322 6325//6325 6229//6229
f 6229//6229 6325//6325 6231//6231
f 6323//6323 6326//6326 6324//6324
f 6324//6324 6326//6326 6327//6327
f 6324//6324 6327//6327 6325//6325
f 6325//6325 6327//6327 6328//6328
f 6325//6325 6328//6328 6231//6231
f 6231//6231 6328//6328 6233//6233
f 6326//6326 6329//6329 6327//6327
f 6327//6327 6329//6329 6330//6330
f 6327//6327 6330//6330 6328//6328
f 6328//6328 6330//6330 6331//6331
f 6328//6328 6331//6331 6233//6233
f 6233//6233 6331//6331 6236//6236
f 6329//6329 6332//6332 6330//6330
f 6330//6330 6332//6332 6333//6333
f 6330//6330 6333//6333 6334//6334
f 6334//6334 6333//6333 6335//6335
f 6334//6334 6335//6335 6336//6336
f 6336//6336 6335//6335 6337//6337
f 6336//6336 6337//6337 6257//6257
f 6257//6257 6337//6337 6338//6338
f 6257//6257 6338//6338 6259//6259
f 6258//6258 6260//6260 6339//6339
f 6339//6339 6260//6260 6340//6340
f 6339//6339 6340//6340 6341//6341
f 6215//6215 6342//6342 6213//6213
f 6213//6213 6342//6342 6343//6343
f 6213//6213 6343//6343 6344//6344
f 6213//6213 6344//6344 6345//6345
f 6345//6345 6344//6344 6346//6346
f 6345//6345 6346//6346 6347//6347
f 6347//6347 6346//6346 6348//6348
f 6347//6347 6348//6348 6349//6349
f 6347//6347 6349//6349 6350//6350
f 6350//6350 6349//6349 6351//6351
f 6350//6350 6351//6351 6201//6201
f 6201//6201 6351//6351 6199//6199
f 6201//6201 6203//6203 6350//6350
f 6350//6350 6203//6203 6352//6352
f 6350//6350 6352//6352 6347//6347
f 6347//6347 6352//6352 6353//6353
f 6347//6347 6353//6353 6345//6345
f 6345//6345 6353//6353 6211//6211
f 6345//6345 6211//6211 6213//6213
f 6238//6238 6236//6236 6354//6354
f 6354//6354 6236//6236 6331//6331
f 6354//6354 6331//6331 6334//6334
f 6334//6334 6331//6331 6330//6330
f 6255//6255 6251//6251 6246//6246
f 6246//6246 6238//6238 6355//6355
f 6355//6355 6238//6238 6354//6354
f 6355//6355 6354//6354 6336//6336
f 6336//6336 6354//6354 6334//6334
f 6279//6279 6281//6281 6280//6280
f 6203//6203 6205//6205 6352//6352
f 6352//6352 6205//6205 6207//6207
f 6352//6352 6207//6207 6353//6353
f 6353//6353 6207//6207 6209//6209
f 6353//6353 6209//6209 6211//6211
f 6257//6257 6255//6255 6355//6355
f 6355//6355 6255//6255 6246//6246
f 6257//6257 6355//6355 6336//6336
f 6299//6299 6298//6298 6307//6307
f 6300//6300 6299//6299 6307//6307
f 6301//6301 6300//6300 6307//6307
f 6307//6307 6302//6302 6301//6301
f 6206//6206 6204//6204 6305//6305
f 6305//6305 6304//6304 6206//6206
f 6356//6356 6357//6357 6358//6358
f 6358//6358 6357//6357 6359//6359
f 6358//6358 6359//6359 6360//6360
f 6360//6360 6359//6359 6361//6361
f 6361//6361 6359//6359 6362//6362
f 6361//6361 6362//6362 6363//6363
f 6363//6363 6362//6362 6364//6364
f 6363//6363 6364//6364 6365//6365
f 6365//6365 6364//6364 6366//6366
f 6366//6366 6364//6364 6367//6367
f 6367//6367 6364//6364 6368//6368
f 6368//6368 6364//6364 6369//6369
f 6369//6369 6364//6364 6370//6370
f 6370//6370 6364//6364 6371//6371
f 6371//6371 6364//6364 6372//6372
f 6371//6371 6372//6372 6373//6373
f 6373//6373 6372//6372 6374//6374
f 6374//6374 6372//6372 6375//6375
f 6375//6375 6372//6372 6376//6376
f 6376//6376 6372//6372 6377//6377
f 6377//6377 6372//6372 6378//6378
f 6377//6377 6378//6378 6379//6379
f 6379//6379 6378//6378 6380//6380
f 6380//6380 6378//6378 6381//6381
f 6381//6381 6378//6378 6382//6382
f 6382//6382 6378//6378 6383//6383
f 6383//6383 6378//6378 6384//6384
f 6384//6384 6378//6378 6385//6385
f 6384//6384 6385//6385 6386//6386
f 6386//6386 6385//6385 6387//6387
f 6388//6388 6389//6389 6356//6356
f 6356//6356 6389//6389 6390//6390
f 6356//6356 6390//6390 6357//6357
f 6357//6357 6390//6390 6391//6391
f 6357//6357 6391//6391 6392//6392
f 6392//6392 6391//6391 6378//6378
f 6392//6392 6378//6378 6372//6372
f 6389//6389 6393//6393 6390//6390
f 6390//6390 6393//6393 6394//6394
f 6390//6390 6394//6394 6391//6391
f 6391//6391 6394//6394 6395//6395
f 6391//6391 6395//6395 6385//6385
f 6363//6363 6396//6396 6361//6361
f 6361//6361 6396//6396 6397//6397
f 6361//6361 6397//6397 6398//6398
f 6396//6396 6399//6399 6397//6397
f 6397//6397 6399//6399 6400//6400
f 6398//6398 6401//6401 6361//6361
f 6361//6361 6401//6401 6402//6402
f 6362//6362 6359//6359 6392//6392
f 6392//6392 6359//6359 6357//6357
f 6364//6364 6362//6362 6372//6372
f 6372//6372 6362//6362 6392//6392
f 6385//6385 6378//6378 6391//6391
f 6403//6403 6404//6404 6405//6405
f 6405//6405 6404//6404 6406//6406
f 6405//6405 6406//6406 6407//6407
f 6408//6408 6409//6409 6407//6407
f 6407//6407 6409//6409 6405//6405
f 6409//6409 6410//6410 6405//6405
f 6405//6405 6410//6410 6411//6411
f 6405//6405 6411//6411 6412//6412
f 6412//6412 6411//6411 6413//6413
f 6412//6412 6413//6413 6414//6414
f 6414//6414 6413//6413 6415//6415
f 6414//6414 6415//6415 6416//6416
f 6416//6416 6415//6415 6417//6417
f 6416//6416 6417//6417 6418//6418
f 6418//6418 6417//6417 6419//6419
f 6418//6418 6419//6419 6420//6420
f 6420//6420 6419//6419 6421//6421
f 6420//6420 6421//6421 6422//6422
f 6422//6422 6421//6421 6423//6423
f 6422//6422 6423//6423 6424//6424
f 6424//6424 6425//6425 6422//6422
f 6422//6422 6425//6425 6426//6426
f 6422//6422 6426//6426 6427//6427
f 6422//6422 6427//6427 6428//6428
f 6428//6428 6427//6427 6429//6429
f 6428//6428 6429//6429 6430//6430
f 6422//6422 6428//6428 6420//6420
f 6420//6420 6428//6428 6431//6431
f 6420//6420 6431//6431 6418//6418
f 6418//6418 6431//6431 6432//6432
f 6418//6418 6432//6432 6416//6416
f 6416//6416 6432//6432 6433//6433
f 6416//6416 6433//6433 6414//6414
f 6414//6414 6433//6433 6434//6434
f 6414//6414 6434//6434 6412//6412
f 6412//6412 6434//6434 6403//6403
f 6412//6412 6403//6403 6405//6405
f 6435//6435 6436//6436 6437//6437
f 6437//6437 6436//6436 6438//6438
f 6437//6437 6438//6438 6439//6439
f 6440//6440 6441//6441 6435//6435
f 6435//6435 6441//6441 6442//6442
f 6435//6435 6442//6442 6436//6436
f 6441//6441 6440//6440 6443//6443
f 6443//6443 6440//6440 6444//6444
f 6443//6443 6444//6444 6445//6445
f 6445//6445 6444//6444 6446//6446
f 6445//6445 6446//6446 6447//6447
f 6447//6447 6448//6448 6445//6445
f 6445//6445 6448//6448 6449//6449
f 6445//6445 6449//6449 6450//6450
f 6445//6445 6450//6450 6451//6451
f 6451//6451 6450//6450 6453//6453
f 6451//6451 6453//6453 6454//6454
f 6455//6455 6456//6456 6452//6452
f 6452//6452 6456//6456 6457//6457
f 6452//6452 6457//6457 6458//6458
f 6452//6452 6458//6458 6459//6459
f 6459//6459 6458//6458 6460//6460
f 6459//6459 6460//6460 6461//6461
f 6462//6462 6465//6465 6461//6461
f 6461//6461 6465//6465 6466//6466
f 6461//6461 6466//6466 6459//6459
f 6463//6463 6467//6467 6464//6464
f 6469//6469 6470//6470 6439//6439
f 6439//6439 6470//6470 6471//6471
f 6439//6439 6471//6471 6437//6437
f 6470//6470 6469//6469 6472//6472
f 6472//6472 6468//6468 6473//6473
f 6472//6472 6473//6473 6474//6474
f 6472//6472 6474//6474 6477//6477
f 6477//6477 6475//6475 6478//6478
f 6476//6476 6478//6478 6479//6479
f 6479//6479 6478//6478 6481//6481
f 6479//6479 6481//6481 6482//6482
f 6480//6480 6483//6483 6484//6484
f 6484//6484 6483//6483 6485//6485
f 6484//6484 6485//6485 6486//6486
f 6486//6486 6485//6485 6487//6487
f 6486//6486 6487//6487 6488//6488
f 6488//6488 6487//6487 6490//6490
f 6488//6488 6490//6490 6493//6493
f 6491//6491 6489//6489 6494//6494
f 6492//6492 6495//6495 6497//6497
f 6498//6498 6496//6496 6499//6499
f 6500//6500 6501//6501 6502//6502
f 6502//6502 6501//6501 6505//6505
f 6503//6503 6505//6505 6507//6507
f 6508//6508 6506//6506 6510//6510
f 6509//6509 6511//6511 6504//6504
f 6512//6512 6513//6513 6515//6515
f 6515//6515 6514//6514 6517//6517
f 6515//6515 6516//6516 6518//6518
f 6518//6518 6516//6516 6519//6519
f 6519//6519 6516//6516 6520//6520
f 6521//6521 6522//6522 6523//6523
f 6523//6523 6522//6522 6524//6524
f 6523//6523 6524//6524 6525//6525
f 6525//6525 6524//6524 6526//6526
f 6526//6526 6524//6524 6527//6527
f 6527//6527 6524//6524 6528//6528
f 6527//6527 6528//6528 6529//6529
f 6529//6529 6528//6528 6530//6530
f 6530//6530 6528//6528 6531//6531
f 6531//6531 6528//6528 6532//6532
f 6531//6531 6532//6532 6533//6533
f 6533//6533 6532//6532 6534//6534
f 6534//6534 6532//6532 6535//6535
f 6535//6535 6532//6532 6536//6536
f 6535//6535 6536//6536 6537//6537
f 6537//6537 6536//6536 6538//6538
f 6537//6537 6538//6538 6539//6539
f 6523//6523 6540//6540 6521//6521
f 6541//6541 6542//6542 6543//6543
f 6543//6543 6542//6542 6544//6544
f 6543//6543 6544//6544 6545//6545
f 6545//6545 6544//6544 6546//6546
f 6545//6545 6546//6546 6547//6547
f 6547//6547 6546//6546 6548//6548
f 6547//6547 6548//6548 6549//6549
f 6549//6549 6548//6548 6550//6550
f 6549//6549 6550//6550 6551//6551
f 6551//6551 6550//6550 6552//6552
f 6551//6551 6552//6552 6553//6553
f 6553//6553 6552//6552 6554//6554
f 6553//6553 6554//6554 6555//6555
f 6544//6544 6556//6556 6546//6546
f 6546//6546 6556//6556 6557//6557
f 6546//6546 6557//6557 6558//6558
f 6559//6559 6550//6550 6558//6558
f 6558//6558 6550//6550 6548//6548
f 6558//6558 6548//6548 6546//6546
f 6559//6559 6552//6552 6550//6550
f 6553//6553 6555//6555 6560//6560
f 6560//6560 6555//6555 6561//6561
f 6560//6560 6561//6561 6562//6562
f 6562//6562 6561//6561 6563//6563
f 6562//6562 6563//6563 6564//6564
f 6564//6564 6563//6563 6565//6565
f 6564//6564 6565//6565 6566//6566
f 6566//6566 6565//6565 6567//6567
f 6566//6566 6567//6567 6568//6568
f 6568//6568 6567//6567 6569//6569
f 6568//6568 6569//6569 6570//6570
f 6570//6570 6569//6569 6571//6571
f 6571//6571 6569//6569 6572//6572
f 6571//6571 6572//6572 6573//6573
f 6573//6573 6572//6572 6574//6574
f 6573//6573 6574//6574 6575//6575
f 6575//6575 6574//6574 6576//6576
f 6575//6575 6576//6576 6577//6577
f 6577//6577 6576//6576 6578//6578
f 6577//6577 6578//6578 6579//6579
f 6563//6563 6580//6580 6565//6565
f 6565//6565 6580//6580 6581//6581
f 6565//6565 6581//6581 6567//6567
f 6567//6567 6581//6581 6582//6582
f 6567//6567 6582//6582 6569//6569
f 6569//6569 6582//6582 6574//6574
f 6569//6569 6574//6574 6572//6572
f 6580//6580 6583//6583 6581//6581
f 6581//6581 6583//6583 6584//6584
f 6581//6581 6584//6584 6585//6585
f 6585//6585 6584//6584 6578//6578
f 6585//6585 6578//6578 6576//6576
f 6577//6577 6579//6579 6586//6586
f 6586//6586 6579//6579 6587//6587
f 6586//6586 6587//6587 6588//6588
f 6589//6589 6590//6590 6588//6588
f 6588//6588 6590//6590 6591//6591
f 6588//6588 6591//6591 6586//6586
f 6586//6586 6591//6591 6592//6592
f 6586//6586 6592//6592 6593//6593
f 6589//6589 6594//6594 6590//6590
f 6590//6590 6594//6594 6595//6595
f 6590//6590 6592//6592 6591//6591
f 6586//6586 6593//6593 6596//6596
f 6596//6596 6593//6593 6597//6597
f 6596//6596 6597//6597 6598//6598
f 6596//6596 6598//6598 6599//6599
f 6599//6599 6598//6598 6600//6600
f 6599//6599 6600//6600 6601//6601
f 6599//6599 6601//6601 6602//6602
f 6602//6602 6601//6601 6603//6603
f 6602//6602 6603//6603 6604//6604
f 6604//6604 6605//6605 6602//6602
f 6602//6602 6605//6605 6606//6606
f 6599//6599 6602//6602 6573//6573
f 6573//6573 6602//6602 6571//6571
f 6568//6568 6570//6570 6607//6607
f 6607//6607 6570//6570 6608//6608
f 6607//6607 6608//6608 6609//6609
f 6609//6609 6608//6608 6610//6610
f 6609//6609 6610//6610 6611//6611
f 6611//6611 6610//6610 6612//6612
f 6611//6611 6612//6612 6560//6560
f 6560//6560 6612//6612 6613//6613
f 6560//6560 6613//6613 6553//6553
f 6553//6553 6613//6613 6551//6551
f 6608//6608 6614//6614 6610//6610
f 6610//6610 6614//6614 6615//6615
f 6610//6610 6615//6615 6612//6612
f 6612//6612 6615//6615 6616//6616
f 6612//6612 6616//6616 6613//6613
f 6613//6613 6616//6616 6617//6617
f 6613//6613 6617//6617 6551//6551
f 6551//6551 6617//6617 6549//6549
f 6615//6615 6614//6614 6616//6616
f 6616//6616 6614//6614 6618//6618
f 6616//6616 6618//6618 6619//6619
f 6619//6619 6618//6618 6620//6620
f 6619//6619 6620//6620 6617//6617
f 6617//6617 6620//6620 6549//6549
f 6618//6618 6541//6541 6620//6620
f 6620//6620 6541//6541 6621//6621
f 6620//6620 6621//6621 6547//6547
f 6547//6547 6621//6621 6545//6545
f 6621//6621 6541//6541 6543//6543
f 6617//6617 6616//6616 6619//6619
f 6621//6621 6543//6543 6545//6545
f 6549//6549 6620//6620 6547//6547
f 6560//6560 6562//6562 6611//6611
f 6611//6611 6562//6562 6564//6564
f 6611//6611 6564//6564 6622//6622
f 6622//6622 6564//6564 6566//6566
f 6622//6622 6566//6566 6607//6607
f 6607//6607 6566//6566 6568//6568
f 6611//6611 6622//6622 6609//6609
f 6609//6609 6622//6622 6607//6607
f 6581//6581 6585//6585 6582//6582
f 6582//6582 6585//6585 6576//6576
f 6582//6582 6576//6576 6574//6574
f 6577//6577 6586//6586 6575//6575
f 6575//6575 6586//6586 6596//6596
f 6575//6575 6596//6596 6573//6573
f 6573//6573 6596//6596 6599//6599
f 6623//6623 6624//6624 6625//6625
f 6625//6625 6624//6624 6626//6626
f 6625//6625 6626//6626 6627//6627
f 6627//6627 6626//6626 6628//6628
f 6627//6627 6628//6628 6630//6630
f 6631//6631 6629//6629 6632//6632
f 6624//6624 6623//6623 6633//6633
f 6633//6633 6623//6623 6634//6634
f 6633//6633 6634//6634 6635//6635
f 6635//6635 6634//6634 6636//6636
f 6635//6635 6636//6636 6637//6637
f 6637//6637 6636//6636 6638//6638
f 6637//6637 6638//6638 6639//6639
f 6637//6637 6639//6639 6640//6640
f 6640//6640 6639//6639 6641//6641
f 6640//6640 6641//6641 6642//6642
f 6642//6642 6641//6641 6643//6643
f 6642//6642 6643//6643 6644//6644
f 6644//6644 6643//6643 6645//6645
f 6644//6644 6645//6645 6646//6646
f 6646//6646 6645//6645 6647//6647
f 6646//6646 6647//6647 6648//6648
f 6648//6648 6647//6647 6649//6649
f 6648//6648 6649//6649 6650//6650
f 6650//6650 6649//6649 6651//6651
f 6650//6650 6651//6651 6652//6652
f 6652//6652 6651//6651 6653//6653
f 6652//6652 6653//6653 6654//6654
f 6652//6652 6654//6654 6655//6655
f 6655//6655 6654//6654 6656//6656
f 6655//6655 6656//6656 6657//6657
f 6657//6657 6656//6656 6658//6658
f 6657//6657 6658//6658 6659//6659
f 6659//6659 6658//6658 6660//6660
f 6659//6659 6660//6660 6661//6661
f 6661//6661 6660//6660 6662//6662
f 6661//6661 6662//6662 6663//6663
f 6661//6661 6663//6663 6664//6664
f 6664//6664 6663//6663 6665//6665
f 6664//6664 6665//6665 6666//6666
f 6666//6666 6665//6665 6667//6667
f 6666//6666 6667//6667 6668//6668
f 6666//6666 6668//6668 6669//6669
f 6669//6669 6668//6668 6670//6670
f 6669//6669 6670//6670 6671//6671
f 6671//6671 6670//6670 6672//6672
f 6671//6671 6672//6672 6673//6673
f 6671//6671 6673//6673 6674//6674
f 6674//6674 6673//6673 6675//6675
f 6674//6674 6675//6675 6676//6676
f 6676//6676 6675//6675 6677//6677
f 6676//6676 6677//6677 6678//6678
f 6678//6678 6677//6677 6679//6679
f 6678//6678 6679//6679 6680//6680
f 6680//6680 6679//6679 6681//6681
f 6681//6681 6679//6679 6682//6682
f 6681//6681 6682//6682 6683//6683
f 6683//6683 6682//6682 6684//6684
f 6683//6683 6684//6684 6685//6685
f 6685//6685 6684//6684 6686//6686
f 6685//6685 6686//6686 6687//6687
f 6675//6675 6688//6688 6677//6677
f 6677//6677 6688//6688 6689//6689
f 6677//6677 6689//6689 6679//6679
f 6679//6679 6689//6689 6682//6682
f 6688//6688 6690//6690 6689//6689
f 6689//6689 6690//6690 6684//6684
f 6689//6689 6684//6684 6682//6682
f 6690//6690 6686//6686 6684//6684
f 6685//6685 6687//6687 6691//6691
f 6691//6691 6687//6687 6692//6692
f 6691//6691 6692//6692 6693//6693
f 6693//6693 6692//6692 6694//6694
f 6693//6693 6694//6694 6695//6695
f 6695//6695 6694//6694 6696//6696
f 6695//6695 6696//6696 6697//6697
f 6697//6697 6696//6696 6698//6698
f 6697//6697 6698//6698 6699//6699
f 6699//6699 6698//6698 6700//6700
f 6699//6699 6700//6700 6701//6701
f 6701//6701 6700//6700 6702//6702
f 6701//6701 6702//6702 6703//6703
f 6703//6703 6702//6702 6704//6704
f 6703//6703 6704//6704 6705//6705
f 6705//6705 6704//6704 6706//6706
f 6705//6705 6706//6706 6707//6707
f 6707//6707 6706//6706 6708//6708
f 6707//6707 6708//6708 6709//6709
f 6709//6709 6708//6708 6710//6710
f 6709//6709 6710//6710 6711//6711
f 6711//6711 6710//6710 6712//6712
f 6711//6711 6712//6712 6713//6713
f 6713//6713 6712//6712 6714//6714
f 6713//6713 6714//6714 6715//6715
f 6715//6715 6714//6714 6716//6716
f 6715//6715 6716//6716 6717//6717
f 6717//6717 6716//6716 6718//6718
f 6717//6717 6718//6718 6719//6719
f 6719//6719 6718//6718 6720//6720
f 6719//6719 6720//6720 6721//6721
f 6719//6719 6721//6721 6722//6722
f 6722//6722 6721//6721 6723//6723
f 6722//6722 6723//6723 6724//6724
f 6724//6724 6723//6723 6725//6725
f 6724//6724 6725//6725 6726//6726
f 6726//6726 6725//6725 6727//6727
f 6726//6726 6727//6727 6728//6728
f 6728//6728 6727//6727 6729//6729
f 6728//6728 6729//6729 6730//6730
f 6730//6730 6729//6729 6731//6731
f 6730//6730 6731//6731 6732//6732
f 6732//6732 6731//6731 6733//6733
f 6732//6732 6733//6733 6734//6734
f 6732//6732 6734//6734 6735//6735
f 6735//6735 6734//6734 6736//6736
f 6735//6735 6736//6736 6737//6737
f 6737//6737 6736//6736 6738//6738
f 6737//6737 6739//6739 6735//6735
f 6735//6735 6739//6739 6740//6740
f 6735//6735 6740//6740 6741//6741
f 6741//6741 6740//6740 6742//6742
f 6741//6741 6742//6742 6743//6743
f 6739//6739 6744//6744 6740//6740
f 6740//6740 6744//6744 6745//6745
f 6740//6740 6745//6745 6746//6746
f 6746//6746 6742//6742 6740//6740
f 6743//6743 6747//6747 6741//6741
f 6741//6741 6747//6747 6748//6748
f 6741//6741 6748//6748 6732//6732
f 6732//6732 6748//6748 6730//6730
f 6747//6747 6749//6749 6748//6748
f 6748//6748 6749//6749 6750//6750
f 6748//6748 6750//6750 6751//6751
f 6751//6751 6750//6750 6752//6752
f 6751//6751 6752//6752 6753//6753
f 6751//6751 6753//6753 6754//6754
f 6754//6754 6753//6753 6755//6755
f 6754//6754 6755//6755 6756//6756
f 6756//6756 6755//6755 6757//6757
f 6756//6756 6757//6757 6758//6758
f 6758//6758 6757//6757 6759//6759
f 6758//6758 6759//6759 6760//6760
f 6760//6760 6759//6759 6761//6761
f 6760//6760 6761//6761 6762//6762
f 6762//6762 6761//6761 6763//6763
f 6762//6762 6763//6763 6764//6764
f 6762//6762 6764//6764 6765//6765
f 6765//6765 6764//6764 6766//6766
f 6765//6765 6766//6766 6767//6767
f 6767//6767 6766//6766 6768//6768
f 6767//6767 6768//6768 6769//6769
f 6767//6767 6769//6769 6770//6770
f 6770//6770 6769//6769 6771//6771
f 6770//6770 6771//6771 6772//6772
f 6772//6772 6771//6771 6773//6773
f 6772//6772 6773//6773 6774//6774
f 6774//6774 6773//6773 6775//6775
f 6774//6774 6775//6775 6776//6776
f 6774//6774 6776//6776 6777//6777
f 6777//6777 6776//6776 6778//6778
f 6777//6777 6778//6778 6779//6779
f 6777//6777 6779//6779 6780//6780
f 6780//6780 6779//6779 6781//6781
f 6780//6780 6781//6781 6782//6782
f 6782//6782 6781//6781 6783//6783
f 6782//6782 6783//6783 6701//6701
f 6701//6701 6783//6783 6699//6699
f 6781//6781 6784//6784 6783//6783
f 6783//6783 6784//6784 6785//6785
f 6783//6783 6785//6785 6699//6699
f 6699//6699 6785//6785 6697//6697
f 6784//6784 6786//6786 6785//6785
f 6785//6785 6786//6786 6787//6787
f 6785//6785 6787//6787 6697//6697
f 6697//6697 6787//6787 6695//6695
f 6786//6786 6788//6788 6787//6787
f 6787//6787 6788//6788 6789//6789
f 6787//6787 6789//6789 6695//6695
f 6695//6695 6789//6789 6693//6693
f 6788//6788 6790//6790 6789//6789
f 6789//6789 6790//6790 6791//6791
f 6789//6789 6791//6791 6693//6693
f 6693//6693 6791//6791 6691//6691
f 6790//6790 6792//6792 6791//6791
f 6791//6791 6792//6792 6793//6793
f 6791//6791 6793//6793 6691//6691
f 6691//6691 6793//6793 6685//6685
f 6792//6792 6794//6794 6793//6793
f 6793//6793 6794//6794 6683//6683
f 6793//6793 6683//6683 6685//6685
f 6794//6794 6681//6681 6683//6683
f 6680//6680 6795//6795 6678//6678
f 6678//6678 6795//6795 6796//6796
f 6678//6678 6796//6796 6676//6676
f 6676//6676 6796//6796 6674//6674
f 6795//6795 6797//6797 6796//6796
f 6796//6796 6797//6797 6798//6798
f 6796//6796 6798//6798 6674//6674
f 6674//6674 6798//6798 6671//6671
f 6797//6797 6799//6799 6798//6798
f 6798//6798 6799//6799 6800//6800
f 6798//6798 6800//6800 6671//6671
f 6671//6671 6800//6800 6669//6669
f 6800//6800 6799//6799 6801//6801
f 6801//6801 6799//6799 6802//6802
f 6801//6801 6802//6802 6803//6803
f 6803//6803 6802//6802 6804//6804
f 6803//6803 6804//6804 6805//6805
f 6805//6805 6804//6804 6806//6806
f 6805//6805 6806//6806 6807//6807
f 6807//6807 6806//6806 6808//6808
f 6807//6807 6808//6808 6809//6809
f 6809//6809 6808//6808 6810//6810
f 6809//6809 6810//6810 6657//6657
f 6657//6657 6810//6810 6655//6655
f 6808//6808 6811//6811 6810//6810
f 6810//6810 6811//6811 6812//6812
f 6810//6810 6812//6812 6655//6655
f 6655//6655 6812//6812 6652//6652
f 6811//6811 6813//6813 6812//6812
f 6812//6812 6813//6813 6814//6814
f 6812//6812 6814//6814 6652//6652
f 6652//6652 6814//6814 6650//6650
f 6813//6813 6815//6815 6814//6814
f 6814//6814 6815//6815 6816//6816
f 6814//6814 6816//6816 6650//6650
f 6650//6650 6816//6816 6648//6648
f 6815//6815 6817//6817 6816//6816
f 6816//6816 6817//6817 6818//6818
f 6816//6816 6818//6818 6648//6648
f 6648//6648 6818//6818 6646//6646
f 6817//6817 6819//6819 6818//6818
f 6818//6818 6819//6819 6820//6820
f 6818//6818 6820//6820 6821//6821
f 6818//6818 6821//6821 6822//6822
f 6822//6822 6821//6821 6823//6823
f 6822//6822 6823//6823 6824//6824
f 6824//6824 6823//6823 6825//6825
f 6824//6824 6825//6825 6826//6826
f 6826//6826 6825//6825 6827//6827
f 6826//6826 6827//6827 6828//6828
f 6826//6826 6828//6828 6829//6829
f 6829//6829 6828//6828 6830//6830
f 6829//6829 6830//6830 6831//6831
f 6831//6831 6830//6830 6832//6832
f 6831//6831 6832//6832 6833//6833
f 6831//6831 6833//6833 6834//6834
f 6834//6834 6833//6833 6835//6835
f 6834//6834 6835//6835 6626//6626
f 6626//6626 6835//6835 6836//6836
f 6626//6626 6836//6836 6837//6837
f 6626//6626 6837//6837 6838//6838
f 6838//6838 6837//6837 6840//6840
f 6838//6838 6839//6839 6841//6841
f 6841//6841 6839//6839 6842//6842
f 6843//6843 6839//6839 6844//6844
f 6843//6843 6844//6844 6845//6845
f 6838//6838 6628//6628 6626//6626
f 6741//6741 6732//6732 6735//6735
f 6748//6748 6751//6751 6730//6730
f 6730//6730 6751//6751 6728//6728
f 6751//6751 6754//6754 6728//6728
f 6728//6728 6754//6754 6726//6726
f 6754//6754 6756//6756 6726//6726
f 6726//6726 6756//6756 6724//6724
f 6756//6756 6758//6758 6724//6724
f 6724//6724 6758//6758 6722//6722
f 6758//6758 6760//6760 6722//6722
f 6722//6722 6760//6760 6719//6719
f 6760//6760 6762//6762 6719//6719
f 6719//6719 6762//6762 6717//6717
f 6762//6762 6765//6765 6717//6717
f 6717//6717 6765//6765 6715//6715
f 6765//6765 6767//6767 6715//6715
f 6715//6715 6767//6767 6713//6713
f 6767//6767 6770//6770 6713//6713
f 6713//6713 6770//6770 6711//6711
f 6770//6770 6772//6772 6711//6711
f 6711//6711 6772//6772 6709//6709
f 6772//6772 6774//6774 6709//6709
f 6709//6709 6774//6774 6707//6707
f 6774//6774 6777//6777 6707//6707
f 6707//6707 6777//6777 6705//6705
f 6782//6782 6701//6701 6703//6703
f 6777//6777 6780//6780 6705//6705
f 6705//6705 6780//6780 6703//6703
f 6780//6780 6782//6782 6703//6703
f 6800//6800 6801//6801 6669//6669
f 6669//6669 6801//6801 6666//6666
f 6801//6801 6803//6803 6666//6666
f 6666//6666 6803//6803 6664//6664
f 6803//6803 6805//6805 6664//6664
f 6664//6664 6805//6805 6661//6661
f 6809//6809 6657//6657 6659//6659
f 6805//6805 6807//6807 6661//6661
f 6661//6661 6807//6807 6659//6659
f 6807//6807 6809//6809 6659//6659
f 6818//6818 6822//6822 6646//6646
f 6646//6646 6822//6822 6644//6644
f 6822//6822 6824//6824 6644//6644
f 6644//6644 6824//6824 6642//6642
f 6824//6824 6826//6826 6642//6642
f 6642//6642 6826//6826 6640//6640
f 6826//6826 6829//6829 6640//6640
f 6640//6640 6829//6829 6637//6637
f 6829//6829 6831//6831 6637//6637
f 6637//6637 6831//6831 6635//6635
f 6626//6626 6624//6624 6633//6633
f 6831//6831 6834//6834 6635//6635
f 6635//6635 6834//6834 6633//6633
f 6834//6834 6626//6626 6633//6633
f 6846//6846 6847//6847 6848//6848
f 6848//6848 6847//6847 6849//6849
f 6848//6848 6849//6849 6851//6851
f 6851//6851 6849//6849 6855//6855
f 6851//6851 6855//6855 6856//6856
f 6856//6856 6857//6857 6851//6851
f 6851//6851 6857//6857 6858//6858
f 6851//6851 6858//6858 6860//6860
f 6860//6860 6858//6858 6861//6861
f 6860//6860 6861//6861 6862//6862
f 6862//6862 6863//6863 6860//6860
f 6860//6860 6863//6863 6864//6864
f 6860//6860 6864//6864 6865//6865
f 6860//6860 6865//6865 6866//6866
f 6866//6866 6865//6865 6868//6868
f 6867//6867 6869//6869 6871//6871
f 6870//6870 6872//6872 6866//6866
f 6866//6866 6872//6872 6873//6873
f 6873//6873 6872//6872 6876//6876
f 6874//6874 6875//6875 6877//6877
f 6877//6877 6875//6875 6880//6880
f 6878//6878 6879//6879 6884//6884
f 6883//6883 6881//6881 6885//6885
f 6886//6886 6882//6882 6888//6888
f 6887//6887 6889//6889 6893//6893
f 6892//6892 6890//6890 6895//6895
f 6894//6894 6891//6891 6897//6897
f 6896//6896 6899//6899 6901//6901
f 6900//6900 6897//6897 6902//6902
f 6902//6902 6897//6897 6905//6905
f 6903//6903 6898//6898 6907//6907
f 6904//6904 6906//6906 6910//6910
f 6911//6911 6912//6912 6908//6908
f 6909//6909 6913//6913 6905//6905
f 6859//6859 6915//6915 6854//6854
f 6851//6851 6914//6914 6916//6916
f 6851//6851 6916//6916 6917//6917
f 6918//6918 6919//6919 6853//6853
f 6854//6854 6920//6920 6922//6922
f 6851//6851 6921//6921 6923//6923
f 6923//6923 6925//6925 6851//6851
f 6853//6853 6924//6924 6926//6926
f 6851//6851 6927//6927 6928//6928
f 6929//6929 6930//6930 6854//6854
f 6852//6852 6931//6931 6932//6932
f 6850//6850 6933//6933 6934//6934
f 6935//6935 6936//6936 6937//6937
f 6937//6937 6936//6936 6938//6938
f 6937//6937 6938//6938 6940//6940
f 6940//6940 6938//6938 6941//6941
f 6939//6939 6941//6941 6942//6942
f 6936//6936 6935//6935 6943//6943
f 6943//6943 6935//6935 6944//6944
f 6943//6943 6944//6944 6945//6945
f 6945//6945 6944//6944 6946//6946
f 6945//6945 6946//6946 6947//6947
f 6947//6947 6946//6946 6948//6948
f 6947//6947 6948//6948 6949//6949
f 6949//6949 6948//6948 6950//6950
f 6949//6949 6950//6950 6951//6951
f 6951//6951 6950//6950 6952//6952
f 6951//6951 6952//6952 6953//6953
f 6953//6953 6952//6952 6954//6954
f 6953//6953 6954//6954 6955//6955
f 6955//6955 6954//6954 6956//6956
f 6956//6956 6954//6954 6957//6957
f 6956//6956 6957//6957 6958//6958
f 6958//6958 6957//6957 6959//6959
f 6958//6958 6959//6959 6960//6960
f 6960//6960 6959//6959 6961//6961
f 6960//6960 6961//6961 6962//6962
f 6952//6952 6963//6963 6954//6954
f 6954//6954 6963//6963 6957//6957
f 6963//6963 6964//6964 6957//6957
f 6957//6957 6964//6964 6959//6959
f 6964//6964 6961//6961 6959//6959
f 6960//6960 6962//6962 6965//6965
f 6965//6965 6962//6962 6966//6966
f 6965//6965 6966//6966 6967//6967
f 6965//6965 6967//6967 6968//6968
f 6968//6968 6967//6967 6969//6969
f 6968//6968 6969//6969 6970//6970
f 6968//6968 6970//6970 6971//6971
f 6971//6971 6970//6970 6972//6972
f 6971//6971 6972//6972 6973//6973
f 6973//6973 6972//6972 6974//6974
f 6973//6973 6974//6974 6975//6975
f 6973//6973 6975//6975 6976//6976
f 6976//6976 6975//6975 6977//6977
f 6976//6976 6977//6977 6978//6978
f 6978//6978 6977//6977 6979//6979
f 6978//6978 6979//6979 6980//6980
f 6980//6980 6979//6979 6981//6981
f 6980//6980 6981//6981 6982//6982
f 6982//6982 6981//6981 6983//6983
f 6982//6982 6983//6983 6984//6984
f 6984//6984 6983//6983 6985//6985
f 6984//6984 6985//6985 6986//6986
f 6986//6986 6985//6985 6987//6987
f 6986//6986 6987//6987 6988//6988
f 6988//6988 6987//6987 6989//6989
f 6988//6988 6989//6989 6990//6990
f 6990//6990 6989//6989 6991//6991
f 6990//6990 6991//6991 6992//6992
f 6992//6992 6991//6991 6993//6993
f 6994//6994 6995//6995 6992//6992
f 6992//6992 6995//6995 6990//6990
f 6995//6995 6996//6996 6990//6990
f 6990//6990 6996//6996 6997//6997
f 6990//6990 6997//6997 6988//6988
f 6988//6988 6997//6997 6998//6998
f 6988//6988 6998//6998 6999//6999
f 6999//6999 7000//7000 6988//6988
f 6988//6988 7000//7000 6986//6986
f 7000//7000 7001//7001 6986//6986
f 6986//6986 7001//7001 7002//7002
f 6986//6986 7002//7002 6984//6984
f 6984//6984 7002//7002 7003//7003
f 6984//6984 7003//7003 6982//6982
f 6982//6982 7003//7003 6980//6980
f 7003//7003 7004//7004 6980//6980
f 6980//6980 7004//7004 7005//7005
f 6980//6980 7005//7005 6978//6978
f 6978//6978 7005//7005 7006//7006
f 6978//6978 7006//7006 7007//7007
f 7007//7007 7008//7008 6978//6978
f 6978//6978 7008//7008 6976//6976
f 7008//7008 7009//7009 6976//6976
f 6976//6976 7009//7009 6973//6973
f 7009//7009 7010//7010 6973//6973
f 6973//6973 7010//7010 6971//6971
f 7010//7010 7011//7011 6971//6971
f 6971//6971 7011//7011 7012//7012
f 6971//6971 7012//7012 7013//7013
f 7013//7013 7014//7014 6971//6971
f 6971//6971 7014//7014 7015//7015
f 6971//6971 7015//7015 6968//6968
f 6968//6968 7015//7015 7016//7016
f 6968//6968 7016//7016 7017//7017
f 7017//7017 7018//7018 6968//6968
f 6968//6968 7018//7018 6965//6965
f 7018//7018 7019//7019 6965//6965
f 6965//6965 7019//7019 6960//6960
f 7019//7019 7020//7020 6960//6960
f 6960//6960 7020//7020 6958//6958
f 6955//6955 7021//7021 6953//6953
f 6953//6953 7021//7021 6951//6951
f 7021//7021 7022//7022 6951//6951
f 6951//6951 7022//7022 6949//6949
f 7022//7022 7023//7023 6949//6949
f 6949//6949 7023//7023 6947//6947
f 7023//7023 7024//7024 6947//6947
f 6947//6947 7024//7024 6945//6945
f 6945//6945 7024//7024 6943//6943
f 6943//6943 7024//7024 7025//7025
f 6943//6943 7025//7025 6936//6936
f 6936//6936 7025//7025 7026//7026
f 6936//6936 7026//7026 6938//6938
f 6938//6938 7026//7026 6941//6941
f 7027//7027 7028//7028 7029//7029
f 7029//7029 7028//7028 7030//7030
f 7029//7029 7030//7030 7031//7031
f 7031//7031 7030//7030 7032//7032
f 7031//7031 7032//7032 7033//7033
f 7033//7033 7032//7032 7034//7034
f 7033//7033 7034//7034 7035//7035
f 7028//7028 7027//7027 7036//7036
f 7036//7036 7027//7027 7037//7037
f 7036//7036 7037//7037 7038//7038
f 7038//7038 7037//7037 7039//7039
f 7038//7038 7039//7039 7040//7040
f 7040//7040 7039//7039 7041//7041
f 7040//7040 7041//7041 7042//7042
f 7042//7042 7041//7041 7043//7043
f 7043//7043 7041//7041 7044//7044
f 7043//7043 7044//7044 7045//7045
f 7045//7045 7044//7044 7046//7046
f 7046//7046 7044//7044 7047//7047
f 7046//7046 7047//7047 7048//7048
f 7048//7048 7047//7047 7049//7049
f 7048//7048 7049//7049 7050//7050
f 7050//7050 7049//7049 7051//7051
f 7050//7050 7051//7051 7052//7052
f 7052//7052 7051//7051 7049//7049
f 7052//7052 7049//7049 7053//7053
f 7053//7053 7049//7049 7054//7054
f 7053//7053 7054//7054 7055//7055
f 7055//7055 7054//7054 7056//7056
f 7055//7055 7056//7056 7057//7057
f 7037//7037 7058//7058 7039//7039
f 7039//7039 7058//7058 7059//7059
f 7039//7039 7059//7059 7060//7060
f 7060//7060 7059//7059 7061//7061
f 7060//7060 7061//7061 7062//7062
f 7062//7062 7061//7061 7063//7063
f 7062//7062 7063//7063 7064//7064
f 7062//7062 7064//7064 7065//7065
f 7065//7065 7064//7064 7066//7066
f 7065//7065 7066//7066 7054//7054
f 7054//7054 7066//7066 7067//7067
f 7054//7054 7067//7067 7056//7056
f 7057//7057 7068//7068 7055//7055
f 7055//7055 7068//7068 7069//7069
f 7055//7055 7069//7069 7070//7070
f 7055//7055 7070//7070 7071//7071
f 7071//7071 7070//7070 7072//7072
f 7071//7071 7072//7072 7073//7073
f 7073//7073 7074//7074 7071//7071
f 7071//7071 7074//7074 7075//7075
f 7071//7071 7075//7075 7076//7076
f 7076//7076 7075//7075 7077//7077
f 7076//7076 7077//7077 7078//7078
f 7078//7078 7077//7077 7079//7079
f 7078//7078 7079//7079 7080//7080
f 7080//7080 7079//7079 7081//7081
f 7081//7081 7079//7079 7082//7082
f 7082//7082 7079//7079 7083//7083
f 7082//7082 7083//7083 7084//7084
f 7084//7084 7083//7083 7085//7085
f 7084//7084 7085//7085 7086//7086
f 7086//7086 7085//7085 7087//7087
f 7087//7087 7085//7085 7088//7088
f 7087//7087 7088//7088 7089//7089
f 7089//7089 7088//7088 7090//7090
f 7089//7089 7090//7090 7091//7091
f 7091//7091 7090//7090 7092//7092
f 7091//7091 7092//7092 7093//7093
f 7074//7074 7094//7094 7075//7075
f 7075//7075 7094//7094 7095//7095
f 7075//7075 7095//7095 7077//7077
f 7077//7077 7095//7095 7096//7096
f 7077//7077 7096//7096 7079//7079
f 7079//7079 7096//7096 7083//7083
f 7094//7094 7097//7097 7095//7095
f 7095//7095 7097//7097 7098//7098
f 7095//7095 7098//7098 7096//7096
f 7096//7096 7098//7098 7099//7099
f 7096//7096 7099//7099 7083//7083
f 7083//7083 7099//7099 7085//7085
f 7097//7097 7100//7100 7098//7098
f 7098//7098 7100//7100 7101//7101
f 7098//7098 7101//7101 7102//7102
f 7098//7098 7102//7102 7103//7103
f 7103//7103 7102//7102 7104//7104
f 7103//7103 7104//7104 7105//7105
f 7103//7103 7105//7105 7106//7106
f 7106//7106 7105//7105 7107//7107
f 7106//7106 7107//7107 7108//7108
f 7108//7108 7107//7107 7110//7110
f 7108//7108 7110//7110 7111//7111
f 7111//7111 7112//7112 7108//7108
f 7108//7108 7112//7112 7113//7113
f 7109//7109 7113//7113 7114//7114
f 7109//7109 7115//7115 7116//7116
f 7116//7116 7115//7115 7117//7117
f 7116//7116 7117//7117 7118//7118
f 7116//7116 7118//7118 7119//7119
f 7119//7119 7118//7118 7120//7120
f 7119//7119 7120//7120 7121//7121
f 7121//7121 7120//7120 7122//7122
f 7121//7121 7122//7122 7123//7123
f 7123//7123 7122//7122 7124//7124
f 7123//7123 7124//7124 7125//7125
f 7125//7125 7124//7124 7126//7126
f 7125//7125 7126//7126 7127//7127
f 7127//7127 7126//7126 7128//7128
f 7127//7127 7128//7128 7129//7129
f 7129//7129 7128//7128 7130//7130
f 7130//7130 7128//7128 7131//7131
f 7131//7131 7128//7128 7132//7132
f 7131//7131 7132//7132 7133//7133
f 7133//7133 7132//7132 7134//7134
f 7133//7133 7134//7134 7135//7135
f 7135//7135 7134//7134 7136//7136
f 7136//7136 7134//7134 7137//7137
f 7136//7136 7137//7137 7138//7138
f 7138//7138 7137//7137 7139//7139
f 7139//7139 7137//7137 7140//7140
f 7139//7139 7140//7140 7141//7141
f 7141//7141 7140//7140 7142//7142
f 7142//7142 7140//7140 7143//7143
f 7142//7142 7143//7143 7144//7144
f 7144//7144 7143//7143 7145//7145
f 7145//7145 7143//7143 7146//7146
f 7145//7145 7146//7146 7147//7147
f 7147//7147 7146//7146 7148//7148
f 7147//7147 7148//7148 7149//7149
f 7149//7149 7148//7148 7150//7150
f 7149//7149 7150//7150 7151//7151
f 7151//7151 7150//7150 7152//7152
f 7152//7152 7150//7150 7153//7153
f 7152//7152 7153//7153 7154//7154
f 7154//7154 7153//7153 7155//7155
f 7155//7155 7153//7153 7156//7156
f 7156//7156 7153//7153 7157//7157
f 7157//7157 7153//7153 7158//7158
f 7157//7157 7158//7158 7159//7159
f 7159//7159 7158//7158 7160//7160
f 7160//7160 7158//7158 7161//7161
f 7161//7161 7158//7158 7162//7162
f 7162//7162 7158//7158 7163//7163
f 7163//7163 7158//7158 7164//7164
f 7164//7164 7158//7158 7165//7165
f 7164//7164 7165//7165 7166//7166
f 7166//7166 7165//7165 7167//7167
f 7167//7167 7165//7165 7168//7168
f 7167//7167 7168//7168 7169//7169
f 7169//7169 7168//7168 7170//7170
f 7170//7170 7168//7168 7171//7171
f 7170//7170 7171//7171 7172//7172
f 7172//7172 7171//7171 7173//7173
f 7173//7173 7171//7171 7174//7174
f 7174//7174 7171//7171 7175//7175
f 7174//7174 7175//7175 7176//7176
f 7176//7176 7175//7175 7177//7177
f 7177//7177 7175//7175 7178//7178
f 7177//7177 7178//7178 7179//7179
f 7179//7179 7178//7178 7180//7180
f 7180//7180 7178//7178 7181//7181
f 7180//7180 7181//7181 7182//7182
f 7182//7182 7181//7181 7183//7183
f 7182//7182 7183//7183 7184//7184
f 7184//7184 7183//7183 7185//7185
f 7184//7184 7185//7185 7186//7186
f 7186//7186 7185//7185 7187//7187
f 7187//7187 7185//7185 7188//7188
f 7187//7187 7188//7188 7189//7189
f 7122//7122 7190//7190 7124//7124
f 7124//7124 7190//7190 7191//7191
f 7124//7124 7191//7191 7192//7192
f 7192//7192 7191//7191 7193//7193
f 7192//7192 7193//7193 7194//7194
f 7194//7194 7193//7193 7195//7195
f 7194//7194 7195//7195 7196//7196
f 7196//7196 7195//7195 7197//7197
f 7196//7196 7197//7197 7198//7198
f 7198//7198 7197//7197 7199//7199
f 7198//7198 7199//7199 7200//7200
f 7198//7198 7200//7200 7201//7201
f 7201//7201 7200//7200 7202//7202
f 7201//7201 7202//7202 7203//7203
f 7203//7203 7202//7202 7204//7204
f 7203//7203 7204//7204 7205//7205
f 7205//7205 7204//7204 7206//7206
f 7205//7205 7206//7206 7207//7207
f 7205//7205 7207//7207 7208//7208
f 7208//7208 7207//7207 7209//7209
f 7208//7208 7209//7209 7210//7210
f 7210//7210 7209//7209 7211//7211
f 7210//7210 7211//7211 7212//7212
f 7210//7210 7212//7212 7213//7213
f 7213//7213 7212//7212 7214//7214
f 7213//7213 7214//7214 7215//7215
f 7215//7215 7214//7214 7216//7216
f 7215//7215 7216//7216 7217//7217
f 7217//7217 7218//7218 7215//7215
f 7215//7215 7218//7218 7219//7219
f 7215//7215 7219//7219 7220//7220
f 7220//7220 7221//7221 7215//7215
f 7215//7215 7221//7221 7222//7222
f 7215//7215 7222//7222 7223//7223
f 7215//7215 7223//7223 7224//7224
f 7224//7224 7223//7223 7225//7225
f 7224//7224 7225//7225 7165//7165
f 7165//7165 7225//7225 7226//7226
f 7165//7165 7226//7226 7227//7227
f 7227//7227 7168//7168 7165//7165
f 7186//7186 7228//7228 7184//7184
f 7129//7129 7229//7229 7127//7127
f 7127//7127 7229//7229 7230//7230
f 7127//7127 7230//7230 7125//7125
f 7125//7125 7230//7230 7231//7231
f 7125//7125 7231//7231 7123//7123
f 7123//7123 7231//7231 7121//7121
f 7229//7229 7232//7232 7230//7230
f 7230//7230 7232//7232 7233//7233
f 7230//7230 7233//7233 7234//7234
f 7234//7234 7233//7233 7235//7235
f 7234//7234 7235//7235 7236//7236
f 7238//7238 7239//7239 7237//7237
f 7236//7236 7239//7239 7240//7240
f 7236//7236 7240//7240 7234//7234
f 7234//7234 7240//7240 7231//7231
f 7234//7234 7231//7231 7230//7230
f 7238//7238 7241//7241 7239//7239
f 7239//7239 7241//7241 7242//7242
f 7239//7239 7242//7242 7240//7240
f 7240//7240 7242//7242 7119//7119
f 7240//7240 7119//7119 7121//7121
f 7242//7242 7241//7241 7243//7243
f 7243//7243 7241//7241 7244//7244
f 7243//7243 7244//7244 7092//7092
f 7093//7093 7245//7245 7091//7091
f 7091//7091 7245//7245 7089//7089
f 7080//7080 7246//7246 7078//7078
f 7078//7078 7246//7246 7247//7247
f 7078//7078 7247//7247 7076//7076
f 7076//7076 7247//7247 7248//7248
f 7076//7076 7248//7248 7071//7071
f 7071//7071 7248//7248 7055//7055
f 7246//7246 7249//7249 7247//7247
f 7247//7247 7249//7249 7250//7250
f 7247//7247 7250//7250 7248//7248
f 7248//7248 7250//7250 7053//7053
f 7248//7248 7053//7053 7055//7055
f 7249//7249 7251//7251 7250//7250
f 7250//7250 7251//7251 7052//7052
f 7250//7250 7052//7052 7053//7053
f 7050//7050 7252//7252 7048//7048
f 7048//7048 7252//7252 7046//7046
f 7042//7042 7253//7253 7040//7040
f 7040//7040 7253//7253 7254//7254
f 7040//7040 7254//7254 7255//7255
f 7040//7040 7255//7255 7256//7256
f 7256//7256 7255//7255 7257//7257
f 7256//7256 7257//7257 7258//7258
f 7258//7258 7257//7257 7259//7259
f 7258//7258 7259//7259 7260//7260
f 7260//7260 7259//7259 7261//7261
f 7260//7260 7261//7261 7262//7262
f 7260//7260 7262//7262 7032//7032
f 7032//7032 7262//7262 7263//7263
f 7032//7032 7263//7263 7264//7264
f 7264//7264 7034//7034 7032//7032
f 7033//7033 7035//7035 7265//7265
f 7265//7265 7035//7035 7266//7266
f 7265//7265 7266//7266 7267//7267
f 7267//7267 7266//7266 7268//7268
f 7267//7267 7268//7268 7269//7269
f 7269//7269 7268//7268 7270//7270
f 7267//7267 7269//7269 7271//7271
f 7271//7271 7269//7269 7272//7272
f 7271//7271 7272//7272 7273//7273
f 7273//7273 7272//7272 7274//7274
f 7274//7274 7272//7272 7275//7275
f 7271//7271 7273//7273 7276//7276
f 7276//7276 7273//7273 7277//7277
f 7276//7276 7277//7277 7278//7278
f 7278//7278 7277//7277 7279//7279
f 7278//7278 7279//7279 7031//7031
f 7031//7031 7279//7279 7029//7029
f 7213//7213 7215//7215 7280//7280
f 7280//7280 7215//7215 7224//7224
f 7280//7280 7224//7224 7158//7158
f 7158//7158 7224//7224 7165//7165
f 7210//7210 7213//7213 7281//7281
f 7281//7281 7213//7213 7280//7280
f 7281//7281 7280//7280 7153//7153
f 7153//7153 7280//7280 7158//7158
f 7208//7208 7210//7210 7282//7282
f 7282//7282 7210//7210 7281//7281
f 7282//7282 7281//7281 7150//7150
f 7150//7150 7281//7281 7153//7153
f 7205//7205 7208//7208 7283//7283
f 7283//7283 7208//7208 7282//7282
f 7283//7283 7282//7282 7148//7148
f 7148//7148 7282//7282 7150//7150
f 7203//7203 7205//7205 7284//7284
f 7284//7284 7205//7205 7283//7283
f 7284//7284 7283//7283 7146//7146
f 7146//7146 7283//7283 7148//7148
f 7201//7201 7203//7203 7285//7285
f 7285//7285 7203//7203 7284//7284
f 7285//7285 7284//7284 7143//7143
f 7143//7143 7284//7284 7146//7146
f 7198//7198 7201//7201 7286//7286
f 7286//7286 7201//7201 7285//7285
f 7286//7286 7285//7285 7140//7140
f 7140//7140 7285//7285 7143//7143
f 7196//7196 7198//7198 7287//7287
f 7287//7287 7198//7198 7286//7286
f 7287//7287 7286//7286 7137//7137
f 7137//7137 7286//7286 7140//7140
f 7194//7194 7196//7196 7288//7288
f 7288//7288 7196//7196 7287//7287
f 7288//7288 7287//7287 7134//7134
f 7134//7134 7287//7287 7137//7137
f 7126//7126 7124//7124 7192//7192
f 7192//7192 7194//7194 7289//7289
f 7289//7289 7194//7194 7288//7288
f 7289//7289 7288//7288 7132//7132
f 7132//7132 7288//7288 7134//7134
f 7240//7240 7121//7121 7231//7231
f 7119//7119 7242//7242 7116//7116
f 7116//7116 7242//7242 7290//7290
f 7116//7116 7290//7290 7108//7108
f 7108//7108 7290//7290 7090//7090
f 7108//7108 7090//7090 7106//7106
f 7106//7106 7090//7090 7291//7291
f 7106//7106 7291//7291 7103//7103
f 7103//7103 7291//7291 7099//7099
f 7103//7103 7099//7099 7098//7098
f 7054//7054 7049//7049 7065//7065
f 7065//7065 7049//7049 7047//7047
f 7065//7065 7047//7047 7062//7062
f 7062//7062 7047//7047 7044//7044
f 7062//7062 7044//7044 7060//7060
f 7060//7060 7044//7044 7041//7041
f 7060//7060 7041//7041 7039//7039
f 7040//7040 7256//7256 7038//7038
f 7038//7038 7256//7256 7036//7036
f 7256//7256 7258//7258 7036//7036
f 7036//7036 7258//7258 7028//7028
f 7258//7258 7260//7260 7028//7028
f 7028//7028 7260//7260 7030//7030
f 7260//7260 7032//7032 7030//7030
f 7031//7031 7033//7033 7278//7278
f 7278//7278 7033//7033 7265//7265
f 7278//7278 7265//7265 7276//7276
f 7276//7276 7265//7265 7267//7267
f 7276//7276 7267//7267 7271//7271
f 7128//7128 7126//7126 7289//7289
f 7289//7289 7126//7126 7192//7192
f 7128//7128 7289//7289 7132//7132
f 7092//7092 7090//7090 7290//7290
f 7092//7092 7290//7290 7243//7243
f 7243//7243 7290//7290 7242//7242
f 7085//7085 7099//7099 7291//7291
f 7085//7085 7291//7291 7088//7088
f 7088//7088 7291//7291 7090//7090
f 7292//7292 7294//7294 7295//7295
f 7295//7295 7293//7293 7296//7296
f 7295//7295 7296//7296 7297//7297
f 7297//7297 7296//7296 7298//7298
f 7297//7297 7298//7298 7299//7299
f 7292//7292 7300//7300 7294//7294
f 7294//7294 7300//7300 7301//7301
f 7299//7299 7302//7302 7297//7297
f 7297//7297 7302//7302 7305//7305
f 7297//7297 7304//7304 7307//7307
f 7308//7308 7309//7309 7302//7302
f 7303//7303 7310//7310 7311//7311
f 7303//7303 7312//7312 7313//7313
f 7313//7313 7312//7312 7309//7309
f 7315//7315 7316//7316 7308//7308
f 7308//7308 7316//7316 7317//7317
f 7308//7308 7317//7317 7309//7309
f 7309//7309 7317//7317 7318//7318
f 7318//7318 7317//7317 7319//7319
f 7319//7319 7317//7317 7316//7316
f 7319//7319 7316//7316 7320//7320
f 7320//7320 7316//7316 7321//7321
f 7321//7321 7316//7316 7322//7322
f 7321//7321 7322//7322 7323//7323
f 7323//7323 7322//7322 7324//7324
f 7323//7323 7324//7324 7325//7325
f 7325//7325 7324//7324 7326//7326
f 7325//7325 7326//7326 7327//7327
f 7327//7327 7326//7326 7328//7328
f 7327//7327 7328//7328 7329//7329
f 7329//7329 7328//7328 7330//7330
f 7330//7330 7328//7328 7332//7332
f 7330//7330 7332//7332 7333//7333
f 7333//7333 7331//7331 7336//7336
f 7334//7334 7336//7336 7337//7337
f 7337//7337 7335//7335 7338//7338
f 7339//7339 7336//7336 7340//7340
f 7340//7340 7336//7336 7341//7341
f 7340//7340 7341//7341 7342//7342
f 7342//7342 7341//7341 7343//7343
f 7316//7316 7315//7315 7322//7322
f 7322//7322 7315//7315 7344//7344
f 7322//7322 7344//7344 7324//7324
f 7324//7324 7344//7344 7345//7345
f 7324//7324 7345//7345 7326//7326
f 7326//7326 7345//7345 7346//7346
f 7326//7326 7346//7346 7328//7328
f 7328//7328 7346//7346 7347//7347
f 7328//7328 7347//7347 7332//7332
f 7314//7314 7304//7304 7302//7302
f 7306//7306 7348//7348 7297//7297
f 7297//7297 7348//7348 7295//7295
f 7349//7349 7350//7350 7351//7351
f 7351//7351 7350//7350 7352//7352
f 7351//7351 7352//7352 7353//7353
f 7353//7353 7354//7354 7351//7351
f 7351//7351 7355//7355 7349//7349
f 7349//7349 7356//7356 7357//7357
f 7349//7349 7357//7357 7358//7358
f 7359//7359 7357//7357 7360//7360
f 7358//7358 7361//7361 7362//7362
f 7363//7363 7364//7364 7365//7365
f 7365//7365 7364//7364 7366//7366
f 7365//7365 7366//7366 7367//7367
f 7367//7367 7366//7366 7368//7368
f 7367//7367 7368//7368 7369//7369
f 7367//7367 7369//7369 7370//7370
f 7370//7370 7369//7369 7371//7371
f 7370//7370 7371//7371 7372//7372
f 7372//7372 7371//7371 7373//7373
f 7372//7372 7373//7373 7374//7374
f 7374//7374 7373//7373 7376//7376
f 7375//7375 7376//7376 7378//7378
f 7378//7378 7377//7377 7380//7380
f 7378//7378 7379//7379 7381//7381
f 7381//7381 7380//7380 7383//7383
f 7383//7383 7379//7379 7384//7384
f 7382//7382 7384//7384 7386//7386
f 7386//7386 7384//7384 7388//7388
f 7386//7386 7387//7387 7389//7389
f 7389//7389 7387//7387 7390//7390
f 7389//7389 7390//7390 7391//7391
f 7392//7392 7390//7390 7394//7394
f 7393//7393 7390//7390 7395//7395
f 7395//7395 7390//7390 7397//7397
f 7395//7395 7397//7397 7399//7399
f 7400//7400 7396//7396 7402//7402
f 7403//7403 7398//7398 7405//7405
f 7401//7401 7404//7404 7406//7406
f 7406//7406 7405//7405 7408//7408
f 7406//7406 7407//7407 7409//7409
f 7410//7410 7408//7408 7411//7411
f 7412//7412 7407//7407 7413//7413
f 7414//7414 7407//7407 7415//7415
f 7413//7413 7416//7416 7417//7417
f 7417//7417 7416//7416 7418//7418
f 7417//7417 7418//7418 7419//7419
f 7377//7377 7420//7420 7379//7379
f 7379//7379 7420//7420 7385//7385
f 7421//7421 7390//7390 7420//7420
f 7420//7420 7390//7390 7387//7387
f 7420//7420 7387//7387 7385//7385
f 7418//7418 7405//7405 7422//7422
f 7422//7422 7405//7405 7398//7398
f 7421//7421 7397//7397 7390//7390
f 7423//7423 7424//7424 7419//7419
f 7419//7419 7424//7424 7425//7425
f 7419//7419 7425//7425 7417//7417
f 7417//7417 7425//7425 7426//7426
f 7417//7417 7426//7426 7427//7427
f 7424//7424 7423//7423 7428//7428
f 7428//7428 7423//7423 7429//7429
f 7428//7428 7429//7429 7430//7430
f 7430//7430 7429//7429 7432//7432
f 7430//7430 7431//7431 7433//7433
f 7433//7433 7431//7431 7434//7434
f 7435//7435 7432//7432 7437//7437
f 7437//7437 7432//7432 7438//7438
f 7436//7436 7439//7439 7440//7440
f 7429//7429 7438//7438 7432//7432
f 7433//7433 7441//7441 7430//7430
f 7430//7430 7441//7441 7428//7428
f 7441//7441 7442//7442 7428//7428
f 7428//7428 7442//7442 7424//7424
f 7442//7442 7426//7426 7424//7424
f 7424//7424 7426//7426 7425//7425
f 7427//7427 7413//7413 7417//7417
f 7381//7381 7443//7443 7378//7378
f 7378//7378 7443//7443 7374//7374
f 7374//7374 7443//7443 7372//7372
f 7372//7372 7443//7443 7444//7444
f 7372//7372 7444//7444 7370//7370
f 7370//7370 7444//7444 7445//7445
f 7370//7370 7445//7445 7367//7367
f 7367//7367 7445//7445 7446//7446
f 7367//7367 7446//7446 7365//7365
f 7365//7365 7446//7446 7363//7363
f 7405//7405 7418//7418 7408//7408
f 7408//7408 7418//7418 7416//7416
f 7447//7447 7448//7448 7449//7449
f 7449//7449 7448//7448 7450//7450
f 7449//7449 7450//7450 7451//7451
f 7451//7451 7450//7450 7452//7452
f 7451//7451 7452//7452 7453//7453
f 7453//7453 7452//7452 7454//7454
f 7453//7453 7454//7454 7455//7455
f 7455//7455 7454//7454 7456//7456
f 7455//7455 7456//7456 7457//7457
f 7457//7457 7456//7456 7458//7458
f 7458//7458 7456//7456 7459//7459
f 7458//7458 7459//7459 7460//7460
f 7460//7460 7459//7459 7461//7461
f 7460//7460 7461//7461 7462//7462
f 7462//7462 7461//7461 7463//7463
f 7462//7462 7463//7463 7464//7464
f 7464//7464 7463//7463 7465//7465
f 7464//7464 7465//7465 7466//7466
f 7450//7450 7467//7467 7452//7452
f 7452//7452 7467//7467 7468//7468
f 7452//7452 7468//7468 7454//7454
f 7454//7454 7468//7468 7469//7469
f 7454//7454 7469//7469 7456//7456
f 7456//7456 7469//7469 7459//7459
f 7467//7467 7470//7470 7468//7468
f 7468//7468 7470//7470 7471//7471
f 7468//7468 7471//7471 7469//7469
f 7469//7469 7471//7471 7461//7461
f 7469//7469 7461//7461 7459//7459
f 7470//7470 7465//7465 7471//7471
f 7471//7471 7465//7465 7463//7463
f 7471//7471 7463//7463 7461//7461
f 7464//7464 7466//7466 7472//7472
f 7472//7472 7466//7466 7473//7473
f 7472//7472 7473//7473 7474//7474
f 7472//7472 7474//7474 7475//7475
f 7475//7475 7474//7474 7476//7476
f 7475//7475 7476//7476 7477//7477
f 7477//7477 7478//7478 7475//7475
f 7475//7475 7478//7478 7479//7479
f 7475//7475 7479//7479 7472//7472
f 7472//7472 7479//7479 7480//7480
f 7472//7472 7480//7480 7464//7464
f 7464//7464 7480//7480 7462//7462
f 7479//7479 7478//7478 7481//7481
f 7481//7481 7478//7478 7482//7482
f 7481//7481 7482//7482 7483//7483
f 7458//7458 7460//7460 7483//7483
f 7483//7483 7460//7460 7484//7484
f 7483//7483 7484//7484 7481//7481
f 7481//7481 7484//7484 7480//7480
f 7481//7481 7480//7480 7479//7479
f 7457//7457 7485//7485 7455//7455
f 7455//7455 7485//7485 7486//7486
f 7455//7455 7486//7486 7453//7453
f 7453//7453 7486//7486 7487//7487
f 7453//7453 7487//7487 7451//7451
f 7451//7451 7487//7487 7449//7449
f 7485//7485 7488//7488 7486//7486
f 7486//7486 7488//7488 7489//7489
f 7486//7486 7489//7489 7487//7487
f 7487//7487 7489//7489 7490//7490
f 7487//7487 7490//7490 7449//7449
f 7449//7449 7490//7490 7491//7491
f 7449//7449 7491//7491 7492//7492
f 7488//7488 7493//7493 7489//7489
f 7489//7489 7493//7493 7494//7494
f 7489//7489 7494//7494 7490//7490
f 7490//7490 7494//7494 7495//7495
f 7490//7490 7495//7495 7496//7496
f 7496//7496 7495//7495 7497//7497
f 7497//7497 7495//7495 7498//7498
f 7497//7497 7498//7498 7499//7499
f 7499//7499 7498//7498 7500//7500
f 7500//7500 7498//7498 7501//7501
f 7501//7501 7498//7498 7502//7502
f 7502//7502 7498//7498 7503//7503
f 7503//7503 7498//7498 7495//7495
f 7503//7503 7495//7495 7504//7504
f 7504//7504 7495//7495 7505//7505
f 7504//7504 7505//7505 7506//7506
f 7506//7506 7505//7505 7494//7494
f 7506//7506 7494//7494 7507//7507
f 7507//7507 7494//7494 7493//7493
f 7508//7508 7509//7509 7504//7504
f 7504//7504 7509//7509 7510//7510
f 7504//7504 7510//7510 7503//7503
f 7503//7503 7510//7510 7511//7511
f 7511//7511 7510//7510 7512//7512
f 7511//7511 7512//7512 7513//7513
f 7513//7513 7512//7512 7514//7514
f 7513//7513 7514//7514 7515//7515
f 7515//7515 7514//7514 7516//7516
f 7515//7515 7516//7516 7517//7517
f 7517//7517 7516//7516 7518//7518
f 7517//7517 7518//7518 7519//7519
f 7519//7519 7518//7518 7520//7520
f 7519//7519 7520//7520 7521//7521
f 7521//7521 7520//7520 7522//7522
f 7521//7521 7522//7522 7523//7523
f 7523//7523 7522//7522 7524//7524
f 7523//7523 7524//7524 7525//7525
f 7525//7525 7524//7524 7526//7526
f 7525//7525 7526//7526 7527//7527
f 7527//7527 7526//7526 7528//7528
f 7527//7527 7528//7528 7515//7515
f 7515//7515 7528//7528 7529//7529
f 7529//7529 7528//7528 7530//7530
f 7529//7529 7530//7530 7531//7531
f 7531//7531 7530//7530 7532//7532
f 7532//7532 7530//7530 7533//7533
f 7532//7532 7533//7533 7534//7534
f 7534//7534 7533//7533 7535//7535
f 7535//7535 7533//7533 7536//7536
f 7535//7535 7536//7536 7537//7537
f 7537//7537 7536//7536 7538//7538
f 7537//7537 7538//7538 7539//7539
f 7539//7539 7538//7538 7540//7540
f 7540//7540 7538//7538 7524//7524
f 7540//7540 7524//7524 7522//7522
f 7508//7508 7541//7541 7509//7509
f 7509//7509 7541//7541 7542//7542
f 7509//7509 7542//7542 7543//7543
f 7543//7543 7542//7542 7518//7518
f 7543//7543 7518//7518 7516//7516
f 7542//7542 7541//7541 7520//7520
f 7520//7520 7541//7541 7522//7522
f 7539//7539 7544//7544 7537//7537
f 7537//7537 7544//7544 7545//7545
f 7537//7537 7545//7545 7535//7535
f 7544//7544 7546//7546 7545//7545
f 7496//7496 7491//7491 7490//7490
f 7492//7492 7447//7447 7449//7449
f 7505//7505 7495//7495 7494//7494
f 7460//7460 7462//7462 7484//7484
f 7484//7484 7462//7462 7480//7480
f 7514//7514 7512//7512 7510//7510
f 7514//7514 7510//7510 7543//7543
f 7543//7543 7510//7510 7509//7509
f 7520//7520 7518//7518 7542//7542
f 7514//7514 7543//7543 7516//7516
f 7528//7528 7526//7526 7547//7547
f 7547//7547 7526//7526 7538//7538
f 7547//7547 7538//7538 7536//7536
f 7533//7533 7530//7530 7547//7547
f 7547//7547 7530//7530 7528//7528
f 7533//7533 7547//7547 7536//7536
f 7526//7526 7524//7524 7538//7538
f 7525//7525 7527//7527 7519//7519
f 7519//7519 7527//7527 7517//7517
f 7523//7523 7525//7525 7521//7521
f 7521//7521 7525//7525 7519//7519
f 7515//7515 7517//7517 7527//7527
f 7548//7548 7550//7550 7553//7553
f 7551//7551 7549//7549 7555//7555
f 7552//7552 7554//7554 7556//7556
f 7556//7556 7554//7554 7557//7557
f 7557//7557 7554//7554 7558//7558
f 7559//7559 7560//7560 7561//7561
f 7561//7561 7560//7560 7562//7562
f 7562//7562 7560//7560 7563//7563
f 7563//7563 7560//7560 7565//7565
f 7566//7566 7560//7560 7567//7567
f 7566//7566 7567//7567 7568//7568
f 7568//7568 7569//7569 7564//7564
f 7566//7566 7570//7570 7572//7572
f 7571//7571 7570//7570 7574//7574
f 7571//7571 7573//7573 7575//7575
f 7576//7576 7577//7577 7575//7575
f 7575//7575 7577//7577 7578//7578
f 7575//7575 7578//7578 7571//7571
f 7579//7579 7580//7580 7581//7581
f 7581//7581 7580//7580 7582//7582
f 7581//7581 7582//7582 7583//7583
f 7581//7581 7583//7583 7584//7584
f 7584//7584 7583//7583 7585//7585
f 7584//7584 7585//7585 7586//7586
f 7586//7586 7585//7585 7587//7587
f 7586//7586 7587//7587 7588//7588
f 7588//7588 7587//7587 7589//7589
f 7588//7588 7589//7589 7590//7590
f 7590//7590 7589//7589 7591//7591
f 7591//7591 7589//7589 7592//7592
f 7591//7591 7592//7592 7593//7593
f 7593//7593 7592//7592 7594//7594
f 7593//7593 7594//7594 7595//7595
f 7589//7589 7594//7594 7592//7592
f 7595//7595 7596//7596 7593//7593
f 7593//7593 7596//7596 7597//7597
f 7593//7593 7597//7597 7598//7598
f 7598//7598 7597//7597 7599//7599
f 7599//7599 7597//7597 7600//7600
f 7599//7599 7600//7600 7601//7601
f 7601//7601 7600//7600 7602//7602
f 7601//7601 7602//7602 7603//7603
f 7596//7596 7604//7604 7597//7597
f 7597//7597 7604//7604 7600//7600
f 7605//7605 7606//7606 7603//7603
f 7603//7603 7606//7606 7601//7601
f 7606//7606 7599//7599 7601//7601
f 7590//7590 7586//7586 7588//7588
f 7586//7586 7607//7607 7584//7584
f 7584//7584 7607//7607 7581//7581
f 7607//7607 7579//7579 7581//7581
f 7608//7608 7609//7609 7610//7610
f 7610//7610 7609//7609 7611//7611
f 7610//7610 7611//7611 7612//7612
f 7609//7609 7608//7608 7613//7613
f 7613//7613 7608//7608 7614//7614
f 7613//7613 7614//7614 7615//7615
f 7613//7613 7615//7615 7616//7616
f 7616//7616 7615//7615 7617//7617
f 7616//7616 7617//7617 7618//7618
f 7618//7618 7617//7617 7619//7619
f 7618//7618 7619//7619 7620//7620
f 7620//7620 7619//7619 7621//7621
f 7620//7620 7621//7621 7622//7622
f 7622//7622 7621//7621 7623//7623
f 7622//7622 7623//7623 7624//7624
f 7624//7624 7625//7625 7622//7622
f 7622//7622 7626//7626 7620//7620
f 7620//7620 7626//7626 7627//7627
f 7620//7620 7627//7627 7618//7618
f 7618//7618 7627//7627 7628//7628
f 7618//7618 7628//7628 7616//7616
f 7616//7616 7628//7628 7629//7629
f 7616//7616 7629//7629 7613//7613
f 7613//7613 7629//7629 7630//7630
f 7613//7613 7630//7630 7609//7609
f 7609//7609 7630//7630 7631//7631
f 7609//7609 7631//7631 7611//7611
f 7630//7630 7632//7632 7631//7631