mtllib material.mtl
usemtl material_0
v 0.02278400 -0.00575800 0.00200000
v 0.02278400 -0.00575800 0.00350000
v 0.02332000 -0.00290100 0.00200000
v 0.02332000 -0.00290100 0.00350000
v 0.02350000 0.00000000 0.00200000
v 0.02350000 0.00000000 0.00350000
v 0.02332000 0.00290100 0.00200000
v 0.02332000 0.00290100 0.00350000
v 0.02278400 0.00575800 0.00200000
v 0.02278400 0.00575800 0.00350000
v -0.00575800 0.02278400 0.00350000
v -0.00575800 0.02278400 0.00200000
v -0.00290100 0.02332000 0.00350000
v -0.00290100 0.02332000 0.00200000
v 0.00000000 0.02350000 0.00350000
v 0.00000000 0.02350000 0.00200000
v 0.00290100 0.02332000 0.00350000
v 0.00290100 0.02332000 0.00200000
v 0.00575800 0.02278400 0.00350000
v 0.00575800 0.02278400 0.00200000
v -0.02278400 -0.00575800 0.00350000
v -0.02278400 -0.00575800 0.00200000
v -0.02332000 -0.00290100 0.00350000
v -0.02332000 -0.00290100 0.00200000
v -0.02350000 0.00000000 0.00350000
v -0.02350000 0.00000000 0.00200000
v -0.02332000 0.00290100 0.00350000
v -0.02332000 0.00290100 0.00200000
v -0.02278400 0.00575800 0.00350000
v -0.02278400 0.00575800 0.00200000
v 0.03172500 0.00333400 0.00050000
v 0.03172500 0.00333400 0.00350000
v 0.03190000 0.00000000 0.00050000
v 0.03190000 0.00000000 0.00350000
v 0.03190000 0.00000000 0.00050000
v 0.03190000 0.00000000 0.00350000
v 0.03172500 -0.00333400 0.00050000
v 0.03172500 -0.00333400 0.00350000
v 0.03120300 -0.00663200 0.00350000
v 0.03120300 0.00663200 0.00050000
v 0.03120300 0.00663200 0.00350000
v 0.03033900 0.00985800 0.00050000
v 0.03033900 0.00985800 0.00350000
v 0.02914200 0.01297500 0.00050000
v 0.02914200 0.01297500 0.00350000
v 0.02762600 0.01595000 0.00050000
v 0.02762600 0.01595000 0.00350000
v 0.02580800 0.01875000 0.00050000
v 0.02580800 0.01875000 0.00350000
v 0.02370600 0.02134500 0.00050000
v 0.02370600 0.02134500 0.00350000
v 0.02134500 0.02370600 0.00050000
v 0.02134500 0.02370600 0.00350000
v 0.01875000 0.02580800 0.00050000
v 0.01875000 0.02580800 0.00350000
v 0.01595000 0.02762600 0.00050000
v 0.01595000 0.02762600 0.00350000
v 0.01297500 0.02914200 0.00050000
v 0.01297500 0.02914200 0.00350000
v 0.00985800 0.03033900 0.00050000
v 0.00985800 0.03033900 0.00350000
v 0.00663200 0.03120300 0.00050000
v 0.00663200 0.03120300 0.00350000
v 0.00333400 0.03172500 0.00050000
v 0.00333400 0.03172500 0.00350000
v 0.00000000 0.03190000 0.00050000
v 0.00000000 0.03190000 0.00350000
v -0.00333400 0.03172500 0.00050000
v -0.00333400 0.03172500 0.00350000
v -0.00663200 0.03120300 0.00050000
v -0.00663200 0.03120300 0.00350000
v -0.00985800 0.03033900 0.00050000
v -0.00985800 0.03033900 0.00350000
v -0.01297500 0.02914200 0.00050000
v -0.01297500 0.02914200 0.00350000
v -0.01595000 0.02762600 0.00050000
v -0.01595000 0.02762600 0.00350000
v -0.01875000 0.02580800 0.00050000
v -0.01875000 0.02580800 0.00350000
v -0.02134500 0.02370600 0.00050000
v -0.02134500 0.02370600 0.00350000
v -0.02370600 0.02134500 0.00050000
v -0.02370600 0.02134500 0.00350000
v -0.02580800 0.01875000 0.00050000
v -0.02580800 0.01875000 0.00350000
v -0.02762600 0.01595000 0.00050000
v -0.02762600 0.01595000 0.00350000
v -0.02914200 0.01297500 0.00050000
v -0.02914200 0.01297500 0.00350000
v -0.03033900 0.00985800 0.00050000
v -0.03033900 0.00985800 0.00350000
v -0.03120300 0.00663200 0.00050000
v -0.03120300 0.00663200 0.00350000
v -0.03172500 0.00333400 0.00050000
v -0.03172500 0.00333400 0.00350000
v -0.03190000 0.00000000 0.00050000
v -0.03190000 0.00000000 0.00350000
v -0.03172500 -0.00333400 0.00050000
v -0.03172500 -0.00333400 0.00350000
v -0.03120300 -0.00663200 0.00050000
v -0.03120300 -0.00663200 0.00350000
v -0.03033900 -0.00985800 0.00050000
v -0.03033900 -0.00985800 0.00350000
v -0.02914200 -0.01297500 0.00050000
v -0.02914200 -0.01297500 0.00350000
v -0.02762600 -0.01595000 0.00050000
v -0.02762600 -0.01595000 0.00350000
v -0.02580800 -0.01875000 0.00050000
v -0.02580800 -0.01875000 0.00350000
v -0.02370600 -0.02134500 0.00050000
v -0.02370600 -0.02134500 0.00350000
v -0.02134500 -0.02370600 0.00050000
v -0.02134500 -0.02370600 0.00350000
v -0.01875000 -0.02580800 0.00050000
v -0.01875000 -0.02580800 0.00350000
v -0.01595000 -0.02762600 0.00050000
v -0.01595000 -0.02762600 0.00350000
v -0.01297500 -0.02914200 0.00050000
v -0.01297500 -0.02914200 0.00350000
v -0.00985800 -0.03033900 0.00050000
v -0.00985800 -0.03033900 0.00350000
v -0.00663200 -0.03120300 0.00050000
v -0.00663200 -0.03120300 0.00350000
v -0.00333400 -0.03172500 0.00050000
v -0.00333400 -0.03172500 0.00350000
v 0.00000000 -0.03190000 0.00050000
v 0.00000000 -0.03190000 0.00350000
v 0.00333400 -0.03172500 0.00050000
v 0.00333400 -0.03172500 0.00350000
v 0.00663200 -0.03120300 0.00050000
v 0.00663200 -0.03120300 0.00350000
v 0.00985800 -0.03033900 0.00050000
v 0.00985800 -0.03033900 0.00350000
v 0.01297500 -0.02914200 0.00050000
v 0.01297500 -0.02914200 0.00350000
v 0.01595000 -0.02762600 0.00050000
v 0.01595000 -0.02762600 0.00350000
v 0.01875000 -0.02580800 0.00050000
v 0.01875000 -0.02580800 0.00350000
v 0.02134500 -0.02370600 0.00050000
v 0.02134500 -0.02370600 0.00350000
v 0.02370600 -0.02134500 0.00050000
v 0.02370600 -0.02134500 0.00350000
v 0.02580800 -0.01875000 0.00050000
v 0.02580800 -0.01875000 0.00350000
v 0.02762600 -0.01595000 0.00050000
v 0.02762600 -0.01595000 0.00350000
v 0.02914200 -0.01297500 0.00050000
v 0.02914200 -0.01297500 0.00350000
v 0.03033900 -0.00985800 0.00050000
v 0.03033900 -0.00985800 0.00350000
v 0.03120300 -0.00663200 0.00050000
v 0.03172500 -0.00333400 0.00050000
v 0.02933700 -0.00097400 0.00050000
v 0.03190000 0.00000000 0.00050000
v 0.02950000 0.00000000 0.00050000
v 0.02933700 0.00097400 0.00050000
v 0.03120300 -0.00663200 0.00050000
v 0.02814100 -0.00251100 0.00050000
v 0.02886700 -0.00184300 0.00050000
v 0.03033900 -0.00985800 0.00050000
v 0.02625200 -0.00299000 0.00050000
v 0.02723600 -0.00290800 0.00050000
v 0.02529500 -0.00274700 0.00050000
v 0.02914200 -0.01297500 0.00050000
v 0.02762600 -0.01595000 0.00050000
v 0.02446800 -0.00220700 0.00050000
v 0.02580800 -0.01875000 0.00050000
v 0.02370600 -0.02134500 0.00050000
v 0.02134500 -0.02370600 0.00050000
v 0.00142800 -0.02386200 0.00050000
v 0.02386200 -0.00142800 0.00050000
v 0.00220700 -0.02446800 0.00050000
v 0.01875000 -0.02580800 0.00050000
v 0.01595000 -0.02762600 0.00050000
v 0.00274700 -0.02529500 0.00050000
v 0.01297500 -0.02914200 0.00050000
v 0.00985800 -0.03033900 0.00050000
v 0.00299000 -0.02625200 0.00050000
v 0.00663200 -0.03120300 0.00050000
v 0.00290800 -0.02723600 0.00050000
v 0.00251200 -0.02814100 0.00050000
v 0.00333400 -0.03172500 0.00050000
v 0.00184300 -0.02886700 0.00050000
v 0.00097400 -0.02933700 0.00050000
v 0.00000000 -0.03190000 0.00050000
v 0.00000000 -0.02950000 0.00050000
v -0.00097400 -0.02933700 0.00050000
v -0.00333400 -0.03172500 0.00050000
v -0.00184300 -0.02886700 0.00050000
v -0.00251100 -0.02814100 0.00050000
v -0.00663200 -0.03120300 0.00050000
v -0.00290800 -0.02723600 0.00050000
v -0.00299000 -0.02625200 0.00050000
v -0.00985800 -0.03033900 0.00050000
v -0.00274700 -0.02529500 0.00050000
v -0.01297500 -0.02914200 0.00050000
v -0.01595000 -0.02762600 0.00050000
v -0.00220700 -0.02446800 0.00050000
v -0.01875000 -0.02580800 0.00050000
v -0.02134500 -0.02370600 0.00050000
v -0.00142800 -0.02386200 0.00050000
v -0.02370600 -0.02134500 0.00050000
v -0.02386200 -0.00142800 0.00050000
v -0.02446800 -0.00220700 0.00050000
v -0.02580800 -0.01875000 0.00050000
v -0.02762600 -0.01595000 0.00050000
v -0.02529500 -0.00274700 0.00050000
v -0.02914200 -0.01297500 0.00050000
v -0.03033900 -0.00985800 0.00050000
v -0.02625200 -0.00299000 0.00050000
v -0.03120300 -0.00663200 0.00050000
v -0.02723600 -0.00290800 0.00050000
v -0.02814100 -0.00251200 0.00050000
v -0.03172500 -0.00333400 0.00050000
v -0.02886700 -0.00184300 0.00050000
v -0.02933700 -0.00097400 0.00050000
v -0.03190000 0.00000000 0.00050000
v -0.02950000 0.00000000 0.00050000
v -0.02933700 0.00097400 0.00050000
v -0.03172500 0.00333400 0.00050000
v -0.02886700 0.00184300 0.00050000
v -0.02814100 0.00251100 0.00050000
v -0.03120300 0.00663200 0.00050000
v -0.02723600 0.00290800 0.00050000
v -0.02625200 0.00299000 0.00050000
v -0.03033900 0.00985800 0.00050000
v -0.02529500 0.00274700 0.00050000
v -0.02914200 0.01297500 0.00050000
v -0.02762600 0.01595000 0.00050000
v -0.02446800 0.00220700 0.00050000
v -0.02580800 0.01875000 0.00050000
v -0.02370600 0.02134500 0.00050000
v -0.02134500 0.02370600 0.00050000
v -0.00142800 0.02386200 0.00050000
v -0.02386200 0.00142800 0.00050000
v -0.00220700 0.02446800 0.00050000
v -0.01875000 0.02580800 0.00050000
v -0.01595000 0.02762600 0.00050000
v -0.00274700 0.02529500 0.00050000
v -0.01297500 0.02914200 0.00050000
v -0.00985800 0.03033900 0.00050000
v -0.00299000 0.02625200 0.00050000
v -0.00663200 0.03120300 0.00050000
v -0.00290800 0.02723600 0.00050000
v -0.00251200 0.02814100 0.00050000
v -0.00333400 0.03172500 0.00050000
v -0.00184300 0.02886700 0.00050000
v -0.00097400 0.02933700 0.00050000
v 0.00000000 0.03190000 0.00050000
v 0.00000000 0.02950000 0.00050000
v 0.00097400 0.02933700 0.00050000
v 0.00333400 0.03172500 0.00050000
v 0.00184300 0.02886700 0.00050000
v 0.00251100 0.02814100 0.00050000
v 0.00663200 0.03120300 0.00050000
v 0.00290800 0.02723600 0.00050000
v 0.00299000 0.02625200 0.00050000
v 0.00985800 0.03033900 0.00050000
v 0.00274700 0.02529500 0.00050000
v 0.01297500 0.02914200 0.00050000
v 0.01595000 0.02762600 0.00050000
v 0.00220700 0.02446800 0.00050000
v 0.01875000 0.02580800 0.00050000
v 0.02134500 0.02370600 0.00050000
v 0.00142800 0.02386200 0.00050000
v 0.02370600 0.02134500 0.00050000
v 0.02386200 0.00142800 0.00050000
v 0.02446800 0.00220700 0.00050000
v 0.02580800 0.01875000 0.00050000
v 0.02762600 0.01595000 0.00050000
v 0.02529500 0.00274700 0.00050000
v 0.02914200 0.01297500 0.00050000
v 0.03033900 0.00985800 0.00050000
v 0.02625200 0.00299000 0.00050000
v 0.03120300 0.00663200 0.00050000
v 0.02723600 0.00290800 0.00050000
v 0.02814100 0.00251200 0.00050000
v 0.03172500 0.00333400 0.00050000
v 0.02886700 0.00184300 0.00050000
v 0.00049400 -0.02354100 0.00050000
v 0.02354100 -0.00049400 0.00050000
v -0.00049400 -0.02354100 0.00050000
v -0.02354100 -0.00049400 0.00050000
v 0.00049400 0.02354100 0.00050000
v 0.02354100 0.00049400 0.00050000
v -0.02354100 0.00049400 0.00050000
v -0.00049400 0.02354100 0.00050000
v 0.03172500 0.00333400 0.00350000
v 0.02794200 0.00069400 0.00350000
v 0.03190000 0.00000000 0.00350000
v 0.02810000 0.00000000 0.00350000
v 0.02794200 -0.00069400 0.00350000
v 0.03120300 0.00663200 0.00350000
v 0.02685600 0.00156000 0.00350000
v 0.02749800 0.00125100 0.00350000
v 0.02278400 0.00575800 0.00350000
v 0.03033900 0.00985800 0.00350000
v 0.02251300 0.00738000 0.00350000
v 0.02251200 0.00902300 0.00350000
v 0.02278000 0.01064500 0.00350000
v 0.02914200 0.01297500 0.00350000
v 0.02306400 0.01249600 0.00350000
v 0.02762600 0.01595000 0.00350000
v 0.02299800 0.01436800 0.00350000
v 0.02258500 0.01619400 0.00350000
v 0.02580800 0.01875000 0.00350000
v 0.02183800 0.01791100 0.00350000
v 0.02370600 0.02134500 0.00350000
v 0.02078400 0.01945900 0.00350000
v 0.01945900 0.02078400 0.00350000
v 0.02134500 0.02370600 0.00350000
v 0.01791100 0.02183800 0.00350000
v 0.01875000 0.02580800 0.00350000
v 0.01619400 0.02258500 0.00350000
v 0.01595000 0.02762600 0.00350000
v 0.01436800 0.02299800 0.00350000
v 0.01249600 0.02306400 0.00350000
v 0.01297500 0.02914200 0.00350000
v 0.01064500 0.02278000 0.00350000
v 0.00985800 0.03033900 0.00350000
v 0.00902300 0.02251200 0.00350000
v 0.00738000 0.02251300 0.00350000
v 0.00575800 0.02278400 0.00350000
v 0.00663200 0.03120300 0.00350000
v 0.00156000 0.02685600 0.00350000
v 0.00333400 0.03172500 0.00350000
v 0.00125100 0.02749800 0.00350000
v 0.00069400 0.02794200 0.00350000
v 0.00000000 0.03190000 0.00350000
v 0.00000000 0.02810000 0.00350000
v -0.00069400 0.02794200 0.00350000
v -0.00333400 0.03172500 0.00350000
v -0.00125100 0.02749800 0.00350000
v -0.00156000 0.02685600 0.00350000
v -0.00663200 0.03120300 0.00350000
v -0.00575800 0.02278400 0.00350000
v -0.00985800 0.03033900 0.00350000
v -0.00738000 0.02251300 0.00350000
v -0.00902300 0.02251200 0.00350000
v -0.01064500 0.02278000 0.00350000
v -0.01297500 0.02914200 0.00350000
v -0.01249600 0.02306400 0.00350000
v -0.01595000 0.02762600 0.00350000
v -0.01436800 0.02299800 0.00350000
v -0.01619400 0.02258500 0.00350000
v -0.01875000 0.02580800 0.00350000
v -0.01791100 0.02183800 0.00350000
v -0.02134500 0.02370600 0.00350000
v -0.01945900 0.02078400 0.00350000
v -0.02370600 0.02134500 0.00350000
v -0.02078400 0.01945900 0.00350000
v -0.02183800 0.01791100 0.00350000
v -0.02580800 0.01875000 0.00350000
v -0.02258500 0.01619400 0.00350000
v -0.02762600 0.01595000 0.00350000
v -0.02299800 0.01436800 0.00350000
v -0.02306400 0.01249600 0.00350000
v -0.02914200 0.01297500 0.00350000
v -0.02278000 0.01064500 0.00350000
v -0.03033900 0.00985800 0.00350000
v -0.02251200 0.00902300 0.00350000
v -0.02251300 0.00738000 0.00350000
v -0.02278400 0.00575800 0.00350000
v -0.03120300 0.00663200 0.00350000
v -0.02685600 0.00156000 0.00350000
v -0.03172500 0.00333400 0.00350000
v -0.02749800 0.00125100 0.00350000
v -0.02794200 0.00069400 0.00350000
v -0.03190000 0.00000000 0.00350000
v -0.02810000 0.00000000 0.00350000
v -0.02794200 -0.00069400 0.00350000
v -0.03172500 -0.00333400 0.00350000
v -0.02749800 -0.00125100 0.00350000
v -0.02685600 -0.00156000 0.00350000
v -0.03120300 -0.00663200 0.00350000
v -0.02278400 -0.00575800 0.00350000
v -0.03033900 -0.00985800 0.00350000
v -0.02251300 -0.00738000 0.00350000
v -0.02251200 -0.00902300 0.00350000
v -0.02278000 -0.01064500 0.00350000
v -0.02914200 -0.01297500 0.00350000
v -0.02306400 -0.01249600 0.00350000
v -0.02762600 -0.01595000 0.00350000
v -0.02299800 -0.01436800 0.00350000
v -0.02258500 -0.01619400 0.00350000
v -0.02580800 -0.01875000 0.00350000
v -0.02183800 -0.01791100 0.00350000
v -0.02370600 -0.02134500 0.00350000
v -0.02078400 -0.01945900 0.00350000
v -0.01945900 -0.02078400 0.00350000
v -0.02134500 -0.02370600 0.00350000
v -0.01791100 -0.02183800 0.00350000
v -0.01875000 -0.02580800 0.00350000
v -0.01619400 -0.02258500 0.00350000
v -0.01595000 -0.02762600 0.00350000
v -0.01436800 -0.02299800 0.00350000
v -0.01249600 -0.02306400 0.00350000
v -0.01297500 -0.02914200 0.00350000
v -0.01064500 -0.02278000 0.00350000
v -0.00985800 -0.03033900 0.00350000
v -0.00902300 -0.02251200 0.00350000
v -0.00738000 -0.02251300 0.00350000
v -0.00575800 -0.02278400 0.00350000
v -0.00663200 -0.03120300 0.00350000
v -0.00156000 -0.02685600 0.00350000
v -0.00333400 -0.03172500 0.00350000
v -0.00125100 -0.02749800 0.00350000
v -0.00069400 -0.02794200 0.00350000
v 0.00000000 -0.03190000 0.00350000
v 0.00000000 -0.02810000 0.00350000
v 0.00069400 -0.02794200 0.00350000
v 0.00333400 -0.03172500 0.00350000
v 0.00125100 -0.02749800 0.00350000
v 0.00156000 -0.02685600 0.00350000
v 0.00663200 -0.03120300 0.00350000
v 0.00575800 -0.02278400 0.00350000
v 0.00985800 -0.03033900 0.00350000
v 0.00738000 -0.02251300 0.00350000
v 0.00902300 -0.02251200 0.00350000
v 0.01064500 -0.02278000 0.00350000
v 0.01297500 -0.02914200 0.00350000
v 0.01249600 -0.02306400 0.00350000
v 0.01595000 -0.02762600 0.00350000
v 0.01436800 -0.02299800 0.00350000
v 0.01619400 -0.02258500 0.00350000
v 0.01875000 -0.02580800 0.00350000
v 0.01791100 -0.02183800 0.00350000
v 0.02134500 -0.02370600 0.00350000
v 0.01945900 -0.02078400 0.00350000
v 0.02370600 -0.02134500 0.00350000
v 0.02078400 -0.01945900 0.00350000
v 0.02183800 -0.01791100 0.00350000
v 0.02580800 -0.01875000 0.00350000
v 0.02258500 -0.01619400 0.00350000
v 0.02762600 -0.01595000 0.00350000
v 0.02299800 -0.01436800 0.00350000
v 0.02306400 -0.01249600 0.00350000
v 0.02914200 -0.01297500 0.00350000
v 0.02278000 -0.01064500 0.00350000
v 0.03033900 -0.00985800 0.00350000
v 0.02251200 -0.00902300 0.00350000
v 0.02251300 -0.00738000 0.00350000
v 0.02278400 -0.00575800 0.00350000
v 0.03120300 -0.00663200 0.00350000
v 0.02685600 -0.00156000 0.00350000
v 0.03172500 -0.00333400 0.00350000
v 0.02749800 -0.00125100 0.00350000
v 0.02614400 0.00156000 0.00350000
v 0.02332000 0.00290100 0.00350000
v 0.02550200 0.00125100 0.00350000
v 0.02505800 0.00069400 0.00350000
v 0.02350000 0.00000000 0.00350000
v 0.02490000 0.00000000 0.00350000
v 0.02505800 -0.00069400 0.00350000
v 0.02332000 -0.00290100 0.00350000
v 0.02550200 -0.00125100 0.00350000
v 0.02614400 -0.00156000 0.00350000
v 0.00156000 -0.02614400 0.00350000
v 0.00290100 -0.02332000 0.00350000
v 0.00125100 -0.02550200 0.00350000
v 0.00069400 -0.02505800 0.00350000
v 0.00000000 -0.02350000 0.00350000
v 0.00000000 -0.02490000 0.00350000
v -0.00069400 -0.02505800 0.00350000
v -0.00290100 -0.02332000 0.00350000
v -0.00125100 -0.02550200 0.00350000
v -0.00156000 -0.02614400 0.00350000
v -0.02614400 -0.00156000 0.00350000
v -0.02332000 -0.00290100 0.00350000
v -0.02550200 -0.00125100 0.00350000
v -0.02505800 -0.00069400 0.00350000
v -0.02350000 0.00000000 0.00350000
v -0.02490000 0.00000000 0.00350000
v -0.02505800 0.00069400 0.00350000
v -0.02332000 0.00290100 0.00350000
v -0.02550200 0.00125100 0.00350000
v -0.02614400 0.00156000 0.00350000
v -0.00156000 0.02614400 0.00350000
v -0.00290100 0.02332000 0.00350000
v -0.00125100 0.02550200 0.00350000
v -0.00069400 0.02505800 0.00350000
v 0.00000000 0.02350000 0.00350000
v 0.00000000 0.02490000 0.00350000
v 0.00069400 0.02505800 0.00350000
v 0.00290100 0.02332000 0.00350000
v 0.00125100 0.02550200 0.00350000
v 0.00156000 0.02614400 0.00350000
v -0.02505800 0.00069400 0.00350000
v -0.02505800 0.00069400 0.00190000
v -0.02490000 0.00000000 0.00350000
v -0.02490000 0.00000000 0.00190000
v -0.02490000 0.00000000 0.00350000
v -0.02490000 0.00000000 0.00190000
v -0.02505800 -0.00069400 0.00350000
v -0.02505800 -0.00069400 0.00190000
v -0.02550200 -0.00125100 0.00350000
v -0.02550200 -0.00125100 0.00190000
v -0.02614400 -0.00156000 0.00350000
v -0.02614400 -0.00156000 0.00190000
v -0.02685600 -0.00156000 0.00350000
v -0.02685600 -0.00156000 0.00190000
v -0.02749800 -0.00125100 0.00350000
v -0.02749800 -0.00125100 0.00190000
v -0.02794200 -0.00069400 0.00350000
v -0.02794200 -0.00069400 0.00190000
v -0.02810000 0.00000000 0.00350000
v -0.02810000 0.00000000 0.00190000
v -0.02794200 0.00069400 0.00350000
v -0.02794200 0.00069400 0.00190000
v -0.02749800 0.00125100 0.00350000
v -0.02749800 0.00125100 0.00190000
v -0.02685600 0.00156000 0.00350000
v -0.02685600 0.00156000 0.00190000
v -0.02614400 0.00156000 0.00350000
v -0.02614400 0.00156000 0.00190000
v -0.02550200 0.00125100 0.00350000
v -0.02550200 0.00125100 0.00190000
v -0.02933700 -0.00097400 0.00050000
v -0.02950000 0.00000000 0.00050000
v -0.02810000 0.00000000 0.00190000
v -0.02810000 0.00000000 0.00190000
v -0.02950000 0.00000000 0.00050000
v -0.02933700 0.00097400 0.00050000
v -0.02794200 0.00069400 0.00190000
v -0.02886700 0.00184300 0.00050000
v -0.02749800 0.00125100 0.00190000
v -0.02814100 0.00251100 0.00050000
v -0.02685600 0.00156000 0.00190000
v -0.02723600 0.00290800 0.00050000
v -0.02625200 0.00299000 0.00050000
v -0.02614400 0.00156000 0.00190000
v -0.02529500 0.00274700 0.00050000
v -0.02550200 0.00125100 0.00190000
v -0.02446800 0.00220700 0.00050000
v -0.02505800 0.00069400 0.00190000
v -0.02386200 0.00142800 0.00050000
v -0.02354100 0.00049400 0.00050000
v -0.02490000 0.00000000 0.00190000
v -0.02354100 -0.00049400 0.00050000
v -0.02505800 -0.00069400 0.00190000
v -0.02386200 -0.00142800 0.00050000
v -0.02446800 -0.00220700 0.00050000
v -0.02550200 -0.00125100 0.00190000
v -0.02529500 -0.00274700 0.00050000
v -0.02614400 -0.00156000 0.00190000
v -0.02625200 -0.00299000 0.00050000
v -0.02685600 -0.00156000 0.00190000
v -0.02723600 -0.00290800 0.00050000
v -0.02814100 -0.00251200 0.00050000
v -0.02749800 -0.00125100 0.00190000
v -0.02886700 -0.00184300 0.00050000
v -0.02794200 -0.00069400 0.00190000
v 0.00069400 0.02505800 0.00350000
v 0.00069400 0.02505800 0.00190000
v 0.00000000 0.02490000 0.00350000
v 0.00000000 0.02490000 0.00190000
v 0.00000000 0.02490000 0.00350000
v 0.00000000 0.02490000 0.00190000
v -0.00069400 0.02505800 0.00350000
v -0.00069400 0.02505800 0.00190000
v -0.00125100 0.02550200 0.00350000
v -0.00125100 0.02550200 0.00190000
v -0.00156000 0.02614400 0.00350000
v -0.00156000 0.02614400 0.00190000
v -0.00156000 0.02685600 0.00350000
v -0.00156000 0.02685600 0.00190000
v -0.00125100 0.02749800 0.00350000
v -0.00125100 0.02749800 0.00190000
v -0.00069400 0.02794200 0.00350000
v -0.00069400 0.02794200 0.00190000
v 0.00000000 0.02810000 0.00350000
v 0.00000000 0.02810000 0.00190000
v 0.00069400 0.02794200 0.00350000
v 0.00069400 0.02794200 0.00190000
v 0.00125100 0.02749800 0.00350000
v 0.00125100 0.02749800 0.00190000
v 0.00156000 0.02685600 0.00350000
v 0.00156000 0.02685600 0.00190000
v 0.00156000 0.02614400 0.00350000
v 0.00156000 0.02614400 0.00190000
v 0.00125100 0.02550200 0.00350000
v 0.00125100 0.02550200 0.00190000
v -0.00097400 0.02933700 0.00050000
v 0.00000000 0.02950000 0.00050000
v 0.00000000 0.02810000 0.00190000
v 0.00000000 0.02810000 0.00190000
v 0.00000000 0.02950000 0.00050000
v 0.00097400 0.02933700 0.00050000
v 0.00069400 0.02794200 0.00190000
v 0.00184300 0.02886700 0.00050000
v 0.00125100 0.02749800 0.00190000
v 0.00251100 0.02814100 0.00050000
v 0.00156000 0.02685600 0.00190000
v 0.00290800 0.02723600 0.00050000
v 0.00299000 0.02625200 0.00050000
v 0.00156000 0.02614400 0.00190000
v 0.00274700 0.02529500 0.00050000
v 0.00125100 0.02550200 0.00190000
v 0.00220700 0.02446800 0.00050000
v 0.00069400 0.02505800 0.00190000
v 0.00142800 0.02386200 0.00050000
v 0.00049400 0.02354100 0.00050000
v 0.00000000 0.02490000 0.00190000
v -0.00049400 0.02354100 0.00050000
v -0.00069400 0.02505800 0.00190000
v -0.00142800 0.02386200 0.00050000
v -0.00220700 0.02446800 0.00050000
v -0.00125100 0.02550200 0.00190000
v -0.00274700 0.02529500 0.00050000
v -0.00156000 0.02614400 0.00190000
v -0.00299000 0.02625200 0.00050000
v -0.00156000 0.02685600 0.00190000
v -0.00290800 0.02723600 0.00050000
v -0.00251200 0.02814100 0.00050000
v -0.00125100 0.02749800 0.00190000
v -0.00184300 0.02886700 0.00050000
v -0.00069400 0.02794200 0.00190000
v 0.02505800 -0.00069400 0.00350000
v 0.02505800 -0.00069400 0.00190000
v 0.02490000 0.00000000 0.00350000
v 0.02490000 0.00000000 0.00190000
v 0.02490000 0.00000000 0.00350000
v 0.02490000 0.00000000 0.00190000
v 0.02505800 0.00069400 0.00350000
v 0.02505800 0.00069400 0.00190000
v 0.02550200 0.00125100 0.00350000
v 0.02550200 0.00125100 0.00190000
v 0.02614400 0.00156000 0.00350000
v 0.02614400 0.00156000 0.00190000
v 0.02685600 0.00156000 0.00350000
v 0.02685600 0.00156000 0.00190000
v 0.02749800 0.00125100 0.00350000
v 0.02749800 0.00125100 0.00190000
v 0.02794200 0.00069400 0.00350000
v 0.02794200 0.00069400 0.00190000
v 0.02810000 0.00000000 0.00350000
v 0.02810000 0.00000000 0.00190000
v 0.02794200 -0.00069400 0.00350000
v 0.02794200 -0.00069400 0.00190000
v 0.02749800 -0.00125100 0.00350000
v 0.02749800 -0.00125100 0.00190000
v 0.02685600 -0.00156000 0.00350000
v 0.02685600 -0.00156000 0.00190000
v 0.02614400 -0.00156000 0.00350000
v 0.02614400 -0.00156000 0.00190000
v 0.02550200 -0.00125100 0.00350000
v 0.02550200 -0.00125100 0.00190000
v 0.02933700 0.00097400 0.00050000
v 0.02950000 0.00000000 0.00050000
v 0.02810000 0.00000000 0.00190000
v 0.02810000 0.00000000 0.00190000
v 0.02950000 0.00000000 0.00050000
v 0.02933700 -0.00097400 0.00050000
v 0.02794200 -0.00069400 0.00190000
v 0.02886700 -0.00184300 0.00050000
v 0.02749800 -0.00125100 0.00190000
v 0.02814100 -0.00251100 0.00050000
v 0.02685600 -0.00156000 0.00190000
v 0.02723600 -0.00290800 0.00050000
v 0.02625200 -0.00299000 0.00050000
v 0.02614400 -0.00156000 0.00190000
v 0.02529500 -0.00274700 0.00050000
v 0.02550200 -0.00125100 0.00190000
v 0.02446800 -0.00220700 0.00050000
v 0.02505800 -0.00069400 0.00190000
v 0.02386200 -0.00142800 0.00050000
v 0.02354100 -0.00049400 0.00050000
v 0.02490000 0.00000000 0.00190000
v 0.02354100 0.00049400 0.00050000
v 0.02505800 0.00069400 0.00190000
v 0.02386200 0.00142800 0.00050000
v 0.02446800 0.00220700 0.00050000
v 0.02550200 0.00125100 0.00190000
v 0.02529500 0.00274700 0.00050000
v 0.02614400 0.00156000 0.00190000
v 0.02625200 0.00299000 0.00050000
v 0.02685600 0.00156000 0.00190000
v 0.02723600 0.00290800 0.00050000
v 0.02814100 0.00251200 0.00050000
v 0.02749800 0.00125100 0.00190000
v 0.02886700 0.00184300 0.00050000
v 0.02794200 0.00069400 0.00190000
v -0.00069400 -0.02505800 0.00350000
v -0.00069400 -0.02505800 0.00190000
v 0.00000000 -0.02490000 0.00350000
v 0.00000000 -0.02490000 0.00190000
v 0.00000000 -0.02490000 0.00350000
v 0.00000000 -0.02490000 0.00190000
v 0.00069400 -0.02505800 0.00350000
v 0.00069400 -0.02505800 0.00190000
v 0.00125100 -0.02550200 0.00350000
v 0.00125100 -0.02550200 0.00190000
v 0.00156000 -0.02614400 0.00350000
v 0.00156000 -0.02614400 0.00190000
v 0.00156000 -0.02685600 0.00350000
v 0.00156000 -0.02685600 0.00190000
v 0.00125100 -0.02749800 0.00350000
v 0.00125100 -0.02749800 0.00190000
v 0.00069400 -0.02794200 0.00350000
v 0.00069400 -0.02794200 0.00190000
v 0.00000000 -0.02810000 0.00350000
v 0.00000000 -0.02810000 0.00190000
v -0.00069400 -0.02794200 0.00350000
v -0.00069400 -0.02794200 0.00190000
v -0.00125100 -0.02749800 0.00350000
v -0.00125100 -0.02749800 0.00190000
v -0.00156000 -0.02685600 0.00350000
v -0.00156000 -0.02685600 0.00190000
v -0.00156000 -0.02614400 0.00350000
v -0.00156000 -0.02614400 0.00190000
v -0.00125100 -0.02550200 0.00350000
v -0.00125100 -0.02550200 0.00190000
v 0.00097400 -0.02933700 0.00050000
v 0.00000000 -0.02950000 0.00050000
v 0.00000000 -0.02810000 0.00190000
v 0.00000000 -0.02810000 0.00190000
v 0.00000000 -0.02950000 0.00050000
v -0.00097400 -0.02933700 0.00050000
v -0.00069400 -0.02794200 0.00190000
v -0.00184300 -0.02886700 0.00050000
v -0.00125100 -0.02749800 0.00190000
v -0.00251100 -0.02814100 0.00050000
v -0.00156000 -0.02685600 0.00190000
v -0.00290800 -0.02723600 0.00050000
v -0.00299000 -0.02625200 0.00050000
v -0.00156000 -0.02614400 0.00190000
v -0.00274700 -0.02529500 0.00050000
v -0.00125100 -0.02550200 0.00190000
v -0.00220700 -0.02446800 0.00050000
v -0.00069400 -0.02505800 0.00190000
v -0.00142800 -0.02386200 0.00050000
v -0.00049400 -0.02354100 0.00050000
v 0.00000000 -0.02490000 0.00190000
v 0.00049400 -0.02354100 0.00050000
v 0.00069400 -0.02505800 0.00190000
v 0.00142800 -0.02386200 0.00050000
v 0.00220700 -0.02446800 0.00050000
v 0.00125100 -0.02550200 0.00190000
v 0.00274700 -0.02529500 0.00050000
v 0.00156000 -0.02614400 0.00190000
v 0.00299000 -0.02625200 0.00050000
v 0.00156000 -0.02685600 0.00190000
v 0.00290800 -0.02723600 0.00050000
v 0.00251200 -0.02814100 0.00050000
v 0.00125100 -0.02749800 0.00190000
v 0.00184300 -0.02886700 0.00050000
v 0.00069400 -0.02794200 0.00190000
v -0.00575800 -0.02278400 0.00200000
v -0.00575800 -0.02278400 0.00350000
v -0.00290100 -0.02332000 0.00200000
v -0.00290100 -0.02332000 0.00350000
v 0.00000000 -0.02350000 0.00200000
v 0.00000000 -0.02350000 0.00350000
v 0.00290100 -0.02332000 0.00200000
v 0.00290100 -0.02332000 0.00350000
v 0.00575800 -0.02278400 0.00200000
v 0.00575800 -0.02278400 0.00350000
v -0.00738000 -0.02251300 0.00200000
v -0.00575800 -0.02278400 0.00200000
v -0.02278400 -0.00575800 0.00200000
v -0.00290100 -0.02332000 0.00200000
v 0.00000000 -0.02350000 0.00200000
v 0.00290100 -0.02332000 0.00200000
v 0.00575800 -0.02278400 0.00200000
v 0.02278400 -0.00575800 0.00200000
v 0.00738000 -0.02251300 0.00200000
v 0.02251300 -0.00738000 0.00200000
v 0.00902300 -0.02251200 0.00200000
v 0.02251200 -0.00902300 0.00200000
v 0.02278000 -0.01064500 0.00200000
v 0.01064500 -0.02278000 0.00200000
v 0.02306400 -0.01249600 0.00200000
v 0.02299800 -0.01436800 0.00200000
v 0.02258500 -0.01619400 0.00200000
v 0.02183800 -0.01791100 0.00200000
v 0.02078400 -0.01945900 0.00200000
v 0.01945900 -0.02078400 0.00200000
v 0.01791100 -0.02183800 0.00200000
v 0.01619400 -0.02258500 0.00200000
v 0.01436800 -0.02299800 0.00200000
v 0.01249600 -0.02306400 0.00200000
v -0.02332000 -0.00290100 0.00200000
v 0.02332000 -0.00290100 0.00200000
v -0.02350000 0.00000000 0.00200000
v 0.02350000 0.00000000 0.00200000
v -0.02332000 0.00290100 0.00200000
v 0.02332000 0.00290100 0.00200000
v -0.02278400 0.00575800 0.00200000
v 0.02278400 0.00575800 0.00200000
v -0.00575800 0.02278400 0.00200000
v -0.00290100 0.02332000 0.00200000
v 0.00000000 0.02350000 0.00200000
v 0.00290100 0.02332000 0.00200000
v 0.00575800 0.02278400 0.00200000
v 0.00738000 0.02251300 0.00200000
v 0.02251300 0.00738000 0.00200000
v 0.00902300 0.02251200 0.00200000
v 0.02251200 0.00902300 0.00200000
v 0.02278000 0.01064500 0.00200000
v 0.02306400 0.01249600 0.00200000
v 0.02299800 0.01436800 0.00200000
v 0.02258500 0.01619400 0.00200000
v 0.02183800 0.01791100 0.00200000
v 0.02078400 0.01945900 0.00200000
v 0.01945900 0.02078400 0.00200000
v 0.01791100 0.02183800 0.00200000
v 0.01619400 0.02258500 0.00200000
v 0.01436800 0.02299800 0.00200000
v 0.01249600 0.02306400 0.00200000
v 0.01064500 0.02278000 0.00200000
v -0.00738000 0.02251300 0.00200000
v -0.02251300 0.00738000 0.00200000
v -0.00902300 0.02251200 0.00200000
v -0.02251200 0.00902300 0.00200000
v -0.02278000 0.01064500 0.00200000
v -0.01064500 0.02278000 0.00200000
v -0.01249600 0.02306400 0.00200000
v -0.01436800 0.02299800 0.00200000
v -0.01619400 0.02258500 0.00200000
v -0.01791100 0.02183800 0.00200000
v -0.01945900 0.02078400 0.00200000
v -0.02078400 0.01945900 0.00200000
v -0.02183800 0.01791100 0.00200000
v -0.02258500 0.01619400 0.00200000
v -0.02299800 0.01436800 0.00200000
v -0.02306400 0.01249600 0.00200000
v -0.02251300 -0.00738000 0.00200000
v -0.00902300 -0.02251200 0.00200000
v -0.02251200 -0.00902300 0.00200000
v -0.02278000 -0.01064500 0.00200000
v -0.01064500 -0.02278000 0.00200000
v -0.02306400 -0.01249600 0.00200000
v -0.02299800 -0.01436800 0.00200000
v -0.02258500 -0.01619400 0.00200000
v -0.02183800 -0.01791100 0.00200000
v -0.02078400 -0.01945900 0.00200000
v -0.01945900 -0.02078400 0.00200000
v -0.01791100 -0.02183800 0.00200000
v -0.01619400 -0.02258500 0.00200000
v -0.01436800 -0.02299800 0.00200000
v -0.01249600 -0.02306400 0.00200000
v -0.01064500 -0.02278000 0.00350000
v -0.01064500 -0.02278000 0.00200000
v -0.01249600 -0.02306400 0.00350000
v -0.01249600 -0.02306400 0.00200000
v -0.01436800 -0.02299800 0.00350000
v -0.01436800 -0.02299800 0.00200000
v -0.01619400 -0.02258500 0.00350000
v -0.01619400 -0.02258500 0.00200000
v -0.01791100 -0.02183800 0.00350000
v -0.01791100 -0.02183800 0.00200000
v -0.01945900 -0.02078400 0.00350000
v -0.01945900 -0.02078400 0.00200000
v -0.02078400 -0.01945900 0.00350000
v -0.02078400 -0.01945900 0.00200000
v -0.02183800 -0.01791100 0.00350000
v -0.02183800 -0.01791100 0.00200000
v -0.02258500 -0.01619400 0.00350000
v -0.02258500 -0.01619400 0.00200000
v -0.02299800 -0.01436800 0.00350000
v -0.02299800 -0.01436800 0.00200000
v -0.02306400 -0.01249600 0.00350000
v -0.02306400 -0.01249600 0.00200000
v -0.02278000 -0.01064500 0.00350000
v -0.02278000 -0.01064500 0.00200000
v -0.02278000 0.01064500 0.00350000
v -0.02278000 0.01064500 0.00200000
v -0.02306400 0.01249600 0.00350000
v -0.02306400 0.01249600 0.00200000
v -0.02299800 0.01436800 0.00350000
v -0.02299800 0.01436800 0.00200000
v -0.02258500 0.01619400 0.00350000
v -0.02258500 0.01619400 0.00200000
v -0.02183800 0.01791100 0.00350000
v -0.02183800 0.01791100 0.00200000
v -0.02078400 0.01945900 0.00350000
v -0.02078400 0.01945900 0.00200000
v -0.01945900 0.02078400 0.00350000
v -0.01945900 0.02078400 0.00200000
v -0.01791100 0.02183800 0.00350000
v -0.01791100 0.02183800 0.00200000
v -0.01619400 0.02258500 0.00350000
v -0.01619400 0.02258500 0.00200000
v -0.01436800 0.02299800 0.00350000
v -0.01436800 0.02299800 0.00200000
v -0.01249600 0.02306400 0.00350000
v -0.01249600 0.02306400 0.00200000
v -0.01064500 0.02278000 0.00350000
v -0.01064500 0.02278000 0.00200000
v 0.01064500 0.02278000 0.00350000
v 0.01064500 0.02278000 0.00200000
v 0.01249600 0.02306400 0.00350000
v 0.01249600 0.02306400 0.00200000
v 0.01436800 0.02299800 0.00350000
v 0.01436800 0.02299800 0.00200000
v 0.01619400 0.02258500 0.00350000
v 0.01619400 0.02258500 0.00200000
v 0.01791100 0.02183800 0.00350000
v 0.01791100 0.02183800 0.00200000
v 0.01945900 0.02078400 0.00350000
v 0.01945900 0.02078400 0.00200000
v 0.02078400 0.01945900 0.00350000
v 0.02078400 0.01945900 0.00200000
v 0.02183800 0.01791100 0.00350000
v 0.02183800 0.01791100 0.00200000
v 0.02258500 0.01619400 0.00350000
v 0.02258500 0.01619400 0.00200000
v 0.02299800 0.01436800 0.00350000
v 0.02299800 0.01436800 0.00200000
v 0.02306400 0.01249600 0.00350000
v 0.02306400 0.01249600 0.00200000
v 0.02278000 0.01064500 0.00350000
v 0.02278000 0.01064500 0.00200000
v 0.01064500 -0.02278000 0.00200000
v 0.01064500 -0.02278000 0.00350000
v 0.01249600 -0.02306400 0.00200000
v 0.01249600 -0.02306400 0.00350000
v 0.01436800 -0.02299800 0.00200000
v 0.01436800 -0.02299800 0.00350000
v 0.01619400 -0.02258500 0.00200000
v 0.01619400 -0.02258500 0.00350000
v 0.01791100 -0.02183800 0.00200000
v 0.01791100 -0.02183800 0.00350000
v 0.01945900 -0.02078400 0.00200000
v 0.01945900 -0.02078400 0.00350000
v 0.02078400 -0.01945900 0.00200000
v 0.02078400 -0.01945900 0.00350000
v 0.02183800 -0.01791100 0.00200000
v 0.02183800 -0.01791100 0.00350000
v 0.02258500 -0.01619400 0.00200000
v 0.02258500 -0.01619400 0.00350000
v 0.02299800 -0.01436800 0.00200000
v 0.02299800 -0.01436800 0.00350000
v 0.02306400 -0.01249600 0.00200000
v 0.02306400 -0.01249600 0.00350000
v 0.02278000 -0.01064500 0.00200000
v 0.02278000 -0.01064500 0.00350000
v 0.02278400 0.00575800 0.00200000
v 0.02278400 0.00575800 0.00350000
v 0.02251300 0.00738000 0.00200000
v 0.02251300 0.00738000 0.00350000
v 0.02251200 0.00902300 0.00200000
v 0.02251200 0.00902300 0.00350000
v 0.02278000 0.01064500 0.00200000
v 0.02278000 0.01064500 0.00350000
v 0.02278400 -0.00575800 0.00350000
v 0.02278400 -0.00575800 0.00200000
v 0.02251300 -0.00738000 0.00350000
v 0.02251300 -0.00738000 0.00200000
v 0.02251200 -0.00902300 0.00350000
v 0.02251200 -0.00902300 0.00200000
v 0.02278000 -0.01064500 0.00350000
v 0.02278000 -0.01064500 0.00200000
v 0.00575800 0.02278400 0.00350000
v 0.00575800 0.02278400 0.00200000
v 0.00738000 0.02251300 0.00350000
v 0.00738000 0.02251300 0.00200000
v 0.00902300 0.02251200 0.00350000
v 0.00902300 0.02251200 0.00200000
v 0.01064500 0.02278000 0.00350000
v -0.00575800 0.02278400 0.00200000
v -0.00575800 0.02278400 0.00350000
v -0.00738000 0.02251300 0.00200000
v -0.00738000 0.02251300 0.00350000
v -0.00902300 0.02251200 0.00200000
v -0.00902300 0.02251200 0.00350000
v -0.01064500 0.02278000 0.00200000
v -0.01064500 0.02278000 0.00350000
v -0.02278400 0.00575800 0.00350000
v -0.02278400 0.00575800 0.00200000
v -0.02251300 0.00738000 0.00350000
v -0.02251300 0.00738000 0.00200000
v -0.02251200 0.00902300 0.00350000
v -0.02251200 0.00902300 0.00200000
v -0.02278000 0.01064500 0.00350000
v -0.02278000 0.01064500 0.00200000
v -0.02278400 -0.00575800 0.00200000
v -0.02278400 -0.00575800 0.00350000
v -0.02251300 -0.00738000 0.00200000
v -0.02251300 -0.00738000 0.00350000
v -0.02251200 -0.00902300 0.00200000
v -0.02251200 -0.00902300 0.00350000
v -0.02278000 -0.01064500 0.00200000
v -0.02278000 -0.01064500 0.00350000
v 0.00575800 -0.02278400 0.00200000
v 0.00575800 -0.02278400 0.00350000
v 0.00738000 -0.02251300 0.00200000
v 0.00738000 -0.02251300 0.00350000
v 0.00902300 -0.02251200 0.00200000
v 0.00902300 -0.02251200 0.00350000
v 0.01064500 -0.02278000 0.00200000
v 0.01064500 -0.02278000 0.00350000
v -0.00575800 -0.02278400 0.00350000
v -0.00575800 -0.02278400 0.00200000
v -0.00738000 -0.02251300 0.00350000
v -0.00738000 -0.02251300 0.00200000
v -0.00902300 -0.02251200 0.00350000
v -0.00902300 -0.02251200 0.00200000
v -0.01064500 -0.02278000 0.00350000
v -0.01064500 -0.02278000 0.00200000
vn -0.96950000 0.24500000 -0.00000000
vn -0.96950000 0.24500000 -0.00000000
vn -0.99230000 0.12350000 -0.00000000
vn -0.99230000 0.12350000 -0.00000000
vn -1.00000000 -0.00000000 -0.00000000
vn -1.00000000 -0.00000000 -0.00000000
vn -0.99230000 -0.12350000 -0.00000000
vn -0.99230000 -0.12350000 -0.00000000
vn -0.96950000 -0.24500000 -0.00000000
vn -0.96950000 -0.24500000 -0.00000000
vn 0.24500000 -0.96950000 -0.00000000
vn 0.24500000 -0.96950000 -0.00000000
vn 0.12350000 -0.99230000 -0.00000000
vn 0.12350000 -0.99230000 -0.00000000
vn -0.00000000 -1.00000000 -0.00000000
vn -0.00000000 -1.00000000 -0.00000000
vn -0.12350000 -0.99230000 -0.00000000
vn -0.12350000 -0.99230000 -0.00000000
vn -0.24500000 -0.96950000 -0.00000000
vn -0.24500000 -0.96950000 -0.00000000
vn 0.96950000 0.24500000 -0.00000000
vn 0.96950000 0.24500000 -0.00000000
vn 0.99230000 0.12350000 -0.00000000
vn 0.99230000 0.12350000 -0.00000000
vn 1.00000000 -0.00000000 -0.00000000
vn 1.00000000 -0.00000000 -0.00000000
vn 0.99230000 -0.12350000 -0.00000000
vn 0.99230000 -0.12350000 -0.00000000
vn 0.96950000 -0.24500000 -0.00000000
vn 0.96950000 -0.24500000 -0.00000000
vn 0.99450000 0.10450000 -0.00000000
vn 0.99450000 0.10450000 -0.00000000
vn 1.00000000 -0.00000000 -0.00000000
vn 1.00000000 -0.00000000 -0.00000000
vn 1.00000000 -0.00000000 -0.00000000
vn 1.00000000 -0.00000000 -0.00000000
vn 0.99450000 -0.10450000 -0.00000000
vn 0.99450000 -0.10450000 -0.00000000
vn 0.97810000 -0.20790000 -0.00000000
vn 0.97810000 0.20790000 -0.00000000
vn 0.97810000 0.20790000 -0.00000000
vn 0.95110000 0.30900000 -0.00000000
vn 0.95110000 0.30900000 -0.00000000
vn 0.91350000 0.40670000 -0.00000000
vn 0.91350000 0.40670000 -0.00000000
vn 0.86600000 0.50000000 -0.00000000
vn 0.86600000 0.50000000 -0.00000000
vn 0.80900000 0.58780000 -0.00000000
vn 0.80900000 0.58780000 -0.00000000
vn 0.74310000 0.66910000 -0.00000000
vn 0.74310000 0.66910000 -0.00000000
vn 0.66910000 0.74310000 -0.00000000
vn 0.66910000 0.74310000 -0.00000000
vn 0.58780000 0.80900000 -0.00000000
vn 0.58780000 0.80900000 -0.00000000
vn 0.50000000 0.86600000 -0.00000000
vn 0.50000000 0.86600000 -0.00000000
vn 0.40670000 0.91350000 -0.00000000
vn 0.40670000 0.91350000 -0.00000000
vn 0.30900000 0.95110000 -0.00000000
vn 0.30900000 0.95110000 -0.00000000
vn 0.20790000 0.97810000 -0.00000000
vn 0.20790000 0.97810000 -0.00000000
vn 0.10450000 0.99450000 -0.00000000
vn 0.10450000 0.99450000 -0.00000000
vn -0.00000000 1.00000000 -0.00000000
vn -0.00000000 1.00000000 -0.00000000
vn -0.10450000 0.99450000 -0.00000000
vn -0.10450000 0.99450000 -0.00000000
vn -0.20790000 0.97810000 -0.00000000
vn -0.20790000 0.97810000 -0.00000000
vn -0.30900000 0.95110000 -0.00000000
vn -0.30900000 0.95110000 -0.00000000
vn -0.40670000 0.91350000 -0.00000000
vn -0.40670000 0.91350000 -0.00000000
vn -0.50000000 0.86600000 -0.00000000
vn -0.50000000 0.86600000 -0.00000000
vn -0.58780000 0.80900000 -0.00000000
vn -0.58780000 0.80900000 -0.00000000
vn -0.66910000 0.74310000 -0.00000000
vn -0.66910000 0.74310000 -0.00000000
vn -0.74310000 0.66910000 -0.00000000
vn -0.74310000 0.66910000 -0.00000000
vn -0.80900000 0.58780000 -0.00000000
vn -0.80900000 0.58780000 -0.00000000
vn -0.86600000 0.50000000 -0.00000000
vn -0.86600000 0.50000000 -0.00000000
vn -0.91350000 0.40670000 -0.00000000
vn -0.91350000 0.40670000 -0.00000000
vn -0.95110000 0.30900000 -0.00000000
vn -0.95110000 0.30900000 -0.00000000
vn -0.97810000 0.20790000 -0.00000000
vn -0.97810000 0.20790000 -0.00000000
vn -0.99450000 0.10450000 -0.00000000
vn -0.99450000 0.10450000 -0.00000000
vn -1.00000000 -0.00000000 -0.00000000
vn -1.00000000 -0.00000000 -0.00000000
vn -0.99450000 -0.10450000 -0.00000000
vn -0.99450000 -0.10450000 -0.00000000
vn -0.97810000 -0.20790000 -0.00000000
vn -0.97810000 -0.20790000 -0.00000000
vn -0.95110000 -0.30900000 -0.00000000
vn -0.95110000 -0.30900000 -0.00000000
vn -0.91350000 -0.40670000 -0.00000000
vn -0.91350000 -0.40670000 -0.00000000
vn -0.86600000 -0.50000000 -0.00000000
vn -0.86600000 -0.50000000 -0.00000000
vn -0.80900000 -0.58780000 -0.00000000
vn -0.80900000 -0.58780000 -0.00000000
vn -0.74310000 -0.66910000 -0.00000000
vn -0.74310000 -0.66910000 -0.00000000
vn -0.66910000 -0.74310000 -0.00000000
vn -0.66910000 -0.74310000 -0.00000000
vn -0.58780000 -0.80900000 -0.00000000
vn -0.58780000 -0.80900000 -0.00000000
vn -0.50000000 -0.86600000 -0.00000000
vn -0.50000000 -0.86600000 -0.00000000
vn -0.40670000 -0.91350000 -0.00000000
vn -0.40670000 -0.91350000 -0.00000000
vn -0.30900000 -0.95110000 -0.00000000
vn -0.30900000 -0.95110000 -0.00000000
vn -0.20790000 -0.97810000 -0.00000000
vn -0.20790000 -0.97810000 -0.00000000
vn -0.10450000 -0.99450000 -0.00000000
vn -0.10450000 -0.99450000 -0.00000000
vn -0.00000000 -1.00000000 -0.00000000
vn -0.00000000 -1.00000000 -0.00000000
vn 0.10450000 -0.99450000 -0.00000000
vn 0.10450000 -0.99450000 -0.00000000
vn 0.20790000 -0.97810000 -0.00000000
vn 0.20790000 -0.97810000 -0.00000000
vn 0.30900000 -0.95110000 -0.00000000
vn 0.30900000 -0.95110000 -0.00000000
vn 0.40670000 -0.91350000 -0.00000000
vn 0.40670000 -0.91350000 -0.00000000
vn 0.50000000 -0.86600000 -0.00000000
vn 0.50000000 -0.86600000 -0.00000000
vn 0.58780000 -0.80900000 -0.00000000
vn 0.58780000 -0.80900000 -0.00000000
vn 0.66910000 -0.74310000 -0.00000000
vn 0.66910000 -0.74310000 -0.00000000
vn 0.74310000 -0.66910000 -0.00000000
vn 0.74310000 -0.66910000 -0.00000000
vn 0.80900000 -0.58780000 -0.00000000
vn 0.80900000 -0.58780000 -0.00000000
vn 0.86600000 -0.50000000 -0.00000000
vn 0.86600000 -0.50000000 -0.00000000
vn 0.91350000 -0.40670000 -0.00000000
vn 0.91350000 -0.40670000 -0.00000000
vn 0.95110000 -0.30900000 -0.00000000
vn 0.95110000 -0.30900000 -0.00000000
vn 0.97810000 -0.20790000 -0.00000000
vn -0.00000000 -0.00000000 -1.00000000
vn -0.00000000 -0.00000000 -1.00000000
vn -0.00000000 -0.00000000 -1.00000000
vn -0.00000000 -0.00000000 -1.00000000
vn -0.00000000 -0.00000000 -1.00000000
vn -0.00000000 -0.00000000 -1.00000000
vn -0.00000000 -0.00000000 -1.00000000
vn -0.00000000 -0.00000000 -1.00000000
vn -0.00000000 -0.00000000 -1.00000000
vn -0.00000000 -0.00000000 -1.00000000
vn -0.00000000 -0.00000000 -1.00000000
vn -0.00000000 -0.00000000 -1.00000000
vn -0.00000000 -0.00000000 -1.00000000
vn -0.00000000 -0.00000000 -1.00000000
vn -0.00000000 -0.00000000 -1.00000000
vn -0.00000000 -0.00000000 -1.00000000
vn -0.00000000 -0.00000000 -1.00000000
vn -0.00000000 -0.00000000 -1.00000000
vn -0.00000000 -0.00000000 -1.00000000
vn -0.00000000 -0.00000000 -1.00000000
vn -0.00000000 -0.00000000 -1.00000000
vn -0.00000000 -0.00000000 -1.00000000
vn -0.00000000 -0.00000000 -1.00000000
vn -0.00000000 -0.00000000 -1.00000000
vn -0.00000000 -0.00000000 -1.00000000
vn -0.00000000 -0.00000000 -1.00000000
vn -0.00000000 -0.00000000 -1.00000000
vn -0.00000000 -0.00000000 -1.00000000
vn -0.00000000 -0.00000000 -1.00000000
vn -0.00000000 -0.00000000 -1.00000000
vn -0.00000000 -0.00000000 -1.00000000
vn -0.00000000 -0.00000000 -1.00000000
vn -0.00000000 -0.00000000 -1.00000000
vn -0.00000000 -0.00000000 -1.00000000
vn -0.00000000 -0.00000000 -1.00000000
vn -0.00000000 -0.00000000 -1.00000000
vn -0.00000000 -0.00000000 -1.00000000
vn -0.00000000 -0.00000000 -1.00000000
vn -0.00000000 -0.00000000 -1.00000000
vn -0.00000000 -0.00000000 -1.00000000
vn -0.00000000 -0.00000000 -1.00000000
vn -0.00000000 -0.00000000 -1.00000000
vn -0.00000000 -0.00000000 -1.00000000
vn -0.00000000 -0.00000000 -1.00000000
vn -0.00000000 -0.00000000 -1.00000000
vn -0.00000000 -0.00000000 -1.00000000
vn -0.00000000 -0.00000000 -1.00000000
vn -0.00000000 -0.00000000 -1.00000000
vn -0.00000000 -0.00000000 -1.00000000
vn -0.00000000 -0.00000000 -1.00000000
vn -0.00000000 -0.00000000 -1.00000000
vn -0.00000000 -0.00000000 -1.00000000
vn -0.00000000 -0.00000000 -1.00000000
vn -0.00000000 -0.00000000 -1.00000000
vn -0.00000000 -0.00000000 -1.00000000
vn -0.00000000 -0.00000000 -1.00000000
vn -0.00000000 -0.00000000 -1.00000000
vn -0.00000000 -0.00000000 -1.00000000
vn -0.00000000 -0.00000000 -1.00000000
vn -0.00000000 -0.00000000 -1.00000000
vn -0.00000000 -0.00000000 -1.00000000
vn -0.00000000 -0.00000000 -1.00000000
vn -0.00000000 -0.00000000 -1.00000000
vn -0.00000000 -0.00000000 -1.00000000
vn -0.00000000 -0.00000000 -1.00000000
vn -0.00000000 -0.00000000 -1.00000000
vn -0.00000000 -0.00000000 -1.00000000
vn -0.00000000 -0.00000000 -1.00000000
vn -0.00000000 -0.00000000 -1.00000000
vn -0.00000000 -0.00000000 -1.00000000
vn -0.00000000 -0.00000000 -1.00000000
vn -0.00000000 -0.00000000 -1.00000000
vn -0.00000000 -0.00000000 -1.00000000
vn -0.00000000 -0.00000000 -1.00000000
vn -0.00000000 -0.00000000 -1.00000000
vn -0.00000000 -0.00000000 -1.00000000
vn -0.00000000 -0.00000000 -1.00000000
vn -0.00000000 -0.00000000 -1.00000000
vn -0.00000000 -0.00000000 -1.00000000
vn -0.00000000 -0.00000000 -1.00000000
vn -0.00000000 -0.00000000 -1.00000000
vn -0.00000000 -0.00000000 -1.00000000
vn -0.00000000 -0.00000000 -1.00000000
vn -0.00000000 -0.00000000 -1.00000000
vn -0.00000000 -0.00000000 -1.00000000
vn -0.00000000 -0.00000000 -1.00000000
vn -0.00000000 -0.00000000 -1.00000000
vn -0.00000000 -0.00000000 -1.00000000
vn -0.00000000 -0.00000000 -1.00000000
vn -0.00000000 -0.00000000 -1.00000000
vn -0.00000000 -0.00000000 -1.00000000
vn -0.00000000 -0.00000000 -1.00000000
vn -0.00000000 -0.00000000 -1.00000000
vn -0.00000000 -0.00000000 -1.00000000
vn -0.00000000 -0.00000000 -1.00000000
vn -0.00000000 -0.00000000 -1.00000000
vn -0.00000000 -0.00000000 -1.00000000
vn -0.00000000 -0.00000000 -1.00000000
vn -0.00000000 -0.00000000 -1.00000000
vn -0.00000000 -0.00000000 -1.00000000
vn -0.00000000 -0.00000000 -1.00000000
vn -0.00000000 -0.00000000 -1.00000000
vn -0.00000000 -0.00000000 -1.00000000
vn -0.00000000 -0.00000000 -1.00000000
vn -0.00000000 -0.00000000 -1.00000000
vn -0.00000000 -0.00000000 -1.00000000
vn -0.00000000 -0.00000000 -1.00000000
vn -0.00000000 -0.00000000 -1.00000000
vn -0.00000000 -0.00000000 -1.00000000
vn -0.00000000 -0.00000000 -1.00000000
vn -0.00000000 -0.00000000 -1.00000000
vn -0.00000000 -0.00000000 -1.00000000
vn -0.00000000 -0.00000000 -1.00000000
vn -0.00000000 -0.00000000 -1.00000000
vn -0.00000000 -0.00000000 -1.00000000
vn -0.00000000 -0.00000000 -1.00000000
vn -0.00000000 -0.00000000 -1.00000000
vn -0.00000000 -0.00000000 -1.00000000
vn -0.00000000 -0.00000000 -1.00000000
vn -0.00000000 -0.00000000 -1.00000000
vn -0.00000000 -0.00000000 -1.00000000
vn -0.00000000 -0.00000000 -1.00000000
vn -0.00000000 -0.00000000 -1.00000000
vn -0.00000000 -0.00000000 -1.00000000
vn -0.00000000 -0.00000000 -1.00000000
vn -0.00000000 -0.00000000 -1.00000000
vn -0.00000000 -0.00000000 -1.00000000
vn -0.00000000 -0.00000000 -1.00000000
vn -0.00000000 -0.00000000 -1.00000000
vn -0.00000000 -0.00000000 -1.00000000
vn -0.00000000 -0.00000000 -1.00000000
vn -0.00000000 -0.00000000 -1.00000000
vn -0.00000000 -0.00000000 -1.00000000
vn -0.00000000 -0.00000000 -1.00000000
vn -0.00000000 -0.00000000 -1.00000000
vn -0.00000000 -0.00000000 -1.00000000
vn -0.00000000 -0.00000000 1.00000000
vn -0.00000000 -0.00000000 1.00000000
vn -0.00000000 -0.00000000 1.00000000
vn -0.00000000 -0.00000000 1.00000000
vn -0.00000000 -0.00000000 1.00000000
vn -0.00000000 -0.00000000 1.00000000
vn -0.00000000 -0.00000000 1.00000000
vn -0.00000000 -0.00000000 1.00000000
vn -0.00000000 -0.00000000 1.00000000
vn -0.00000000 -0.00000000 1.00000000
vn -0.00000000 -0.00000000 1.00000000
vn -0.00000000 -0.00000000 1.00000000
vn -0.00000000 -0.00000000 1.00000000
vn -0.00000000 -0.00000000 1.00000000
vn -0.00000000 -0.00000000 1.00000000
vn -0.00000000 -0.00000000 1.00000000
vn -0.00000000 -0.00000000 1.00000000
vn -0.00000000 -0.00000000 1.00000000
vn -0.00000000 -0.00000000 1.00000000
vn -0.00000000 -0.00000000 1.00000000
vn -0.00000000 -0.00000000 1.00000000
vn -0.00000000 -0.00000000 1.00000000
vn -0.00000000 -0.00000000 1.00000000
vn -0.00000000 -0.00000000 1.00000000
vn -0.00000000 -0.00000000 1.00000000
vn -0.00000000 -0.00000000 1.00000000
vn -0.00000000 -0.00000000 1.00000000
vn -0.00000000 -0.00000000 1.00000000
vn -0.00000000 -0.00000000 1.00000000
vn -0.00000000 -0.00000000 1.00000000
vn -0.00000000 -0.00000000 1.00000000
vn -0.00000000 -0.00000000 1.00000000
vn -0.00000000 -0.00000000 1.00000000
vn -0.00000000 -0.00000000 1.00000000
vn -0.00000000 -0.00000000 1.00000000
vn -0.00000000 -0.00000000 1.00000000
vn -0.00000000 -0.00000000 1.00000000
vn -0.00000000 -0.00000000 1.00000000
vn -0.00000000 -0.00000000 1.00000000
vn -0.00000000 -0.00000000 1.00000000
vn -0.00000000 -0.00000000 1.00000000
vn -0.00000000 -0.00000000 1.00000000
vn -0.00000000 -0.00000000 1.00000000
vn -0.00000000 -0.00000000 1.00000000
vn -0.00000000 -0.00000000 1.00000000
vn -0.00000000 -0.00000000 1.00000000
vn -0.00000000 -0.00000000 1.00000000
vn -0.00000000 -0.00000000 1.00000000
vn -0.00000000 -0.00000000 1.00000000
vn -0.00000000 -0.00000000 1.00000000
vn -0.00000000 -0.00000000 1.00000000
vn -0.00000000 -0.00000000 1.00000000
vn -0.00000000 -0.00000000 1.00000000
vn -0.00000000 -0.00000000 1.00000000
vn -0.00000000 -0.00000000 1.00000000
vn -0.00000000 -0.00000000 1.00000000
vn -0.00000000 -0.00000000 1.00000000
vn -0.00000000 -0.00000000 1.00000000
vn -0.00000000 -0.00000000 1.00000000
vn -0.00000000 -0.00000000 1.00000000
vn -0.00000000 -0.00000000 1.00000000
vn -0.00000000 -0.00000000 1.00000000
vn -0.00000000 -0.00000000 1.00000000
vn -0.00000000 -0.00000000 1.00000000
vn -0.00000000 -0.00000000 1.00000000
vn -0.00000000 -0.00000000 1.00000000
vn -0.00000000 -0.00000000 1.00000000
vn -0.00000000 -0.00000000 1.00000000
vn -0.00000000 -0.00000000 1.00000000
vn -0.00000000 -0.00000000 1.00000000
vn -0.00000000 -0.00000000 1.00000000
vn -0.00000000 -0.00000000 1.00000000
vn -0.00000000 -0.00000000 1.00000000
vn -0.00000000 -0.00000000 1.00000000
vn -0.00000000 -0.00000000 1.00000000
vn -0.00000000 -0.00000000 1.00000000
vn -0.00000000 -0.00000000 1.00000000
vn -0.00000000 -0.00000000 1.00000000
vn -0.00000000 -0.00000000 1.00000000
vn -0.00000000 -0.00000000 1.00000000
vn -0.00000000 -0.00000000 1.00000000
vn -0.00000000 -0.00000000 1.00000000
vn -0.00000000 -0.00000000 1.00000000
vn -0.00000000 -0.00000000 1.00000000
vn -0.00000000 -0.00000000 1.00000000
vn -0.00000000 -0.00000000 1.00000000
vn -0.00000000 -0.00000000 1.00000000
vn -0.00000000 -0.00000000 1.00000000
vn -0.00000000 -0.00000000 1.00000000
vn -0.00000000 -0.00000000 1.00000000
vn -0.00000000 -0.00000000 1.00000000
vn -0.00000000 -0.00000000 1.00000000
vn -0.00000000 -0.00000000 1.00000000
vn -0.00000000 -0.00000000 1.00000000
vn -0.00000000 -0.00000000 1.00000000
vn -0.00000000 -0.00000000 1.00000000
vn -0.00000000 -0.00000000 1.00000000
vn -0.00000000 -0.00000000 1.00000000
vn -0.00000000 -0.00000000 1.00000000
vn -0.00000000 -0.00000000 1.00000000
vn -0.00000000 -0.00000000 1.00000000
vn -0.00000000 -0.00000000 1.00000000
vn -0.00000000 -0.00000000 1.00000000
vn -0.00000000 -0.00000000 1.00000000
vn -0.00000000 -0.00000000 1.00000000
vn -0.00000000 -0.00000000 1.00000000
vn -0.00000000 -0.00000000 1.00000000
vn -0.00000000 -0.00000000 1.00000000
vn -0.00000000 -0.00000000 1.00000000
vn -0.00000000 -0.00000000 1.00000000
vn -0.00000000 -0.00000000 1.00000000
vn -0.00000000 -0.00000000 1.00000000
vn -0.00000000 -0.00000000 1.00000000
vn -0.00000000 -0.00000000 1.00000000
vn -0.00000000 -0.00000000 1.00000000
vn -0.00000000 -0.00000000 1.00000000
vn -0.00000000 -0.00000000 1.00000000
vn -0.00000000 -0.00000000 1.00000000
vn -0.00000000 -0.00000000 1.00000000
vn -0.00000000 -0.00000000 1.00000000
vn -0.00000000 -0.00000000 1.00000000
vn -0.00000000 -0.00000000 1.00000000
vn -0.00000000 -0.00000000 1.00000000
vn -0.00000000 -0.00000000 1.00000000
vn -0.00000000 -0.00000000 1.00000000
vn -0.00000000 -0.00000000 1.00000000
vn -0.00000000 -0.00000000 1.00000000
vn -0.00000000 -0.00000000 1.00000000
vn -0.00000000 -0.00000000 1.00000000
vn -0.00000000 -0.00000000 1.00000000
vn -0.00000000 -0.00000000 1.00000000
vn -0.00000000 -0.00000000 1.00000000
vn -0.00000000 -0.00000000 1.00000000
vn -0.00000000 -0.00000000 1.00000000
vn -0.00000000 -0.00000000 1.00000000
vn -0.00000000 -0.00000000 1.00000000
vn -0.00000000 -0.00000000 1.00000000
vn -0.00000000 -0.00000000 1.00000000
vn -0.00000000 -0.00000000 1.00000000
vn -0.00000000 -0.00000000 1.00000000
vn -0.00000000 -0.00000000 1.00000000
vn -0.00000000 -0.00000000 1.00000000
vn -0.00000000 -0.00000000 1.00000000
vn -0.00000000 -0.00000000 1.00000000
vn -0.00000000 -0.00000000 1.00000000
vn -0.00000000 -0.00000000 1.00000000
vn -0.00000000 -0.00000000 1.00000000
vn -0.00000000 -0.00000000 1.00000000
vn -0.00000000 -0.00000000 1.00000000
vn -0.00000000 -0.00000000 1.00000000
vn -0.00000000 -0.00000000 1.00000000
vn -0.00000000 -0.00000000 1.00000000
vn -0.00000000 -0.00000000 1.00000000
vn -0.00000000 -0.00000000 1.00000000
vn -0.00000000 -0.00000000 1.00000000
vn -0.00000000 -0.00000000 1.00000000
vn -0.00000000 -0.00000000 1.00000000
vn -0.00000000 -0.00000000 1.00000000
vn -0.00000000 -0.00000000 1.00000000
vn -0.00000000 -0.00000000 1.00000000
vn -0.00000000 -0.00000000 1.00000000
vn -0.00000000 -0.00000000 1.00000000
vn -0.00000000 -0.00000000 1.00000000
vn -0.00000000 -0.00000000 1.00000000
vn -0.00000000 -0.00000000 1.00000000
vn -0.00000000 -0.00000000 1.00000000
vn -0.00000000 -0.00000000 1.00000000
vn -0.00000000 -0.00000000 1.00000000
vn -0.00000000 -0.00000000 1.00000000
vn -0.00000000 -0.00000000 1.00000000
vn -0.00000000 -0.00000000 1.00000000
vn -0.00000000 -0.00000000 1.00000000
vn -0.00000000 -0.00000000 1.00000000
vn -0.00000000 -0.00000000 1.00000000
vn -0.00000000 -0.00000000 1.00000000
vn -0.00000000 -0.00000000 1.00000000
vn -0.00000000 -0.00000000 1.00000000
vn -0.00000000 -0.00000000 1.00000000
vn -0.00000000 -0.00000000 1.00000000
vn -0.00000000 -0.00000000 1.00000000
vn -0.00000000 -0.00000000 1.00000000
vn -0.00000000 -0.00000000 1.00000000
vn -0.00000000 -0.00000000 1.00000000
vn -0.00000000 -0.00000000 1.00000000
vn -0.00000000 -0.00000000 1.00000000
vn -0.00000000 -0.00000000 1.00000000
vn -0.00000000 -0.00000000 1.00000000
vn -0.00000000 -0.00000000 1.00000000
vn -0.00000000 -0.00000000 1.00000000
vn -0.00000000 -0.00000000 1.00000000
vn -0.00000000 -0.00000000 1.00000000
vn -0.00000000 -0.00000000 1.00000000
vn -0.00000000 -0.00000000 1.00000000
vn -0.00000000 -0.00000000 1.00000000
vn -0.00000000 -0.00000000 1.00000000
vn -0.00000000 -0.00000000 1.00000000
vn -0.00000000 -0.00000000 1.00000000
vn -0.00000000 -0.00000000 1.00000000
vn -0.00000000 -0.00000000 1.00000000
vn -0.00000000 -0.00000000 1.00000000
vn -0.90100000 -0.43390000 -0.00000000
vn -0.90100000 -0.43390000 -0.00000000
vn -1.00000000 -0.00010000 -0.00000000
vn -1.00000000 -0.00010000 -0.00000000
vn -1.00000000 0.00010000 -0.00000000
vn -1.00000000 0.00010000 -0.00000000
vn -0.90100000 0.43390000 -0.00000000
vn -0.90100000 0.43390000 -0.00000000
vn -0.62350000 0.78180000 -0.00000000
vn -0.62350000 0.78180000 -0.00000000
vn -0.22250000 0.97490000 -0.00000000
vn -0.22250000 0.97490000 -0.00000000
vn 0.22250000 0.97490000 -0.00000000
vn 0.22250000 0.97490000 -0.00000000
vn 0.62350000 0.78180000 -0.00000000
vn 0.62350000 0.78190000 -0.00000000
vn 0.90100000 0.43390000 -0.00000000
vn 0.90100000 0.43390000 -0.00000000
vn 1.00000000 -0.00000000 -0.00000000
vn 1.00000000 -0.00000000 -0.00000000
vn 0.90100000 -0.43390000 -0.00000000
vn 0.90100000 -0.43390000 -0.00000000
vn 0.62350000 -0.78190000 -0.00000000
vn 0.62350000 -0.78180000 -0.00000000
vn 0.22250000 -0.97490000 -0.00000000
vn 0.22250000 -0.97490000 -0.00000000
vn -0.22250000 -0.97490000 -0.00000000
vn -0.22250000 -0.97490000 -0.00000000
vn -0.62350000 -0.78180000 -0.00000000
vn -0.62350000 -0.78180000 -0.00000000
vn 0.66880000 0.22960000 -0.70710000
vn 0.70710000 -0.00000000 -0.70710000
vn 0.70710000 -0.00000000 -0.70710000
vn 0.70710000 -0.00000000 -0.70710000
vn 0.70710000 -0.00000000 -0.70710000
vn 0.66880000 -0.22960000 -0.70710000
vn 0.63710000 -0.30680000 -0.70710000
vn 0.55800000 -0.43430000 -0.70710000
vn 0.44090000 -0.55280000 -0.70710000
vn 0.38670000 -0.59200000 -0.70710000
vn 0.15730000 -0.68940000 -0.70710000
vn 0.17370000 -0.68540000 -0.70710000
vn -0.05840000 -0.70470000 -0.70710000
vn -0.15730000 -0.68940000 -0.70710000
vn -0.28400000 -0.64760000 -0.70710000
vn -0.44090000 -0.55280000 -0.70710000
vn -0.47890000 -0.52020000 -0.70710000
vn -0.63710000 -0.30680000 -0.70710000
vn -0.62190000 -0.33650000 -0.70710000
vn -0.69750000 -0.11640000 -0.70710000
vn -0.70710000 -0.00000000 -0.70710000
vn -0.69750000 0.11640000 -0.70710000
vn -0.63710000 0.30680000 -0.70710000
vn -0.62190000 0.33660000 -0.70710000
vn -0.47890000 0.52020000 -0.70710000
vn -0.44090000 0.55280000 -0.70710000
vn -0.28400000 0.64760000 -0.70710000
vn -0.15730000 0.68940000 -0.70710000
vn -0.05840000 0.70470000 -0.70710000
vn 0.15730000 0.68940000 -0.70710000
vn 0.17360000 0.68550000 -0.70710000
vn 0.38670000 0.59200000 -0.70710000
vn 0.44090000 0.55280000 -0.70710000
vn 0.55800000 0.43430000 -0.70710000
vn 0.63710000 0.30680000 -0.70710000
vn -0.43390000 0.90100000 -0.00000000
vn -0.43390000 0.90100000 -0.00000000
vn -0.00010000 1.00000000 -0.00000000
vn -0.00010000 1.00000000 -0.00000000
vn -0.00000000 1.00000000 -0.00000000
vn 0.00010000 1.00000000 -0.00000000
vn 0.43390000 0.90100000 -0.00000000
vn 0.43390000 0.90100000 -0.00000000
vn 0.78180000 0.62350000 -0.00000000
vn 0.78180000 0.62350000 -0.00000000
vn 0.97490000 0.22250000 -0.00000000
vn 0.97490000 0.22250000 -0.00000000
vn 0.97490000 -0.22250000 -0.00000000
vn 0.97490000 -0.22250000 -0.00000000
vn 0.78180000 -0.62350000 -0.00000000
vn 0.78190000 -0.62350000 -0.00000000
vn 0.43390000 -0.90100000 -0.00000000
vn 0.43390000 -0.90100000 -0.00000000
vn -0.00000000 -1.00000000 -0.00000000
vn -0.00000000 -1.00000000 -0.00000000
vn -0.43390000 -0.90100000 -0.00000000
vn -0.43390000 -0.90100000 -0.00000000
vn -0.78190000 -0.62350000 -0.00000000
vn -0.78180000 -0.62350000 -0.00000000
vn -0.97490000 -0.22250000 -0.00000000
vn -0.97490000 -0.22250000 -0.00000000
vn -0.97490000 0.22250000 -0.00000000
vn -0.97490000 0.22250000 -0.00000000
vn -0.78180000 0.62350000 -0.00000000
vn -0.78180000 0.62350000 -0.00000000
vn 0.22960000 -0.66880000 -0.70710000
vn -0.00000000 -0.70710000 -0.70710000
vn -0.00000000 -0.70710000 -0.70710000
vn -0.00000000 -0.70710000 -0.70710000
vn -0.00000000 -0.70710000 -0.70710000
vn -0.22960000 -0.66880000 -0.70710000
vn -0.30680000 -0.63710000 -0.70710000
vn -0.43430000 -0.55800000 -0.70710000
vn -0.55280000 -0.44090000 -0.70710000
vn -0.59200000 -0.38680000 -0.70710000
vn -0.68940000 -0.15730000 -0.70710000
vn -0.68550000 -0.17360000 -0.70710000
vn -0.70470000 0.05840000 -0.70710000
vn -0.68940000 0.15730000 -0.70710000
vn -0.64750000 0.28400000 -0.70710000
vn -0.55280000 0.44090000 -0.70710000
vn -0.52020000 0.47890000 -0.70710000
vn -0.30680000 0.63710000 -0.70710000
vn -0.33650000 0.62190000 -0.70710000
vn -0.11640000 0.69750000 -0.70710000
vn -0.00000000 0.70710000 -0.70710000
vn 0.11640000 0.69750000 -0.70700000
vn 0.30680000 0.63710000 -0.70710000
vn 0.33650000 0.62190000 -0.70710000
vn 0.52020000 0.47890000 -0.70710000
vn 0.55280000 0.44090000 -0.70710000
vn 0.64750000 0.28400000 -0.70710000
vn 0.68940000 0.15730000 -0.70710000
vn 0.70470000 0.05840000 -0.70710000
vn 0.68940000 -0.15730000 -0.70710000
vn 0.68550000 -0.17360000 -0.70710000
vn 0.59200000 -0.38680000 -0.70710000
vn 0.55280000 -0.44090000 -0.70710000
vn 0.43430000 -0.55800000 -0.70710000
vn 0.30680000 -0.63710000 -0.70710000
vn 0.90100000 0.43390000 -0.00000000
vn 0.90100000 0.43390000 -0.00000000
vn 1.00000000 0.00010000 -0.00000000
vn 1.00000000 0.00010000 -0.00000000
vn 1.00000000 -0.00010000 -0.00000000
vn 1.00000000 -0.00010000 -0.00000000
vn 0.90100000 -0.43390000 -0.00000000
vn 0.90100000 -0.43390000 -0.00000000
vn 0.62350000 -0.78180000 -0.00000000
vn 0.62350000 -0.78180000 -0.00000000
vn 0.22250000 -0.97490000 -0.00000000
vn 0.22250000 -0.97490000 -0.00000000
vn -0.22250000 -0.97490000 -0.00000000
vn -0.22250000 -0.97490000 -0.00000000
vn -0.62350000 -0.78180000 -0.00000000
vn -0.62350000 -0.78190000 -0.00000000
vn -0.90100000 -0.43390000 -0.00000000
vn -0.90100000 -0.43390000 -0.00000000
vn -1.00000000 -0.00000000 -0.00000000
vn -1.00000000 -0.00000000 -0.00000000
vn -0.90100000 0.43390000 -0.00000000
vn -0.90100000 0.43390000 -0.00000000
vn -0.62350000 0.78190000 -0.00000000
vn -0.62350000 0.78180000 -0.00000000
vn -0.22250000 0.97490000 -0.00000000
vn -0.22250000 0.97490000 -0.00000000
vn 0.22250000 0.97490000 -0.00000000
vn 0.22250000 0.97490000 -0.00000000
vn 0.62350000 0.78180000 -0.00000000
vn 0.62350000 0.78180000 -0.00000000
vn -0.66880000 -0.22960000 -0.70710000
vn -0.70710000 -0.00000000 -0.70710000
vn -0.70710000 -0.00000000 -0.70710000
vn -0.70710000 -0.00000000 -0.70710000
vn -0.70710000 -0.00000000 -0.70710000
vn -0.66880000 0.22960000 -0.70710000
vn -0.63710000 0.30680000 -0.70710000
vn -0.55800000 0.43430000 -0.70710000
vn -0.44090000 0.55280000 -0.70710000
vn -0.38680000 0.59200000 -0.70710000
vn -0.15730000 0.68940000 -0.70710000
vn -0.17370000 0.68540000 -0.70710000
vn 0.05840000 0.70470000 -0.70710000
vn 0.15730000 0.68940000 -0.70710000
vn 0.28400000 0.64760000 -0.70710000
vn 0.44090000 0.55280000 -0.70710000
vn 0.47890000 0.52020000 -0.70710000
vn 0.63710000 0.30680000 -0.70710000
vn 0.62190000 0.33660000 -0.70710000
vn 0.69750000 0.11640000 -0.70710000
vn 0.70710000 -0.00000000 -0.70710000
vn 0.69750000 -0.11640000 -0.70710000
vn 0.63710000 -0.30680000 -0.70710000
vn 0.62190000 -0.33650000 -0.70710000
vn 0.47890000 -0.52020000 -0.70710000
vn 0.44090000 -0.55280000 -0.70710000
vn 0.28400000 -0.64750000 -0.70710000
vn 0.15730000 -0.68940000 -0.70710000
vn 0.05840000 -0.70470000 -0.70710000
vn -0.15730000 -0.68940000 -0.70710000
vn -0.17360000 -0.68550000 -0.70710000
vn -0.38670000 -0.59200000 -0.70710000
vn -0.44090000 -0.55280000 -0.70710000
vn -0.55800000 -0.43430000 -0.70710000
vn -0.63710000 -0.30680000 -0.70710000
vn 0.43390000 -0.90100000 -0.00000000
vn 0.43390000 -0.90100000 -0.00000000
vn 0.00010000 -1.00000000 -0.00000000
vn 0.00010000 -1.00000000 -0.00000000
vn -0.00000000 -1.00000000 -0.00000000
vn -0.00010000 -1.00000000 -0.00000000
vn -0.43390000 -0.90100000 -0.00000000
vn -0.43390000 -0.90100000 -0.00000000
vn -0.78180000 -0.62350000 -0.00000000
vn -0.78180000 -0.62350000 -0.00000000
vn -0.97490000 -0.22250000 -0.00000000
vn -0.97490000 -0.22250000 -0.00000000
vn -0.97490000 0.22250000 -0.00000000
vn -0.97490000 0.22250000 -0.00000000
vn -0.78180000 0.62350000 -0.00000000
vn -0.78190000 0.62350000 -0.00000000
vn -0.43390000 0.90100000 -0.00000000
vn -0.43390000 0.90100000 -0.00000000
vn -0.00000000 1.00000000 -0.00000000
vn -0.00000000 1.00000000 -0.00000000
vn 0.43390000 0.90100000 -0.00000000
vn 0.43390000 0.90100000 -0.00000000
vn 0.78190000 0.62350000 -0.00000000
vn 0.78180000 0.62350000 -0.00000000
vn 0.97490000 0.22250000 -0.00000000
vn 0.97490000 0.22250000 -0.00000000
vn 0.97490000 -0.22250000 -0.00000000
vn 0.97490000 -0.22250000 -0.00000000
vn 0.78180000 -0.62350000 -0.00000000
vn 0.78180000 -0.62350000 -0.00000000
vn -0.22960000 0.66880000 -0.70710000
vn -0.00000000 0.70710000 -0.70710000
vn -0.00000000 0.70710000 -0.70710000
vn -0.00000000 0.70710000 -0.70710000
vn -0.00000000 0.70710000 -0.70710000
vn 0.22960000 0.66880000 -0.70710000
vn 0.30680000 0.63710000 -0.70710000
vn 0.43430000 0.55800000 -0.70710000
vn 0.55280000 0.44090000 -0.70710000
vn 0.59200000 0.38670000 -0.70710000
vn 0.68940000 0.15730000 -0.70710000
vn 0.68550000 0.17360000 -0.70710000
vn 0.70470000 -0.05840000 -0.70710000
vn 0.68940000 -0.15730000 -0.70710000
vn 0.64750000 -0.28400000 -0.70710000
vn 0.55280000 -0.44090000 -0.70710000
vn 0.52020000 -0.47890000 -0.70710000
vn 0.30680000 -0.63710000 -0.70710000
vn 0.33650000 -0.62190000 -0.70710000
vn 0.11640000 -0.69750000 -0.70710000
vn -0.00000000 -0.70710000 -0.70710000
vn -0.11640000 -0.69750000 -0.70710000
vn -0.30680000 -0.63710000 -0.70710000
vn -0.33650000 -0.62190000 -0.70710000
vn -0.52020000 -0.47900000 -0.70710000
vn -0.55280000 -0.44090000 -0.70710000
vn -0.64750000 -0.28400000 -0.70710000
vn -0.68940000 -0.15730000 -0.70710000
vn -0.70470000 -0.05840000 -0.70710000
vn -0.68940000 0.15730000 -0.70710000
vn -0.68540000 0.17370000 -0.70710000
vn -0.59200000 0.38670000 -0.70710000
vn -0.55280000 0.44090000 -0.70710000
vn -0.43430000 0.55800000 -0.70710000
vn -0.30680000 0.63710000 -0.70710000
vn 0.24500000 0.96950000 -0.00000000
vn 0.24500000 0.96950000 -0.00000000
vn 0.12350000 0.99230000 -0.00000000
vn 0.12350000 0.99230000 -0.00000000
vn -0.00000000 1.00000000 -0.00000000
vn -0.00000000 1.00000000 -0.00000000
vn -0.12350000 0.99230000 -0.00000000
vn -0.12350000 0.99230000 -0.00000000
vn -0.24500000 0.96950000 -0.00000000
vn -0.24500000 0.96950000 -0.00000000
vn -0.00000000 -0.00000000 1.00000000
vn -0.00000000 -0.00000000 1.00000000
vn -0.00000000 -0.00000000 1.00000000
vn -0.00000000 -0.00000000 1.00000000
vn -0.00000000 -0.00000000 1.00000000
vn -0.00000000 -0.00000000 1.00000000
vn -0.00000000 -0.00000000 1.00000000
vn -0.00000000 -0.00000000 1.00000000
vn -0.00000000 -0.00000000 1.00000000
vn -0.00000000 -0.00000000 1.00000000
vn -0.00000000 -0.00000000 1.00000000
vn -0.00000000 -0.00000000 1.00000000
vn -0.00000000 -0.00000000 1.00000000
vn -0.00000000 -0.00000000 1.00000000
vn -0.00000000 -0.00000000 1.00000000
vn -0.00000000 -0.00000000 1.00000000
vn -0.00000000 -0.00000000 1.00000000
vn -0.00000000 -0.00000000 1.00000000
vn -0.00000000 -0.00000000 1.00000000
vn -0.00000000 -0.00000000 1.00000000
vn -0.00000000 -0.00000000 1.00000000
vn -0.00000000 -0.00000000 1.00000000
vn -0.00000000 -0.00000000 1.00000000
vn -0.00000000 -0.00000000 1.00000000
vn -0.00000000 -0.00000000 1.00000000
vn -0.00000000 -0.00000000 1.00000000
vn -0.00000000 -0.00000000 1.00000000
vn -0.00000000 -0.00000000 1.00000000
vn -0.00000000 -0.00000000 1.00000000
vn -0.00000000 -0.00000000 1.00000000
vn -0.00000000 -0.00000000 1.00000000
vn -0.00000000 -0.00000000 1.00000000
vn -0.00000000 -0.00000000 1.00000000
vn -0.00000000 -0.00000000 1.00000000
vn -0.00000000 -0.00000000 1.00000000
vn -0.00000000 -0.00000000 1.00000000
vn -0.00000000 -0.00000000 1.00000000
vn -0.00000000 -0.00000000 1.00000000
vn -0.00000000 -0.00000000 1.00000000
vn -0.00000000 -0.00000000 1.00000000
vn -0.00000000 -0.00000000 1.00000000
vn -0.00000000 -0.00000000 1.00000000
vn -0.00000000 -0.00000000 1.00000000
vn -0.00000000 -0.00000000 1.00000000
vn -0.00000000 -0.00000000 1.00000000
vn -0.00000000 -0.00000000 1.00000000
vn -0.00000000 -0.00000000 1.00000000
vn -0.00000000 -0.00000000 1.00000000
vn -0.00000000 -0.00000000 1.00000000
vn -0.00000000 -0.00000000 1.00000000
vn -0.00000000 -0.00000000 1.00000000
vn -0.00000000 -0.00000000 1.00000000
vn -0.00000000 -0.00000000 1.00000000
vn -0.00000000 -0.00000000 1.00000000
vn -0.00000000 -0.00000000 1.00000000
vn -0.00000000 -0.00000000 1.00000000
vn -0.00000000 -0.00000000 1.00000000
vn -0.00000000 -0.00000000 1.00000000
vn -0.00000000 -0.00000000 1.00000000
vn -0.00000000 -0.00000000 1.00000000
vn -0.00000000 -0.00000000 1.00000000
vn -0.00000000 -0.00000000 1.00000000
vn -0.00000000 -0.00000000 1.00000000
vn -0.00000000 -0.00000000 1.00000000
vn -0.00000000 -0.00000000 1.00000000
vn -0.00000000 -0.00000000 1.00000000
vn -0.00000000 -0.00000000 1.00000000
vn -0.00000000 -0.00000000 1.00000000
vn -0.00000000 -0.00000000 1.00000000
vn -0.00000000 -0.00000000 1.00000000
vn -0.00000000 -0.00000000 1.00000000
vn -0.00000000 -0.00000000 1.00000000
vn -0.00000000 -0.00000000 1.00000000
vn -0.00000000 -0.00000000 1.00000000
vn -0.00000000 -0.00000000 1.00000000
vn -0.00000000 -0.00000000 1.00000000
vn -0.00000000 -0.00000000 1.00000000
vn -0.00000000 -0.00000000 1.00000000
vn -0.00000000 -0.00000000 1.00000000
vn -0.00000000 -0.00000000 1.00000000
vn -0.00000000 -0.00000000 1.00000000
vn -0.00000000 -0.00000000 1.00000000
vn -0.00000000 -0.00000000 1.00000000
vn -0.00000000 -0.00000000 1.00000000
vn -0.24360000 0.96990000 -0.00000000
vn -0.24360000 0.96990000 -0.00000000
vn -0.05850000 0.99830000 -0.00000000
vn -0.05850000 0.99830000 -0.00000000
vn 0.12860000 0.99170000 -0.00000000
vn 0.12860000 0.99170000 -0.00000000
vn 0.31130000 0.95030000 -0.00000000
vn 0.31130000 0.95030000 -0.00000000
vn 0.48300000 0.87560000 -0.00000000
vn 0.48300000 0.87560000 -0.00000000
vn 0.63780000 0.77020000 -0.00000000
vn 0.63780000 0.77020000 -0.00000000
vn 0.77020000 0.63780000 -0.00000000
vn 0.77020000 0.63780000 -0.00000000
vn 0.87560000 0.48300000 -0.00000000
vn 0.87560000 0.48300000 -0.00000000
vn 0.95030000 0.31130000 -0.00000000
vn 0.95030000 0.31130000 -0.00000000
vn 0.99170000 0.12860000 -0.00000000
vn 0.99170000 0.12860000 -0.00000000
vn 0.99830000 -0.05850000 -0.00000000
vn 0.99830000 -0.05850000 -0.00000000
vn 0.96990000 -0.24360000 -0.00000000
vn 0.96990000 -0.24360000 -0.00000000
vn 0.96990000 0.24360000 -0.00000000
vn 0.96990000 0.24360000 -0.00000000
vn 0.99830000 0.05850000 -0.00000000
vn 0.99830000 0.05850000 -0.00000000
vn 0.99170000 -0.12860000 -0.00000000
vn 0.99170000 -0.12860000 -0.00000000
vn 0.95030000 -0.31130000 -0.00000000
vn 0.95030000 -0.31130000 -0.00000000
vn 0.87560000 -0.48300000 -0.00000000
vn 0.87560000 -0.48300000 -0.00000000
vn 0.77020000 -0.63780000 -0.00000000
vn 0.77020000 -0.63780000 -0.00000000
vn 0.63780000 -0.77020000 -0.00000000
vn 0.63780000 -0.77020000 -0.00000000
vn 0.48300000 -0.87560000 -0.00000000
vn 0.48300000 -0.87560000 -0.00000000
vn 0.31130000 -0.95030000 -0.00000000
vn 0.31130000 -0.95030000 -0.00000000
vn 0.12860000 -0.99170000 -0.00000000
vn 0.12860000 -0.99170000 -0.00000000
vn -0.05850000 -0.99830000 -0.00000000
vn -0.05850000 -0.99830000 -0.00000000
vn -0.24360000 -0.96990000 -0.00000000
vn -0.24360000 -0.96990000 -0.00000000
vn 0.24360000 -0.96990000 -0.00000000
vn 0.24360000 -0.96990000 -0.00000000
vn 0.05850000 -0.99830000 -0.00000000
vn 0.05850000 -0.99830000 -0.00000000
vn -0.12860000 -0.99170000 -0.00000000
vn -0.12860000 -0.99170000 -0.00000000
vn -0.31130000 -0.95030000 -0.00000000
vn -0.31130000 -0.95030000 -0.00000000
vn -0.48300000 -0.87560000 -0.00000000
vn -0.48300000 -0.87560000 -0.00000000
vn -0.63780000 -0.77020000 -0.00000000
vn -0.63780000 -0.77020000 -0.00000000
vn -0.77020000 -0.63780000 -0.00000000
vn -0.77020000 -0.63780000 -0.00000000
vn -0.87560000 -0.48300000 -0.00000000
vn -0.87560000 -0.48300000 -0.00000000
vn -0.95030000 -0.31130000 -0.00000000
vn -0.95030000 -0.31130000 -0.00000000
vn -0.99170000 -0.12860000 -0.00000000
vn -0.99170000 -0.12860000 -0.00000000
vn -0.99830000 0.05850000 -0.00000000
vn -0.99830000 0.05850000 -0.00000000
vn -0.96990000 0.24360000 -0.00000000
vn -0.96990000 0.24360000 -0.00000000
vn 0.24360000 0.96990000 -0.00000000
vn 0.24360000 0.96990000 -0.00000000
vn 0.05850000 0.99830000 -0.00000000
vn 0.05850000 0.99830000 -0.00000000
vn -0.12860000 0.99170000 -0.00000000
vn -0.12860000 0.99170000 -0.00000000
vn -0.31130000 0.95030000 -0.00000000
vn -0.31130000 0.95030000 -0.00000000
vn -0.48300000 0.87560000 -0.00000000
vn -0.48300000 0.87560000 -0.00000000
vn -0.63780000 0.77020000 -0.00000000
vn -0.63780000 0.77020000 -0.00000000
vn -0.77020000 0.63780000 -0.00000000
vn -0.77020000 0.63780000 -0.00000000
vn -0.87560000 0.48300000 -0.00000000
vn -0.87560000 0.48300000 -0.00000000
vn -0.95030000 0.31130000 -0.00000000
vn -0.95030000 0.31130000 -0.00000000
vn -0.99170000 0.12860000 -0.00000000
vn -0.99170000 0.12860000 -0.00000000
vn -0.99830000 -0.05850000 -0.00000000
vn -0.99830000 -0.05850000 -0.00000000
vn -0.96990000 -0.24360000 -0.00000000
vn -0.96990000 -0.24360000 -0.00000000
vn -0.96950000 -0.24500000 -0.00000000
vn -0.96950000 -0.24500000 -0.00000000
vn -0.99660000 -0.08290000 -0.00000000
vn -0.99660000 -0.08290000 -0.00000000
vn -0.99670000 0.08150000 -0.00000000
vn -0.99670000 0.08150000 -0.00000000
vn -0.96990000 0.24360000 -0.00000000
vn -0.96990000 0.24360000 -0.00000000
vn -0.96950000 0.24500000 -0.00000000
vn -0.96950000 0.24500000 -0.00000000
vn -0.99660000 0.08290000 -0.00000000
vn -0.99660000 0.08290000 -0.00000000
vn -0.99670000 -0.08150000 -0.00000000
vn -0.99670000 -0.08150000 -0.00000000
vn -0.96990000 -0.24360000 -0.00000000
vn -0.96990000 -0.24360000 -0.00000000
vn -0.24500000 -0.96950000 -0.00000000
vn -0.24500000 -0.96950000 -0.00000000
vn -0.08290000 -0.99660000 -0.00000000
vn -0.08290000 -0.99660000 -0.00000000
vn 0.08150000 -0.99670000 -0.00000000
vn 0.08150000 -0.99670000 -0.00000000
vn 0.24360000 -0.96990000 -0.00000000
vn 0.24500000 -0.96950000 -0.00000000
vn 0.24500000 -0.96950000 -0.00000000
vn 0.08290000 -0.99660000 -0.00000000
vn 0.08290000 -0.99660000 -0.00000000
vn -0.08150000 -0.99670000 -0.00000000
vn -0.08150000 -0.99670000 -0.00000000
vn -0.24360000 -0.96990000 -0.00000000
vn -0.24360000 -0.96990000 -0.00000000
vn 0.96950000 -0.24500000 -0.00000000
vn 0.96950000 -0.24500000 -0.00000000
vn 0.99660000 -0.08290000 -0.00000000
vn 0.99660000 -0.08290000 -0.00000000
vn 0.99670000 0.08150000 -0.00000000
vn 0.99670000 0.08150000 -0.00000000
vn 0.96990000 0.24360000 -0.00000000
vn 0.96990000 0.24360000 -0.00000000
vn 0.96950000 0.24500000 -0.00000000
vn 0.96950000 0.24500000 -0.00000000
vn 0.99660000 0.08290000 -0.00000000
vn 0.99660000 0.08290000 -0.00000000
vn 0.99670000 -0.08150000 -0.00000000
vn 0.99670000 -0.08150000 -0.00000000
vn 0.96990000 -0.24360000 -0.00000000
vn 0.96990000 -0.24360000 -0.00000000
vn -0.24500000 0.96950000 -0.00000000
vn -0.24500000 0.96950000 -0.00000000
vn -0.08290000 0.99660000 -0.00000000
vn -0.08290000 0.99660000 -0.00000000
vn 0.08150000 0.99670000 -0.00000000
vn 0.08150000 0.99670000 -0.00000000
vn 0.24360000 0.96990000 -0.00000000
vn 0.24360000 0.96990000 -0.00000000
vn 0.24500000 0.96950000 -0.00000000
vn 0.24500000 0.96950000 -0.00000000
vn 0.08290000 0.99660000 -0.00000000
vn 0.08290000 0.99660000 -0.00000000
vn -0.08150000 0.99670000 -0.00000000
vn -0.08150000 0.99670000 -0.00000000
vn -0.24360000 0.96990000 -0.00000000
vn -0.24360000 0.96990000 -0.00000000
f 1//1 2//2 3//3
f 3//3 2//2 4//4
f 3//3 4//4 5//5
f 5//5 4//4 6//6
f 5//5 6//6 7//7
f 7//7 6//6 8//8
f 7//7 8//8 9//9
f 9//9 8//8 10//10
f 11//11 12//12 13//13
f 13//13 12//12 14//14
f 13//13 14//14 15//15
f 15//15 14//14 16//16
f 15//15 16//16 17//17
f 17//17 16//16 18//18
f 17//17 18//18 19//19
f 19//19 18//18 20//20
f 21//21 22//22 23//23
f 23//23 22//22 24//24
f 23//23 24//24 25//25
f 25//25 24//24 26//26
f 25//25 26//26 27//27
f 27//27 26//26 28//28
f 27//27 28//28 29//29
f 29//29 28//28 30//30
f 31//31 32//32 33//33
f 33//33 32//32 34//34
f 35//35 36//36 37//37
f 37//37 36//36 38//38
f 37//37 38//38 39//39
f 31//31 40//40 32//32
f 32//32 40//40 41//41
f 41//41 40//40 42//42
f 41//41 42//42 43//43
f 43//43 42//42 44//44
f 43//43 44//44 45//45
f 45//45 44//44 46//46
f 45//45 46//46 47//47
f 47//47 46//46 48//48
f 47//47 48//48 49//49
f 49//49 48//48 50//50
f 49//49 50//50 51//51
f 51//51 50//50 52//52
f 51//51 52//52 53//53
f 53//53 52//52 54//54
f 53//53 54//54 55//55
f 55//55 54//54 56//56
f 55//55 56//56 57//57
f 57//57 56//56 58//58
f 57//57 58//58 59//59
f 59//59 58//58 60//60
f 59//59 60//60 61//61
f 61//61 60//60 62//62
f 61//61 62//62 63//63
f 63//63 62//62 64//64
f 63//63 64//64 65//65
f 65//65 64//64 66//66
f 65//65 66//66 67//67
f 67//67 66//66 68//68
f 67//67 68//68 69//69
f 69//69 68//68 70//70
f 69//69 70//70 71//71
f 71//71 70//70 72//72
f 71//71 72//72 73//73
f 73//73 72//72 74//74
f 73//73 74//74 75//75
f 75//75 74//74 76//76
f 75//75 76//76 77//77
f 77//77 76//76 78//78
f 77//77 78//78 79//79
f 79//79 78//78 80//80
f 79//79 80//80 81//81
f 81//81 80//80 82//82
f 81//81 82//82 83//83
f 83//83 82//82 84//84
f 83//83 84//84 85//85
f 85//85 84//84 86//86
f 85//85 86//86 87//87
f 87//87 86//86 88//88
f 87//87 88//88 89//89
f 89//89 88//88 90//90
f 89//89 90//90 91//91
f 91//91 90//90 92//92
f 91//91 92//92 93//93
f 93//93 92//92 94//94
f 93//93 94//94 95//95
f 95//95 94//94 96//96
f 95//95 96//96 97//97
f 97//97 96//96 98//98
f 97//97 98//98 99//99
f 99//99 98//98 100//100
f 99//99 100//100 101//101
f 101//101 100//100 102//102
f 101//101 102//102 103//103
f 103//103 102//102 104//104
f 103//103 104//104 105//105
f 105//105 104//104 106//106
f 105//105 106//106 107//107
f 107//107 106//106 108//108
f 107//107 108//108 109//109
f 109//109 108//108 110//110
f 109//109 110//110 111//111
f 111//111 110//110 112//112
f 111//111 112//112 113//113
f 113//113 112//112 114//114
f 113//113 114//114 115//115
f 115//115 114//114 116//116
f 115//115 116//116 117//117
f 117//117 116//116 118//118
f 117//117 118//118 119//119
f 119//119 118//118 120//120
f 119//119 120//120 121//121
f 121//121 120//120 122//122
f 121//121 122//122 123//123
f 123//123 122//122 124//124
f 123//123 124//124 125//125
f 125//125 124//124 126//126
f 125//125 126//126 127//127
f 127//127 126//126 128//128
f 127//127 128//128 129//129
f 129//129 128//128 130//130
f 129//129 130//130 131//131
f 131//131 130//130 132//132
f 131//131 132//132 133//133
f 133//133 132//132 134//134
f 133//133 134//134 135//135
f 135//135 134//134 136//136
f 135//135 136//136 137//137
f 137//137 136//136 138//138
f 137//137 138//138 139//139
f 139//139 138//138 140//140
f 139//139 140//140 141//141
f 141//141 140//140 142//142
f 141//141 142//142 143//143
f 143//143 142//142 144//144
f 143//143 144//144 145//145
f 145//145 144//144 146//146
f 145//145 146//146 147//147
f 147//147 146//146 148//148
f 147//147 148//148 149//149
f 149//149 148//148 150//150
f 149//149 150//150 151//151
f 151//151 150//150 152//152
f 151//151 152//152 39//39
f 39//39 152//152 37//37
f 153//153 154//154 155//155
f 155//155 154//154 156//156
f 155//155 156//156 157//157
f 158//158 159//159 153//153
f 153//153 159//159 160//160
f 153//153 160//160 154//154
f 161//161 162//162 158//158
f 158//158 162//162 163//163
f 158//158 163//163 159//159
f 162//162 161//161 164//164
f 164//164 161//161 165//165
f 164//164 165//165 166//166
f 164//164 166//166 167//167
f 167//167 166//166 168//168
f 167//167 168//168 169//169
f 170//170 171//171 169//169
f 169//169 171//171 172//172
f 169//169 172//172 167//167
f 171//171 170//170 173//173
f 173//173 170//170 174//174
f 173//173 174//174 175//175
f 173//173 175//175 176//176
f 176//176 175//175 177//177
f 176//176 177//177 178//178
f 176//176 178//178 179//179
f 179//179 178//178 180//180
f 179//179 180//180 181//181
f 181//181 180//180 182//182
f 182//182 180//180 183//183
f 182//182 183//183 184//184
f 184//184 183//183 185//185
f 185//185 183//183 186//186
f 185//185 186//186 187//187
f 187//187 186//186 188//188
f 188//188 186//186 189//189
f 188//188 189//189 190//190
f 190//190 189//189 191//191
f 191//191 189//189 192//192
f 191//191 192//192 193//193
f 193//193 192//192 194//194
f 194//194 192//192 195//195
f 194//194 195//195 196//196
f 196//196 195//195 197//197
f 196//196 197//197 198//198
f 196//196 198//198 199//199
f 199//199 198//198 200//200
f 199//199 200//200 201//201
f 199//199 201//201 202//202
f 202//202 201//201 203//203
f 202//202 203//203 204//204
f 204//204 203//203 205//205
f 205//205 203//203 206//206
f 205//205 206//206 207//207
f 205//205 207//207 208//208
f 208//208 207//207 209//209
f 208//208 209//209 210//210
f 208//208 210//210 211//211
f 211//211 210//210 212//212
f 211//211 212//212 213//213
f 213//213 212//212 214//214
f 214//214 212//212 215//215
f 214//214 215//215 216//216
f 216//216 215//215 217//217
f 217//217 215//215 218//218
f 217//217 218//218 219//219
f 219//219 218//218 220//220
f 220//220 218//218 221//221
f 220//220 221//221 222//222
f 222//222 221//221 223//223
f 223//223 221//221 224//224
f 223//223 224//224 225//225
f 225//225 224//224 226//226
f 226//226 224//224 227//227
f 226//226 227//227 228//228
f 228//228 227//227 229//229
f 228//228 229//229 230//230
f 228//228 230//230 231//231
f 231//231 230//230 232//232
f 231//231 232//232 233//233
f 234//234 235//235 233//233
f 233//233 235//235 236//236
f 233//233 236//236 231//231
f 235//235 234//234 237//237
f 237//237 234//234 238//238
f 237//237 238//238 239//239
f 237//237 239//239 240//240
f 240//240 239//239 241//241
f 240//240 241//241 242//242
f 240//240 242//242 243//243
f 243//243 242//242 244//244
f 243//243 244//244 245//245
f 245//245 244//244 246//246
f 246//246 244//244 247//247
f 246//246 247//247 248//248
f 248//248 247//247 249//249
f 249//249 247//247 250//250
f 249//249 250//250 251//251
f 251//251 250//250 252//252
f 252//252 250//250 253//253
f 252//252 253//253 254//254
f 254//254 253//253 255//255
f 255//255 253//253 256//256
f 255//255 256//256 257//257
f 257//257 256//256 258//258
f 258//258 256//256 259//259
f 258//258 259//259 260//260
f 260//260 259//259 261//261
f 260//260 261//261 262//262
f 260//260 262//262 263//263
f 263//263 262//262 264//264
f 263//263 264//264 265//265
f 263//263 265//265 266//266
f 266//266 265//265 267//267
f 266//266 267//267 268//268
f 268//268 267//267 269//269
f 269//269 267//267 270//270
f 269//269 270//270 271//271
f 269//269 271//271 272//272
f 272//272 271//271 273//273
f 272//272 273//273 274//274
f 272//272 274//274 275//275
f 275//275 274//274 276//276
f 275//275 276//276 277//277
f 277//277 276//276 278//278
f 278//278 276//276 279//279
f 278//278 279//279 280//280
f 280//280 279//279 157//157
f 157//157 279//279 155//155
f 171//171 281//281 172//172
f 172//172 281//281 282//282
f 282//282 281//281 283//283
f 282//282 283//283 284//284
f 284//284 283//283 204//204
f 204//204 283//283 202//202
f 266//266 268//268 285//285
f 285//285 268//268 286//286
f 285//285 286//286 287//287
f 287//287 286//286 284//284
f 284//284 286//286 282//282
f 235//235 288//288 236//236
f 236//236 288//288 287//287
f 287//287 288//288 285//285
f 289//289 290//290 291//291
f 291//291 290//290 292//292
f 291//291 292//292 293//293
f 294//294 295//295 289//289
f 289//289 295//295 296//296
f 289//289 296//296 290//290
f 295//295 294//294 297//297
f 297//297 294//294 298//298
f 297//297 298//298 299//299
f 299//299 298//298 300//300
f 300//300 298//298 301//301
f 301//301 298//298 302//302
f 301//301 302//302 303//303
f 303//303 302//302 304//304
f 303//303 304//304 305//305
f 305//305 304//304 306//306
f 306//306 304//304 307//307
f 306//306 307//307 308//308
f 308//308 307//307 309//309
f 308//308 309//309 310//310
f 310//310 309//309 311//311
f 311//311 309//309 312//312
f 311//311 312//312 313//313
f 313//313 312//312 314//314
f 313//313 314//314 315//315
f 315//315 314//314 316//316
f 315//315 316//316 317//317
f 317//317 316//316 318//318
f 318//318 316//316 319//319
f 318//318 319//319 320//320
f 320//320 319//319 321//321
f 320//320 321//321 322//322
f 322//322 321//321 323//323
f 323//323 321//321 324//324
f 324//324 321//321 325//325
f 324//324 325//325 326//326
f 326//326 325//325 327//327
f 326//326 327//327 328//328
f 328//328 327//327 329//329
f 329//329 327//327 330//330
f 329//329 330//330 331//331
f 331//331 330//330 332//332
f 332//332 330//330 333//333
f 332//332 333//333 334//334
f 334//334 333//333 335//335
f 335//335 333//333 336//336
f 335//335 336//336 337//337
f 337//337 336//336 338//338
f 337//337 338//338 339//339
f 339//339 338//338 340//340
f 340//340 338//338 341//341
f 341//341 338//338 342//342
f 341//341 342//342 343//343
f 343//343 342//342 344//344
f 343//343 344//344 345//345
f 345//345 344//344 346//346
f 346//346 344//344 347//347
f 346//346 347//347 348//348
f 348//348 347//347 349//349
f 348//348 349//349 350//350
f 350//350 349//349 351//351
f 350//350 351//351 352//352
f 352//352 351//351 353//353
f 353//353 351//351 354//354
f 353//353 354//354 355//355
f 355//355 354//354 356//356
f 355//355 356//356 357//357
f 357//357 356//356 358//358
f 358//358 356//356 359//359
f 358//358 359//359 360//360
f 360//360 359//359 361//361
f 360//360 361//361 362//362
f 362//362 361//361 363//363
f 363//363 361//361 364//364
f 364//364 361//361 365//365
f 364//364 365//365 366//366
f 366//366 365//365 367//367
f 366//366 367//367 368//368
f 368//368 367//367 369//369
f 369//369 367//367 370//370
f 369//369 370//370 371//371
f 371//371 370//370 372//372
f 372//372 370//370 373//373
f 372//372 373//373 374//374
f 374//374 373//373 375//375
f 375//375 373//373 376//376
f 375//375 376//376 377//377
f 377//377 376//376 378//378
f 377//377 378//378 379//379
f 379//379 378//378 380//380
f 380//380 378//378 381//381
f 381//381 378//378 382//382
f 381//381 382//382 383//383
f 383//383 382//382 384//384
f 383//383 384//384 385//385
f 385//385 384//384 386//386
f 386//386 384//384 387//387
f 386//386 387//387 388//388
f 388//388 387//387 389//389
f 388//388 389//389 390//390
f 390//390 389//389 391//391
f 391//391 389//389 392//392
f 391//391 392//392 393//393
f 393//393 392//392 394//394
f 393//393 394//394 395//395
f 395//395 394//394 396//396
f 395//395 396//396 397//397
f 397//397 396//396 398//398
f 398//398 396//396 399//399
f 398//398 399//399 400//400
f 400//400 399//399 401//401
f 400//400 401//401 402//402
f 402//402 401//401 403//403
f 403//403 401//401 404//404
f 404//404 401//401 405//405
f 404//404 405//405 406//406
f 406//406 405//405 407//407
f 406//406 407//407 408//408
f 408//408 407//407 409//409
f 409//409 407//407 410//410
f 409//409 410//410 411//411
f 411//411 410//410 412//412
f 412//412 410//410 413//413
f 412//412 413//413 414//414
f 414//414 413//413 415//415
f 415//415 413//413 416//416
f 415//415 416//416 417//417
f 417//417 416//416 418//418
f 417//417 418//418 419//419
f 419//419 418//418 420//420
f 420//420 418//418 421//421
f 421//421 418//418 422//422
f 421//421 422//422 423//423
f 423//423 422//422 424//424
f 423//423 424//424 425//425
f 425//425 424//424 426//426
f 426//426 424//424 427//427
f 426//426 427//427 428//428
f 428//428 427//427 429//429
f 428//428 429//429 430//430
f 430//430 429//429 431//431
f 430//430 431//431 432//432
f 432//432 431//431 433//433
f 433//433 431//431 434//434
f 433//433 434//434 435//435
f 435//435 434//434 436//436
f 435//435 436//436 437//437
f 437//437 436//436 438//438
f 438//438 436//436 439//439
f 438//438 439//439 440//440
f 440//440 439//439 441//441
f 440//440 441//441 442//442
f 442//442 441//441 443//443
f 443//443 441//441 444//444
f 444//444 441//441 445//445
f 444//444 445//445 446//446
f 446//446 445//445 447//447
f 446//446 447//447 448//448
f 448//448 447//447 293//293
f 293//293 447//447 291//291
f 295//295 297//297 449//449
f 449//449 297//297 450//450
f 449//449 450//450 451//451
f 451//451 450//450 452//452
f 452//452 450//450 453//453
f 452//452 453//453 454//454
f 454//454 453//453 455//455
f 455//455 453//453 456//456
f 455//455 456//456 457//457
f 457//457 456//456 458//458
f 458//458 456//456 444//444
f 458//458 444//444 446//446
f 415//415 417//417 459//459
f 459//459 417//417 460//460
f 459//459 460//460 461//461
f 461//461 460//460 462//462
f 462//462 460//460 463//463
f 462//462 463//463 464//464
f 464//464 463//463 465//465
f 465//465 463//463 466//466
f 465//465 466//466 467//467
f 467//467 466//466 468//468
f 468//468 466//466 404//404
f 468//468 404//404 406//406
f 375//375 377//377 469//469
f 469//469 377//377 470//470
f 469//469 470//470 471//471
f 471//471 470//470 472//472
f 472//472 470//470 473//473
f 472//472 473//473 474//474
f 474//474 473//473 475//475
f 475//475 473//473 476//476
f 475//475 476//476 477//477
f 477//477 476//476 478//478
f 478//478 476//476 364//364
f 478//478 364//364 366//366
f 335//335 337//337 479//479
f 479//479 337//337 480//480
f 479//479 480//480 481//481
f 481//481 480//480 482//482
f 482//482 480//480 483//483
f 482//482 483//483 484//484
f 484//484 483//483 485//485
f 485//485 483//483 486//486
f 485//485 486//486 487//487
f 487//487 486//486 488//488
f 488//488 486//486 324//324
f 488//488 324//324 326//326
f 489//489 490//490 491//491
f 491//491 490//490 492//492
f 493//493 494//494 495//495
f 495//495 494//494 496//496
f 495//495 496//496 497//497
f 497//497 496//496 498//498
f 497//497 498//498 499//499
f 499//499 498//498 500//500
f 499//499 500//500 501//501
f 501//501 500//500 502//502
f 501//501 502//502 503//503
f 503//503 502//502 504//504
f 503//503 504//504 505//505
f 505//505 504//504 506//506
f 505//505 506//506 507//507
f 507//507 506//506 508//508
f 507//507 508//508 509//509
f 509//509 508//508 510//510
f 509//509 510//510 511//511
f 511//511 510//510 512//512
f 511//511 512//512 513//513
f 513//513 512//512 514//514
f 513//513 514//514 515//515
f 515//515 514//514 516//516
f 515//515 516//516 517//517
f 517//517 516//516 518//518
f 517//517 518//518 489//489
f 489//489 518//518 490//490
f 519//519 520//520 521//521
f 522//522 523//523 524//524
f 522//522 524//524 525//525
f 525//525 524//524 526//526
f 525//525 526//526 527//527
f 527//527 526//526 528//528
f 527//527 528//528 529//529
f 529//529 528//528 530//530
f 529//529 530//530 531//531
f 529//529 531//531 532//532
f 532//532 531//531 533//533
f 532//532 533//533 534//534
f 534//534 533//533 535//535
f 534//534 535//535 536//536
f 536//536 535//535 537//537
f 536//536 537//537 538//538
f 536//536 538//538 539//539
f 539//539 538//538 540//540
f 539//539 540//540 541//541
f 541//541 540//540 542//542
f 541//541 542//542 543//543
f 541//541 543//543 544//544
f 544//544 543//543 545//545
f 544//544 545//545 546//546
f 546//546 545//545 547//547
f 546//546 547//547 548//548
f 548//548 547//547 549//549
f 548//548 549//549 550//550
f 548//548 550//550 551//551
f 551//551 550//550 552//552
f 551//551 552//552 553//553
f 553//553 552//552 519//519
f 553//553 519//519 521//521
f 554//554 555//555 556//556
f 556//556 555//555 557//557
f 558//558 559//559 560//560
f 560//560 559//559 561//561
f 560//560 561//561 562//562
f 562//562 561//561 563//563
f 562//562 563//563 564//564
f 564//564 563//563 565//565
f 564//564 565//565 566//566
f 566//566 565//565 567//567
f 566//566 567//567 568//568
f 568//568 567//567 569//569
f 568//568 569//569 570//570
f 570//570 569//569 571//571
f 570//570 571//571 572//572
f 572//572 571//571 573//573
f 572//572 573//573 574//574
f 574//574 573//573 575//575
f 574//574 575//575 576//576
f 576//576 575//575 577//577
f 576//576 577//577 578//578
f 578//578 577//577 579//579
f 578//578 579//579 580//580
f 580//580 579//579 581//581
f 580//580 581//581 582//582
f 582//582 581//581 583//583
f 582//582 583//583 554//554
f 554//554 583//583 555//555
f 584//584 585//585 586//586
f 587//587 588//588 589//589
f 587//587 589//589 590//590
f 590//590 589//589 591//591
f 590//590 591//591 592//592
f 592//592 591//591 593//593
f 592//592 593//593 594//594
f 594//594 593//593 595//595
f 594//594 595//595 596//596
f 594//594 596//596 597//597
f 597//597 596//596 598//598
f 597//597 598//598 599//599
f 599//599 598//598 600//600
f 599//599 600//600 601//601
f 601//601 600//600 602//602
f 601//601 602//602 603//603
f 601//601 603//603 604//604
f 604//604 603//603 605//605
f 604//604 605//605 606//606
f 606//606 605//605 607//607
f 606//606 607//607 608//608
f 606//606 608//608 609//609
f 609//609 608//608 610//610
f 609//609 610//610 611//611
f 611//611 610//610 612//612
f 611//611 612//612 613//613
f 613//613 612//612 614//614
f 613//613 614//614 615//615
f 613//613 615//615 616//616
f 616//616 615//615 617//617
f 616//616 617//617 618//618
f 618//618 617//617 584//584
f 618//618 584//584 586//586
f 619//619 620//620 621//621
f 621//621 620//620 622//622
f 623//623 624//624 625//625
f 625//625 624//624 626//626
f 625//625 626//626 627//627
f 627//627 626//626 628//628
f 627//627 628//628 629//629
f 629//629 628//628 630//630
f 629//629 630//630 631//631
f 631//631 630//630 632//632
f 631//631 632//632 633//633
f 633//633 632//632 634//634
f 633//633 634//634 635//635
f 635//635 634//634 636//636
f 635//635 636//636 637//637
f 637//637 636//636 638//638
f 637//637 638//638 639//639
f 639//639 638//638 640//640
f 639//639 640//640 641//641
f 641//641 640//640 642//642
f 641//641 642//642 643//643
f 643//643 642//642 644//644
f 643//643 644//644 645//645
f 645//645 644//644 646//646
f 645//645 646//646 647//647
f 647//647 646//646 648//648
f 647//647 648//648 619//619
f 619//619 648//648 620//620
f 649//649 650//650 651//651
f 652//652 653//653 654//654
f 652//652 654//654 655//655
f 655//655 654//654 656//656
f 655//655 656//656 657//657
f 657//657 656//656 658//658
f 657//657 658//658 659//659
f 659//659 658//658 660//660
f 659//659 660//660 661//661
f 659//659 661//661 662//662
f 662//662 661//661 663//663
f 662//662 663//663 664//664
f 664//664 663//663 665//665
f 664//664 665//665 666//666
f 666//666 665//665 667//667
f 666//666 667//667 668//668
f 666//666 668//668 669//669
f 669//669 668//668 670//670
f 669//669 670//670 671//671
f 671//671 670//670 672//672
f 671//671 672//672 673//673
f 671//671 673//673 674//674
f 674//674 673//673 675//675
f 674//674 675//675 676//676
f 676//676 675//675 677//677
f 676//676 677//677 678//678
f 678//678 677//677 679//679
f 678//678 679//679 680//680
f 678//678 680//680 681//681
f 681//681 680//680 682//682
f 681//681 682//682 683//683
f 683//683 682//682 649//649
f 683//683 649//649 651//651
f 684//684 685//685 686//686
f 686//686 685//685 687//687
f 688//688 689//689 690//690
f 690//690 689//689 691//691
f 690//690 691//691 692//692
f 692//692 691//691 693//693
f 692//692 693//693 694//694
f 694//694 693//693 695//695
f 694//694 695//695 696//696
f 696//696 695//695 697//697
f 696//696 697//697 698//698
f 698//698 697//697 699//699
f 698//698 699//699 700//700
f 700//700 699//699 701//701
f 700//700 701//701 702//702
f 702//702 701//701 703//703
f 702//702 703//703 704//704
f 704//704 703//703 705//705
f 704//704 705//705 706//706
f 706//706 705//705 707//707
f 706//706 707//707 708//708
f 708//708 707//707 709//709
f 708//708 709//709 710//710
f 710//710 709//709 711//711
f 710//710 711//711 712//712
f 712//712 711//711 713//713
f 712//712 713//713 684//684
f 684//684 713//713 685//685
f 714//714 715//715 716//716
f 717//717 718//718 719//719
f 717//717 719//719 720//720
f 720//720 719//719 721//721
f 720//720 721//721 722//722
f 722//722 721//721 723//723
f 722//722 723//723 724//724
f 724//724 723//723 725//725
f 724//724 725//725 726//726
f 724//724 726//726 727//727
f 727//727 726//726 728//728
f 727//727 728//728 729//729
f 729//729 728//728 730//730
f 729//729 730//730 731//731
f 731//731 730//730 732//732
f 731//731 732//732 733//733
f 731//731 733//733 734//734
f 734//734 733//733 735//735
f 734//734 735//735 736//736
f 736//736 735//735 737//737
f 736//736 737//737 738//738
f 736//736 738//738 739//739
f 739//739 738//738 740//740
f 739//739 740//740 741//741
f 741//741 740//740 742//742
f 741//741 742//742 743//743
f 743//743 742//742 744//744
f 743//743 744//744 745//745
f 743//743 745//745 746//746
f 746//746 745//745 747//747
f 746//746 747//747 748//748
f 748//748 747//747 714//714
f 748//748 714//714 716//716
f 749//749 750//750 751//751
f 751//751 750//750 752//752
f 751//751 752//752 753//753
f 753//753 752//752 754//754
f 753//753 754//754 755//755
f 755//755 754//754 756//756
f 755//755 756//756 757//757
f 757//757 756//756 758//758
f 759//759 760//760 761//761
f 761//761 760//760 762//762
f 761//761 762//762 763//763
f 763//763 764//764 761//761
f 761//761 764//764 765//765
f 761//761 765//765 766//766
f 766//766 765//765 767//767
f 766//766 767//767 768//768
f 768//768 767//767 769//769
f 768//768 769//769 770//770
f 770//770 769//769 771//771
f 771//771 769//769 772//772
f 771//771 772//772 773//773
f 773//773 772//772 774//774
f 774//774 772//772 775//775
f 775//775 772//772 776//776
f 776//776 772//772 777//777
f 777//777 772//772 778//778
f 778//778 772//772 779//779
f 779//779 772//772 780//780
f 780//780 772//772 781//781
f 781//781 772//772 782//782
f 761//761 766//766 783//783
f 783//783 766//766 784//784
f 783//783 784//784 785//785
f 785//785 784//784 786//786
f 785//785 786//786 787//787
f 787//787 786//786 788//788
f 787//787 788//788 789//789
f 789//789 788//788 790//790
f 789//789 790//790 791//791
f 791//791 790//790 792//792
f 792//792 790//790 793//793
f 793//793 790//790 794//794
f 794//794 790//790 795//795
f 795//795 790//790 796//796
f 796//796 790//790 797//797
f 796//796 797//797 798//798
f 798//798 797//797 799//799
f 798//798 799//799 800//800
f 801//801 802//802 800//800
f 800//800 802//802 803//803
f 800//800 803//803 804//804
f 804//804 805//805 800//800
f 800//800 805//805 806//806
f 800//800 806//806 807//807
f 807//807 808//808 800//800
f 800//800 808//808 809//809
f 800//800 809//809 810//810
f 810//810 811//811 800//800
f 800//800 811//811 798//798
f 791//791 812//812 789//789
f 789//789 812//812 813//813
f 813//813 812//812 814//814
f 813//813 814//814 815//815
f 815//815 814//814 816//816
f 816//816 814//814 817//817
f 816//816 817//817 818//818
f 818//818 819//819 816//816
f 816//816 819//819 820//820
f 816//816 820//820 821//821
f 821//821 822//822 816//816
f 816//816 822//822 823//823
f 816//816 823//823 824//824
f 824//824 825//825 816//816
f 816//816 825//825 826//826
f 816//816 826//826 827//827
f 761//761 828//828 759//759
f 759//759 828//828 829//829
f 829//829 828//828 830//830
f 829//829 830//830 831//831
f 829//829 831//831 832//832
f 832//832 831//831 833//833
f 832//832 833//833 834//834
f 834//834 835//835 832//832
f 832//832 835//835 836//836
f 832//832 836//836 837//837
f 837//837 838//838 832//832
f 832//832 838//838 839//839
f 832//832 839//839 840//840
f 840//840 841//841 832//832
f 832//832 841//841 842//842
f 843//843 844//844 845//845
f 845//845 844//844 846//846
f 845//845 846//846 847//847
f 847//847 846//846 848//848
f 847//847 848//848 849//849
f 849//849 848//848 850//850
f 849//849 850//850 851//851
f 851//851 850//850 852//852
f 851//851 852//852 853//853
f 853//853 852//852 854//854
f 853//853 854//854 855//855
f 855//855 854//854 856//856
f 855//855 856//856 857//857
f 857//857 856//856 858//858
f 857//857 858//858 859//859
f 859//859 858//858 860//860
f 859//859 860//860 861//861
f 861//861 860//860 862//862
f 861//861 862//862 863//863
f 863//863 862//862 864//864
f 863//863 864//864 865//865
f 865//865 864//864 866//866
f 867//867 868//868 869//869
f 869//869 868//868 870//870
f 869//869 870//870 871//871
f 871//871 870//870 872//872
f 871//871 872//872 873//873
f 873//873 872//872 874//874
f 873//873 874//874 875//875
f 875//875 874//874 876//876
f 875//875 876//876 877//877
f 877//877 876//876 878//878
f 877//877 878//878 879//879
f 879//879 878//878 880//880
f 879//879 880//880 881//881
f 881//881 880//880 882//882
f 881//881 882//882 883//883
f 883//883 882//882 884//884
f 883//883 884//884 885//885
f 885//885 884//884 886//886
f 885//885 886//886 887//887
f 887//887 886//886 888//888
f 887//887 888//888 889//889
f 889//889 888//888 890//890
f 891//891 892//892 893//893
f 893//893 892//892 894//894
f 893//893 894//894 895//895
f 895//895 894//894 896//896
f 895//895 896//896 897//897
f 897//897 896//896 898//898
f 897//897 898//898 899//899
f 899//899 898//898 900//900
f 899//899 900//900 901//901
f 901//901 900//900 902//902
f 901//901 902//902 903//903
f 903//903 902//902 904//904
f 903//903 904//904 905//905
f 905//905 904//904 906//906
f 905//905 906//906 907//907
f 907//907 906//906 908//908
f 907//907 908//908 909//909
f 909//909 908//908 910//910
f 909//909 910//910 911//911
f 911//911 910//910 912//912
f 911//911 912//912 913//913
f 913//913 912//912 914//914
f 915//915 916//916 917//917
f 917//917 916//916 918//918
f 917//917 918//918 919//919
f 919//919 918//918 920//920
f 919//919 920//920 921//921
f 921//921 920//920 922//922
f 921//921 922//922 923//923
f 923//923 922//922 924//924
f 923//923 924//924 925//925
f 925//925 924//924 926//926
f 925//925 926//926 927//927
f 927//927 926//926 928//928
f 927//927 928//928 929//929
f 929//929 928//928 930//930
f 929//929 930//930 931//931
f 931//931 930//930 932//932
f 931//931 932//932 933//933
f 933//933 932//932 934//934
f 933//933 934//934 935//935
f 935//935 934//934 936//936
f 935//935 936//936 937//937
f 937//937 936//936 938//938
f 939//939 940//940 941//941
f 941//941 940//940 942//942
f 941//941 942//942 943//943
f 943//943 942//942 944//944
f 943//943 944//944 945//945
f 945//945 944//944 946//946
f 947//947 948//948 949//949
f 949//949 948//948 950//950
f 949//949 950//950 951//951
f 951//951 950//950 952//952
f 951//951 952//952 953//953
f 953//953 952//952 954//954
f 955//955 956//956 957//957
f 957//957 956//956 958//958
f 957//957 958//958 959//959
f 959//959 958//958 960//960
f 959//959 960//960 961//961
f 961//961 960//960 892//892
f 962//962 963//963 964//964
f 964//964 963//963 965//965
f 964//964 965//965 966//966
f 966//966 965//965 967//967
f 966//966 967//967 968//968
f 968//968 967//967 969//969
f 970//970 971//971 972//972
f 972//972 971//971 973//973
f 972//972 973//973 974//974
f 974//974 973//973 975//975
f 974//974 975//975 976//976
f 976//976 975//975 977//977
f 978//978 979//979 980//980
f 980//980 979//979 981//981
f 980//980 981//981 982//982
f 982//982 981//981 983//983
f 982//982 983//983 984//984
f 984//984 983//983 985//985
f 986//986 987//987 988//988
f 988//988 987//987 989//989
f 988//988 989//989 990//990
f 990//990 989//989 991//991
f 990//990 991//991 992//992
f 992//992 991//991 993//993
f 994//994 995//995 996//996
f 996//996 995//995 997//997
f 996//996 997//997 998//998
f 998//998 997//997 999//999
f 998//998 999//999 1000//1000
f 1000//1000 999//999 1001//1001