mtllib material.mtl
usemtl material_0
v -0.03961100 0.00556700 0.07900000
v -0.04000000 0.00000000 0.07900000
v 0.03758800 -0.01368100 0.07900000
v -0.03961100 -0.00556700 0.07900000
v -0.03845000 -0.01102500 0.07900000
v -0.03654200 -0.01626900 0.07900000
v 0.03531800 -0.01877900 0.07900000
v -0.03392200 -0.02119700 0.07900000
v 0.03236100 -0.02351100 0.07900000
v -0.03064200 -0.02571100 0.07900000
v 0.02877400 -0.02778600 0.07900000
v -0.02676500 -0.02972600 0.07900000
v 0.02462600 -0.03152000 0.07900000
v -0.02236800 -0.03316100 0.07900000
v 0.02000000 -0.03464100 0.07900000
v -0.01753500 -0.03595200 0.07900000
v 0.01498400 -0.03708700 0.07900000
v -0.01236100 -0.03804200 0.07900000
v 0.00967700 -0.03881200 0.07900000
v -0.00694600 -0.03939200 0.07900000
v 0.00418100 -0.03978100 0.07900000
v -0.00139600 -0.03997600 0.07900000
v 0.03912600 -0.00831600 0.07900000
v 0.03758800 0.01368100 0.07900000
v 0.03531800 0.01877900 0.07900000
v 0.03236100 0.02351100 0.07900000
v 0.03912600 0.00831600 0.07900000
v 0.03990200 -0.00279000 0.07900000
v 0.03990200 0.00279000 0.07900000
v 0.02877400 0.02778600 0.07900000
v 0.02462600 0.03152000 0.07900000
v 0.02000000 0.03464100 0.07900000
v 0.01498400 0.03708700 0.07900000
v 0.00967700 0.03881200 0.07900000
v 0.00418100 0.03978100 0.07900000
v -0.00139600 0.03997600 0.07900000
v -0.00694600 0.03939200 0.07900000
v -0.01236100 0.03804200 0.07900000
v -0.01753500 0.03595200 0.07900000
v -0.02236800 0.03316100 0.07900000
v -0.02676500 0.02972600 0.07900000
v -0.03064200 0.02571100 0.07900000
v -0.03392200 0.02119700 0.07900000
v -0.03654200 0.01626900 0.07900000
v -0.03845000 0.01102500 0.07900000
v 0.01943600 -0.03078000 0.04900000
v 0.02345700 -0.03108800 0.04900000
v 0.01753000 -0.03150100 0.04900000
v 0.02523100 -0.03209200 0.04900000
v 0.01279100 -0.03370400 0.04900000
v 0.02664000 -0.03356400 0.04900000
v 0.02756600 -0.03538000 0.04900000
v 0.02146900 -0.03063800 0.04900000
v 0.02793000 -0.03738500 0.04900000
v 0.00778400 -0.03520000 0.04900000
v 0.02768100 -0.03911800 0.04900000
v 0.02684900 -0.04065900 0.04900000
v 0.02553800 -0.04181800 0.04900000
v 0.00261300 -0.03595500 0.04900000
v 0.02026700 -0.04461200 0.04900000
v 0.01469500 -0.04674500 0.04900000
v 0.00890500 -0.04818400 0.04900000
v -0.00890500 -0.04818400 0.04900000
v -0.00261300 -0.03595500 0.04900000
v -0.01469500 -0.04674500 0.04900000
v -0.02026700 -0.04461200 0.04900000
v 0.00298300 -0.04890900 0.04900000
v -0.00298300 -0.04890900 0.04900000
v -0.02553800 -0.04181900 0.04900000
v -0.00778400 -0.03520000 0.04900000
v -0.02684900 -0.04065900 0.04900000
v -0.02768100 -0.03911800 0.04900000
v -0.02793000 -0.03738600 0.04900000
v -0.01279100 -0.03370400 0.04900000
v -0.02756600 -0.03538000 0.04900000
v -0.02664000 -0.03356400 0.04900000
v -0.02523100 -0.03209200 0.04900000
v -0.01753000 -0.03150100 0.04900000
v -0.02345700 -0.03108800 0.04900000
v -0.01943600 -0.03078000 0.04900000
v -0.02146900 -0.03063800 0.04900000
v 0.02756600 0.03538000 0.04900000
v 0.01279100 0.03370400 0.04900000
v 0.02793000 0.03738600 0.04900000
v 0.00778400 0.03520000 0.04900000
v 0.02768100 0.03911800 0.04900000
v 0.02684900 0.04065900 0.04900000
v 0.02553800 0.04181900 0.04900000
v 0.00261300 0.03595500 0.04900000
v 0.02026700 0.04461200 0.04900000
v 0.01469500 0.04674500 0.04900000
v 0.00890500 0.04818400 0.04900000
v -0.00261300 0.03595500 0.04900000
v -0.00890500 0.04818400 0.04900000
v -0.01469500 0.04674500 0.04900000
v -0.02026700 0.04461200 0.04900000
v -0.02553800 0.04181900 0.04900000
v -0.00778400 0.03520000 0.04900000
v -0.02684900 0.04065900 0.04900000
v -0.02768100 0.03911800 0.04900000
v -0.02793000 0.03738600 0.04900000
v -0.01279100 0.03370400 0.04900000
v -0.02756600 0.03538000 0.04900000
v -0.02664000 0.03356400 0.04900000
v -0.02523100 0.03209200 0.04900000
v -0.01753000 0.03150100 0.04900000
v -0.02345700 0.03108800 0.04900000
v -0.01943600 0.03078000 0.04900000
v -0.02146900 0.03063800 0.04900000
v 0.02664000 0.03356400 0.04900000
v 0.02523100 0.03209200 0.04900000
v 0.01753000 0.03150100 0.04900000
v 0.02345700 0.03108800 0.04900000
v 0.01943600 0.03078000 0.04900000
v 0.02146900 0.03063800 0.04900000
v -0.00298300 0.04890900 0.04900000
v 0.00298300 0.04890900 0.04900000
v -0.03961100 0.00556700 0.07900000
v -0.03961100 0.00556700 0.07410000
v -0.04000000 0.00000000 0.07900000
v -0.04000000 0.00000000 0.07410000
v -0.04000000 0.00000000 0.07900000
v -0.04000000 0.00000000 0.07410000
v -0.03961100 -0.00556700 0.07900000
v -0.03961100 -0.00556700 0.07410000
v -0.03845000 -0.01102500 0.07900000
v -0.03845000 -0.01102500 0.07410000
v -0.03654200 -0.01626900 0.07900000
v -0.03654200 -0.01626900 0.07410000
v -0.03392200 -0.02119700 0.07900000
v -0.03392200 -0.02119700 0.07410000
v -0.03064200 -0.02571100 0.07900000
v -0.03064200 -0.02571100 0.07410000
v -0.02676500 -0.02972600 0.07900000
v -0.02676500 -0.02972600 0.07410000
v -0.02236800 -0.03316100 0.07900000
v -0.02236800 -0.03316100 0.07410000
v -0.01753500 -0.03595200 0.07900000
v -0.01753500 -0.03595200 0.07410000
v -0.01236100 -0.03804200 0.07900000
v -0.01236100 -0.03804200 0.07410000
v -0.00694600 -0.03939200 0.07900000
v -0.00694600 -0.03939200 0.07410000
v -0.00139600 -0.03997600 0.07900000
v -0.00139600 -0.03997600 0.07410000
v 0.00418100 -0.03978100 0.07900000
v 0.00418100 -0.03978100 0.07410000
v 0.00967700 -0.03881200 0.07900000
v 0.00967700 -0.03881200 0.07410000
v 0.01498400 -0.03708700 0.07900000
v 0.01498400 -0.03708700 0.07410000
v 0.02000000 -0.03464100 0.07900000
v 0.02000000 -0.03464100 0.07410000
v 0.02462600 -0.03152000 0.07900000
v 0.02462600 -0.03152000 0.07410000
v 0.02877400 -0.02778600 0.07900000
v 0.02877400 -0.02778600 0.07410000
v 0.03236100 -0.02351100 0.07900000
v 0.03236100 -0.02351100 0.07410000
v 0.03531800 -0.01877900 0.07900000
v 0.03531800 -0.01877900 0.07410000
v 0.03758800 -0.01368100 0.07900000
v 0.03758800 -0.01368100 0.07410000
v 0.03912600 -0.00831600 0.07900000
v 0.03912600 -0.00831600 0.07410000
v 0.03990200 -0.00279000 0.07900000
v 0.03990200 -0.00279000 0.07410000
v 0.03990200 0.00279000 0.07900000
v 0.03990200 0.00279000 0.07410000
v 0.03912600 0.00831600 0.07900000
v 0.03912600 0.00831600 0.07410000
v 0.03758800 0.01368100 0.07900000
v 0.03758800 0.01368100 0.07410000
v 0.03531800 0.01877900 0.07900000
v 0.03531800 0.01877900 0.07410000
v 0.03236100 0.02351100 0.07900000
v 0.03236100 0.02351100 0.07410000
v 0.02877400 0.02778600 0.07900000
v 0.02877400 0.02778600 0.07410000
v 0.02462600 0.03152000 0.07900000
v 0.02462600 0.03152000 0.07410000
v 0.02000000 0.03464100 0.07900000
v 0.02000000 0.03464100 0.07410000
v 0.01498400 0.03708700 0.07900000
v 0.01498400 0.03708700 0.07410000
v 0.00967700 0.03881200 0.07900000
v 0.00967700 0.03881200 0.07410000
v 0.00418100 0.03978100 0.07900000
v 0.00418100 0.03978100 0.07410000
v -0.00139600 0.03997600 0.07900000
v -0.00139600 0.03997600 0.07410000
v -0.00694600 0.03939200 0.07900000
v -0.00694600 0.03939200 0.07410000
v -0.01236100 0.03804200 0.07900000
v -0.01236100 0.03804200 0.07410000
v -0.01753500 0.03595200 0.07900000
v -0.01753500 0.03595200 0.07410000
v -0.02236800 0.03316100 0.07900000
v -0.02236800 0.03316100 0.07410000
v -0.02676500 0.02972600 0.07900000
v -0.02676500 0.02972600 0.07410000
v -0.03064200 0.02571100 0.07900000
v -0.03064200 0.02571100 0.07410000
v -0.03392200 0.02119700 0.07900000
v -0.03392200 0.02119700 0.07410000
v -0.03654200 0.01626900 0.07900000
v -0.03654200 0.01626900 0.07410000
v -0.03845000 0.01102500 0.07900000
v -0.03845000 0.01102500 0.07410000
v 0.04469500 0.00027900 0.07410000
v 0.04499400 0.00075000 0.07410000
v 0.03990200 0.00279000 0.07410000
v 0.04452000 0.00655500 0.07410000
v 0.03912600 0.00831600 0.07410000
v 0.04330100 0.01224900 0.07410000
v 0.03758800 0.01368100 0.07410000
v 0.04135600 0.01773900 0.07410000
v 0.03531800 0.01877900 0.07410000
v 0.03871900 0.02293200 0.07410000
v 0.03236100 0.02351100 0.07410000
v 0.03543300 0.02774000 0.07410000
v 0.02877400 0.02778600 0.07410000
v 0.03155300 0.03208400 0.07410000
v 0.02462600 0.03152000 0.07410000
v 0.02714600 0.03589000 0.07410000
v 0.02000000 0.03464100 0.07410000
v 0.02228300 0.03909600 0.07410000
v 0.01498400 0.03708700 0.07410000
v 0.01704700 0.04164600 0.07410000
v 0.01152600 0.04349900 0.07410000
v 0.00967700 0.03881200 0.07410000
v 0.00581200 0.04462300 0.07410000
v 0.00418100 0.03978100 0.07410000
v 0.00000000 0.04500000 0.07410000
v -0.00139600 0.03997600 0.07410000
v -0.00581200 0.04462300 0.07410000
v -0.00694600 0.03939200 0.07410000
v -0.01152600 0.04349900 0.07410000
v -0.01236100 0.03804200 0.07410000
v -0.01704700 0.04164600 0.07410000
v -0.01753500 0.03595200 0.07410000
v -0.02228300 0.03909600 0.07410000
v -0.02236800 0.03316100 0.07410000
v -0.02714600 0.03589000 0.07410000
v -0.02676500 0.02972600 0.07410000
v -0.03155300 0.03208400 0.07410000
v -0.03064200 0.02571100 0.07410000
v -0.03543300 0.02774000 0.07410000
v -0.03392200 0.02119700 0.07410000
v -0.03871900 0.02293200 0.07410000
v -0.03654200 0.01626900 0.07410000
v -0.04135600 0.01773900 0.07410000
v -0.03845000 0.01102500 0.07410000
v -0.04330100 0.01224900 0.07410000
v -0.04452000 0.00655500 0.07410000
v -0.03961100 0.00556700 0.07410000
v -0.04499400 0.00075000 0.07410000
v -0.04000000 0.00000000 0.07410000
v -0.04469500 0.00027900 0.07410000
v -0.04469500 -0.00027900 0.07410000
v -0.04499400 -0.00075000 0.07410000
v -0.03961100 -0.00556700 0.07410000
v -0.04452000 -0.00655500 0.07410000
v -0.03845000 -0.01102500 0.07410000
v -0.04330100 -0.01224900 0.07410000
v -0.04135600 -0.01773900 0.07410000
v -0.03654200 -0.01626900 0.07410000
v -0.03871900 -0.02293200 0.07410000
v -0.03392200 -0.02119700 0.07410000
v -0.03543300 -0.02774000 0.07410000
v -0.03064200 -0.02571100 0.07410000
v -0.03155300 -0.03208400 0.07410000
v -0.02676500 -0.02972600 0.07410000
v -0.02714600 -0.03589000 0.07410000
v -0.02236800 -0.03316100 0.07410000
v -0.02228300 -0.03909600 0.07410000
v -0.01753500 -0.03595200 0.07410000
v -0.01704700 -0.04164600 0.07410000
v -0.01236100 -0.03804200 0.07410000
v -0.01152600 -0.04349900 0.07410000
v -0.00694600 -0.03939200 0.07410000
v -0.00581200 -0.04462300 0.07410000
v -0.00139600 -0.03997600 0.07410000
v 0.00000000 -0.04500000 0.07410000
v 0.00418100 -0.03978100 0.07410000
v 0.00581200 -0.04462300 0.07410000
v 0.00967700 -0.03881200 0.07410000
v 0.01152600 -0.04349900 0.07410000
v 0.01498400 -0.03708700 0.07410000
v 0.01704700 -0.04164600 0.07410000
v 0.02228300 -0.03909600 0.07410000
v 0.02000000 -0.03464100 0.07410000
v 0.02714600 -0.03589000 0.07410000
v 0.02462600 -0.03152000 0.07410000
v 0.03155300 -0.03208400 0.07410000
v 0.02877400 -0.02778600 0.07410000
v 0.03543300 -0.02774000 0.07410000
v 0.03236100 -0.02351100 0.07410000
v 0.03871900 -0.02293200 0.07410000
v 0.03531800 -0.01877900 0.07410000
v 0.04135600 -0.01773900 0.07410000
v 0.03758800 -0.01368100 0.07410000
v 0.04330100 -0.01224900 0.07410000
v 0.03912600 -0.00831600 0.07410000
v 0.04452000 -0.00655500 0.07410000
v 0.03990200 -0.00279000 0.07410000
v 0.04499400 -0.00075000 0.07410000
v 0.04469500 -0.00027900 0.07410000
v 0.01396100 -0.02879400 0.00350000
v -0.01396100 -0.02879400 0.00350000
v 0.01812100 -0.02637500 0.00350000
v -0.01812100 -0.02637500 0.00350000
v -0.02637500 -0.01812100 0.00350000
v -0.01893100 -0.02592300 0.00350000
v -0.02592300 -0.01893100 0.00350000
v -0.01981000 -0.02562800 0.00350000
v -0.02562800 -0.01981000 0.00350000
v -0.02072900 -0.02550100 0.00350000
v -0.02550100 -0.02072900 0.00350000
v -0.02252200 -0.02508200 0.00350000
v -0.02404200 -0.02404200 0.00350000
v -0.00948700 -0.03056100 0.00350000
v 0.00948700 -0.03056100 0.00350000
v -0.00479800 -0.03163800 0.00350000
v 0.00479800 -0.03163800 0.00350000
v 0.00000000 -0.03200000 0.00350000
v -0.02508200 -0.02252200 0.00350000
v -0.02879400 -0.01396100 0.00350000
v 0.02879400 -0.01396100 0.00350000
v 0.02637500 -0.01812100 0.00350000
v 0.01893100 -0.02592300 0.00350000
v 0.02592300 -0.01893100 0.00350000
v 0.01981000 -0.02562800 0.00350000
v 0.02562800 -0.01981000 0.00350000
v 0.02072900 -0.02550100 0.00350000
v 0.02550100 -0.02072900 0.00350000
v 0.02252200 -0.02508200 0.00350000
v 0.02404200 -0.02404200 0.00350000
v 0.02508200 -0.02252200 0.00350000
v 0.03056100 -0.00948700 0.00350000
v -0.03056100 -0.00948700 0.00350000
v 0.03163800 -0.00479800 0.00350000
v -0.03163800 -0.00479800 0.00350000
v 0.03200000 0.00000000 0.00350000
v -0.03200000 0.00000000 0.00350000
v 0.03163800 0.00479800 0.00350000
v -0.03163800 0.00479800 0.00350000
v 0.03056100 0.00948700 0.00350000
v -0.03056100 0.00948700 0.00350000
v 0.02879400 0.01396100 0.00350000
v -0.02879400 0.01396100 0.00350000
v 0.02637500 0.01812100 0.00350000
v -0.02637500 0.01812100 0.00350000
v 0.01812100 0.02637500 0.00350000
v 0.01396100 0.02879400 0.00350000
v -0.01812100 0.02637500 0.00350000
v -0.01396100 0.02879400 0.00350000
v -0.02592300 0.01893100 0.00350000
v -0.01893100 0.02592300 0.00350000
v -0.02562800 0.01981000 0.00350000
v -0.01981000 0.02562800 0.00350000
v -0.02550100 0.02072900 0.00350000
v -0.02072900 0.02550100 0.00350000
v -0.02508200 0.02252200 0.00350000
v -0.02404200 0.02404200 0.00350000
v -0.02252200 0.02508200 0.00350000
v 0.00948700 0.03056100 0.00350000
v -0.00948700 0.03056100 0.00350000
v 0.00479800 0.03163800 0.00350000
v -0.00479800 0.03163800 0.00350000
v 0.00000000 0.03200000 0.00350000
v 0.02592300 0.01893100 0.00350000
v 0.01893100 0.02592300 0.00350000
v 0.02562800 0.01981000 0.00350000
v 0.01981000 0.02562800 0.00350000
v 0.02550100 0.02072900 0.00350000
v 0.02072900 0.02550100 0.00350000
v 0.02508200 0.02252200 0.00350000
v 0.02404200 0.02404200 0.00350000
v 0.02252200 0.02508200 0.00350000
v 0.04700000 0.00355000 0.00700000
v 0.04700000 0.00587100 0.00912900
v 0.04700000 -0.00355000 0.00700000
v 0.04700000 -0.00587100 0.00912900
v 0.04700000 -0.00545800 0.00840000
v 0.04700000 0.00545800 0.00840000
v 0.04700000 0.00436900 0.00717500
v 0.04700000 0.00504500 0.00767100
v 0.04700000 0.00654600 0.00962400
v 0.04700000 -0.00654600 0.00962400
v 0.04700000 0.00980700 0.04356900
v 0.04700000 -0.00980700 0.04356900
v 0.04700000 -0.00720100 0.04590000
v 0.04700000 -0.00939400 0.04429500
v 0.04700000 -0.00814200 0.04569900
v 0.04700000 -0.00891800 0.04513100
v 0.04700000 0.01048200 0.04307500
v 0.04700000 0.00736600 0.00980000
v 0.04700000 0.01655000 0.03990000
v 0.04700000 0.01655000 0.01280000
v 0.04700000 0.01355000 0.00980000
v 0.04700000 0.01469800 0.01002800
v 0.04700000 0.01567100 0.01067900
v 0.04700000 0.01632200 0.01165200
v 0.04700000 0.01632200 0.04104800
v 0.04700000 0.01567100 0.04202100
v 0.04700000 0.01469800 0.04267200
v 0.04700000 0.01355000 0.04290000
v 0.04700000 0.01130000 0.04290000
v 0.04700000 0.00720100 0.04590000
v 0.04700000 0.00939400 0.04429500
v 0.04700000 0.00814200 0.04569900
v 0.04700000 0.00891800 0.04513100
v 0.04700000 -0.01048200 0.04307500
v 0.04700000 -0.00736600 0.00980000
v 0.04700000 -0.01655000 0.03990000
v 0.04700000 -0.01655000 0.01280000
v 0.04700000 -0.01130000 0.04290000
v 0.04700000 -0.01355000 0.04290000
v 0.04700000 -0.01469800 0.04267200
v 0.04700000 -0.01567100 0.04202100
v 0.04700000 -0.01632200 0.04104800
v 0.04700000 -0.01632200 0.01165200
v 0.04700000 -0.01567100 0.01067900
v 0.04700000 -0.01469800 0.01002800
v 0.04700000 -0.01355000 0.00980000
v 0.04700000 -0.00504500 0.00767100
v 0.04700000 -0.00436900 0.00717500
v -0.03111300 0.04879000 0.00000000
v -0.02899100 0.04666900 0.00000000
v -0.02899100 0.04666900 0.00000000
v -0.03111300 0.04879000 0.00600000
v -0.02899100 0.04666900 0.00600000
v -0.02899100 0.04666900 0.00600000
v -0.02834400 0.04554800 0.00600000
v -0.02834400 0.04554800 0.00000000
v -0.02834400 0.04425400 0.00600000
v -0.02834400 0.04425400 0.00000000
v -0.02899100 0.04313300 0.00600000
v -0.02899100 0.04313300 0.00000000
v -0.03011200 0.04248600 0.00600000
v -0.03011200 0.04248600 0.00000000
v -0.03140600 0.04248600 0.00600000
v -0.03140600 0.04248600 0.00000000
v -0.03252700 0.04313300 0.00600000
v -0.03252700 0.04313300 0.00000000
v -0.03252700 0.04313300 0.00000000
v -0.03464800 0.04525500 0.00000000
v -0.03464800 0.04525500 0.00000000
v -0.03252700 0.04313300 0.00600000
v -0.03464800 0.04525500 0.00600000
v -0.03464800 0.04525500 0.00600000
v -0.03529500 0.04637600 0.00600000
v -0.03529500 0.04637600 0.00000000
v -0.03529500 0.04767000 0.00600000
v -0.03529500 0.04767000 0.00000000
v -0.03464800 0.04879000 0.00600000
v -0.03464800 0.04879000 0.00000000
v -0.03352700 0.04943700 0.00600000
v -0.03352700 0.04943700 0.00000000
v -0.03223300 0.04943700 0.00600000
v -0.03223300 0.04943700 0.00000000
v -0.03111300 0.04879000 0.00600000
v -0.03111300 0.04879000 0.00000000
v -0.03529500 0.04637600 0.00600000
v -0.03111300 0.04879000 0.00600000
v -0.03464800 0.04525500 0.00600000
v -0.02899100 0.04666900 0.00600000
v -0.03252700 0.04313300 0.00600000
v -0.02834400 0.04554800 0.00600000
v -0.02834400 0.04425400 0.00600000
v -0.03529500 0.04767000 0.00600000
v -0.03464800 0.04879000 0.00600000
v -0.03223300 0.04943700 0.00600000
v -0.03352700 0.04943700 0.00600000
v -0.02899100 0.04313300 0.00600000
v -0.03140600 0.04248600 0.00600000
v -0.03011200 0.04248600 0.00600000
v 0.04812700 -0.03057000 0.00600000
v 0.04812700 -0.03057000 0.00000000
v 0.04846200 -0.03182000 0.00600000
v 0.04846200 -0.03182000 0.00000000
v 0.04846200 -0.03182000 0.00600000
v 0.04846200 -0.03182000 0.00000000
v 0.04812700 -0.03307000 0.00600000
v 0.04812700 -0.03307000 0.00000000
v 0.04721200 -0.03398500 0.00600000
v 0.04721200 -0.03398500 0.00000000
v 0.04596200 -0.03432000 0.00600000
v 0.04596200 -0.03432000 0.00000000
v 0.04471200 -0.03398500 0.00600000
v 0.04471200 -0.03398500 0.00000000
v 0.04379700 -0.03307000 0.00600000
v 0.04379700 -0.03307000 0.00000000
v 0.04346200 -0.03182000 0.00600000
v 0.04346200 -0.03182000 0.00000000
v 0.04379700 -0.03057000 0.00600000
v 0.04379700 -0.03057000 0.00000000
v 0.04471200 -0.02965500 0.00600000
v 0.04471200 -0.02965500 0.00000000
v 0.04596200 -0.02932000 0.00600000
v 0.04596200 -0.02932000 0.00000000
v 0.04721200 -0.02965500 0.00600000
v 0.04721200 -0.02965500 0.00000000
v 0.04812700 -0.03307000 0.00600000
v 0.04379700 -0.03307000 0.00600000
v 0.04846200 -0.03182000 0.00600000
v 0.04346200 -0.03182000 0.00600000
v 0.04812700 -0.03057000 0.00600000
v 0.04379700 -0.03057000 0.00600000
v 0.04721200 -0.02965500 0.00600000
v 0.04471200 -0.02965500 0.00600000
v 0.04596200 -0.02932000 0.00600000
v 0.04471200 -0.03398500 0.00600000
v 0.04721200 -0.03398500 0.00600000
v 0.04596200 -0.03432000 0.00600000
v 0.06311500 0.00698500 0.00000000
v 0.06400000 0.00000000 0.00050000
v 0.06350000 0.00000000 0.00000000
v 0.06350000 0.00000000 0.00000000
v 0.06400000 0.00000000 0.00050000
v 0.06361100 -0.00704000 0.00050000
v 0.06311500 -0.00698500 0.00000000
v 0.06245100 -0.01399600 0.00050000
v 0.06196300 -0.01388600 0.00000000
v 0.06053200 -0.02078100 0.00050000
v 0.06005900 -0.02061800 0.00000000
v 0.05787900 -0.02731400 0.00050000
v 0.05742700 -0.02710000 0.00000000
v 0.05452300 -0.03351500 0.00050000
v 0.05409700 -0.03325300 0.00000000
v 0.05050500 -0.03931000 0.00050000
v 0.05011000 -0.03900200 0.00000000
v 0.04587400 -0.04462700 0.00050000
v 0.04551600 -0.04427800 0.00000000
v 0.04068600 -0.04940300 0.00050000
v 0.04036800 -0.04901700 0.00000000
v 0.03500500 -0.05357900 0.00050000
v 0.03473100 -0.05316000 0.00000000
v 0.02889800 -0.05710400 0.00050000
v 0.02867200 -0.05665800 0.00000000
v 0.02244100 -0.05993700 0.00050000
v 0.02226500 -0.05946800 0.00000000
v 0.01571100 -0.06204200 0.00050000
v 0.01558800 -0.06155700 0.00000000
v 0.00879100 -0.06339300 0.00050000
v 0.00872200 -0.06289800 0.00000000
v 0.00176300 -0.06397600 0.00050000
v 0.00175000 -0.06347600 0.00000000
v -0.00528500 -0.06378100 0.00050000
v -0.00524400 -0.06328300 0.00000000
v -0.01226900 -0.06281300 0.00050000
v -0.01217400 -0.06232200 0.00000000
v -0.01910500 -0.06108200 0.00050000
v -0.01895600 -0.06060500 0.00000000
v -0.02570800 -0.05860900 0.00050000
v -0.02550800 -0.05815200 0.00000000
v -0.03200000 -0.05542600 0.00050000
v -0.03175000 -0.05499300 0.00000000
v -0.03790300 -0.05156900 0.00050000
v -0.03760700 -0.05116600 0.00000000
v -0.04334600 -0.04708600 0.00050000
v -0.04300700 -0.04671800 0.00000000
v -0.04826300 -0.04203200 0.00050000
v -0.04788600 -0.04170400 0.00000000
v -0.05259400 -0.03646800 0.00050000
v -0.05218300 -0.03618300 0.00000000
v -0.05628600 -0.03046100 0.00050000
v -0.05584700 -0.03022300 0.00000000
v -0.05929600 -0.02408400 0.00050000
v -0.05883200 -0.02389600 0.00000000
v -0.06158500 -0.01741500 0.00050000
v -0.06110400 -0.01727900 0.00000000
v -0.06312700 -0.01053400 0.00050000
v -0.06263400 -0.01045200 0.00000000
v -0.06390300 -0.00352600 0.00050000
v -0.06340400 -0.00349800 0.00000000
v -0.06390300 0.00352600 0.00050000
v -0.06340400 0.00349800 0.00000000
v -0.06312700 0.01053400 0.00050000
v -0.06263400 0.01045200 0.00000000
v -0.06158500 0.01741500 0.00050000
v -0.06110400 0.01727900 0.00000000
v -0.05929600 0.02408400 0.00050000
v -0.05883200 0.02389600 0.00000000
v -0.05628600 0.03046100 0.00050000
v -0.05584700 0.03022300 0.00000000
v -0.05259400 0.03646800 0.00050000
v -0.05218300 0.03618300 0.00000000
v -0.04826300 0.04203200 0.00050000
v -0.04788600 0.04170400 0.00000000
v -0.04334600 0.04708600 0.00050000
v -0.04300700 0.04671800 0.00000000
v -0.03790300 0.05156900 0.00050000
v -0.03760700 0.05116600 0.00000000
v -0.03200000 0.05542600 0.00050000
v -0.03175000 0.05499300 0.00000000
v -0.02570800 0.05860900 0.00050000
v -0.02550800 0.05815200 0.00000000
v -0.01910500 0.06108200 0.00050000
v -0.01895600 0.06060500 0.00000000
v -0.01226900 0.06281300 0.00050000
v -0.01217400 0.06232200 0.00000000
v -0.00528500 0.06378100 0.00050000
v -0.00524400 0.06328300 0.00000000
v 0.00176300 0.06397600 0.00050000
v 0.00175000 0.06347600 0.00000000
v 0.00879100 0.06339300 0.00050000
v 0.00872200 0.06289800 0.00000000
v 0.01571100 0.06204200 0.00050000
v 0.01558800 0.06155700 0.00000000
v 0.02244100 0.05993700 0.00050000
v 0.02226500 0.05946800 0.00000000
v 0.02889800 0.05710400 0.00050000
v 0.02867200 0.05665800 0.00000000
v 0.03500500 0.05357900 0.00050000
v 0.03473100 0.05316000 0.00000000
v 0.04068600 0.04940300 0.00050000
v 0.04036800 0.04901700 0.00000000
v 0.04587400 0.04462700 0.00050000
v 0.04551600 0.04427800 0.00000000
v 0.05050500 0.03931000 0.00050000
v 0.05011000 0.03900200 0.00000000
v 0.05452300 0.03351500 0.00050000
v 0.05409700 0.03325300 0.00000000
v 0.05787900 0.02731400 0.00050000
v 0.05742700 0.02710000 0.00000000
v 0.06053200 0.02078100 0.00050000
v 0.06005900 0.02061800 0.00000000
v 0.06245100 0.01399600 0.00050000
v 0.06196300 0.01388600 0.00000000
v 0.06361100 0.00704000 0.00050000
v 0.06311500 0.00698500 0.00000000
v 0.06350000 0.00000000 0.00000000
v 0.03230000 0.00000000 0.00000000
v 0.06311500 -0.00698500 0.00000000
v 0.03193500 -0.00484300 0.00000000
v 0.06196300 -0.01388600 0.00000000
v 0.03084800 -0.00957600 0.00000000
v 0.06005900 -0.02061800 0.00000000
v 0.04596200 -0.02932000 0.00000000
v 0.04721200 -0.02965500 0.00000000
v 0.05742700 -0.02710000 0.00000000
v 0.04812700 -0.03057000 0.00000000
v 0.05409700 -0.03325300 0.00000000
v 0.04846200 -0.03182000 0.00000000
v 0.04812700 -0.03307000 0.00000000
v 0.05011000 -0.03900200 0.00000000
v 0.04721200 -0.03398500 0.00000000
v 0.04596200 -0.03432000 0.00000000
v 0.04219100 -0.03889100 0.00000000
v 0.04181300 -0.03735700 0.00000000
v 0.04551600 -0.04427800 0.00000000
v 0.04181300 -0.04042400 0.00000000
v 0.04076500 -0.04160700 0.00000000
v 0.04036800 -0.04901700 0.00000000
v 0.03928900 -0.04216700 0.00000000
v 0.03772100 -0.04197600 0.00000000
v 0.03473100 -0.05316000 0.00000000
v 0.03642100 -0.04107900 0.00000000
v 0.02689500 -0.04978900 0.00000000
v 0.02790700 -0.03822800 0.00000000
v 0.02643300 -0.05149400 0.00000000
v 0.02867200 -0.05665800 0.00000000
v 0.02540600 -0.05293200 0.00000000
v 0.02394300 -0.05392300 0.00000000
v 0.02226500 -0.05946800 0.00000000
v 0.01819000 -0.05612600 0.00000000
v 0.01558800 -0.06155700 0.00000000
v 0.01223800 -0.05771700 0.00000000
v 0.00872200 -0.06289800 0.00000000
v 0.00615200 -0.05867800 0.00000000
v 0.00175000 -0.06347600 0.00000000
v 0.00000000 -0.05900000 0.00000000
v -0.00524400 -0.06328300 0.00000000
v -0.00615200 -0.05867800 0.00000000
v -0.01217400 -0.06232200 0.00000000
v -0.01223800 -0.05771700 0.00000000
v -0.01895600 -0.06060500 0.00000000
v -0.01819000 -0.05612600 0.00000000
v -0.02550800 -0.05815200 0.00000000
v -0.02394300 -0.05392300 0.00000000
v -0.02540600 -0.05293200 0.00000000
v -0.03175000 -0.05499300 0.00000000
v -0.02643300 -0.05149400 0.00000000
v -0.02689500 -0.04978900 0.00000000
v -0.03760700 -0.05116600 0.00000000
v -0.03701600 -0.04160700 0.00000000
v -0.03849300 -0.04216700 0.00000000
v -0.04300700 -0.04671800 0.00000000
v -0.04006100 -0.04197600 0.00000000
v -0.04136100 -0.04107900 0.00000000
v -0.04788600 -0.04170400 0.00000000
v -0.04209500 -0.03968100 0.00000000
v -0.04209500 -0.03810100 0.00000000
v -0.05218300 -0.03618300 0.00000000
v -0.04136100 -0.03670300 0.00000000
v -0.04978900 -0.02689500 0.00000000
v -0.04006100 -0.03580500 0.00000000
v -0.03822800 -0.02790700 0.00000000
v -0.03849300 -0.03561500 0.00000000
v -0.03607500 -0.02776100 0.00000000
v -0.03701600 -0.03617500 0.00000000
v -0.03407000 -0.02696800 0.00000000
v -0.02696800 -0.03407000 0.00000000
v -0.03240100 -0.02560100 0.00000000
v -0.02560100 -0.03240100 0.00000000
v -0.02425400 -0.02425400 0.00000000
v -0.02379000 -0.03122700 0.00000000
v -0.02264300 -0.02535600 0.00000000
v -0.02170900 -0.03066100 0.00000000
v -0.02074200 -0.02580100 0.00000000
v -0.01987900 -0.02592000 0.00000000
v -0.05584700 -0.03022300 0.00000000
v -0.05149400 -0.02643300 0.00000000
v -0.05293200 -0.02540600 0.00000000
v -0.05392300 -0.02394300 0.00000000
v -0.05883200 -0.02389600 0.00000000
v -0.05612600 -0.01819000 0.00000000
v -0.06110400 -0.01727900 0.00000000
v -0.05771700 -0.01223800 0.00000000
v -0.06263400 -0.01045200 0.00000000
v -0.05867800 -0.00615200 0.00000000
v -0.06340400 -0.00349800 0.00000000
v -0.05900000 0.00000000 0.00000000
v -0.06340400 0.00349800 0.00000000
v -0.05867800 0.00615200 0.00000000
v -0.06263400 0.01045200 0.00000000
v -0.05771700 0.01223800 0.00000000
v -0.06110400 0.01727900 0.00000000
v -0.05612600 0.01819000 0.00000000
v -0.05883200 0.02389600 0.00000000
v -0.05392300 0.02394300 0.00000000
v -0.05584700 0.03022300 0.00000000
v -0.05293200 0.02540600 0.00000000
v -0.05149400 0.02643300 0.00000000
v -0.04978900 0.02689500 0.00000000
v -0.05218300 0.03618300 0.00000000
v -0.04136100 0.03670300 0.00000000
v -0.04209500 0.03810100 0.00000000
v -0.04788600 0.04170400 0.00000000
v -0.04209500 0.03968100 0.00000000
v -0.04136100 0.04107900 0.00000000
v -0.04300700 0.04671800 0.00000000
v -0.04006100 0.04197600 0.00000000
v -0.03849300 0.04216700 0.00000000
v -0.03529500 0.04637600 0.00000000
v -0.03464800 0.04525500 0.00000000
v -0.03529500 0.04767000 0.00000000
v -0.03760700 0.05116600 0.00000000
v -0.03464800 0.04879000 0.00000000
v -0.03352700 0.04943700 0.00000000
v -0.03175000 0.05499300 0.00000000
v -0.03223300 0.04943700 0.00000000
v -0.03111300 0.04879000 0.00000000
v -0.02643300 0.05149400 0.00000000
v -0.02689500 0.04978900 0.00000000
v -0.02540600 0.05293200 0.00000000
v -0.02550800 0.05815200 0.00000000
v -0.02394300 0.05392300 0.00000000
v -0.01819000 0.05612600 0.00000000
v -0.01895600 0.06060500 0.00000000
v -0.01223800 0.05771700 0.00000000
v -0.01217400 0.06232200 0.00000000
v -0.00615200 0.05867800 0.00000000
v -0.00524400 0.06328300 0.00000000
v 0.00000000 0.05900000 0.00000000
v 0.00175000 0.06347600 0.00000000
v 0.00615200 0.05867800 0.00000000
v 0.00872200 0.06289800 0.00000000
v 0.01223800 0.05771700 0.00000000
v 0.01558800 0.06155700 0.00000000
v 0.01819000 0.05612600 0.00000000
v 0.02226500 0.05946800 0.00000000
v 0.02394300 0.05392300 0.00000000
v 0.02867200 0.05665800 0.00000000
v 0.02540600 0.05293200 0.00000000
v 0.02643300 0.05149400 0.00000000
v 0.03473100 0.05316000 0.00000000
v 0.02689500 0.04978900 0.00000000
v 0.03642100 0.04107900 0.00000000
v 0.02790700 0.03822800 0.00000000
v 0.03568700 0.03968100 0.00000000
v 0.03568700 0.03810100 0.00000000
v 0.03772100 0.04197600 0.00000000
v 0.04036800 0.04901700 0.00000000
v 0.03928900 0.04216700 0.00000000
v 0.04076500 0.04160700 0.00000000
v 0.04551600 0.04427800 0.00000000
v 0.04181300 0.04042400 0.00000000
v 0.04219100 0.03889100 0.00000000
v 0.05011000 0.03900200 0.00000000
v 0.04181300 0.03735700 0.00000000
v 0.05409700 0.03325300 0.00000000
v 0.04076500 0.03617500 0.00000000
v 0.05742700 0.02710000 0.00000000
v 0.03928900 0.03561500 0.00000000
v 0.02906400 0.01409200 0.00000000
v 0.02662200 0.01829000 0.00000000
v 0.06005900 0.02061800 0.00000000
v 0.03084800 0.00957600 0.00000000
v 0.06196300 0.01388600 0.00000000
v 0.03193500 0.00484300 0.00000000
v -0.02834400 0.04554800 0.00000000
v -0.02899100 0.04666900 0.00000000
v -0.03701600 0.04160700 0.00000000
v -0.03252700 0.04313300 0.00000000
v -0.03596900 0.04042400 0.00000000
v -0.03140600 0.04248600 0.00000000
v -0.03559100 0.03889100 0.00000000
v -0.02790700 0.03822800 0.00000000
v -0.03596900 0.03735700 0.00000000
v -0.02776100 0.03607500 0.00000000
v -0.02696800 0.03407000 0.00000000
v -0.03011200 0.04248600 0.00000000
v -0.02899100 0.04313300 0.00000000
v -0.02834400 0.04425400 0.00000000
v 0.02906400 -0.01409200 0.00000000
v 0.04471200 -0.02965500 0.00000000
v 0.02662200 -0.01829000 0.00000000
v 0.04379700 -0.03057000 0.00000000
v 0.02580100 -0.02074200 0.00000000
v 0.02535600 -0.02264300 0.00000000
v 0.03772100 -0.03580500 0.00000000
v 0.02696800 -0.03407000 0.00000000
v 0.03642100 -0.03670300 0.00000000
v 0.02776100 -0.03607500 0.00000000
v 0.03568700 -0.03810100 0.00000000
v 0.03568700 -0.03968100 0.00000000
v 0.04346200 -0.03182000 0.00000000
v 0.03928900 -0.03561500 0.00000000
v 0.04379700 -0.03307000 0.00000000
v 0.04076500 -0.03617500 0.00000000
v 0.04471200 -0.03398500 0.00000000
v 0.02776100 0.03607500 0.00000000
v 0.03642100 0.03670300 0.00000000
v 0.02696800 0.03407000 0.00000000
v 0.03772100 0.03580500 0.00000000
v 0.02535600 0.02264300 0.00000000
v 0.02580100 0.02074200 0.00000000
v -0.04006100 0.03580500 0.00000000
v -0.03822800 0.02790700 0.00000000
v -0.03849300 0.03561500 0.00000000
v -0.03607500 0.02776100 0.00000000
v -0.03701600 0.03617500 0.00000000
v -0.03407000 0.02696800 0.00000000
v -0.03240100 0.02560100 0.00000000
v -0.02560100 0.03240100 0.00000000
v -0.02425400 0.02425400 0.00000000
v -0.02379100 0.03122700 0.00000000
v -0.02264300 0.02535600 0.00000000
v -0.02170900 0.03066100 0.00000000
v -0.02074200 0.02580100 0.00000000
v -0.01987900 0.02592000 0.00000000
v -0.01955400 0.03075500 0.00000000
v -0.01905200 0.02619700 0.00000000
v -0.01829000 0.02662200 0.00000000
v -0.01753000 0.03150100 0.00000000
v -0.01409200 0.02906400 0.00000000
v -0.01279100 0.03370400 0.00000000
v -0.00957600 0.03084800 0.00000000
v -0.00778400 0.03520000 0.00000000
v -0.00484300 0.03193500 0.00000000
v -0.00261300 0.03595500 0.00000000
v 0.00000000 0.03230000 0.00000000
v 0.00261300 0.03595500 0.00000000
v 0.00484300 0.03193500 0.00000000
v 0.00778400 0.03520000 0.00000000
v 0.00957600 0.03084800 0.00000000
v 0.01279100 0.03370400 0.00000000
v 0.01409200 0.02906400 0.00000000
v 0.01753000 0.03150100 0.00000000
v 0.01829000 0.02662200 0.00000000
v 0.01955400 0.03075500 0.00000000
v 0.01905200 0.02619700 0.00000000
v 0.01987900 0.02592000 0.00000000
v 0.02170900 0.03066100 0.00000000
v 0.02074200 0.02580100 0.00000000
v 0.02264300 0.02535600 0.00000000
v 0.02379000 0.03122700 0.00000000
v 0.02425400 0.02425400 0.00000000
v 0.02560100 0.03240100 0.00000000
v -0.03596900 -0.04042400 0.00000000
v -0.03559100 -0.03889100 0.00000000
v -0.02790700 -0.03822800 0.00000000
v -0.03596900 -0.03735700 0.00000000
v -0.02776100 -0.03607500 0.00000000
v 0.01279100 -0.03370400 0.00000000
v 0.01409200 -0.02906400 0.00000000
v 0.01753000 -0.03150100 0.00000000
v 0.01829000 -0.02662200 0.00000000
v 0.01955400 -0.03075500 0.00000000
v 0.01905200 -0.02619700 0.00000000
v 0.01987900 -0.02592000 0.00000000
v 0.00957600 -0.03084800 0.00000000
v 0.00778400 -0.03520000 0.00000000
v 0.00484300 -0.03193500 0.00000000
v 0.00261300 -0.03595500 0.00000000
v 0.00000000 -0.03230000 0.00000000
v -0.00261300 -0.03595500 0.00000000
v -0.00484300 -0.03193500 0.00000000
v -0.00778400 -0.03520000 0.00000000
v -0.00957600 -0.03084800 0.00000000
v -0.01279100 -0.03370400 0.00000000
v -0.01409200 -0.02906400 0.00000000
v -0.01753000 -0.03150100 0.00000000
v -0.01829000 -0.02662200 0.00000000
v -0.01955400 -0.03075500 0.00000000
v -0.01905200 -0.02619700 0.00000000
v 0.02560100 -0.03240100 0.00000000
v 0.02425400 -0.02425400 0.00000000
v 0.02379100 -0.03122700 0.00000000
v 0.02264300 -0.02535600 0.00000000
v 0.02170900 -0.03066100 0.00000000
v 0.02074200 -0.02580100 0.00000000
v -0.03370400 -0.01279100 0.00000000
v -0.02906400 -0.01409200 0.00000000
v -0.03150100 -0.01753000 0.00000000
v -0.02662200 -0.01829000 0.00000000
v -0.03075500 -0.01955400 0.00000000
v -0.02619700 -0.01905200 0.00000000
v -0.02592000 -0.01987900 0.00000000
v -0.03084800 -0.00957600 0.00000000
v -0.03520000 -0.00778400 0.00000000
v -0.03193500 -0.00484300 0.00000000
v -0.03595500 -0.00261300 0.00000000
v -0.03230000 0.00000000 0.00000000
v -0.03595500 0.00261300 0.00000000
v -0.03193500 0.00484300 0.00000000
v -0.03520000 0.00778400 0.00000000
v -0.03084800 0.00957600 0.00000000
v -0.03370400 0.01279100 0.00000000
v -0.02906400 0.01409200 0.00000000
v -0.03150100 0.01753000 0.00000000
v -0.02662200 0.01829000 0.00000000
v -0.03075500 0.01955400 0.00000000
v -0.02619700 0.01905200 0.00000000
v -0.02592000 0.01987900 0.00000000
v -0.03066100 0.02170900 0.00000000
v -0.02580100 0.02074200 0.00000000
v -0.02535600 0.02264300 0.00000000
v -0.03122700 0.02379000 0.00000000
v -0.03122700 -0.02379100 0.00000000
v -0.02535600 -0.02264300 0.00000000
v -0.03066100 -0.02170900 0.00000000
v -0.02580100 -0.02074200 0.00000000
v 0.02592000 -0.01987900 0.00000000
v 0.02619700 -0.01905200 0.00000000
v 0.02619700 0.01905200 0.00000000
v 0.02592000 0.01987900 0.00000000
v 0.06398900 0.00118400 0.00700000
v 0.06400000 0.00000000 0.00050000
v 0.06390100 0.00355000 0.00700000
v 0.06361100 0.00704000 0.00050000
v 0.06386400 0.00416900 0.00709800
v 0.06382400 0.00473600 0.00739000
v 0.06379100 0.00517100 0.00782900
v 0.06376700 0.00545800 0.00840000
v 0.06370100 0.00618100 0.00941100
v 0.06374200 0.00574500 0.00897200
v 0.06398900 0.00118400 0.00700000
v 0.06398900 -0.00118400 0.00700000
v 0.06400000 0.00000000 0.00050000
v 0.06390100 -0.00355000 0.00700000
v 0.06361100 -0.00704000 0.00050000
v 0.06386400 -0.00416900 0.00709800
v 0.06382400 -0.00473600 0.00739000
v 0.06379100 -0.00517100 0.00782900
v 0.06370100 -0.00618100 0.00941100
v 0.06364300 -0.00674800 0.00970200
v 0.06376700 -0.00545800 0.00840000
v 0.06374200 -0.00574500 0.00897200
v 0.06357500 -0.00736600 0.00980000
v 0.06330000 -0.00943800 0.00980000
v 0.06295800 -0.01150000 0.00980000
v 0.06245100 -0.01399600 0.00050000
v 0.06254900 -0.01355000 0.00980000
v 0.06229200 -0.01468800 0.01002400
v 0.06205500 -0.01566000 0.01066700
v 0.06188500 -0.01631600 0.01163900
v 0.06053200 -0.02078100 0.00050000
v 0.06101400 -0.01932000 0.01500000
v 0.06008100 -0.02205000 0.01500000
v 0.06182300 -0.01655000 0.01280000
v 0.06182300 -0.01655000 0.01500000
v 0.05902600 -0.02473600 0.01500000
v 0.05787900 -0.02731400 0.00050000
v 0.05592200 -0.03112300 0.01500000
v 0.05452300 -0.03351500 0.00050000
v 0.05213000 -0.03712700 0.01500000
v 0.05050500 -0.03931000 0.00050000
v 0.04769600 -0.04267400 0.01500000
v 0.04587400 -0.04462700 0.00050000
v 0.04267400 -0.04769600 0.01500000
v 0.04068600 -0.04940300 0.00050000
v 0.03712700 -0.05213000 0.01500000
v 0.03500500 -0.05357900 0.00050000
v 0.03112300 -0.05592200 0.01500000
v 0.02889800 -0.05710400 0.00050000
v 0.02473600 -0.05902600 0.01500000
v 0.02244100 -0.05993700 0.00050000
v 0.01876800 -0.06118600 0.01500000
v 0.01571100 -0.06204200 0.00050000
v 0.01261600 -0.06274400 0.01500000
v 0.00879100 -0.06339300 0.00050000
v 0.00633900 -0.06368500 0.01500000
v 0.00176300 -0.06397600 0.00050000
v 0.00000000 -0.06400000 0.01500000
v -0.00528500 -0.06378100 0.00050000
v -0.00633900 -0.06368500 0.01500000
v -0.01226900 -0.06281300 0.00050000
v -0.01261600 -0.06274400 0.01500000
v -0.01910500 -0.06108200 0.00050000
v -0.01876800 -0.06118600 0.01500000
v -0.02473600 -0.05902600 0.01500000
v -0.02570800 -0.05860900 0.00050000
v -0.03112300 -0.05592200 0.01500000
v -0.03200000 -0.05542600 0.00050000
v -0.03712700 -0.05213000 0.01500000
v -0.03790300 -0.05156900 0.00050000
v -0.04267400 -0.04769600 0.01500000
v -0.04334600 -0.04708600 0.00050000
v -0.04769600 -0.04267400 0.01500000
v -0.04826300 -0.04203200 0.00050000
v -0.05213000 -0.03712700 0.01500000
v -0.05259400 -0.03646800 0.00050000
v -0.05592200 -0.03112300 0.01500000
v -0.05628600 -0.03046100 0.00050000
v -0.05902600 -0.02473600 0.01500000
v -0.05929600 -0.02408400 0.00050000
v -0.06118600 -0.01876800 0.01500000
v -0.06158500 -0.01741500 0.00050000
v -0.06274400 -0.01261600 0.01500000
v -0.06312700 -0.01053400 0.00050000
v -0.06368500 -0.00633900 0.01500000
v -0.06390300 -0.00352600 0.00050000
v -0.06400000 0.00000000 0.01500000
v -0.06390300 0.00352600 0.00050000
v -0.06368500 0.00633900 0.01500000
v -0.06312700 0.01053400 0.00050000
v -0.06274400 0.01261600 0.01500000
v -0.06158500 0.01741500 0.00050000
v -0.06118600 0.01876800 0.01500000
v -0.05929600 0.02408400 0.00050000
v -0.05902600 0.02473600 0.01500000
v -0.05628600 0.03046100 0.00050000
v -0.05592200 0.03112300 0.01500000
v -0.05259400 0.03646800 0.00050000
v -0.05213000 0.03712700 0.01500000
v -0.04826300 0.04203200 0.00050000
v -0.04769600 0.04267400 0.01500000
v -0.04334600 0.04708600 0.00050000
v -0.04267400 0.04769600 0.01500000
v -0.03790300 0.05156900 0.00050000
v -0.03712700 0.05213000 0.01500000
v -0.03200000 0.05542600 0.00050000
v -0.03112300 0.05592200 0.01500000
v -0.02570800 0.05860900 0.00050000
v -0.02473600 0.05902600 0.01500000
v -0.01910500 0.06108200 0.00050000
v -0.01876800 0.06118600 0.01500000
v -0.01261600 0.06274400 0.01500000
v -0.01226900 0.06281300 0.00050000
v -0.00633900 0.06368500 0.01500000
v -0.00528500 0.06378100 0.00050000
v 0.00000000 0.06400000 0.01500000
v 0.00176300 0.06397600 0.00050000
v 0.00633900 0.06368500 0.01500000
v 0.00879100 0.06339300 0.00050000
v 0.01261600 0.06274400 0.01500000
v 0.01571100 0.06204200 0.00050000
v 0.01876800 0.06118600 0.01500000
v 0.02244100 0.05993700 0.00050000
v 0.02473600 0.05902600 0.01500000
v 0.02889800 0.05710400 0.00050000
v 0.03112300 0.05592200 0.01500000
v 0.03500500 0.05357900 0.00050000
v 0.03712700 0.05213000 0.01500000
v 0.04068600 0.04940300 0.00050000
v 0.04267400 0.04769600 0.01500000
v 0.04587400 0.04462700 0.00050000
v 0.04769600 0.04267400 0.01500000
v 0.05050500 0.03931000 0.00050000
v 0.05213000 0.03712700 0.01500000
v 0.05452300 0.03351500 0.00050000
v 0.05592200 0.03112300 0.01500000
v 0.05787900 0.02731400 0.00050000
v 0.05902600 0.02473600 0.01500000
v 0.06053200 0.02078100 0.00050000
v 0.06008100 0.02205000 0.01500000
v 0.06101400 0.01932000 0.01500000
v 0.06182300 0.01655000 0.01500000
v 0.06182300 0.01655000 0.01280000
v 0.06188500 0.01631600 0.01163900
v 0.06205500 0.01566000 0.01066700
v 0.06245100 0.01399600 0.00050000
v 0.06229200 0.01468800 0.01002400
v 0.06254900 0.01355000 0.00980000
v 0.06295800 0.01150000 0.00980000
v 0.06330000 0.00943800 0.00980000
v 0.06357500 0.00736600 0.00980000
v 0.06364300 0.00674800 0.00970200
v -0.02637500 -0.01812100 0.00350000
v -0.02637500 -0.01812100 0.00030000
v -0.02879400 -0.01396100 0.00350000
v -0.02879400 -0.01396100 0.00030000
v -0.03056100 -0.00948700 0.00350000
v -0.03056100 -0.00948700 0.00030000
v -0.03163800 -0.00479800 0.00350000
v -0.03163800 -0.00479800 0.00030000
v -0.03200000 0.00000000 0.00350000
v -0.03200000 0.00000000 0.00030000
v -0.03163800 0.00479800 0.00350000
v -0.03163800 0.00479800 0.00030000
v -0.03056100 0.00948700 0.00350000
v -0.03056100 0.00948700 0.00030000
v -0.02879400 0.01396100 0.00350000
v -0.02879400 0.01396100 0.00030000
v -0.02637500 0.01812100 0.00350000
v -0.02637500 0.01812100 0.00030000
v 0.01812100 -0.02637500 0.00350000
v 0.01812100 -0.02637500 0.00030000
v 0.01396100 -0.02879400 0.00350000
v 0.01396100 -0.02879400 0.00030000
v 0.00948700 -0.03056100 0.00350000
v 0.00948700 -0.03056100 0.00030000
v 0.00479800 -0.03163800 0.00350000
v 0.00479800 -0.03163800 0.00030000
v 0.00000000 -0.03200000 0.00350000
v 0.00000000 -0.03200000 0.00030000
v -0.00479800 -0.03163800 0.00350000
v -0.00479800 -0.03163800 0.00030000
v -0.00948700 -0.03056100 0.00350000
v -0.00948700 -0.03056100 0.00030000
v -0.01396100 -0.02879400 0.00350000
v -0.01396100 -0.02879400 0.00030000
v -0.01812100 -0.02637500 0.00350000
v -0.01812100 -0.02637500 0.00030000
v -0.01812100 0.02637500 0.00350000
v -0.01812100 0.02637500 0.00030000
v -0.01396100 0.02879400 0.00350000
v -0.01396100 0.02879400 0.00030000
v -0.00948700 0.03056100 0.00350000
v -0.00948700 0.03056100 0.00030000
v -0.00479800 0.03163800 0.00350000
v -0.00479800 0.03163800 0.00030000
v 0.00000000 0.03200000 0.00350000
v 0.00000000 0.03200000 0.00030000
v 0.00479800 0.03163800 0.00350000
v 0.00479800 0.03163800 0.00030000
v 0.00948700 0.03056100 0.00350000
v 0.00948700 0.03056100 0.00030000
v 0.01396100 0.02879400 0.00350000
v 0.01396100 0.02879400 0.00030000
v 0.01812100 0.02637500 0.00350000
v 0.01812100 0.02637500 0.00030000
v 0.02637500 0.01812100 0.00350000
v 0.02637500 0.01812100 0.00030000
v 0.02879400 0.01396100 0.00350000
v 0.02879400 0.01396100 0.00030000
v 0.03056100 0.00948700 0.00350000
v 0.03056100 0.00948700 0.00030000
v 0.03163800 0.00479800 0.00350000
v 0.03163800 0.00479800 0.00030000
v 0.03200000 0.00000000 0.00350000
v 0.03200000 0.00000000 0.00030000
v 0.03163800 -0.00479800 0.00350000
v 0.03163800 -0.00479800 0.00030000
v 0.03056100 -0.00948700 0.00350000
v 0.03056100 -0.00948700 0.00030000
v 0.02879400 -0.01396100 0.00350000
v 0.02879400 -0.01396100 0.00030000
v 0.02637500 -0.01812100 0.00350000
v 0.02637500 -0.01812100 0.00030000
v -0.04499400 0.00075000 0.07249200
v -0.04499400 0.00075000 0.07410000
v -0.04452000 0.00655500 0.07249200
v -0.04452000 0.00655500 0.07410000
v -0.04330100 0.01224900 0.07249200
v -0.04330100 0.01224900 0.07410000
v -0.04135600 0.01773900 0.07249200
v -0.04135600 0.01773900 0.07410000
v -0.03871900 0.02293200 0.07249200
v -0.03871900 0.02293200 0.07410000
v -0.03543300 0.02774000 0.07249200
v -0.03543300 0.02774000 0.07410000
v -0.03155300 0.03208400 0.07249200
v -0.03155300 0.03208400 0.07410000
v -0.02714600 0.03589000 0.07249200
v -0.02714600 0.03589000 0.07410000
v -0.02228300 0.03909600 0.07249200
v -0.02228300 0.03909600 0.07410000
v -0.01704700 0.04164600 0.07249200
v -0.01704700 0.04164600 0.07410000
v -0.01152600 0.04349900 0.07249200
v -0.01152600 0.04349900 0.07410000
v -0.00581200 0.04462300 0.07249200
v -0.00581200 0.04462300 0.07410000
v 0.00000000 0.04500000 0.07249200
v 0.00000000 0.04500000 0.07410000
v 0.00581200 0.04462300 0.07249200
v 0.00581200 0.04462300 0.07410000
v 0.01152600 0.04349900 0.07249200
v 0.01152600 0.04349900 0.07410000
v 0.01704700 0.04164600 0.07249200
v 0.01704700 0.04164600 0.07410000
v 0.02228300 0.03909600 0.07249200
v 0.02228300 0.03909600 0.07410000
v 0.02714600 0.03589000 0.07249200
v 0.02714600 0.03589000 0.07410000
v 0.03155300 0.03208400 0.07249200
v 0.03155300 0.03208400 0.07410000
v 0.03543300 0.02774000 0.07249200
v 0.03543300 0.02774000 0.07410000
v 0.03871900 0.02293200 0.07249200
v 0.03871900 0.02293200 0.07410000
v 0.04135600 0.01773900 0.07249200
v 0.04135600 0.01773900 0.07410000
v 0.04330100 0.01224900 0.07249200
v 0.04330100 0.01224900 0.07410000
v 0.04452000 0.00655500 0.07249200
v 0.04452000 0.00655500 0.07410000
v 0.04499400 0.00075000 0.07249200
v 0.04499400 0.00075000 0.07410000
v 0.04499400 -0.00075000 0.07249200
v 0.04499400 -0.00075000 0.07410000
v 0.04452000 -0.00655500 0.07249200
v 0.04452000 -0.00655500 0.07410000
v 0.04330100 -0.01224900 0.07249200
v 0.04330100 -0.01224900 0.07410000
v 0.04135600 -0.01773900 0.07249200
v 0.04135600 -0.01773900 0.07410000
v 0.03871900 -0.02293200 0.07249200
v 0.03871900 -0.02293200 0.07410000
v 0.03543300 -0.02774000 0.07249200
v 0.03543300 -0.02774000 0.07410000
v 0.03155300 -0.03208400 0.07249200
v 0.03155300 -0.03208400 0.07410000
v 0.02714600 -0.03589000 0.07249200
v 0.02714600 -0.03589000 0.07410000
v 0.02228300 -0.03909600 0.07249200
v 0.02228300 -0.03909600 0.07410000
v 0.01704700 -0.04164600 0.07249200
v 0.01704700 -0.04164600 0.07410000
v 0.01152600 -0.04349900 0.07249200
v 0.01152600 -0.04349900 0.07410000
v 0.00581200 -0.04462300 0.07249200
v 0.00581200 -0.04462300 0.07410000
v 0.00000000 -0.04500000 0.07249200
v 0.00000000 -0.04500000 0.07410000
v -0.00581200 -0.04462300 0.07249200
v -0.00581200 -0.04462300 0.07410000
v -0.01152600 -0.04349900 0.07249200
v -0.01152600 -0.04349900 0.07410000
v -0.01704700 -0.04164600 0.07249200
v -0.01704700 -0.04164600 0.07410000
v -0.02228300 -0.03909600 0.07249200
v -0.02228300 -0.03909600 0.07410000
v -0.02714600 -0.03589000 0.07249200
v -0.02714600 -0.03589000 0.07410000
v -0.03155300 -0.03208400 0.07249200
v -0.03155300 -0.03208400 0.07410000
v -0.03543300 -0.02774000 0.07249200
v -0.03543300 -0.02774000 0.07410000
v -0.03871900 -0.02293200 0.07249200
v -0.03871900 -0.02293200 0.07410000
v -0.04135600 -0.01773900 0.07249200
v -0.04135600 -0.01773900 0.07410000
v -0.04330100 -0.01224900 0.07249200
v -0.04330100 -0.01224900 0.07410000
v -0.04452000 -0.00655500 0.07249200
v -0.04452000 -0.00655500 0.07410000
v -0.04499400 -0.00075000 0.07249200
v -0.04499400 -0.00075000 0.07410000
v 0.04503600 0.00026000 0.07100000
v 0.04520300 0.00000000 0.06900900
v 0.04503000 0.00078100 0.07100000
v 0.04503500 0.00388600 0.06900900
v 0.04499400 0.00075000 0.07249200
v 0.04452000 0.00655500 0.07249200
v 0.04453500 0.00774300 0.06900900
v 0.04330100 0.01224900 0.07249200
v 0.04370400 0.01154300 0.06900900
v 0.04255000 0.01525700 0.06900900
v 0.04429000 0.01169700 0.06557300
v 0.04312000 0.01546100 0.06557300
v 0.04527800 0.01187300 0.06223100
v 0.04338800 0.01756600 0.06223100
v 0.04503600 0.00026000 0.07100000
v 0.04503600 -0.00026000 0.07100000
v 0.04520300 0.00000000 0.06900900
v 0.04503000 -0.00078100 0.07100000
v 0.04503500 -0.00388600 0.06900900
v 0.04452000 -0.00655500 0.07249200
v 0.04453500 -0.00774300 0.06900900
v 0.04330100 -0.01224900 0.07249200
v 0.04370400 -0.01154300 0.06900900
v 0.04255000 -0.01525700 0.06900900
v 0.04312000 -0.01546100 0.06557300
v 0.04163200 -0.01911100 0.06557300
v 0.04338800 -0.01756600 0.06223100
v 0.04078600 -0.02297000 0.06223100
v 0.03983500 -0.02261900 0.06557300
v 0.03774300 -0.02596000 0.06557300
v 0.03930800 -0.02232000 0.06900900
v 0.03724400 -0.02561600 0.06900900
v 0.03871900 -0.02293200 0.07249200
v 0.03543300 -0.02774000 0.07249200
v 0.04499400 -0.00075000 0.07249200
v 0.04135600 -0.01773900 0.07249200
v 0.04108100 -0.01885800 0.06900900
v 0.03490400 -0.02872300 0.06900900
v 0.03155300 -0.03208400 0.07249200
v 0.03230500 -0.03161700 0.06900900
v 0.02946800 -0.03427800 0.06900900
v 0.02986300 -0.03473700 0.06557300
v 0.02676600 -0.03717500 0.06557300
v 0.02918500 -0.03659700 0.06223100
v 0.02426600 -0.04002900 0.06223100
v 0.02347100 -0.03933900 0.06557300
v 0.02000200 -0.04121100 0.06557300
v 0.02316100 -0.03881900 0.06900900
v 0.01973800 -0.04066600 0.06900900
v 0.02228300 -0.03909600 0.07249200
v 0.01704700 -0.04164600 0.07249200
v 0.02714600 -0.03589000 0.07249200
v 0.02641200 -0.03668400 0.06900900
v 0.01616900 -0.04221200 0.06900900
v 0.01152600 -0.04349900 0.07249200
v 0.01248000 -0.04344600 0.06900900
v 0.00869900 -0.04435800 0.06900900
v 0.00881600 -0.04495200 0.06557300
v 0.00491900 -0.04554400 0.06557300
v 0.00747100 -0.04620900 0.06223100
v 0.00150000 -0.04678500 0.06223100
v 0.00098600 -0.04579800 0.06557300
v -0.00295500 -0.04571300 0.06557300
v 0.00097300 -0.04519200 0.06900900
v -0.00291600 -0.04510900 0.06900900
v 0.00000000 -0.04500000 0.07249200
v -0.00581200 -0.04462300 0.07249200
v 0.00581200 -0.04462300 0.07249200
v 0.00485400 -0.04494100 0.06900900
v -0.01152600 -0.04349900 0.07249200
v -0.01060000 -0.04394200 0.06900900
v -0.00678300 -0.04469100 0.06900900
v -0.00687400 -0.04529000 0.06557300
v -0.00449500 -0.04659300 0.06223100
v -0.01433800 -0.04286900 0.06900900
v -0.01704700 -0.04164600 0.07249200
v -0.01797000 -0.04147700 0.06900900
v -0.02146900 -0.03977900 0.06900900
v -0.02175700 -0.04031200 0.06557300
v -0.02514200 -0.03829300 0.06557300
v -0.02165100 -0.04150100 0.06223100
v -0.02678000 -0.03839200 0.06223100
v -0.02834000 -0.03599000 0.06557300
v -0.03147000 -0.03465200 0.06223100
v -0.03132900 -0.03342000 0.06557300
v -0.03408600 -0.03060300 0.06557300
v -0.03091500 -0.03297800 0.06900900
v -0.03363600 -0.03019800 0.06900900
v -0.03155300 -0.03208400 0.07249200
v -0.03543300 -0.02774000 0.07249200
v -0.02228300 -0.03909600 0.07249200
v -0.02480900 -0.03778600 0.06900900
v -0.02714600 -0.03589000 0.07249200
v -0.02796600 -0.03551400 0.06900900
v -0.03871900 -0.02293200 0.07249200
v -0.03831100 -0.02399100 0.06900900
v -0.03610700 -0.02719500 0.06900900
v -0.03659100 -0.02756000 0.06557300
v -0.03564300 -0.03034300 0.06223100
v -0.04023200 -0.02060800 0.06900900
v -0.04135600 -0.01773900 0.07249200
v -0.04185400 -0.01707300 0.06900900
v -0.04316700 -0.01341200 0.06900900
v -0.04374600 -0.01359200 0.06557300
v -0.04475200 -0.00978100 0.06557300
v -0.04442500 -0.01475000 0.06223100
v -0.04594600 -0.00894800 0.06223100
v -0.04542700 -0.00589800 0.06557300
v -0.04671300 -0.00299900 0.06223100
v -0.04576600 -0.00197100 0.06557300
v -0.04576600 0.00197100 0.06557300
v -0.04516100 -0.00194500 0.06900900
v -0.04516100 0.00194500 0.06900900
v -0.04503000 0.00078100 0.07100000
v -0.04452000 0.00655500 0.07249200
v -0.04499400 0.00075000 0.07249200
v -0.04330100 -0.01224900 0.07249200
v -0.04416000 -0.00965200 0.06900900
v -0.04452000 -0.00655500 0.07249200
v -0.04482700 -0.00582000 0.06900900
v -0.04499400 -0.00075000 0.07249200
v -0.04503000 -0.00078100 0.07100000
v -0.04503600 -0.00026000 0.07100000
v -0.04503600 0.00026000 0.07100000
v -0.04330100 0.01224900 0.07249200
v -0.04416000 0.00965200 0.06900900
v -0.04482700 0.00582000 0.06900900
v -0.04542700 0.00589800 0.06557300
v -0.04671300 0.00299900 0.06223100
v -0.04316700 0.01341200 0.06900900
v -0.04135600 0.01773900 0.07249200
v -0.04185400 0.01707300 0.06900900
v -0.04023200 0.02060800 0.06900900
v -0.04077100 0.02088400 0.06557300
v -0.03882500 0.02431200 0.06557300
v -0.03923000 0.02553600 0.06223100
v -0.03659100 0.02756000 0.06557300
v -0.03564300 0.03034300 0.06223100
v -0.03408600 0.03060300 0.06557300
v -0.03147000 0.03465200 0.06223100
v -0.03132900 0.03342000 0.06557300
v -0.02834000 0.03599000 0.06557300
v -0.03091500 0.03297800 0.06900900
v -0.02796600 0.03551400 0.06900900
v -0.02714600 0.03589000 0.07249200
v -0.02480900 0.03778600 0.06900900
v -0.02228300 0.03909600 0.07249200
v -0.02146900 0.03977900 0.06900900
v -0.01704700 0.04164600 0.07249200
v -0.01797000 0.04147700 0.06900900
v -0.01433800 0.04286900 0.06900900
v -0.01453000 0.04344300 0.06557300
v -0.01074200 0.04453100 0.06557300
v -0.01041600 0.04563600 0.06223100
v -0.00687400 0.04529000 0.06557300
v -0.00449500 0.04659300 0.06223100
v -0.00295500 0.04571300 0.06557300
v 0.00150000 0.04678500 0.06223100
v 0.00098600 0.04579800 0.06557300
v 0.00491900 0.04554400 0.06557300
v 0.00097300 0.04519200 0.06900900
v 0.00485400 0.04494100 0.06900900
v 0.00000000 0.04500000 0.07249200
v 0.00581200 0.04462300 0.07249200
v -0.03871900 0.02293200 0.07249200
v -0.03831100 0.02399100 0.06900900
v -0.03543300 0.02774000 0.07249200
v -0.03610700 0.02719500 0.06900900
v -0.03363600 0.03019800 0.06900900
v -0.03155300 0.03208400 0.07249200
v -0.01152600 0.04349900 0.07249200
v -0.01060000 0.04394300 0.06900900
v -0.00581200 0.04462300 0.07249200
v -0.00678300 0.04469100 0.06900900
v -0.00291600 0.04510900 0.06900900
v 0.00869900 0.04435800 0.06900900
v 0.01152600 0.04349900 0.07249200
v 0.01248000 0.04344600 0.06900900
v 0.01616900 0.04221200 0.06900900
v 0.01638600 0.04277800 0.06557300
v 0.02000200 0.04121100 0.06557300
v 0.01894800 0.04280300 0.06223100
v 0.02426600 0.04002900 0.06223100
v 0.02347100 0.03933900 0.06557300
v 0.02676600 0.03717500 0.06557300
v 0.02316100 0.03881900 0.06900900
v 0.02641200 0.03668400 0.06900900
v 0.02228300 0.03909600 0.07249200
v 0.02714600 0.03589000 0.07249200
v 0.01704700 0.04164600 0.07249200
v 0.01973800 0.04066600 0.06900900
v 0.02946800 0.03427800 0.06900900
v 0.03155300 0.03208400 0.07249200
v 0.03230500 0.03161800 0.06900900
v 0.03490400 0.02872300 0.06900900
v 0.03537100 0.02910800 0.06557300
v 0.03774300 0.02596000 0.06557300
v 0.03751300 0.02799700 0.06223100
v 0.04078600 0.02297000 0.06223100
v 0.03983500 0.02261900 0.06557300
v 0.04163200 0.01911100 0.06557300
v 0.03930800 0.02232000 0.06900900
v 0.04108100 0.01885800 0.06900900
v 0.03871900 0.02293200 0.07249200
v 0.04135600 0.01773900 0.07249200
v 0.03543300 0.02774000 0.07249200
v 0.03724400 0.02561700 0.06900900
v 0.04642500 0.00598600 0.06223100
v 0.04563900 0.00393800 0.06557300
v 0.04680900 0.00000000 0.06223100
v 0.04580900 0.00000000 0.06557300
v 0.04563900 -0.00393800 0.06557300
v 0.04563900 -0.00393800 0.06557300
v 0.04513200 0.00784700 0.06557300
v 0.03362500 0.03256400 0.06223100
v 0.03273800 0.03204100 0.06557300
v 0.02986300 0.03473700 0.06557300
v 0.02918500 0.03659700 0.06223100
v 0.01331800 0.04487400 0.06223100
v 0.01264800 0.04402800 0.06557300
v 0.00881600 0.04495200 0.06557300
v 0.00747100 0.04620900 0.06223100
v -0.01616600 0.04392900 0.06223100
v -0.01821100 0.04203300 0.06557300
v -0.02165100 0.04150100 0.06223100
v -0.02175700 0.04031200 0.06557300
v -0.02514200 0.03829300 0.06557300
v -0.02678000 0.03839200 0.06223100
v -0.04217400 0.02031000 0.06223100
v -0.04241500 0.01730200 0.06557300
v -0.04442500 0.01475000 0.06223100
v -0.04374600 0.01359200 0.06557300
v -0.04475200 0.00978100 0.06557300
v -0.04594600 0.00894800 0.06223100
v -0.04241500 -0.01730200 0.06557300
v -0.04217400 -0.02031000 0.06223100
v -0.04077100 -0.02088400 0.06557300
v -0.03923000 -0.02553600 0.06223100
v -0.03882500 -0.02431200 0.06557300
v -0.01821100 -0.04203300 0.06557300
v -0.01616600 -0.04392900 0.06223100
v -0.01453000 -0.04344300 0.06557300
v -0.01041600 -0.04563600 0.06223100
v -0.01074200 -0.04453100 0.06557300
v 0.01331800 -0.04487400 0.06223100
v 0.01264800 -0.04402800 0.06557300
v 0.01638600 -0.04277800 0.06557300
v 0.01894800 -0.04280300 0.06223100
v 0.03362500 -0.03256400 0.06223100
v 0.03273800 -0.03204100 0.06557300
v 0.03537100 -0.02910800 0.06557300
v 0.03751300 -0.02799700 0.06223100
v 0.04527800 -0.01187300 0.06223100
v 0.04429000 -0.01169700 0.06557300
v 0.04513200 -0.00784700 0.06557300
v 0.04642500 -0.00598600 0.06223100
v 0.04680900 0.00000000 0.06223100
v 0.06376700 0.00545800 0.00840000
v 0.06374200 0.00574500 0.00897200
v 0.04700000 0.00545800 0.00840000
v 0.04700000 0.00587100 0.00912900
v 0.06370100 0.00618100 0.00941100
v 0.04700000 0.00654600 0.00962400
v 0.06364300 0.00674800 0.00970200
v 0.04700000 0.00736600 0.00980000
v 0.06357500 0.00736600 0.00980000
v 0.06357500 -0.00736600 0.00980000
v 0.06364300 -0.00674800 0.00970200
v 0.04700000 -0.00736600 0.00980000
v 0.04700000 -0.00654600 0.00962400
v 0.06370100 -0.00618100 0.00941100
v 0.04700000 -0.00587100 0.00912900
v 0.06374200 -0.00574500 0.00897200
v 0.04700000 -0.00545800 0.00840000
v 0.06376700 -0.00545800 0.00840000
v 0.06390100 -0.00355000 0.00700000
v 0.04700000 -0.00355000 0.00700000
v 0.06386400 -0.00416900 0.00709800
v 0.04700000 -0.00436900 0.00717500
v 0.06382400 -0.00473600 0.00739000
v 0.04700000 -0.00504500 0.00767100
v 0.06379100 -0.00517100 0.00782900
v 0.04700000 -0.00545800 0.00840000
v 0.06376700 -0.00545800 0.00840000
v 0.06390100 0.00355000 0.00700000
v 0.06386400 0.00416900 0.00709800
v 0.04700000 0.00355000 0.00700000
v 0.04700000 0.00436900 0.00717500
v 0.06382400 0.00473600 0.00739000
v 0.04700000 0.00504500 0.00767100
v 0.06379100 0.00517100 0.00782900
v 0.04700000 0.00545800 0.00840000
v 0.06376700 0.00545800 0.00840000
v -0.04978900 0.02689500 0.00000000
v -0.04978900 0.02689500 0.02500000
v -0.05149400 0.02643300 0.00000000
v -0.05149400 0.02643300 0.02500000
v -0.05293200 0.02540600 0.00000000
v -0.05293200 0.02540600 0.02500000
v -0.05392300 0.02394300 0.00000000
v -0.05392300 0.02394300 0.02500000
v -0.04692200 0.02714600 0.02500000
v -0.04692200 0.02714600 0.03100000
v -0.04858600 0.02670300 0.02500000
v -0.04858600 0.02670300 0.03100000
v -0.05000100 0.02572100 0.02500000
v -0.05000100 0.02572100 0.03100000
v -0.05099900 0.02431700 0.02500000
v -0.05099900 0.02431700 0.03100000
v -0.04400600 0.02740100 0.03100000
v -0.04400600 0.02740100 0.03700000
v -0.04562400 0.02697900 0.03100000
v -0.04562400 0.02697900 0.03700000
v -0.04701200 0.02604600 0.03100000
v -0.04701200 0.02604600 0.03700000
v -0.04801600 0.02470800 0.03100000
v -0.04801600 0.02470800 0.03700000
v -0.04102900 0.02766200 0.03700000
v -0.04102900 0.02766200 0.04300000
v -0.04259500 0.02726200 0.03700000
v -0.04259500 0.02726200 0.04300000
v -0.04395200 0.02638500 0.03700000
v -0.04395200 0.02638500 0.04300000
v -0.04495800 0.02512000 0.03700000
v -0.04495800 0.02512000 0.04300000
v -0.03738600 0.02793000 0.04300000
v -0.03738600 0.02793000 0.04900000
v -0.03822500 0.02788700 0.04300000
v -0.03911800 0.02768100 0.04900000
v -0.03929900 0.02761700 0.04300000
v -0.04028700 0.02711800 0.04300000
v -0.04065900 0.02684900 0.04900000
v -0.04114100 0.02641300 0.04300000
v -0.04181900 0.02553800 0.04900000
v -0.04181900 0.02553800 0.04300000
v -0.05392300 -0.02394300 0.00000000
v -0.05392300 -0.02394300 0.02500000
v -0.05293200 -0.02540600 0.00000000
v -0.05293200 -0.02540600 0.02500000
v -0.05149400 -0.02643300 0.00000000
v -0.05149400 -0.02643300 0.02500000
v -0.04978900 -0.02689500 0.00000000
v -0.04978900 -0.02689500 0.02500000
v -0.05099900 -0.02431700 0.02500000
v -0.05099900 -0.02431700 0.03100000
v -0.05000100 -0.02572100 0.02500000
v -0.05000100 -0.02572100 0.03100000
v -0.04858600 -0.02670300 0.02500000
v -0.04858600 -0.02670300 0.03100000
v -0.04692200 -0.02714600 0.02500000
v -0.04692200 -0.02714600 0.03100000
v -0.04801600 -0.02470800 0.03100000
v -0.04801600 -0.02470800 0.03700000
v -0.04701200 -0.02604600 0.03100000
v -0.04701200 -0.02604600 0.03700000
v -0.04562400 -0.02697900 0.03100000
v -0.04562400 -0.02697900 0.03700000
v -0.04400600 -0.02740100 0.03100000
v -0.04400600 -0.02740100 0.03700000
v -0.04495800 -0.02512000 0.03700000
v -0.04495800 -0.02512000 0.04300000
v -0.04395200 -0.02638500 0.03700000
v -0.04395200 -0.02638500 0.04300000
v -0.04259500 -0.02726200 0.03700000
v -0.04259500 -0.02726200 0.04300000
v -0.04102900 -0.02766200 0.03700000
v -0.04102900 -0.02766200 0.04300000
v -0.04181800 -0.02553800 0.04300000
v -0.04181800 -0.02553800 0.04900000
v -0.04114100 -0.02641300 0.04300000
v -0.04065900 -0.02684900 0.04900000
v -0.04028700 -0.02711800 0.04300000
v -0.03911800 -0.02768100 0.04900000
v -0.03929900 -0.02761700 0.04300000
v -0.03822500 -0.02788700 0.04300000
v -0.03738600 -0.02793000 0.04900000
v -0.03738600 -0.02793000 0.04300000
v 0.02689500 0.04978900 0.00000000
v 0.02689500 0.04978900 0.02500000
v 0.02643300 0.05149400 0.00000000
v 0.02643300 0.05149400 0.02500000
v 0.02540600 0.05293200 0.00000000
v 0.02540600 0.05293200 0.02500000
v 0.02394300 0.05392300 0.00000000
v 0.02394300 0.05392300 0.02500000
v 0.02714600 0.04692200 0.02500000
v 0.02714600 0.04692200 0.03100000
v 0.02670300 0.04858600 0.02500000
v 0.02670300 0.04858600 0.03100000
v 0.02572100 0.05000100 0.02500000
v 0.02572100 0.05000100 0.03100000
v 0.02431700 0.05099900 0.02500000
v 0.02431700 0.05099900 0.03100000
v 0.02740100 0.04400600 0.03100000
v 0.02740100 0.04400600 0.03700000
v 0.02697900 0.04562400 0.03100000
v 0.02697900 0.04562400 0.03700000
v 0.02604600 0.04701200 0.03100000
v 0.02604600 0.04701200 0.03700000
v 0.02470800 0.04801600 0.03100000
v 0.02470800 0.04801600 0.03700000
v 0.02766200 0.04102900 0.03700000
v 0.02766200 0.04102900 0.04300000
v 0.02726200 0.04259500 0.03700000
v 0.02726200 0.04259500 0.04300000
v 0.02638500 0.04395200 0.03700000
v 0.02638500 0.04395200 0.04300000
v 0.02512000 0.04495800 0.03700000
v 0.02512000 0.04495800 0.04300000
v -0.02394300 0.05392300 0.00000000
v -0.02394300 0.05392300 0.02500000
v -0.02540600 0.05293200 0.00000000
v -0.02540600 0.05293200 0.02500000
v -0.02643300 0.05149400 0.00000000
v -0.02643300 0.05149400 0.02500000
v -0.02689500 0.04978900 0.00000000
v -0.02689500 0.04978900 0.02500000
v -0.02431700 0.05099900 0.02500000
v -0.02431700 0.05099900 0.03100000
v -0.02572100 0.05000100 0.02500000
v -0.02572100 0.05000100 0.03100000
v -0.02670300 0.04858600 0.02500000
v -0.02670300 0.04858600 0.03100000
v -0.02714600 0.04692200 0.02500000
v -0.02714600 0.04692200 0.03100000
v -0.02470800 0.04801600 0.03100000
v -0.02470800 0.04801600 0.03700000
v -0.02604600 0.04701200 0.03100000
v -0.02604600 0.04701200 0.03700000
v -0.02697900 0.04562400 0.03100000
v -0.02697900 0.04562400 0.03700000
v -0.02740100 0.04400600 0.03100000
v -0.02740100 0.04400600 0.03700000
v -0.02512000 0.04495800 0.03700000
v -0.02512000 0.04495800 0.04300000
v -0.02638500 0.04395200 0.03700000
v -0.02638500 0.04395200 0.04300000
v -0.02726200 0.04259500 0.03700000
v -0.02726200 0.04259500 0.04300000
v -0.02766200 0.04102900 0.03700000
v -0.02766200 0.04102900 0.04300000
v -0.02553800 0.04181900 0.04300000
v -0.02553800 0.04181900 0.04900000
v -0.02641300 0.04114100 0.04300000
v -0.02684900 0.04065900 0.04900000
v -0.02711800 0.04028700 0.04300000
v -0.02768100 0.03911800 0.04900000
v -0.02761700 0.03929900 0.04300000
v -0.02788700 0.03822500 0.04300000
v -0.02793000 0.03738600 0.04900000
v -0.02793000 0.03738600 0.04300000
v -0.04102900 -0.02766200 0.04300000
v -0.03929900 -0.02761700 0.04300000
v -0.03929900 -0.02761700 0.04300000
v -0.03822800 -0.02790700 0.04300000
v -0.03822800 -0.02790700 0.04300000
v -0.03822500 -0.02788700 0.04300000
v -0.03822500 -0.02788700 0.04300000
v -0.03822500 -0.02788700 0.04300000
v -0.03794700 -0.02792600 0.04300000
v -0.03794700 -0.02792600 0.04300000
v -0.03766600 -0.02793300 0.04300000
v -0.03766600 -0.02793300 0.04300000
v -0.03738600 -0.02793000 0.04300000
v -0.04259500 -0.02726200 0.04300000
v -0.04181800 -0.02553800 0.04300000
v -0.04114100 -0.02641300 0.04300000
v -0.04028700 -0.02711800 0.04300000
v -0.04461200 -0.02026700 0.04300000
v -0.04395200 -0.02638500 0.04300000
v -0.04495800 -0.02512000 0.04300000
v -0.04750900 -0.01987900 0.04300000
v -0.04674500 -0.01469500 0.04300000
v -0.04945000 -0.01438400 0.04300000
v -0.04818400 -0.00890500 0.04300000
v -0.05075900 -0.00870500 0.04300000
v -0.04890900 -0.00298300 0.04300000
v -0.05141700 -0.00291400 0.04300000
v -0.05141700 0.00291400 0.04300000
v -0.04890900 0.00298300 0.04300000
v -0.05075900 0.00870500 0.04300000
v -0.04818400 0.00890500 0.04300000
v -0.04945000 0.01438400 0.04300000
v -0.04674500 0.01469500 0.04300000
v -0.04750900 0.01987900 0.04300000
v -0.04461200 0.02026700 0.04300000
v -0.04495800 0.02512000 0.04300000
v -0.04395200 0.02638500 0.04300000
v -0.04259500 0.02726200 0.04300000
v -0.04181900 0.02553800 0.04300000
v -0.04102900 0.02766200 0.04300000
v -0.04114100 0.02641300 0.04300000
v -0.04028700 0.02711800 0.04300000
v -0.03929900 0.02761700 0.04300000
v -0.03822800 0.02790700 0.04300000
v -0.03822500 0.02788700 0.04300000
v -0.03822500 0.02788700 0.04300000
v -0.03794700 0.02792600 0.04300000
v -0.03794700 0.02792600 0.04300000
v -0.03766600 0.02793300 0.04300000
v -0.03766600 0.02793300 0.04300000
v -0.03738600 0.02793000 0.04300000
v -0.02766200 0.04102900 0.04300000
v -0.02761700 0.03929900 0.04300000
v -0.02790700 0.03822800 0.04300000
v -0.02788700 0.03822500 0.04300000
v -0.02792600 0.03794700 0.04300000
v -0.02793300 0.03766600 0.04300000
v -0.02793000 0.03738600 0.04300000
v -0.02726200 0.04259500 0.04300000
v -0.02553800 0.04181900 0.04300000
v -0.02641300 0.04114100 0.04300000
v -0.02711800 0.04028700 0.04300000
v -0.02026700 0.04461200 0.04300000
v -0.02638500 0.04395200 0.04300000
v -0.02512000 0.04495800 0.04300000
v -0.01987900 0.04750900 0.04300000
v -0.01469500 0.04674500 0.04300000
v -0.01438400 0.04945000 0.04300000
v -0.00890500 0.04818400 0.04300000
v -0.00870500 0.05075900 0.04300000
v -0.00298300 0.04890900 0.04300000
v -0.00291400 0.05141700 0.04300000
v 0.00291400 0.05141700 0.04300000
v 0.00298300 0.04890900 0.04300000
v 0.00870500 0.05075900 0.04300000
v 0.00890500 0.04818400 0.04300000
v 0.01438400 0.04945000 0.04300000
v 0.01469500 0.04674500 0.04300000
v 0.01987900 0.04750900 0.04300000
v 0.02026700 0.04461200 0.04300000
v 0.02512000 0.04495800 0.04300000
v 0.02638500 0.04395200 0.04300000
v 0.02726200 0.04259500 0.04300000
v 0.02553800 0.04181900 0.04300000
v 0.02766200 0.04102900 0.04300000
v 0.02641300 0.04114100 0.04300000
v 0.02711800 0.04028700 0.04300000
v 0.02761700 0.03929900 0.04300000
v 0.02790700 0.03822800 0.04300000
v 0.02788700 0.03822500 0.04300000
v 0.02792600 0.03794700 0.04300000
v 0.02793300 0.03766600 0.04300000
v 0.02793000 0.03738600 0.04300000
v 0.02512000 0.04495800 0.03700000
v 0.02512000 0.04495800 0.04300000
v 0.01987900 0.04750900 0.03700000
v 0.01987900 0.04750900 0.04300000
v 0.01438400 0.04945000 0.03700000
v 0.01438400 0.04945000 0.04300000
v 0.00870500 0.05075900 0.03700000
v 0.00870500 0.05075900 0.04300000
v 0.00291400 0.05141700 0.03700000
v 0.00291400 0.05141700 0.04300000
v -0.00291400 0.05141700 0.03700000
v -0.00291400 0.05141700 0.04300000
v -0.00870500 0.05075900 0.03700000
v -0.00870500 0.05075900 0.04300000
v -0.01438400 0.04945000 0.03700000
v -0.01438400 0.04945000 0.04300000
v -0.01987900 0.04750900 0.03700000
v -0.01987900 0.04750900 0.04300000
v -0.02512000 0.04495800 0.03700000
v -0.02512000 0.04495800 0.04300000
v -0.02740100 0.04400600 0.03100000
v -0.02714600 0.04692200 0.03100000
v -0.02697900 0.04562400 0.03100000
v -0.02604600 0.04701200 0.03100000
v -0.02470800 0.04801600 0.03100000
v -0.02670300 0.04858600 0.03100000
v -0.01884300 0.05060600 0.03100000
v -0.02572100 0.05000100 0.03100000
v -0.02431700 0.05099900 0.03100000
v -0.01850600 0.05338300 0.03100000
v -0.01271100 0.05248300 0.03100000
v -0.01246600 0.05510800 0.03100000
v -0.00640100 0.05361900 0.03100000
v -0.00627200 0.05615100 0.03100000
v 0.00000000 0.05400000 0.03100000
v 0.00000000 0.05650000 0.03100000
v 0.00627200 0.05615100 0.03100000
v 0.00640100 0.05361900 0.03100000
v 0.01246600 0.05510800 0.03100000
v 0.01271100 0.05248300 0.03100000
v 0.01850600 0.05338300 0.03100000
v 0.01884300 0.05060600 0.03100000
v 0.02431700 0.05099900 0.03100000
v 0.02572100 0.05000100 0.03100000
v 0.02670300 0.04858600 0.03100000
v 0.02470800 0.04801600 0.03100000
v 0.02714600 0.04692200 0.03100000
v 0.02604600 0.04701200 0.03100000
v 0.02697900 0.04562400 0.03100000
v 0.02740100 0.04400600 0.03100000
v 0.02431700 0.05099900 0.02500000
v 0.02431700 0.05099900 0.03100000
v 0.01850600 0.05338300 0.02500000
v 0.01850600 0.05338300 0.03100000
v 0.01246600 0.05510800 0.02500000
v 0.01246600 0.05510800 0.03100000
v 0.00627200 0.05615100 0.02500000
v 0.00627200 0.05615100 0.03100000
v 0.00000000 0.05650000 0.02500000
v 0.00000000 0.05650000 0.03100000
v -0.00627200 0.05615100 0.02500000
v -0.00627200 0.05615100 0.03100000
v -0.01246600 0.05510800 0.02500000
v -0.01246600 0.05510800 0.03100000
v -0.01850600 0.05338300 0.02500000
v -0.01850600 0.05338300 0.03100000
v -0.02431700 0.05099900 0.02500000
v -0.02431700 0.05099900 0.03100000
v -0.04400600 -0.02740100 0.03100000
v -0.04692200 -0.02714600 0.03100000
v -0.04562400 -0.02697900 0.03100000
v -0.04701200 -0.02604600 0.03100000
v -0.04801600 -0.02470800 0.03100000
v -0.04858600 -0.02670300 0.03100000
v -0.05060600 -0.01884300 0.03100000
v -0.05000100 -0.02572100 0.03100000
v -0.05099900 -0.02431700 0.03100000
v -0.05338300 -0.01850600 0.03100000
v -0.05248300 -0.01271100 0.03100000
v -0.05510800 -0.01246600 0.03100000
v -0.05361900 -0.00640100 0.03100000
v -0.05615100 -0.00627200 0.03100000
v -0.05400000 0.00000000 0.03100000
v -0.05650000 0.00000000 0.03100000
v -0.05615100 0.00627200 0.03100000
v -0.05361900 0.00640100 0.03100000
v -0.05510800 0.01246600 0.03100000
v -0.05248300 0.01271100 0.03100000
v -0.05338300 0.01850600 0.03100000
v -0.05060600 0.01884300 0.03100000
v -0.05099900 0.02431700 0.03100000
v -0.05000100 0.02572100 0.03100000
v -0.04858600 0.02670300 0.03100000
v -0.04801600 0.02470800 0.03100000
v -0.04692200 0.02714600 0.03100000
v -0.04701200 0.02604600 0.03100000
v -0.04562400 0.02697900 0.03100000
v -0.04400600 0.02740100 0.03100000
v -0.03538000 0.02756600 0.04900000
v -0.03370400 0.01279100 0.04900000
v -0.03738600 0.02793000 0.04900000
v -0.03520000 0.00778400 0.04900000
v -0.03911800 0.02768100 0.04900000
v -0.04065900 0.02684900 0.04900000
v -0.04181900 0.02553800 0.04900000
v -0.03595500 0.00261300 0.04900000
v -0.04461200 0.02026700 0.04900000
v -0.04674500 0.01469500 0.04900000
v -0.04818400 0.00890500 0.04900000
v -0.03595500 -0.00261300 0.04900000
v -0.04818400 -0.00890500 0.04900000
v -0.04674500 -0.01469500 0.04900000
v -0.04461200 -0.02026700 0.04900000
v -0.04181800 -0.02553800 0.04900000
v -0.03520000 -0.00778400 0.04900000
v -0.04065900 -0.02684900 0.04900000
v -0.03911800 -0.02768100 0.04900000
v -0.03738600 -0.02793000 0.04900000
v -0.03370400 -0.01279100 0.04900000
v -0.03538000 -0.02756600 0.04900000
v -0.03356400 -0.02664000 0.04900000
v -0.03209200 -0.02523100 0.04900000
v -0.03150100 -0.01753000 0.04900000
v -0.03108800 -0.02345700 0.04900000
v -0.03078000 -0.01943600 0.04900000
v -0.03063800 -0.02146900 0.04900000
v -0.03356400 0.02664000 0.04900000
v -0.03209200 0.02523100 0.04900000
v -0.03150100 0.01753000 0.04900000
v -0.03108800 0.02345700 0.04900000
v -0.03078000 0.01943600 0.04900000
v -0.03063800 0.02146900 0.04900000
v -0.04890900 -0.00298300 0.04900000
v -0.04890900 0.00298300 0.04900000
v -0.04102900 -0.02766200 0.03700000
v -0.04400600 -0.02740100 0.03700000
v -0.04259500 -0.02726200 0.03700000
v -0.04395200 -0.02638500 0.03700000
v -0.04495800 -0.02512000 0.03700000
v -0.04562400 -0.02697900 0.03700000
v -0.04750900 -0.01987900 0.03700000
v -0.04701200 -0.02604600 0.03700000
v -0.04801600 -0.02470800 0.03700000
v -0.04945000 -0.01438400 0.03700000
v -0.05060600 -0.01884300 0.03700000
v -0.05075900 -0.00870500 0.03700000
v -0.05248300 -0.01271100 0.03700000
v -0.05141700 -0.00291400 0.03700000
v -0.05361900 -0.00640100 0.03700000
v -0.05400000 0.00000000 0.03700000
v -0.05141700 0.00291400 0.03700000
v -0.05361900 0.00640100 0.03700000
v -0.05248300 0.01271100 0.03700000
v -0.05075900 0.00870500 0.03700000
v -0.05060600 0.01884300 0.03700000
v -0.04945000 0.01438400 0.03700000
v -0.04801600 0.02470800 0.03700000
v -0.04750900 0.01987900 0.03700000
v -0.04701200 0.02604600 0.03700000
v -0.04562400 0.02697900 0.03700000
v -0.04495800 0.02512000 0.03700000
v -0.04495800 0.02512000 0.03700000
v -0.04400600 0.02740100 0.03700000
v -0.04400600 0.02740100 0.03700000
v -0.04400600 0.02740100 0.03700000
v -0.04400600 0.02740100 0.03700000
v -0.04395200 0.02638500 0.03700000
v -0.04395200 0.02638500 0.03700000
v -0.04259500 0.02726200 0.03700000
v -0.04259500 0.02726200 0.03700000
v -0.04102900 0.02766200 0.03700000
v -0.02766200 0.04102900 0.03700000
v -0.02740100 0.04400600 0.03700000
v -0.02726200 0.04259500 0.03700000
v -0.02638500 0.04395200 0.03700000
v -0.02512000 0.04495800 0.03700000
v -0.02697900 0.04562400 0.03700000
v -0.01987900 0.04750900 0.03700000
v -0.02604600 0.04701200 0.03700000
v -0.02470800 0.04801600 0.03700000
v -0.01438400 0.04945000 0.03700000
v -0.01884300 0.05060600 0.03700000
v -0.00870500 0.05075900 0.03700000
v -0.01271100 0.05248300 0.03700000
v -0.00291400 0.05141700 0.03700000
v -0.00640100 0.05361900 0.03700000
v 0.00000000 0.05400000 0.03700000
v 0.00291400 0.05141700 0.03700000
v 0.00640100 0.05361900 0.03700000
v 0.01271100 0.05248300 0.03700000
v 0.00870500 0.05075900 0.03700000
v 0.01884300 0.05060600 0.03700000
v 0.01438400 0.04945000 0.03700000
v 0.02470800 0.04801600 0.03700000
v 0.01987900 0.04750900 0.03700000
v 0.02604600 0.04701200 0.03700000
v 0.02697900 0.04562400 0.03700000
v 0.02512000 0.04495800 0.03700000
v 0.02740100 0.04400600 0.03700000
v 0.02638500 0.04395200 0.03700000
v 0.02726200 0.04259500 0.03700000
v 0.02766200 0.04102900 0.03700000
v -0.02714600 0.04692200 0.02500000
v -0.02689500 0.04978900 0.02500000
v -0.02670300 0.04858600 0.02500000
v -0.02572100 0.05000100 0.02500000
v -0.02643300 0.05149400 0.02500000
v -0.02431700 0.05099900 0.02500000
v -0.02540600 0.05293200 0.02500000
v -0.01850600 0.05338300 0.02500000
v -0.02394300 0.05392300 0.02500000
v -0.01819000 0.05612600 0.02500000
v -0.01246600 0.05510800 0.02500000
v -0.01223800 0.05771700 0.02500000
v -0.00627200 0.05615100 0.02500000
v -0.00615200 0.05867800 0.02500000
v 0.00000000 0.05650000 0.02500000
v 0.00000000 0.05900000 0.02500000
v 0.00615200 0.05867800 0.02500000
v 0.00627200 0.05615100 0.02500000
v 0.01223800 0.05771700 0.02500000
v 0.01246600 0.05510800 0.02500000
v 0.01819000 0.05612600 0.02500000
v 0.01850600 0.05338300 0.02500000
v 0.02394300 0.05392300 0.02500000
v 0.02540600 0.05293200 0.02500000
v 0.02431700 0.05099900 0.02500000
v 0.02643300 0.05149400 0.02500000
v 0.02572100 0.05000100 0.02500000
v 0.02689500 0.04978900 0.02500000
v 0.02670300 0.04858600 0.02500000
v 0.02714600 0.04692200 0.02500000
v -0.02766200 0.04102900 0.04300000
v -0.02790700 0.03822800 0.04300000
v -0.02766200 0.04102900 0.03700000
v -0.02766200 0.04102900 0.03700000
v -0.02790700 0.03822800 0.00000000
v -0.02790700 0.03822800 0.00000000
v -0.02740100 0.04400600 0.03100000
v -0.02740100 0.04400600 0.03100000
v -0.02714600 0.04692200 0.02500000
v -0.02714600 0.04692200 0.03100000
v -0.02689500 0.04978900 0.00000000
v -0.02689500 0.04978900 0.02500000
v -0.02740100 0.04400600 0.03700000
v 0.02394300 0.05392300 0.00000000
v 0.02394300 0.05392300 0.02500000
v 0.01819000 0.05612600 0.00000000
v 0.01819000 0.05612600 0.02500000
v 0.01223800 0.05771700 0.00000000
v 0.01223800 0.05771700 0.02500000
v 0.00615200 0.05867800 0.00000000
v 0.00615200 0.05867800 0.02500000
v 0.00000000 0.05900000 0.00000000
v 0.00000000 0.05900000 0.02500000
v -0.00615200 0.05867800 0.00000000
v -0.00615200 0.05867800 0.02500000
v -0.01223800 0.05771700 0.00000000
v -0.01223800 0.05771700 0.02500000
v -0.01819000 0.05612600 0.00000000
v -0.01819000 0.05612600 0.02500000
v -0.02394300 0.05392300 0.00000000
v -0.02394300 0.05392300 0.02500000
v 0.02790700 0.03822800 0.04300000
v 0.02766200 0.04102900 0.03700000
v 0.02790700 0.03822800 0.00000000
v 0.02790700 0.03822800 0.00000000
v 0.02740100 0.04400600 0.03100000
v 0.02740100 0.04400600 0.03100000
v 0.02714600 0.04692200 0.02500000
v 0.02714600 0.04692200 0.02500000
v 0.02714600 0.04692200 0.03100000
v 0.02766200 0.04102900 0.04300000
v 0.02740100 0.04400600 0.03700000
v 0.02689500 0.04978900 0.02500000
v 0.02689500 0.04978900 0.00000000
v 0.01753000 0.03150100 0.04900000
v 0.01943600 0.03078000 0.04900000
v 0.01753000 0.03150100 0.00000000
v 0.01955400 0.03075500 0.00000000
v 0.02146900 0.03063800 0.04900000
v 0.02170900 0.03066100 0.00000000
v 0.02345700 0.03108800 0.04900000
v 0.02379000 0.03122700 0.00000000
v 0.02523100 0.03209200 0.04900000
v 0.02560100 0.03240100 0.00000000
v 0.02664000 0.03356400 0.04900000
v 0.02696800 0.03407000 0.00000000
v 0.02756600 0.03538000 0.04900000
v 0.02776100 0.03607500 0.00000000
v 0.02793000 0.03738600 0.04300000
v 0.02790700 0.03822800 0.00000000
v 0.02793300 0.03766600 0.04300000
v 0.02792600 0.03794700 0.04300000
v 0.02793000 0.03738600 0.04900000
v 0.02790700 0.03822800 0.04300000
v 0.01753000 0.03150100 0.04900000
v 0.01753000 0.03150100 0.00000000
v 0.01279100 0.03370400 0.04900000
v 0.01279100 0.03370400 0.00000000
v 0.00778400 0.03520000 0.04900000
v 0.00778400 0.03520000 0.00000000
v 0.00261300 0.03595500 0.04900000
v 0.00261300 0.03595500 0.00000000
v -0.00261300 0.03595500 0.04900000
v -0.00261300 0.03595500 0.00000000
v -0.00778400 0.03520000 0.04900000
v -0.00778400 0.03520000 0.00000000
v -0.01279100 0.03370400 0.04900000
v -0.01279100 0.03370400 0.00000000
v -0.01753000 0.03150100 0.04900000
v -0.01753000 0.03150100 0.00000000
v -0.04692200 -0.02714600 0.02500000
v -0.04978900 -0.02689500 0.02500000
v -0.04858600 -0.02670300 0.02500000
v -0.05000100 -0.02572100 0.02500000
v -0.05149400 -0.02643300 0.02500000
v -0.05099900 -0.02431700 0.02500000
v -0.05293200 -0.02540600 0.02500000
v -0.05338300 -0.01850600 0.02500000
v -0.05392300 -0.02394300 0.02500000
v -0.05612600 -0.01819000 0.02500000
v -0.05510800 -0.01246600 0.02500000
v -0.05771700 -0.01223800 0.02500000
v -0.05615100 -0.00627200 0.02500000
v -0.05867800 -0.00615200 0.02500000
v -0.05650000 0.00000000 0.02500000
v -0.05900000 0.00000000 0.02500000
v -0.05867800 0.00615200 0.02500000
v -0.05615100 0.00627200 0.02500000
v -0.05771700 0.01223800 0.02500000
v -0.05510800 0.01246600 0.02500000
v -0.05612600 0.01819000 0.02500000
v -0.05338300 0.01850600 0.02500000
v -0.05392300 0.02394300 0.02500000
v -0.05293200 0.02540600 0.02500000
v -0.05099900 0.02431700 0.02500000
v -0.05149400 0.02643300 0.02500000
v -0.05000100 0.02572100 0.02500000
v -0.04978900 0.02689500 0.02500000
v -0.04858600 0.02670300 0.02500000
v -0.04692200 0.02714600 0.02500000
v -0.03822800 -0.02790700 0.04300000
v -0.03794700 -0.02792600 0.04300000
v -0.03822800 -0.02790700 0.00000000
v -0.03766600 -0.02793300 0.04300000
v -0.03738600 -0.02793000 0.04300000
v -0.03607500 -0.02776100 0.00000000
v -0.03738600 -0.02793000 0.04900000
v -0.03538000 -0.02756600 0.04900000
v -0.03407000 -0.02696800 0.00000000
v -0.03356400 -0.02664000 0.04900000
v -0.03240100 -0.02560100 0.00000000
v -0.03209200 -0.02523100 0.04900000
v -0.03122700 -0.02379100 0.00000000
v -0.03108800 -0.02345700 0.04900000
v -0.03066100 -0.02170900 0.00000000
v -0.03063800 -0.02146900 0.04900000
v -0.03075500 -0.01955400 0.00000000
v -0.03078000 -0.01943600 0.04900000
v -0.03150100 -0.01753000 0.00000000
v -0.03150100 -0.01753000 0.04900000
v -0.04102900 -0.02766200 0.04300000
v -0.03822800 -0.02790700 0.04300000
v -0.04102900 -0.02766200 0.03700000
v -0.03822800 -0.02790700 0.00000000
v -0.03822800 -0.02790700 0.00000000
v -0.04400600 -0.02740100 0.03100000
v -0.04400600 -0.02740100 0.03100000
v -0.04692200 -0.02714600 0.02500000
v -0.04692200 -0.02714600 0.02500000
v -0.04692200 -0.02714600 0.03100000
v -0.04978900 -0.02689500 0.00000000
v -0.04978900 -0.02689500 0.02500000
v -0.04400600 -0.02740100 0.03700000
v -0.03822800 0.02790700 0.04300000
v -0.04102900 0.02766200 0.03700000
v -0.03822800 0.02790700 0.00000000
v -0.03822800 0.02790700 0.00000000
v -0.04400600 0.02740100 0.03100000
v -0.04400600 0.02740100 0.03100000
v -0.04692200 0.02714600 0.02500000
v -0.04692200 0.02714600 0.02500000
v -0.04692200 0.02714600 0.03100000
v -0.04102900 0.02766200 0.04300000
v -0.04400600 0.02740100 0.03700000
v -0.04978900 0.02689500 0.02500000
v -0.04978900 0.02689500 0.00000000
v -0.03150100 0.01753000 0.04900000
v -0.03078000 0.01943600 0.04900000
v -0.03150100 0.01753000 0.00000000
v -0.03075500 0.01955400 0.00000000
v -0.03063800 0.02146900 0.04900000
v -0.03066100 0.02170900 0.00000000
v -0.03108800 0.02345700 0.04900000
v -0.03122700 0.02379000 0.00000000
v -0.03209200 0.02523100 0.04900000
v -0.03240100 0.02560100 0.00000000
v -0.03356400 0.02664000 0.04900000
v -0.03407000 0.02696800 0.00000000
v -0.03538000 0.02756600 0.04900000
v -0.03607500 0.02776100 0.00000000
v -0.03738600 0.02793000 0.04300000
v -0.03822800 0.02790700 0.00000000
v -0.03766600 0.02793300 0.04300000
v -0.03794700 0.02792600 0.04300000
v -0.03738600 0.02793000 0.04900000
v -0.03822800 0.02790700 0.04300000
v -0.02689500 -0.04978900 0.00000000
v -0.02689500 -0.04978900 0.02500000
v -0.02643300 -0.05149400 0.00000000
v -0.02643300 -0.05149400 0.02500000
v -0.02540600 -0.05293200 0.00000000
v -0.02540600 -0.05293200 0.02500000
v -0.02394300 -0.05392300 0.00000000
v -0.02394300 -0.05392300 0.02500000
v -0.02714600 -0.04692200 0.02500000
v -0.02714600 -0.04692200 0.03100000
v -0.02670300 -0.04858600 0.02500000
v -0.02670300 -0.04858600 0.03100000
v -0.02572100 -0.05000100 0.02500000
v -0.02572100 -0.05000100 0.03100000
v -0.02431700 -0.05099900 0.02500000
v -0.02431700 -0.05099900 0.03100000
v -0.02740100 -0.04400600 0.03100000
v -0.02740100 -0.04400600 0.03700000
v -0.02697900 -0.04562400 0.03100000
v -0.02697900 -0.04562400 0.03700000
v -0.02604600 -0.04701200 0.03100000
v -0.02604600 -0.04701200 0.03700000
v -0.02470800 -0.04801600 0.03100000
v -0.02470800 -0.04801600 0.03700000
v -0.02766200 -0.04102900 0.03700000
v -0.02766200 -0.04102900 0.04300000
v -0.02726200 -0.04259500 0.03700000
v -0.02726200 -0.04259500 0.04300000
v -0.02638500 -0.04395200 0.03700000
v -0.02638500 -0.04395200 0.04300000
v -0.02512000 -0.04495800 0.03700000
v -0.02512000 -0.04495800 0.04300000
v -0.02793000 -0.03738600 0.04300000
v -0.02793000 -0.03738600 0.04900000
v -0.02788700 -0.03822500 0.04300000
v -0.02768100 -0.03911800 0.04900000
v -0.02761700 -0.03929900 0.04300000
v -0.02711800 -0.04028700 0.04300000
v -0.02684900 -0.04065900 0.04900000
v -0.02641300 -0.04114100 0.04300000
v -0.02553800 -0.04181900 0.04900000
v -0.02553800 -0.04181900 0.04300000
v 0.02394300 -0.05392300 0.00000000
v 0.02394300 -0.05392300 0.02500000
v 0.02540600 -0.05293200 0.00000000
v 0.02540600 -0.05293200 0.02500000
v 0.02643300 -0.05149400 0.00000000
v 0.02643300 -0.05149400 0.02500000
v 0.02689500 -0.04978900 0.00000000
v 0.02689500 -0.04978900 0.02500000
v 0.02431700 -0.05099900 0.02500000
v 0.02431700 -0.05099900 0.03100000
v 0.02572100 -0.05000100 0.02500000
v 0.02572100 -0.05000100 0.03100000
v 0.02670300 -0.04858600 0.02500000
v 0.02670300 -0.04858600 0.03100000
v 0.02714600 -0.04692200 0.02500000
v 0.02714600 -0.04692200 0.03100000
v 0.02470800 -0.04801600 0.03100000
v 0.02470800 -0.04801600 0.03700000
v 0.02604600 -0.04701200 0.03100000
v 0.02604600 -0.04701200 0.03700000
v 0.02697900 -0.04562400 0.03100000
v 0.02697900 -0.04562400 0.03700000
v 0.02740100 -0.04400600 0.03100000
v 0.02740100 -0.04400600 0.03700000
v 0.02512000 -0.04495800 0.03700000
v 0.02512000 -0.04495800 0.04300000
v 0.02638500 -0.04395200 0.03700000
v 0.02638500 -0.04395200 0.04300000
v 0.02726200 -0.04259500 0.03700000
v 0.02726200 -0.04259500 0.04300000
v 0.02766200 -0.04102900 0.03700000
v 0.02766200 -0.04102900 0.04300000
v 0.02766200 -0.04102900 0.04300000
v 0.02761700 -0.03929900 0.04300000
v 0.02790700 -0.03822800 0.04300000
v 0.02788700 -0.03822500 0.04300000
v 0.02792600 -0.03794700 0.04300000
v 0.02793300 -0.03766600 0.04300000
v 0.02793000 -0.03738600 0.04300000
v 0.02726200 -0.04259500 0.04300000
v 0.02553800 -0.04181800 0.04300000
v 0.02641300 -0.04114100 0.04300000
v 0.02711800 -0.04028700 0.04300000
v 0.02026700 -0.04461200 0.04300000
v 0.02638500 -0.04395200 0.04300000
v 0.02512000 -0.04495800 0.04300000
v 0.01987900 -0.04750900 0.04300000
v 0.01469500 -0.04674500 0.04300000
v 0.01438400 -0.04945000 0.04300000
v 0.00890500 -0.04818400 0.04300000
v 0.00870500 -0.05075900 0.04300000
v 0.00298300 -0.04890900 0.04300000
v 0.00291400 -0.05141700 0.04300000
v -0.00291400 -0.05141700 0.04300000
v -0.00298300 -0.04890900 0.04300000
v -0.00870500 -0.05075900 0.04300000
v -0.00890500 -0.04818400 0.04300000
v -0.01438400 -0.04945000 0.04300000
v -0.01469500 -0.04674500 0.04300000
v -0.01987900 -0.04750900 0.04300000
v -0.02026700 -0.04461200 0.04300000
v -0.02512000 -0.04495800 0.04300000
v -0.02638500 -0.04395200 0.04300000
v -0.02726200 -0.04259500 0.04300000
v -0.02553800 -0.04181900 0.04300000
v -0.02766200 -0.04102900 0.04300000
v -0.02641300 -0.04114100 0.04300000
v -0.02711800 -0.04028700 0.04300000
v -0.02761700 -0.03929900 0.04300000
v -0.02790700 -0.03822800 0.04300000
v -0.02788700 -0.03822500 0.04300000
v -0.02792600 -0.03794700 0.04300000
v -0.02793300 -0.03766600 0.04300000
v -0.02793000 -0.03738600 0.04300000
v -0.02512000 -0.04495800 0.03700000
v -0.02512000 -0.04495800 0.04300000
v -0.01987900 -0.04750900 0.03700000
v -0.01987900 -0.04750900 0.04300000
v -0.01438400 -0.04945000 0.03700000
v -0.01438400 -0.04945000 0.04300000
v -0.00870500 -0.05075900 0.03700000
v -0.00870500 -0.05075900 0.04300000
v -0.00291400 -0.05141700 0.03700000
v -0.00291400 -0.05141700 0.04300000
v 0.00291400 -0.05141700 0.03700000
v 0.00291400 -0.05141700 0.04300000
v 0.00870500 -0.05075900 0.03700000
v 0.00870500 -0.05075900 0.04300000
v 0.01438400 -0.04945000 0.03700000
v 0.01438400 -0.04945000 0.04300000
v 0.01987900 -0.04750900 0.03700000
v 0.01987900 -0.04750900 0.04300000
v 0.02512000 -0.04495800 0.03700000
v 0.02512000 -0.04495800 0.04300000
v 0.02740100 -0.04400600 0.03100000
v 0.02714600 -0.04692200 0.03100000
v 0.02697900 -0.04562400 0.03100000
v 0.02604600 -0.04701200 0.03100000
v 0.02470800 -0.04801600 0.03100000
v 0.02670300 -0.04858600 0.03100000
v 0.01884300 -0.05060600 0.03100000
v 0.02572100 -0.05000100 0.03100000
v 0.02431700 -0.05099900 0.03100000
v 0.01850600 -0.05338300 0.03100000
v 0.01271100 -0.05248300 0.03100000
v 0.01246600 -0.05510800 0.03100000
v 0.00640100 -0.05361900 0.03100000
v 0.00627200 -0.05615100 0.03100000
v 0.00000000 -0.05400000 0.03100000
v 0.00000000 -0.05650000 0.03100000
v -0.00627200 -0.05615100 0.03100000
v -0.00640100 -0.05361900 0.03100000
v -0.01246600 -0.05510800 0.03100000
v -0.01271100 -0.05248300 0.03100000
v -0.01850600 -0.05338300 0.03100000
v -0.01884300 -0.05060600 0.03100000
v -0.02431700 -0.05099900 0.03100000
v -0.02572100 -0.05000100 0.03100000
v -0.02670300 -0.04858600 0.03100000
v -0.02470800 -0.04801600 0.03100000
v -0.02714600 -0.04692200 0.03100000
v -0.02604600 -0.04701200 0.03100000
v -0.02697900 -0.04562400 0.03100000
v -0.02740100 -0.04400600 0.03100000
v -0.02431700 -0.05099900 0.02500000
v -0.02431700 -0.05099900 0.03100000
v -0.01850600 -0.05338300 0.02500000
v -0.01850600 -0.05338300 0.03100000
v -0.01246600 -0.05510800 0.02500000
v -0.01246600 -0.05510800 0.03100000
v -0.00627200 -0.05615100 0.02500000
v -0.00627200 -0.05615100 0.03100000
v 0.00000000 -0.05650000 0.02500000
v 0.00000000 -0.05650000 0.03100000
v 0.00627200 -0.05615100 0.02500000
v 0.00627200 -0.05615100 0.03100000
v 0.01246600 -0.05510800 0.02500000
v 0.01246600 -0.05510800 0.03100000
v 0.01850600 -0.05338300 0.02500000
v 0.01850600 -0.05338300 0.03100000
v 0.02431700 -0.05099900 0.02500000
v 0.02431700 -0.05099900 0.03100000
v 0.02766200 -0.04102900 0.03700000
v 0.02740100 -0.04400600 0.03700000
v 0.02726200 -0.04259500 0.03700000
v 0.02638500 -0.04395200 0.03700000
v 0.02512000 -0.04495800 0.03700000
v 0.02697900 -0.04562400 0.03700000
v 0.01987900 -0.04750900 0.03700000
v 0.02604600 -0.04701200 0.03700000
v 0.02470800 -0.04801600 0.03700000
v 0.01438400 -0.04945000 0.03700000
v 0.01884300 -0.05060600 0.03700000
v 0.00870500 -0.05075900 0.03700000
v 0.01271100 -0.05248300 0.03700000
v 0.00291400 -0.05141700 0.03700000
v 0.00640100 -0.05361900 0.03700000
v 0.00000000 -0.05400000 0.03700000
v -0.00291400 -0.05141700 0.03700000
v -0.00640100 -0.05361900 0.03700000
v -0.01271100 -0.05248300 0.03700000
v -0.00870500 -0.05075900 0.03700000
v -0.01884300 -0.05060600 0.03700000
v -0.01438400 -0.04945000 0.03700000
v -0.02470800 -0.04801600 0.03700000
v -0.01987900 -0.04750900 0.03700000
v -0.02604600 -0.04701200 0.03700000
v -0.02697900 -0.04562400 0.03700000
v -0.02512000 -0.04495800 0.03700000
v -0.02740100 -0.04400600 0.03700000
v -0.02638500 -0.04395200 0.03700000
v -0.02726200 -0.04259500 0.03700000
v -0.02766200 -0.04102900 0.03700000
v 0.02714600 -0.04692200 0.02500000
v 0.02689500 -0.04978900 0.02500000
v 0.02670300 -0.04858600 0.02500000
v 0.02572100 -0.05000100 0.02500000
v 0.02643300 -0.05149400 0.02500000
v 0.02431700 -0.05099900 0.02500000
v 0.02540600 -0.05293200 0.02500000
v 0.01850600 -0.05338300 0.02500000
v 0.02394300 -0.05392300 0.02500000
v 0.01819000 -0.05612600 0.02500000
v 0.01246600 -0.05510800 0.02500000
v 0.01223800 -0.05771700 0.02500000
v 0.00627200 -0.05615100 0.02500000
v 0.00615200 -0.05867800 0.02500000
v 0.00000000 -0.05650000 0.02500000
v 0.00000000 -0.05900000 0.02500000
v -0.00615200 -0.05867800 0.02500000
v -0.00627200 -0.05615100 0.02500000
v -0.01223800 -0.05771700 0.02500000
v -0.01246600 -0.05510800 0.02500000
v -0.01819000 -0.05612600 0.02500000
v -0.01850600 -0.05338300 0.02500000
v -0.02394300 -0.05392300 0.02500000
v -0.02540600 -0.05293200 0.02500000
v -0.02431700 -0.05099900 0.02500000
v -0.02643300 -0.05149400 0.02500000
v -0.02572100 -0.05000100 0.02500000
v -0.02689500 -0.04978900 0.02500000
v -0.02670300 -0.04858600 0.02500000
v -0.02714600 -0.04692200 0.02500000
v 0.02790700 -0.03822800 0.04300000
v 0.02792600 -0.03794700 0.04300000
v 0.02790700 -0.03822800 0.00000000
v 0.02793300 -0.03766600 0.04300000
v 0.02793000 -0.03738600 0.04300000
v 0.02776100 -0.03607500 0.00000000
v 0.02793000 -0.03738500 0.04900000
v 0.02756600 -0.03538000 0.04900000
v 0.02696800 -0.03407000 0.00000000
v 0.02664000 -0.03356400 0.04900000
v 0.02560100 -0.03240100 0.00000000
v 0.02523100 -0.03209200 0.04900000
v 0.02379100 -0.03122700 0.00000000
v 0.02345700 -0.03108800 0.04900000
v 0.02170900 -0.03066100 0.00000000
v 0.02146900 -0.03063800 0.04900000
v 0.01955400 -0.03075500 0.00000000
v 0.01943600 -0.03078000 0.04900000
v 0.01753000 -0.03150100 0.00000000
v 0.01753000 -0.03150100 0.04900000
v 0.02766200 -0.04102900 0.04300000
v 0.02790700 -0.03822800 0.04300000
v 0.02766200 -0.04102900 0.03700000
v 0.02766200 -0.04102900 0.03700000
v 0.02790700 -0.03822800 0.00000000
v 0.02790700 -0.03822800 0.00000000
v 0.02740100 -0.04400600 0.03100000
v 0.02740100 -0.04400600 0.03100000
v 0.02714600 -0.04692200 0.02500000
v 0.02714600 -0.04692200 0.03100000
v 0.02689500 -0.04978900 0.00000000
v 0.02689500 -0.04978900 0.02500000
v 0.02740100 -0.04400600 0.03700000
v -0.02394300 -0.05392300 0.00000000
v -0.02394300 -0.05392300 0.02500000
v -0.01819000 -0.05612600 0.00000000
v -0.01819000 -0.05612600 0.02500000
v -0.01223800 -0.05771700 0.00000000
v -0.01223800 -0.05771700 0.02500000
v -0.00615200 -0.05867800 0.00000000
v -0.00615200 -0.05867800 0.02500000
v 0.00000000 -0.05900000 0.00000000
v 0.00000000 -0.05900000 0.02500000
v 0.00615200 -0.05867800 0.00000000
v 0.00615200 -0.05867800 0.02500000
v 0.01223800 -0.05771700 0.00000000
v 0.01223800 -0.05771700 0.02500000
v 0.01819000 -0.05612600 0.00000000
v 0.01819000 -0.05612600 0.02500000
v 0.02394300 -0.05392300 0.00000000
v 0.02394300 -0.05392300 0.02500000
v -0.02790700 -0.03822800 0.04300000
v -0.02766200 -0.04102900 0.03700000
v -0.02790700 -0.03822800 0.00000000
v -0.02790700 -0.03822800 0.00000000
v -0.02740100 -0.04400600 0.03100000
v -0.02740100 -0.04400600 0.03100000
v -0.02714600 -0.04692200 0.02500000
v -0.02714600 -0.04692200 0.02500000
v -0.02714600 -0.04692200 0.03100000
v -0.02766200 -0.04102900 0.04300000
v -0.02740100 -0.04400600 0.03700000
v -0.02689500 -0.04978900 0.02500000
v -0.02689500 -0.04978900 0.00000000
v -0.01753000 -0.03150100 0.04900000
v -0.01753000 -0.03150100 0.00000000
v -0.01279100 -0.03370400 0.04900000
v -0.01279100 -0.03370400 0.00000000
v -0.00778400 -0.03520000 0.04900000
v -0.00778400 -0.03520000 0.00000000
v -0.00261300 -0.03595500 0.04900000
v -0.00261300 -0.03595500 0.00000000
v 0.00261300 -0.03595500 0.04900000
v 0.00261300 -0.03595500 0.00000000
v 0.00778400 -0.03520000 0.04900000
v 0.00778400 -0.03520000 0.00000000
v 0.01279100 -0.03370400 0.04900000
v 0.01279100 -0.03370400 0.00000000
v 0.01753000 -0.03150100 0.04900000
v 0.01753000 -0.03150100 0.00000000
v 0.05238500 0.01655000 0.03990000
v 0.04700000 0.01655000 0.03990000
v 0.05460700 0.01655000 0.03406800
v 0.04700000 0.01655000 0.01280000
v 0.05691600 0.01655000 0.02798500
v 0.05932000 0.01655000 0.02163400
v 0.06182300 0.01655000 0.01280000
v 0.06182300 0.01655000 0.01500000
v 0.06182300 -0.01655000 0.01500000
v 0.06182300 -0.01655000 0.01280000
v 0.05932000 -0.01655000 0.02163400
v 0.04700000 -0.01655000 0.01280000
v 0.05691600 -0.01655000 0.02798500
v 0.05460700 -0.01655000 0.03406800
v 0.04700000 -0.01655000 0.03990000
v 0.05238500 -0.01655000 0.03990000
v 0.06254900 -0.01355000 0.00980000
v 0.04700000 -0.01355000 0.00980000
v 0.06229200 -0.01468800 0.01002400
v 0.04700000 -0.01469800 0.01002800
v 0.06205500 -0.01566000 0.01066700
v 0.04700000 -0.01567100 0.01067900
v 0.06188500 -0.01631600 0.01163900
v 0.04700000 -0.01632200 0.01165200
v 0.06182300 -0.01655000 0.01280000
v 0.04700000 -0.01655000 0.01280000
v 0.06390100 -0.00355000 0.00700000
v 0.06398900 -0.00118400 0.00700000
v 0.04700000 -0.00355000 0.00700000
v 0.06398900 0.00118400 0.00700000
v 0.04700000 0.00355000 0.00700000
v 0.06390100 0.00355000 0.00700000
v 0.06254900 0.01355000 0.00980000
v 0.04700000 0.01355000 0.00980000
v 0.06295800 0.01150000 0.00980000
v 0.04700000 0.00736600 0.00980000
v 0.06330000 0.00943800 0.00980000
v 0.06357500 0.00736600 0.00980000
v 0.04700000 0.01632200 0.01165200
v 0.06188500 0.01631600 0.01163900
v 0.04700000 0.01567100 0.01067900
v 0.06205500 0.01566000 0.01066700
v 0.04700000 0.01469800 0.01002800
v 0.06229200 0.01468800 0.01002400
v 0.04700000 0.01355000 0.00980000
v 0.06254900 0.01355000 0.00980000
v 0.05211200 0.01355000 0.04290000
v 0.04700000 0.01355000 0.04290000
v 0.05188500 0.01471200 0.04266500
v 0.04700000 0.01469800 0.04267200
v 0.04700000 0.01567100 0.04202100
v 0.05185000 0.01568700 0.04200500
v 0.04700000 0.01632200 0.04104800
v 0.05202900 0.01633800 0.04100700
v 0.04700000 0.01655000 0.03990000
v 0.05238500 0.01655000 0.03990000
v 0.05264600 0.01130000 0.04290000
v 0.04700000 0.01130000 0.04290000
v 0.05247900 0.01205300 0.04290000
v 0.05230100 0.01280300 0.04290000
v 0.04700000 0.01355000 0.04290000
v 0.05211200 0.01355000 0.04290000
v 0.05264600 0.01130000 0.04290000
v 0.05273900 0.01067600 0.04300000
v 0.04700000 0.01130000 0.04290000
v 0.04700000 0.01048200 0.04307500
v 0.05274200 0.01011000 0.04329300
v 0.04700000 0.00980700 0.04356900
v 0.05266000 0.00967500 0.04373500
v 0.04700000 0.00939400 0.04429500
v 0.05250400 0.00939400 0.04429500
v 0.05225900 0.00720100 0.04590000
v 0.04700000 0.00720100 0.04590000
v 0.05219800 0.00792200 0.04578400
v 0.04700000 0.00814200 0.04569900
v 0.05222000 0.00857400 0.04544500
v 0.04700000 0.00891800 0.04513100
v 0.05232300 0.00907100 0.04493800
v 0.04700000 0.00939400 0.04429500
v 0.05250400 0.00939400 0.04429500
v 0.05225900 -0.00720100 0.04590000
v 0.04700000 -0.00720100 0.04590000
v 0.05269800 -0.00240700 0.04590000
v 0.05269800 0.00240700 0.04590000
v 0.04700000 0.00720100 0.04590000
v 0.05225900 0.00720100 0.04590000
v 0.05250400 -0.00939400 0.04429500
v 0.04700000 -0.00939400 0.04429500
v 0.05232300 -0.00907100 0.04493800
v 0.04700000 -0.00891800 0.04513100
v 0.05222000 -0.00857300 0.04544500
v 0.04700000 -0.00814200 0.04569900
v 0.05219800 -0.00792200 0.04578400
v 0.04700000 -0.00720100 0.04590000
v 0.05225900 -0.00720100 0.04590000
v 0.05250400 -0.00939400 0.04429500
v 0.05266000 -0.00967500 0.04373500
v 0.04700000 -0.00939400 0.04429500
v 0.04700000 -0.00980700 0.04356900
v 0.05274200 -0.01011000 0.04329300
v 0.04700000 -0.01048200 0.04307500
v 0.05273900 -0.01067600 0.04300000
v 0.04700000 -0.01130000 0.04290000
v 0.05264600 -0.01130000 0.04290000
v 0.05211200 -0.01355000 0.04290000
v 0.04700000 -0.01355000 0.04290000
v 0.05230100 -0.01280300 0.04290000
v 0.04700000 -0.01130000 0.04290000
v 0.05247900 -0.01205200 0.04290000
v 0.05264600 -0.01130000 0.04290000
v 0.05238500 -0.01655000 0.03990000
v 0.04700000 -0.01655000 0.03990000
v 0.05202900 -0.01633800 0.04100700
v 0.04700000 -0.01632200 0.04104800
v 0.05185000 -0.01568700 0.04200500
v 0.04700000 -0.01567100 0.04202100
v 0.05188500 -0.01471200 0.04266500
v 0.04700000 -0.01469800 0.04267200
v 0.05211200 -0.01355000 0.04290000
v 0.04700000 -0.01355000 0.04290000
v -0.05902600 -0.02473600 0.01500000
v -0.05592200 -0.03112300 0.01500000
v -0.05765100 -0.02706900 0.01500000
v -0.05570000 -0.02894800 0.01500000
v -0.05331600 -0.03023400 0.01500000
v -0.05213000 -0.03712700 0.01500000
v -0.05067500 -0.03083300 0.01500000
v -0.04209500 -0.03810100 0.01500000
v -0.04136100 -0.03670300 0.01500000
v -0.04769600 -0.04267400 0.01500000
v -0.04209500 -0.03968100 0.01500000
v -0.04136100 -0.04107900 0.01500000
v -0.04267400 -0.04769600 0.01500000
v -0.04006100 -0.04197600 0.01500000
v -0.03849300 -0.04216700 0.01500000
v -0.03712700 -0.05213000 0.01500000
v -0.03701600 -0.04160700 0.01500000
v -0.03083300 -0.05067500 0.01500000
v -0.03596900 -0.04042400 0.01500000
v -0.03191700 -0.03828100 0.01500000
v -0.03559100 -0.03889100 0.01500000
v -0.03235600 -0.03638200 0.01500000
v -0.03596900 -0.03735700 0.01500000
v -0.03330000 -0.03467800 0.01500000
v -0.03701600 -0.03617500 0.01500000
v -0.03467800 -0.03330000 0.01500000
v -0.03638200 -0.03235600 0.01500000
v -0.03023400 -0.05331600 0.01500000
v -0.03112300 -0.05592200 0.01500000
v -0.02894800 -0.05570000 0.01500000
v -0.02706900 -0.05765100 0.01500000
v -0.02473600 -0.05902600 0.01500000
v -0.03849300 -0.03561500 0.01500000
v -0.03828100 -0.03191800 0.01500000
v -0.04006100 -0.03580500 0.01500000
v -0.05902600 -0.02473600 0.01500000
v -0.05765100 -0.02706900 0.01500000
v -0.05856400 -0.02569200 0.01513300
v -0.05801700 -0.02657600 0.01551100
v -0.05686600 -0.02795100 0.01674800
v -0.05570000 -0.02894800 0.01500000
v -0.05573000 -0.02892600 0.01832400
v -0.05459900 -0.02964600 0.02014100
v -0.05331600 -0.03023400 0.01500000
v -0.05351900 -0.03015500 0.02206100
v -0.05253400 -0.03049100 0.02395300
v -0.05067500 -0.03083300 0.01500000
v -0.05067500 -0.03083300 0.02786300
v -0.03828100 -0.03191700 0.05390100
v -0.04118400 -0.03166300 0.04811000
v -0.03828100 -0.03191800 0.01500000
v -0.04420800 -0.03139900 0.04186000
v -0.04736600 -0.03112300 0.03512300
v -0.05067500 -0.03083300 0.02786300
v -0.05067500 -0.03083300 0.01500000
v -0.03828100 -0.03191700 0.05390100
v -0.03828100 -0.03191800 0.01500000
v -0.03742300 -0.03204600 0.05547300
v -0.03638200 -0.03235600 0.01500000
v -0.03644100 -0.03233400 0.05698700
v -0.03527000 -0.03290000 0.05832000
v -0.03467800 -0.03330000 0.01500000
v -0.03461500 -0.03334800 0.05877800
v -0.03394100 -0.03394100 0.05896000
v -0.03330000 -0.03467800 0.01500000
v -0.03334800 -0.03461500 0.05877800
v -0.03290000 -0.03527000 0.05832000
v -0.03235600 -0.03638200 0.01500000
v -0.03233400 -0.03644100 0.05698700
v -0.03204600 -0.03742300 0.05547300
v -0.03191700 -0.03828100 0.01500000
v -0.03191700 -0.03828100 0.05390100
v -0.03191700 -0.03828100 0.05390100
v -0.03191700 -0.03828100 0.01500000
v -0.03191700 -0.03828100 0.01500000
v -0.03166300 -0.04118400 0.04811000
v -0.03166300 -0.04118400 0.04811000
v -0.03139900 -0.04420800 0.04186000
v -0.03112300 -0.04736600 0.03512300
v -0.03083300 -0.05067500 0.01500000
v -0.03083300 -0.05067500 0.02786300
v -0.02473600 -0.05902600 0.01500000
v -0.02569200 -0.05856400 0.01513300
v -0.02706900 -0.05765100 0.01500000
v -0.02657500 -0.05801700 0.01551100
v -0.02795100 -0.05686600 0.01674800
v -0.02894800 -0.05570000 0.01500000
v -0.02892600 -0.05573000 0.01832400
v -0.02964600 -0.05459900 0.02014100
v -0.03023400 -0.05331600 0.01500000
v -0.03015500 -0.05351900 0.02206100
v -0.03049100 -0.05253400 0.02395300
v -0.03083300 -0.05067500 0.02786300
v -0.03083300 -0.05067500 0.01500000
v -0.02473600 0.05902600 0.01500000
v -0.03112300 0.05592200 0.01500000
v -0.02706900 0.05765100 0.01500000
v -0.02894800 0.05570000 0.01500000
v -0.03023400 0.05331600 0.01500000
v -0.03712700 0.05213000 0.01500000
v -0.03083300 0.05067500 0.01500000
v -0.03701600 0.04160700 0.01500000
v -0.03596900 0.04042400 0.01500000
v -0.03849300 0.04216700 0.01500000
v -0.04267400 0.04769600 0.01500000
v -0.04006100 0.04197600 0.01500000
v -0.04136100 0.04107900 0.01500000
v -0.04769600 0.04267400 0.01500000
v -0.04209500 0.03968100 0.01500000
v -0.04209500 0.03810100 0.01500000
v -0.05213000 0.03712700 0.01500000
v -0.05067500 0.03083300 0.01500000
v -0.05331600 0.03023400 0.01500000
v -0.05592200 0.03112300 0.01500000
v -0.05570000 0.02894800 0.01500000
v -0.05765100 0.02706900 0.01500000
v -0.05902600 0.02473600 0.01500000
v -0.04136100 0.03670300 0.01500000
v -0.03828100 0.03191700 0.01500000
v -0.04006100 0.03580500 0.01500000
v -0.03849300 0.03561500 0.01500000
v -0.03638200 0.03235600 0.01500000
v -0.03701600 0.03617500 0.01500000
v -0.03467800 0.03330000 0.01500000
v -0.03330000 0.03467800 0.01500000
v -0.03596900 0.03735700 0.01500000
v -0.03235600 0.03638200 0.01500000
v -0.03559100 0.03889100 0.01500000
v -0.03191800 0.03828100 0.01500000
v -0.02473600 0.05902600 0.01500000
v -0.02706900 0.05765100 0.01500000
v -0.02569200 0.05856400 0.01513300
v -0.02657600 0.05801700 0.01551100
v -0.02795100 0.05686600 0.01674800
v -0.02894800 0.05570000 0.01500000
v -0.02892600 0.05573000 0.01832400
v -0.02964600 0.05459900 0.02014100
v -0.03023400 0.05331600 0.01500000
v -0.03015500 0.05351900 0.02206100
v -0.03049100 0.05253400 0.02395300
v -0.03083300 0.05067500 0.01500000
v -0.03083300 0.05067500 0.02786300
v -0.03191800 0.03828100 0.05390100
v -0.03166300 0.04118400 0.04811000
v -0.03191800 0.03828100 0.01500000
v -0.03139900 0.04420800 0.04186000
v -0.03112300 0.04736600 0.03512300
v -0.03083300 0.05067500 0.02786300
v -0.03083300 0.05067500 0.01500000
v -0.03191800 0.03828100 0.05390100
v -0.03191800 0.03828100 0.01500000
v -0.03204600 0.03742300 0.05547200
v -0.03235600 0.03638200 0.01500000
v -0.03233400 0.03644100 0.05698700
v -0.03290000 0.03527000 0.05832000
v -0.03330000 0.03467800 0.01500000
v -0.03334800 0.03461500 0.05877800
v -0.03394100 0.03394100 0.05896000
v -0.03467800 0.03330000 0.01500000
v -0.03461500 0.03334800 0.05877800
v -0.03527000 0.03290000 0.05832000
v -0.03638200 0.03235600 0.01500000
v -0.03644100 0.03233400 0.05698700
v -0.03742300 0.03204600 0.05547200
v -0.03828100 0.03191700 0.01500000
v -0.03828100 0.03191700 0.05390100
v -0.03828100 0.03191700 0.05390100
v -0.03828100 0.03191700 0.01500000
v -0.03828100 0.03191700 0.01500000
v -0.04118400 0.03166300 0.04811000
v -0.04118400 0.03166300 0.04811000
v -0.04420800 0.03139900 0.04186000
v -0.04736600 0.03112300 0.03512300
v -0.05067500 0.03083300 0.01500000
v -0.05067500 0.03083300 0.02786300
v -0.05902600 0.02473600 0.01500000
v -0.05856400 0.02569200 0.01513300
v -0.05765100 0.02706900 0.01500000
v -0.05801700 0.02657500 0.01551100
v -0.05686600 0.02795100 0.01674800
v -0.05570000 0.02894800 0.01500000
v -0.05573000 0.02892600 0.01832400
v -0.05459900 0.02964600 0.02014100
v -0.05331600 0.03023400 0.01500000
v -0.05351900 0.03015500 0.02206100
v -0.05253400 0.03049100 0.02395300
v -0.05067500 0.03083300 0.02786300
v -0.05067500 0.03083300 0.01500000
v 0.05902600 0.02473600 0.01500000
v 0.05592200 0.03112300 0.01500000
v 0.05765100 0.02706900 0.01500000
v 0.05570000 0.02894800 0.01500000
v 0.05331600 0.03023400 0.01500000
v 0.05213000 0.03712700 0.01500000
v 0.05067500 0.03083300 0.01500000
v 0.04181300 0.03735700 0.01500000
v 0.04076500 0.03617500 0.01500000
v 0.04219100 0.03889100 0.01500000
v 0.04769600 0.04267400 0.01500000
v 0.04181300 0.04042400 0.01500000
v 0.04076500 0.04160700 0.01500000
v 0.04267400 0.04769600 0.01500000
v 0.03928900 0.04216700 0.01500000
v 0.03772100 0.04197600 0.01500000
v 0.03712700 0.05213000 0.01500000
v 0.03083300 0.05067500 0.01500000
v 0.03023400 0.05331600 0.01500000
v 0.03112300 0.05592200 0.01500000
v 0.02894800 0.05570000 0.01500000
v 0.02706900 0.05765100 0.01500000
v 0.02473600 0.05902600 0.01500000
v 0.03642100 0.04107900 0.01500000
v 0.03191700 0.03828100 0.01500000
v 0.03568700 0.03968100 0.01500000
v 0.03568700 0.03810100 0.01500000
v 0.03235600 0.03638200 0.01500000
v 0.03642100 0.03670300 0.01500000
v 0.03330000 0.03467800 0.01500000
v 0.03467800 0.03330000 0.01500000
v 0.03772100 0.03580500 0.01500000
v 0.03638200 0.03235600 0.01500000
v 0.03828100 0.03191800 0.01500000
v 0.03928900 0.03561500 0.01500000
v 0.05902600 0.02473600 0.01500000
v 0.05765100 0.02706900 0.01500000
v 0.05856400 0.02569200 0.01513300
v 0.05801700 0.02657600 0.01551100
v 0.05686600 0.02795100 0.01674800
v 0.05570000 0.02894800 0.01500000
v 0.05573000 0.02892600 0.01832400
v 0.05459900 0.02964600 0.02014100
v 0.05331600 0.03023400 0.01500000
v 0.05351900 0.03015500 0.02206100
v 0.05253400 0.03049100 0.02395300
v 0.05067500 0.03083300 0.01500000
v 0.05067500 0.03083300 0.02786300
v 0.03828100 0.03191800 0.05390100
v 0.04118400 0.03166300 0.04811000
v 0.03828100 0.03191800 0.01500000
v 0.04420800 0.03139900 0.04186000
v 0.04736600 0.03112300 0.03512300
v 0.05067500 0.03083300 0.02786300
v 0.05067500 0.03083300 0.01500000
v 0.03828100 0.03191800 0.05390100
v 0.03828100 0.03191800 0.01500000
v 0.03742300 0.03204600 0.05547200
v 0.03638200 0.03235600 0.01500000
v 0.03644100 0.03233400 0.05698700
v 0.03527000 0.03290000 0.05832000
v 0.03467800 0.03330000 0.01500000
v 0.03461500 0.03334800 0.05877800
v 0.03394100 0.03394100 0.05896000
v 0.03330000 0.03467800 0.01500000
v 0.03334800 0.03461500 0.05877800
v 0.03290000 0.03527000 0.05832000
v 0.03235600 0.03638200 0.01500000
v 0.03233400 0.03644100 0.05698700
v 0.03204600 0.03742300 0.05547200
v 0.03191700 0.03828100 0.01500000
v 0.03191700 0.03828100 0.05390100
v 0.03191700 0.03828100 0.05390100
v 0.03191700 0.03828100 0.01500000
v 0.03191700 0.03828100 0.01500000
v 0.03166300 0.04118400 0.04811000
v 0.03166300 0.04118400 0.04811000
v 0.03139900 0.04420800 0.04186000
v 0.03112300 0.04736600 0.03512300
v 0.03083300 0.05067500 0.01500000
v 0.03083300 0.05067500 0.02786300
v 0.02473600 0.05902600 0.01500000
v 0.02569200 0.05856400 0.01513300
v 0.02706900 0.05765100 0.01500000
v 0.02657500 0.05801700 0.01551100
v 0.02795100 0.05686600 0.01674800
v 0.02894800 0.05570000 0.01500000
v 0.02892600 0.05573000 0.01832400
v 0.02964600 0.05459900 0.02014100
v 0.03023400 0.05331600 0.01500000
v 0.03015500 0.05351900 0.02206100
v 0.03049100 0.05253400 0.02395300
v 0.03083300 0.05067500 0.02786300
v 0.03083300 0.05067500 0.01500000
v 0.02473600 -0.05902600 0.01500000
v 0.03112300 -0.05592200 0.01500000
v 0.02706900 -0.05765100 0.01500000
v 0.02894800 -0.05570000 0.01500000
v 0.03023400 -0.05331600 0.01500000
v 0.03712700 -0.05213000 0.01500000
v 0.03083300 -0.05067500 0.01500000
v 0.03772100 -0.04197600 0.01500000
v 0.03642100 -0.04107900 0.01500000
v 0.04267400 -0.04769600 0.01500000
v 0.03928900 -0.04216700 0.01500000
v 0.04076500 -0.04160700 0.01500000
v 0.04769600 -0.04267400 0.01500000
v 0.04181300 -0.04042400 0.01500000
v 0.04219100 -0.03889100 0.01500000
v 0.05213000 -0.03712700 0.01500000
v 0.04181300 -0.03735700 0.01500000
v 0.05067500 -0.03083300 0.01500000
v 0.04076500 -0.03617500 0.01500000
v 0.03828100 -0.03191700 0.01500000
v 0.03928900 -0.03561500 0.01500000
v 0.03772100 -0.03580500 0.01500000
v 0.03638200 -0.03235600 0.01500000
v 0.03467800 -0.03330000 0.01500000
v 0.05331600 -0.03023400 0.01500000
v 0.05592200 -0.03112300 0.01500000
v 0.05570000 -0.02894800 0.01500000
v 0.05765100 -0.02706900 0.01500000
v 0.05902600 -0.02473600 0.01500000
v 0.03642100 -0.03670300 0.01500000
v 0.03330000 -0.03467800 0.01500000
v 0.03235600 -0.03638200 0.01500000
v 0.03568700 -0.03810100 0.01500000
v 0.03191800 -0.03828100 0.01500000
v 0.03568700 -0.03968100 0.01500000
v 0.02473600 -0.05902600 0.01500000
v 0.02706900 -0.05765100 0.01500000
v 0.02569200 -0.05856400 0.01513300
v 0.02657600 -0.05801700 0.01551100
v 0.02795100 -0.05686600 0.01674800
v 0.02894800 -0.05570000 0.01500000
v 0.02892600 -0.05573000 0.01832400
v 0.02964600 -0.05459900 0.02014100
v 0.03023400 -0.05331600 0.01500000
v 0.03015500 -0.05351900 0.02206100
v 0.03049100 -0.05253400 0.02395300
v 0.03083300 -0.05067500 0.01500000
v 0.03083300 -0.05067500 0.02786300
v 0.03191800 -0.03828100 0.05390100
v 0.03166300 -0.04118400 0.04811000
v 0.03191800 -0.03828100 0.01500000
v 0.03139900 -0.04420800 0.04186000
v 0.03112300 -0.04736600 0.03512300
v 0.03083300 -0.05067500 0.02786300
v 0.03083300 -0.05067500 0.01500000
v 0.03191800 -0.03828100 0.05390100
v 0.03191800 -0.03828100 0.01500000
v 0.03204600 -0.03742300 0.05547300
v 0.03235600 -0.03638200 0.01500000
v 0.03233400 -0.03644100 0.05698700
v 0.03290000 -0.03527000 0.05832000
v 0.03330000 -0.03467800 0.01500000
v 0.03334800 -0.03461500 0.05877800
v 0.03394100 -0.03394100 0.05896000
v 0.03467800 -0.03330000 0.01500000
v 0.03461500 -0.03334800 0.05877800
v 0.03527000 -0.03290000 0.05832000
v 0.03638200 -0.03235600 0.01500000
v 0.03644100 -0.03233400 0.05698700
v 0.03742300 -0.03204600 0.05547300
v 0.03828100 -0.03191700 0.01500000
v 0.03828100 -0.03191700 0.05390100
v 0.03828100 -0.03191700 0.05390100
v 0.03828100 -0.03191700 0.01500000
v 0.03828100 -0.03191700 0.01500000
v 0.04118400 -0.03166300 0.04811000
v 0.04118400 -0.03166300 0.04811000
v 0.04420800 -0.03139900 0.04186000
v 0.04736600 -0.03112300 0.03512300
v 0.05067500 -0.03083300 0.01500000
v 0.05067500 -0.03083300 0.02786300
v 0.05902600 -0.02473600 0.01500000
v 0.05856400 -0.02569200 0.01513300
v 0.05765100 -0.02706900 0.01500000
v 0.05801700 -0.02657500 0.01551100
v 0.05686600 -0.02795100 0.01674800
v 0.05570000 -0.02894800 0.01500000
v 0.05573000 -0.02892600 0.01832400
v 0.05459900 -0.02964600 0.02014100
v 0.05331600 -0.03023400 0.01500000
v 0.05351900 -0.03015500 0.02206100
v 0.05253400 -0.03049100 0.02395300
v 0.05067500 -0.03083300 0.02786300
v 0.05067500 -0.03083300 0.01500000
v -0.02470800 -0.04801600 0.03100000
v -0.02470800 -0.04801600 0.03700000
v -0.01884300 -0.05060600 0.03100000
v -0.01884300 -0.05060600 0.03700000
v -0.01271100 -0.05248300 0.03100000
v -0.01271100 -0.05248300 0.03700000
v -0.00640100 -0.05361900 0.03100000
v -0.00640100 -0.05361900 0.03700000
v 0.00000000 -0.05400000 0.03100000
v 0.00000000 -0.05400000 0.03700000
v 0.00640100 -0.05361900 0.03100000
v 0.00640100 -0.05361900 0.03700000
v 0.01271100 -0.05248300 0.03100000
v 0.01271100 -0.05248300 0.03700000
v 0.01884300 -0.05060600 0.03100000
v 0.01884300 -0.05060600 0.03700000
v 0.02470800 -0.04801600 0.03100000
v 0.02470800 -0.04801600 0.03700000
v -0.02553800 -0.04181900 0.04300000
v -0.02553800 -0.04181900 0.04900000
v -0.02026700 -0.04461200 0.04300000
v -0.02026700 -0.04461200 0.04900000
v -0.01469500 -0.04674500 0.04300000
v -0.01469500 -0.04674500 0.04900000
v -0.00890500 -0.04818400 0.04300000
v -0.00890500 -0.04818400 0.04900000
v -0.00298300 -0.04890900 0.04300000
v -0.00298300 -0.04890900 0.04900000
v 0.00298300 -0.04890900 0.04300000
v 0.00298300 -0.04890900 0.04900000
v 0.00890500 -0.04818400 0.04300000
v 0.00890500 -0.04818400 0.04900000
v 0.01469500 -0.04674500 0.04300000
v 0.01469500 -0.04674500 0.04900000
v 0.02026700 -0.04461200 0.04300000
v 0.02026700 -0.04461200 0.04900000
v 0.02553800 -0.04181800 0.04300000
v 0.02553800 -0.04181800 0.04900000
v 0.02470800 0.04801600 0.03100000
v 0.02470800 0.04801600 0.03700000
v 0.01884300 0.05060600 0.03100000
v 0.01884300 0.05060600 0.03700000
v 0.01271100 0.05248300 0.03100000
v 0.01271100 0.05248300 0.03700000
v 0.00640100 0.05361900 0.03100000
v 0.00640100 0.05361900 0.03700000
v 0.00000000 0.05400000 0.03100000
v 0.00000000 0.05400000 0.03700000
v -0.00640100 0.05361900 0.03100000
v -0.00640100 0.05361900 0.03700000
v -0.01271100 0.05248300 0.03100000
v -0.01271100 0.05248300 0.03700000
v -0.01884300 0.05060600 0.03100000
v -0.01884300 0.05060600 0.03700000
v -0.02470800 0.04801600 0.03100000
v -0.02470800 0.04801600 0.03700000
v 0.02553800 0.04181900 0.04300000
v 0.02553800 0.04181900 0.04900000
v 0.02026700 0.04461200 0.04300000
v 0.02026700 0.04461200 0.04900000
v 0.01469500 0.04674500 0.04300000
v 0.01469500 0.04674500 0.04900000
v 0.00890500 0.04818400 0.04300000
v 0.00890500 0.04818400 0.04900000
v 0.00298300 0.04890900 0.04300000
v 0.00298300 0.04890900 0.04900000
v -0.00298300 0.04890900 0.04300000
v -0.00298300 0.04890900 0.04900000
v -0.00890500 0.04818400 0.04300000
v -0.00890500 0.04818400 0.04900000
v -0.01469500 0.04674500 0.04300000
v -0.01469500 0.04674500 0.04900000
v -0.02026700 0.04461200 0.04300000
v -0.02026700 0.04461200 0.04900000
v -0.02553800 0.04181900 0.04300000
v -0.02553800 0.04181900 0.04900000
v 0.06254900 -0.01355000 0.00980000
v 0.06295800 -0.01150000 0.00980000
v 0.04700000 -0.01355000 0.00980000
v 0.04700000 -0.00736600 0.00980000
v 0.06330000 -0.00943800 0.00980000
v 0.06357500 -0.00736600 0.00980000
v -0.04181900 0.02553800 0.04300000
v -0.04181900 0.02553800 0.04900000
v -0.04461200 0.02026700 0.04300000
v -0.04461200 0.02026700 0.04900000
v -0.04674500 0.01469500 0.04300000
v -0.04674500 0.01469500 0.04900000
v -0.04818400 0.00890500 0.04300000
v -0.04818400 0.00890500 0.04900000
v -0.04890900 0.00298300 0.04300000
v -0.04890900 0.00298300 0.04900000
v -0.04890900 -0.00298300 0.04300000
v -0.04890900 -0.00298300 0.04900000
v -0.04818400 -0.00890500 0.04300000
v -0.04818400 -0.00890500 0.04900000
v -0.04674500 -0.01469500 0.04300000
v -0.04674500 -0.01469500 0.04900000
v -0.04461200 -0.02026700 0.04300000
v -0.04461200 -0.02026700 0.04900000
v -0.04181800 -0.02553800 0.04300000
v -0.04181800 -0.02553800 0.04900000
v -0.04801600 0.02470800 0.03100000
v -0.04801600 0.02470800 0.03700000
v -0.05060600 0.01884300 0.03100000
v -0.05060600 0.01884300 0.03700000
v -0.05248300 0.01271100 0.03100000
v -0.05248300 0.01271100 0.03700000
v -0.05361900 0.00640100 0.03100000
v -0.05361900 0.00640100 0.03700000
v -0.05400000 0.00000000 0.03100000
v -0.05400000 0.00000000 0.03700000
v -0.05361900 -0.00640100 0.03100000
v -0.05361900 -0.00640100 0.03700000
v -0.05248300 -0.01271100 0.03100000
v -0.05248300 -0.01271100 0.03700000
v -0.05060600 -0.01884300 0.03100000
v -0.05060600 -0.01884300 0.03700000
v -0.04801600 -0.02470800 0.03100000
v -0.04801600 -0.02470800 0.03700000
v 0.04642500 -0.00598600 0.06223100
v 0.05269800 -0.00240700 0.04590000
v 0.04680900 0.00000000 0.06223100
v 0.04680900 0.00000000 0.06223100
v 0.05269800 -0.00240700 0.04590000
v 0.05269800 0.00240700 0.04590000
v 0.04642500 0.00598600 0.06223100
v 0.05225900 0.00720100 0.04590000
v 0.05219800 0.00792200 0.04578400
v 0.04527800 -0.01187300 0.06223100
v 0.05274200 -0.01011000 0.04329300
v 0.05232300 -0.00907100 0.04493800
v 0.05222000 -0.00857300 0.04544500
v 0.04338800 -0.01756600 0.06223100
v 0.05240300 -0.01799000 0.03861600
v 0.05202900 -0.01633800 0.04100700
v 0.05185000 -0.01568700 0.04200500
v 0.05010600 -0.02364500 0.03861600
v 0.04078600 -0.02297000 0.06223100
v 0.04720000 -0.02901400 0.03861600
v 0.03751300 -0.02799700 0.06223100
v 0.04736600 -0.03112300 0.03512300
v 0.04420800 -0.03139900 0.04186000
v 0.04118400 -0.03166300 0.04811000
v 0.03828100 -0.03191700 0.05390100
v 0.03742300 -0.03204600 0.05547300
v 0.03362500 -0.03256400 0.06223100
v 0.03644100 -0.03233400 0.05698700
v 0.03527000 -0.03290000 0.05832000
v 0.03461500 -0.03334800 0.05877800
v 0.03394100 -0.03394100 0.05896000
v 0.03334800 -0.03461500 0.05877800
v 0.03290000 -0.03527000 0.05832000
v 0.02918500 -0.03659700 0.06223100
v 0.03233400 -0.03644100 0.05698700
v 0.03204600 -0.03742300 0.05547300
v 0.03191800 -0.03828100 0.05390100
v 0.03166300 -0.04118400 0.04811000
v 0.03139900 -0.04420800 0.04186000
v 0.02426600 -0.04002900 0.06223100
v 0.03030300 -0.04638300 0.03861600
v 0.02501700 -0.04943500 0.03861600
v 0.03049100 -0.05253400 0.02395300
v 0.03015500 -0.05351900 0.02206100
v 0.02964600 -0.05459900 0.02014100
v 0.02892600 -0.05573000 0.01832400
v 0.02795100 -0.05686600 0.01674800
v 0.02657600 -0.05801700 0.01551100
v 0.02569200 -0.05856400 0.01513300
v 0.01942700 -0.05188700 0.03861600
v 0.02473600 -0.05902600 0.01500000
v 0.01876800 -0.06118600 0.01500000
v 0.01360100 -0.05370900 0.03861600
v 0.01261600 -0.06274400 0.01500000
v 0.00761000 -0.05487900 0.03861600
v 0.00633900 -0.06368500 0.01500000
v 0.00152700 -0.05538400 0.03861600
v 0.00000000 -0.06400000 0.01500000
v -0.00457500 -0.05521500 0.03861600
v -0.00633900 -0.06368500 0.01500000
v -0.01062200 -0.05437700 0.03861600
v -0.01261600 -0.06274400 0.01500000
v -0.01653900 -0.05287800 0.03861600
v -0.01876800 -0.06118600 0.01500000
v -0.02473600 -0.05902600 0.01500000
v -0.02225700 -0.05073700 0.03861600
v -0.02569200 -0.05856400 0.01513300
v -0.02657500 -0.05801700 0.01551100
v -0.02795100 -0.05686600 0.01674800
v -0.02892600 -0.05573000 0.01832400
v -0.02964600 -0.05459900 0.02014100
v -0.02770200 -0.04798200 0.03861600
v -0.03015500 -0.05351900 0.02206100
v -0.03049100 -0.05253400 0.02395300
v -0.03083300 -0.05067500 0.02786300
v -0.03112300 -0.04736600 0.03512300
v -0.02678000 -0.03839200 0.06223100
v -0.03139900 -0.04420800 0.04186000
v -0.03166300 -0.04118400 0.04811000
v -0.03147000 -0.03465200 0.06223100
v -0.03191700 -0.03828100 0.05390100
v -0.03204600 -0.03742300 0.05547300
v -0.03233400 -0.03644100 0.05698700
v -0.03290000 -0.03527000 0.05832000
v -0.03334800 -0.03461500 0.05877800
v -0.03394100 -0.03394100 0.05896000
v -0.03461500 -0.03334800 0.05877800
v -0.03564300 -0.03034300 0.06223100
v -0.03527000 -0.03290000 0.05832000
v -0.03644100 -0.03233400 0.05698700
v -0.03742300 -0.03204600 0.05547300
v -0.03828100 -0.03191700 0.05390100
v -0.04118400 -0.03166300 0.04811000
v -0.03923000 -0.02553600 0.06223100
v -0.04420800 -0.03139900 0.04186000
v -0.04736600 -0.03112300 0.03512300
v -0.04872700 -0.02637000 0.03861600
v -0.05067500 -0.03083300 0.02786300
v -0.05253400 -0.03049100 0.02395300
v -0.05351900 -0.03015500 0.02206100
v -0.05459900 -0.02964600 0.02014100
v -0.05573000 -0.02892600 0.01832400
v -0.05686600 -0.02795100 0.01674800
v -0.05801700 -0.02657600 0.01551100
v -0.05133200 -0.02084900 0.03861600
v -0.05856400 -0.02569200 0.01513300
v -0.05902600 -0.02473600 0.01500000
v -0.06118600 -0.01876800 0.01500000
v -0.05331400 -0.01507600 0.03861600
v -0.06274400 -0.01261600 0.01500000
v -0.05464900 -0.00911900 0.03861600
v -0.06368500 -0.00633900 0.01500000
v -0.05532000 -0.00305200 0.03861600
v -0.06400000 0.00000000 0.01500000
v -0.05532000 0.00305200 0.03861600
v -0.06368500 0.00633900 0.01500000
v -0.05464900 0.00911900 0.03861600
v -0.06274400 0.01261600 0.01500000
v -0.05331400 0.01507600 0.03861600
v -0.06118600 0.01876800 0.01500000
v -0.05133200 0.02084900 0.03861600
v -0.05902600 0.02473600 0.01500000
v -0.05856400 0.02569200 0.01513300
v -0.05801700 0.02657500 0.01551100
v -0.05686600 0.02795100 0.01674800
v -0.04872700 0.02637000 0.03861600
v -0.05573000 0.02892600 0.01832400
v -0.05459900 0.02964600 0.02014100
v -0.05351900 0.03015500 0.02206100
v -0.05253400 0.03049100 0.02395300
v -0.05067500 0.03083300 0.02786300
v -0.04736600 0.03112300 0.03512300
v -0.03923000 0.02553600 0.06223100
v -0.04420800 0.03139900 0.04186000
v -0.04118400 0.03166300 0.04811000
v -0.03564300 0.03034300 0.06223100
v -0.03828100 0.03191700 0.05390100
v -0.03742300 0.03204600 0.05547200
v -0.03644100 0.03233400 0.05698700
v -0.03527000 0.03290000 0.05832000
v -0.03461500 0.03334800 0.05877800
v -0.03147000 0.03465200 0.06223100
v -0.03394100 0.03394100 0.05896000
v -0.03334800 0.03461500 0.05877800
v -0.03290000 0.03527000 0.05832000
v -0.03233400 0.03644100 0.05698700
v -0.03204600 0.03742300 0.05547200
v -0.03191800 0.03828100 0.05390100
v -0.03166300 0.04118400 0.04811000
v -0.02678000 0.03839200 0.06223100
v -0.03139900 0.04420800 0.04186000
v -0.02770200 0.04798200 0.03861600
v -0.03112300 0.04736600 0.03512300
v -0.03083300 0.05067500 0.02786300
v -0.03049100 0.05253400 0.02395300
v -0.03015500 0.05351900 0.02206100
v -0.02964600 0.05459900 0.02014100
v -0.02892600 0.05573000 0.01832400
v -0.02225700 0.05073700 0.03861600
v -0.02795100 0.05686600 0.01674800
v -0.02657600 0.05801700 0.01551100
v -0.02569200 0.05856400 0.01513300
v -0.02473600 0.05902600 0.01500000
v -0.01653900 0.05287800 0.03861600
v -0.01876800 0.06118600 0.01500000
v -0.01261600 0.06274400 0.01500000
v -0.01062200 0.05437700 0.03861600
v -0.00633900 0.06368500 0.01500000
v -0.00457500 0.05521500 0.03861600
v 0.00000000 0.06400000 0.01500000
v 0.00152700 0.05538400 0.03861600
v 0.00633900 0.06368500 0.01500000
v 0.00761000 0.05487900 0.03861600
v 0.01261600 0.06274400 0.01500000
v 0.01360100 0.05370900 0.03861600
v 0.01876800 0.06118600 0.01500000
v 0.01942700 0.05188700 0.03861600
v 0.02473600 0.05902600 0.01500000
v 0.02569200 0.05856400 0.01513300
v 0.02501700 0.04943500 0.03861600
v 0.02657500 0.05801700 0.01551100
v 0.02795100 0.05686600 0.01674800
v 0.02892600 0.05573000 0.01832400
v 0.02964600 0.05459900 0.02014100
v 0.03015500 0.05351900 0.02206100
v 0.03049100 0.05253400 0.02395300
v 0.03083300 0.05067500 0.02786300
v 0.03030300 0.04638300 0.03861600
v 0.03112300 0.04736600 0.03512300
v 0.03139900 0.04420800 0.04186000
v 0.02426600 0.04002900 0.06223100
v 0.02918500 0.03659700 0.06223100
v 0.01894800 -0.04280300 0.06223100
v 0.01331800 -0.04487400 0.06223100
v 0.00747100 -0.04620900 0.06223100
v 0.00150000 -0.04678500 0.06223100
v -0.00449500 -0.04659300 0.06223100
v -0.01041600 -0.04563600 0.06223100
v -0.01616600 -0.04392900 0.06223100
v -0.02165100 -0.04150100 0.06223100
v -0.04217400 -0.02031000 0.06223100
v -0.04442500 -0.01475000 0.06223100
v -0.04594600 -0.00894800 0.06223100
v -0.04671300 -0.00299900 0.06223100
v -0.04671300 0.00299900 0.06223100
v -0.04594600 0.00894800 0.06223100
v -0.04442500 0.01475000 0.06223100
v -0.04217400 0.02031000 0.06223100
v -0.02165100 0.04150100 0.06223100
v -0.01616600 0.04392900 0.06223100
v -0.01041600 0.04563600 0.06223100
v -0.00449500 0.04659300 0.06223100
v 0.00150000 0.04678500 0.06223100
v 0.00747100 0.04620900 0.06223100
v 0.01331800 0.04487400 0.06223100
v 0.01894800 0.04280300 0.06223100
v 0.03362500 0.03256400 0.06223100
v 0.03233400 0.03644100 0.05698700
v 0.03204600 0.03742300 0.05547200
v 0.03191700 0.03828100 0.05390100
v 0.03751300 0.02799700 0.06223100
v 0.03742300 0.03204600 0.05547200
v 0.03644100 0.03233400 0.05698700
v 0.03527000 0.03290000 0.05832000
v 0.04078600 0.02297000 0.06223100
v 0.04720000 0.02901400 0.03861600
v 0.04420800 0.03139900 0.04186000
v 0.04118400 0.03166300 0.04811000
v 0.05010600 0.02364500 0.03861600
v 0.04338800 0.01756600 0.06223100
v 0.05240300 0.01799000 0.03861600
v 0.05202900 0.01633800 0.04100700
v 0.05238500 0.01655000 0.03990000
v 0.04527800 0.01187300 0.06223100
v 0.05185000 0.01568700 0.04200500
v 0.05188500 0.01471200 0.04266500
v 0.05211200 0.01355000 0.04290000
v 0.05230100 0.01280300 0.04290000
v 0.05247900 0.01205300 0.04290000
v 0.05264600 0.01130000 0.04290000
v 0.05273900 0.01067600 0.04300000
v 0.05232300 0.00907100 0.04493800
v 0.05222000 0.00857400 0.04544500
v 0.05219800 -0.00792200 0.04578400
v 0.05225900 -0.00720100 0.04590000
v 0.05274200 0.01011000 0.04329300
v 0.05250400 0.00939400 0.04429500
v 0.05266000 0.00967500 0.04373500
v 0.05460700 0.01655000 0.03406800
v 0.06101400 0.01932000 0.01500000
v 0.06008100 0.02205000 0.01500000
v 0.05691600 0.01655000 0.02798500
v 0.05932000 0.01655000 0.02163400
v 0.06182300 0.01655000 0.01500000
v 0.05902600 0.02473600 0.01500000
v 0.05856400 0.02569200 0.01513300
v 0.05801700 0.02657600 0.01551100
v 0.05686600 0.02795100 0.01674800
v 0.05573000 0.02892600 0.01832400
v 0.05459900 0.02964600 0.02014100
v 0.05351900 0.03015500 0.02206100
v 0.05253400 0.03049100 0.02395300
v 0.05067500 0.03083300 0.02786300
v 0.04736600 0.03112300 0.03512300
v 0.03828100 0.03191800 0.05390100
v 0.03461500 0.03334800 0.05877800
v 0.03394100 0.03394100 0.05896000
v 0.03334800 0.03461500 0.05877800
v 0.03290000 0.03527000 0.05832000
v 0.03166300 0.04118400 0.04811000
v 0.03083300 -0.05067500 0.02786300
v 0.03112300 -0.04736600 0.03512300
v 0.05067500 -0.03083300 0.02786300
v 0.05253400 -0.03049100 0.02395300
v 0.05351900 -0.03015500 0.02206100
v 0.05459900 -0.02964600 0.02014100
v 0.05573000 -0.02892600 0.01832400
v 0.05686600 -0.02795100 0.01674800
v 0.05801700 -0.02657500 0.01551100
v 0.05856400 -0.02569200 0.01513300
v 0.05902600 -0.02473600 0.01500000
v 0.06008100 -0.02205000 0.01500000
v 0.06101400 -0.01932000 0.01500000
v 0.06182300 -0.01655000 0.01500000
v 0.05691600 -0.01655000 0.02798500
v 0.05460700 -0.01655000 0.03406800
v 0.05238500 -0.01655000 0.03990000
v 0.05932000 -0.01655000 0.02163400
v 0.05188500 -0.01471200 0.04266500
v 0.05211200 -0.01355000 0.04290000
v 0.05230100 -0.01280300 0.04290000
v 0.05247900 -0.01205200 0.04290000
v 0.05264600 -0.01130000 0.04290000
v 0.05273900 -0.01067600 0.04300000
v 0.05266000 -0.00967500 0.04373500
v 0.05250400 -0.00939400 0.04429500
v 0.04181300 -0.04042400 0.00000000
v 0.04181300 -0.04042400 0.01500000
v 0.04219100 -0.03889100 0.00000000
v 0.04219100 -0.03889100 0.01500000
v 0.04219100 -0.03889100 0.00000000
v 0.04219100 -0.03889100 0.01500000
v 0.04181300 -0.03735700 0.00000000
v 0.04181300 -0.03735700 0.01500000
v 0.04076500 -0.03617500 0.00000000
v 0.04076500 -0.03617500 0.01500000
v 0.03928900 -0.03561500 0.00000000
v 0.03928900 -0.03561500 0.01500000
v 0.03772100 -0.03580500 0.00000000
v 0.03772100 -0.03580500 0.01500000
v 0.03642100 -0.03670300 0.00000000
v 0.03642100 -0.03670300 0.01500000
v 0.03568700 -0.03810100 0.00000000
v 0.03568700 -0.03810100 0.01500000
v 0.03568700 -0.03968100 0.00000000
v 0.03568700 -0.03968100 0.01500000
v 0.03642100 -0.04107900 0.00000000
v 0.03642100 -0.04107900 0.01500000
v 0.03772100 -0.04197600 0.00000000
v 0.03772100 -0.04197600 0.01500000
v 0.03928900 -0.04216700 0.00000000
v 0.03928900 -0.04216700 0.01500000
v 0.04076500 -0.04160700 0.00000000
v 0.04076500 -0.04160700 0.01500000
v -0.03596900 -0.04042400 0.00000000
v -0.03596900 -0.04042400 0.01500000
v -0.03559100 -0.03889100 0.00000000
v -0.03559100 -0.03889100 0.01500000
v -0.03559100 -0.03889100 0.00000000
v -0.03559100 -0.03889100 0.01500000
v -0.03596900 -0.03735700 0.00000000
v -0.03596900 -0.03735700 0.01500000
v -0.03701600 -0.03617500 0.00000000
v -0.03701600 -0.03617500 0.01500000
v -0.03849300 -0.03561500 0.00000000
v -0.03849300 -0.03561500 0.01500000
v -0.04006100 -0.03580500 0.00000000
v -0.04006100 -0.03580500 0.01500000
v -0.04136100 -0.03670300 0.00000000
v -0.04136100 -0.03670300 0.01500000
v -0.04209500 -0.03810100 0.00000000
v -0.04209500 -0.03810100 0.01500000
v -0.04209500 -0.03968100 0.00000000
v -0.04209500 -0.03968100 0.01500000
v -0.04136100 -0.04107900 0.00000000
v -0.04136100 -0.04107900 0.01500000
v -0.04006100 -0.04197600 0.00000000
v -0.04006100 -0.04197600 0.01500000
v -0.03849300 -0.04216700 0.00000000
v -0.03849300 -0.04216700 0.01500000
v -0.03701600 -0.04160700 0.00000000
v -0.03701600 -0.04160700 0.01500000
v -0.03596900 0.03735700 0.00000000
v -0.03596900 0.03735700 0.01500000
v -0.03559100 0.03889100 0.00000000
v -0.03559100 0.03889100 0.01500000
v -0.03559100 0.03889100 0.00000000
v -0.03559100 0.03889100 0.01500000
v -0.03596900 0.04042400 0.00000000
v -0.03596900 0.04042400 0.01500000
v -0.03701600 0.04160700 0.00000000
v -0.03701600 0.04160700 0.01500000
v -0.03849300 0.04216700 0.00000000
v -0.03849300 0.04216700 0.01500000
v -0.04006100 0.04197600 0.00000000
v -0.04006100 0.04197600 0.01500000
v -0.04136100 0.04107900 0.00000000
v -0.04136100 0.04107900 0.01500000
v -0.04209500 0.03968100 0.00000000
v -0.04209500 0.03968100 0.01500000
v -0.04209500 0.03810100 0.00000000
v -0.04209500 0.03810100 0.01500000
v -0.04136100 0.03670300 0.00000000
v -0.04136100 0.03670300 0.01500000
v -0.04006100 0.03580500 0.00000000
v -0.04006100 0.03580500 0.01500000
v -0.03849300 0.03561500 0.00000000
v -0.03849300 0.03561500 0.01500000
v -0.03701600 0.03617500 0.00000000
v -0.03701600 0.03617500 0.01500000
v 0.04181300 0.03735700 0.00000000
v 0.04181300 0.03735700 0.01500000
v 0.04219100 0.03889100 0.00000000
v 0.04219100 0.03889100 0.01500000
v 0.04219100 0.03889100 0.00000000
v 0.04219100 0.03889100 0.01500000
v 0.04181300 0.04042400 0.00000000
v 0.04181300 0.04042400 0.01500000
v 0.04076500 0.04160700 0.00000000
v 0.04076500 0.04160700 0.01500000
v 0.03928900 0.04216700 0.00000000
v 0.03928900 0.04216700 0.01500000
v 0.03772100 0.04197600 0.00000000
v 0.03772100 0.04197600 0.01500000
v 0.03642100 0.04107900 0.00000000
v 0.03642100 0.04107900 0.01500000
v 0.03568700 0.03968100 0.00000000
v 0.03568700 0.03968100 0.01500000
v 0.03568700 0.03810100 0.00000000
v 0.03568700 0.03810100 0.01500000
v 0.03642100 0.03670300 0.00000000
v 0.03642100 0.03670300 0.01500000
v 0.03772100 0.03580500 0.00000000
v 0.03772100 0.03580500 0.01500000
v 0.03928900 0.03561500 0.00000000
v 0.03928900 0.03561500 0.01500000
v 0.04076500 0.03617500 0.00000000
v 0.04076500 0.03617500 0.01500000
v -0.02793300 -0.03766600 0.04300000
v -0.02790700 -0.03822800 0.00000000
v -0.02793000 -0.03738600 0.04300000
v -0.02776100 -0.03607500 0.00000000
v -0.02756600 -0.03538000 0.04900000
v -0.02696800 -0.03407000 0.00000000
v -0.02664000 -0.03356400 0.04900000
v -0.02560100 -0.03240100 0.00000000
v -0.02523100 -0.03209200 0.04900000
v -0.02379000 -0.03122700 0.00000000
v -0.02345700 -0.03108800 0.04900000
v -0.02170900 -0.03066100 0.00000000
v -0.02146900 -0.03063800 0.04900000
v -0.01955400 -0.03075500 0.00000000
v -0.01943600 -0.03078000 0.04900000
v -0.01753000 -0.03150100 0.00000000
v -0.01753000 -0.03150100 0.04900000
v -0.02792600 -0.03794700 0.04300000
v -0.02790700 -0.03822800 0.04300000
v -0.02793000 -0.03738600 0.04900000
v 0.02793000 -0.03738600 0.04300000
v 0.02788700 -0.03822500 0.04300000
v 0.02793000 -0.03738500 0.04900000
v 0.02768100 -0.03911800 0.04900000
v 0.02761700 -0.03929900 0.04300000
v 0.02711800 -0.04028700 0.04300000
v 0.02684900 -0.04065900 0.04900000
v 0.02641300 -0.04114100 0.04300000
v 0.02553800 -0.04181800 0.04900000
v 0.02553800 -0.04181800 0.04300000
v -0.03150100 -0.01753000 0.00000000
v -0.03150100 -0.01753000 0.04900000
v -0.03370400 -0.01279100 0.00000000
v -0.03370400 -0.01279100 0.04900000
v -0.03520000 -0.00778400 0.00000000
v -0.03520000 -0.00778400 0.04900000
v -0.03595500 -0.00261300 0.00000000
v -0.03595500 -0.00261300 0.04900000
v -0.03595500 0.00261300 0.00000000
v -0.03595500 0.00261300 0.04900000
v -0.03520000 0.00778400 0.00000000
v -0.03520000 0.00778400 0.04900000
v -0.03370400 0.01279100 0.00000000
v -0.03370400 0.01279100 0.04900000
v -0.03150100 0.01753000 0.00000000
v -0.03150100 0.01753000 0.04900000
v -0.05392300 0.02394300 0.00000000
v -0.05392300 0.02394300 0.02500000
v -0.05612600 0.01819000 0.00000000
v -0.05612600 0.01819000 0.02500000
v -0.05771700 0.01223800 0.00000000
v -0.05771700 0.01223800 0.02500000
v -0.05867800 0.00615200 0.00000000
v -0.05867800 0.00615200 0.02500000
v -0.05900000 0.00000000 0.00000000
v -0.05900000 0.00000000 0.02500000
v -0.05867800 -0.00615200 0.00000000
v -0.05867800 -0.00615200 0.02500000
v -0.05771700 -0.01223800 0.00000000
v -0.05771700 -0.01223800 0.02500000
v -0.05612600 -0.01819000 0.00000000
v -0.05612600 -0.01819000 0.02500000
v -0.05392300 -0.02394300 0.00000000
v -0.05392300 -0.02394300 0.02500000
v -0.02790700 0.03822800 0.04300000
v -0.02792600 0.03794700 0.04300000
v -0.02790700 0.03822800 0.00000000
v -0.02793300 0.03766600 0.04300000
v -0.02793000 0.03738600 0.04300000
v -0.02776100 0.03607500 0.00000000
v -0.02793000 0.03738600 0.04900000
v -0.02756600 0.03538000 0.04900000
v -0.02696800 0.03407000 0.00000000
v -0.02664000 0.03356400 0.04900000
v -0.02560100 0.03240100 0.00000000
v -0.02523100 0.03209200 0.04900000
v -0.02379100 0.03122700 0.00000000
v -0.02345700 0.03108800 0.04900000
v -0.02170900 0.03066100 0.00000000
v -0.02146900 0.03063800 0.04900000
v -0.01955400 0.03075500 0.00000000
v -0.01943600 0.03078000 0.04900000
v -0.01753000 0.03150100 0.00000000
v -0.01753000 0.03150100 0.04900000
v -0.05099900 0.02431700 0.02500000
v -0.05099900 0.02431700 0.03100000
v -0.05338300 0.01850600 0.02500000
v -0.05338300 0.01850600 0.03100000
v -0.05510800 0.01246600 0.02500000
v -0.05510800 0.01246600 0.03100000
v -0.05615100 0.00627200 0.02500000
v -0.05615100 0.00627200 0.03100000
v -0.05650000 0.00000000 0.02500000
v -0.05650000 0.00000000 0.03100000
v -0.05615100 -0.00627200 0.02500000
v -0.05615100 -0.00627200 0.03100000
v -0.05510800 -0.01246600 0.02500000
v -0.05510800 -0.01246600 0.03100000
v -0.05338300 -0.01850600 0.02500000
v -0.05338300 -0.01850600 0.03100000
v -0.05099900 -0.02431700 0.02500000
v -0.05099900 -0.02431700 0.03100000
v -0.04495800 0.02512000 0.03700000
v -0.04495800 0.02512000 0.04300000
v -0.04750900 0.01987900 0.03700000
v -0.04750900 0.01987900 0.04300000
v -0.04945000 0.01438400 0.03700000
v -0.04945000 0.01438400 0.04300000
v -0.05075900 0.00870500 0.03700000
v -0.05075900 0.00870500 0.04300000
v -0.05141700 0.00291400 0.03700000
v -0.05141700 0.00291400 0.04300000
v -0.05141700 -0.00291400 0.03700000
v -0.05141700 -0.00291400 0.04300000
v -0.05075900 -0.00870500 0.03700000
v -0.05075900 -0.00870500 0.04300000
v -0.04945000 -0.01438400 0.03700000
v -0.04945000 -0.01438400 0.04300000
v -0.04750900 -0.01987900 0.03700000
v -0.04750900 -0.01987900 0.04300000
v -0.04495800 -0.02512000 0.03700000
v -0.04495800 -0.02512000 0.04300000
v 0.02553800 0.04181900 0.04300000
v 0.02641300 0.04114100 0.04300000
v 0.02553800 0.04181900 0.04900000
v 0.02684900 0.04065900 0.04900000
v 0.02711800 0.04028700 0.04300000
v 0.02768100 0.03911800 0.04900000
v 0.02761700 0.03929900 0.04300000
v 0.02788700 0.03822500 0.04300000
v 0.02793000 0.03738600 0.04300000
v 0.02793000 0.03738600 0.04900000
v 0.04499400 0.00075000 0.07249200
v 0.04499400 0.00075000 0.07410000
v 0.04469900 0.00029400 0.07100000
v 0.04469500 0.00027900 0.07410000
v 0.04469500 -0.00027900 0.07410000
v 0.04469900 -0.00029400 0.07100000
v 0.04499400 -0.00075000 0.07410000
v 0.04499400 -0.00075000 0.07249200
v 0.04503000 -0.00078100 0.07100000
v 0.04503000 0.00078100 0.07100000
v 0.04503000 -0.00078100 0.07100000
v 0.04503600 -0.00026000 0.07100000
v 0.04469900 -0.00029400 0.07100000
v 0.04503600 0.00026000 0.07100000
v 0.04469900 0.00029400 0.07100000
v 0.04503000 0.00078100 0.07100000
v -0.04503000 -0.00078100 0.07100000
v -0.04469900 -0.00029400 0.07100000
v -0.04503600 -0.00026000 0.07100000
v -0.04469900 0.00029400 0.07100000
v -0.04503600 0.00026000 0.07100000
v -0.04503000 0.00078100 0.07100000
v -0.04503000 0.00078100 0.07100000
v -0.04469900 0.00029400 0.07100000
v -0.04499400 0.00075000 0.07249200
v -0.04499400 0.00075000 0.07410000
v -0.04469500 0.00027900 0.07410000
v -0.04469900 -0.00029400 0.07100000
v -0.04469500 -0.00027900 0.07410000
v -0.04499400 -0.00075000 0.07410000
v -0.04499400 -0.00075000 0.07249200
v -0.04503000 -0.00078100 0.07100000
v 0.02550100 -0.02072900 0.00350000
v 0.02550100 -0.02072900 0.00030000
v 0.02508200 -0.02252200 0.00350000
v 0.02508200 -0.02252200 0.00030000
v 0.02404200 -0.02404200 0.00350000
v 0.02404200 -0.02404200 0.00030000
v 0.02252200 -0.02508200 0.00350000
v 0.02252200 -0.02508200 0.00030000
v 0.02072900 -0.02550100 0.00350000
v 0.02072900 -0.02550100 0.00030000
v 0.02072900 0.02550100 0.00350000
v 0.02072900 0.02550100 0.00030000
v 0.02252200 0.02508200 0.00350000
v 0.02252200 0.02508200 0.00030000
v 0.02404200 0.02404200 0.00350000
v 0.02404200 0.02404200 0.00030000
v 0.02508200 0.02252200 0.00350000
v 0.02508200 0.02252200 0.00030000
v 0.02550100 0.02072900 0.00350000
v 0.02550100 0.02072900 0.00030000
v -0.02550100 0.02072900 0.00350000
v -0.02550100 0.02072900 0.00030000
v -0.02508200 0.02252200 0.00350000
v -0.02508200 0.02252200 0.00030000
v -0.02404200 0.02404200 0.00350000
v -0.02404200 0.02404200 0.00030000
v -0.02252200 0.02508200 0.00350000
v -0.02252200 0.02508200 0.00030000
v -0.02072900 0.02550100 0.00350000
v -0.02072900 0.02550100 0.00030000
v -0.02072900 -0.02550100 0.00350000
v -0.02072900 -0.02550100 0.00030000
v -0.02252200 -0.02508200 0.00350000
v -0.02252200 -0.02508200 0.00030000
v -0.02404200 -0.02404200 0.00350000
v -0.02404200 -0.02404200 0.00030000
v -0.02508200 -0.02252200 0.00350000
v -0.02508200 -0.02252200 0.00030000
v -0.02550100 -0.02072900 0.00350000
v -0.02550100 -0.02072900 0.00030000
v -0.02637500 0.01812100 0.00350000
v -0.02637500 0.01812100 0.00030000
v -0.02592300 0.01893100 0.00350000
v -0.02592300 0.01893100 0.00030000
v -0.02562800 0.01981000 0.00030000
v -0.02550100 0.02072900 0.00030000
v -0.02562800 0.01981000 0.00350000
v -0.02072900 0.02550100 0.00350000
v -0.02072900 0.02550100 0.00030000
v -0.01981000 0.02562800 0.00350000
v -0.01981000 0.02562800 0.00030000
v -0.01893100 0.02592300 0.00030000
v -0.01812100 0.02637500 0.00030000
v -0.01812100 0.02637500 0.00350000
v -0.01893100 0.02592300 0.00350000
v -0.01812100 -0.02637500 0.00350000
v -0.01812100 -0.02637500 0.00030000
v -0.01893100 -0.02592300 0.00350000
v -0.01893100 -0.02592300 0.00030000
v -0.01981000 -0.02562800 0.00030000
v -0.02072900 -0.02550100 0.00030000
v -0.02072900 -0.02550100 0.00350000
v -0.01981000 -0.02562800 0.00350000
v -0.02550100 -0.02072900 0.00350000
v -0.02550100 -0.02072900 0.00030000
v -0.02562800 -0.01981000 0.00350000
v -0.02562800 -0.01981000 0.00030000
v -0.02592300 -0.01893100 0.00030000
v -0.02637500 -0.01812100 0.00030000
v -0.02637500 -0.01812100 0.00350000
v -0.02592300 -0.01893100 0.00350000
v 0.02550100 0.02072900 0.00350000
v 0.02550100 0.02072900 0.00030000
v 0.02562800 0.01981000 0.00350000
v 0.02562800 0.01981000 0.00030000
v 0.02592300 0.01893100 0.00030000
v 0.02637500 0.01812100 0.00030000
v 0.02637500 0.01812100 0.00350000
v 0.02592300 0.01893100 0.00350000
v 0.01812100 0.02637500 0.00350000
v 0.01812100 0.02637500 0.00030000
v 0.01893100 0.02592300 0.00350000
v 0.01893100 0.02592300 0.00030000
v 0.01981000 0.02562800 0.00030000
v 0.02072900 0.02550100 0.00030000
v 0.02072900 0.02550100 0.00350000
v 0.01981000 0.02562800 0.00350000
v 0.02072900 -0.02550100 0.00350000
v 0.02072900 -0.02550100 0.00030000
v 0.01981000 -0.02562800 0.00350000
v 0.01981000 -0.02562800 0.00030000
v 0.01893100 -0.02592300 0.00030000
v 0.01812100 -0.02637500 0.00030000
v 0.01812100 -0.02637500 0.00350000
v 0.01893100 -0.02592300 0.00350000
v 0.02637500 -0.01812100 0.00350000
v 0.02637500 -0.01812100 0.00030000
v 0.02592300 -0.01893100 0.00350000
v 0.02592300 -0.01893100 0.00030000
v 0.02562800 -0.01981000 0.00030000
v 0.02550100 -0.02072900 0.00030000
v 0.02550100 -0.02072900 0.00350000
v 0.02562800 -0.01981000 0.00350000
v -0.02662200 -0.01829000 0.00000000
v -0.02906400 -0.01409200 0.00000000
v -0.02637500 -0.01812100 0.00030000
v -0.02879400 -0.01396100 0.00030000
v -0.03084800 -0.00957600 0.00000000
v -0.03056100 -0.00948700 0.00030000
v -0.03193500 -0.00484300 0.00000000
v -0.03163800 -0.00479800 0.00030000
v -0.03230000 0.00000000 0.00000000
v -0.03200000 0.00000000 0.00030000
v -0.03193500 0.00484300 0.00000000
v -0.03163800 0.00479800 0.00030000
v -0.03084800 0.00957600 0.00000000
v -0.03056100 0.00948700 0.00030000
v -0.02906400 0.01409200 0.00000000
v -0.02879400 0.01396100 0.00030000
v -0.02662200 0.01829000 0.00000000
v -0.02637500 0.01812100 0.00030000
v -0.02637500 0.01812100 0.00030000
v -0.02662200 0.01829000 0.00000000
v -0.02592300 0.01893100 0.00030000
v -0.02619700 0.01905200 0.00000000
v -0.02592000 0.01987900 0.00000000
v -0.02580100 0.02074200 0.00000000
v -0.02550100 0.02072900 0.00030000
v -0.02562800 0.01981000 0.00030000
v -0.02662200 -0.01829000 0.00000000
v -0.02637500 -0.01812100 0.00030000
v -0.02619700 -0.01905200 0.00000000
v -0.02592300 -0.01893100 0.00030000
v -0.02562800 -0.01981000 0.00030000
v -0.02550100 -0.02072900 0.00030000
v -0.02580100 -0.02074200 0.00000000
v -0.02592000 -0.01987900 0.00000000
v -0.02580100 0.02074200 0.00000000
v -0.02535600 0.02264300 0.00000000
v -0.02550100 0.02072900 0.00030000
v -0.02508200 0.02252200 0.00030000
v -0.02425400 0.02425400 0.00000000
v -0.02404200 0.02404200 0.00030000
v -0.02264300 0.02535600 0.00000000
v -0.02252200 0.02508200 0.00030000
v -0.02074200 0.02580100 0.00000000
v -0.02072900 0.02550100 0.00030000
v -0.02550100 -0.02072900 0.00030000
v -0.02508200 -0.02252200 0.00030000
v -0.02580100 -0.02074200 0.00000000
v -0.02535600 -0.02264300 0.00000000
v -0.02404200 -0.02404200 0.00030000
v -0.02425400 -0.02425400 0.00000000
v -0.02252200 -0.02508200 0.00030000
v -0.02264300 -0.02535600 0.00000000
v -0.02072900 -0.02550100 0.00030000
v -0.02074200 -0.02580100 0.00000000
v -0.02072900 0.02550100 0.00030000
v -0.02074200 0.02580100 0.00000000
v -0.01981000 0.02562800 0.00030000
v -0.01987900 0.02592000 0.00000000
v -0.01905200 0.02619700 0.00000000
v -0.01829000 0.02662200 0.00000000
v -0.01812100 0.02637500 0.00030000
v -0.01893100 0.02592300 0.00030000
v -0.02074200 -0.02580100 0.00000000
v -0.02072900 -0.02550100 0.00030000
v -0.01987900 -0.02592000 0.00000000
v -0.01981000 -0.02562800 0.00030000
v -0.01893100 -0.02592300 0.00030000
v -0.01812100 -0.02637500 0.00030000
v -0.01829000 -0.02662200 0.00000000
v -0.01905200 -0.02619700 0.00000000
v -0.01829000 0.02662200 0.00000000
v -0.01409200 0.02906400 0.00000000
v -0.01812100 0.02637500 0.00030000
v -0.01396100 0.02879400 0.00030000
v -0.00957600 0.03084800 0.00000000
v -0.00948700 0.03056100 0.00030000
v -0.00484300 0.03193500 0.00000000
v -0.00479800 0.03163800 0.00030000
v 0.00000000 0.03230000 0.00000000
v 0.00000000 0.03200000 0.00030000
v 0.00484300 0.03193500 0.00000000
v 0.00479800 0.03163800 0.00030000
v 0.00957600 0.03084800 0.00000000
v 0.00948700 0.03056100 0.00030000
v 0.01409200 0.02906400 0.00000000
v 0.01396100 0.02879400 0.00030000
v 0.01829000 0.02662200 0.00000000
v 0.01812100 0.02637500 0.00030000
v -0.01812100 -0.02637500 0.00030000
v -0.01396100 -0.02879400 0.00030000
v -0.01829000 -0.02662200 0.00000000
v -0.01409200 -0.02906400 0.00000000
v -0.00948700 -0.03056100 0.00030000
v -0.00957600 -0.03084800 0.00000000
v -0.00479800 -0.03163800 0.00030000
v -0.00484300 -0.03193500 0.00000000
v 0.00000000 -0.03200000 0.00030000
v 0.00000000 -0.03230000 0.00000000
v 0.00479800 -0.03163800 0.00030000
v 0.00484300 -0.03193500 0.00000000
v 0.00948700 -0.03056100 0.00030000
v 0.00957600 -0.03084800 0.00000000
v 0.01396100 -0.02879400 0.00030000
v 0.01409200 -0.02906400 0.00000000
v 0.01812100 -0.02637500 0.00030000
v 0.01829000 -0.02662200 0.00000000
v 0.01812100 0.02637500 0.00030000
v 0.01829000 0.02662200 0.00000000
v 0.01893100 0.02592300 0.00030000
v 0.01905200 0.02619700 0.00000000
v 0.01987900 0.02592000 0.00000000
v 0.02074200 0.02580100 0.00000000
v 0.02072900 0.02550100 0.00030000
v 0.01981000 0.02562800 0.00030000
v 0.01829000 -0.02662200 0.00000000
v 0.01812100 -0.02637500 0.00030000
v 0.01905200 -0.02619700 0.00000000
v 0.01893100 -0.02592300 0.00030000
v 0.01981000 -0.02562800 0.00030000
v 0.02072900 -0.02550100 0.00030000
v 0.02074200 -0.02580100 0.00000000
v 0.01987900 -0.02592000 0.00000000
v 0.02074200 0.02580100 0.00000000
v 0.02264300 0.02535600 0.00000000
v 0.02072900 0.02550100 0.00030000
v 0.02252200 0.02508200 0.00030000
v 0.02425400 0.02425400 0.00000000
v 0.02404200 0.02404200 0.00030000
v 0.02535600 0.02264300 0.00000000
v 0.02508200 0.02252200 0.00030000
v 0.02580100 0.02074200 0.00000000
v 0.02550100 0.02072900 0.00030000
v 0.02072900 -0.02550100 0.00030000
v 0.02252200 -0.02508200 0.00030000
v 0.02074200 -0.02580100 0.00000000
v 0.02264300 -0.02535600 0.00000000
v 0.02404200 -0.02404200 0.00030000
v 0.02425400 -0.02425400 0.00000000
v 0.02508200 -0.02252200 0.00030000
v 0.02535600 -0.02264300 0.00000000
v 0.02550100 -0.02072900 0.00030000
v 0.02580100 -0.02074200 0.00000000
v 0.02550100 0.02072900 0.00030000
v 0.02580100 0.02074200 0.00000000
v 0.02562800 0.01981000 0.00030000
v 0.02592000 0.01987900 0.00000000
v 0.02619700 0.01905200 0.00000000
v 0.02662200 0.01829000 0.00000000
v 0.02637500 0.01812100 0.00030000
v 0.02592300 0.01893100 0.00030000
v 0.02580100 -0.02074200 0.00000000
v 0.02550100 -0.02072900 0.00030000
v 0.02592000 -0.01987900 0.00000000
v 0.02562800 -0.01981000 0.00030000
v 0.02592300 -0.01893100 0.00030000
v 0.02637500 -0.01812100 0.00030000
v 0.02662200 -0.01829000 0.00000000
v 0.02619700 -0.01905200 0.00000000
v 0.02662200 0.01829000 0.00000000
v 0.02906400 0.01409200 0.00000000
v 0.02637500 0.01812100 0.00030000
v 0.02879400 0.01396100 0.00030000
v 0.03084800 0.00957600 0.00000000
v 0.03056100 0.00948700 0.00030000
v 0.03193500 0.00484300 0.00000000
v 0.03163800 0.00479800 0.00030000
v 0.03230000 0.00000000 0.00000000
v 0.03200000 0.00000000 0.00030000
v 0.03193500 -0.00484300 0.00000000
v 0.03163800 -0.00479800 0.00030000
v 0.03084800 -0.00957600 0.00000000
v 0.03056100 -0.00948700 0.00030000
v 0.02906400 -0.01409200 0.00000000
v 0.02879400 -0.01396100 0.00030000
v 0.02662200 -0.01829000 0.00000000
v 0.02637500 -0.01812100 0.00030000
vn -0.00000000 -0.00000000 1.00000000
vn -0.00000000 -0.00000000 1.00000000
vn -0.00000000 -0.00000000 1.00000000
vn -0.00000000 -0.00000000 1.00000000
vn -0.00000000 -0.00000000 1.00000000
vn -0.00000000 -0.00000000 1.00000000
vn -0.00000000 -0.00000000 1.00000000
vn -0.00000000 -0.00000000 1.00000000
vn -0.00000000 -0.00000000 1.00000000
vn -0.00000000 -0.00000000 1.00000000
vn -0.00000000 -0.00000000 1.00000000
vn -0.00000000 -0.00000000 1.00000000
vn -0.00000000 -0.00000000 1.00000000
vn -0.00000000 -0.00000000 1.00000000
vn -0.00000000 -0.00000000 1.00000000
vn -0.00000000 -0.00000000 1.00000000
vn -0.00000000 -0.00000000 1.00000000
vn -0.00000000 -0.00000000 1.00000000
vn -0.00000000 -0.00000000 1.00000000
vn -0.00000000 -0.00000000 1.00000000
vn -0.00000000 -0.00000000 1.00000000
vn -0.00000000 -0.00000000 1.00000000
vn -0.00000000 -0.00000000 1.00000000
vn -0.00000000 -0.00000000 1.00000000
vn -0.00000000 -0.00000000 1.00000000
vn -0.00000000 -0.00000000 1.00000000
vn -0.00000000 -0.00000000 1.00000000
vn -0.00000000 -0.00000000 1.00000000
vn -0.00000000 -0.00000000 1.00000000
vn -0.00000000 -0.00000000 1.00000000
vn -0.00000000 -0.00000000 1.00000000
vn -0.00000000 -0.00000000 1.00000000
vn -0.00000000 -0.00000000 1.00000000
vn -0.00000000 -0.00000000 1.00000000
vn -0.00000000 -0.00000000 1.00000000
vn -0.00000000 -0.00000000 1.00000000
vn -0.00000000 -0.00000000 1.00000000
vn -0.00000000 -0.00000000 1.00000000
vn -0.00000000 -0.00000000 1.00000000
vn -0.00000000 -0.00000000 1.00000000
vn -0.00000000 -0.00000000 1.00000000
vn -0.00000000 -0.00000000 1.00000000
vn -0.00000000 -0.00000000 1.00000000
vn -0.00000000 -0.00000000 1.00000000
vn -0.00000000 -0.00000000 1.00000000
vn -0.00000000 -0.00000000 -1.00000000
vn -0.00000000 -0.00000000 -1.00000000
vn -0.00000000 -0.00000000 -1.00000000
vn -0.00000000 -0.00000000 -1.00000000
vn -0.00000000 -0.00000000 -1.00000000
vn -0.00000000 -0.00000000 -1.00000000
vn -0.00000000 -0.00000000 -1.00000000
vn -0.00000000 -0.00000000 -1.00000000
vn -0.00000000 -0.00000000 -1.00000000
vn -0.00000000 -0.00000000 -1.00000000
vn -0.00000000 -0.00000000 -1.00000000
vn -0.00000000 -0.00000000 -1.00000000
vn -0.00000000 -0.00000000 -1.00000000
vn -0.00000000 -0.00000000 -1.00000000
vn -0.00000000 -0.00000000 -1.00000000
vn -0.00000000 -0.00000000 -1.00000000
vn -0.00000000 -0.00000000 -1.00000000
vn -0.00000000 -0.00000000 -1.00000000
vn -0.00000000 -0.00000000 -1.00000000
vn -0.00000000 -0.00000000 -1.00000000
vn -0.00000000 -0.00000000 -1.00000000
vn -0.00000000 -0.00000000 -1.00000000
vn -0.00000000 -0.00000000 -1.00000000
vn -0.00000000 -0.00000000 -1.00000000
vn -0.00000000 -0.00000000 -1.00000000
vn -0.00000000 -0.00000000 -1.00000000
vn -0.00000000 -0.00000000 -1.00000000
vn -0.00000000 -0.00000000 -1.00000000
vn -0.00000000 -0.00000000 -1.00000000
vn -0.00000000 -0.00000000 -1.00000000
vn -0.00000000 -0.00000000 -1.00000000
vn -0.00000000 -0.00000000 -1.00000000
vn -0.00000000 -0.00000000 -1.00000000
vn -0.00000000 -0.00000000 -1.00000000
vn -0.00000000 -0.00000000 -1.00000000
vn -0.00000000 -0.00000000 -1.00000000
vn -0.00000000 -0.00000000 -1.00000000
vn -0.00000000 -0.00000000 -1.00000000
vn -0.00000000 -0.00000000 -1.00000000
vn -0.00000000 -0.00000000 -1.00000000
vn -0.00000000 -0.00000000 -1.00000000
vn -0.00000000 -0.00000000 -1.00000000
vn -0.00000000 -0.00000000 -1.00000000
vn -0.00000000 -0.00000000 -1.00000000
vn -0.00000000 -0.00000000 -1.00000000
vn -0.00000000 -0.00000000 -1.00000000
vn -0.00000000 -0.00000000 -1.00000000
vn -0.00000000 -0.00000000 -1.00000000
vn -0.00000000 -0.00000000 -1.00000000
vn -0.00000000 -0.00000000 -1.00000000
vn -0.00000000 -0.00000000 -1.00000000
vn -0.00000000 -0.00000000 -1.00000000
vn -0.00000000 -0.00000000 -1.00000000
vn -0.00000000 -0.00000000 -1.00000000
vn -0.00000000 -0.00000000 -1.00000000
vn -0.00000000 -0.00000000 -1.00000000
vn -0.00000000 -0.00000000 -1.00000000
vn -0.00000000 -0.00000000 -1.00000000
vn -0.00000000 -0.00000000 -1.00000000
vn -0.00000000 -0.00000000 -1.00000000
vn -0.00000000 -0.00000000 -1.00000000
vn -0.00000000 -0.00000000 -1.00000000
vn -0.00000000 -0.00000000 -1.00000000
vn -0.00000000 -0.00000000 -1.00000000
vn -0.00000000 -0.00000000 -1.00000000
vn -0.00000000 -0.00000000 -1.00000000
vn -0.00000000 -0.00000000 -1.00000000
vn -0.00000000 -0.00000000 -1.00000000
vn -0.00000000 -0.00000000 -1.00000000
vn -0.00000000 -0.00000000 -1.00000000
vn -0.00000000 -0.00000000 -1.00000000
vn -0.00000000 -0.00000000 -1.00000000
vn -0.99030000 0.13920000 -0.00000000
vn -0.99030000 0.13920000 -0.00000000
vn -1.00000000 -0.00000000 -0.00000000
vn -1.00000000 -0.00000000 -0.00000000
vn -1.00000000 -0.00000000 -0.00000000
vn -1.00000000 -0.00000000 -0.00000000
vn -0.99030000 -0.13920000 -0.00000000
vn -0.99030000 -0.13920000 -0.00000000
vn -0.96130000 -0.27560000 -0.00000000
vn -0.96130000 -0.27560000 -0.00000000
vn -0.91350000 -0.40670000 -0.00000000
vn -0.91350000 -0.40670000 -0.00000000
vn -0.84800000 -0.52990000 -0.00000000
vn -0.84800000 -0.52990000 -0.00000000
vn -0.76600000 -0.64280000 -0.00000000
vn -0.76600000 -0.64280000 -0.00000000
vn -0.66910000 -0.74310000 -0.00000000
vn -0.66910000 -0.74310000 -0.00000000
vn -0.55920000 -0.82900000 -0.00000000
vn -0.55920000 -0.82900000 -0.00000000
vn -0.43840000 -0.89880000 -0.00000000
vn -0.43840000 -0.89880000 -0.00000000
vn -0.30900000 -0.95110000 -0.00000000
vn -0.30900000 -0.95110000 -0.00000000
vn -0.17360000 -0.98480000 -0.00000000
vn -0.17360000 -0.98480000 -0.00000000
vn -0.03490000 -0.99940000 -0.00000000
vn -0.03490000 -0.99940000 -0.00000000
vn 0.10450000 -0.99450000 -0.00000000
vn 0.10450000 -0.99450000 -0.00000000
vn 0.24190000 -0.97030000 -0.00000000
vn 0.24190000 -0.97030000 -0.00000000
vn 0.37460000 -0.92720000 -0.00000000
vn 0.37460000 -0.92720000 -0.00000000
vn 0.50000000 -0.86600000 -0.00000000
vn 0.50000000 -0.86600000 -0.00000000
vn 0.61570000 -0.78800000 -0.00000000
vn 0.61570000 -0.78800000 -0.00000000
vn 0.71930000 -0.69470000 -0.00000000
vn 0.71930000 -0.69470000 -0.00000000
vn 0.80900000 -0.58780000 -0.00000000
vn 0.80900000 -0.58780000 -0.00000000
vn 0.88290000 -0.46950000 -0.00000000
vn 0.88290000 -0.46950000 -0.00000000
vn 0.93970000 -0.34200000 -0.00000000
vn 0.93970000 -0.34200000 -0.00000000
vn 0.97810000 -0.20790000 -0.00000000
vn 0.97810000 -0.20790000 -0.00000000
vn 0.99760000 -0.06980000 -0.00000000
vn 0.99760000 -0.06980000 -0.00000000
vn 0.99760000 0.06980000 -0.00000000
vn 0.99760000 0.06980000 -0.00000000
vn 0.97810000 0.20790000 -0.00000000
vn 0.97810000 0.20790000 -0.00000000
vn 0.93970000 0.34200000 -0.00000000
vn 0.93970000 0.34200000 -0.00000000
vn 0.88290000 0.46950000 -0.00000000
vn 0.88290000 0.46950000 -0.00000000
vn 0.80900000 0.58780000 -0.00000000
vn 0.80900000 0.58780000 -0.00000000
vn 0.71930000 0.69470000 -0.00000000
vn 0.71930000 0.69470000 -0.00000000
vn 0.61570000 0.78800000 -0.00000000
vn 0.61570000 0.78800000 -0.00000000
vn 0.50000000 0.86600000 -0.00000000
vn 0.50000000 0.86600000 -0.00000000
vn 0.37460000 0.92720000 -0.00000000
vn 0.37460000 0.92720000 -0.00000000
vn 0.24190000 0.97030000 -0.00000000
vn 0.24190000 0.97030000 -0.00000000
vn 0.10450000 0.99450000 -0.00000000
vn 0.10450000 0.99450000 -0.00000000
vn -0.03490000 0.99940000 -0.00000000
vn -0.03490000 0.99940000 -0.00000000
vn -0.17360000 0.98480000 -0.00000000
vn -0.17360000 0.98480000 -0.00000000
vn -0.30900000 0.95110000 -0.00000000
vn -0.30900000 0.95110000 -0.00000000
vn -0.43840000 0.89880000 -0.00000000
vn -0.43840000 0.89880000 -0.00000000
vn -0.55920000 0.82900000 -0.00000000
vn -0.55920000 0.82900000 -0.00000000
vn -0.66910000 0.74310000 -0.00000000
vn -0.66910000 0.74310000 -0.00000000
vn -0.76600000 0.64280000 -0.00000000
vn -0.76600000 0.64280000 -0.00000000
vn -0.84800000 0.52990000 -0.00000000
vn -0.84810000 0.52990000 -0.00000000
vn -0.91350000 0.40670000 -0.00000000
vn -0.91350000 0.40670000 -0.00000000
vn -0.96130000 0.27560000 -0.00000000
vn -0.96130000 0.27560000 -0.00000000
vn -0.00000000 -0.00000000 1.00000000
vn -0.00000000 -0.00000000 1.00000000
vn -0.00000000 -0.00000000 1.00000000
vn -0.00000000 -0.00000000 1.00000000
vn -0.00000000 -0.00000000 1.00000000
vn -0.00000000 -0.00000000 1.00000000
vn -0.00000000 -0.00000000 1.00000000
vn -0.00000000 -0.00000000 1.00000000
vn -0.00000000 -0.00000000 1.00000000
vn -0.00000000 -0.00000000 1.00000000
vn -0.00000000 -0.00000000 1.00000000
vn -0.00000000 -0.00000000 1.00000000
vn -0.00000000 -0.00000000 1.00000000
vn -0.00000000 -0.00000000 1.00000000
vn -0.00000000 -0.00000000 1.00000000
vn -0.00000000 -0.00000000 1.00000000
vn -0.00000000 -0.00000000 1.00000000
vn -0.00000000 -0.00000000 1.00000000
vn -0.00000000 -0.00000000 1.00000000
vn -0.00000000 -0.00000000 1.00000000
vn -0.00000000 -0.00000000 1.00000000
vn -0.00000000 -0.00000000 1.00000000
vn -0.00000000 -0.00000000 1.00000000
vn -0.00000000 -0.00000000 1.00000000
vn -0.00000000 -0.00000000 1.00000000
vn -0.00000000 -0.00000000 1.00000000
vn -0.00000000 -0.00000000 1.00000000
vn -0.00000000 -0.00000000 1.00000000
vn -0.00000000 -0.00000000 1.00000000
vn -0.00000000 -0.00000000 1.00000000
vn -0.00000000 -0.00000000 1.00000000
vn -0.00000000 -0.00000000 1.00000000
vn -0.00000000 -0.00000000 1.00000000
vn -0.00000000 -0.00000000 1.00000000
vn -0.00000000 -0.00000000 1.00000000
vn -0.00000000 -0.00000000 1.00000000
vn -0.00000000 -0.00000000 1.00000000
vn -0.00000000 -0.00000000 1.00000000
vn -0.00000000 -0.00000000 1.00000000
vn -0.00000000 -0.00000000 1.00000000
vn -0.00000000 -0.00000000 1.00000000
vn -0.00000000 -0.00000000 1.00000000
vn -0.00000000 -0.00000000 1.00000000
vn -0.00000000 -0.00000000 1.00000000
vn -0.00000000 -0.00000000 1.00000000
vn -0.00000000 -0.00000000 1.00000000
vn -0.00000000 -0.00000000 1.00000000
vn -0.00000000 -0.00000000 1.00000000
vn -0.00000000 -0.00000000 1.00000000
vn -0.00000000 -0.00000000 1.00000000
vn -0.00000000 -0.00000000 1.00000000
vn -0.00000000 -0.00000000 1.00000000
vn -0.00000000 -0.00000000 1.00000000
vn -0.00000000 -0.00000000 1.00000000
vn -0.00000000 -0.00000000 1.00000000
vn -0.00000000 -0.00000000 1.00000000
vn -0.00000000 -0.00000000 1.00000000
vn -0.00000000 -0.00000000 1.00000000
vn -0.00000000 -0.00000000 1.00000000
vn -0.00000000 -0.00000000 1.00000000
vn -0.00000000 -0.00000000 1.00000000
vn -0.00000000 -0.00000000 1.00000000
vn -0.00000000 -0.00000000 1.00000000
vn -0.00000000 -0.00000000 1.00000000
vn -0.00000000 -0.00000000 1.00000000
vn -0.00000000 -0.00000000 1.00000000
vn -0.00000000 -0.00000000 1.00000000
vn -0.00000000 -0.00000000 1.00000000
vn -0.00000000 -0.00000000 1.00000000
vn -0.00000000 -0.00000000 1.00000000
vn -0.00000000 -0.00000000 1.00000000
vn -0.00000000 -0.00000000 1.00000000
vn -0.00000000 -0.00000000 1.00000000
vn -0.00000000 -0.00000000 1.00000000
vn -0.00000000 -0.00000000 1.00000000
vn -0.00000000 -0.00000000 1.00000000
vn -0.00000000 -0.00000000 1.00000000
vn -0.00000000 -0.00000000 1.00000000
vn -0.00000000 -0.00000000 1.00000000
vn -0.00000000 -0.00000000 1.00000000
vn -0.00000000 -0.00000000 1.00000000
vn -0.00000000 -0.00000000 1.00000000
vn -0.00000000 -0.00000000 1.00000000
vn -0.00000000 -0.00000000 1.00000000
vn -0.00000000 -0.00000000 1.00000000
vn -0.00000000 -0.00000000 1.00000000
vn -0.00000000 -0.00000000 1.00000000
vn -0.00000000 -0.00000000 1.00000000
vn -0.00000000 -0.00000000 1.00000000
vn -0.00000000 -0.00000000 1.00000000
vn -0.00000000 -0.00000000 1.00000000
vn -0.00000000 -0.00000000 1.00000000
vn -0.00000000 -0.00000000 1.00000000
vn -0.00000000 -0.00000000 1.00000000
vn -0.00000000 -0.00000000 1.00000000
vn -0.00000000 -0.00000000 1.00000000
vn -0.00000000 -0.00000000 1.00000000
vn -0.00000000 -0.00000000 1.00000000
vn -0.00000000 -0.00000000 1.00000000
vn -0.00000000 -0.00000000 -1.00000000
vn -0.00000000 -0.00000000 -1.00000000
vn -0.00000000 -0.00000000 -1.00000000
vn -0.00000000 -0.00000000 -1.00000000
vn -0.00000000 -0.00000000 -1.00000000
vn -0.00000000 -0.00000000 -1.00000000
vn -0.00000000 -0.00000000 -1.00000000
vn -0.00000000 -0.00000000 -1.00000000
vn -0.00000000 -0.00000000 -1.00000000
vn -0.00000000 -0.00000000 -1.00000000
vn -0.00000000 -0.00000000 -1.00000000
vn -0.00000000 -0.00000000 -1.00000000
vn -0.00000000 -0.00000000 -1.00000000
vn -0.00000000 -0.00000000 -1.00000000
vn -0.00000000 -0.00000000 -1.00000000
vn -0.00000000 -0.00000000 -1.00000000
vn -0.00000000 -0.00000000 -1.00000000
vn -0.00000000 -0.00000000 -1.00000000
vn -0.00000000 -0.00000000 -1.00000000
vn -0.00000000 -0.00000000 -1.00000000
vn -0.00000000 -0.00000000 -1.00000000
vn -0.00000000 -0.00000000 -1.00000000
vn -0.00000000 -0.00000000 -1.00000000
vn -0.00000000 -0.00000000 -1.00000000
vn -0.00000000 -0.00000000 -1.00000000
vn -0.00000000 -0.00000000 -1.00000000
vn -0.00000000 -0.00000000 -1.00000000
vn -0.00000000 -0.00000000 -1.00000000
vn -0.00000000 -0.00000000 -1.00000000
vn -0.00000000 -0.00000000 -1.00000000
vn -0.00000000 -0.00000000 -1.00000000
vn -0.00000000 -0.00000000 -1.00000000
vn -0.00000000 -0.00000000 -1.00000000
vn -0.00000000 -0.00000000 -1.00000000
vn -0.00000000 -0.00000000 -1.00000000
vn -0.00000000 -0.00000000 -1.00000000
vn -0.00000000 -0.00000000 -1.00000000
vn -0.00000000 -0.00000000 -1.00000000
vn -0.00000000 -0.00000000 -1.00000000
vn -0.00000000 -0.00000000 -1.00000000
vn -0.00000000 -0.00000000 -1.00000000
vn -0.00000000 -0.00000000 -1.00000000
vn -0.00000000 -0.00000000 -1.00000000
vn -0.00000000 -0.00000000 -1.00000000
vn -0.00000000 -0.00000000 -1.00000000
vn -0.00000000 -0.00000000 -1.00000000
vn -0.00000000 -0.00000000 -1.00000000
vn -0.00000000 -0.00000000 -1.00000000
vn -0.00000000 -0.00000000 -1.00000000
vn -0.00000000 -0.00000000 -1.00000000
vn -0.00000000 -0.00000000 -1.00000000
vn -0.00000000 -0.00000000 -1.00000000
vn -0.00000000 -0.00000000 -1.00000000
vn -0.00000000 -0.00000000 -1.00000000
vn -0.00000000 -0.00000000 -1.00000000
vn -0.00000000 -0.00000000 -1.00000000
vn -0.00000000 -0.00000000 -1.00000000
vn -0.00000000 -0.00000000 -1.00000000
vn -0.00000000 -0.00000000 -1.00000000
vn -0.00000000 -0.00000000 -1.00000000
vn -0.00000000 -0.00000000 -1.00000000
vn -0.00000000 -0.00000000 -1.00000000
vn -0.00000000 -0.00000000 -1.00000000
vn -0.00000000 -0.00000000 -1.00000000
vn -0.00000000 -0.00000000 -1.00000000
vn -0.00000000 -0.00000000 -1.00000000
vn -0.00000000 -0.00000000 -1.00000000
vn -0.00000000 -0.00000000 -1.00000000
vn -0.00000000 -0.00000000 -1.00000000
vn -0.00000000 -0.00000000 -1.00000000
vn -0.00000000 -0.00000000 -1.00000000
vn -0.00000000 -0.00000000 -1.00000000
vn 1.00000000 -0.00000000 -0.00000000
vn 1.00000000 -0.00000000 -0.00000000
vn 1.00000000 -0.00000000 -0.00000000
vn 1.00000000 -0.00000000 -0.00000000
vn 1.00000000 -0.00000000 -0.00000000
vn 1.00000000 -0.00000000 -0.00000000
vn 1.00000000 -0.00000000 -0.00000000
vn 1.00000000 -0.00000000 -0.00000000
vn 1.00000000 -0.00000000 -0.00000000
vn 1.00000000 -0.00000000 -0.00000000
vn 1.00000000 -0.00000000 -0.00000000
vn 1.00000000 -0.00000000 -0.00000000
vn 1.00000000 -0.00000000 -0.00000000
vn 1.00000000 -0.00000000 -0.00000000
vn 1.00000000 -0.00000000 -0.00000000
vn 1.00000000 -0.00000000 -0.00000000
vn 1.00000000 -0.00000000 -0.00000000
vn 1.00000000 -0.00000000 -0.00000000
vn 1.00000000 -0.00000000 -0.00000000
vn 1.00000000 -0.00000000 -0.00000000
vn 1.00000000 -0.00000000 -0.00000000
vn 1.00000000 -0.00000000 -0.00000000
vn 1.00000000 -0.00000000 -0.00000000
vn 1.00000000 -0.00000000 -0.00000000
vn 1.00000000 -0.00000000 -0.00000000
vn 1.00000000 -0.00000000 -0.00000000
vn 1.00000000 -0.00000000 -0.00000000
vn 1.00000000 -0.00000000 -0.00000000
vn 1.00000000 -0.00000000 -0.00000000
vn 1.00000000 -0.00000000 -0.00000000
vn 1.00000000 -0.00000000 -0.00000000
vn 1.00000000 -0.00000000 -0.00000000
vn 1.00000000 -0.00000000 -0.00000000
vn 1.00000000 -0.00000000 -0.00000000
vn 1.00000000 -0.00000000 -0.00000000
vn 1.00000000 -0.00000000 -0.00000000
vn 1.00000000 -0.00000000 -0.00000000
vn 1.00000000 -0.00000000 -0.00000000
vn 1.00000000 -0.00000000 -0.00000000
vn 1.00000000 -0.00000000 -0.00000000
vn 1.00000000 -0.00000000 -0.00000000
vn 1.00000000 -0.00000000 -0.00000000
vn 1.00000000 -0.00000000 -0.00000000
vn 1.00000000 -0.00000000 -0.00000000
vn 1.00000000 -0.00000000 -0.00000000
vn 1.00000000 -0.00000000 -0.00000000
vn 1.00000000 -0.00000000 -0.00000000
vn 1.00000000 -0.00000000 -0.00000000
vn -0.70710000 -0.70710000 -0.00000000
vn -0.70720000 -0.70710000 -0.00000000
vn -0.70710000 -0.70710000 -0.00000000
vn -0.70710000 -0.70710000 -0.00000000
vn -0.70710000 -0.70710000 -0.00000000
vn -0.70720000 -0.70710000 -0.00000000
vn -0.96590000 -0.25880000 -0.00000000
vn -0.96590000 -0.25880000 -0.00000000
vn -0.96590000 0.25880000 -0.00000000
vn -0.96590000 0.25880000 -0.00000000
vn -0.70710000 0.70710000 -0.00000000
vn -0.70710000 0.70710000 -0.00000000
vn -0.25880000 0.96590000 -0.00000000
vn -0.25880000 0.96590000 -0.00000000
vn 0.25880000 0.96590000 -0.00000000
vn 0.25880000 0.96590000 -0.00000000
vn 0.70710000 0.70710000 -0.00000000
vn 0.70710000 0.70710000 -0.00000000
vn 0.70710000 0.70710000 -0.00000000
vn 0.70710000 0.70710000 -0.00000000
vn 0.70720000 0.70710000 -0.00000000
vn 0.70710000 0.70710000 -0.00000000
vn 0.70710000 0.70710000 -0.00000000
vn 0.70720000 0.70710000 -0.00000000
vn 0.96590000 0.25880000 -0.00000000
vn 0.96590000 0.25880000 -0.00000000
vn 0.96590000 -0.25880000 -0.00000000
vn 0.96590000 -0.25880000 -0.00000000
vn 0.70710000 -0.70710000 -0.00000000
vn 0.70710000 -0.70710000 -0.00000000
vn 0.25880000 -0.96590000 -0.00000000
vn 0.25880000 -0.96590000 -0.00000000
vn -0.25880000 -0.96590000 -0.00000000
vn -0.25880000 -0.96590000 -0.00000000
vn -0.70710000 -0.70710000 -0.00000000
vn -0.70710000 -0.70710000 -0.00000000
vn -0.00000000 -0.00000000 -1.00000000
vn -0.00000000 -0.00000000 -1.00000000
vn -0.00000000 -0.00000000 -1.00000000
vn -0.00000000 -0.00000000 -1.00000000
vn -0.00000000 -0.00000000 -1.00000000
vn -0.00000000 -0.00000000 -1.00000000
vn -0.00000000 -0.00000000 -1.00000000
vn -0.00000000 -0.00000000 -1.00000000
vn -0.00000000 -0.00000000 -1.00000000
vn -0.00000000 -0.00000000 -1.00000000
vn -0.00000000 -0.00000000 -1.00000000
vn -0.00000000 -0.00000000 -1.00000000
vn -0.00000000 -0.00000000 -1.00000000
vn -0.00000000 -0.00000000 -1.00000000
vn -0.86600000 -0.50000000 -0.00000000
vn -0.86600000 -0.50000000 -0.00000000
vn -1.00000000 -0.00010000 -0.00000000
vn -1.00000000 -0.00010000 -0.00000000
vn -1.00000000 -0.00000000 -0.00000000
vn -1.00000000 -0.00000000 -0.00000000
vn -0.86600000 0.50000000 -0.00000000
vn -0.86600000 0.50000000 -0.00000000
vn -0.50000000 0.86600000 -0.00000000
vn -0.50000000 0.86600000 -0.00000000
vn -0.00000000 1.00000000 -0.00000000
vn -0.00000000 1.00000000 -0.00000000
vn 0.50000000 0.86600000 -0.00000000
vn 0.50000000 0.86600000 -0.00000000
vn 0.86600000 0.50000000 -0.00000000
vn 0.86600000 0.50000000 -0.00000000
vn 1.00000000 -0.00000000 -0.00000000
vn 1.00000000 -0.00000000 -0.00000000
vn 0.86600000 -0.50000000 -0.00000000
vn 0.86600000 -0.50000000 -0.00000000
vn 0.50000000 -0.86600000 -0.00000000
vn 0.50000000 -0.86600000 -0.00000000
vn -0.00000000 -1.00000000 -0.00000000
vn -0.00000000 -1.00000000 -0.00000000
vn -0.50000000 -0.86600000 -0.00000000
vn -0.50000000 -0.86600000 -0.00000000
vn -0.00000000 -0.00000000 -1.00000000
vn -0.00000000 -0.00000000 -1.00000000
vn -0.00000000 -0.00000000 -1.00000000
vn -0.00000000 -0.00000000 -1.00000000
vn -0.00000000 -0.00000000 -1.00000000
vn -0.00000000 -0.00000000 -1.00000000
vn -0.00000000 -0.00000000 -1.00000000
vn -0.00000000 -0.00000000 -1.00000000
vn -0.00000000 -0.00000000 -1.00000000
vn -0.00000000 -0.00000000 -1.00000000
vn -0.00000000 -0.00000000 -1.00000000
vn -0.00000000 -0.00000000 -1.00000000
vn 0.70280000 0.07780000 -0.70710000
vn 0.70710000 -0.00000000 -0.70710000
vn 0.70710000 -0.00000000 -0.70710000
vn 0.70710000 -0.00000000 -0.70710000
vn 0.70710000 -0.00000000 -0.70710000
vn 0.70280000 -0.07780000 -0.70710000
vn 0.70280000 -0.07780000 -0.70710000
vn 0.69000000 -0.15460000 -0.70710000
vn 0.69000000 -0.15460000 -0.70710000
vn 0.66880000 -0.22960000 -0.70710000
vn 0.66880000 -0.22960000 -0.70710000
vn 0.63950000 -0.30180000 -0.70710000
vn 0.63950000 -0.30180000 -0.70710000
vn 0.60240000 -0.37030000 -0.70710000
vn 0.60240000 -0.37030000 -0.70710000
vn 0.55800000 -0.43430000 -0.70710000
vn 0.55800000 -0.43430000 -0.70710000
vn 0.50680000 -0.49310000 -0.70710000
vn 0.50680000 -0.49310000 -0.70710000
vn 0.44950000 -0.54580000 -0.70710000
vn 0.44950000 -0.54580000 -0.70710000
vn 0.38670000 -0.59200000 -0.70710000
vn 0.38670000 -0.59200000 -0.70710000
vn 0.31930000 -0.63090000 -0.70710000
vn 0.31930000 -0.63090000 -0.70710000
vn 0.24790000 -0.66220000 -0.70710000
vn 0.24790000 -0.66220000 -0.70710000
vn 0.17360000 -0.68550000 -0.70710000
vn 0.17360000 -0.68550000 -0.70710000
vn 0.09710000 -0.70040000 -0.70710000
vn 0.09710000 -0.70040000 -0.70710000
vn 0.01950000 -0.70680000 -0.70710000
vn 0.01950000 -0.70680000 -0.70710000
vn -0.05840000 -0.70470000 -0.70710000
vn -0.05840000 -0.70470000 -0.70710000
vn -0.13560000 -0.69400000 -0.70710000
vn -0.13560000 -0.69400000 -0.70710000
vn -0.21110000 -0.67490000 -0.70710000
vn -0.21110000 -0.67490000 -0.70710000
vn -0.28400000 -0.64760000 -0.70710000
vn -0.28400000 -0.64760000 -0.70710000
vn -0.35360000 -0.61240000 -0.70710000
vn -0.35360000 -0.61240000 -0.70710000
vn -0.41880000 -0.56980000 -0.70710000
vn -0.41880000 -0.56980000 -0.70710000
vn -0.47890000 -0.52020000 -0.70710000
vn -0.47890000 -0.52020000 -0.70710000
vn -0.53320000 -0.46440000 -0.70710000
vn -0.53320000 -0.46440000 -0.70710000
vn -0.58110000 -0.40290000 -0.70710000
vn -0.58110000 -0.40290000 -0.70710000
vn -0.62190000 -0.33660000 -0.70710000
vn -0.62190000 -0.33660000 -0.70710000
vn -0.65510000 -0.26610000 -0.70710000
vn -0.65510000 -0.26610000 -0.70710000
vn -0.68040000 -0.19240000 -0.70710000
vn -0.68040000 -0.19240000 -0.70710000
vn -0.69750000 -0.11640000 -0.70710000
vn -0.69750000 -0.11640000 -0.70710000
vn -0.70600000 -0.03900000 -0.70710000
vn -0.70600000 -0.03900000 -0.70710000
vn -0.70600000 0.03900000 -0.70710000
vn -0.70600000 0.03900000 -0.70710000
vn -0.69750000 0.11640000 -0.70710000
vn -0.69750000 0.11640000 -0.70710000
vn -0.68040000 0.19240000 -0.70710000
vn -0.68040000 0.19240000 -0.70710000
vn -0.65510000 0.26610000 -0.70710000
vn -0.65510000 0.26610000 -0.70710000
vn -0.62190000 0.33660000 -0.70710000
vn -0.62190000 0.33660000 -0.70710000
vn -0.58110000 0.40290000 -0.70710000
vn -0.58110000 0.40290000 -0.70710000
vn -0.53320000 0.46440000 -0.70710000
vn -0.53320000 0.46440000 -0.70710000
vn -0.47890000 0.52020000 -0.70710000
vn -0.47890000 0.52020000 -0.70710000
vn -0.41880000 0.56980000 -0.70710000
vn -0.41880000 0.56980000 -0.70710000
vn -0.35350000 0.61230000 -0.70710000
vn -0.35350000 0.61230000 -0.70710000
vn -0.28400000 0.64750000 -0.70710000
vn -0.28400000 0.64750000 -0.70710000
vn -0.21110000 0.67490000 -0.70710000
vn -0.21110000 0.67490000 -0.70710000
vn -0.13560000 0.69400000 -0.70710000
vn -0.13560000 0.69400000 -0.70710000
vn -0.05840000 0.70470000 -0.70710000
vn -0.05840000 0.70470000 -0.70710000
vn 0.01950000 0.70680000 -0.70710000
vn 0.01950000 0.70680000 -0.70710000
vn 0.09710000 0.70040000 -0.70710000
vn 0.09710000 0.70040000 -0.70710000
vn 0.17360000 0.68550000 -0.70710000
vn 0.17360000 0.68550000 -0.70710000
vn 0.24790000 0.66220000 -0.70710000
vn 0.24790000 0.66220000 -0.70710000
vn 0.31930000 0.63090000 -0.70710000
vn 0.31930000 0.63090000 -0.70710000
vn 0.38680000 0.59200000 -0.70710000
vn 0.38670000 0.59200000 -0.70710000
vn 0.44950000 0.54580000 -0.70710000
vn 0.44950000 0.54580000 -0.70710000
vn 0.50680000 0.49310000 -0.70710000
vn 0.50680000 0.49310000 -0.70710000
vn 0.55800000 0.43430000 -0.70710000
vn 0.55800000 0.43430000 -0.70710000
vn 0.60240000 0.37030000 -0.70710000
vn 0.60240000 0.37030000 -0.70710000
vn 0.63950000 0.30180000 -0.70710000
vn 0.63950000 0.30180000 -0.70710000
vn 0.66880000 0.22960000 -0.70710000
vn 0.66880000 0.22960000 -0.70710000
vn 0.69000000 0.15460000 -0.70710000
vn 0.69000000 0.15460000 -0.70710000
vn 0.70280000 0.07780000 -0.70710000
vn -0.00000000 -0.00000000 -1.00000000
vn -0.00000000 -0.00000000 -1.00000000
vn -0.00000000 -0.00000000 -1.00000000
vn -0.00000000 -0.00000000 -1.00000000
vn -0.00000000 -0.00000000 -1.00000000
vn -0.00000000 -0.00000000 -1.00000000
vn -0.00000000 -0.00000000 -1.00000000
vn -0.00000000 -0.00000000 -1.00000000
vn -0.00000000 -0.00000000 -1.00000000
vn -0.00000000 -0.00000000 -1.00000000
vn -0.00000000 -0.00000000 -1.00000000
vn -0.00000000 -0.00000000 -1.00000000
vn -0.00000000 -0.00000000 -1.00000000
vn -0.00000000 -0.00000000 -1.00000000
vn -0.00000000 -0.00000000 -1.00000000
vn -0.00000000 -0.00000000 -1.00000000
vn -0.00000000 -0.00000000 -1.00000000
vn -0.00000000 -0.00000000 -1.00000000
vn -0.00000000 -0.00000000 -1.00000000
vn -0.00000000 -0.00000000 -1.00000000
vn -0.00000000 -0.00000000 -1.00000000
vn -0.00000000 -0.00000000 -1.00000000
vn -0.00000000 -0.00000000 -1.00000000
vn -0.00000000 -0.00000000 -1.00000000
vn -0.00000000 -0.00000000 -1.00000000
vn -0.00000000 -0.00000000 -1.00000000
vn -0.00000000 -0.00000000 -1.00000000
vn -0.00000000 -0.00000000 -1.00000000
vn -0.00000000 -0.00000000 -1.00000000
vn -0.00000000 -0.00000000 -1.00000000
vn -0.00000000 -0.00000000 -1.00000000
vn -0.00000000 -0.00000000 -1.00000000
vn -0.00000000 -0.00000000 -1.00000000
vn -0.00000000 -0.00000000 -1.00000000
vn -0.00000000 -0.00000000 -1.00000000
vn -0.00000000 -0.00000000 -1.00000000
vn -0.00000000 -0.00000000 -1.00000000
vn -0.00000000 -0.00000000 -1.00000000
vn -0.00000000 -0.00000000 -1.00000000
vn -0.00000000 -0.00000000 -1.00000000
vn -0.00000000 -0.00000000 -1.00000000
vn -0.00000000 -0.00000000 -1.00000000
vn -0.00000000 -0.00000000 -1.00000000
vn -0.00000000 -0.00000000 -1.00000000
vn -0.00000000 -0.00000000 -1.00000000
vn -0.00000000 -0.00000000 -1.00000000
vn -0.00000000 -0.00000000 -1.00000000
vn -0.00000000 -0.00000000 -1.00000000
vn -0.00000000 -0.00000000 -1.00000000
vn -0.00000000 -0.00000000 -1.00000000
vn -0.00000000 -0.00000000 -1.00000000
vn -0.00000000 -0.00000000 -1.00000000
vn -0.00000000 -0.00000000 -1.00000000
vn -0.00000000 -0.00000000 -1.00000000
vn -0.00000000 -0.00000000 -1.00000000
vn -0.00000000 -0.00000000 -1.00000000
vn -0.00000000 -0.00000000 -1.00000000
vn -0.00000000 -0.00000000 -1.00000000
vn -0.00000000 -0.00000000 -1.00000000
vn -0.00000000 -0.00000000 -1.00000000
vn -0.00000000 -0.00000000 -1.00000000
vn -0.00000000 -0.00000000 -1.00000000
vn -0.00000000 -0.00000000 -1.00000000
vn -0.00000000 -0.00000000 -1.00000000
vn -0.00000000 -0.00000000 -1.00000000
vn -0.00000000 -0.00000000 -1.00000000
vn -0.00000000 -0.00000000 -1.00000000
vn -0.00000000 -0.00000000 -1.00000000
vn -0.00000000 -0.00000000 -1.00000000
vn -0.00000000 -0.00000000 -1.00000000
vn -0.00000000 -0.00000000 -1.00000000
vn -0.00000000 -0.00000000 -1.00000000
vn -0.00000000 -0.00000000 -1.00000000
vn -0.00000000 -0.00000000 -1.00000000
vn -0.00000000 -0.00000000 -1.00000000
vn -0.00000000 -0.00000000 -1.00000000
vn -0.00000000 -0.00000000 -1.00000000
vn -0.00000000 -0.00000000 -1.00000000
vn -0.00000000 -0.00000000 -1.00000000
vn -0.00000000 -0.00000000 -1.00000000
vn -0.00000000 -0.00000000 -1.00000000
vn -0.00000000 -0.00000000 -1.00000000
vn -0.00000000 -0.00000000 -1.00000000
vn -0.00000000 -0.00000000 -1.00000000
vn -0.00000000 -0.00000000 -1.00000000
vn -0.00000000 -0.00000000 -1.00000000
vn -0.00000000 -0.00000000 -1.00000000
vn -0.00000000 -0.00000000 -1.00000000
vn -0.00000000 -0.00000000 -1.00000000
vn -0.00000000 -0.00000000 -1.00000000
vn -0.00000000 -0.00000000 -1.00000000
vn -0.00000000 -0.00000000 -1.00000000
vn -0.00000000 -0.00000000 -1.00000000
vn -0.00000000 -0.00000000 -1.00000000
vn -0.00000000 -0.00000000 -1.00000000
vn -0.00000000 -0.00000000 -1.00000000
vn -0.00000000 -0.00000000 -1.00000000
vn -0.00000000 -0.00000000 -1.00000000
vn -0.00000000 -0.00000000 -1.00000000
vn -0.00000000 -0.00000000 -1.00000000
vn -0.00000000 -0.00000000 -1.00000000
vn -0.00000000 -0.00000000 -1.00000000
vn -0.00000000 -0.00000000 -1.00000000
vn -0.00000000 -0.00000000 -1.00000000
vn -0.00000000 -0.00000000 -1.00000000
vn -0.00000000 -0.00000000 -1.00000000
vn -0.00000000 -0.00000000 -1.00000000
vn -0.00000000 -0.00000000 -1.00000000
vn -0.00000000 -0.00000000 -1.00000000
vn -0.00000000 -0.00000000 -1.00000000
vn -0.00000000 -0.00000000 -1.00000000
vn -0.00000000 -0.00000000 -1.00000000
vn -0.00000000 -0.00000000 -1.00000000
vn -0.00000000 -0.00000000 -1.00000000
vn -0.00000000 -0.00000000 -1.00000000
vn -0.00000000 -0.00000000 -1.00000000
vn -0.00000000 -0.00000000 -1.00000000
vn -0.00000000 -0.00000000 -1.00000000
vn -0.00000000 -0.00000000 -1.00000000
vn -0.00000000 -0.00000000 -1.00000000
vn -0.00000000 -0.00000000 -1.00000000
vn -0.00000000 -0.00000000 -1.00000000
vn -0.00000000 -0.00000000 -1.00000000
vn -0.00000000 -0.00000000 -1.00000000
vn -0.00000000 -0.00000000 -1.00000000
vn -0.00000000 -0.00000000 -1.00000000
vn -0.00000000 -0.00000000 -1.00000000
vn -0.00000000 -0.00000000 -1.00000000
vn -0.00000000 -0.00000000 -1.00000000
vn -0.00000000 -0.00000000 -1.00000000
vn -0.00000000 -0.00000000 -1.00000000
vn -0.00000000 -0.00000000 -1.00000000
vn -0.00000000 -0.00000000 -1.00000000
vn -0.00000000 -0.00000000 -1.00000000
vn -0.00000000 -0.00000000 -1.00000000
vn -0.00000000 -0.00000000 -1.00000000
vn -0.00000000 -0.00000000 -1.00000000
vn -0.00000000 -0.00000000 -1.00000000
vn -0.00000000 -0.00000000 -1.00000000
vn -0.00000000 -0.00000000 -1.00000000
vn -0.00000000 -0.00000000 -1.00000000
vn -0.00000000 -0.00000000 -1.00000000
vn -0.00000000 -0.00000000 -1.00000000
vn -0.00000000 -0.00000000 -1.00000000
vn -0.00000000 -0.00000000 -1.00000000
vn -0.00000000 -0.00000000 -1.00000000
vn -0.00000000 -0.00000000 -1.00000000
vn -0.00000000 -0.00000000 -1.00000000
vn -0.00000000 -0.00000000 -1.00000000
vn -0.00000000 -0.00000000 -1.00000000
vn -0.00000000 -0.00000000 -1.00000000
vn -0.00000000 -0.00000000 -1.00000000
vn -0.00000000 -0.00000000 -1.00000000
vn -0.00000000 -0.00000000 -1.00000000
vn -0.00000000 -0.00000000 -1.00000000
vn -0.00000000 -0.00000000 -1.00000000
vn -0.00000000 -0.00000000 -1.00000000
vn -0.00000000 -0.00000000 -1.00000000
vn -0.00000000 -0.00000000 -1.00000000
vn -0.00000000 -0.00000000 -1.00000000
vn -0.00000000 -0.00000000 -1.00000000
vn -0.00000000 -0.00000000 -1.00000000
vn -0.00000000 -0.00000000 -1.00000000
vn -0.00000000 -0.00000000 -1.00000000
vn -0.00000000 -0.00000000 -1.00000000
vn -0.00000000 -0.00000000 -1.00000000
vn -0.00000000 -0.00000000 -1.00000000
vn -0.00000000 -0.00000000 -1.00000000
vn -0.00000000 -0.00000000 -1.00000000
vn -0.00000000 -0.00000000 -1.00000000
vn -0.00000000 -0.00000000 -1.00000000
vn -0.00000000 -0.00000000 -1.00000000
vn -0.00000000 -0.00000000 -1.00000000
vn -0.00000000 -0.00000000 -1.00000000
vn -0.00000000 -0.00000000 -1.00000000
vn -0.00000000 -0.00000000 -1.00000000
vn -0.00000000 -0.00000000 -1.00000000
vn -0.00000000 -0.00000000 -1.00000000
vn -0.00000000 -0.00000000 -1.00000000
vn -0.00000000 -0.00000000 -1.00000000
vn -0.00000000 -0.00000000 -1.00000000
vn -0.00000000 -0.00000000 -1.00000000
vn -0.00000000 -0.00000000 -1.00000000
vn -0.00000000 -0.00000000 -1.00000000
vn -0.00000000 -0.00000000 -1.00000000
vn -0.00000000 -0.00000000 -1.00000000
vn -0.00000000 -0.00000000 -1.00000000
vn -0.00000000 -0.00000000 -1.00000000
vn -0.00000000 -0.00000000 -1.00000000
vn -0.00000000 -0.00000000 -1.00000000
vn -0.00000000 -0.00000000 -1.00000000
vn -0.00000000 -0.00000000 -1.00000000
vn -0.00000000 -0.00000000 -1.00000000
vn -0.00000000 -0.00000000 -1.00000000
vn -0.00000000 -0.00000000 -1.00000000
vn -0.00000000 -0.00000000 -1.00000000
vn -0.00000000 -0.00000000 -1.00000000
vn -0.00000000 -0.00000000 -1.00000000
vn -0.00000000 -0.00000000 -1.00000000
vn -0.00000000 -0.00000000 -1.00000000
vn -0.00000000 -0.00000000 -1.00000000
vn -0.00000000 -0.00000000 -1.00000000
vn -0.00000000 -0.00000000 -1.00000000
vn -0.00000000 -0.00000000 -1.00000000
vn -0.00000000 -0.00000000 -1.00000000
vn -0.00000000 -0.00000000 -1.00000000
vn -0.00000000 -0.00000000 -1.00000000
vn -0.00000000 -0.00000000 -1.00000000
vn -0.00000000 -0.00000000 -1.00000000
vn -0.00000000 -0.00000000 -1.00000000
vn -0.00000000 -0.00000000 -1.00000000
vn -0.00000000 -0.00000000 -1.00000000
vn -0.00000000 -0.00000000 -1.00000000
vn -0.00000000 -0.00000000 -1.00000000
vn -0.00000000 -0.00000000 -1.00000000
vn -0.00000000 -0.00000000 -1.00000000
vn -0.00000000 -0.00000000 -1.00000000
vn -0.00000000 -0.00000000 -1.00000000
vn -0.00000000 -0.00000000 -1.00000000
vn -0.00000000 -0.00000000 -1.00000000
vn -0.00000000 -0.00000000 -1.00000000
vn -0.00000000 -0.00000000 -1.00000000
vn -0.00000000 -0.00000000 -1.00000000
vn -0.00000000 -0.00000000 -1.00000000
vn -0.00000000 -0.00000000 -1.00000000
vn -0.00000000 -0.00000000 -1.00000000
vn -0.00000000 -0.00000000 -1.00000000
vn -0.00000000 -0.00000000 -1.00000000
vn -0.00000000 -0.00000000 -1.00000000
vn -0.00000000 -0.00000000 -1.00000000
vn -0.00000000 -0.00000000 -1.00000000
vn -0.00000000 -0.00000000 -1.00000000
vn -0.00000000 -0.00000000 -1.00000000
vn -0.00000000 -0.00000000 -1.00000000
vn -0.00000000 -0.00000000 -1.00000000
vn -0.00000000 -0.00000000 -1.00000000
vn -0.00000000 -0.00000000 -1.00000000
vn -0.00000000 -0.00000000 -1.00000000
vn -0.00000000 -0.00000000 -1.00000000
vn -0.00000000 -0.00000000 -1.00000000
vn -0.00000000 -0.00000000 -1.00000000
vn -0.00000000 -0.00000000 -1.00000000
vn -0.00000000 -0.00000000 -1.00000000
vn -0.00000000 -0.00000000 -1.00000000
vn -0.00000000 -0.00000000 -1.00000000
vn -0.00000000 -0.00000000 -1.00000000
vn -0.00000000 -0.00000000 -1.00000000
vn -0.00000000 -0.00000000 -1.00000000
vn -0.00000000 -0.00000000 -1.00000000
vn -0.00000000 -0.00000000 -1.00000000
vn -0.00000000 -0.00000000 -1.00000000
vn -0.00000000 -0.00000000 -1.00000000
vn -0.00000000 -0.00000000 -1.00000000
vn -0.00000000 -0.00000000 -1.00000000
vn -0.00000000 -0.00000000 -1.00000000
vn -0.00000000 -0.00000000 -1.00000000
vn -0.00000000 -0.00000000 -1.00000000
vn -0.00000000 -0.00000000 -1.00000000
vn -0.00000000 -0.00000000 -1.00000000
vn -0.00000000 -0.00000000 -1.00000000
vn -0.00000000 -0.00000000 -1.00000000
vn -0.00000000 -0.00000000 -1.00000000
vn -0.00000000 -0.00000000 -1.00000000
vn -0.00000000 -0.00000000 -1.00000000
vn -0.00000000 -0.00000000 -1.00000000
vn -0.00000000 -0.00000000 -1.00000000
vn -0.00000000 -0.00000000 -1.00000000
vn -0.00000000 -0.00000000 -1.00000000
vn -0.00000000 -0.00000000 -1.00000000
vn -0.00000000 -0.00000000 -1.00000000
vn -0.00000000 -0.00000000 -1.00000000
vn -0.00000000 -0.00000000 -1.00000000
vn -0.00000000 -0.00000000 -1.00000000
vn -0.00000000 -0.00000000 -1.00000000
vn -0.00000000 -0.00000000 -1.00000000
vn -0.00000000 -0.00000000 -1.00000000
vn -0.00000000 -0.00000000 -1.00000000
vn -0.00000000 -0.00000000 -1.00000000
vn -0.00000000 -0.00000000 -1.00000000
vn -0.00000000 -0.00000000 -1.00000000
vn -0.00000000 -0.00000000 -1.00000000
vn -0.00000000 -0.00000000 -1.00000000
vn -0.00000000 -0.00000000 -1.00000000
vn -0.00000000 -0.00000000 -1.00000000
vn -0.00000000 -0.00000000 -1.00000000
vn -0.00000000 -0.00000000 -1.00000000
vn -0.00000000 -0.00000000 -1.00000000
vn -0.00000000 -0.00000000 -1.00000000
vn -0.00000000 -0.00000000 -1.00000000
vn -0.00000000 -0.00000000 -1.00000000
vn -0.00000000 -0.00000000 -1.00000000
vn -0.00000000 -0.00000000 -1.00000000
vn -0.00000000 -0.00000000 -1.00000000
vn -0.00000000 -0.00000000 -1.00000000
vn -0.00000000 -0.00000000 -1.00000000
vn -0.00000000 -0.00000000 -1.00000000
vn -0.00000000 -0.00000000 -1.00000000
vn -0.00000000 -0.00000000 -1.00000000
vn -0.00000000 -0.00000000 -1.00000000
vn -0.00000000 -0.00000000 -1.00000000
vn -0.00000000 -0.00000000 -1.00000000
vn -0.00000000 -0.00000000 -1.00000000
vn -0.00000000 -0.00000000 -1.00000000
vn -0.00000000 -0.00000000 -1.00000000
vn -0.00000000 -0.00000000 -1.00000000
vn -0.00000000 -0.00000000 -1.00000000
vn -0.00000000 -0.00000000 -1.00000000
vn -0.00000000 -0.00000000 -1.00000000
vn -0.00000000 -0.00000000 -1.00000000
vn -0.00000000 -0.00000000 -1.00000000
vn -0.00000000 -0.00000000 -1.00000000
vn -0.00000000 -0.00000000 -1.00000000
vn -0.00000000 -0.00000000 -1.00000000
vn -0.00000000 -0.00000000 -1.00000000
vn -0.00000000 -0.00000000 -1.00000000
vn -0.00000000 -0.00000000 -1.00000000
vn -0.00000000 -0.00000000 -1.00000000
vn -0.00000000 -0.00000000 -1.00000000
vn 0.99980000 0.01850000 -0.00000000
vn 1.00000000 -0.00000000 -0.00000000
vn 0.99850000 0.05550000 -0.00000000
vn 0.99390000 0.11000000 -0.00000000
vn 0.99790000 0.06510000 -0.00000000
vn 0.99730000 0.07400000 -0.00000000
vn 0.99670000 0.08080000 -0.00000000
vn 0.99640000 0.08530000 -0.00000000
vn 0.99530000 0.09660000 -0.00000000
vn 0.99600000 0.08980000 -0.00000000
vn 0.99980000 0.01850000 -0.00000000
vn 0.99980000 -0.01850000 -0.00000000
vn 1.00000000 -0.00000000 -0.00000000
vn 0.99850000 -0.05550000 -0.00000000
vn 0.99390000 -0.11000000 -0.00000000
vn 0.99790000 -0.06510000 -0.00000000
vn 0.99730000 -0.07400000 -0.00000000
vn 0.99670000 -0.08080000 -0.00000000
vn 0.99530000 -0.09660000 -0.00000000
vn 0.99440000 -0.10540000 -0.00000000
vn 0.99640000 -0.08530000 0.00010000
vn 0.99600000 -0.08980000 0.00010000
vn 0.99330000 -0.11510000 -0.00000000
vn 0.98910000 -0.14750000 -0.00000000
vn 0.98370000 -0.17970000 -0.00000000
vn 0.97580000 -0.21870000 -0.00000000
vn 0.97730000 -0.21170000 -0.00000000
vn 0.97330000 -0.22950000 -0.00000000
vn 0.96960000 -0.24470000 -0.00000000
vn 0.96700000 -0.25490000 -0.00000000
vn 0.94580000 -0.32470000 -0.00000000
vn 0.95340000 -0.30180000 -0.00000000
vn 0.93880000 -0.34460000 -0.00000000
vn 0.96600000 -0.25860000 -0.00000000
vn 0.96600000 -0.25860000 -0.00000000
vn 0.92230000 -0.38650000 -0.00000000
vn 0.90440000 -0.42680000 -0.00000000
vn 0.87380000 -0.48630000 -0.00000000
vn 0.85190000 -0.52370000 -0.00000000
vn 0.81450000 -0.58010000 -0.00000000
vn 0.78910000 -0.61420000 -0.00010000
vn 0.74520000 -0.66680000 -0.00000000
vn 0.71680000 -0.69730000 -0.00000000
vn 0.66680000 -0.74520000 -0.00000000
vn 0.63570000 -0.77190000 -0.00000000
vn 0.58010000 -0.81450000 -0.00000000
vn 0.54690000 -0.83720000 -0.00000000
vn 0.48630000 -0.87380000 -0.00000000
vn 0.45150000 -0.89230000 -0.00000000
vn 0.38650000 -0.92230000 -0.00000000
vn 0.35060000 -0.93650000 -0.00000000
vn 0.29330000 -0.95600000 -0.00000000
vn 0.24550000 -0.96940000 -0.00000000
vn 0.19710000 -0.98040000 -0.00000000
vn 0.13740000 -0.99050000 -0.00000000
vn 0.09900000 -0.99510000 -0.00000000
vn 0.02760000 -0.99960000 -0.00000000
vn -0.00000000 -1.00000000 -0.00000000
vn -0.08260000 -0.99660000 -0.00000000
vn -0.09910000 -0.99510000 0.00010000
vn -0.19170000 -0.98140000 -0.00010000
vn -0.19740000 -0.98030000 -0.00000000
vn -0.29850000 -0.95440000 -0.00000000
vn -0.29310000 -0.95610000 -0.00000000
vn -0.38660000 -0.92230000 -0.00000000
vn -0.40170000 -0.91580000 -0.00000000
vn -0.48630000 -0.87380000 -0.00000000
vn -0.50000000 -0.86600000 -0.00000000
vn -0.58010000 -0.81450000 -0.00010000
vn -0.59220000 -0.80580000 -0.00000000
vn -0.66680000 -0.74530000 0.00010000
vn -0.67730000 -0.73570000 -0.00000000
vn -0.74520000 -0.66680000 0.00010000
vn -0.75410000 -0.65680000 -0.00000000
vn -0.81450000 -0.58010000 0.00010000
vn -0.82180000 -0.56980000 -0.00000000
vn -0.87380000 -0.48630000 -0.00000000
vn -0.87950000 -0.47590000 -0.00000000
vn -0.92230000 -0.38650000 -0.00000000
vn -0.92650000 -0.37630000 0.00010000
vn -0.95600000 -0.29330000 0.00010000
vn -0.96230000 -0.27210000 -0.00000000
vn -0.98040000 -0.19710000 -0.00000000
vn -0.98640000 -0.16460000 -0.00000000
vn -0.99510000 -0.09900000 -0.00000000
vn -0.99850000 -0.05510000 -0.00000000
vn -1.00000000 -0.00000000 -0.00000000
vn -0.99850000 0.05510000 -0.00000000
vn -0.99510000 0.09900000 -0.00000000
vn -0.98640000 0.16460000 -0.00000000
vn -0.98040000 0.19710000 -0.00000000
vn -0.96230000 0.27210000 -0.00000000
vn -0.95600000 0.29330000 -0.00000000
vn -0.92650000 0.37630000 -0.00000000
vn -0.92230000 0.38650000 -0.00000000
vn -0.87950000 0.47600000 0.00010000
vn -0.87380000 0.48630000 -0.00000000
vn -0.82180000 0.56980000 -0.00000000
vn -0.81450000 0.58010000 -0.00000000
vn -0.75410000 0.65680000 -0.00000000
vn -0.74520000 0.66680000 -0.00000000
vn -0.67730000 0.73570000 -0.00000000
vn -0.66680000 0.74520000 -0.00000000
vn -0.59220000 0.80580000 -0.00000000
vn -0.58010000 0.81450000 -0.00000000
vn -0.50000000 0.86600000 -0.00000000
vn -0.48630000 0.87380000 -0.00000000
vn -0.40170000 0.91580000 -0.00000000
vn -0.38650000 0.92230000 -0.00000000
vn -0.29850000 0.95440000 -0.00010000
vn -0.29300000 0.95610000 -0.00000000
vn -0.19710000 0.98040000 -0.00000000
vn -0.19170000 0.98140000 -0.00010000
vn -0.09910000 0.99510000 -0.00000000
vn -0.08260000 0.99660000 -0.00000000
vn -0.00000000 1.00000000 -0.00000000
vn 0.02760000 0.99960000 -0.00000000
vn 0.09900000 0.99510000 -0.00000000
vn 0.13740000 0.99050000 -0.00000000
vn 0.19710000 0.98040000 -0.00000000
vn 0.24550000 0.96940000 -0.00000000
vn 0.29330000 0.95600000 -0.00000000
vn 0.35060000 0.93650000 -0.00000000
vn 0.38650000 0.92230000 -0.00000000
vn 0.45150000 0.89230000 -0.00000000
vn 0.48630000 0.87380000 -0.00000000
vn 0.54690000 0.83720000 -0.00000000
vn 0.58010000 0.81450000 -0.00000000
vn 0.63570000 0.77190000 -0.00000000
vn 0.66680000 0.74520000 -0.00000000
vn 0.71680000 0.69730000 -0.00000000
vn 0.74520000 0.66680000 -0.00000000
vn 0.78910000 0.61420000 -0.00000000
vn 0.81450000 0.58010000 -0.00000000
vn 0.85190000 0.52370000 -0.00000000
vn 0.87380000 0.48630000 -0.00000000
vn 0.90440000 0.42680000 -0.00000000
vn 0.92230000 0.38650000 -0.00000000
vn 0.94580000 0.32470000 -0.00000000
vn 0.93880000 0.34460000 -0.00000000
vn 0.95340000 0.30180000 -0.00000000
vn 0.96600000 0.25860000 -0.00000000
vn 0.96600000 0.25860000 -0.00000000
vn 0.96700000 0.25500000 -0.00000000
vn 0.96960000 0.24470000 -0.00000000
vn 0.97580000 0.21870000 -0.00000000
vn 0.97330000 0.22950000 -0.00000000
vn 0.97730000 0.21170000 -0.00000000
vn 0.98370000 0.17970000 -0.00000000
vn 0.98910000 0.14750000 -0.00000000
vn 0.99330000 0.11510000 -0.00000000
vn 0.99440000 0.10550000 -0.00000000
vn 0.82420000 0.56630000 -0.00000000
vn 0.82420000 0.56630000 -0.00000000
vn 0.89980000 0.43630000 -0.00000000
vn 0.89980000 0.43630000 -0.00000000
vn 0.95500000 0.29650000 -0.00000000
vn 0.95500000 0.29650000 -0.00000000
vn 0.98870000 0.14990000 -0.00000000
vn 0.98870000 0.14990000 -0.00000000
vn 1.00000000 -0.00000000 -0.00000000
vn 1.00000000 -0.00000000 -0.00000000
vn 0.98870000 -0.14990000 -0.00000000
vn 0.98870000 -0.14990000 -0.00000000
vn 0.95500000 -0.29650000 -0.00000000
vn 0.95500000 -0.29650000 -0.00000000
vn 0.89980000 -0.43630000 -0.00000000
vn 0.89980000 -0.43630000 -0.00000000
vn 0.82420000 -0.56630000 -0.00000000
vn 0.82420000 -0.56630000 -0.00000000
vn -0.56630000 0.82420000 -0.00000000
vn -0.56630000 0.82420000 -0.00000000
vn -0.43630000 0.89980000 -0.00000000
vn -0.43630000 0.89980000 -0.00000000
vn -0.29650000 0.95500000 -0.00000000
vn -0.29650000 0.95500000 -0.00000000
vn -0.14990000 0.98870000 -0.00000000
vn -0.14990000 0.98870000 -0.00000000
vn -0.00000000 1.00000000 -0.00000000
vn -0.00000000 1.00000000 -0.00000000
vn 0.14990000 0.98870000 -0.00000000
vn 0.14990000 0.98870000 -0.00000000
vn 0.29650000 0.95500000 -0.00000000
vn 0.29650000 0.95500000 -0.00000000
vn 0.43630000 0.89980000 -0.00000000
vn 0.43630000 0.89980000 -0.00000000
vn 0.56630000 0.82420000 -0.00000000
vn 0.56630000 0.82420000 -0.00000000
vn 0.56630000 -0.82420000 -0.00000000
vn 0.56630000 -0.82420000 -0.00000000
vn 0.43630000 -0.89980000 -0.00000000
vn 0.43630000 -0.89980000 -0.00000000
vn 0.29650000 -0.95500000 -0.00000000
vn 0.29650000 -0.95500000 -0.00000000
vn 0.14990000 -0.98870000 -0.00000000
vn 0.14990000 -0.98870000 -0.00000000
vn -0.00000000 -1.00000000 -0.00000000
vn -0.00000000 -1.00000000 -0.00000000
vn -0.14990000 -0.98870000 -0.00000000
vn -0.14990000 -0.98870000 -0.00000000
vn -0.29650000 -0.95500000 -0.00000000
vn -0.29650000 -0.95500000 -0.00000000
vn -0.43630000 -0.89980000 -0.00000000
vn -0.43630000 -0.89980000 -0.00000000
vn -0.56630000 -0.82420000 -0.00000000
vn -0.56630000 -0.82420000 -0.00000000
vn -0.82420000 -0.56630000 -0.00000000
vn -0.82420000 -0.56630000 -0.00000000
vn -0.89980000 -0.43630000 -0.00000000
vn -0.89980000 -0.43630000 -0.00000000
vn -0.95500000 -0.29650000 -0.00000000
vn -0.95500000 -0.29650000 -0.00000000
vn -0.98870000 -0.14990000 -0.00000000
vn -0.98870000 -0.14990000 -0.00000000
vn -1.00000000 -0.00000000 -0.00000000
vn -1.00000000 -0.00000000 -0.00000000
vn -0.98870000 0.14990000 -0.00000000
vn -0.98870000 0.14990000 -0.00000000
vn -0.95500000 0.29650000 -0.00000000
vn -0.95500000 0.29650000 -0.00000000
vn -0.89980000 0.43630000 -0.00000000
vn -0.89980000 0.43630000 -0.00000000
vn -0.82420000 0.56630000 -0.00000000
vn -0.82420000 0.56630000 -0.00000000
vn -0.99990000 0.01670000 -0.00000000
vn -0.99990000 0.01670000 -0.00000000
vn -0.98930000 0.14570000 -0.00000000
vn -0.98930000 0.14570000 -0.00000000
vn -0.96220000 0.27220000 -0.00000000
vn -0.96220000 0.27220000 -0.00000000
vn -0.91900000 0.39420000 -0.00000000
vn -0.91900000 0.39420000 -0.00000000
vn -0.86040000 0.50960000 -0.00000000
vn -0.86040000 0.50960000 -0.00000000
vn -0.78740000 0.61640000 -0.00000000
vn -0.78740000 0.61640000 -0.00000000
vn -0.70120000 0.71300000 -0.00000000
vn -0.70120000 0.71300000 -0.00000000
vn -0.60320000 0.79760000 -0.00000000
vn -0.60320000 0.79760000 -0.00000000
vn -0.49520000 0.86880000 -0.00000000
vn -0.49520000 0.86880000 -0.00000000
vn -0.37880000 0.92550000 -0.00000000
vn -0.37880000 0.92550000 -0.00000000
vn -0.25610000 0.96660000 -0.00000000
vn -0.25610000 0.96660000 -0.00000000
vn -0.12910000 0.99160000 -0.00000000
vn -0.12920000 0.99160000 -0.00000000
vn -0.00000000 1.00000000 -0.00000000
vn -0.00000000 1.00000000 -0.00000000
vn 0.12910000 0.99160000 -0.00000000
vn 0.12910000 0.99160000 -0.00000000
vn 0.25610000 0.96660000 -0.00000000
vn 0.25610000 0.96660000 -0.00000000
vn 0.37880000 0.92550000 -0.00000000
vn 0.37880000 0.92550000 -0.00000000
vn 0.49520000 0.86880000 -0.00000000
vn 0.49520000 0.86880000 -0.00000000
vn 0.60320000 0.79760000 -0.00000000
vn 0.60320000 0.79760000 -0.00000000
vn 0.70120000 0.71300000 -0.00000000
vn 0.70120000 0.71300000 -0.00000000
vn 0.78740000 0.61640000 -0.00000000
vn 0.78740000 0.61640000 -0.00000000
vn 0.86040000 0.50960000 -0.00000000
vn 0.86040000 0.50960000 -0.00000000
vn 0.91900000 0.39420000 -0.00000000
vn 0.91900000 0.39420000 -0.00000000
vn 0.96220000 0.27220000 -0.00000000
vn 0.96220000 0.27220000 -0.00000000
vn 0.98930000 0.14570000 -0.00000000
vn 0.98930000 0.14570000 -0.00000000
vn 0.99990000 0.01670000 -0.00000000
vn 0.99990000 0.01670000 -0.00000000
vn 0.99990000 -0.01670000 -0.00000000
vn 0.99990000 -0.01670000 -0.00000000
vn 0.98930000 -0.14570000 -0.00000000
vn 0.98930000 -0.14570000 -0.00000000
vn 0.96220000 -0.27220000 -0.00000000
vn 0.96220000 -0.27220000 -0.00000000
vn 0.91900000 -0.39420000 -0.00000000
vn 0.91900000 -0.39420000 -0.00000000
vn 0.86040000 -0.50960000 -0.00000000
vn 0.86040000 -0.50960000 -0.00000000
vn 0.78740000 -0.61640000 -0.00000000
vn 0.78740000 -0.61640000 -0.00000000
vn 0.70120000 -0.71300000 -0.00000000
vn 0.70120000 -0.71300000 -0.00000000
vn 0.60320000 -0.79760000 -0.00000000
vn 0.60320000 -0.79760000 -0.00000000
vn 0.49520000 -0.86880000 -0.00000000
vn 0.49520000 -0.86880000 -0.00000000
vn 0.37880000 -0.92550000 -0.00000000
vn 0.37880000 -0.92550000 -0.00000000
vn 0.25610000 -0.96660000 -0.00000000
vn 0.25610000 -0.96660000 -0.00000000
vn 0.12910000 -0.99160000 -0.00000000
vn 0.12920000 -0.99160000 -0.00000000
vn -0.00000000 -1.00000000 -0.00000000
vn -0.00000000 -1.00000000 -0.00000000
vn -0.12910000 -0.99160000 -0.00000000
vn -0.12910000 -0.99160000 -0.00000000
vn -0.25610000 -0.96660000 -0.00000000
vn -0.25610000 -0.96660000 -0.00000000
vn -0.37880000 -0.92550000 -0.00000000
vn -0.37880000 -0.92550000 -0.00000000
vn -0.49520000 -0.86880000 -0.00000000
vn -0.49520000 -0.86880000 -0.00000000
vn -0.60320000 -0.79760000 -0.00000000
vn -0.60320000 -0.79760000 -0.00000000
vn -0.70120000 -0.71300000 -0.00000000
vn -0.70120000 -0.71300000 -0.00000000
vn -0.78740000 -0.61640000 -0.00000000
vn -0.78740000 -0.61640000 -0.00000000
vn -0.86040000 -0.50960000 -0.00000000
vn -0.86040000 -0.50960000 -0.00000000
vn -0.91900000 -0.39420000 -0.00000000
vn -0.91900000 -0.39420000 -0.00000000
vn -0.96220000 -0.27220000 -0.00000000
vn -0.96220000 -0.27220000 -0.00000000
vn -0.98930000 -0.14570000 -0.00000000
vn -0.98930000 -0.14570000 -0.00000000
vn -0.99990000 -0.01670000 -0.00000000
vn -0.99990000 -0.01670000 -0.00000000
vn 0.99870000 0.00580000 0.04970000
vn 0.99320000 -0.00000000 0.11610000
vn 0.99860000 0.01730000 0.04970000
vn 0.98960000 0.08540000 0.11610000
vn 0.99990000 0.01670000 -0.00000000
vn 0.98930000 0.14570000 -0.00000000
vn 0.97850000 0.17020000 0.11610000
vn 0.96220000 0.27220000 -0.00000000
vn 0.96030000 0.25360000 0.11610000
vn 0.93500000 0.33520000 0.11610000
vn 0.94070000 0.24860000 0.23070000
vn 0.91600000 0.32840000 0.23060000
vn 0.90900000 0.23840000 0.34200000
vn 0.87100000 0.35260000 0.34200000
vn 0.99870000 0.00580000 0.04970000
vn 0.99870000 -0.00580000 0.04980000
vn 0.99320000 -0.00000000 0.11610000
vn 0.99860000 -0.01730000 0.04970000
vn 0.98960000 -0.08540000 0.11610000
vn 0.98930000 -0.14570000 -0.00000000
vn 0.97860000 -0.17010000 0.11610000
vn 0.96220000 -0.27220000 -0.00000000
vn 0.96030000 -0.25360000 0.11610000
vn 0.93490000 -0.33520000 0.11610000
vn 0.91600000 -0.32840000 0.23060000
vn 0.88430000 -0.40600000 0.23060000
vn 0.87100000 -0.35260000 0.34200000
vn 0.81880000 -0.46110000 0.34200000
vn 0.84600000 -0.48060000 0.23070000
vn 0.80170000 -0.55140000 0.23060000
vn 0.86370000 -0.49040000 0.11610000
vn 0.81830000 -0.56290000 0.11620000
vn 0.86040000 -0.50960000 -0.00000000
vn 0.78740000 -0.61640000 0.00010000
vn 0.99990000 -0.01670000 -0.00000000
vn 0.91900000 -0.39420000 -0.00000000
vn 0.90260000 -0.41440000 0.11610000
vn 0.76690000 -0.63110000 0.11610000
vn 0.70120000 -0.71300000 -0.00000000
vn 0.70990000 -0.69470000 0.11610000
vn 0.64750000 -0.75320000 0.11610000
vn 0.63430000 -0.73790000 0.23060000
vn 0.56860000 -0.78970000 0.23060000
vn 0.58590000 -0.73470000 0.34200000
vn 0.48710000 -0.80360000 0.34200000
vn 0.49850000 -0.83570000 0.23060000
vn 0.42490000 -0.87540000 0.23060000
vn 0.50890000 -0.85290000 0.11610000
vn 0.43370000 -0.89360000 0.11610000
vn 0.49520000 -0.86880000 -0.00000000
vn 0.37880000 -0.92550000 -0.00000000
vn 0.60320000 -0.79760000 -0.00000000
vn 0.58030000 -0.80610000 0.11610000
vn 0.35520000 -0.92750000 0.11610000
vn 0.25610000 -0.96660000 -0.00000000
vn 0.27420000 -0.95460000 0.11610000
vn 0.19120000 -0.97470000 0.11610000
vn 0.18720000 -0.95490000 0.23060000
vn 0.10450000 -0.96740000 0.23060000
vn 0.15000000 -0.92770000 0.34200000
vn 0.03010000 -0.93920000 0.34200000
vn 0.02090000 -0.97280000 0.23060000
vn -0.06280000 -0.97100000 0.23060000
vn 0.02140000 -0.99300000 0.11610000
vn -0.06410000 -0.99120000 0.11620000
vn -0.00000000 -1.00000000 -0.00000000
vn -0.12910000 -0.99160000 -0.00000000
vn 0.12910000 -0.99160000 -0.00000000
vn 0.10670000 -0.98750000 0.11610000
vn -0.25610000 -0.96660000 -0.00000000
vn -0.23290000 -0.96550000 0.11610000
vn -0.14910000 -0.98200000 0.11610000
vn -0.14600000 -0.96200000 0.23060000
vn -0.09020000 -0.93540000 0.34200000
vn -0.31500000 -0.94200000 0.11610000
vn -0.37880000 -0.92550000 -0.00000000
vn -0.39490000 -0.91140000 0.11610000
vn -0.47170000 -0.87410000 0.11610000
vn -0.46210000 -0.85630000 0.23060000
vn -0.53400000 -0.81340000 0.23060000
vn -0.43460000 -0.83310000 0.34200000
vn -0.53760000 -0.77070000 0.34200000
vn -0.60200000 -0.76450000 0.23060000
vn -0.63180000 -0.69560000 0.34200000
vn -0.66550000 -0.70990000 0.23060000
vn -0.72400000 -0.65010000 0.23060000
vn -0.67920000 -0.72470000 0.11610000
vn -0.73910000 -0.66350000 0.11610000
vn -0.70120000 -0.71300000 0.00010000
vn -0.78740000 -0.61640000 -0.00000000
vn -0.49520000 -0.86880000 -0.00000000
vn -0.54510000 -0.83030000 0.11620000
vn -0.60320000 -0.79760000 -0.00000000
vn -0.61450000 -0.78030000 0.11610000
vn -0.86040000 -0.50960000 -0.00000000
vn -0.84180000 -0.52720000 0.11610000
vn -0.79340000 -0.59750000 0.11610000
vn -0.77730000 -0.58540000 0.23060000
vn -0.71550000 -0.60910000 0.34200000
vn -0.88400000 -0.45280000 0.11610000
vn -0.91900000 -0.39420000 -0.00000000
vn -0.91970000 -0.37520000 0.11610000
vn -0.94850000 -0.29470000 0.11610000
vn -0.92920000 -0.28870000 0.23060000
vn -0.95060000 -0.20780000 0.23060000
vn -0.89180000 -0.29610000 0.34200000
vn -0.92240000 -0.17960000 0.34200000
vn -0.96500000 -0.12530000 0.23050000
vn -0.93780000 -0.06020000 0.34200000
vn -0.97210000 -0.04190000 0.23060000
vn -0.97210000 0.04190000 0.23060000
vn -0.99230000 -0.04270000 0.11610000
vn -0.99230000 0.04270000 0.11610000
vn -0.99860000 0.01730000 0.04970000
vn -0.98930000 0.14560000 -0.00000000
vn -0.99990000 0.01670000 -0.00000000
vn -0.96220000 -0.27220000 0.00010000
vn -0.97030000 -0.21210000 0.11610000
vn -0.98930000 -0.14570000 -0.00000000
vn -0.98500000 -0.12790000 0.11610000
vn -0.99990000 -0.01670000 -0.00000000
vn -0.99860000 -0.01730000 0.04970000
vn -0.99870000 -0.00580000 0.04970000
vn -0.99870000 0.00580000 0.04970000
vn -0.96220000 0.27220000 -0.00000000
vn -0.97030000 0.21210000 0.11610000
vn -0.98500000 0.12790000 0.11610000
vn -0.96500000 0.12530000 0.23050000
vn -0.93780000 0.06020000 0.34200000
vn -0.94850000 0.29470000 0.11610000
vn -0.91900000 0.39420000 -0.00000000
vn -0.91970000 0.37510000 0.11610000
vn -0.88400000 0.45280000 0.11610000
vn -0.86600000 0.44360000 0.23060000
vn -0.82470000 0.51640000 0.23060000
vn -0.78750000 0.51260000 0.34200000
vn -0.77730000 0.58540000 0.23060000
vn -0.71550000 0.60910000 0.34200000
vn -0.72400000 0.65010000 0.23060000
vn -0.63180000 0.69560000 0.34200000
vn -0.66550000 0.70990000 0.23060000
vn -0.60200000 0.76450000 0.23060000
vn -0.67930000 0.72460000 0.11610000
vn -0.61450000 0.78030000 0.11610000
vn -0.60320000 0.79760000 -0.00000000
vn -0.54510000 0.83030000 0.11610000
vn -0.49520000 0.86880000 -0.00000000
vn -0.47170000 0.87410000 0.11610000
vn -0.37880000 0.92550000 -0.00000000
vn -0.39490000 0.91140000 0.11610000
vn -0.31500000 0.94200000 0.11610000
vn -0.30860000 0.92280000 0.23060000
vn -0.22820000 0.94590000 0.23060000
vn -0.20910000 0.91610000 0.34200000
vn -0.14600000 0.96200000 0.23060000
vn -0.09020000 0.93540000 0.34200000
vn -0.06270000 0.97100000 0.23060000
vn 0.03010000 0.93920000 0.34200000
vn 0.02090000 0.97280000 0.23060000
vn 0.10450000 0.96740000 0.23060000
vn 0.02140000 0.99300000 0.11610000
vn 0.10670000 0.98750000 0.11610000
vn -0.00000000 1.00000000 -0.00000000
vn 0.12910000 0.99160000 -0.00000000
vn -0.86040000 0.50960000 -0.00000000
vn -0.84180000 0.52710000 0.11610000
vn -0.78740000 0.61640000 -0.00000000
vn -0.79340000 0.59750000 0.11610000
vn -0.73910000 0.66350000 0.11610000
vn -0.70120000 0.71300000 -0.00000000
vn -0.25610000 0.96660000 -0.00000000
vn -0.23290000 0.96550000 0.11610000
vn -0.12920000 0.99160000 -0.00000000
vn -0.14900000 0.98200000 0.11610000
vn -0.06410000 0.99120000 0.11620000
vn 0.19110000 0.97470000 0.11610000
vn 0.25610000 0.96660000 -0.00000000
vn 0.27420000 0.95460000 0.11610000
vn 0.35530000 0.92750000 0.11610000
vn 0.34800000 0.90870000 0.23060000
vn 0.42490000 0.87540000 0.23060000
vn 0.38040000 0.85930000 0.34200000
vn 0.48710000 0.80360000 0.34200000
vn 0.49850000 0.83570000 0.23060000
vn 0.56860000 0.78970000 0.23060000
vn 0.50890000 0.85290000 0.11610000
vn 0.58030000 0.80610000 0.11610000
vn 0.49520000 0.86880000 -0.00000000
vn 0.60320000 0.79760000 -0.00000000
vn 0.37880000 0.92550000 -0.00000000
vn 0.43370000 0.89350000 0.11620000
vn 0.64750000 0.75320000 0.11610000
vn 0.70120000 0.71300000 -0.00000000
vn 0.70990000 0.69470000 0.11610000
vn 0.76690000 0.63120000 0.11610000
vn 0.75130000 0.61830000 0.23060000
vn 0.80170000 0.55140000 0.23060000
vn 0.75310000 0.56200000 0.34200000
vn 0.81880000 0.46110000 0.34200000
vn 0.84610000 0.48050000 0.23060000
vn 0.88430000 0.40600000 0.23060000
vn 0.86370000 0.49040000 0.11610000
vn 0.90260000 0.41440000 0.11610000
vn 0.86040000 0.50960000 -0.00000000
vn 0.91900000 0.39420000 -0.00000000
vn 0.78740000 0.61640000 -0.00000000
vn 0.81830000 0.56290000 0.11610000
vn 0.93200000 0.12020000 0.34200000
vn 0.96950000 0.08360000 0.23060000
vn 0.93970000 -0.00000000 0.34200000
vn 0.97300000 -0.00000000 0.23100000
vn 0.96940000 -0.08360000 0.23060000
vn 0.96940000 -0.08370000 0.23060000
vn 0.95870000 0.16670000 0.23060000
vn 0.67500000 0.65370000 0.34200000
vn 0.69530000 0.68070000 0.23070000
vn 0.63430000 0.73790000 0.23060000
vn 0.58590000 0.73470000 0.34200000
vn 0.26740000 0.90090000 0.34200000
vn 0.26860000 0.93520000 0.23060000
vn 0.18730000 0.95490000 0.23060000
vn 0.15000000 0.92770000 0.34200000
vn -0.32450000 0.88190000 0.34200000
vn -0.38680000 0.89290000 0.23060000
vn -0.43460000 0.83310000 0.34200000
vn -0.46220000 0.85630000 0.23060000
vn -0.53400000 0.81340000 0.23060000
vn -0.53760000 0.77070000 0.34200000
vn -0.84660000 0.40770000 0.34200000
vn -0.90100000 0.36750000 0.23060000
vn -0.89180000 0.29610000 0.34200000
vn -0.92920000 0.28870000 0.23060000
vn -0.95060000 0.20780000 0.23060000
vn -0.92240000 0.17960000 0.34200000
vn -0.90100000 -0.36750000 0.23060000
vn -0.84660000 -0.40770000 0.34200000
vn -0.86600000 -0.44370000 0.23060000
vn -0.78750000 -0.51260000 0.34200000
vn -0.82470000 -0.51640000 0.23060000
vn -0.38680000 -0.89290000 0.23060000
vn -0.32450000 -0.88190000 0.34200000
vn -0.30860000 -0.92280000 0.23060000
vn -0.20910000 -0.91610000 0.34200000
vn -0.22820000 -0.94590000 0.23060000
vn 0.26740000 -0.90090000 0.34200000
vn 0.26860000 -0.93520000 0.23060000
vn 0.34800000 -0.90870000 0.23060000
vn 0.38040000 -0.85930000 0.34200000
vn 0.67500000 -0.65370000 0.34200000
vn 0.69530000 -0.68070000 0.23070000
vn 0.75130000 -0.61830000 0.23060000
vn 0.75310000 -0.56200000 0.34200000
vn 0.90900000 -0.23840000 0.34200000
vn 0.94080000 -0.24840000 0.23050000
vn 0.95870000 -0.16670000 0.23060000
vn 0.93200000 -0.12020000 0.34200000
vn 0.93970000 -0.00000000 0.34200000
vn -0.00000000 -0.95390000 0.30000000
vn 0.00010000 -0.81030000 0.58600000
vn -0.00000000 -0.95390000 0.30010000
vn -0.00010000 -0.74740000 0.66440000
vn -0.00000000 -0.59260000 0.80550000
vn -0.00000000 -0.40960000 0.91230000
vn -0.00000000 -0.30880000 0.95110000
vn -0.00000000 -0.00000000 1.00000000
vn -0.00000000 -0.00010000 1.00000000
vn -0.00000000 0.00010000 1.00000000
vn -0.00000000 0.30880000 0.95110000
vn -0.00000000 0.00010000 1.00000000
vn -0.00000000 0.40960000 0.91230000
vn -0.00000000 0.59250000 0.80550000
vn -0.00000000 0.74740000 0.66440000
vn -0.00000000 0.81040000 0.58590000
vn -0.00000000 0.95390000 0.30010000
vn -0.00000000 0.95390000 0.30000000
vn -0.00000000 0.00010000 1.00000000
vn 0.00190000 -0.00000000 1.00000000
vn -0.00000000 0.30950000 0.95090000
vn -0.00000000 0.40960000 0.91230000
vn -0.00000000 0.59320000 0.80500000
vn -0.00000000 0.74740000 0.66440000
vn -0.00000000 0.81060000 0.58560000
vn -0.00000000 0.95390000 0.30000000
vn -0.00000000 0.95390000 0.30000000
vn -0.00000000 -0.00000000 1.00000000
vn -0.00000000 -0.30950000 0.95090000
vn -0.00000000 -0.00000000 1.00000000
vn -0.00000000 -0.40960000 0.91230000
vn -0.00000000 -0.59320000 0.80500000
vn -0.00000000 -0.74740000 0.66440000
vn -0.00000000 -0.81060000 0.58560000
vn 0.00180000 -0.95390000 0.30000000
vn -0.00000000 -0.95390000 0.30000000
vn 0.08720000 -0.99620000 -0.00000000
vn 0.08720000 -0.99620000 -0.00000000
vn 0.42820000 -0.90370000 -0.00000000
vn 0.42820000 -0.90370000 -0.00000000
vn 0.71580000 -0.69840000 -0.00000000
vn 0.71580000 -0.69840000 -0.00000000
vn 0.91390000 -0.40590000 -0.00000000
vn 0.91390000 -0.40590000 -0.00000000
vn 0.08720000 -0.99620000 -0.00000000
vn 0.08720000 -0.99620000 -0.00000000
vn 0.42000000 -0.90750000 -0.00000000
vn 0.42000000 -0.90750000 -0.00000000
vn 0.70300000 -0.71110000 -0.00000000
vn 0.70300000 -0.71110000 -0.00000000
vn 0.90260000 -0.43040000 -0.00000000
vn 0.90260000 -0.43040000 -0.00000000
vn 0.08720000 -0.99620000 -0.00000000
vn 0.08720000 -0.99620000 -0.00000000
vn 0.41080000 -0.91170000 -0.00000000
vn 0.41080000 -0.91170000 -0.00000000
vn 0.68850000 -0.72520000 -0.00000000
vn 0.68850000 -0.72520000 -0.00000000
vn 0.88920000 -0.45760000 -0.00000000
vn 0.88920000 -0.45760000 -0.00000000
vn 0.08720000 -0.99620000 -0.00000000
vn 0.08720000 -0.99620000 -0.00000000
vn 0.40040000 -0.91630000 -0.00000000
vn 0.40040000 -0.91630000 -0.00000000
vn 0.67180000 -0.74070000 -0.00000000
vn 0.67180000 -0.74080000 -0.00000000
vn 0.87290000 -0.48780000 -0.00000000
vn 0.87290000 -0.48780000 -0.00000000
vn -0.03310000 -0.99950000 -0.00000000
vn -0.03310000 -0.99950000 -0.00000000
vn 0.13480000 -0.99090000 -0.00000000
vn 0.31340000 -0.94960000 -0.00000000
vn 0.34950000 -0.93690000 -0.00000000
vn 0.54700000 -0.83710000 -0.00000000
vn 0.62150000 -0.78340000 -0.00000000
vn 0.71790000 -0.69610000 0.00010000
vn 0.85340000 -0.52130000 -0.00000000
vn 0.85340000 -0.52120000 -0.00000000
vn 0.91390000 0.40580000 -0.00000000
vn 0.91390000 0.40590000 -0.00000000
vn 0.71570000 0.69840000 -0.00000000
vn 0.71580000 0.69840000 -0.00000000
vn 0.42820000 0.90370000 -0.00000000
vn 0.42820000 0.90370000 -0.00000000
vn 0.08720000 0.99620000 -0.00000000
vn 0.08720000 0.99620000 -0.00000000
vn 0.90260000 0.43040000 -0.00000000
vn 0.90260000 0.43040000 -0.00000000
vn 0.70300000 0.71120000 -0.00000000
vn 0.70300000 0.71110000 -0.00000000
vn 0.42000000 0.90750000 -0.00000000
vn 0.42000000 0.90750000 -0.00000000
vn 0.08720000 0.99620000 -0.00000000
vn 0.08720000 0.99620000 -0.00000000
vn 0.88920000 0.45760000 -0.00000000
vn 0.88920000 0.45760000 -0.00000000
vn 0.68850000 0.72520000 -0.00000000
vn 0.68850000 0.72520000 -0.00000000
vn 0.41080000 0.91170000 -0.00000000
vn 0.41080000 0.91170000 -0.00000000
vn 0.08720000 0.99620000 -0.00000000
vn 0.08720000 0.99620000 -0.00000000
vn 0.87290000 0.48780000 -0.00000000
vn 0.87290000 0.48780000 -0.00000000
vn 0.67180000 0.74080000 -0.00000000
vn 0.67180000 0.74070000 -0.00000000
vn 0.40040000 0.91630000 -0.00000000
vn 0.40040000 0.91630000 -0.00000000
vn 0.08720000 0.99620000 -0.00000000
vn 0.08720000 0.99620000 -0.00000000
vn 0.85340000 0.52120000 -0.00000000
vn 0.85340000 0.52120000 -0.00000000
vn 0.71790000 0.69610000 0.00010000
vn 0.62150000 0.78340000 -0.00000000
vn 0.54700000 0.83710000 -0.00000000
vn 0.31340000 0.94960000 -0.00000000
vn 0.34940000 0.93700000 -0.00000000
vn 0.13480000 0.99090000 0.00010000
vn -0.03310000 0.99950000 -0.00000000
vn -0.03320000 0.99940000 -0.00000000
vn -0.99620000 -0.08720000 -0.00000000
vn -0.99620000 -0.08720000 -0.00000000
vn -0.90370000 -0.42820000 -0.00000000
vn -0.90370000 -0.42820000 -0.00000000
vn -0.69840000 -0.71580000 -0.00000000
vn -0.69840000 -0.71580000 -0.00000000
vn -0.40590000 -0.91390000 -0.00000000
vn -0.40590000 -0.91390000 -0.00000000
vn -0.99620000 -0.08720000 -0.00000000
vn -0.99620000 -0.08720000 -0.00000000
vn -0.90750000 -0.42000000 -0.00000000
vn -0.90750000 -0.42000000 -0.00000000
vn -0.71110000 -0.70300000 -0.00000000
vn -0.71110000 -0.70300000 -0.00000000
vn -0.43040000 -0.90260000 -0.00000000
vn -0.43040000 -0.90260000 -0.00000000
vn -0.99620000 -0.08720000 -0.00000000
vn -0.99620000 -0.08720000 -0.00000000
vn -0.91170000 -0.41080000 -0.00000000
vn -0.91170000 -0.41080000 -0.00000000
vn -0.72520000 -0.68850000 -0.00000000
vn -0.72520000 -0.68850000 -0.00000000
vn -0.45760000 -0.88920000 -0.00000000
vn -0.45760000 -0.88920000 -0.00000000
vn -0.99620000 -0.08720000 -0.00000000
vn -0.99620000 -0.08720000 -0.00000000
vn -0.91630000 -0.40040000 -0.00000000
vn -0.91630000 -0.40040000 -0.00000000
vn -0.74070000 -0.67180000 -0.00000000
vn -0.74080000 -0.67180000 -0.00000000
vn -0.48780000 -0.87300000 -0.00000000
vn -0.48780000 -0.87290000 -0.00000000
vn 0.40580000 -0.91390000 -0.00000000
vn 0.40580000 -0.91390000 -0.00000000
vn 0.69840000 -0.71580000 -0.00000000
vn 0.69840000 -0.71570000 -0.00000000
vn 0.90370000 -0.42820000 -0.00000000
vn 0.90370000 -0.42820000 -0.00000000
vn 0.99620000 -0.08720000 -0.00000000
vn 0.99620000 -0.08720000 -0.00000000
vn 0.43040000 -0.90260000 -0.00000000
vn 0.43040000 -0.90260000 -0.00000000
vn 0.71120000 -0.70300000 -0.00000000
vn 0.71120000 -0.70300000 -0.00000000
vn 0.90750000 -0.42000000 -0.00000000
vn 0.90750000 -0.42000000 -0.00000000
vn 0.99620000 -0.08720000 -0.00000000
vn 0.99620000 -0.08720000 -0.00000000
vn 0.45760000 -0.88910000 -0.00000000
vn 0.45760000 -0.88910000 -0.00000000
vn 0.72520000 -0.68850000 -0.00000000
vn 0.72520000 -0.68850000 -0.00000000
vn 0.91170000 -0.41080000 -0.00000000
vn 0.91170000 -0.41080000 -0.00000000
vn 0.99620000 -0.08720000 -0.00000000
vn 0.99620000 -0.08720000 -0.00000000
vn 0.48780000 -0.87290000 -0.00000000
vn 0.48780000 -0.87300000 -0.00000000
vn 0.74080000 -0.67180000 -0.00000000
vn 0.74070000 -0.67180000 -0.00000000
vn 0.91630000 -0.40040000 -0.00000000
vn 0.91630000 -0.40040000 -0.00000000
vn 0.99620000 -0.08720000 -0.00000000
vn 0.99620000 -0.08720000 -0.00000000
vn 0.52120000 -0.85340000 -0.00000000
vn 0.52130000 -0.85340000 -0.00000000
vn 0.69620000 -0.71790000 -0.00000000
vn 0.78340000 -0.62150000 -0.00000000
vn 0.83710000 -0.54710000 -0.00000000
vn 0.94960000 -0.31340000 -0.00000000
vn 0.93700000 -0.34940000 -0.00000000
vn 0.99090000 -0.13480000 0.00010000
vn 0.99950000 0.03310000 -0.00000000
vn 0.99940000 0.03320000 -0.00000000
vn -0.00000000 -0.00000000 -1.00000000
vn -0.00000000 0.00020000 -1.00000000
vn -0.00000000 -0.00000000 -1.00000000
vn -0.00000000 0.00020000 -1.00000000
vn -0.00000000 -0.00000000 -1.00000000
vn -0.00000000 0.00020000 -1.00000000
vn -0.00000000 -0.00000000 -1.00000000
vn -0.00000000 0.00010000 -1.00000000
vn -0.00000000 -0.00000000 -1.00000000
vn -0.00000000 0.00010000 -1.00000000
vn -0.00000000 0.00010000 -1.00000000
vn -0.00000000 -0.00000000 -1.00000000
vn -0.00000000 -0.00000000 -1.00000000
vn -0.00000000 -0.00000000 -1.00000000
vn -0.00000000 -0.00000000 -1.00000000
vn -0.00000000 -0.00000000 -1.00000000
vn -0.00000000 -0.00000000 -1.00000000
vn -0.00000000 -0.00000000 -1.00000000
vn -0.00000000 -0.00000000 -1.00000000
vn -0.00000000 -0.00000000 -1.00000000
vn -0.00000000 -0.00000000 -1.00000000
vn -0.00000000 -0.00000000 -1.00000000
vn -0.00000000 -0.00000000 -1.00000000
vn -0.00000000 -0.00000000 -1.00000000
vn -0.00000000 -0.00000000 -1.00000000
vn -0.00000000 -0.00000000 -1.00000000
vn -0.00000000 -0.00000000 -1.00000000
vn -0.00000000 -0.00000000 -1.00000000
vn -0.00000000 -0.00000000 -1.00000000
vn -0.00000000 -0.00000000 -1.00000000
vn -0.00000000 -0.00000000 -1.00000000
vn -0.00000000 -0.00000000 -1.00000000
vn -0.00000000 -0.00000000 -1.00000000
vn -0.00000000 -0.00000000 -1.00000000
vn -0.00000000 -0.00000000 -1.00000000
vn -0.00000000 -0.00000000 -1.00000000
vn -0.00000000 -0.00000000 -1.00000000
vn -0.00000000 -0.00000000 -1.00000000
vn -0.00000000 -0.00000000 -1.00000000
vn -0.00000000 -0.00000000 -1.00000000
vn -0.00000000 -0.00000000 -1.00000000
vn -0.00000000 -0.00000000 -1.00000000
vn -0.00000000 -0.00000000 -1.00000000
vn -0.00000000 -0.00000000 -1.00000000
vn -0.00000000 0.00030000 -1.00000000
vn -0.00000000 -0.00000000 -1.00000000
vn -0.00000000 -0.00000000 -1.00000000
vn -0.00000000 0.00030000 -1.00000000
vn -0.00000000 -0.00000000 -1.00000000
vn -0.00000000 0.00030000 -1.00000000
vn -0.00000000 -0.00000000 -1.00000000
vn -0.00000000 -0.00000000 -1.00000000
vn -0.00000000 -0.00000000 -1.00000000
vn -0.00000000 -0.00000000 -1.00000000
vn -0.00000000 -0.00000000 -1.00000000
vn -0.00000000 -0.00000000 -1.00000000
vn -0.00000000 -0.00000000 -1.00000000
vn -0.00000000 -0.00000000 -1.00000000
vn -0.00000000 -0.00000000 -1.00000000
vn -0.00000000 -0.00000000 -1.00000000
vn -0.00000000 -0.00000000 -1.00000000
vn -0.00000000 -0.00000000 -1.00000000
vn -0.00000000 -0.00000000 -1.00000000
vn -0.00000000 -0.00000000 -1.00000000
vn -0.00000000 -0.00000000 -1.00000000
vn -0.00000000 -0.00000000 -1.00000000
vn -0.00000000 -0.00000000 -1.00000000
vn -0.00000000 -0.00000000 -1.00000000
vn -0.00000000 -0.00000000 -1.00000000
vn -0.00000000 -0.00000000 -1.00000000
vn -0.00000000 -0.00000000 -1.00000000
vn -0.00000000 -0.00000000 -1.00000000
vn -0.00000000 -0.00000000 -1.00000000
vn -0.00000000 -0.00000000 -1.00000000
vn -0.00000000 -0.00000000 -1.00000000
vn -0.00000000 -0.00000000 -1.00000000
vn -0.00000000 -0.00000000 -1.00000000
vn -0.00000000 -0.00000000 -1.00000000
vn -0.00000000 -0.00000000 -1.00000000
vn -0.00000000 -0.00000000 -1.00000000
vn -0.00000000 -0.00000000 -1.00000000
vn -0.00000000 -0.00000000 -1.00000000
vn -0.00000000 -0.00000000 -1.00000000
vn -0.00000000 -0.00000000 -1.00000000
vn -0.00000000 -0.00000000 -1.00000000
vn -0.00000000 -0.00000000 -1.00000000
vn -0.00000000 -0.00000000 -1.00000000
vn -0.00000000 -0.00000000 -1.00000000
vn -0.00000000 -0.00000000 -1.00000000
vn -0.00000000 -0.00000000 -1.00000000
vn -0.00000000 -0.00000000 -1.00000000
vn -0.00000000 -0.00000000 -1.00000000
vn -0.00000000 -0.00000000 -1.00000000
vn -0.48780000 -0.87300000 -0.00000000
vn -0.48780000 -0.87300000 -0.00000000
vn -0.38600000 -0.92250000 -0.00000000
vn -0.38600000 -0.92250000 -0.00000000
vn -0.27930000 -0.96020000 -0.00000000
vn -0.27930000 -0.96020000 -0.00000000
vn -0.16900000 -0.98560000 -0.00000000
vn -0.16900000 -0.98560000 -0.00000000
vn -0.05660000 -0.99840000 -0.00000000
vn -0.05660000 -0.99840000 -0.00000000
vn 0.05660000 -0.99840000 -0.00000000
vn 0.05660000 -0.99840000 -0.00000000
vn 0.16900000 -0.98560000 -0.00000000
vn 0.16900000 -0.98560000 -0.00000000
vn 0.27930000 -0.96020000 -0.00000000
vn 0.27930000 -0.96020000 -0.00000000
vn 0.38600000 -0.92250000 -0.00000000
vn 0.38600000 -0.92250000 -0.00000000
vn 0.48780000 -0.87300000 -0.00000000
vn 0.48780000 -0.87300000 -0.00000000
vn -0.00000000 -0.00000000 -1.00000000
vn -0.00000000 -0.00000000 -1.00000000
vn -0.00000000 -0.00000000 -1.00000000
vn -0.00000000 -0.00000000 -1.00000000
vn -0.00000000 -0.00000000 -1.00000000
vn -0.00000000 -0.00000000 -1.00000000
vn -0.00000000 -0.00000000 -1.00000000
vn -0.00000000 -0.00000000 -1.00000000
vn -0.00000000 -0.00000000 -1.00000000
vn -0.00000000 -0.00000000 -1.00000000
vn -0.00000000 -0.00000000 -1.00000000
vn -0.00000000 -0.00000000 -1.00000000
vn -0.00000000 -0.00000000 -1.00000000
vn -0.00000000 -0.00000000 -1.00000000
vn -0.00000000 -0.00000000 -1.00000000
vn -0.00000000 -0.00000000 -1.00000000
vn -0.00000000 -0.00000000 -1.00000000
vn -0.00000000 -0.00000000 -1.00000000
vn -0.00000000 -0.00000000 -1.00000000
vn -0.00000000 -0.00000000 -1.00000000
vn -0.00000000 -0.00000000 -1.00000000
vn -0.00000000 -0.00000000 -1.00000000
vn -0.00000000 -0.00000000 -1.00000000
vn -0.00000000 -0.00000000 -1.00000000
vn -0.00000000 -0.00000000 -1.00000000
vn -0.00000000 -0.00000000 -1.00000000
vn -0.00000000 -0.00000000 -1.00000000
vn -0.00000000 -0.00000000 -1.00000000
vn -0.00000000 -0.00000000 -1.00000000
vn -0.00000000 -0.00000000 -1.00000000
vn -0.43040000 -0.90260000 -0.00000000
vn -0.43040000 -0.90260000 -0.00000000
vn -0.32750000 -0.94480000 -0.00000000
vn -0.32750000 -0.94480000 -0.00000000
vn -0.22060000 -0.97540000 -0.00000000
vn -0.22060000 -0.97540000 -0.00000000
vn -0.11100000 -0.99380000 -0.00000000
vn -0.11100000 -0.99380000 -0.00000000
vn -0.00000000 -1.00000000 -0.00000000
vn -0.00000000 -1.00000000 -0.00000000
vn 0.11100000 -0.99380000 -0.00000000
vn 0.11100000 -0.99380000 -0.00000000
vn 0.22060000 -0.97540000 -0.00000000
vn 0.22060000 -0.97540000 -0.00000000
vn 0.32750000 -0.94480000 -0.00000000
vn 0.32750000 -0.94480000 -0.00000000
vn 0.43040000 -0.90260000 -0.00000000
vn 0.43040000 -0.90260000 -0.00000000
vn -0.00000000 -0.00000000 -1.00000000
vn -0.00000000 -0.00000000 -1.00000000
vn -0.00000000 -0.00000000 -1.00000000
vn -0.00000000 -0.00000000 -1.00000000
vn -0.00000000 -0.00000000 -1.00000000
vn -0.00000000 -0.00000000 -1.00000000
vn -0.00000000 -0.00000000 -1.00000000
vn -0.00000000 -0.00000000 -1.00000000
vn -0.00000000 -0.00000000 -1.00000000
vn -0.00000000 -0.00000000 -1.00000000
vn -0.00000000 -0.00000000 -1.00000000
vn -0.00000000 -0.00000000 -1.00000000
vn -0.00000000 -0.00000000 -1.00000000
vn -0.00000000 -0.00000000 -1.00000000
vn -0.00000000 -0.00000000 -1.00000000
vn -0.00000000 -0.00000000 -1.00000000
vn -0.00000000 -0.00000000 -1.00000000
vn -0.00000000 -0.00000000 -1.00000000
vn -0.00000000 -0.00000000 -1.00000000
vn -0.00000000 -0.00000000 -1.00000000
vn -0.00000000 -0.00000000 -1.00000000
vn -0.00000000 -0.00000000 -1.00000000
vn -0.00000000 -0.00000000 -1.00000000
vn -0.00000000 -0.00000000 -1.00000000
vn -0.00000000 -0.00000000 -1.00000000
vn -0.00000000 -0.00000000 -1.00000000
vn -0.00000000 -0.00000000 -1.00000000
vn -0.00000000 -0.00000000 -1.00000000
vn -0.00000000 -0.00000000 -1.00000000
vn -0.00000000 -0.00000000 -1.00000000
vn -0.00000000 -0.00000000 -1.00000000
vn -0.00000000 -0.00000000 -1.00000000
vn -0.00000000 -0.00000000 -1.00000000
vn -0.00000000 -0.00000000 -1.00000000
vn -0.00000000 -0.00000000 -1.00000000
vn -0.00000000 -0.00000000 -1.00000000
vn -0.00000000 -0.00000000 -1.00000000
vn -0.00000000 -0.00000000 -1.00000000
vn -0.00000000 -0.00000000 -1.00000000
vn -0.00000000 -0.00000000 -1.00000000
vn -0.00000000 -0.00000000 -1.00000000
vn -0.00000000 -0.00000000 -1.00000000
vn -0.00000000 -0.00000000 -1.00000000
vn -0.00000000 -0.00000000 -1.00000000
vn -0.00000000 -0.00000000 -1.00000000
vn -0.00000000 -0.00000000 -1.00000000
vn -0.00000000 -0.00000000 -1.00000000
vn -0.00000000 -0.00000000 -1.00000000
vn -0.00000000 -0.00000000 -1.00000000
vn -0.00000000 -0.00000000 -1.00000000
vn -0.00000000 -0.00000000 -1.00000000
vn -0.00000000 -0.00000000 -1.00000000
vn -0.00000000 -0.00000000 -1.00000000
vn -0.00000000 -0.00000000 -1.00000000
vn -0.00000000 -0.00000000 -1.00000000
vn -0.00000000 -0.00000000 -1.00000000
vn -0.00000000 -0.00000000 -1.00000000
vn -0.00000000 -0.00000000 -1.00000000
vn -0.00000000 -0.00000000 -1.00000000
vn -0.00000000 -0.00000000 -1.00000000
vn -0.00000000 -0.00000000 -1.00000000
vn -0.00000000 -0.00000000 -1.00000000
vn -0.00000000 -0.00000000 -1.00000000
vn -0.00000000 -0.00000000 -1.00000000
vn -0.00000000 -0.00000000 -1.00000000
vn -0.00000000 -0.00000000 -1.00000000
vn -0.00000000 -0.00000000 -1.00000000
vn -0.00000000 -0.00000000 -1.00000000
vn -0.00000000 -0.00000000 -1.00000000
vn -0.00000000 -0.00000000 -1.00000000
vn -0.00000000 -0.00000000 -1.00000000
vn -0.00000000 -0.00000000 -1.00000000
vn -0.00000000 -0.00000000 -1.00000000
vn -0.00000000 -0.00000000 -1.00000000
vn -0.00000000 -0.00000000 -1.00000000
vn -0.00000000 -0.00000000 -1.00000000
vn -0.00000000 -0.00000000 -1.00000000
vn -0.00000000 -0.00000000 -1.00000000
vn -0.00000000 -0.00000000 -1.00000000
vn -0.00000000 -0.00000000 -1.00000000
vn -0.00000000 -0.00000000 -1.00000000
vn -0.00000000 -0.00000000 -1.00000000
vn -0.00000000 -0.00000000 -1.00000000
vn -0.00000000 -0.00000000 -1.00000000
vn -0.00000000 -0.00000000 -1.00000000
vn -0.00000000 -0.00000000 -1.00000000
vn -0.00000000 -0.00000000 -1.00000000
vn -0.00000000 -0.00000000 -1.00000000
vn -0.00000000 -0.00000000 -1.00000000
vn -0.00000000 -0.00000000 -1.00000000
vn -0.00000000 -0.00000000 -1.00000000
vn -0.00000000 -0.00000000 -1.00000000
vn 0.00010000 -0.00010000 -1.00000000
vn -0.00000000 -0.00000000 -1.00000000
vn -0.00000000 0.00010000 -1.00000000
vn -0.00000000 -0.00010000 -1.00000000
vn -0.00000000 -0.00000000 -1.00000000
vn 0.00010000 -0.00010000 -1.00000000
vn -0.00000000 -0.00010000 -1.00000000
vn 0.00010000 -0.00010000 -1.00000000
vn -0.00000000 0.00010000 -1.00000000
vn -0.00000000 -0.00010000 -1.00000000
vn -0.00000000 0.00010000 -1.00000000
vn -0.00000000 -0.00000000 -1.00000000
vn -0.00000000 -0.00000000 -1.00000000
vn -0.00000000 -0.00000000 -1.00000000
vn -0.00000000 -0.00000000 -1.00000000
vn -0.00000000 -0.00000000 -1.00000000
vn -0.00000000 -0.00000000 -1.00000000
vn -0.00000000 -0.00000000 -1.00000000
vn -0.00000000 -0.00000000 -1.00000000
vn -0.00000000 -0.00000000 -1.00000000
vn -0.00000000 -0.00000000 -1.00000000
vn -0.00000000 -0.00000000 -1.00000000
vn -0.00000000 -0.00000000 -1.00000000
vn -0.00000000 -0.00000000 -1.00000000
vn -0.00000000 -0.00000000 -1.00000000
vn -0.00000000 -0.00000000 -1.00000000
vn -0.00000000 -0.00000000 -1.00000000
vn -0.00000000 -0.00000000 -1.00000000
vn -0.00000000 -0.00000000 -1.00000000
vn -0.00000000 -0.00000000 -1.00000000
vn -0.00000000 -0.00000000 -1.00000000
vn -0.00000000 -0.00000000 -1.00000000
vn -0.00000000 -0.00000000 -1.00000000
vn -0.00000000 -0.00000000 -1.00000000
vn -0.00000000 -0.00000000 -1.00000000
vn -0.00000000 -0.00000000 -1.00000000
vn -0.00000000 -0.00000000 -1.00000000
vn -0.00000000 -0.00000000 -1.00000000
vn -0.00000000 -0.00000000 -1.00000000
vn -0.00000000 -0.00000000 -1.00000000
vn -0.00000000 -0.00000000 -1.00000000
vn -0.00000000 -0.00000000 -1.00000000
vn -0.00000000 -0.00000000 -1.00000000
vn -0.00000000 -0.00000000 -1.00000000
vn -0.00000000 -0.00000000 -1.00000000
vn -0.00000000 -0.00000000 -1.00000000
vn -0.00000000 -0.00000000 -1.00000000
vn -0.00000000 -0.00000000 -1.00000000
vn -0.00000000 -0.00000000 -1.00000000
vn -0.00000000 -0.00000000 -1.00000000
vn -0.00000000 -0.00000000 -1.00000000
vn -0.00000000 -0.00000000 -1.00000000
vn -0.00000000 -0.00000000 -1.00000000
vn -0.00000000 -0.00000000 -1.00000000
vn -0.00000000 -0.00000000 -1.00000000
vn -0.00000000 -0.00000000 -1.00000000
vn -0.00000000 -0.00000000 -1.00000000
vn -0.00000000 -0.00000000 -1.00000000
vn -0.00000000 -0.00000000 -1.00000000
vn -0.00000000 -0.00000000 -1.00000000
vn -0.00000000 -0.00000000 -1.00000000
vn -0.00000000 -0.00000000 -1.00000000
vn -0.00000000 -0.00000000 -1.00000000
vn -0.00000000 -0.00000000 -1.00000000
vn -0.00000000 -0.00000000 -1.00000000
vn -0.00000000 -0.00000000 -1.00000000
vn -0.00000000 -0.00000000 -1.00000000
vn -0.00000000 -0.00000000 -1.00000000
vn -0.00000000 -0.00000000 -1.00000000
vn -0.00000000 -0.00000000 -1.00000000
vn -0.00000000 -0.00000000 -1.00000000
vn -0.00000000 -0.00000000 -1.00000000
vn 0.99620000 -0.08720000 -0.00000000
vn 0.99620000 -0.08720000 -0.00000000
vn 0.99620000 -0.08710000 -0.00000000
vn 0.99620000 -0.08720000 -0.00000000
vn 0.99620000 -0.08720000 -0.00000000
vn 0.99620000 -0.08710000 -0.00000000
vn 0.99620000 -0.08710000 -0.00000000
vn 0.99620000 -0.08720000 -0.00000000
vn 0.99620000 -0.08720000 -0.00000000
vn 0.99620000 -0.08720000 -0.00000000
vn 0.99620000 -0.08720000 -0.00000000
vn 0.99620000 -0.08720000 -0.00000000
vn 0.99620000 -0.08710000 -0.00000000
vn -0.40580000 -0.91390000 -0.00000000
vn -0.40580000 -0.91390000 -0.00000000
vn -0.30830000 -0.95130000 -0.00000000
vn -0.30830000 -0.95130000 -0.00000000
vn -0.20740000 -0.97830000 -0.00000000
vn -0.20740000 -0.97830000 -0.00000000
vn -0.10430000 -0.99450000 -0.00000000
vn -0.10430000 -0.99450000 -0.00000000
vn -0.00000000 -1.00000000 -0.00000000
vn -0.00000000 -1.00000000 -0.00000000
vn 0.10430000 -0.99450000 -0.00000000
vn 0.10430000 -0.99450000 -0.00000000
vn 0.20740000 -0.97830000 -0.00000000
vn 0.20740000 -0.97830000 -0.00000000
vn 0.30830000 -0.95130000 -0.00000000
vn 0.30830000 -0.95130000 -0.00000000
vn 0.40580000 -0.91390000 -0.00000000
vn 0.40580000 -0.91390000 -0.00000000
vn -0.99620000 -0.08720000 -0.00000000
vn -0.99620000 -0.08720000 -0.00000000
vn -0.99620000 -0.08710000 -0.00000000
vn -0.99620000 -0.08720000 -0.00000000
vn -0.99620000 -0.08710000 -0.00000000
vn -0.99620000 -0.08720000 -0.00000000
vn -0.99620000 -0.08710000 -0.00000000
vn -0.99620000 -0.08720000 -0.00000000
vn -0.99620000 -0.08710000 -0.00000000
vn -0.99620000 -0.08720000 -0.00000000
vn -0.99620000 -0.08720000 -0.00000000
vn -0.99620000 -0.08720000 -0.00000000
vn -0.99620000 -0.08720000 -0.00000000
vn 0.48620000 0.87380000 -0.00000000
vn 0.21400000 0.97680000 -0.00020000
vn 0.48620000 0.87380000 -0.00000000
vn 0.19720000 0.98040000 0.00050000
vn -0.07650000 0.99710000 -0.00000000
vn -0.11080000 0.99380000 0.00020000
vn -0.36050000 0.93280000 -0.00000000
vn -0.40810000 0.91290000 -0.00000000
vn -0.61390000 0.78940000 -0.00020000
vn -0.66670000 0.74530000 0.00020000
vn -0.81530000 0.57910000 -0.00020000
vn -0.86200000 0.50690000 0.00010000
vn -0.94750000 0.31970000 -0.00000000
vn -0.97540000 0.22030000 0.00010000
vn -0.99950000 0.03320000 -0.00000000
vn -0.99620000 -0.08710000 0.00180000
vn -1.00000000 -0.00690000 0.00010000
vn -0.99890000 -0.04700000 0.00010000
vn -0.99940000 0.03320000 -0.00000000
vn -0.99620000 -0.08720000 -0.00000000
vn 0.48620000 0.87380000 -0.00000000
vn 0.48620000 0.87380000 -0.00000000
vn 0.35480000 0.93490000 -0.00000000
vn 0.35480000 0.93490000 -0.00000000
vn 0.21590000 0.97640000 -0.00000000
vn 0.21590000 0.97640000 -0.00000000
vn 0.07250000 0.99740000 -0.00000000
vn 0.07250000 0.99740000 -0.00000000
vn -0.07250000 0.99740000 -0.00000000
vn -0.07250000 0.99740000 -0.00000000
vn -0.21590000 0.97640000 -0.00000000
vn -0.21590000 0.97640000 -0.00000000
vn -0.35480000 0.93490000 -0.00000000
vn -0.35480000 0.93490000 -0.00000000
vn -0.48620000 0.87380000 -0.00000000
vn -0.48620000 0.87380000 -0.00000000
vn -0.00000000 -0.00000000 -1.00000000
vn -0.00000000 -0.00000000 -1.00000000
vn -0.00000000 -0.00000000 -1.00000000
vn -0.00000000 -0.00000000 -1.00000000
vn -0.00000000 -0.00000000 -1.00000000
vn -0.00000000 -0.00000000 -1.00000000
vn -0.00000000 -0.00000000 -1.00000000
vn -0.00000000 -0.00000000 -1.00000000
vn -0.00000000 -0.00000000 -1.00000000
vn -0.00000000 -0.00000000 -1.00000000
vn -0.00000000 -0.00000000 -1.00000000
vn -0.00000000 -0.00000000 -1.00000000
vn -0.00000000 -0.00000000 -1.00000000
vn -0.00000000 -0.00000000 -1.00000000
vn -0.00000000 -0.00000000 -1.00000000
vn -0.00000000 -0.00000000 -1.00000000
vn -0.00000000 -0.00000000 -1.00000000
vn -0.00000000 -0.00000000 -1.00000000
vn -0.00000000 -0.00000000 -1.00000000
vn -0.00000000 -0.00000000 -1.00000000
vn -0.00000000 -0.00000000 -1.00000000
vn -0.00000000 -0.00000000 -1.00000000
vn -0.00000000 -0.00000000 -1.00000000
vn -0.00000000 -0.00000000 -1.00000000
vn -0.00000000 -0.00000000 -1.00000000
vn -0.00000000 -0.00000000 -1.00000000
vn -0.00000000 -0.00000000 -1.00000000
vn -0.00000000 -0.00000000 -1.00000000
vn -0.00000000 -0.00000000 -1.00000000
vn -0.00000000 -0.00000000 -1.00000000
vn 0.08720000 0.99620000 -0.00000000
vn 0.04700000 0.99890000 0.00010000
vn 0.08710000 0.99620000 -0.00000000
vn 0.00700000 1.00000000 -0.00020000
vn -0.03320000 0.99940000 -0.00000000
vn -0.22030000 0.97540000 -0.00000000
vn -0.03320000 0.99940000 -0.00140000
vn -0.31970000 0.94750000 -0.00020000
vn -0.50690000 0.86200000 0.00020000
vn -0.57910000 0.81530000 0.00010000
vn -0.74530000 0.66670000 0.00020000
vn -0.78940000 0.61390000 -0.00010000
vn -0.91290000 0.40810000 -0.00000000
vn -0.93280000 0.36050000 -0.00000000
vn -0.99380000 0.11080000 0.00020000
vn -0.99710000 0.07650000 -0.00010000
vn -0.98040000 -0.19710000 -0.00020000
vn -0.97680000 -0.21400000 -0.00020000
vn -0.87380000 -0.48620000 0.00030000
vn -0.87380000 -0.48620000 -0.00000000
vn 0.08720000 0.99620000 -0.00000000
vn 0.08720000 0.99620000 -0.00000000
vn 0.08720000 0.99620000 -0.00000000
vn 0.08720000 0.99620000 -0.00000000
vn 0.08710000 0.99620000 -0.00000000
vn 0.08720000 0.99620000 -0.00000000
vn 0.08710000 0.99620000 -0.00000000
vn 0.08720000 0.99620000 -0.00000000
vn 0.08710000 0.99620000 -0.00000000
vn 0.08710000 0.99620000 -0.00000000
vn 0.08720000 0.99620000 -0.00000000
vn 0.08720000 0.99620000 -0.00000000
vn 0.08720000 0.99620000 -0.00000000
vn 0.08720000 -0.99620000 -0.00000000
vn 0.08720000 -0.99620000 -0.00000000
vn 0.08710000 -0.99620000 -0.00000000
vn 0.08720000 -0.99620000 -0.00000000
vn 0.08720000 -0.99620000 -0.00000000
vn 0.08710000 -0.99620000 -0.00000000
vn 0.08720000 -0.99620000 -0.00000000
vn 0.08710000 -0.99620000 -0.00000000
vn 0.08710000 -0.99620000 -0.00000000
vn 0.08720000 -0.99620000 -0.00000000
vn 0.08720000 -0.99620000 -0.00000000
vn 0.08720000 -0.99620000 -0.00000000
vn 0.08720000 -0.99620000 -0.00000000
vn -0.87380000 0.48620000 -0.00000000
vn -0.97680000 0.21400000 -0.00020000
vn -0.87380000 0.48620000 -0.00000000
vn -0.98040000 0.19710000 -0.00010000
vn -0.99710000 -0.07650000 -0.00010000
vn -0.99380000 -0.11080000 0.00020000
vn -0.93280000 -0.36050000 -0.00000000
vn -0.91290000 -0.40820000 -0.00010000
vn -0.78940000 -0.61390000 -0.00010000
vn -0.74530000 -0.66670000 0.00020000
vn -0.57910000 -0.81530000 -0.00000000
vn -0.50690000 -0.86200000 0.00030000
vn -0.31970000 -0.94750000 0.00010000
vn -0.22030000 -0.97540000 -0.00000000
vn -0.03320000 -0.99950000 -0.00000000
vn 0.08710000 -0.99620000 0.00180000
vn 0.00700000 -1.00000000 -0.00000000
vn 0.04700000 -0.99890000 0.00010000
vn -0.03320000 -0.99940000 -0.00000000
vn 0.08720000 -0.99620000 -0.00000000
vn 0.99620000 0.08720000 -0.00000000
vn 0.99620000 0.08720000 -0.00000000
vn 0.90370000 0.42820000 -0.00000000
vn 0.90370000 0.42820000 -0.00000000
vn 0.69840000 0.71580000 -0.00000000
vn 0.69840000 0.71580000 -0.00000000
vn 0.40590000 0.91390000 -0.00000000
vn 0.40590000 0.91390000 -0.00000000
vn 0.99620000 0.08720000 -0.00000000
vn 0.99620000 0.08720000 -0.00000000
vn 0.90750000 0.42000000 -0.00000000
vn 0.90750000 0.42000000 -0.00000000
vn 0.71110000 0.70300000 -0.00000000
vn 0.71110000 0.70300000 -0.00000000
vn 0.43040000 0.90260000 -0.00000000
vn 0.43040000 0.90260000 -0.00000000
vn 0.99620000 0.08720000 -0.00000000
vn 0.99620000 0.08720000 -0.00000000
vn 0.91170000 0.41080000 -0.00000000
vn 0.91170000 0.41080000 -0.00000000
vn 0.72520000 0.68850000 -0.00000000
vn 0.72520000 0.68850000 -0.00000000
vn 0.45760000 0.88920000 -0.00000000
vn 0.45760000 0.88920000 -0.00000000
vn 0.99620000 0.08720000 -0.00000000
vn 0.99620000 0.08720000 -0.00000000
vn 0.91630000 0.40040000 -0.00000000
vn 0.91630000 0.40040000 -0.00000000
vn 0.74070000 0.67180000 -0.00000000
vn 0.74080000 0.67180000 -0.00000000
vn 0.48780000 0.87300000 -0.00000000
vn 0.48780000 0.87290000 -0.00000000
vn 0.99950000 -0.03310000 -0.00000000
vn 0.99950000 -0.03310000 -0.00000000
vn 0.99090000 0.13480000 -0.00000000
vn 0.94960000 0.31340000 -0.00000000
vn 0.93700000 0.34940000 -0.00000000
vn 0.83710000 0.54700000 -0.00000000
vn 0.78340000 0.62150000 -0.00000000
vn 0.69620000 0.71790000 0.00010000
vn 0.52130000 0.85340000 -0.00000000
vn 0.52120000 0.85340000 -0.00000000
vn -0.40580000 0.91390000 -0.00000000
vn -0.40580000 0.91390000 -0.00000000
vn -0.69840000 0.71580000 -0.00000000
vn -0.69840000 0.71570000 -0.00000000
vn -0.90370000 0.42820000 -0.00000000
vn -0.90370000 0.42820000 -0.00000000
vn -0.99620000 0.08720000 -0.00000000
vn -0.99620000 0.08720000 -0.00000000
vn -0.43040000 0.90260000 -0.00000000
vn -0.43040000 0.90260000 -0.00000000
vn -0.71120000 0.70300000 -0.00000000
vn -0.71120000 0.70300000 -0.00000000
vn -0.90750000 0.42000000 -0.00000000
vn -0.90750000 0.42000000 -0.00000000
vn -0.99620000 0.08720000 -0.00000000
vn -0.99620000 0.08720000 -0.00000000
vn -0.45760000 0.88910000 -0.00000000
vn -0.45760000 0.88910000 -0.00000000
vn -0.72520000 0.68850000 -0.00000000
vn -0.72520000 0.68850000 -0.00000000
vn -0.91170000 0.41080000 -0.00000000
vn -0.91170000 0.41080000 -0.00000000
vn -0.99620000 0.08720000 -0.00000000
vn -0.99620000 0.08720000 -0.00000000
vn -0.48780000 0.87290000 -0.00000000
vn -0.48780000 0.87300000 -0.00000000
vn -0.74080000 0.67180000 -0.00000000
vn -0.74070000 0.67180000 -0.00000000
vn -0.91630000 0.40040000 -0.00000000
vn -0.91630000 0.40040000 -0.00000000
vn -0.99620000 0.08720000 -0.00000000
vn -0.99620000 0.08720000 -0.00000000
vn -0.00000000 -0.00000000 -1.00000000
vn -0.00000000 -0.00000000 -1.00000000
vn -0.00000000 -0.00000000 -1.00000000
vn -0.00000000 -0.00000000 -1.00000000
vn -0.00000000 -0.00000000 -1.00000000
vn -0.00000000 -0.00000000 -1.00000000
vn -0.00000000 -0.00000000 -1.00000000
vn -0.00000000 -0.00000000 -1.00000000
vn -0.00000000 -0.00000000 -1.00000000
vn -0.00000000 -0.00000000 -1.00000000
vn -0.00000000 -0.00000000 -1.00000000
vn -0.00000000 -0.00000000 -1.00000000
vn -0.00000000 -0.00000000 -1.00000000
vn -0.00000000 -0.00000000 -1.00000000
vn -0.00000000 -0.00000000 -1.00000000
vn -0.00000000 -0.00000000 -1.00000000
vn -0.00000000 -0.00000000 -1.00000000
vn -0.00000000 -0.00000000 -1.00000000
vn -0.00000000 -0.00000000 -1.00000000
vn -0.00000000 -0.00000000 -1.00000000
vn -0.00000000 -0.00000000 -1.00000000
vn -0.00000000 -0.00000000 -1.00000000
vn -0.00000000 -0.00000000 -1.00000000
vn -0.00000000 -0.00000000 -1.00000000
vn -0.00000000 -0.00000000 -1.00000000
vn -0.00000000 -0.00000000 -1.00000000
vn -0.00000000 -0.00000000 -1.00000000
vn -0.00000000 -0.00000000 -1.00000000
vn -0.00000000 -0.00000000 -1.00000000
vn -0.00000000 -0.00000000 -1.00000000
vn -0.00000000 -0.00000000 -1.00000000
vn -0.00000000 -0.00000000 -1.00000000
vn -0.00000000 -0.00000000 -1.00000000
vn -0.00000000 -0.00000000 -1.00000000
vn -0.00000000 -0.00000000 -1.00000000
vn -0.00000000 -0.00000000 -1.00000000
vn -0.00000000 -0.00000000 -1.00000000
vn -0.00000000 -0.00000000 -1.00000000
vn -0.00000000 -0.00000000 -1.00000000
vn -0.00000000 -0.00000000 -1.00000000
vn -0.00000000 -0.00000000 -1.00000000
vn -0.00000000 -0.00000000 -1.00000000
vn 0.48780000 0.87300000 -0.00000000
vn 0.48780000 0.87300000 -0.00000000
vn 0.38600000 0.92250000 -0.00000000
vn 0.38600000 0.92250000 -0.00000000
vn 0.27930000 0.96020000 -0.00000000
vn 0.27930000 0.96020000 -0.00000000
vn 0.16900000 0.98560000 -0.00000000
vn 0.16900000 0.98560000 -0.00000000
vn 0.05660000 0.99840000 -0.00000000
vn 0.05660000 0.99840000 -0.00000000
vn -0.05660000 0.99840000 -0.00000000
vn -0.05660000 0.99840000 -0.00000000
vn -0.16900000 0.98560000 -0.00000000
vn -0.16900000 0.98560000 -0.00000000
vn -0.27930000 0.96020000 -0.00000000
vn -0.27930000 0.96020000 -0.00000000
vn -0.38600000 0.92250000 -0.00000000
vn -0.38600000 0.92250000 -0.00000000
vn -0.48780000 0.87300000 -0.00000000
vn -0.48780000 0.87300000 -0.00000000
vn -0.00000000 -0.00000000 -1.00000000
vn -0.00000000 -0.00000000 -1.00000000
vn -0.00000000 -0.00000000 -1.00000000
vn -0.00000000 -0.00000000 -1.00000000
vn -0.00000000 -0.00000000 -1.00000000
vn -0.00000000 -0.00000000 -1.00000000
vn -0.00000000 -0.00000000 -1.00000000
vn -0.00000000 -0.00000000 -1.00000000
vn -0.00000000 -0.00000000 -1.00000000
vn -0.00000000 -0.00000000 -1.00000000
vn -0.00000000 -0.00000000 -1.00000000
vn -0.00000000 -0.00000000 -1.00000000
vn -0.00000000 -0.00000000 -1.00000000
vn -0.00000000 -0.00000000 -1.00000000
vn -0.00000000 -0.00000000 -1.00000000
vn -0.00000000 -0.00000000 -1.00000000
vn -0.00000000 -0.00000000 -1.00000000
vn -0.00000000 -0.00000000 -1.00000000
vn -0.00000000 -0.00000000 -1.00000000
vn -0.00000000 -0.00000000 -1.00000000
vn -0.00000000 -0.00000000 -1.00000000
vn -0.00000000 -0.00000000 -1.00000000
vn -0.00000000 -0.00000000 -1.00000000
vn -0.00000000 -0.00000000 -1.00000000
vn -0.00000000 -0.00000000 -1.00000000
vn -0.00000000 -0.00000000 -1.00000000
vn -0.00000000 -0.00000000 -1.00000000
vn -0.00000000 -0.00000000 -1.00000000
vn -0.00000000 -0.00000000 -1.00000000
vn -0.00000000 -0.00000000 -1.00000000
vn 0.43040000 0.90260000 -0.00000000
vn 0.43040000 0.90260000 -0.00000000
vn 0.32750000 0.94480000 -0.00000000
vn 0.32750000 0.94480000 -0.00000000
vn 0.22060000 0.97540000 -0.00000000
vn 0.22060000 0.97540000 -0.00000000
vn 0.11100000 0.99380000 -0.00000000
vn 0.11100000 0.99380000 -0.00000000
vn -0.00000000 1.00000000 -0.00000000
vn -0.00000000 1.00000000 -0.00000000
vn -0.11100000 0.99380000 -0.00000000
vn -0.11100000 0.99380000 -0.00000000
vn -0.22060000 0.97540000 -0.00000000
vn -0.22060000 0.97540000 -0.00000000
vn -0.32750000 0.94480000 -0.00000000
vn -0.32750000 0.94480000 -0.00000000
vn -0.43040000 0.90260000 -0.00000000
vn -0.43040000 0.90260000 -0.00000000
vn -0.00000000 -0.00000000 -1.00000000
vn -0.00000000 -0.00000000 -1.00000000
vn -0.00000000 -0.00000000 -1.00000000
vn -0.00000000 -0.00000000 -1.00000000
vn -0.00000000 -0.00000000 -1.00000000
vn -0.00000000 -0.00000000 -1.00000000
vn -0.00000000 -0.00000000 -1.00000000
vn -0.00000000 -0.00000000 -1.00000000
vn -0.00000000 -0.00000000 -1.00000000
vn -0.00000000 -0.00000000 -1.00000000
vn -0.00000000 -0.00000000 -1.00000000
vn -0.00000000 -0.00000000 -1.00000000
vn -0.00000000 -0.00000000 -1.00000000
vn -0.00000000 -0.00000000 -1.00000000
vn -0.00000000 -0.00000000 -1.00000000
vn -0.00000000 -0.00000000 -1.00000000
vn -0.00000000 -0.00000000 -1.00000000
vn -0.00000000 -0.00000000 -1.00000000
vn -0.00000000 -0.00000000 -1.00000000
vn -0.00000000 -0.00000000 -1.00000000
vn -0.00000000 -0.00000000 -1.00000000
vn -0.00000000 -0.00000000 -1.00000000
vn -0.00000000 -0.00000000 -1.00000000
vn -0.00000000 -0.00000000 -1.00000000
vn -0.00000000 -0.00000000 -1.00000000
vn -0.00000000 -0.00000000 -1.00000000
vn -0.00000000 -0.00000000 -1.00000000
vn -0.00000000 -0.00000000 -1.00000000
vn -0.00000000 -0.00000000 -1.00000000
vn -0.00000000 -0.00000000 -1.00000000
vn -0.00000000 -0.00000000 -1.00000000
vn -0.00000000 -0.00000000 -1.00000000
vn -0.00000000 -0.00000000 -1.00000000
vn -0.00000000 -0.00000000 -1.00000000
vn -0.00000000 -0.00000000 -1.00000000
vn -0.00000000 -0.00000000 -1.00000000
vn -0.00000000 -0.00000000 -1.00000000
vn -0.00000000 -0.00000000 -1.00000000
vn -0.00000000 -0.00000000 -1.00000000
vn -0.00000000 -0.00000000 -1.00000000
vn -0.00000000 -0.00000000 -1.00000000
vn -0.00000000 -0.00000000 -1.00000000
vn -0.00000000 -0.00000000 -1.00000000
vn -0.00000000 -0.00000000 -1.00000000
vn -0.00000000 -0.00000000 -1.00000000
vn -0.00000000 -0.00000000 -1.00000000
vn -0.00000000 -0.00000000 -1.00000000
vn -0.00000000 -0.00000000 -1.00000000
vn -0.00000000 -0.00000000 -1.00000000
vn -0.00000000 -0.00000000 -1.00000000
vn -0.00000000 -0.00000000 -1.00000000
vn -0.00000000 -0.00000000 -1.00000000
vn -0.00000000 -0.00000000 -1.00000000
vn -0.00000000 -0.00000000 -1.00000000
vn -0.00000000 -0.00000000 -1.00000000
vn -0.00000000 -0.00000000 -1.00000000
vn -0.00000000 -0.00000000 -1.00000000
vn -0.00000000 -0.00000000 -1.00000000
vn -0.00000000 -0.00000000 -1.00000000
vn -0.00000000 -0.00000000 -1.00000000
vn -0.00000000 -0.00000000 -1.00000000
vn -0.99620000 0.08720000 -0.00000000
vn -0.99890000 0.04700000 0.00010000
vn -0.99620000 0.08710000 -0.00000000
vn -1.00000000 0.00700000 0.00010000
vn -0.99940000 -0.03320000 -0.00000000
vn -0.97540000 -0.22030000 0.00010000
vn -0.99940000 -0.03320000 -0.00140000
vn -0.94750000 -0.31970000 -0.00000000
vn -0.86200000 -0.50690000 0.00010000
vn -0.81530000 -0.57910000 -0.00000000
vn -0.66670000 -0.74530000 0.00010000
vn -0.61390000 -0.78940000 -0.00010000
vn -0.40820000 -0.91290000 -0.00000000
vn -0.36050000 -0.93280000 0.00010000
vn -0.11080000 -0.99380000 -0.00000000
vn -0.07650000 -0.99710000 -0.00000000
vn 0.19720000 -0.98040000 0.00050000
vn 0.21400000 -0.97680000 -0.00020000
vn 0.48620000 -0.87380000 0.00030000
vn 0.48620000 -0.87380000 -0.00000000
vn -0.99620000 0.08720000 -0.00000000
vn -0.99620000 0.08720000 -0.00000000
vn -0.99620000 0.08720000 -0.00000000
vn -0.99620000 0.08710000 -0.00000000
vn -0.99620000 0.08720000 -0.00000000
vn -0.99620000 0.08710000 -0.00000000
vn -0.99620000 0.08720000 -0.00000000
vn -0.99620000 0.08710000 -0.00000000
vn -0.99620000 0.08720000 -0.00000000
vn -0.99620000 0.08720000 -0.00000000
vn -0.99620000 0.08720000 -0.00000000
vn -0.99620000 0.08720000 -0.00000000
vn -0.99620000 0.08710000 -0.00000000
vn 0.40580000 0.91390000 -0.00000000
vn 0.40580000 0.91390000 -0.00000000
vn 0.30830000 0.95130000 -0.00000000
vn 0.30830000 0.95130000 -0.00000000
vn 0.20740000 0.97830000 -0.00000000
vn 0.20740000 0.97830000 -0.00000000
vn 0.10430000 0.99450000 -0.00000000
vn 0.10430000 0.99450000 -0.00000000
vn -0.00000000 1.00000000 -0.00000000
vn -0.00000000 1.00000000 -0.00000000
vn -0.10430000 0.99450000 -0.00000000
vn -0.10430000 0.99450000 -0.00000000
vn -0.20740000 0.97830000 -0.00000000
vn -0.20740000 0.97830000 -0.00000000
vn -0.30830000 0.95130000 -0.00000000
vn -0.30830000 0.95130000 -0.00000000
vn -0.40580000 0.91390000 -0.00000000
vn -0.40580000 0.91390000 -0.00000000
vn 0.99620000 0.08720000 -0.00000000
vn 0.99620000 0.08720000 -0.00000000
vn 0.99620000 0.08720000 -0.00000000
vn 0.99620000 0.08710000 -0.00000000
vn 0.99620000 0.08710000 -0.00000000
vn 0.99620000 0.08720000 -0.00000000
vn 0.99620000 0.08720000 -0.00000000
vn 0.99620000 0.08710000 -0.00000000
vn 0.99620000 0.08710000 -0.00000000
vn 0.99620000 0.08720000 -0.00000000
vn 0.99620000 0.08720000 -0.00000000
vn 0.99620000 0.08720000 -0.00000000
vn 0.99620000 0.08720000 -0.00000000
vn -0.48630000 -0.87380000 -0.00000000
vn -0.48620000 -0.87380000 -0.00000000
vn -0.35480000 -0.93490000 -0.00000000
vn -0.35480000 -0.93490000 -0.00000000
vn -0.21590000 -0.97640000 -0.00000000
vn -0.21590000 -0.97640000 -0.00000000
vn -0.07250000 -0.99740000 -0.00000000
vn -0.07250000 -0.99740000 -0.00000000
vn 0.07250000 -0.99740000 -0.00000000
vn 0.07250000 -0.99740000 -0.00000000
vn 0.21590000 -0.97640000 -0.00000000
vn 0.21590000 -0.97640000 -0.00000000
vn 0.35480000 -0.93490000 -0.00000000
vn 0.35480000 -0.93490000 -0.00000000
vn 0.48630000 -0.87380000 -0.00000000
vn 0.48620000 -0.87380000 -0.00000000
vn -0.00000000 -1.00000000 -0.00000000
vn -0.00000000 -1.00000000 -0.00000000
vn -0.00000000 -1.00000000 -0.00000000
vn -0.00000000 -1.00000000 -0.00000000
vn -0.00000000 -1.00000000 -0.00000000
vn -0.00000000 -1.00000000 -0.00000000
vn -0.00000000 -1.00000000 -0.00000000
vn -0.00000000 -1.00000000 -0.00000000
vn -0.00000000 1.00000000 -0.00000000
vn -0.00000000 1.00000000 -0.00000000
vn -0.00000000 1.00000000 -0.00000000
vn -0.00000000 1.00000000 -0.00000000
vn -0.00000000 1.00000000 -0.00000000
vn -0.00000000 1.00000000 -0.00000000
vn -0.00000000 1.00000000 -0.00000000
vn -0.00000000 1.00000000 -0.00000000
vn -0.00000000 -0.00000000 1.00000000
vn 0.00010000 -0.00000000 1.00000000
vn -0.00000000 0.37930000 0.92530000
vn 0.00020000 0.38270000 0.92390000
vn -0.00000000 0.70330000 0.71090000
vn -0.00030000 0.70710000 0.70710000
vn -0.00000000 0.92210000 0.38690000
vn 0.00010000 0.92390000 0.38260000
vn -0.00000000 1.00000000 -0.00000000
vn -0.00000000 1.00000000 -0.00000000
vn -0.00000000 -0.00000000 1.00000000
vn -0.00000000 -0.00000000 1.00000000
vn -0.00000000 -0.00000000 1.00000000
vn -0.00000000 -0.00000000 1.00000000
vn -0.00000000 -0.00000000 1.00000000
vn -0.00000000 -0.00000000 1.00000000
vn -0.00000000 -0.00000000 1.00000000
vn -0.00000000 -0.00000000 1.00000000
vn -0.00000000 -0.00000000 1.00000000
vn -0.00000000 -0.00000000 1.00000000
vn -0.00000000 -0.00000000 1.00000000
vn -0.00000000 -0.00000000 1.00000000
vn 0.00010000 -0.92390000 0.38260000
vn -0.00000000 -0.92210000 0.38690000
vn -0.00030000 -0.70710000 0.70710000
vn -0.00000000 -0.70330000 0.71090000
vn 0.00020000 -0.38270000 0.92390000
vn -0.00000000 -0.37930000 0.92530000
vn -0.00000000 -0.00000000 1.00000000
vn -0.00000000 -0.00000000 1.00000000
vn -0.00000000 -0.00010000 -1.00000000
vn -0.00060000 -0.00000000 -1.00000000
vn -0.00000000 -0.38740000 -0.92190000
vn -0.00000000 -0.38280000 -0.92390000
vn 0.00020000 -0.70710000 -0.70710000
vn -0.00000000 -0.71250000 -0.70170000
vn -0.00000000 -0.92390000 -0.38270000
vn -0.00000000 -0.92940000 -0.36920000
vn -0.00000000 -1.00000000 -0.00000000
vn -0.00000000 -1.00000000 -0.00000000
vn -0.00000000 -0.00000000 -1.00000000
vn -0.00000000 -0.00000000 -1.00000000
vn -0.00000000 -0.00000000 -1.00000000
vn -0.00000000 -0.00000000 -1.00000000
vn -0.00000000 -0.00000000 -1.00000000
vn -0.00000000 -0.00000000 -1.00000000
vn -0.00000000 -0.00000000 -1.00000000
vn -0.00000000 -0.31210000 -0.95000000
vn -0.00000000 -0.00000000 -1.00000000
vn -0.00000000 -0.40890000 -0.91260000
vn -0.00000000 -0.59530000 -0.80350000
vn -0.00000000 -0.74630000 -0.66560000
vn -0.00000000 -0.81270000 -0.58260000
vn -0.00000000 -0.95320000 -0.30230000
vn -0.00000000 -0.95320000 -0.30230000
vn -0.00000000 -0.00000000 -1.00000000
vn -0.00000000 -0.00000000 -1.00000000
vn -0.00000000 -0.31330000 -0.94970000
vn -0.00000000 -0.40890000 -0.91260000
vn -0.00000000 -0.59670000 -0.80240000
vn -0.00000000 -0.74630000 -0.66560000
vn -0.00000000 -0.81320000 -0.58200000
vn -0.00000000 -0.95320000 -0.30230000
vn -0.00000000 -0.95320000 -0.30230000
vn -0.00000000 -0.00000000 -1.00000000
vn -0.00000000 -0.00000000 -1.00000000
vn -0.00000000 -0.00000000 -1.00000000
vn -0.00000000 -0.00000000 -1.00000000
vn -0.00000000 -0.00000000 -1.00000000
vn -0.00000000 -0.00000000 -1.00000000
vn -0.00000000 0.95320000 -0.30230000
vn -0.00000000 0.95320000 -0.30230000
vn -0.00000000 0.81320000 -0.58200000
vn -0.00000000 0.74630000 -0.66560000
vn -0.00000000 0.59670000 -0.80250000
vn -0.00000000 0.40890000 -0.91260000
vn -0.00000000 0.31330000 -0.94970000
vn -0.00000000 -0.00000000 -1.00000000
vn -0.00000000 -0.00000000 -1.00000000
vn -0.00000000 0.95320000 -0.30230000
vn -0.00000000 0.81270000 -0.58260000
vn -0.00000000 0.95320000 -0.30240000
vn -0.00000000 0.74630000 -0.66560000
vn -0.00000000 0.59530000 -0.80350000
vn -0.00000000 0.40890000 -0.91260000
vn -0.00000000 0.31210000 -0.95000000
vn -0.00000000 -0.00000000 -1.00000000
vn -0.00000000 -0.00000000 -1.00000000
vn -0.00000000 -0.00000000 -1.00000000
vn -0.00000000 -0.00000000 -1.00000000
vn -0.00000000 -0.00000000 -1.00000000
vn -0.00000000 -0.00000000 -1.00000000
vn -0.00000000 -0.00000000 -1.00000000
vn -0.00000000 -0.00000000 -1.00000000
vn -0.00000000 1.00000000 -0.00000000
vn 0.00130000 1.00000000 -0.00000000
vn -0.00000000 0.92940000 -0.36920000
vn -0.00000000 0.92390000 -0.38270000
vn -0.00000000 0.71240000 -0.70170000
vn 0.00010000 0.70710000 -0.70710000
vn -0.00000000 0.38730000 -0.92190000
vn 0.00020000 0.38260000 -0.92390000
vn -0.00000000 0.00010000 -1.00000000
vn -0.00000000 -0.00000000 -1.00000000
vn -0.00000000 -0.00000000 1.00000000
vn -0.00000000 -0.00000000 1.00000000
vn -0.00000000 -0.00000000 1.00000000
vn -0.00000000 -0.00000000 1.00000000
vn -0.00000000 -0.00000000 1.00000000
vn -0.00000000 -0.00000000 1.00000000
vn -0.00000000 -0.00000000 1.00000000
vn -0.00000000 -0.00000000 1.00000000
vn -0.00000000 -0.00000000 1.00000000
vn -0.00000000 -0.00000000 1.00000000
vn -0.00000000 -0.00000000 1.00000000
vn -0.00000000 -0.00000000 1.00000000
vn -0.00000000 -0.00000000 1.00000000
vn -0.00000000 -0.00000000 1.00000000
vn -0.00000000 -0.00000000 1.00000000
vn -0.00000000 -0.00000000 1.00000000
vn -0.00000000 -0.00000000 1.00000000
vn -0.00000000 -0.00000000 1.00000000
vn -0.00000000 -0.00000000 1.00000000
vn -0.00000000 -0.00000000 1.00000000
vn -0.00000000 -0.00000000 1.00000000
vn -0.00000000 -0.00000000 1.00000000
vn -0.00000000 -0.00000000 1.00000000
vn -0.00000000 -0.00000000 1.00000000
vn -0.00000000 -0.00000000 1.00000000
vn -0.00000000 -0.00000000 1.00000000
vn -0.00000000 -0.00000000 1.00000000
vn -0.00000000 -0.00000000 1.00000000
vn -0.00000000 -0.00000000 1.00000000
vn -0.00000000 -0.00000000 1.00000000
vn -0.00000000 -0.00000000 1.00000000
vn -0.00000000 -0.00000000 1.00000000
vn -0.00000000 -0.00000000 1.00000000
vn -0.00000000 -0.00000000 1.00000000
vn -0.00000000 -0.00000000 1.00000000
vn -0.92230000 -0.38650000 -0.00000000
vn -0.78470000 -0.61980000 -0.00000000
vn -0.87610000 -0.48210000 -0.00000000
vn -0.82130000 -0.57040000 -0.00000000
vn -0.70620000 -0.70800000 -0.00000000
vn -0.58960000 -0.80770000 -0.00000000
vn -0.59270000 -0.80550000 -0.00000000
vn -0.47960000 -0.87750000 -0.00000000
vn -0.35130000 -0.93630000 -0.00000000
vn -0.37160000 -0.92840000 -0.00000000
vn -0.27300000 -0.96200000 -0.00000000
vn -0.08720000 -0.99620000 -0.00000000
vn -0.08710000 -0.99620000 -0.00000000
vn -0.08720000 -0.99620000 -0.00000000
vn -0.08720000 -0.99620000 -0.00000000
vn -0.08720000 -0.99620000 -0.00000000
vn -0.08720000 -0.99620000 -0.00000000
vn -0.08720000 -0.99620000 -0.00000000
vn -0.08720000 -0.99620000 -0.00000000
vn -0.08720000 -0.99620000 -0.00000000
vn -0.08710000 -0.99620000 -0.00000000
vn -0.08720000 -0.99620000 0.00160000
vn -0.20970000 -0.97780000 -0.00000000
vn -0.35840000 -0.93360000 -0.00000000
vn -0.35010000 -0.93670000 -0.00000000
vn -0.51730000 -0.85580000 -0.00000000
vn -0.60180000 -0.79860000 -0.00000000
vn -0.61080000 -0.79180000 -0.00000000
vn -0.70710000 -0.70710000 0.00010000
vn -0.79860000 -0.60180000 -0.00000000
vn -0.79180000 -0.61080000 -0.00000000
vn -0.85580000 -0.51730000 -0.00000000
vn -0.93360000 -0.35840000 -0.00000000
vn -0.93670000 -0.35000000 -0.00000000
vn -0.97780000 -0.20970000 -0.00000000
vn -0.99620000 -0.08720000 -0.00000000
vn -0.99620000 -0.08720000 -0.00000000
vn -0.99620000 -0.08710000 -0.00000000
vn -0.99620000 -0.08720000 -0.00000000
vn -0.99620000 -0.08710000 -0.00000000
vn -0.99620000 -0.08710000 -0.00000000
vn -0.99620000 -0.08720000 -0.00000000
vn -0.99620000 -0.08720000 -0.00000000
vn -0.99620000 -0.08720000 -0.00000000
vn -0.99620000 -0.08720000 -0.00000000
vn -0.99620000 -0.08720000 -0.00000000
vn -0.38650000 -0.92230000 -0.00000000
vn -0.48220000 -0.87610000 -0.00000000
vn -0.61980000 -0.78480000 -0.00000000
vn -0.57040000 -0.82130000 -0.00000000
vn -0.70800000 -0.70620000 -0.00000000
vn -0.80770000 -0.58960000 -0.00000000
vn -0.80550000 -0.59260000 -0.00000000
vn -0.87750000 -0.47960000 -0.00000000
vn -0.93630000 -0.35130000 -0.00000000
vn -0.92840000 -0.37160000 -0.00000000
vn -0.96200000 -0.27300000 -0.00000000
vn -0.99620000 -0.08710000 -0.00000000
vn -0.99620000 -0.08720000 -0.00000000
vn -0.00000000 -0.00000000 1.00000000
vn -0.00000000 -0.00000000 1.00000000
vn -0.00000000 -0.00000000 1.00000000
vn -0.00000000 -0.00000000 1.00000000
vn -0.00000000 -0.00000000 1.00000000
vn -0.00000000 -0.00000000 1.00000000
vn -0.00000000 -0.00000000 1.00000000
vn -0.00000000 -0.00000000 1.00000000
vn -0.00000000 -0.00000000 1.00000000
vn -0.00000000 -0.00000000 1.00000000
vn -0.00000000 -0.00000000 1.00000000
vn -0.00000000 -0.00000000 1.00000000
vn -0.00000000 -0.00000000 1.00000000
vn -0.00000000 -0.00000000 1.00000000
vn -0.00000000 -0.00000000 1.00000000
vn -0.00000000 -0.00000000 1.00000000
vn -0.00000000 -0.00000000 1.00000000
vn -0.00000000 -0.00000000 1.00000000
vn -0.00000000 -0.00000000 1.00000000
vn -0.00000000 -0.00000000 1.00000000
vn -0.00000000 -0.00000000 1.00000000
vn -0.00000000 -0.00000000 1.00000000
vn -0.00000000 -0.00000000 1.00000000
vn -0.00000000 -0.00000000 1.00000000
vn -0.00000000 -0.00000000 1.00000000
vn -0.00000000 -0.00000000 1.00000000
vn -0.00000000 -0.00000000 1.00000000
vn -0.00000000 -0.00000000 1.00000000
vn -0.00000000 -0.00000000 1.00000000
vn -0.00000000 -0.00000000 1.00000000
vn -0.00000000 -0.00000000 1.00000000
vn -0.00000000 -0.00000000 1.00000000
vn -0.00000000 -0.00000000 1.00000000
vn -0.00000000 -0.00000000 1.00000000
vn -0.00000000 -0.00000000 1.00000000
vn -0.38650000 0.92230000 -0.00000000
vn -0.61980000 0.78470000 -0.00000000
vn -0.48220000 0.87610000 -0.00000000
vn -0.57040000 0.82130000 -0.00000000
vn -0.70800000 0.70620000 -0.00000000
vn -0.80770000 0.58960000 -0.00000000
vn -0.80550000 0.59270000 -0.00000000
vn -0.87750000 0.47960000 -0.00000000
vn -0.93630000 0.35130000 -0.00000000
vn -0.92840000 0.37160000 -0.00000000
vn -0.96200000 0.27300000 -0.00000000
vn -0.99620000 0.08720000 -0.00000000
vn -0.99620000 0.08710000 -0.00000000
vn -0.99620000 0.08720000 -0.00000000
vn -0.99620000 0.08720000 -0.00000000
vn -0.99620000 0.08720000 -0.00000000
vn -0.99620000 0.08720000 -0.00000000
vn -0.99620000 0.08720000 -0.00000000
vn -0.99620000 0.08720000 -0.00000000
vn -0.99620000 0.08720000 -0.00000000
vn -0.99620000 0.08710000 -0.00000000
vn -0.99620000 0.08720000 0.00160000
vn -0.97780000 0.20970000 -0.00000000
vn -0.93360000 0.35840000 -0.00000000
vn -0.93670000 0.35000000 -0.00000000
vn -0.85580000 0.51730000 -0.00000000
vn -0.79860000 0.60180000 -0.00010000
vn -0.79180000 0.61080000 -0.00000000
vn -0.70710000 0.70710000 0.00010000
vn -0.60180000 0.79860000 -0.00000000
vn -0.61080000 0.79180000 -0.00000000
vn -0.51730000 0.85580000 -0.00000000
vn -0.35840000 0.93360000 0.00010000
vn -0.35010000 0.93670000 -0.00000000
vn -0.20970000 0.97780000 -0.00000000
vn -0.08720000 0.99620000 -0.00000000
vn -0.08710000 0.99620000 -0.00000000
vn -0.08710000 0.99620000 -0.00000000
vn -0.08720000 0.99620000 -0.00000000
vn -0.08710000 0.99620000 -0.00000000
vn -0.08720000 0.99620000 -0.00000000
vn -0.08710000 0.99620000 -0.00000000
vn -0.08720000 0.99620000 -0.00000000
vn -0.08720000 0.99620000 -0.00000000
vn -0.08720000 0.99620000 -0.00000000
vn -0.08720000 0.99620000 -0.00000000
vn -0.92230000 0.38650000 0.00010000
vn -0.87610000 0.48220000 -0.00000000
vn -0.78470000 0.61980000 -0.00000000
vn -0.82130000 0.57040000 -0.00000000
vn -0.70620000 0.70800000 -0.00000000
vn -0.58960000 0.80770000 -0.00000000
vn -0.59260000 0.80550000 -0.00000000
vn -0.47960000 0.87750000 -0.00000000
vn -0.35130000 0.93630000 -0.00000000
vn -0.37160000 0.92840000 -0.00000000
vn -0.27300000 0.96200000 -0.00000000
vn -0.08710000 0.99620000 -0.00000000
vn -0.08720000 0.99620000 -0.00000000
vn -0.00000000 -0.00000000 1.00000000
vn -0.00000000 -0.00000000 1.00000000
vn -0.00000000 -0.00000000 1.00000000
vn -0.00000000 -0.00000000 1.00000000
vn -0.00000000 -0.00000000 1.00000000
vn -0.00000000 -0.00000000 1.00000000
vn -0.00000000 -0.00000000 1.00000000
vn -0.00000000 -0.00000000 1.00000000
vn -0.00000000 -0.00000000 1.00000000
vn -0.00000000 -0.00000000 1.00000000
vn -0.00000000 -0.00000000 1.00000000
vn -0.00000000 -0.00000000 1.00000000
vn -0.00000000 -0.00000000 1.00000000
vn -0.00000000 -0.00000000 1.00000000
vn -0.00000000 -0.00000000 1.00000000
vn -0.00000000 -0.00000000 1.00000000
vn -0.00000000 -0.00000000 1.00000000
vn -0.00000000 -0.00000000 1.00000000
vn -0.00000000 -0.00000000 1.00000000
vn -0.00000000 -0.00000000 1.00000000
vn -0.00000000 -0.00000000 1.00000000
vn -0.00000000 -0.00000000 1.00000000
vn -0.00000000 -0.00000000 1.00000000
vn -0.00000000 -0.00000000 1.00000000
vn -0.00000000 -0.00000000 1.00000000
vn -0.00000000 -0.00000000 1.00000000
vn -0.00000000 -0.00000000 1.00000000
vn -0.00000000 -0.00000000 1.00000000
vn -0.00000000 -0.00000000 1.00000000
vn -0.00000000 -0.00000000 1.00000000
vn -0.00000000 -0.00000000 1.00000000
vn -0.00000000 -0.00000000 1.00000000
vn -0.00000000 -0.00000000 1.00000000
vn -0.00000000 -0.00000000 1.00000000
vn -0.00000000 -0.00000000 1.00000000
vn 0.92230000 0.38650000 -0.00000000
vn 0.78470000 0.61980000 -0.00000000
vn 0.87610000 0.48210000 -0.00000000
vn 0.82130000 0.57040000 -0.00000000
vn 0.70620000 0.70800000 -0.00000000
vn 0.58960000 0.80770000 -0.00000000
vn 0.59260000 0.80550000 -0.00000000
vn 0.47960000 0.87750000 -0.00000000
vn 0.35130000 0.93630000 -0.00000000
vn 0.37160000 0.92840000 -0.00000000
vn 0.27300000 0.96200000 -0.00000000
vn 0.08720000 0.99620000 -0.00000000
vn 0.08710000 0.99620000 -0.00000000
vn 0.08720000 0.99620000 -0.00000000
vn 0.08720000 0.99620000 -0.00000000
vn 0.08720000 0.99620000 -0.00000000
vn 0.08720000 0.99620000 -0.00000000
vn 0.08720000 0.99620000 -0.00000000
vn 0.08720000 0.99620000 -0.00000000
vn 0.08720000 0.99620000 -0.00000000
vn 0.08710000 0.99620000 -0.00000000
vn 0.08720000 0.99620000 0.00160000
vn 0.20970000 0.97780000 -0.00000000
vn 0.35840000 0.93360000 -0.00000000
vn 0.35000000 0.93670000 -0.00000000
vn 0.51730000 0.85580000 -0.00000000
vn 0.60180000 0.79860000 -0.00000000
vn 0.61080000 0.79180000 -0.00000000
vn 0.70710000 0.70710000 0.00010000
vn 0.79860000 0.60180000 -0.00000000
vn 0.79180000 0.61080000 -0.00000000
vn 0.85580000 0.51730000 -0.00000000
vn 0.93360000 0.35840000 -0.00000000
vn 0.93670000 0.35000000 -0.00000000
vn 0.97780000 0.20970000 -0.00000000
vn 0.99620000 0.08720000 -0.00000000
vn 0.99620000 0.08720000 -0.00000000
vn 0.99620000 0.08710000 -0.00000000
vn 0.99620000 0.08710000 -0.00000000
vn 0.99620000 0.08720000 -0.00000000
vn 0.99620000 0.08710000 -0.00000000
vn 0.99620000 0.08720000 -0.00000000
vn 0.99620000 0.08720000 -0.00000000
vn 0.99620000 0.08720000 -0.00000000
vn 0.99620000 0.08720000 -0.00000000
vn 0.99620000 0.08720000 -0.00000000
vn 0.38650000 0.92230000 -0.00000000
vn 0.48220000 0.87610000 -0.00000000
vn 0.61980000 0.78470000 -0.00000000
vn 0.57040000 0.82130000 -0.00000000
vn 0.70800000 0.70620000 -0.00000000
vn 0.80770000 0.58960000 -0.00000000
vn 0.80550000 0.59260000 -0.00000000
vn 0.87750000 0.47960000 -0.00000000
vn 0.93630000 0.35130000 -0.00000000
vn 0.92840000 0.37160000 -0.00000000
vn 0.96200000 0.27300000 -0.00000000
vn 0.99620000 0.08710000 -0.00000000
vn 0.99620000 0.08720000 -0.00000000
vn -0.00000000 -0.00000000 1.00000000
vn -0.00000000 -0.00000000 1.00000000
vn -0.00000000 -0.00000000 1.00000000
vn -0.00000000 -0.00000000 1.00000000
vn -0.00000000 -0.00000000 1.00000000
vn -0.00000000 -0.00000000 1.00000000
vn -0.00000000 -0.00000000 1.00000000
vn -0.00000000 -0.00000000 1.00000000
vn -0.00000000 -0.00000000 1.00000000
vn -0.00000000 -0.00000000 1.00000000
vn -0.00000000 -0.00000000 1.00000000
vn -0.00000000 -0.00000000 1.00000000
vn -0.00000000 -0.00000000 1.00000000
vn -0.00000000 -0.00000000 1.00000000
vn -0.00000000 -0.00000000 1.00000000
vn -0.00000000 -0.00000000 1.00000000
vn -0.00000000 -0.00000000 1.00000000
vn -0.00000000 -0.00000000 1.00000000
vn -0.00000000 -0.00000000 1.00000000
vn -0.00000000 -0.00000000 1.00000000
vn -0.00000000 -0.00000000 1.00000000
vn -0.00000000 -0.00000000 1.00000000
vn -0.00000000 -0.00000000 1.00000000
vn -0.00000000 -0.00000000 1.00000000
vn -0.00000000 -0.00000000 1.00000000
vn -0.00000000 -0.00000000 1.00000000
vn -0.00000000 -0.00000000 1.00000000
vn -0.00000000 -0.00000000 1.00000000
vn -0.00000000 -0.00000000 1.00000000
vn -0.00000000 -0.00000000 1.00000000
vn -0.00000000 -0.00000000 1.00000000
vn -0.00000000 -0.00000000 1.00000000
vn -0.00000000 -0.00000000 1.00000000
vn -0.00000000 -0.00000000 1.00000000
vn -0.00000000 -0.00000000 1.00000000
vn 0.38650000 -0.92230000 -0.00000000
vn 0.61980000 -0.78470000 -0.00000000
vn 0.48220000 -0.87610000 -0.00010000
vn 0.57040000 -0.82130000 -0.00000000
vn 0.70800000 -0.70620000 -0.00000000
vn 0.80770000 -0.58960000 -0.00000000
vn 0.80550000 -0.59270000 -0.00000000
vn 0.87750000 -0.47960000 -0.00000000
vn 0.93630000 -0.35130000 -0.00000000
vn 0.92840000 -0.37160000 -0.00000000
vn 0.96200000 -0.27300000 -0.00000000
vn 0.99620000 -0.08720000 -0.00000000
vn 0.99620000 -0.08710000 -0.00000000
vn 0.99620000 -0.08720000 -0.00000000
vn 0.99620000 -0.08720000 -0.00000000
vn 0.99620000 -0.08720000 -0.00000000
vn 0.99620000 -0.08720000 -0.00000000
vn 0.99620000 -0.08720000 -0.00000000
vn 0.99620000 -0.08720000 -0.00000000
vn 0.99620000 -0.08720000 -0.00000000
vn 0.99620000 -0.08710000 -0.00000000
vn 0.99620000 -0.08720000 0.00160000
vn 0.97780000 -0.20970000 -0.00000000
vn 0.93360000 -0.35840000 -0.00000000
vn 0.93670000 -0.35000000 -0.00000000
vn 0.85580000 -0.51730000 -0.00000000
vn 0.79860000 -0.60180000 -0.00000000
vn 0.79180000 -0.61080000 -0.00000000
vn 0.70710000 -0.70710000 0.00010000
vn 0.60180000 -0.79860000 -0.00010000
vn 0.61080000 -0.79180000 -0.00000000
vn 0.51730000 -0.85580000 -0.00000000
vn 0.35840000 -0.93360000 -0.00000000
vn 0.35000000 -0.93670000 -0.00000000
vn 0.20970000 -0.97780000 -0.00000000
vn 0.08720000 -0.99620000 -0.00000000
vn 0.08710000 -0.99620000 -0.00000000
vn 0.08710000 -0.99620000 -0.00000000
vn 0.08720000 -0.99620000 -0.00000000
vn 0.08710000 -0.99620000 -0.00000000
vn 0.08710000 -0.99620000 -0.00000000
vn 0.08720000 -0.99620000 -0.00000000
vn 0.08720000 -0.99620000 -0.00000000
vn 0.08720000 -0.99620000 -0.00000000
vn 0.08720000 -0.99620000 -0.00000000
vn 0.08720000 -0.99620000 -0.00000000
vn 0.92230000 -0.38650000 0.00010000
vn 0.87610000 -0.48220000 -0.00000000
vn 0.78470000 -0.61980000 -0.00000000
vn 0.82130000 -0.57040000 -0.00000000
vn 0.70620000 -0.70800000 -0.00000000
vn 0.58960000 -0.80770000 -0.00000000
vn 0.59260000 -0.80550000 -0.00000000
vn 0.47960000 -0.87750000 -0.00000000
vn 0.35130000 -0.93630000 -0.00000000
vn 0.37160000 -0.92840000 -0.00000000
vn 0.27300000 -0.96200000 -0.00000000
vn 0.08710000 -0.99620000 -0.00000000
vn 0.08720000 -0.99620000 -0.00000000
vn 0.45760000 0.88920000 -0.00000000
vn 0.45760000 0.88920000 -0.00000000
vn 0.34890000 0.93710000 -0.00000000
vn 0.34890000 0.93710000 -0.00000000
vn 0.23540000 0.97190000 -0.00000000
vn 0.23540000 0.97190000 -0.00000000
vn 0.11850000 0.99290000 -0.00000000
vn 0.11850000 0.99300000 -0.00000000
vn -0.00000000 1.00000000 -0.00000000
vn -0.00000000 1.00000000 -0.00000000
vn -0.11850000 0.99300000 -0.00000000
vn -0.11850000 0.99290000 -0.00000000
vn -0.23540000 0.97190000 -0.00000000
vn -0.23540000 0.97190000 -0.00000000
vn -0.34890000 0.93710000 -0.00000000
vn -0.34890000 0.93710000 -0.00000000
vn -0.45760000 0.88920000 -0.00000000
vn -0.45760000 0.88920000 -0.00000000
vn 0.52120000 0.85340000 -0.00000000
vn 0.52120000 0.85340000 -0.00000000
vn 0.41360000 0.91050000 -0.00000000
vn 0.41360000 0.91050000 -0.00000000
vn 0.29990000 0.95400000 -0.00000000
vn 0.29990000 0.95400000 -0.00000000
vn 0.18170000 0.98330000 -0.00000000
vn 0.18170000 0.98330000 -0.00000000
vn 0.06090000 0.99810000 -0.00000000
vn 0.06090000 0.99810000 -0.00000000
vn -0.06090000 0.99810000 -0.00000000
vn -0.06090000 0.99810000 -0.00000000
vn -0.18170000 0.98330000 -0.00000000
vn -0.18170000 0.98330000 -0.00000000
vn -0.29990000 0.95400000 -0.00000000
vn -0.29990000 0.95400000 -0.00000000
vn -0.41360000 0.91050000 -0.00000000
vn -0.41360000 0.91050000 -0.00000000
vn -0.52120000 0.85350000 -0.00000000
vn -0.52120000 0.85350000 -0.00000000
vn -0.45760000 -0.88920000 -0.00000000
vn -0.45760000 -0.88920000 -0.00000000
vn -0.34890000 -0.93710000 -0.00000000
vn -0.34890000 -0.93710000 -0.00000000
vn -0.23540000 -0.97190000 -0.00000000
vn -0.23540000 -0.97190000 -0.00000000
vn -0.11850000 -0.99300000 -0.00000000
vn -0.11850000 -0.99300000 -0.00000000
vn -0.00000000 -1.00000000 -0.00000000
vn -0.00000000 -1.00000000 -0.00000000
vn 0.11850000 -0.99300000 -0.00000000
vn 0.11850000 -0.99300000 -0.00000000
vn 0.23540000 -0.97190000 -0.00000000
vn 0.23540000 -0.97190000 -0.00000000
vn 0.34890000 -0.93710000 -0.00000000
vn 0.34890000 -0.93710000 -0.00000000
vn 0.45760000 -0.88920000 -0.00000000
vn 0.45760000 -0.88920000 -0.00000000
vn -0.52120000 -0.85340000 -0.00000000
vn -0.52120000 -0.85340000 -0.00000000
vn -0.41360000 -0.91050000 -0.00000000
vn -0.41360000 -0.91050000 -0.00000000
vn -0.29990000 -0.95400000 -0.00000000
vn -0.29990000 -0.95400000 -0.00000000
vn -0.18170000 -0.98330000 -0.00000000
vn -0.18170000 -0.98330000 -0.00000000
vn -0.06090000 -0.99810000 -0.00000000
vn -0.06090000 -0.99810000 -0.00000000
vn 0.06090000 -0.99810000 -0.00000000
vn 0.06090000 -0.99810000 -0.00000000
vn 0.18170000 -0.98330000 -0.00000000
vn 0.18170000 -0.98330000 -0.00000000
vn 0.29990000 -0.95400000 -0.00000000
vn 0.29990000 -0.95400000 -0.00000000
vn 0.41360000 -0.91050000 -0.00000000
vn 0.41360000 -0.91050000 -0.00000000
vn 0.52120000 -0.85340000 -0.00000000
vn 0.52120000 -0.85340000 -0.00000000
vn -0.00000000 -0.00000000 1.00000000
vn -0.00000000 -0.00000000 1.00000000
vn -0.00000000 -0.00000000 1.00000000
vn -0.00000000 -0.00000000 1.00000000
vn -0.00000000 -0.00000000 1.00000000
vn -0.00000000 -0.00000000 1.00000000
vn 0.85340000 -0.52120000 -0.00000000
vn 0.85340000 -0.52120000 -0.00000000
vn 0.91050000 -0.41360000 -0.00000000
vn 0.91050000 -0.41360000 -0.00000000
vn 0.95400000 -0.29990000 -0.00000000
vn 0.95400000 -0.29990000 -0.00000000
vn 0.98330000 -0.18170000 -0.00000000
vn 0.98330000 -0.18170000 -0.00000000
vn 0.99810000 -0.06090000 -0.00000000
vn 0.99810000 -0.06090000 -0.00000000
vn 0.99810000 0.06090000 -0.00000000
vn 0.99810000 0.06090000 -0.00000000
vn 0.98330000 0.18170000 -0.00000000
vn 0.98330000 0.18170000 -0.00000000
vn 0.95400000 0.29990000 -0.00000000
vn 0.95400000 0.29990000 -0.00000000
vn 0.91050000 0.41360000 -0.00000000
vn 0.91050000 0.41360000 -0.00000000
vn 0.85340000 0.52120000 -0.00000000
vn 0.85350000 0.52120000 -0.00000000
vn 0.88920000 -0.45760000 -0.00000000
vn 0.88920000 -0.45760000 -0.00000000
vn 0.93710000 -0.34890000 -0.00000000
vn 0.93710000 -0.34890000 -0.00000000
vn 0.97190000 -0.23540000 -0.00000000
vn 0.97190000 -0.23540000 -0.00000000
vn 0.99290000 -0.11850000 -0.00000000
vn 0.99300000 -0.11850000 -0.00000000
vn 1.00000000 -0.00000000 -0.00000000
vn 1.00000000 -0.00000000 -0.00000000
vn 0.99300000 0.11850000 -0.00000000
vn 0.99290000 0.11850000 -0.00000000
vn 0.97190000 0.23540000 -0.00000000
vn 0.97190000 0.23540000 -0.00000000
vn 0.93710000 0.34890000 -0.00000000
vn 0.93710000 0.34890000 -0.00000000
vn 0.88920000 0.45760000 -0.00000000
vn 0.88920000 0.45760000 -0.00000000
vn 0.93200000 -0.12020000 0.34210000
vn 0.93870000 -0.04290000 0.34200000
vn 0.93970000 -0.00000000 0.34200000
vn 0.93970000 -0.00000000 0.34200000
vn 0.93870000 -0.04290000 0.34200000
vn 0.93870000 0.04290000 0.34200000
vn 0.93200000 0.12020000 0.34200000
vn 0.93090000 0.12830000 0.34200000
vn 0.92910000 0.14100000 0.34200000
vn 0.90890000 -0.23840000 0.34210000
vn 0.92290000 -0.17690000 0.34200000
vn 0.92590000 -0.16050000 0.34200000
vn 0.92730000 -0.15220000 0.34200000
vn 0.87100000 -0.35260000 0.34200000
vn 0.88880000 -0.30510000 0.34200000
vn 0.89650000 -0.28150000 0.34200000
vn 0.89940000 -0.27210000 0.34200000
vn 0.84980000 -0.40110000 0.34210000
vn 0.81880000 -0.46110000 0.34200000
vn 0.80050000 -0.49210000 0.34200000
vn 0.75310000 -0.56200000 0.34200000
vn 0.78530000 -0.51600000 0.34200000
vn 0.76610000 -0.54420000 0.34200000
vn 0.74500000 -0.57280000 0.34200000
vn 0.72170000 -0.60180000 0.34200000
vn 0.71380000 -0.61120000 0.34200000
vn 0.67500000 -0.65370000 0.34200000
vn 0.70290000 -0.62370000 0.34200000
vn 0.68710000 -0.64100000 0.34200000
vn 0.67680000 -0.65190000 0.34200000
vn 0.66450000 -0.66450000 0.34200000
vn 0.65190000 -0.67670000 0.34200000
vn 0.64100000 -0.68720000 0.34200000
vn 0.58590000 -0.73470000 0.34200000
vn 0.62370000 -0.70290000 0.34200000
vn 0.61120000 -0.71380000 0.34200000
vn 0.60180000 -0.72170000 0.34200000
vn 0.57280000 -0.74500000 0.34200000
vn 0.54410000 -0.76610000 0.34200000
vn 0.48710000 -0.80360000 0.34210000
vn 0.51400000 -0.78670000 0.34200000
vn 0.42430000 -0.83840000 0.34210000
vn 0.47170000 -0.81270000 0.34200000
vn 0.46130000 -0.81870000 0.34200000
vn 0.44840000 -0.82580000 0.34200000
vn 0.43290000 -0.83400000 0.34200000
vn 0.41450000 -0.84330000 0.34200000
vn 0.39130000 -0.85430000 0.34200000
vn 0.37750000 -0.86050000 0.34200000
vn 0.32940000 -0.87990000 0.34250000
vn 0.36320000 -0.86670000 0.34200000
vn 0.27560000 -0.89840000 0.34210000
vn 0.23060000 -0.91090000 0.34220000
vn 0.18520000 -0.92120000 0.34210000
vn 0.12900000 -0.93070000 0.34220000
vn 0.09310000 -0.93510000 0.34200000
vn 0.02590000 -0.93930000 0.34200000
vn -0.00000000 -0.93970000 0.34190000
vn -0.07760000 -0.93650000 0.34200000
vn -0.09320000 -0.93510000 0.34180000
vn -0.18020000 -0.92230000 0.34190000
vn -0.18510000 -0.92130000 0.34200000
vn -0.28030000 -0.89710000 0.34160000
vn -0.27570000 -0.89830000 0.34200000
vn -0.36320000 -0.86670000 0.34200000
vn -0.37720000 -0.86060000 0.34220000
vn -0.37760000 -0.86050000 0.34200000
vn -0.39130000 -0.85430000 0.34200000
vn -0.41450000 -0.84330000 0.34200000
vn -0.43290000 -0.83400000 0.34200000
vn -0.44840000 -0.82580000 0.34200000
vn -0.46990000 -0.81380000 0.34200000
vn -0.46130000 -0.81870000 0.34200000
vn -0.47170000 -0.81270000 0.34200000
vn -0.48840000 -0.80280000 0.34200000
vn -0.51600000 -0.78530000 0.34200000
vn -0.53760000 -0.77070000 0.34200000
vn -0.54410000 -0.76610000 0.34200000
vn -0.57270000 -0.74500000 0.34200000
vn -0.63180000 -0.69560000 0.34200000
vn -0.60170000 -0.72170000 0.34200000
vn -0.61120000 -0.71380000 0.34200000
vn -0.62370000 -0.70290000 0.34200000
vn -0.64100000 -0.68710000 0.34200000
vn -0.65200000 -0.67670000 0.34200000
vn -0.66450000 -0.66450000 0.34200000
vn -0.67670000 -0.65200000 0.34200000
vn -0.71550000 -0.60910000 0.34200000
vn -0.68710000 -0.64100000 0.34200000
vn -0.70290000 -0.62370000 0.34200000
vn -0.71380000 -0.61120000 0.34200000
vn -0.72170000 -0.60180000 0.34200000
vn -0.74500000 -0.57270000 0.34200000
vn -0.78750000 -0.51260000 0.34200000
vn -0.76610000 -0.54410000 0.34200000
vn -0.78530000 -0.51600000 0.34200000
vn -0.82640000 -0.44730000 0.34200000
vn -0.80280000 -0.48840000 0.34200000
vn -0.81270000 -0.47170000 0.34200000
vn -0.81870000 -0.46130000 0.34200000
vn -0.82580000 -0.44840000 0.34200000
vn -0.83400000 -0.43290000 0.34200000
vn -0.84330000 -0.41450000 0.34200000
vn -0.85430000 -0.39130000 0.34200000
vn -0.87060000 -0.35340000 0.34230000
vn -0.86050000 -0.37740000 0.34210000
vn -0.86670000 -0.36320000 0.34200000
vn -0.89840000 -0.27560000 0.34190000
vn -0.90420000 -0.25570000 0.34230000
vn -0.92130000 -0.18520000 0.34200000
vn -0.92680000 -0.15460000 0.34220000
vn -0.93510000 -0.09310000 0.34200000
vn -0.93820000 -0.05170000 0.34220000
vn -0.93970000 -0.00000000 0.34200000
vn -0.93830000 0.05180000 0.34200000
vn -0.93510000 0.09310000 0.34200000
vn -0.92680000 0.15460000 0.34230000
vn -0.92130000 0.18530000 0.34190000
vn -0.90420000 0.25570000 0.34230000
vn -0.89840000 0.27560000 0.34190000
vn -0.87060000 0.35340000 0.34230000
vn -0.86670000 0.36320000 0.34200000
vn -0.86050000 0.37750000 0.34200000
vn -0.85430000 0.39130000 0.34200000
vn -0.84330000 0.41450000 0.34200000
vn -0.82640000 0.44720000 0.34200000
vn -0.83400000 0.43290000 0.34200000
vn -0.82580000 0.44840000 0.34200000
vn -0.81870000 0.46120000 0.34200000
vn -0.81270000 0.47170000 0.34200000
vn -0.80280000 0.48850000 0.34200000
vn -0.78530000 0.51600000 0.34200000
vn -0.78750000 0.51260000 0.34210000
vn -0.76610000 0.54410000 0.34200000
vn -0.74500000 0.57270000 0.34200000
vn -0.71550000 0.60910000 0.34200000
vn -0.72170000 0.60180000 0.34200000
vn -0.71380000 0.61120000 0.34200000
vn -0.70290000 0.62360000 0.34200000
vn -0.68720000 0.64100000 0.34200000
vn -0.67670000 0.65200000 0.34200000
vn -0.63180000 0.69560000 0.34200000
vn -0.66450000 0.66450000 0.34200000
vn -0.65200000 0.67670000 0.34200000
vn -0.64100000 0.68720000 0.34200000
vn -0.62360000 0.70290000 0.34200000
vn -0.61120000 0.71380000 0.34200000
vn -0.60180000 0.72170000 0.34200000
vn -0.57270000 0.74500000 0.34200000
vn -0.53760000 0.77070000 0.34200000
vn -0.54410000 0.76610000 0.34200000
vn -0.46980000 0.81380000 0.34200000
vn -0.51600000 0.78530000 0.34200000
vn -0.48840000 0.80280000 0.34200000
vn -0.47170000 0.81270000 0.34200000
vn -0.46130000 0.81870000 0.34200000
vn -0.44840000 0.82580000 0.34200000
vn -0.43290000 0.83400000 0.34200000
vn -0.37740000 0.86050000 0.34210000
vn -0.41450000 0.84330000 0.34200000
vn -0.39140000 0.85430000 0.34200000
vn -0.37750000 0.86050000 0.34200000
vn -0.36320000 0.86670000 0.34200000
vn -0.28030000 0.89710000 0.34160000
vn -0.27560000 0.89840000 0.34200000
vn -0.18560000 0.92120000 0.34210000
vn -0.18020000 0.92230000 0.34190000
vn -0.09300000 0.93500000 0.34210000
vn -0.07760000 0.93650000 0.34190000
vn -0.00000000 0.93980000 0.34190000
vn 0.02590000 0.93930000 0.34200000
vn 0.09310000 0.93510000 0.34200000
vn 0.12900000 0.93080000 0.34210000
vn 0.18520000 0.92130000 0.34200000
vn 0.23060000 0.91090000 0.34220000
vn 0.27560000 0.89840000 0.34210000
vn 0.32940000 0.87990000 0.34250000
vn 0.36320000 0.86670000 0.34200000
vn 0.37750000 0.86050000 0.34200000
vn 0.42430000 0.83850000 0.34200000
vn 0.39140000 0.85430000 0.34200000
vn 0.41450000 0.84330000 0.34200000
vn 0.43290000 0.83410000 0.34200000
vn 0.44840000 0.82580000 0.34200000
vn 0.46130000 0.81870000 0.34200000
vn 0.47170000 0.81270000 0.34200000
vn 0.48840000 0.80280000 0.34200000
vn 0.51390000 0.78670000 0.34200000
vn 0.51600000 0.78530000 0.34200000
vn 0.54410000 0.76610000 0.34200000
vn 0.48710000 0.80360000 0.34200000
vn 0.58590000 0.73470000 0.34200000
vn 0.38040000 -0.85930000 0.34210000
vn 0.26740000 -0.90080000 0.34210000
vn 0.15000000 -0.92760000 0.34200000
vn 0.03010000 -0.93920000 0.34200000
vn -0.09020000 -0.93530000 0.34210000
vn -0.20910000 -0.91610000 0.34210000
vn -0.32450000 -0.88190000 0.34200000
vn -0.43460000 -0.83310000 0.34200000
vn -0.84660000 -0.40770000 0.34210000
vn -0.89180000 -0.29610000 0.34200000
vn -0.92240000 -0.17960000 0.34210000
vn -0.93770000 -0.06020000 0.34210000
vn -0.93780000 0.06020000 0.34200000
vn -0.92240000 0.17960000 0.34210000
vn -0.89180000 0.29610000 0.34210000
vn -0.84660000 0.40770000 0.34210000
vn -0.43460000 0.83310000 0.34200000
vn -0.32450000 0.88190000 0.34200000
vn -0.20910000 0.91610000 0.34210000
vn -0.09020000 0.93530000 0.34210000
vn 0.03010000 0.93920000 0.34200000
vn 0.15000000 0.92760000 0.34210000
vn 0.26740000 0.90090000 0.34200000
vn 0.38040000 0.85920000 0.34210000
vn 0.67500000 0.65370000 0.34200000
vn 0.62370000 0.70290000 0.34200000
vn 0.61120000 0.71380000 0.34200000
vn 0.60180000 0.72170000 0.34200000
vn 0.75310000 0.56200000 0.34200000
vn 0.71370000 0.61120000 0.34200000
vn 0.70290000 0.62370000 0.34200000
vn 0.68720000 0.64100000 0.34200000
vn 0.81870000 0.46110000 0.34210000
vn 0.80050000 0.49210000 0.34200000
vn 0.76610000 0.54410000 0.34200000
vn 0.74500000 0.57280000 0.34200000
vn 0.84980000 0.40110000 0.34190000
vn 0.87100000 0.35260000 0.34200000
vn 0.88880000 0.30520000 0.34200000
vn 0.89650000 0.28150000 0.34200000
vn 0.89600000 0.28310000 0.34200000
vn 0.90900000 0.23840000 0.34200000
vn 0.89940000 0.27210000 0.34200000
vn 0.90410000 0.25630000 0.34200000
vn 0.90950000 0.23650000 0.34200000
vn 0.91270000 0.22330000 0.34230000
vn 0.91580000 0.21030000 0.34200000
vn 0.91880000 0.19720000 0.34190000
vn 0.92100000 0.18640000 0.34200000
vn 0.92590000 0.16050000 0.34200000
vn 0.92730000 0.15230000 0.34200000
vn 0.92900000 -0.14100000 0.34200000
vn 0.93090000 -0.12830000 0.34200000
vn 0.92290000 0.17690000 0.34210000
vn 0.92500000 0.16550000 0.34200000
vn 0.92420000 0.16980000 0.34200000
vn 0.89930000 0.27250000 0.34200000
vn 0.89590000 0.28370000 0.34200000
vn 0.88220000 0.32370000 0.34200000
vn 0.90230000 0.26240000 0.34200000
vn 0.90510000 0.25260000 0.34200000
vn 0.90770000 0.24300000 0.34200000
vn 0.86670000 0.36320000 0.34200000
vn 0.86050000 0.37750000 0.34200000
vn 0.85440000 0.39130000 0.34200000
vn 0.84330000 0.41450000 0.34200000
vn 0.83400000 0.43290000 0.34200000
vn 0.82580000 0.44840000 0.34200000
vn 0.81870000 0.46130000 0.34200000
vn 0.81270000 0.47170000 0.34200000
vn 0.80280000 0.48840000 0.34200000
vn 0.78530000 0.51600000 0.34200000
vn 0.72170000 0.60180000 0.34200000
vn 0.67680000 0.65190000 0.34200000
vn 0.66450000 0.66450000 0.34200000
vn 0.65190000 0.67670000 0.34200000
vn 0.64100000 0.68710000 0.34200000
vn 0.57280000 0.74500000 0.34200000
vn 0.48840000 -0.80280000 0.34200000
vn 0.51600000 -0.78530000 0.34200000
vn 0.80280000 -0.48840000 0.34200000
vn 0.81270000 -0.47170000 0.34200000
vn 0.81870000 -0.46130000 0.34200000
vn 0.82580000 -0.44840000 0.34200000
vn 0.83400000 -0.43290000 0.34200000
vn 0.84330000 -0.41450000 0.34200000
vn 0.85430000 -0.39140000 0.34200000
vn 0.86050000 -0.37750000 0.34200000
vn 0.86670000 -0.36310000 0.34200000
vn 0.88220000 -0.32370000 0.34200000
vn 0.89580000 -0.28370000 0.34200000
vn 0.90770000 -0.24320000 0.34200000
vn 0.90230000 -0.26250000 0.34200000
vn 0.89930000 -0.27260000 0.34200000
vn 0.89600000 -0.28310000 0.34200000
vn 0.90480000 -0.25390000 0.34190000
vn 0.90410000 -0.25630000 0.34200000
vn 0.90940000 -0.23650000 0.34200000
vn 0.91270000 -0.22320000 0.34230000
vn 0.91580000 -0.21030000 0.34200000
vn 0.91870000 -0.19720000 0.34210000
vn 0.92100000 -0.18640000 0.34200000
vn 0.92420000 -0.16980000 0.34200000
vn 0.92500000 -0.16550000 0.34200000
vn -0.88550000 0.46470000 -0.00000000
vn -0.88550000 0.46470000 -0.00000000
vn -1.00000000 0.00010000 -0.00000000
vn -1.00000000 0.00010000 -0.00000000
vn -1.00000000 -0.00010000 -0.00000000
vn -1.00000000 -0.00010000 -0.00000000
vn -0.88550000 -0.46470000 -0.00000000
vn -0.88550000 -0.46470000 -0.00000000
vn -0.56810000 -0.82300000 -0.00000000
vn -0.56810000 -0.82300000 -0.00000000
vn -0.12050000 -0.99270000 -0.00000000
vn -0.12050000 -0.99270000 -0.00000000
vn 0.35460000 -0.93500000 -0.00000000
vn 0.35460000 -0.93500000 -0.00000000
vn 0.74850000 -0.66310000 -0.00000000
vn 0.74850000 -0.66310000 -0.00000000
vn 0.97090000 -0.23930000 -0.00000000
vn 0.97090000 -0.23930000 -0.00000000
vn 0.97090000 0.23930000 -0.00000000
vn 0.97090000 0.23930000 -0.00000000
vn 0.74850000 0.66310000 -0.00000000
vn 0.74850000 0.66310000 -0.00000000
vn 0.35460000 0.93500000 -0.00000000
vn 0.35460000 0.93500000 -0.00000000
vn -0.12050000 0.99270000 -0.00000000
vn -0.12050000 0.99270000 -0.00000000
vn -0.56810000 0.82300000 -0.00000000
vn -0.56810000 0.82300000 -0.00000000
vn -0.88550000 0.46470000 -0.00000000
vn -0.88550000 0.46470000 -0.00000000
vn -1.00000000 0.00010000 -0.00000000
vn -1.00000000 0.00010000 -0.00000000
vn -1.00000000 -0.00010000 -0.00000000
vn -1.00000000 -0.00010000 -0.00000000
vn -0.88550000 -0.46470000 -0.00000000
vn -0.88550000 -0.46470000 -0.00000000
vn -0.56810000 -0.82300000 -0.00000000
vn -0.56810000 -0.82300000 -0.00000000
vn -0.12050000 -0.99270000 -0.00000000
vn -0.12050000 -0.99270000 -0.00000000
vn 0.35460000 -0.93500000 -0.00000000
vn 0.35460000 -0.93500000 -0.00000000
vn 0.74850000 -0.66310000 -0.00000000
vn 0.74850000 -0.66310000 -0.00000000
vn 0.97090000 -0.23930000 -0.00000000
vn 0.97090000 -0.23930000 -0.00000000
vn 0.97090000 0.23930000 -0.00000000
vn 0.97090000 0.23930000 -0.00000000
vn 0.74850000 0.66310000 -0.00000000
vn 0.74850000 0.66310000 -0.00000000
vn 0.35460000 0.93500000 -0.00000000
vn 0.35460000 0.93500000 -0.00000000
vn -0.12050000 0.99270000 -0.00000000
vn -0.12050000 0.99270000 -0.00000000
vn -0.56810000 0.82300000 -0.00000000
vn -0.56810000 0.82300000 -0.00000000
vn -0.88550000 0.46470000 -0.00000000
vn -0.88550000 0.46470000 -0.00000000
vn -1.00000000 0.00010000 -0.00000000
vn -1.00000000 0.00010000 -0.00000000
vn -1.00000000 -0.00010000 -0.00000000
vn -1.00000000 -0.00010000 -0.00000000
vn -0.88550000 -0.46470000 -0.00000000
vn -0.88550000 -0.46470000 -0.00000000
vn -0.56810000 -0.82300000 -0.00000000
vn -0.56810000 -0.82300000 -0.00000000
vn -0.12050000 -0.99270000 -0.00000000
vn -0.12050000 -0.99270000 -0.00000000
vn 0.35460000 -0.93500000 -0.00000000
vn 0.35460000 -0.93500000 -0.00000000
vn 0.74850000 -0.66310000 -0.00000000
vn 0.74850000 -0.66310000 -0.00000000
vn 0.97090000 -0.23930000 -0.00000000
vn 0.97090000 -0.23930000 -0.00000000
vn 0.97090000 0.23930000 -0.00000000
vn 0.97090000 0.23930000 -0.00000000
vn 0.74850000 0.66310000 -0.00000000
vn 0.74850000 0.66310000 -0.00000000
vn 0.35460000 0.93500000 -0.00000000
vn 0.35460000 0.93500000 -0.00000000
vn -0.12050000 0.99270000 -0.00000000
vn -0.12050000 0.99270000 -0.00000000
vn -0.56810000 0.82300000 -0.00000000
vn -0.56810000 0.82300000 -0.00000000
vn -0.88550000 0.46470000 -0.00000000
vn -0.88550000 0.46470000 -0.00000000
vn -1.00000000 0.00010000 -0.00000000
vn -1.00000000 0.00010000 -0.00000000
vn -1.00000000 -0.00010000 -0.00000000
vn -1.00000000 -0.00010000 -0.00000000
vn -0.88550000 -0.46470000 -0.00000000
vn -0.88550000 -0.46470000 -0.00000000
vn -0.56810000 -0.82300000 -0.00000000
vn -0.56810000 -0.82300000 -0.00000000
vn -0.12050000 -0.99270000 -0.00000000
vn -0.12050000 -0.99270000 -0.00000000
vn 0.35460000 -0.93500000 -0.00000000
vn 0.35460000 -0.93500000 -0.00000000
vn 0.74850000 -0.66310000 -0.00000000
vn 0.74850000 -0.66310000 -0.00000000
vn 0.97090000 -0.23930000 -0.00000000
vn 0.97090000 -0.23930000 -0.00000000
vn 0.97090000 0.23930000 -0.00000000
vn 0.97090000 0.23930000 -0.00000000
vn 0.74850000 0.66310000 -0.00000000
vn 0.74850000 0.66310000 -0.00000000
vn 0.35460000 0.93500000 -0.00000000
vn 0.35460000 0.93500000 -0.00000000
vn -0.12050000 0.99270000 -0.00000000
vn -0.12050000 0.99270000 -0.00000000
vn -0.56810000 0.82300000 -0.00000000
vn -0.56810000 0.82300000 -0.00000000
vn 1.00000000 0.00690000 0.00010000
vn 0.99620000 0.08710000 0.00180000
vn 0.99940000 -0.03320000 -0.00000000
vn 0.97540000 -0.22030000 0.00010000
vn 0.94750000 -0.31960000 -0.00010000
vn 0.86200000 -0.50690000 0.00010000
vn 0.81530000 -0.57910000 -0.00010000
vn 0.66670000 -0.74530000 0.00020000
vn 0.61390000 -0.78940000 -0.00020000
vn 0.40810000 -0.91290000 -0.00000000
vn 0.36050000 -0.93280000 -0.00000000
vn 0.11080000 -0.99380000 0.00020000
vn 0.07650000 -0.99710000 -0.00000000
vn -0.19720000 -0.98040000 0.00050000
vn -0.21400000 -0.97680000 -0.00020000
vn -0.48620000 -0.87380000 -0.00000000
vn -0.48620000 -0.87380000 -0.00000000
vn 0.99890000 0.04700000 0.00010000
vn 0.99620000 0.08720000 -0.00000000
vn 0.99940000 -0.03320000 -0.00000000
vn -0.99950000 -0.03320000 -0.00000000
vn -0.99090000 0.13480000 0.00010000
vn -0.99950000 -0.03310000 -0.00000000
vn -0.94960000 0.31340000 -0.00000000
vn -0.93700000 0.34940000 -0.00000000
vn -0.83710000 0.54710000 -0.00000000
vn -0.78340000 0.62150000 -0.00000000
vn -0.69610000 0.71790000 0.00010000
vn -0.52120000 0.85340000 -0.00000000
vn -0.52120000 0.85340000 -0.00000000
vn -0.87380000 -0.48620000 -0.00000000
vn -0.87380000 -0.48620000 -0.00000000
vn -0.93490000 -0.35480000 -0.00000000
vn -0.93490000 -0.35480000 -0.00000000
vn -0.97640000 -0.21590000 -0.00000000
vn -0.97640000 -0.21590000 -0.00000000
vn -0.99740000 -0.07250000 -0.00000000
vn -0.99740000 -0.07250000 -0.00000000
vn -0.99740000 0.07250000 -0.00000000
vn -0.99740000 0.07250000 -0.00000000
vn -0.97640000 0.21590000 -0.00000000
vn -0.97640000 0.21590000 -0.00000000
vn -0.93490000 0.35480000 -0.00000000
vn -0.93490000 0.35480000 -0.00000000
vn -0.87380000 0.48620000 -0.00000000
vn -0.87380000 0.48620000 -0.00000000
vn 0.91390000 -0.40580000 -0.00000000
vn 0.91390000 -0.40580000 -0.00000000
vn 0.95130000 -0.30830000 -0.00000000
vn 0.95130000 -0.30830000 -0.00000000
vn 0.97830000 -0.20740000 -0.00000000
vn 0.97830000 -0.20740000 -0.00000000
vn 0.99450000 -0.10430000 -0.00000000
vn 0.99450000 -0.10430000 -0.00000000
vn 1.00000000 -0.00000000 -0.00000000
vn 1.00000000 -0.00000000 -0.00000000
vn 0.99450000 0.10430000 -0.00000000
vn 0.99450000 0.10430000 -0.00000000
vn 0.97830000 0.20740000 -0.00000000
vn 0.97830000 0.20740000 -0.00000000
vn 0.95130000 0.30830000 -0.00000000
vn 0.95130000 0.30830000 -0.00000000
vn 0.91390000 0.40580000 -0.00000000
vn 0.91390000 0.40580000 -0.00000000
vn 0.99620000 -0.08720000 -0.00000000
vn 0.99890000 -0.04700000 0.00010000
vn 0.99620000 -0.08710000 -0.00000000
vn 1.00000000 -0.00700000 -0.00010000
vn 0.99940000 0.03320000 -0.00000000
vn 0.97540000 0.22030000 -0.00000000
vn 0.99940000 0.03320000 -0.00140000
vn 0.94750000 0.31970000 -0.00020000
vn 0.86200000 0.50690000 0.00010000
vn 0.81530000 0.57910000 -0.00010000
vn 0.66670000 0.74530000 0.00010000
vn 0.61390000 0.78940000 -0.00010000
vn 0.40810000 0.91290000 -0.00000000
vn 0.36050000 0.93280000 -0.00010000
vn 0.11080000 0.99380000 0.00010000
vn 0.07650000 0.99710000 -0.00000000
vn -0.19720000 0.98040000 0.00050000
vn -0.21400000 0.97680000 -0.00020000
vn -0.48620000 0.87380000 0.00030000
vn -0.48620000 0.87380000 -0.00000000
vn 0.90260000 -0.43040000 -0.00000000
vn 0.90260000 -0.43040000 -0.00000000
vn 0.94480000 -0.32750000 -0.00000000
vn 0.94480000 -0.32750000 -0.00000000
vn 0.97540000 -0.22060000 -0.00000000
vn 0.97540000 -0.22060000 -0.00000000
vn 0.99380000 -0.11100000 -0.00000000
vn 0.99380000 -0.11100000 -0.00000000
vn 1.00000000 -0.00000000 -0.00000000
vn 1.00000000 -0.00000000 -0.00000000
vn 0.99380000 0.11100000 -0.00000000
vn 0.99380000 0.11100000 -0.00000000
vn 0.97540000 0.22060000 -0.00000000
vn 0.97540000 0.22060000 -0.00000000
vn 0.94480000 0.32750000 -0.00000000
vn 0.94480000 0.32750000 -0.00000000
vn 0.90260000 0.43040000 -0.00000000
vn 0.90260000 0.43040000 -0.00000000
vn 0.87300000 -0.48780000 -0.00000000
vn 0.87300000 -0.48780000 -0.00000000
vn 0.92250000 -0.38600000 -0.00000000
vn 0.92250000 -0.38600000 -0.00000000
vn 0.96020000 -0.27930000 -0.00000000
vn 0.96020000 -0.27930000 -0.00000000
vn 0.98560000 -0.16900000 -0.00000000
vn 0.98560000 -0.16900000 -0.00000000
vn 0.99840000 -0.05660000 -0.00000000
vn 0.99840000 -0.05660000 -0.00000000
vn 0.99840000 0.05660000 -0.00000000
vn 0.99840000 0.05660000 -0.00000000
vn 0.98560000 0.16900000 -0.00000000
vn 0.98560000 0.16900000 -0.00000000
vn 0.96020000 0.27930000 -0.00000000
vn 0.96020000 0.27930000 -0.00000000
vn 0.92250000 0.38600000 -0.00000000
vn 0.92250000 0.38600000 -0.00000000
vn 0.87300000 0.48780000 -0.00000000
vn 0.87300000 0.48780000 -0.00000000
vn -0.52120000 -0.85340000 -0.00000000
vn -0.69620000 -0.71790000 0.00010000
vn -0.52130000 -0.85340000 -0.00000000
vn -0.78340000 -0.62150000 -0.00000000
vn -0.83710000 -0.54700000 -0.00000000
vn -0.94960000 -0.31340000 -0.00000000
vn -0.93700000 -0.34940000 -0.00000000
vn -0.99090000 -0.13480000 -0.00000000
vn -0.99950000 0.03310000 -0.00000000
vn -0.99950000 0.03310000 -0.00000000
vn 0.66150000 -0.74990000 -0.00000000
vn 0.66150000 -0.75000000 -0.00120000
vn 0.95570000 -0.29420000 -0.00000000
vn 0.96030000 -0.27900000 -0.00000000
vn 0.96040000 0.27880000 -0.00000000
vn 0.95570000 0.29420000 -0.00000000
vn 0.66150000 0.75000000 -0.00000000
vn 0.66150000 0.74990000 -0.00000000
vn 0.62490000 0.78070000 -0.00000000
vn 0.62490000 -0.78070000 -0.00000000
vn -0.00000000 -0.00000000 1.00000000
vn -0.00000000 -0.00000000 1.00000000
vn -0.00000000 -0.00000000 1.00000000
vn -0.00000000 -0.00000000 1.00000000
vn -0.00000000 -0.00000000 1.00000000
vn -0.00000000 -0.00000000 1.00000000
vn -0.00000000 -0.00000000 1.00000000
vn -0.00000000 -0.00000000 1.00000000
vn -0.00000000 -0.00000000 1.00000000
vn -0.00000000 -0.00000000 1.00000000
vn -0.00000000 -0.00000000 1.00000000
vn -0.00000000 -0.00000000 1.00000000
vn -0.62490000 -0.78070000 -0.00000000
vn -0.95570000 -0.29420000 -0.00000000
vn -0.66150000 -0.74990000 -0.00000000
vn -0.66150000 -0.75000000 -0.00000000
vn -0.96040000 -0.27880000 -0.00000000
vn -0.95570000 0.29420000 -0.00000000
vn -0.96030000 0.27890000 -0.00000000
vn -0.66150000 0.75000000 -0.00120000
vn -0.66150000 0.74990000 -0.00000000
vn -0.62490000 0.78070000 -0.00000000
vn -0.99900000 0.04460000 -0.00000000
vn -0.99900000 0.04460000 -0.00000000
vn -0.91510000 0.40320000 -0.00000000
vn -0.91510000 0.40320000 -0.00000000
vn -0.70710000 0.70710000 -0.00000000
vn -0.70710000 0.70710000 -0.00000000
vn -0.40320000 0.91510000 -0.00000000
vn -0.40320000 0.91510000 -0.00000000
vn -0.04460000 0.99900000 -0.00000000
vn -0.04460000 0.99900000 -0.00000000
vn -0.04460000 -0.99900000 -0.00000000
vn -0.04460000 -0.99900000 -0.00000000
vn -0.40320000 -0.91510000 -0.00000000
vn -0.40320000 -0.91510000 -0.00000000
vn -0.70710000 -0.70710000 -0.00000000
vn -0.70710000 -0.70710000 -0.00000000
vn -0.91510000 -0.40320000 -0.00000000
vn -0.91510000 -0.40320000 -0.00000000
vn -0.99900000 -0.04460000 -0.00000000
vn -0.99900000 -0.04460000 -0.00000000
vn 0.99900000 -0.04460000 -0.00000000
vn 0.99900000 -0.04460000 -0.00000000
vn 0.91510000 -0.40320000 -0.00000000
vn 0.91510000 -0.40320000 -0.00000000
vn 0.70710000 -0.70710000 -0.00000000
vn 0.70710000 -0.70710000 -0.00000000
vn 0.40320000 -0.91510000 -0.00000000
vn 0.40320000 -0.91510000 -0.00000000
vn 0.04460000 -0.99900000 -0.00000000
vn 0.04460000 -0.99900000 -0.00000000
vn 0.04460000 0.99900000 -0.00000000
vn 0.04460000 0.99900000 -0.00000000
vn 0.40320000 0.91510000 -0.00000000
vn 0.40320000 0.91510000 -0.00000000
vn 0.70710000 0.70710000 -0.00000000
vn 0.70710000 0.70710000 -0.00000000
vn 0.91510000 0.40320000 -0.00000000
vn 0.91510000 0.40320000 -0.00000000
vn 0.99900000 0.04460000 -0.00000000
vn 0.99900000 0.04460000 -0.00000000
vn 0.82420000 -0.56620000 -0.00000000
vn 0.82420000 -0.56630000 -0.00000000
vn 0.91460000 -0.40430000 -0.00000000
vn 0.91460000 -0.40430000 -0.00000000
vn 0.97360000 -0.22840000 -0.00000000
vn 0.99900000 -0.04460000 -0.00000000
vn 0.97360000 -0.22840000 -0.00000000
vn 0.04460000 -0.99900000 -0.00000000
vn 0.04460000 -0.99900000 -0.00000000
vn 0.22840000 -0.97360000 -0.00000000
vn 0.22840000 -0.97360000 -0.00000000
vn 0.40430000 -0.91460000 -0.00000000
vn 0.56620000 -0.82420000 -0.00000000
vn 0.56620000 -0.82420000 -0.00000000
vn 0.40430000 -0.91460000 -0.00000000
vn 0.56620000 0.82420000 -0.00000000
vn 0.56620000 0.82420000 -0.00000000
vn 0.40430000 0.91460000 -0.00000000
vn 0.40430000 0.91460000 -0.00000000
vn 0.22840000 0.97360000 -0.00000000
vn 0.04460000 0.99900000 -0.00000000
vn 0.04460000 0.99900000 -0.00000000
vn 0.22840000 0.97360000 -0.00000000
vn 0.99900000 0.04460000 -0.00000000
vn 0.99900000 0.04460000 -0.00000000
vn 0.97360000 0.22840000 -0.00000000
vn 0.97360000 0.22840000 -0.00000000
vn 0.91460000 0.40430000 -0.00000000
vn 0.82420000 0.56620000 -0.00000000
vn 0.82420000 0.56620000 -0.00000000
vn 0.91460000 0.40430000 -0.00000000
vn -0.99900000 -0.04460000 -0.00000000
vn -0.99900000 -0.04460000 -0.00000000
vn -0.97360000 -0.22840000 -0.00000000
vn -0.97360000 -0.22840000 -0.00000000
vn -0.91460000 -0.40430000 -0.00000000
vn -0.82420000 -0.56620000 -0.00000000
vn -0.82420000 -0.56620000 -0.00000000
vn -0.91460000 -0.40430000 -0.00000000
vn -0.56620000 -0.82420000 -0.00000000
vn -0.56630000 -0.82420000 -0.00000000
vn -0.40430000 -0.91460000 -0.00000000
vn -0.40430000 -0.91460000 -0.00000000
vn -0.22840000 -0.97360000 -0.00000000
vn -0.04460000 -0.99900000 -0.00000000
vn -0.04460000 -0.99900000 -0.00000000
vn -0.22840000 -0.97360000 -0.00000000
vn -0.04460000 0.99900000 -0.00000000
vn -0.04460000 0.99900000 -0.00000000
vn -0.22840000 0.97360000 -0.00000000
vn -0.22840000 0.97360000 -0.00000000
vn -0.40430000 0.91460000 -0.00000000
vn -0.56620000 0.82420000 -0.00000000
vn -0.56620000 0.82420000 -0.00000000
vn -0.40430000 0.91460000 -0.00000000
vn -0.82420000 0.56620000 -0.00000000
vn -0.82420000 0.56620000 -0.00000000
vn -0.91460000 0.40430000 -0.00000000
vn -0.91460000 0.40430000 -0.00000000
vn -0.97360000 0.22840000 -0.00000000
vn -0.99900000 0.04460000 -0.00000000
vn -0.99900000 0.04460000 -0.00000000
vn -0.97360000 0.22840000 -0.00000000
vn 0.58280000 0.40040000 -0.70710000
vn 0.63620000 0.30850000 -0.70710000
vn 0.58280000 0.40040000 -0.70710000
vn 0.63620000 0.30850000 -0.70710000
vn 0.67530000 0.20960000 -0.70710000
vn 0.67530000 0.20960000 -0.70710000
vn 0.69910000 0.10600000 -0.70720000
vn 0.69910000 0.10600000 -0.70720000
vn 0.70700000 -0.00000000 -0.70720000
vn 0.70700000 -0.00000000 -0.70720000
vn 0.69910000 -0.10600000 -0.70720000
vn 0.69910000 -0.10600000 -0.70720000
vn 0.67530000 -0.20960000 -0.70710000
vn 0.67530000 -0.20960000 -0.70710000
vn 0.63620000 -0.30850000 -0.70710000
vn 0.63620000 -0.30850000 -0.70710000
vn 0.58280000 -0.40040000 -0.70710000
vn 0.58280000 -0.40040000 -0.70710000
vn 0.58280000 -0.40040000 -0.70710000
vn 0.58280000 -0.40040000 -0.70710000
vn 0.64680000 -0.28590000 -0.70710000
vn 0.64680000 -0.28590000 -0.70710000
vn 0.68840000 -0.16150000 -0.70710000
vn 0.70640000 -0.03160000 -0.70710000
vn 0.70640000 -0.03150000 -0.70710000
vn 0.68840000 -0.16150000 -0.70710000
vn 0.58280000 0.40040000 -0.70710000
vn 0.58280000 0.40040000 -0.70710000
vn 0.64680000 0.28590000 -0.70710000
vn 0.64680000 0.28590000 -0.70710000
vn 0.68840000 0.16150000 -0.70710000
vn 0.70640000 0.03160000 -0.70710000
vn 0.70640000 0.03160000 -0.70710000
vn 0.68840000 0.16150000 -0.70720000
vn 0.70640000 -0.03160000 -0.70710000
vn 0.64710000 -0.28510000 -0.70710000
vn 0.70640000 -0.03160000 -0.70710000
vn 0.64710000 -0.28510000 -0.70710000
vn 0.50000000 -0.50000000 -0.70710000
vn 0.50000000 -0.50000000 -0.70710000
vn 0.28510000 -0.64710000 -0.70710000
vn 0.28510000 -0.64710000 -0.70710000
vn 0.03160000 -0.70640000 -0.70710000
vn 0.03160000 -0.70640000 -0.70710000
vn 0.70640000 0.03160000 -0.70710000
vn 0.64710000 0.28510000 -0.70710000
vn 0.70640000 0.03160000 -0.70710000
vn 0.64710000 0.28510000 -0.70710000
vn 0.50000000 0.50000000 -0.70710000
vn 0.50000000 0.50000000 -0.70710000
vn 0.28510000 0.64710000 -0.70710000
vn 0.28510000 0.64710000 -0.70710000
vn 0.03160000 0.70640000 -0.70710000
vn 0.03160000 0.70640000 -0.70710000
vn 0.03160000 -0.70640000 -0.70710000
vn 0.03160000 -0.70640000 -0.70710000
vn 0.16150000 -0.68840000 -0.70720000
vn 0.16150000 -0.68840000 -0.70720000
vn 0.28590000 -0.64680000 -0.70710000
vn 0.40040000 -0.58280000 -0.70710000
vn 0.40040000 -0.58280000 -0.70710000
vn 0.28590000 -0.64680000 -0.70710000
vn 0.03160000 0.70640000 -0.70710000
vn 0.03150000 0.70640000 -0.70710000
vn 0.16150000 0.68840000 -0.70710000
vn 0.16150000 0.68840000 -0.70710000
vn 0.28590000 0.64680000 -0.70710000
vn 0.40040000 0.58280000 -0.70710000
vn 0.40040000 0.58280000 -0.70710000
vn 0.28590000 0.64680000 -0.70710000
vn 0.40040000 -0.58280000 -0.70710000
vn 0.30850000 -0.63620000 -0.70710000
vn 0.40040000 -0.58280000 -0.70710000
vn 0.30850000 -0.63620000 -0.70710000
vn 0.20960000 -0.67530000 -0.70710000
vn 0.20960000 -0.67530000 -0.70710000
vn 0.10600000 -0.69910000 -0.70720000
vn 0.10600000 -0.69910000 -0.70720000
vn -0.00000000 -0.70700000 -0.70720000
vn -0.00000000 -0.70700000 -0.70720000
vn -0.10600000 -0.69910000 -0.70720000
vn -0.10600000 -0.69910000 -0.70720000
vn -0.20960000 -0.67530000 -0.70710000
vn -0.20960000 -0.67530000 -0.70710000
vn -0.30850000 -0.63620000 -0.70710000
vn -0.30850000 -0.63620000 -0.70710000
vn -0.40040000 -0.58280000 -0.70710000
vn -0.40040000 -0.58280000 -0.70710000
vn 0.40040000 0.58280000 -0.70710000
vn 0.30850000 0.63630000 -0.70710000
vn 0.40040000 0.58280000 -0.70710000
vn 0.30850000 0.63620000 -0.70710000
vn 0.20960000 0.67530000 -0.70710000
vn 0.20960000 0.67530000 -0.70710000
vn 0.10600000 0.69910000 -0.70720000
vn 0.10600000 0.69910000 -0.70720000
vn -0.00000000 0.70710000 -0.70720000
vn -0.00000000 0.70710000 -0.70720000
vn -0.10600000 0.69910000 -0.70720000
vn -0.10600000 0.69910000 -0.70720000
vn -0.20960000 0.67530000 -0.70710000
vn -0.20960000 0.67530000 -0.70710000
vn -0.30850000 0.63620000 -0.70710000
vn -0.30850000 0.63620000 -0.70710000
vn -0.40040000 0.58280000 -0.70710000
vn -0.40040000 0.58280000 -0.70710000
vn -0.40040000 -0.58280000 -0.70710000
vn -0.40040000 -0.58280000 -0.70710000
vn -0.28590000 -0.64680000 -0.70710000
vn -0.28590000 -0.64680000 -0.70710000
vn -0.16150000 -0.68840000 -0.70710000
vn -0.03160000 -0.70640000 -0.70710000
vn -0.03150000 -0.70640000 -0.70710000
vn -0.16150000 -0.68840000 -0.70710000
vn -0.40040000 0.58280000 -0.70710000
vn -0.40040000 0.58280000 -0.70710000
vn -0.28590000 0.64680000 -0.70710000
vn -0.28590000 0.64680000 -0.70710000
vn -0.16150000 0.68840000 -0.70710000
vn -0.03160000 0.70640000 -0.70710000
vn -0.03160000 0.70640000 -0.70710000
vn -0.16150000 0.68840000 -0.70720000
vn -0.03160000 -0.70640000 -0.70710000
vn -0.28510000 -0.64710000 -0.70710000
vn -0.03160000 -0.70640000 -0.70710000
vn -0.28510000 -0.64710000 -0.70710000
vn -0.50000000 -0.50000000 -0.70710000
vn -0.50000000 -0.50000000 -0.70710000
vn -0.64710000 -0.28510000 -0.70710000
vn -0.64710000 -0.28510000 -0.70710000
vn -0.70640000 -0.03160000 -0.70710000
vn -0.70640000 -0.03160000 -0.70710000
vn -0.03160000 0.70640000 -0.70710000
vn -0.28510000 0.64710000 -0.70710000
vn -0.03160000 0.70640000 -0.70710000
vn -0.28510000 0.64710000 -0.70710000
vn -0.50000000 0.50000000 -0.70710000
vn -0.50000000 0.50000000 -0.70710000
vn -0.64710000 0.28510000 -0.70710000
vn -0.64710000 0.28510000 -0.70710000
vn -0.70640000 0.03160000 -0.70710000
vn -0.70640000 0.03160000 -0.70710000
vn -0.70640000 -0.03160000 -0.70710000
vn -0.70640000 -0.03160000 -0.70710000
vn -0.68840000 -0.16150000 -0.70720000
vn -0.68840000 -0.16150000 -0.70720000
vn -0.64680000 -0.28590000 -0.70710000
vn -0.58280000 -0.40040000 -0.70710000
vn -0.58280000 -0.40040000 -0.70710000
vn -0.64680000 -0.28590000 -0.70710000
vn -0.70640000 0.03160000 -0.70710000
vn -0.70640000 0.03150000 -0.70710000
vn -0.68840000 0.16150000 -0.70710000
vn -0.68840000 0.16150000 -0.70710000
vn -0.64680000 0.28590000 -0.70710000
vn -0.58280000 0.40040000 -0.70710000
vn -0.58280000 0.40040000 -0.70710000
vn -0.64680000 0.28590000 -0.70710000
vn -0.58280000 -0.40040000 -0.70710000
vn -0.63620000 -0.30850000 -0.70710000
vn -0.58280000 -0.40040000 -0.70710000
vn -0.63620000 -0.30850000 -0.70710000
vn -0.67530000 -0.20960000 -0.70710000
vn -0.67530000 -0.20960000 -0.70710000
vn -0.69910000 -0.10600000 -0.70720000
vn -0.69910000 -0.10600000 -0.70720000
vn -0.70700000 -0.00000000 -0.70720000
vn -0.70700000 -0.00000000 -0.70720000
vn -0.69910000 0.10600000 -0.70720000
vn -0.69910000 0.10600000 -0.70720000
vn -0.67530000 0.20960000 -0.70710000
vn -0.67530000 0.20960000 -0.70710000
vn -0.63620000 0.30850000 -0.70710000
vn -0.63620000 0.30850000 -0.70710000
vn -0.58280000 0.40040000 -0.70710000
vn -0.58280000 0.40040000 -0.70710000
f 1//1 2//2 3//3
f 3//3 2//2 4//4
f 3//3 4//4 5//5
f 5//5 6//6 3//3
f 3//3 6//6 7//7
f 7//7 6//6 8//8
f 7//7 8//8 9//9
f 9//9 8//8 10//10
f 9//9 10//10 11//11
f 11//11 10//10 12//12
f 11//11 12//12 13//13
f 13//13 12//12 14//14
f 13//13 14//14 15//15
f 15//15 14//14 16//16
f 15//15 16//16 17//17
f 17//17 16//16 18//18
f 17//17 18//18 19//19
f 19//19 18//18 20//20
f 19//19 20//20 21//21
f 21//21 20//20 22//22
f 23//23 24//24 3//3
f 3//3 24//24 25//25
f 3//3 25//25 26//26
f 24//24 23//23 27//27
f 27//27 23//23 28//28
f 27//27 28//28 29//29
f 26//26 30//30 3//3
f 3//3 30//30 31//31
f 3//3 31//31 32//32
f 32//32 33//33 3//3
f 3//3 33//33 34//34
f 3//3 34//34 35//35
f 35//35 36//36 3//3
f 3//3 36//36 37//37
f 3//3 37//37 38//38
f 38//38 39//39 3//3
f 3//3 39//39 40//40
f 3//3 40//40 41//41
f 41//41 42//42 3//3
f 3//3 42//42 43//43
f 3//3 43//43 44//44
f 44//44 45//45 3//3
f 3//3 45//45 1//1
f 46//46 47//47 48//48
f 48//48 47//47 49//49
f 48//48 49//49 50//50
f 50//50 49//49 51//51
f 50//50 51//51 52//52
f 46//46 53//53 47//47
f 52//52 54//54 50//50
f 50//50 54//54 55//55
f 55//55 54//54 56//56
f 55//55 56//56 57//57
f 57//57 58//58 55//55
f 55//55 58//58 59//59
f 59//59 58//58 60//60
f 59//59 60//60 61//61
f 61//61 62//62 59//59
f 59//59 62//62 63//63
f 59//59 63//63 64//64
f 64//64 63//63 65//65
f 64//64 65//65 66//66
f 67//67 68//68 62//62
f 62//62 68//68 63//63
f 66//66 69//69 64//64
f 64//64 69//69 70//70
f 70//70 69//69 71//71
f 70//70 71//71 72//72
f 72//72 73//73 70//70
f 70//70 73//73 74//74
f 74//74 73//73 75//75
f 74//74 75//75 76//76
f 76//76 77//77 74//74
f 74//74 77//77 78//78
f 78//78 77//77 79//79
f 78//78 79//79 80//80
f 80//80 79//79 81//81
f 82//82 83//83 84//84
f 84//84 83//83 85//85
f 84//84 85//85 86//86
f 86//86 85//85 87//87
f 87//87 85//85 88//88
f 88//88 85//85 89//89
f 88//88 89//89 90//90
f 90//90 89//89 91//91
f 91//91 89//89 92//92
f 92//92 89//89 93//93
f 92//92 93//93 94//94
f 94//94 93//93 95//95
f 95//95 93//93 96//96
f 96//96 93//93 97//97
f 97//97 93//93 98//98
f 97//97 98//98 99//99
f 99//99 98//98 100//100
f 100//100 98//98 101//101
f 101//101 98//98 102//102
f 101//101 102//102 103//103
f 103//103 102//102 104//104
f 104//104 102//102 105//105
f 105//105 102//102 106//106
f 105//105 106//106 107//107
f 107//107 106//106 108//108
f 107//107 108//108 109//109
f 82//82 110//110 83//83
f 83//83 110//110 111//111
f 83//83 111//111 112//112
f 112//112 111//111 113//113
f 112//112 113//113 114//114
f 114//114 113//113 115//115
f 116//116 117//117 94//94
f 94//94 117//117 92//92
f 118//118 119//119 120//120
f 120//120 119//119 121//121
f 122//122 123//123 124//124
f 124//124 123//123 125//125
f 124//124 125//125 126//126
f 126//126 125//125 127//127
f 126//126 127//127 128//128
f 128//128 127//127 129//129
f 128//128 129//129 130//130
f 130//130 129//129 131//131
f 130//130 131//131 132//132
f 132//132 131//131 133//133
f 132//132 133//133 134//134
f 134//134 133//133 135//135
f 134//134 135//135 136//136
f 136//136 135//135 137//137
f 136//136 137//137 138//138
f 138//138 137//137 139//139
f 138//138 139//139 140//140
f 140//140 139//139 141//141
f 140//140 141//141 142//142
f 142//142 141//141 143//143
f 142//142 143//143 144//144
f 144//144 143//143 145//145
f 144//144 145//145 146//146
f 146//146 145//145 147//147
f 146//146 147//147 148//148
f 148//148 147//147 149//149
f 148//148 149//149 150//150
f 150//150 149//149 151//151
f 150//150 151//151 152//152
f 152//152 151//151 153//153
f 152//152 153//153 154//154
f 154//154 153//153 155//155
f 154//154 155//155 156//156
f 156//156 155//155 157//157
f 156//156 157//157 158//158
f 158//158 157//157 159//159
f 158//158 159//159 160//160
f 160//160 159//159 161//161
f 160//160 161//161 162//162
f 162//162 161//161 163//163
f 162//162 163//163 164//164
f 164//164 163//163 165//165
f 164//164 165//165 166//166
f 166//166 165//165 167//167
f 166//166 167//167 168//168
f 168//168 167//167 169//169
f 168//168 169//169 170//170
f 170//170 169//169 171//171
f 170//170 171//171 172//172
f 172//172 171//171 173//173
f 172//172 173//173 174//174
f 174//174 173//173 175//175
f 174//174 175//175 176//176
f 176//176 175//175 177//177
f 176//176 177//177 178//178
f 178//178 177//177 179//179
f 178//178 179//179 180//180
f 180//180 179//179 181//181
f 180//180 181//181 182//182
f 182//182 181//181 183//183
f 182//182 183//183 184//184
f 184//184 183//183 185//185
f 184//184 185//185 186//186
f 186//186 185//185 187//187
f 186//186 187//187 188//188
f 188//188 187//187 189//189
f 188//188 189//189 190//190
f 190//190 189//189 191//191
f 190//190 191//191 192//192
f 192//192 191//191 193//193
f 192//192 193//193 194//194
f 194//194 193//193 195//195
f 194//194 195//195 196//196
f 196//196 195//195 197//197
f 196//196 197//197 198//198
f 198//198 197//197 199//199
f 198//198 199//199 200//200
f 200//200 199//199 201//201
f 200//200 201//201 202//202
f 202//202 201//201 203//203
f 202//202 203//203 204//204
f 204//204 203//203 205//205
f 204//204 205//205 206//206
f 206//206 205//205 207//207
f 206//206 207//207 208//208
f 208//208 207//207 209//209
f 208//208 209//209 118//118
f 118//118 209//209 119//119
f 210//210 211//211 212//212
f 212//212 211//211 213//213
f 212//212 213//213 214//214
f 214//214 213//213 215//215
f 214//214 215//215 216//216
f 216//216 215//215 217//217
f 216//216 217//217 218//218
f 218//218 217//217 219//219
f 218//218 219//219 220//220
f 220//220 219//219 221//221
f 220//220 221//221 222//222
f 222//222 221//221 223//223
f 222//222 223//223 224//224
f 224//224 223//223 225//225
f 224//224 225//225 226//226
f 226//226 225//225 227//227
f 226//226 227//227 228//228
f 228//228 227//227 229//229
f 228//228 229//229 230//230
f 228//228 230//230 231//231
f 231//231 230//230 232//232
f 231//231 232//232 233//233
f 233//233 232//232 234//234
f 233//233 234//234 235//235
f 235//235 234//234 236//236
f 235//235 236//236 237//237
f 237//237 236//236 238//238
f 237//237 238//238 239//239
f 239//239 238//238 240//240
f 239//239 240//240 241//241
f 241//241 240//240 242//242
f 241//241 242//242 243//243
f 243//243 242//242 244//244
f 243//243 244//244 245//245
f 245//245 244//244 246//246
f 245//245 246//246 247//247
f 247//247 246//246 248//248
f 247//247 248//248 249//249
f 249//249 248//248 250//250
f 249//249 250//250 251//251
f 251//251 250//250 252//252
f 251//251 252//252 253//253
f 253//253 252//252 254//254
f 253//253 254//254 255//255
f 253//253 255//255 256//256
f 256//256 255//255 257//257
f 256//256 257//257 258//258
f 258//258 257//257 259//259
f 258//258 259//259 260//260
f 260//260 261//261 258//258
f 258//258 261//261 262//262
f 262//262 261//261 263//263
f 262//262 263//263 264//264
f 264//264 263//263 265//265
f 264//264 265//265 266//266
f 264//264 266//266 267//267
f 267//267 266//266 268//268
f 267//267 268//268 269//269
f 269//269 268//268 270//270
f 269//269 270//270 271//271
f 271//271 270//270 272//272
f 271//271 272//272 273//273
f 273//273 272//272 274//274
f 273//273 274//274 275//275
f 275//275 274//274 276//276
f 275//275 276//276 277//277
f 277//277 276//276 278//278
f 277//277 278//278 279//279
f 279//279 278//278 280//280
f 279//279 280//280 281//281
f 281//281 280//280 282//282
f 281//281 282//282 283//283
f 283//283 282//282 284//284
f 283//283 284//284 285//285
f 285//285 284//284 286//286
f 285//285 286//286 287//287
f 287//287 286//286 288//288
f 287//287 288//288 289//289
f 289//289 288//288 290//290
f 289//289 290//290 291//291
f 289//289 291//291 292//292
f 292//292 291//291 293//293
f 292//292 293//293 294//294
f 294//294 293//293 295//295
f 294//294 295//295 296//296
f 296//296 295//295 297//297
f 296//296 297//297 298//298
f 298//298 297//297 299//299
f 298//298 299//299 300//300
f 300//300 299//299 301//301
f 300//300 301//301 302//302
f 302//302 301//301 303//303
f 302//302 303//303 304//304
f 304//304 303//303 305//305
f 304//304 305//305 306//306
f 306//306 305//305 307//307
f 306//306 307//307 308//308
f 308//308 210//210 306//306
f 306//306 210//210 212//212
f 309//309 310//310 311//311
f 311//311 310//310 312//312
f 311//311 312//312 313//313
f 313//313 312//312 314//314
f 313//313 314//314 315//315
f 315//315 314//314 316//316
f 315//315 316//316 317//317
f 317//317 316//316 318//318
f 317//317 318//318 319//319
f 319//319 318//318 320//320
f 319//319 320//320 321//321
f 310//310 309//309 322//322
f 322//322 309//309 323//323
f 322//322 323//323 324//324
f 324//324 323//323 325//325
f 324//324 325//325 326//326
f 321//321 327//327 319//319
f 328//328 329//329 313//313
f 313//313 329//329 330//330
f 313//313 330//330 311//311
f 311//311 330//330 331//331
f 331//331 330//330 332//332
f 331//331 332//332 333//333
f 333//333 332//332 334//334
f 333//333 334//334 335//335
f 335//335 334//334 336//336
f 335//335 336//336 337//337
f 337//337 336//336 338//338
f 338//338 336//336 339//339
f 329//329 328//328 340//340
f 340//340 328//328 341//341
f 340//340 341//341 342//342
f 342//342 341//341 343//343
f 342//342 343//343 344//344
f 344//344 343//343 345//345
f 344//344 345//345 346//346
f 346//346 345//345 347//347
f 346//346 347//347 348//348
f 348//348 347//347 349//349
f 348//348 349//349 350//350
f 350//350 349//349 351//351
f 350//350 351//351 352//352
f 352//352 351//351 353//353
f 352//352 353//353 354//354
f 354//354 353//353 355//355
f 355//355 353//353 356//356
f 355//355 356//356 357//357
f 353//353 358//358 356//356
f 356//356 358//358 359//359
f 359//359 358//358 360//360
f 359//359 360//360 361//361
f 361//361 360//360 362//362
f 361//361 362//362 363//363
f 363//363 362//362 364//364
f 363//363 364//364 365//365
f 365//365 366//366 363//363
f 355//355 357//357 367//367
f 367//367 357//357 368//368
f 367//367 368//368 369//369
f 369//369 368//368 370//370
f 369//369 370//370 371//371
f 352//352 354//354 372//372
f 372//372 354//354 373//373
f 372//372 373//373 374//374
f 374//374 373//373 375//375
f 374//374 375//375 376//376
f 376//376 375//375 377//377
f 376//376 377//377 378//378
f 378//378 377//377 379//379
f 379//379 377//377 380//380
f 381//381 382//382 383//383
f 383//383 382//382 384//384
f 383//383 384//384 385//385
f 382//382 381//381 386//386
f 386//386 381//381 387//387
f 386//386 387//387 388//388
f 382//382 389//389 384//384
f 384//384 389//389 390//390
f 390//390 389//389 391//391
f 390//390 391//391 392//392
f 392//392 391//391 393//393
f 392//392 393//393 394//394
f 394//394 393//393 395//395
f 394//394 395//395 396//396
f 391//391 389//389 397//397
f 397//397 389//389 398//398
f 397//397 398//398 399//399
f 399//399 398//398 400//400
f 400//400 398//398 401//401
f 400//400 401//401 402//402
f 402//402 403//403 400//400
f 400//400 403//403 404//404
f 405//405 406//406 399//399
f 399//399 406//406 407//407
f 399//399 407//407 408//408
f 408//408 409//409 399//399
f 399//399 409//409 397//397
f 393//393 391//391 410//410
f 410//410 391//391 411//411
f 410//410 411//411 412//412
f 412//412 411//411 413//413
f 392//392 414//414 390//390
f 390//390 414//414 415//415
f 415//415 414//414 416//416
f 415//415 416//416 417//417
f 414//414 418//418 416//416
f 416//416 418//418 419//419
f 416//416 419//419 420//420
f 420//420 421//421 416//416
f 416//416 421//421 422//422
f 423//423 424//424 417//417
f 417//417 424//424 425//425
f 417//417 425//425 426//426
f 426//426 415//415 417//417
f 427//427 428//428 385//385
f 385//385 428//428 383//383
f 429//429 431//431 432//432
f 432//432 431//431 433//433
f 434//434 430//430 435//435
f 435//435 430//430 436//436
f 435//435 436//436 437//437
f 437//437 436//436 438//438
f 437//437 438//438 439//439
f 439//439 438//438 440//440
f 439//439 440//440 441//441
f 441//441 440//440 442//442
f 441//441 442//442 443//443
f 443//443 442//442 444//444
f 443//443 444//444 445//445
f 445//445 444//444 446//446
f 447//447 448//448 450//450
f 450//450 448//448 451//451
f 452//452 449//449 453//453
f 453//453 449//449 454//454
f 453//453 454//454 455//455
f 455//455 454//454 456//456
f 455//455 456//456 457//457
f 457//457 456//456 458//458
f 457//457 458//458 459//459
f 459//459 458//458 460//460
f 459//459 460//460 461//461
f 461//461 460//460 462//462
f 461//461 462//462 463//463
f 463//463 462//462 464//464
f 465//465 466//466 467//467
f 467//467 466//466 468//468
f 467//467 468//468 469//469
f 469//469 468//468 470//470
f 469//469 470//470 471//471
f 465//465 472//472 466//466
f 466//466 472//472 473//473
f 466//466 473//473 474//474
f 474//474 473//473 475//475
f 471//471 476//476 469//469
f 469//469 476//476 477//477
f 477//477 476//476 478//478
f 479//479 480//480 481//481
f 481//481 480//480 482//482
f 483//483 484//484 485//485
f 485//485 484//484 486//486
f 485//485 486//486 487//487
f 487//487 486//486 488//488
f 487//487 488//488 489//489
f 489//489 488//488 490//490
f 489//489 490//490 491//491
f 491//491 490//490 492//492
f 491//491 492//492 493//493
f 493//493 492//492 494//494
f 493//493 494//494 495//495
f 495//495 494//494 496//496
f 495//495 496//496 497//497
f 497//497 496//496 498//498
f 497//497 498//498 499//499
f 499//499 498//498 500//500
f 499//499 500//500 501//501
f 501//501 500//500 502//502
f 501//501 502//502 503//503
f 503//503 502//502 504//504
f 503//503 504//504 479//479
f 479//479 504//504 480//480
f 505//505 506//506 507//507
f 507//507 506//506 508//508
f 507//507 508//508 509//509
f 509//509 508//508 510//510
f 509//509 510//510 511//511
f 511//511 510//510 512//512
f 511//511 512//512 513//513
f 506//506 505//505 514//514
f 514//514 505//505 515//515
f 514//514 515//515 516//516
f 517//517 518//518 519//519
f 520//520 521//521 522//522
f 520//520 522//522 523//523
f 523//523 522//522 524//524
f 523//523 524//524 525//525
f 525//525 524//524 526//526
f 525//525 526//526 527//527
f 527//527 526//526 528//528
f 527//527 528//528 529//529
f 529//529 528//528 530//530
f 529//529 530//530 531//531
f 531//531 530//530 532//532
f 531//531 532//532 533//533
f 533//533 532//532 534//534
f 533//533 534//534 535//535
f 535//535 534//534 536//536
f 535//535 536//536 537//537
f 537//537 536//536 538//538
f 537//537 538//538 539//539
f 539//539 538//538 540//540
f 539//539 540//540 541//541
f 541//541 540//540 542//542
f 541//541 542//542 543//543
f 543//543 542//542 544//544
f 543//543 544//544 545//545
f 545//545 544//544 546//546
f 545//545 546//546 547//547
f 547//547 546//546 548//548
f 547//547 548//548 549//549
f 549//549 548//548 550//550
f 549//549 550//550 551//551
f 551//551 550//550 552//552
f 551//551 552//552 553//553
f 553//553 552//552 554//554
f 553//553 554//554 555//555
f 555//555 554//554 556//556
f 555//555 556//556 557//557
f 557//557 556//556 558//558
f 557//557 558//558 559//559
f 559//559 558//558 560//560
f 559//559 560//560 561//561
f 561//561 560//560 562//562
f 561//561 562//562 563//563
f 563//563 562//562 564//564
f 563//563 564//564 565//565
f 565//565 564//564 566//566
f 565//565 566//566 567//567
f 567//567 566//566 568//568
f 567//567 568//568 569//569
f 569//569 568//568 570//570
f 569//569 570//570 571//571
f 571//571 570//570 572//572
f 571//571 572//572 573//573
f 573//573 572//572 574//574
f 573//573 574//574 575//575
f 575//575 574//574 576//576
f 575//575 576//576 577//577
f 577//577 576//576 578//578
f 577//577 578//578 579//579
f 579//579 578//578 580//580
f 579//579 580//580 581//581
f 581//581 580//580 582//582
f 581//581 582//582 583//583
f 583//583 582//582 584//584
f 583//583 584//584 585//585
f 585//585 584//584 586//586
f 585//585 586//586 587//587
f 587//587 586//586 588//588
f 587//587 588//588 589//589
f 589//589 588//588 590//590
f 589//589 590//590 591//591
f 591//591 590//590 592//592
f 591//591 592//592 593//593
f 593//593 592//592 594//594
f 593//593 594//594 595//595
f 595//595 594//594 596//596
f 595//595 596//596 597//597
f 597//597 596//596 598//598
f 597//597 598//598 599//599
f 599//599 598//598 600//600
f 599//599 600//600 601//601
f 601//601 600//600 602//602
f 601//601 602//602 603//603
f 603//603 602//602 604//604
f 603//603 604//604 605//605
f 605//605 604//604 606//606
f 605//605 606//606 607//607
f 607//607 606//606 608//608
f 607//607 608//608 609//609
f 609//609 608//608 610//610
f 609//609 610//610 611//611
f 611//611 610//610 612//612
f 611//611 612//612 613//613
f 613//613 612//612 614//614
f 613//613 614//614 615//615
f 615//615 614//614 616//616
f 615//615 616//616 617//617
f 617//617 616//616 618//618
f 617//617 618//618 619//619
f 619//619 618//618 620//620
f 619//619 620//620 621//621
f 621//621 620//620 622//622
f 621//621 622//622 623//623
f 623//623 622//622 624//624
f 623//623 624//624 625//625
f 625//625 624//624 626//626
f 625//625 626//626 627//627
f 627//627 626//626 628//628
f 627//627 628//628 629//629
f 629//629 628//628 630//630
f 629//629 630//630 631//631
f 631//631 630//630 632//632
f 631//631 632//632 517//517
f 517//517 632//632 518//518
f 633//633 634//634 635//635
f 635//635 634//634 636//636
f 635//635 636//636 637//637
f 637//637 636//636 638//638
f 637//637 638//638 639//639
f 639//639 638//638 640//640
f 639//639 640//640 641//641
f 641//641 640//640 642//642
f 642//642 640//640 643//643
f 642//642 643//643 644//644
f 644//644 643//643 645//645
f 644//644 645//645 646//646
f 646//646 645//645 647//647
f 647//647 645//645 648//648
f 647//647 648//648 649//649
f 649//649 648//648 650//650
f 650//650 648//648 651//651
f 650//650 651//651 652//652
f 648//648 653//653 651//651
f 651//651 653//653 654//654
f 654//654 653//653 655//655
f 655//655 653//653 656//656
f 655//655 656//656 657//657
f 657//657 656//656 658//658
f 658//658 656//656 659//659
f 658//658 659//659 660//660
f 660//660 659//659 661//661
f 660//660 661//661 662//662
f 661//661 659//659 663//663
f 663//663 659//659 664//664
f 663//663 664//664 665//665
f 665//665 664//664 666//666
f 666//666 664//664 667//667
f 666//666 667//667 668//668
f 668//668 667//667 669//669
f 668//668 669//669 670//670
f 670//670 669//669 671//671
f 670//670 671//671 672//672
f 672//672 671//671 673//673
f 672//672 673//673 674//674
f 674//674 673//673 675//675
f 674//674 675//675 676//676
f 676//676 675//675 677//677
f 676//676 677//677 678//678
f 678//678 677//677 679//679
f 678//678 679//679 680//680
f 680//680 679//679 681//681
f 680//680 681//681 682//682
f 682//682 681//681 683//683
f 683//683 681//681 684//684
f 683//683 684//684 685//685
f 685//685 684//684 686//686
f 686//686 684//684 687//687
f 686//686 687//687 688//688
f 688//688 687//687 689//689
f 689//689 687//687 690//690
f 689//689 690//690 691//691
f 691//691 690//690 692//692
f 692//692 690//690 693//693
f 692//692 693//693 694//694
f 694//694 693//693 695//695
f 695//695 693//693 696//696
f 695//695 696//696 697//697
f 697//697 696//696 698//698
f 697//697 698//698 699//699
f 699//699 698//698 700//700
f 699//699 700//700 701//701
f 701//701 700//700 702//702
f 701//701 702//702 703//703
f 703//703 702//702 704//704
f 703//703 704//704 705//705
f 705//705 704//704 706//706
f 705//705 706//706 707//707
f 707//707 706//706 708//708
f 707//707 708//708 709//709
f 709//709 708//708 710//710
f 709//709 710//710 711//711
f 711//711 710//710 712//712
f 711//711 712//712 713//713
f 696//696 714//714 698//698
f 698//698 714//714 715//715
f 715//715 714//714 716//716
f 716//716 714//714 717//717
f 717//717 714//714 718//718
f 717//717 718//718 719//719
f 719//719 718//718 720//720
f 719//719 720//720 721//721
f 721//721 720//720 722//722
f 721//721 722//722 723//723
f 723//723 722//722 724//724
f 723//723 724//724 725//725
f 725//725 724//724 726//726
f 725//725 726//726 727//727
f 727//727 726//726 728//728
f 727//727 728//728 729//729
f 729//729 728//728 730//730
f 729//729 730//730 731//731
f 731//731 730//730 732//732
f 731//731 732//732 733//733
f 733//733 732//732 734//734
f 733//733 734//734 735//735
f 735//735 734//734 736//736
f 736//736 734//734 737//737
f 737//737 734//734 738//738
f 737//737 738//738 739//739
f 739//739 738//738 740//740
f 740//740 738//738 741//741
f 740//740 741//741 742//742
f 742//742 741//741 743//743
f 743//743 741//741 744//744
f 743//743 744//744 745//745
f 745//745 744//744 746//746
f 746//746 744//744 747//747
f 746//746 747//747 748//748
f 747//747 744//744 749//749
f 749//749 744//744 750//750
f 749//749 750//750 751//751
f 751//751 750//750 752//752
f 752//752 750//750 753//753
f 752//752 753//753 754//754
f 754//754 753//753 755//755
f 755//755 753//753 756//756
f 755//755 756//756 757//757
f 756//756 753//753 758//758
f 758//758 753//753 759//759
f 758//758 759//759 760//760
f 760//760 759//759 761//761
f 761//761 759//759 762//762
f 761//761 762//762 763//763
f 763//763 762//762 764//764
f 763//763 764//764 765//765
f 765//765 764//764 766//766
f 765//765 766//766 767//767
f 767//767 766//766 768//768
f 767//767 768//768 769//769
f 769//769 768//768 770//770
f 769//769 770//770 771//771
f 771//771 770//770 772//772
f 771//771 772//772 773//773
f 773//773 772//772 774//774
f 773//773 774//774 775//775
f 775//775 774//774 776//776
f 775//775 776//776 777//777
f 777//777 776//776 778//778
f 778//778 776//776 779//779
f 778//778 779//779 780//780
f 780//780 779//779 781//781
f 780//780 781//781 782//782
f 782//782 781//781 783//783
f 782//782 783//783 784//784
f 781//781 779//779 785//785
f 785//785 779//779 786//786
f 785//785 786//786 787//787
f 787//787 786//786 788//788
f 788//788 786//786 789//789
f 788//788 789//789 790//790
f 790//790 789//789 791//791
f 791//791 789//789 792//792
f 791//791 792//792 793//793
f 793//793 792//792 794//794
f 793//793 794//794 795//795
f 795//795 794//794 796//796
f 795//795 796//796 797//797
f 797//797 796//796 798//798
f 797//797 798//798 799//799
f 796//796 800//800 798//798
f 798//798 800//800 801//801
f 801//801 800//800 802//802
f 801//801 802//802 803//803
f 803//803 802//802 633//633
f 803//803 633//633 635//635
f 804//804 805//805 757//757
f 757//757 805//805 755//755
f 746//746 748//748 806//806
f 806//806 748//748 807//807
f 806//806 807//807 808//808
f 808//808 807//807 809//809
f 808//808 809//809 810//810
f 810//810 809//809 811//811
f 810//810 811//811 812//812
f 812//812 811//811 813//813
f 812//812 813//813 814//814
f 809//809 815//815 811//811
f 811//811 815//815 816//816
f 811//811 816//816 817//817
f 811//811 817//817 757//757
f 757//757 817//817 804//804
f 639//639 641//641 818//818
f 818//818 641//641 819//819
f 818//818 819//819 820//820
f 820//820 819//819 821//821
f 820//820 821//821 822//822
f 822//822 821//821 823//823
f 823//823 821//821 824//824
f 823//823 824//824 825//825
f 825//825 824//824 826//826
f 825//825 826//826 827//827
f 827//827 826//826 828//828
f 827//827 828//828 662//662
f 662//662 828//828 829//829
f 662//662 829//829 660//660
f 821//821 830//830 824//824
f 824//824 830//830 831//831
f 831//831 830//830 832//832
f 831//831 832//832 833//833
f 833//833 832//832 834//834
f 833//833 834//834 652//652
f 652//652 834//834 650//650
f 782//782 784//784 835//835
f 835//835 784//784 836//836
f 835//835 836//836 837//837
f 837//837 836//836 838//838
f 837//837 838//838 839//839
f 839//839 838//838 840//840
f 840//840 838//838 797//797
f 840//840 797//797 799//799
f 739//739 841//841 737//737
f 737//737 841//841 842//842
f 842//842 841//841 843//843
f 842//842 843//843 844//844
f 844//844 843//843 845//845
f 844//844 845//845 846//846
f 846//846 845//845 814//814
f 846//846 814//814 847//847
f 847//847 814//814 848//848
f 847//847 848//848 849//849
f 849//849 848//848 850//850
f 849//849 850//850 851//851
f 851//851 850//850 852//852
f 851//851 852//852 853//853
f 853//853 852//852 854//854
f 854//854 852//852 855//855
f 854//854 855//855 856//856
f 856//856 855//855 857//857
f 857//857 855//855 858//858
f 857//857 858//858 859//859
f 859//859 858//858 860//860
f 859//859 860//860 861//861
f 861//861 860//860 862//862
f 861//861 862//862 863//863
f 863//863 862//862 864//864
f 863//863 864//864 865//865
f 865//865 864//864 866//866
f 865//865 866//866 867//867
f 867//867 866//866 868//868
f 867//867 868//868 869//869
f 869//869 868//868 870//870
f 869//869 870//870 871//871
f 871//871 870//870 872//872
f 871//871 872//872 873//873
f 873//873 872//872 874//874
f 873//873 874//874 875//875
f 875//875 874//874 876//876
f 876//876 874//874 877//877
f 876//876 877//877 878//878
f 878//878 877//877 879//879
f 879//879 877//877 880//880
f 879//879 880//880 881//881
f 881//881 880//880 882//882
f 881//881 882//882 839//839
f 839//839 882//882 837//837
f 845//845 812//812 814//814
f 883//883 884//884 885//885
f 885//885 884//884 886//886
f 885//885 886//886 887//887
f 887//887 886//886 705//705
f 705//705 886//886 703//703
f 688//688 883//883 686//686
f 686//686 883//883 885//885
f 888//888 889//889 890//890
f 890//890 889//889 891//891
f 890//890 891//891 892//892
f 892//892 891//891 893//893
f 892//892 893//893 894//894
f 889//889 888//888 895//895
f 895//895 888//888 896//896
f 895//895 896//896 897//897
f 897//897 896//896 898//898
f 897//897 898//898 899//899
f 899//899 898//898 900//900
f 899//899 900//900 901//901
f 901//901 900//900 902//902
f 901//901 902//902 903//903
f 903//903 902//902 904//904
f 903//903 904//904 905//905
f 905//905 904//904 906//906
f 905//905 906//906 907//907
f 907//907 906//906 908//908
f 907//907 908//908 909//909
f 909//909 908//908 713//713
f 713//713 908//908 711//711
f 825//825 910//910 823//823
f 823//823 910//910 911//911
f 911//911 910//910 912//912
f 911//911 912//912 913//913
f 913//913 912//912 914//914
f 913//913 914//914 915//915
f 915//915 914//914 894//894
f 894//894 914//914 892//892
f 916//916 917//917 918//918
f 918//918 917//917 919//919
f 918//918 919//919 920//920
f 920//920 919//919 921//921
f 920//920 921//921 922//922
f 917//917 916//916 923//923
f 923//923 916//916 924//924
f 923//923 924//924 925//925
f 925//925 924//924 926//926
f 925//925 926//926 927//927
f 927//927 926//926 928//928
f 927//927 928//928 929//929
f 929//929 928//928 930//930
f 929//929 930//930 931//931
f 931//931 930//930 932//932
f 931//931 932//932 933//933
f 933//933 932//932 934//934
f 933//933 934//934 935//935
f 935//935 934//934 936//936
f 935//935 936//936 937//937
f 937//937 936//936 938//938
f 938//938 936//936 939//939
f 938//938 939//939 940//940
f 940//940 939//939 941//941
f 941//941 939//939 942//942
f 941//941 942//942 849//849
f 849//849 942//942 847//847
f 706//706 943//943 708//708
f 708//708 943//943 944//944
f 944//944 943//943 945//945
f 944//944 945//945 946//946
f 946//946 945//945 922//922
f 922//922 945//945 920//920
f 947//947 948//948 822//822
f 822//822 948//948 820//820
f 799//799 949//949 840//840
f 840//840 949//949 950//950
f 951//951 952//952 953//953
f 953//953 952//952 954//954
f 953//953 954//954 955//955
f 955//955 954//954 956//956
f 956//956 954//954 957//957
f 957//957 954//954 958//958
f 958//958 954//954 959//959
f 958//958 959//959 960//960
f 961//961 962//962 963//963
f 963//963 962//962 964//964
f 963//963 964//964 965//965
f 965//965 964//964 966//966
f 965//965 966//966 967//967
f 967//967 968//968 965//965
f 965//965 968//968 969//969
f 965//965 969//969 970//970
f 968//968 971//971 969//969
f 969//969 971//971 972//972
f 970//970 973//973 965//965
f 965//965 973//973 974//974
f 965//965 974//974 975//975
f 965//965 975//975 976//976
f 976//976 975//975 977//977
f 976//976 977//977 978//978
f 978//978 979//979 976//976
f 976//976 979//979 980//980
f 976//976 980//980 981//981
f 981//981 980//980 982//982
f 981//981 982//982 983//983
f 980//980 984//984 982//982
f 982//982 984//984 985//985
f 983//983 986//986 981//981
f 981//981 986//986 987//987
f 987//987 986//986 988//988
f 987//987 988//988 989//989
f 989//989 988//988 990//990
f 989//989 990//990 991//991
f 991//991 990//990 992//992
f 991//991 992//992 993//993
f 993//993 992//992 994//994
f 993//993 994//994 995//995
f 995//995 994//994 996//996
f 995//995 996//996 997//997
f 997//997 996//996 998//998
f 997//997 998//998 999//999
f 999//999 998//998 1000//1000
f 999//999 1000//1000 1001//1001
f 1001//1001 1000//1000 1002//1002
f 1001//1001 1002//1002 1003//1003
f 1003//1003 1002//1002 1004//1004
f 1003//1003 1004//1004 1005//1005
f 1005//1005 1004//1004 1006//1006
f 1005//1005 1006//1006 1007//1007
f 1007//1007 1006//1006 1008//1008
f 1007//1007 1008//1008 1009//1009
f 1009//1009 1008//1008 1010//1010
f 1009//1009 1010//1010 1011//1011
f 1011//1011 1010//1010 1012//1012
f 1011//1011 1012//1012 1013//1013
f 1013//1013 1012//1012 1014//1014
f 1013//1013 1014//1014 1015//1015
f 1013//1013 1015//1015 1016//1016
f 1016//1016 1015//1015 1017//1017
f 1016//1016 1017//1017 1018//1018
f 1018//1018 1017//1017 1019//1019
f 1018//1018 1019//1019 1020//1020
f 1020//1020 1019//1019 1021//1021
f 1020//1020 1021//1021 1022//1022
f 1022//1022 1021//1021 1023//1023
f 1022//1022 1023//1023 1024//1024
f 1024//1024 1023//1023 1025//1025
f 1024//1024 1025//1025 1026//1026
f 1026//1026 1025//1025 1027//1027
f 1026//1026 1027//1027 1028//1028
f 1028//1028 1027//1027 1029//1029
f 1028//1028 1029//1029 1030//1030
f 1030//1030 1029//1029 1031//1031
f 1030//1030 1031//1031 1032//1032
f 1032//1032 1031//1031 1033//1033
f 1032//1032 1033//1033 1034//1034
f 1034//1034 1033//1033 1035//1035
f 1034//1034 1035//1035 1036//1036
f 1036//1036 1035//1035 1037//1037
f 1036//1036 1037//1037 1038//1038
f 1038//1038 1037//1037 1039//1039
f 1038//1038 1039//1039 1040//1040
f 1040//1040 1039//1039 1041//1041
f 1040//1040 1041//1041 1042//1042
f 1042//1042 1041//1041 1043//1043
f 1042//1042 1043//1043 1044//1044
f 1044//1044 1043//1043 1045//1045
f 1044//1044 1045//1045 1046//1046
f 1046//1046 1045//1045 1047//1047
f 1046//1046 1047//1047 1048//1048
f 1048//1048 1047//1047 1049//1049
f 1048//1048 1049//1049 1050//1050
f 1050//1050 1049//1049 1051//1051
f 1050//1050 1051//1051 1052//1052
f 1052//1052 1051//1051 1053//1053
f 1052//1052 1053//1053 1054//1054
f 1054//1054 1053//1053 1055//1055
f 1054//1054 1055//1055 1056//1056
f 1056//1056 1055//1055 1057//1057
f 1056//1056 1057//1057 1058//1058
f 1058//1058 1057//1057 1059//1059
f 1058//1058 1059//1059 1060//1060
f 1060//1060 1059//1059 1061//1061
f 1060//1060 1061//1061 1062//1062
f 1060//1060 1062//1062 1063//1063
f 1063//1063 1062//1062 1064//1064
f 1063//1063 1064//1064 1065//1065
f 1065//1065 1064//1064 1066//1066
f 1065//1065 1066//1066 1067//1067
f 1067//1067 1066//1066 1068//1068
f 1067//1067 1068//1068 1069//1069
f 1069//1069 1068//1068 1070//1070
f 1069//1069 1070//1070 1071//1071
f 1071//1071 1070//1070 1072//1072
f 1071//1071 1072//1072 1073//1073
f 1073//1073 1072//1072 1074//1074
f 1073//1073 1074//1074 1075//1075
f 1075//1075 1074//1074 1076//1076
f 1075//1075 1076//1076 1077//1077
f 1077//1077 1076//1076 1078//1078
f 1077//1077 1078//1078 1079//1079
f 1079//1079 1078//1078 1080//1080
f 1079//1079 1080//1080 1081//1081
f 1081//1081 1080//1080 1082//1082
f 1081//1081 1082//1082 1083//1083
f 1083//1083 1082//1082 1084//1084
f 1083//1083 1084//1084 1085//1085
f 1085//1085 1084//1084 1086//1086
f 1085//1085 1086//1086 1087//1087
f 1087//1087 1086//1086 1088//1088
f 1087//1087 1088//1088 1089//1089
f 1089//1089 1088//1088 1090//1090
f 1089//1089 1090//1090 1091//1091
f 1092//1092 1093//1093 1091//1091
f 1091//1091 1093//1093 1094//1094
f 1091//1091 1094//1094 1089//1089
f 1089//1089 1094//1094 1095//1095
f 1089//1089 1095//1095 1096//1096
f 1096//1096 1095//1095 1097//1097
f 1096//1096 1097//1097 1098//1098
f 1098//1098 1099//1099 1096//1096
f 1096//1096 1099//1099 954//954
f 954//954 1099//1099 1100//1100
f 954//954 1100//1100 1101//1101
f 1101//1101 1102//1102 954//954
f 954//954 1102//1102 959//959
f 1103//1103 1104//1104 1105//1105
f 1105//1105 1104//1104 1106//1106
f 1105//1105 1106//1106 1107//1107
f 1107//1107 1106//1106 1108//1108
f 1107//1107 1108//1108 1109//1109
f 1109//1109 1108//1108 1110//1110
f 1109//1109 1110//1110 1111//1111
f 1111//1111 1110//1110 1112//1112
f 1111//1111 1112//1112 1113//1113
f 1113//1113 1112//1112 1114//1114
f 1113//1113 1114//1114 1115//1115
f 1115//1115 1114//1114 1116//1116
f 1115//1115 1116//1116 1117//1117
f 1117//1117 1116//1116 1118//1118
f 1117//1117 1118//1118 1119//1119
f 1119//1119 1118//1118 1120//1120
f 1121//1121 1122//1122 1123//1123
f 1123//1123 1122//1122 1124//1124
f 1123//1123 1124//1124 1125//1125
f 1125//1125 1124//1124 1126//1126
f 1125//1125 1126//1126 1127//1127
f 1127//1127 1126//1126 1128//1128
f 1127//1127 1128//1128 1129//1129
f 1129//1129 1128//1128 1130//1130
f 1129//1129 1130//1130 1131//1131
f 1131//1131 1130//1130 1132//1132
f 1131//1131 1132//1132 1133//1133
f 1133//1133 1132//1132 1134//1134
f 1133//1133 1134//1134 1135//1135
f 1135//1135 1134//1134 1136//1136
f 1135//1135 1136//1136 1137//1137
f 1137//1137 1136//1136 1138//1138
f 1139//1139 1140//1140 1141//1141
f 1141//1141 1140//1140 1142//1142
f 1141//1141 1142//1142 1143//1143
f 1143//1143 1142//1142 1144//1144
f 1143//1143 1144//1144 1145//1145
f 1145//1145 1144//1144 1146//1146
f 1145//1145 1146//1146 1147//1147
f 1147//1147 1146//1146 1148//1148
f 1147//1147 1148//1148 1149//1149
f 1149//1149 1148//1148 1150//1150
f 1149//1149 1150//1150 1151//1151
f 1151//1151 1150//1150 1152//1152
f 1151//1151 1152//1152 1153//1153
f 1153//1153 1152//1152 1154//1154
f 1153//1153 1154//1154 1155//1155
f 1155//1155 1154//1154 1156//1156
f 1157//1157 1158//1158 1159//1159
f 1159//1159 1158//1158 1160//1160
f 1159//1159 1160//1160 1161//1161
f 1161//1161 1160//1160 1162//1162
f 1161//1161 1162//1162 1163//1163
f 1163//1163 1162//1162 1164//1164
f 1163//1163 1164//1164 1165//1165
f 1165//1165 1164//1164 1166//1166
f 1165//1165 1166//1166 1167//1167
f 1167//1167 1166//1166 1168//1168
f 1167//1167 1168//1168 1169//1169
f 1169//1169 1168//1168 1170//1170
f 1169//1169 1170//1170 1171//1171
f 1171//1171 1170//1170 1172//1172
f 1171//1171 1172//1172 1173//1173
f 1173//1173 1172//1172 1174//1174
f 1175//1175 1176//1176 1177//1177
f 1177//1177 1176//1176 1178//1178
f 1177//1177 1178//1178 1179//1179
f 1179//1179 1178//1178 1180//1180
f 1179//1179 1180//1180 1181//1181
f 1181//1181 1180//1180 1182//1182
f 1181//1181 1182//1182 1183//1183
f 1183//1183 1182//1182 1184//1184
f 1183//1183 1184//1184 1185//1185
f 1185//1185 1184//1184 1186//1186
f 1185//1185 1186//1186 1187//1187
f 1187//1187 1186//1186 1188//1188
f 1187//1187 1188//1188 1189//1189
f 1189//1189 1188//1188 1190//1190
f 1189//1189 1190//1190 1191//1191
f 1191//1191 1190//1190 1192//1192
f 1191//1191 1192//1192 1193//1193
f 1193//1193 1192//1192 1194//1194
f 1193//1193 1194//1194 1195//1195
f 1195//1195 1194//1194 1196//1196
f 1195//1195 1196//1196 1197//1197
f 1197//1197 1196//1196 1198//1198
f 1197//1197 1198//1198 1199//1199
f 1199//1199 1198//1198 1200//1200
f 1199//1199 1200//1200 1201//1201
f 1201//1201 1200//1200 1202//1202
f 1201//1201 1202//1202 1203//1203
f 1203//1203 1202//1202 1204//1204
f 1203//1203 1204//1204 1205//1205
f 1205//1205 1204//1204 1206//1206
f 1205//1205 1206//1206 1207//1207
f 1207//1207 1206//1206 1208//1208
f 1207//1207 1208//1208 1209//1209
f 1209//1209 1208//1208 1210//1210
f 1209//1209 1210//1210 1211//1211
f 1211//1211 1210//1210 1212//1212
f 1211//1211 1212//1212 1213//1213
f 1213//1213 1212//1212 1214//1214
f 1213//1213 1214//1214 1215//1215
f 1215//1215 1214//1214 1216//1216
f 1215//1215 1216//1216 1217//1217
f 1217//1217 1216//1216 1218//1218
f 1217//1217 1218//1218 1219//1219
f 1219//1219 1218//1218 1220//1220
f 1219//1219 1220//1220 1221//1221
f 1221//1221 1220//1220 1222//1222
f 1221//1221 1222//1222 1223//1223
f 1223//1223 1222//1222 1224//1224
f 1225//1225 1226//1226 1227//1227
f 1227//1227 1226//1226 1228//1228
f 1227//1227 1228//1228 1229//1229
f 1229//1229 1228//1228 1230//1230
f 1229//1229 1230//1230 1231//1231
f 1231//1231 1230//1230 1232//1232
f 1231//1231 1232//1232 1233//1233
f 1233//1233 1232//1232 1234//1234
f 1233//1233 1234//1234 1235//1235
f 1235//1235 1234//1234 1236//1236
f 1235//1235 1236//1236 1237//1237
f 1237//1237 1236//1236 1238//1238
f 1237//1237 1238//1238 1239//1239
f 1239//1239 1238//1238 1240//1240
f 1239//1239 1240//1240 1241//1241
f 1241//1241 1240//1240 1242//1242
f 1241//1241 1242//1242 1243//1243
f 1243//1243 1242//1242 1244//1244
f 1243//1243 1244//1244 1245//1245
f 1245//1245 1244//1244 1246//1246
f 1245//1245 1246//1246 1247//1247
f 1247//1247 1246//1246 1248//1248
f 1247//1247 1248//1248 1249//1249
f 1249//1249 1248//1248 1250//1250
f 1249//1249 1250//1250 1251//1251
f 1251//1251 1250//1250 1252//1252
f 1251//1251 1252//1252 1253//1253
f 1253//1253 1252//1252 1254//1254
f 1253//1253 1254//1254 1255//1255
f 1255//1255 1254//1254 1256//1256
f 1255//1255 1256//1256 1257//1257
f 1257//1257 1256//1256 1258//1258
f 1257//1257 1258//1258 1259//1259
f 1259//1259 1258//1258 1260//1260
f 1259//1259 1260//1260 1261//1261
f 1261//1261 1260//1260 1262//1262
f 1261//1261 1262//1262 1263//1263
f 1263//1263 1262//1262 1264//1264
f 1263//1263 1264//1264 1265//1265
f 1265//1265 1264//1264 1266//1266
f 1265//1265 1266//1266 1267//1267
f 1267//1267 1266//1266 1268//1268
f 1267//1267 1268//1268 1269//1269
f 1269//1269 1268//1268 1270//1270
f 1269//1269 1270//1270 1271//1271
f 1271//1271 1270//1270 1272//1272
f 1271//1271 1272//1272 1273//1273
f 1273//1273 1272//1272 1274//1274
f 1275//1275 1276//1276 1277//1277
f 1277//1277 1276//1276 1278//1278
f 1277//1277 1278//1278 1279//1279
f 1279//1279 1278//1278 1280//1280
f 1280//1280 1278//1278 1281//1281
f 1280//1280 1281//1281 1282//1282
f 1282//1282 1281//1281 1283//1283
f 1282//1282 1283//1283 1284//1284
f 1284//1284 1283//1283 1285//1285
f 1284//1284 1285//1285 1286//1286
f 1286//1286 1285//1285 1287//1287
f 1286//1286 1287//1287 1288//1288
f 1289//1289 1290//1290 1291//1291
f 1291//1291 1290//1290 1292//1292
f 1291//1291 1292//1292 1293//1293
f 1293//1293 1292//1292 1294//1294
f 1293//1293 1294//1294 1295//1295
f 1295//1295 1294//1294 1296//1296
f 1295//1295 1296//1296 1297//1297
f 1297//1297 1296//1296 1298//1298
f 1297//1297 1298//1298 1299//1299
f 1299//1299 1298//1298 1300//1300
f 1299//1299 1300//1300 1301//1301
f 1301//1301 1300//1300 1302//1302
f 1302//1302 1300//1300 1303//1303
f 1302//1302 1303//1303 1304//1304
f 1304//1304 1303//1303 1305//1305
f 1304//1304 1305//1305 1306//1306
f 1306//1306 1305//1305 1307//1307
f 1306//1306 1307//1307 1308//1308
f 1292//1292 1309//1309 1294//1294
f 1296//1296 1310//1310 1298//1298
f 1298//1298 1310//1310 1311//1311
f 1298//1298 1311//1311 1300//1300
f 1300//1300 1311//1311 1303//1303
f 1310//1310 1307//1307 1311//1311
f 1311//1311 1307//1307 1305//1305
f 1311//1311 1305//1305 1303//1303
f 1306//1306 1308//1308 1312//1312
f 1312//1312 1308//1308 1313//1313
f 1312//1312 1313//1313 1314//1314
f 1314//1314 1313//1313 1315//1315
f 1314//1314 1315//1315 1316//1316
f 1316//1316 1315//1315 1317//1317
f 1316//1316 1317//1317 1318//1318
f 1318//1318 1317//1317 1319//1319
f 1319//1319 1317//1317 1320//1320
f 1319//1319 1320//1320 1321//1321
f 1321//1321 1320//1320 1322//1322
f 1321//1321 1322//1322 1323//1323
f 1323//1323 1322//1322 1324//1324
f 1323//1323 1324//1324 1325//1325
f 1313//1313 1326//1326 1315//1315
f 1315//1315 1326//1326 1327//1327
f 1315//1315 1327//1327 1317//1317
f 1317//1317 1327//1327 1320//1320
f 1326//1326 1324//1324 1327//1327
f 1327//1327 1324//1324 1322//1322
f 1327//1327 1322//1322 1320//1320
f 1323//1323 1325//1325 1328//1328
f 1328//1328 1325//1325 1329//1329
f 1328//1328 1329//1329 1330//1330
f 1330//1330 1329//1329 1331//1331
f 1330//1330 1331//1331 1332//1332
f 1332//1332 1331//1331 1333//1333
f 1332//1332 1333//1333 1334//1334
f 1334//1334 1333//1333 1335//1335
f 1335//1335 1333//1333 1336//1336
f 1335//1335 1336//1336 1337//1337
f 1337//1337 1336//1336 1338//1338
f 1337//1337 1338//1338 1339//1339
f 1339//1339 1338//1338 1340//1340
f 1339//1339 1340//1340 1341//1341
f 1329//1329 1342//1342 1331//1331
f 1331//1331 1342//1342 1343//1343
f 1331//1331 1343//1343 1333//1333
f 1333//1333 1343//1343 1336//1336
f 1342//1342 1340//1340 1343//1343
f 1343//1343 1340//1340 1338//1338
f 1343//1343 1338//1338 1336//1336
f 1344//1344 1345//1345 1341//1341
f 1341//1341 1345//1345 1346//1346
f 1341//1341 1346//1346 1339//1339
f 1339//1339 1346//1346 1347//1347
f 1339//1339 1347//1347 1337//1337
f 1337//1337 1347//1347 1348//1348
f 1337//1337 1348//1348 1335//1335
f 1345//1345 1344//1344 1349//1349
f 1349//1349 1344//1344 1350//1350
f 1349//1349 1350//1350 1351//1351
f 1351//1351 1350//1350 1352//1352
f 1351//1351 1352//1352 1353//1353
f 1353//1353 1352//1352 1354//1354
f 1353//1353 1354//1354 1355//1355
f 1355//1355 1354//1354 1356//1356
f 1356//1356 1354//1354 1357//1357
f 1356//1356 1357//1357 1358//1358
f 1358//1358 1357//1357 1359//1359
f 1358//1358 1359//1359 1360//1360
f 1360//1360 1359//1359 1361//1361
f 1360//1360 1361//1361 1362//1362
f 1362//1362 1361//1361 1363//1363
f 1362//1362 1363//1363 1364//1364
f 1350//1350 1365//1365 1352//1352
f 1352//1352 1365//1365 1366//1366
f 1352//1352 1366//1366 1354//1354
f 1354//1354 1366//1366 1357//1357
f 1365//1365 1367//1367 1366//1366
f 1366//1366 1367//1367 1368//1368
f 1366//1366 1368//1368 1357//1357
f 1357//1357 1368//1368 1359//1359
f 1368//1368 1367//1367 1361//1361
f 1361//1361 1367//1367 1363//1363
f 1369//1369 1370//1370 1364//1364
f 1364//1364 1370//1370 1371//1371
f 1364//1364 1371//1371 1362//1362
f 1362//1362 1371//1371 1372//1372
f 1362//1362 1372//1372 1360//1360
f 1360//1360 1372//1372 1373//1373
f 1360//1360 1373//1373 1358//1358
f 1370//1370 1369//1369 1374//1374
f 1374//1374 1369//1369 1375//1375
f 1374//1374 1375//1375 1376//1376
f 1376//1376 1375//1375 1377//1377
f 1376//1376 1377//1377 1378//1378
f 1378//1378 1377//1377 1379//1379
f 1378//1378 1379//1379 1380//1380
f 1380//1380 1379//1379 1381//1381
f 1381//1381 1379//1379 1382//1382
f 1381//1381 1382//1382 1383//1383
f 1383//1383 1382//1382 1384//1384
f 1383//1383 1384//1384 1385//1385
f 1385//1385 1384//1384 1386//1386
f 1385//1385 1386//1386 1387//1387
f 1387//1387 1386//1386 1388//1388
f 1387//1387 1388//1388 1389//1389
f 1389//1389 1388//1388 1390//1390
f 1375//1375 1391//1391 1377//1377
f 1377//1377 1391//1391 1392//1392
f 1377//1377 1392//1392 1379//1379
f 1379//1379 1392//1392 1382//1382
f 1391//1391 1393//1393 1392//1392
f 1392//1392 1393//1393 1394//1394
f 1392//1392 1394//1394 1382//1382
f 1382//1382 1394//1394 1384//1384
f 1394//1394 1393//1393 1386//1386
f 1386//1386 1393//1393 1395//1395
f 1386//1386 1395//1395 1396//1396
f 1396//1396 1397//1397 1386//1386
f 1386//1386 1397//1397 1398//1398
f 1386//1386 1398//1398 1388//1388
f 1399//1399 1400//1400 1389//1389
f 1389//1389 1400//1400 1401//1401
f 1389//1389 1401//1401 1387//1387
f 1387//1387 1401//1401 1402//1402
f 1387//1387 1402//1402 1385//1385
f 1385//1385 1402//1402 1403//1403
f 1385//1385 1403//1403 1383//1383
f 1400//1400 1399//1399 1404//1404
f 1404//1404 1399//1399 1405//1405
f 1404//1404 1405//1405 1406//1406
f 1406//1406 1405//1405 1407//1407
f 1406//1406 1407//1407 1408//1408
f 1408//1408 1407//1407 1409//1409
f 1408//1408 1409//1409 1410//1410
f 1410//1410 1409//1409 1411//1411
f 1410//1410 1411//1411 1412//1412
f 1412//1412 1411//1411 1413//1413
f 1412//1412 1413//1413 1414//1414
f 1414//1414 1413//1413 1415//1415
f 1414//1414 1415//1415 1416//1416
f 1416//1416 1415//1415 1417//1417
f 1416//1416 1417//1417 1418//1418
f 1418//1418 1417//1417 1419//1419
f 1418//1418 1419//1419 1420//1420
f 1420//1420 1419//1419 1421//1421
f 1420//1420 1421//1421 1422//1422
f 1422//1422 1421//1421 1423//1423
f 1422//1422 1423//1423 1424//1424
f 1424//1424 1423//1423 1425//1425
f 1424//1424 1425//1425 1426//1426
f 1426//1426 1425//1425 1427//1427
f 1426//1426 1427//1427 1428//1428
f 1428//1428 1427//1427 1429//1429
f 1428//1428 1429//1429 1430//1430
f 1430//1430 1429//1429 1431//1431
f 1430//1430 1431//1431 1432//1432
f 1432//1432 1431//1431 1433//1433
f 1432//1432 1433//1433 1434//1434
f 1434//1434 1433//1433 1435//1435
f 1434//1434 1435//1435 1436//1436
f 1436//1436 1435//1435 1437//1437
f 1436//1436 1437//1437 1438//1438
f 1405//1405 1439//1439 1407//1407
f 1407//1407 1439//1439 1440//1440
f 1407//1407 1440//1440 1409//1409
f 1409//1409 1440//1440 1411//1411
f 1439//1439 1441//1441 1440//1440
f 1440//1440 1441//1441 1442//1442
f 1440//1440 1442//1442 1411//1411
f 1411//1411 1442//1442 1413//1413
f 1442//1442 1441//1441 1443//1443
f 1443//1443 1441//1441 1444//1444
f 1443//1443 1444//1444 1417//1417
f 1417//1417 1444//1444 1419//1419
f 1423//1423 1445//1445 1425//1425
f 1425//1425 1445//1445 1446//1446
f 1425//1425 1446//1446 1427//1427
f 1427//1427 1446//1446 1429//1429
f 1445//1445 1447//1447 1446//1446
f 1446//1446 1447//1447 1448//1448
f 1446//1446 1448//1448 1429//1429
f 1429//1429 1448//1448 1431//1431
f 1448//1448 1447//1447 1449//1449
f 1449//1449 1447//1447 1437//1437
f 1449//1449 1437//1437 1435//1435
f 1436//1436 1438//1438 1450//1450
f 1450//1450 1438//1438 1451//1451
f 1450//1450 1451//1451 1452//1452
f 1452//1452 1451//1451 1453//1453
f 1452//1452 1453//1453 1454//1454
f 1454//1454 1453//1453 1455//1455
f 1454//1454 1455//1455 1456//1456
f 1456//1456 1455//1455 1457//1457
f 1457//1457 1455//1455 1458//1458
f 1457//1457 1458//1458 1459//1459
f 1459//1459 1458//1458 1460//1460
f 1459//1459 1460//1460 1461//1461
f 1461//1461 1460//1460 1462//1462
f 1461//1461 1462//1462 1463//1463
f 1451//1451 1464//1464 1453//1453
f 1453//1453 1464//1464 1465//1465
f 1453//1453 1465//1465 1455//1455
f 1455//1455 1465//1465 1458//1458
f 1464//1464 1462//1462 1465//1465
f 1465//1465 1462//1462 1460//1460
f 1465//1465 1460//1460 1458//1458
f 1461//1461 1463//1463 1466//1466
f 1466//1466 1463//1463 1467//1467
f 1466//1466 1467//1467 1468//1468
f 1468//1468 1467//1467 1469//1469
f 1468//1468 1469//1469 1470//1470
f 1470//1470 1469//1469 1471//1471
f 1470//1470 1471//1471 1472//1472
f 1472//1472 1471//1471 1473//1473
f 1473//1473 1471//1471 1474//1474
f 1473//1473 1474//1474 1475//1475
f 1475//1475 1474//1474 1476//1476
f 1475//1475 1476//1476 1477//1477
f 1477//1477 1476//1476 1478//1478
f 1477//1477 1478//1478 1479//1479
f 1467//1467 1480//1480 1469//1469
f 1469//1469 1480//1480 1481//1481
f 1469//1469 1481//1481 1471//1471
f 1471//1471 1481//1481 1474//1474
f 1480//1480 1478//1478 1481//1481
f 1481//1481 1478//1478 1476//1476
f 1481//1481 1476//1476 1474//1474
f 1477//1477 1479//1479 1284//1284
f 1284//1284 1479//1479 1282//1282
f 1482//1482 1483//1483 1484//1484
f 1484//1484 1483//1483 1485//1485
f 1484//1484 1485//1485 1486//1486
f 1486//1486 1485//1485 1276//1276
f 1487//1487 1291//1291 1293//1293
f 1483//1483 1482//1482 1488//1488
f 1488//1488 1482//1482 1287//1287
f 1488//1488 1287//1287 1285//1285
f 1286//1286 1288//1288 1475//1475
f 1475//1475 1288//1288 1473//1473
f 1472//1472 1489//1489 1470//1470
f 1470//1470 1489//1489 1490//1490
f 1470//1470 1490//1490 1468//1468
f 1468//1468 1490//1490 1466//1466
f 1490//1490 1489//1489 1491//1491
f 1491//1491 1489//1489 1492//1492
f 1491//1491 1492//1492 1459//1459
f 1459//1459 1492//1492 1457//1457
f 1456//1456 1493//1493 1454//1454
f 1454//1454 1493//1493 1494//1494
f 1454//1454 1494//1494 1452//1452
f 1452//1452 1494//1494 1450//1450
f 1494//1494 1493//1493 1495//1495
f 1495//1495 1493//1493 1496//1496
f 1495//1495 1496//1496 1434//1434
f 1434//1434 1496//1496 1432//1432
f 1428//1428 1497//1497 1426//1426
f 1426//1426 1497//1497 1498//1498
f 1426//1426 1498//1498 1424//1424
f 1424//1424 1498//1498 1422//1422
f 1497//1497 1499//1499 1498//1498
f 1498//1498 1499//1499 1500//1500
f 1498//1498 1500//1500 1422//1422
f 1422//1422 1500//1500 1420//1420
f 1500//1500 1499//1499 1501//1501
f 1501//1501 1499//1499 1502//1502
f 1501//1501 1502//1502 1416//1416
f 1416//1416 1502//1502 1414//1414
f 1410//1410 1503//1503 1408//1408
f 1408//1408 1503//1503 1504//1504
f 1408//1408 1504//1504 1406//1406
f 1406//1406 1504//1504 1404//1404
f 1503//1503 1505//1505 1504//1504
f 1504//1504 1505//1505 1506//1506
f 1504//1504 1506//1506 1404//1404
f 1404//1404 1506//1506 1400//1400
f 1506//1506 1505//1505 1507//1507
f 1507//1507 1505//1505 1508//1508
f 1507//1507 1508//1508 1402//1402
f 1402//1402 1508//1508 1403//1403
f 1378//1378 1380//1380 1509//1509
f 1509//1509 1380//1380 1510//1510
f 1509//1509 1510//1510 1511//1511
f 1511//1511 1510//1510 1512//1512
f 1511//1511 1512//1512 1513//1513
f 1513//1513 1512//1512 1372//1372
f 1513//1513 1372//1372 1371//1371
f 1512//1512 1373//1373 1372//1372
f 1353//1353 1355//1355 1514//1514
f 1514//1514 1355//1355 1515//1515
f 1514//1514 1515//1515 1516//1516
f 1516//1516 1515//1515 1517//1517
f 1516//1516 1517//1517 1518//1518
f 1518//1518 1517//1517 1347//1347
f 1518//1518 1347//1347 1346//1346
f 1517//1517 1348//1348 1347//1347
f 1334//1334 1519//1519 1332//1332
f 1332//1332 1519//1519 1520//1520
f 1332//1332 1520//1520 1330//1330
f 1330//1330 1520//1520 1328//1328
f 1520//1520 1519//1519 1521//1521
f 1521//1521 1519//1519 1522//1522
f 1521//1521 1522//1522 1321//1321
f 1321//1321 1522//1522 1319//1319
f 1318//1318 1523//1523 1316//1316
f 1316//1316 1523//1523 1524//1524
f 1316//1316 1524//1524 1314//1314
f 1314//1314 1524//1524 1312//1312
f 1524//1524 1523//1523 1525//1525
f 1525//1525 1523//1523 1526//1526
f 1525//1525 1526//1526 1304//1304
f 1304//1304 1526//1526 1302//1302
f 1301//1301 1527//1527 1299//1299
f 1299//1299 1527//1527 1528//1528
f 1299//1299 1528//1528 1297//1297
f 1297//1297 1528//1528 1295//1295
f 1528//1528 1527//1527 1529//1529
f 1529//1529 1527//1527 1530//1530
f 1529//1529 1530//1530 1487//1487
f 1487//1487 1530//1530 1531//1531
f 1276//1276 1485//1485 1278//1278
f 1278//1278 1485//1485 1483//1483
f 1278//1278 1483//1483 1281//1281
f 1281//1281 1483//1483 1488//1488
f 1281//1281 1488//1488 1283//1283
f 1283//1283 1488//1488 1285//1285
f 1529//1529 1487//1487 1293//1293
f 1528//1528 1529//1529 1295//1295
f 1295//1295 1529//1529 1293//1293
f 1525//1525 1304//1304 1306//1306
f 1524//1524 1525//1525 1312//1312
f 1312//1312 1525//1525 1306//1306
f 1521//1521 1321//1321 1323//1323
f 1520//1520 1521//1521 1328//1328
f 1328//1328 1521//1521 1323//1323
f 1349//1349 1516//1516 1345//1345
f 1345//1345 1516//1516 1518//1518
f 1345//1345 1518//1518 1346//1346
f 1516//1516 1349//1349 1514//1514
f 1514//1514 1349//1349 1351//1351
f 1514//1514 1351//1351 1353//1353
f 1361//1361 1359//1359 1368//1368
f 1374//1374 1511//1511 1370//1370
f 1370//1370 1511//1511 1513//1513
f 1370//1370 1513//1513 1371//1371
f 1511//1511 1374//1374 1509//1509
f 1509//1509 1374//1374 1376//1376
f 1509//1509 1376//1376 1378//1378
f 1386//1386 1384//1384 1394//1394
f 1402//1402 1401//1401 1507//1507
f 1507//1507 1401//1401 1400//1400
f 1507//1507 1400//1400 1506//1506
f 1415//1415 1413//1413 1443//1443
f 1443//1443 1413//1413 1442//1442
f 1417//1417 1415//1415 1443//1443
f 1416//1416 1418//1418 1501//1501
f 1501//1501 1418//1418 1420//1420
f 1501//1501 1420//1420 1500//1500
f 1433//1433 1431//1431 1449//1449
f 1449//1449 1431//1431 1448//1448
f 1435//1435 1433//1433 1449//1449
f 1434//1434 1436//1436 1495//1495
f 1495//1495 1436//1436 1450//1450
f 1495//1495 1450//1450 1494//1494
f 1459//1459 1461//1461 1491//1491
f 1491//1491 1461//1461 1466//1466
f 1491//1491 1466//1466 1490//1490
f 1475//1475 1477//1477 1286//1286
f 1286//1286 1477//1477 1284//1284
f 1532//1532 1533//1533 1534//1534
f 1534//1534 1533//1533 1535//1535
f 1535//1535 1533//1533 1536//1536
f 1535//1535 1536//1536 1537//1537
f 1537//1537 1536//1536 1538//1538
f 1537//1537 1538//1538 1539//1539
f 1539//1539 1538//1538 1540//1540
f 1541//1541 1542//1542 1543//1543
f 1543//1543 1542//1542 1544//1544
f 1544//1544 1542//1542 1545//1545
f 1544//1544 1545//1545 1546//1546
f 1546//1546 1545//1545 1547//1547
f 1546//1546 1547//1547 1548//1548
f 1548//1548 1547//1547 1549//1549
f 1550//1550 1551//1551 1552//1552
f 1552//1552 1551//1551 1553//1553
f 1552//1552 1553//1553 1554//1554
f 1554//1554 1553//1553 1555//1555
f 1554//1554 1555//1555 1556//1556
f 1556//1556 1555//1555 1557//1557
f 1556//1556 1557//1557 1558//1558
f 1559//1559 1560//1560 1561//1561
f 1561//1561 1560//1560 1562//1562
f 1562//1562 1560//1560 1563//1563
f 1562//1562 1563//1563 1564//1564
f 1564//1564 1563//1563 1565//1565
f 1564//1564 1565//1565 1566//1566
f 1566//1566 1565//1565 1567//1567
f 1568//1568 1569//1569 1570//1570
f 1570//1570 1569//1569 1571//1571
f 1570//1570 1571//1571 1572//1572
f 1572//1572 1571//1571 1573//1573
f 1572//1572 1573//1573 1574//1574
f 1574//1574 1573//1573 1575//1575
f 1576//1576 1577//1577 1578//1578
f 1578//1578 1577//1577 1579//1579
f 1578//1578 1579//1579 1580//1580
f 1580//1580 1579//1579 1581//1581
f 1580//1580 1581//1581 1582//1582
f 1582//1582 1581//1581 1583//1583
f 1584//1584 1585//1585 1586//1586
f 1586//1586 1585//1585 1587//1587
f 1586//1586 1587//1587 1588//1588
f 1588//1588 1587//1587 1589//1589
f 1588//1588 1589//1589 1590//1590
f 1590//1590 1589//1589 1591//1591
f 1592//1592 1593//1593 1594//1594
f 1594//1594 1593//1593 1595//1595
f 1594//1594 1595//1595 1596//1596
f 1596//1596 1595//1595 1597//1597
f 1596//1596 1597//1597 1598//1598
f 1598//1598 1597//1597 1599//1599
f 1600//1600 1601//1601 1602//1602
f 1602//1602 1601//1601 1603//1603
f 1602//1602 1603//1603 1604//1604
f 1604//1604 1603//1603 1605//1605
f 1605//1605 1603//1603 1606//1606
f 1605//1605 1606//1606 1607//1607
f 1607//1607 1606//1606 1608//1608
f 1607//1607 1608//1608 1609//1609
f 1610//1610 1611//1611 1612//1612
f 1612//1612 1611//1611 1613//1613
f 1612//1612 1613//1613 1614//1614
f 1614//1614 1613//1613 1615//1615
f 1614//1614 1615//1615 1616//1616
f 1616//1616 1615//1615 1617//1617
f 1618//1618 1619//1619 1620//1620
f 1620//1620 1619//1619 1621//1621
f 1620//1620 1621//1621 1622//1622
f 1622//1622 1621//1621 1623//1623
f 1622//1622 1623//1623 1624//1624
f 1624//1624 1623//1623 1625//1625
f 1626//1626 1627//1627 1628//1628
f 1628//1628 1627//1627 1629//1629
f 1628//1628 1629//1629 1630//1630
f 1630//1630 1629//1629 1631//1631
f 1630//1630 1631//1631 1632//1632
f 1632//1632 1631//1631 1633//1633
f 1634//1634 1635//1635 1636//1636
f 1636//1636 1635//1635 1637//1637
f 1636//1636 1637//1637 1638//1638
f 1638//1638 1637//1637 1639//1639
f 1638//1638 1639//1639 1640//1640
f 1640//1640 1639//1639 1641//1641
f 1642//1642 1643//1643 1644//1644
f 1644//1644 1643//1643 1645//1645
f 1644//1644 1645//1645 1646//1646
f 1646//1646 1645//1645 1647//1647
f 1646//1646 1647//1647 1648//1648
f 1648//1648 1647//1647 1649//1649
f 1649//1649 1647//1647 1650//1650
f 1649//1649 1650//1650 1651//1651
f 1652//1652 1653//1653 1654//1654
f 1654//1654 1653//1653 1655//1655
f 1654//1654 1655//1655 1656//1656
f 1656//1656 1655//1655 1657//1657
f 1656//1656 1657//1657 1658//1658
f 1658//1658 1657//1657 1659//1659
f 1660//1660 1661//1661 1662//1662
f 1662//1662 1661//1661 1663//1663
f 1662//1662 1663//1663 1664//1664
f 1664//1664 1663//1663 1665//1665
f 1664//1664 1665//1665 1666//1666
f 1666//1666 1665//1665 1667//1667
f 1668//1668 1669//1669 1670//1670
f 1670//1670 1669//1669 1671//1671
f 1670//1670 1671//1671 1672//1672
f 1672//1672 1671//1671 1673//1673
f 1672//1672 1673//1673 1674//1674
f 1674//1674 1673//1673 1675//1675
f 1676//1676 1677//1677 1678//1678
f 1678//1678 1677//1677 1679//1679
f 1678//1678 1679//1679 1680//1680
f 1680//1680 1679//1679 1681//1681
f 1680//1680 1681//1681 1682//1682
f 1682//1682 1681//1681 1683//1683
f 1684//1684 1685//1685 1686//1686
f 1686//1686 1685//1685 1687//1687
f 1686//1686 1687//1687 1688//1688
f 1688//1688 1687//1687 1689//1689
f 1688//1688 1689//1689 1690//1690
f 1690//1690 1689//1689 1691//1691
f 1692//1692 1693//1693 1694//1694
f 1694//1694 1693//1693 1695//1695
f 1694//1694 1695//1695 1696//1696
f 1696//1696 1695//1695 1697//1697
f 1696//1696 1697//1697 1698//1698
f 1698//1698 1697//1697 1699//1699
f 1700//1700 1701//1701 1702//1702
f 1702//1702 1701//1701 1703//1703
f 1702//1702 1703//1703 1704//1704
f 1704//1704 1703//1703 1705//1705
f 1704//1704 1705//1705 1706//1706
f 1706//1706 1705//1705 1707//1707
f 1708//1708 1709//1709 1710//1710
f 1710//1710 1709//1709 1711//1711
f 1710//1710 1711//1711 1712//1712
f 1712//1712 1711//1711 1713//1713
f 1712//1712 1713//1713 1714//1714
f 1714//1714 1713//1713 1715//1715
f 1716//1716 1717//1717 1718//1718
f 1718//1718 1717//1717 1719//1719
f 1718//1718 1719//1719 1720//1720
f 1720//1720 1719//1719 1721//1721
f 1720//1720 1721//1721 1722//1722
f 1722//1722 1721//1721 1723//1723
f 1723//1723 1721//1721 1724//1724
f 1723//1723 1724//1724 1725//1725
f 1726//1726 1728//1728 1730//1730
f 1729//1729 1727//1727 1731//1731
f 1730//1730 1732//1732 1734//1734
f 1735//1735 1733//1733 1736//1736
f 1737//1737 1732//1732 1738//1738
f 1739//1739 1740//1740 1726//1726
f 1726//1726 1740//1740 1741//1741
f 1726//1726 1741//1741 1742//1742
f 1740//1740 1739//1739 1743//1743
f 1743//1743 1739//1739 1744//1744
f 1743//1743 1744//1744 1745//1745
f 1745//1745 1746//1746 1743//1743
f 1743//1743 1746//1746 1747//1747
f 1747//1747 1746//1746 1748//1748
f 1747//1747 1748//1748 1749//1749
f 1749//1749 1748//1748 1750//1750
f 1749//1749 1750//1750 1751//1751
f 1751//1751 1750//1750 1752//1752
f 1751//1751 1752//1752 1753//1753
f 1751//1751 1753//1753 1754//1754
f 1754//1754 1753//1753 1755//1755
f 1754//1754 1755//1755 1756//1756
f 1756//1756 1755//1755 1757//1757
f 1756//1756 1757//1757 1758//1758
f 1758//1758 1757//1757 1759//1759
f 1758//1758 1759//1759 1760//1760
f 1760//1760 1759//1759 1761//1761
f 1760//1760 1761//1761 1762//1762
f 1762//1762 1763//1763 1760//1760
f 1760//1760 1763//1763 1764//1764
f 1764//1764 1763//1763 1765//1765
f 1764//1764 1765//1765 1766//1766
f 1766//1766 1765//1765 1767//1767
f 1767//1767 1765//1765 1768//1768
f 1768//1768 1765//1765 1769//1769
f 1768//1768 1769//1769 1771//1771
f 1771//1771 1769//1769 1772//1772
f 1770//1770 1773//1773 1775//1775
f 1774//1774 1776//1776 1771//1771
f 1742//1742 1728//1728 1726//1726
f 1777//1777 1778//1778 1779//1779
f 1779//1779 1778//1778 1780//1780
f 1779//1779 1780//1780 1781//1781
f 1781//1781 1780//1780 1782//1782
f 1782//1782 1780//1780 1783//1783
f 1784//1784 1785//1785 1777//1777
f 1777//1777 1785//1785 1786//1786
f 1777//1777 1786//1786 1787//1787
f 1785//1785 1784//1784 1788//1788
f 1788//1788 1784//1784 1789//1789
f 1788//1788 1789//1789 1790//1790
f 1790//1790 1791//1791 1788//1788
f 1788//1788 1791//1791 1792//1792
f 1792//1792 1791//1791 1793//1793
f 1792//1792 1793//1793 1794//1794
f 1794//1794 1793//1793 1795//1795
f 1794//1794 1795//1795 1796//1796
f 1796//1796 1795//1795 1797//1797
f 1796//1796 1797//1797 1798//1798
f 1796//1796 1798//1798 1799//1799
f 1799//1799 1798//1798 1800//1800
f 1799//1799 1800//1800 1801//1801
f 1801//1801 1800//1800 1802//1802
f 1801//1801 1802//1802 1803//1803
f 1803//1803 1802//1802 1804//1804
f 1803//1803 1804//1804 1805//1805
f 1805//1805 1804//1804 1806//1806
f 1805//1805 1806//1806 1807//1807
f 1807//1807 1808//1808 1805//1805
f 1805//1805 1808//1808 1809//1809
f 1809//1809 1808//1808 1810//1810
f 1809//1809 1810//1810 1811//1811
f 1811//1811 1810//1810 1812//1812
f 1812//1812 1810//1810 1813//1813
f 1813//1813 1810//1810 1814//1814
f 1813//1813 1814//1814 1815//1815
f 1815//1815 1814//1814 1816//1816
f 1815//1815 1816//1816 1817//1817
f 1817//1817 1818//1818 1815//1815
f 1787//1787 1778//1778 1777//1777
f 1819//1819 1820//1820 1821//1821
f 1821//1821 1820//1820 1822//1822
f 1821//1821 1822//1822 1823//1823
f 1823//1823 1822//1822 1824//1824
f 1823//1823 1824//1824 1825//1825
f 1825//1825 1824//1824 1826//1826
f 1825//1825 1826//1826 1827//1827
f 1827//1827 1826//1826 1828//1828
f 1827//1827 1828//1828 1829//1829
f 1829//1829 1828//1828 1830//1830
f 1829//1829 1830//1830 1831//1831
f 1831//1831 1830//1830 1832//1832
f 1831//1831 1832//1832 1833//1833
f 1833//1833 1832//1832 1834//1834
f 1833//1833 1834//1834 1835//1835
f 1835//1835 1834//1834 1836//1836
f 1835//1835 1836//1836 1837//1837
f 1837//1837 1836//1836 1838//1838
f 1839//1839 1840//1840 1841//1841
f 1841//1841 1840//1840 1842//1842
f 1842//1842 1840//1840 1843//1843
f 1843//1843 1840//1840 1844//1844
f 1843//1843 1844//1844 1845//1845
f 1845//1845 1844//1844 1846//1846
f 1845//1845 1846//1846 1847//1847
f 1847//1847 1848//1848 1845//1845
f 1845//1845 1848//1848 1849//1849
f 1849//1849 1848//1848 1850//1850
f 1849//1849 1850//1850 1851//1851
f 1851//1851 1850//1850 1852//1852
f 1851//1851 1852//1852 1853//1853
f 1853//1853 1852//1852 1854//1854
f 1853//1853 1854//1854 1855//1855
f 1853//1853 1855//1855 1856//1856
f 1856//1856 1855//1855 1857//1857
f 1856//1856 1857//1857 1858//1858
f 1858//1858 1857//1857 1859//1859
f 1858//1858 1859//1859 1860//1860
f 1860//1860 1859//1859 1861//1861
f 1860//1860 1861//1861 1862//1862
f 1862//1862 1863//1863 1860//1860
f 1860//1860 1863//1863 1864//1864
f 1864//1864 1863//1863 1865//1865
f 1864//1864 1865//1865 1866//1866
f 1866//1866 1865//1865 1867//1867
f 1867//1867 1865//1865 1868//1868
f 1869//1869 1870//1870 1871//1871
f 1871//1871 1870//1870 1872//1872
f 1871//1871 1872//1872 1873//1873
f 1873//1873 1872//1872 1874//1874
f 1873//1873 1874//1874 1875//1875
f 1875//1875 1874//1874 1876//1876
f 1875//1875 1876//1876 1877//1877
f 1877//1877 1876//1876 1878//1878
f 1877//1877 1878//1878 1879//1879
f 1879//1879 1878//1878 1880//1880
f 1879//1879 1880//1880 1881//1881
f 1881//1881 1880//1880 1882//1882
f 1881//1881 1882//1882 1883//1883
f 1883//1883 1882//1882 1884//1884
f 1883//1883 1884//1884 1885//1885
f 1885//1885 1884//1884 1886//1886
f 1887//1887 1888//1888 1889//1889
f 1889//1889 1888//1888 1890//1890
f 1890//1890 1888//1888 1891//1891
f 1891//1891 1888//1888 1892//1892
f 1891//1891 1892//1892 1893//1893
f 1893//1893 1892//1892 1894//1894
f 1893//1893 1894//1894 1895//1895
f 1895//1895 1896//1896 1893//1893
f 1893//1893 1896//1896 1897//1897
f 1897//1897 1896//1896 1898//1898
f 1897//1897 1898//1898 1899//1899
f 1899//1899 1898//1898 1900//1900
f 1899//1899 1900//1900 1901//1901
f 1901//1901 1900//1900 1902//1902
f 1901//1901 1902//1902 1903//1903
f 1901//1901 1903//1903 1904//1904
f 1904//1904 1903//1903 1905//1905
f 1904//1904 1905//1905 1906//1906
f 1906//1906 1905//1905 1907//1907
f 1906//1906 1907//1907 1908//1908
f 1908//1908 1907//1907 1909//1909
f 1908//1908 1909//1909 1910//1910
f 1910//1910 1911//1911 1908//1908
f 1908//1908 1911//1911 1912//1912
f 1912//1912 1911//1911 1913//1913
f 1912//1912 1913//1913 1914//1914
f 1914//1914 1913//1913 1915//1915
f 1915//1915 1913//1913 1916//1916
f 1917//1917 1918//1918 1919//1919
f 1919//1919 1918//1918 1920//1920
f 1919//1919 1920//1920 1921//1921
f 1921//1921 1920//1920 1922//1922
f 1922//1922 1920//1920 1923//1923
f 1923//1923 1920//1920 1924//1924
f 1923//1923 1924//1924 1925//1925
f 1925//1925 1924//1924 1926//1926
f 1926//1926 1924//1924 1927//1927
f 1927//1927 1924//1924 1928//1928
f 1927//1927 1928//1928 1929//1929
f 1929//1929 1928//1928 1930//1930
f 1930//1930 1928//1928 1931//1931
f 1931//1931 1928//1928 1932//1932
f 1932//1932 1928//1928 1933//1933
f 1932//1932 1933//1933 1934//1934
f 1934//1934 1933//1933 1935//1935
f 1935//1935 1933//1933 1936//1936
f 1936//1936 1933//1933 1937//1937
f 1936//1936 1937//1937 1938//1938
f 1938//1938 1937//1937 1939//1939
f 1939//1939 1937//1937 1940//1940
f 1940//1940 1937//1937 1941//1941
f 1940//1940 1941//1941 1942//1942
f 1942//1942 1941//1941 1943//1943
f 1942//1942 1943//1943 1944//1944
f 1917//1917 1945//1945 1918//1918
f 1918//1918 1945//1945 1946//1946
f 1918//1918 1946//1946 1947//1947
f 1947//1947 1946//1946 1948//1948
f 1947//1947 1948//1948 1949//1949
f 1949//1949 1948//1948 1950//1950
f 1951//1951 1952//1952 1929//1929
f 1929//1929 1952//1952 1927//1927
f 1953//1953 1954//1954 1955//1955
f 1955//1955 1954//1954 1956//1956
f 1956//1956 1954//1954 1957//1957
f 1957//1957 1954//1954 1958//1958
f 1957//1957 1958//1958 1959//1959
f 1959//1959 1958//1958 1960//1960
f 1959//1959 1960//1960 1961//1961
f 1959//1959 1961//1961 1962//1962
f 1962//1962 1961//1961 1963//1963
f 1962//1962 1963//1963 1964//1964
f 1964//1964 1963//1963 1965//1965
f 1964//1964 1965//1965 1966//1966
f 1966//1966 1965//1965 1967//1967
f 1966//1966 1967//1967 1968//1968
f 1966//1966 1968//1968 1969//1969
f 1969//1969 1968//1968 1970//1970
f 1969//1969 1970//1970 1971//1971
f 1969//1969 1971//1971 1972//1972
f 1972//1972 1971//1971 1973//1973
f 1972//1972 1973//1973 1974//1974
f 1974//1974 1973//1973 1975//1975
f 1974//1974 1975//1975 1976//1976
f 1976//1976 1975//1975 1977//1977
f 1976//1976 1977//1977 1978//1978
f 1976//1976 1978//1978 1980//1980
f 1980//1980 1978//1978 1983//1983
f 1979//1979 1984//1984 1986//1986
f 1985//1985 1982//1982 1988//1988
f 1987//1987 1981//1981 1989//1989
f 1990//1990 1991//1991 1992//1992
f 1992//1992 1991//1991 1993//1993
f 1993//1993 1991//1991 1994//1994
f 1994//1994 1991//1991 1995//1995
f 1994//1994 1995//1995 1996//1996
f 1996//1996 1995//1995 1997//1997
f 1996//1996 1997//1997 1998//1998
f 1996//1996 1998//1998 1999//1999
f 1999//1999 1998//1998 2000//2000
f 1999//1999 2000//2000 2001//2001
f 2001//2001 2000//2000 2002//2002
f 2001//2001 2002//2002 2003//2003
f 2003//2003 2002//2002 2004//2004
f 2003//2003 2004//2004 2005//2005
f 2003//2003 2005//2005 2006//2006
f 2006//2006 2005//2005 2007//2007
f 2006//2006 2007//2007 2008//2008
f 2006//2006 2008//2008 2009//2009
f 2009//2009 2008//2008 2010//2010
f 2009//2009 2010//2010 2011//2011
f 2011//2011 2010//2010 2012//2012
f 2011//2011 2012//2012 2013//2013
f 2013//2013 2012//2012 2014//2014
f 2013//2013 2014//2014 2015//2015
f 2013//2013 2015//2015 2016//2016
f 2016//2016 2015//2015 2017//2017
f 2016//2016 2017//2017 2018//2018
f 2018//2018 2017//2017 2019//2019
f 2019//2019 2017//2017 2020//2020
f 2021//2021 2022//2022 2023//2023
f 2023//2023 2022//2022 2024//2024
f 2024//2024 2022//2022 2025//2025
f 2024//2024 2025//2025 2026//2026
f 2026//2026 2025//2025 2027//2027
f 2026//2026 2027//2027 2028//2028
f 2028//2028 2027//2027 2029//2029
f 2028//2028 2029//2029 2030//2030
f 2028//2028 2030//2030 2031//2031
f 2031//2031 2030//2030 2032//2032
f 2031//2031 2032//2032 2033//2033
f 2033//2033 2032//2032 2034//2034
f 2033//2033 2034//2034 2035//2035
f 2035//2035 2034//2034 2036//2036
f 2035//2035 2036//2036 2037//2037
f 2035//2035 2037//2037 2038//2038
f 2038//2038 2037//2037 2039//2039
f 2038//2038 2039//2039 2040//2040
f 2040//2040 2039//2039 2041//2041
f 2040//2040 2041//2041 2042//2042
f 2042//2042 2041//2041 2043//2043
f 2042//2042 2043//2043 2044//2044
f 2042//2042 2044//2044 2045//2045
f 2045//2045 2044//2044 2046//2046
f 2045//2045 2046//2046 2047//2047
f 2047//2047 2046//2046 2048//2048
f 2047//2047 2048//2048 2049//2049
f 2049//2049 2048//2048 2050//2050
f 2051//2051 2052//2052 2054//2054
f 2054//2054 2052//2052 2055//2055
f 2053//2053 2056//2056 2057//2057
f 2058//2058 2055//2055 2059//2059
f 2058//2058 2059//2059 2060//2060
f 2055//2055 2061//2061 2059//2059
f 2059//2059 2061//2061 2062//2062
f 2057//2057 2063//2063 2053//2053
f 2064//2064 2065//2065 2066//2066
f 2066//2066 2065//2065 2067//2067
f 2066//2066 2067//2067 2068//2068
f 2068//2068 2067//2067 2069//2069
f 2068//2068 2069//2069 2070//2070
f 2070//2070 2069//2069 2071//2071
f 2070//2070 2071//2071 2072//2072
f 2072//2072 2071//2071 2073//2073
f 2072//2072 2073//2073 2074//2074
f 2074//2074 2073//2073 2075//2075
f 2074//2074 2075//2075 2076//2076
f 2076//2076 2075//2075 2077//2077
f 2076//2076 2077//2077 2078//2078
f 2078//2078 2077//2077 2079//2079
f 2078//2078 2079//2079 2080//2080
f 2080//2080 2079//2079 2081//2081
f 2082//2082 2083//2083 2085//2085
f 2085//2085 2083//2083 2087//2087
f 2084//2084 2086//2086 2088//2088
f 2088//2088 2086//2086 2090//2090
f 2082//2082 2091//2091 2083//2083
f 2083//2083 2092//2092 2087//2087
f 2093//2093 2094//2094 2089//2089
f 2089//2089 2094//2094 2085//2085
f 2095//2095 2096//2096 2097//2097
f 2097//2097 2096//2096 2098//2098
f 2098//2098 2096//2096 2099//2099
f 2098//2098 2099//2099 2100//2100
f 2100//2100 2099//2099 2101//2101
f 2100//2100 2101//2101 2102//2102
f 2102//2102 2101//2101 2103//2103
f 2102//2102 2103//2103 2104//2104
f 2104//2104 2103//2103 2105//2105
f 2104//2104 2105//2105 2106//2106
f 2106//2106 2105//2105 2107//2107
f 2106//2106 2107//2107 2108//2108
f 2108//2108 2107//2107 2109//2109
f 2108//2108 2109//2109 2110//2110
f 2110//2110 2109//2109 2111//2111
f 2110//2110 2111//2111 2112//2112
f 2107//2107 2113//2113 2109//2109
f 2112//2112 2114//2114 2110//2110
f 2115//2115 2116//2116 2117//2117
f 2117//2117 2116//2116 2118//2118
f 2117//2117 2118//2118 2119//2119
f 2119//2119 2118//2118 2120//2120
f 2119//2119 2120//2120 2121//2121
f 2121//2121 2120//2120 2122//2122
f 2121//2121 2122//2122 2123//2123
f 2123//2123 2122//2122 2124//2124
f 2123//2123 2124//2124 2125//2125
f 2125//2125 2124//2124 2126//2126
f 2125//2125 2126//2126 2127//2127
f 2127//2127 2126//2126 2128//2128
f 2127//2127 2128//2128 2129//2129
f 2129//2129 2128//2128 2130//2130
f 2131//2131 2132//2132 2133//2133
f 2133//2133 2132//2132 2134//2134
f 2134//2134 2132//2132 2135//2135
f 2134//2134 2135//2135 2136//2136
f 2136//2136 2135//2135 2137//2137
f 2136//2136 2137//2137 2138//2138
f 2138//2138 2137//2137 2139//2139
f 2138//2138 2139//2139 2140//2140
f 2138//2138 2140//2140 2141//2141
f 2141//2141 2140//2140 2142//2142
f 2141//2141 2142//2142 2143//2143
f 2143//2143 2142//2142 2144//2144
f 2143//2143 2144//2144 2145//2145
f 2145//2145 2144//2144 2146//2146
f 2145//2145 2146//2146 2147//2147
f 2145//2145 2147//2147 2148//2148
f 2148//2148 2147//2147 2149//2149
f 2148//2148 2149//2149 2150//2150
f 2150//2150 2149//2149 2151//2151
f 2150//2150 2151//2151 2152//2152
f 2152//2152 2151//2151 2153//2153
f 2152//2152 2153//2153 2154//2154
f 2152//2152 2154//2154 2155//2155
f 2155//2155 2154//2154 2156//2156
f 2155//2155 2156//2156 2157//2157
f 2157//2157 2156//2156 2158//2158
f 2157//2157 2158//2158 2159//2159
f 2159//2159 2158//2158 2160//2160
f 2161//2161 2162//2162 2163//2163
f 2163//2163 2162//2162 2164//2164
f 2163//2163 2164//2164 2165//2165
f 2163//2163 2165//2165 2166//2166
f 2166//2166 2165//2165 2167//2167
f 2166//2166 2167//2167 2168//2168
f 2166//2166 2168//2168 2169//2169
f 2169//2169 2168//2168 2170//2170
f 2169//2169 2170//2170 2171//2171
f 2171//2171 2170//2170 2172//2172
f 2171//2171 2172//2172 2173//2173
f 2173//2173 2172//2172 2174//2174
f 2173//2173 2174//2174 2175//2175
f 2175//2175 2174//2174 2176//2176
f 2175//2175 2176//2176 2177//2177
f 2177//2177 2176//2176 2178//2178
f 2177//2177 2178//2178 2179//2179
f 2179//2179 2178//2178 2180//2180
f 2181//2181 2182//2182 2183//2183
f 2183//2183 2182//2182 2184//2184
f 2183//2183 2184//2184 2186//2186
f 2187//2187 2185//2185 2189//2189
f 2187//2187 2189//2189 2190//2190
f 2184//2184 2191//2191 2188//2188
f 2188//2188 2191//2191 2192//2192
f 2186//2186 2193//2193 2183//2183
f 2194//2194 2195//2195 2197//2197
f 2197//2197 2195//2195 2198//2198
f 2196//2196 2199//2199 2201//2201
f 2201//2201 2199//2199 2202//2202
f 2194//2194 2203//2203 2195//2195
f 2195//2195 2204//2204 2198//2198
f 2205//2205 2206//2206 2200//2200
f 2200//2200 2206//2206 2197//2197
f 2207//2207 2208//2208 2209//2209
f 2209//2209 2208//2208 2210//2210
f 2210//2210 2208//2208 2211//2211
f 2210//2210 2211//2211 2212//2212
f 2212//2212 2211//2211 2213//2213
f 2212//2212 2213//2213 2214//2214
f 2214//2214 2213//2213 2215//2215
f 2214//2214 2215//2215 2216//2216
f 2216//2216 2215//2215 2217//2217
f 2216//2216 2217//2217 2218//2218
f 2218//2218 2217//2217 2219//2219
f 2218//2218 2219//2219 2220//2220
f 2220//2220 2219//2219 2221//2221
f 2220//2220 2221//2221 2222//2222
f 2222//2222 2221//2221 2223//2223
f 2222//2222 2223//2223 2224//2224
f 2219//2219 2225//2225 2221//2221
f 2224//2224 2226//2226 2222//2222
f 2227//2227 2228//2228 2229//2229
f 2229//2229 2228//2228 2230//2230
f 2229//2229 2230//2230 2231//2231
f 2231//2231 2230//2230 2232//2232
f 2231//2231 2232//2232 2233//2233
f 2233//2233 2232//2232 2234//2234
f 2235//2235 2236//2236 2237//2237
f 2237//2237 2236//2236 2238//2238
f 2237//2237 2238//2238 2239//2239
f 2239//2239 2238//2238 2240//2240
f 2239//2239 2240//2240 2241//2241
f 2241//2241 2240//2240 2242//2242
f 2243//2243 2244//2244 2245//2245
f 2245//2245 2244//2244 2246//2246
f 2245//2245 2246//2246 2247//2247
f 2247//2247 2246//2246 2248//2248
f 2247//2247 2248//2248 2249//2249
f 2249//2249 2248//2248 2250//2250
f 2251//2251 2252//2252 2253//2253
f 2253//2253 2252//2252 2254//2254
f 2253//2253 2254//2254 2255//2255
f 2255//2255 2254//2254 2256//2256
f 2255//2255 2256//2256 2257//2257
f 2257//2257 2256//2256 2258//2258
f 2259//2259 2260//2260 2261//2261
f 2261//2261 2260//2260 2262//2262
f 2261//2261 2262//2262 2263//2263
f 2263//2263 2262//2262 2264//2264
f 2264//2264 2262//2262 2265//2265
f 2264//2264 2265//2265 2266//2266
f 2266//2266 2265//2265 2267//2267
f 2266//2266 2267//2267 2268//2268
f 2269//2269 2270//2270 2271//2271
f 2271//2271 2270//2270 2272//2272
f 2271//2271 2272//2272 2273//2273
f 2273//2273 2272//2272 2274//2274
f 2273//2273 2274//2274 2275//2275
f 2275//2275 2274//2274 2276//2276
f 2277//2277 2278//2278 2279//2279
f 2279//2279 2278//2278 2280//2280
f 2279//2279 2280//2280 2281//2281
f 2281//2281 2280//2280 2282//2282
f 2281//2281 2282//2282 2283//2283
f 2283//2283 2282//2282 2284//2284
f 2285//2285 2286//2286 2287//2287
f 2287//2287 2286//2286 2288//2288
f 2287//2287 2288//2288 2289//2289
f 2289//2289 2288//2288 2290//2290
f 2289//2289 2290//2290 2291//2291
f 2291//2291 2290//2290 2292//2292
f 2293//2293 2294//2294 2295//2295
f 2295//2295 2294//2294 2296//2296
f 2295//2295 2296//2296 2297//2297
f 2297//2297 2296//2296 2298//2298
f 2297//2297 2298//2298 2299//2299
f 2299//2299 2298//2298 2300//2300
f 2301//2301 2302//2302 2303//2303
f 2303//2303 2302//2302 2304//2304
f 2303//2303 2304//2304 2305//2305
f 2305//2305 2304//2304 2306//2306
f 2306//2306 2304//2304 2307//2307
f 2308//2308 2309//2309 2301//2301
f 2301//2301 2309//2309 2310//2310
f 2301//2301 2310//2310 2311//2311
f 2309//2309 2308//2308 2312//2312
f 2312//2312 2308//2308 2313//2313
f 2312//2312 2313//2313 2314//2314
f 2314//2314 2315//2315 2312//2312
f 2312//2312 2315//2315 2316//2316
f 2316//2316 2315//2315 2317//2317
f 2316//2316 2317//2317 2318//2318
f 2318//2318 2317//2317 2319//2319
f 2318//2318 2319//2319 2320//2320
f 2320//2320 2319//2319 2321//2321
f 2320//2320 2321//2321 2322//2322
f 2320//2320 2322//2322 2323//2323
f 2323//2323 2322//2322 2324//2324
f 2323//2323 2324//2324 2325//2325
f 2325//2325 2324//2324 2326//2326
f 2325//2325 2326//2326 2327//2327
f 2327//2327 2326//2326 2328//2328
f 2327//2327 2328//2328 2329//2329
f 2329//2329 2328//2328 2330//2330
f 2329//2329 2330//2330 2331//2331
f 2331//2331 2332//2332 2329//2329
f 2329//2329 2332//2332 2333//2333
f 2333//2333 2332//2332 2334//2334
f 2333//2333 2334//2334 2335//2335
f 2335//2335 2334//2334 2336//2336
f 2336//2336 2334//2334 2337//2337
f 2337//2337 2334//2334 2338//2338
f 2337//2337 2338//2338 2339//2339
f 2339//2339 2338//2338 2340//2340
f 2339//2339 2340//2340 2341//2341
f 2341//2341 2342//2342 2339//2339
f 2311//2311 2302//2302 2301//2301
f 2343//2343 2344//2344 2345//2345
f 2345//2345 2344//2344 2346//2346
f 2345//2345 2346//2346 2347//2347
f 2347//2347 2346//2346 2348//2348
f 2347//2347 2348//2348 2349//2349
f 2349//2349 2348//2348 2350//2350
f 2349//2349 2350//2350 2351//2351
f 2351//2351 2350//2350 2352//2352
f 2351//2351 2352//2352 2353//2353
f 2353//2353 2352//2352 2354//2354
f 2353//2353 2354//2354 2355//2355
f 2355//2355 2354//2354 2356//2356
f 2355//2355 2356//2356 2357//2357
f 2357//2357 2356//2356 2358//2358
f 2357//2357 2358//2358 2359//2359
f 2359//2359 2358//2358 2360//2360
f 2359//2359 2360//2360 2361//2361
f 2361//2361 2360//2360 2362//2362
f 2363//2363 2364//2364 2365//2365
f 2365//2365 2364//2364 2366//2366
f 2366//2366 2364//2364 2367//2367
f 2367//2367 2364//2364 2368//2368
f 2367//2367 2368//2368 2369//2369
f 2369//2369 2368//2368 2370//2370
f 2369//2369 2370//2370 2371//2371
f 2371//2371 2372//2372 2369//2369
f 2369//2369 2372//2372 2373//2373
f 2373//2373 2372//2372 2374//2374
f 2373//2373 2374//2374 2375//2375
f 2375//2375 2374//2374 2376//2376
f 2375//2375 2376//2376 2377//2377
f 2377//2377 2376//2376 2378//2378
f 2377//2377 2378//2378 2379//2379
f 2377//2377 2379//2379 2380//2380
f 2380//2380 2379//2379 2381//2381
f 2380//2380 2381//2381 2382//2382
f 2382//2382 2381//2381 2383//2383
f 2382//2382 2383//2383 2384//2384
f 2384//2384 2383//2383 2385//2385
f 2384//2384 2385//2385 2386//2386
f 2386//2386 2387//2387 2384//2384
f 2384//2384 2387//2387 2388//2388
f 2388//2388 2387//2387 2389//2389
f 2388//2388 2389//2389 2390//2390
f 2390//2390 2389//2389 2391//2391
f 2391//2391 2389//2389 2392//2392
f 2393//2393 2394//2394 2395//2395
f 2395//2395 2394//2394 2396//2396
f 2395//2395 2396//2396 2397//2397
f 2397//2397 2396//2396 2398//2398
f 2397//2397 2398//2398 2399//2399
f 2399//2399 2398//2398 2400//2400
f 2399//2399 2400//2400 2401//2401
f 2401//2401 2400//2400 2402//2402
f 2401//2401 2402//2402 2403//2403
f 2403//2403 2402//2402 2404//2404
f 2403//2403 2404//2404 2405//2405
f 2405//2405 2404//2404 2406//2406
f 2405//2405 2406//2406 2407//2407
f 2407//2407 2406//2406 2408//2408
f 2407//2407 2408//2408 2409//2409
f 2409//2409 2408//2408 2410//2410
f 2411//2411 2412//2412 2413//2413
f 2413//2413 2412//2412 2414//2414
f 2414//2414 2412//2412 2415//2415
f 2415//2415 2412//2412 2416//2416
f 2415//2415 2416//2416 2417//2417
f 2417//2417 2416//2416 2418//2418
f 2417//2417 2418//2418 2419//2419
f 2417//2417 2419//2419 2420//2420
f 2420//2420 2419//2419 2421//2421
f 2420//2420 2421//2421 2422//2422
f 2422//2422 2421//2421 2423//2423
f 2422//2422 2423//2423 2424//2424
f 2424//2424 2423//2423 2425//2425
f 2424//2424 2425//2425 2426//2426
f 2424//2424 2426//2426 2427//2427
f 2427//2427 2426//2426 2428//2428
f 2427//2427 2428//2428 2429//2429
f 2427//2427 2429//2429 2430//2430
f 2430//2430 2429//2429 2431//2431
f 2430//2430 2431//2431 2432//2432
f 2432//2432 2431//2431 2433//2433
f 2432//2432 2433//2433 2434//2434
f 2434//2434 2433//2433 2435//2435
f 2434//2434 2435//2435 2436//2436
f 2434//2434 2436//2436 2437//2437
f 2437//2437 2436//2436 2438//2438
f 2437//2437 2438//2438 2439//2439
f 2439//2439 2438//2438 2440//2440
f 2440//2440 2438//2438 2441//2441
f 2442//2442 2443//2443 2444//2444
f 2444//2444 2443//2443 2445//2445
f 2445//2445 2443//2443 2446//2446
f 2445//2445 2446//2446 2447//2447
f 2447//2447 2446//2446 2448//2448
f 2447//2447 2448//2448 2449//2449
f 2449//2449 2448//2448 2450//2450
f 2449//2449 2450//2450 2451//2451
f 2449//2449 2451//2451 2452//2452
f 2452//2452 2451//2451 2453//2453
f 2452//2452 2453//2453 2454//2454
f 2454//2454 2453//2453 2455//2455
f 2454//2454 2455//2455 2456//2456
f 2456//2456 2455//2455 2457//2457
f 2456//2456 2457//2457 2458//2458
f 2456//2456 2458//2458 2459//2459
f 2459//2459 2458//2458 2460//2460
f 2459//2459 2460//2460 2461//2461
f 2461//2461 2460//2460 2462//2462
f 2461//2461 2462//2462 2463//2463
f 2463//2463 2462//2462 2464//2464
f 2463//2463 2464//2464 2465//2465
f 2463//2463 2465//2465 2466//2466
f 2466//2466 2465//2465 2467//2467
f 2466//2466 2467//2467 2468//2468
f 2468//2468 2467//2467 2469//2469
f 2468//2468 2469//2469 2470//2470
f 2470//2470 2469//2469 2471//2471
f 2472//2472 2473//2473 2474//2474
f 2474//2474 2473//2473 2475//2475
f 2474//2474 2475//2475 2476//2476
f 2474//2474 2476//2476 2477//2477
f 2477//2477 2476//2476 2478//2478
f 2477//2477 2478//2478 2479//2479
f 2477//2477 2479//2479 2480//2480
f 2480//2480 2479//2479 2481//2481
f 2480//2480 2481//2481 2482//2482
f 2482//2482 2481//2481 2483//2483
f 2482//2482 2483//2483 2484//2484
f 2484//2484 2483//2483 2485//2485
f 2484//2484 2485//2485 2486//2486
f 2486//2486 2485//2485 2487//2487
f 2486//2486 2487//2487 2488//2488
f 2488//2488 2487//2487 2489//2489
f 2488//2488 2489//2489 2490//2490
f 2490//2490 2489//2489 2491//2491
f 2492//2492 2493//2493 2494//2494
f 2494//2494 2493//2493 2496//2496
f 2495//2495 2497//2497 2499//2499
f 2498//2498 2496//2496 2500//2500
f 2498//2498 2500//2500 2501//2501
f 2496//2496 2502//2502 2500//2500
f 2500//2500 2502//2502 2503//2503
f 2499//2499 2504//2504 2495//2495
f 2505//2505 2506//2506 2507//2507
f 2507//2507 2506//2506 2508//2508
f 2507//2507 2508//2508 2509//2509
f 2509//2509 2508//2508 2510//2510
f 2509//2509 2510//2510 2511//2511
f 2511//2511 2510//2510 2512//2512
f 2511//2511 2512//2512 2513//2513
f 2513//2513 2512//2512 2514//2514
f 2513//2513 2514//2514 2515//2515
f 2515//2515 2514//2514 2516//2516
f 2515//2515 2516//2516 2517//2517
f 2517//2517 2516//2516 2518//2518
f 2517//2517 2518//2518 2519//2519
f 2519//2519 2518//2518 2520//2520
f 2519//2519 2520//2520 2521//2521
f 2521//2521 2520//2520 2522//2522
f 2523//2523 2524//2524 2525//2525
f 2525//2525 2524//2524 2528//2528
f 2526//2526 2527//2527 2530//2530
f 2530//2530 2527//2527 2531//2531
f 2523//2523 2532//2532 2524//2524
f 2524//2524 2533//2533 2528//2528
f 2534//2534 2535//2535 2529//2529
f 2529//2529 2535//2535 2525//2525
f 2536//2536 2537//2537 2538//2538
f 2538//2538 2537//2537 2539//2539
f 2538//2538 2539//2539 2540//2540
f 2540//2540 2539//2539 2541//2541
f 2540//2540 2541//2541 2542//2542
f 2542//2542 2541//2541 2543//2543
f 2542//2542 2543//2543 2544//2544
f 2544//2544 2543//2543 2545//2545
f 2544//2544 2545//2545 2546//2546
f 2546//2546 2545//2545 2547//2547
f 2546//2546 2547//2547 2548//2548
f 2548//2548 2547//2547 2549//2549
f 2548//2548 2549//2549 2550//2550
f 2550//2550 2549//2549 2551//2551
f 2552//2552 2553//2553 2554//2554
f 2554//2554 2553//2553 2555//2555
f 2554//2554 2555//2555 2556//2556
f 2556//2556 2555//2555 2557//2557
f 2557//2557 2555//2555 2558//2558
f 2557//2557 2558//2558 2559//2559
f 2560//2560 2561//2561 2562//2562
f 2562//2562 2561//2561 2563//2563
f 2562//2562 2563//2563 2564//2564
f 2564//2564 2563//2563 2565//2565
f 2565//2565 2563//2563 2566//2566
f 2565//2565 2566//2566 2567//2567
f 2568//2568 2569//2569 2570//2570
f 2570//2570 2569//2569 2571//2571
f 2570//2570 2571//2571 2572//2572
f 2572//2572 2571//2571 2573//2573
f 2572//2572 2573//2573 2574//2574
f 2574//2574 2573//2573 2575//2575
f 2574//2574 2575//2575 2576//2576
f 2576//2576 2575//2575 2577//2577
f 2578//2578 2579//2579 2580//2580
f 2580//2580 2579//2579 2581//2581
f 2580//2580 2581//2581 2582//2582
f 2582//2582 2581//2581 2583//2583
f 2584//2584 2585//2585 2586//2586
f 2586//2586 2585//2585 2587//2587
f 2586//2586 2587//2587 2588//2588
f 2588//2588 2587//2587 2589//2589
f 2555//2555 2590//2590 2558//2558
f 2558//2558 2590//2590 2591//2591
f 2591//2591 2590//2590 2592//2592
f 2591//2591 2592//2592 2593//2593
f 2593//2593 2592//2592 2594//2594
f 2593//2593 2594//2594 2595//2595
f 2595//2595 2594//2594 2596//2596
f 2595//2595 2596//2596 2597//2597
f 2598//2598 2599//2599 2600//2600
f 2600//2600 2599//2599 2601//2601
f 2600//2600 2601//2601 2602//2602
f 2600//2600 2602//2602 2603//2603
f 2603//2603 2602//2602 2604//2604
f 2603//2603 2604//2604 2605//2605
f 2605//2605 2604//2604 2606//2606
f 2605//2605 2606//2606 2607//2607
f 2608//2608 2609//2609 2610//2610
f 2610//2610 2609//2609 2611//2611
f 2611//2611 2609//2609 2612//2612
f 2611//2611 2612//2612 2613//2613
f 2614//2614 2615//2615 2616//2616
f 2616//2616 2615//2615 2617//2617
f 2617//2617 2615//2615 2618//2618
f 2617//2617 2618//2618 2619//2619
f 2619//2619 2618//2618 2620//2620
f 2619//2619 2620//2620 2621//2621
f 2621//2621 2620//2620 2622//2622
f 2623//2623 2624//2624 2625//2625
f 2625//2625 2624//2624 2626//2626
f 2625//2625 2626//2626 2627//2627
f 2627//2627 2626//2626 2628//2628
f 2627//2627 2628//2628 2629//2629
f 2629//2629 2628//2628 2630//2630
f 2629//2629 2630//2630 2631//2631
f 2632//2632 2633//2633 2634//2634
f 2634//2634 2633//2633 2635//2635
f 2635//2635 2633//2633 2636//2636
f 2635//2635 2636//2636 2637//2637
f 2638//2638 2639//2639 2640//2640
f 2640//2640 2639//2639 2641//2641
f 2640//2640 2641//2641 2642//2642
f 2642//2642 2641//2641 2643//2643
f 2642//2642 2643//2643 2644//2644
f 2644//2644 2643//2643 2645//2645
f 2644//2644 2645//2645 2646//2646
f 2647//2647 2648//2648 2649//2649
f 2649//2649 2648//2648 2650//2650
f 2650//2650 2648//2648 2651//2651
f 2650//2650 2651//2651 2652//2652
f 2652//2652 2651//2651 2653//2653
f 2652//2652 2653//2653 2654//2654
f 2654//2654 2653//2653 2655//2655
f 2656//2656 2657//2657 2658//2658
f 2658//2658 2657//2657 2659//2659
f 2658//2658 2659//2659 2660//2660
f 2660//2660 2659//2659 2661//2661
f 2662//2662 2663//2663 2664//2664
f 2664//2664 2663//2663 2665//2665
f 2664//2664 2665//2665 2666//2666
f 2666//2666 2665//2665 2667//2667
f 2666//2666 2667//2667 2668//2668
f 2668//2668 2667//2667 2669//2669
f 2668//2668 2669//2669 2670//2670
f 2670//2670 2669//2669 2671//2671
f 2672//2672 2673//2673 2674//2674
f 2674//2674 2673//2673 2675//2675
f 2675//2675 2673//2673 2676//2676
f 2676//2676 2673//2673 2677//2677
f 2676//2676 2677//2677 2678//2678
f 2678//2678 2677//2677 2679//2679
f 2678//2678 2679//2679 2680//2680
f 2677//2677 2681//2681 2679//2679
f 2679//2679 2681//2681 2682//2682
f 2682//2682 2681//2681 2683//2683
f 2683//2683 2681//2681 2684//2684
f 2683//2683 2684//2684 2685//2685
f 2685//2685 2684//2684 2686//2686
f 2686//2686 2684//2684 2687//2687
f 2686//2686 2687//2687 2688//2688
f 2688//2688 2687//2687 2689//2689
f 2688//2688 2689//2689 2690//2690
f 2690//2690 2689//2689 2691//2691
f 2690//2690 2691//2691 2692//2692
f 2692//2692 2691//2691 2693//2693
f 2692//2692 2693//2693 2694//2694
f 2694//2694 2693//2693 2695//2695
f 2694//2694 2695//2695 2696//2696
f 2696//2696 2695//2695 2697//2697
f 2696//2696 2697//2697 2698//2698
f 2689//2689 2687//2687 2699//2699
f 2699//2699 2687//2687 2700//2700
f 2699//2699 2700//2700 2701//2701
f 2701//2701 2700//2700 2702//2702
f 2702//2702 2700//2700 2703//2703
f 2696//2696 2698//2698 2704//2704
f 2704//2704 2698//2698 2705//2705
f 2704//2704 2705//2705 2706//2706
f 2706//2706 2705//2705 2680//2680
f 2680//2680 2705//2705 2678//2678
f 2707//2707 2708//2708 2709//2709
f 2709//2709 2708//2708 2710//2710
f 2710//2710 2708//2708 2711//2711
f 2711//2711 2708//2708 2712//2712
f 2711//2711 2712//2712 2713//2713
f 2713//2713 2712//2712 2714//2714
f 2714//2714 2712//2712 2715//2715
f 2714//2714 2715//2715 2716//2716
f 2716//2716 2715//2715 2717//2717
f 2717//2717 2715//2715 2718//2718
f 2717//2717 2718//2718 2719//2719
f 2720//2720 2721//2721 2722//2722
f 2722//2722 2721//2721 2723//2723
f 2722//2722 2723//2723 2724//2724
f 2725//2725 2726//2726 2724//2724
f 2724//2724 2726//2726 2722//2722
f 2727//2727 2728//2728 2729//2729
f 2729//2729 2728//2728 2730//2730
f 2729//2729 2730//2730 2731//2731
f 2731//2731 2730//2730 2732//2732
f 2732//2732 2730//2730 2733//2733
f 2732//2732 2733//2733 2734//2734
f 2734//2734 2733//2733 2735//2735
f 2735//2735 2733//2733 2736//2736
f 2735//2735 2736//2736 2737//2737
f 2737//2737 2736//2736 2738//2738
f 2738//2738 2736//2736 2739//2739
f 2738//2738 2739//2739 2740//2740
f 2740//2740 2739//2739 2741//2741
f 2741//2741 2739//2739 2742//2742
f 2741//2741 2742//2742 2743//2743
f 2744//2744 2746//2746 2747//2747
f 2748//2748 2745//2745 2749//2749
f 2749//2749 2745//2745 2750//2750
f 2750//2750 2745//2745 2751//2751
f 2750//2750 2751//2751 2752//2752
f 2753//2753 2754//2754 2755//2755
f 2755//2755 2754//2754 2756//2756
f 2755//2755 2756//2756 2757//2757
f 2755//2755 2757//2757 2758//2758
f 2758//2758 2757//2757 2759//2759
f 2758//2758 2759//2759 2760//2760
f 2758//2758 2760//2760 2761//2761
f 2761//2761 2760//2760 2762//2762
f 2761//2761 2762//2762 2763//2763
f 2764//2764 2765//2765 2763//2763
f 2763//2763 2765//2765 2761//2761
f 2766//2766 2767//2767 2768//2768
f 2768//2768 2767//2767 2769//2769
f 2769//2769 2767//2767 2770//2770
f 2770//2770 2767//2767 2771//2771
f 2770//2770 2771//2771 2772//2772
f 2772//2772 2771//2771 2773//2773
f 2772//2772 2773//2773 2774//2774
f 2773//2773 2771//2771 2775//2775
f 2775//2775 2771//2771 2776//2776
f 2775//2775 2776//2776 2777//2777
f 2777//2777 2776//2776 2778//2778
f 2778//2778 2776//2776 2779//2779
f 2778//2778 2779//2779 2780//2780
f 2780//2780 2779//2779 2781//2781
f 2781//2781 2779//2779 2782//2782
f 2781//2781 2782//2782 2783//2783
f 2783//2783 2782//2782 2784//2784
f 2784//2784 2782//2782 2785//2785
f 2784//2784 2785//2785 2786//2786
f 2786//2786 2785//2785 2787//2787
f 2787//2787 2785//2785 2788//2788
f 2781//2781 2783//2783 2789//2789
f 2789//2789 2783//2783 2790//2790
f 2789//2789 2790//2790 2791//2791
f 2791//2791 2790//2790 2792//2792
f 2792//2792 2790//2790 2793//2793
f 2792//2792 2793//2793 2794//2794
f 2794//2794 2793//2793 2795//2795
f 2794//2794 2795//2795 2796//2796
f 2794//2794 2796//2796 2797//2797
f 2797//2797 2796//2796 2798//2798
f 2797//2797 2798//2798 2799//2799
f 2799//2799 2798//2798 2800//2800
f 2799//2799 2800//2800 2774//2774
f 2774//2774 2800//2800 2772//2772
f 2801//2801 2802//2802 2803//2803
f 2803//2803 2802//2802 2804//2804
f 2804//2804 2802//2802 2805//2805
f 2805//2805 2802//2802 2806//2806
f 2805//2805 2806//2806 2807//2807
f 2807//2807 2806//2806 2808//2808
f 2808//2808 2806//2806 2809//2809
f 2808//2808 2809//2809 2810//2810
f 2810//2810 2809//2809 2811//2811
f 2811//2811 2809//2809 2812//2812
f 2811//2811 2812//2812 2813//2813
f 2814//2814 2815//2815 2816//2816
f 2816//2816 2815//2815 2817//2817
f 2816//2816 2817//2817 2818//2818
f 2819//2819 2820//2820 2818//2818
f 2818//2818 2820//2820 2816//2816
f 2821//2821 2822//2822 2823//2823
f 2823//2823 2822//2822 2824//2824
f 2823//2823 2824//2824 2825//2825
f 2825//2825 2824//2824 2826//2826
f 2826//2826 2824//2824 2827//2827
f 2826//2826 2827//2827 2828//2828
f 2828//2828 2827//2827 2829//2829
f 2829//2829 2827//2827 2830//2830
f 2829//2829 2830//2830 2831//2831
f 2831//2831 2830//2830 2832//2832
f 2832//2832 2830//2830 2833//2833
f 2832//2832 2833//2833 2834//2834
f 2834//2834 2833//2833 2835//2835
f 2835//2835 2833//2833 2836//2836
f 2835//2835 2836//2836 2837//2837
f 2838//2838 2840//2840 2842//2842
f 2841//2841 2839//2839 2843//2843
f 2843//2843 2839//2839 2844//2844
f 2844//2844 2839//2839 2845//2845
f 2844//2844 2845//2845 2846//2846
f 2847//2847 2848//2848 2849//2849
f 2849//2849 2848//2848 2850//2850
f 2849//2849 2850//2850 2851//2851
f 2849//2849 2851//2851 2852//2852
f 2852//2852 2851//2851 2853//2853
f 2852//2852 2853//2853 2854//2854
f 2852//2852 2854//2854 2855//2855
f 2855//2855 2854//2854 2856//2856
f 2855//2855 2856//2856 2857//2857
f 2858//2858 2859//2859 2857//2857
f 2857//2857 2859//2859 2855//2855
f 2860//2860 2861//2861 2862//2862
f 2862//2862 2861//2861 2863//2863
f 2863//2863 2861//2861 2864//2864
f 2864//2864 2861//2861 2865//2865
f 2864//2864 2865//2865 2866//2866
f 2866//2866 2865//2865 2867//2867
f 2866//2866 2867//2867 2868//2868
f 2867//2867 2865//2865 2869//2869
f 2869//2869 2865//2865 2870//2870
f 2869//2869 2870//2870 2871//2871
f 2871//2871 2870//2870 2872//2872
f 2872//2872 2870//2870 2873//2873
f 2872//2872 2873//2873 2874//2874
f 2874//2874 2873//2873 2875//2875
f 2875//2875 2873//2873 2876//2876
f 2875//2875 2876//2876 2877//2877
f 2877//2877 2876//2876 2878//2878
f 2878//2878 2876//2876 2879//2879
f 2878//2878 2879//2879 2880//2880
f 2880//2880 2879//2879 2881//2881
f 2881//2881 2879//2879 2882//2882
f 2875//2875 2877//2877 2883//2883
f 2883//2883 2877//2877 2884//2884
f 2883//2883 2884//2884 2885//2885
f 2885//2885 2884//2884 2886//2886
f 2886//2886 2884//2884 2887//2887
f 2886//2886 2887//2887 2888//2888
f 2888//2888 2887//2887 2889//2889
f 2888//2888 2889//2889 2890//2890
f 2888//2888 2890//2890 2891//2891
f 2891//2891 2890//2890 2892//2892
f 2891//2891 2892//2892 2893//2893
f 2866//2866 2868//2868 2893//2893
f 2893//2893 2868//2868 2894//2894
f 2893//2893 2894//2894 2891//2891
f 2895//2895 2896//2896 2897//2897
f 2897//2897 2896//2896 2898//2898
f 2898//2898 2896//2896 2899//2899
f 2899//2899 2896//2896 2900//2900
f 2899//2899 2900//2900 2901//2901
f 2901//2901 2900//2900 2902//2902
f 2902//2902 2900//2900 2903//2903
f 2902//2902 2903//2903 2904//2904
f 2904//2904 2903//2903 2905//2905
f 2905//2905 2903//2903 2906//2906
f 2905//2905 2906//2906 2907//2907
f 2908//2908 2909//2909 2910//2910
f 2910//2910 2909//2909 2911//2911
f 2910//2910 2911//2911 2912//2912
f 2913//2913 2914//2914 2912//2912
f 2912//2912 2914//2914 2910//2910
f 2915//2915 2916//2916 2917//2917
f 2917//2917 2916//2916 2918//2918
f 2917//2917 2918//2918 2919//2919
f 2919//2919 2918//2918 2920//2920
f 2920//2920 2918//2918 2921//2921
f 2920//2920 2921//2921 2922//2922
f 2922//2922 2921//2921 2923//2923
f 2923//2923 2921//2921 2924//2924
f 2923//2923 2924//2924 2925//2925
f 2925//2925 2924//2924 2926//2926
f 2926//2926 2924//2924 2927//2927
f 2926//2926 2927//2927 2928//2928
f 2928//2928 2927//2927 2929//2929
f 2929//2929 2927//2927 2930//2930
f 2929//2929 2930//2930 2931//2931
f 2932//2932 2933//2933 2935//2935
f 2936//2936 2934//2934 2937//2937
f 2937//2937 2934//2934 2938//2938
f 2938//2938 2934//2934 2939//2939
f 2938//2938 2939//2939 2940//2940
f 2941//2941 2942//2942 2943//2943
f 2943//2943 2942//2942 2944//2944
f 2943//2943 2944//2944 2945//2945
f 2943//2943 2945//2945 2946//2946
f 2946//2946 2945//2945 2947//2947
f 2946//2946 2947//2947 2948//2948
f 2946//2946 2948//2948 2949//2949
f 2949//2949 2948//2948 2950//2950
f 2949//2949 2950//2950 2951//2951
f 2952//2952 2953//2953 2951//2951
f 2951//2951 2953//2953 2949//2949
f 2954//2954 2955//2955 2956//2956
f 2956//2956 2955//2955 2957//2957
f 2957//2957 2955//2955 2958//2958
f 2958//2958 2955//2955 2959//2959
f 2958//2958 2959//2959 2960//2960
f 2960//2960 2959//2959 2961//2961
f 2960//2960 2961//2961 2962//2962
f 2959//2959 2963//2963 2961//2961
f 2961//2961 2963//2963 2964//2964
f 2964//2964 2963//2963 2965//2965
f 2965//2965 2963//2963 2966//2966
f 2965//2965 2966//2966 2967//2967
f 2967//2967 2966//2966 2968//2968
f 2968//2968 2966//2966 2969//2969
f 2968//2968 2969//2969 2970//2970
f 2970//2970 2969//2969 2971//2971
f 2970//2970 2971//2971 2972//2972
f 2972//2972 2971//2971 2973//2973
f 2972//2972 2973//2973 2974//2974
f 2974//2974 2973//2973 2975//2975
f 2975//2975 2973//2973 2976//2976
f 2975//2975 2976//2976 2977//2977
f 2971//2971 2969//2969 2978//2978
f 2978//2978 2969//2969 2979//2979
f 2978//2978 2979//2979 2980//2980
f 2980//2980 2979//2979 2981//2981
f 2981//2981 2979//2979 2982//2982
f 2975//2975 2977//2977 2983//2983
f 2983//2983 2977//2977 2984//2984
f 2983//2983 2984//2984 2985//2985
f 2983//2983 2985//2985 2986//2986
f 2986//2986 2985//2985 2987//2987
f 2986//2986 2987//2987 2988//2988
f 2988//2988 2987//2987 2962//2962
f 2962//2962 2987//2987 2960//2960
f 2989//2989 2990//2990 2991//2991
f 2991//2991 2990//2990 2992//2992
f 2992//2992 2990//2990 2993//2993
f 2993//2993 2990//2990 2994//2994
f 2993//2993 2994//2994 2995//2995
f 2995//2995 2994//2994 2996//2996
f 2996//2996 2994//2994 2997//2997
f 2996//2996 2997//2997 2998//2998
f 2998//2998 2997//2997 2999//2999
f 2999//2999 2997//2997 3000//3000
f 2999//2999 3000//3000 3001//3001
f 3002//3002 3003//3003 3004//3004
f 3004//3004 3003//3003 3005//3005
f 3004//3004 3005//3005 3006//3006
f 3007//3007 3008//3008 3006//3006
f 3006//3006 3008//3008 3004//3004
f 3009//3009 3010//3010 3011//3011
f 3011//3011 3010//3010 3012//3012
f 3011//3011 3012//3012 3013//3013
f 3013//3013 3012//3012 3014//3014
f 3014//3014 3012//3012 3015//3015
f 3014//3014 3015//3015 3016//3016
f 3016//3016 3015//3015 3017//3017
f 3017//3017 3015//3015 3018//3018
f 3017//3017 3018//3018 3019//3019
f 3019//3019 3018//3018 3020//3020
f 3020//3020 3018//3018 3021//3021
f 3020//3020 3021//3021 3022//3022
f 3022//3022 3021//3021 3023//3023
f 3023//3023 3021//3021 3024//3024
f 3023//3023 3024//3024 3025//3025
f 3026//3026 3028//3028 3029//3029
f 3030//3030 3027//3027 3031//3031
f 3031//3031 3027//3027 3032//3032
f 3032//3032 3027//3027 3033//3033
f 3032//3032 3033//3033 3034//3034
f 3035//3035 3036//3036 3037//3037
f 3037//3037 3036//3036 3038//3038
f 3037//3037 3038//3038 3039//3039
f 3037//3037 3039//3039 3040//3040
f 3040//3040 3039//3039 3041//3041
f 3040//3040 3041//3041 3042//3042
f 3040//3040 3042//3042 3043//3043
f 3043//3043 3042//3042 3044//3044
f 3043//3043 3044//3044 3045//3045
f 3046//3046 3047//3047 3045//3045
f 3045//3045 3047//3047 3043//3043
f 3048//3048 3049//3049 3050//3050
f 3050//3050 3049//3049 3051//3051
f 3050//3050 3051//3051 3052//3052
f 3052//3052 3051//3051 3053//3053
f 3052//3052 3053//3053 3054//3054
f 3054//3054 3053//3053 3055//3055
f 3054//3054 3055//3055 3056//3056
f 3056//3056 3055//3055 3057//3057
f 3056//3056 3057//3057 3058//3058
f 3058//3058 3057//3057 3059//3059
f 3058//3058 3059//3059 3060//3060
f 3060//3060 3059//3059 3061//3061
f 3060//3060 3061//3061 3062//3062
f 3062//3062 3061//3061 3063//3063
f 3062//3062 3063//3063 3064//3064
f 3064//3064 3063//3063 3065//3065
f 3066//3066 3067//3067 3068//3068
f 3068//3068 3067//3067 3069//3069
f 3068//3068 3069//3069 3070//3070
f 3070//3070 3069//3069 3071//3071
f 3070//3070 3071//3071 3072//3072
f 3072//3072 3071//3071 3073//3073
f 3072//3072 3073//3073 3074//3074
f 3074//3074 3073//3073 3075//3075
f 3074//3074 3075//3075 3076//3076
f 3076//3076 3075//3075 3077//3077
f 3076//3076 3077//3077 3078//3078
f 3078//3078 3077//3077 3079//3079
f 3078//3078 3079//3079 3080//3080
f 3080//3080 3079//3079 3081//3081
f 3080//3080 3081//3081 3082//3082
f 3082//3082 3081//3081 3083//3083
f 3082//3082 3083//3083 3084//3084
f 3084//3084 3083//3083 3085//3085
f 3086//3086 3087//3087 3088//3088
f 3088//3088 3087//3087 3089//3089
f 3088//3088 3089//3089 3090//3090
f 3090//3090 3089//3089 3091//3091
f 3090//3090 3091//3091 3092//3092
f 3092//3092 3091//3091 3093//3093
f 3092//3092 3093//3093 3094//3094
f 3094//3094 3093//3093 3095//3095
f 3094//3094 3095//3095 3096//3096
f 3096//3096 3095//3095 3097//3097
f 3096//3096 3097//3097 3098//3098
f 3098//3098 3097//3097 3099//3099
f 3098//3098 3099//3099 3100//3100
f 3100//3100 3099//3099 3101//3101
f 3100//3100 3101//3101 3102//3102
f 3102//3102 3101//3101 3103//3103
f 3104//3104 3105//3105 3106//3106
f 3106//3106 3105//3105 3107//3107
f 3106//3106 3107//3107 3108//3108
f 3108//3108 3107//3107 3109//3109
f 3108//3108 3109//3109 3110//3110
f 3110//3110 3109//3109 3111//3111
f 3110//3110 3111//3111 3112//3112
f 3112//3112 3111//3111 3113//3113
f 3112//3112 3113//3113 3114//3114
f 3114//3114 3113//3113 3115//3115
f 3114//3114 3115//3115 3116//3116
f 3116//3116 3115//3115 3117//3117
f 3116//3116 3117//3117 3118//3118
f 3118//3118 3117//3117 3119//3119
f 3118//3118 3119//3119 3120//3120
f 3120//3120 3119//3119 3121//3121
f 3120//3120 3121//3121 3122//3122
f 3122//3122 3121//3121 3123//3123
f 3124//3124 3125//3125 3126//3126
f 3126//3126 3125//3125 3127//3127
f 3127//3127 3125//3125 3128//3128
f 3127//3127 3128//3128 3129//3129
f 3130//3130 3131//3131 3132//3132
f 3132//3132 3131//3131 3133//3133
f 3132//3132 3133//3133 3134//3134
f 3134//3134 3133//3133 3135//3135
f 3134//3134 3135//3135 3136//3136
f 3136//3136 3135//3135 3137//3137
f 3136//3136 3137//3137 3138//3138
f 3138//3138 3137//3137 3139//3139
f 3138//3138 3139//3139 3140//3140
f 3140//3140 3139//3139 3141//3141
f 3140//3140 3141//3141 3142//3142
f 3142//3142 3141//3141 3143//3143
f 3142//3142 3143//3143 3144//3144
f 3144//3144 3143//3143 3145//3145
f 3144//3144 3145//3145 3146//3146
f 3146//3146 3145//3145 3147//3147
f 3146//3146 3147//3147 3148//3148
f 3148//3148 3147//3147 3149//3149
f 3150//3150 3151//3151 3152//3152
f 3152//3152 3151//3151 3153//3153
f 3152//3152 3153//3153 3154//3154
f 3154//3154 3153//3153 3155//3155
f 3154//3154 3155//3155 3156//3156
f 3156//3156 3155//3155 3157//3157
f 3156//3156 3157//3157 3158//3158
f 3158//3158 3157//3157 3159//3159
f 3158//3158 3159//3159 3160//3160
f 3160//3160 3159//3159 3161//3161
f 3160//3160 3161//3161 3162//3162
f 3162//3162 3161//3161 3163//3163
f 3162//3162 3163//3163 3164//3164
f 3164//3164 3163//3163 3165//3165
f 3164//3164 3165//3165 3166//3166
f 3166//3166 3165//3165 3167//3167
f 3168//3168 3169//3169 3170//3170
f 3171//3171 3172//3172 3173//3173
f 3171//3171 3173//3173 3174//3174
f 3174//3174 3173//3173 3175//3175
f 3174//3174 3175//3175 3176//3176
f 3177//3177 3178//3178 3168//3168
f 3168//3168 3178//3178 3179//3179
f 3168//3168 3179//3179 3180//3180
f 3181//3181 3182//3182 3177//3177
f 3177//3177 3182//3182 3183//3183
f 3177//3177 3183//3183 3184//3184
f 3182//3182 3181//3181 3185//3185
f 3185//3185 3181//3181 3186//3186
f 3185//3185 3186//3186 3187//3187
f 3187//3187 3186//3186 3188//3188
f 3187//3187 3188//3188 3189//3189
f 3189//3189 3188//3188 3190//3190
f 3190//3190 3188//3188 3191//3191
f 3191//3191 3188//3188 3192//3192
f 3192//3192 3188//3188 3193//3193
f 3193//3193 3188//3188 3194//3194
f 3193//3193 3194//3194 3195//3195
f 3195//3195 3194//3194 3196//3196
f 3196//3196 3194//3194 3197//3197
f 3197//3197 3194//3194 3198//3198
f 3198//3198 3194//3194 3199//3199
f 3199//3199 3194//3194 3200//3200
f 3200//3200 3194//3194 3201//3201
f 3200//3200 3201//3201 3202//3202
f 3202//3202 3201//3201 3203//3203
f 3203//3203 3201//3201 3204//3204
f 3204//3204 3201//3201 3205//3205
f 3205//3205 3201//3201 3206//3206
f 3206//3206 3201//3201 3207//3207
f 3206//3206 3207//3207 3208//3208
f 3208//3208 3207//3207 3209//3209
f 3208//3208 3209//3209 3210//3210
f 3210//3210 3209//3209 3211//3211
f 3211//3211 3209//3209 3212//3212
f 3212//3212 3209//3209 3213//3213
f 3213//3213 3209//3209 3214//3214
f 3214//3214 3209//3209 3215//3215
f 3215//3215 3209//3209 3216//3216
f 3216//3216 3209//3209 3217//3217
f 3216//3216 3217//3217 3218//3218
f 3218//3218 3217//3217 3219//3219
f 3219//3219 3217//3217 3220//3220
f 3219//3219 3220//3220 3221//3221
f 3221//3221 3220//3220 3222//3222
f 3221//3221 3222//3222 3223//3223
f 3223//3223 3222//3222 3224//3224
f 3223//3223 3224//3224 3225//3225
f 3225//3225 3224//3224 3226//3226
f 3225//3225 3226//3226 3227//3227
f 3227//3227 3226//3226 3228//3228
f 3227//3227 3228//3228 3229//3229
f 3229//3229 3228//3228 3230//3230
f 3229//3229 3230//3230 3231//3231
f 3231//3231 3230//3230 3232//3232
f 3232//3232 3230//3230 3233//3233
f 3232//3232 3233//3233 3234//3234
f 3234//3234 3233//3233 3235//3235
f 3235//3235 3233//3233 3236//3236
f 3236//3236 3233//3233 3237//3237
f 3237//3237 3233//3233 3238//3238
f 3238//3238 3233//3233 3239//3239
f 3238//3238 3239//3239 3240//3240
f 3240//3240 3239//3239 3241//3241
f 3241//3241 3239//3239 3242//3242
f 3242//3242 3239//3239 3243//3243
f 3243//3243 3239//3239 3244//3244
f 3243//3243 3244//3244 3245//3245
f 3245//3245 3244//3244 3246//3246
f 3246//3246 3244//3244 3247//3247
f 3246//3246 3247//3247 3248//3248
f 3248//3248 3247//3247 3249//3249
f 3249//3249 3247//3247 3250//3250
f 3250//3250 3247//3247 3251//3251
f 3251//3251 3247//3247 3252//3252
f 3252//3252 3247//3247 3253//3253
f 3253//3253 3247//3247 3254//3254
f 3254//3254 3247//3247 3255//3255
f 3254//3254 3255//3255 3256//3256
f 3256//3256 3255//3255 3257//3257
f 3257//3257 3255//3255 3258//3258
f 3258//3258 3255//3255 3259//3259
f 3259//3259 3255//3255 3260//3260
f 3260//3260 3255//3255 3261//3261
f 3260//3260 3261//3261 3262//3262
f 3262//3262 3261//3261 3263//3263
f 3263//3263 3261//3261 3264//3264
f 3263//3263 3264//3264 3265//3265
f 3265//3265 3264//3264 3266//3266
f 3266//3266 3264//3264 3267//3267
f 3267//3267 3264//3264 3268//3268
f 3268//3268 3264//3264 3269//3269
f 3269//3269 3264//3264 3270//3270
f 3270//3270 3264//3264 3271//3271
f 3271//3271 3264//3264 3272//3272
f 3271//3271 3272//3272 3273//3273
f 3273//3273 3272//3272 3274//3274
f 3274//3274 3272//3272 3275//3275
f 3275//3275 3272//3272 3276//3276
f 3275//3275 3276//3276 3277//3277
f 3277//3277 3276//3276 3278//3278
f 3277//3277 3278//3278 3279//3279
f 3279//3279 3278//3278 3280//3280
f 3279//3279 3280//3280 3281//3281
f 3281//3281 3280//3280 3282//3282
f 3281//3281 3282//3282 3283//3283
f 3283//3283 3282//3282 3284//3284
f 3283//3283 3284//3284 3285//3285
f 3285//3285 3284//3284 3286//3286
f 3285//3285 3286//3286 3287//3287
f 3287//3287 3286//3286 3288//3288
f 3287//3287 3288//3288 3289//3289
f 3289//3289 3288//3288 3290//3290
f 3290//3290 3288//3288 3291//3291
f 3291//3291 3288//3288 3292//3292
f 3292//3292 3288//3288 3293//3293
f 3292//3292 3293//3293 3294//3294
f 3294//3294 3293//3293 3295//3295
f 3295//3295 3293//3293 3296//3296
f 3296//3296 3293//3293 3297//3297
f 3297//3297 3293//3293 3298//3298
f 3298//3298 3293//3293 3299//3299
f 3299//3299 3293//3293 3300//3300
f 3299//3299 3300//3300 3301//3301
f 3301//3301 3300//3300 3302//3302
f 3302//3302 3300//3300 3303//3303
f 3302//3302 3303//3303 3304//3304
f 3304//3304 3303//3303 3305//3305
f 3305//3305 3303//3303 3306//3306
f 3306//3306 3303//3303 3307//3307
f 3307//3307 3303//3303 3308//3308
f 3308//3308 3303//3303 3309//3309
f 3308//3308 3309//3309 3310//3310
f 3310//3310 3309//3309 3311//3311
f 3311//3311 3309//3309 3312//3312
f 3312//3312 3309//3309 3313//3313
f 3313//3313 3309//3309 3314//3314
f 3314//3314 3309//3309 3315//3315
f 3315//3315 3309//3309 3316//3316
f 3316//3316 3309//3309 3317//3317
f 3316//3316 3317//3317 3318//3318
f 3318//3318 3317//3317 3319//3319
f 3318//3318 3319//3319 3320//3320
f 3320//3320 3319//3319 3321//3321
f 3321//3321 3319//3319 3322//3322
f 3322//3322 3319//3319 3323//3323
f 3323//3323 3319//3319 3324//3324
f 3324//3324 3319//3319 3325//3325
f 3325//3325 3319//3319 3326//3326
f 3325//3325 3326//3326 3327//3327
f 3327//3327 3326//3326 3328//3328
f 3328//3328 3326//3326 3329//3329
f 3329//3329 3326//3326 3330//3330
f 3330//3330 3326//3326 3331//3331
f 3330//3330 3331//3331 3332//3332
f 3332//3332 3331//3331 3333//3333
f 3333//3333 3331//3331 3334//3334
f 3333//3333 3334//3334 3335//3335
f 3335//3335 3334//3334 3336//3336
f 3335//3335 3336//3336 3337//3337
f 3337//3337 3336//3336 3338//3338
f 3337//3337 3338//3338 3339//3339
f 3339//3339 3338//3338 3340//3340
f 3339//3339 3340//3340 3341//3341
f 3341//3341 3340//3340 3342//3342
f 3341//3341 3342//3342 3343//3343
f 3343//3343 3342//3342 3344//3344
f 3343//3343 3344//3344 3345//3345
f 3345//3345 3344//3344 3346//3346
f 3346//3346 3344//3344 3347//3347
f 3346//3346 3347//3347 3348//3348
f 3348//3348 3347//3347 3349//3349
f 3349//3349 3347//3347 3350//3350
f 3350//3350 3347//3347 3351//3351
f 3351//3351 3347//3347 3352//3352
f 3352//3352 3347//3347 3353//3353
f 3353//3353 3347//3347 3354//3354
f 3354//3354 3347//3347 3355//3355
f 3354//3354 3355//3355 3356//3356
f 3356//3356 3355//3355 3357//3357
f 3357//3357 3355//3355 3358//3358
f 3357//3357 3358//3358 3359//3359
f 3207//3207 3360//3360 3209//3209
f 3209//3209 3360//3360 3217//3217
f 3360//3360 3361//3361 3217//3217
f 3217//3217 3361//3361 3220//3220
f 3361//3361 3362//3362 3220//3220
f 3220//3220 3362//3362 3222//3222
f 3362//3362 3363//3363 3222//3222
f 3222//3222 3363//3363 3224//3224
f 3224//3224 3363//3363 3226//3226
f 3226//3226 3363//3363 3364//3364
f 3226//3226 3364//3364 3228//3228
f 3228//3228 3364//3364 3365//3365
f 3228//3228 3365//3365 3230//3230
f 3230//3230 3365//3365 3366//3366
f 3230//3230 3366//3366 3233//3233
f 3233//3233 3366//3366 3367//3367
f 3233//3233 3367//3367 3239//3239
f 3239//3239 3367//3367 3244//3244
f 3261//3261 3368//3368 3264//3264
f 3264//3264 3368//3368 3272//3272
f 3368//3368 3369//3369 3272//3272
f 3272//3272 3369//3369 3276//3276
f 3369//3369 3370//3370 3276//3276
f 3276//3276 3370//3370 3278//3278
f 3370//3370 3371//3371 3278//3278
f 3278//3278 3371//3371 3280//3280
f 3371//3371 3372//3372 3280//3280
f 3280//3280 3372//3372 3282//3282
f 3282//3282 3372//3372 3284//3284
f 3284//3284 3372//3372 3373//3373
f 3284//3284 3373//3373 3286//3286
f 3286//3286 3373//3373 3374//3374
f 3286//3286 3374//3374 3288//3288
f 3288//3288 3374//3374 3375//3375
f 3288//3288 3375//3375 3293//3293
f 3293//3293 3375//3375 3300//3300
f 3317//3317 3376//3376 3319//3319
f 3319//3319 3376//3376 3326//3326
f 3376//3376 3377//3377 3326//3326
f 3326//3326 3377//3377 3331//3331
f 3377//3377 3378//3378 3331//3331
f 3331//3331 3378//3378 3334//3334
f 3378//3378 3379//3379 3334//3334
f 3334//3334 3379//3379 3336//3336
f 3379//3379 3380//3380 3336//3336
f 3336//3336 3380//3380 3338//3338
f 3338//3338 3380//3380 3340//3340
f 3340//3340 3380//3380 3381//3381
f 3340//3340 3381//3381 3342//3342
f 3342//3342 3381//3381 3382//3382
f 3342//3342 3382//3382 3344//3344
f 3344//3344 3382//3382 3383//3383
f 3344//3344 3383//3383 3347//3347
f 3347//3347 3383//3383 3358//3358
f 3347//3347 3358//3358 3355//3355
f 3384//3384 3385//3385 3359//3359
f 3359//3359 3385//3385 3386//3386
f 3359//3359 3386//3386 3387//3387
f 3388//3388 3389//3389 3384//3384
f 3384//3384 3389//3389 3390//3390
f 3384//3384 3390//3390 3391//3391
f 3392//3392 3393//3393 3388//3388
f 3388//3388 3393//3393 3394//3394
f 3388//3388 3394//3394 3395//3395
f 3393//3393 3392//3392 3396//3396
f 3396//3396 3392//3392 3397//3397
f 3396//3396 3397//3397 3398//3398
f 3398//3398 3397//3397 3399//3399
f 3398//3398 3399//3399 3400//3400
f 3397//3397 3401//3401 3399//3399
f 3399//3399 3401//3401 3402//3402
f 3402//3402 3401//3401 3403//3403
f 3403//3403 3401//3401 3404//3404
f 3404//3404 3401//3401 3405//3405
f 3405//3405 3401//3401 3406//3406
f 3406//3406 3401//3401 3407//3407
f 3407//3407 3401//3401 3408//3408
f 3408//3408 3401//3401 3174//3174
f 3408//3408 3174//3174 3409//3409
f 3409//3409 3174//3174 3410//3410
f 3410//3410 3174//3174 3176//3176
f 3411//3411 3412//3412 3168//3168
f 3168//3168 3412//3412 3169//3169
f 3408//3408 3409//3409 3413//3413
f 3413//3413 3409//3409 3414//3414
f 3413//3413 3414//3414 3415//3415
f 3400//3400 3416//3416 3398//3398
f 3398//3398 3416//3416 3417//3417
f 3398//3398 3417//3417 3418//3418
f 3416//3416 3419//3419 3417//3417
f 3417//3417 3419//3419 3420//3420
f 3417//3417 3420//3420 3421//3421
f 3418//3418 3422//3422 3398//3398
f 3398//3398 3422//3422 3396//3396
f 3422//3422 3423//3423 3396//3396
f 3396//3396 3423//3423 3424//3424
f 3396//3396 3424//3424 3425//3425
f 3425//3425 3426//3426 3396//3396
f 3396//3396 3426//3426 3427//3427
f 3396//3396 3427//3427 3393//3393
f 3393//3393 3427//3427 3428//3428
f 3393//3393 3428//3428 3429//3429
f 3429//3429 3430//3430 3393//3393
f 3393//3393 3430//3430 3431//3431
f 3393//3393 3431//3431 3394//3394
f 3395//3395 3432//3432 3388//3388
f 3388//3388 3432//3432 3389//3389
f 3391//3391 3433//3433 3384//3384
f 3384//3384 3433//3433 3434//3434
f 3384//3384 3434//3434 3435//3435
f 3435//3435 3436//3436 3384//3384
f 3384//3384 3436//3436 3385//3385
f 3387//3387 3437//3437 3359//3359
f 3359//3359 3437//3437 3357//3357
f 3210//3210 3438//3438 3208//3208
f 3208//3208 3438//3438 3439//3439
f 3208//3208 3439//3439 3206//3206
f 3189//3189 3440//3440 3187//3187
f 3187//3187 3440//3440 3185//3185
f 3440//3440 3441//3441 3185//3185
f 3185//3185 3441//3441 3442//3442
f 3185//3185 3442//3442 3443//3443
f 3443//3443 3444//3444 3185//3185
f 3185//3185 3444//3444 3445//3445
f 3185//3185 3445//3445 3446//3446
f 3446//3446 3447//3447 3185//3185
f 3185//3185 3447//3447 3448//3448
f 3185//3185 3448//3448 3182//3182
f 3182//3182 3448//3448 3449//3449
f 3182//3182 3449//3449 3450//3450
f 3451//3451 3452//3452 3450//3450
f 3450//3450 3452//3452 3453//3453
f 3450//3450 3453//3453 3454//3454
f 3451//3451 3455//3455 3452//3452
f 3450//3450 3454//3454 3182//3182
f 3182//3182 3454//3454 3183//3183
f 3184//3184 3456//3456 3177//3177
f 3177//3177 3456//3456 3457//3457
f 3177//3177 3457//3457 3458//3458
f 3458//3458 3459//3459 3177//3177
f 3177//3177 3459//3459 3460//3460
f 3177//3177 3460//3460 3461//3461
f 3461//3461 3178//3178 3177//3177
f 3462//3462 3463//3463 3178//3178
f 3178//3178 3463//3463 3179//3179
f 3180//3180 3411//3411 3168//3168
f 3464//3464 3465//3465 3466//3466
f 3466//3466 3465//3465 3467//3467
f 3468//3468 3469//3469 3470//3470
f 3470//3470 3469//3469 3471//3471
f 3470//3470 3471//3471 3472//3472
f 3472//3472 3471//3471 3473//3473
f 3472//3472 3473//3473 3474//3474
f 3474//3474 3473//3473 3475//3475
f 3474//3474 3475//3475 3476//3476
f 3476//3476 3475//3475 3477//3477
f 3476//3476 3477//3477 3478//3478
f 3478//3478 3477//3477 3479//3479
f 3478//3478 3479//3479 3480//3480
f 3480//3480 3479//3479 3481//3481
f 3480//3480 3481//3481 3482//3482
f 3482//3482 3481//3481 3483//3483
f 3482//3482 3483//3483 3484//3484
f 3484//3484 3483//3483 3485//3485
f 3484//3484 3485//3485 3486//3486
f 3486//3486 3485//3485 3487//3487
f 3486//3486 3487//3487 3488//3488
f 3488//3488 3487//3487 3489//3489
f 3488//3488 3489//3489 3490//3490
f 3490//3490 3489//3489 3491//3491
f 3490//3490 3491//3491 3464//3464
f 3464//3464 3491//3491 3465//3465
f 3492//3492 3493//3493 3494//3494
f 3494//3494 3493//3493 3495//3495
f 3496//3496 3497//3497 3498//3498
f 3498//3498 3497//3497 3499//3499
f 3498//3498 3499//3499 3500//3500
f 3500//3500 3499//3499 3501//3501
f 3500//3500 3501//3501 3502//3502
f 3502//3502 3501//3501 3503//3503
f 3502//3502 3503//3503 3504//3504
f 3504//3504 3503//3503 3505//3505
f 3504//3504 3505//3505 3506//3506
f 3506//3506 3505//3505 3507//3507
f 3506//3506 3507//3507 3508//3508
f 3508//3508 3507//3507 3509//3509
f 3508//3508 3509//3509 3510//3510
f 3510//3510 3509//3509 3511//3511
f 3510//3510 3511//3511 3512//3512
f 3512//3512 3511//3511 3513//3513
f 3512//3512 3513//3513 3514//3514
f 3514//3514 3513//3513 3515//3515
f 3514//3514 3515//3515 3516//3516
f 3516//3516 3515//3515 3517//3517
f 3516//3516 3517//3517 3518//3518
f 3518//3518 3517//3517 3519//3519
f 3518//3518 3519//3519 3492//3492
f 3492//3492 3519//3519 3493//3493
f 3520//3520 3521//3521 3522//3522
f 3522//3522 3521//3521 3523//3523
f 3524//3524 3525//3525 3526//3526
f 3526//3526 3525//3525 3527//3527
f 3526//3526 3527//3527 3528//3528
f 3528//3528 3527//3527 3529//3529
f 3528//3528 3529//3529 3530//3530
f 3530//3530 3529//3529 3531//3531
f 3530//3530 3531//3531 3532//3532
f 3532//3532 3531//3531 3533//3533
f 3532//3532 3533//3533 3534//3534
f 3534//3534 3533//3533 3535//3535
f 3534//3534 3535//3535 3536//3536
f 3536//3536 3535//3535 3537//3537
f 3536//3536 3537//3537 3538//3538
f 3538//3538 3537//3537 3539//3539
f 3538//3538 3539//3539 3540//3540
f 3540//3540 3539//3539 3541//3541
f 3540//3540 3541//3541 3542//3542
f 3542//3542 3541//3541 3543//3543
f 3542//3542 3543//3543 3544//3544
f 3544//3544 3543//3543 3545//3545
f 3544//3544 3545//3545 3546//3546
f 3546//3546 3545//3545 3547//3547
f 3546//3546 3547//3547 3520//3520
f 3520//3520 3547//3547 3521//3521
f 3548//3548 3549//3549 3550//3550
f 3550//3550 3549//3549 3551//3551
f 3552//3552 3553//3553 3554//3554
f 3554//3554 3553//3553 3555//3555
f 3554//3554 3555//3555 3556//3556
f 3556//3556 3555//3555 3557//3557
f 3556//3556 3557//3557 3558//3558
f 3558//3558 3557//3557 3559//3559
f 3558//3558 3559//3559 3560//3560
f 3560//3560 3559//3559 3561//3561
f 3560//3560 3561//3561 3562//3562
f 3562//3562 3561//3561 3563//3563
f 3562//3562 3563//3563 3564//3564
f 3564//3564 3563//3563 3565//3565
f 3564//3564 3565//3565 3566//3566
f 3566//3566 3565//3565 3567//3567
f 3566//3566 3567//3567 3568//3568
f 3568//3568 3567//3567 3569//3569
f 3568//3568 3569//3569 3570//3570
f 3570//3570 3569//3569 3571//3571
f 3570//3570 3571//3571 3572//3572
f 3572//3572 3571//3571 3573//3573
f 3572//3572 3573//3573 3574//3574
f 3574//3574 3573//3573 3575//3575
f 3574//3574 3575//3575 3548//3548
f 3548//3548 3575//3575 3549//3549
f 3576//3576 3577//3577 3578//3578
f 3578//3578 3577//3577 3579//3579
f 3578//3578 3579//3579 3580//3580
f 3580//3580 3579//3579 3581//3581
f 3580//3580 3581//3581 3582//3582
f 3582//3582 3581//3581 3583//3583
f 3582//3582 3583//3583 3584//3584
f 3584//3584 3583//3583 3585//3585
f 3584//3584 3585//3585 3586//3586
f 3586//3586 3585//3585 3587//3587
f 3586//3586 3587//3587 3588//3588
f 3588//3588 3587//3587 3589//3589
f 3588//3588 3589//3589 3590//3590
f 3590//3590 3589//3589 3591//3591
f 3590//3590 3591//3591 3592//3592
f 3576//3576 3593//3593 3577//3577
f 3577//3577 3593//3593 3594//3594
f 3580//3580 3595//3595 3578//3578
f 3596//3596 3597//3597 3598//3598
f 3598//3598 3597//3597 3599//3599
f 3599//3599 3597//3597 3600//3600
f 3599//3599 3600//3600 3601//3601
f 3599//3599 3601//3601 3602//3602
f 3602//3602 3601//3601 3603//3603
f 3602//3602 3603//3603 3604//3604
f 3604//3604 3603//3603 3605//3605
f 3606//3606 3607//3607 3608//3608
f 3608//3608 3607//3607 3609//3609
f 3608//3608 3609//3609 3610//3610
f 3610//3610 3609//3609 3611//3611
f 3610//3610 3611//3611 3612//3612
f 3612//3612 3611//3611 3613//3613
f 3612//3612 3613//3613 3614//3614
f 3614//3614 3613//3613 3615//3615
f 3614//3614 3615//3615 3616//3616
f 3616//3616 3615//3615 3617//3617
f 3616//3616 3617//3617 3618//3618
f 3618//3618 3617//3617 3619//3619
f 3618//3618 3619//3619 3620//3620
f 3620//3620 3619//3619 3621//3621
f 3622//3622 3623//3623 3624//3624
f 3624//3624 3623//3623 3625//3625
f 3624//3624 3625//3625 3626//3626
f 3626//3626 3625//3625 3627//3627
f 3626//3626 3627//3627 3628//3628
f 3628//3628 3627//3627 3629//3629
f 3628//3628 3629//3629 3630//3630
f 3630//3630 3629//3629 3631//3631
f 3630//3630 3631//3631 3632//3632
f 3632//3632 3631//3631 3633//3633
f 3632//3632 3633//3633 3634//3634
f 3634//3634 3633//3633 3635//3635
f 3634//3634 3635//3635 3636//3636
f 3636//3636 3635//3635 3637//3637
f 3636//3636 3637//3637 3638//3638
f 3638//3638 3637//3637 3639//3639
f 3640//3640 3641//3641 3642//3642
f 3642//3642 3641//3641 3643//3643
f 3642//3642 3643//3643 3644//3644
f 3642//3642 3644//3644 3645//3645
f 3645//3645 3644//3644 3646//3646
f 3645//3645 3646//3646 3647//3647
f 3645//3645 3647//3647 3648//3648
f 3648//3648 3647//3647 3649//3649
f 3648//3648 3649//3649 3650//3650
f 3650//3650 3649//3649 3651//3651
f 3650//3650 3651//3651 3652//3652
f 3652//3652 3651//3651 3653//3653
f 3652//3652 3653//3653 3654//3654
f 3654//3654 3653//3653 3655//3655
f 3654//3654 3655//3655 3656//3656
f 3656//3656 3655//3655 3657//3657
f 3656//3656 3657//3657 3658//3658
f 3658//3658 3657//3657 3659//3659
f 3660//3660 3661//3661 3662//3662
f 3662//3662 3661//3661 3663//3663
f 3662//3662 3663//3663 3664//3664
f 3664//3664 3663//3663 3665//3665
f 3664//3664 3665//3665 3666//3666
f 3666//3666 3665//3665 3667//3667
f 3666//3666 3667//3667 3668//3668
f 3668//3668 3667//3667 3669//3669
f 3668//3668 3669//3669 3670//3670
f 3670//3670 3669//3669 3671//3671
f 3670//3670 3671//3671 3672//3672
f 3672//3672 3671//3671 3673//3673
f 3672//3672 3673//3673 3674//3674
f 3674//3674 3673//3673 3675//3675
f 3674//3674 3675//3675 3676//3676
f 3676//3676 3675//3675 3677//3677
f 3678//3678 3679//3679 3680//3680
f 3680//3680 3679//3679 3681//3681
f 3680//3680 3681//3681 3682//3682
f 3682//3682 3681//3681 3683//3683
f 3682//3682 3683//3683 3684//3684
f 3684//3684 3683//3683 3685//3685
f 3684//3684 3685//3685 3686//3686
f 3686//3686 3685//3685 3687//3687
f 3686//3686 3687//3687 3688//3688
f 3688//3688 3687//3687 3689//3689
f 3688//3688 3689//3689 3690//3690
f 3690//3690 3689//3689 3691//3691
f 3690//3690 3691//3691 3692//3692
f 3692//3692 3691//3691 3693//3693
f 3692//3692 3693//3693 3694//3694
f 3694//3694 3693//3693 3695//3695
f 3694//3694 3695//3695 3696//3696
f 3696//3696 3695//3695 3697//3697
f 3698//3698 3699//3699 3700//3700
f 3700//3700 3699//3699 3701//3701
f 3701//3701 3699//3699 3702//3702
f 3701//3701 3702//3702 3703//3703
f 3703//3703 3702//3702 3704//3704
f 3703//3703 3704//3704 3705//3705
f 3706//3706 3707//3707 3705//3705
f 3705//3705 3707//3707 3703//3703
f 3708//3708 3709//3709 3710//3710
f 3710//3710 3709//3709 3711//3711
f 3710//3710 3711//3711 3712//3712
f 3710//3710 3712//3712 3713//3713
f 3713//3713 3712//3712 3714//3714
f 3713//3713 3714//3714 3715//3715
f 3715//3715 3716//3716 3713//3713
f 3710//3710 3717//3717 3708//3708
f 3718//3718 3719//3719 3720//3720
f 3720//3720 3719//3719 3721//3721
f 3720//3720 3721//3721 3722//3722
f 3722//3722 3721//3721 3723//3723
f 3724//3724 3725//3725 3726//3726
f 3726//3726 3725//3725 3727//3727
f 3726//3726 3727//3727 3728//3728
f 3728//3728 3727//3727 3729//3729
f 3730//3730 3731//3731 3732//3732
f 3732//3732 3731//3731 3733//3733
f 3733//3733 3731//3731 3734//3734
f 3734//3734 3731//3731 3735//3735
f 3734//3734 3735//3735 3736//3736
f 3736//3736 3735//3735 3737//3737
f 3737//3737 3735//3735 3738//3738
f 3738//3738 3735//3735 3739//3739
f 3740//3740 3741//3741 3742//3742
f 3742//3742 3741//3741 3743//3743
f 3742//3742 3743//3743 3744//3744
f 3744//3744 3743//3743 3745//3745
f 3744//3744 3745//3745 3746//3746
f 3746//3746 3745//3745 3747//3747
f 3746//3746 3747//3747 3748//3748
f 3748//3748 3747//3747 3749//3749
f 3750//3750 3751//3751 3752//3752
f 3752//3752 3751//3751 3753//3753
f 3752//3752 3753//3753 3754//3754
f 3754//3754 3753//3753 3755//3755
f 3754//3754 3755//3755 3756//3756
f 3756//3756 3755//3755 3757//3757
f 3756//3756 3757//3757 3758//3758
f 3758//3758 3757//3757 3759//3759
f 3760//3760 3761//3761 3762//3762
f 3762//3762 3761//3761 3763//3763
f 3762//3762 3763//3763 3764//3764
f 3764//3764 3763//3763 3765//3765
f 3764//3764 3765//3765 3766//3766
f 3766//3766 3765//3765 3767//3767
f 3766//3766 3767//3767 3768//3768
f 3768//3768 3767//3767 3769//3769
f 3770//3770 3771//3771 3772//3772
f 3772//3772 3771//3771 3773//3773
f 3772//3772 3773//3773 3774//3774
f 3774//3774 3773//3773 3775//3775
f 3774//3774 3775//3775 3776//3776
f 3776//3776 3775//3775 3777//3777
f 3776//3776 3777//3777 3778//3778
f 3778//3778 3777//3777 3779//3779
f 3780//3780 3781//3781 3782//3782
f 3782//3782 3781//3781 3783//3783
f 3782//3782 3783//3783 3784//3784
f 3785//3785 3760//3760 3784//3784
f 3784//3784 3760//3760 3786//3786
f 3784//3784 3786//3786 3782//3782
f 3787//3787 3788//3788 3789//3789
f 3789//3789 3788//3788 3790//3790
f 3789//3789 3790//3790 3791//3791
f 3792//3792 3793//3793 3791//3791
f 3791//3791 3793//3793 3794//3794
f 3791//3791 3794//3794 3789//3789
f 3795//3795 3796//3796 3797//3797
f 3797//3797 3796//3796 3798//3798
f 3797//3797 3798//3798 3799//3799
f 3800//3800 3801//3801 3799//3799
f 3799//3799 3801//3801 3802//3802
f 3799//3799 3802//3802 3797//3797
f 3803//3803 3804//3804 3805//3805
f 3805//3805 3804//3804 3806//3806
f 3805//3805 3806//3806 3807//3807
f 3808//3808 3809//3809 3807//3807
f 3807//3807 3809//3809 3810//3810
f 3807//3807 3810//3810 3805//3805
f 3811//3811 3812//3812 3813//3813
f 3813//3813 3812//3812 3814//3814
f 3813//3813 3814//3814 3815//3815
f 3816//3816 3817//3817 3815//3815
f 3815//3815 3817//3817 3818//3818
f 3815//3815 3818//3818 3813//3813
f 3819//3819 3820//3820 3821//3821
f 3821//3821 3820//3820 3822//3822
f 3821//3821 3822//3822 3823//3823
f 3824//3824 3825//3825 3823//3823
f 3823//3823 3825//3825 3826//3826
f 3823//3823 3826//3826 3821//3821
f 3827//3827 3828//3828 3829//3829
f 3829//3829 3828//3828 3830//3830
f 3829//3829 3830//3830 3831//3831
f 3832//3832 3833//3833 3831//3831
f 3831//3831 3833//3833 3834//3834
f 3831//3831 3834//3834 3829//3829
f 3835//3835 3836//3836 3837//3837
f 3837//3837 3836//3836 3838//3838
f 3837//3837 3838//3838 3839//3839
f 3840//3840 3841//3841 3839//3839
f 3839//3839 3841//3841 3842//3842
f 3839//3839 3842//3842 3837//3837
f 3843//3843 3844//3844 3845//3845
f 3845//3845 3844//3844 3846//3846
f 3846//3846 3844//3844 3847//3847
f 3846//3846 3847//3847 3848//3848
f 3848//3848 3847//3847 3849//3849
f 3848//3848 3849//3849 3850//3850
f 3850//3850 3849//3849 3851//3851
f 3850//3850 3851//3851 3852//3852
f 3852//3852 3851//3851 3853//3853
f 3852//3852 3853//3853 3854//3854
f 3854//3854 3853//3853 3855//3855
f 3854//3854 3855//3855 3856//3856
f 3856//3856 3855//3855 3857//3857
f 3856//3856 3857//3857 3858//3858
f 3858//3858 3857//3857 3859//3859
f 3858//3858 3859//3859 3860//3860
f 3861//3861 3862//3862 3863//3863
f 3863//3863 3862//3862 3864//3864
f 3863//3863 3864//3864 3865//3865
f 3866//3866 3867//3867 3865//3865
f 3865//3865 3867//3867 3868//3868
f 3865//3865 3868//3868 3863//3863
f 3869//3869 3870//3870 3871//3871
f 3871//3871 3870//3870 3872//3872
f 3871//3871 3872//3872 3873//3873
f 3874//3874 3875//3875 3873//3873
f 3873//3873 3875//3875 3876//3876
f 3873//3873 3876//3876 3871//3871
f 3877//3877 3878//3878 3879//3879
f 3879//3879 3878//3878 3880//3880
f 3880//3880 3878//3878 3881//3881
f 3880//3880 3881//3881 3882//3882
f 3882//3882 3881//3881 3883//3883
f 3882//3882 3883//3883 3884//3884
f 3884//3884 3883//3883 3885//3885
f 3884//3884 3885//3885 3886//3886
f 3887//3887 3888//3888 3889//3889
f 3889//3889 3888//3888 3890//3890
f 3890//3890 3888//3888 3891//3891
f 3890//3890 3891//3891 3892//3892
f 3892//3892 3891//3891 3893//3893
f 3892//3892 3893//3893 3894//3894
f 3894//3894 3893//3893 3895//3895
f 3894//3894 3895//3895 3896//3896
f 3897//3897 3898//3898 3899//3899
f 3899//3899 3898//3898 3900//3900
f 3899//3899 3900//3900 3901//3901
f 3902//3902 3903//3903 3901//3901
f 3901//3901 3903//3903 3904//3904
f 3901//3901 3904//3904 3899//3899
f 3905//3905 3906//3906 3907//3907
f 3907//3907 3906//3906 3908//3908
f 3907//3907 3908//3908 3909//3909
f 3910//3910 3911//3911 3909//3909
f 3909//3909 3911//3911 3912//3912
f 3909//3909 3912//3912 3907//3907
f 3913//3913 3914//3914 3915//3915
f 3915//3915 3914//3914 3916//3916
f 3916//3916 3914//3914 3917//3917
f 3916//3916 3917//3917 3918//3918
f 3918//3918 3917//3917 3919//3919
f 3918//3918 3919//3919 3920//3920
f 3920//3920 3919//3919 3921//3921
f 3920//3920 3921//3921 3922//3922
f 3922//3922 3921//3921 3923//3923
f 3922//3922 3923//3923 3924//3924
f 3924//3924 3923//3923 3925//3925
f 3924//3924 3925//3925 3926//3926
f 3926//3926 3925//3925 3927//3927
f 3926//3926 3927//3927 3928//3928
f 3928//3928 3927//3927 3929//3929
f 3928//3928 3929//3929 3930//3930
f 3931//3931 3932//3932 3933//3933
f 3933//3933 3932//3932 3934//3934
f 3934//3934 3932//3932 3935//3935
f 3934//3934 3935//3935 3936//3936
f 3936//3936 3935//3935 3937//3937
f 3936//3936 3937//3937 3938//3938
f 3938//3938 3937//3937 3939//3939
f 3938//3938 3939//3939 3940//3940
f 3940//3940 3939//3939 3941//3941
f 3940//3940 3941//3941 3942//3942
f 3942//3942 3941//3941 3943//3943
f 3942//3942 3943//3943 3944//3944
f 3944//3944 3943//3943 3945//3945
f 3944//3944 3945//3945 3946//3946
f 3946//3946 3945//3945 3947//3947
f 3946//3946 3947//3947 3948//3948
f 3949//3949 3950//3950 3951//3951
f 3951//3951 3950//3950 3952//3952
f 3951//3951 3952//3952 3953//3953
f 3954//3954 3955//3955 3953//3953
f 3953//3953 3955//3955 3956//3956
f 3953//3953 3956//3956 3951//3951
f 3957//3957 3958//3958 3959//3959
f 3959//3959 3958//3958 3960//3960
f 3959//3959 3960//3960 3961//3961
f 3962//3962 3963//3963 3961//3961
f 3961//3961 3963//3963 3964//3964
f 3961//3961 3964//3964 3959//3959
f 3965//3965 3966//3966 3967//3967
f 3967//3967 3966//3966 3968//3968
f 3968//3968 3966//3966 3969//3969
f 3968//3968 3969//3969 3970//3970
f 3970//3970 3969//3969 3971//3971
f 3970//3970 3971//3971 3972//3972
f 3972//3972 3971//3971 3973//3973
f 3972//3972 3973//3973 3974//3974
f 3975//3975 3976//3976 3977//3977
f 3977//3977 3976//3976 3978//3978
f 3978//3978 3976//3976 3979//3979
f 3978//3978 3979//3979 3980//3980
f 3980//3980 3979//3979 3981//3981
f 3980//3980 3981//3981 3982//3982
f 3982//3982 3981//3981 3983//3983
f 3982//3982 3983//3983 3984//3984
f 3985//3985 3986//3986 3987//3987
f 3987//3987 3986//3986 3988//3988
f 3987//3987 3988//3988 3989//3989
f 3990//3990 3991//3991 3989//3989
f 3989//3989 3991//3991 3992//3992
f 3989//3989 3992//3992 3987//3987
f 3993//3993 3994//3994 3995//3995
f 3995//3995 3994//3994 3996//3996
f 3995//3995 3996//3996 3997//3997
f 3998//3998 3999//3999 3997//3997
f 3997//3997 3999//3999 4000//4000
f 3997//3997 4000//4000 3995//3995
f 4001//4001 4002//4002 4003//4003
f 4003//4003 4002//4002 4004//4004
f 4004//4004 4002//4002 4005//4005
f 4004//4004 4005//4005 4006//4006
f 4006//4006 4005//4005 4007//4007
f 4006//4006 4007//4007 4008//4008
f 4008//4008 4007//4007 4009//4009
f 4008//4008 4009//4009 4010//4010
f 4010//4010 4009//4009 4011//4011
f 4010//4010 4011//4011 4012//4012
f 4012//4012 4011//4011 4013//4013
f 4012//4012 4013//4013 4014//4014
f 4014//4014 4013//4013 4015//4015
f 4014//4014 4015//4015 4016//4016
f 4016//4016 4015//4015 4017//4017
f 4016//4016 4017//4017 4018//4018