mtllib material.mtl
usemtl material_0
v -0.00232500 -0.15608100 0.24706900
v -0.00232500 -0.15608100 0.24706900
v -0.01739100 -0.08222800 0.32092200
v -0.01739100 -0.08222800 0.32092200
v 0.00000000 -0.15615000 0.24700000
v 0.00000000 -0.15615000 0.24700000
v 0.00000000 -0.15615000 0.24700000
v -0.01544600 -0.08132400 0.32182600
v -0.01341800 -0.08051500 0.32263500
v -0.00463500 -0.15587400 0.24727600
v -0.00691200 -0.15553300 0.24761700
v -0.00914300 -0.15506300 0.24808700
v -0.01131500 -0.15447200 0.24867800
v -0.01342000 -0.15376800 0.24938100
v -0.01544700 -0.15296000 0.25019000
v -0.01739300 -0.15205700 0.25109300
v -0.02102400 -0.14999800 0.25315200
v -0.02102400 -0.08428500 0.31886500
v -0.02429200 -0.08662800 0.31652200
v -0.02720600 -0.08919500 0.31395500
v -0.02976800 -0.09194300 0.31120700
v -0.03199300 -0.09483500 0.30831500
v -0.03389100 -0.09784000 0.30531000
v -0.03547600 -0.10093600 0.30221400
v -0.03675700 -0.10410100 0.29904900
v -0.03774500 -0.10731800 0.29583200
v -0.03844500 -0.11057300 0.29257700
v -0.03844500 -0.11057300 0.29257700
v -0.03844500 -0.11057300 0.29257700
v -0.03844500 -0.11057300 0.29257700
v -0.02429600 -0.14765800 0.25549200
v -0.02720900 -0.14509100 0.25805900
v -0.02977200 -0.14234300 0.26080700
v -0.03199600 -0.13945100 0.26369900
v -0.03389300 -0.13644500 0.26670500
v -0.03547700 -0.13334900 0.26980100
v -0.03547700 -0.13334900 0.26980100
v -0.03675800 -0.13018400 0.27296600
v -0.03675800 -0.13018400 0.27296600
v -0.03774500 -0.12696700 0.27618300
v -0.03844500 -0.12371200 0.27943800
v -0.03844500 -0.12371200 0.27943800
v -0.03886300 -0.12043300 0.28271700
v -0.03900200 -0.11714200 0.28600800
v -0.03900200 -0.11714200 0.28600800
v -0.03886400 -0.11385200 0.28929800
v -0.01131500 -0.07981000 0.32334000
v -0.00914200 -0.07922000 0.32393000
v -0.00691200 -0.07875000 0.32440000
v -0.00463500 -0.07840800 0.32474200
v -0.00232500 -0.07820100 0.32494900
v 0.00000000 -0.07813100 0.32501900
v 0.00232500 -0.07820100 0.32494900
v 0.00463400 -0.07840800 0.32474200
v 0.00691100 -0.07875000 0.32440000
v 0.00914300 -0.07922000 0.32393000
v 0.01131400 -0.07981200 0.32333800
v 0.01341800 -0.08051500 0.32263500
v 0.01544600 -0.08132400 0.32182600
v 0.01739100 -0.08222800 0.32092200
v 0.01739100 -0.08222800 0.32092200
v 0.00232500 -0.15608100 0.24706900
v 0.00232500 -0.15608100 0.24706900
v 0.00463500 -0.15587400 0.24727600
v 0.00691200 -0.15553300 0.24761700
v 0.00914300 -0.15506300 0.24808700
v 0.01131500 -0.15447200 0.24867800
v 0.01341900 -0.15376800 0.24938100
v 0.01544800 -0.15296000 0.25019000
v 0.01739300 -0.15205700 0.25109300
v 0.02102100 -0.08428800 0.31886200
v 0.02429300 -0.08662800 0.31652200
v 0.02720600 -0.08919500 0.31395500
v 0.02976900 -0.09194300 0.31120700
v 0.03199300 -0.09483500 0.30831500
v 0.03389100 -0.09784100 0.30530900
v 0.03389100 -0.09784100 0.30530900
v 0.03389100 -0.09784100 0.30530900
v 0.02102400 -0.14999800 0.25315200
v 0.02429600 -0.14765800 0.25549200
v 0.02720900 -0.14509100 0.25805900
v 0.02977200 -0.14234300 0.26080700
v 0.03199600 -0.13945100 0.26369900
v 0.03389400 -0.13644500 0.26670500
v 0.03547800 -0.13334900 0.26980100
v 0.03675900 -0.13018400 0.27296600
v 0.03774600 -0.12696700 0.27618300
v 0.03774600 -0.12696700 0.27618300
v 0.03844600 -0.12371200 0.27943800
v 0.03844600 -0.12371200 0.27943800
v 0.03886300 -0.12043300 0.28271700
v 0.03900200 -0.11714300 0.28600700
v 0.03900200 -0.11714300 0.28600700
v 0.03900200 -0.11714300 0.28600700
v 0.03900200 -0.11714300 0.28600700
v 0.03900200 -0.11714300 0.28600700
v 0.03900200 -0.11714300 0.28600700
v 0.03547600 -0.10093600 0.30221400
v 0.03547600 -0.10093600 0.30221400
v 0.03675700 -0.10410100 0.29904900
v 0.03675700 -0.10410100 0.29904900
v 0.03774500 -0.10731800 0.29583200
v 0.03774500 -0.10731800 0.29583200
v 0.03844600 -0.11057300 0.29257700
v 0.03844600 -0.11057300 0.29257700
v 0.03886400 -0.11385200 0.28929800
v 0.02085700 -0.16063200 0.26797400
v 0.01876700 -0.16179100 0.26681400
v 0.02084500 -0.16067600 0.26772000
v 0.02083300 -0.16072000 0.26746600
v 0.02082200 -0.16075900 0.26724000
v 0.02081100 -0.16080000 0.26700900
v 0.01888500 -0.16186400 0.26596500
v 0.01678900 -0.16275000 0.26585600
v 0.01675000 -0.16288900 0.26496700
v 0.01484300 -0.16355600 0.26505000
v 0.01529300 -0.16349500 0.26436600
v 0.01455000 -0.16377300 0.26409100
v 0.01285700 -0.16424400 0.26436200
v 0.01286900 -0.16427000 0.26409400
v 0.01288100 -0.16429500 0.26382600
v 0.01289300 -0.16432100 0.26355700
v 0.01888500 -0.16186400 0.26596500
v 0.02026200 -0.15980600 0.26509100
v 0.02081100 -0.16080000 0.26700900
v 0.02092700 -0.15947800 0.26555800
v 0.02125400 -0.15931700 0.26580100
v 0.02177100 -0.15732200 0.26406400
v 0.02210400 -0.15713400 0.26432000
v 0.02260200 -0.15515700 0.26258000
v 0.02294100 -0.15494100 0.26284900
v 0.02342000 -0.15298100 0.26110600
v 0.02376500 -0.15273900 0.26138900
v 0.02457600 -0.15052700 0.25993900
v 0.02492200 -0.15025700 0.26024000
v 0.02572500 -0.14800900 0.25881400
v 0.02607100 -0.14770800 0.25913100
v 0.02720900 -0.14509100 0.25805900
v 0.02641100 -0.14740600 0.25945100
v 0.02691100 -0.14695100 0.25994000
v 0.02559800 -0.14971300 0.26085500
v 0.02609000 -0.14930400 0.26132800
v 0.02477100 -0.15201100 0.26226900
v 0.02525400 -0.15164900 0.26272800
v 0.02440300 -0.15398500 0.26413900
v 0.02467300 -0.15380500 0.26440700
v 0.02380000 -0.15616100 0.26582100
v 0.02399300 -0.15605200 0.26602300
v 0.02309800 -0.15842100 0.26744100
v 0.02338000 -0.15828600 0.26773900
v 0.02246000 -0.16068200 0.26916000
v 0.02352700 -0.16027400 0.27035000
v 0.02255700 -0.16280200 0.27175200
v 0.02454400 -0.15985400 0.27157700
v 0.02403700 -0.16238400 0.27357800
v 0.02551100 -0.15942200 0.27283900
v 0.02478000 -0.16215400 0.27458300
v 0.02538600 -0.16195400 0.27545200
v 0.02642500 -0.15898000 0.27413400
v 0.02728600 -0.15852700 0.27546200
v 0.02743900 -0.15599700 0.27282600
v 0.02831300 -0.15539100 0.27418000
v 0.02842700 -0.15300800 0.27152800
v 0.02931300 -0.15224900 0.27290900
v 0.02939000 -0.15001200 0.27024000
v 0.03028500 -0.14910100 0.27164800
v 0.03032700 -0.14700900 0.26896200
v 0.03122900 -0.14594600 0.27039700
v 0.03214500 -0.14278500 0.26915600
v 0.03298100 -0.14155100 0.27064300
v 0.03386800 -0.13823100 0.26943800
v 0.03462800 -0.13682700 0.27097200
v 0.03547800 -0.13334900 0.26980100
v 0.03531500 -0.13540600 0.27252400
v 0.03675900 -0.13018400 0.27296600
v 0.03593000 -0.13397100 0.27409400
v 0.03774600 -0.12696700 0.27618300
v 0.03694600 -0.13106500 0.27727700
v 0.03715500 -0.13033300 0.27808100
v 0.03610100 -0.13516300 0.27838000
v 0.03631700 -0.13450900 0.27917500
v 0.03521200 -0.13926100 0.27949000
v 0.03543300 -0.13868700 0.28027700
v 0.03450300 -0.14286300 0.28138600
v 0.03470900 -0.14236600 0.28216900
v 0.03373500 -0.14662300 0.28327600
v 0.03392600 -0.14620600 0.28405300
v 0.03290500 -0.15054300 0.28515700
v 0.03307800 -0.15020600 0.28592900
v 0.03200600 -0.15462700 0.28703000
v 0.03216100 -0.15437100 0.28779500
v 0.03096500 -0.15895900 0.28852500
v 0.03116900 -0.15870100 0.28964900
v 0.03229700 -0.15411400 0.28856400
v 0.03127600 -0.15854100 0.29035100
v 0.03241600 -0.15385600 0.28933600
v 0.03251600 -0.15359800 0.29011000
v 0.03349200 -0.14918800 0.28826400
v 0.03359400 -0.14884700 0.28904800
v 0.03451300 -0.14452400 0.28719500
v 0.03461500 -0.14410100 0.28798700
v 0.03547800 -0.13986300 0.28612900
v 0.03557800 -0.13935900 0.28692900
v 0.03638800 -0.13520500 0.28506600
v 0.03648500 -0.13462100 0.28587200
v 0.03733500 -0.12988700 0.28481800
v 0.03746800 -0.12855600 0.28644700
v 0.03824800 -0.12366900 0.28540400
v 0.03828100 -0.12292400 0.28622400
v 0.03900200 -0.11714300 0.28600700
v 0.03829200 -0.12255100 0.28663400
v 0.03829800 -0.12217900 0.28704500
v 0.03752100 -0.12755700 0.28767200
v 0.03752900 -0.12722400 0.28808100
v 0.03668600 -0.13257000 0.28870700
v 0.03669700 -0.13227700 0.28911500
v 0.03580200 -0.13733600 0.29014600
v 0.03580900 -0.13708300 0.29055000
v 0.03485000 -0.14219100 0.29157500
v 0.03485300 -0.14197800 0.29197500
v 0.03382900 -0.14713500 0.29299200
v 0.03382100 -0.14679200 0.29378300
v 0.03272900 -0.15203900 0.29478600
v 0.03269800 -0.15177900 0.29556700
v 0.03148900 -0.15696900 0.29720900
v 0.03264900 -0.15151900 0.29634600
v 0.03249400 -0.15100100 0.29790200
v 0.03374700 -0.14610600 0.29536400
v 0.03359900 -0.14542200 0.29694100
v 0.03477500 -0.14070300 0.29437300
v 0.03463000 -0.13985500 0.29597000
v 0.03573400 -0.13531100 0.29337400
v 0.03558900 -0.13430000 0.29498600
v 0.03662100 -0.12993000 0.29236800
v 0.03647400 -0.12875900 0.29399200
v 0.03728600 -0.12322900 0.29298500
v 0.03706100 -0.12190200 0.29461500
v 0.03779200 -0.11622900 0.29360300
v 0.03764800 -0.11549000 0.29441900
v 0.03844600 -0.11057300 0.29257700
v 0.03748700 -0.11475200 0.29523200
v 0.03774500 -0.10731800 0.29583200
v 0.03730800 -0.11401600 0.29604400
v 0.03711100 -0.11328200 0.29685400
v 0.03658800 -0.11992200 0.29704700
v 0.03639400 -0.11926500 0.29785300
v 0.03578700 -0.12584700 0.29802900
v 0.03559400 -0.12526900 0.29883000
v 0.03471300 -0.13128900 0.29978400
v 0.03427200 -0.13029700 0.30136300
v 0.03330600 -0.13649800 0.30227400
v 0.03305700 -0.13608500 0.30304600
v 0.03200400 -0.14238600 0.30391700
v 0.03173300 -0.14205600 0.30467100
v 0.03059100 -0.14846100 0.30549600
v 0.03029800 -0.14821400 0.30622800
v 0.02950700 -0.15497300 0.30592000
v 0.02860600 -0.15449400 0.30801200
v 0.02998700 -0.14797000 0.30695400
v 0.02965800 -0.14772800 0.30767200
v 0.03113500 -0.14140200 0.30616400
v 0.03080900 -0.14107800 0.30690000
v 0.03219400 -0.13485800 0.30533600
v 0.03187000 -0.13445400 0.30608800
v 0.03316400 -0.12833800 0.30447100
v 0.03284100 -0.12785500 0.30523600
v 0.03404500 -0.12184400 0.30356900
v 0.03372200 -0.12128300 0.30434400
v 0.03451300 -0.11473500 0.30341200
v 0.03416900 -0.11409900 0.30419000
v 0.03486800 -0.10750300 0.30322300
v 0.03450300 -0.10679600 0.30400100
v 0.03547600 -0.10093600 0.30221400
v 0.03412000 -0.10609400 0.30477500
v 0.03389100 -0.09784100 0.30530900
v 0.03371600 -0.10539600 0.30554300
v 0.03329400 -0.10470300 0.30630600
v 0.03302300 -0.11221700 0.30649200
v 0.03260200 -0.11159800 0.30724800
v 0.03223600 -0.11907100 0.30739000
v 0.03181700 -0.11852700 0.30813600
v 0.03135700 -0.12595300 0.30823700
v 0.03093900 -0.12548600 0.30897000
v 0.02996700 -0.13247700 0.30974900
v 0.02975100 -0.13228300 0.31010500
v 0.02868600 -0.13934400 0.31082000
v 0.02846700 -0.13919100 0.31116400
v 0.02730800 -0.14632200 0.31181200
v 0.02685600 -0.14609700 0.31246900
v 0.02625600 -0.15355500 0.31211100
v 0.02465200 -0.15306200 0.31426200
v 0.02590100 -0.14565700 0.31375300
v 0.02488100 -0.14522900 0.31499200
v 0.02705400 -0.13829000 0.31317700
v 0.02602600 -0.13770800 0.31446800
v 0.02811400 -0.13095800 0.31253500
v 0.02707800 -0.13022300 0.31387000
v 0.02907900 -0.12366000 0.31182500
v 0.02803500 -0.12277600 0.31319900
v 0.02889900 -0.11536800 0.31245400
v 0.02834400 -0.11486100 0.31314300
v 0.02910900 -0.10741700 0.31233800
v 0.02882200 -0.10713000 0.31268500
v 0.02949000 -0.09969300 0.31180800
v 0.02919600 -0.09937300 0.31215900
v 0.02976900 -0.09194300 0.31120700
v 0.02889700 -0.09905500 0.31250700
v 0.02859200 -0.09873900 0.31285200
v 0.02823300 -0.10656200 0.31337300
v 0.02793200 -0.10628100 0.31371300
v 0.02747600 -0.11411300 0.31415800
v 0.02717700 -0.11386700 0.31449000
v 0.02662600 -0.12170200 0.31486000
v 0.02633000 -0.12149200 0.31518300
v 0.02539000 -0.12915900 0.31579300
v 0.02509400 -0.12898700 0.31610300
v 0.02406400 -0.13673100 0.31661600
v 0.02376700 -0.13659600 0.31691100
v 0.02265000 -0.14441800 0.31732400
v 0.02205500 -0.14422500 0.31787500
v 0.02176700 -0.15235500 0.31734900
v 0.02079000 -0.15215400 0.31822600
v 0.02144600 -0.14403600 0.31841200
v 0.02002200 -0.15200700 0.31886600
v 0.02018400 -0.14367100 0.31944400
v 0.01953300 -0.14349600 0.31993800
v 0.02125000 -0.13556300 0.31915000
v 0.02058200 -0.13531900 0.31967500
v 0.02222700 -0.12750000 0.31875500
v 0.02154400 -0.12718800 0.31930700
v 0.02311700 -0.11948200 0.31825900
v 0.02241900 -0.11910300 0.31883400
v 0.02320800 -0.11106900 0.31825700
v 0.02284600 -0.11085000 0.31855000
v 0.02354200 -0.10282800 0.31787700
v 0.02316900 -0.10258000 0.31817400
v 0.02331700 -0.09984800 0.31797800
v 0.02305400 -0.10174300 0.31824400
v 0.01675000 -0.16288900 0.26496700
v 0.01888700 -0.16047000 0.26422700
v 0.01958200 -0.16013700 0.26464800
v 0.02039600 -0.15808200 0.26309700
v 0.02109200 -0.15770200 0.26356900
v 0.02119900 -0.15601600 0.26155500
v 0.02190900 -0.15558700 0.26205700
v 0.02199100 -0.15394100 0.26002400
v 0.02271500 -0.15346400 0.26055600
v 0.02350800 -0.15133000 0.25906500
v 0.02422500 -0.15079700 0.25964400
v 0.02501800 -0.14860300 0.25819200
v 0.02537400 -0.14830700 0.25850100
v 0.01529300 -0.16349500 0.26436600
v 0.01672400 -0.16145300 0.26308400
v 0.01745800 -0.16113000 0.26344500
v 0.01817900 -0.16080100 0.26382600
v 0.01821900 -0.15920600 0.26179900
v 0.01896000 -0.15883600 0.26221200
v 0.01897000 -0.15727300 0.26016200
v 0.01973000 -0.15686100 0.26060800
v 0.01971200 -0.15532900 0.25853500
v 0.02048900 -0.15487500 0.25901400
v 0.02123800 -0.15288000 0.25742900
v 0.02201400 -0.15237300 0.25795800
v 0.02276800 -0.15032400 0.25641600
v 0.02353900 -0.14976200 0.25699200
v 0.02429600 -0.14765800 0.25549200
v 0.02428900 -0.14918700 0.25758500
v 0.01455000 -0.16377300 0.26409100
v 0.01521400 -0.16207300 0.26242500
v 0.01597600 -0.16176800 0.26274300
v 0.01669400 -0.15992300 0.26103100
v 0.01746400 -0.15957000 0.26140500
v 0.01740300 -0.15806800 0.25932700
v 0.01819500 -0.15767600 0.25973500
v 0.01810300 -0.15620200 0.25763300
v 0.01891600 -0.15577200 0.25807500
v 0.01962800 -0.15385700 0.25642400
v 0.02044300 -0.15337500 0.25691800
v 0.02116400 -0.15141100 0.25531000
v 0.02197700 -0.15087500 0.25585500
v 0.02102400 -0.14999800 0.25315200
v 0.01289300 -0.16432100 0.26355700
v 0.01444100 -0.16236200 0.26213300
v 0.01482800 -0.16222000 0.26227500
v 0.01550900 -0.16043100 0.26051000
v 0.01590800 -0.16026500 0.26067800
v 0.01618300 -0.15863000 0.25875500
v 0.01659300 -0.15844700 0.25894000
v 0.01684800 -0.15681900 0.25700900
v 0.01727100 -0.15661700 0.25721200
v 0.01794000 -0.15477700 0.25549300
v 0.01879400 -0.15432500 0.25594900
v 0.01947600 -0.15243800 0.25427400
v 0.02033100 -0.15193300 0.25478300
v 0.01285700 -0.16464400 0.26396300
v 0.01145100 -0.16479900 0.26325200
v 0.01204400 -0.16314000 0.26136100
v 0.01365400 -0.16263500 0.26186300
v 0.01263000 -0.16147000 0.25947800
v 0.01429800 -0.16089900 0.26004600
v 0.01320800 -0.15979000 0.25760300
v 0.01493300 -0.15915100 0.25823900
v 0.01377900 -0.15809900 0.25573700
v 0.01556000 -0.15739400 0.25643900
v 0.01618000 -0.15562500 0.25464900
v 0.01685100 -0.15531500 0.25495700
v 0.01748000 -0.15351000 0.25320100
v 0.01770600 -0.15339600 0.25331500
v 0.01739300 -0.15205700 0.25109300
v 0.01815500 -0.15316400 0.25354600
v 0.01860000 -0.15292700 0.25378300
v 0.01750500 -0.15499700 0.25527300
v 0.01284200 -0.16478000 0.26413300
v 0.01277500 -0.16537700 0.26487700
v 0.01270900 -0.16597700 0.26562000
v 0.00934000 -0.16676400 0.26482700
v 0.00987200 -0.16518300 0.26286900
v 0.01039800 -0.16358600 0.26091800
v 0.00871900 -0.16396900 0.26053700
v 0.00916500 -0.16241400 0.25854000
v 0.00737700 -0.16277800 0.25817800
v 0.00774000 -0.16125800 0.25614300
v 0.00583700 -0.16158200 0.25582100
v 0.00611200 -0.16008700 0.25375800
v 0.00409400 -0.16034800 0.25349800
v 0.00638200 -0.15858000 0.25170300
v 0.00427700 -0.15886800 0.25141600
v 0.00664900 -0.15706200 0.24965600
v 0.00445700 -0.15737600 0.24934200
v 0.00691200 -0.15553300 0.24761700
v 0.00463500 -0.15587400 0.24727600
v 0.00223700 -0.15756700 0.24915100
v 0.00232500 -0.15608100 0.24706900
v 0.00000000 -0.15615000 0.24700000
v 0.00000200 -0.16007400 0.25258500
v 0.00214600 -0.15904200 0.25124200
v 0.00205300 -0.16050600 0.25334000
v 0.00826700 -0.16551200 0.26254200
v 0.00626300 -0.16726300 0.26432700
v 0.00663900 -0.16578400 0.26227100
v 0.00499300 -0.16599700 0.26205900
v 0.00527800 -0.16453700 0.25997200
v 0.00352700 -0.16471700 0.25979200
v 0.00371900 -0.16327200 0.25768600
v 0.00186200 -0.16339700 0.25756100
v 0.00195900 -0.16195700 0.25544700
v -0.00000400 -0.16391400 0.25822700
v 0.00313500 -0.16756800 0.26402700
v 0.00333300 -0.16615000 0.26190600
v 0.00176300 -0.16482500 0.25968400
v 0.00166300 -0.16624200 0.26181400
v -0.00001800 -0.16767000 0.26392700
v 0.00914300 -0.15506300 0.24808700
v 0.00879900 -0.15662900 0.25008900
v 0.00845000 -0.15818300 0.25209900
v 0.00809700 -0.15972600 0.25411700
v 0.00960600 -0.16084800 0.25655100
v 0.01091700 -0.16197700 0.25897400
v 0.01131500 -0.15447200 0.24867800
v 0.01089600 -0.15608300 0.25063300
v 0.01047200 -0.15768300 0.25259800
v 0.01004200 -0.15927100 0.25457000
v 0.01143100 -0.16035700 0.25703900
v 0.01341900 -0.15376800 0.24938100
v 0.01293200 -0.15543200 0.25128300
v 0.01243800 -0.15708500 0.25319300
v 0.01193700 -0.15872700 0.25511200
v 0.01544800 -0.15296000 0.25019000
v 0.01489900 -0.15468400 0.25203000
v 0.01434200 -0.15639700 0.25387900
v 0.01679000 -0.15384600 0.25286600
v 0.02977200 -0.14234300 0.26080700
v 0.02771900 -0.14618200 0.26077700
v 0.02740200 -0.14649000 0.26044200
v 0.02719600 -0.14668300 0.26022900
v 0.02637100 -0.14906600 0.26161100
v 0.03199600 -0.13945100 0.26369900
v 0.03007800 -0.14364100 0.26354200
v 0.02893800 -0.14492800 0.26214100
v 0.02688600 -0.14862000 0.26215100
v 0.02657500 -0.14889300 0.26182400
v 0.02573200 -0.15128800 0.26321400
v 0.02552900 -0.15144000 0.26300300
v 0.02487100 -0.15367400 0.26461400
v 0.03389400 -0.13644500 0.26670500
v 0.03212400 -0.14098300 0.26643700
v 0.03113900 -0.14232500 0.26497500
v 0.02920900 -0.14636200 0.26485600
v 0.02808400 -0.14750600 0.26348500
v 0.02721200 -0.15007600 0.26483900
v 0.02603600 -0.15104900 0.26353400
v 0.02631900 -0.15263700 0.26620300
v 0.02516800 -0.15347000 0.26492600
v 0.02540800 -0.15519100 0.26757600
v 0.02428300 -0.15588200 0.26632800
v 0.02447700 -0.15773600 0.26895800
v 0.03303300 -0.13961800 0.26792600
v 0.03123800 -0.14399900 0.26769400
v 0.03026000 -0.14519300 0.26626000
v 0.02935700 -0.14805300 0.26755600
v 0.02831800 -0.14907600 0.26618100
v 0.02843000 -0.15090600 0.26886200
v 0.02740700 -0.15178200 0.26751500
v 0.02748000 -0.15375200 0.27017700
v 0.02647400 -0.15448000 0.26885900
v 0.02650700 -0.15659100 0.27150300
v 0.02552000 -0.15717100 0.27021300
v 0.03734700 -0.12959800 0.27888700
v 0.03844600 -0.12371200 0.27943800
v 0.03752100 -0.12886200 0.27969500
v 0.03767800 -0.12812300 0.28050600
v 0.03669600 -0.13319600 0.28077600
v 0.03685900 -0.13253700 0.28158000
v 0.03582100 -0.13753200 0.28186200
v 0.03598900 -0.13695200 0.28265900
v 0.03506900 -0.14136900 0.28374400
v 0.03522300 -0.14086800 0.28453600
v 0.03425500 -0.14536700 0.28561800
v 0.03439300 -0.14494600 0.28640500
v 0.03337200 -0.14952800 0.28748300
v 0.03886300 -0.12043300 0.28271700
v 0.03793800 -0.12664200 0.28213300
v 0.03781600 -0.12738400 0.28131900
v 0.03812800 -0.12515700 0.28376600
v 0.03804200 -0.12590000 0.28294900
v 0.03724300 -0.13055100 0.28400600
v 0.03713200 -0.13121400 0.28319500
v 0.03627300 -0.13578900 0.28426200
v 0.03614000 -0.13637100 0.28345900
v 0.03536000 -0.14036600 0.28533200
v 0.03886400 -0.11385200 0.28929800
v 0.03827800 -0.12068800 0.28868800
v 0.03829600 -0.12143300 0.28786700
v 0.03829900 -0.12180600 0.28745600
v 0.03753400 -0.12689000 0.28849100
v 0.03802500 -0.11771200 0.29196800
v 0.03818700 -0.11919900 0.29032900
v 0.03824100 -0.11994300 0.28950900
v 0.03748900 -0.12522400 0.29053500
v 0.03752000 -0.12589000 0.28971700
v 0.03669600 -0.13110300 0.29074200
v 0.03670500 -0.13169000 0.28992800
v 0.03580400 -0.13632300 0.29176100
v 0.03581200 -0.13683000 0.29095300
v 0.03484600 -0.14155300 0.29277400
v 0.03666100 -0.11182000 0.29846600
v 0.03675700 -0.10410100 0.29904900
v 0.03640900 -0.11109300 0.29926800
v 0.03613800 -0.11036800 0.30006600
v 0.03570000 -0.11730800 0.30025700
v 0.03543100 -0.11666000 0.30105100
v 0.03490400 -0.12354600 0.30121700
v 0.03463700 -0.12297600 0.30200500
v 0.03375600 -0.12931300 0.30292600
v 0.03347000 -0.12882500 0.30370100
v 0.03250000 -0.13526500 0.30457800
v 0.03554000 -0.10892900 0.30165200
v 0.03584800 -0.10964700 0.30086100
v 0.03199300 -0.09483500 0.30831500
v 0.03239000 -0.10333200 0.30781300
v 0.03285100 -0.10401500 0.30706200
v 0.03307500 -0.10435800 0.30668500
v 0.03238500 -0.11129100 0.30762400
v 0.03034200 -0.10066400 0.31074300
v 0.03140600 -0.10198500 0.30929300
v 0.03170300 -0.11037500 0.30874000
v 0.03216200 -0.11098400 0.30799700
v 0.03137900 -0.11798800 0.30887500
v 0.03160100 -0.11825700 0.30850700
v 0.03072300 -0.12525400 0.30933400
v 0.02720600 -0.08919500 0.31395500
v 0.02796800 -0.09811400 0.31353700
v 0.02828300 -0.09842600 0.31319600
v 0.02429300 -0.08662800 0.31652200
v 0.02525700 -0.09571200 0.31616400
v 0.02665500 -0.09689300 0.31487400
v 0.02732200 -0.09749900 0.31421100
v 0.02667300 -0.10517700 0.31504800
v 0.02731300 -0.10572500 0.31438600
v 0.02656500 -0.11338000 0.31514800
v 0.02687400 -0.11362300 0.31482000
v 0.02603000 -0.12128300 0.31550400
v 0.02102100 -0.08428800 0.31886200
v 0.02220400 -0.09349500 0.31858200
v 0.02260400 -0.09376100 0.31829300
v 0.02300000 -0.09403000 0.31799900
v 0.02249600 -0.09534200 0.31844800
v 0.02353900 -0.09611800 0.31766100
v 0.01739100 -0.08222800 0.32092200
v 0.01880700 -0.09150800 0.32074600
v 0.01925100 -0.09174200 0.32049100
v 0.01968800 -0.09198100 0.32023200
v 0.01959900 -0.09345100 0.32036600
v 0.02012100 -0.09222300 0.31996800
v 0.02045300 -0.09397000 0.31983900
v 0.02054800 -0.09247000 0.31970000
v 0.02097000 -0.09272000 0.31942700
v 0.02138700 -0.09297500 0.31914900
v 0.02128600 -0.09450700 0.31929500
v 0.01544600 -0.08132400 0.32182600
v 0.01603800 -0.09020000 0.32216800
v 0.01651300 -0.09040600 0.32194500
v 0.01698200 -0.09061600 0.32171500
v 0.01653200 -0.09182100 0.32201700
v 0.01744600 -0.09083200 0.32148100
v 0.01790500 -0.09105300 0.32124100
v 0.01341800 -0.08051500 0.32263500
v 0.01409300 -0.08942800 0.32300600
v 0.01507500 -0.08980300 0.32259900
v 0.01556000 -0.08999900 0.32238600
v 0.01511700 -0.09851700 0.32302700
v 0.01466000 -0.10311200 0.32340000
v 0.01464400 -0.09834300 0.32323300
v 0.01415200 -0.10694400 0.32372800
v 0.01322100 -0.10665500 0.32410800
v 0.01398400 -0.10966100 0.32385500
v 0.01303900 -0.10981100 0.32424700
v 0.01359900 -0.11560000 0.32408400
v 0.01270000 -0.11535500 0.32444600
v 0.01212100 -0.12411500 0.32464300
v 0.01124400 -0.12392700 0.32496400
v 0.01064800 -0.13278700 0.32499700
v 0.00980000 -0.13265200 0.32527600
v 0.00919600 -0.14160900 0.32514200
v 0.00838600 -0.14152200 0.32537900
v 0.00774500 -0.15058200 0.32508500
v 0.00757000 -0.14144200 0.32559700
v 0.00674600 -0.14136900 0.32579400
v 0.00807800 -0.13241200 0.32577100
v 0.00720300 -0.13230800 0.32598600
v 0.00854300 -0.12344100 0.32579500
v 0.00762200 -0.12330600 0.32602500
v 0.00896700 -0.11452900 0.32566700
v 0.00800200 -0.11436400 0.32591200
v 0.00814100 -0.11087900 0.32582600
v 0.00713400 -0.11115800 0.32605900
v 0.00732900 -0.10531100 0.32587400
v 0.00630400 -0.10515900 0.32607400
v 0.00759800 -0.09646500 0.32546400
v 0.00653600 -0.09629100 0.32567200
v 0.00673800 -0.08748800 0.32511400
v 0.00563300 -0.08731900 0.32529700
v 0.00691100 -0.07875000 0.32440000
v 0.00463400 -0.07840800 0.32474200
v 0.01131400 -0.07981200 0.32333800
v 0.01207200 -0.08874700 0.32374600
v 0.01309100 -0.08907600 0.32338900
v 0.01368600 -0.09801100 0.32362800
v 0.00914300 -0.07922000 0.32393000
v 0.00998300 -0.08816300 0.32438000
v 0.01103500 -0.08844200 0.32407600
v 0.01171800 -0.09740700 0.32434500
v 0.01271000 -0.09769800 0.32399900
v 0.01131300 -0.10613000 0.32479800
v 0.01227500 -0.10638300 0.32446500
v 0.01208000 -0.10998200 0.32461500
v 0.00783300 -0.08768500 0.32489900
v 0.00891500 -0.08791000 0.32465500
v 0.00968600 -0.09688900 0.32496000
v 0.01071000 -0.09713700 0.32466600
v 0.00934800 -0.10568000 0.32538900
v 0.01033800 -0.10589500 0.32510600
v 0.01013000 -0.11038800 0.32527400
v 0.01111000 -0.11017400 0.32495700
v 0.01085900 -0.11491000 0.32510400
v 0.01178700 -0.11512500 0.32478700
v 0.01035500 -0.12375200 0.32526400
v 0.00232500 -0.07820100 0.32494900
v 0.00339600 -0.08707100 0.32556700
v 0.00395800 -0.08712100 0.32551200
v 0.00451800 -0.08717900 0.32544900
v 0.00438200 -0.09601700 0.32599800
v 0.00492400 -0.09607600 0.32592800
v 0.00422500 -0.10492000 0.32638800
v 0.00474800 -0.10497100 0.32632100
v 0.00459600 -0.11195100 0.32651700
v 0.00510600 -0.11178100 0.32644000
v 0.00505000 -0.11397700 0.32648400
v 0.00604200 -0.11408800 0.32632000
v 0.00480500 -0.12299000 0.32656500
v 0.00575100 -0.12308000 0.32641100
v 0.00453500 -0.13206400 0.32648900
v 0.00543100 -0.13213400 0.32634500
v 0.00424100 -0.14119900 0.32625600
v 0.00508100 -0.14124700 0.32612400
v 0.00547800 -0.15046300 0.32560600
v 0.00591600 -0.14130400 0.32596900
v 0.00226700 -0.08699300 0.32565200
v 0.00000000 -0.07813100 0.32501900
v -0.00000100 -0.08693000 0.32572100
v 0.00219800 -0.09585100 0.32619600
v -0.00000200 -0.09579500 0.32626200
v -0.00000300 -0.10472700 0.32664400
v -0.00000500 -0.11372200 0.32686500
v 0.00203800 -0.11288100 0.32678800
v 0.00211900 -0.10477500 0.32657900
v 0.00329300 -0.09592100 0.32611300
v 0.00383800 -0.09596500 0.32605900
v 0.00202900 -0.11376300 0.32680300
v -0.00000600 -0.12278100 0.32692600
v 0.00192900 -0.12281500 0.32686700
v -0.00000800 -0.13190200 0.32682600
v 0.00181800 -0.13192900 0.32677100
v -0.00001000 -0.14108500 0.32656600
v 0.00169700 -0.14110300 0.32651600
v -0.00001200 -0.15032800 0.32614400
v 0.00306800 -0.15038000 0.32597200
v 0.00381900 -0.14117700 0.32631400
v 0.00339600 -0.14115800 0.32636600
v 0.00408500 -0.13203400 0.32655200
v 0.00363400 -0.13200600 0.32660900
v 0.00432900 -0.12295100 0.32663300
v 0.00385100 -0.12291500 0.32669400
v 0.00455000 -0.11392900 0.32655600
v 0.00404800 -0.11388600 0.32662000
v 0.00408500 -0.11212600 0.32658700
v 0.00357300 -0.11230600 0.32664900
v 0.00370100 -0.10487500 0.32644700
v 0.00317500 -0.10483600 0.32649900
v 0.00995400 -0.15073700 0.32441000
v 0.00999800 -0.14170400 0.32488600
v 0.01148500 -0.13293200 0.32469700
v 0.01298600 -0.12431500 0.32430000
v 0.01404300 -0.11572700 0.32389400
v 0.01445300 -0.10959400 0.32364900
v 0.01461100 -0.10709500 0.32352900
v 0.01464200 -0.10635500 0.32349800
v 0.01498100 -0.10753100 0.32337100
v 0.01491700 -0.10953100 0.32343800
v 0.01448300 -0.11585900 0.32370000
v 0.01491900 -0.11599300 0.32350000
v 0.01383700 -0.12452600 0.32393800
v 0.01425700 -0.12463600 0.32374900
v 0.01312700 -0.13325000 0.32403900
v 0.01353000 -0.13333500 0.32386200
v 0.01235300 -0.14202800 0.32400400
v 0.01273800 -0.14208800 0.32384100
v 0.01206700 -0.15092100 0.32360600
v 0.01312000 -0.14214900 0.32367300
v 0.01350000 -0.14221200 0.32350100
v 0.01432800 -0.13351100 0.32349500
v 0.01472300 -0.13360300 0.32330500
v 0.01549800 -0.12498300 0.32315300
v 0.01630800 -0.12522600 0.32273200
v 0.01704100 -0.11671400 0.32242700
v 0.01745400 -0.11686800 0.32219800
v 0.01750000 -0.10940500 0.32212600
v 0.01786200 -0.11702400 0.32196400
v 0.01836200 -0.10918900 0.32162900
v 0.01826500 -0.11718400 0.32172700
v 0.01866400 -0.11734500 0.32148400
v 0.01749400 -0.12561100 0.32206700
v 0.01788200 -0.12574300 0.32183700
v 0.01664800 -0.13409000 0.32228400
v 0.01702200 -0.13419300 0.32206800
v 0.01572500 -0.14262000 0.32237900
v 0.01608600 -0.14269300 0.32217700
v 0.01571400 -0.15133300 0.32180800
v 0.01644400 -0.14276800 0.32197100
v 0.01680000 -0.14284300 0.32176100
v 0.01776300 -0.13440500 0.32162100
v 0.01848900 -0.13462300 0.32115800
v 0.01939500 -0.12629700 0.32087200
v 0.01976400 -0.12644000 0.32062100
v 0.02059800 -0.11819400 0.32020800
v 0.02097100 -0.11837200 0.31994100
v 0.02134900 -0.11000100 0.31968300
v 0.02173000 -0.11020900 0.31940500
v 0.02179200 -0.10537400 0.31929500
v 0.02210700 -0.11042000 0.31912400
v 0.02273900 -0.10297100 0.31852400
v 0.02247900 -0.11063400 0.31883900
v 0.01157700 -0.14191400 0.32431600
v 0.01079200 -0.14180500 0.32461000
v 0.01367400 -0.15108700 0.32288100
v 0.01387800 -0.14227600 0.32332500
v 0.01550200 -0.13379200 0.32291000
v 0.01670800 -0.12535200 0.32251500
v 0.01536100 -0.14254900 0.32257700
v 0.01499400 -0.14247800 0.32277000
v 0.01462500 -0.14241000 0.32296000
v 0.01588800 -0.13388900 0.32270600
v 0.01750200 -0.14299900 0.32132900
v 0.01780800 -0.15163200 0.32050400
v 0.01784800 -0.14307900 0.32110700
v 0.01819100 -0.14316000 0.32088100
v 0.01920100 -0.13484900 0.32067900
v 0.01955200 -0.13496400 0.32043400
v 0.02048800 -0.12673400 0.32010700
v 0.02084400 -0.12688300 0.31984400
v 0.02170400 -0.11873300 0.31939500
v 0.02206400 -0.11891700 0.31911700
v 0.01920200 -0.14341000 0.32017900
v 0.01886800 -0.14332500 0.32041700
v 0.02024200 -0.13519900 0.31993200
v 0.01989800 -0.13508100 0.32018400
v 0.02119600 -0.12703500 0.31957700
v 0.02239100 -0.15249200 0.31675000
v 0.02323100 -0.14461500 0.31676000
v 0.02294300 -0.14451600 0.31704400
v 0.02292800 -0.15261600 0.31620600
v 0.02379600 -0.14481600 0.31618400
v 0.02351500 -0.14471500 0.31647400
v 0.02464500 -0.13700400 0.31601800
v 0.02435700 -0.13686700 0.31631900
v 0.02568200 -0.12933300 0.31548000
v 0.02320400 -0.15268300 0.31591600
v 0.02434600 -0.14502100 0.31559400
v 0.02407300 -0.14491800 0.31589100
v 0.02521000 -0.13728200 0.31540700
v 0.02492900 -0.13714300 0.31571400
v 0.02625300 -0.12968500 0.31484500
v 0.02597000 -0.12950900 0.31516400
v 0.02720300 -0.12212700 0.31420400
v 0.02691700 -0.12191400 0.31453300
v 0.02777000 -0.11436100 0.31382300
v 0.02341800 -0.15273600 0.31568600
v 0.02738000 -0.15396300 0.31033100
v 0.02774300 -0.14655000 0.31114500
v 0.02752800 -0.14643600 0.31147900
v 0.02931000 -0.14748700 0.30838300
v 0.02894500 -0.14724900 0.30908600
v 0.02856200 -0.14701400 0.30978100
v 0.03010000 -0.14043800 0.30835300
v 0.02971900 -0.14012200 0.30906800
v 0.03116400 -0.13365400 0.30757400
v 0.03078400 -0.13325800 0.30830600
v 0.03213700 -0.12689700 0.30674900
v 0.03175600 -0.12642300 0.30749600
v 0.03263600 -0.11961800 0.30663700
v 0.03021500 -0.15544000 0.30388100
v 0.03112100 -0.14895900 0.30401300
v 0.03086600 -0.14870900 0.30475700
v 0.03092500 -0.15607100 0.30112800
v 0.03177600 -0.14971600 0.30175000
v 0.03157700 -0.14946300 0.30250900
v 0.03270400 -0.14338700 0.30162300
v 0.03225600 -0.14271800 0.30315700
v 0.03375000 -0.13732900 0.30071500
v 0.03128600 -0.15654400 0.29906300
v 0.03226300 -0.15048500 0.29945000
v 0.03211900 -0.15022800 0.30022000
v 0.03195700 -0.14997200 0.30098700
v 0.03323500 -0.14440000 0.29929500
v 0.03307700 -0.14406100 0.30007500
v 0.03427400 -0.13858700 0.29835300
v 0.03411800 -0.13816700 0.29914300
v 0.03523400 -0.13278900 0.29739500
v 0.03507900 -0.13228800 0.29819400
v 0.03611700 -0.12700800 0.29642000
v 0.03596100 -0.12642700 0.29722500
v 0.03676400 -0.12058000 0.29623800
v 0.03158600 -0.15750100 0.29488800
v 0.03274000 -0.15229900 0.29400500
v 0.03382700 -0.14730600 0.29259700
v 0.03484200 -0.14240400 0.29117400
v 0.03579000 -0.13759000 0.28974100
v 0.03667100 -0.13286400 0.28830100
v 0.03750700 -0.12789000 0.28726300
v 0.03151900 -0.15800100 0.29270800
v 0.03272200 -0.15269000 0.29283400
v 0.03273300 -0.15256000 0.29322400
v 0.03273900 -0.15242900 0.29361500
v 0.03381900 -0.14747800 0.29220000
v 0.03266100 -0.15307900 0.29166400
v 0.03270600 -0.15282000 0.29244300
v 0.03374300 -0.14816400 0.29062100
v 0.03379100 -0.14782100 0.29141000
v 0.03476500 -0.14325400 0.28957700
v 0.03481300 -0.14282900 0.29037500
v 0.03572600 -0.13834900 0.28853400
v 0.03577300 -0.13784300 0.28933800
v 0.03662700 -0.13345000 0.28749100
v 0.03068900 -0.15924600 0.28727300
v 0.03183400 -0.15488200 0.28626800
v 0.03271400 -0.15087900 0.28438900
v 0.03352700 -0.14703900 0.28250200
v 0.03427900 -0.14335700 0.28060700
v 0.03415800 -0.14153700 0.27638000
v 0.03506300 -0.13775500 0.27523200
v 0.03164500 -0.15513600 0.28550900
v 0.03032500 -0.15956300 0.28589100
v 0.03143900 -0.15538800 0.28475500
v 0.03121500 -0.15564000 0.28400600
v 0.03228000 -0.15154700 0.28286500
v 0.03121200 -0.15286200 0.27987500
v 0.03223200 -0.14909100 0.27870100
v 0.03159800 -0.14989600 0.27721600
v 0.03258100 -0.14628000 0.27602900
v 0.03188100 -0.14723300 0.27454400
v 0.03282900 -0.14376900 0.27334400
v 0.03206300 -0.14486500 0.27185800
v 0.03374500 -0.14030000 0.27215300
v 0.02947300 -0.16015400 0.28331100
v 0.03015300 -0.15663100 0.28105900
v 0.02870300 -0.16058600 0.28142400
v 0.02952600 -0.15711700 0.27962000
v 0.02775800 -0.16103900 0.27944600
v 0.02883800 -0.15759600 0.27820600
v 0.02809100 -0.15806600 0.27681900
v 0.02912900 -0.15477400 0.27556400
v 0.02663200 -0.16150500 0.27741300
v 0.02190900 -0.16297100 0.27101400
v 0.02115000 -0.16316000 0.27019100
v 0.02218600 -0.16078200 0.26886800
v 0.02200800 -0.16084600 0.26868200
v 0.02291200 -0.15850800 0.26724600
v 0.02265600 -0.15863000 0.26699200
v 0.02353700 -0.15631200 0.26556000
v 0.02307300 -0.15657900 0.26512900
v 0.02392900 -0.15430000 0.26369400
v 0.02360500 -0.15451200 0.26340600
v 0.02444100 -0.15225400 0.26197000
v 0.02410600 -0.15249600 0.26167700
v 0.02526300 -0.14998500 0.26054500
v 0.02112700 -0.16300400 0.26998100
v 0.02176000 -0.16093900 0.26843500
v 0.02220300 -0.15884900 0.26657600
v 0.02275600 -0.15676200 0.26485200
v 0.02327600 -0.15472600 0.26312400
v 0.02107700 -0.16266500 0.26952500
v 0.02131800 -0.16111100 0.26803300
v 0.02189200 -0.15900200 0.26630900
v 0.02243200 -0.15694700 0.26458300
v 0.02099600 -0.16211400 0.26878300
v 0.02101400 -0.16123300 0.26777800
v 0.02157600 -0.15915800 0.26605200
v 0.02348400 -0.09705000 0.31774300
v 0.02377300 -0.09457800 0.31740200
v 0.02338900 -0.09430300 0.31770200
v 0.02415200 -0.09485700 0.31709700
v 0.02342800 -0.09798300 0.31782400
v 0.02337300 -0.09891500 0.31790200
v 0.02101600 -0.10672100 0.31987900
v 0.02096300 -0.10979500 0.31995700
v 0.02022000 -0.11802000 0.32047200
v 0.01864600 -0.12601600 0.32136300
v 0.01739400 -0.13429800 0.32184600
v 0.02031800 -0.10764900 0.32037300
v 0.02017500 -0.10939300 0.32049200
v 0.01945100 -0.11767700 0.32098700
v 0.01826600 -0.12587800 0.32160200
v 0.01977500 -0.10919600 0.32075400
v 0.01940600 -0.10854900 0.32098200
v 0.01936900 -0.10900200 0.32101100
v 0.01673900 -0.10933100 0.32253700
v 0.01620500 -0.11641600 0.32287100
v 0.01508800 -0.12486500 0.32335700
v 0.01393100 -0.13342200 0.32368100
v 0.01628900 -0.10937400 0.32277100
v 0.01630400 -0.10915200 0.32275900
v 0.01583500 -0.10942100 0.32299900
v 0.01552700 -0.10848100 0.32313300
v 0.01537800 -0.10947400 0.32322200
v 0.01451300 -0.10505900 0.32352300
v 0.00390800 -0.16181600 0.25558800
v 0.00556000 -0.16306500 0.25789200
v 0.00701100 -0.16428700 0.26022000
v 0.01424700 -0.16243100 0.26206600
v 0.01491100 -0.16066800 0.26027500
v 0.01511100 -0.16059000 0.26035200
v 0.01556600 -0.15889400 0.25849400
v 0.01968500 -0.15846100 0.26264400
v 0.02988500 -0.15414600 0.27697600
v 0.03013700 -0.15147700 0.27431900
v 0.03058000 -0.15350900 0.27841300
v 0.03090000 -0.15069200 0.27575500
v 0.03111500 -0.14817400 0.27308300
v 0.03250600 -0.15121400 0.28362500
v 0.03330200 -0.14745300 0.28173300
v 0.03321400 -0.14531500 0.27753600
v 0.03352800 -0.14265900 0.27485100
v 0.03443900 -0.13903400 0.27368300
v 0.03323400 -0.14986800 0.28670400
v 0.03409900 -0.14578700 0.28483400
v 0.03489800 -0.14186800 0.28295500
v 0.03563600 -0.13811000 0.28106800
v 0.03651500 -0.13385400 0.27997400
v 0.03380700 -0.14765000 0.29180400
v 0.03483000 -0.14261700 0.29077400
v 0.03379300 -0.14644900 0.29457400
v 0.03482000 -0.14112800 0.29357400
v 0.03577800 -0.13581700 0.29256800
v 0.03666800 -0.13051600 0.29155500
v 0.03743900 -0.12455800 0.29135200
v 0.03337500 -0.14474000 0.29851300
v 0.03441100 -0.13900900 0.29756100
v 0.03537100 -0.13329200 0.29659400
v 0.03625400 -0.12759100 0.29561200
v 0.03692100 -0.12124000 0.29542700
v 0.03290000 -0.14372300 0.30085100
v 0.03394300 -0.13774700 0.29993100
v 0.03490500 -0.13178800 0.29899000
v 0.03144300 -0.14172800 0.30542100
v 0.03278800 -0.13567400 0.30381500
v 0.03402300 -0.12980400 0.30214600
v 0.03515300 -0.12411800 0.30042400
v 0.03594900 -0.11795800 0.29945900
v 0.03046400 -0.14075700 0.30763000
v 0.03152600 -0.13405300 0.30683400
v 0.03249800 -0.12737500 0.30599500
v 0.03301700 -0.12017000 0.30587900
v 0.03342400 -0.11284000 0.30573000
v 0.02931900 -0.13980800 0.30977500
v 0.02816100 -0.14678000 0.31046700
v 0.02890200 -0.13949800 0.31047400
v 0.03038500 -0.13286600 0.30903200
v 0.02801400 -0.13888700 0.31184500
v 0.02953100 -0.13209100 0.31045800
v 0.02907700 -0.13170900 0.31116000
v 0.03004700 -0.12456400 0.31041400
v 0.02994900 -0.11640000 0.31104800
v 0.02966800 -0.10799600 0.31163500
v 0.02977900 -0.10001400 0.31145500
v 0.02548600 -0.13742300 0.31509700
v 0.02653300 -0.12986300 0.31452300
v 0.02748500 -0.12234200 0.31387200
v 0.02805900 -0.11461000 0.31348400
v 0.02853000 -0.10684500 0.31303100
v 0.02316200 -0.13633000 0.31749100
v 0.02479200 -0.12881500 0.31641100
v 0.02254000 -0.13606900 0.31805800
v 0.02417700 -0.12847700 0.31701700
v 0.02572500 -0.12107600 0.31582300
v 0.02354400 -0.12814500 0.31760900
v 0.02445800 -0.12026400 0.31706700
v 0.02391800 -0.11151300 0.31766200
v 0.02391100 -0.10307900 0.31757600
v 0.01853100 -0.14324200 0.32065100
v 0.01884700 -0.13473500 0.32092000
v 0.02012800 -0.12658600 0.32036600
v 0.02134000 -0.11855100 0.31967000
v 0.01626900 -0.13398900 0.32249700
v 0.01710300 -0.12548000 0.32229300
v 0.01467400 -0.12474900 0.32355500
v 0.01535100 -0.11613100 0.32329600
v 0.01272100 -0.13316700 0.32421000
v 0.01196700 -0.14197000 0.32416200
v 0.01231100 -0.13308600 0.32437800
v 0.01341300 -0.12441900 0.32412100
v 0.00894300 -0.13252700 0.32553400
v 0.00945400 -0.12359000 0.32554100
v 0.00991900 -0.11471100 0.32539800
v 0.00914000 -0.11062300 0.32556300
v 0.00834500 -0.10548400 0.32564600
v 0.00864900 -0.09666500 0.32522700
v 0.00632000 -0.13221500 0.32617700
v 0.00669000 -0.12318600 0.32623100
v 0.00702700 -0.11421700 0.32613000
v 0.00612200 -0.11145900 0.32626400
v 0.00526900 -0.10502800 0.32624600
v 0.00546400 -0.09614100 0.32585000
v 0.00507700 -0.08724500 0.32537700
v 0.00318200 -0.13198200 0.32665900
v 0.00297300 -0.14114100 0.32641200
v 0.00254800 -0.14112600 0.32645300
v 0.00272800 -0.13196100 0.32670300
v 0.00337200 -0.12288400 0.32674800
v 0.00289200 -0.12285700 0.32679500
v 0.00304100 -0.11381500 0.32672600
v 0.01577200 -0.15880800 0.25857900
v 0.01642500 -0.15701400 0.25681600
v 0.02047300 -0.15644100 0.26107200
v 0.03050200 -0.12502300 0.30969500
v 0.02510000 -0.12066600 0.31645100
v 0.02593200 -0.11290100 0.31579500
v 0.01906000 -0.11751000 0.32123800
v 0.01578000 -0.11627200 0.32308600
v 0.00354600 -0.11384800 0.32667700
v 0.01707000 -0.15521100 0.25506100
v 0.01621300 -0.15711000 0.25672100
v 0.02277100 -0.15185600 0.25850300
v 0.02124900 -0.15441200 0.25951000
v 0.03700400 -0.13187600 0.28238600
v 0.03753400 -0.12655700 0.28889900
v 0.03670400 -0.13198300 0.28952200
v 0.03514400 -0.11601500 0.30184200
v 0.03435000 -0.12240900 0.30278900
v 0.03483700 -0.11537300 0.30262900
v 0.03521400 -0.10821400 0.30244000
v 0.03380600 -0.11346800 0.30496300
v 0.03337900 -0.12072500 0.30511400
v 0.03072500 -0.10917300 0.31020400
v 0.03092200 -0.11745400 0.30960700
v 0.02762500 -0.10600200 0.31405100
v 0.02601300 -0.10463800 0.31569900
v 0.02528100 -0.11243000 0.31643000
v 0.02463200 -0.10358800 0.31696300
v 0.02452600 -0.09513900 0.31679000
v 0.00306200 -0.11249200 0.32670300
v 0.02085700 -0.15938100 0.26922500
v 0.01934300 -0.15978200 0.26882400
v 0.02085700 -0.16063200 0.26797400
v 0.01885100 -0.16050500 0.26810100
v 0.01876700 -0.16179100 0.26681400
v 0.01796300 -0.16100500 0.26760100
v 0.01678900 -0.16275000 0.26585600
v 0.01685700 -0.16118400 0.26742200
v 0.01575000 -0.16100500 0.26760100
v 0.01575000 -0.16100500 0.26760100
v 0.01934300 -0.15897900 0.26962600
v 0.01934300 -0.15897900 0.26962600
v 0.02066100 -0.15850700 0.27009900
v 0.02009300 -0.15771800 0.27088800
v 0.02009300 -0.15771800 0.27088800
v 0.01885100 -0.15825600 0.27034900
v 0.01885100 -0.15825600 0.27034900
v 0.01920800 -0.15709200 0.27151300
v 0.01920800 -0.15709200 0.27151300
v 0.01796300 -0.15775600 0.27085000
v 0.01796300 -0.15775600 0.27085000
v 0.01809300 -0.15669100 0.27191500
v 0.01809300 -0.15669100 0.27191500
v 0.01809300 -0.15669100 0.27191500
v 0.01685700 -0.15757700 0.27102800
v 0.01685700 -0.15757700 0.27102800
v 0.01685700 -0.15757700 0.27102800
v 0.01685700 -0.15655200 0.27205400
v 0.01562100 -0.15669100 0.27191500
v 0.01562100 -0.15669100 0.27191500
v 0.01562100 -0.15669100 0.27191500
v 0.01575000 -0.15775600 0.27085000
v 0.01575000 -0.15775600 0.27085000
v 0.01450600 -0.15709200 0.27151300
v 0.01450600 -0.15709200 0.27151300
v 0.01486300 -0.15825600 0.27034900
v 0.01486300 -0.15825600 0.27034900
v 0.01362100 -0.15771800 0.27088800
v 0.01362100 -0.15771800 0.27088800
v 0.01437100 -0.15897900 0.26962600
v 0.01437100 -0.15897900 0.26962600
v 0.01305300 -0.15850700 0.27009900
v 0.01285700 -0.15938100 0.26922500
v 0.01285700 -0.15938100 0.26922500
v 0.01285700 -0.16424400 0.26436200
v 0.01486300 -0.16050500 0.26810100
v 0.01486300 -0.16050500 0.26810100
v 0.01486300 -0.16050500 0.26810100
v 0.01437100 -0.15978200 0.26882400
v 0.01437100 -0.15978200 0.26882400
v 0.01484300 -0.16355600 0.26505000
v 0.01484300 -0.16355600 0.26505000
v -0.01380500 -0.16403200 0.26383900
v -0.01355900 -0.16402200 0.26458800
v -0.01603500 -0.16318700 0.26466300
v -0.01727600 -0.16252000 0.26608600
v -0.01747400 -0.16255200 0.26529600
v -0.01907700 -0.16162000 0.26698500
v -0.02081400 -0.16079200 0.26702100
v -0.02085800 -0.16061200 0.26799400
v -0.02082500 -0.16074600 0.26726700
v -0.02082500 -0.16074600 0.26726700
v -0.02084700 -0.16065600 0.26775100
v -0.02083600 -0.16070100 0.26750800
v -0.01380500 -0.16403200 0.26383900
v -0.01362300 -0.16408700 0.26377700
v -0.01355900 -0.16402200 0.26458800
v -0.01338000 -0.16407400 0.26453200
v -0.01362300 -0.16408700 0.26377700
v -0.01342000 -0.16415100 0.26371400
v -0.01338000 -0.16407400 0.26453200
v -0.01338000 -0.16407400 0.26453200
v -0.01321800 -0.16421500 0.26365300
v -0.01285800 -0.16423700 0.26436900
v -0.01305700 -0.16426500 0.26360400
v -0.01289400 -0.16431500 0.26355600
v -0.01305700 -0.16426500 0.26360400
v -0.01338300 -0.16337000 0.26264700
v -0.01289400 -0.16431500 0.26355600
v -0.01183200 -0.16375800 0.26207100
v -0.01146600 -0.16479200 0.26325600
v -0.01024000 -0.16409600 0.26154500
v -0.00988800 -0.16517700 0.26287200
v -0.00860900 -0.16438000 0.26107300
v -0.00828500 -0.16550700 0.26254300
v -0.00694300 -0.16460600 0.26065800
v -0.00665800 -0.16578000 0.26227100
v -0.00524500 -0.16477000 0.26030500
v -0.00501400 -0.16599400 0.26205800
v -0.00351900 -0.16487000 0.26001600
v -0.00335400 -0.16614800 0.26190500
v -0.00177100 -0.16490100 0.25979600
v -0.00168600 -0.16624100 0.26181300
v -0.00000400 -0.16391400 0.25822700
v -0.00001800 -0.16767000 0.26392700
v -0.01321800 -0.16421500 0.26365300
v -0.01342000 -0.16415100 0.26371400
v -0.01376500 -0.16326600 0.26279800
v -0.01362300 -0.16408700 0.26377700
v -0.01380500 -0.16402600 0.26383400
v -0.01380500 -0.16403200 0.26383900
v -0.01413400 -0.16316000 0.26294800
v -0.01451200 -0.16304900 0.26310900
v -0.01483100 -0.16221400 0.26227600
v -0.01521800 -0.16206700 0.26242700
v -0.01550700 -0.16042600 0.26050900
v -0.01590600 -0.16026100 0.26067700
v -0.01617600 -0.15862700 0.25875200
v -0.01658800 -0.15844300 0.25893700
v -0.01684000 -0.15681700 0.25700500
v -0.01726400 -0.15661500 0.25720800
v -0.01749800 -0.15499600 0.25526900
v -0.01793300 -0.15477600 0.25548900
v -0.01815000 -0.15316400 0.25354300
v -0.01859600 -0.15292700 0.25378100
v -0.01739300 -0.15205700 0.25109300
v -0.01947200 -0.15243800 0.25427100
v -0.02102400 -0.14999800 0.25315200
v -0.02032700 -0.15193200 0.25478100
v -0.02116000 -0.15141100 0.25530800
v -0.02043600 -0.15337400 0.25691400
v -0.02123100 -0.15287900 0.25742600
v -0.02048100 -0.15487400 0.25901100
v -0.02124100 -0.15441100 0.25950700
v -0.02046500 -0.15643900 0.26107100
v -0.02119200 -0.15601400 0.26155400
v -0.02039100 -0.15807800 0.26309900
v -0.02108600 -0.15769800 0.26357200
v -0.02026000 -0.15980000 0.26509900
v -0.02092400 -0.15947300 0.26556700
v -0.01970100 -0.16120300 0.26612800
v -0.02033200 -0.16096800 0.26661800
v -0.01747400 -0.16255200 0.26529600
v -0.02081400 -0.16079200 0.26702100
v -0.01488400 -0.16293400 0.26327500
v -0.01603500 -0.16318700 0.26466300
v -0.01561400 -0.16269600 0.26362400
v -0.01632900 -0.16245000 0.26399400
v -0.01672600 -0.16144600 0.26308800
v -0.01745900 -0.16112300 0.26344900
v -0.01746100 -0.15956500 0.26140500
v -0.01821600 -0.15920200 0.26180000
v -0.01818900 -0.15767300 0.25973300
v -0.01896400 -0.15727000 0.26016000
v -0.01890900 -0.15577000 0.25807100
v -0.01970400 -0.15532700 0.25853200
v -0.01962200 -0.15385600 0.25642100
v -0.01703000 -0.16220000 0.26438300
v -0.01818000 -0.16079500 0.26383100
v -0.01895500 -0.15883200 0.26221300
v -0.01972300 -0.15685800 0.26060600
v -0.02097500 -0.16199500 0.26864400
v -0.02101400 -0.16122700 0.26779400
v -0.02157100 -0.15915400 0.26606100
v -0.02176400 -0.15731900 0.26406700
v -0.02190100 -0.15558500 0.26205700
v -0.02198200 -0.15394000 0.26002200
v -0.02200700 -0.15237300 0.25795500
v -0.02197300 -0.15087400 0.25585200
v -0.02113700 -0.16315800 0.27020200
v -0.02161300 -0.16099000 0.26831600
v -0.02131700 -0.16110500 0.26805000
v -0.02188700 -0.15899800 0.26631900
v -0.02242500 -0.15694400 0.26458700
v -0.02259300 -0.15515500 0.26258000
v -0.02270600 -0.15346300 0.26055400
v -0.02276400 -0.15185600 0.25850000
v -0.02276400 -0.15032400 0.25641300
v -0.02255800 -0.16279600 0.27177800
v -0.02218300 -0.16077900 0.26888600
v -0.02190000 -0.16088100 0.26859300
v -0.02250100 -0.15869900 0.26686100
v -0.02219700 -0.15884600 0.26658500
v -0.02306500 -0.15657700 0.26513400
v -0.02274800 -0.15675900 0.26485700
v -0.02359600 -0.15451100 0.26340600
v -0.02326700 -0.15472500 0.26312400
v -0.02409600 -0.15249600 0.26167500
v -0.02341100 -0.15298100 0.26110400
v -0.02421800 -0.15079600 0.25964100
v -0.02350000 -0.15133000 0.25906200
v -0.02428400 -0.14918700 0.25758200
v -0.02353500 -0.14976200 0.25699000
v -0.02429600 -0.14765800 0.25549200
v -0.02378400 -0.16245200 0.27327900
v -0.02352300 -0.16027100 0.27036700
v -0.02245700 -0.16067900 0.26917700
v -0.02309200 -0.15842000 0.26745000
v -0.02279600 -0.15855700 0.26714600
v -0.02367900 -0.15622400 0.26571300
v -0.02337600 -0.15639900 0.26541900
v -0.02423700 -0.15408900 0.26398900
v -0.02391900 -0.15429900 0.26369400
v -0.02476100 -0.15201100 0.26226700
v -0.02443200 -0.15225300 0.26196800
v -0.02525500 -0.14998600 0.26054200
v -0.02491400 -0.15025700 0.26023700
v -0.02572000 -0.14800900 0.25881200
v -0.02501300 -0.14860300 0.25819000
v -0.02453900 -0.15985000 0.27159300
v -0.02528600 -0.16198100 0.27533600
v -0.02550400 -0.15941900 0.27285400
v -0.02641700 -0.15897700 0.27414900
v -0.02649800 -0.15659000 0.27151000
v -0.02742900 -0.15599600 0.27283200
v -0.02747000 -0.15375300 0.27017800
v -0.02841600 -0.15300900 0.27152800
v -0.02842000 -0.15090800 0.26885900
v -0.02937900 -0.15001400 0.27023600
v -0.02934700 -0.14805500 0.26755100
v -0.03031700 -0.14701100 0.26895600
v -0.03025200 -0.14519500 0.26625500
v -0.03123100 -0.14400100 0.26768800
v -0.03113500 -0.14232600 0.26497100
v -0.03212000 -0.14098400 0.26643300
v -0.03199600 -0.13945100 0.26369900
v -0.03389300 -0.13644500 0.26670500
v -0.03302900 -0.13961900 0.26792100
v -0.03386300 -0.13823300 0.26943300
v -0.03297300 -0.14155300 0.27063600
v -0.03373800 -0.14030200 0.27214500
v -0.03282000 -0.14377200 0.27333600
v -0.03351800 -0.14266200 0.27484300
v -0.03257000 -0.14628200 0.27602200
v -0.03320300 -0.14531700 0.27752800
v -0.03222000 -0.14909200 0.27869700
v -0.03329000 -0.14745400 0.28172700
v -0.03226800 -0.15154700 0.28286500
v -0.03270100 -0.15087900 0.28438800
v -0.03163100 -0.15513400 0.28551600
v -0.03182000 -0.15488000 0.28627400
v -0.03070100 -0.15921600 0.28740000
v -0.03086900 -0.15904400 0.28815100
v -0.03070100 -0.15921700 0.28740000
v -0.03086900 -0.15904500 0.28815200
v -0.03096200 -0.15894100 0.28860300
v -0.03102000 -0.15887100 0.28890600
v -0.03199200 -0.15462500 0.28703500
v -0.03214600 -0.15437000 0.28780100
v -0.03306500 -0.15020700 0.28592700
v -0.03322100 -0.14986800 0.28670200
v -0.03408700 -0.14578900 0.28482700
v -0.03424300 -0.14536900 0.28561000
v -0.03505900 -0.14137100 0.28373300
v -0.03521400 -0.14087000 0.28452600
v -0.03598100 -0.13695500 0.28264800
v -0.03613200 -0.13637400 0.28344800
v -0.03685300 -0.13253900 0.28157000
v -0.03699900 -0.13187800 0.28237700
v -0.03767400 -0.12812400 0.28050000
v -0.03781300 -0.12738500 0.28131300
v -0.03844500 -0.12371200 0.27943800
v -0.03793500 -0.12664400 0.28212700
v -0.03803900 -0.12590200 0.28294300
v -0.03723700 -0.13055300 0.28399600
v -0.03733000 -0.12988900 0.28480800
v -0.03647800 -0.13462400 0.28586100
v -0.03655800 -0.13403900 0.28666900
v -0.03565200 -0.13885700 0.28771900
v -0.03571700 -0.13835100 0.28852200
v -0.03475400 -0.14325500 0.28956800
v -0.03480200 -0.14283100 0.29036500
v -0.03377700 -0.14782200 0.29140500
v -0.03379400 -0.14765100 0.29179900
v -0.03270700 -0.15268900 0.29283500
v -0.03271700 -0.15255900 0.29322600
v -0.03156500 -0.15764600 0.29425600
v -0.03156900 -0.15755700 0.29464000
v -0.03156900 -0.15755800 0.29464000
v -0.03156800 -0.15748700 0.29495000
v -0.03156500 -0.15764600 0.29425600
v -0.03152000 -0.15792900 0.29302000
v -0.03154200 -0.15782200 0.29348700
v -0.03154300 -0.15782200 0.29348700
v -0.03155600 -0.15773400 0.29387200
v -0.03269100 -0.15281900 0.29244500
v -0.02538200 -0.16194900 0.27547700
v -0.02624600 -0.16164300 0.27681100
v -0.02622400 -0.16165100 0.27677700
v -0.02727700 -0.15852500 0.27547500
v -0.02701500 -0.16134600 0.27810700
v -0.02766500 -0.16107200 0.27930400
v -0.02808100 -0.15806300 0.27683200
v -0.02775000 -0.16103400 0.27946800
v -0.02882700 -0.15759300 0.27821800
v -0.02842700 -0.16071600 0.28085700
v -0.02951500 -0.15711500 0.27963100
v -0.02857400 -0.16064200 0.28118000
v -0.02904500 -0.16039200 0.28227200
v -0.02904500 -0.16039200 0.28227200
v -0.02965500 -0.16002700 0.28386300
v -0.02775000 -0.16103400 0.27946800
v -0.02842700 -0.16071600 0.28085700
v -0.03031700 -0.15955400 0.28592900
v -0.03009100 -0.15972700 0.28517200
v -0.03009100 -0.15972700 0.28517200
v -0.03014100 -0.15662900 0.28106900
v -0.03120100 -0.15563800 0.28401400
v -0.03119900 -0.15286200 0.27987700
v -0.03051500 -0.15938800 0.28665300
v -0.03051500 -0.15938800 0.28665300
v -0.03133900 -0.15839800 0.29097400
v -0.03115300 -0.15869800 0.28966400
v -0.03102000 -0.15887200 0.28890600
v -0.03102000 -0.15887200 0.28890600
v -0.03115300 -0.15869800 0.28966400
v -0.03115300 -0.15869800 0.28966400
v -0.03126800 -0.15852300 0.29042500
v -0.03228200 -0.15411300 0.28856900
v -0.03240100 -0.15385500 0.28934000
v -0.03335900 -0.14952900 0.28748000
v -0.03347800 -0.14918900 0.28826100
v -0.03438100 -0.14494800 0.28639700
v -0.03450100 -0.14452600 0.28718700
v -0.03535000 -0.14036800 0.28532000
v -0.03546800 -0.13986500 0.28611800
v -0.03626500 -0.13579200 0.28425000
v -0.03638000 -0.13520800 0.28505500
v -0.03712700 -0.13121600 0.28318500
v -0.03150100 -0.15799800 0.29272000
v -0.03144200 -0.15817400 0.29195300
v -0.03136400 -0.15834900 0.29118800
v -0.03144200 -0.15817400 0.29195300
v -0.03136400 -0.15834900 0.29118800
v -0.03144200 -0.15817300 0.29195300
v -0.03136400 -0.15834900 0.29118800
v -0.03250000 -0.15359700 0.29011400
v -0.03148100 -0.15699700 0.29708600
v -0.03155200 -0.15729400 0.29579400
v -0.03156800 -0.15747000 0.29502500
v -0.03156800 -0.15746900 0.29502500
v -0.03155200 -0.15729300 0.29579300
v -0.03272500 -0.15229900 0.29400600
v -0.03271400 -0.15203900 0.29478700
v -0.03381700 -0.14713600 0.29298600
v -0.03380900 -0.14679300 0.29377700
v -0.03484300 -0.14198100 0.29196500
v -0.03483600 -0.14155500 0.29276400
v -0.03580400 -0.13683200 0.29094100
v -0.03579700 -0.13632600 0.29174800
v -0.03670000 -0.13169200 0.28991600
v -0.03669000 -0.13110600 0.29072900
v -0.03753000 -0.12655900 0.28888900
v -0.03751700 -0.12589200 0.28970700
v -0.03829500 -0.12143400 0.28786100
v -0.03827600 -0.12068900 0.28868200
v -0.03900200 -0.11714200 0.28600800
v -0.03886400 -0.11385200 0.28929800
v -0.03818600 -0.11920000 0.29032300
v -0.03802400 -0.11771300 0.29196200
v -0.03728400 -0.12323000 0.29297600
v -0.03705900 -0.12190400 0.29460500
v -0.03625100 -0.12759300 0.29559900
v -0.03595800 -0.12642900 0.29721300
v -0.03507500 -0.13229100 0.29818100
v -0.03470900 -0.13129200 0.29977200
v -0.03374400 -0.13733200 0.30070400
v -0.03353200 -0.13691500 0.30148500
v -0.03248200 -0.14305400 0.30238400
v -0.03224900 -0.14272000 0.30314900
v -0.03111100 -0.14896000 0.30400900
v -0.03085500 -0.14871000 0.30475300
v -0.02962700 -0.15505300 0.30556900
v -0.02934800 -0.15488800 0.30628800
v -0.02945500 -0.15495100 0.30602000
v -0.02934800 -0.15488900 0.30628800
v -0.02934800 -0.15488900 0.30628800
v -0.02905200 -0.15472600 0.30700100
v -0.02873700 -0.15456400 0.30770600
v -0.02846800 -0.15443400 0.30827300
v -0.02873700 -0.15456400 0.30770600
v -0.02873700 -0.15456400 0.30770600
v -0.02905200 -0.15472600 0.30700100
v -0.02873700 -0.15456300 0.30770600
v -0.02905200 -0.15472500 0.30700100
v -0.03028900 -0.14821600 0.30622300
v -0.03058100 -0.14846200 0.30549100
v -0.03172600 -0.14205800 0.30466300
v -0.03199700 -0.14238800 0.30390800
v -0.03305200 -0.13608700 0.30303500
v -0.03330200 -0.13650000 0.30226200
v -0.03427000 -0.13030000 0.30135100
v -0.03449900 -0.13079500 0.30056300
v -0.03538100 -0.12469500 0.29961700
v -0.03559200 -0.12527100 0.29881900
v -0.03639300 -0.11926700 0.29784400
v -0.03676200 -0.12058200 0.29622800
v -0.03748700 -0.11475300 0.29522700
v -0.03779100 -0.11623100 0.29359700
v -0.03844500 -0.11057300 0.29257700
v -0.03123400 -0.15648800 0.29930800
v -0.03146200 -0.15694200 0.29732900
v -0.03146200 -0.15694200 0.29732900
v -0.03146200 -0.15694100 0.29732900
v -0.03129700 -0.15659100 0.29885800
v -0.03263400 -0.15152000 0.29634600
v -0.03247900 -0.15100100 0.29790100
v -0.03373500 -0.14610800 0.29535700
v -0.03358800 -0.14542300 0.29693500
v -0.03476600 -0.14070600 0.29436300
v -0.03462200 -0.13985700 0.29595900
v -0.03572700 -0.13531400 0.29336200
v -0.03558300 -0.13430300 0.29497400
v -0.03661700 -0.12993300 0.29235500
v -0.03647000 -0.12876100 0.29397900
v -0.03743700 -0.12456100 0.29134200
v -0.03085600 -0.15601400 0.30137900
v -0.03105700 -0.15624300 0.30037700
v -0.03105700 -0.15624300 0.30037700
v -0.03105700 -0.15624300 0.30037700
v -0.03074200 -0.15589700 0.30188400
v -0.03074100 -0.15589800 0.30188400
v -0.03035100 -0.15555600 0.30337400
v -0.03035100 -0.15555700 0.30337400
v -0.03017900 -0.15542500 0.30395000
v -0.03035100 -0.15555700 0.30337400
v -0.03074100 -0.15589800 0.30188400
v -0.02962700 -0.15505400 0.30556900
v -0.02988700 -0.15522000 0.30484300
v -0.03012800 -0.15538800 0.30411100
v -0.02988700 -0.15522000 0.30484300
v -0.03012800 -0.15538800 0.30411100
v -0.03012800 -0.15538800 0.30411100
v -0.03012800 -0.15538700 0.30411100
v -0.03156500 -0.14946300 0.30250500
v -0.03194500 -0.14997200 0.30098400
v -0.03306800 -0.14406300 0.30006600
v -0.03336500 -0.14474100 0.29850500
v -0.03440300 -0.13901100 0.29755000
v -0.02749700 -0.15401300 0.31010900
v -0.02805400 -0.15424600 0.30909200
v -0.02805400 -0.15424600 0.30909200
v -0.02805400 -0.15424600 0.30909200
v -0.02768700 -0.15409000 0.30977200
v -0.02930300 -0.14748900 0.30837700
v -0.02893800 -0.14725100 0.30908000
v -0.03045900 -0.14075900 0.30762100
v -0.03009600 -0.14044000 0.30834400
v -0.03152400 -0.13405500 0.30682400
v -0.03116300 -0.13365600 0.30756300
v -0.03249800 -0.12737700 0.30598500
v -0.03213700 -0.12689900 0.30673800
v -0.03338000 -0.12072700 0.30510400
v -0.03301800 -0.12017200 0.30586900
v -0.03417000 -0.11410100 0.30418200
v -0.03380700 -0.11346900 0.30495500
v -0.03486900 -0.10750400 0.30321900
v -0.03450400 -0.10679700 0.30399700
v -0.03547600 -0.10093600 0.30221400
v -0.03431500 -0.10644500 0.30438500
v -0.03412000 -0.10609400 0.30477100
v -0.03342600 -0.11284200 0.30572300
v -0.03322800 -0.11253000 0.30610500
v -0.03244000 -0.11934600 0.30700500
v -0.03223800 -0.11907300 0.30738100
v -0.03135800 -0.12595500 0.30822600
v -0.03115100 -0.12572100 0.30859400
v -0.03017800 -0.13267300 0.30938200
v -0.02996700 -0.13247900 0.30973900
v -0.02890000 -0.13950000 0.31046500
v -0.02801200 -0.13888900 0.31183600
v -0.02685200 -0.14609900 0.31246300
v -0.02589900 -0.14565800 0.31374600
v -0.02464700 -0.15306200 0.31425700
v -0.02414900 -0.15292500 0.31485400
v -0.02439300 -0.15299200 0.31456600
v -0.02377700 -0.15282900 0.31528000
v -0.02377700 -0.15282900 0.31528000
v -0.02377700 -0.15282900 0.31528000
v -0.02619800 -0.15353900 0.31218000
v -0.02690100 -0.15378500 0.31110500
v -0.02710300 -0.15386100 0.31077600
v -0.02730200 -0.15393700 0.31044300
v -0.02730200 -0.15393700 0.31044300
v -0.02749700 -0.15401300 0.31010900
v -0.02730200 -0.15393600 0.31044300
v -0.02749700 -0.15401300 0.31010900
v -0.02874900 -0.14713300 0.30942900
v -0.02522000 -0.15322900 0.31353200
v -0.02559700 -0.15334400 0.31302900
v -0.02559700 -0.15334400 0.31302900
v -0.02559700 -0.15334400 0.31302900
v -0.02464700 -0.15306300 0.31425700
v -0.02332400 -0.15271400 0.31578000
v -0.02363700 -0.15279200 0.31543800
v -0.02363700 -0.15279200 0.31543800
v -0.02363700 -0.15279200 0.31543800
v -0.02389500 -0.15285800 0.31514700
v -0.02514000 -0.14533600 0.31468000
v -0.02539700 -0.14544300 0.31437200
v -0.02654900 -0.13799900 0.31382000
v -0.02705400 -0.13829200 0.31316900
v -0.02811500 -0.13095900 0.31252600
v -0.02907800 -0.13171100 0.31115000
v -0.03004800 -0.12456600 0.31040500
v -0.03094000 -0.12548800 0.30896000
v -0.03181900 -0.11852900 0.30812700
v -0.03203100 -0.11880000 0.30775500
v -0.03281700 -0.11190800 0.30686400
v -0.03302500 -0.11221800 0.30648500
v -0.03371700 -0.10539600 0.30553900
v -0.03392100 -0.10574500 0.30515600
v -0.03389100 -0.09784000 0.30531000
v -0.02164100 -0.15232900 0.31746000
v -0.02256700 -0.15253400 0.31656800
v -0.02284000 -0.15259700 0.31629000
v -0.02310900 -0.15266200 0.31600900
v -0.02284000 -0.15259600 0.31629000
v -0.02310900 -0.15266100 0.31600900
v -0.02434600 -0.14502200 0.31558800
v -0.02461500 -0.14512600 0.31528800
v -0.02576000 -0.13756700 0.31477700
v -0.02602700 -0.13771000 0.31446100
v -0.02708000 -0.13022500 0.31386300
v -0.02734600 -0.13040700 0.31353200
v -0.02830600 -0.12299700 0.31285100
v -0.02856900 -0.12321700 0.31250800
v -0.02943600 -0.11588300 0.31174800
v -0.02995200 -0.11640200 0.31104000
v -0.03072700 -0.10917500 0.31019800
v -0.03170500 -0.11037600 0.30873400
v -0.03140800 -0.10198500 0.30929000
v -0.03239100 -0.10333200 0.30780900
v -0.03199300 -0.09483500 0.30831500
v -0.01993800 -0.15199200 0.31893000
v -0.02026200 -0.15205300 0.31866700
v -0.02144100 -0.15228700 0.31764500
v -0.02144100 -0.15228600 0.31764500
v -0.02026200 -0.15205200 0.31866600
v -0.02265200 -0.14441900 0.31731800
v -0.02144900 -0.14403700 0.31840600
v -0.02377000 -0.13659800 0.31690400
v -0.02254400 -0.13607000 0.31805200
v -0.02479600 -0.12881700 0.31640400
v -0.02354800 -0.12814600 0.31760300
v -0.02572900 -0.12107700 0.31581700
v -0.02446200 -0.12026500 0.31706100
v -0.02656800 -0.11338200 0.31514300
v -0.02528400 -0.11243100 0.31642500
v -0.02731500 -0.10572600 0.31438200
v -0.02601600 -0.10463800 0.31569500
v -0.02665700 -0.09689300 0.31487200
v -0.02596800 -0.09629700 0.31552300
v -0.02720600 -0.08919500 0.31395500
v -0.02561600 -0.09600300 0.31584500
v -0.02525900 -0.09571200 0.31616200
v -0.02498800 -0.10384700 0.31664900
v -0.02463500 -0.10358800 0.31696000
v -0.02392200 -0.11151400 0.31765800
v -0.02357000 -0.11129100 0.31795700
v -0.02277500 -0.11929300 0.31854400
v -0.02242400 -0.11910400 0.31883000
v -0.02154900 -0.12718900 0.31930200
v -0.02084900 -0.12688400 0.31983900
v -0.01990400 -0.13508200 0.32017900
v -0.01920800 -0.13485000 0.32067300
v -0.01819800 -0.14316100 0.32087500
v -0.01750900 -0.14300000 0.32132300
v -0.01643900 -0.15143000 0.32137900
v -0.01576400 -0.15133900 0.32177700
v -0.01643900 -0.15143100 0.32137900
v -0.01576400 -0.15134000 0.32177700
v -0.01771700 -0.15161800 0.32056300
v -0.01561600 -0.15132100 0.32186200
v -0.01871900 -0.15177900 0.31986300
v -0.01903300 -0.15183200 0.31963100
v -0.01934500 -0.15188600 0.31939500
v -0.01903300 -0.15183100 0.31963100
v -0.01934500 -0.15188500 0.31939500
v -0.02050900 -0.14376200 0.31918500
v -0.02082600 -0.14385300 0.31892900
v -0.02190700 -0.13581500 0.31860500
v -0.01368400 -0.15108800 0.32287600
v -0.01438600 -0.15116700 0.32252600
v -0.01508000 -0.15125100 0.32215900
v -0.01680700 -0.14284400 0.32175600
v -0.01849600 -0.13462400 0.32115300
v -0.02013400 -0.12658700 0.32036100
v -0.02170900 -0.11873400 0.31939100
v -0.02321200 -0.11106900 0.31825400
v -0.02427700 -0.10333200 0.31726800
v -0.02489600 -0.09542400 0.31647700
v -0.02429200 -0.08662800 0.31652200
v -0.01195500 -0.15091100 0.32365200
v -0.01297300 -0.15101200 0.32320900
v -0.01297300 -0.15101100 0.32320900
v -0.01368400 -0.15108700 0.32287600
v -0.01463400 -0.14241100 0.32295500
v -0.01537000 -0.14255000 0.32257200
v -0.01627700 -0.13398900 0.32249300
v -0.01703000 -0.13419300 0.32206300
v -0.01789000 -0.12574400 0.32183300
v -0.01865400 -0.12601600 0.32135900
v -0.01945800 -0.11767700 0.32098300
v -0.02022600 -0.11802000 0.32046800
v -0.02096800 -0.10979500 0.31995400
v -0.02173500 -0.11021000 0.31940200
v -0.02179200 -0.10537500 0.31929600
v -0.02278700 -0.10281200 0.31848300
v -0.00983700 -0.15072800 0.32445000
v -0.01042600 -0.15077500 0.32424400
v -0.01079500 -0.15080600 0.32410900
v -0.01152800 -0.15087100 0.32382600
v -0.01079500 -0.15080400 0.32410900
v -0.01152800 -0.15086900 0.32382600
v -0.01236400 -0.14202900 0.32399900
v -0.01313100 -0.14215000 0.32366800
v -0.01394000 -0.13342300 0.32367700
v -0.01473100 -0.13360400 0.32330000
v -0.01550500 -0.12498300 0.32315000
v -0.01631500 -0.12522700 0.32272900
v -0.01704700 -0.11671400 0.32242500
v -0.01786800 -0.11702400 0.32196300
v -0.01836300 -0.10919100 0.32163100
v -0.01937500 -0.10900100 0.32101000
v -0.01941200 -0.10854700 0.32098000
v -0.02018100 -0.10939200 0.32049000
v -0.02032400 -0.10764500 0.32037100
v -0.02101600 -0.10672300 0.31988000
v -0.00762200 -0.15057500 0.32511800
v -0.00779900 -0.15058500 0.32507000
v -0.00855600 -0.15063400 0.32485600
v -0.00930900 -0.15068800 0.32462400
v -0.00855700 -0.15063300 0.32485600
v -0.00930900 -0.15068600 0.32462400
v -0.01001100 -0.14170500 0.32488100
v -0.01040800 -0.14175500 0.32474600
v -0.01107800 -0.13285900 0.32484600
v -0.01149500 -0.13293300 0.32469400
v -0.01212900 -0.12411500 0.32464000
v -0.01256300 -0.12421400 0.32447100
v -0.01315700 -0.11547600 0.32426600
v -0.01360500 -0.11560000 0.32408200
v -0.01415600 -0.10694500 0.32372600
v -0.01448900 -0.11585900 0.32369800
v -0.01552700 -0.10848100 0.32313300
v -0.01535800 -0.11613200 0.32329300
v -0.01624200 -0.10911700 0.32279100
v -0.01621000 -0.11641700 0.32286900
v -0.01711500 -0.10940300 0.32233800
v -0.01762200 -0.10939500 0.32205900
v -0.00549700 -0.15046400 0.32560200
v -0.00626900 -0.15049800 0.32544400
v -0.00703600 -0.15053900 0.32526600
v -0.00779900 -0.15058400 0.32507100
v -0.00840000 -0.14152300 0.32537600
v -0.00920900 -0.14161000 0.32513800
v -0.00981200 -0.13265200 0.32527300
v -0.01065800 -0.13278800 0.32499300
v -0.01125300 -0.12392800 0.32496100
v -0.01169200 -0.12402000 0.32480300
v -0.01225100 -0.11523800 0.32461700
v -0.01270600 -0.11535500 0.32444400
v -0.01322600 -0.10665500 0.32410700
v -0.01369300 -0.10679800 0.32391900
v -0.01417000 -0.09817500 0.32343300
v -0.01464700 -0.09834400 0.32323200
v -0.01501800 -0.09104900 0.32270000
v -0.01597300 -0.09152700 0.32227800
v -0.01604000 -0.09020000 0.32216800
v -0.01653200 -0.09182100 0.32201700
v -0.01698300 -0.09061700 0.32171500
v -0.01790600 -0.09105200 0.32124100
v -0.01739100 -0.08222800 0.32092200
v -0.01880900 -0.09150700 0.32074700
v -0.02102400 -0.08428500 0.31886500
v -0.01969200 -0.09197900 0.32023300
v -0.02055200 -0.09246800 0.31970100
v -0.02045700 -0.09396800 0.31984000
v -0.02139000 -0.09297400 0.31915000
v -0.02220700 -0.09349400 0.31858200
v -0.00293200 -0.15037600 0.32598700
v -0.00472100 -0.15043000 0.32574200
v -0.00549700 -0.15046200 0.32560300
v -0.00676100 -0.14137000 0.32579000
v -0.00758400 -0.14144300 0.32559300
v -0.00808900 -0.13241200 0.32576900
v -0.00895500 -0.13252700 0.32553200
v -0.00946300 -0.12359000 0.32553900
v -0.01036400 -0.12375200 0.32526100
v -0.01086600 -0.11491000 0.32510200
v -0.01179300 -0.11512500 0.32478500
v -0.01228000 -0.10638400 0.32446400
v -0.01275400 -0.10651700 0.32428800
v -0.01320300 -0.09785200 0.32381600
v -0.01368800 -0.09801100 0.32362700
v -0.01404200 -0.09059000 0.32309900
v -0.01453200 -0.09081700 0.32290200
v -0.01458800 -0.08961300 0.32280500
v -0.01507700 -0.08980300 0.32259800
v -0.01544600 -0.08132400 0.32182600
v -0.00001200 -0.15032800 0.32614400
v -0.00171600 -0.14110400 0.32651400
v -0.00256700 -0.14112700 0.32645100
v -0.00341400 -0.14115900 0.32636400
v -0.00364800 -0.13200700 0.32660700
v -0.00544400 -0.13213400 0.32634300
v -0.00576100 -0.12308000 0.32640900
v -0.00670000 -0.12318600 0.32622900
v -0.00703400 -0.11421700 0.32612800
v -0.00800900 -0.11436400 0.32591000
v -0.00834900 -0.10548500 0.32564400
v -0.00935200 -0.10568000 0.32538900
v -0.00968900 -0.09688900 0.32496000
v -0.01071300 -0.09713600 0.32466600
v -0.01100500 -0.08934700 0.32414600
v -0.01203600 -0.08973900 0.32382200
v -0.01207400 -0.08874600 0.32374600
v -0.01309300 -0.08907600 0.32338800
v -0.01341800 -0.08051500 0.32263500
v -0.01359600 -0.08924900 0.32320000
v -0.01409400 -0.08942800 0.32300600
v -0.01354700 -0.09036900 0.32328900
v -0.00086400 -0.14109000 0.32655300
v -0.00001000 -0.14108500 0.32656600
v -0.00092200 -0.13190900 0.32681200
v -0.00000800 -0.13190200 0.32682600
v -0.00097400 -0.12279000 0.32691100
v -0.00000600 -0.12278100 0.32692600
v -0.00102200 -0.11373300 0.32684900
v -0.00000500 -0.11372200 0.32686500
v -0.00106500 -0.10473900 0.32662700
v -0.00000300 -0.10472700 0.32664400
v -0.00110300 -0.09581000 0.32624600
v -0.00000200 -0.09579500 0.32626200
v -0.00113600 -0.08703800 0.32571000
v -0.00000100 -0.08693000 0.32572100
v -0.00113600 -0.08694600 0.32570400
v 0.00000000 -0.07813100 0.32501900
v -0.00232500 -0.07820100 0.32494900
v -0.00463500 -0.07840800 0.32474200
v -0.00339700 -0.08707100 0.32556700
v -0.00226800 -0.08699300 0.32565200
v -0.00691200 -0.07875000 0.32440000
v -0.00674000 -0.08748700 0.32511400
v -0.00452000 -0.08718000 0.32544900
v -0.00339500 -0.08734700 0.32558600
v -0.00226700 -0.08717700 0.32566500
v -0.00220200 -0.09585100 0.32619500
v -0.00783400 -0.08768400 0.32489900
v -0.00914200 -0.07922000 0.32393000
v -0.00891600 -0.08791000 0.32465400
v -0.00998400 -0.08816200 0.32438000
v -0.00889500 -0.08863900 0.32470800
v -0.00995800 -0.08898000 0.32444100
v -0.00865200 -0.09666500 0.32522600
v -0.01131500 -0.07981000 0.32334000
v -0.01103700 -0.08844100 0.32407700
v -0.02796900 -0.09811500 0.31353500
v -0.02976800 -0.09194300 0.31120700
v -0.02859400 -0.09873900 0.31285100
v -0.02889800 -0.09905500 0.31250500
v -0.02823600 -0.10656300 0.31336900
v -0.02853300 -0.10684600 0.31302600
v -0.02748000 -0.11411400 0.31415200
v -0.02777400 -0.11436200 0.31381600
v -0.02663000 -0.12170300 0.31485300
v -0.02692100 -0.12191500 0.31452600
v -0.02568600 -0.12933500 0.31547200
v -0.02597300 -0.12951000 0.31515600
v -0.02464800 -0.13700600 0.31601100
v -0.02493200 -0.13714400 0.31570600
v -0.02351600 -0.14471700 0.31646700
v -0.02379700 -0.14481700 0.31617700
v -0.02229000 -0.15247000 0.31684200
v -0.02229000 -0.15247000 0.31684200
v -0.02256700 -0.15253300 0.31656800
v -0.03034400 -0.10066400 0.31074000
v -0.03006500 -0.10033900 0.31109700
v -0.02978100 -0.10001500 0.31145300
v -0.02939300 -0.10770700 0.31198300
v -0.02911100 -0.10741800 0.31233300
v -0.02834700 -0.11486200 0.31313700
v -0.02806300 -0.11461100 0.31347800
v -0.02720700 -0.12212900 0.31419700
v -0.03554100 -0.10892900 0.30164800
v -0.03675700 -0.10410100 0.29904900
v -0.03584900 -0.10964800 0.30085600
v -0.03613800 -0.11036900 0.30006100
v -0.03514400 -0.11601700 0.30183400
v -0.03543100 -0.11666200 0.30104300
v -0.03435000 -0.12241100 0.30277800
v -0.03463600 -0.12297900 0.30199400
v -0.03346800 -0.12882700 0.30368900
v -0.03375400 -0.12931600 0.30291400
v -0.03249700 -0.13526700 0.30456700
v -0.03278400 -0.13567600 0.30380400
v -0.03143700 -0.14173000 0.30541200
v -0.03774500 -0.10731800 0.29583200
v -0.03666100 -0.11182100 0.29846100
v -0.03640900 -0.11109400 0.29926200
v -0.03711000 -0.11328200 0.29684900
v -0.03689500 -0.11255000 0.29765600
v -0.03618000 -0.11861200 0.29864800
v -0.03594900 -0.11796000 0.29945000
v -0.03515200 -0.12412100 0.30041300
v -0.03490300 -0.12354900 0.30120500
v -0.03402100 -0.12980700 0.30213400
v -0.03886300 -0.12043300 0.28271700
v -0.03827900 -0.12292500 0.28621800
v -0.03828900 -0.12255200 0.28662800
v -0.03829500 -0.12218000 0.28703900
v -0.03752500 -0.12722600 0.28807100
v -0.03753000 -0.12689200 0.28848000
v -0.03669800 -0.13198600 0.28951000
v -0.03812500 -0.12515800 0.28376000
v -0.03819400 -0.12441500 0.28457900
v -0.03740500 -0.12922400 0.28562200
v -0.03746300 -0.12855800 0.28643700
v -0.03662000 -0.13345300 0.28747900
v -0.03666500 -0.13286600 0.28828900
v -0.03576400 -0.13784500 0.28932600
v -0.03578100 -0.13759200 0.28972900
v -0.03481900 -0.14261900 0.29076400
v -0.03483200 -0.14240600 0.29116500
v -0.03380600 -0.14747900 0.29219500
v -0.03381400 -0.14730800 0.29259100
v -0.03272400 -0.15242900 0.29361600
v -0.03751800 -0.12886300 0.27969000
v -0.03774500 -0.12696700 0.27618300
v -0.03734400 -0.12959900 0.27888100
v -0.03694200 -0.13106600 0.27727200
v -0.03650900 -0.13385600 0.27996500
v -0.03609500 -0.13516500 0.27837100
v -0.03562700 -0.13811300 0.28105700
v -0.03520400 -0.13926400 0.27948000
v -0.03469900 -0.14236900 0.28215900
v -0.03426900 -0.14335900 0.28059800
v -0.03372300 -0.14662400 0.28326900
v -0.03592600 -0.13397200 0.27408900
v -0.03675800 -0.13018400 0.27296600
v -0.03531100 -0.13540700 0.27251900
v -0.03547700 -0.13334900 0.26980100
v -0.03462400 -0.13682800 0.27096700
v -0.03007300 -0.14364200 0.26353800
v -0.02977200 -0.14234300 0.26080700
v -0.02893300 -0.14492900 0.26213800
v -0.02771400 -0.14618300 0.26077500
v -0.02807700 -0.14750800 0.26348100
v -0.02687900 -0.14862100 0.26214700
v -0.02720200 -0.15007800 0.26483600
v -0.02602700 -0.15105100 0.26353100
v -0.02630900 -0.15263900 0.26620100
v -0.02515900 -0.15347100 0.26492600
v -0.02539900 -0.15519100 0.26757800
v -0.02427500 -0.15588200 0.26633200
v -0.02447000 -0.15773500 0.26896700
v -0.02337400 -0.15828500 0.26774900
v -0.02720900 -0.14509100 0.25805900
v -0.02739700 -0.14649100 0.26044000
v -0.02656800 -0.14889500 0.26182000
v -0.02572200 -0.15129000 0.26321100
v -0.02486100 -0.15367500 0.26461300
v -0.02398400 -0.15605200 0.26602600
v -0.02606600 -0.14770800 0.25912900
v -0.02640600 -0.14740700 0.25944900
v -0.02559000 -0.14971400 0.26085200
v -0.02592000 -0.14944100 0.26116700
v -0.02508500 -0.15177000 0.26257200
v -0.02540200 -0.15153000 0.26288300
v -0.02454700 -0.15388200 0.26429100
v -0.01544700 -0.15296000 0.25019000
v -0.01489500 -0.15468400 0.25202800
v -0.01678700 -0.15384600 0.25286400
v -0.01724800 -0.15362400 0.25308600
v -0.01662300 -0.15542000 0.25484900
v -0.01705500 -0.15521100 0.25505300
v -0.01640800 -0.15701400 0.25680600
v -0.01292800 -0.15543200 0.25128100
v -0.01342000 -0.15376800 0.24938100
v -0.01089300 -0.15608300 0.25063200
v -0.01131500 -0.15447200 0.24867800
v -0.00879500 -0.15662900 0.25008700
v -0.00914300 -0.15506300 0.24808700
v -0.00664500 -0.15706200 0.24965500
v -0.00691200 -0.15553300 0.24761700
v -0.00445400 -0.15737700 0.24934100
v -0.00463500 -0.15587400 0.24727600
v -0.00223300 -0.15756700 0.24915100
v -0.00232500 -0.15608100 0.24706900
v 0.00000000 -0.15615000 0.24700000
v 0.00000200 -0.16007400 0.25258500
v -0.00214100 -0.15904200 0.25124100
v -0.00427200 -0.15886800 0.25141400
v -0.00408900 -0.16034800 0.25349600
v -0.00610700 -0.16008700 0.25375500
v -0.00583600 -0.16158100 0.25581800
v -0.00773700 -0.16125700 0.25614000
v -0.00738000 -0.16277700 0.25817500
v -0.00916700 -0.16241200 0.25853700
v -0.00872700 -0.16396600 0.26053600
v -0.01040600 -0.16358200 0.26091800
v -0.00195800 -0.16195700 0.25544500
v -0.00204900 -0.16050600 0.25333900
v -0.00317000 -0.16756300 0.26401900
v -0.00629700 -0.16725200 0.26431500
v -0.00786900 -0.16693100 0.26441900
v -0.00943500 -0.16655500 0.26457800
v -0.01099000 -0.16612200 0.26479300
v -0.01252900 -0.16563300 0.26506400
v -0.01284800 -0.16472700 0.26407400
v -0.01280200 -0.16514100 0.26459200
v -0.01275600 -0.16555600 0.26510900
v -0.01271000 -0.16597200 0.26562400
v -0.00936900 -0.16675300 0.26482500
v -0.01466000 -0.10311200 0.32340100
v -0.01451400 -0.10506000 0.32352300
v -0.01464200 -0.10635500 0.32349900
v -0.01498100 -0.10753200 0.32337100
v -0.02317900 -0.10107100 0.31812500
v -0.02317200 -0.10258100 0.31817200
v -0.02317200 -0.10258100 0.31817200
v -0.02248300 -0.11063500 0.31883500
v -0.02097600 -0.11837200 0.31993700
v -0.01940200 -0.12629700 0.32086800
v -0.01777000 -0.13440500 0.32161600
v -0.01609400 -0.14269400 0.32217200
v -0.02331700 -0.09984800 0.31797800
v -0.02391300 -0.10307900 0.31757300
v -0.02337300 -0.09891600 0.31790200
v -0.02452700 -0.09513900 0.31678800
v -0.02377500 -0.09457800 0.31740100
v -0.02342900 -0.09798300 0.31782300
v -0.02348400 -0.09705100 0.31774300
v -0.02353900 -0.09611800 0.31766100
v -0.02300200 -0.09403000 0.31799900
v -0.01872600 -0.09294800 0.32087500
v -0.00186700 -0.16339700 0.25756000
v -0.00177600 -0.16482500 0.25968200
v -0.00353900 -0.16471600 0.25979000
v -0.01905400 -0.16144600 0.26566200
v -0.01839300 -0.16169500 0.26521600
v -0.01771800 -0.16194700 0.26479000
v -0.01888700 -0.16046400 0.26423300
v -0.01958000 -0.16013100 0.26465500
v -0.01597900 -0.16176200 0.26274700
v -0.01669200 -0.15991900 0.26103000
v -0.01739700 -0.15806500 0.25932500
v -0.01809600 -0.15620000 0.25763000
v -0.01878700 -0.15432400 0.25594500
v -0.01443700 -0.16235800 0.26213100
v -0.01405500 -0.16249500 0.26199900
v -0.01470700 -0.16074300 0.26019700
v -0.01429700 -0.16089500 0.26004500
v -0.01492900 -0.15914900 0.25823500
v -0.01320400 -0.15978900 0.25760000
v -0.01377300 -0.15809800 0.25573300
v -0.01193200 -0.15872600 0.25510800
v -0.01243200 -0.15708500 0.25319000
v -0.01046600 -0.15768300 0.25259500
v -0.01365900 -0.16263000 0.26186400
v -0.01205000 -0.16313500 0.26136100
v -0.00702000 -0.16428400 0.26021900
v -0.00528900 -0.16453500 0.25997000
v -0.00183300 -0.13192900 0.32677000
v -0.00194100 -0.12281500 0.32686600
v -0.00203800 -0.11376400 0.32680200
v -0.00212500 -0.10477600 0.32657900
v -0.00274300 -0.13196200 0.32670200
v -0.00290400 -0.12285700 0.32679300
v -0.00305000 -0.11381500 0.32672600
v -0.00318100 -0.10483600 0.32649900
v -0.00329700 -0.09592100 0.32611200
v -0.00386200 -0.12291600 0.32669200
v -0.00605000 -0.11408800 0.32632000
v -0.00733500 -0.10531100 0.32587300
v -0.00633300 -0.13221600 0.32617500
v -0.00509700 -0.14124800 0.32612100
v -0.00593200 -0.14130500 0.32596600
v -0.00721500 -0.13230800 0.32598300
v -0.00763100 -0.12330600 0.32602300
v -0.00855200 -0.12344100 0.32579300
v -0.01190900 -0.13300900 0.32453600
v -0.01080400 -0.14180700 0.32460600
v -0.01119700 -0.14186000 0.32446100
v -0.01005500 -0.15074300 0.32437500
v -0.01042600 -0.15077300 0.32424400
v -0.01232100 -0.13308700 0.32437400
v -0.01158800 -0.14191500 0.32431100
v -0.01299300 -0.12431600 0.32429700
v -0.01384400 -0.12452700 0.32393400
v -0.01313600 -0.13325100 0.32403500
v -0.01468200 -0.12475000 0.32355200
v -0.01551000 -0.13379200 0.32290600
v -0.01388700 -0.14227700 0.32332000
v -0.01711000 -0.12548000 0.32229000
v -0.01867100 -0.11734500 0.32148200
v -0.02058700 -0.13532000 0.31966900
v -0.01887400 -0.14332700 0.32041100
v -0.01953800 -0.14349700 0.31993200
v -0.01775800 -0.15162300 0.32053600
v -0.01840100 -0.15172500 0.32009100
v -0.01840100 -0.15172600 0.32009100
v -0.02092200 -0.13544200 0.31940900
v -0.01986500 -0.14358500 0.31968700
v -0.01871900 -0.15177800 0.31986300
v -0.02189200 -0.12734400 0.31902700
v -0.02223200 -0.12750100 0.31875000
v -0.02125400 -0.13556400 0.31914400
v -0.02256800 -0.12766000 0.31846800
v -0.02158300 -0.13568900 0.31887600
v -0.02289900 -0.12782000 0.31818300
v -0.02018800 -0.14367300 0.31943800
v -0.02435900 -0.13686900 0.31631200
v -0.02323200 -0.14461600 0.31675400
v -0.02201100 -0.15240800 0.31711300
v -0.02201000 -0.15240900 0.31711300
v -0.02229000 -0.15247100 0.31684200
v -0.02539300 -0.12916100 0.31578600
v -0.02633400 -0.12149300 0.31517700
v -0.02718100 -0.11386800 0.31448500
v -0.02793400 -0.10628200 0.31370900
v -0.02521200 -0.13728400 0.31540000
v -0.02407300 -0.14491900 0.31588400
v -0.02548800 -0.13742500 0.31509000
v -0.02625600 -0.12968700 0.31483700
v -0.02681000 -0.13004500 0.31419000
v -0.02803800 -0.12277800 0.31319100
v -0.02917100 -0.11562500 0.31209900
v -0.03020900 -0.10858200 0.31091800
v -0.03088600 -0.10132100 0.31001900
v -0.02653500 -0.12986500 0.31451500
v -0.02748900 -0.12234300 0.31386400
v -0.02629000 -0.13785400 0.31414200
v -0.02488000 -0.14523100 0.31498600
v -0.02760700 -0.13059000 0.31319900
v -0.02908100 -0.12366200 0.31181600
v -0.03092400 -0.11745600 0.30959900
v -0.03260400 -0.11160000 0.30724100
v -0.03329500 -0.10470300 0.30630200
v -0.03350800 -0.10504900 0.30592100
v -0.02911000 -0.13965500 0.31011700
v -0.02773800 -0.14655100 0.31113800
v -0.02794900 -0.14666600 0.31080100
v -0.02648200 -0.15363500 0.31175700
v -0.02669400 -0.15371000 0.31143200
v -0.02648200 -0.15363600 0.31175700
v -0.02669400 -0.15371000 0.31143200
v -0.02648200 -0.15363600 0.31175700
v -0.02669400 -0.15371000 0.31143200
v -0.02931700 -0.13981000 0.30976700
v -0.02815600 -0.14678200 0.31046100
v -0.02690100 -0.15378400 0.31110500
v -0.02690100 -0.15378500 0.31110500
v -0.02710400 -0.15386000 0.31077600
v -0.02710300 -0.15386100 0.31077600
v -0.03038400 -0.13286800 0.30902200
v -0.03058600 -0.13306400 0.30866000
v -0.02951800 -0.13996700 0.30941400
v -0.03078300 -0.13326100 0.30829600
v -0.02971600 -0.14012400 0.30905900
v -0.03097500 -0.13345800 0.30793100
v -0.02990800 -0.14028200 0.30870300
v -0.02835800 -0.14689800 0.31011900
v -0.02855600 -0.14701500 0.30977500
v -0.03113000 -0.14140400 0.30615500
v -0.02997800 -0.14797100 0.30694800
v -0.03219100 -0.13486100 0.30532500
v -0.03316400 -0.12834100 0.30446000
v -0.03404600 -0.12184700 0.30355800
v -0.03483800 -0.11537500 0.30262100
v -0.03269600 -0.14338900 0.30161500
v -0.03134700 -0.14921100 0.30325900
v -0.03411100 -0.13816900 0.29913200
v -0.03536600 -0.13329500 0.29658100
v -0.03224900 -0.15048500 0.29944800
v -0.03484000 -0.14219300 0.29156500
v -0.03579300 -0.13733900 0.29013300
v -0.03668000 -0.13257300 0.28869500
v -0.03750300 -0.12789200 0.28725300
v -0.03824500 -0.12367000 0.28539800
v -0.03373000 -0.14816500 0.29061600
v -0.03264600 -0.15307900 0.29166700
v -0.03150200 -0.15799800 0.29271900
v -0.03150100 -0.15799800 0.29272000
v -0.03366400 -0.14850700 0.28982900
v -0.03258200 -0.15333800 0.29088900
v -0.03468800 -0.14368000 0.28877200
v -0.03460300 -0.14410300 0.28797900
v -0.03358000 -0.14884800 0.28904400
v -0.03289100 -0.15054400 0.28515600
v -0.03391400 -0.14620700 0.28404600
v -0.03488800 -0.14187100 0.28294400
v -0.03581300 -0.13753500 0.28185100
v -0.03669000 -0.13319800 0.28076600
v -0.03056800 -0.15350800 0.27841600
v -0.02987400 -0.15414600 0.27697900
v -0.03088800 -0.15069300 0.27575300
v -0.03158600 -0.14989700 0.27721300
v -0.03187000 -0.14723500 0.27453800
v -0.02911800 -0.15477300 0.27556800
v -0.03012600 -0.15147800 0.27431700
v -0.03110400 -0.14817600 0.27307800
v -0.03205300 -0.14486800 0.27185100
v -0.02830300 -0.15539100 0.27418600
v -0.02930200 -0.15225000 0.27290800
v -0.03027400 -0.14910200 0.27164300
v -0.03121900 -0.14594800 0.27039000
v -0.03213800 -0.14278700 0.26914900
v -0.02551100 -0.15716900 0.27022100
v -0.02646400 -0.15448100 0.26886100
v -0.02739600 -0.15178300 0.26751300
v -0.02830900 -0.14907800 0.26617600
v -0.02920100 -0.14636400 0.26485100
v -0.01968100 -0.15845600 0.26264600
v -0.01509900 -0.16058800 0.26034500
v -0.01575600 -0.15880700 0.25857100
v -0.01263000 -0.16146800 0.25947600
v -0.01091900 -0.16197500 0.25897200
v -0.00556300 -0.16306400 0.25789000
v -0.00372300 -0.16327200 0.25768400
v -0.02988700 -0.15521900 0.30484300
v -0.02988700 -0.15522000 0.30484300
v -0.02962700 -0.15505400 0.30556900
v -0.02962700 -0.15505400 0.30556900
v -0.02337500 -0.15272600 0.31572500
v -0.01965400 -0.15193900 0.31915600
v -0.01710400 -0.15152500 0.32096500
v -0.01710400 -0.15152600 0.32096500
v -0.01225500 -0.15093800 0.32352600
v -0.00968300 -0.15071400 0.32450200
v -0.00968200 -0.15071600 0.32450200
v -0.00316000 -0.15038000 0.32596100
v -0.03126700 -0.15852400 0.29042500
v -0.03126700 -0.15852400 0.29042500
v -0.03155600 -0.15773400 0.29387200
v -0.02337500 -0.15272700 0.31572500
v -0.01965400 -0.15194100 0.31915600
v -0.01775800 -0.15162400 0.32053600
v -0.01225500 -0.15093900 0.32352600
v -0.01005500 -0.15074500 0.32437500
v -0.03156500 -0.15764600 0.29425600
v -0.03129700 -0.15659100 0.29885800
v -0.03129700 -0.15659100 0.29885800
v -0.02768700 -0.15409100 0.30977200
v -0.02768700 -0.15409100 0.30977200
v -0.02749700 -0.15401300 0.31010900
v -0.00405600 -0.11388600 0.32661900
v -0.00423100 -0.10492100 0.32638700
v -0.00438500 -0.09601700 0.32599700
v -0.00451500 -0.08754800 0.32547500
v -0.00897300 -0.11452900 0.32566600
v -0.00992600 -0.11471100 0.32539700
v -0.02312100 -0.11948300 0.31825400
v -0.02346300 -0.11967600 0.31796100
v -0.02380100 -0.11987000 0.31766400
v -0.02776600 -0.12256000 0.31352900
v -0.02890100 -0.11537000 0.31244700
v -0.02994200 -0.10828900 0.31127500
v -0.03061700 -0.10099200 0.31038000
v -0.03156000 -0.12618900 0.30785700
v -0.03175700 -0.12642500 0.30748600
v -0.03194900 -0.12666200 0.30711300
v -0.03580100 -0.13708500 0.29053800
v -0.03556900 -0.13936100 0.28691700
v -0.01535200 -0.15897900 0.25840500
v -0.01555500 -0.15739300 0.25643500
v -0.01433600 -0.15639700 0.25387600
v -0.01142700 -0.16035600 0.25703600
v -0.00960300 -0.16084700 0.25654700
v -0.00390700 -0.16181500 0.25558500
v -0.00630900 -0.10515800 0.32607400
v -0.00760100 -0.09646500 0.32546400
v -0.01034200 -0.10589500 0.32510600
v -0.01131900 -0.10613000 0.32479700
v -0.02427000 -0.11174000 0.31735500
v -0.02461300 -0.11196800 0.31704800
v -0.02862700 -0.11511500 0.31279300
v -0.03263700 -0.11962000 0.30662800
v -0.03283000 -0.11989500 0.30624900
v -0.03669100 -0.13228000 0.28910200
v -0.03751600 -0.12755900 0.28766100
v -0.03414900 -0.14153900 0.27637000
v -0.03505600 -0.13775700 0.27522400
v -0.01599100 -0.15720500 0.25662200
v -0.01003600 -0.15927100 0.25456600
v -0.00809200 -0.15972600 0.25411400
v -0.00653900 -0.09629000 0.32567200
v -0.00672800 -0.08803700 0.32515400
v -0.01172100 -0.09740700 0.32434500
v -0.01271300 -0.09769900 0.32399800
v -0.02533600 -0.10410800 0.31633400
v -0.02882400 -0.10713100 0.31268100
v -0.02919800 -0.09937300 0.31215600
v -0.02967000 -0.10799700 0.31163000
v -0.03361900 -0.11315500 0.30534000
v -0.03570000 -0.11731000 0.30024800
v -0.03443200 -0.13903600 0.27367500
v -0.02624300 -0.14916900 0.26148600
v -0.02706900 -0.14679800 0.26010200
v -0.01617400 -0.15562500 0.25464500
v -0.00844500 -0.15818300 0.25209600
v -0.00637700 -0.15858000 0.25170000
v -0.00781800 -0.08832400 0.32494600
v -0.01304800 -0.09015400 0.32347300
v -0.01769700 -0.15339700 0.25331000
v -0.02674100 -0.14710300 0.25977400
v -0.03829700 -0.12180700 0.28745000
v -0.02949200 -0.09969300 0.31180600
v -0.01285800 -0.16423700 0.26436900
v -0.01285800 -0.15938100 0.26922500
v -0.01285800 -0.15938100 0.26922500
v -0.01285800 -0.15938100 0.26922500
v -0.01285800 -0.15938100 0.26922500
v -0.01338000 -0.16407400 0.26453200
v -0.01338000 -0.16407400 0.26453200
v -0.01355900 -0.16402200 0.26458800
v -0.01355900 -0.16402200 0.26458800
v -0.01486400 -0.16050500 0.26810100
v -0.01486400 -0.16050500 0.26810100
v -0.01486400 -0.16050500 0.26810100
v -0.01575100 -0.16100500 0.26760100
v -0.01575100 -0.16100500 0.26760100
v -0.01305400 -0.15850700 0.27009900
v -0.01437200 -0.15897900 0.26962600
v -0.01437200 -0.15897900 0.26962600
v -0.01437200 -0.15978200 0.26882400
v -0.01437200 -0.15978200 0.26882400
v -0.01362200 -0.15771800 0.27088800
v -0.01362200 -0.15771800 0.27088800
v -0.01486400 -0.15825600 0.27034900
v -0.01486400 -0.15825600 0.27034900
v -0.01450700 -0.15709200 0.27151300
v -0.01450700 -0.15709200 0.27151300
v -0.01575100 -0.15775600 0.27085000
v -0.01575100 -0.15775600 0.27085000
v -0.01562200 -0.15669100 0.27191500
v -0.01562200 -0.15669100 0.27191500
v -0.01562200 -0.15669100 0.27191500
v -0.01685800 -0.15757700 0.27102800
v -0.01685800 -0.15757700 0.27102800
v -0.01685800 -0.15757700 0.27102800
v -0.01685800 -0.15655200 0.27205400
v -0.01809400 -0.15669100 0.27191500
v -0.01809400 -0.15669100 0.27191500
v -0.01809400 -0.15669100 0.27191500
v -0.01796400 -0.15775600 0.27085000
v -0.01796400 -0.15775600 0.27085000
v -0.01920900 -0.15709200 0.27151300
v -0.01920900 -0.15709200 0.27151300
v -0.01885100 -0.15825600 0.27034900
v -0.01885100 -0.15825600 0.27034900
v -0.02009400 -0.15771800 0.27088800
v -0.02009400 -0.15771800 0.27088800
v -0.01934400 -0.15897900 0.26962600
v -0.01934400 -0.15897900 0.26962600
v -0.02066200 -0.15850700 0.27009900
v -0.02085800 -0.15938100 0.26922500
v -0.01934400 -0.15978200 0.26882400
v -0.02085800 -0.16061200 0.26799400
v -0.01885100 -0.16050500 0.26810100
v -0.01885100 -0.16050500 0.26810100
v -0.01907700 -0.16162000 0.26698500
v -0.01907700 -0.16162000 0.26698500
v -0.01796400 -0.16100500 0.26760100
v -0.01796400 -0.16100500 0.26760100
v -0.01727600 -0.16252000 0.26608600
v -0.01727600 -0.16252000 0.26608600
v -0.01685800 -0.16118400 0.26742200
v -0.01653200 -0.09182100 0.32201700
v -0.01872600 -0.09294800 0.32087500
v -0.01642500 -0.09235200 0.32182900
v -0.01827200 -0.09331300 0.32086800
v -0.02005800 -0.09437300 0.31980800
v -0.02045700 -0.09396800 0.31984000
v -0.02178300 -0.09553000 0.31865100
v -0.02353900 -0.09611800 0.31766100
v -0.02344400 -0.09678200 0.31739800
v -0.01526100 -0.09702100 0.31716000
v -0.01642500 -0.09235200 0.32182900
v -0.01720600 -0.09638800 0.31779300
v -0.01827200 -0.09331300 0.32086800
v -0.01809400 -0.09588800 0.31829300
v -0.01920000 -0.09570900 0.31847200
v -0.02005800 -0.09437300 0.31980800
v -0.02030600 -0.09588800 0.31829300
v -0.02178300 -0.09553000 0.31865100
v -0.02119400 -0.09638800 0.31779300
v -0.02168600 -0.09711100 0.31707000
v -0.02168600 -0.09711100 0.31707000
v -0.02344400 -0.09678200 0.31739800
v -0.02313900 -0.09800300 0.31617700
v -0.02313900 -0.09800300 0.31617700
v -0.02168600 -0.09791400 0.31626700
v -0.02168600 -0.09791400 0.31626700
v -0.02273200 -0.09884000 0.31534100
v -0.02273200 -0.09884000 0.31534100
v -0.02119400 -0.09863700 0.31554400
v -0.02119400 -0.09863700 0.31554400
v -0.02119400 -0.09863700 0.31554400
v -0.02197900 -0.09954700 0.31463400
v -0.02095300 -0.10005400 0.31412600
v -0.02095300 -0.10005400 0.31412600
v -0.02095300 -0.10005400 0.31412600
v -0.02030600 -0.09913700 0.31504400
v -0.02030600 -0.09913700 0.31504400
v -0.01975700 -0.10031300 0.31386800
v -0.01920000 -0.09931500 0.31486500
v -0.01920000 -0.09931500 0.31486500
v -0.01850500 -0.10029800 0.31388300
v -0.01850500 -0.10029800 0.31388300
v -0.01809400 -0.09913700 0.31504400
v -0.01809400 -0.09913700 0.31504400
v -0.01732200 -0.10001000 0.31417100
v -0.01720600 -0.09863700 0.31554400
v -0.01720600 -0.09863700 0.31554400
v -0.01632300 -0.09947700 0.31470400
v -0.01632300 -0.09947700 0.31470400
v -0.01560500 -0.09875200 0.31542900
v -0.01560500 -0.09875200 0.31542900
v -0.01560500 -0.09875200 0.31542900
v -0.01671400 -0.09791400 0.31626700
v -0.01671400 -0.09791400 0.31626700
v -0.01523900 -0.09790600 0.31627500
v -0.01523900 -0.09790600 0.31627500
v -0.01671400 -0.09711100 0.31707000
v 0.02344400 -0.09678200 0.31739800
v 0.02353900 -0.09611800 0.31766100
v 0.02178200 -0.09553100 0.31865000
v 0.02249600 -0.09534200 0.31844800
v 0.02128600 -0.09450700 0.31929500
v 0.02005600 -0.09437400 0.31980600
v 0.02045300 -0.09397000 0.31983900
v 0.01959900 -0.09345100 0.32036600
v 0.01827000 -0.09331400 0.32086600
v 0.01653200 -0.09182100 0.32201700
v 0.01642500 -0.09235200 0.32182900
v 0.02313900 -0.09800300 0.31617700
v 0.02344400 -0.09678200 0.31739800
v 0.02168600 -0.09711100 0.31707000
v 0.02168600 -0.09711100 0.31707000
v 0.02178200 -0.09553100 0.31865000
v 0.02178200 -0.09553100 0.31865000
v 0.02119400 -0.09638800 0.31779300
v 0.02119400 -0.09638800 0.31779300
v 0.02030600 -0.09588800 0.31829300
v 0.02005600 -0.09437400 0.31980600
v 0.02005600 -0.09437400 0.31980600
v 0.01920000 -0.09570900 0.31847200
v 0.01920000 -0.09570900 0.31847200
v 0.01827000 -0.09331400 0.32086600
v 0.01827000 -0.09331400 0.32086600
v 0.01809300 -0.09588800 0.31829300
v 0.01720600 -0.09638800 0.31779300
v 0.01642500 -0.09235200 0.32182900
v 0.01526100 -0.09702100 0.31716000
v 0.01671400 -0.09711100 0.31707000
v 0.01523900 -0.09790600 0.31627500
v 0.01671400 -0.09791300 0.31626700
v 0.01560500 -0.09875200 0.31542900
v 0.01720600 -0.09863600 0.31554400
v 0.01632300 -0.09947700 0.31470400
v 0.01732200 -0.10001000 0.31417100
v 0.01809300 -0.09913700 0.31504400
v 0.01850500 -0.10029800 0.31388300
v 0.01920000 -0.09931500 0.31486500
v 0.01975700 -0.10031300 0.31386800
v 0.02030600 -0.09913700 0.31504400
v 0.02095300 -0.10005400 0.31412600
v 0.02119400 -0.09863600 0.31554400
v 0.02197800 -0.09954700 0.31463400
v 0.02273200 -0.09884000 0.31534100
v 0.02168600 -0.09791300 0.31626700
v -0.02113700 -0.16315800 0.27020200
v -0.02124800 -0.16380400 0.27222400
v -0.02255800 -0.16279600 0.27177800
v -0.02135600 -0.16441700 0.27426200
v -0.02297400 -0.16339600 0.27442200
v -0.02273000 -0.16415100 0.27631600
v -0.02475300 -0.16280800 0.27676300
v -0.02439200 -0.16356400 0.27851400
v -0.02633800 -0.16219000 0.27923100
v -0.02586800 -0.16294600 0.28083300
v -0.02771100 -0.16154300 0.28181200
v -0.02714200 -0.16229900 0.28325800
v -0.02890300 -0.16084200 0.28461600
v -0.02824300 -0.16160000 0.28589100
v -0.02982700 -0.16012100 0.28751200
v -0.02909300 -0.16088100 0.28860900
v -0.02955600 -0.16033200 0.29069000
v -0.02761800 -0.16211300 0.29298900
v -0.02986700 -0.15977400 0.29279600
v -0.02786600 -0.16153700 0.29485200
v -0.03002300 -0.15920800 0.29491700
v -0.02795000 -0.16035600 0.29860000
v -0.03002400 -0.15863700 0.29704200
v -0.02986600 -0.15806500 0.29916100
v -0.03086100 -0.15790500 0.29638700
v -0.03070800 -0.15734500 0.29860900
v -0.03148100 -0.15699700 0.29708600
v -0.03123400 -0.15648800 0.29930800
v -0.03039100 -0.15678900 0.30081400
v -0.03085600 -0.15601400 0.30137900
v -0.02991100 -0.15624000 0.30299200
v -0.03017900 -0.15542500 0.30395000
v -0.02926800 -0.15570200 0.30513100
v -0.02945500 -0.15495100 0.30602000
v -0.02816300 -0.15500600 0.30789900
v -0.02846800 -0.15443400 0.30827300
v -0.02749700 -0.15401300 0.31010900
v -0.02678300 -0.15434000 0.31054900
v -0.02619800 -0.15353900 0.31218000
v -0.02514200 -0.15371200 0.31305600
v -0.02522000 -0.15322900 0.31353200
v -0.02439300 -0.15299200 0.31456600
v -0.02375000 -0.15326800 0.31482700
v -0.02377700 -0.15282900 0.31528000
v -0.02300400 -0.15305600 0.31567500
v -0.02332400 -0.15271400 0.31578000
v -0.02224100 -0.15285400 0.31648000
v -0.02164100 -0.15232900 0.31746000
v -0.02062900 -0.15246900 0.31800900
v -0.01993800 -0.15199200 0.31893000
v -0.01891000 -0.15211500 0.31942100
v -0.01771700 -0.15161800 0.32056300
v -0.01709100 -0.15179200 0.32071200
v -0.01561600 -0.15132100 0.32186200
v -0.01518200 -0.15150100 0.32187400
v -0.01368400 -0.15108800 0.32287600
v -0.01319400 -0.15124500 0.32290400
v -0.01195500 -0.15091100 0.32365200
v -0.01113600 -0.15102400 0.32379600
v -0.00983700 -0.15072800 0.32445000
v -0.01087200 -0.15159200 0.32331400
v -0.00692600 -0.15127300 0.32455700
v -0.00664500 -0.15261700 0.32322400
v -0.00489700 -0.15116800 0.32498000
v -0.00293200 -0.15244700 0.32383900
v -0.00293200 -0.15176900 0.32456700
v -0.02134300 -0.16527100 0.27697700
v -0.02312800 -0.16543300 0.28223900
v -0.02488900 -0.16455600 0.28507700
v -0.02101400 -0.16624000 0.27962900
v -0.02627300 -0.16362400 0.28809600
v -0.02725900 -0.16265000 0.29125000
v -0.02748400 -0.15916300 0.30231200
v -0.02955200 -0.15749800 0.30126200
v -0.02908200 -0.15693700 0.30333900
v -0.02647200 -0.15800500 0.30593300
v -0.02845900 -0.15638800 0.30537600
v -0.02739200 -0.15567900 0.30801400
v -0.02494000 -0.15690800 0.30938000
v -0.02606600 -0.15500100 0.31054100
v -0.02291600 -0.15589000 0.31259300
v -0.02449400 -0.15436100 0.31293200
v -0.02316200 -0.15390900 0.31462200
v -0.02040700 -0.15496300 0.31553700
v -0.02244900 -0.15369300 0.31543100
v -0.02170600 -0.15348200 0.31621400
v -0.02013600 -0.15308300 0.31770100
v -0.01893900 -0.15452800 0.31692400
v -0.01845900 -0.15271500 0.31907400
v -0.01736900 -0.15413000 0.31820300
v -0.01570500 -0.15376900 0.31936900
v -0.01668600 -0.15238100 0.32032700
v -0.01395600 -0.15344900 0.32041500
v -0.01482400 -0.15208100 0.32145400
v -0.01212800 -0.15316900 0.32133800
v -0.01288200 -0.15181800 0.32245200
v -0.01023200 -0.15293200 0.32213000
v -0.00293300 -0.15107900 0.32528300
v -0.00293200 -0.15037600 0.32598700
v -0.00501800 -0.15060100 0.32553400
v -0.00549700 -0.15046400 0.32560200
v -0.00709600 -0.15070800 0.32509000
v -0.00762200 -0.15057500 0.32511800
v -0.03156800 -0.15748700 0.29495000
v -0.03084800 -0.15846400 0.29416000
v -0.03152000 -0.15792900 0.29302000
v -0.03067100 -0.15902000 0.29193800
v -0.03033400 -0.15957000 0.28973400
v -0.03133900 -0.15839800 0.29097400
v -0.03096200 -0.15894100 0.28860300
v -0.03031700 -0.15955400 0.28592900
v -0.02965500 -0.16002700 0.28386300
v -0.02857400 -0.16064200 0.28118000
v -0.02766500 -0.16107200 0.27930400
v -0.02624600 -0.16164300 0.27681100
v -0.02528600 -0.16198100 0.27533600
v -0.02378400 -0.16245200 0.27327900
v -0.02081400 -0.16079200 0.26702100
v -0.02082500 -0.16074600 0.26726700
v -0.02097500 -0.16199500 0.26864400
v -0.02099300 -0.16149700 0.26971200
v -0.02104900 -0.16201100 0.27027500
v -0.02110700 -0.16189900 0.27174400
v -0.02135600 -0.16441700 0.27426200
v -0.02083600 -0.16070100 0.26750800
v -0.02084700 -0.16065600 0.26775100
v -0.02085800 -0.16061200 0.26799400
v -0.02085800 -0.15938100 0.26922500
v -0.02124800 -0.16380400 0.27222400
v -0.02113700 -0.16315800 0.27020200
v 0.02081100 -0.16080000 0.26700900
v 0.02099600 -0.16211400 0.26878300
v 0.02082200 -0.16075900 0.26724000
v 0.02100200 -0.16157200 0.26978400
v 0.02083300 -0.16072000 0.26746600
v 0.02084500 -0.16067600 0.26772000
v 0.02085700 -0.16063200 0.26797400
v 0.02085700 -0.15938100 0.26922500
v 0.02110700 -0.16190700 0.27175100
v 0.02105100 -0.16201000 0.27026600
v 0.02135600 -0.16443300 0.27427800
v 0.02120300 -0.16349100 0.27120700
v 0.02125400 -0.16381300 0.27222600
v 0.02107700 -0.16266500 0.26952500
v 0.02112700 -0.16300400 0.26998100
v 0.02115000 -0.16316000 0.27019100
v 0.02125400 -0.16381300 0.27222600
v 0.02378600 -0.16346600 0.27649400
v 0.02135600 -0.16443300 0.27427800
v 0.02363300 -0.16383600 0.27739700
v 0.02344200 -0.16428200 0.27851000
v 0.02594100 -0.16290600 0.28088800
v 0.02564600 -0.16335400 0.28186200
v 0.02692300 -0.16241600 0.28272800
v 0.02658100 -0.16286500 0.28363000
v 0.02778300 -0.16191200 0.28462400
v 0.02739700 -0.16236300 0.28545100
v 0.02851300 -0.16139700 0.28656800
v 0.02808900 -0.16185000 0.28731700
v 0.02910800 -0.16087200 0.28855400
v 0.02865200 -0.16132700 0.28922300
v 0.02957300 -0.16032500 0.29063500
v 0.02909100 -0.16078200 0.29121800
v 0.02988700 -0.15976700 0.29273800
v 0.02938800 -0.16022000 0.29326100
v 0.03004700 -0.15920300 0.29485800
v 0.02953600 -0.15965000 0.29531900
v 0.03005100 -0.15863300 0.29698300
v 0.02953300 -0.15907300 0.29738100
v 0.02989800 -0.15806100 0.29910200
v 0.02937600 -0.15849500 0.29943700
v 0.02958700 -0.15749400 0.30120400
v 0.02906800 -0.15792100 0.30147700
v 0.02912100 -0.15693500 0.30328000
v 0.02860900 -0.15735500 0.30349000
v 0.02850200 -0.15638600 0.30531900
v 0.02800200 -0.15680000 0.30546700
v 0.02744100 -0.15567800 0.30795800
v 0.02696500 -0.15608400 0.30802700
v 0.02612000 -0.15500100 0.31048600
v 0.02567800 -0.15539900 0.31048000
v 0.02455400 -0.15436100 0.31287900
v 0.02415300 -0.15475200 0.31280200
v 0.02322600 -0.15390900 0.31457100
v 0.02286200 -0.15429500 0.31444500
v 0.02251500 -0.15369300 0.31538100
v 0.02217100 -0.15407700 0.31523100
v 0.02177500 -0.15348300 0.31616500
v 0.02144400 -0.15386200 0.31600100
v 0.02021100 -0.15308400 0.31765300
v 0.01990500 -0.15345400 0.31746400
v 0.01854000 -0.15271600 0.31902800
v 0.01826200 -0.15307800 0.31881500
v 0.01677200 -0.15238100 0.32028500
v 0.01652100 -0.15273600 0.32004900
v 0.01491600 -0.15208100 0.32141600
v 0.01469300 -0.15243100 0.32116000
v 0.01298100 -0.15181700 0.32241800
v 0.01278700 -0.15216200 0.32214200
v 0.01097800 -0.15159000 0.32328500
v 0.01081300 -0.15193200 0.32299100
v 0.00704600 -0.15126900 0.32454000
v 0.00693900 -0.15161000 0.32421400
v 0.00502300 -0.15116100 0.32497100
v 0.00494600 -0.15150300 0.32463200
v 0.00306800 -0.15108300 0.32526900
v 0.00306800 -0.15177300 0.32455300
v 0.02120300 -0.16349100 0.27120700
v 0.02408800 -0.16270300 0.27469700
v 0.02393800 -0.16308800 0.27559400
v 0.02641300 -0.16215700 0.27930700
v 0.02617900 -0.16253400 0.28009700
v 0.02747100 -0.16166700 0.28126400
v 0.02719900 -0.16204400 0.28199600
v 0.02839900 -0.16116300 0.28328100
v 0.02809300 -0.16154000 0.28395200
v 0.02919100 -0.16064700 0.28535000
v 0.02885400 -0.16102400 0.28595900
v 0.02983800 -0.16012100 0.28746600
v 0.02947500 -0.16049800 0.28801000
v 0.03034700 -0.15957100 0.28968400
v 0.02996200 -0.15994900 0.29015900
v 0.03068700 -0.15902200 0.29188600
v 0.03028900 -0.15939600 0.29231200
v 0.03086800 -0.15846700 0.29410500
v 0.03045900 -0.15883600 0.29448200
v 0.03088500 -0.15790800 0.29633000
v 0.03047000 -0.15827200 0.29665700
v 0.03073600 -0.15734900 0.29855000
v 0.03031800 -0.15770600 0.29882700
v 0.03042300 -0.15679300 0.30075500
v 0.03000600 -0.15714500 0.30098000
v 0.02994600 -0.15624500 0.30293100
v 0.02953500 -0.15659100 0.30310700
v 0.02930900 -0.15570800 0.30506900
v 0.02890700 -0.15604800 0.30519500
v 0.02820900 -0.15501300 0.30783700
v 0.02782600 -0.15534600 0.30789900
v 0.02683600 -0.15434800 0.31048800
v 0.02647900 -0.15467500 0.31048800
v 0.02520300 -0.15372000 0.31299500
v 0.02487900 -0.15404100 0.31293900
v 0.02381600 -0.15327700 0.31476700
v 0.02352100 -0.15359400 0.31467000
v 0.02307300 -0.15306500 0.31561500
v 0.02279400 -0.15338000 0.31549900
v 0.02231300 -0.15286200 0.31642200
v 0.02204400 -0.15317300 0.31629500
v 0.02070700 -0.15247800 0.31795200
v 0.02045900 -0.15278100 0.31780400
v 0.01899300 -0.15212300 0.31936700
v 0.01876700 -0.15242000 0.31919900
v 0.01718100 -0.15179900 0.32066100
v 0.01697600 -0.15209100 0.32047400
v 0.01527900 -0.15150800 0.32182700
v 0.01509700 -0.15179500 0.32162300
v 0.01329700 -0.15125000 0.32286200
v 0.01313900 -0.15153400 0.32264100
v 0.01124500 -0.15102800 0.32375900
v 0.01111100 -0.15131000 0.32352300
v 0.00721900 -0.15070900 0.32506500
v 0.00713200 -0.15099000 0.32480300
v 0.00514700 -0.15060100 0.32551700
v 0.00508500 -0.15088200 0.32524400
v 0.00306800 -0.15038000 0.32597200
v 0.02115000 -0.16316000 0.27019100
v 0.02190900 -0.16297100 0.27101400
v 0.02255700 -0.16280200 0.27175200
v 0.02403700 -0.16238400 0.27357800
v 0.02478000 -0.16215400 0.27458300
v 0.02538600 -0.16195400 0.27545200
v 0.02664600 -0.16177500 0.27852000
v 0.02663200 -0.16150500 0.27741300
v 0.02775800 -0.16103900 0.27944600
v 0.02774000 -0.16128600 0.28053500
v 0.02870300 -0.16058600 0.28142400
v 0.02870200 -0.16078300 0.28261100
v 0.02947300 -0.16015400 0.28331100
v 0.02952400 -0.16026700 0.28474100
v 0.03032500 -0.15956300 0.28589100
v 0.03019700 -0.15974100 0.28692200
v 0.03068900 -0.15924600 0.28727300
v 0.03072900 -0.15918900 0.28920900
v 0.03096500 -0.15895900 0.28852500
v 0.03116900 -0.15870100 0.28964900
v 0.03127600 -0.15854100 0.29035100
v 0.03108200 -0.15864500 0.29145900
v 0.03151900 -0.15800100 0.29270800
v 0.03127300 -0.15809600 0.29372700
v 0.03158600 -0.15750100 0.29488800
v 0.03129600 -0.15754300 0.29600200
v 0.03148900 -0.15696900 0.29720900
v 0.03115000 -0.15699000 0.29827200
v 0.03128600 -0.15654400 0.29906300
v 0.03083600 -0.15644100 0.30052700
v 0.03092500 -0.15607100 0.30112800
v 0.03035500 -0.15589800 0.30275400
v 0.03021500 -0.15544000 0.30388100
v 0.02970800 -0.15536600 0.30494000
v 0.02950700 -0.15497300 0.30592000
v 0.02859000 -0.15467800 0.30777200
v 0.02860600 -0.15449400 0.30801200
v 0.02738000 -0.15396300 0.31033100
v 0.02719200 -0.15402000 0.31048400
v 0.02625600 -0.15355500 0.31211100
v 0.02552600 -0.15339800 0.31304800
v 0.02465200 -0.15306200 0.31426200
v 0.02411000 -0.15295900 0.31486000
v 0.02341800 -0.15273600 0.31568600
v 0.02335100 -0.15274900 0.31572700
v 0.02320400 -0.15268300 0.31591600
v 0.02292800 -0.15261600 0.31620600
v 0.02239100 -0.15249200 0.31675000
v 0.02258000 -0.15255000 0.31654500
v 0.02176700 -0.15235500 0.31734900
v 0.02079000 -0.15215400 0.31822600
v 0.02002200 -0.15200700 0.31886600
v 0.01780800 -0.15163200 0.32050400
v 0.01571400 -0.15133300 0.32180800
v 0.01367400 -0.15108700 0.32288100
v 0.01206700 -0.15092100 0.32360600
v 0.00995400 -0.15073700 0.32441000
v 0.00774500 -0.15058200 0.32508500
v 0.00547800 -0.15046300 0.32560600
v 0.00487000 -0.15184200 0.32429200
v 0.00306700 -0.15245000 0.32382500
v 0.00676000 -0.15262400 0.32319700
v 0.01032500 -0.15294200 0.32209600
v 0.01065000 -0.15227300 0.32269300
v 0.00683300 -0.15194800 0.32388700
v 0.01221400 -0.15318000 0.32129900
v 0.01259400 -0.15250500 0.32186300
v 0.01447100 -0.15277800 0.32090000
v 0.01403500 -0.15346100 0.32037300
v 0.01627000 -0.15308900 0.31981000
v 0.01577700 -0.15378300 0.31932400
v 0.01798300 -0.15343800 0.31859800
v 0.01743300 -0.15414400 0.31815700
v 0.01899500 -0.15454300 0.31687700
v 0.01960100 -0.15382100 0.31727100
v 0.02045700 -0.15497700 0.31548900
v 0.02111300 -0.15423800 0.31583400
v 0.02182700 -0.15445800 0.31507800
v 0.02295300 -0.15590400 0.31254500
v 0.02249700 -0.15467900 0.31431500
v 0.02496600 -0.15692100 0.30933500
v 0.02523400 -0.15579500 0.31046900
v 0.02375200 -0.15514100 0.31272100
v 0.02648700 -0.15648700 0.30809200
v 0.02649100 -0.15801900 0.30588700
v 0.02749900 -0.15721100 0.30561100
v 0.02809300 -0.15777200 0.30369700
v 0.02749500 -0.15917500 0.30227200
v 0.02854500 -0.15834400 0.30174600
v 0.02885100 -0.15892500 0.29977000
v 0.02795500 -0.16036700 0.29856100
v 0.02901000 -0.15951000 0.29777800
v 0.02902000 -0.16009200 0.29577900
v 0.02786600 -0.16154600 0.29481800
v 0.02888400 -0.16066800 0.29378300
v 0.02860300 -0.16123400 0.29180100
v 0.02725500 -0.16265800 0.29122300
v 0.02819000 -0.16177700 0.28989200
v 0.02766000 -0.16229700 0.28806700
v 0.02626700 -0.16363100 0.28807000
v 0.02700600 -0.16280800 0.28627900
v 0.02488200 -0.16456200 0.28505700
v 0.02623300 -0.16330800 0.28453400
v 0.02534600 -0.16379400 0.28284000
v 0.02312400 -0.16543600 0.28222900
v 0.02324900 -0.16471600 0.27962600
v 0.02101400 -0.16624000 0.27962600
v 0.02134400 -0.16528000 0.27698300
v 0.01796300 -0.16051000 0.26710600
v 0.01796300 -0.16051000 0.26710600
v 0.01685700 -0.15708200 0.27053300
v 0.01685700 -0.15708200 0.27053300
v 0.01685700 -0.15708200 0.27053300
v 0.01685700 -0.16068900 0.26692700
v 0.01685700 -0.16068900 0.26692700
v 0.01575000 -0.15726100 0.27035500
v 0.01575000 -0.15726100 0.27035500
v 0.01575000 -0.15726100 0.27035500
v 0.01575000 -0.16051000 0.26710600
v 0.01575000 -0.16051000 0.26710600
v 0.01486300 -0.15776100 0.26985400
v 0.01486300 -0.15776100 0.26985400
v 0.01486300 -0.16001000 0.26760600
v 0.01486300 -0.16001000 0.26760600
v 0.01437100 -0.15848400 0.26913100
v 0.01437100 -0.15848400 0.26913100
v 0.01437100 -0.15928700 0.26832900
v 0.01796300 -0.15726100 0.27035500
v 0.01796300 -0.15726100 0.27035500
v 0.01796300 -0.15726100 0.27035500
v 0.01885100 -0.16001000 0.26760600
v 0.01885100 -0.16001000 0.26760600
v 0.01885100 -0.16001000 0.26760600
v 0.01885100 -0.15776100 0.26985400
v 0.01885100 -0.15776100 0.26985400
v 0.01885100 -0.15776100 0.26985400
v 0.01934300 -0.15928700 0.26832900
v 0.01934300 -0.15928700 0.26832900
v 0.01934300 -0.15848400 0.26913100
v 0.01796300 -0.16051000 0.26710600
v 0.01685700 -0.16068900 0.26692700
v 0.01685700 -0.16118400 0.26742200
v 0.01685700 -0.16118400 0.26742200
v 0.01685700 -0.16068900 0.26692700
v 0.01575000 -0.16051000 0.26710600
v 0.01575000 -0.16100500 0.26760100
v 0.01486300 -0.16001000 0.26760600
v 0.01486300 -0.16050500 0.26810100
v 0.01437100 -0.15928700 0.26832900
v 0.01437100 -0.15978200 0.26882400
v 0.01437100 -0.15848400 0.26913100
v 0.01437100 -0.15897900 0.26962600
v 0.01486300 -0.15776100 0.26985400
v 0.01486300 -0.15825600 0.27034900
v 0.01575000 -0.15726100 0.27035500
v 0.01575000 -0.15775600 0.27085000
v 0.01685700 -0.15708200 0.27053300
v 0.01685700 -0.15757700 0.27102800
v 0.01796300 -0.15775600 0.27085000
v 0.01796300 -0.15726100 0.27035500
v 0.01885100 -0.15825600 0.27034900
v 0.01885100 -0.15776100 0.26985400
v 0.01934300 -0.15897900 0.26962600
v 0.01934300 -0.15848400 0.26913100
v 0.01934300 -0.15978200 0.26882400
v 0.01934300 -0.15928700 0.26832900
v 0.01885100 -0.16050500 0.26810100
v 0.01885100 -0.16001000 0.26760600
v 0.01796300 -0.16100500 0.26760100
v 0.02030600 -0.09864200 0.31454900
v 0.02030600 -0.09864200 0.31454900
v 0.01920000 -0.09521400 0.31797700
v 0.01920000 -0.09882000 0.31437000
v 0.01809300 -0.09539300 0.31779800
v 0.01809300 -0.09864200 0.31454900
v 0.01809300 -0.09864200 0.31454900
v 0.01720600 -0.09589300 0.31729800
v 0.01720600 -0.09589300 0.31729800
v 0.01720600 -0.09814200 0.31504900
v 0.01720600 -0.09814200 0.31504900
v 0.01720600 -0.09814200 0.31504900
v 0.01671400 -0.09661600 0.31657500
v 0.01671400 -0.09661600 0.31657500
v 0.01671400 -0.09741900 0.31577200
v 0.02030600 -0.09539300 0.31779800
v 0.02030600 -0.09539300 0.31779800
v 0.02119400 -0.09814200 0.31504900
v 0.02119400 -0.09814200 0.31504900
v 0.02119400 -0.09814200 0.31504900
v 0.02119400 -0.09589300 0.31729800
v 0.02119400 -0.09589300 0.31729800
v 0.02119400 -0.09589300 0.31729800
v 0.02168600 -0.09741900 0.31577200
v 0.02168600 -0.09741900 0.31577200
v 0.02168600 -0.09661600 0.31657500
v 0.02030600 -0.09864200 0.31454900
v 0.01920000 -0.09882000 0.31437000
v 0.01920000 -0.09931500 0.31486500
v 0.01920000 -0.09931500 0.31486500
v 0.01920000 -0.09882000 0.31437000
v 0.01809300 -0.09864200 0.31454900
v 0.01809300 -0.09913700 0.31504400
v 0.01720600 -0.09814200 0.31504900
v 0.01720600 -0.09863600 0.31554400
v 0.01671400 -0.09741900 0.31577200
v 0.01671400 -0.09791300 0.31626700
v 0.01671400 -0.09661600 0.31657500
v 0.01671400 -0.09711100 0.31707000
v 0.01720600 -0.09589300 0.31729800
v 0.01720600 -0.09638800 0.31779300
v 0.01809300 -0.09539300 0.31779800
v 0.01809300 -0.09588800 0.31829300
v 0.01920000 -0.09521400 0.31797700
v 0.01920000 -0.09570900 0.31847200
v 0.02030600 -0.09588800 0.31829300
v 0.02030600 -0.09539300 0.31779800
v 0.02119400 -0.09638800 0.31779300
v 0.02119400 -0.09589300 0.31729800
v 0.02168600 -0.09711100 0.31707000
v 0.02168600 -0.09661600 0.31657500
v 0.02168600 -0.09791300 0.31626700
v 0.02168600 -0.09741900 0.31577200
v 0.02119400 -0.09863600 0.31554400
v 0.02119400 -0.09814200 0.31504900
v 0.02030600 -0.09913700 0.31504400
v 0.01526100 -0.09702100 0.31716000
v 0.01466000 -0.10311200 0.32340000
v 0.01480500 -0.10238200 0.32066400
v 0.01451300 -0.10505900 0.32352300
v 0.01464200 -0.10635500 0.32349800
v 0.01521100 -0.10332100 0.31972600
v 0.01498100 -0.10753100 0.32337100
v 0.01600700 -0.10412500 0.31892100
v 0.01552700 -0.10848100 0.32313300
v 0.01630400 -0.10915200 0.32275900
v 0.01711600 -0.10471600 0.31833000
v 0.01673900 -0.10933100 0.32253700
v 0.01750000 -0.10940500 0.32212600
v 0.01836200 -0.10918900 0.32162900
v 0.01850500 -0.10029800 0.31388300
v 0.01732200 -0.10001000 0.31417100
v 0.01632300 -0.09947700 0.31470400
v 0.01560500 -0.09875200 0.31542900
v 0.01523900 -0.09790600 0.31627500
v 0.01653200 -0.09182100 0.32201700
v 0.01466000 -0.10311200 0.32340000
v 0.01466000 -0.10311200 0.32340000
v 0.01642500 -0.09235200 0.32182900
v 0.01642500 -0.09235200 0.32182900
v 0.01526100 -0.09702100 0.31716000
v 0.01836200 -0.10918900 0.32162900
v 0.01940600 -0.10854900 0.32098200
v 0.01850500 -0.10029800 0.31388300
v 0.01981400 -0.10476000 0.31773900
v 0.01975700 -0.10031300 0.31386800
v 0.02113400 -0.10447500 0.31802400
v 0.02095300 -0.10005400 0.31412600
v 0.02226400 -0.10391500 0.31858400
v 0.02197800 -0.09954700 0.31463400
v 0.02273900 -0.10297100 0.31852400
v 0.02273200 -0.09884000 0.31534100
v 0.02305400 -0.10174300 0.31824400
v 0.02331700 -0.09984800 0.31797800
v 0.02031800 -0.10764900 0.32037300
v 0.02101600 -0.10672100 0.31987900
v 0.02179200 -0.10537400 0.31929500
v 0.02313900 -0.09800300 0.31617700
v 0.02313900 -0.09800300 0.31617700
v 0.02313900 -0.09800300 0.31617700
v 0.02342800 -0.09798300 0.31782400
v 0.02342800 -0.09798300 0.31782400
v 0.02344400 -0.09678200 0.31739800
v 0.02344400 -0.09678200 0.31739800
v 0.02344400 -0.09678200 0.31739800
v 0.02348400 -0.09705000 0.31774300
v 0.02348400 -0.09705000 0.31774300
v 0.02353900 -0.09611800 0.31766100
v 0.02331700 -0.09984800 0.31797800
v 0.02337300 -0.09891500 0.31790200
v 0.02337300 -0.09891500 0.31790200
v -0.01809400 -0.09864200 0.31454900
v -0.01920000 -0.09521400 0.31797700
v -0.01920000 -0.09882000 0.31437000
v -0.01920000 -0.09882000 0.31437000
v -0.02030600 -0.09539300 0.31779800
v -0.02030600 -0.09539300 0.31779800
v -0.02030600 -0.09539300 0.31779800
v -0.02030600 -0.09864200 0.31454900
v -0.02030600 -0.09864200 0.31454900
v -0.02030600 -0.09864200 0.31454900
v -0.02119400 -0.09589300 0.31729800
v -0.02119400 -0.09589300 0.31729800
v -0.02119400 -0.09589300 0.31729800
v -0.02119400 -0.09814200 0.31504900
v -0.02119400 -0.09814200 0.31504900
v -0.02119400 -0.09814200 0.31504900
v -0.02168600 -0.09661600 0.31657500
v -0.02168600 -0.09661600 0.31657500
v -0.02168600 -0.09741900 0.31577200
v -0.01809400 -0.09539300 0.31779800
v -0.01720600 -0.09814200 0.31504900
v -0.01720600 -0.09589300 0.31729800
v -0.01720600 -0.09589300 0.31729800
v -0.01671400 -0.09741900 0.31577200
v -0.01671400 -0.09741900 0.31577200
v -0.01671400 -0.09661600 0.31657500
v -0.01809400 -0.09864200 0.31454900
v -0.01920000 -0.09882000 0.31437000
v -0.01920000 -0.09931500 0.31486500
v -0.01920000 -0.09931500 0.31486500
v -0.01920000 -0.09882000 0.31437000
v -0.02030600 -0.09864200 0.31454900
v -0.02030600 -0.09913700 0.31504400
v -0.02119400 -0.09814200 0.31504900
v -0.02119400 -0.09863700 0.31554400
v -0.02168600 -0.09741900 0.31577200
v -0.02168600 -0.09791400 0.31626700
v -0.02168600 -0.09661600 0.31657500
v -0.02168600 -0.09711100 0.31707000
v -0.02119400 -0.09589300 0.31729800
v -0.02119400 -0.09638800 0.31779300
v -0.02030600 -0.09539300 0.31779800
v -0.02030600 -0.09588800 0.31829300
v -0.01920000 -0.09521400 0.31797700
v -0.01920000 -0.09570900 0.31847200
v -0.01809400 -0.09588800 0.31829300
v -0.01809400 -0.09539300 0.31779800
v -0.01720600 -0.09638800 0.31779300
v -0.01720600 -0.09589300 0.31729800
v -0.01671400 -0.09711100 0.31707000
v -0.01671400 -0.09661600 0.31657500
v -0.01671400 -0.09791400 0.31626700
v -0.01671400 -0.09741900 0.31577200
v -0.01720600 -0.09863700 0.31554400
v -0.01720600 -0.09814200 0.31504900
v -0.01809400 -0.09913700 0.31504400
v -0.02331700 -0.09984800 0.31797800
v -0.02317900 -0.10107100 0.31812500
v -0.02313900 -0.09800300 0.31617700
v -0.02273200 -0.09884000 0.31534100
v -0.02278700 -0.10281200 0.31848300
v -0.02197900 -0.09954700 0.31463400
v -0.02226400 -0.10391600 0.31858500
v -0.02113400 -0.10447600 0.31802500
v -0.02179200 -0.10537500 0.31929600
v -0.02101600 -0.10672300 0.31988000
v -0.02032400 -0.10764500 0.32037100
v -0.01981400 -0.10476200 0.31774000
v -0.02095300 -0.10005400 0.31412600
v -0.01975700 -0.10031300 0.31386800
v -0.01850500 -0.10029800 0.31388300
v -0.01941200 -0.10854700 0.32098000
v -0.01836300 -0.10919100 0.32163100
v -0.02353900 -0.09611800 0.31766100
v -0.02348400 -0.09705100 0.31774300
v -0.02344400 -0.09678200 0.31739800
v -0.02342900 -0.09798300 0.31782300
v -0.02342900 -0.09798300 0.31782300
v -0.02313900 -0.09800300 0.31617700
v -0.02313900 -0.09800300 0.31617700
v -0.02337300 -0.09891600 0.31790200
v -0.02331700 -0.09984800 0.31797800
v -0.01850500 -0.10029800 0.31388300
v -0.01836300 -0.10919100 0.32163100
v -0.01711600 -0.10471500 0.31832900
v -0.01762200 -0.10939500 0.32205900
v -0.01711500 -0.10940300 0.32233800
v -0.01624200 -0.10911700 0.32279100
v -0.01600700 -0.10412400 0.31892000
v -0.01732200 -0.10001000 0.31417100
v -0.01632300 -0.09947700 0.31470400
v -0.01521100 -0.10332000 0.31972500
v -0.01560500 -0.09875200 0.31542900
v -0.01480500 -0.10238100 0.32066400
v -0.01523900 -0.09790600 0.31627500
v -0.01526100 -0.09702100 0.31716000
v -0.01466000 -0.10311200 0.32340100
v -0.01451400 -0.10506000 0.32352300
v -0.01464200 -0.10635500 0.32349900
v -0.01498100 -0.10753200 0.32337100
v -0.01552700 -0.10848100 0.32313300
v -0.01526100 -0.09702100 0.31716000
v -0.01466000 -0.10311200 0.32340100
v -0.01466000 -0.10311200 0.32340100
v -0.01642500 -0.09235200 0.32182900
v -0.01642500 -0.09235200 0.32182900
v -0.01653200 -0.09182100 0.32201700
v -0.02092900 -0.16617900 0.27977100
v -0.02101400 -0.16624000 0.27962900
v -0.02066400 -0.16455300 0.27830800
v -0.02134300 -0.16527100 0.27697700
v -0.02099700 -0.16199300 0.27374000
v -0.02110700 -0.16189900 0.27174400
v -0.02066200 -0.15850700 0.27009900
v -0.02085800 -0.15938100 0.26922500
v -0.02135600 -0.16441700 0.27426200
v -0.02009400 -0.15771800 0.27088800
v -0.02037900 -0.16113500 0.27459800
v -0.01941600 -0.16045500 0.27527900
v -0.01962300 -0.16381700 0.27904400
v -0.01820300 -0.16001700 0.27571600
v -0.01831200 -0.16334400 0.27951700
v -0.01685800 -0.15655200 0.27205400
v -0.01685800 -0.16649600 0.28349300
v -0.01920900 -0.15709200 0.27151300
v -0.01809400 -0.15669100 0.27191500
v -0.01807400 -0.16630400 0.28304500
v -0.01913700 -0.16617000 0.28227900
v -0.02002900 -0.16609000 0.28126800
v -0.02074500 -0.16606100 0.28004400
v -0.02083900 -0.16612000 0.27990900
v -0.01546200 -0.16676500 0.28350400
v -0.01685800 -0.16649600 0.28349300
v -0.01540100 -0.16343100 0.27961600
v -0.01685800 -0.15655200 0.27205400
v -0.01551100 -0.16006100 0.27576600
v -0.01562200 -0.15669100 0.27191500
v -0.01450700 -0.15709200 0.27151300
v -0.01429700 -0.16049900 0.27532800
v -0.01362200 -0.15771800 0.27088800
v -0.01333300 -0.16118000 0.27464600
v -0.01305400 -0.15850700 0.27009900
v -0.01271400 -0.16203900 0.27378800
v -0.01285800 -0.15938100 0.26922500
v -0.01201200 -0.16793200 0.27777700
v -0.01237500 -0.16557100 0.27747600
v -0.01204100 -0.16783200 0.27893700
v -0.01225600 -0.16769300 0.28011400
v -0.01304400 -0.16464200 0.27840500
v -0.01296400 -0.16741600 0.28173200
v -0.01408700 -0.16390500 0.27914300
v -0.01367700 -0.16719900 0.28258500
v -0.01453100 -0.16697600 0.28318400
v -0.01289400 -0.16431500 0.26355600
v -0.01284800 -0.16472700 0.26407400
v -0.01285800 -0.16423700 0.26436900
v -0.01285800 -0.16423700 0.26436900
v -0.01280200 -0.16514100 0.26459200
v -0.01280200 -0.16514100 0.26459200
v -0.01275600 -0.16555600 0.26510900
v -0.01271000 -0.16597200 0.26562400
v -0.01271000 -0.16597200 0.26562400
v -0.01285800 -0.15938100 0.26922500
v -0.01221600 -0.16817300 0.27340400
v -0.01211300 -0.16807000 0.27560400
v -0.01201200 -0.16793200 0.27777700
v -0.00583300 -0.15716800 0.31533900
v -0.00585300 -0.15720000 0.31528800
v -0.00585800 -0.15724100 0.31525100
v -0.00585700 -0.15725100 0.31520200
v -0.00585800 -0.15735400 0.31503100
v -0.00585400 -0.15707400 0.31514900
v -0.00586100 -0.15716800 0.31498000
v -0.00589200 -0.15700400 0.31513900
v -0.00590500 -0.15709600 0.31497000
v -0.00595400 -0.15694400 0.31513900
v -0.00597200 -0.15703500 0.31497000
v -0.00641800 -0.15689200 0.31500100
v -0.00597400 -0.15708600 0.31488600
v -0.00642100 -0.15816500 0.31283400
v -0.00597500 -0.15713900 0.31479800
v -0.00597800 -0.15724600 0.31462200
v -0.00591000 -0.15730400 0.31462600
v -0.00591500 -0.15751400 0.31427500
v -0.00586900 -0.15758300 0.31428900
v -0.00588700 -0.15840100 0.31288000
v -0.00585800 -0.15853200 0.31301900
v -0.00589900 -0.15923300 0.31137700
v -0.00585800 -0.15976700 0.31075500
v -0.00585800 -0.16008100 0.31014900
v -0.00589600 -0.16055200 0.30881900
v -0.00585800 -0.16067600 0.30896700
v -0.00585800 -0.16096700 0.30837300
v -0.00585800 -0.16125200 0.30777600
v -0.00589800 -0.16112900 0.30761600
v -0.00585800 -0.16163200 0.30696100
v -0.00590400 -0.16168400 0.30640200
v -0.00585800 -0.16200300 0.30614200
v -0.00585800 -0.16207900 0.30597100
v -0.00585800 -0.16207900 0.30597100
v -0.00585800 -0.16214500 0.30582000
v -0.00585800 -0.16214500 0.30582000
v -0.00590600 -0.16195300 0.30578900
v -0.00590600 -0.16201900 0.30563500
v -0.00595900 -0.16191700 0.30570000
v -0.00595900 -0.16198400 0.30554500
v -0.00602800 -0.16189800 0.30561300
v -0.00602800 -0.16196600 0.30545500
v -0.00631200 -0.16222600 0.30463000
v -0.00602900 -0.16203100 0.30530000
v -0.00597200 -0.16220700 0.30493500
v -0.00592300 -0.16222300 0.30502600
v -0.00589900 -0.16225500 0.30495800
v -0.00586400 -0.16228900 0.30504300
v -0.00575100 -0.16233700 0.30492200
v -0.00570000 -0.16246300 0.30506300
v -0.00566900 -0.16235100 0.30489000
v -0.00555800 -0.16248200 0.30503100
v -0.00558200 -0.16235800 0.30488400
v -0.00539700 -0.16236800 0.30487800
v -0.00562200 -0.16232700 0.30479700
v -0.00543700 -0.16233900 0.30478600
v -0.00566500 -0.16231500 0.30470300
v -0.00547900 -0.16232900 0.30468700
v -0.00595800 -0.16238700 0.30431800
v -0.00528700 -0.16234300 0.30468900
v -0.00486000 -0.16249200 0.30425500
v -0.00509200 -0.16235500 0.30469400
v -0.00470100 -0.16238000 0.30470100
v -0.00466400 -0.16238800 0.30480100
v -0.00310900 -0.16246500 0.30482400
v -0.00308600 -0.16249100 0.30491800
v 0.00000300 -0.16255300 0.30493600
v 0.00000300 -0.16266000 0.30510200
v 0.00154800 -0.16253800 0.30493100
v 0.00278500 -0.16261600 0.30508400
v 0.00309200 -0.16249100 0.30491800
v 0.00463500 -0.16241600 0.30489400
v 0.00311600 -0.16246500 0.30482400
v 0.00467000 -0.16238800 0.30480100
v 0.00314000 -0.16245800 0.30472500
v 0.00470700 -0.16237900 0.30470100
v 0.00460300 -0.16250600 0.30426100
v 0.00591800 -0.16239800 0.30429800
v -0.00581700 -0.15699800 0.31529300
v -0.00576800 -0.15712100 0.31542100
v -0.00569000 -0.15694400 0.31538300
v -0.00567200 -0.15709000 0.31547900
v -0.00560700 -0.15693600 0.31539500
v -0.00555800 -0.15708400 0.31550300
v -0.00551400 -0.15693200 0.31539900
v -0.00547600 -0.15709000 0.31550500
v -0.00565000 -0.15687000 0.31538100
v -0.00561800 -0.15679500 0.31540300
v -0.00570800 -0.15680700 0.31538900
v -0.00596100 -0.15655300 0.31562600
v -0.00627200 -0.15667900 0.31537300
v -0.00593900 -0.15690700 0.31521500
v -0.00590600 -0.15687300 0.31527900
v -0.00588200 -0.15696700 0.31521500
v -0.00585100 -0.15693200 0.31527900
v -0.00584700 -0.15703500 0.31522600
v -0.00642100 -0.16104900 0.30725000
v -0.00601600 -0.15913200 0.31130900
v -0.00600300 -0.15828700 0.31283700
v -0.00598300 -0.15745700 0.31426800
v -0.00593500 -0.15833900 0.31285400
v -0.00642100 -0.16164900 0.30593500
v -0.00602500 -0.16162500 0.30623900
v -0.00601600 -0.16106200 0.30747700
v -0.00601200 -0.16047400 0.30870400
v -0.00594900 -0.16108900 0.30754400
v -0.00594500 -0.16050700 0.30875800
v -0.00621700 -0.16228700 0.30450400
v -0.00594400 -0.16223800 0.30486900
v -0.00578700 -0.16230400 0.30484100
v -0.00570600 -0.16231900 0.30480700
v -0.00609800 -0.16234100 0.30439900
v -0.00582900 -0.16228900 0.30475300
v -0.00574900 -0.16230600 0.30471800
v -0.00313400 -0.16245800 0.30472500
v -0.00324000 -0.16256700 0.30428500
v -0.00161800 -0.16261200 0.30430300
v 0.00000400 -0.16252300 0.30474200
v 0.00000400 -0.16262700 0.30431000
v 0.00157100 -0.16250600 0.30473800
v 0.00162500 -0.16261200 0.30430300
v 0.00297000 -0.16257700 0.30428900
v 0.00606400 -0.16235600 0.30437100
v 0.00575600 -0.16230500 0.30471800
v 0.00567000 -0.16231400 0.30470200
v 0.00548500 -0.16232900 0.30468700
v 0.00562700 -0.16232600 0.30479600
v 0.00544200 -0.16233800 0.30478600
v 0.00558800 -0.16235700 0.30488300
v 0.00540300 -0.16236800 0.30487800
v 0.00521300 -0.16238000 0.30488200
v 0.00502000 -0.16239300 0.30488600
v 0.00505800 -0.16236400 0.30479300
v 0.00583600 -0.16228900 0.30475300
v 0.00619000 -0.16230400 0.30447000
v 0.00594900 -0.16223900 0.30486700
v 0.00597900 -0.16220600 0.30493400
v 0.00593000 -0.16222300 0.30502500
v 0.00596700 -0.16204800 0.30539100
v 0.00591400 -0.16208300 0.30548300
v 0.00591300 -0.16205200 0.30555800
v 0.00586400 -0.16217800 0.30574400
v 0.00586400 -0.16214500 0.30582000
v 0.00586500 -0.16238000 0.30532500
v 0.00586400 -0.16207800 0.30597100
v 0.00586400 -0.16200300 0.30614100
v 0.00591300 -0.16195200 0.30578900
v 0.00591100 -0.16168300 0.30640200
v 0.00596500 -0.16191700 0.30570000
v 0.00596300 -0.16164600 0.30631900
v 0.00603400 -0.16189800 0.30561200
v 0.00603100 -0.16162500 0.30623800
v 0.00642700 -0.16194000 0.30527300
v 0.00642700 -0.16164900 0.30593500
v 0.00629300 -0.16224400 0.30459000
v 0.00603500 -0.16203000 0.30530000
v 0.00596600 -0.16201700 0.30546700
v 0.00591300 -0.16201900 0.30563500
v 0.00642300 -0.16208300 0.30494200
v 0.00603500 -0.16199800 0.30537600
v 0.00596600 -0.16198400 0.30554400
v 0.00603400 -0.16196500 0.30545500
v 0.00642700 -0.16150400 0.30625700
v 0.00602300 -0.16106100 0.30747700
v 0.00595500 -0.16108900 0.30754400
v 0.00595100 -0.16050700 0.30875700
v 0.00590200 -0.16055100 0.30881800
v 0.00586400 -0.15976600 0.31075400
v 0.00586400 -0.16008100 0.31014900
v 0.00642700 -0.16104800 0.30725000
v 0.00601800 -0.16047300 0.30870400
v 0.00594200 -0.15833800 0.31285400
v 0.00589300 -0.15840000 0.31288000
v 0.00586400 -0.15853200 0.31301800
v 0.00587600 -0.15758300 0.31428800
v 0.00586400 -0.15776400 0.31434500
v 0.00586400 -0.15756000 0.31468800
v 0.00586400 -0.15724100 0.31525100
v 0.00586400 -0.15745700 0.31486000
v 0.00586400 -0.15735400 0.31503100
v 0.00586900 -0.15727000 0.31481000
v 0.00586700 -0.15716700 0.31498000
v 0.00591300 -0.15719900 0.31480000
v 0.00591100 -0.15709500 0.31497000
v 0.00598200 -0.15713900 0.31479800
v 0.00597900 -0.15703500 0.31497000
v 0.00642200 -0.15687400 0.31502900
v 0.00596100 -0.15694400 0.31513900
v 0.00627800 -0.15667900 0.31537300
v 0.00594600 -0.15690700 0.31521500
v 0.00591300 -0.15687300 0.31527900
v 0.00585800 -0.15693200 0.31527900
v 0.00579200 -0.15681900 0.31537000
v 0.00573600 -0.15687900 0.31536700
v 0.00565700 -0.15686900 0.31538100
v 0.00569700 -0.15694400 0.31538200
v 0.00561400 -0.15693600 0.31539500
v 0.00567800 -0.15709000 0.31547800
v 0.00556600 -0.15708300 0.31550200
v 0.00548300 -0.15708900 0.31550500
v 0.00519300 -0.15694300 0.31540900
v 0.00502200 -0.15695600 0.31541500
v 0.00523900 -0.15686600 0.31540600
v 0.00506700 -0.15688000 0.31541200
v 0.00529700 -0.15679200 0.31543100
v 0.00512300 -0.15680600 0.31543700
v 0.00596800 -0.15655300 0.31562600
v 0.00494700 -0.15682000 0.31544300
v 0.00449100 -0.15659700 0.31575800
v 0.00424200 -0.15686700 0.31546500
v 0.00283200 -0.15694000 0.31549700
v 0.00280100 -0.15701100 0.31547200
v 0.00000300 -0.15699700 0.31552100
v 0.00000300 -0.15713900 0.31549600
v 0.00642700 -0.15816500 0.31283400
v 0.00601000 -0.15828700 0.31283700
v 0.00592100 -0.15751400 0.31427400
v 0.00587100 -0.15737500 0.31463700
v 0.00598900 -0.15745700 0.31426800
v 0.00642700 -0.15731200 0.31430200
v 0.00598400 -0.15724500 0.31462200
v 0.00571500 -0.15680600 0.31538900
v 0.00299600 -0.15667200 0.31578800
v 0.00150000 -0.15671700 0.31580700
v 0.00000300 -0.15673300 0.31581300
v 0.00000300 -0.15728800 0.31558500
v 0.00137400 -0.15727500 0.31557900
v 0.00277600 -0.15708400 0.31547200
v 0.00419600 -0.15693900 0.31544000
v 0.00274500 -0.15723700 0.31556400
v 0.00415800 -0.15701400 0.31544100
v 0.00489300 -0.15689200 0.31541800
v 0.00485000 -0.15696900 0.31542100
v 0.00577300 -0.15712000 0.31542100
v 0.00582400 -0.15699700 0.31529300
v 0.00583900 -0.15716900 0.31533800
v 0.00585300 -0.15703400 0.31522600
v 0.00588900 -0.15696600 0.31521500
v 0.00589900 -0.15700400 0.31513900
v 0.00586000 -0.15720000 0.31528700
v 0.00586400 -0.15725100 0.31520100
v 0.00586400 -0.16067600 0.30896700
v 0.00590500 -0.16112900 0.30761600
v 0.00586400 -0.16096600 0.30837300
v 0.00586400 -0.16125200 0.30777500
v 0.00586400 -0.16163200 0.30696100
v 0.00579500 -0.16243700 0.30513700
v 0.00583300 -0.16241600 0.30519400
v 0.00586100 -0.16238100 0.30527800
v 0.00586400 -0.16221200 0.30566800
v 0.00589200 -0.16225700 0.30511300
v 0.00575700 -0.16233600 0.30492200
v 0.00570700 -0.16246300 0.30506300
v 0.00556400 -0.16248200 0.30503200
v 0.00567500 -0.16235000 0.30489000
v 0.00579300 -0.16230400 0.30484000
v 0.00590400 -0.16225500 0.30495600
v -0.00277900 -0.16261600 0.30508400
v -0.00462900 -0.16241600 0.30489400
v -0.00505200 -0.16236400 0.30479400
v -0.00501400 -0.16239300 0.30488600
v -0.00524600 -0.16235200 0.30478900
v -0.00566600 -0.16247200 0.30504900
v -0.00576000 -0.16244900 0.30510800
v -0.00582800 -0.16241400 0.30519800
v -0.00585800 -0.16238100 0.30532500
v -0.00585400 -0.16238200 0.30527800
v -0.00588600 -0.16225700 0.30511300
v -0.00585800 -0.16221200 0.30566900
v -0.00590700 -0.16208400 0.30548300
v -0.00596000 -0.16204900 0.30539100
v -0.00585800 -0.15776400 0.31434500
v -0.00585800 -0.15756000 0.31468900
v -0.00585800 -0.15745800 0.31486000
v -0.00586300 -0.15727000 0.31481100
v -0.00586200 -0.15721800 0.31489700
v -0.00590600 -0.15714600 0.31488700
v -0.00578500 -0.15681900 0.31537000
v -0.00594900 -0.15917800 0.31133800
v 0.00509800 -0.16235500 0.30469300
v 0.00529400 -0.16234200 0.30468900
v -0.00585800 -0.15740600 0.31494500
v -0.00572900 -0.15688000 0.31536700
v -0.00590700 -0.15719900 0.31480000
v -0.00586500 -0.15737500 0.31463700
v -0.00595600 -0.16164700 0.30631900
v -0.00520700 -0.16238100 0.30488200
v 0.00000400 -0.16252900 0.30484200
v 0.00155900 -0.16251300 0.30483700
v 0.00571300 -0.16231900 0.30480700
v 0.00586900 -0.16228900 0.30504100
v 0.00591600 -0.15730400 0.31462500
v 0.00586000 -0.15707400 0.31514800
v 0.00525200 -0.16235100 0.30478900
v 0.00000300 -0.15728800 0.31558500
v 0.00000300 -0.15713900 0.31549600
v -0.00137600 -0.15727500 0.31557900
v -0.00277700 -0.15711400 0.31548100
v -0.00275500 -0.15723700 0.31556400
v -0.00416400 -0.15704500 0.31545000
v -0.00413300 -0.15717400 0.31553900
v -0.00485700 -0.15700000 0.31543000
v -0.00547600 -0.15709000 0.31550500
v -0.00520100 -0.15697400 0.31541900
v -0.00551400 -0.15693200 0.31539900
v -0.00527100 -0.15685000 0.31540900
v -0.00561800 -0.15679500 0.31540300
v -0.00492500 -0.15687700 0.31542000
v -0.00507400 -0.15670700 0.31552900
v -0.00435000 -0.15675600 0.31555000
v -0.00596100 -0.15655300 0.31562600
v -0.00300800 -0.15667100 0.31578800
v -0.00290100 -0.15683100 0.31558100
v 0.00000300 -0.15673300 0.31581300
v 0.00000300 -0.15699700 0.31552100
v -0.00281600 -0.15699800 0.31547400
v -0.00543200 -0.15668100 0.31551600
v -0.00422200 -0.15692500 0.31544200
v -0.00585800 -0.16096700 0.30837300
v -0.00585800 -0.16125200 0.30777600
v -0.00585800 -0.16128600 0.30779200
v -0.00585800 -0.16128600 0.30779200
v -0.00585800 -0.16163200 0.30696100
v -0.00585800 -0.16200300 0.30614200
v -0.00585800 -0.16200300 0.30614200
v -0.00585800 -0.16238100 0.30532500
v -0.00585800 -0.16067600 0.30896700
v -0.00585800 -0.15979900 0.31077200
v -0.00585800 -0.15979900 0.31077200
v -0.00585800 -0.16008100 0.31014900
v -0.00585800 -0.15976700 0.31075500
v -0.00585800 -0.15853200 0.31301900
v -0.00585800 -0.15853200 0.31301900
v -0.00585800 -0.15724100 0.31525100
v -0.00585800 -0.16238100 0.30532500
v -0.00582800 -0.16241400 0.30519800
v -0.00582900 -0.16244400 0.30523200
v -0.00576400 -0.16248500 0.30514900
v -0.00576000 -0.16244900 0.30510800
v -0.00566900 -0.16251500 0.30509500
v -0.00566600 -0.16247200 0.30504900
v -0.00555800 -0.16253100 0.30507900
v -0.00555800 -0.16248200 0.30503100
v -0.00277900 -0.16261600 0.30508400
v 0.00000300 -0.16266000 0.30510200
v 0.00000300 -0.16270800 0.30515000
v 0.00278500 -0.16261600 0.30508400
v 0.00556400 -0.16252900 0.30507900
v 0.00556400 -0.16248200 0.30503200
v -0.00555800 -0.16253100 0.30507900
v -0.00555800 -0.16248200 0.30503100
v 0.00556400 -0.16252900 0.30507900
v 0.00556400 -0.16248200 0.30503200
v 0.00567600 -0.16251500 0.30509500
v 0.00570700 -0.16246300 0.30506300
v 0.00577100 -0.16248500 0.30514900
v 0.00579500 -0.16243700 0.30513700
v 0.00583600 -0.16244300 0.30523200
v 0.00586500 -0.16238000 0.30532500
v 0.00586400 -0.16008100 0.31014900
v 0.00586400 -0.15976600 0.31075400
v 0.00586400 -0.15979900 0.31077200
v 0.00586400 -0.15979900 0.31077200
v 0.00586400 -0.15853200 0.31301800
v 0.00586400 -0.15853200 0.31301800
v 0.00586400 -0.15724100 0.31525100
v 0.00586400 -0.16067600 0.30896700
v 0.00586400 -0.16128500 0.30779100
v 0.00586400 -0.16128500 0.30779100
v 0.00586400 -0.16096600 0.30837300
v 0.00586400 -0.16125200 0.30777500
v 0.00586400 -0.16163200 0.30696100
v 0.00586400 -0.16163200 0.30696100
v 0.00586400 -0.16200300 0.30614100
v 0.00586400 -0.16200300 0.30614100
v 0.00586500 -0.16238000 0.30532500
v 0.00586400 -0.15724100 0.31525100
v 0.00583900 -0.15716900 0.31533800
v 0.00582300 -0.15718100 0.31539300
v 0.00577300 -0.15712000 0.31542100
v 0.00571300 -0.15713000 0.31549400
v 0.00567800 -0.15709000 0.31547800
v 0.00556400 -0.15711700 0.31553600
v 0.00556600 -0.15708300 0.31550200
v -0.00555800 -0.15711700 0.31553600
v -0.00547900 -0.15712300 0.31553900
v -0.00547900 -0.15712300 0.31553900
v -0.00555800 -0.15708400 0.31550300
v -0.00547600 -0.15709000 0.31550500
v -0.00547600 -0.15709000 0.31550500
v -0.00413300 -0.15717400 0.31553900
v -0.00275500 -0.15723700 0.31556400
v 0.00000300 -0.15732100 0.31561800
v -0.00137600 -0.15727500 0.31557900
v 0.00000300 -0.15728800 0.31558500
v 0.00137400 -0.15727500 0.31557900
v 0.00274500 -0.15723700 0.31556400
v 0.00548600 -0.15712300 0.31553800
v 0.00548300 -0.15708900 0.31550500
v 0.00556400 -0.15711700 0.31553600
v 0.00556600 -0.15708300 0.31550200
v -0.00555800 -0.15708400 0.31550300
v -0.00567200 -0.15709000 0.31547900
v -0.00555800 -0.15711700 0.31553600
v -0.00570700 -0.15713000 0.31549500
v -0.00576800 -0.15712100 0.31542100
v -0.00581700 -0.15718100 0.31539400
v -0.00583300 -0.15716800 0.31533900
v -0.00585800 -0.15724100 0.31525100
v 0.00586400 -0.16128500 0.30779100
v 0.00514500 -0.16155400 0.30733500
v 0.00586500 -0.16238000 0.30532500
v 0.00556400 -0.16252900 0.30507900
v 0.00583600 -0.16244300 0.30523200
v 0.00583600 -0.16244300 0.30523200
v 0.00577100 -0.16248500 0.30514900
v 0.00577100 -0.16248500 0.30514900
v 0.00567600 -0.16251500 0.30509500
v 0.00482000 -0.16086400 0.30883000
v 0.00586400 -0.15979900 0.31077200
v 0.00446300 -0.16014700 0.31030600
v 0.00422400 -0.15968300 0.31122300
v 0.00434200 -0.15996200 0.31067700
v 0.00389000 -0.15944100 0.31171200
v 0.00586400 -0.15724100 0.31525100
v 0.00313100 -0.15868900 0.31315000
v 0.00548600 -0.15712300 0.31553800
v 0.00000300 -0.15732100 0.31561800
v 0.00582300 -0.15718100 0.31539300
v 0.00571300 -0.15713000 0.31549400
v 0.00556400 -0.15711700 0.31553600
v -0.00547900 -0.15712300 0.31553900
v -0.00337000 -0.15866500 0.31317200
v -0.00074400 -0.15845300 0.31369500
v -0.00024500 -0.15845600 0.31369600
v -0.00585800 -0.15724100 0.31525100
v -0.00555800 -0.15711700 0.31553600
v -0.00570700 -0.15713000 0.31549500
v -0.00570700 -0.15713000 0.31549500
v -0.00581700 -0.15718100 0.31539400
v -0.00585800 -0.15979900 0.31077200
v -0.00412800 -0.15959000 0.31141000
v -0.00382200 -0.15941000 0.31177900
v -0.00433200 -0.15996300 0.31067800
v -0.00585800 -0.16128600 0.30779200
v -0.00452300 -0.16160800 0.30730800
v -0.00585800 -0.16238100 0.30532500
v -0.00555800 -0.16253100 0.30507900
v -0.00582900 -0.16244400 0.30523200
v -0.00582900 -0.16244400 0.30523200
v -0.00566900 -0.16251500 0.30509500
v -0.00576400 -0.16248500 0.30514900
v 0.00000300 -0.16270800 0.30515000
v -0.00283500 -0.16179500 0.30709000
v -0.00333300 -0.16177700 0.30708300
v -0.00383200 -0.16175600 0.30707400
v 0.00261300 -0.16180400 0.30709100
v 0.00206900 -0.16181700 0.30709900
v 0.00152500 -0.16182800 0.30710400
v 0.00098200 -0.16183700 0.30710600
v 0.00030100 -0.16178300 0.30723600
v 0.00000800 -0.16179500 0.30721100
v -0.00024400 -0.16162600 0.30757500
v -0.00061200 -0.16138800 0.30807900
v -0.00074400 -0.16110000 0.30867700
v -0.00213800 -0.16105300 0.30871600
v -0.00225800 -0.16174900 0.30723500
v -0.00074500 -0.16082400 0.30924200
v -0.00200100 -0.16032800 0.31018100
v -0.00283300 -0.16002700 0.31070700
v -0.00260600 -0.15993100 0.31090900
v -0.00260600 -0.15993100 0.31090900
v -0.00272000 -0.15994100 0.31088100
v -0.00074500 -0.16054300 0.30980500
v -0.00074500 -0.16025800 0.31036600
v -0.00074700 -0.15996800 0.31092600
v -0.00278200 -0.15996000 0.31083900
v -0.00278200 -0.15996000 0.31083900
v -0.00282000 -0.15998700 0.31078400
v -0.00433100 -0.16173200 0.30706500
v -0.00328000 -0.15925800 0.31211200
v -0.00260400 -0.15921600 0.31224400
v -0.00168200 -0.15879300 0.31306400
v -0.00074500 -0.15925500 0.31226100
v -0.00074400 -0.15899100 0.31274100
v -0.00074400 -0.15872300 0.31321900
v 0.00025300 -0.15845600 0.31369600
v 0.00075100 -0.15845300 0.31369500
v 0.00156500 -0.15879900 0.31305800
v 0.00261000 -0.15921500 0.31224700
v 0.00075300 -0.15925400 0.31226200
v 0.00113800 -0.15881600 0.31304300
v 0.00337100 -0.15927300 0.31207500
v 0.00434200 -0.16015900 0.31029800
v 0.00434200 -0.16050300 0.30962000
v 0.00434200 -0.16084700 0.30892900
v 0.00434200 -0.16099200 0.30863100
v 0.00417400 -0.16131600 0.30797700
v 0.00418000 -0.16163600 0.30729300
v 0.00383000 -0.16153800 0.30754400
v 0.00323900 -0.16172900 0.30719600
v -0.00074700 -0.15996800 0.31092600
v -0.00074500 -0.16025800 0.31036600
v -0.00068800 -0.15992200 0.31096000
v -0.00074500 -0.16054300 0.30980500
v -0.00069800 -0.16108400 0.30866900
v -0.00074500 -0.16082400 0.30924200
v -0.00074400 -0.16110000 0.30867700
v -0.00066400 -0.16105400 0.30865400
v -0.00066200 -0.15988300 0.31096800
v -0.00064800 -0.16062800 0.30941300
v -0.00064800 -0.16023700 0.31018900
v -0.00065300 -0.16101400 0.30863300
v -0.00064800 -0.15983700 0.31096100
v -0.00074400 -0.16110000 0.30867700
v -0.00061200 -0.16138800 0.30807900
v -0.00069800 -0.16108400 0.30866900
v -0.00046700 -0.16144100 0.30790900
v -0.00066400 -0.16105400 0.30865400
v -0.00043600 -0.16138700 0.30790300
v -0.00049300 -0.16129600 0.30800300
v -0.00017500 -0.16148900 0.30757800
v 0.00016200 -0.16164400 0.30735700
v 0.00036800 -0.16163900 0.30724300
v 0.00097900 -0.16167200 0.30713200
v 0.00014400 -0.16170300 0.30735000
v 0.00098100 -0.16173300 0.30715200
v 0.00098100 -0.16179100 0.30714200
v 0.00030100 -0.16178300 0.30723600
v 0.00098200 -0.16183700 0.30710600
v -0.00024400 -0.16162600 0.30757500
v -0.00065300 -0.16101400 0.30863300
v 0.00098200 -0.16183700 0.30710600
v 0.00152500 -0.16182800 0.30710400
v 0.00098100 -0.16179100 0.30714200
v 0.00261200 -0.16175700 0.30712800
v 0.00261000 -0.16169900 0.30713800
v 0.00206900 -0.16181700 0.30709900
v 0.00261300 -0.16180400 0.30709100
v 0.00260800 -0.16164200 0.30712100
v 0.00206500 -0.16166100 0.30712700
v 0.00098100 -0.16173300 0.30715200
v 0.00152200 -0.16167200 0.30713100
v 0.00097900 -0.16167200 0.30713200
v 0.00261300 -0.16180400 0.30709100
v 0.00323900 -0.16172900 0.30719600
v 0.00261200 -0.16175700 0.30712800
v 0.00344800 -0.16163700 0.30732700
v 0.00342800 -0.16157800 0.30733400
v 0.00402500 -0.16129700 0.30786800
v 0.00392800 -0.16131900 0.30772700
v 0.00424000 -0.16090200 0.30858700
v 0.00405900 -0.16135000 0.30787300
v 0.00425000 -0.16094900 0.30861000
v 0.00428900 -0.16098200 0.30862600
v 0.00417400 -0.16131600 0.30797700
v 0.00434200 -0.16099200 0.30863100
v 0.00383000 -0.16153800 0.30754400
v 0.00350800 -0.16150600 0.30735600
v 0.00297600 -0.16161400 0.30714900
v 0.00261000 -0.16169900 0.30713800
v 0.00285500 -0.16162700 0.30713100
v 0.00260800 -0.16164200 0.30712100
v 0.00273200 -0.16163500 0.30712200
v 0.00434200 -0.16099200 0.30863100
v 0.00434200 -0.16084700 0.30892900
v 0.00428900 -0.16098200 0.30862600
v 0.00434200 -0.16050300 0.30962000
v 0.00428900 -0.15995300 0.31067200
v 0.00434200 -0.16015900 0.31029800
v 0.00434200 -0.15996200 0.31067700
v 0.00425000 -0.15992000 0.31065500
v 0.00425000 -0.16094900 0.30861000
v 0.00423600 -0.16056600 0.30927200
v 0.00424000 -0.16090200 0.30858700
v 0.00424100 -0.15987300 0.31063200
v 0.00423600 -0.16022300 0.30995300
v 0.00434200 -0.15996200 0.31067700
v 0.00422400 -0.15968300 0.31122300
v 0.00428900 -0.15995300 0.31067200
v 0.00406800 -0.15957100 0.31142200
v 0.00403400 -0.15954700 0.31138700
v 0.00343100 -0.15928600 0.31193600
v 0.00376300 -0.15937400 0.31167800
v 0.00320100 -0.15922500 0.31202200
v 0.00260900 -0.15919900 0.31212700
v 0.00345200 -0.15930400 0.31198200
v 0.00261000 -0.15922400 0.31218500
v 0.00337100 -0.15927300 0.31207500
v 0.00261000 -0.15921500 0.31224700
v 0.00389000 -0.15944100 0.31171200
v 0.00402000 -0.15951800 0.31136100
v 0.00415400 -0.15964800 0.31108800
v 0.00425000 -0.15992000 0.31065500
v 0.00424100 -0.15987300 0.31063200
v 0.00075300 -0.15925400 0.31226200
v 0.00070700 -0.15926400 0.31221000
v 0.00261000 -0.15921500 0.31224700
v 0.00261000 -0.15922400 0.31218500
v 0.00131100 -0.15922900 0.31214200
v 0.00196000 -0.15921600 0.31213700
v 0.00066100 -0.15923700 0.31214500
v 0.00260900 -0.15919900 0.31212700
v 0.00065800 -0.15843000 0.31357100
v 0.00065400 -0.15868600 0.31308100
v 0.00066000 -0.15843600 0.31357700
v 0.00065400 -0.15895200 0.31260400
v 0.00066100 -0.15923700 0.31214500
v 0.00065800 -0.15923000 0.31213800
v 0.00065600 -0.15922300 0.31213100
v 0.00065400 -0.15921600 0.31212400
v 0.00065500 -0.15842300 0.31356400
v 0.00065400 -0.15841600 0.31355700
v 0.00070700 -0.15926400 0.31221000
v 0.00070700 -0.15846300 0.31364500
v 0.00075300 -0.15925400 0.31226200
v 0.00075100 -0.15845300 0.31369500
v 0.00075100 -0.15845300 0.31369500
v 0.00025300 -0.15845600 0.31369600
v 0.00070700 -0.15846300 0.31364500
v -0.00024500 -0.15845600 0.31369600
v -0.00069900 -0.15846300 0.31364300
v -0.00074400 -0.15845300 0.31369500
v -0.00065400 -0.15843600 0.31357700
v -0.00021600 -0.15843900 0.31357800
v 0.00022200 -0.15843900 0.31357800
v 0.00066000 -0.15843600 0.31357700
v -0.00065200 -0.15923200 0.31214000
v -0.00064800 -0.15895200 0.31260400
v -0.00065600 -0.15923900 0.31214700
v -0.00065400 -0.15843600 0.31357700
v -0.00069900 -0.15846300 0.31364300
v -0.00064900 -0.15922400 0.31213200
v -0.00064800 -0.15921600 0.31212400
v -0.00064800 -0.15868600 0.31308100
v -0.00065100 -0.15843000 0.31357100
v -0.00064900 -0.15842300 0.31356400
v -0.00064800 -0.15841600 0.31355700
v -0.00074400 -0.15845300 0.31369500
v -0.00074400 -0.15872300 0.31321900
v -0.00074400 -0.15899100 0.31274100
v -0.00069900 -0.15926400 0.31220900
v -0.00074500 -0.15925500 0.31226100
v -0.00260400 -0.15921600 0.31224400
v -0.00260300 -0.15922400 0.31220500
v -0.00074500 -0.15925500 0.31226100
v -0.00069900 -0.15926400 0.31220900
v -0.00260300 -0.15921900 0.31216600
v -0.00130500 -0.15923100 0.31214400
v -0.00195300 -0.15921800 0.31213900
v -0.00260200 -0.15920000 0.31212500
v -0.00065600 -0.15923900 0.31214700
v -0.00260400 -0.15921600 0.31224400
v -0.00328000 -0.15925800 0.31211200
v -0.00260300 -0.15922400 0.31220500
v -0.00343300 -0.15929600 0.31195600
v -0.00305100 -0.15920800 0.31206700
v -0.00353500 -0.15929500 0.31185100
v -0.00404100 -0.15955800 0.31140500
v -0.00402600 -0.15952600 0.31134100
v -0.00426400 -0.15993500 0.31066300
v -0.00423300 -0.15987300 0.31063200
v -0.00382200 -0.15941000 0.31177900
v -0.00412800 -0.15959000 0.31141000
v -0.00433200 -0.15996300 0.31067800
v -0.00260200 -0.15920000 0.31212500
v -0.00260300 -0.15921900 0.31216600
v -0.00433100 -0.16173200 0.30706500
v -0.00427300 -0.16169000 0.30710100
v -0.00433200 -0.15996300 0.31067800
v -0.00426400 -0.15993500 0.31066300
v -0.00424600 -0.16165200 0.30711100
v -0.00423000 -0.16047300 0.30946800
v -0.00423000 -0.16105000 0.30829200
v -0.00423000 -0.16160800 0.30710700
v -0.00423300 -0.15987300 0.31063200
v -0.00292700 -0.16165500 0.30712600
v -0.00423000 -0.16160800 0.30710700
v -0.00292700 -0.16166700 0.30713000
v -0.00424600 -0.16165200 0.30711100
v -0.00291500 -0.16171000 0.30713300
v -0.00427300 -0.16169000 0.30710100
v -0.00289100 -0.16175000 0.30712300
v -0.00383200 -0.16175600 0.30707400
v -0.00333300 -0.16177700 0.30708300
v -0.00292700 -0.16164300 0.30712100
v -0.00336100 -0.16161600 0.30710700
v -0.00379600 -0.16159800 0.30709900
v -0.00292700 -0.16163200 0.30711300
v -0.00422900 -0.16157800 0.30709100
v -0.00433100 -0.16173200 0.30706500
v -0.00283500 -0.16179500 0.30709000
v -0.00283300 -0.16002700 0.31070700
v -0.00288000 -0.16001300 0.31070100
v -0.00283500 -0.16179500 0.30709000
v -0.00289100 -0.16175000 0.30712300
v -0.00291500 -0.15998100 0.31068400
v -0.00291500 -0.16171000 0.30713300
v -0.00292700 -0.16053300 0.30949400
v -0.00292700 -0.16111000 0.30831700
v -0.00292700 -0.15993800 0.31066100
v -0.00292700 -0.16166700 0.30713000
v -0.00283300 -0.16002700 0.31070700
v -0.00282000 -0.15998700 0.31078400
v -0.00288000 -0.16001300 0.31070100
v -0.00285000 -0.15994400 0.31082300
v -0.00291500 -0.15998100 0.31068400
v -0.00287900 -0.15989200 0.31081600
v -0.00292700 -0.15993800 0.31066100
v -0.00288400 -0.15985200 0.31079200
v -0.00279300 -0.15979900 0.31087700
v -0.00276200 -0.15984300 0.31092000
v -0.00260300 -0.15981300 0.31095400
v -0.00260400 -0.15985800 0.31095600
v -0.00274600 -0.15990100 0.31091500
v -0.00260500 -0.15990000 0.31094100
v -0.00272000 -0.15994100 0.31088100
v -0.00260600 -0.15993100 0.31090900
v -0.00278200 -0.15996000 0.31083900
v -0.00260200 -0.15977500 0.31093300
v -0.00260600 -0.15993100 0.31090900
v -0.00074700 -0.15996800 0.31092600
v -0.00260500 -0.15990000 0.31094100
v -0.00068800 -0.15992200 0.31096000
v -0.00260400 -0.15985800 0.31095600
v -0.00066200 -0.15988300 0.31096800
v -0.00260300 -0.15981300 0.31095400
v -0.00064800 -0.15983700 0.31096100
v -0.00129900 -0.15980800 0.31094700
v -0.00064800 -0.15981600 0.31095000
v -0.00195100 -0.15979500 0.31094200
v -0.00260200 -0.15977500 0.31093300
v -0.00065200 -0.16086400 0.30848600
v -0.00064800 -0.16047300 0.30926800
v -0.00065300 -0.16101400 0.30863300
v -0.00064800 -0.16062800 0.30941300
v -0.00064800 -0.16008000 0.31005000
v -0.00064800 -0.16023700 0.31018900
v -0.00064800 -0.16023700 0.31018900
v -0.00064800 -0.16023700 0.31018900
v -0.00064800 -0.15967900 0.31082700
v -0.00064800 -0.15967900 0.31082700
v -0.00064800 -0.15968800 0.31083000
v -0.00064800 -0.15968800 0.31083000
v -0.00064800 -0.15969600 0.31083400
v -0.00064800 -0.15969600 0.31083400
v -0.00064800 -0.15970400 0.31083800
v -0.00064800 -0.15970400 0.31083800
v -0.00064800 -0.15981600 0.31095000
v -0.00064800 -0.15981600 0.31095000
v -0.00064800 -0.15983700 0.31096100
v 0.00098000 -0.16157700 0.30703100
v 0.00044600 -0.16154600 0.30711500
v 0.00097900 -0.16167200 0.30713200
v 0.00036800 -0.16163900 0.30724300
v -0.00016800 -0.16137800 0.30745700
v -0.00017500 -0.16148900 0.30757800
v -0.00047900 -0.16118700 0.30784200
v -0.00049300 -0.16129600 0.30800300
v -0.00065200 -0.16086400 0.30848600
v -0.00065300 -0.16101400 0.30863300
v 0.00097900 -0.16167200 0.30713200
v 0.00152200 -0.16167200 0.30713100
v 0.00152200 -0.16167200 0.30713100
v 0.00098000 -0.16157700 0.30703100
v 0.00152300 -0.16156700 0.30702600
v 0.00152300 -0.16156700 0.30702600
v 0.00152300 -0.16156700 0.30702600
v 0.00206500 -0.16166100 0.30712700
v 0.00206500 -0.16166100 0.30712700
v 0.00206600 -0.16155500 0.30702100
v 0.00206600 -0.16155500 0.30702100
v 0.00260800 -0.16164200 0.30712100
v 0.00260800 -0.16164200 0.30712100
v 0.00260900 -0.16154100 0.30701800
v 0.00423600 -0.16076200 0.30844600
v 0.00409600 -0.16105700 0.30785800
v 0.00424000 -0.16090200 0.30858700
v 0.00392800 -0.16131900 0.30772700
v 0.00383100 -0.16125200 0.30749200
v 0.00350800 -0.16150600 0.30735600
v 0.00347400 -0.16140300 0.30722700
v 0.00297600 -0.16161400 0.30714900
v 0.00297600 -0.16151300 0.30704900
v 0.00285500 -0.16162700 0.30713100
v 0.00273200 -0.16163500 0.30712200
v 0.00260900 -0.16154100 0.30701800
v 0.00260800 -0.16164200 0.30712100
v 0.00423600 -0.16076200 0.30844600
v 0.00424000 -0.16090200 0.30858700
v 0.00423600 -0.16042500 0.30913100
v 0.00423600 -0.16056600 0.30927200
v 0.00423600 -0.16008200 0.30981300
v 0.00423600 -0.16022300 0.30995300
v 0.00423800 -0.15973500 0.31049200
v 0.00424100 -0.15987300 0.31063200
v 0.00424100 -0.15987300 0.31063200
v 0.00415400 -0.15964800 0.31108800
v 0.00423800 -0.15973500 0.31049200
v 0.00404000 -0.15937300 0.31117600
v 0.00402000 -0.15951800 0.31136100
v 0.00375800 -0.15920300 0.31151200
v 0.00376300 -0.15937400 0.31167800
v 0.00320100 -0.15922500 0.31202200
v 0.00260900 -0.15919900 0.31212700
v 0.00260900 -0.15900700 0.31193900
v 0.00321000 -0.15904700 0.31183500
v 0.00065400 -0.15921600 0.31212400
v 0.00065500 -0.15906900 0.31197800
v 0.00065600 -0.15922300 0.31213100
v 0.00130100 -0.15904000 0.31195300
v 0.00130100 -0.15904000 0.31195300
v 0.00065800 -0.15923000 0.31213800
v 0.00066100 -0.15923700 0.31214500
v 0.00066100 -0.15923700 0.31214500
v 0.00131100 -0.15922900 0.31214200
v 0.00195500 -0.15902700 0.31194700
v 0.00195500 -0.15902700 0.31194700
v 0.00196000 -0.15921600 0.31213700
v 0.00196000 -0.15921600 0.31213700
v 0.00260900 -0.15900700 0.31193900
v 0.00260900 -0.15900700 0.31193900
v 0.00260900 -0.15919900 0.31212700
v 0.00065300 -0.15906200 0.31197000
v 0.00065100 -0.15905500 0.31196300
v 0.00064800 -0.15904800 0.31195600
v 0.00065500 -0.15906900 0.31197800
v 0.00065400 -0.15921600 0.31212400
v 0.00065500 -0.15880600 0.31245800
v 0.00065500 -0.15880600 0.31245800
v 0.00065400 -0.15895200 0.31260400
v 0.00065400 -0.15895200 0.31260400
v 0.00065500 -0.15854000 0.31293600
v 0.00065500 -0.15854000 0.31293600
v 0.00065400 -0.15868600 0.31308100
v 0.00065400 -0.15868600 0.31308100
v 0.00065500 -0.15827100 0.31341200
v 0.00065500 -0.15827100 0.31341200
v 0.00065400 -0.15841600 0.31355700
v -0.00064400 -0.15825600 0.31339700
v -0.00064100 -0.15824900 0.31339000
v -0.00064100 -0.15824900 0.31339000
v -0.00021600 -0.15843900 0.31357800
v -0.00021600 -0.15843900 0.31357800
v -0.00021600 -0.15843900 0.31357800
v -0.00021100 -0.15825100 0.31339100
v -0.00021100 -0.15825100 0.31339100
v 0.00022200 -0.15843900 0.31357800
v 0.00022200 -0.15843900 0.31357800
v 0.00022200 -0.15843900 0.31357800
v 0.00022200 -0.15843900 0.31357800
v 0.00021800 -0.15825100 0.31339100
v 0.00064700 -0.15824900 0.31339000
v 0.00064700 -0.15824900 0.31339000
v 0.00065100 -0.15825600 0.31339700
v 0.00065300 -0.15826300 0.31340400
v 0.00065300 -0.15826300 0.31340400
v 0.00065400 -0.15841600 0.31355700
v 0.00065400 -0.15841600 0.31355700
v 0.00065400 -0.15841600 0.31355700
v 0.00065500 -0.15842300 0.31356400
v 0.00065500 -0.15842300 0.31356400
v 0.00065800 -0.15843000 0.31357100
v 0.00065800 -0.15843000 0.31357100
v 0.00065500 -0.15827100 0.31341200
v 0.00066000 -0.15843600 0.31357700
v -0.00065400 -0.15843600 0.31357700
v -0.00065100 -0.15843000 0.31357100
v -0.00064900 -0.15842300 0.31356400
v -0.00064800 -0.15841600 0.31355700
v -0.00064800 -0.15841600 0.31355700
v -0.00064800 -0.15827100 0.31341200
v -0.00064700 -0.15826300 0.31340400
v -0.00064800 -0.15841600 0.31355700
v -0.00064800 -0.15868600 0.31308100
v -0.00064800 -0.15827100 0.31341200
v -0.00064800 -0.15854000 0.31293600
v -0.00064800 -0.15854000 0.31293600
v -0.00064800 -0.15895200 0.31260400
v -0.00064800 -0.15880700 0.31245800
v -0.00064800 -0.15921600 0.31212400
v -0.00064800 -0.15907000 0.31197800
v -0.00260300 -0.15901000 0.31193900
v -0.00194800 -0.15902500 0.31194500
v -0.00194800 -0.15902500 0.31194500
v -0.00260200 -0.15920000 0.31212500
v -0.00195300 -0.15921800 0.31213900
v -0.00130500 -0.15923100 0.31214400
v -0.00130500 -0.15923100 0.31214400
v -0.00129400 -0.15903800 0.31195100
v -0.00129400 -0.15903800 0.31195100
v -0.00129400 -0.15903800 0.31195100
v -0.00065600 -0.15923900 0.31214700
v -0.00065600 -0.15923900 0.31214700
v -0.00064800 -0.15907000 0.31197800
v -0.00064900 -0.15922400 0.31213200
v -0.00064800 -0.15921600 0.31212400
v -0.00064000 -0.15904600 0.31195400
v -0.00064400 -0.15905400 0.31196200
v -0.00064700 -0.15906100 0.31196900
v -0.00065200 -0.15923200 0.31214000
v -0.00260200 -0.15920000 0.31212500
v -0.00305100 -0.15920800 0.31206700
v -0.00260300 -0.15901000 0.31193900
v -0.00312500 -0.15903400 0.31185800
v -0.00353500 -0.15929500 0.31185100
v -0.00361100 -0.15914500 0.31162100
v -0.00396000 -0.15931500 0.31128100
v -0.00402600 -0.15952600 0.31134100
v -0.00413200 -0.15947200 0.31097900
v -0.00423300 -0.15987300 0.31063200
v -0.00422900 -0.15973500 0.31049300
v -0.00423000 -0.16160800 0.30710700
v -0.00423000 -0.16160800 0.30710700
v -0.00422900 -0.16157800 0.30709100
v -0.00422900 -0.16157800 0.30709100
v -0.00423000 -0.16089500 0.30815700
v -0.00423000 -0.16089500 0.30815700
v -0.00423000 -0.16089500 0.30815700
v -0.00423000 -0.16148000 0.30699200
v -0.00423000 -0.16148000 0.30699200
v -0.00423000 -0.16148000 0.30699200
v -0.00423000 -0.16144900 0.30697700
v -0.00423000 -0.16144900 0.30697700
v -0.00423000 -0.16144900 0.30697700
v -0.00423000 -0.16147000 0.30698600
v -0.00423000 -0.16147000 0.30698600
v -0.00423000 -0.16146000 0.30698100
v -0.00423000 -0.16105000 0.30829200
v -0.00423000 -0.16032200 0.30932800
v -0.00423000 -0.16032200 0.30932800
v -0.00423000 -0.16047300 0.30946800
v -0.00423000 -0.16047300 0.30946800
v -0.00422900 -0.15973500 0.31049300
v -0.00422900 -0.15973500 0.31049300
v -0.00423300 -0.15987300 0.31063200
v -0.00423000 -0.16148000 0.30699200
v -0.00422900 -0.16157800 0.30709100
v -0.00422900 -0.16157800 0.30709100
v -0.00379600 -0.16150000 0.30700000
v -0.00379600 -0.16150000 0.30700000
v -0.00379600 -0.16159800 0.30709900
v -0.00336100 -0.16151800 0.30700700
v -0.00336100 -0.16151800 0.30700700
v -0.00336100 -0.16161600 0.30710700
v -0.00292700 -0.16153400 0.30701400
v -0.00292700 -0.16153400 0.30701400
v -0.00292700 -0.16163200 0.30711300
v -0.00292700 -0.15993800 0.31066100
v -0.00292700 -0.15978200 0.31050600
v -0.00292700 -0.15978200 0.31050600
v -0.00292700 -0.16053300 0.30949400
v -0.00292700 -0.16053300 0.30949400
v -0.00292700 -0.16037100 0.30934500
v -0.00292700 -0.16037100 0.30934500
v -0.00292700 -0.16111000 0.30831700
v -0.00292700 -0.16111000 0.30831700
v -0.00292700 -0.16094300 0.30817500
v -0.00292700 -0.16094300 0.30817500
v -0.00292700 -0.16094300 0.30817500
v -0.00292700 -0.16166700 0.30713000
v -0.00292700 -0.16166700 0.30713000
v -0.00292700 -0.16165500 0.30712600
v -0.00292700 -0.16164300 0.30712100
v -0.00292700 -0.16163200 0.30711300
v -0.00292700 -0.16163200 0.30711300
v -0.00292700 -0.16153400 0.30701400
v -0.00292700 -0.16153400 0.30701400
v -0.00292700 -0.16153400 0.30701400
v -0.00292700 -0.16149600 0.30699700
v -0.00292700 -0.16149600 0.30699700
v -0.00292700 -0.16152200 0.30700600
v -0.00292700 -0.16152200 0.30700600
v -0.00292700 -0.16150900 0.30700100
v -0.00292700 -0.15978200 0.31050600
v -0.00292700 -0.15993800 0.31066100
v -0.00290000 -0.15973100 0.31063200
v -0.00288400 -0.15985200 0.31079200
v -0.00283200 -0.15969300 0.31072600
v -0.00279300 -0.15979900 0.31087700
v -0.00274400 -0.15967200 0.31078800
v -0.00260200 -0.15977500 0.31093300
v -0.00260100 -0.15966600 0.31082500
v -0.00260100 -0.15966600 0.31082500
v -0.00260200 -0.15977500 0.31093300
v -0.00195000 -0.15968300 0.31083000
v -0.00195000 -0.15968300 0.31083000
v -0.00195000 -0.15968300 0.31083000
v -0.00195100 -0.15979500 0.31094200
v -0.00195100 -0.15979500 0.31094200
v -0.00195100 -0.15979500 0.31094200
v -0.00129900 -0.15969600 0.31083500
v -0.00129900 -0.15969600 0.31083500
v -0.00129900 -0.15980800 0.31094700
v -0.00129900 -0.15980800 0.31094700
v -0.00064800 -0.15970400 0.31083800
v -0.00064800 -0.15981600 0.31095000
v -0.00065200 -0.16086400 0.30848600
v -0.00063200 -0.16082000 0.30846400
v -0.00064800 -0.16047300 0.30926800
v -0.00063400 -0.15963700 0.31082100
v -0.00064800 -0.16008000 0.31005000
v -0.00064800 -0.15967900 0.31082700
v -0.00059800 -0.16078800 0.30844900
v -0.00060900 -0.15959900 0.31082900
v -0.00054900 -0.15955000 0.31086700
v -0.00055200 -0.16077100 0.30844100
v 0.00260900 -0.16154100 0.30701800
v 0.00260600 -0.16148500 0.30699700
v 0.00206600 -0.16155500 0.30702100
v 0.00097900 -0.16152000 0.30701100
v 0.00152300 -0.16156700 0.30702600
v 0.00098000 -0.16157700 0.30703100
v 0.00097900 -0.16146100 0.30702300
v 0.00260400 -0.16142500 0.30701000
v 0.00097800 -0.16141500 0.30706300
v 0.00152000 -0.16140700 0.30705900
v 0.00206200 -0.16139500 0.30705500
v 0.00260300 -0.16138000 0.30705000
v 0.00423600 -0.16076200 0.30844600
v 0.00422300 -0.16071600 0.30842400
v 0.00409600 -0.16105700 0.30785800
v 0.00400700 -0.16108900 0.30770700
v 0.00383100 -0.16125200 0.30749200
v 0.00341500 -0.16136500 0.30718200
v 0.00347400 -0.16140300 0.30722700
v 0.00297600 -0.16151300 0.30704900
v 0.00260600 -0.16148500 0.30699700
v 0.00260900 -0.16154100 0.30701800
v 0.00397300 -0.16103800 0.30770300
v 0.00418600 -0.16068200 0.30840800
v 0.00401600 -0.16092700 0.30787900
v 0.00413300 -0.16067100 0.30840200
v 0.00368200 -0.16115200 0.30744000
v 0.00339400 -0.16130700 0.30719100
v 0.00260400 -0.16142500 0.30701000
v 0.00318700 -0.16131000 0.30715000
v 0.00260300 -0.16138000 0.30705000
v 0.00423800 -0.15973500 0.31049200
v 0.00422700 -0.15969900 0.31047300
v 0.00423600 -0.16008200 0.30981300
v 0.00423600 -0.16042500 0.30913100
v 0.00422300 -0.16071600 0.30842400
v 0.00423600 -0.16076200 0.30844600
v 0.00420400 -0.15967100 0.31045800
v 0.00417100 -0.15965100 0.31044800
v 0.00418600 -0.16068200 0.30840800
v 0.00413100 -0.16033700 0.30908700
v 0.00413300 -0.16067100 0.30840200
v 0.00413100 -0.15964600 0.31044600
v 0.00413100 -0.15999600 0.30976800
v 0.00260900 -0.15900700 0.31193900
v 0.00260700 -0.15898700 0.31190400
v 0.00321000 -0.15904700 0.31183500
v 0.00341200 -0.15906700 0.31171600
v 0.00375800 -0.15920300 0.31151200
v 0.00400000 -0.15932000 0.31118300
v 0.00404000 -0.15937300 0.31117600
v 0.00422700 -0.15969900 0.31047300
v 0.00423800 -0.15973500 0.31049200
v 0.00338700 -0.15905200 0.31166300
v 0.00260600 -0.15898100 0.31186200
v 0.00309500 -0.15901700 0.31173500
v 0.00260600 -0.15899100 0.31182200
v 0.00331600 -0.15905700 0.31163900
v 0.00372300 -0.15919400 0.31134300
v 0.00395800 -0.15929800 0.31114600
v 0.00400700 -0.15938600 0.31095300
v 0.00417100 -0.15965100 0.31044800
v 0.00413100 -0.15964600 0.31044600
v 0.00420400 -0.15967100 0.31045800
v 0.00064800 -0.15904800 0.31195600
v 0.00062500 -0.15902600 0.31192200
v 0.00130100 -0.15904000 0.31195300
v 0.00260700 -0.15898700 0.31190400
v 0.00195500 -0.15902700 0.31194700
v 0.00260900 -0.15900700 0.31193900
v 0.00059700 -0.15901900 0.31188900
v 0.00057400 -0.15902200 0.31186200
v 0.00124000 -0.15902300 0.31183400
v 0.00056400 -0.15902600 0.31185100
v 0.00055500 -0.15903100 0.31183700
v 0.00260600 -0.15898100 0.31186200
v 0.00192300 -0.15901000 0.31182900
v 0.00260600 -0.15899100 0.31182200
v 0.00055400 -0.15823200 0.31327000
v 0.00055400 -0.15850100 0.31279400
v 0.00060000 -0.15822400 0.31332200
v 0.00055400 -0.15876700 0.31231700
v 0.00059700 -0.15901900 0.31188900
v 0.00057400 -0.15902200 0.31186200
v 0.00056400 -0.15902600 0.31185100
v 0.00055500 -0.15903100 0.31183700
v 0.00062500 -0.15902600 0.31192200
v 0.00064700 -0.15824900 0.31339000
v 0.00064800 -0.15904800 0.31195600
v 0.00065500 -0.15854000 0.31293600
v 0.00065500 -0.15880600 0.31245800
v 0.00065100 -0.15905500 0.31196300
v 0.00065300 -0.15906200 0.31197000
v 0.00065500 -0.15906900 0.31197800
v 0.00065500 -0.15827100 0.31341200
v 0.00065300 -0.15826300 0.31340400
v 0.00065100 -0.15825600 0.31339700
v -0.00064100 -0.15824900 0.31339000
v -0.00059400 -0.15822400 0.31332300
v -0.00021100 -0.15825100 0.31339100
v 0.00021800 -0.15825100 0.31339100
v 0.00060000 -0.15822400 0.31332200
v 0.00064700 -0.15824900 0.31339000
v -0.00054700 -0.15823200 0.31327000
v -0.00018000 -0.15823300 0.31327100
v 0.00018700 -0.15823300 0.31327100
v 0.00055400 -0.15823200 0.31327000
v -0.00054700 -0.15903000 0.31183700
v -0.00054700 -0.15876700 0.31231700
v -0.00059800 -0.15902100 0.31189300
v -0.00059400 -0.15822400 0.31332300
v -0.00064100 -0.15824900 0.31339000
v -0.00054700 -0.15850100 0.31279400
v -0.00054700 -0.15823200 0.31327000
v -0.00064000 -0.15904600 0.31195400
v -0.00064400 -0.15825600 0.31339700
v -0.00064700 -0.15826300 0.31340400
v -0.00064800 -0.15827100 0.31341200
v -0.00064800 -0.15854000 0.31293600
v -0.00064800 -0.15880700 0.31245800
v -0.00064400 -0.15905400 0.31196200
v -0.00064700 -0.15906100 0.31196900
v -0.00064800 -0.15907000 0.31197800
v -0.00260300 -0.15901000 0.31193900
v -0.00260000 -0.15898700 0.31190400
v -0.00194800 -0.15902500 0.31194500
v -0.00129400 -0.15903800 0.31195100
v -0.00059800 -0.15902100 0.31189300
v -0.00064000 -0.15904600 0.31195400
v -0.00260000 -0.15898100 0.31186200
v -0.00191600 -0.15901000 0.31182900
v -0.00123200 -0.15902300 0.31183500
v -0.00259900 -0.15899100 0.31182100
v -0.00054700 -0.15903000 0.31183700
v -0.00422900 -0.15973500 0.31049300
v -0.00421200 -0.15969000 0.31046800
v -0.00413200 -0.15947200 0.31097900
v -0.00399400 -0.15932100 0.31118400
v -0.00396000 -0.15931500 0.31128100
v -0.00361100 -0.15914500 0.31162100
v -0.00340500 -0.15906700 0.31171600
v -0.00312500 -0.15903400 0.31185800
v -0.00260000 -0.15898700 0.31190400
v -0.00260300 -0.15901000 0.31193900
v -0.00417400 -0.15965900 0.31045200
v -0.00395200 -0.15929800 0.31114600
v -0.00338100 -0.15905200 0.31166300
v -0.00260000 -0.15898100 0.31186200
v -0.00309000 -0.15901700 0.31173400
v -0.00259900 -0.15899100 0.31182100
v -0.00412400 -0.15964700 0.31044600
v -0.00400900 -0.15939400 0.31093600
v -0.00389500 -0.15929700 0.31113200
v -0.00354300 -0.15912400 0.31149300
v -0.00423000 -0.16144900 0.30697700
v -0.00421500 -0.16140700 0.30697200
v -0.00423000 -0.16089500 0.30815700
v -0.00418800 -0.16136800 0.30698200
v -0.00421200 -0.15969000 0.31046800
v -0.00412400 -0.16078100 0.30817400
v -0.00417400 -0.15965900 0.31045200
v -0.00412400 -0.16022400 0.30931500
v -0.00412400 -0.15964700 0.31044600
v -0.00412400 -0.16132000 0.30702400
v -0.00422900 -0.15973500 0.31049300
v -0.00423000 -0.16032200 0.30932800
v -0.00302400 -0.16136700 0.30704100
v -0.00412400 -0.16132000 0.30702400
v -0.00296800 -0.16141100 0.30700600
v -0.00418800 -0.16136800 0.30698200
v -0.00294200 -0.16145000 0.30699400
v -0.00421500 -0.16140700 0.30697200
v -0.00292700 -0.16149600 0.30699700
v -0.00423000 -0.16144900 0.30697700
v -0.00292700 -0.16150900 0.30700100
v -0.00423000 -0.16146000 0.30698100
v -0.00379600 -0.16150000 0.30700000
v -0.00423000 -0.16147000 0.30698600
v -0.00423000 -0.16148000 0.30699200
v -0.00336100 -0.16151800 0.30700700
v -0.00292700 -0.16152200 0.30700600
v -0.00292700 -0.16153400 0.30701400
v -0.00292700 -0.15978200 0.31050600
v -0.00293600 -0.15974700 0.31048800
v -0.00292700 -0.16037100 0.30934500
v -0.00296000 -0.15971800 0.31047300
v -0.00294200 -0.16145000 0.30699400
v -0.00296800 -0.16141100 0.30700600
v -0.00302300 -0.16082900 0.30819000
v -0.00302400 -0.16136700 0.30704100
v -0.00302300 -0.16027200 0.30933000
v -0.00299600 -0.15970000 0.31046300
v -0.00302200 -0.15969600 0.31046100
v -0.00292700 -0.16149600 0.30699700
v -0.00292700 -0.16094300 0.30817500
v -0.00260100 -0.15966600 0.31082500
v -0.00260000 -0.15962700 0.31080400
v -0.00274400 -0.15967200 0.31078800
v -0.00259800 -0.15958200 0.31080200
v -0.00276600 -0.15962800 0.31075500
v -0.00259700 -0.15954000 0.31081800
v -0.00278300 -0.15957000 0.31076100
v -0.00280700 -0.15953300 0.31079400
v -0.00295500 -0.15959500 0.31066300
v -0.00259700 -0.15951000 0.31085100
v -0.00302300 -0.15969000 0.31047500
v -0.00299600 -0.15970000 0.31046300
v -0.00291800 -0.15962900 0.31063700
v -0.00288800 -0.15968100 0.31064300
v -0.00283200 -0.15969300 0.31072600
v -0.00302200 -0.15969600 0.31046100
v -0.00296000 -0.15971800 0.31047300
v -0.00293600 -0.15974700 0.31048800
v -0.00292700 -0.15978200 0.31050600
v -0.00290000 -0.15973100 0.31063200
v -0.00063400 -0.15963700 0.31082100
v -0.00260000 -0.15962700 0.31080400
v -0.00064800 -0.15967900 0.31082700
v -0.00195000 -0.15968300 0.31083000
v -0.00129900 -0.15969600 0.31083500
v -0.00259800 -0.15958200 0.31080200
v -0.00060900 -0.15959900 0.31082900
v -0.00259700 -0.15954000 0.31081800
v -0.00191400 -0.15952800 0.31086100
v -0.00259700 -0.15951000 0.31085100
v -0.00054900 -0.15955000 0.31086700
v -0.00123200 -0.15954100 0.31086600
v -0.00260100 -0.15966600 0.31082500
v -0.00064800 -0.15970400 0.31083800
v -0.00064800 -0.15969600 0.31083400
v -0.00064800 -0.15968800 0.31083000
v -0.00302300 -0.15969000 0.31047500
v -0.00389500 -0.15929700 0.31113200
v -0.00412400 -0.15964700 0.31044600
v -0.00400900 -0.15939400 0.31093600
v -0.00302300 -0.16027200 0.30933000
v -0.00302200 -0.15969600 0.31046100
v 0.00289000 -0.16090300 0.30821200
v 0.00269700 -0.16093700 0.30814800
v 0.00287200 -0.16088500 0.30815200
v 0.00269500 -0.16091200 0.30810300
v 0.00269500 -0.16091700 0.30803400
v 0.00295900 -0.16086800 0.30811600
v 0.00305700 -0.16081500 0.30821600
v 0.00300400 -0.16082200 0.30827000
v 0.00310300 -0.16076700 0.30831200
v 0.00304800 -0.16075100 0.30843400
v 0.00311800 -0.16071600 0.30841700
v 0.00302300 -0.16080600 0.30846000
v 0.00298300 -0.16086000 0.30831600
v 0.00302300 -0.16080600 0.30846000
v 0.00304800 -0.16075100 0.30843400
v 0.00302200 -0.16047100 0.30914500
v 0.00303500 -0.15974200 0.31048600
v 0.00302200 -0.16012900 0.30982700
v 0.00302300 -0.15978000 0.31050600
v 0.00311800 -0.16071600 0.30841700
v 0.00311000 -0.16052600 0.30880900
v 0.00306500 -0.15971200 0.31047000
v 0.00310700 -0.16026000 0.30934900
v 0.00310600 -0.16008900 0.30968800
v 0.00310500 -0.15969400 0.31046100
v 0.00302300 -0.15978000 0.31050600
v 0.00303500 -0.15974200 0.31048600
v 0.00298700 -0.15972400 0.31064600
v 0.00298100 -0.15968500 0.31064600
v 0.00292800 -0.15969200 0.31072600
v 0.00285900 -0.15963100 0.31075900
v 0.00282300 -0.15966800 0.31079700
v 0.00269800 -0.15966700 0.31082500
v 0.00269500 -0.15963800 0.31081100
v 0.00287400 -0.15957700 0.31076100
v 0.00269300 -0.15958400 0.31080500
v 0.00289700 -0.15953400 0.31078500
v 0.00269200 -0.15955700 0.31081100
v 0.00269200 -0.15951200 0.31084300
v 0.00300700 -0.15963600 0.31063700
v 0.00306500 -0.15971200 0.31047000
v 0.00304700 -0.15960000 0.31064600
v 0.00310500 -0.15969400 0.31046100
v 0.00064200 -0.15955100 0.31086200
v 0.00065800 -0.15955500 0.31085800
v 0.00269200 -0.15951200 0.31084300
v 0.00067200 -0.15956300 0.31085000
v 0.00070500 -0.15959200 0.31083100
v 0.00269200 -0.15955700 0.31081100
v 0.00073200 -0.15963500 0.31082100
v 0.00269300 -0.15958400 0.31080500
v 0.00269500 -0.15963800 0.31081100
v 0.00074300 -0.15968200 0.31082800
v 0.00204600 -0.15968500 0.31083300
v 0.00139500 -0.15969800 0.31083900
v 0.00074300 -0.15970700 0.31084200
v 0.00269800 -0.15966700 0.31082500
v 0.00074300 -0.15968200 0.31082800
v 0.00073200 -0.15963500 0.31082100
v 0.00074300 -0.16008300 0.31005100
v 0.00073500 -0.16082700 0.30846800
v 0.00074300 -0.16047600 0.30927000
v 0.00074200 -0.16086100 0.30848400
v 0.00070500 -0.15959200 0.31083100
v 0.00071200 -0.16079800 0.30845400
v 0.00067200 -0.15956300 0.31085000
v 0.00068000 -0.16077800 0.30844400
v 0.00064200 -0.16037400 0.30925300
v 0.00064200 -0.16077100 0.30844100
v 0.00064200 -0.15996700 0.31006000
v 0.00065800 -0.15955500 0.31085800
v 0.00064200 -0.15955100 0.31086200
v 0.00074200 -0.16086100 0.30848400
v 0.00073500 -0.16082700 0.30846800
v 0.00076000 -0.16089600 0.30838400
v 0.00071200 -0.16079800 0.30845400
v 0.00076000 -0.16087400 0.30829300
v 0.00068000 -0.16077800 0.30844400
v 0.00067700 -0.16084500 0.30828600
v 0.00064200 -0.16077100 0.30844100
v 0.00078200 -0.16090800 0.30815100
v 0.00089100 -0.16093000 0.30817200
v 0.00086500 -0.16095300 0.30823700
v 0.00098200 -0.16097100 0.30817600
v 0.00106800 -0.16094500 0.30809900
v 0.00106800 -0.16097200 0.30816400
v 0.00092300 -0.16094400 0.30807300
v 0.00106800 -0.16095300 0.30804900
v 0.00106800 -0.16097200 0.30816400
v 0.00106800 -0.16094500 0.30809900
v 0.00161100 -0.16096200 0.30815700
v 0.00269500 -0.16091200 0.30810300
v 0.00215400 -0.16095000 0.30815200
v 0.00269700 -0.16093700 0.30814800
v 0.00106800 -0.16095300 0.30804900
v 0.00161000 -0.16094400 0.30804600
v 0.00215200 -0.16093200 0.30804100
v 0.00269500 -0.16091700 0.30803400
v 0.00098000 -0.16157700 0.30703100
v 0.00097900 -0.16152000 0.30701100
v 0.00044600 -0.16154600 0.30711500
v 0.00017000 -0.16143600 0.30721000
v -0.00016800 -0.16137800 0.30745700
v -0.00042300 -0.16118600 0.30774500
v -0.00047900 -0.16118700 0.30784200
v -0.00065200 -0.16086400 0.30848600
v -0.00063200 -0.16082000 0.30846400
v -0.00039200 -0.16113400 0.30774000
v -0.00059800 -0.16078800 0.30844900
v -0.00034500 -0.16110000 0.30775400
v -0.00055200 -0.16077100 0.30844100
v 0.00018800 -0.16137800 0.30721700
v 0.00097900 -0.16146100 0.30702300
v 0.00021500 -0.16133500 0.30725100
v 0.00097800 -0.16141500 0.30706300
v 0.00302400 -0.16096200 0.30861600
v 0.00298300 -0.16103900 0.30849200
v 0.00302300 -0.16080600 0.30846000
v 0.00298300 -0.16086000 0.30831600
v 0.00288300 -0.16109900 0.30839800
v 0.00289000 -0.16090300 0.30821200
v 0.00269700 -0.16093700 0.30814800
v 0.00269700 -0.16113700 0.30834800
v 0.00302400 -0.15993500 0.31066000
v 0.00302300 -0.16028400 0.30998200
v 0.00302300 -0.15978000 0.31050600
v 0.00302200 -0.16012900 0.30982700
v 0.00302300 -0.16062600 0.30930000
v 0.00302300 -0.16062600 0.30930000
v 0.00302200 -0.16047100 0.30914500
v 0.00302200 -0.16047100 0.30914500
v 0.00302400 -0.16096200 0.30861600
v 0.00302300 -0.16080600 0.30846000
v 0.00269800 -0.15966700 0.31082500
v 0.00269700 -0.15977000 0.31093000
v 0.00282300 -0.15966800 0.31079700
v 0.00289400 -0.15980000 0.31087500
v 0.00292800 -0.15969200 0.31072600
v 0.00298300 -0.15985400 0.31078900
v 0.00298700 -0.15972400 0.31064600
v 0.00302400 -0.15993500 0.31066000
v 0.00302300 -0.15978000 0.31050600
v 0.00074300 -0.15981100 0.31094700
v 0.00139400 -0.15980200 0.31094400
v 0.00139400 -0.15980200 0.31094400
v 0.00074300 -0.15970700 0.31084200
v 0.00139500 -0.15969800 0.31083900
v 0.00204600 -0.15978800 0.31093800
v 0.00204600 -0.15968500 0.31083300
v 0.00204600 -0.15968500 0.31083300
v 0.00269700 -0.15977000 0.31093000
v 0.00269800 -0.15966700 0.31082500
v 0.00074300 -0.15982000 0.31095300
v 0.00074300 -0.15982000 0.31095300
v 0.00074300 -0.15981100 0.31094700
v 0.00074300 -0.15981100 0.31094700
v 0.00074300 -0.16024000 0.31019100
v 0.00074300 -0.16024000 0.31019100
v 0.00074300 -0.16024000 0.31019100
v 0.00074300 -0.15970700 0.31084200
v 0.00074300 -0.15970700 0.31084200
v 0.00074300 -0.15968200 0.31082800
v 0.00074300 -0.15968200 0.31082800
v 0.00074300 -0.16008300 0.31005100
v 0.00074300 -0.16063100 0.30941500
v 0.00074300 -0.16047600 0.30927000
v 0.00074200 -0.16101000 0.30863300
v 0.00074200 -0.16086100 0.30848400
v 0.00074300 -0.15984100 0.31096200
v 0.00074300 -0.15983000 0.31095800
v 0.00074300 -0.15983000 0.31095800
v 0.00106800 -0.16097200 0.30816400
v 0.00106800 -0.16117300 0.30836300
v 0.00098200 -0.16097100 0.30817600
v 0.00087700 -0.16113700 0.30841200
v 0.00086500 -0.16095300 0.30823700
v 0.00083900 -0.16112200 0.30843700
v 0.00078100 -0.16108200 0.30850400
v 0.00076000 -0.16089600 0.30838400
v 0.00076100 -0.16106000 0.30854400
v 0.00074200 -0.16101000 0.30863300
v 0.00074200 -0.16086100 0.30848400
v 0.00269700 -0.16093700 0.30814800
v 0.00269700 -0.16113700 0.30834800
v 0.00215400 -0.16095000 0.30815200
v 0.00215400 -0.16095000 0.30815200
v 0.00215400 -0.16115400 0.30835600
v 0.00215400 -0.16115400 0.30835600
v 0.00215400 -0.16115400 0.30835600
v 0.00161100 -0.16096200 0.30815700
v 0.00161100 -0.16116600 0.30836100
v 0.00161100 -0.16116600 0.30836100
v 0.00106800 -0.16117300 0.30836300
v 0.00106800 -0.16097200 0.30816400
v 0.00299300 -0.16102100 0.30864300
v 0.00293000 -0.16105100 0.30865900
v 0.00295100 -0.16108500 0.30851500
v 0.00289700 -0.16110200 0.30855700
v 0.00284400 -0.16113600 0.30842000
v 0.00281300 -0.16114100 0.30848300
v 0.00269800 -0.16115900 0.30838800
v 0.00269900 -0.16115800 0.30845600
v 0.00269700 -0.16113700 0.30834800
v 0.00288300 -0.16109900 0.30839800
v 0.00298300 -0.16103900 0.30849200
v 0.00302400 -0.16096200 0.30861600
v 0.00292800 -0.16002400 0.31070600
v 0.00293000 -0.16105100 0.30865900
v 0.00297300 -0.16000800 0.31069800
v 0.00299300 -0.16102100 0.30864300
v 0.00300700 -0.15997600 0.31068100
v 0.00302300 -0.16062600 0.30930000
v 0.00302300 -0.16028400 0.30998200
v 0.00302400 -0.16096200 0.30861600
v 0.00302400 -0.15993500 0.31066000
v 0.00270000 -0.15988100 0.31094200
v 0.00270200 -0.15992800 0.31090800
v 0.00283900 -0.15989800 0.31090700
v 0.00281400 -0.15993800 0.31087900
v 0.00289800 -0.15997300 0.31080600
v 0.00292800 -0.16002400 0.31070600
v 0.00297300 -0.16000800 0.31069800
v 0.00294300 -0.15994000 0.31081700
v 0.00297200 -0.15988800 0.31081100
v 0.00285500 -0.15984000 0.31091300
v 0.00289400 -0.15980000 0.31087500
v 0.00269700 -0.15977000 0.31093000
v 0.00300700 -0.15997600 0.31068100
v 0.00302400 -0.15993500 0.31066000
v 0.00298300 -0.15985400 0.31078900
v 0.00269800 -0.15982400 0.31095100
v 0.00270200 -0.15992800 0.31090800
v 0.00270000 -0.15988100 0.31094200
v 0.00083900 -0.15996600 0.31092700
v 0.00077900 -0.15991700 0.31096100
v 0.00075600 -0.15988100 0.31096800
v 0.00269800 -0.15982400 0.31095100
v 0.00074300 -0.15984100 0.31096200
v 0.00204600 -0.15978800 0.31093800
v 0.00074300 -0.15983000 0.31095800
v 0.00139400 -0.15980200 0.31094400
v 0.00074300 -0.15982000 0.31095300
v 0.00074300 -0.15981100 0.31094700
v 0.00269700 -0.15977000 0.31093000
v 0.00084400 -0.16110000 0.30867700
v 0.00083900 -0.15996600 0.31092700
v 0.00079600 -0.16108500 0.30866900
v 0.00077900 -0.15991700 0.31096100
v 0.00076000 -0.16105300 0.30865400
v 0.00075600 -0.15988100 0.31096800
v 0.00074300 -0.16063100 0.30941500
v 0.00074300 -0.16024000 0.31019100
v 0.00074300 -0.15984100 0.31096200
v 0.00074200 -0.16101000 0.30863300
v 0.00106900 -0.16119200 0.30847700
v 0.00097300 -0.16118400 0.30849800
v 0.00106900 -0.16120100 0.30843700
v 0.00092500 -0.16117900 0.30843900
v 0.00106900 -0.16119400 0.30839800
v 0.00106800 -0.16117300 0.30836300
v 0.00087700 -0.16113700 0.30841200
v 0.00083900 -0.16112200 0.30843700
v 0.00081800 -0.16113400 0.30853500
v 0.00078100 -0.16108200 0.30850400
v 0.00076100 -0.16106000 0.30854400
v 0.00076000 -0.16105300 0.30865400
v 0.00074200 -0.16101000 0.30863300
v 0.00090600 -0.16116300 0.30854400
v 0.00085500 -0.16112600 0.30862200
v 0.00079600 -0.16108500 0.30866900
v 0.00084400 -0.16110000 0.30867700
v 0.00106900 -0.16119200 0.30847700
v 0.00106900 -0.16120100 0.30843700
v 0.00269900 -0.16115800 0.30845600
v 0.00269800 -0.16115900 0.30838800
v 0.00106900 -0.16119400 0.30839800
v 0.00215400 -0.16115400 0.30835600
v 0.00161100 -0.16116600 0.30836100
v 0.00106800 -0.16117300 0.30836300
v 0.00269700 -0.16113700 0.30834800
v 0.00270200 -0.15992800 0.31090800
v 0.00083900 -0.15996600 0.31092700
v 0.00106900 -0.16119200 0.30847700
v 0.00084400 -0.16110000 0.30867700
v 0.00084400 -0.16110000 0.30867700
v 0.00097300 -0.16118400 0.30849800
v 0.00085500 -0.16112600 0.30862200
v 0.00090600 -0.16116300 0.30854400
v 0.00269900 -0.16115800 0.30845600
v 0.00289800 -0.15997300 0.31080600
v 0.00281400 -0.15993800 0.31087900
v 0.00281300 -0.16114100 0.30848300
v 0.00289700 -0.16110200 0.30855700
v 0.00293000 -0.16105100 0.30865900
v 0.00292800 -0.16002400 0.31070600
v -0.02312800 -0.16543300 0.28223900
v -0.02101400 -0.16624000 0.27962900
v -0.02161100 -0.16571900 0.28113300
v -0.02092900 -0.16617900 0.27977100
v -0.02083900 -0.16612000 0.27990900
v -0.02074500 -0.16606100 0.28004400
v -0.02251300 -0.16531900 0.28240600
v -0.02341300 -0.16486100 0.28386600
v -0.02488900 -0.16455600 0.28507700
v -0.02427600 -0.16434300 0.28551600
v -0.02506300 -0.16376500 0.28735800
v -0.02506300 -0.16376500 0.28735800
v -0.02627300 -0.16362400 0.28809600
v -0.02627300 -0.16362400 0.28809600
v -0.02573000 -0.16313500 0.28936400
v -0.02725900 -0.16265000 0.29125000
v -0.02620900 -0.16250900 0.29136500
v -0.02761800 -0.16211300 0.29298900
v -0.02651000 -0.16189400 0.29332700
v -0.02786600 -0.16153700 0.29485200
v -0.02786600 -0.16153700 0.29485200
v -0.02664800 -0.16129200 0.29523400
v -0.02664800 -0.16129200 0.29523400
v -0.02663900 -0.16070500 0.29707400
v -0.02663900 -0.16070500 0.29707400
v -0.02663900 -0.16070500 0.29707400
v -0.02663900 -0.16070500 0.29707400
v -0.02623000 -0.15956800 0.30057700
v -0.02661400 -0.16012400 0.29890700
v -0.02795000 -0.16035600 0.29860000
v -0.02795000 -0.16035600 0.29860000
v -0.02795000 -0.16035600 0.29860000
v -0.02531600 -0.15846200 0.30397000
v -0.02601700 -0.15886200 0.30283400
v -0.02639600 -0.15948900 0.30088100
v -0.02548000 -0.15824800 0.30475400
v -0.02391100 -0.15740600 0.30721700
v -0.02478700 -0.15765100 0.30662800
v -0.02394200 -0.15707300 0.30844500
v -0.02494000 -0.15690800 0.30938000
v -0.02295100 -0.15651800 0.31019400
v -0.02291600 -0.15589000 0.31259300
v -0.02181900 -0.15598900 0.31186400
v -0.02055400 -0.15549000 0.31344600
v -0.01975300 -0.15554100 0.31300200
v -0.01916300 -0.15502400 0.31492900
v -0.01707800 -0.15476400 0.31543600
v -0.01765500 -0.15459400 0.31630400
v -0.01603900 -0.15420300 0.31756300
v -0.01736900 -0.15413000 0.31820300
v -0.01570500 -0.15376900 0.31936900
v -0.01432500 -0.15385200 0.31869800
v -0.01395600 -0.15344900 0.32041500
v -0.01252400 -0.15354600 0.31970300
v -0.01252400 -0.15354600 0.31970300
v -0.01212800 -0.15316900 0.32133800
v -0.01064500 -0.15328400 0.32057100
v -0.01023200 -0.15293200 0.32213000
v -0.00870200 -0.15307000 0.32129800
v -0.00870200 -0.15307000 0.32129800
v -0.00664500 -0.15261700 0.32322400
v -0.00670600 -0.15290400 0.32187800
v -0.00337500 -0.15273500 0.32249800
v -0.00371400 -0.15302200 0.32114700
v 0.00000900 -0.15295100 0.32142700
v 0.00000900 -0.15295100 0.32142700
v -0.02204200 -0.15642600 0.31024900
v -0.01407800 -0.15411300 0.31749900
v -0.01081200 -0.15360000 0.31915600
v -0.00733500 -0.15323500 0.32037900
v 0.00000900 -0.15241300 0.32399200
v -0.00072700 -0.15241600 0.32398200
v -0.00072700 -0.15241600 0.32398200
v -0.00146300 -0.15242300 0.32395300
v -0.00146300 -0.15242300 0.32395300
v -0.00219800 -0.15243500 0.32390300
v -0.00219800 -0.15243500 0.32390300
v -0.00293200 -0.15244700 0.32383900
v -0.01893900 -0.15452800 0.31692400
v -0.02040700 -0.15496300 0.31553700
v -0.02647200 -0.15800500 0.30593300
v -0.02748400 -0.15916300 0.30231200
v 0.02074500 -0.16606200 0.28004100
v 0.02084000 -0.16612000 0.27990700
v 0.02174200 -0.16566500 0.28130300
v 0.02093000 -0.16618000 0.27976800
v 0.02101400 -0.16624000 0.27962600
v 0.02312400 -0.16543600 0.28222900
v 0.02278700 -0.16518900 0.28281900
v 0.02382300 -0.16462800 0.28460500
v 0.02488200 -0.16456200 0.28505700
v 0.02478700 -0.16398400 0.28665800
v 0.02626700 -0.16363100 0.28807000
v 0.02557000 -0.16330600 0.28881800
v 0.02725500 -0.16265800 0.29122300
v 0.02614600 -0.16261100 0.29103200
v 0.02651000 -0.16190300 0.29328800
v 0.02786600 -0.16154600 0.29481800
v 0.02786600 -0.16154600 0.29481800
v 0.02666000 -0.16118700 0.29556100
v 0.02795500 -0.16036700 0.29856100
v 0.02795500 -0.16036700 0.29856100
v 0.02659800 -0.16046300 0.29782300
v 0.02659800 -0.16046300 0.29782300
v 0.02634500 -0.15977300 0.29995500
v 0.02749500 -0.15917500 0.30227200
v 0.02593300 -0.15913000 0.30192800
v 0.02540000 -0.15853900 0.30373700
v 0.02649100 -0.15801900 0.30588700
v 0.02477700 -0.15800200 0.30538000
v 0.02409600 -0.15752100 0.30686000
v 0.02496600 -0.15692100 0.30933500
v 0.02247800 -0.15662600 0.30962700
v 0.02295300 -0.15590400 0.31254500
v 0.02051000 -0.15580500 0.31217800
v 0.02045700 -0.15497700 0.31548900
v 0.02045700 -0.15497700 0.31548900
v 0.01821500 -0.15506600 0.31448400
v 0.01899500 -0.15454300 0.31687700
v 0.01899500 -0.15454300 0.31687700
v 0.01563900 -0.15442600 0.31650200
v 0.01743300 -0.15414400 0.31815700
v 0.01577700 -0.15378300 0.31932400
v 0.01282400 -0.15389300 0.31820100
v 0.01403500 -0.15346100 0.32037300
v 0.01197700 -0.15375500 0.31865800
v 0.01197700 -0.15375500 0.31865800
v 0.01221400 -0.15318000 0.32129900
v 0.01221400 -0.15318000 0.32129900
v 0.01221400 -0.15318000 0.32129900
v 0.01018300 -0.15350500 0.31948800
v 0.01018300 -0.15350500 0.31948800
v 0.01018300 -0.15350500 0.31948800
v 0.01032500 -0.15294200 0.32209600
v 0.00980600 -0.15347600 0.31956300
v 0.00980600 -0.15347600 0.31956300
v 0.00980600 -0.15347600 0.31956300
v 0.00832800 -0.15330000 0.32018300
v 0.00663600 -0.15318100 0.32056600
v 0.00642100 -0.15314100 0.32073700
v 0.00337000 -0.15300900 0.32119500
v 0.00324100 -0.15297900 0.32133100
v 0.00324100 -0.15297900 0.32133100
v 0.00000900 -0.15295100 0.32142700
v 0.00000900 -0.15295100 0.32142700
v 0.00000900 -0.15295100 0.32142700
v 0.00230400 -0.15243700 0.32389400
v 0.00154000 -0.15242400 0.32394800
v 0.00154000 -0.15242400 0.32394800
v 0.00676000 -0.15262400 0.32319700
v 0.00306700 -0.15245000 0.32382500
v 0.00306700 -0.15245000 0.32382500
v 0.00077500 -0.15241600 0.32398100
v 0.00077500 -0.15241600 0.32398100
v 0.00000900 -0.15241300 0.32399200
v 0.01211200 -0.16807000 0.27560300
v 0.01111600 -0.16825400 0.27477100
v 0.01221600 -0.16817300 0.27340200
v 0.00926900 -0.16852400 0.27371900
v 0.00949200 -0.16855600 0.27223900
v 0.00735400 -0.16874700 0.27280200
v 0.00654700 -0.16885500 0.27135500
v 0.00539000 -0.16892100 0.27201600
v 0.00349100 -0.16905000 0.27079900
v 0.00271500 -0.16907400 0.27117800
v 0.00000500 -0.16913000 0.27058300
v 0.01201100 -0.16793300 0.27777700
v 0.01108600 -0.16810800 0.27716000
v 0.00957000 -0.16838100 0.27589500
v 0.00798100 -0.16861200 0.27472900
v 0.00633300 -0.16880200 0.27366100
v 0.00464200 -0.16895000 0.27268900
v 0.00233900 -0.16908100 0.27154700
v 0.01203400 -0.16783900 0.27886900
v 0.01067100 -0.16794200 0.27980600
v 0.00927200 -0.16825600 0.27817900
v 0.00744000 -0.16837900 0.27901300
v 0.00642300 -0.16858000 0.27762700
v 0.00483000 -0.16865100 0.27823300
v 0.00402900 -0.16879900 0.27682800
v 0.00269000 -0.16883500 0.27721700
v 0.00213600 -0.16894300 0.27577700
v 0.00107200 -0.16895600 0.27597500
v 0.00078700 -0.16903400 0.27450200
v 0.00000500 -0.16903600 0.27455400
v 0.00000500 -0.16910200 0.27256900
v -0.00039000 -0.16910200 0.27254000
v 0.01222000 -0.16771100 0.27998100
v 0.01199500 -0.16758900 0.28148900
v 0.00856100 -0.16810600 0.28067500
v 0.00962300 -0.16779700 0.28237300
v 0.00643600 -0.16823500 0.28135200
v 0.00723400 -0.16796000 0.28306000
v 0.00429400 -0.16832700 0.28183600
v 0.00482400 -0.16807700 0.28355300
v 0.00215400 -0.16838200 0.28212600
v 0.00242100 -0.16814700 0.28384700
v 0.00000500 -0.16840100 0.28222200
v 0.00000400 -0.16817000 0.28394500
v -0.00215100 -0.16838200 0.28212500
v -0.00241800 -0.16814700 0.28384600
v -0.00430200 -0.16832700 0.28183400
v -0.00483600 -0.16807600 0.28355000
v -0.00644600 -0.16823400 0.28134800
v -0.00724600 -0.16795900 0.28305600
v -0.00857700 -0.16810500 0.28066700
v -0.00964200 -0.16779600 0.28236500
v -0.01225600 -0.16769300 0.28011400
v -0.01296400 -0.16741600 0.28173200
v -0.01060700 -0.16744600 0.28410800
v -0.01381400 -0.16712200 0.28300800
v -0.01488500 -0.16667300 0.28486000
v -0.01453100 -0.16697600 0.28318400
v -0.01546200 -0.16676500 0.28350400
v -0.01525500 -0.16662500 0.28473200
v -0.01685800 -0.16649600 0.28349300
v -0.01625800 -0.16612400 0.28663300
v -0.01894700 -0.16608200 0.28325800
v -0.02019600 -0.16548500 0.28526900
v -0.02251300 -0.16531900 0.28240600
v -0.02341300 -0.16486100 0.28386600
v -0.02427600 -0.16434300 0.28551600
v -0.02125300 -0.16485000 0.28736500
v -0.02506300 -0.16376500 0.28735800
v -0.02211300 -0.16417900 0.28953300
v -0.02573000 -0.16313500 0.28936400
v -0.02276600 -0.16347800 0.29175600
v -0.02620900 -0.16250900 0.29136500
v -0.02318900 -0.16279000 0.29390600
v -0.02651000 -0.16189400 0.29332700
v -0.02664800 -0.16129200 0.29523400
v -0.02341600 -0.16208100 0.29607700
v -0.02663900 -0.16070500 0.29707400
v -0.02344600 -0.16135300 0.29824500
v -0.02623000 -0.15956800 0.30057700
v -0.02328100 -0.16061100 0.30039700
v -0.02292300 -0.15986600 0.30252600
v -0.01844100 -0.16117300 0.30236000
v -0.02237400 -0.15912300 0.30462100
v -0.01799900 -0.16047800 0.30426100
v -0.02164000 -0.15838900 0.30666500
v -0.01740700 -0.15977700 0.30612500
v -0.02072700 -0.15766600 0.30864700
v -0.01667200 -0.15907100 0.30794500
v -0.01964100 -0.15695900 0.31055400
v -0.01579800 -0.15836500 0.30971100
v -0.01839200 -0.15627200 0.31237400
v -0.01479300 -0.15766100 0.31141500
v -0.01699000 -0.15561000 0.31409400
v -0.01366500 -0.15696100 0.31305100
v -0.01544800 -0.15497600 0.31570400
v -0.01242400 -0.15626800 0.31461000
v -0.01377700 -0.15437300 0.31719500
v -0.01108000 -0.15558500 0.31608700
v -0.01199100 -0.15380600 0.31855800
v -0.00964400 -0.15491400 0.31747500
v -0.01081200 -0.15360000 0.31915600
v -0.00812700 -0.15425700 0.31877100
v -0.00733500 -0.15323500 0.32037900
v -0.00654300 -0.15361500 0.31996800
v -0.00371400 -0.15302200 0.32114700
v -0.00600400 -0.15385200 0.31971200
v -0.00354600 -0.15340900 0.32062600
v -0.00492500 -0.15426100 0.31926800
v -0.00266400 -0.15368400 0.32031300
v -0.00370000 -0.15462400 0.31887500
v -0.00177600 -0.15388100 0.32008900
v -0.00246800 -0.15488400 0.31859400
v -0.00088500 -0.15399900 0.31995400
v -0.00123100 -0.15504000 0.31842500
v 0.00000700 -0.15509200 0.31836900
v 0.00000500 -0.15600700 0.31696900
v 0.00154200 -0.15594500 0.31703200
v 0.00150000 -0.15671700 0.31580700
v 0.00299600 -0.15667200 0.31578800
v 0.01260100 -0.16754500 0.28107100
v 0.01318800 -0.16734400 0.28205000
v 0.01319400 -0.16719100 0.28324600
v 0.01397000 -0.16711900 0.28283200
v 0.01490600 -0.16688700 0.28335000
v 0.01426100 -0.16675100 0.28507000
v 0.01588900 -0.16667700 0.28355900
v 0.01705500 -0.16637600 0.28405700
v 0.01685700 -0.16649600 0.28349300
v 0.01807400 -0.16630400 0.28304500
v 0.01981700 -0.16593600 0.28286000
v 0.01913700 -0.16617100 0.28227800
v 0.02003000 -0.16609100 0.28126600
v 0.02074500 -0.16606200 0.28004100
v 0.02174200 -0.16566500 0.28130300
v 0.02278700 -0.16518900 0.28281900
v 0.02112200 -0.16531500 0.28489900
v 0.01817700 -0.16583100 0.28600700
v 0.01519900 -0.16627100 0.28694500
v 0.01144100 -0.16705900 0.28589900
v 0.01219300 -0.16663300 0.28771400
v 0.00860000 -0.16730000 0.28654500
v 0.00916500 -0.16691500 0.28831200
v 0.00573200 -0.16747200 0.28700800
v 0.00610800 -0.16711800 0.28874100
v 0.00287700 -0.16757500 0.28728300
v 0.00306500 -0.16723900 0.28899600
v 0.00000400 -0.16761000 0.28737600
v 0.00000400 -0.16727900 0.28908200
v -0.00287500 -0.16757500 0.28728300
v -0.00306500 -0.16723900 0.28899600
v -0.00575000 -0.16747100 0.28700500
v -0.00612900 -0.16711700 0.28873900
v -0.00861500 -0.16729800 0.28654200
v -0.00918200 -0.16691400 0.28831000
v -0.01146500 -0.16705600 0.28589300
v -0.01221900 -0.16663000 0.28770800
v -0.01581500 -0.16618600 0.28676700
v -0.01658900 -0.16566500 0.28872100
v -0.01710700 -0.16558500 0.28858800
v -0.01779800 -0.16501100 0.29058600
v 0.02382300 -0.16462800 0.28460500
v 0.02222800 -0.16465300 0.28703300
v 0.01912900 -0.16524800 0.28802600
v 0.01599400 -0.16575500 0.28886600
v 0.01283000 -0.16617100 0.28955500
v 0.00964300 -0.16649600 0.29009100
v 0.00642500 -0.16672900 0.29047500
v 0.00322500 -0.16686800 0.29070400
v 0.00000400 -0.16691500 0.29078100
v -0.00322500 -0.16686800 0.29070400
v -0.00644900 -0.16672700 0.29047400
v -0.00966200 -0.16649400 0.29008900
v -0.01285800 -0.16616700 0.28955100
v -0.01720500 -0.16511100 0.29071100
v -0.01832100 -0.16440700 0.29261500
v 0.02478700 -0.16398400 0.28665800
v 0.02312700 -0.16395600 0.28924600
v 0.01990200 -0.16463000 0.29010000
v 0.01664000 -0.16520300 0.29082400
v 0.01334800 -0.16567400 0.29141700
v 0.01003300 -0.16604200 0.29187800
v 0.00668300 -0.16630600 0.29220900
v 0.00335500 -0.16646200 0.29240600
v 0.00000400 -0.16651500 0.29247300
v -0.00335500 -0.16646200 0.29240700
v -0.00671000 -0.16630300 0.29220800
v -0.01005200 -0.16603900 0.29187700
v -0.01337800 -0.16567000 0.29141400
v -0.01765500 -0.16452700 0.29272600
v -0.01866000 -0.16380500 0.29456500
v 0.02557000 -0.16330600 0.28881800
v 0.02381000 -0.16323000 0.29152000
v 0.02048900 -0.16398100 0.29221700
v 0.01713100 -0.16462000 0.29280800
v 0.01374100 -0.16514500 0.29329200
v 0.01032800 -0.16555400 0.29366900
v 0.00687800 -0.16584800 0.29394000
v 0.00345400 -0.16602200 0.29410100
v 0.00000400 -0.16608100 0.29415600
v -0.00345400 -0.16602200 0.29410200
v -0.00690700 -0.16584600 0.29394000
v -0.01034900 -0.16555100 0.29366900
v -0.01377200 -0.16514000 0.29329100
v -0.01792800 -0.16394800 0.29465700
v -0.01884100 -0.16318000 0.29652400
v 0.02614600 -0.16261100 0.29103200
v 0.02651000 -0.16190300 0.29328800
v 0.02425300 -0.16251800 0.29372300
v 0.02666000 -0.16118700 0.29556100
v 0.02449100 -0.16178800 0.29595000
v 0.02659800 -0.16046300 0.29782300
v 0.02452300 -0.16103900 0.29817500
v 0.02634500 -0.15977300 0.29995500
v 0.02435100 -0.16027900 0.30038000
v 0.02593300 -0.15913000 0.30192800
v 0.02397700 -0.15951700 0.30256300
v 0.02540000 -0.15853900 0.30373700
v 0.02340400 -0.15876200 0.30471000
v 0.02477700 -0.15800200 0.30538000
v 0.02263700 -0.15801900 0.30680300
v 0.02409600 -0.15752100 0.30686000
v 0.02247800 -0.15662600 0.30962700
v 0.02051000 -0.15580500 0.31217800
v 0.02054800 -0.15658400 0.31077300
v 0.02168200 -0.15729100 0.30882900
v 0.01948100 -0.15914100 0.30636600
v 0.02014000 -0.15985700 0.30441900
v 0.01683900 -0.16078700 0.30417400
v 0.01725100 -0.16147200 0.30231700
v 0.01383800 -0.16220800 0.30222600
v 0.01405300 -0.16284700 0.30045500
v 0.01056300 -0.16339500 0.30047200
v 0.01063700 -0.16398200 0.29877300
v 0.00708000 -0.16435400 0.29884900
v 0.00707200 -0.16488500 0.29721500
v 0.00355300 -0.16509100 0.29730000
v 0.00351800 -0.16557200 0.29570600
v 0.00000400 -0.16563600 0.29574800
v 0.01924200 -0.15590200 0.31262400
v 0.01821500 -0.15506600 0.31448400
v 0.01777700 -0.15524900 0.31436700
v 0.01616500 -0.15463100 0.31599100
v 0.01530100 -0.15634100 0.31352400
v 0.01391500 -0.15567500 0.31510700
v 0.01279600 -0.15726700 0.31281100
v 0.01163700 -0.15656100 0.31435900
v 0.01026600 -0.15802600 0.31222900
v 0.00933700 -0.15728700 0.31374800
v 0.00771800 -0.15861800 0.31177600
v 0.00701900 -0.15785200 0.31327300
v 0.00642700 -0.15816500 0.31283400
v 0.00642700 -0.15731200 0.31430200
v 0.00833000 -0.15654000 0.31521500
v 0.01038100 -0.15585900 0.31583400
v 0.00903900 -0.15516400 0.31722900
v 0.01080600 -0.15440500 0.31796800
v 0.00911000 -0.15380700 0.31923200
v 0.00980600 -0.15347600 0.31956300
v 0.00663600 -0.15318100 0.32056600
v 0.01563900 -0.15442600 0.31650200
v 0.01241200 -0.15502900 0.31659100
v 0.01282400 -0.15389300 0.31820100
v 0.00337000 -0.15300900 0.32119500
v 0.00613900 -0.15380100 0.31976400
v 0.00762100 -0.15447800 0.31854000
v 0.00000900 -0.15295100 0.32142700
v 0.00267300 -0.15368600 0.32031000
v 0.00347500 -0.15344000 0.32059000
v 0.00355300 -0.15341200 0.32062100
v 0.00492800 -0.15426500 0.31926100
v 0.00000900 -0.15403900 0.31990900
v 0.00124400 -0.15504000 0.31842500
v 0.00247800 -0.15488500 0.31859200
v 0.00307400 -0.15576200 0.31722000
v 0.00370600 -0.15462700 0.31887100
v 0.00459900 -0.15545600 0.31753400
v 0.00454800 -0.15438900 0.31912800
v 0.00534100 -0.15526200 0.31773300
v 0.00611600 -0.15502800 0.31797400
v 0.00725300 -0.15578600 0.31662400
v -0.01407800 -0.15411300 0.31749900
v -0.01707800 -0.15476400 0.31543600
v -0.01975300 -0.15554100 0.31300200
v -0.02204200 -0.15642600 0.31024900
v -0.02391100 -0.15740600 0.30721700
v -0.02531600 -0.15846200 0.30397000
v -0.02161100 -0.16571900 0.28113300
v -0.02002900 -0.16609000 0.28126800
v -0.01913700 -0.16617000 0.28227900
v -0.02074500 -0.16606100 0.28004400
v -0.01807400 -0.16630400 0.28304500
v -0.01367700 -0.16719900 0.28258500
v -0.01139400 -0.16787700 0.27945800
v -0.01204100 -0.16783200 0.27893700
v -0.00989900 -0.16820800 0.27784600
v -0.01201200 -0.16793200 0.27777700
v -0.01211300 -0.16807000 0.27560400
v -0.01062500 -0.16829600 0.27514300
v -0.01221600 -0.16817300 0.27340400
v -0.00885800 -0.16855400 0.27405300
v -0.01023000 -0.16846300 0.27251900
v -0.00702600 -0.16876500 0.27308600
v -0.00691900 -0.16882300 0.27144900
v -0.00514700 -0.16893100 0.27223800
v -0.00349000 -0.16905000 0.27079900
v -0.00258700 -0.16907700 0.27130000
v -0.00300800 -0.15667100 0.31578800
v -0.00364000 -0.15661500 0.31582200
v -0.00596100 -0.15655300 0.31562600
v -0.00545400 -0.15626700 0.31616000
v -0.00627200 -0.15667900 0.31537300
v -0.00725900 -0.15578000 0.31663300
v -0.00833900 -0.15653300 0.31522400
v -0.00890500 -0.15521000 0.31718700
v -0.01026300 -0.15589700 0.31580300
v 0.00000300 -0.15673300 0.31581300
v -0.00153100 -0.15594500 0.31703300
v -0.00306700 -0.15576000 0.31722300
v 0.00449100 -0.15659700 0.31575800
v 0.00364400 -0.15661600 0.31581900
v 0.00545400 -0.15627000 0.31615500
v 0.00596800 -0.15655300 0.31562600
v 0.00597400 -0.15614500 0.31627600
v 0.00627800 -0.15667900 0.31537300
v 0.00642200 -0.15687400 0.31502900
v 0.00642700 -0.16104800 0.30725000
v 0.00835200 -0.15936500 0.31024300
v 0.01111000 -0.15875700 0.31065900
v 0.01384900 -0.15797600 0.31119400
v 0.01656100 -0.15702400 0.31184900
v 0.00642700 -0.16150400 0.30625700
v 0.00940800 -0.16079900 0.30708400
v 0.00891700 -0.16009200 0.30867800
v 0.00642700 -0.16164900 0.30593500
v 0.00653300 -0.16192100 0.30529600
v 0.00982100 -0.16148300 0.30546300
v 0.01251600 -0.16018300 0.30738800
v 0.01186300 -0.15947600 0.30904400
v 0.01478700 -0.15868500 0.30951500
v 0.00642700 -0.16194000 0.30527300
v 0.00642300 -0.16208300 0.30494200
v 0.00675500 -0.16257100 0.30370900
v 0.00629300 -0.16224400 0.30459000
v 0.00619000 -0.16230400 0.30447000
v 0.00606400 -0.16235600 0.30437100
v 0.00591800 -0.16239800 0.30429800
v 0.00460300 -0.16250600 0.30426100
v 0.00339600 -0.16282400 0.30364400
v 0.00297000 -0.16257700 0.30428900
v 0.00162500 -0.16261200 0.30430300
v 0.00000400 -0.16290900 0.30362200
v 0.00000400 -0.16262700 0.30431000
v -0.00161800 -0.16261200 0.30430300
v -0.00339400 -0.16282400 0.30364500
v -0.00324000 -0.16256700 0.30428500
v -0.00486000 -0.16249200 0.30425500
v -0.00678900 -0.16256700 0.30371200
v -0.00595800 -0.16238700 0.30431800
v -0.00609800 -0.16234100 0.30439900
v -0.00621700 -0.16228700 0.30450400
v -0.00631200 -0.16222600 0.30463000
v -0.00656600 -0.16191600 0.30530000
v -0.00642100 -0.16164900 0.30593500
v -0.00642100 -0.16104900 0.30725000
v -0.00642100 -0.15816500 0.31283400
v -0.00836300 -0.15936000 0.31024900
v -0.00893000 -0.16008800 0.30868300
v -0.00942300 -0.16079400 0.30708900
v -0.01254000 -0.16017500 0.30739600
v -0.01309200 -0.16086600 0.30570400
v -0.01568200 -0.15936500 0.30779800
v -0.01642400 -0.16005300 0.30601800
v -0.00641800 -0.15689200 0.31500100
v -0.00702500 -0.15784800 0.31327900
v -0.00772600 -0.15861400 0.31178100
v -0.01112900 -0.15874900 0.31066800
v -0.01188400 -0.15946800 0.30905200
v -0.01382900 -0.15797800 0.31119700
v -0.01481400 -0.15867300 0.30952700
v -0.00208100 -0.16908600 0.27175600
v -0.00156600 -0.16909300 0.27211200
v -0.00117600 -0.16909700 0.27231200
v -0.00078400 -0.16910000 0.27245500
v 0.00039900 -0.16910100 0.27254000
v 0.00079200 -0.16910000 0.27245500
v 0.00118300 -0.16909700 0.27231300
v 0.00157200 -0.16909200 0.27211400
v 0.00195700 -0.16908700 0.27185900
v 0.00178800 -0.15388200 0.32008700
v 0.00089900 -0.15399900 0.31995400
v 0.00800500 -0.16849000 0.27684700
v 0.00667600 -0.16868700 0.27558400
v 0.00535800 -0.16875000 0.27628400
v 0.00529800 -0.16884900 0.27438800
v 0.00425200 -0.16888900 0.27498300
v 0.00319800 -0.16892000 0.27544600
v 0.00388400 -0.16897600 0.27325800
v 0.00311800 -0.16899700 0.27372400
v 0.00234500 -0.16901400 0.27408700
v 0.00156700 -0.16902600 0.27434700
v 0.01560200 -0.15939200 0.30778000
v 0.01768400 -0.15772000 0.31009100
v 0.01866000 -0.15842700 0.30826000
v 0.01628800 -0.16009300 0.30599800
v 0.01306600 -0.16087400 0.30569700
v 0.01350800 -0.16155000 0.30397500
v 0.01752000 -0.16214400 0.30043400
v 0.02063300 -0.16057400 0.30242900
v 0.02095500 -0.16128700 0.30040900
v 0.01764300 -0.16280100 0.29853200
v 0.02110300 -0.16199100 0.29836800
v 0.01415200 -0.16346500 0.29866700
v 0.01413400 -0.16405400 0.29687600
v 0.01762000 -0.16343300 0.29662200
v 0.01399700 -0.16461300 0.29508400
v 0.01744900 -0.16403900 0.29471200
v 0.02107500 -0.16267700 0.29631300
v 0.02087000 -0.16334000 0.29425800
v 0.01058500 -0.16744800 0.28411500
v 0.00795700 -0.16764800 0.28479200
v 0.00530500 -0.16779200 0.28527700
v 0.00266200 -0.16787800 0.28556600
v 0.00000400 -0.16790700 0.28566300
v -0.00266000 -0.16787800 0.28556600
v -0.00532000 -0.16779100 0.28527500
v -0.00797000 -0.16764700 0.28478900
v 0.01015300 -0.16214400 0.30382000
v 0.01040100 -0.16278100 0.30215600
v 0.01062300 -0.16453700 0.29707300
v 0.01052000 -0.16506000 0.29537400
v 0.00559300 -0.16847400 0.27966100
v 0.00373200 -0.16854300 0.28012500
v 0.00187300 -0.16858500 0.28040300
v 0.00000500 -0.16859800 0.28049600
v -0.00186800 -0.16858500 0.28040300
v -0.00373800 -0.16854300 0.28012300
v -0.00560000 -0.16847400 0.27965700
v -0.00745200 -0.16837800 0.27900500
v -0.00311700 -0.16899700 0.27372000
v -0.00414000 -0.16896800 0.27307100
v -0.00425500 -0.16888900 0.27497800
v -0.00565100 -0.16883400 0.27415000
v -0.00234200 -0.16901400 0.27408500
v -0.00156200 -0.16902600 0.27434600
v -0.00077900 -0.16903400 0.27450200
v -0.00536300 -0.16875000 0.27627700
v -0.00712400 -0.16866300 0.27530400
v -0.00319700 -0.16892000 0.27544300
v -0.00213300 -0.16894300 0.27577600
v -0.00106500 -0.16895600 0.27597500
v 0.00000500 -0.16896100 0.27604200
v -0.00643200 -0.16858000 0.27761900
v -0.00854400 -0.16845500 0.27653600
v -0.00403000 -0.16879900 0.27682400
v -0.00269000 -0.16883500 0.27721500
v -0.00134400 -0.16885600 0.27745000
v 0.00000500 -0.16886300 0.27752800
v 0.00135000 -0.16885600 0.27745000
v -0.00483400 -0.16865100 0.27822900
v -0.00322600 -0.16870200 0.27866500
v -0.00161200 -0.16873200 0.27892600
v 0.00000500 -0.16874200 0.27901300
v 0.00161700 -0.16873200 0.27892600
v 0.00322400 -0.16870200 0.27866700
v -0.01402800 -0.16460700 0.29508400
v -0.01804800 -0.16334600 0.29659200
v -0.01886400 -0.16253000 0.29848300
v -0.01416500 -0.16404700 0.29687700
v -0.01801600 -0.16271900 0.29852100
v -0.01873000 -0.16185800 0.30043100
v -0.01054100 -0.16505700 0.29537500
v -0.00703600 -0.16537800 0.29558200
v -0.00351800 -0.16557200 0.29570700
v -0.01418300 -0.16345800 0.29867000
v -0.01783400 -0.16207000 0.30043700
v -0.01064400 -0.16453400 0.29707500
v -0.00710400 -0.16488100 0.29721600
v -0.00355300 -0.16509000 0.29730000
v 0.00000400 -0.16516000 0.29732800
v -0.01408400 -0.16284000 0.30045900
v -0.01750500 -0.16140800 0.30233000
v -0.01065800 -0.16397800 0.29877500
v -0.00711400 -0.16435000 0.29885100
v -0.00355700 -0.16457400 0.29889600
v 0.00000400 -0.16464800 0.29891000
v 0.00355700 -0.16457400 0.29889500
v -0.01386700 -0.16220100 0.30223100
v -0.01703300 -0.16073500 0.30419300
v -0.01058300 -0.16339100 0.30047500
v -0.00706300 -0.16378500 0.30048600
v -0.00353200 -0.16402200 0.30049300
v 0.00000400 -0.16410000 0.30049500
v 0.00353300 -0.16402200 0.30049200
v 0.00702900 -0.16378900 0.30048400
v -0.01353600 -0.16154200 0.30398100
v -0.01042000 -0.16277700 0.30216000
v -0.00695500 -0.16319000 0.30210800
v -0.00347800 -0.16343800 0.30207700
v 0.00000400 -0.16352000 0.30206700
v 0.00347900 -0.16343800 0.30207600
v 0.00692000 -0.16319400 0.30210600
v -0.00983800 -0.16147800 0.30546800
v -0.01017100 -0.16214000 0.30382400
v -0.01028200 -0.15801900 0.31223800
v -0.01273600 -0.15728300 0.31280300
v -0.01154400 -0.15658900 0.31434000
v -0.00934900 -0.15728000 0.31375800
v -0.00611800 -0.15502200 0.31798200
v -0.00748100 -0.15452800 0.31849100
v -0.00459700 -0.15545300 0.31753900
v 0.00700500 -0.16538100 0.29558200
v 0.00934000 -0.16676400 0.26482700
v 0.01270900 -0.16597700 0.26562000
v 0.01178900 -0.16726800 0.26928200
v 0.01221600 -0.16817300 0.27340200
v 0.01017900 -0.16756900 0.26874800
v 0.00949200 -0.16855600 0.27223900
v 0.00853400 -0.16782600 0.26829400
v 0.00654700 -0.16885500 0.27135500
v 0.00686200 -0.16803900 0.26792000
v 0.00516700 -0.16820800 0.26762700
v 0.00626300 -0.16726300 0.26432700
v 0.00313500 -0.16756800 0.26402700
v 0.00345500 -0.16833100 0.26741700
v 0.00173100 -0.16840500 0.26729000
v 0.00349100 -0.16905000 0.27079900
v 0.00000500 -0.16913000 0.27058300
v -0.00349000 -0.16905000 0.27079900
v -0.00172900 -0.16840600 0.26729000
v -0.00086400 -0.16842400 0.26725800
v 0.00000100 -0.16843100 0.26724800
v -0.00001800 -0.16767000 0.26392700
v 0.00043400 -0.16842900 0.26725100
v 0.00086600 -0.16842400 0.26725900
v -0.00691900 -0.16882300 0.27144900
v -0.00516500 -0.16820800 0.26762700
v -0.00345300 -0.16833100 0.26741700
v -0.00317000 -0.16756300 0.26401900
v -0.01023000 -0.16846300 0.27251900
v -0.00853200 -0.16782600 0.26829500
v -0.00686000 -0.16803900 0.26792100
v -0.00629700 -0.16725200 0.26431500
v -0.01017700 -0.16756900 0.26874900
v -0.01221600 -0.16817300 0.27340400
v -0.01178700 -0.16726800 0.26928300
v -0.01271000 -0.16597200 0.26562400
v -0.00936900 -0.16675300 0.26482500
v 0.00306800 -0.15038000 0.32597200
v -0.00001200 -0.15032800 0.32614400
v 0.00306800 -0.15108300 0.32526900
v 0.00077500 -0.15241600 0.32398100
v 0.00154000 -0.15242400 0.32394800
v -0.00293200 -0.15037600 0.32598700
v -0.00293300 -0.15107900 0.32528300
v -0.00072700 -0.15241600 0.32398200
v 0.00000900 -0.15241300 0.32399200
v -0.00293200 -0.15176900 0.32456700
v -0.00146300 -0.15242300 0.32395300
v -0.00219800 -0.15243500 0.32390300
v -0.00293200 -0.15244700 0.32383900
v 0.00306800 -0.15177300 0.32455300
v 0.00230400 -0.15243700 0.32389400
v 0.00306700 -0.15245000 0.32382500
v 0.01201100 -0.16793300 0.27777700
v 0.01285700 -0.15938100 0.26922500
v 0.01203400 -0.16783900 0.27886900
v 0.01237500 -0.16556100 0.27746500
v 0.01222000 -0.16771100 0.27998100
v 0.01304400 -0.16463200 0.27839400
v 0.01260100 -0.16754500 0.28107100
v 0.01318800 -0.16734400 0.28205000
v 0.01408700 -0.16389500 0.27913200
v 0.01397000 -0.16711900 0.28283200
v 0.01490600 -0.16688700 0.28335000
v 0.01540000 -0.16342100 0.27960500
v 0.01588900 -0.16667700 0.28355900
v 0.01685700 -0.16649600 0.28349300
v 0.01551100 -0.16005600 0.27576000
v 0.01685700 -0.15655200 0.27205400
v 0.01562100 -0.15669100 0.27191500
v 0.01429600 -0.16049400 0.27532300
v 0.01450600 -0.15709200 0.27151300
v 0.01333200 -0.16117500 0.27464100
v 0.01362100 -0.15771800 0.27088800
v 0.01271400 -0.16203400 0.27378200
v 0.01305300 -0.15850700 0.27009900
v 0.01289300 -0.16432100 0.26355700
v 0.01288100 -0.16429500 0.26382600
v 0.01288100 -0.16429500 0.26382600
v 0.01285700 -0.16464400 0.26396300
v 0.01285700 -0.16464400 0.26396300
v 0.01285700 -0.16464400 0.26396300
v 0.01286900 -0.16427000 0.26409400
v 0.01286900 -0.16427000 0.26409400
v 0.01286900 -0.16427000 0.26409400
v 0.01284200 -0.16478000 0.26413300
v 0.01284200 -0.16478000 0.26413300
v 0.01285700 -0.16424400 0.26436200
v 0.01285700 -0.16424400 0.26436200
v 0.01277500 -0.16537700 0.26487700
v 0.01277500 -0.16537700 0.26487700
v 0.01270900 -0.16597700 0.26562000
v 0.01285700 -0.15938100 0.26922500
v 0.01221600 -0.16817300 0.27340200
v 0.01211200 -0.16807000 0.27560300
v 0.01201100 -0.16793300 0.27777700
v 0.02084000 -0.16612000 0.27990700
v 0.02074500 -0.16606200 0.28004100
v 0.02066300 -0.16455300 0.27830900
v 0.02003000 -0.16609100 0.28126600
v 0.01962200 -0.16381700 0.27904500
v 0.01913700 -0.16617100 0.28227800
v 0.01831100 -0.16334400 0.27951700
v 0.01807400 -0.16630400 0.28304500
v 0.01685700 -0.15655200 0.27205400
v 0.01685700 -0.16649600 0.28349300
v 0.01820200 -0.16001800 0.27571600
v 0.01809300 -0.15669100 0.27191500
v 0.01920800 -0.15709200 0.27151300
v 0.01941500 -0.16045500 0.27527900
v 0.02009300 -0.15771800 0.27088800
v 0.02037800 -0.16113600 0.27459800
v 0.02066100 -0.15850700 0.27009900
v 0.02099600 -0.16199300 0.27374000
v 0.02110700 -0.16190700 0.27175100
v 0.02134400 -0.16528000 0.27698300
v 0.02135600 -0.16443300 0.27427800
v 0.02085700 -0.15938100 0.26922500
v 0.02101400 -0.16624000 0.27962600
v 0.02093000 -0.16618000 0.27976800
v -0.01575100 -0.16051000 0.26710600
v -0.01575100 -0.16051000 0.26710600
v -0.01685800 -0.15708200 0.27053300
v -0.01685800 -0.15708200 0.27053300
v -0.01685800 -0.15708200 0.27053300
v -0.01685800 -0.16068900 0.26692700
v -0.01685800 -0.16068900 0.26692700
v -0.01796400 -0.15726100 0.27035500
v -0.01796400 -0.15726100 0.27035500
v -0.01796400 -0.15726100 0.27035500
v -0.01796400 -0.16051000 0.26710600
v -0.01796400 -0.16051000 0.26710600
v -0.01885100 -0.15776100 0.26985400
v -0.01885100 -0.15776100 0.26985400
v -0.01885100 -0.16001000 0.26760600
v -0.01885100 -0.16001000 0.26760600
v -0.01934400 -0.15848400 0.26913100
v -0.01934400 -0.15848400 0.26913100
v -0.01934400 -0.15928700 0.26832900
v -0.01575100 -0.15726100 0.27035500
v -0.01575100 -0.15726100 0.27035500
v -0.01575100 -0.15726100 0.27035500
v -0.01486400 -0.16001000 0.26760600
v -0.01486400 -0.16001000 0.26760600
v -0.01486400 -0.16001000 0.26760600
v -0.01486400 -0.15776100 0.26985400
v -0.01486400 -0.15776100 0.26985400
v -0.01486400 -0.15776100 0.26985400
v -0.01437200 -0.15928700 0.26832900
v -0.01437200 -0.15928700 0.26832900
v -0.01437200 -0.15848400 0.26913100
v -0.01575100 -0.16051000 0.26710600
v -0.01685800 -0.16068900 0.26692700
v -0.01685800 -0.16118400 0.26742200
v -0.01685800 -0.16118400 0.26742200
v -0.01685800 -0.16068900 0.26692700
v -0.01796400 -0.16051000 0.26710600
v -0.01796400 -0.16100500 0.26760100
v -0.01885100 -0.16001000 0.26760600
v -0.01885100 -0.16050500 0.26810100
v -0.01934400 -0.15928700 0.26832900
v -0.01934400 -0.15978200 0.26882400
v -0.01934400 -0.15848400 0.26913100
v -0.01934400 -0.15897900 0.26962600
v -0.01885100 -0.15776100 0.26985400
v -0.01885100 -0.15825600 0.27034900
v -0.01796400 -0.15726100 0.27035500
v -0.01796400 -0.15775600 0.27085000
v -0.01685800 -0.15708200 0.27053300
v -0.01685800 -0.15757700 0.27102800
v -0.01575100 -0.15775600 0.27085000
v -0.01575100 -0.15726100 0.27035500
v -0.01486400 -0.15825600 0.27034900
v -0.01486400 -0.15776100 0.26985400
v -0.01437200 -0.15897900 0.26962600
v -0.01437200 -0.15848400 0.26913100
v -0.01437200 -0.15978200 0.26882400
v -0.01437200 -0.15928700 0.26832900
v -0.01486400 -0.16050500 0.26810100
v -0.01486400 -0.16001000 0.26760600
v -0.01575100 -0.16100500 0.26760100
vn -0.00010000 0.70710000 -0.70710000
vn -0.00000000 0.70710000 -0.70710000
vn -0.00010000 0.70710000 -0.70710000
vn -0.00000000 0.70710000 -0.70710000
vn -0.00000000 0.70710000 -0.70710000
vn 0.00010000 0.70710000 -0.70710000
vn -0.00010000 0.70710000 -0.70710000
vn -0.00000000 0.70710000 -0.70710000
vn -0.00000000 0.70710000 -0.70710000
vn -0.00000000 0.70710000 -0.70710000
vn -0.00000000 0.70710000 -0.70710000
vn -0.00000000 0.70710000 -0.70710000
vn -0.00000000 0.70710000 -0.70710000
vn -0.00000000 0.70710000 -0.70710000
vn -0.00000000 0.70710000 -0.70710000
vn -0.00000000 0.70710000 -0.70710000
vn -0.00000000 0.70710000 -0.70710000
vn -0.00000000 0.70710000 -0.70710000
vn -0.00000000 0.70710000 -0.70710000
vn -0.00000000 0.70710000 -0.70710000
vn -0.00000000 0.70710000 -0.70710000
vn -0.00000000 0.70710000 -0.70710000
vn -0.00000000 0.70710000 -0.70710000
vn -0.00000000 0.70710000 -0.70710000
vn -0.00000000 0.70710000 -0.70710000
vn -0.00000000 0.70710000 -0.70710000
vn -0.00000000 0.70710000 -0.70710000
vn 0.00010000 0.70710000 -0.70710000
vn -0.00010000 0.70710000 -0.70710000
vn -0.00020000 0.70710000 -0.70710000
vn -0.00000000 0.70710000 -0.70710000
vn -0.00000000 0.70710000 -0.70710000
vn -0.00000000 0.70710000 -0.70710000
vn -0.00000000 0.70710000 -0.70710000
vn -0.00000000 0.70710000 -0.70710000
vn 0.00010000 0.70710000 -0.70710000
vn -0.00000000 0.70710000 -0.70710000
vn -0.00000000 0.70710000 -0.70710000
vn 0.00010000 0.70710000 -0.70710000
vn -0.00000000 0.70710000 -0.70710000
vn -0.00000000 0.70710000 -0.70710000
vn -0.00010000 0.70710000 -0.70710000
vn -0.00010000 0.70710000 -0.70710000
vn -0.00020000 0.70710000 -0.70710000
vn -0.00010000 0.70710000 -0.70710000
vn -0.00020000 0.70710000 -0.70710000
vn -0.00000000 0.70710000 -0.70710000
vn -0.00000000 0.70710000 -0.70710000
vn -0.00000000 0.70710000 -0.70710000
vn -0.00000000 0.70710000 -0.70710000
vn -0.00000000 0.70710000 -0.70710000
vn -0.00000000 0.70710000 -0.70710000
vn -0.00000000 0.70710000 -0.70710000
vn -0.00000000 0.70710000 -0.70710000
vn -0.00000000 0.70710000 -0.70710000
vn -0.00000000 0.70710000 -0.70710000
vn -0.00000000 0.70710000 -0.70710000
vn -0.00000000 0.70710000 -0.70710000
vn -0.00000000 0.70710000 -0.70710000
vn 0.00010000 0.70710000 -0.70710000
vn -0.00000000 0.70710000 -0.70710000
vn 0.00010000 0.70710000 -0.70710000
vn -0.00000000 0.70710000 -0.70710000
vn -0.00000000 0.70710000 -0.70710000
vn -0.00000000 0.70710000 -0.70710000
vn -0.00000000 0.70710000 -0.70710000
vn -0.00000000 0.70710000 -0.70710000
vn -0.00000000 0.70710000 -0.70710000
vn -0.00000000 0.70710000 -0.70710000
vn -0.00000000 0.70710000 -0.70710000
vn -0.00000000 0.70710000 -0.70710000
vn -0.00000000 0.70710000 -0.70710000
vn -0.00000000 0.70710000 -0.70710000
vn -0.00000000 0.70710000 -0.70710000
vn -0.00000000 0.70710000 -0.70710000
vn -0.00010000 0.70710000 -0.70710000
vn 0.00010000 0.70710000 -0.70710000
vn -0.00000000 0.70710000 -0.70710000
vn -0.00000000 0.70710000 -0.70710000
vn -0.00000000 0.70710000 -0.70710000
vn -0.00000000 0.70710000 -0.70710000
vn -0.00000000 0.70710000 -0.70710000
vn -0.00000000 0.70710000 -0.70710000
vn -0.00000000 0.70710000 -0.70710000
vn -0.00000000 0.70710000 -0.70710000
vn -0.00000000 0.70710000 -0.70710000
vn -0.00000000 0.70710000 -0.70710000
vn 0.00010000 0.70710000 -0.70710000
vn 0.00010000 0.70710000 -0.70710000
vn -0.00000000 0.70710000 -0.70710000
vn -0.00000000 0.70710000 -0.70710000
vn -0.00020000 0.70710000 -0.70710000
vn -0.00010000 0.70710000 -0.70710000
vn -0.00000000 0.70710000 -0.70710000
vn 0.00010000 0.70710000 -0.70710000
vn -0.00040000 0.70710000 -0.70710000
vn 0.00030000 0.70710000 -0.70710000
vn -0.00010000 0.70710000 -0.70710000
vn 0.00010000 0.70710000 -0.70710000
vn -0.00020000 0.70710000 -0.70710000
vn 0.00010000 0.70710000 -0.70710000
vn 0.00030000 0.70710000 -0.70710000
vn -0.00020000 0.70710000 -0.70710000
vn 0.00030000 0.70710000 -0.70710000
vn -0.00040000 0.70710000 -0.70710000
vn -0.00040000 0.70710000 -0.70710000
vn 0.44410000 -0.88620000 0.13170000
vn 0.40140000 -0.90610000 0.13360000
vn 0.44410000 -0.88620000 0.13170000
vn 0.44420000 -0.88620000 0.13180000
vn 0.44400000 -0.88630000 0.13180000
vn 0.44370000 -0.88640000 0.13180000
vn 0.40250000 -0.90560000 0.13360000
vn 0.35700000 -0.92510000 0.12970000
vn 0.35250000 -0.92690000 0.12900000
vn 0.31230000 -0.94240000 0.12000000
vn 0.31770000 -0.94040000 0.12150000
vn 0.30010000 -0.94680000 0.11630000
vn 0.26830000 -0.95760000 0.10470000
vn 0.26650000 -0.95820000 0.10380000
vn 0.26450000 -0.95890000 0.10290000
vn 0.26250000 -0.95950000 0.10210000
vn 0.58280000 -0.63010000 -0.51310000
vn 0.62740000 -0.60580000 -0.48930000
vn 0.63740000 -0.59040000 -0.49520000
vn 0.64520000 -0.59180000 -0.48330000
vn 0.65430000 -0.58470000 -0.47960000
vn 0.67360000 -0.57820000 -0.46040000
vn 0.68230000 -0.57110000 -0.45650000
vn 0.69870000 -0.56470000 -0.43920000
vn 0.70720000 -0.55740000 -0.43490000
vn 0.72130000 -0.55110000 -0.41950000
vn 0.72960000 -0.54370000 -0.41490000
vn 0.74950000 -0.53020000 -0.39640000
vn 0.75740000 -0.52280000 -0.39110000
vn 0.77510000 -0.50950000 -0.37360000
vn 0.78270000 -0.50190000 -0.36800000
vn 0.80540000 -0.48130000 -0.34590000
vn 0.79010000 -0.49450000 -0.36220000
vn 0.80090000 -0.48340000 -0.35340000
vn 0.77330000 -0.50770000 -0.37980000
vn 0.78470000 -0.49670000 -0.37080000
vn 0.75440000 -0.52140000 -0.39890000
vn 0.76690000 -0.51010000 -0.38940000
vn 0.74700000 -0.52380000 -0.40940000
vn 0.75610000 -0.51670000 -0.40170000
vn 0.73430000 -0.53080000 -0.42310000
vn 0.74050000 -0.52580000 -0.41860000
vn 0.71700000 -0.53950000 -0.44150000
vn 0.72430000 -0.53310000 -0.43730000
vn 0.69810000 -0.54670000 -0.46240000
vn 0.72630000 -0.52190000 -0.44730000
vn 0.69770000 -0.53560000 -0.47580000
vn 0.75330000 -0.49730000 -0.43040000
vn 0.74010000 -0.49890000 -0.45110000
vn 0.77910000 -0.47300000 -0.41150000
vn 0.76160000 -0.47960000 -0.43580000
vn 0.77930000 -0.46360000 -0.42160000
vn 0.80350000 -0.44910000 -0.39070000
vn 0.82660000 -0.42590000 -0.36790000
vn 0.82490000 -0.43440000 -0.36170000
vn 0.84640000 -0.41110000 -0.33860000
vn 0.84370000 -0.41970000 -0.33480000
vn 0.86360000 -0.39620000 -0.31170000
vn 0.86020000 -0.40500000 -0.30990000
vn 0.87870000 -0.38140000 -0.28730000
vn 0.87480000 -0.39040000 -0.28680000
vn 0.89230000 -0.36670000 -0.26340000
vn 0.90410000 -0.35230000 -0.24180000
vn 0.91880000 -0.32940000 -0.21760000
vn 0.92840000 -0.31490000 -0.19730000
vn 0.94040000 -0.29280000 -0.17280000
vn 0.94790000 -0.27860000 -0.15430000
vn 0.95090000 -0.27180000 -0.14780000
vn 0.96570000 -0.23750000 -0.10500000
vn 0.96000000 -0.25160000 -0.12250000
vn 0.97830000 -0.20000000 -0.05440000
vn 0.97430000 -0.21420000 -0.06990000
vn 0.97710000 -0.20540000 -0.05630000
vn 0.96970000 -0.22840000 -0.08640000
vn 0.97290000 -0.21960000 -0.07220000
vn 0.96450000 -0.24270000 -0.10410000
vn 0.96820000 -0.23390000 -0.08920000
vn 0.96270000 -0.24830000 -0.10730000
vn 0.96650000 -0.23960000 -0.09150000
vn 0.96090000 -0.25410000 -0.11040000
vn 0.96490000 -0.24550000 -0.09350000
vn 0.95900000 -0.26010000 -0.11300000
vn 0.96310000 -0.25160000 -0.09540000
vn 0.95700000 -0.26620000 -0.11550000
vn 0.96140000 -0.25790000 -0.09610000
vn 0.95250000 -0.27660000 -0.12710000
vn 0.95960000 -0.26430000 -0.09630000
vn 0.96530000 -0.24980000 -0.07630000
vn 0.96340000 -0.25690000 -0.07640000
vn 0.96870000 -0.24180000 -0.05590000
vn 0.97150000 -0.23430000 -0.03610000
vn 0.97300000 -0.22760000 -0.03870000
vn 0.97530000 -0.22000000 -0.01990000
vn 0.97670000 -0.21340000 -0.02300000
vn 0.97860000 -0.20580000 -0.00510000
vn 0.97990000 -0.19920000 -0.00860000
vn 0.98140000 -0.19180000 0.00840000
vn 0.98270000 -0.18510000 0.00460000
vn 0.98380000 -0.17790000 0.02080000
vn 0.98590000 -0.16390000 0.03230000
vn 0.98660000 -0.14990000 0.06360000
vn 0.98800000 -0.13620000 0.07260000
vn 0.98770000 -0.12950000 0.08770000
vn 0.98800000 -0.10950000 0.10920000
vn 0.98740000 -0.12620000 0.09530000
vn 0.98700000 -0.12330000 0.10260000
vn 0.98630000 -0.13990000 0.08760000
vn 0.98600000 -0.13670000 0.09550000
vn 0.98510000 -0.15300000 0.07890000
vn 0.98480000 -0.15020000 0.08760000
vn 0.98330000 -0.16400000 0.07910000
vn 0.98310000 -0.16080000 0.08800000
vn 0.98150000 -0.17450000 0.07910000
vn 0.98120000 -0.17120000 0.08870000
vn 0.97950000 -0.18500000 0.07910000
vn 0.97890000 -0.17860000 0.09980000
vn 0.97720000 -0.19240000 0.09040000
vn 0.97610000 -0.18620000 0.11190000
vn 0.97340000 -0.19420000 0.12180000
vn 0.97460000 -0.17980000 0.13350000
vn 0.96980000 -0.16810000 0.17660000
vn 0.97600000 -0.16620000 0.14070000
vn 0.97100000 -0.15480000 0.18200000
vn 0.97730000 -0.15270000 0.14710000
vn 0.97220000 -0.14140000 0.18640000
vn 0.97840000 -0.13920000 0.15260000
vn 0.97340000 -0.12810000 0.19010000
vn 0.97950000 -0.12580000 0.15750000
vn 0.97450000 -0.11450000 0.19290000
vn 0.97550000 -0.10120000 0.19530000
vn 0.96910000 -0.09060000 0.22940000
vn 0.97020000 -0.07720000 0.22980000
vn 0.96650000 -0.07210000 0.24620000
vn 0.97110000 -0.06380000 0.22980000
vn 0.96260000 -0.06730000 0.26250000
vn 0.95510000 -0.04440000 0.29300000
vn 0.95830000 -0.06250000 0.27900000
vn 0.95350000 -0.05780000 0.29590000
vn 0.95670000 -0.07580000 0.28090000
vn 0.95170000 -0.07120000 0.29850000
vn 0.95520000 -0.08880000 0.28220000
vn 0.94990000 -0.08450000 0.30080000
vn 0.94810000 -0.09770000 0.30270000
vn 0.93600000 -0.08870000 0.34070000
vn 0.93350000 -0.10180000 0.34380000
vn 0.92640000 -0.09750000 0.36380000
vn 0.92350000 -0.11050000 0.36730000
vn 0.91550000 -0.10630000 0.38790000
vn 0.91210000 -0.11930000 0.39220000
vn 0.90340000 -0.11510000 0.41320000
vn 0.91340000 -0.13410000 0.38440000
vn 0.88520000 -0.12210000 0.44900000
vn 0.89410000 -0.11130000 0.43390000
vn 0.88400000 -0.10740000 0.45500000
vn 0.89820000 -0.09840000 0.42850000
vn 0.88870000 -0.09460000 0.44860000
vn 0.90220000 -0.08540000 0.42280000
vn 0.89320000 -0.08170000 0.44220000
vn 0.90610000 -0.07230000 0.41690000
vn 0.89750000 -0.06850000 0.43570000
vn 0.90990000 -0.05900000 0.41070000
vn 0.90170000 -0.05520000 0.42890000
vn 0.90570000 -0.04190000 0.42200000
vn 0.89720000 -0.03810000 0.43990000
vn 0.90140000 -0.02460000 0.43230000
vn 0.89280000 -0.02040000 0.44990000
vn 0.90530000 -0.01090000 0.42460000
vn 0.88410000 -0.01720000 0.46700000
vn 0.87040000 0.00360000 0.49230000
vn 0.87480000 -0.01370000 0.48440000
vn 0.86500000 -0.01030000 0.50170000
vn 0.86950000 -0.02740000 0.49320000
vn 0.85930000 -0.02410000 0.51100000
vn 0.86390000 -0.04100000 0.50190000
vn 0.85340000 -0.03770000 0.51990000
vn 0.85810000 -0.05460000 0.51060000
vn 0.84710000 -0.05120000 0.52890000
vn 0.84070000 -0.06450000 0.53760000
vn 0.83470000 -0.06290000 0.54710000
vn 0.82770000 -0.07600000 0.55600000
vn 0.82140000 -0.07450000 0.56550000
vn 0.81360000 -0.08740000 0.57480000
vn 0.80000000 -0.08450000 0.59400000
vn 0.81170000 -0.10140000 0.57530000
vn 0.76150000 -0.09190000 0.64160000
vn 0.77160000 -0.07900000 0.63110000
vn 0.74120000 -0.07410000 0.66720000
vn 0.78090000 -0.06610000 0.62120000
vn 0.75160000 -0.06100000 0.65680000
vn 0.78970000 -0.05280000 0.61130000
vn 0.76140000 -0.04750000 0.64660000
vn 0.79800000 -0.03940000 0.60140000
vn 0.77060000 -0.03380000 0.63640000
vn 0.77940000 -0.01980000 0.62620000
vn 0.76520000 -0.01710000 0.64360000
vn 0.77400000 -0.00280000 0.63320000
vn 0.76680000 -0.00140000 0.64180000
vn 0.77570000 0.01320000 0.63100000
vn 0.76850000 0.01450000 0.63970000
vn 0.77700000 0.02910000 0.62880000
vn 0.76120000 0.01570000 0.64840000
vn 0.75430000 0.01700000 0.65630000
vn 0.75240000 0.00130000 0.65870000
vn 0.74520000 0.00250000 0.66690000
vn 0.74300000 -0.01310000 0.66920000
vn 0.73570000 -0.01190000 0.67720000
vn 0.73320000 -0.02760000 0.67950000
vn 0.72560000 -0.02640000 0.68760000
vn 0.71520000 -0.04030000 0.69780000
vn 0.70710000 -0.03920000 0.70600000
vn 0.69580000 -0.05300000 0.71620000
vn 0.68730000 -0.05190000 0.72450000
vn 0.67500000 -0.06550000 0.73490000
vn 0.65760000 -0.06340000 0.75070000
vn 0.67160000 -0.07970000 0.73660000
vn 0.64170000 -0.07670000 0.76310000
vn 0.63970000 -0.06180000 0.76610000
vn 0.61840000 -0.07460000 0.78230000
vn 0.60290000 -0.05850000 0.79570000
vn 0.58400000 -0.05700000 0.80970000
vn 0.61650000 -0.04440000 0.78610000
vn 0.59770000 -0.04270000 0.80060000
vn 0.62900000 -0.03000000 0.77680000
vn 0.61040000 -0.02820000 0.79160000
vn 0.64080000 -0.01530000 0.76750000
vn 0.62240000 -0.01330000 0.78260000
vn 0.63380000 0.00180000 0.77350000
vn 0.62430000 0.00290000 0.78120000
vn 0.63520000 0.01820000 0.77210000
vn 0.62580000 0.01930000 0.77970000
vn 0.62770000 0.02480000 0.77800000
vn 0.62240000 0.02130000 0.78240000
vn 0.52530000 -0.66970000 -0.52490000
vn 0.59230000 -0.63270000 -0.49890000
vn 0.60990000 -0.61930000 -0.49440000
vn 0.63870000 -0.60620000 -0.47380000
vn 0.65620000 -0.59240000 -0.46750000
vn 0.66440000 -0.59320000 -0.45470000
vn 0.68170000 -0.57900000 -0.44720000
vn 0.68740000 -0.58020000 -0.43690000
vn 0.70450000 -0.56570000 -0.42850000
vn 0.72510000 -0.55250000 -0.41110000
vn 0.74150000 -0.53770000 -0.40130000
vn 0.75980000 -0.52440000 -0.38440000
vn 0.76750000 -0.51690000 -0.37900000
vn 0.47930000 -0.69580000 -0.53490000
vn 0.53340000 -0.67200000 -0.51360000
vn 0.55450000 -0.65890000 -0.50830000
vn 0.57400000 -0.64580000 -0.50350000
vn 0.58280000 -0.64690000 -0.49180000
vn 0.60240000 -0.63350000 -0.48560000
vn 0.60820000 -0.63490000 -0.47640000
vn 0.62790000 -0.62110000 -0.46900000
vn 0.63110000 -0.62300000 -0.46200000
vn 0.65090000 -0.60880000 -0.45350000
vn 0.67140000 -0.59670000 -0.43960000
vn 0.69010000 -0.58210000 -0.43010000
vn 0.70880000 -0.56970000 -0.41590000
vn 0.72660000 -0.55470000 -0.40540000
vn 0.74350000 -0.54220000 -0.39140000
vn 0.74360000 -0.53960000 -0.39490000
vn 0.45020000 -0.70950000 -0.54210000
vn 0.48180000 -0.69940000 -0.52790000
vn 0.50960000 -0.68550000 -0.52010000
vn 0.53790000 -0.67430000 -0.50590000
vn 0.56180000 -0.66050000 -0.49820000
vn 0.56370000 -0.66300000 -0.49260000
vn 0.58690000 -0.64890000 -0.48420000
vn 0.58710000 -0.65170000 -0.48020000
vn 0.61010000 -0.63730000 -0.47090000
vn 0.63050000 -0.62590000 -0.45900000
vn 0.65160000 -0.61130000 -0.44920000
vn 0.67030000 -0.59970000 -0.43710000
vn 0.69010000 -0.58470000 -0.42650000
vn 0.66640000 -0.60350000 -0.43780000
vn 0.38640000 -0.73830000 -0.55280000
vn 0.44420000 -0.71510000 -0.53980000
vn 0.46560000 -0.70670000 -0.53270000
vn 0.49630000 -0.69600000 -0.51890000
vn 0.51150000 -0.68850000 -0.51410000
vn 0.52360000 -0.68510000 -0.50650000
vn 0.53810000 -0.67750000 -0.50150000
vn 0.54860000 -0.67400000 -0.49480000
vn 0.56200000 -0.66650000 -0.48990000
vn 0.58360000 -0.65560000 -0.47920000
vn 0.60790000 -0.64070000 -0.46910000
vn 0.62710000 -0.62960000 -0.45870000
vn 0.64930000 -0.61460000 -0.44790000
vn 0.38150000 -0.73870000 -0.55570000
vn 0.34410000 -0.75860000 -0.55330000
vn 0.37680000 -0.74980000 -0.54390000
vn 0.42390000 -0.72690000 -0.54030000
vn 0.40630000 -0.74090000 -0.53480000
vn 0.45530000 -0.71670000 -0.52820000
vn 0.43280000 -0.73170000 -0.52660000
vn 0.48340000 -0.70630000 -0.51710000
vn 0.45660000 -0.72240000 -0.51930000
vn 0.50870000 -0.69590000 -0.50690000
vn 0.53150000 -0.68550000 -0.49770000
vn 0.55070000 -0.67450000 -0.49160000
vn 0.57160000 -0.66390000 -0.48220000
vn 0.58040000 -0.65930000 -0.47800000
vn 0.57110000 -0.66490000 -0.48140000
vn 0.59100000 -0.65230000 -0.47450000
vn 0.60330000 -0.64470000 -0.46940000
vn 0.57070000 -0.66310000 -0.48430000
vn 0.37940000 -0.73880000 -0.55690000
vn 0.36960000 -0.73960000 -0.56250000
vn 0.35900000 -0.74010000 -0.56860000
vn 0.26430000 -0.78520000 -0.55990000
vn 0.29790000 -0.77820000 -0.55280000
vn 0.32770000 -0.77070000 -0.54650000
vn 0.27640000 -0.78890000 -0.54880000
vn 0.30000000 -0.78230000 -0.54580000
vn 0.24310000 -0.79890000 -0.55010000
vn 0.26110000 -0.79330000 -0.55000000
vn 0.19830000 -0.80760000 -0.55530000
vn 0.21110000 -0.80290000 -0.55740000
vn 0.14220000 -0.81420000 -0.56280000
vn 0.22290000 -0.79810000 -0.55980000
vn 0.15030000 -0.81050000 -0.56620000
vn 0.23360000 -0.79370000 -0.56170000
vn 0.15780000 -0.80650000 -0.56980000
vn 0.24360000 -0.78900000 -0.56400000
vn 0.16470000 -0.80260000 -0.57330000
vn 0.07950000 -0.81450000 -0.57470000
vn 0.08300000 -0.81110000 -0.57900000
vn -0.00000000 -0.81390000 -0.58100000
vn 0.00020000 -0.82250000 -0.56880000
vn 0.07570000 -0.81780000 -0.57050000
vn 0.07160000 -0.82100000 -0.56640000
vn 0.25020000 -0.79540000 -0.55210000
vn 0.17680000 -0.81470000 -0.55220000
vn 0.20140000 -0.80970000 -0.55110000
vn 0.15160000 -0.82110000 -0.55020000
vn 0.16860000 -0.81660000 -0.55200000
vn 0.11310000 -0.82570000 -0.55270000
vn 0.12360000 -0.82190000 -0.55610000
vn 0.06220000 -0.82780000 -0.55750000
vn 0.06700000 -0.82450000 -0.56180000
vn 0.00020000 -0.83090000 -0.55650000
vn 0.08800000 -0.83290000 -0.54630000
vn 0.10130000 -0.82940000 -0.54940000
vn 0.05660000 -0.83110000 -0.55320000
vn 0.05060000 -0.83430000 -0.54890000
vn -0.00010000 -0.83910000 -0.54400000
vn 0.31890000 -0.77070000 -0.55170000
vn 0.30610000 -0.77620000 -0.55120000
vn 0.29240000 -0.78190000 -0.55070000
vn 0.27750000 -0.78770000 -0.55010000
vn 0.32140000 -0.77560000 -0.54320000
vn 0.35460000 -0.76290000 -0.54060000
vn 0.38960000 -0.74840000 -0.53670000
vn 0.37450000 -0.75510000 -0.53810000
vn 0.35850000 -0.76210000 -0.53920000
vn 0.34080000 -0.76880000 -0.54110000
vn 0.37860000 -0.75490000 -0.53550000
vn 0.45530000 -0.72290000 -0.51960000
vn 0.43840000 -0.73080000 -0.52320000
vn 0.42020000 -0.73880000 -0.52690000
vn 0.40060000 -0.74690000 -0.53070000
vn 0.51590000 -0.69490000 -0.50100000
vn 0.49750000 -0.70400000 -0.50680000
vn 0.47790000 -0.71320000 -0.51280000
vn 0.55220000 -0.67520000 -0.48910000
vn 0.85460000 -0.42510000 -0.29810000
vn 0.81810000 -0.46540000 -0.33790000
vn 0.81190000 -0.47220000 -0.34340000
vn 0.80770000 -0.47670000 -0.34690000
vn 0.79250000 -0.48970000 -0.36350000
vn 0.89360000 -0.37270000 -0.25020000
vn 0.86320000 -0.41210000 -0.29180000
vn 0.84180000 -0.43850000 -0.31490000
vn 0.80320000 -0.47860000 -0.35470000
vn 0.79680000 -0.48530000 -0.36000000
vn 0.78010000 -0.49860000 -0.37790000
vn 0.77540000 -0.50310000 -0.38170000
vn 0.76140000 -0.51210000 -0.39750000
vn 0.92420000 -0.32370000 -0.20250000
vn 0.89950000 -0.36170000 -0.24500000
vn 0.88230000 -0.38660000 -0.26850000
vn 0.84960000 -0.42600000 -0.31100000
vn 0.82760000 -0.45200000 -0.33290000
vn 0.81170000 -0.46580000 -0.35240000
vn 0.78660000 -0.49210000 -0.37300000
vn 0.79400000 -0.47980000 -0.37330000
vn 0.76810000 -0.50560000 -0.39280000
vn 0.77410000 -0.49370000 -0.39630000
vn 0.74750000 -0.51940000 -0.41420000
vn 0.75170000 -0.50780000 -0.42080000
vn 0.91480000 -0.33780000 -0.22130000
vn 0.88780000 -0.37610000 -0.26530000
vn 0.86970000 -0.40060000 -0.28840000
vn 0.85570000 -0.41490000 -0.30940000
vn 0.83470000 -0.44000000 -0.33120000
vn 0.83990000 -0.42930000 -0.33210000
vn 0.81780000 -0.45420000 -0.35340000
vn 0.82210000 -0.44380000 -0.35660000
vn 0.79890000 -0.46850000 -0.37710000
vn 0.80200000 -0.45840000 -0.38300000
vn 0.77760000 -0.48290000 -0.40270000
vn 0.97950000 -0.19680000 -0.04260000
vn 0.98600000 -0.16650000 -0.00190000
vn 0.98160000 -0.18850000 -0.02870000
vn 0.98340000 -0.18110000 -0.01490000
vn 0.97830000 -0.20260000 -0.04320000
vn 0.98050000 -0.19440000 -0.02860000
vn 0.97450000 -0.21670000 -0.05880000
vn 0.97700000 -0.20860000 -0.04340000
vn 0.97310000 -0.22290000 -0.05910000
vn 0.97570000 -0.21480000 -0.04260000
vn 0.97160000 -0.22910000 -0.05890000
vn 0.97440000 -0.22110000 -0.04110000
vn 0.97020000 -0.23540000 -0.05780000
vn 0.98930000 -0.13640000 0.05280000
vn 0.98620000 -0.16490000 0.01370000
vn 0.98500000 -0.17250000 -0.00060000
vn 0.98770000 -0.15010000 0.04290000
vn 0.98710000 -0.15740000 0.02830000
vn 0.98510000 -0.17120000 0.01690000
vn 0.98390000 -0.17880000 0.00150000
vn 0.98120000 -0.19270000 -0.01170000
vn 0.97930000 -0.20060000 -0.02760000
vn 0.97800000 -0.20690000 -0.02570000
vn 0.98200000 -0.08540000 0.16840000
vn 0.98480000 -0.11070000 0.13350000
vn 0.98610000 -0.11680000 0.11780000
vn 0.98660000 -0.12010000 0.11030000
vn 0.98560000 -0.13350000 0.10340000
vn 0.97640000 -0.08770000 0.19750000
vn 0.98130000 -0.09890000 0.16520000
vn 0.98320000 -0.10470000 0.14930000
vn 0.98240000 -0.11810000 0.14490000
vn 0.98390000 -0.12420000 0.12820000
vn 0.98290000 -0.13760000 0.12220000
vn 0.98400000 -0.14400000 0.10470000
vn 0.98170000 -0.15130000 0.11570000
vn 0.98270000 -0.15760000 0.09710000
vn 0.98040000 -0.16490000 0.10820000
vn 0.94290000 -0.04880000 0.32960000
vn 0.93330000 -0.02680000 0.35800000
vn 0.93690000 -0.04450000 0.34670000
vn 0.93060000 -0.04040000 0.36370000
vn 0.93450000 -0.05790000 0.35130000
vn 0.92780000 -0.05370000 0.36910000
vn 0.93190000 -0.07100000 0.35560000
vn 0.92490000 -0.06720000 0.37410000
vn 0.92190000 -0.08030000 0.37900000
vn 0.91420000 -0.07620000 0.39800000
vn 0.91070000 -0.08930000 0.40330000
vn 0.91690000 -0.03220000 0.39780000
vn 0.92380000 -0.03600000 0.38110000
vn 0.82800000 0.01680000 0.56050000
vn 0.84400000 -0.00370000 0.53630000
vn 0.85480000 -0.00700000 0.51900000
vn 0.85980000 -0.00850000 0.51050000
vn 0.85400000 -0.02240000 0.51990000
vn 0.79580000 0.00870000 0.60550000
vn 0.82090000 0.00270000 0.57110000
vn 0.83750000 -0.01770000 0.54610000
vn 0.84870000 -0.02080000 0.52850000
vn 0.84240000 -0.03460000 0.53780000
vn 0.84780000 -0.03610000 0.52900000
vn 0.84140000 -0.04970000 0.53810000
vn 0.71700000 0.04030000 0.69590000
vn 0.73920000 0.01990000 0.67310000
vn 0.74710000 0.01850000 0.66440000
vn 0.64660000 0.05080000 0.76120000
vn 0.67300000 0.03020000 0.73900000
vn 0.70740000 0.02510000 0.70640000
vn 0.72360000 0.02250000 0.68980000
vn 0.71390000 0.00770000 0.70020000
vn 0.72980000 0.00510000 0.68370000
vn 0.72000000 -0.00950000 0.69400000
vn 0.72810000 -0.01070000 0.68540000
vn 0.71780000 -0.02530000 0.69580000
vn 0.56540000 0.06050000 0.82260000
vn 0.59710000 0.03960000 0.80120000
vn 0.60750000 0.03840000 0.79340000
vn 0.61720000 0.03730000 0.78590000
vn 0.60540000 0.03530000 0.79510000
vn 0.63090000 0.03210000 0.77520000
vn 0.47250000 0.06920000 0.87860000
vn 0.51070000 0.04810000 0.85840000
vn 0.52250000 0.04710000 0.85130000
vn 0.53340000 0.04610000 0.84460000
vn 0.53160000 0.04310000 0.84590000
vn 0.54410000 0.04500000 0.83780000
vn 0.55350000 0.04090000 0.83190000
vn 0.55520000 0.04400000 0.83050000
vn 0.56600000 0.04290000 0.82330000
vn 0.57660000 0.04180000 0.81600000
vn 0.57460000 0.03870000 0.81750000
vn 0.42170000 0.07310000 0.90380000
vn 0.43890000 0.05390000 0.89690000
vn 0.45090000 0.05300000 0.89100000
vn 0.46330000 0.05200000 0.88470000
vn 0.45180000 0.05000000 0.89070000
vn 0.47550000 0.05110000 0.87820000
vn 0.48740000 0.05010000 0.87170000
vn 0.36810000 0.07680000 0.92660000
vn 0.38750000 0.05720000 0.92010000
vn 0.41350000 0.05570000 0.90880000
vn 0.42650000 0.05510000 0.90280000
vn 0.41780000 0.03750000 0.90780000
vn 0.40790000 0.02850000 0.91260000
vn 0.40500000 0.03840000 0.91350000
vn 0.39630000 0.02120000 0.91790000
vn 0.37150000 0.02270000 0.92810000
vn 0.39340000 0.01590000 0.91920000
vn 0.36840000 0.01630000 0.92950000
vn 0.38720000 0.00440000 0.92200000
vn 0.36300000 0.00550000 0.93180000
vn 0.35400000 -0.01100000 0.93520000
vn 0.32980000 -0.01000000 0.94400000
vn 0.32100000 -0.02660000 0.94670000
vn 0.29710000 -0.02570000 0.95450000
vn 0.28840000 -0.04240000 0.95660000
vn 0.26490000 -0.04180000 0.96340000
vn 0.25510000 -0.05790000 0.96520000
vn 0.24080000 -0.04090000 0.96970000
vn 0.21660000 -0.04040000 0.97540000
vn 0.24810000 -0.02400000 0.96840000
vn 0.22260000 -0.02320000 0.97460000
vn 0.25470000 -0.00700000 0.96700000
vn 0.22830000 -0.00610000 0.97360000
vn 0.26090000 0.01020000 0.96530000
vn 0.23360000 0.01120000 0.97230000
vn 0.23550000 0.01830000 0.97170000
vn 0.20720000 0.01820000 0.97810000
vn 0.21000000 0.03000000 0.97730000
vn 0.18170000 0.03090000 0.98290000
vn 0.21410000 0.04790000 0.97560000
vn 0.18510000 0.04890000 0.98150000
vn 0.18840000 0.06720000 0.97980000
vn 0.15860000 0.06790000 0.98500000
vn 0.19170000 0.08550000 0.97770000
vn 0.12890000 0.08730000 0.98780000
vn 0.31170000 0.08020000 0.94680000
vn 0.33330000 0.06090000 0.94080000
vn 0.36070000 0.05920000 0.93080000
vn 0.37950000 0.03980000 0.92430000
vn 0.25280000 0.08310000 0.96400000
vn 0.27760000 0.06370000 0.95860000
vn 0.30570000 0.06230000 0.95010000
vn 0.32660000 0.04290000 0.94420000
vn 0.35380000 0.04150000 0.93440000
vn 0.31970000 0.02530000 0.94720000
vn 0.34610000 0.02410000 0.93790000
vn 0.34290000 0.01700000 0.93920000
vn 0.21810000 0.06620000 0.97370000
vn 0.24800000 0.06490000 0.96660000
vn 0.27210000 0.04550000 0.96120000
vn 0.29970000 0.04420000 0.95300000
vn 0.26670000 0.02780000 0.96340000
vn 0.29350000 0.02670000 0.95560000
vn 0.29020000 0.01780000 0.95680000
vn 0.31650000 0.01710000 0.94840000
vn 0.31250000 0.00800000 0.94990000
vn 0.33820000 0.00680000 0.94110000
vn 0.30510000 -0.00890000 0.95230000
vn 0.06480000 0.08850000 0.99400000
vn 0.09550000 0.06940000 0.99300000
vn 0.11130000 0.06890000 0.99140000
vn 0.12700000 0.06880000 0.98950000
vn 0.12500000 0.05040000 0.99090000
vn 0.14030000 0.05010000 0.98880000
vn 0.12290000 0.03230000 0.99190000
vn 0.13810000 0.03190000 0.98990000
vn 0.13620000 0.01800000 0.99050000
vn 0.15090000 0.01810000 0.98840000
vn 0.15010000 0.01370000 0.98860000
vn 0.17810000 0.01300000 0.98390000
vn 0.14710000 -0.00390000 0.98910000
vn 0.17440000 -0.00450000 0.98470000
vn 0.14380000 -0.02130000 0.98940000
vn 0.17050000 -0.02180000 0.98510000
vn 0.14040000 -0.03840000 0.98930000
vn 0.16610000 -0.03900000 0.98530000
vn 0.18590000 -0.05620000 0.98100000
vn 0.19160000 -0.03940000 0.98070000
vn 0.06390000 0.06980000 0.99550000
vn -0.00000000 0.08890000 0.99600000
vn -0.00000000 0.07020000 0.99750000
vn 0.06310000 0.05140000 0.99670000
vn -0.00010000 0.05180000 0.99870000
vn -0.00010000 0.03360000 0.99940000
vn -0.00020000 0.01560000 0.99990000
vn 0.06140000 0.01700000 0.99800000
vn 0.06220000 0.03320000 0.99750000
vn 0.09410000 0.05100000 0.99430000
vn 0.10950000 0.05080000 0.99270000
vn 0.06130000 0.01530000 0.99800000
vn -0.00030000 -0.00210000 1.00000000
vn 0.06040000 -0.00240000 0.99820000
vn -0.00040000 -0.01960000 0.99980000
vn 0.05940000 -0.01990000 0.99800000
vn -0.00050000 -0.03690000 0.99930000
vn 0.05830000 -0.03720000 0.99760000
vn -0.00070000 -0.05390000 0.99850000
vn 0.10900000 -0.05480000 0.99250000
vn 0.12750000 -0.03830000 0.99110000
vn 0.11400000 -0.03780000 0.99280000
vn 0.13020000 -0.02090000 0.99130000
vn 0.11660000 -0.02070000 0.99300000
vn 0.13300000 -0.00350000 0.99110000
vn 0.11870000 -0.00330000 0.99290000
vn 0.13560000 0.01400000 0.99070000
vn 0.12080000 0.01440000 0.99260000
vn 0.12120000 0.01790000 0.99250000
vn 0.10660000 0.01770000 0.99410000
vn 0.10790000 0.03260000 0.99360000
vn 0.09270000 0.03280000 0.99520000
vn 0.32000000 -0.05960000 0.94550000
vn 0.31130000 -0.04290000 0.94940000
vn 0.34440000 -0.02760000 0.93840000
vn 0.37750000 -0.01220000 0.92590000
vn 0.39940000 0.00370000 0.91680000
vn 0.40600000 0.01550000 0.91370000
vn 0.40860000 0.02030000 0.91250000
vn 0.40920000 0.02200000 0.91220000
vn 0.41860000 0.01930000 0.90800000
vn 0.41810000 0.01520000 0.90830000
vn 0.41100000 0.00300000 0.91160000
vn 0.42250000 0.00240000 0.90630000
vn 0.40080000 -0.01340000 0.91610000
vn 0.41230000 -0.01400000 0.91100000
vn 0.38970000 -0.02950000 0.92040000
vn 0.40100000 -0.03010000 0.91560000
vn 0.37790000 -0.04520000 0.92470000
vn 0.38900000 -0.04560000 0.92010000
vn 0.38100000 -0.06150000 0.92250000
vn 0.40000000 -0.04640000 0.91530000
vn 0.41070000 -0.04690000 0.91060000
vn 0.42350000 -0.03120000 0.90540000
vn 0.43440000 -0.03180000 0.90020000
vn 0.44610000 -0.01590000 0.89490000
vn 0.46820000 -0.01720000 0.88350000
vn 0.47970000 -0.00130000 0.87740000
vn 0.49090000 -0.00200000 0.87120000
vn 0.48590000 0.01290000 0.87390000
vn 0.50140000 -0.00320000 0.86520000
vn 0.50840000 0.01230000 0.86100000
vn 0.51220000 -0.00390000 0.85880000
vn 0.52280000 -0.00460000 0.85240000
vn 0.50060000 -0.01930000 0.86550000
vn 0.51110000 -0.02000000 0.85930000
vn 0.48790000 -0.03470000 0.87220000
vn 0.49840000 -0.03540000 0.86620000
vn 0.47420000 -0.04990000 0.87900000
vn 0.48460000 -0.05010000 0.87330000
vn 0.48870000 -0.06600000 0.87000000
vn 0.49510000 -0.05060000 0.86740000
vn 0.50520000 -0.05160000 0.86140000
vn 0.51910000 -0.03670000 0.85390000
vn 0.53920000 -0.03810000 0.84130000
vn 0.55210000 -0.02310000 0.83340000
vn 0.56210000 -0.02390000 0.82670000
vn 0.57430000 -0.00890000 0.81860000
vn 0.58410000 -0.00980000 0.81160000
vn 0.58590000 0.00670000 0.81040000
vn 0.59560000 0.00570000 0.80320000
vn 0.59350000 0.01560000 0.80470000
vn 0.60520000 0.00460000 0.79610000
vn 0.61520000 0.01920000 0.78810000
vn 0.61490000 0.00380000 0.78860000
vn 0.35620000 -0.04460000 0.93340000
vn 0.33410000 -0.04360000 0.94150000
vn 0.42830000 -0.06330000 0.90140000
vn 0.42150000 -0.04730000 0.90560000
vn 0.45600000 -0.03290000 0.88940000
vn 0.47930000 -0.01790000 0.87750000
vn 0.46380000 -0.04970000 0.88450000
vn 0.45360000 -0.04910000 0.88990000
vn 0.44290000 -0.04830000 0.89530000
vn 0.46690000 -0.03350000 0.88370000
vn 0.52530000 -0.05280000 0.84930000
vn 0.55120000 -0.06960000 0.83140000
vn 0.53520000 -0.05360000 0.84300000
vn 0.54520000 -0.05430000 0.83650000
vn 0.55900000 -0.03960000 0.82820000
vn 0.56890000 -0.04030000 0.82140000
vn 0.58170000 -0.02550000 0.81300000
vn 0.59130000 -0.02640000 0.80600000
vn 0.60330000 -0.01160000 0.79740000
vn 0.61290000 -0.01250000 0.79000000
vn 0.57450000 -0.05640000 0.81660000
vn 0.56470000 -0.05520000 0.82340000
vn 0.58810000 -0.04190000 0.80770000
vn 0.57870000 -0.04110000 0.81450000
vn 0.60090000 -0.02720000 0.79880000
vn 0.69090000 -0.08190000 0.71830000
vn 0.69200000 -0.06730000 0.71870000
vn 0.68350000 -0.06660000 0.72690000
vn 0.70730000 -0.08390000 0.70190000
vn 0.70860000 -0.06930000 0.70220000
vn 0.70040000 -0.06870000 0.71050000
vn 0.71210000 -0.05510000 0.69990000
vn 0.70400000 -0.05400000 0.70820000
vn 0.72300000 -0.04140000 0.68960000
vn 0.71620000 -0.08510000 0.69270000
vn 0.72510000 -0.07180000 0.68490000
vn 0.71670000 -0.07070000 0.69380000
vn 0.72800000 -0.05730000 0.68310000
vn 0.72010000 -0.05620000 0.69160000
vn 0.73850000 -0.04370000 0.67280000
vn 0.73080000 -0.04250000 0.68130000
vn 0.74840000 -0.03000000 0.66250000
vn 0.74090000 -0.02880000 0.67100000
vn 0.75060000 -0.01440000 0.66060000
vn 0.72310000 -0.08610000 0.68540000
vn 0.84690000 -0.11000000 0.52030000
vn 0.82670000 -0.09050000 0.55530000
vn 0.82000000 -0.08900000 0.56530000
vn 0.87360000 -0.10390000 0.47550000
vn 0.86270000 -0.10040000 0.49570000
vn 0.85120000 -0.09660000 0.51580000
vn 0.86830000 -0.08740000 0.48830000
vn 0.85730000 -0.08400000 0.50790000
vn 0.87360000 -0.07440000 0.48090000
vn 0.86310000 -0.07100000 0.50000000
vn 0.87870000 -0.06130000 0.47330000
vn 0.86870000 -0.05790000 0.49200000
vn 0.87400000 -0.04440000 0.48380000
vn 0.93540000 -0.14670000 0.32170000
vn 0.92840000 -0.12780000 0.34900000
vn 0.92060000 -0.12360000 0.37040000
vn 0.95700000 -0.16500000 0.23840000
vn 0.94810000 -0.14190000 0.28440000
vn 0.94210000 -0.13700000 0.30600000
vn 0.94410000 -0.12390000 0.30540000
vn 0.93100000 -0.11490000 0.34660000
vn 0.94610000 -0.11080000 0.30430000
vn 0.96770000 -0.17990000 0.17680000
vn 0.96280000 -0.15710000 0.21980000
vn 0.95840000 -0.15200000 0.24160000
vn 0.95360000 -0.14670000 0.26290000
vn 0.95990000 -0.13860000 0.24360000
vn 0.95520000 -0.13360000 0.26410000
vn 0.96130000 -0.12540000 0.24520000
vn 0.95680000 -0.12040000 0.26480000
vn 0.96270000 -0.11220000 0.24610000
vn 0.95830000 -0.10720000 0.26490000
vn 0.96420000 -0.09840000 0.24620000
vn 0.95990000 -0.09380000 0.26430000
vn 0.96120000 -0.08060000 0.26370000
vn 0.97540000 -0.21380000 0.05300000
vn 0.97760000 -0.19880000 0.06860000
vn 0.97970000 -0.18830000 0.06910000
vn 0.98160000 -0.17780000 0.06960000
vn 0.98340000 -0.16730000 0.07020000
vn 0.98510000 -0.15690000 0.07070000
vn 0.98650000 -0.14320000 0.07970000
vn 0.97220000 -0.23370000 -0.01050000
vn 0.97720000 -0.20890000 0.03660000
vn 0.97750000 -0.20540000 0.04770000
vn 0.97760000 -0.20210000 0.05800000
vn 0.97970000 -0.19160000 0.05900000
vn 0.97560000 -0.21950000 0.00500000
vn 0.97680000 -0.21240000 0.02600000
vn 0.97850000 -0.20540000 0.01900000
vn 0.97930000 -0.19840000 0.03890000
vn 0.98100000 -0.19140000 0.03180000
vn 0.98150000 -0.18450000 0.05060000
vn 0.98320000 -0.17750000 0.04340000
vn 0.98340000 -0.17070000 0.06110000
vn 0.98500000 -0.16370000 0.05390000
vn 0.94330000 -0.29070000 -0.16020000
vn 0.95210000 -0.27470000 -0.13430000
vn 0.95430000 -0.26870000 -0.13070000
vn 0.95640000 -0.26290000 -0.12700000
vn 0.95850000 -0.25720000 -0.12300000
vn 0.94630000 -0.28050000 -0.16100000
vn 0.95360000 -0.26600000 -0.14110000
vn 0.94670000 -0.28340000 -0.15300000
vn 0.93120000 -0.30720000 -0.19640000
vn 0.94080000 -0.29220000 -0.17150000
vn 0.93450000 -0.30140000 -0.18940000
vn 0.94360000 -0.28660000 -0.16560000
vn 0.91740000 -0.32490000 -0.23010000
vn 0.92830000 -0.31000000 -0.20530000
vn 0.91440000 -0.33040000 -0.23380000
vn 0.92540000 -0.31550000 -0.20990000
vn 0.91140000 -0.33660000 -0.23670000
vn 0.92230000 -0.32180000 -0.21400000
vn 0.90810000 -0.34390000 -0.23920000
vn 0.93190000 -0.30730000 -0.19280000
vn 0.90350000 -0.34020000 -0.26050000
vn 0.90480000 -0.33980000 -0.25670000
vn 0.87930000 -0.36660000 -0.30420000
vn 0.88750000 -0.36030000 -0.28740000
vn 0.85010000 -0.39630000 -0.34670000
vn 0.86860000 -0.38140000 -0.31630000
vn 0.84830000 -0.40330000 -0.34310000
vn 0.86640000 -0.38840000 -0.31390000
vn 0.81610000 -0.42920000 -0.38680000
vn 0.67940000 -0.55100000 -0.48460000
vn 0.65790000 -0.56890000 -0.49350000
vn 0.69060000 -0.55300000 -0.46610000
vn 0.68380000 -0.55770000 -0.47050000
vn 0.71050000 -0.54420000 -0.44610000
vn 0.70020000 -0.55110000 -0.45390000
vn 0.72490000 -0.53750000 -0.43080000
vn 0.71010000 -0.54890000 -0.44100000
vn 0.73360000 -0.53500000 -0.41910000
vn 0.72460000 -0.54260000 -0.42490000
vn 0.74600000 -0.52890000 -0.40460000
vn 0.73770000 -0.53640000 -0.41000000
vn 0.76530000 -0.51530000 -0.38570000
vn 0.65490000 -0.57070000 -0.49530000
vn 0.67240000 -0.56460000 -0.47860000
vn 0.68390000 -0.56260000 -0.46450000
vn 0.70060000 -0.55640000 -0.44680000
vn 0.71590000 -0.55000000 -0.43010000
vn 0.64920000 -0.57460000 -0.49840000
vn 0.65410000 -0.57630000 -0.48990000
vn 0.67360000 -0.57010000 -0.47040000
vn 0.69130000 -0.56380000 -0.45190000
vn 0.64290000 -0.58010000 -0.50010000
vn 0.64310000 -0.58370000 -0.49580000
vn 0.66330000 -0.57800000 -0.47530000
vn 0.63020000 0.03030000 0.77580000
vn 0.63640000 0.03500000 0.77060000
vn 0.62660000 0.03620000 0.77850000
vn 0.64580000 0.03380000 0.76280000
vn 0.62950000 0.02850000 0.77650000
vn 0.62850000 0.02660000 0.77730000
vn 0.57460000 0.01400000 0.81830000
vn 0.57560000 0.00780000 0.81770000
vn 0.56420000 -0.00780000 0.82560000
vn 0.53190000 -0.02160000 0.84650000
vn 0.50880000 -0.03600000 0.86010000
vn 0.55750000 0.01300000 0.83010000
vn 0.55520000 0.00970000 0.83170000
vn 0.54390000 -0.00610000 0.83910000
vn 0.52160000 -0.02080000 0.85300000
vn 0.54480000 0.01060000 0.83850000
vn 0.53480000 0.01240000 0.84490000
vn 0.53420000 0.01150000 0.84530000
vn 0.46590000 0.01390000 0.88470000
vn 0.45730000 0.00020000 0.88930000
vn 0.43490000 -0.01520000 0.90030000
vn 0.41220000 -0.03060000 0.91060000
vn 0.45420000 0.01430000 0.89080000
vn 0.45450000 0.01470000 0.89060000
vn 0.44220000 0.01470000 0.89680000
vn 0.43330000 0.01690000 0.90110000
vn 0.43000000 0.01500000 0.90270000
vn 0.40460000 0.02470000 0.91420000
vn 0.13310000 -0.81800000 -0.55960000
vn 0.18410000 -0.81210000 -0.55370000
vn 0.22340000 -0.80440000 -0.55060000
vn 0.44060000 -0.71780000 -0.53910000
vn 0.47280000 -0.70720000 -0.52570000
vn 0.47850000 -0.70400000 -0.52490000
vn 0.50160000 -0.69640000 -0.51330000
vn 0.62090000 -0.61990000 -0.47980000
vn 0.88490000 -0.36650000 -0.28760000
vn 0.88210000 -0.37350000 -0.28710000
vn 0.90190000 -0.34530000 -0.25950000
vn 0.89890000 -0.35140000 -0.26170000
vn 0.89590000 -0.35860000 -0.26220000
vn 0.94920000 -0.27750000 -0.14830000
vn 0.95160000 -0.27180000 -0.14350000
vn 0.93790000 -0.29520000 -0.18240000
vn 0.93500000 -0.30070000 -0.18800000
vn 0.94340000 -0.28620000 -0.16740000
vn 0.96690000 -0.24330000 -0.07700000
vn 0.96850000 -0.23720000 -0.07640000
vn 0.97000000 -0.23100000 -0.07570000
vn 0.97150000 -0.22520000 -0.07400000
vn 0.97580000 -0.21100000 -0.05780000
vn 0.97960000 -0.19500000 0.04900000
vn 0.98160000 -0.18110000 0.06010000
vn 0.97770000 -0.17230000 0.12030000
vn 0.97900000 -0.15870000 0.12760000
vn 0.98030000 -0.14500000 0.13370000
vn 0.98140000 -0.13170000 0.13980000
vn 0.98040000 -0.11230000 0.16160000
vn 0.96420000 -0.14380000 0.22290000
vn 0.96550000 -0.13050000 0.22530000
vn 0.96680000 -0.11730000 0.22720000
vn 0.96800000 -0.10390000 0.22850000
vn 0.96530000 -0.08550000 0.24660000
vn 0.94990000 -0.12870000 0.28470000
vn 0.95170000 -0.11560000 0.28440000
vn 0.95340000 -0.10240000 0.28370000
vn 0.90710000 -0.10230000 0.40830000
vn 0.91880000 -0.09330000 0.38360000
vn 0.92910000 -0.08440000 0.36000000
vn 0.93840000 -0.07550000 0.33730000
vn 0.94070000 -0.06220000 0.33360000
vn 0.87880000 -0.09100000 0.46850000
vn 0.88370000 -0.07800000 0.46160000
vn 0.88840000 -0.06490000 0.45450000
vn 0.88370000 -0.04790000 0.46560000
vn 0.87920000 -0.03090000 0.47550000
vn 0.84580000 -0.08080000 0.52730000
vn 0.83890000 -0.09390000 0.53610000
vn 0.83380000 -0.07760000 0.54660000
vn 0.85210000 -0.06770000 0.51890000
vn 0.80830000 -0.07160000 0.58430000
vn 0.82870000 -0.06140000 0.55630000
vn 0.81620000 -0.05840000 0.57480000
vn 0.82360000 -0.04500000 0.56540000
vn 0.80600000 -0.02540000 0.59140000
vn 0.78780000 -0.00570000 0.61590000
vn 0.78240000 0.01160000 0.62260000
vn 0.73600000 -0.05850000 0.67440000
vn 0.74630000 -0.04490000 0.66410000
vn 0.75600000 -0.03110000 0.65390000
vn 0.75790000 -0.01570000 0.65220000
vn 0.75970000 -0.00010000 0.65030000
vn 0.67030000 -0.04990000 0.74040000
vn 0.69890000 -0.03810000 0.71430000
vn 0.65270000 -0.04800000 0.75610000
vn 0.68210000 -0.03590000 0.73040000
vn 0.70970000 -0.02390000 0.70410000
vn 0.66480000 -0.03390000 0.74620000
vn 0.67630000 -0.01950000 0.73640000
vn 0.65200000 -0.00030000 0.75820000
vn 0.64450000 0.01710000 0.76440000
vn 0.55500000 -0.05440000 0.83010000
vn 0.54930000 -0.03880000 0.83470000
vn 0.57210000 -0.02470000 0.81980000
vn 0.59360000 -0.01060000 0.80470000
vn 0.47750000 -0.03410000 0.87800000
vn 0.48990000 -0.01860000 0.87160000
vn 0.42370000 -0.01460000 0.90570000
vn 0.43430000 0.00160000 0.90080000
vn 0.37870000 -0.02900000 0.92510000
vn 0.36700000 -0.04500000 0.92910000
vn 0.36730000 -0.02860000 0.92970000
vn 0.38930000 -0.01280000 0.92100000
vn 0.27280000 -0.02480000 0.96170000
vn 0.28010000 -0.00790000 0.95990000
vn 0.28700000 0.00920000 0.95790000
vn 0.26360000 0.01770000 0.96450000
vn 0.23860000 0.02900000 0.97070000
vn 0.24340000 0.04670000 0.96880000
vn 0.19660000 -0.02250000 0.98020000
vn 0.20140000 -0.00520000 0.97950000
vn 0.20570000 0.01210000 0.97850000
vn 0.17920000 0.01820000 0.98370000
vn 0.15300000 0.03160000 0.98770000
vn 0.15570000 0.04960000 0.98650000
vn 0.14300000 0.06870000 0.98730000
vn 0.10260000 -0.02050000 0.99450000
vn 0.10040000 -0.03770000 0.99420000
vn 0.08670000 -0.03750000 0.99550000
vn 0.08830000 -0.02030000 0.99590000
vn 0.10450000 -0.00300000 0.99450000
vn 0.08990000 -0.00280000 0.99590000
vn 0.09130000 0.01490000 0.99570000
vn 0.50960000 -0.69250000 -0.51070000
vn 0.53710000 -0.68090000 -0.49800000
vn 0.64650000 -0.60720000 -0.46190000
vn 0.83570000 -0.04810000 0.54710000
vn 0.69310000 -0.02200000 0.72050000
vn 0.70380000 -0.00710000 0.71040000
vn 0.53340000 -0.00490000 0.84580000
vn 0.44590000 0.00100000 0.89510000
vn 0.10620000 0.01460000 0.99420000
vn 0.56070000 -0.66970000 -0.48700000
vn 0.52740000 -0.68540000 -0.50210000
vn 0.70800000 -0.56730000 -0.42060000
vn 0.66960000 -0.59450000 -0.44520000
vn 0.98240000 -0.18650000 -0.01360000
vn 0.98520000 -0.13040000 0.11170000
vn 0.98450000 -0.14700000 0.09600000
vn 0.92080000 -0.04960000 0.38680000
vn 0.91750000 -0.06310000 0.39270000
vn 0.91350000 -0.04570000 0.40440000
vn 0.90940000 -0.02850000 0.41480000
vn 0.88840000 -0.03440000 0.45780000
vn 0.89290000 -0.05150000 0.44730000
vn 0.81360000 -0.01140000 0.58130000
vn 0.83070000 -0.03140000 0.55590000
vn 0.73770000 0.00380000 0.67510000
vn 0.69740000 0.01010000 0.71660000
vn 0.68710000 -0.00480000 0.72660000
vn 0.66270000 0.01480000 0.74870000
vn 0.65500000 0.03260000 0.75490000
vn 0.09150000 0.01750000 0.99560000
vn -0.00000000 -0.70710000 0.70710000
vn -0.00000000 -0.70710000 0.70710000
vn -0.00000000 -0.70710000 0.70710000
vn -0.00000000 -0.70710000 0.70710000
vn -0.00000000 -0.70710000 0.70710000
vn -0.00000000 -0.70710000 0.70710000
vn -0.00000000 -0.70710000 0.70710000
vn -0.00000000 -0.70710000 0.70710000
vn -0.00010000 -0.70710000 0.70710000
vn -0.00000000 -0.70710000 0.70710000
vn 0.00010000 -0.70710000 0.70710000
vn -0.00000000 -0.70710000 0.70710000
vn -0.00000000 -0.70710000 0.70710000
vn 0.00010000 -0.70710000 0.70710000
vn -0.00000000 -0.70710000 0.70710000
vn -0.00010000 -0.70710000 0.70710000
vn 0.00010000 -0.70710000 0.70710000
vn -0.00010000 -0.70710000 0.70710000
vn 0.00010000 -0.70710000 0.70710000
vn 0.00010000 -0.70720000 0.70710000
vn -0.00010000 -0.70710000 0.70710000
vn 0.00010000 -0.70720000 0.70710000
vn -0.00010000 -0.70710000 0.70710000
vn -0.00000000 -0.70710000 0.70710000
vn 0.00010000 -0.70720000 0.70710000
vn -0.00010000 -0.70710000 0.70710000
vn -0.00000000 -0.70710000 0.70710000
vn -0.00000000 -0.70710000 0.70710000
vn -0.00010000 -0.70710000 0.70710000
vn 0.00010000 -0.70710000 0.70710000
vn -0.00000000 -0.70710000 0.70710000
vn -0.00010000 -0.70710000 0.70710000
vn 0.00010000 -0.70710000 0.70710000
vn 0.00010000 -0.70710000 0.70710000
vn -0.00010000 -0.70710000 0.70710000
vn 0.00010000 -0.70710000 0.70710000
vn -0.00010000 -0.70710000 0.70710000
vn -0.00000000 -0.70710000 0.70710000
vn -0.00010000 -0.70710000 0.70710000
vn -0.00000000 -0.70710000 0.70710000
vn -0.00010000 -0.70710000 0.70710000
vn -0.00000000 -0.70710000 0.70710000
vn -0.00000000 -0.70710000 0.70710000
vn -0.00010000 -0.70720000 0.70710000
vn -0.00000000 -0.70710000 0.70710000
vn -0.00010000 -0.70720000 0.70710000
vn -0.00000000 -0.70710000 0.70710000
vn -0.00010000 -0.70710000 0.70710000
vn -0.00010000 -0.70720000 0.70710000
vn -0.00000000 -0.70710000 0.70710000
vn -0.00000000 -0.70710000 0.70710000
vn -0.00010000 -0.70710000 0.70710000
vn -0.29110000 -0.95060000 0.10740000
vn -0.29140000 -0.95050000 0.10750000
vn -0.33800000 -0.93320000 0.12200000
vn -0.36900000 -0.92030000 0.12990000
vn -0.36900000 -0.92030000 0.12990000
vn -0.40730000 -0.90280000 0.13780000
vn -0.44120000 -0.88600000 0.14290000
vn -0.44520000 -0.88390000 0.14340000
vn -0.44850000 -0.88240000 0.14200000
vn -0.44850000 -0.88250000 0.14190000
vn -0.44720000 -0.88310000 0.14190000
vn -0.46140000 -0.87590000 0.14130000
vn -0.28610000 -0.95220000 0.10730000
vn -0.27160000 -0.95680000 0.10350000
vn -0.28290000 -0.95320000 0.10640000
vn -0.26880000 -0.95770000 0.10240000
vn -0.27580000 -0.95560000 0.10410000
vn -0.27180000 -0.95670000 0.10400000
vn -0.27180000 -0.95670000 0.10400000
vn -0.27170000 -0.95670000 0.10400000
vn -0.26730000 -0.95800000 0.10400000
vn -0.26110000 -0.95970000 0.10360000
vn -0.26420000 -0.95890000 0.10360000
vn -0.26090000 -0.95980000 0.10360000
vn -0.39170000 -0.73600000 -0.55220000
vn -0.41000000 -0.73110000 -0.54530000
vn -0.38710000 -0.73850000 -0.55210000
vn -0.36590000 -0.75320000 -0.54670000
vn -0.34510000 -0.75860000 -0.55270000
vn -0.31940000 -0.77310000 -0.54800000
vn -0.29900000 -0.77820000 -0.55230000
vn -0.27060000 -0.79060000 -0.54920000
vn -0.25130000 -0.79530000 -0.55170000
vn -0.21960000 -0.80540000 -0.55050000
vn -0.20230000 -0.80960000 -0.55100000
vn -0.16660000 -0.81730000 -0.55160000
vn -0.15240000 -0.82110000 -0.55010000
vn -0.11200000 -0.82590000 -0.55250000
vn -0.10190000 -0.82930000 -0.54940000
vn -0.05640000 -0.83120000 -0.55310000
vn -0.05090000 -0.83430000 -0.54890000
vn 0.00020000 -0.83090000 -0.55650000
vn -0.00010000 -0.83910000 -0.54400000
vn -0.39610000 -0.73370000 -0.55210000
vn -0.40190000 -0.73060000 -0.55200000
vn -0.42050000 -0.72540000 -0.54500000
vn -0.40610000 -0.72770000 -0.55280000
vn -0.41530000 -0.72250000 -0.55280000
vn -0.41300000 -0.72330000 -0.55340000
vn -0.43010000 -0.71950000 -0.54530000
vn -0.45060000 -0.71170000 -0.53890000
vn -0.46590000 -0.70680000 -0.53220000
vn -0.48250000 -0.69930000 -0.52740000
vn -0.49580000 -0.69610000 -0.51920000
vn -0.51190000 -0.68840000 -0.51380000
vn -0.52290000 -0.68530000 -0.50690000
vn -0.53820000 -0.67750000 -0.50130000
vn -0.54740000 -0.67450000 -0.49540000
vn -0.56200000 -0.66660000 -0.48970000
vn -0.56970000 -0.66370000 -0.48470000
vn -0.58360000 -0.65580000 -0.47900000
vn -0.59020000 -0.65290000 -0.47460000
vn -0.60320000 -0.64510000 -0.46900000
vn -0.57110000 -0.66520000 -0.48100000
vn -0.62700000 -0.63000000 -0.45820000
vn -0.66640000 -0.60410000 -0.43700000
vn -0.64930000 -0.61500000 -0.44740000
vn -0.67030000 -0.59990000 -0.43680000
vn -0.65160000 -0.61160000 -0.44880000
vn -0.67140000 -0.59700000 -0.43910000
vn -0.65090000 -0.60900000 -0.45330000
vn -0.66960000 -0.59470000 -0.44490000
vn -0.64680000 -0.60730000 -0.46140000
vn -0.66460000 -0.59330000 -0.45420000
vn -0.63910000 -0.60630000 -0.47320000
vn -0.65650000 -0.59250000 -0.46690000
vn -0.62800000 -0.60580000 -0.48850000
vn -0.64560000 -0.59200000 -0.48250000
vn -0.60690000 -0.61460000 -0.50390000
vn -0.62400000 -0.60120000 -0.49920000
vn -0.54610000 -0.65670000 -0.52000000
vn -0.63800000 -0.59050000 -0.49420000
vn -0.46700000 -0.70460000 -0.53430000
vn -0.50480000 -0.68260000 -0.52840000
vn -0.49450000 -0.69100000 -0.52720000
vn -0.51760000 -0.67810000 -0.52180000
vn -0.53410000 -0.67200000 -0.51300000
vn -0.55530000 -0.65890000 -0.50750000
vn -0.56220000 -0.66040000 -0.49780000
vn -0.58320000 -0.64690000 -0.49130000
vn -0.58720000 -0.64890000 -0.48380000
vn -0.60840000 -0.63500000 -0.47600000
vn -0.60990000 -0.63750000 -0.47080000
vn -0.63100000 -0.62320000 -0.46190000
vn -0.63050000 -0.62620000 -0.45870000
vn -0.53800000 -0.66550000 -0.51740000
vn -0.57460000 -0.64580000 -0.50270000
vn -0.60280000 -0.63350000 -0.48510000
vn -0.62810000 -0.62120000 -0.46860000
vn -0.64250000 -0.58150000 -0.49910000
vn -0.64350000 -0.58390000 -0.49490000
vn -0.66390000 -0.57770000 -0.47480000
vn -0.67390000 -0.57840000 -0.45970000
vn -0.68190000 -0.57920000 -0.44670000
vn -0.68740000 -0.58040000 -0.43650000
vn -0.69010000 -0.58240000 -0.42960000
vn -0.69010000 -0.58520000 -0.42590000
vn -0.65760000 -0.56980000 -0.49290000
vn -0.66660000 -0.56880000 -0.48170000
vn -0.65480000 -0.57640000 -0.48890000
vn -0.67390000 -0.57030000 -0.46970000
vn -0.69140000 -0.56410000 -0.45150000
vn -0.69890000 -0.56490000 -0.43870000
vn -0.70460000 -0.56600000 -0.42800000
vn -0.70790000 -0.56770000 -0.42010000
vn -0.70880000 -0.57020000 -0.41530000
vn -0.69780000 -0.53630000 -0.47490000
vn -0.69080000 -0.55350000 -0.46520000
vn -0.67990000 -0.56080000 -0.47240000
vn -0.69520000 -0.55510000 -0.45660000
vn -0.68420000 -0.56280000 -0.46380000
vn -0.71020000 -0.54920000 -0.44050000
vn -0.70070000 -0.55660000 -0.44630000
vn -0.72460000 -0.54290000 -0.42450000
vn -0.71570000 -0.55040000 -0.42980000
vn -0.73760000 -0.53680000 -0.40960000
vn -0.72130000 -0.55140000 -0.41910000
vn -0.74140000 -0.53820000 -0.40080000
vn -0.72500000 -0.55290000 -0.41060000
vn -0.74360000 -0.54010000 -0.39420000
vn -0.72660000 -0.55520000 -0.40470000
vn -0.74340000 -0.54290000 -0.39060000
vn -0.73290000 -0.50600000 -0.45480000
vn -0.72630000 -0.52230000 -0.44680000
vn -0.69810000 -0.54730000 -0.46170000
vn -0.71720000 -0.53990000 -0.44070000
vn -0.70680000 -0.54720000 -0.44830000
vn -0.73110000 -0.53350000 -0.42520000
vn -0.72020000 -0.54150000 -0.43360000
vn -0.74270000 -0.52780000 -0.41210000
vn -0.73350000 -0.53540000 -0.41870000
vn -0.75440000 -0.52180000 -0.39830000
vn -0.74600000 -0.52930000 -0.40410000
vn -0.76520000 -0.51580000 -0.38510000
vn -0.75730000 -0.52340000 -0.39070000
vn -0.77510000 -0.51010000 -0.37290000
vn -0.75960000 -0.52510000 -0.38370000
vn -0.75370000 -0.49720000 -0.42970000
vn -0.77650000 -0.46690000 -0.42310000
vn -0.77910000 -0.47350000 -0.41090000
vn -0.80340000 -0.45000000 -0.38990000
vn -0.80190000 -0.45890000 -0.38260000
vn -0.82480000 -0.43490000 -0.36120000
vn -0.82200000 -0.44420000 -0.35630000
vn -0.84360000 -0.42010000 -0.33450000
vn -0.83980000 -0.42970000 -0.33190000
vn -0.86010000 -0.40540000 -0.30960000
vn -0.85560000 -0.41530000 -0.30910000
vn -0.87480000 -0.39080000 -0.28650000
vn -0.86960000 -0.40100000 -0.28790000
vn -0.88780000 -0.37640000 -0.26480000
vn -0.88220000 -0.38700000 -0.26800000
vn -0.89940000 -0.36230000 -0.24460000
vn -0.89350000 -0.37330000 -0.24960000
vn -0.92420000 -0.32430000 -0.20180000
vn -0.91470000 -0.33840000 -0.22090000
vn -0.92830000 -0.31540000 -0.19690000
vn -0.91880000 -0.32980000 -0.21710000
vn -0.93180000 -0.30780000 -0.19230000
vn -0.92220000 -0.32240000 -0.21360000
vn -0.93490000 -0.30120000 -0.18750000
vn -0.92530000 -0.31600000 -0.20980000
vn -0.93780000 -0.29560000 -0.18220000
vn -0.92820000 -0.31040000 -0.20520000
vn -0.95150000 -0.27230000 -0.14330000
vn -0.94360000 -0.28700000 -0.16530000
vn -0.95420000 -0.26910000 -0.13070000
vn -0.94660000 -0.28390000 -0.15270000
vn -0.95200000 -0.27520000 -0.13390000
vn -0.94250000 -0.29600000 -0.15530000
vn -0.94810000 -0.28350000 -0.14390000
vn -0.94260000 -0.29530000 -0.15630000
vn -0.93160000 -0.30030000 -0.20500000
vn -0.95360000 -0.27340000 -0.12580000
vn -0.95480000 -0.27110000 -0.12160000
vn -0.95690000 -0.26670000 -0.11500000
vn -0.96130000 -0.25840000 -0.09560000
vn -0.96300000 -0.25210000 -0.09480000
vn -0.96680000 -0.24390000 -0.07650000
vn -0.96840000 -0.23760000 -0.07630000
vn -0.97150000 -0.22950000 -0.05880000
vn -0.97300000 -0.22330000 -0.05910000
vn -0.97560000 -0.21520000 -0.04250000
vn -0.97690000 -0.20910000 -0.04320000
vn -0.97920000 -0.20110000 -0.02740000
vn -0.98040000 -0.19490000 -0.02830000
vn -0.98230000 -0.18700000 -0.01330000
vn -0.98340000 -0.18090000 -0.01450000
vn -0.98490000 -0.17320000 -0.00020000
vn -0.98600000 -0.16700000 -0.00140000
vn -0.98620000 -0.16520000 0.01410000
vn -0.98710000 -0.15770000 0.02850000
vn -0.98500000 -0.17170000 0.01710000
vn -0.98590000 -0.16440000 0.03250000
vn -0.98380000 -0.17820000 0.02070000
vn -0.98450000 -0.17110000 0.03740000
vn -0.98240000 -0.18500000 0.02590000
vn -0.98310000 -0.17800000 0.04350000
vn -0.98090000 -0.19190000 0.03190000
vn -0.98150000 -0.18490000 0.05050000
vn -0.97930000 -0.19890000 0.03890000
vn -0.97950000 -0.19540000 0.04890000
vn -0.97710000 -0.20940000 0.03670000
vn -0.97740000 -0.20590000 0.04730000
vn -0.97490000 -0.22000000 0.03430000
vn -0.97470000 -0.21880000 0.04640000
vn -0.97400000 -0.20780000 0.09030000
vn -0.97540000 -0.21380000 0.05380000
vn -0.97490000 -0.21990000 0.03420000
vn -0.97300000 -0.23100000 -0.00160000
vn -0.97390000 -0.22660000 0.01100000
vn -0.97380000 -0.22690000 0.01090000
vn -0.97440000 -0.22350000 0.02310000
vn -0.97670000 -0.21290000 0.02610000
vn -0.77930000 -0.46490000 -0.42020000
vn -0.80460000 -0.44090000 -0.39780000
vn -0.80340000 -0.44310000 -0.39780000
vn -0.82670000 -0.42650000 -0.36700000
vn -0.82760000 -0.41890000 -0.37360000
vn -0.84760000 -0.39940000 -0.34940000
vn -0.84840000 -0.40380000 -0.34220000
vn -0.85010000 -0.39690000 -0.34600000
vn -0.86870000 -0.38200000 -0.31540000
vn -0.87100000 -0.37580000 -0.31650000
vn -0.88750000 -0.36080000 -0.28670000
vn -0.87550000 -0.37110000 -0.30940000
vn -0.89030000 -0.35540000 -0.28470000
vn -0.00680000 -0.62070000 0.78400000
vn -0.90970000 -0.33380000 -0.24700000
vn -0.00550000 0.61910000 -0.78530000
vn -0.87110000 -0.37520000 -0.31680000
vn -0.93130000 -0.30750000 -0.19550000
vn -0.92380000 -0.31710000 -0.21470000
vn -0.92380000 -0.31690000 -0.21460000
vn -0.90470000 -0.34040000 -0.25620000
vn -0.93440000 -0.30190000 -0.18900000
vn -0.91730000 -0.32530000 -0.22980000
vn -0.93790000 -0.29850000 -0.17660000
vn -0.93790000 -0.29870000 -0.17650000
vn -0.96550000 -0.25360000 -0.05870000
vn -0.95960000 -0.26440000 -0.09580000
vn -0.95510000 -0.27250000 -0.11660000
vn -0.95600000 -0.26820000 -0.11880000
vn -0.95950000 -0.26490000 -0.09560000
vn -0.95950000 -0.26490000 -0.09570000
vn -0.96180000 -0.26390000 -0.07270000
vn -0.96520000 -0.25030000 -0.07580000
vn -0.96860000 -0.24240000 -0.05570000
vn -0.97010000 -0.23590000 -0.05770000
vn -0.97290000 -0.22800000 -0.03860000
vn -0.97430000 -0.22150000 -0.04100000
vn -0.97660000 -0.21380000 -0.02300000
vn -0.97790000 -0.20730000 -0.02560000
vn -0.97980000 -0.19970000 -0.00860000
vn -0.98110000 -0.19320000 -0.01140000
vn -0.98260000 -0.18570000 0.00480000
vn -0.98380000 -0.17910000 0.00150000
vn -0.97190000 -0.23520000 -0.00990000
vn -0.96980000 -0.24170000 -0.03170000
vn -0.96680000 -0.24990000 -0.05340000
vn -0.96970000 -0.24240000 -0.03150000
vn 0.00010000 -0.00000000 -1.00000000
vn -0.96990000 -0.24150000 -0.03090000
vn -0.70450000 -0.17670000 0.68740000
vn -0.97140000 -0.23470000 -0.03560000
vn -0.97350000 -0.19560000 0.11810000
vn -0.97460000 -0.20870000 0.08090000
vn -0.97420000 -0.21850000 0.05700000
vn -0.97290000 -0.22370000 0.05890000
vn -0.97480000 -0.20770000 0.08130000
vn -0.97750000 -0.19920000 0.06870000
vn -0.97710000 -0.19260000 0.09040000
vn -0.97950000 -0.18540000 0.07910000
vn -0.97880000 -0.17890000 0.09960000
vn -0.98120000 -0.17170000 0.08850000
vn -0.98030000 -0.16530000 0.10800000
vn -0.98270000 -0.15800000 0.09690000
vn -0.98170000 -0.15170000 0.11530000
vn -0.98400000 -0.14440000 0.10470000
vn -0.98290000 -0.13820000 0.12200000
vn -0.98510000 -0.13080000 0.11150000
vn -0.98390000 -0.12460000 0.12810000
vn -0.98610000 -0.11720000 0.11790000
vn -0.98480000 -0.11110000 0.13350000
vn -0.98790000 -0.10990000 0.10960000
vn -0.98190000 -0.08580000 0.16880000
vn -0.98120000 -0.09920000 0.16540000
vn -0.97630000 -0.08820000 0.19770000
vn -0.97540000 -0.10160000 0.19580000
vn -0.96900000 -0.09110000 0.22970000
vn -0.96790000 -0.10440000 0.22870000
vn -0.95980000 -0.09430000 0.26430000
vn -0.95830000 -0.10770000 0.26480000
vn -0.94820000 -0.09810000 0.30230000
vn -0.94620000 -0.11120000 0.30380000
vn -0.94010000 -0.10670000 0.32360000
vn -0.93790000 -0.11970000 0.32560000
vn -0.93100000 -0.11520000 0.34630000
vn -0.92840000 -0.12820000 0.34870000
vn -0.92060000 -0.12380000 0.37030000
vn -0.91560000 -0.14340000 0.37550000
vn -0.90530000 -0.13900000 0.40130000
vn -0.91080000 -0.14160000 0.38780000
vn -0.90560000 -0.13440000 0.40220000
vn -0.01850000 -0.61760000 0.78630000
vn -0.89960000 -0.12770000 0.41770000
vn -0.88980000 -0.12410000 0.43930000
vn -0.88150000 -0.12040000 0.45650000
vn -0.00000000 -0.00000000 1.00000000
vn -0.53140000 -0.04900000 0.84570000
vn -0.90500000 -0.11900000 0.40840000
vn -0.88940000 -0.12580000 0.43950000
vn -0.90400000 -0.12180000 0.40970000
vn -0.90350000 -0.11540000 0.41270000
vn -0.91230000 -0.11950000 0.39160000
vn -0.91570000 -0.10660000 0.38760000
vn -0.92360000 -0.11090000 0.36700000
vn -0.92640000 -0.09790000 0.36350000
vn -0.93360000 -0.10220000 0.34360000
vn -0.93600000 -0.08910000 0.34050000
vn -0.94230000 -0.09350000 0.32140000
vn -0.94440000 -0.08030000 0.31870000
vn -0.95000000 -0.08480000 0.30060000
vn -0.95180000 -0.07150000 0.29840000
vn -0.96110000 -0.08110000 0.26390000
vn -0.96250000 -0.06740000 0.26270000
vn -0.97020000 -0.07740000 0.22970000
vn -0.97110000 -0.06410000 0.23010000
vn -0.96660000 -0.17850000 0.18380000
vn -0.97320000 -0.19290000 0.12500000
vn -0.97140000 -0.19970000 0.12880000
vn -0.97210000 -0.19750000 0.12640000
vn -0.96630000 -0.19060000 0.17280000
vn -0.97450000 -0.18030000 0.13360000
vn -0.96970000 -0.16850000 0.17670000
vn -0.97590000 -0.16680000 0.14080000
vn -0.97100000 -0.15520000 0.18180000
vn -0.97720000 -0.15330000 0.14710000
vn -0.97220000 -0.14180000 0.18620000
vn -0.97830000 -0.13980000 0.15270000
vn -0.97340000 -0.12840000 0.19000000
vn -0.97950000 -0.12620000 0.15730000
vn -0.97450000 -0.11470000 0.19260000
vn -0.98030000 -0.11290000 0.16190000
vn -0.95540000 -0.16400000 0.24580000
vn -0.96140000 -0.17080000 0.21580000
vn -0.96140000 -0.17070000 0.21570000
vn -0.96140000 -0.17080000 0.21570000
vn -0.95200000 -0.16460000 0.25820000
vn -0.95370000 -0.15350000 0.25850000
vn -0.94130000 -0.14720000 0.30380000
vn -0.93880000 -0.16710000 0.30130000
vn -0.93630000 -0.13930000 0.32230000
vn -0.94010000 -0.15050000 0.30600000
vn -0.95220000 -0.15950000 0.26070000
vn -0.91790000 -0.13530000 0.37310000
vn -0.92570000 -0.14120000 0.35080000
vn -0.93320000 -0.14620000 0.32840000
vn -0.92580000 -0.14110000 0.35080000
vn -0.00000000 -0.00000000 1.00000000
vn -0.57140000 -0.08410000 0.81630000
vn -0.93300000 -0.14210000 0.33070000
vn -0.94220000 -0.13730000 0.30570000
vn -0.95350000 -0.14720000 0.26280000
vn -0.95530000 -0.13390000 0.26360000
vn -0.96420000 -0.14420000 0.22260000
vn -0.96540000 -0.13110000 0.22540000
vn -0.85100000 -0.11140000 0.51320000
vn -0.86870000 -0.11600000 0.48160000
vn -0.86600000 -0.10910000 0.48800000
vn -0.86610000 -0.11070000 0.48750000
vn -0.85690000 -0.10910000 0.50380000
vn -0.87380000 -0.10400000 0.47500000
vn -0.86290000 -0.10050000 0.49530000
vn -0.87900000 -0.09120000 0.46810000
vn -0.86850000 -0.08770000 0.48790000
vn -0.88380000 -0.07820000 0.46120000
vn -0.87390000 -0.07470000 0.48040000
vn -0.88850000 -0.06510000 0.45420000
vn -0.87890000 -0.06150000 0.47290000
vn -0.89300000 -0.05180000 0.44710000
vn -0.88380000 -0.04820000 0.46530000
vn -0.89730000 -0.03830000 0.43980000
vn -0.88850000 -0.03470000 0.45750000
vn -0.90140000 -0.02480000 0.43230000
vn -0.89290000 -0.02110000 0.44970000
vn -0.90530000 -0.01110000 0.42470000
vn -0.88850000 -0.01940000 0.45840000
vn -0.88410000 -0.01740000 0.46690000
vn -0.87930000 -0.03110000 0.47520000
vn -0.87450000 -0.02940000 0.48410000
vn -0.86930000 -0.04300000 0.49250000
vn -0.86400000 -0.04120000 0.50170000
vn -0.85830000 -0.05470000 0.51020000
vn -0.85290000 -0.05300000 0.51940000
vn -0.84670000 -0.06630000 0.52800000
vn -0.84090000 -0.06470000 0.53720000
vn -0.83410000 -0.07780000 0.54610000
vn -0.80860000 -0.07190000 0.58400000
vn -0.80030000 -0.08480000 0.59360000
vn -0.77190000 -0.07930000 0.63080000
vn -0.76130000 -0.08040000 0.64330000
vn -0.74540000 -0.08750000 0.66090000
vn -0.75550000 -0.08130000 0.65010000
vn -0.72890000 -0.09690000 0.67770000
vn -0.72900000 -0.09700000 0.67770000
vn -0.72890000 -0.09700000 0.67770000
vn -0.81010000 -0.10230000 0.57720000
vn -0.83240000 -0.10680000 0.54380000
vn -0.83850000 -0.10790000 0.53410000
vn -0.80990000 -0.34650000 0.47330000
vn -0.49420000 -0.04070000 0.86840000
vn -0.85270000 -0.10310000 0.51220000
vn -0.84780000 -0.11040000 0.51870000
vn -0.85250000 -0.10400000 0.51230000
vn -0.85720000 -0.09880000 0.50540000
vn -0.78020000 -0.09210000 0.61870000
vn -0.79130000 -0.09750000 0.60360000
vn -0.79150000 -0.09760000 0.60330000
vn -0.79150000 -0.09750000 0.60340000
vn -0.77560000 -0.08480000 0.62550000
vn -0.72490000 -0.08290000 0.68390000
vn -0.72810000 -0.09890000 0.67840000
vn -0.72800000 -0.09890000 0.67840000
vn -0.72980000 -0.09610000 0.67690000
vn -0.73690000 -0.08920000 0.67010000
vn -0.74940000 -0.07550000 0.65780000
vn -0.75700000 -0.07680000 0.64880000
vn -0.76690000 -0.06370000 0.63860000
vn -0.78130000 -0.06630000 0.62060000
vn -0.79000000 -0.05300000 0.61080000
vn -0.81640000 -0.05870000 0.57450000
vn -0.82380000 -0.04530000 0.56510000
vn -0.84740000 -0.05140000 0.52850000
vn -0.85350000 -0.03800000 0.51970000
vn -0.85870000 -0.03950000 0.51090000
vn -0.86440000 -0.02590000 0.50220000
vn -0.86950000 -0.02760000 0.49320000
vn -0.87470000 -0.01380000 0.48440000
vn -0.87960000 -0.01570000 0.47540000
vn -0.87040000 0.00350000 0.49230000
vn -0.66850000 -0.08370000 0.73900000
vn -0.69400000 -0.08580000 0.71490000
vn -0.70630000 -0.06530000 0.70490000
vn -0.71700000 -0.07710000 0.69280000
vn -0.70680000 -0.06580000 0.70430000
vn -0.71510000 -0.07650000 0.69480000
vn -0.72550000 -0.07190000 0.68450000
vn -0.73370000 -0.07310000 0.67560000
vn -0.74430000 -0.05990000 0.66510000
vn -0.75200000 -0.06110000 0.65630000
vn -0.76180000 -0.04770000 0.64610000
vn -0.76890000 -0.04890000 0.63740000
vn -0.77790000 -0.03520000 0.62740000
vn -0.78490000 -0.03660000 0.61860000
vn -0.79320000 -0.02270000 0.60850000
vn -0.80620000 -0.02560000 0.59100000
vn -0.81380000 -0.01160000 0.58110000
vn -0.83740000 -0.01800000 0.54620000
vn -0.82100000 0.00250000 0.57090000
vn -0.84410000 -0.00400000 0.53620000
vn -0.82800000 0.01680000 0.56050000
vn -0.61600000 -0.07500000 0.78420000
vn -0.62310000 -0.05550000 0.78020000
vn -0.67280000 -0.05660000 0.73760000
vn -0.67170000 -0.05940000 0.73840000
vn -0.62350000 -0.05780000 0.77970000
vn -0.67540000 -0.06560000 0.73450000
vn -0.64020000 -0.06190000 0.76570000
vn -0.68770000 -0.05210000 0.72410000
vn -0.65320000 -0.04810000 0.75570000
vn -0.69920000 -0.03820000 0.71390000
vn -0.66520000 -0.03400000 0.74590000
vn -0.71000000 -0.02400000 0.70380000
vn -0.67650000 -0.01960000 0.73620000
vn -0.72020000 -0.00960000 0.69370000
vn -0.68730000 -0.00490000 0.72640000
vn -0.72990000 0.00500000 0.68350000
vn -0.69760000 0.01000000 0.71640000
vn -0.70740000 0.02510000 0.70640000
vn -0.69060000 0.02770000 0.72270000
vn -0.71700000 0.04030000 0.69590000
vn -0.68190000 0.02890000 0.73090000
vn -0.67310000 0.03020000 0.73890000
vn -0.67170000 0.01350000 0.74070000
vn -0.66290000 0.01460000 0.74860000
vn -0.65220000 -0.00040000 0.75800000
vn -0.64320000 0.00070000 0.76570000
vn -0.63200000 -0.01440000 0.77480000
vn -0.62260000 -0.01340000 0.78250000
vn -0.61070000 -0.02820000 0.79140000
vn -0.59180000 -0.02640000 0.80570000
vn -0.57900000 -0.04120000 0.81430000
vn -0.55970000 -0.03970000 0.82780000
vn -0.54570000 -0.05420000 0.83620000
vn -0.52590000 -0.05290000 0.84890000
vn -0.50960000 -0.06700000 0.85780000
vn -0.48870000 -0.06630000 0.87000000
vn -0.50950000 -0.06680000 0.85790000
vn -0.48770000 -0.06600000 0.87050000
vn -0.54720000 -0.08200000 0.83300000
vn -0.48290000 -0.07280000 0.87270000
vn -0.58070000 -0.07900000 0.81030000
vn -0.58930000 -0.07820000 0.80410000
vn -0.59500000 -0.07130000 0.80060000
vn -0.59040000 -0.07960000 0.80320000
vn -0.59440000 -0.06850000 0.80130000
vn -0.61270000 -0.05940000 0.78810000
vn -0.62200000 -0.06020000 0.78070000
vn -0.63520000 -0.04630000 0.77100000
vn -0.43680000 -0.05190000 0.89810000
vn -0.44940000 -0.06420000 0.89100000
vn -0.47050000 -0.06480000 0.88000000
vn -0.50560000 -0.05170000 0.86120000
vn -0.53990000 -0.03820000 0.84090000
vn -0.57260000 -0.02480000 0.81940000
vn -0.60380000 -0.01150000 0.79700000
vn -0.63380000 0.00170000 0.77350000
vn -0.65390000 0.01580000 0.75640000
vn -0.66440000 0.03130000 0.74670000
vn -0.64660000 0.05080000 0.76110000
vn -0.37830000 -0.05850000 0.92380000
vn -0.40850000 -0.05940000 0.91080000
vn -0.40860000 -0.05980000 0.91070000
vn -0.43270000 -0.05760000 0.89970000
vn -0.44310000 -0.04830000 0.89520000
vn -0.46430000 -0.04940000 0.88430000
vn -0.47760000 -0.03420000 0.87790000
vn -0.49870000 -0.03550000 0.86600000
vn -0.51140000 -0.02010000 0.85910000
vn -0.53240000 -0.02160000 0.84620000
vn -0.54440000 -0.00620000 0.83880000
vn -0.56490000 -0.00790000 0.82510000
vn -0.57650000 0.00760000 0.81710000
vn -0.59630000 0.00550000 0.80270000
vn -0.59400000 0.01550000 0.80430000
vn -0.61690000 0.01930000 0.78680000
vn -0.31860000 -0.07440000 0.94500000
vn -0.33500000 -0.05110000 0.94080000
vn -0.34500000 -0.07230000 0.93580000
vn -0.36240000 -0.06770000 0.92960000
vn -0.34490000 -0.07160000 0.93590000
vn -0.36290000 -0.06850000 0.92930000
vn -0.37840000 -0.04540000 0.92450000
vn -0.40030000 -0.04630000 0.91520000
vn -0.41250000 -0.03060000 0.91040000
vn -0.43440000 -0.03170000 0.90010000
vn -0.44610000 -0.01590000 0.89490000
vn -0.46800000 -0.01720000 0.88350000
vn -0.47920000 -0.00140000 0.87770000
vn -0.50140000 -0.00300000 0.86520000
vn -0.50780000 0.01240000 0.86140000
vn -0.53430000 0.01140000 0.84520000
vn -0.53490000 0.01230000 0.84480000
vn -0.55580000 0.00950000 0.83130000
vn -0.55810000 0.01290000 0.82970000
vn -0.57530000 0.01380000 0.81780000
vn -0.25020000 -0.05450000 0.96670000
vn -0.25760000 -0.05830000 0.96450000
vn -0.28020000 -0.04930000 0.95870000
vn -0.29930000 -0.04990000 0.95280000
vn -0.28030000 -0.04960000 0.95860000
vn -0.29870000 -0.04970000 0.95310000
vn -0.31190000 -0.04310000 0.94920000
vn -0.32310000 -0.04340000 0.94540000
vn -0.33300000 -0.02710000 0.94250000
vn -0.34470000 -0.02760000 0.93830000
vn -0.35420000 -0.01110000 0.93510000
vn -0.36620000 -0.01170000 0.93050000
vn -0.37540000 0.00510000 0.92680000
vn -0.38740000 0.00440000 0.92190000
vn -0.39650000 0.02130000 0.91780000
vn -0.41100000 0.00280000 0.91160000
vn -0.43360000 0.01680000 0.90100000
vn -0.43450000 0.00160000 0.90070000
vn -0.45250000 0.01480000 0.89170000
vn -0.45690000 0.00020000 0.88950000
vn -0.47520000 0.01330000 0.87980000
vn -0.48850000 0.01280000 0.87250000
vn -0.18960000 -0.04670000 0.98080000
vn -0.21020000 -0.05630000 0.97600000
vn -0.23380000 -0.05770000 0.97060000
vn -0.25750000 -0.05920000 0.96450000
vn -0.26530000 -0.04150000 0.96330000
vn -0.28880000 -0.04230000 0.95640000
vn -0.29760000 -0.02570000 0.95430000
vn -0.32130000 -0.02670000 0.94660000
vn -0.33020000 -0.01010000 0.94390000
vn -0.34230000 -0.01050000 0.93950000
vn -0.35070000 0.00630000 0.93650000
vn -0.36320000 0.00570000 0.93170000
vn -0.37150000 0.02270000 0.92810000
vn -0.38420000 0.02180000 0.92300000
vn -0.39270000 0.03890000 0.91890000
vn -0.40510000 0.03840000 0.91350000
vn -0.41230000 0.05310000 0.90950000
vn -0.43740000 0.05120000 0.89780000
vn -0.43890000 0.05390000 0.89690000
vn -0.45210000 0.04990000 0.89060000
vn -0.46350000 0.05200000 0.88460000
vn -0.48660000 0.05020000 0.87220000
vn -0.47250000 0.06920000 0.87860000
vn -0.50980000 0.04820000 0.85890000
vn -0.56540000 0.06040000 0.82260000
vn -0.53280000 0.04600000 0.84500000
vn -0.55530000 0.04390000 0.83050000
vn -0.55350000 0.04090000 0.83190000
vn -0.57720000 0.04170000 0.81550000
vn -0.59810000 0.03940000 0.80040000
vn -0.10450000 -0.05470000 0.99300000
vn -0.16190000 -0.05530000 0.98520000
vn -0.18800000 -0.05140000 0.98080000
vn -0.21690000 -0.04010000 0.97540000
vn -0.24130000 -0.04080000 0.96960000
vn -0.24820000 -0.02400000 0.96840000
vn -0.27320000 -0.02490000 0.96160000
vn -0.28030000 -0.00790000 0.95990000
vn -0.30570000 -0.00890000 0.95210000
vn -0.31320000 0.00810000 0.94970000
vn -0.33840000 0.00690000 0.94100000
vn -0.34620000 0.02400000 0.93780000
vn -0.35870000 0.02340000 0.93320000
vn -0.36640000 0.04020000 0.92960000
vn -0.37970000 0.03980000 0.92430000
vn -0.38640000 0.05500000 0.92070000
vn -0.39980000 0.05400000 0.91500000
vn -0.40100000 0.05650000 0.91430000
vn -0.41350000 0.05570000 0.90880000
vn -0.42170000 0.07310000 0.90380000
vn -0.00060000 -0.05390000 0.99850000
vn -0.05910000 -0.03730000 0.99760000
vn -0.08690000 -0.03770000 0.99550000
vn -0.11430000 -0.03790000 0.99270000
vn -0.11670000 -0.02080000 0.99290000
vn -0.17080000 -0.02190000 0.98510000
vn -0.17460000 -0.00460000 0.98460000
vn -0.20170000 -0.00520000 0.97940000
vn -0.20620000 0.01220000 0.97840000
vn -0.23360000 0.01130000 0.97230000
vn -0.23850000 0.02900000 0.97070000
vn -0.26620000 0.02790000 0.96350000
vn -0.27150000 0.04520000 0.96140000
vn -0.29970000 0.04410000 0.95300000
vn -0.30510000 0.06020000 0.95040000
vn -0.33330000 0.05850000 0.94100000
vn -0.33400000 0.06050000 0.94060000
vn -0.36100000 0.05900000 0.93070000
vn -0.36810000 0.07680000 0.92660000
vn -0.37400000 0.05820000 0.92560000
vn -0.38750000 0.05740000 0.92010000
vn -0.37290000 0.05590000 0.92620000
vn -0.03030000 -0.03730000 0.99880000
vn -0.00050000 -0.03690000 0.99930000
vn -0.03040000 -0.01970000 0.99930000
vn -0.00050000 -0.01960000 0.99980000
vn -0.03070000 -0.00210000 0.99950000
vn -0.00030000 -0.00210000 1.00000000
vn -0.03100000 0.01560000 0.99940000
vn -0.00030000 0.01560000 0.99990000
vn -0.03140000 0.03360000 0.99890000
vn -0.00020000 0.03360000 0.99940000
vn -0.03170000 0.05170000 0.99820000
vn -0.00010000 0.05180000 0.99870000
vn -0.03210000 0.07000000 0.99700000
vn 0.00010000 0.07020000 0.99750000
vn -0.03210000 0.07020000 0.99700000
vn -0.00000000 0.08890000 0.99600000
vn -0.06480000 0.08840000 0.99400000
vn -0.12890000 0.08730000 0.98780000
vn -0.09560000 0.06940000 0.99300000
vn -0.06400000 0.06990000 0.99550000
vn -0.19170000 0.08550000 0.97770000
vn -0.18850000 0.06710000 0.97980000
vn -0.12690000 0.06880000 0.98950000
vn -0.09560000 0.06880000 0.99300000
vn -0.06400000 0.06960000 0.99550000
vn -0.06320000 0.05140000 0.99670000
vn -0.21860000 0.06600000 0.97360000
vn -0.25280000 0.08310000 0.96400000
vn -0.24820000 0.06480000 0.96650000
vn -0.27690000 0.06360000 0.95880000
vn -0.24780000 0.06330000 0.96680000
vn -0.27640000 0.06180000 0.95910000
vn -0.24320000 0.04640000 0.96890000
vn -0.31170000 0.08010000 0.94680000
vn -0.30580000 0.06210000 0.95010000
vn -0.73930000 0.01980000 0.67310000
vn -0.77710000 0.02900000 0.62870000
vn -0.75430000 0.01710000 0.65630000
vn -0.76150000 0.01560000 0.64790000
vn -0.75260000 0.00100000 0.65840000
vn -0.75980000 -0.00030000 0.65010000
vn -0.74340000 -0.01330000 0.66880000
vn -0.75080000 -0.01460000 0.66040000
vn -0.73360000 -0.02760000 0.67900000
vn -0.74120000 -0.02880000 0.67060000
vn -0.72350000 -0.04150000 0.68910000
vn -0.73110000 -0.04270000 0.68090000
vn -0.71260000 -0.05530000 0.69940000
vn -0.72050000 -0.05630000 0.69120000
vn -0.70100000 -0.06870000 0.70990000
vn -0.70920000 -0.06970000 0.70160000
vn -0.69240000 -0.08570000 0.71640000
vn -0.69240000 -0.08580000 0.71640000
vn -0.69400000 -0.08560000 0.71490000
vn -0.79590000 0.00850000 0.60540000
vn -0.78950000 0.01000000 0.61370000
vn -0.78250000 0.01160000 0.62250000
vn -0.78120000 -0.00450000 0.62430000
vn -0.77400000 -0.00300000 0.63320000
vn -0.76540000 -0.01720000 0.64340000
vn -0.75800000 -0.01580000 0.65210000
vn -0.74870000 -0.03000000 0.66220000
vn -0.91690000 -0.03240000 0.39790000
vn -0.93330000 -0.02700000 0.35820000
vn -0.92400000 -0.03660000 0.38060000
vn -0.93060000 -0.04080000 0.36370000
vn -0.92090000 -0.05000000 0.38660000
vn -0.92790000 -0.05400000 0.36900000
vn -0.91770000 -0.06330000 0.39220000
vn -0.92500000 -0.06730000 0.37390000
vn -0.91440000 -0.07650000 0.39760000
vn -0.92200000 -0.08060000 0.37870000
vn -0.91090000 -0.08960000 0.40280000
vn -0.91910000 -0.09360000 0.38280000
vn -0.90730000 -0.10260000 0.40790000
vn -0.95500000 -0.04460000 0.29320000
vn -0.94280000 -0.04900000 0.32970000
vn -0.93680000 -0.04470000 0.34690000
vn -0.95340000 -0.05810000 0.29590000
vn -0.94840000 -0.05350000 0.31260000
vn -0.94640000 -0.06700000 0.31590000
vn -0.94060000 -0.06250000 0.33360000
vn -0.93840000 -0.07590000 0.33720000
vn -0.93190000 -0.07150000 0.35570000
vn -0.92920000 -0.08470000 0.35970000
vn -0.98920000 -0.13680000 0.05320000
vn -0.98760000 -0.12990000 0.08790000
vn -0.98730000 -0.12670000 0.09550000
vn -0.98710000 -0.12340000 0.10240000
vn -0.98600000 -0.13720000 0.09520000
vn -0.98560000 -0.13400000 0.10340000
vn -0.98440000 -0.14760000 0.09590000
vn -0.98770000 -0.15050000 0.04310000
vn -0.98790000 -0.14360000 0.05800000
vn -0.98640000 -0.15730000 0.04810000
vn -0.98660000 -0.15040000 0.06390000
vn -0.98500000 -0.16420000 0.05410000
vn -0.98500000 -0.15730000 0.07080000
vn -0.98340000 -0.17110000 0.06110000
vn -0.98330000 -0.16780000 0.07010000
vn -0.98160000 -0.18150000 0.06000000
vn -0.98150000 -0.17820000 0.06940000
vn -0.97960000 -0.19210000 0.05890000
vn -0.97960000 -0.18870000 0.06900000
vn -0.97750000 -0.20260000 0.05800000
vn -0.98160000 -0.18900000 -0.02840000
vn -0.97820000 -0.20060000 -0.05390000
vn -0.97940000 -0.19730000 -0.04230000
vn -0.97420000 -0.21470000 -0.06950000
vn -0.97570000 -0.21140000 -0.05760000
vn -0.96960000 -0.22880000 -0.08610000
vn -0.97140000 -0.22570000 -0.07410000
vn -0.96440000 -0.24320000 -0.10390000
vn -0.96650000 -0.24000000 -0.09150000
vn -0.95840000 -0.25760000 -0.12290000
vn -0.96080000 -0.25450000 -0.11040000
vn -0.96000000 -0.25210000 -0.12200000
vn -0.96560000 -0.23800000 -0.10450000
vn -0.95090000 -0.27220000 -0.14750000
vn -0.94790000 -0.27920000 -0.15360000
vn -0.94030000 -0.29340000 -0.17240000
vn -0.86310000 -0.41260000 -0.29130000
vn -0.85460000 -0.42570000 -0.29750000
vn -0.84170000 -0.43900000 -0.31440000
vn -0.81800000 -0.46590000 -0.33740000
vn -0.82740000 -0.45240000 -0.33280000
vn -0.80300000 -0.47910000 -0.35440000
vn -0.81150000 -0.46620000 -0.35230000
vn -0.78650000 -0.49250000 -0.37270000
vn -0.79380000 -0.48010000 -0.37330000
vn -0.76810000 -0.50600000 -0.39250000
vn -0.77400000 -0.49410000 -0.39600000
vn -0.74740000 -0.51980000 -0.41380000
vn -0.75160000 -0.50830000 -0.42030000
vn -0.72420000 -0.53360000 -0.43680000
vn -0.80540000 -0.48210000 -0.34500000
vn -0.81170000 -0.47270000 -0.34310000
vn -0.79660000 -0.48580000 -0.35970000
vn -0.77990000 -0.49910000 -0.37770000
vn -0.76130000 -0.51250000 -0.39710000
vn -0.74040000 -0.52620000 -0.41820000
vn -0.78260000 -0.50260000 -0.36730000
vn -0.79000000 -0.49510000 -0.36160000
vn -0.77300000 -0.50840000 -0.37940000
vn -0.78100000 -0.50090000 -0.37310000
vn -0.76280000 -0.51430000 -0.39200000
vn -0.77210000 -0.50640000 -0.38410000
vn -0.75280000 -0.51980000 -0.40390000
vn -0.51580000 -0.69510000 -0.50070000
vn -0.49780000 -0.70410000 -0.50630000
vn -0.55220000 -0.67530000 -0.48890000
vn -0.56480000 -0.66800000 -0.48460000
vn -0.54380000 -0.67850000 -0.49390000
vn -0.55030000 -0.67330000 -0.49380000
vn -0.52620000 -0.68420000 -0.50500000
vn -0.43860000 -0.73090000 -0.52280000
vn -0.45530000 -0.72310000 -0.51940000
vn -0.37460000 -0.75530000 -0.53780000
vn -0.38960000 -0.74860000 -0.53650000
vn -0.30610000 -0.77630000 -0.55110000
vn -0.31890000 -0.77080000 -0.55160000
vn -0.23360000 -0.79360000 -0.56180000
vn -0.24360000 -0.78900000 -0.56400000
vn -0.15770000 -0.80650000 -0.56990000
vn -0.16470000 -0.80260000 -0.57330000
vn -0.07930000 -0.81440000 -0.57480000
vn -0.08300000 -0.81100000 -0.57910000
vn -0.00000000 -0.81390000 -0.58100000
vn 0.00020000 -0.82250000 -0.56880000
vn -0.07550000 -0.81780000 -0.57050000
vn -0.15030000 -0.81040000 -0.56630000
vn -0.14200000 -0.81420000 -0.56290000
vn -0.21100000 -0.80290000 -0.55750000
vn -0.19840000 -0.80760000 -0.55540000
vn -0.26140000 -0.79330000 -0.54990000
vn -0.24360000 -0.79880000 -0.55010000
vn -0.30050000 -0.78230000 -0.54560000
vn -0.27730000 -0.78890000 -0.54840000
vn -0.32850000 -0.77070000 -0.54600000
vn -0.06680000 -0.82450000 -0.56190000
vn -0.07130000 -0.82120000 -0.56620000
vn -0.08910000 -0.83290000 -0.54620000
vn -0.17840000 -0.81470000 -0.55170000
vn -0.22450000 -0.80100000 -0.55500000
vn -0.27040000 -0.78450000 -0.55810000
vn -0.31590000 -0.76530000 -0.56090000
vn -0.36050000 -0.74370000 -0.56300000
vn -0.38070000 -0.73910000 -0.55560000
vn -0.37400000 -0.73980000 -0.55940000
vn -0.36700000 -0.74030000 -0.56330000
vn -0.35960000 -0.74070000 -0.56750000
vn -0.26600000 -0.78530000 -0.55900000
vn -0.40760000 0.02860000 0.91270000
vn -0.40470000 0.02470000 0.91410000
vn -0.40900000 0.02200000 0.91230000
vn -0.41860000 0.01940000 0.90800000
vn -0.62550000 0.02240000 0.77990000
vn -0.62600000 0.01930000 0.77950000
vn -0.62600000 0.01930000 0.77960000
vn -0.61520000 0.00360000 0.78830000
vn -0.58480000 -0.00970000 0.81120000
vn -0.55290000 -0.02320000 0.83300000
vn -0.51950000 -0.03680000 0.85370000
vn -0.48510000 -0.05050000 0.87300000
vn -0.62800000 0.02470000 0.77780000
vn -0.64450000 0.01710000 0.76440000
vn -0.62890000 0.02650000 0.77700000
vn -0.65500000 0.03260000 0.75500000
vn -0.63660000 0.03500000 0.77040000
vn -0.63010000 0.02840000 0.77600000
vn -0.63020000 0.03030000 0.77580000
vn -0.63140000 0.03210000 0.77480000
vn -0.61790000 0.03720000 0.78530000
vn -0.50810000 0.04530000 0.86010000
vn -0.06200000 -0.82780000 -0.55760000
vn -0.05680000 -0.83090000 -0.55350000
vn -0.11340000 -0.82560000 -0.55280000
vn -0.59030000 -0.62760000 -0.50770000
vn -0.57360000 -0.64040000 -0.51080000
vn -0.55630000 -0.65300000 -0.51390000
vn -0.59290000 -0.63270000 -0.49820000
vn -0.61050000 -0.61940000 -0.49360000
vn -0.51030000 -0.68540000 -0.51940000
vn -0.53870000 -0.67420000 -0.50520000
vn -0.56430000 -0.66300000 -0.49200000
vn -0.58700000 -0.65190000 -0.48010000
vn -0.60790000 -0.64090000 -0.46880000
vn -0.44470000 -0.71500000 -0.53950000
vn -0.43560000 -0.72090000 -0.53900000
vn -0.46710000 -0.71040000 -0.52640000
vn -0.45570000 -0.71670000 -0.52790000
vn -0.48350000 -0.70640000 -0.51700000
vn -0.43290000 -0.73170000 -0.52650000
vn -0.45660000 -0.72250000 -0.51920000
vn -0.40060000 -0.74690000 -0.53070000
vn -0.42030000 -0.73890000 -0.52670000
vn -0.35840000 -0.76200000 -0.53930000
vn -0.42450000 -0.72690000 -0.53990000
vn -0.37770000 -0.74990000 -0.54320000
vn -0.22410000 -0.80430000 -0.55030000
vn -0.16940000 -0.81670000 -0.55170000
vn -0.05990000 -0.01990000 0.99800000
vn -0.06080000 -0.00240000 0.99810000
vn -0.06150000 0.01540000 0.99800000
vn -0.06240000 0.03330000 0.99750000
vn -0.08870000 -0.02020000 0.99590000
vn -0.09020000 -0.00280000 0.99590000
vn -0.09150000 0.01500000 0.99570000
vn -0.09290000 0.03290000 0.99510000
vn -0.09420000 0.05090000 0.99420000
vn -0.11890000 -0.00330000 0.99290000
vn -0.17820000 0.01300000 0.98390000
vn -0.21040000 0.03000000 0.97710000
vn -0.19710000 -0.02250000 0.98010000
vn -0.16660000 -0.03890000 0.98530000
vn -0.19200000 -0.03950000 0.98060000
vn -0.22290000 -0.02320000 0.97460000
vn -0.22840000 -0.00610000 0.97350000
vn -0.25460000 -0.00700000 0.96700000
vn -0.35620000 -0.02810000 0.93400000
vn -0.33440000 -0.04380000 0.94140000
vn -0.34560000 -0.04420000 0.93730000
vn -0.32350000 -0.04730000 0.94510000
vn -0.33480000 -0.05140000 0.94090000
vn -0.36770000 -0.02860000 0.92950000
vn -0.35660000 -0.04470000 0.93320000
vn -0.37770000 -0.01230000 0.92580000
vn -0.40100000 -0.01340000 0.91600000
vn -0.39020000 -0.02960000 0.92020000
vn -0.42380000 -0.01460000 0.90560000
vn -0.45610000 -0.03290000 0.88930000
vn -0.42180000 -0.04730000 0.90550000
vn -0.48990000 -0.01860000 0.87160000
vn -0.52310000 -0.00440000 0.85230000
vn -0.59800000 -0.04280000 0.80030000
vn -0.56510000 -0.05560000 0.82310000
vn -0.58430000 -0.05700000 0.80950000
vn -0.54420000 -0.07430000 0.83560000
vn -0.56880000 -0.06810000 0.81970000
vn -0.57070000 -0.06790000 0.81830000
vn -0.60750000 -0.04360000 0.79310000
vn -0.59390000 -0.05780000 0.80250000
vn -0.58040000 -0.07860000 0.81050000
vn -0.62020000 -0.02910000 0.78390000
vn -0.62930000 -0.03010000 0.77660000
vn -0.61690000 -0.04450000 0.78580000
vn -0.63850000 -0.03100000 0.76900000
vn -0.62610000 -0.04540000 0.77840000
vn -0.64750000 -0.03200000 0.76140000
vn -0.60340000 -0.05860000 0.79530000
vn -0.70440000 -0.05420000 0.70780000
vn -0.69240000 -0.06760000 0.71830000
vn -0.67730000 -0.09320000 0.72970000
vn -0.67660000 -0.09470000 0.73020000
vn -0.69240000 -0.08510000 0.71650000
vn -0.71540000 -0.04040000 0.69750000
vn -0.72590000 -0.02640000 0.68730000
vn -0.73580000 -0.01210000 0.67710000
vn -0.74520000 0.00240000 0.66680000
vn -0.72840000 -0.05750000 0.68270000
vn -0.71730000 -0.07080000 0.69320000
vn -0.73640000 -0.05870000 0.67400000
vn -0.73870000 -0.04380000 0.67260000
vn -0.75430000 -0.04640000 0.65480000
vn -0.77090000 -0.03390000 0.63600000
vn -0.78640000 -0.02130000 0.61740000
vn -0.80110000 -0.00870000 0.59840000
vn -0.80870000 0.00560000 0.58820000
vn -0.74660000 -0.04510000 0.66380000
vn -0.75620000 -0.03120000 0.65360000
vn -0.75940000 -0.06240000 0.64760000
vn -0.74160000 -0.07430000 0.66670000
vn -0.77620000 -0.05030000 0.62850000
vn -0.79830000 -0.03940000 0.60090000
vn -0.83080000 -0.03170000 0.55570000
vn -0.85940000 -0.02430000 0.51070000
vn -0.86500000 -0.01050000 0.50160000
vn -0.86970000 -0.01220000 0.49350000
vn -0.84010000 -0.07940000 0.53660000
vn -0.82700000 -0.09070000 0.55490000
vn -0.83320000 -0.09220000 0.54520000
vn -0.81950000 -0.09790000 0.56460000
vn -0.82590000 -0.10490000 0.55390000
vn -0.81940000 -0.10130000 0.56430000
vn -0.82590000 -0.10480000 0.55390000
vn -0.00320000 -0.62210000 0.78290000
vn -0.82570000 -0.10530000 0.55420000
vn -0.84610000 -0.08100000 0.52690000
vn -0.83950000 -0.09390000 0.53530000
vn -0.83080000 -0.10600000 0.54650000
vn -0.83070000 -0.10590000 0.54660000
vn -0.84160000 -0.11170000 0.52840000
vn -0.84130000 -0.11240000 0.52870000
vn -0.85230000 -0.06790000 0.51860000
vn -0.85790000 -0.06960000 0.50900000
vn -0.85190000 -0.08260000 0.51720000
vn -0.86340000 -0.07130000 0.49940000
vn -0.85750000 -0.08430000 0.50750000
vn -0.86870000 -0.07300000 0.49000000
vn -0.86310000 -0.08600000 0.49770000
vn -0.84550000 -0.09550000 0.52540000
vn -0.85140000 -0.09710000 0.51550000
vn -0.89830000 -0.09860000 0.42810000
vn -0.89410000 -0.11150000 0.43370000
vn -0.90240000 -0.08570000 0.42230000
vn -0.90620000 -0.07260000 0.41650000
vn -0.90990000 -0.05930000 0.41050000
vn -0.91350000 -0.04600000 0.40430000
vn -0.94420000 -0.12430000 0.30490000
vn -0.93560000 -0.13270000 0.32720000
vn -0.95670000 -0.12090000 0.26460000
vn -0.96670000 -0.11780000 0.22730000
vn -0.96270000 -0.15760000 0.21970000
vn -0.98140000 -0.17490000 0.07890000
vn -0.98320000 -0.16450000 0.07890000
vn -0.98490000 -0.15400000 0.07930000
vn -0.98640000 -0.14360000 0.07960000
vn -0.98790000 -0.13660000 0.07280000
vn -0.97840000 -0.20590000 0.01920000
vn -0.97550000 -0.22000000 0.00530000
vn -0.97290000 -0.23100000 -0.01310000
vn -0.97370000 -0.22760000 -0.01310000
vn -0.97700000 -0.21310000 -0.00040000
vn -0.97370000 -0.22730000 -0.01530000
vn -0.97990000 -0.19900000 0.01330000
vn -0.97850000 -0.20630000 -0.00490000
vn -0.97520000 -0.22040000 -0.02010000
vn -0.95890000 -0.26050000 -0.11280000
vn -0.96480000 -0.24600000 -0.09330000
vn -0.96990000 -0.23140000 -0.07560000
vn -0.97440000 -0.21730000 -0.05850000
vn -0.97820000 -0.20310000 -0.04290000
vn -0.90180000 -0.34580000 -0.25920000
vn -0.88480000 -0.36700000 -0.28720000
vn -0.89890000 -0.35200000 -0.26090000
vn -0.91430000 -0.33080000 -0.23360000
vn -0.91130000 -0.33710000 -0.23650000
vn -0.86630000 -0.38890000 -0.31360000
vn -0.88190000 -0.37390000 -0.28730000
vn -0.89570000 -0.35900000 -0.26230000
vn -0.90800000 -0.34430000 -0.23880000
vn -0.84630000 -0.41150000 -0.33820000
vn -0.86350000 -0.39670000 -0.31140000
vn -0.87870000 -0.38180000 -0.28640000
vn -0.89220000 -0.36720000 -0.26300000
vn -0.90410000 -0.35270000 -0.24120000
vn -0.77750000 -0.48340000 -0.40220000
vn -0.79880000 -0.46900000 -0.37670000
vn -0.81770000 -0.45460000 -0.35310000
vn -0.83460000 -0.44050000 -0.33070000
vn -0.84960000 -0.42650000 -0.31020000
vn -0.62130000 -0.62000000 -0.47910000
vn -0.47410000 -0.70500000 -0.52750000
vn -0.50100000 -0.69470000 -0.51610000
vn -0.40680000 -0.74080000 -0.53450000
vn -0.35500000 -0.76280000 -0.54040000
vn -0.18440000 -0.81210000 -0.55360000
vn -0.12360000 -0.82180000 -0.55620000
vn -0.92470000 -0.14480000 0.35200000
vn -0.92390000 -0.14640000 0.35360000
vn -0.91600000 -0.14210000 0.37510000
vn -0.00000000 -0.00000000 1.00000000
vn -0.72390000 -0.07690000 0.68560000
vn -0.60660000 -0.05970000 0.79280000
vn -0.53280000 -0.06880000 0.84340000
vn -0.53340000 -0.06930000 0.84300000
vn -0.38690000 -0.05530000 0.92050000
vn -0.31180000 -0.06040000 0.94820000
vn -0.31250000 -0.06990000 0.94730000
vn -0.11230000 -0.05460000 0.99220000
vn -0.95990000 -0.27090000 -0.07250000
vn -0.96360000 -0.25680000 -0.07430000
vn -0.97390000 -0.22590000 0.02360000
vn -0.72290000 -0.08780000 0.68530000
vn -0.60650000 -0.05900000 0.79290000
vn -0.54410000 -0.08190000 0.83500000
vn -0.39220000 -0.05500000 0.91820000
vn -0.32270000 -0.04660000 0.94540000
vn -0.97490000 -0.22010000 0.03430000
vn -0.96470000 -0.19660000 0.17530000
vn -0.00320000 -0.61990000 0.78470000
vn -0.85730000 -0.10800000 0.50330000
vn 0.00810000 -0.62390000 0.78150000
vn -0.00000000 -0.00000000 1.00000000
vn -0.12100000 0.01430000 0.99250000
vn -0.12300000 0.03230000 0.99190000
vn -0.12500000 0.05040000 0.99090000
vn -0.12690000 0.06800000 0.98960000
vn -0.26050000 0.01030000 0.96540000
vn -0.28710000 0.00920000 0.95780000
vn -0.64120000 -0.01540000 0.76730000
vn -0.65010000 -0.01640000 0.75970000
vn -0.65900000 -0.01740000 0.75190000
vn -0.76370000 -0.03260000 0.64470000
vn -0.77960000 -0.01990000 0.62600000
vn -0.79450000 -0.00730000 0.60730000
vn -0.80230000 0.00710000 0.59680000
vn -0.86370000 -0.05640000 0.50080000
vn -0.86900000 -0.05810000 0.49150000
vn -0.87390000 -0.05980000 0.48230000
vn -0.98300000 -0.16130000 0.08780000
vn -0.98130000 -0.19230000 0.00850000
vn -0.49520000 -0.69980000 -0.51470000
vn -0.50870000 -0.69590000 -0.50680000
vn -0.47810000 -0.71330000 -0.51250000
vn -0.37890000 -0.75490000 -0.53530000
vn -0.32160000 -0.77560000 -0.54320000
vn -0.13320000 -0.81800000 -0.55960000
vn -0.18180000 0.03080000 0.98290000
vn -0.21450000 0.04750000 0.97560000
vn -0.29360000 0.02670000 0.95550000
vn -0.32040000 0.02540000 0.94690000
vn -0.66120000 -0.00150000 0.75020000
vn -0.67000000 -0.00260000 0.74230000
vn -0.77270000 -0.01860000 0.63450000
vn -0.87420000 -0.04470000 0.48340000
vn -0.87900000 -0.04640000 0.47450000
vn -0.98470000 -0.15080000 0.08750000
vn -0.98620000 -0.14030000 0.08770000
vn -0.94610000 -0.28090000 -0.16080000
vn -0.95350000 -0.26640000 -0.14080000
vn -0.52070000 -0.68920000 -0.50390000
vn -0.34080000 -0.76880000 -0.54110000
vn -0.27750000 -0.78760000 -0.55010000
vn -0.18510000 0.04880000 0.98150000
vn -0.18830000 0.06590000 0.97990000
vn -0.32730000 0.04270000 0.94400000
vn -0.35370000 0.04140000 0.93440000
vn -0.68050000 0.01240000 0.73270000
vn -0.76680000 -0.00160000 0.64190000
vn -0.76860000 0.01440000 0.63960000
vn -0.78790000 -0.00590000 0.61580000
vn -0.88390000 -0.03290000 0.46650000
vn -0.93440000 -0.05820000 0.35140000
vn -0.94340000 -0.28670000 -0.16680000
vn -0.78930000 -0.49310000 -0.36580000
vn -0.80480000 -0.48020000 -0.34880000
vn -0.53140000 -0.68560000 -0.49750000
vn -0.29240000 -0.78200000 -0.55040000
vn -0.22270000 -0.79830000 -0.55960000
vn -0.21830000 0.06460000 0.97380000
vn -0.36010000 0.05680000 0.93120000
vn -0.57360000 -0.66210000 -0.48230000
vn -0.79720000 -0.48790000 -0.35560000
vn -0.98660000 -0.12050000 0.11020000
vn -0.77560000 0.01320000 0.63110000
vn -0.00010000 -0.70710000 0.70710000
vn -0.00000000 -0.70710000 0.70710000
vn -0.00000000 -0.70710000 0.70720000
vn -0.00010000 -0.70710000 0.70710000
vn 0.00010000 -0.70720000 0.70710000
vn 0.00010000 -0.70710000 0.70710000
vn -0.00010000 -0.70710000 0.70710000
vn -0.00000000 -0.70710000 0.70710000
vn 0.00010000 -0.70710000 0.70710000
vn 0.00010000 -0.70720000 0.70710000
vn -0.00010000 -0.70700000 0.70720000
vn -0.00000000 -0.70710000 0.70710000
vn -0.00000000 -0.70710000 0.70710000
vn -0.00000000 -0.70700000 0.70720000
vn -0.00000000 -0.70710000 0.70710000
vn -0.00000000 -0.70710000 0.70710000
vn 0.00010000 -0.70710000 0.70710000
vn 0.00010000 -0.70720000 0.70710000
vn -0.00000000 -0.70710000 0.70710000
vn -0.00000000 -0.70710000 0.70710000
vn 0.00010000 -0.70710000 0.70710000
vn 0.00010000 -0.70710000 0.70710000
vn -0.00010000 -0.70710000 0.70710000
vn 0.00010000 -0.70710000 0.70710000
vn -0.00010000 -0.70710000 0.70710000
vn -0.00010000 -0.70710000 0.70710000
vn 0.00010000 -0.70710000 0.70710000
vn -0.00010000 -0.70710000 0.70710000
vn -0.00000000 -0.70710000 0.70710000
vn 0.00010000 -0.70710000 0.70710000
vn 0.00010000 -0.70710000 0.70710000
vn -0.00010000 -0.70710000 0.70710000
vn -0.00000000 -0.70710000 0.70710000
vn -0.00000000 -0.70710000 0.70710000
vn -0.00000000 -0.70710000 0.70710000
vn 0.00010000 -0.70710000 0.70710000
vn -0.00010000 -0.70710000 0.70710000
vn 0.00010000 -0.70710000 0.70710000
vn -0.00010000 -0.70710000 0.70710000
vn 0.00010000 -0.70710000 0.70710000
vn -0.00010000 -0.70710000 0.70710000
vn 0.00010000 -0.70710000 0.70710000
vn -0.00010000 -0.70710000 0.70710000
vn -0.00010000 -0.70710000 0.70710000
vn -0.00000000 -0.70710000 0.70710000
vn -0.00010000 -0.70710000 0.70710000
vn -0.00000000 -0.70710000 0.70710000
vn -0.00000000 -0.70710000 0.70710000
vn -0.00000000 -0.70710000 0.70710000
vn -0.00000000 -0.70710000 0.70710000
vn -0.00000000 -0.70710000 0.70710000
vn -0.00010000 -0.70710000 0.70710000
vn -0.00000000 -0.70710000 0.70710000
vn -0.00000000 -0.70710000 0.70710000
vn -0.00010000 -0.70710000 0.70710000
vn -0.00000000 -0.70710000 0.70710000
vn -0.00010000 -0.70710000 0.70710000
vn -0.00000000 -0.70710000 0.70710000
vn 0.00010000 -0.70710000 0.70710000
vn -0.00000000 -0.70710000 0.70710000
vn -0.25500000 -0.36750000 0.89440000
vn -0.28820000 -0.37390000 0.88150000
vn -0.25580000 -0.36770000 0.89410000
vn -0.28380000 -0.37310000 0.88330000
vn -0.31170000 -0.37860000 0.87150000
vn -0.31520000 -0.37870000 0.87020000
vn -0.33910000 -0.38290000 0.85930000
vn -0.36470000 -0.38720000 0.84680000
vn -0.36630000 -0.38740000 0.84600000
vn -0.00000000 -0.70710000 0.70710000
vn -0.00000000 -0.70710000 0.70710000
vn -0.00000000 -0.70710000 0.70710000
vn -0.00000000 -0.70710000 0.70710000
vn -0.00000000 -0.70710000 0.70710000
vn -0.00000000 -0.70710000 0.70710000
vn -0.00000000 -0.70710000 0.70710000
vn -0.00000000 -0.70710000 0.70710000
vn -0.00000000 -0.70710000 0.70710000
vn -0.00000000 -0.70710000 0.70710000
vn -0.00000000 -0.70710000 0.70710000
vn -0.00010000 -0.70710000 0.70710000
vn -0.00000000 -0.70710000 0.70710000
vn -0.00000000 -0.70710000 0.70710000
vn -0.00010000 -0.70710000 0.70710000
vn -0.00000000 -0.70710000 0.70710000
vn -0.00010000 -0.70710000 0.70710000
vn -0.00010000 -0.70710000 0.70710000
vn -0.00000000 -0.70710000 0.70710000
vn -0.00000000 -0.70710000 0.70710000
vn 0.00010000 -0.70710000 0.70710000
vn -0.00010000 -0.70710000 0.70710000
vn -0.00010000 -0.70710000 0.70710000
vn -0.00000000 -0.70710000 0.70710000
vn 0.00010000 -0.70710000 0.70710000
vn -0.00010000 -0.70710000 0.70710000
vn -0.00000000 -0.70710000 0.70710000
vn 0.00010000 -0.70710000 0.70710000
vn -0.00000000 -0.70710000 0.70710000
vn -0.00000000 -0.70710000 0.70710000
vn 0.00010000 -0.70710000 0.70710000
vn -0.00000000 -0.70710000 0.70710000
vn 0.00010000 -0.70710000 0.70710000
vn 0.00010000 -0.70710000 0.70710000
vn -0.00000000 -0.70710000 0.70710000
vn -0.00000000 -0.70710000 0.70710000
vn -0.00000000 -0.70710000 0.70710000
vn -0.00000000 -0.70720000 0.70710000
vn -0.00000000 -0.70710000 0.70710000
vn -0.00000000 -0.70720000 0.70710000
vn -0.00000000 -0.70710000 0.70710000
vn -0.00000000 -0.70720000 0.70710000
vn 0.00010000 -0.70710000 0.70710000
vn -0.00000000 -0.70710000 0.70710000
vn 0.00010000 -0.70710000 0.70710000
vn -0.00000000 -0.70710000 0.70710000
vn 0.00010000 -0.70710000 0.70710000
vn -0.00000000 -0.70710000 0.70710000
vn 0.36590000 -0.38720000 0.84630000
vn 0.36430000 -0.38690000 0.84710000
vn 0.33890000 -0.38270000 0.85950000
vn 0.34740000 -0.38410000 0.85540000
vn 0.32820000 -0.38090000 0.86440000
vn 0.31160000 -0.37810000 0.87180000
vn 0.31510000 -0.37870000 0.87020000
vn 0.30190000 -0.37640000 0.87590000
vn 0.28400000 -0.37320000 0.88320000
vn 0.25540000 -0.36790000 0.89410000
vn 0.25620000 -0.36800000 0.89380000
vn -0.00000000 -0.70710000 0.70710000
vn -0.00000000 -0.70710000 0.70710000
vn -0.00000000 -0.70710000 0.70710000
vn -0.00010000 -0.70710000 0.70710000
vn -0.00010000 -0.70710000 0.70710000
vn -0.00000000 -0.70710000 0.70710000
vn -0.00010000 -0.70710000 0.70710000
vn -0.00000000 -0.70710000 0.70710000
vn -0.00000000 -0.70710000 0.70710000
vn 0.00010000 -0.70710000 0.70710000
vn -0.00000000 -0.70710000 0.70710000
vn 0.00010000 -0.70710000 0.70710000
vn -0.00000000 -0.70710000 0.70710000
vn -0.00000000 -0.70710000 0.70710000
vn 0.00010000 -0.70710000 0.70710000
vn -0.00000000 -0.70710000 0.70710000
vn -0.00000000 -0.70710000 0.70710000
vn -0.00000000 -0.70710000 0.70710000
vn -0.00000000 -0.70710000 0.70710000
vn -0.00000000 -0.70710000 0.70710000
vn -0.00000000 -0.70710000 0.70710000
vn -0.00000000 -0.70710000 0.70710000
vn -0.00000000 -0.70710000 0.70710000
vn -0.00000000 -0.70710000 0.70710000
vn -0.00000000 -0.70710000 0.70710000
vn -0.00000000 -0.70710000 0.70710000
vn -0.00000000 -0.70710000 0.70710000
vn -0.00000000 -0.70710000 0.70710000
vn -0.00000000 -0.70710000 0.70710000
vn -0.00000000 -0.70710000 0.70710000
vn -0.00000000 -0.70710000 0.70710000
vn -0.00000000 -0.70710000 0.70710000
vn -0.00000000 -0.70710000 0.70710000
vn -0.00000000 -0.70710000 0.70710000
vn -0.00000000 -0.70710000 0.70710000
vn -0.00000000 -0.70710000 0.70710000
vn -0.50670000 -0.81030000 -0.29430000
vn -0.51030000 -0.81320000 -0.27980000
vn -0.53700000 -0.79660000 -0.27740000
vn -0.51550000 -0.81500000 -0.26450000
vn -0.55090000 -0.79490000 -0.25410000
vn -0.55170000 -0.79880000 -0.23970000
vn -0.59260000 -0.77470000 -0.22040000
vn -0.59410000 -0.77770000 -0.20520000
vn -0.62990000 -0.75550000 -0.18010000
vn -0.63150000 -0.75780000 -0.16420000
vn -0.66270000 -0.73700000 -0.13310000
vn -0.66350000 -0.73900000 -0.11690000
vn -0.69140000 -0.71820000 -0.07810000
vn -0.69090000 -0.72030000 -0.06130000
vn -0.71410000 -0.69990000 -0.01670000
vn -0.71170000 -0.70250000 -0.00020000
vn -0.72250000 -0.68960000 0.04880000
vn -0.71550000 -0.69250000 0.09230000
vn -0.72830000 -0.67800000 0.09940000
vn -0.71820000 -0.68110000 0.14240000
vn -0.72920000 -0.66730000 0.15150000
vn -0.70860000 -0.66070000 0.24790000
vn -0.72460000 -0.65810000 0.20450000
vn -0.71430000 -0.65140000 0.25580000
vn -0.73100000 -0.65580000 0.18860000
vn -0.72240000 -0.64840000 0.24020000
vn -0.73350000 -0.64850000 0.20370000
vn -0.72290000 -0.64250000 0.25410000
vn -0.70840000 -0.64300000 0.29090000
vn -0.70890000 -0.63800000 0.30060000
vn -0.68970000 -0.63910000 0.34030000
vn -0.68580000 -0.63380000 0.35780000
vn -0.66690000 -0.63620000 0.38810000
vn -0.66240000 -0.63120000 0.40350000
vn -0.63030000 -0.63380000 0.44840000
vn -0.63200000 -0.62950000 0.45190000
vn -0.60340000 -0.62920000 0.48990000
vn -0.58770000 -0.63360000 0.50310000
vn -0.56630000 -0.63010000 0.53130000
vn -0.53970000 -0.63550000 0.55210000
vn -0.53910000 -0.63140000 0.55740000
vn -0.51670000 -0.63290000 0.57660000
vn -0.50100000 -0.63820000 0.58450000
vn -0.50030000 -0.63410000 0.58950000
vn -0.48070000 -0.63980000 0.59970000
vn -0.48830000 -0.63510000 0.59850000
vn -0.46020000 -0.64200000 0.61320000
vn -0.44440000 -0.64040000 0.62640000
vn -0.41870000 -0.64730000 0.63700000
vn -0.40190000 -0.64660000 0.64840000
vn -0.37640000 -0.65350000 0.65670000
vn -0.34910000 -0.65510000 0.67000000
vn -0.33380000 -0.66040000 0.67260000
vn -0.30200000 -0.66360000 0.68440000
vn -0.29150000 -0.66780000 0.68490000
vn -0.26110000 -0.67130000 0.69370000
vn -0.24980000 -0.67550000 0.69370000
vn -0.22600000 -0.67800000 0.69940000
vn -0.20870000 -0.68320000 0.69980000
vn -0.18540000 -0.68590000 0.70360000
vn -0.20000000 -0.69060000 0.69500000
vn -0.12730000 -0.70390000 0.69880000
vn -0.11410000 -0.71950000 0.68500000
vn -0.09090000 -0.70930000 0.69900000
vn -0.05090000 -0.72830000 0.68330000
vn -0.05340000 -0.72070000 0.69110000
vn -0.52150000 -0.81760000 -0.24400000
vn -0.59170000 -0.78630000 -0.17750000
vn -0.64670000 -0.75410000 -0.11430000
vn -0.52180000 -0.82260000 -0.22570000
vn -0.68590000 -0.72670000 -0.03910000
vn -0.70940000 -0.70340000 0.04480000
vn -0.67630000 -0.65070000 0.34520000
vn -0.69910000 -0.64640000 0.30570000
vn -0.67930000 -0.64300000 0.35380000
vn -0.62670000 -0.64840000 0.43220000
vn -0.65540000 -0.64070000 0.39990000
vn -0.61790000 -0.63920000 0.45800000
vn -0.56420000 -0.65080000 0.50800000
vn -0.57460000 -0.64000000 0.51020000
vn -0.49220000 -0.65820000 0.56970000
vn -0.52640000 -0.64270000 0.55660000
vn -0.48790000 -0.64610000 0.58690000
vn -0.41430000 -0.66900000 0.61710000
vn -0.46770000 -0.64800000 0.60110000
vn -0.44720000 -0.65030000 0.61410000
vn -0.40590000 -0.65560000 0.63680000
vn -0.37380000 -0.67450000 0.63670000
vn -0.36410000 -0.66170000 0.65540000
vn -0.33350000 -0.68060000 0.65240000
vn -0.29340000 -0.68710000 0.66470000
vn -0.32220000 -0.66850000 0.67030000
vn -0.25430000 -0.69400000 0.67360000
vn -0.28080000 -0.67570000 0.68160000
vn -0.21610000 -0.70090000 0.67980000
vn -0.24000000 -0.68320000 0.68970000
vn -0.17890000 -0.70770000 0.68350000
vn -0.05580000 -0.71300000 0.69900000
vn -0.05810000 -0.70500000 0.70680000
vn -0.09570000 -0.70260000 0.70510000
vn -0.10520000 -0.69960000 0.70670000
vn -0.13370000 -0.69700000 0.70450000
vn -0.14430000 -0.69350000 0.70590000
vn -0.73890000 -0.65580000 0.15460000
vn -0.73480000 -0.66470000 0.13490000
vn -0.74000000 -0.66350000 0.11060000
vn -0.73320000 -0.67490000 0.08320000
vn -0.72630000 -0.68660000 0.03270000
vn -0.73720000 -0.67260000 0.06500000
vn -0.72880000 -0.68460000 0.01290000
vn -0.71280000 -0.70010000 -0.04300000
vn -0.69650000 -0.71260000 -0.08450000
vn -0.67070000 -0.72930000 -0.13510000
vn -0.64960000 -0.74150000 -0.16810000
vn -0.61750000 -0.75840000 -0.20880000
vn -0.59620000 -0.76890000 -0.23090000
vn -0.56350000 -0.78450000 -0.25910000
vn 0.99700000 -0.05170000 0.05700000
vn 0.99710000 -0.05220000 0.05600000
vn 0.99610000 -0.07500000 0.04660000
vn 0.99720000 -0.05850000 0.04660000
vn 0.99710000 -0.06210000 0.04360000
vn 0.99750000 -0.05540000 0.04320000
vn 0.99730000 -0.06520000 0.03350000
vn 0.99710000 -0.05250000 0.05480000
vn 0.99720000 -0.05270000 0.05380000
vn 0.99720000 -0.05280000 0.05280000
vn 0.99760000 -0.04930000 0.04930000
vn 0.99650000 -0.07890000 0.02900000
vn 0.99340000 -0.11360000 0.01820000
vn -0.99670000 -0.05280000 0.06100000
vn -0.99520000 -0.08740000 0.04310000
vn -0.99680000 -0.05360000 0.05930000
vn -0.99710000 -0.06200000 0.04500000
vn -0.99690000 -0.05400000 0.05770000
vn -0.99700000 -0.05430000 0.05590000
vn -0.99700000 -0.05440000 0.05440000
vn -0.99760000 -0.04940000 0.04930000
vn -0.99750000 -0.05770000 0.04160000
vn -0.99690000 -0.06620000 0.04170000
vn -0.99710000 -0.07010000 0.02860000
vn -0.99440000 -0.10470000 0.01730000
vn -0.99590000 -0.08770000 0.02260000
vn -0.99360000 -0.11010000 0.02690000
vn -0.99190000 -0.12580000 0.01470000
vn -0.99100000 -0.13360000 0.00840000
vn 0.50980000 -0.81370000 -0.27940000
vn 0.57310000 -0.78670000 -0.22960000
vn 0.51480000 -0.81580000 -0.26370000
vn 0.57380000 -0.78830000 -0.22210000
vn 0.57500000 -0.79000000 -0.21280000
vn 0.63220000 -0.75770000 -0.16170000
vn 0.63380000 -0.75850000 -0.15180000
vn 0.65690000 -0.74340000 -0.12600000
vn 0.65830000 -0.74370000 -0.11590000
vn 0.67810000 -0.72980000 -0.08710000
vn 0.67920000 -0.72990000 -0.07670000
vn 0.69600000 -0.71660000 -0.04510000
vn 0.69650000 -0.71670000 -0.03460000
vn 0.71030000 -0.70390000 -0.00010000
vn 0.70970000 -0.70450000 0.01010000
vn 0.72080000 -0.69150000 0.04820000
vn 0.71920000 -0.69230000 0.05830000
vn 0.72690000 -0.67950000 0.09910000
vn 0.72470000 -0.68030000 0.10920000
vn 0.72770000 -0.66910000 0.15070000
vn 0.72490000 -0.66980000 0.16100000
vn 0.72330000 -0.65990000 0.20350000
vn 0.71960000 -0.66080000 0.21340000
vn 0.71320000 -0.65290000 0.25510000
vn 0.70880000 -0.65390000 0.26460000
vn 0.69810000 -0.64800000 0.30460000
vn 0.69290000 -0.64900000 0.31400000
vn 0.67850000 -0.64450000 0.35260000
vn 0.67240000 -0.64610000 0.36110000
vn 0.65490000 -0.64210000 0.39850000
vn 0.64820000 -0.64410000 0.40610000
vn 0.61760000 -0.64000000 0.45710000
vn 0.61040000 -0.64260000 0.46310000
vn 0.57480000 -0.64090000 0.50880000
vn 0.56690000 -0.64410000 0.51360000
vn 0.52700000 -0.64340000 0.55520000
vn 0.51900000 -0.64730000 0.55830000
vn 0.48880000 -0.64660000 0.58570000
vn 0.48080000 -0.65090000 0.58750000
vn 0.46850000 -0.64840000 0.60000000
vn 0.46080000 -0.65270000 0.60130000
vn 0.44830000 -0.65050000 0.61310000
vn 0.44040000 -0.65510000 0.61390000
vn 0.40710000 -0.65570000 0.63590000
vn 0.39960000 -0.66020000 0.63600000
vn 0.36560000 -0.66160000 0.65470000
vn 0.35830000 -0.66620000 0.65410000
vn 0.32390000 -0.66830000 0.66970000
vn 0.31700000 -0.67280000 0.66850000
vn 0.28280000 -0.67540000 0.68100000
vn 0.27610000 -0.67990000 0.67930000
vn 0.24220000 -0.68270000 0.68930000
vn 0.23600000 -0.68720000 0.68710000
vn 0.20210000 -0.69010000 0.69490000
vn 0.19680000 -0.69440000 0.69220000
vn 0.12950000 -0.70340000 0.69890000
vn 0.12560000 -0.70750000 0.69550000
vn 0.09330000 -0.70890000 0.69910000
vn 0.09040000 -0.71300000 0.69530000
vn 0.05820000 -0.71280000 0.69890000
vn 0.05570000 -0.72050000 0.69120000
vn 0.50790000 -0.81220000 -0.28690000
vn 0.57230000 -0.78280000 -0.24420000
vn 0.57250000 -0.78500000 -0.23680000
vn 0.63040000 -0.75570000 -0.17740000
vn 0.63120000 -0.75680000 -0.16970000
vn 0.65540000 -0.74180000 -0.14210000
vn 0.65620000 -0.74260000 -0.13410000
vn 0.67730000 -0.72840000 -0.10340000
vn 0.67790000 -0.72900000 -0.09520000
vn 0.69640000 -0.71510000 -0.06130000
vn 0.69590000 -0.71610000 -0.05340000
vn 0.71180000 -0.70220000 -0.01630000
vn 0.71090000 -0.70330000 -0.00840000
vn 0.72390000 -0.68920000 0.03270000
vn 0.72220000 -0.69050000 0.04030000
vn 0.73080000 -0.67750000 0.08320000
vn 0.72870000 -0.67880000 0.09070000
vn 0.73250000 -0.66730000 0.13460000
vn 0.73020000 -0.66820000 0.14270000
vn 0.72920000 -0.65810000 0.18740000
vn 0.72620000 -0.65920000 0.19520000
vn 0.72040000 -0.65090000 0.23940000
vn 0.71680000 -0.65210000 0.24700000
vn 0.70660000 -0.64530000 0.29010000
vn 0.70240000 -0.64670000 0.29730000
vn 0.68830000 -0.64110000 0.33940000
vn 0.68340000 -0.64280000 0.34600000
vn 0.66560000 -0.63840000 0.38660000
vn 0.66030000 -0.64030000 0.39240000
vn 0.62960000 -0.63540000 0.44720000
vn 0.62360000 -0.63820000 0.45150000
vn 0.58730000 -0.63530000 0.50150000
vn 0.58110000 -0.63780000 0.50550000
vn 0.53980000 -0.63680000 0.55060000
vn 0.53350000 -0.64020000 0.55280000
vn 0.50150000 -0.63930000 0.58290000
vn 0.49520000 -0.64300000 0.58430000
vn 0.48140000 -0.64080000 0.59800000
vn 0.47520000 -0.64480000 0.59870000
vn 0.46080000 -0.64290000 0.61180000
vn 0.45460000 -0.64670000 0.61240000
vn 0.41970000 -0.64800000 0.63560000
vn 0.41360000 -0.65170000 0.63580000
vn 0.37770000 -0.65390000 0.65560000
vn 0.37180000 -0.65770000 0.65510000
vn 0.33540000 -0.66070000 0.67160000
vn 0.32980000 -0.66440000 0.67070000
vn 0.29330000 -0.66800000 0.68400000
vn 0.28800000 -0.67160000 0.68260000
vn 0.25160000 -0.67550000 0.69310000
vn 0.24690000 -0.67900000 0.69140000
vn 0.21080000 -0.68300000 0.69930000
vn 0.20640000 -0.68660000 0.69710000
vn 0.13590000 -0.69670000 0.70440000
vn 0.13270000 -0.70010000 0.70160000
vn 0.09810000 -0.70230000 0.70510000
vn 0.09570000 -0.70560000 0.70210000
vn 0.06060000 -0.70490000 0.70670000
vn 0.50640000 -0.81050000 -0.29430000
vn 0.52250000 -0.80340000 -0.28570000
vn 0.53630000 -0.79720000 -0.27740000
vn 0.56800000 -0.78270000 -0.25460000
vn 0.58410000 -0.77520000 -0.24080000
vn 0.59720000 -0.76890000 -0.22830000
vn 0.62980000 -0.75440000 -0.18500000
vn 0.62450000 -0.75550000 -0.19820000
vn 0.64970000 -0.74230000 -0.16430000
vn 0.65490000 -0.74070000 -0.14990000
vn 0.67120000 -0.73000000 -0.12900000
vn 0.67720000 -0.72740000 -0.11120000
vn 0.68920000 -0.71860000 -0.09350000
vn 0.69660000 -0.71410000 -0.06920000
vn 0.70960000 -0.70330000 -0.04220000
vn 0.71260000 -0.70110000 -0.02400000
vn 0.71860000 -0.69520000 -0.01350000
vn 0.72540000 -0.68790000 0.02510000
vn 0.72520000 -0.68840000 0.01260000
vn 0.73000000 -0.68240000 0.03710000
vn 0.73240000 -0.67880000 0.05270000
vn 0.73270000 -0.67630000 0.07530000
vn 0.73650000 -0.66820000 0.10460000
vn 0.73500000 -0.66610000 0.12680000
vn 0.73580000 -0.65940000 0.15410000
vn 0.73220000 -0.65700000 0.17970000
vn 0.72990000 -0.65140000 0.20720000
vn 0.72390000 -0.64980000 0.23190000
vn 0.72130000 -0.64630000 0.24920000
vn 0.71070000 -0.64410000 0.28300000
vn 0.70790000 -0.64160000 0.29540000
vn 0.69290000 -0.63970000 0.33270000
vn 0.68380000 -0.63670000 0.35650000
vn 0.67080000 -0.63630000 0.38090000
vn 0.66120000 -0.63390000 0.40130000
vn 0.63520000 -0.63320000 0.44220000
vn 0.63350000 -0.63210000 0.44620000
vn 0.59760000 -0.63150000 0.49400000
vn 0.59340000 -0.63230000 0.49810000
vn 0.56580000 -0.63200000 0.52960000
vn 0.54610000 -0.63330000 0.54830000
vn 0.52190000 -0.63410000 0.57060000
vn 0.50770000 -0.63540000 0.58180000
vn 0.48900000 -0.63670000 0.59630000
vn 0.48750000 -0.63700000 0.59710000
vn 0.48300000 -0.63790000 0.59980000
vn 0.47600000 -0.63770000 0.60560000
vn 0.46240000 -0.63900000 0.61470000
vn 0.46740000 -0.63870000 0.61120000
vn 0.44620000 -0.64130000 0.62420000
vn 0.42170000 -0.64470000 0.63760000
vn 0.40280000 -0.64740000 0.64700000
vn 0.35040000 -0.65570000 0.66880000
vn 0.30370000 -0.66400000 0.68330000
vn 0.26040000 -0.67210000 0.69320000
vn 0.22800000 -0.67810000 0.69880000
vn 0.18750000 -0.68580000 0.70320000
vn 0.14650000 -0.69330000 0.70560000
vn 0.10490000 -0.69980000 0.70660000
vn 0.08710000 -0.71690000 0.69170000
vn 0.05310000 -0.72810000 0.68340000
vn 0.11610000 -0.71910000 0.68520000
vn 0.18080000 -0.70710000 0.68360000
vn 0.19150000 -0.69870000 0.68930000
vn 0.12160000 -0.71160000 0.69200000
vn 0.21790000 -0.70020000 0.67980000
vn 0.23000000 -0.69170000 0.68460000
vn 0.26950000 -0.68440000 0.67740000
vn 0.25620000 -0.69330000 0.67360000
vn 0.30970000 -0.67750000 0.66710000
vn 0.29530000 -0.68640000 0.66450000
vn 0.35070000 -0.67090000 0.65340000
vn 0.33530000 -0.68000000 0.65210000
vn 0.37550000 -0.67390000 0.63620000
vn 0.39160000 -0.66490000 0.63600000
vn 0.41580000 -0.66850000 0.61660000
vn 0.43230000 -0.65970000 0.61480000
vn 0.45260000 -0.65730000 0.60260000
vn 0.49330000 -0.65810000 0.56880000
vn 0.47260000 -0.65510000 0.58950000
vn 0.56500000 -0.65100000 0.50700000
vn 0.55880000 -0.64730000 0.51850000
vn 0.51060000 -0.65100000 0.56160000
vn 0.60270000 -0.64540000 0.46930000
vn 0.62720000 -0.64860000 0.43120000
vn 0.64130000 -0.64590000 0.41420000
vn 0.66630000 -0.64740000 0.37010000
vn 0.67660000 -0.65090000 0.34430000
vn 0.68740000 -0.65020000 0.32360000
vn 0.70410000 -0.65470000 0.27490000
vn 0.70880000 -0.66080000 0.24680000
vn 0.71590000 -0.66120000 0.22430000
vn 0.72190000 -0.67040000 0.17140000
vn 0.71850000 -0.68100000 0.14140000
vn 0.72230000 -0.68120000 0.11940000
vn 0.71780000 -0.69290000 0.06880000
vn 0.70970000 -0.70310000 0.04410000
vn 0.70920000 -0.70470000 0.02090000
vn 0.69670000 -0.71700000 -0.02390000
vn 0.68560000 -0.72690000 -0.03970000
vn 0.68020000 -0.73000000 -0.06610000
vn 0.64580000 -0.75490000 -0.11430000
vn 0.65990000 -0.74390000 -0.10540000
vn 0.63580000 -0.75870000 -0.14170000
vn 0.59040000 -0.78760000 -0.17670000
vn 0.57680000 -0.79120000 -0.20330000
vn 0.52050000 -0.82390000 -0.22430000
vn 0.52050000 -0.81850000 -0.24290000
vn -0.00010000 -0.70710000 0.70710000
vn -0.00000000 -0.70710000 0.70710000
vn -0.00010000 -0.70710000 0.70710000
vn 0.00010000 -0.70710000 0.70710000
vn -0.00000000 -0.70710000 0.70710000
vn -0.00000000 -0.70710000 0.70710000
vn 0.00010000 -0.70710000 0.70710000
vn -0.00010000 -0.70710000 0.70710000
vn 0.00010000 -0.70710000 0.70710000
vn -0.00000000 -0.70710000 0.70710000
vn -0.00010000 -0.70710000 0.70710000
vn -0.00000000 -0.70710000 0.70710000
vn -0.00010000 -0.70710000 0.70710000
vn -0.00000000 -0.70710000 0.70710000
vn -0.00010000 -0.70710000 0.70710000
vn -0.00000000 -0.70710000 0.70710000
vn -0.00000000 -0.70710000 0.70710000
vn -0.00010000 -0.70710000 0.70710000
vn -0.00010000 -0.70710000 0.70710000
vn -0.00010000 -0.70710000 0.70710000
vn -0.00000000 -0.70710000 0.70710000
vn 0.00010000 -0.70710000 0.70710000
vn -0.00000000 -0.70710000 0.70710000
vn -0.00020000 -0.70710000 0.70710000
vn 0.00010000 -0.70710000 0.70710000
vn -0.00020000 -0.70710000 0.70710000
vn 0.00010000 -0.70710000 0.70720000
vn 0.00010000 -0.70710000 0.70710000
vn 0.00010000 -0.70710000 0.70720000
vn -0.00020000 -0.70710000 0.70710000
vn 0.00010000 -0.70710000 0.70720000
vn -0.43390000 0.63720000 0.63700000
vn -0.00000000 0.70710000 0.70710000
vn -0.00000000 0.70720000 0.70710000
vn -0.00000000 0.70710000 0.70710000
vn -0.00000000 0.70710000 0.70710000
vn 0.43390000 0.63720000 0.63700000
vn 0.43390000 0.63720000 0.63700000
vn 0.78180000 0.44090000 0.44090000
vn 0.78180000 0.44090000 0.44090000
vn 0.97490000 0.15740000 0.15730000
vn 0.97490000 0.15730000 0.15730000
vn 0.97490000 -0.15740000 -0.15730000
vn 0.97490000 -0.15730000 -0.15730000
vn 0.78190000 -0.44090000 -0.44080000
vn 0.78180000 -0.44090000 -0.44090000
vn 0.43390000 -0.63710000 -0.63710000
vn 0.43390000 -0.63710000 -0.63710000
vn -0.00000000 -0.70710000 -0.70710000
vn -0.00000000 -0.70710000 -0.70710000
vn -0.43390000 -0.63710000 -0.63710000
vn -0.43390000 -0.63710000 -0.63710000
vn -0.78180000 -0.44090000 -0.44090000
vn -0.78190000 -0.44090000 -0.44080000
vn -0.97490000 -0.15730000 -0.15730000
vn -0.97490000 -0.15730000 -0.15730000
vn -0.97490000 0.15730000 0.15730000
vn -0.97490000 0.15740000 0.15730000
vn -0.78180000 0.44090000 0.44090000
vn -0.78180000 0.44090000 0.44090000
vn -0.43390000 0.63720000 0.63700000
vn -0.00000000 -0.70710000 0.70710000
vn -0.00010000 -0.70710000 0.70710000
vn -0.00000000 -0.70710000 0.70710000
vn -0.00000000 -0.70710000 0.70710000
vn -0.00000000 -0.70710000 0.70710000
vn -0.00000000 -0.70710000 0.70710000
vn 0.00010000 -0.70710000 0.70710000
vn -0.00000000 -0.70710000 0.70710000
vn 0.00010000 -0.70710000 0.70710000
vn -0.00020000 -0.70710000 0.70710000
vn -0.00000000 -0.70710000 0.70710000
vn 0.00010000 -0.70710000 0.70710000
vn -0.00000000 -0.70710000 0.70710000
vn -0.00020000 -0.70710000 0.70710000
vn -0.00020000 -0.70710000 0.70710000
vn -0.00000000 -0.70710000 0.70710000
vn -0.00010000 -0.70710000 0.70710000
vn -0.00010000 -0.70710000 0.70710000
vn 0.00010000 -0.70710000 0.70710000
vn -0.00000000 -0.70710000 0.70710000
vn 0.00010000 -0.70710000 0.70710000
vn -0.00000000 -0.70710000 0.70710000
vn -0.00010000 -0.70710000 0.70710000
vn -0.00010000 -0.70710000 0.70710000
vn 0.00010000 -0.70710000 0.70710000
vn -0.00010000 -0.70710000 0.70710000
vn -0.43390000 0.63710000 0.63700000
vn -0.00000000 0.70710000 0.70710000
vn -0.00010000 0.70710000 0.70710000
vn 0.00010000 0.70710000 0.70710000
vn -0.00000000 0.70710000 0.70710000
vn 0.43390000 0.63710000 0.63700000
vn 0.43390000 0.63710000 0.63710000
vn 0.78180000 0.44090000 0.44090000
vn 0.78180000 0.44090000 0.44090000
vn 0.97490000 0.15740000 0.15730000
vn 0.97490000 0.15730000 0.15730000
vn 0.97490000 -0.15740000 -0.15730000
vn 0.97490000 -0.15730000 -0.15740000
vn 0.78180000 -0.44090000 -0.44090000
vn 0.78180000 -0.44080000 -0.44090000
vn 0.43390000 -0.63710000 -0.63710000
vn 0.43390000 -0.63710000 -0.63710000
vn -0.00000000 -0.70710000 -0.70710000
vn -0.00000000 -0.70710000 -0.70710000
vn -0.43390000 -0.63710000 -0.63710000
vn -0.43390000 -0.63710000 -0.63710000
vn -0.78180000 -0.44090000 -0.44090000
vn -0.78180000 -0.44090000 -0.44090000
vn -0.97490000 -0.15730000 -0.15740000
vn -0.97490000 -0.15740000 -0.15730000
vn -0.97490000 0.15730000 0.15730000
vn -0.97490000 0.15740000 0.15730000
vn -0.78180000 0.44090000 0.44090000
vn -0.78180000 0.44090000 0.44090000
vn -0.43390000 0.63710000 0.63710000
vn 0.98240000 -0.17180000 -0.07320000
vn 0.98240000 -0.17180000 -0.07310000
vn 0.98790000 0.04890000 0.14750000
vn 0.99220000 0.02410000 0.12270000
vn 0.95220000 0.16090000 0.25960000
vn 0.89660000 0.25990000 0.35860000
vn 0.87190000 0.29340000 0.39210000
vn 0.71760000 0.44060000 0.53930000
vn 0.75370000 0.41280000 0.51140000
vn 0.59230000 0.51820000 0.61690000
vn 0.46830000 0.57350000 0.67220000
vn 0.50370000 0.55960000 0.65820000
vn 0.34910000 0.61150000 0.71010000
vn 0.17330000 0.64530000 0.74400000
vn 0.17330000 0.64660000 0.74290000
vn 0.46830000 0.57350000 0.67210000
vn 0.71760000 0.44070000 0.53930000
vn 0.89660000 0.25990000 0.35850000
vn 0.98790000 0.04880000 0.14750000
vn 0.98240000 -0.17180000 -0.07310000
vn 0.98240000 -0.17180000 -0.07320000
vn 0.98240000 -0.17180000 -0.07310000
vn 0.98240000 -0.17180000 -0.07320000
vn 0.98240000 -0.17180000 -0.07310000
vn 0.98240000 -0.17180000 -0.07320000
vn 0.17320000 0.64530000 0.74400000
vn -0.04310000 0.65540000 0.75410000
vn 0.17320000 0.64530000 0.74400000
vn -0.13880000 0.64920000 0.74780000
vn -0.13880000 0.64920000 0.74780000
vn -0.43730000 0.58470000 0.68330000
vn -0.43730000 0.58470000 0.68330000
vn -0.69300000 0.45810000 0.55670000
vn -0.69300000 0.45810000 0.55680000
vn -0.80950000 0.36280000 0.46150000
vn -0.88080000 0.28180000 0.38050000
vn -0.89680000 0.25960000 0.35820000
vn -0.98240000 0.07320000 0.17180000
vn -0.23820000 0.63570000 0.73430000
vn -0.39260000 0.59910000 0.69780000
vn -0.57220000 0.52850000 0.62710000
vn -0.98250000 0.07440000 0.17060000
vn -0.98240000 0.07320000 0.17180000
vn -0.98240000 0.07310000 0.17180000
vn -0.98240000 0.07320000 0.17190000
vn -0.98240000 0.07320000 0.17180000
vn -0.98240000 0.07320000 0.17190000
vn -0.98240000 0.07320000 0.17180000
vn -0.98240000 0.07310000 0.17190000
vn -0.98240000 0.07310000 0.17190000
vn -0.98240000 0.07320000 0.17190000
vn -0.98240000 0.07310000 0.17190000
vn -0.98240000 0.07310000 0.17180000
vn -0.98240000 0.07320000 0.17180000
vn -0.98240000 0.07310000 0.17180000
vn -0.00000000 -0.70710000 0.70710000
vn -0.00000000 -0.70710000 0.70710000
vn -0.00000000 -0.70710000 0.70710000
vn -0.00010000 -0.70710000 0.70710000
vn 0.00010000 -0.70710000 0.70710000
vn -0.00010000 -0.70710000 0.70710000
vn -0.00000000 -0.70710000 0.70710000
vn -0.00000000 -0.70710000 0.70710000
vn -0.00010000 -0.70710000 0.70710000
vn 0.00010000 -0.70710000 0.70710000
vn 0.00020000 -0.70710000 0.70710000
vn 0.00010000 -0.70710000 0.70710000
vn -0.00000000 -0.70710000 0.70710000
vn 0.00020000 -0.70710000 0.70710000
vn -0.00020000 -0.70720000 0.70700000
vn -0.00000000 -0.70710000 0.70710000
vn -0.00020000 -0.70720000 0.70700000
vn 0.00020000 -0.70710000 0.70710000
vn -0.00020000 -0.70720000 0.70700000
vn -0.00000000 -0.70710000 0.70710000
vn -0.00000000 -0.70710000 0.70710000
vn -0.00000000 -0.70710000 0.70710000
vn 0.00020000 -0.70710000 0.70710000
vn -0.00000000 -0.70710000 0.70710000
vn 0.00020000 -0.70710000 0.70710000
vn 0.00020000 -0.70710000 0.70710000
vn -0.43390000 0.63710000 0.63710000
vn -0.00010000 0.70710000 0.70710000
vn -0.00000000 0.70720000 0.70710000
vn 0.00010000 0.70710000 0.70710000
vn -0.00000000 0.70720000 0.70710000
vn 0.43390000 0.63710000 0.63710000
vn 0.43390000 0.63710000 0.63710000
vn 0.78180000 0.44090000 0.44080000
vn 0.78190000 0.44090000 0.44080000
vn 0.97490000 0.15740000 0.15730000
vn 0.97490000 0.15740000 0.15730000
vn 0.97490000 -0.15730000 -0.15740000
vn 0.97490000 -0.15730000 -0.15730000
vn 0.78180000 -0.44090000 -0.44090000
vn 0.78180000 -0.44090000 -0.44090000
vn 0.43390000 -0.63710000 -0.63710000
vn 0.43390000 -0.63710000 -0.63700000
vn -0.00000000 -0.70710000 -0.70710000
vn -0.00000000 -0.70710000 -0.70710000
vn -0.43390000 -0.63710000 -0.63700000
vn -0.43390000 -0.63710000 -0.63700000
vn -0.78180000 -0.44090000 -0.44090000
vn -0.78180000 -0.44090000 -0.44090000
vn -0.97490000 -0.15730000 -0.15730000
vn -0.97490000 -0.15730000 -0.15740000
vn -0.97490000 0.15740000 0.15730000
vn -0.97490000 0.15740000 0.15730000
vn -0.78190000 0.44090000 0.44080000
vn -0.78180000 0.44090000 0.44080000
vn -0.43390000 0.63710000 0.63700000
vn 0.98240000 0.07320000 0.17180000
vn 0.93450000 0.19750000 0.29620000
vn 0.98240000 0.07320000 0.17190000
vn 0.88080000 0.28180000 0.38050000
vn 0.82220000 0.35010000 0.44880000
vn 0.69300000 0.45810000 0.55670000
vn 0.69300000 0.45810000 0.55670000
vn 0.43730000 0.58460000 0.68330000
vn 0.57220000 0.52850000 0.62710000
vn 0.39260000 0.59910000 0.69780000
vn 0.23950000 0.63540000 0.73410000
vn 0.13880000 0.64920000 0.74780000
vn 0.43730000 0.58470000 0.68330000
vn 0.13880000 0.64920000 0.74780000
vn -0.17320000 0.64610000 0.74330000
vn 0.04430000 0.65540000 0.75400000
vn -0.17320000 0.64530000 0.74400000
vn 0.98240000 0.07320000 0.17180000
vn 0.98240000 0.07320000 0.17180000
vn 0.98240000 0.07320000 0.17180000
vn 0.98240000 0.07320000 0.17180000
vn 0.98240000 0.07310000 0.17180000
vn 0.98240000 0.07310000 0.17180000
vn 0.98240000 0.07320000 0.17180000
vn 0.98240000 0.07310000 0.17180000
vn 0.98240000 0.07310000 0.17180000
vn -0.17330000 0.64530000 0.74400000
vn -0.17330000 0.64530000 0.74400000
vn -0.46830000 0.57350000 0.67220000
vn -0.32430000 0.61780000 0.71640000
vn -0.42730000 0.58810000 0.68670000
vn -0.60510000 0.51150000 0.61010000
vn -0.71760000 0.44070000 0.53930000
vn -0.46830000 0.57350000 0.67210000
vn -0.71760000 0.44070000 0.53930000
vn -0.89660000 0.25990000 0.35850000
vn -0.89660000 0.25990000 0.35860000
vn -0.98790000 0.04880000 0.14750000
vn -0.98790000 0.04890000 0.14750000
vn -0.98250000 -0.17060000 -0.07440000
vn -0.98240000 -0.17180000 -0.07310000
vn -0.99220000 0.02400000 0.12270000
vn -0.95220000 0.16090000 0.25960000
vn -0.87190000 0.29340000 0.39210000
vn -0.75370000 0.41280000 0.51150000
vn -0.98240000 -0.17180000 -0.07320000
vn -0.98240000 -0.17180000 -0.07310000
vn -0.98240000 -0.17180000 -0.07320000
vn -0.98240000 -0.17180000 -0.07310000
vn -0.98240000 -0.17180000 -0.07320000
vn -0.98240000 -0.17180000 -0.07310000
vn 0.83610000 -0.43410000 -0.33540000
vn 0.85420000 -0.41370000 -0.31500000
vn 0.80700000 -0.46390000 -0.36530000
vn 0.95720000 -0.24800000 -0.14930000
vn 0.94870000 -0.26730000 -0.16870000
vn 0.99760000 -0.04940000 0.04930000
vn 0.94870000 -0.26730000 -0.16870000
vn 0.99770000 -0.04810000 0.04810000
vn 0.99760000 -0.04930000 0.04930000
vn 0.80700000 -0.46400000 -0.36530000
vn 0.80700000 -0.46390000 -0.36530000
vn 0.58630000 -0.62000000 -0.52130000
vn 0.58640000 -0.62000000 -0.52130000
vn 0.30820000 -0.72020000 -0.62150000
vn 0.30820000 -0.72020000 -0.62150000
vn -0.00000000 -0.75470000 -0.65610000
vn 0.00010000 -0.75470000 -0.65610000
vn 0.58630000 -0.62000000 -0.52130000
vn 0.30830000 -0.72020000 -0.62150000
vn 0.24140000 -0.73370000 -0.63510000
vn 0.45640000 -0.67660000 -0.57790000
vn 0.64200000 -0.58920000 -0.49050000
vn 0.79700000 -0.47360000 -0.37490000
vn 0.81700000 -0.45400000 -0.35540000
vn -0.27450000 -0.72750000 -0.62880000
vn -0.00000000 -0.75470000 -0.65610000
vn -0.30820000 -0.72020000 -0.62150000
vn -0.00000000 -0.75360000 -0.65730000
vn -0.30830000 -0.72020000 -0.62150000
vn -0.30830000 -0.72020000 -0.62150000
vn -0.58630000 -0.62000000 -0.52130000
vn -0.58640000 -0.62000000 -0.52130000
vn -0.80700000 -0.46390000 -0.36530000
vn -0.80700000 -0.46400000 -0.36530000
vn -0.94870000 -0.26730000 -0.16860000
vn -0.94870000 -0.26730000 -0.16860000
vn -0.99760000 -0.04930000 0.04930000
vn -0.99760000 -0.04940000 0.04930000
vn -0.94870000 -0.26730000 -0.16860000
vn -0.98090000 -0.17770000 -0.07900000
vn -0.92750000 -0.30900000 -0.21030000
vn -0.80700000 -0.46400000 -0.36530000
vn -0.77450000 -0.49390000 -0.39530000
vn -0.58630000 -0.62000000 -0.52130000
vn -0.62880000 -0.59690000 -0.49830000
vn -0.45820000 -0.67590000 -0.57730000
vn -0.99760000 -0.04930000 0.04930000
vn -0.99760000 -0.04930000 0.04930000
vn -0.99760000 -0.04930000 0.04940000
vn -0.99760000 -0.04930000 0.04930000
vn -0.99760000 -0.04930000 0.04930000
vn -0.99760000 -0.04930000 0.04940000
vn -0.99760000 -0.04930000 0.04940000
vn -0.99760000 -0.04930000 0.04930000
vn -0.99760000 -0.04930000 0.04940000
vn -0.99760000 -0.04930000 0.04930000
vn -0.99760000 -0.04930000 0.04930000
vn -0.99760000 -0.04930000 0.04930000
vn -0.99760000 -0.04930000 0.04930000
vn -0.89630000 0.40250000 0.18620000
vn -0.94510000 0.32650000 0.01170000
vn -0.95570000 0.25990000 -0.13790000
vn -0.95860000 0.24690000 -0.14190000
vn -0.96720000 0.21790000 -0.13070000
vn -0.93540000 -0.28410000 0.21080000
vn -0.92260000 -0.32320000 0.21080000
vn -0.74690000 -0.56050000 0.35780000
vn -0.71980000 -0.58730000 0.37000000
vn -0.53310000 -0.72520000 0.43590000
vn -0.49780000 -0.73730000 0.45670000
vn -0.10140000 -0.84930000 0.51800000
vn -0.49530000 -0.73850000 0.45740000
vn -0.09500000 -0.86590000 0.49110000
vn -0.49660000 -0.73940000 0.45450000
vn -0.49890000 -0.73960000 0.45180000
vn -0.71650000 -0.59330000 0.36700000
vn -0.71530000 -0.59600000 0.36490000
vn -0.91170000 -0.34800000 0.21860000
vn -0.89060000 -0.39120000 0.23200000
vn -0.99530000 0.08410000 -0.04760000
vn -0.87620000 -0.42260000 0.23160000
vn -1.00000000 -0.00600000 0.00310000
vn -1.00000000 -0.00010000 -0.00000000
vn -0.88030000 -0.42610000 0.20880000
vn -0.99960000 0.02440000 -0.01200000
vn -0.99970000 0.02270000 -0.01100000
vn -0.99990000 0.01210000 -0.00570000
vn -0.87540000 -0.43640000 0.20810000
vn -1.00000000 -0.00880000 0.00410000
vn -0.86750000 -0.45310000 0.20530000
vn -0.99960000 -0.02530000 0.01130000
vn -0.99950000 -0.02800000 0.01180000
vn -0.99950000 -0.02790000 0.01170000
vn -0.99960000 -0.02590000 0.01150000
vn -0.99960000 -0.02600000 0.01150000
vn -0.86590000 -0.45860000 0.19970000
vn -0.86540000 -0.46120000 0.19620000
vn -0.70030000 -0.65510000 0.28360000
vn -0.69900000 -0.65800000 0.28020000
vn -0.51440000 -0.78740000 0.33970000
vn -0.51240000 -0.78990000 0.33700000
vn -0.07780000 -0.91780000 0.38940000
vn -0.50760000 -0.79610000 0.32970000
vn -0.53650000 -0.80980000 0.23770000
vn -0.72230000 -0.67160000 0.16510000
vn -0.59880000 -0.79940000 0.04950000
vn -0.74620000 -0.66160000 -0.07350000
vn -0.38070000 -0.87230000 -0.30690000
vn -0.47800000 -0.57980000 -0.65980000
vn -0.20180000 -0.90220000 -0.38130000
vn -0.02800000 -0.59440000 -0.80370000
vn -0.07810000 -0.90640000 -0.41520000
vn -0.05660000 -0.91670000 -0.39560000
vn -0.08380000 -0.97830000 -0.18920000
vn -0.07000000 -0.98360000 -0.16640000
vn -0.08020000 -0.99680000 0.00400000
vn -0.07620000 -0.99670000 0.02900000
vn -0.07330000 -0.91990000 0.38530000
vn -0.06710000 -0.99730000 0.02850000
vn -0.05980000 -0.91230000 0.40520000
vn -0.06440000 -0.99760000 0.02740000
vn -0.05980000 -0.99790000 0.02570000
vn -0.05520000 -0.98510000 -0.16270000
vn -0.03810000 -0.98680000 -0.15760000
vn -0.03250000 -0.93100000 -0.36350000
vn -0.00000000 -0.93930000 -0.34310000
vn -0.00000000 -0.70700000 -0.70720000
vn 0.01700000 -0.93710000 -0.34860000
vn 0.01210000 -0.67440000 -0.73820000
vn 0.03250000 -0.93100000 -0.36350000
vn 0.04610000 -0.92240000 -0.38340000
vn 0.03810000 -0.98680000 -0.15750000
vn 0.05520000 -0.98510000 -0.16280000
vn 0.04080000 -0.99900000 0.01880000
vn 0.05980000 -0.99790000 0.02580000
vn 0.05670000 -0.91340000 0.40320000
vn 0.07050000 -0.91830000 0.38950000
vn -0.79760000 -0.08980000 0.59640000
vn -0.68480000 0.55320000 0.47440000
vn -0.32090000 0.21530000 0.92230000
vn -0.34910000 0.67300000 0.65200000
vn -0.01940000 0.34600000 0.93800000
vn 0.01020000 0.72370000 0.69010000
vn -0.04450000 0.28230000 0.95830000
vn 0.02150000 0.70700000 0.70690000
vn -0.05040000 -0.00000000 0.99870000
vn -0.08030000 -0.42110000 0.90340000
vn -0.07960000 -0.35280000 0.93230000
vn -0.08150000 -0.84710000 0.52520000
vn -0.14480000 -0.82080000 0.55250000
vn -0.52230000 -0.67100000 0.52630000
vn -0.46080000 -0.59260000 0.66070000
vn -0.72940000 -0.49830000 0.46880000
vn -0.63540000 -0.39030000 0.66630000
vn -0.91540000 -0.21730000 0.33870000
vn -0.08680000 -0.90250000 0.42190000
vn -0.53510000 -0.74280000 0.40240000
vn -0.51950000 -0.74070000 0.42610000
vn -0.50220000 -0.74020000 0.44710000
vn -0.71380000 -0.60530000 0.35240000
vn -0.07570000 -0.91080000 0.40580000
vn -0.52120000 -0.77930000 0.34790000
vn -0.53060000 -0.76680000 0.36140000
vn -0.53590000 -0.75790000 0.37210000
vn -0.71170000 -0.63480000 0.30070000
vn -0.71750000 -0.62530000 0.30680000
vn -0.09180000 -0.92230000 0.37550000
vn -0.44270000 -0.88340000 0.15350000
vn -0.30490000 -0.94510000 -0.11780000
vn -0.17840000 -0.96980000 -0.16630000
vn -0.08600000 -0.92360000 0.37350000
vn -0.23320000 -0.97150000 0.04260000
vn -0.14930000 -0.98870000 0.01620000
vn -0.04080000 -0.99900000 0.01880000
vn -0.04000000 -0.91840000 0.39370000
vn -0.02000000 -0.92220000 0.38630000
vn -0.00000000 -0.99990000 0.01050000
vn -0.00000000 -0.92350000 0.38370000
vn 0.02090000 -0.99970000 0.01290000
vn 0.02010000 -0.92210000 0.38640000
vn 0.03660000 -0.91910000 0.39220000
vn 0.08210000 -0.92300000 0.37590000
vn 0.14470000 -0.98940000 0.01410000
vn 0.08100000 -0.99670000 0.00440000
vn 0.07540000 -0.99670000 0.02850000
vn 0.08090000 -0.97830000 -0.19060000
vn 0.06950000 -0.98360000 -0.16640000
vn 0.07130000 -0.90610000 -0.41700000
vn 0.05650000 -0.91660000 -0.39570000
vn 0.05090000 -0.91890000 -0.39120000
vn 0.04910000 -0.91980000 -0.38930000
vn 0.05920000 -0.98460000 -0.16420000
vn 0.23300000 -0.97150000 0.04260000
vn 0.09160000 -0.92320000 0.37330000
vn 0.43980000 -0.88520000 0.15140000
vn 0.53630000 -0.80990000 0.23750000
vn 0.72200000 -0.67200000 0.16470000
vn 0.70040000 -0.65760000 0.27750000
vn 0.86790000 -0.45530000 0.19880000
vn 0.86820000 -0.45390000 0.20050000
vn 0.99960000 -0.02710000 0.01190000
vn 0.99960000 -0.02660000 0.01170000
vn 0.99970000 -0.00290000 -0.02340000
vn 0.99960000 -0.02660000 0.01180000
vn 0.99960000 -0.02540000 0.01130000
vn 0.86590000 -0.45860000 0.19980000
vn 0.86750000 -0.45300000 0.20530000
vn 0.70040000 -0.65500000 0.28360000
vn 0.70370000 -0.64810000 0.29110000
vn 0.51470000 -0.78720000 0.33970000
vn 0.52120000 -0.77930000 0.34790000
vn 0.06210000 -0.91530000 0.39790000
vn 0.07580000 -0.91080000 0.40580000
vn 0.08550000 -0.91940000 0.38390000
vn 0.50800000 -0.79570000 0.32980000
vn 0.70170000 -0.65410000 0.28240000
vn 0.86620000 -0.45890000 0.19790000
vn 0.05180000 -0.91660000 0.39640000
vn 0.51200000 -0.79020000 0.33660000
vn 0.69990000 -0.65650000 0.28130000
vn 0.51260000 -0.78950000 0.33750000
vn 0.08020000 -0.90870000 0.40970000
vn 0.53060000 -0.76670000 0.36140000
vn 0.71180000 -0.63470000 0.30070000
vn 0.71750000 -0.62540000 0.30680000
vn 0.88010000 -0.42630000 0.20880000
vn 1.00000000 -0.00590000 0.00310000
vn 1.00000000 -0.00000000 -0.00000000
vn 0.08680000 -0.90250000 0.42190000
vn 0.53610000 -0.75780000 0.37200000
vn 0.71370000 -0.60530000 0.35240000
vn 0.89060000 -0.39120000 0.23200000
vn 0.99530000 0.08400000 -0.04750000
vn 0.91170000 -0.34790000 0.21850000
vn 0.97800000 0.17960000 -0.10610000
vn 0.97210000 0.20130000 -0.12050000
vn 0.95580000 0.25980000 -0.13770000
vn 0.96900000 0.21170000 -0.12720000
vn 0.96700000 0.21830000 -0.13120000
vn 0.91960000 -0.33110000 0.21150000
vn 0.92270000 -0.32340000 0.20990000
vn 0.71730000 -0.59190000 0.36760000
vn 0.71950000 -0.58710000 0.37100000
vn 0.49740000 -0.73970000 0.45320000
vn 0.49710000 -0.73640000 0.45890000
vn 0.10220000 -0.84870000 0.51890000
vn 0.53290000 -0.72510000 0.43610000
vn 0.14490000 -0.82080000 0.55250000
vn 0.52240000 -0.67110000 0.52600000
vn 0.46110000 -0.59270000 0.66040000
vn 0.63570000 -0.39040000 0.66590000
vn 0.23130000 -0.42560000 0.87490000
vn 0.28310000 -0.12840000 0.95050000
vn 0.04000000 0.00920000 0.99920000
vn 0.32170000 0.21510000 0.92210000
vn 0.00900000 0.35190000 0.93600000
vn 0.35050000 0.67270000 0.65160000
vn -0.01390000 0.72530000 0.68820000
vn -0.02820000 0.70680000 0.70690000
vn -0.01920000 0.23200000 0.97250000
vn 0.01530000 0.21340000 0.97680000
vn 0.02670000 -0.16840000 0.98540000
vn 0.04750000 -0.18600000 0.98140000
vn 0.06910000 -0.50680000 0.85930000
vn 0.06880000 -0.50730000 0.85900000
vn 0.08170000 -0.84710000 0.52520000
vn 0.06610000 -0.50500000 0.86060000
vn 0.06310000 -0.85220000 0.51940000
vn 0.05510000 -0.49520000 0.86700000
vn 0.03510000 -0.47880000 0.87720000
vn 0.02500000 -0.18360000 0.98270000
vn -0.00010000 -0.46400000 0.88590000
vn -0.00000000 0.18970000 0.98180000
vn 0.09500000 -0.86590000 0.49110000
vn 0.51950000 -0.74070000 0.42610000
vn 0.71540000 -0.59590000 0.36490000
vn 0.91700000 -0.33680000 0.21360000
vn 0.50230000 -0.74010000 0.44710000
vn 0.10290000 -0.85480000 0.50860000
vn 0.49870000 -0.73970000 0.45180000
vn 0.07560000 -0.34850000 0.93430000
vn 0.04290000 -0.84630000 0.53090000
vn 0.02180000 -0.84840000 0.52900000
vn -0.00000000 -0.85110000 0.52500000
vn -0.00000000 0.70720000 0.70700000
vn -0.00790000 0.70870000 0.70540000
vn 0.00940000 0.19220000 0.98130000
vn 0.03920000 -0.18820000 0.98140000
vn -0.01560000 0.70850000 0.70550000
vn 0.01470000 0.19960000 0.97980000
vn 0.04740000 -0.18780000 0.98110000
vn 0.01780000 0.20880000 0.97780000
vn 0.68220000 0.55420000 0.47690000
vn 0.79790000 -0.09020000 0.59600000
vn 0.89790000 0.40020000 0.18330000
vn 0.91570000 -0.21760000 0.33790000
vn 0.72980000 -0.49830000 0.46800000
vn 0.74680000 -0.56050000 0.35790000
vn 0.94520000 0.32630000 0.01190000
vn 0.95860000 0.24700000 -0.14190000
vn 0.99960000 0.02430000 -0.01200000
vn 0.87540000 -0.43640000 0.20810000
vn 0.99970000 0.02270000 -0.01100000
vn 0.99990000 0.01200000 -0.00570000
vn 1.00000000 -0.00890000 0.00410000
vn 0.75750000 -0.45210000 -0.47090000
vn 0.88590000 -0.32560000 -0.33030000
vn 0.98750000 -0.10600000 -0.11690000
vn 0.99920000 -0.03570000 0.01550000
vn 0.87500000 -0.47840000 0.07470000
vn 0.38000000 -0.87250000 -0.30730000
vn 0.47720000 -0.57980000 -0.66040000
vn 0.02570000 -0.59350000 -0.80450000
vn 0.19080000 -0.90260000 -0.38590000
vn 0.30470000 -0.94510000 -0.11790000
vn 0.59380000 -0.80330000 0.04580000
vn -0.01200000 -0.67440000 -0.73830000
vn -0.04610000 -0.92240000 -0.38350000
vn -0.05920000 -0.98470000 -0.16420000
vn -0.04920000 -0.91990000 -0.38910000
vn -0.06130000 -0.98440000 -0.16490000
vn -0.36880000 -0.60100000 -0.70900000
vn -0.66600000 -0.50890000 -0.54550000
vn -0.89290000 -0.31690000 -0.31980000
vn -0.99970000 -0.00260000 -0.02340000
vn -0.98760000 -0.10490000 -0.11660000
vn -0.87520000 -0.47780000 0.07510000
vn -0.99930000 -0.03410000 0.01480000
vn -0.86910000 -0.45220000 0.20050000
vn -0.70130000 -0.65620000 0.27850000
vn -0.97690000 0.18420000 -0.10830000
vn -0.97210000 0.20140000 -0.12040000
vn -0.96910000 0.21120000 -0.12700000
vn -0.91950000 -0.33160000 0.21100000
vn -0.92090000 -0.32920000 0.20870000
vn -0.71730000 -0.59100000 0.36900000
vn -0.23120000 -0.42560000 0.87490000
vn -0.71520000 -0.61380000 0.33420000
vn 0.06440000 -0.99750000 0.02740000
vn 0.06620000 -0.99740000 0.02810000
vn -0.96780000 0.21570000 -0.13000000
vn -0.28250000 -0.12850000 0.95060000
vn -0.71670000 -0.59230000 0.36810000
vn -0.91700000 -0.33680000 0.21360000
vn -0.70360000 -0.64820000 0.29110000
vn -0.05030000 -0.91870000 -0.39160000
vn -0.00000000 -0.98810000 -0.15350000
vn 0.01960000 -0.98780000 -0.15450000
vn 0.17060000 -0.97060000 -0.16980000
vn 0.73980000 -0.66820000 -0.07920000
vn 0.71650000 -0.59330000 0.36700000
vn 0.93530000 -0.28420000 0.21070000
vn 0.06090000 -0.98440000 -0.16520000
vn 0.00140000 0.70720000 0.70700000
vn -0.00010000 0.18970000 0.98180000
vn 0.00790000 0.70870000 0.70540000
vn -0.00270000 0.33720000 0.94140000
vn 0.01570000 0.70860000 0.70540000
vn -0.00440000 0.34560000 0.93840000
vn 0.02290000 0.70550000 0.70840000
vn -0.00600000 0.35500000 0.93490000
vn 0.02980000 0.70710000 0.70650000
vn 0.02080000 0.36500000 0.93080000
vn -0.05250000 0.27850000 0.95900000
vn -0.04090000 -0.23810000 0.97040000
vn -0.08700000 -0.42670000 0.90020000
vn -0.05230000 -0.25410000 0.96580000
vn -0.07550000 -0.75310000 0.65360000
vn -0.06370000 -0.74040000 0.66920000
vn -0.08150000 -0.84690000 0.52550000
vn -0.04310000 -0.84640000 0.53080000
vn -0.04120000 -0.72310000 0.68950000
vn 0.00010000 -0.85110000 0.52500000
vn 0.00020000 -0.46400000 0.88590000
vn -0.02740000 -0.24530000 0.96900000
vn -0.08760000 -0.76310000 0.64030000
vn -0.04310000 -0.25250000 0.96660000
vn -1.00000000 -0.00000000 -0.00000000
vn -1.00000000 -0.00000000 -0.00000000
vn -1.00000000 0.00010000 -0.00000000
vn -1.00000000 -0.00000000 -0.00000000
vn -1.00000000 -0.00000000 -0.00000000
vn -1.00000000 0.00010000 -0.00000000
vn -1.00000000 -0.00000000 -0.00000000
vn -1.00000000 0.00010000 -0.00000000
vn -1.00000000 -0.00000000 -0.00000000
vn -1.00000000 -0.00010000 -0.00000000
vn -1.00000000 -0.00000000 -0.00000000
vn -1.00000000 -0.00000000 -0.00000000
vn -1.00000000 -0.00000000 -0.00000000
vn -1.00000000 -0.00010000 -0.00000000
vn -1.00000000 -0.00000000 -0.00000000
vn -1.00000000 0.00010000 -0.00000000
vn -0.99760000 -0.04900000 -0.04860000
vn -0.89390000 -0.31730000 -0.31670000
vn -0.89970000 -0.30900000 -0.30840000
vn -0.68210000 -0.51700000 -0.51720000
vn -0.66890000 -0.52540000 -0.52580000
vn -0.36560000 -0.65810000 -0.65820000
vn -0.35410000 -0.66130000 -0.66130000
vn 0.00640000 -0.70730000 -0.70690000
vn 0.00580000 -0.70730000 -0.70690000
vn -0.01350000 -0.70730000 -0.70680000
vn -0.00000000 -0.70750000 -0.70670000
vn -0.00000000 -0.70740000 -0.70680000
vn 0.01340000 -0.70600000 -0.70810000
vn 0.02700000 -0.70670000 -0.70700000
vn 0.02700000 -0.70670000 -0.70700000
vn -0.02700000 -0.70710000 -0.70660000
vn -0.02700000 -0.70710000 -0.70660000
vn -0.00630000 -0.70710000 -0.70700000
vn -0.00610000 -0.70710000 -0.70710000
vn 0.36500000 -0.65830000 -0.65830000
vn 0.46930000 -0.62440000 -0.62440000
vn 0.68190000 -0.51710000 -0.51730000
vn 0.76310000 -0.45680000 -0.45720000
vn 0.89960000 -0.30850000 -0.30920000
vn 0.99760000 -0.04830000 -0.04910000
vn 1.00000000 -0.00000000 -0.00000000
vn 1.00000000 -0.00000000 -0.00000000
vn 1.00000000 -0.00000000 -0.00000000
vn 1.00000000 -0.00010000 -0.00000000
vn 1.00000000 -0.00000000 -0.00000000
vn 1.00000000 -0.00010000 -0.00000000
vn 1.00000000 -0.00010000 -0.00000000
vn 1.00000000 -0.00000000 -0.00000000
vn 1.00000000 -0.00000000 -0.00000000
vn 1.00000000 -0.00010000 -0.00000000
vn 1.00000000 -0.00000000 -0.00000000
vn 1.00000000 -0.00000000 -0.00000000
vn 1.00000000 -0.00000000 -0.00000000
vn 1.00000000 -0.00010000 -0.00000000
vn 1.00000000 -0.00010000 -0.00000000
vn 1.00000000 -0.00000000 -0.00000000
vn 1.00000000 -0.00000000 -0.00000000
vn 0.99950000 0.02270000 0.02390000
vn 0.91280000 0.28760000 0.29010000
vn 0.86010000 0.35950000 0.36200000
vn 0.69320000 0.50800000 0.51130000
vn 0.49260000 0.61350000 0.61730000
vn 0.37590000 0.65330000 0.65720000
vn -0.00440000 0.70550000 0.70870000
vn 0.00120000 0.70560000 0.70860000
vn 0.03200000 0.70670000 0.70680000
vn 0.03070000 0.70660000 0.70700000
vn 0.03080000 0.70660000 0.70700000
vn 0.03170000 0.70670000 0.70680000
vn 0.03050000 0.70660000 0.70700000
vn 0.03060000 0.70660000 0.70700000
vn 0.02320000 0.70740000 0.70650000
vn 0.01540000 0.70770000 0.70640000
vn -0.00000000 0.70700000 0.70720000
vn 0.00770000 0.70840000 0.70580000
vn -0.00000000 0.70700000 0.70720000
vn -0.00760000 0.70750000 0.70670000
vn -0.01530000 0.70620000 0.70790000
vn -0.03030000 0.70680000 0.70680000
vn -0.03040000 0.70670000 0.70680000
vn -0.03070000 0.70680000 0.70670000
vn -0.03100000 0.70680000 0.70670000
vn 0.01280000 0.70540000 0.70870000
vn -0.37160000 0.65490000 0.65800000
vn 0.01270000 0.70550000 0.70860000
vn -0.49050000 0.61460000 0.61780000
vn -0.69610000 0.50590000 0.50950000
vn -0.86140000 0.35760000 0.36080000
vn -0.91270000 0.28740000 0.29040000
vn -0.99970000 0.01660000 0.01850000
vn 0.07370000 -0.90150000 0.42650000
vn 0.06460000 -0.90500000 0.42040000
vn 0.07230000 -0.91550000 0.39580000
vn 0.06850000 -0.91710000 0.39270000
vn 0.07210000 -0.91620000 0.39410000
vn 0.07200000 -0.91620000 0.39420000
vn 0.07070000 -0.91630000 0.39420000
vn 0.07070000 -0.91630000 0.39430000
vn 0.07010000 -0.91680000 0.39320000
vn 0.06150000 -0.89650000 0.43880000
vn 0.07590000 -0.88290000 0.46340000
vn 0.05790000 -0.88770000 0.45680000
vn 0.05550000 -0.88200000 0.46800000
vn 0.05680000 -0.88550000 0.46120000
vn 0.05150000 -0.87910000 0.47380000
vn 0.07950000 -0.85160000 0.51820000
vn 0.04250000 -0.87010000 0.49100000
vn 0.07510000 -0.85000000 0.52130000
vn -0.00000000 -0.85420000 0.52000000
vn 0.07850000 -0.85070000 0.51980000
vn 0.07740000 -0.85010000 0.52090000
vn 0.07620000 -0.85000000 0.52130000
vn -0.07500000 -0.85010000 0.52130000
vn -0.04570000 -0.86970000 0.49140000
vn -0.01040000 -0.86770000 0.49690000
vn -0.00340000 -0.86780000 0.49690000
vn -0.07950000 -0.85160000 0.51820000
vn -0.07590000 -0.85000000 0.52120000
vn -0.07770000 -0.85010000 0.52090000
vn -0.07760000 -0.85010000 0.52090000
vn -0.07920000 -0.85070000 0.51960000
vn -0.07590000 -0.88290000 0.46340000
vn -0.05440000 -0.88090000 0.47020000
vn -0.05070000 -0.87870000 0.47460000
vn -0.05650000 -0.88540000 0.46140000
vn -0.07370000 -0.90150000 0.42640000
vn -0.05670000 -0.90580000 0.41980000
vn -0.07220000 -0.91550000 0.39590000
vn -0.06840000 -0.91710000 0.39260000
vn -0.07150000 -0.91610000 0.39450000
vn -0.07160000 -0.91610000 0.39450000
vn -0.07020000 -0.91680000 0.39310000
vn -0.07060000 -0.91700000 0.39260000
vn -0.00000000 -0.91990000 0.39220000
vn -0.03560000 -0.90850000 0.41640000
vn -0.04190000 -0.90820000 0.41650000
vn -0.04810000 -0.90780000 0.41660000
vn 0.03290000 -0.90860000 0.41640000
vn 0.02610000 -0.90890000 0.41630000
vn 0.01920000 -0.90900000 0.41630000
vn 0.01230000 -0.90920000 0.41620000
vn 0.00380000 -0.90850000 0.41780000
vn 0.00010000 -0.90870000 0.41750000
vn -0.00810000 -0.90720000 0.42060000
vn -0.00780000 -0.90360000 0.42820000
vn -0.00950000 -0.90010000 0.43550000
vn -0.02740000 -0.89940000 0.43630000
vn -0.02840000 -0.90800000 0.41800000
vn -0.00960000 -0.89670000 0.44250000
vn -0.02620000 -0.89050000 0.45430000
vn -0.03700000 -0.88660000 0.46100000
vn -0.03430000 -0.88550000 0.46350000
vn -0.03430000 -0.88550000 0.46340000
vn -0.03600000 -0.88550000 0.46320000
vn -0.00970000 -0.89330000 0.44940000
vn -0.00970000 -0.88980000 0.45630000
vn -0.00990000 -0.88630000 0.46310000
vn -0.03710000 -0.88570000 0.46270000
vn -0.03720000 -0.88560000 0.46300000
vn -0.03480000 -0.88620000 0.46190000
vn -0.05430000 -0.90740000 0.41660000
vn -0.04380000 -0.87700000 0.47840000
vn -0.03500000 -0.87670000 0.47980000
vn -0.02300000 -0.87170000 0.48940000
vn -0.01010000 -0.87750000 0.47950000
vn -0.01010000 -0.87430000 0.48530000
vn -0.01020000 -0.87110000 0.49110000
vn 0.00360000 -0.86780000 0.49690000
vn 0.01040000 -0.86770000 0.49690000
vn 0.02140000 -0.87180000 0.48930000
vn 0.03510000 -0.87670000 0.47980000
vn 0.01020000 -0.87750000 0.47950000
vn 0.01560000 -0.87210000 0.48910000
vn 0.04500000 -0.87720000 0.47800000
vn 0.05640000 -0.88790000 0.45650000
vn 0.05590000 -0.89210000 0.44830000
vn 0.05550000 -0.89640000 0.43980000
vn 0.05530000 -0.89820000 0.43610000
vn 0.05290000 -0.90230000 0.42790000
vn 0.05250000 -0.90630000 0.41940000
vn 0.04820000 -0.90520000 0.42230000
vn 0.04080000 -0.90760000 0.41780000
vn 0.12710000 -0.87910000 0.45940000
vn 0.14430000 -0.88050000 0.45150000
vn 0.64240000 -0.67900000 0.35540000
vn 0.14460000 -0.88390000 0.44470000
vn 0.54760000 -0.75320000 0.36450000
vn 0.14480000 -0.88730000 0.43780000
vn 0.15290000 -0.88960000 0.43040000
vn 0.84390000 -0.48290000 0.23370000
vn 0.86630000 -0.44250000 0.23180000
vn 0.99280000 -0.10690000 0.05320000
vn 0.99280000 -0.10660000 0.05440000
vn 0.98710000 -0.14410000 0.06970000
vn 0.99280000 -0.10580000 0.05540000
vn 0.15790000 -0.88900000 0.42990000
vn 0.17170000 -0.85620000 0.48720000
vn 0.54280000 -0.75710000 0.36340000
vn 0.55500000 -0.55860000 0.61640000
vn 0.83540000 -0.49670000 0.23510000
vn 0.81720000 -0.10550000 0.56660000
vn 0.90840000 0.17700000 0.37890000
vn 0.70920000 0.36000000 0.60620000
vn 0.47560000 0.04080000 0.87870000
vn 0.37500000 0.48760000 0.78850000
vn 0.00150000 0.58370000 0.81200000
vn 0.32580000 -0.46040000 0.82570000
vn 0.00760000 0.08410000 0.99640000
vn 0.01170000 -0.40650000 0.91360000
vn 0.08590000 -0.80940000 0.58100000
vn 0.01290000 -0.79590000 0.60530000
vn 0.14180000 -0.82800000 0.54250000
vn 0.98310000 -0.16700000 0.07520000
vn 0.01180000 -0.79050000 0.61230000
vn 0.01840000 -0.78180000 0.62320000
vn 0.00880000 -0.40110000 0.91600000
vn 0.02370000 -0.40910000 0.91220000
vn 0.00980000 0.07820000 0.99690000
vn 0.02490000 -0.78120000 0.62380000
vn 0.03170000 -0.79600000 0.60450000
vn -0.00650000 0.54680000 0.83720000
vn -0.00440000 0.52410000 0.85160000
vn 0.00360000 0.08550000 0.99630000
vn -0.00320000 0.52350000 0.85200000
vn -0.00300000 0.58080000 0.81410000
vn 0.03240000 -0.89200000 0.45090000
vn 0.00430000 -0.86600000 0.50010000
vn 0.02320000 -0.46970000 0.88250000
vn -0.26410000 -0.52480000 0.80920000
vn -0.46970000 0.07020000 0.88000000
vn -0.81610000 -0.09240000 0.57040000
vn -0.80920000 0.35360000 0.46930000
vn -1.00000000 -0.00010000 -0.00300000
vn -0.47420000 -0.62340000 0.62170000
vn -0.85420000 -0.46880000 0.22490000
vn -0.46200000 -0.79830000 0.38630000
vn -0.01560000 -0.88950000 0.45670000
vn 0.06200000 -0.89760000 0.43630000
vn -0.05510000 -0.85710000 0.51230000
vn -0.54700000 0.53850000 0.64100000
vn -0.22770000 0.68970000 0.68740000
vn 0.00450000 0.15400000 0.98810000
vn -0.15870000 0.69750000 0.69880000
vn -0.01520000 0.68960000 0.72400000
vn -0.08760000 0.70540000 0.70340000
vn 0.05620000 -0.89820000 0.43600000
vn 0.05650000 -0.89640000 0.43970000
vn -0.46670000 -0.79570000 0.38620000
vn 0.05560000 -0.89220000 0.44830000
vn -0.46710000 -0.78410000 0.40860000
vn 0.05750000 -0.88780000 0.45660000
vn 0.05780000 -0.88530000 0.46130000
vn -0.85670000 -0.45750000 0.23830000
vn -0.85590000 -0.46530000 0.22590000
vn -1.00000000 0.00030000 -0.00010000
vn -1.00000000 0.00170000 -0.00080000
vn -1.00000000 0.00110000 -0.00060000
vn -1.00000000 0.00040000 -0.00020000
vn 0.06390000 -0.88500000 0.46120000
vn -0.01150000 -0.89480000 0.44630000
vn -0.46270000 -0.78510000 0.41170000
vn -0.39740000 -0.89750000 0.19110000
vn -0.74140000 -0.65490000 -0.14640000
vn -0.42020000 -0.79440000 -0.43870000
vn -0.68790000 -0.51290000 -0.51350000
vn -0.33930000 -0.66550000 -0.66480000
vn 0.00960000 -0.70130000 -0.71280000
vn -0.21660000 -0.97590000 0.02580000
vn 0.02870000 -0.98700000 -0.15790000
vn 0.02350000 -0.89800000 0.43940000
vn 0.03590000 -0.88710000 0.46020000
vn -0.02560000 -0.91060000 0.41250000
vn -0.86140000 -0.34010000 -0.37730000
vn -0.94850000 -0.20760000 -0.23910000
vn -0.85530000 -0.45760000 0.24310000
vn -1.00000000 0.00360000 0.00290000
vn 0.01010000 -0.91540000 0.40250000
vn 0.00860000 -0.99780000 -0.06600000
vn 0.03540000 -0.91230000 0.40790000
vn 0.03050000 -0.98850000 -0.14820000
vn 0.00810000 -0.75450000 -0.65630000
vn 0.01210000 -0.75460000 -0.65600000
vn 0.00410000 -0.75450000 -0.65630000
vn 0.01590000 -0.75050000 -0.66070000
vn -0.96050000 -0.24170000 0.13800000
vn -0.99280000 -0.10410000 0.05850000
vn -0.93500000 -0.30780000 0.17600000
vn -0.99280000 -0.10440000 0.05780000
vn -0.92810000 -0.32700000 0.17820000
vn -0.95690000 -0.25510000 0.13900000
vn -0.97840000 -0.18150000 0.09890000
vn -0.99280000 -0.10490000 0.05710000
vn -0.97970000 -0.17410000 0.09940000
vn -0.99280000 -0.10380000 0.05930000
vn -0.53030000 -0.74420000 0.40610000
vn -0.52760000 -0.73750000 0.42170000
vn -0.13510000 -0.86950000 0.47510000
vn -0.14380000 -0.85880000 0.49180000
vn 0.01050000 -0.91340000 0.40690000
vn 0.00360000 -0.91320000 0.40740000
vn 0.00900000 -0.99900000 -0.04280000
vn -0.00340000 -0.91330000 0.40740000
vn -0.00890000 -0.99830000 -0.05840000
vn -0.01040000 -0.91350000 0.40670000
vn -0.00420000 -0.75640000 -0.65410000
vn -0.00140000 -0.75670000 -0.65380000
vn 0.00140000 -0.75600000 -0.65460000
vn 0.00420000 -0.75620000 -0.65430000
vn 0.95210000 -0.26860000 0.14640000
vn 0.99330000 -0.10130000 0.05610000
vn 0.91840000 -0.34730000 0.18940000
vn 0.93600000 -0.30580000 0.17430000
vn 0.54310000 -0.72890000 0.41680000
vn 0.97720000 -0.18640000 0.10160000
vn 0.99330000 -0.10130000 0.05520000
vn 0.99330000 -0.10060000 0.05660000
vn 0.96130000 -0.23920000 0.13660000
vn 0.98040000 -0.17100000 0.09760000
vn 0.99330000 -0.10030000 0.05730000
vn 0.15220000 -0.85770000 0.49120000
vn 0.15200000 -0.86100000 0.48540000
vn 0.15120000 -0.86430000 0.47970000
vn 0.53990000 -0.73890000 0.40320000
vn 0.14140000 -0.86870000 0.47470000
vn -0.03530000 -0.92300000 0.38320000
vn -0.03320000 -0.99890000 0.03360000
vn -0.01020000 -0.91990000 0.39210000
vn -0.00860000 -0.99720000 -0.07440000
vn -0.02670000 -0.94650000 -0.32150000
vn -0.00850000 -0.77260000 -0.63490000
vn -0.01270000 -0.77260000 -0.63480000
vn -0.01580000 -0.74830000 -0.66320000
vn -0.00440000 -0.77260000 -0.63490000
vn -0.03560000 -0.92780000 0.37140000
vn -0.00320000 -0.91950000 0.39300000
vn -0.03170000 -0.99910000 0.02680000
vn 0.33110000 -0.91860000 -0.21550000
vn 0.24320000 -0.74330000 -0.62310000
vn 0.53040000 -0.65450000 -0.53880000
vn 0.59140000 -0.80610000 0.01960000
vn 0.85490000 -0.40440000 -0.32500000
vn 0.68460000 -0.64600000 0.33760000
vn 0.99450000 -0.09270000 0.04950000
vn 0.02530000 -0.91330000 0.40650000
vn 0.04470000 -0.90500000 0.42300000
vn 0.06960000 -0.88460000 0.46110000
vn -0.01150000 -0.75420000 -0.65660000
vn -0.02390000 -0.94680000 -0.32080000
vn 0.11000000 -0.90330000 0.41480000
vn 0.60740000 -0.72180000 0.33190000
vn 0.09880000 -0.88250000 0.45980000
vn 0.69110000 -0.64100000 0.33400000
vn 0.84620000 -0.48400000 0.22280000
vn 0.98630000 -0.14730000 0.07370000
vn 0.98660000 -0.14730000 0.07070000
vn 0.98640000 -0.14950000 0.06890000
vn 0.99250000 -0.10810000 0.05630000
vn -0.00050000 0.35990000 0.93300000
vn -0.00420000 0.29790000 0.95460000
vn -0.00440000 0.26000000 0.96560000
vn -0.02380000 -0.07970000 0.99650000
vn -0.01710000 -0.09950000 0.99490000
vn -0.03870000 -0.40870000 0.91180000
vn -0.02660000 -0.42010000 0.90710000
vn -0.04610000 -0.78120000 0.62260000
vn -0.04010000 -0.78180000 0.62220000
vn 0.00340000 0.45570000 0.89010000
vn 0.00840000 0.55080000 0.83460000
vn 0.00960000 0.55090000 0.83450000
vn 0.00730000 0.55010000 0.83510000
vn 0.01070000 0.55140000 0.83410000
vn -0.05220000 -0.78120000 0.62210000
vn -0.03430000 -0.78200000 0.62240000
vn -0.15950000 -0.87590000 0.45540000
vn -0.56110000 -0.73440000 0.38190000
vn -0.17420000 -0.89510000 0.41040000
vn -0.66670000 -0.67740000 0.31090000
vn -0.85490000 -0.46030000 0.23930000
vn -0.88320000 -0.42610000 0.19580000
vn -0.99390000 -0.09830000 0.04910000
vn -0.99400000 -0.09880000 0.04740000
vn -0.99400000 -0.09730000 0.05060000
vn -0.99400000 -0.09920000 0.04560000
vn -0.05320000 -0.88630000 0.46010000
vn -0.09450000 -0.87170000 0.48080000
vn -0.52960000 -0.75120000 0.39380000
vn -0.53470000 -0.56400000 0.62920000
vn -0.87390000 -0.42900000 0.22840000
vn -0.82590000 -0.04220000 0.56230000
vn -1.00000000 0.00050000 0.00600000
vn -0.85720000 0.37330000 0.35480000
vn -0.56350000 0.59850000 0.56940000
vn -0.47490000 0.10570000 0.87370000
vn 0.00540000 0.30520000 0.95230000
vn -0.01030000 -0.14900000 0.98880000
vn -0.31640000 -0.47180000 0.82300000
vn -0.02420000 -0.57130000 0.82040000
vn -0.04690000 -0.87570000 0.48060000
vn -0.03400000 -0.86980000 0.49230000
vn -0.08370000 -0.86380000 0.49690000
vn 0.01990000 0.68750000 0.72600000
vn -0.03290000 -0.76870000 0.63870000
vn -0.00950000 -0.76060000 0.64910000
vn -0.02690000 -0.49030000 0.87110000
vn -0.00630000 -0.36450000 0.93120000
vn -0.01750000 -0.15020000 0.98850000
vn -0.00360000 -0.03620000 0.99930000
vn -0.00580000 0.21030000 0.97760000
vn -0.00040000 0.34700000 0.93790000
vn 0.00300000 0.52970000 0.84820000
vn 0.00150000 0.52910000 0.84860000
vn 0.00460000 0.52850000 0.84890000
vn 0.00670000 0.54580000 0.83790000
vn 1.00000000 -0.00000000 -0.00000000
vn 1.00000000 -0.00000000 -0.00000000
vn 1.00000000 -0.00000000 -0.00000000
vn 1.00000000 -0.00000000 -0.00000000
vn 1.00000000 -0.00000000 -0.00000000
vn 1.00000000 -0.00000000 -0.00000000
vn 1.00000000 0.00010000 -0.00010000
vn 1.00000000 -0.00010000 0.00010000
vn 1.00000000 -0.00000000 -0.00000000
vn 1.00000000 0.00010000 -0.00010000
vn 1.00000000 -0.00000000 -0.00000000
vn 1.00000000 0.00010000 -0.00010000
vn 1.00000000 -0.00000000 -0.00000000
vn 1.00000000 -0.00010000 0.00010000
vn 1.00000000 -0.00000000 -0.00000000
vn 1.00000000 -0.00010000 0.00010000
vn 1.00000000 -0.00010000 0.00010000
vn 1.00000000 -0.00000000 -0.00000000
vn 1.00000000 -0.00010000 0.00010000
vn -0.03550000 0.70660000 0.70680000
vn 0.30270000 0.67410000 0.67380000
vn -0.03550000 0.70660000 0.70670000
vn 0.35200000 0.66190000 0.66170000
vn 0.69120000 0.51090000 0.51110000
vn 0.69560000 0.50800000 0.50800000
vn 0.88600000 0.32790000 0.32780000
vn 0.89740000 0.31200000 0.31200000
vn 0.99950000 0.02260000 0.02250000
vn 0.99950000 0.02340000 0.02330000
vn -0.00480000 0.70720000 0.70700000
vn -0.00750000 0.70700000 0.70720000
vn -0.00760000 0.70700000 0.70720000
vn -0.00480000 0.70720000 0.70700000
vn -0.00790000 0.70690000 0.70720000
vn -0.00810000 0.70700000 0.70710000
vn -0.00790000 0.70700000 0.70720000
vn -0.01020000 0.70720000 0.70690000
vn -0.01010000 0.70720000 0.70690000
vn -0.01020000 0.70720000 0.70700000
vn -0.01010000 0.70720000 0.70700000
vn -0.01310000 0.70700000 0.70710000
vn -0.01300000 0.70710000 0.70700000
vn -0.01300000 0.70700000 0.70710000
vn -0.99940000 0.02450000 0.02440000
vn -0.90720000 0.29760000 0.29750000
vn -0.99940000 0.02430000 0.02420000
vn -0.80430000 0.42020000 0.42010000
vn -0.74450000 0.47220000 0.47200000
vn -0.54430000 0.59310000 0.59320000
vn -0.52410000 0.60220000 0.60230000
vn -0.21450000 0.69070000 0.69060000
vn -0.21460000 0.69070000 0.69050000
vn -0.13950000 0.70050000 0.69990000
vn -0.06300000 0.70560000 0.70580000
vn 0.01330000 0.70680000 0.70720000
vn 0.01370000 0.70690000 0.70720000
vn -1.00000000 -0.00000000 -0.00000000
vn -1.00000000 -0.00000000 -0.00000000
vn -1.00000000 -0.00000000 -0.00000000
vn -1.00000000 -0.00000000 -0.00000000
vn -1.00000000 -0.00000000 -0.00000000
vn -1.00000000 -0.00000000 -0.00000000
vn -1.00000000 -0.00000000 -0.00000000
vn -1.00000000 -0.00000000 -0.00000000
vn -0.99970000 -0.01610000 -0.01600000
vn -0.94410000 -0.23320000 -0.23310000
vn -0.99980000 -0.01580000 -0.01570000
vn -0.87020000 -0.34850000 -0.34840000
vn -0.85910000 -0.36190000 -0.36180000
vn -0.69210000 -0.51040000 -0.51040000
vn -0.69470000 -0.50860000 -0.50860000
vn -0.33670000 -0.66580000 -0.66590000
vn 0.04070000 -0.70650000 -0.70650000
vn 0.04080000 -0.70650000 -0.70660000
vn -0.34330000 -0.66410000 -0.66420000
vn -0.03270000 -0.70690000 -0.70660000
vn 0.00350000 -0.70640000 -0.70780000
vn 0.00190000 -0.70740000 -0.70680000
vn 0.00690000 -0.70710000 -0.70710000
vn 0.00700000 -0.70710000 -0.70710000
vn 0.00430000 -0.70700000 -0.70720000
vn 0.00510000 -0.70660000 -0.70760000
vn 0.00510000 -0.70680000 -0.70740000
vn 0.00700000 -0.70710000 -0.70700000
vn 0.01060000 -0.70710000 -0.70710000
vn 0.01050000 -0.70710000 -0.70710000
vn 0.01040000 -0.70710000 -0.70710000
vn 0.01050000 -0.70710000 -0.70710000
vn 0.01380000 -0.70710000 -0.70700000
vn 0.01390000 -0.70710000 -0.70700000
vn 0.01390000 -0.70710000 -0.70700000
vn 0.00360000 -0.70720000 -0.70700000
vn 0.00350000 -0.70530000 -0.70890000
vn 0.00340000 -0.70290000 -0.71120000
vn -1.00000000 -0.00000000 -0.00000000
vn -1.00000000 -0.00000000 -0.00000000
vn -1.00000000 -0.00000000 -0.00000000
vn -1.00000000 -0.00010000 -0.00000000
vn -1.00000000 -0.00000000 -0.00000000
vn -1.00000000 -0.00010000 -0.00000000
vn -1.00000000 -0.00010000 -0.00000000
vn -1.00000000 -0.00000000 -0.00000000
vn -1.00000000 0.00010000 -0.00000000
vn -1.00000000 -0.00000000 -0.00000000
vn -1.00000000 -0.00000000 -0.00000000
vn -1.00000000 0.00010000 -0.00000000
vn -1.00000000 0.00010000 -0.00000000
vn -0.00070000 -0.70550000 -0.70870000
vn -0.00120000 -0.70660000 -0.70760000
vn -0.00130000 -0.70660000 -0.70760000
vn -0.00120000 -0.70710000 -0.70710000
vn -0.00120000 -0.70720000 -0.70710000
vn -0.00130000 -0.70710000 -0.70710000
vn -0.00130000 -0.70720000 -0.70700000
vn -0.00120000 -0.70720000 -0.70700000
vn 0.00110000 -0.70720000 -0.70700000
vn 0.00120000 -0.70720000 -0.70700000
vn 0.00130000 -0.70720000 -0.70710000
vn 0.00120000 -0.70720000 -0.70710000
vn 0.00110000 -0.70720000 -0.70700000
vn 0.00500000 -0.70700000 -0.70720000
vn 0.00490000 -0.70700000 -0.70720000
vn 0.05770000 -0.69470000 -0.71700000
vn 0.00510000 -0.70700000 -0.70720000
vn 0.00520000 -0.70700000 -0.70720000
vn 0.00350000 -0.70710000 -0.70710000
vn 0.00340000 -0.70710000 -0.70710000
vn 0.00360000 -0.70710000 -0.70710000
vn 0.00360000 -0.70760000 -0.70660000
vn 0.00350000 -0.70760000 -0.70660000
vn 0.00360000 -0.70530000 -0.70890000
vn 0.00360000 -0.70540000 -0.70880000
vn -0.00020000 -0.70720000 -0.70710000
vn 0.00360000 -0.70340000 -0.71080000
vn -0.00380000 -0.70750000 -0.70670000
vn -0.00360000 -0.70740000 -0.70680000
vn -0.00350000 -0.70760000 -0.70660000
vn -0.00370000 -0.70760000 -0.70660000
vn -0.00350000 -0.70760000 -0.70660000
vn 0.00020000 -0.70700000 -0.70720000
vn -0.00230000 -0.70550000 -0.70870000
vn 1.00000000 -0.00000000 -0.00000000
vn 1.00000000 -0.00000000 -0.00000000
vn 1.00000000 -0.00000000 -0.00000000
vn 1.00000000 -0.00010000 -0.00000000
vn 1.00000000 -0.00000000 -0.00000000
vn 1.00000000 -0.00000000 -0.00000000
vn 1.00000000 -0.00000000 -0.00000000
vn 1.00000000 -0.00000000 -0.00000000
vn 1.00000000 -0.00000000 -0.00000000
vn -0.01380000 -0.70710000 -0.70700000
vn -0.01040000 -0.70720000 -0.70700000
vn -0.01030000 -0.70720000 -0.70700000
vn -0.01380000 -0.70710000 -0.70700000
vn -0.01040000 -0.70720000 -0.70700000
vn -0.00690000 -0.70710000 -0.70710000
vn -0.00700000 -0.70710000 -0.70710000
vn -0.00690000 -0.70710000 -0.70710000
vn -0.00690000 -0.70700000 -0.70720000
vn -0.00690000 -0.70700000 -0.70710000
vn -0.00410000 -0.70730000 -0.70690000
vn -0.00420000 -0.70730000 -0.70690000
vn -0.00350000 -0.70710000 -0.70710000
vn -0.01130000 -0.70730000 -0.70690000
vn 0.02680000 -0.70690000 -0.70680000
vn -0.00330000 -0.70570000 -0.70850000
vn -0.00340000 -0.70630000 -0.70790000
vn -0.00350000 -0.70710000 -0.70710000
vn 0.03460000 -0.71600000 -0.69720000
vn -0.04100000 -0.70640000 -0.70660000
vn 0.24490000 -0.68560000 -0.68560000
vn -0.04040000 -0.70650000 -0.70660000
vn 0.29330000 -0.67600000 -0.67600000
vn 0.55350000 -0.58880000 -0.58900000
vn 0.60280000 -0.56410000 -0.56430000
vn 0.82400000 -0.40070000 -0.40070000
vn 0.86680000 -0.35260000 -0.35260000
vn 0.93310000 -0.25430000 -0.25430000
vn 0.99970000 -0.01610000 -0.01600000
vn 0.99970000 -0.01590000 -0.01580000
vn 1.00000000 0.00010000 -0.00000000
vn 1.00000000 -0.00000000 -0.00000000
vn 1.00000000 0.00010000 -0.00000000
vn 1.00000000 -0.00010000 0.00010000
vn 1.00000000 -0.00000000 -0.00000000
vn 1.00000000 -0.00010000 0.00010000
vn 1.00000000 0.00010000 -0.00000000
vn 1.00000000 -0.00010000 0.00010000
vn 1.00000000 -0.00000000 -0.00000000
vn 1.00000000 -0.00010000 -0.00000000
vn 1.00000000 -0.00050000 -0.00000000
vn 1.00000000 -0.00000000 -0.00000000
vn 1.00000000 -0.00010000 -0.00000000
vn 1.00000000 -0.00010000 -0.00000000
vn 1.00000000 -0.00050000 -0.00000000
vn 1.00000000 -0.00050000 -0.00000000
vn 1.00000000 -0.00000000 -0.00000000
vn 1.00000000 -0.00020000 -0.00020000
vn 1.00000000 -0.00000000 -0.00000000
vn 1.00000000 -0.00020000 -0.00020000
vn 1.00000000 -0.00000000 -0.00000000
vn 1.00000000 -0.00000000 -0.00000000
vn 1.00000000 -0.00020000 -0.00020000
vn 1.00000000 -0.00000000 -0.00000000
vn 0.02100000 0.70690000 0.70700000
vn 0.02100000 0.70690000 0.70700000
vn 0.02100000 0.70700000 0.70690000
vn 0.01880000 0.70710000 0.70680000
vn 0.01880000 0.70720000 0.70680000
vn 0.01880000 0.70720000 0.70680000
vn 0.01670000 0.70720000 0.70690000
vn 0.01660000 0.70710000 0.70690000
vn 0.01660000 0.70710000 0.70690000
vn 0.01450000 0.70710000 0.70690000
vn 0.01450000 0.70720000 0.70690000
vn 0.01450000 0.70720000 0.70690000
vn -1.00000000 -0.00000000 -0.00000000
vn -1.00000000 -0.00010000 -0.00010000
vn -1.00000000 -0.00000000 -0.00000000
vn -1.00000000 -0.00010000 -0.00010000
vn -1.00000000 -0.00000000 -0.00000000
vn -1.00000000 -0.00000000 -0.00000000
vn -1.00000000 -0.00010000 -0.00010000
vn -1.00000000 -0.00000000 -0.00000000
vn -1.00000000 0.00010000 0.00010000
vn -1.00000000 -0.00010000 0.00010000
vn -1.00000000 -0.00000000 -0.00000000
vn -1.00000000 0.00010000 0.00010000
vn -1.00000000 0.00010000 0.00010000
vn -1.00000000 -0.00000000 -0.00000000
vn -1.00000000 -0.00000000 -0.00000000
vn -1.00000000 -0.00000000 -0.00000000
vn -1.00000000 -0.00000000 -0.00000000
vn -1.00000000 -0.00010000 0.00010000
vn -1.00000000 -0.00010000 0.00010000
vn -1.00000000 -0.00000000 0.00010000
vn -1.00000000 -0.00000000 -0.00000000
vn -1.00000000 -0.00010000 -0.00000000
vn -1.00000000 -0.00000000 -0.00000000
vn -1.00000000 0.00040000 0.00100000
vn -1.00000000 -0.00010000 -0.00000000
vn -1.00000000 -0.00010000 -0.00000000
vn -0.99970000 0.01730000 0.01730000
vn -0.99980000 0.01580000 0.01580000
vn -0.90620000 0.29900000 0.29900000
vn -0.85970000 0.36120000 0.36110000
vn -0.69270000 0.51000000 0.50990000
vn -0.57050000 0.58080000 0.58070000
vn -0.41520000 0.64330000 0.64320000
vn 0.04050000 0.70650000 0.70660000
vn 0.04090000 0.70650000 0.70660000
vn 0.01360000 0.70710000 0.70700000
vn 0.01360000 0.70710000 0.70700000
vn 0.01030000 0.70720000 0.70700000
vn 0.01040000 0.70710000 0.70700000
vn 0.01020000 0.70720000 0.70700000
vn 0.01010000 0.70710000 0.70710000
vn 0.00990000 0.70710000 0.70710000
vn 0.01000000 0.70710000 0.70710000
vn 0.00690000 0.70710000 0.70710000
vn 0.00680000 0.70710000 0.70710000
vn 0.00670000 0.70710000 0.70710000
vn 0.00680000 0.70710000 0.70710000
vn 0.00350000 0.70710000 0.70710000
vn 0.00350000 0.70710000 0.70710000
vn 0.99600000 -0.07980000 0.04040000
vn 0.85290000 -0.47010000 0.22700000
vn 0.98810000 -0.13760000 0.06830000
vn 0.86490000 -0.44460000 0.23280000
vn 0.98810000 -0.13680000 0.06970000
vn 0.98830000 -0.13510000 0.07060000
vn 0.55400000 -0.74970000 0.36200000
vn 0.64550000 -0.67650000 0.35450000
vn 0.12600000 -0.87840000 0.46100000
vn 0.15230000 -0.89000000 0.42970000
vn -0.00570000 0.53240000 0.84650000
vn 0.01080000 0.05290000 0.99850000
vn -0.00420000 0.51680000 0.85610000
vn 0.00400000 0.05870000 0.99830000
vn -0.00300000 0.51830000 0.85520000
vn -0.00220000 0.53810000 0.84290000
vn 0.00920000 -0.43520000 0.90030000
vn 0.02460000 -0.44190000 0.89670000
vn 0.01210000 -0.81970000 0.57260000
vn 0.01880000 -0.81660000 0.57690000
vn 0.02550000 -0.81950000 0.57260000
vn 0.03230000 -0.82570000 0.56320000
vn -0.99150000 -0.11500000 0.06090000
vn -0.84190000 -0.48380000 0.23890000
vn -0.90950000 0.09660000 0.40430000
vn -0.78100000 -0.17830000 0.59850000
vn -0.75110000 0.27030000 0.60240000
vn -0.44650000 -0.02260000 0.89450000
vn -0.53340000 0.41790000 0.73550000
vn -0.23050000 0.52010000 0.82240000
vn 0.00980000 0.05390000 0.99850000
vn -0.00760000 0.54050000 0.84130000
vn -0.48840000 -0.60760000 0.62630000
vn -0.53910000 -0.75680000 0.36970000
vn -0.11250000 -0.86630000 0.48670000
vn -0.11760000 -0.89340000 0.43370000
vn -0.05690000 -0.85610000 0.51360000
vn -0.27160000 -0.50680000 0.81820000
vn 0.02410000 -0.44920000 0.89310000
vn -0.01000000 -0.85040000 0.52600000
vn 0.03190000 -0.83420000 0.55050000
vn -0.99990000 0.00970000 -0.00830000
vn -0.92140000 -0.34480000 0.17930000
vn -1.00000000 -0.00000000 -0.00000000
vn -1.00000000 0.00010000 -0.00000000
vn -0.86970000 -0.44420000 0.21510000
vn -0.99990000 0.01420000 -0.00710000
vn -0.69510000 -0.63790000 0.33160000
vn -0.35760000 -0.82860000 0.43080000
vn -0.49880000 -0.78000000 0.37780000
vn 0.05340000 -0.89450000 0.44380000
vn 0.02660000 -0.89880000 0.43760000
vn 0.04900000 -0.88620000 0.46060000
vn 0.05560000 -0.89020000 0.45220000
vn 0.01550000 -0.76680000 -0.64170000
vn 0.02640000 -0.94560000 -0.32430000
vn -0.34090000 -0.69020000 -0.63830000
vn -0.38980000 -0.84680000 -0.36190000
vn -0.68020000 -0.54110000 -0.49450000
vn -0.69140000 -0.71700000 -0.08910000
vn -0.86000000 -0.39830000 -0.31920000
vn -0.89750000 -0.39010000 0.20590000
vn -0.99540000 -0.08420000 0.04680000
vn -0.17050000 -0.97900000 0.11160000
vn 0.03340000 -0.99860000 0.04140000
vn 0.04140000 -0.87900000 0.47510000
vn 0.03590000 -0.91520000 0.40140000
vn 0.07250000 -0.85070000 0.52070000
vn 0.12900000 -0.83800000 0.53020000
vn -0.31980000 -0.91470000 0.24690000
vn 0.05720000 -0.88180000 0.46820000
vn -0.41260000 -0.80750000 0.42150000
vn -0.06460000 -0.88520000 0.46080000
vn -0.69600000 -0.63600000 0.33320000
vn 0.00350000 -0.70730000 -0.70690000
vn 0.00610000 -0.92900000 -0.37000000
vn 0.00690000 -0.70690000 -0.70730000
vn 0.02610000 -0.93630000 -0.35030000
vn 0.01030000 -0.70740000 -0.70670000
vn 0.01420000 -0.71470000 -0.69920000
vn 0.00740000 -0.99950000 -0.03060000
vn 0.00780000 -0.97260000 0.23240000
vn 0.01680000 -0.87890000 0.47680000
vn 0.00770000 -0.93880000 0.34440000
vn 0.00750000 -0.88000000 0.47490000
vn 0.03360000 -0.99700000 0.06940000
vn 0.02600000 -0.87890000 0.47630000
vn 0.03520000 -0.88090000 0.47200000
vn -0.10670000 -0.86440000 0.49130000
vn -0.10820000 -0.86760000 0.48540000
vn -0.51040000 -0.74740000 0.42540000
vn -0.10860000 -0.87070000 0.47960000
vn -0.48980000 -0.76620000 0.41600000
vn -0.28220000 -0.84320000 0.45750000
vn -0.20470000 -0.86040000 0.46660000
vn -0.12040000 -0.87270000 0.47310000
vn -0.73450000 -0.59630000 0.32400000
vn -0.92630000 -0.32740000 0.18660000
vn -0.92970000 -0.32350000 0.17590000
vn -0.99340000 -0.10010000 0.05620000
vn -0.99340000 -0.10060000 0.05560000
vn -0.95820000 -0.25130000 0.13670000
vn -0.97940000 -0.17730000 0.09640000
vn -0.99330000 -0.10120000 0.05500000
vn -0.99340000 -0.09980000 0.05680000
vn -0.97880000 -0.17810000 0.10150000
vn -0.95650000 -0.25350000 0.14450000
vn -0.00440000 -0.77060000 -0.63730000
vn -0.00760000 -0.99940000 -0.03450000
vn -0.00140000 -0.77130000 -0.63650000
vn 0.00140000 -0.77050000 -0.63740000
vn 0.00780000 -0.99970000 -0.02170000
vn 0.00430000 -0.77070000 -0.63720000
vn -0.00760000 -0.90040000 0.43500000
vn -0.00260000 -0.90110000 0.43350000
vn 0.00260000 -0.90000000 0.43590000
vn 0.00770000 -0.90080000 0.43420000
vn 0.10970000 -0.87380000 0.47370000
vn 0.10830000 -0.87070000 0.47960000
vn 0.54930000 -0.73430000 0.39870000
vn 0.52150000 -0.74150000 0.42210000
vn 0.92580000 -0.32850000 0.18720000
vn 0.10900000 -0.86750000 0.48540000
vn 0.10650000 -0.86440000 0.49130000
vn 0.91860000 -0.34730000 0.18880000
vn 0.95610000 -0.25450000 0.14500000
vn 0.97870000 -0.17820000 0.10160000
vn 0.99340000 -0.09980000 0.05690000
vn 0.99350000 -0.09960000 0.05590000
vn 0.99340000 -0.10040000 0.05550000
vn 0.95220000 -0.26820000 0.14590000
vn 0.97730000 -0.18600000 0.10110000
vn 0.99340000 -0.10100000 0.05490000
vn -0.01580000 -0.74950000 -0.66180000
vn -0.02650000 -0.94340000 -0.33070000
vn -0.01260000 -0.77130000 -0.63630000
vn -0.00840000 -0.77240000 -0.63510000
vn -0.00730000 -0.99630000 -0.08580000
vn -0.00420000 -0.77230000 -0.63530000
vn -0.03330000 -0.99840000 0.04500000
vn -0.02600000 -0.90970000 0.41460000
vn -0.01680000 -0.90940000 0.41560000
vn -0.03520000 -0.90920000 0.41490000
vn -0.00740000 -0.90940000 0.41590000
vn 0.99530000 -0.08520000 0.04710000
vn 0.83870000 -0.48210000 0.25350000
vn 0.92080000 -0.33320000 -0.20280000
vn 0.69140000 -0.71690000 -0.08940000
vn 0.80580000 -0.47260000 -0.35680000
vn 0.58430000 -0.61960000 -0.52410000
vn 0.38980000 -0.84660000 -0.36240000
vn 0.29000000 -0.72330000 -0.62660000
vn -0.02620000 -0.94430000 -0.32810000
vn -0.01460000 -0.75620000 -0.65410000
vn 0.50460000 -0.76530000 0.39970000
vn 0.32100000 -0.91460000 0.24590000
vn 0.17120000 -0.97900000 0.11040000
vn -0.03330000 -0.99860000 0.04100000
vn -0.04210000 -0.87780000 0.47710000
vn -0.03590000 -0.91330000 0.40560000
vn 0.05790000 -0.88550000 0.46090000
vn -0.05070000 -0.88330000 0.46600000
vn -0.10550000 -0.86260000 0.49480000
vn -0.11290000 -0.83310000 0.54140000
vn 0.98730000 -0.14420000 0.06640000
vn 0.86080000 -0.46240000 0.21260000
vn 0.98740000 -0.14280000 0.06850000
vn 0.62430000 -0.70960000 0.32660000
vn 0.83530000 -0.48790000 0.25370000
vn 0.07490000 -0.89880000 0.43180000
vn 0.50760000 -0.76440000 0.39740000
vn 0.07600000 -0.89180000 0.44590000
vn 0.07070000 -0.88500000 0.46020000
vn 0.07000000 -0.90590000 0.41770000
vn 0.99370000 -0.09940000 0.05160000
vn 0.98740000 -0.14160000 0.07070000
vn -0.03710000 -0.80570000 0.59120000
vn -0.05080000 -0.81630000 0.57530000
vn -0.02850000 -0.45920000 0.88790000
vn -0.03740000 -0.38980000 0.92010000
vn -0.01880000 -0.14470000 0.98930000
vn -0.02260000 -0.05310000 0.99830000
vn -0.00550000 0.23130000 0.97290000
vn -0.00410000 0.30190000 0.95330000
vn -0.00120000 0.34310000 0.93930000
vn 0.00060000 0.38910000 0.92120000
vn 0.00980000 0.55470000 0.83200000
vn 0.00550000 0.47330000 0.88090000
vn 0.01100000 0.55500000 0.83180000
vn 0.00870000 0.55450000 0.83210000
vn 0.00310000 0.45030000 0.89290000
vn 0.00760000 0.55410000 0.83240000
vn -0.99260000 -0.10770000 0.05600000
vn -0.89070000 -0.40350000 0.20940000
vn -0.99040000 -0.12370000 0.06170000
vn -0.67610000 -0.65400000 0.33940000
vn -0.85950000 -0.46450000 0.21340000
vn -0.63020000 -0.70540000 0.32430000
vn -0.14780000 -0.89170000 0.42780000
vn -0.14160000 -0.89910000 0.41420000
vn -0.14770000 -0.88490000 0.44180000
vn -0.37640000 -0.82230000 0.42680000
vn -0.16310000 -0.87570000 0.45450000
vn -0.99040000 -0.12570000 0.05770000
vn -0.99040000 -0.12480000 0.05970000
vn 0.00240000 0.68480000 0.72870000
vn -0.01280000 0.29730000 0.95470000
vn -0.42370000 0.59900000 0.67950000
vn -0.02570000 -0.16190000 0.98650000
vn -0.48860000 0.09350000 0.86750000
vn -0.03360000 -0.58630000 0.80940000
vn -0.32060000 -0.48560000 0.81330000
vn -0.06340000 -0.86220000 0.50270000
vn -0.08400000 -0.87000000 0.48590000
vn -0.03510000 -0.88120000 0.47140000
vn -0.03580000 -0.88620000 0.46190000
vn -0.30350000 -0.84640000 0.43770000
vn -0.53090000 -0.57750000 0.62020000
vn -0.83170000 -0.05690000 0.55230000
vn -0.69680000 0.46190000 0.54880000
vn -0.05170000 -0.88470000 0.46330000
vn -0.66340000 -0.66700000 0.33930000
vn -0.91060000 -0.37130000 0.18150000
vn -0.99970000 -0.02240000 -0.00180000
vn -0.91260000 0.26150000 0.31420000
vn -0.00350000 -0.04050000 0.99920000
vn -0.00620000 0.20320000 0.97910000
vn -0.00060000 0.31490000 0.94910000
vn 0.00430000 0.52210000 0.85290000
vn 0.00290000 0.52110000 0.85350000
vn -0.01800000 -0.16290000 0.98650000
vn -0.00560000 -0.36290000 0.93180000
vn -0.02750000 -0.50700000 0.86150000
vn -0.02470000 -0.79660000 0.60400000
vn -0.03330000 -0.78460000 0.61910000
vn -0.00700000 -0.78320000 0.62170000
vn -0.01590000 -0.80180000 0.59740000
vn 0.00660000 0.54420000 0.83890000
vn 0.00160000 0.52280000 0.85240000
vn 0.00080000 0.45790000 0.88900000
vn 0.00010000 0.38780000 0.92170000
vn -0.03890000 -0.88690000 0.46030000
vn -0.04970000 -0.88190000 0.46870000
vn -0.05270000 -0.88640000 0.45990000
vn -0.05130000 -0.88310000 0.46630000
vn -0.03870000 -0.89440000 0.44570000
vn -0.04520000 -0.88670000 0.46000000
vn 0.58130000 -0.61720000 -0.53020000
vn 0.06600000 -0.74090000 -0.66840000
vn 0.37310000 -0.90560000 -0.20150000
vn 0.06080000 -0.96400000 -0.25880000
vn 0.03960000 -0.92960000 0.36640000
vn 0.04860000 -0.90660000 0.41930000
vn 0.06350000 -0.90660000 0.41720000
vn 0.60530000 -0.79590000 0.00690000
vn 0.08640000 -0.90430000 0.41800000
vn 0.76610000 -0.59000000 0.25490000
vn 0.12750000 -0.89510000 0.42720000
vn 0.99570000 -0.09230000 0.00150000
vn 0.85740000 -0.40280000 -0.32040000
vn 0.99390000 -0.09930000 0.04800000
vn 0.76360000 -0.58120000 0.28110000
vn 0.99410000 -0.09730000 0.04820000
vn 0.87320000 -0.43260000 0.22460000
vn 0.99410000 -0.09680000 0.04910000
vn 0.99350000 -0.10070000 0.05230000
vn 0.15040000 -0.89000000 0.43040000
vn 0.22000000 -0.87590000 0.42950000
vn 0.61700000 -0.69850000 0.36250000
vn 0.24590000 -0.86710000 0.43330000
vn 0.25460000 -0.86300000 0.43640000
vn 0.26510000 -0.85580000 0.44420000
vn 0.99180000 -0.10840000 0.06770000
vn 0.86950000 -0.43370000 0.23650000
vn 0.89340000 0.20200000 0.40120000
vn 0.82930000 -0.05940000 0.55560000
vn 0.71550000 0.36720000 0.59430000
vn 0.49930000 0.08690000 0.86200000
vn 0.40650000 0.50880000 0.75880000
vn 0.04130000 0.58620000 0.80910000
vn 0.04710000 0.34540000 0.93730000
vn 0.37340000 -0.38410000 0.84440000
vn 0.05410000 -0.11830000 0.99150000
vn 0.16730000 -0.75270000 0.63680000
vn 0.05380000 -0.35670000 0.93270000
vn 0.04630000 -0.74200000 0.66880000
vn 0.60740000 -0.48750000 0.62720000
vn 0.61710000 -0.69450000 0.37000000
vn 0.25670000 -0.79100000 0.55540000
vn 0.27240000 -0.85120000 0.44850000
vn 0.00830000 -0.76010000 0.64970000
vn 0.00830000 -0.72870000 0.68470000
vn 0.03350000 -0.73330000 0.67910000
vn 0.00820000 -0.66000000 0.75120000
vn 0.00680000 -0.41160000 0.91140000
vn 0.02440000 -0.35320000 0.93520000
vn 0.00400000 -0.04340000 0.99900000
vn 0.01740000 -0.11990000 0.99260000
vn 0.00160000 0.33430000 0.94250000
vn 0.00030000 0.35140000 0.93620000
vn -0.00600000 0.56610000 0.82430000
vn -0.00410000 0.56600000 0.82440000
vn -0.00210000 0.56730000 0.82350000
vn -0.00800000 0.57230000 0.82000000
vn -1.00000000 -0.00010000 0.00030000
vn -0.89320000 -0.39830000 0.20850000
vn -1.00000000 -0.00000000 -0.00000000
vn -0.92350000 -0.34540000 0.16670000
vn -1.00000000 -0.00000000 -0.00000000
vn -1.00000000 -0.00200000 0.00090000
vn -0.61760000 -0.69670000 0.36510000
vn -0.70320000 -0.64020000 0.30920000
vn -0.29380000 -0.84650000 0.44400000
vn -0.37330000 -0.83540000 0.40340000
vn 0.00720000 -0.89560000 0.44480000
vn 0.00910000 -0.90050000 0.43470000
vn 0.00890000 -0.89060000 0.45470000
vn -0.14880000 -0.87570000 0.45940000
vn 0.00830000 -0.88550000 0.46470000
vn -0.99510000 -0.09860000 0.00660000
vn -0.90390000 -0.39880000 0.15480000
vn -0.92250000 -0.31780000 -0.21900000
vn -0.70320000 -0.65120000 0.28540000
vn -0.58510000 -0.81100000 0.00360000
vn -0.41690000 -0.82530000 0.38100000
vn -0.03310000 -0.90970000 0.41400000
vn -0.07950000 -0.89990000 0.42880000
vn -0.00610000 -0.90980000 0.41500000
vn -0.34530000 -0.91330000 -0.21610000
vn -0.59350000 -0.59690000 -0.53980000
vn -0.26790000 -0.72070000 -0.63940000
vn -0.01230000 -0.99630000 -0.08480000
vn -0.04350000 -0.74350000 -0.66740000
vn -0.00130000 -0.91540000 0.40240000
vn 0.00870000 -0.93150000 0.36360000
vn 0.00610000 -0.74680000 -0.66500000
vn 0.01230000 -0.99710000 -0.07550000
vn 0.00980000 -0.76650000 -0.64220000
vn 0.02780000 -0.96750000 -0.25130000
vn 0.01300000 -0.76670000 -0.64190000
vn 0.01540000 -0.74770000 -0.66390000
vn 0.01370000 -0.92740000 0.37390000
vn 0.02070000 -0.92710000 0.37410000
vn 0.02760000 -0.92700000 0.37400000
vn 0.03040000 -0.92710000 0.37350000
vn -0.00260000 0.54750000 0.83680000
vn 0.00370000 0.06040000 0.99820000
vn 0.32210000 0.53920000 0.77820000
vn 0.46710000 0.01990000 0.88400000
vn 0.70230000 0.37010000 0.60800000
vn 0.80720000 -0.12330000 0.57730000
vn 0.89510000 0.19040000 0.40320000
vn 0.99430000 -0.09470000 0.04940000
vn 0.85130000 -0.47120000 0.23080000
vn 0.54340000 -0.56800000 0.61820000
vn 0.56330000 -0.74310000 0.36120000
vn 0.14610000 -0.85450000 0.49860000
vn 0.17560000 -0.88620000 0.42860000
vn 0.31780000 -0.47280000 0.82190000
vn 0.00910000 -0.44250000 0.89670000
vn 0.08210000 -0.83810000 0.53940000
vn 0.01210000 -0.82880000 0.55950000
vn 0.99940000 -0.02450000 -0.02450000
vn 0.87840000 -0.33790000 -0.33790000
vn 0.99940000 -0.02480000 -0.02480000
vn 0.88090000 -0.33470000 -0.33470000
vn 0.56970000 -0.58110000 -0.58120000
vn 0.59600000 -0.56770000 -0.56790000
vn -0.01150000 -0.70700000 -0.70710000
vn -0.01240000 -0.70700000 -0.70710000
vn 1.00000000 -0.00000000 -0.00000000
vn 1.00000000 -0.00000000 -0.00000000
vn 1.00000000 -0.00000000 -0.00000000
vn 1.00000000 -0.00000000 -0.00000000
vn 1.00000000 0.00010000 -0.00000000
vn 1.00000000 -0.00000000 -0.00000000
vn 1.00000000 -0.00000000 -0.00000000
vn 1.00000000 -0.00010000 -0.00000000
vn 1.00000000 -0.00000000 -0.00000000
vn 1.00000000 -0.00010000 -0.00000000
vn -0.03800000 0.70670000 0.70650000
vn -0.04140000 0.70660000 0.70640000
vn 0.36120000 0.65950000 0.65930000
vn 0.58840000 0.57180000 0.57170000
vn 0.69560000 0.50810000 0.50800000
vn 0.86990000 0.34880000 0.34870000
vn 0.88410000 0.33040000 0.33040000
vn 0.99980000 0.01560000 0.01550000
vn 0.99970000 0.01610000 0.01610000
vn -0.00390000 0.70710000 0.70710000
vn -0.00730000 0.70710000 0.70700000
vn -0.00730000 0.70710000 0.70710000
vn -0.00390000 0.70710000 0.70710000
vn -0.00730000 0.70710000 0.70700000
vn -0.01070000 0.70720000 0.70690000
vn -0.01070000 0.70730000 0.70690000
vn -0.01070000 0.70720000 0.70690000
vn -0.01400000 0.70720000 0.70690000
vn -0.01400000 0.70710000 0.70690000
vn -1.00000000 0.00010000 -0.00000000
vn -1.00000000 -0.00000000 -0.00000000
vn -1.00000000 0.00010000 -0.00000000
vn -1.00000000 -0.00000000 -0.00000000
vn -1.00000000 0.00010000 -0.00000000
vn -1.00000000 -0.00000000 -0.00000000
vn -1.00000000 -0.00010000 0.00010000
vn -1.00000000 -0.00000000 -0.00000000
vn -1.00000000 -0.00010000 0.00010000
vn -1.00000000 -0.00000000 -0.00000000
vn -1.00000000 -0.00010000 0.00010000
vn -1.00000000 -0.00000000 -0.00000000
vn -1.00000000 -0.00000000 -0.00000000
vn -1.00000000 -0.00000000 -0.00000000
vn -1.00000000 -0.00000000 -0.00000000
vn -1.00000000 -0.00000000 -0.00000000
vn -1.00000000 0.00010000 -0.00000000
vn -1.00000000 0.00010000 -0.00000000
vn -1.00000000 -0.00000000 -0.00000000
vn 0.03500000 -0.70660000 -0.70670000
vn 0.03550000 -0.70660000 -0.70670000
vn -0.23670000 -0.68700000 -0.68700000
vn -0.57420000 -0.57900000 -0.57890000
vn -0.60830000 -0.56130000 -0.56110000
vn -0.69050000 -0.51150000 -0.51140000
vn -0.87540000 -0.34180000 -0.34180000
vn -0.94200000 -0.23740000 -0.23730000
vn -0.93900000 -0.24320000 -0.24310000
vn -0.99950000 -0.02340000 -0.02340000
vn -0.99950000 -0.02210000 -0.02210000
vn 0.01350000 -0.70700000 -0.70710000
vn 0.01350000 -0.70700000 -0.70710000
vn 0.01070000 -0.70710000 -0.70700000
vn 0.01060000 -0.70710000 -0.70700000
vn 0.01040000 -0.70700000 -0.70710000
vn 0.01060000 -0.70700000 -0.70710000
vn 0.01030000 -0.70700000 -0.70710000
vn 0.00810000 -0.70700000 -0.70710000
vn 0.00800000 -0.70700000 -0.70720000
vn 0.00820000 -0.70700000 -0.70720000
vn 0.00530000 -0.70700000 -0.70720000
vn 0.00530000 -0.70700000 -0.70720000
vn 0.72910000 -0.62710000 0.27410000
vn 0.15170000 -0.89060000 0.42870000
vn 0.63030000 -0.77600000 -0.02390000
vn 0.14740000 -0.91720000 0.37010000
vn 0.38010000 -0.89240000 -0.24330000
vn 0.10290000 -0.94040000 0.32400000
vn 0.04350000 -0.95440000 -0.29530000
vn 0.03640000 -0.94750000 0.31760000
vn 0.03680000 -0.75100000 -0.65930000
vn 0.56590000 -0.61620000 -0.54780000
vn 0.86440000 -0.39260000 -0.31400000
vn 0.99570000 -0.09260000 0.00780000
vn 0.15580000 -0.87640000 0.45570000
vn 0.18130000 -0.88500000 0.42890000
vn 0.55780000 -0.73640000 0.38290000
vn 0.73380000 -0.61130000 0.29630000
vn 0.85610000 -0.45850000 0.23840000
vn 0.99410000 -0.09680000 0.04800000
vn 0.99410000 -0.09650000 0.04900000
vn 0.99420000 -0.09640000 0.04660000
vn 0.99410000 -0.09620000 0.05000000
vn 0.01800000 -0.38310000 0.92350000
vn 0.03200000 -0.77940000 0.62570000
vn 0.32510000 -0.44650000 0.83360000
vn 0.12210000 -0.79680000 0.59180000
vn 0.17840000 -0.82990000 0.52860000
vn 0.17170000 -0.87350000 0.45550000
vn 0.56150000 -0.72880000 0.39180000
vn 0.55240000 -0.53990000 0.63500000
vn 0.80530000 -0.09310000 0.58560000
vn 0.46190000 0.04790000 0.88560000
vn 0.59540000 0.43690000 0.67430000
vn -0.01630000 0.57090000 0.82080000
vn 0.85200000 -0.45630000 0.25660000
vn 0.99170000 -0.10300000 0.07640000
vn 0.87270000 0.21910000 0.43640000
vn 0.00040000 0.10780000 0.99420000
vn 0.03410000 -0.77170000 0.63500000
vn 0.02500000 -0.37900000 0.92510000
vn 0.01050000 -0.75230000 0.65870000
vn 0.00680000 -0.32980000 0.94400000
vn 0.00400000 -0.02760000 0.99960000
vn 0.00980000 0.10340000 0.99460000
vn 0.00060000 0.30830000 0.95130000
vn -0.00580000 0.56350000 0.82610000
vn -0.00050000 0.39750000 0.91760000
vn -0.00380000 0.56420000 0.82560000
vn -0.00140000 0.48060000 0.87690000
vn -0.00210000 0.56170000 0.82730000
vn -0.00760000 0.56060000 0.82810000
vn -0.10720000 -0.89490000 0.43320000
vn -0.15310000 -0.87580000 0.45780000
vn -0.52310000 -0.76710000 0.37130000
vn -0.67110000 -0.65680000 0.34380000
vn -0.83810000 -0.49110000 0.23770000
vn -0.87040000 -0.43620000 0.22850000
vn -0.98680000 -0.14520000 0.07220000
vn -0.98670000 -0.14470000 0.07390000
vn -0.98710000 -0.14190000 0.07430000
vn -0.99240000 -0.11080000 0.05360000
vn 0.01530000 -0.92580000 0.37770000
vn -0.02330000 -0.93060000 0.36540000
vn 0.00150000 -0.99980000 0.01940000
vn -0.34290000 -0.91090000 -0.22970000
vn -0.00940000 -0.94050000 -0.33970000
vn -0.01950000 -0.75170000 -0.65930000
vn -0.57600000 -0.57280000 -0.58320000
vn -0.68610000 -0.51000000 -0.51870000
vn -0.59090000 -0.80670000 -0.00750000
vn -0.86570000 -0.36280000 -0.34490000
vn -0.92970000 -0.28030000 -0.23910000
vn -0.83950000 -0.50230000 0.20720000
vn -0.99460000 -0.10370000 0.00710000
vn -0.04540000 -0.92120000 0.38640000
vn -0.06580000 -0.90770000 0.41440000
vn -0.50630000 -0.78490000 0.35730000
vn -0.07050000 -0.89780000 0.43460000
vn 0.01370000 -0.92640000 0.37640000
vn 0.01280000 -0.99980000 0.01750000
vn 0.03450000 -0.94680000 0.31990000
vn 0.02680000 -0.95460000 -0.29680000
vn 0.01020000 -0.93970000 -0.34180000
vn 0.01290000 -0.76300000 -0.64630000
vn 0.00970000 -0.76430000 -0.64480000
vn 0.00610000 -0.74970000 -0.66170000
vn 0.01550000 -0.74930000 -0.66200000
vn 0.03460000 -0.88550000 0.46340000
vn 0.01150000 -0.88600000 0.46360000
vn 0.01440000 -0.90120000 0.43320000
vn 0.01170000 -0.90000000 0.43570000
vn 0.01170000 -0.90000000 0.43580000
vn 0.01310000 -0.90100000 0.43360000
vn 0.01250000 -0.90010000 0.43550000
vn 0.01100000 -0.90120000 0.43330000
vn 0.03460000 -0.90080000 0.43290000
vn 0.03710000 -0.88600000 0.46210000
vn 0.03590000 -0.88550000 0.46330000
vn 0.03680000 -0.90070000 0.43300000
vn 0.03710000 -0.90010000 0.43410000
vn 0.03760000 -0.89940000 0.43540000
vn 0.03830000 -0.88670000 0.46080000
vn 0.07990000 -0.93490000 0.34590000
vn 0.07260000 -0.93210000 0.35490000
vn 0.07620000 -0.93340000 0.35080000
vn 0.07270000 -0.93210000 0.35470000
vn 0.07300000 -0.93220000 0.35460000
vn 0.07310000 -0.93230000 0.35430000
vn 0.07970000 -0.93470000 0.34630000
vn 0.08300000 -0.93630000 0.34130000
vn 0.08620000 -0.93800000 0.33590000
vn 0.08660000 -0.93810000 0.33520000
vn 0.08950000 -0.94000000 0.32910000
vn 0.08950000 -0.94010000 0.32910000
vn 0.09090000 -0.94110000 0.32550000
vn 0.09090000 -0.94120000 0.32550000
vn 0.09220000 -0.94220000 0.32200000
vn 0.09430000 -0.94450000 0.31460000
vn 0.09420000 -0.94450000 0.31480000
vn 0.09560000 -0.94640000 0.30870000
vn 0.09560000 -0.94660000 0.30800000
vn 0.09630000 -0.94800000 0.30340000
vn 0.09630000 -0.94800000 0.30330000
vn 0.09640000 -0.94820000 0.30270000
vn 0.09640000 -0.94820000 0.30260000
vn 0.09650000 -0.94880000 0.30090000
vn 0.09640000 -0.94880000 0.30080000
vn 0.09640000 -0.94880000 0.30090000
vn 0.09640000 -0.94880000 0.30100000
vn 0.09580000 -0.95140000 0.29270000
vn 0.09640000 -0.94970000 0.29800000
vn 0.09650000 -0.94940000 0.29880000
vn 0.09650000 -0.94940000 0.29890000
vn 0.09640000 -0.94940000 0.29890000
vn 0.09260000 -0.95600000 0.27830000
vn 0.09400000 -0.95440000 0.28340000
vn 0.09560000 -0.95170000 0.29170000
vn 0.09180000 -0.95690000 0.27570000
vn 0.08770000 -0.96020000 0.26520000
vn 0.08920000 -0.95920000 0.26830000
vn 0.08590000 -0.96140000 0.26130000
vn 0.08520000 -0.96180000 0.26000000
vn 0.08220000 -0.96360000 0.25450000
vn 0.07760000 -0.96560000 0.24810000
vn 0.07760000 -0.96570000 0.24790000
vn 0.07270000 -0.96760000 0.24170000
vn 0.07210000 -0.96780000 0.24130000
vn 0.06710000 -0.96950000 0.23590000
vn 0.06150000 -0.97100000 0.23090000
vn 0.06110000 -0.97120000 0.23040000
vn 0.05460000 -0.97270000 0.22540000
vn 0.05660000 -0.97230000 0.22690000
vn 0.05050000 -0.97370000 0.22230000
vn 0.04740000 -0.97420000 0.22080000
vn 0.04370000 -0.97490000 0.21820000
vn 0.04030000 -0.97540000 0.21670000
vn 0.04030000 -0.97540000 0.21660000
vn 0.03650000 -0.97600000 0.21460000
vn 0.03260000 -0.97650000 0.21310000
vn 0.02890000 -0.97690000 0.21160000
vn 0.02480000 -0.97740000 0.21010000
vn 0.02470000 -0.97740000 0.21000000
vn 0.01540000 -0.97820000 0.20720000
vn 0.01670000 -0.97800000 0.20790000
vn 0.00590000 -0.97860000 0.20580000
vn 0.00740000 -0.97850000 0.20600000
vn 0.00010000 -0.97870000 0.20530000
vn -0.00000000 -0.97870000 0.20530000
vn 0.08090000 -0.96410000 0.25270000
vn 0.04930000 -0.97390000 0.22170000
vn 0.03550000 -0.97610000 0.21430000
vn 0.02070000 -0.97770000 0.20890000
vn -0.00000000 -0.97870000 0.20530000
vn 0.00070000 -0.97870000 0.20530000
vn 0.00050000 -0.97870000 0.20530000
vn 0.00160000 -0.97870000 0.20540000
vn 0.00150000 -0.97870000 0.20540000
vn 0.00270000 -0.97860000 0.20550000
vn 0.00280000 -0.97870000 0.20550000
vn 0.00430000 -0.97860000 0.20560000
vn 0.06300000 -0.97070000 0.23180000
vn 0.06830000 -0.96910000 0.23700000
vn 0.09090000 -0.95780000 0.27280000
vn 0.09490000 -0.95330000 0.28680000
vn -0.07280000 -0.93220000 0.35440000
vn -0.07300000 -0.93210000 0.35470000
vn -0.07660000 -0.93350000 0.35020000
vn -0.07280000 -0.93210000 0.35470000
vn -0.07250000 -0.93210000 0.35490000
vn -0.07990000 -0.93480000 0.34600000
vn -0.08060000 -0.93510000 0.34500000
vn -0.08460000 -0.93710000 0.33870000
vn -0.08610000 -0.93790000 0.33600000
vn -0.08840000 -0.93930000 0.33150000
vn -0.09090000 -0.94110000 0.32560000
vn -0.09150000 -0.94160000 0.32400000
vn -0.09440000 -0.94450000 0.31470000
vn -0.09400000 -0.94410000 0.31610000
vn -0.09570000 -0.94650000 0.30810000
vn -0.09630000 -0.94800000 0.30350000
vn -0.09630000 -0.94800000 0.30340000
vn -0.09640000 -0.94830000 0.30230000
vn -0.09640000 -0.94940000 0.29900000
vn -0.09640000 -0.94940000 0.29890000
vn -0.09640000 -0.94900000 0.30010000
vn -0.09640000 -0.94900000 0.30000000
vn -0.09600000 -0.95070000 0.29490000
vn -0.09470000 -0.95330000 0.28690000
vn -0.09480000 -0.95320000 0.28700000
vn -0.09300000 -0.95570000 0.27940000
vn -0.09080000 -0.95770000 0.27290000
vn -0.09080000 -0.95790000 0.27250000
vn -0.08840000 -0.95970000 0.26660000
vn -0.08520000 -0.96180000 0.26020000
vn -0.08250000 -0.96350000 0.25480000
vn -0.07780000 -0.96560000 0.24820000
vn -0.07470000 -0.96680000 0.24420000
vn -0.06840000 -0.96910000 0.23720000
vn -0.06840000 -0.96900000 0.23720000
vn -0.06610000 -0.96980000 0.23490000
vn -0.06290000 -0.97070000 0.23190000
vn -0.06290000 -0.97070000 0.23200000
vn -0.05570000 -0.97250000 0.22620000
vn -0.05710000 -0.97210000 0.22740000
vn -0.05040000 -0.97360000 0.22270000
vn -0.04400000 -0.97480000 0.21860000
vn -0.04380000 -0.97490000 0.21850000
vn -0.04030000 -0.97540000 0.21680000
vn -0.04040000 -0.97540000 0.21680000
vn -0.03670000 -0.97600000 0.21490000
vn -0.03660000 -0.97590000 0.21490000
vn -0.03670000 -0.97600000 0.21480000
vn -0.03260000 -0.97650000 0.21300000
vn -0.03280000 -0.97650000 0.21290000
vn -0.03270000 -0.97650000 0.21300000
vn -0.02920000 -0.97690000 0.21170000
vn -0.03120000 -0.97670000 0.21240000
vn -0.03100000 -0.97670000 0.21240000
vn -0.03120000 -0.97670000 0.21250000
vn -0.02470000 -0.97740000 0.21020000
vn -0.01790000 -0.97800000 0.20790000
vn -0.01680000 -0.97800000 0.20790000
vn -0.00630000 -0.97860000 0.20580000
vn -0.00590000 -0.97860000 0.20580000
vn -0.00590000 -0.97850000 0.20590000
vn -0.00010000 -0.97870000 0.20530000
vn 0.00010000 -0.97870000 0.20530000
vn -0.00000000 -0.97870000 0.20530000
vn -0.00300000 -0.97870000 0.20540000
vn -0.00180000 -0.97860000 0.20550000
vn -0.00180000 -0.97870000 0.20550000
vn -0.01570000 -0.97810000 0.20770000
vn -0.00470000 -0.97860000 0.20560000
vn -0.00460000 -0.97860000 0.20560000
vn -0.00050000 -0.97870000 0.20520000
vn -0.00080000 -0.97870000 0.20510000
vn -0.00040000 -0.97870000 0.20530000
vn 0.14090000 -0.98820000 0.06060000
vn 0.12900000 -0.99020000 0.05270000
vn 0.13790000 -0.98940000 0.04560000
vn 0.10800000 -0.99330000 0.04170000
vn 0.10760000 -0.99360000 0.03330000
vn 0.08750000 -0.99560000 0.03300000
vn 0.07700000 -0.99670000 0.02430000
vn 0.06600000 -0.99750000 0.02520000
vn 0.04290000 -0.99890000 0.01620000
vn 0.03510000 -0.99930000 0.01560000
vn -0.00000000 -1.00000000 0.00420000
vn 0.14220000 -0.98680000 0.07740000
vn 0.13230000 -0.98860000 0.07170000
vn 0.11480000 -0.99160000 0.05910000
vn 0.09650000 -0.99420000 0.04710000
vn 0.07840000 -0.99620000 0.03710000
vn 0.05930000 -0.99790000 0.02790000
vn 0.03210000 -0.99930000 0.01640000
vn 0.14260000 -0.98610000 0.08550000
vn 0.12850000 -0.98730000 0.09340000
vn 0.11390000 -0.99030000 0.07920000
vn 0.09390000 -0.99180000 0.08700000
vn 0.08210000 -0.99400000 0.07260000
vn 0.06350000 -0.99480000 0.07910000
vn 0.05440000 -0.99640000 0.06510000
vn 0.03740000 -0.99690000 0.06970000
vn 0.03060000 -0.99800000 0.05480000
vn 0.01580000 -0.99820000 0.05770000
vn 0.01200000 -0.99900000 0.04240000
vn 0.00010000 -0.99910000 0.04300000
vn 0.00010000 -0.99970000 0.02350000
vn -0.00640000 -0.99970000 0.02290000
vn 0.14380000 -0.98510000 0.09390000
vn 0.14170000 -0.98390000 0.10930000
vn 0.10590000 -0.98910000 0.10270000
vn 0.11630000 -0.98600000 0.11940000
vn 0.08130000 -0.99050000 0.11060000
vn 0.08920000 -0.98770000 0.12840000
vn 0.05540000 -0.99150000 0.11760000
vn 0.06050000 -0.98890000 0.13570000
vn 0.02820000 -0.99210000 0.12200000
vn 0.03080000 -0.98960000 0.14080000
vn 0.00020000 -0.99230000 0.12360000
vn 0.00020000 -0.98980000 0.14240000
vn -0.02800000 -0.99220000 0.12180000
vn -0.03050000 -0.98960000 0.14090000
vn -0.05540000 -0.99150000 0.11730000
vn -0.06060000 -0.98890000 0.13570000
vn -0.08140000 -0.99050000 0.11080000
vn -0.08930000 -0.98770000 0.12840000
vn -0.10610000 -0.98910000 0.10230000
vn -0.11650000 -0.98600000 0.11920000
vn -0.14410000 -0.98500000 0.09500000
vn -0.15230000 -0.98180000 0.11310000
vn -0.12750000 -0.98190000 0.14040000
vn -0.16270000 -0.97820000 0.12900000
vn -0.17500000 -0.97330000 0.14870000
vn -0.17060000 -0.97660000 0.13130000
vn -0.18080000 -0.97420000 0.13480000
vn -0.17900000 -0.97270000 0.14750000
vn -0.19590000 -0.97120000 0.13530000
vn -0.19080000 -0.96690000 0.16910000
vn -0.21840000 -0.96660000 0.13440000
vn -0.23390000 -0.95960000 0.15660000
vn -0.25650000 -0.95770000 0.13000000
vn -0.26860000 -0.95220000 0.14560000
vn -0.28050000 -0.94580000 0.16340000
vn -0.24760000 -0.95190000 0.18030000
vn -0.29150000 -0.93880000 0.18360000
vn -0.25910000 -0.94370000 0.20550000
vn -0.30120000 -0.93100000 0.20630000
vn -0.26790000 -0.93510000 0.23190000
vn -0.30830000 -0.92330000 0.22930000
vn -0.27390000 -0.92650000 0.25800000
vn -0.31300000 -0.91560000 0.25250000
vn -0.31540000 -0.90780000 0.27660000
vn -0.27720000 -0.91710000 0.28650000
vn -0.31590000 -0.89920000 0.30270000
vn -0.27820000 -0.90640000 0.31770000
vn -0.31180000 -0.88370000 0.34900000
vn -0.27710000 -0.89640000 0.34600000
vn -0.27350000 -0.88730000 0.37120000
vn -0.22120000 -0.90320000 0.36780000
vn -0.26720000 -0.87850000 0.39610000
vn -0.21670000 -0.89450000 0.39110000
vn -0.25840000 -0.86970000 0.42060000
vn -0.21040000 -0.88560000 0.41400000
vn -0.24740000 -0.86120000 0.44390000
vn -0.20230000 -0.87690000 0.43610000
vn -0.23440000 -0.85320000 0.46600000
vn -0.19260000 -0.86830000 0.45720000
vn -0.21950000 -0.84560000 0.48660000
vn -0.18140000 -0.85980000 0.47730000
vn -0.20310000 -0.83840000 0.50580000
vn -0.16870000 -0.85160000 0.49630000
vn -0.18530000 -0.83160000 0.52360000
vn -0.15480000 -0.84370000 0.51410000
vn -0.16630000 -0.82530000 0.53970000
vn -0.13980000 -0.83600000 0.53070000
vn -0.14610000 -0.81910000 0.55470000
vn -0.12360000 -0.82850000 0.54610000
vn -0.13330000 -0.81690000 0.56120000
vn -0.10640000 -0.82140000 0.56040000
vn -0.09580000 -0.81160000 0.57630000
vn -0.08800000 -0.81450000 0.57350000
vn -0.05460000 -0.80720000 0.58780000
vn -0.08240000 -0.81650000 0.57140000
vn -0.05310000 -0.81130000 0.58220000
vn -0.07010000 -0.82060000 0.56710000
vn -0.04150000 -0.81440000 0.57880000
vn -0.05490000 -0.82490000 0.56260000
vn -0.02860000 -0.81690000 0.57610000
vn -0.03780000 -0.82850000 0.55880000
vn -0.01460000 -0.81860000 0.57420000
vn -0.01950000 -0.83080000 0.55630000
vn 0.00020000 -0.83160000 0.55530000
vn -0.00000000 -0.84240000 0.53890000
vn 0.02310000 -0.84140000 0.54000000
vn 0.02180000 -0.85080000 0.52510000
vn 0.04290000 -0.84970000 0.52550000
vn 0.14780000 -0.98350000 0.10480000
vn 0.15510000 -0.98090000 0.11730000
vn 0.15600000 -0.97900000 0.13130000
vn 0.16430000 -0.97820000 0.12720000
vn 0.17470000 -0.97560000 0.13310000
vn 0.16810000 -0.97420000 0.15090000
vn 0.18540000 -0.97330000 0.13550000
vn 0.19830000 -0.96990000 0.14120000
vn 0.19590000 -0.97120000 0.13540000
vn 0.20880000 -0.96910000 0.13170000
vn 0.22750000 -0.96490000 0.13130000
vn 0.21960000 -0.96750000 0.12520000
vn 0.22820000 -0.96650000 0.11710000
vn 0.23460000 -0.96610000 0.10750000
vn 0.24680000 -0.96170000 0.11910000
vn 0.26020000 -0.95620000 0.13430000
vn 0.24400000 -0.95750000 0.15350000
vn 0.21200000 -0.96360000 0.16310000
vn 0.17900000 -0.96860000 0.17240000
vn 0.13690000 -0.97750000 0.16050000
vn 0.14520000 -0.97260000 0.18130000
vn 0.10400000 -0.98020000 0.16870000
vn 0.11000000 -0.97580000 0.18910000
vn 0.07010000 -0.98200000 0.17520000
vn 0.07390000 -0.97800000 0.19510000
vn 0.03530000 -0.98310000 0.17940000
vn 0.03700000 -0.97940000 0.19860000
vn 0.00010000 -0.98350000 0.18080000
vn 0.00010000 -0.97970000 0.20040000
vn -0.03510000 -0.98310000 0.17940000
vn -0.03700000 -0.97930000 0.19910000
vn -0.07000000 -0.98210000 0.17500000
vn -0.07380000 -0.97800000 0.19520000
vn -0.10390000 -0.98020000 0.16830000
vn -0.10990000 -0.97580000 0.18920000
vn -0.13680000 -0.97760000 0.16010000
vn -0.14520000 -0.97270000 0.18110000
vn -0.18580000 -0.96770000 0.17050000
vn -0.19520000 -0.96150000 0.19340000
vn -0.20110000 -0.96060000 0.19200000
vn -0.20960000 -0.95370000 0.21590000
vn 0.27430000 -0.94930000 0.15350000
vn 0.25860000 -0.94960000 0.17740000
vn 0.22380000 -0.95670000 0.18640000
vn 0.18850000 -0.96250000 0.19500000
vn 0.15240000 -0.96720000 0.20310000
vn 0.11510000 -0.97090000 0.21000000
vn 0.07720000 -0.97350000 0.21540000
vn 0.03860000 -0.97510000 0.21840000
vn 0.00010000 -0.97550000 0.22010000
vn -0.03860000 -0.97500000 0.21890000
vn -0.07710000 -0.97340000 0.21550000
vn -0.11510000 -0.97090000 0.21010000
vn -0.15250000 -0.96730000 0.20290000
vn -0.20270000 -0.95480000 0.21720000
vn -0.21620000 -0.94620000 0.24060000
vn 0.28760000 -0.94150000 0.17590000
vn 0.27060000 -0.94100000 0.20300000
vn 0.23430000 -0.94900000 0.21090000
vn 0.19670000 -0.95580000 0.21850000
vn 0.15830000 -0.96130000 0.22550000
vn 0.11930000 -0.96550000 0.23140000
vn 0.07940000 -0.96860000 0.23580000
vn 0.04010000 -0.97020000 0.23890000
vn 0.00010000 -0.97080000 0.23990000
vn -0.04000000 -0.97020000 0.23890000
vn -0.07980000 -0.96850000 0.23610000
vn -0.11940000 -0.96550000 0.23150000
vn -0.15840000 -0.96130000 0.22530000
vn -0.20840000 -0.94770000 0.24180000
vn -0.22060000 -0.93870000 0.26480000
vn 0.29880000 -0.93310000 0.20010000
vn 0.28010000 -0.93210000 0.22970000
vn 0.24140000 -0.94120000 0.23650000
vn 0.20270000 -0.94880000 0.24240000
vn 0.16290000 -0.95500000 0.24810000
vn 0.12210000 -0.95970000 0.25320000
vn 0.08160000 -0.96300000 0.25670000
vn 0.04090000 -0.96500000 0.25910000
vn 0.00010000 -0.96570000 0.25960000
vn -0.04100000 -0.96500000 0.25890000
vn -0.08190000 -0.96300000 0.25660000
vn -0.12270000 -0.95970000 0.25300000
vn -0.16290000 -0.95490000 0.24830000
vn -0.21200000 -0.94040000 0.26580000
vn -0.22320000 -0.93040000 0.29070000
vn 0.30730000 -0.92450000 0.22540000
vn 0.31300000 -0.91570000 0.25210000
vn 0.28640000 -0.92320000 0.25630000
vn 0.31570000 -0.90630000 0.28100000
vn 0.29000000 -0.91350000 0.28530000
vn 0.31560000 -0.89570000 0.31340000
vn 0.29110000 -0.90250000 0.31730000
vn 0.31290000 -0.88630000 0.34150000
vn 0.28960000 -0.89230000 0.34620000
vn 0.30840000 -0.87860000 0.36460000
vn 0.28570000 -0.88320000 0.37180000
vn 0.30210000 -0.87190000 0.38540000
vn 0.27900000 -0.87440000 0.39710000
vn 0.29440000 -0.86580000 0.40460000
vn 0.26960000 -0.86560000 0.42190000
vn 0.28590000 -0.86030000 0.42200000
vn 0.26600000 -0.85040000 0.45390000
vn 0.24220000 -0.84160000 0.48280000
vn 0.24400000 -0.84950000 0.46780000
vn 0.25780000 -0.85730000 0.44560000
vn 0.23420000 -0.87830000 0.41690000
vn 0.24170000 -0.88710000 0.39330000
vn 0.20330000 -0.89840000 0.38930000
vn 0.20740000 -0.90700000 0.36650000
vn 0.16690000 -0.91650000 0.36340000
vn 0.16840000 -0.92470000 0.34130000
vn 0.12670000 -0.93200000 0.33950000
vn 0.12670000 -0.93960000 0.31800000
vn 0.08400000 -0.94440000 0.31780000
vn 0.08410000 -0.95110000 0.29710000
vn 0.04220000 -0.95370000 0.29780000
vn 0.04170000 -0.95960000 0.27830000
vn 0.00010000 -0.96030000 0.27890000
vn 0.22830000 -0.84210000 0.48870000
vn 0.21540000 -0.83360000 0.50860000
vn 0.21090000 -0.83520000 0.50790000
vn 0.19220000 -0.82880000 0.52550000
vn 0.18590000 -0.84520000 0.50100000
vn 0.17000000 -0.83810000 0.51840000
vn 0.15930000 -0.85500000 0.49360000
vn 0.14640000 -0.84680000 0.51130000
vn 0.13070000 -0.86420000 0.48600000
vn 0.12040000 -0.85550000 0.50360000
vn 0.10020000 -0.87190000 0.47930000
vn 0.09290000 -0.86260000 0.49730000
vn 0.08520000 -0.86670000 0.49150000
vn 0.08640000 -0.85620000 0.50940000
vn 0.10970000 -0.84650000 0.52100000
vn 0.13240000 -0.83890000 0.52790000
vn 0.11730000 -0.83100000 0.54370000
vn 0.13510000 -0.82400000 0.55020000
vn 0.11600000 -0.81760000 0.56390000
vn 0.12260000 -0.81530000 0.56600000
vn 0.08820000 -0.81060000 0.57890000
vn 0.18610000 -0.82670000 0.53100000
vn 0.15330000 -0.83080000 0.53510000
vn 0.15510000 -0.82060000 0.55000000
vn 0.05030000 -0.80710000 0.58820000
vn 0.08390000 -0.81610000 0.57190000
vn 0.10110000 -0.82340000 0.55840000
vn 0.00010000 -0.80660000 0.59110000
vn 0.04160000 -0.81440000 0.57880000
vn 0.05210000 -0.81160000 0.58190000
vn 0.05300000 -0.81130000 0.58220000
vn 0.07030000 -0.82070000 0.56700000
vn 0.00020000 -0.81930000 0.57340000
vn 0.01910000 -0.83080000 0.55620000
vn 0.03760000 -0.82850000 0.55870000
vn 0.04530000 -0.83860000 0.54290000
vn 0.05480000 -0.82500000 0.56250000
vn 0.06570000 -0.83440000 0.54720000
vn 0.06550000 -0.82210000 0.56550000
vn 0.07540000 -0.83190000 0.54970000
vn 0.08440000 -0.82910000 0.55260000
vn 0.09750000 -0.83770000 0.53730000
vn -0.16880000 -0.82310000 0.54220000
vn -0.20230000 -0.83040000 0.51910000
vn -0.23330000 -0.83870000 0.49210000
vn -0.26070000 -0.84820000 0.46100000
vn -0.28360000 -0.85900000 0.42610000
vn -0.30110000 -0.87100000 0.38810000
vn -0.24510000 -0.96230000 0.11750000
vn -0.22830000 -0.96650000 0.11710000
vn -0.21960000 -0.96750000 0.12530000
vn -0.23450000 -0.96610000 0.10750000
vn -0.20870000 -0.96910000 0.13170000
vn -0.16090000 -0.97910000 0.12410000
vn -0.13600000 -0.98660000 0.09020000
vn -0.14260000 -0.98600000 0.08600000
vn -0.12040000 -0.98980000 0.07650000
vn -0.14230000 -0.98680000 0.07740000
vn -0.14090000 -0.98820000 0.06070000
vn -0.12460000 -0.99070000 0.05470000
vn -0.13790000 -0.98940000 0.04570000
vn -0.10430000 -0.99360000 0.04340000
vn -0.11550000 -0.99270000 0.03620000
vn -0.08470000 -0.99580000 0.03420000
vn -0.08080000 -0.99640000 0.02550000
vn -0.06390000 -0.99760000 0.02620000
vn -0.04290000 -0.99890000 0.01630000
vn -0.03390000 -0.99930000 0.01580000
vn -0.04320000 -0.84970000 0.52550000
vn -0.05180000 -0.84870000 0.52640000
vn -0.08130000 -0.84700000 0.52540000
vn -0.07560000 -0.84380000 0.53130000
vn -0.08520000 -0.84850000 0.52230000
vn -0.09740000 -0.83760000 0.53750000
vn -0.10970000 -0.84640000 0.52110000
vn -0.11590000 -0.83140000 0.54340000
vn -0.13110000 -0.83920000 0.52780000
vn -0.00000000 -0.85120000 0.52480000
vn -0.02300000 -0.84150000 0.53980000
vn -0.04520000 -0.83860000 0.54290000
vn 0.06300000 -0.84820000 0.52600000
vn 0.05180000 -0.84880000 0.52620000
vn 0.07560000 -0.84390000 0.53120000
vn 0.08160000 -0.84710000 0.52510000
vn 0.08210000 -0.84220000 0.53290000
vn 0.08530000 -0.84850000 0.52230000
vn 0.08680000 -0.85080000 0.51820000
vn 0.08080000 -0.90290000 0.42210000
vn 0.10670000 -0.88110000 0.46070000
vn 0.13970000 -0.87300000 0.46740000
vn 0.17090000 -0.86370000 0.47420000
vn 0.20040000 -0.85310000 0.48170000
vn 0.08020000 -0.90870000 0.40970000
vn 0.11710000 -0.89910000 0.42190000
vn 0.11240000 -0.89020000 0.44150000
vn 0.07990000 -0.91060000 0.40550000
vn 0.08080000 -0.91390000 0.39780000
vn 0.12110000 -0.90780000 0.40150000
vn 0.15420000 -0.89060000 0.42770000
vn 0.14750000 -0.88190000 0.44780000
vn 0.18120000 -0.87220000 0.45430000
vn 0.07930000 -0.91420000 0.39750000
vn 0.07940000 -0.91600000 0.39330000
vn 0.08260000 -0.92210000 0.37810000
vn 0.07760000 -0.91800000 0.38880000
vn 0.07630000 -0.91880000 0.38720000
vn 0.07450000 -0.91950000 0.38600000
vn 0.07270000 -0.92000000 0.38500000
vn 0.05670000 -0.92160000 0.38400000
vn 0.04170000 -0.92570000 0.37600000
vn 0.03660000 -0.92270000 0.38380000
vn 0.02010000 -0.92320000 0.38370000
vn -0.00000000 -0.92700000 0.37520000
vn 0.00010000 -0.92350000 0.38370000
vn -0.02000000 -0.92320000 0.38370000
vn -0.04160000 -0.92570000 0.37600000
vn -0.04000000 -0.92250000 0.38390000
vn -0.05980000 -0.92140000 0.38400000
vn -0.08300000 -0.92200000 0.37810000
vn -0.07330000 -0.91990000 0.38530000
vn -0.07500000 -0.91930000 0.38630000
vn -0.07660000 -0.91860000 0.38780000
vn -0.07780000 -0.91780000 0.38940000
vn -0.08120000 -0.91390000 0.39780000
vn -0.08000000 -0.91050000 0.40570000
vn -0.08080000 -0.90290000 0.42210000
vn -0.08510000 -0.86670000 0.49150000
vn -0.10690000 -0.88110000 0.46080000
vn -0.11240000 -0.89010000 0.44170000
vn -0.11720000 -0.89900000 0.42200000
vn -0.15450000 -0.89060000 0.42770000
vn -0.16010000 -0.89950000 0.40660000
vn -0.19100000 -0.88040000 0.43410000
vn -0.19900000 -0.88900000 0.41240000
vn -0.08680000 -0.85110000 0.51780000
vn -0.09290000 -0.86260000 0.49730000
vn -0.10040000 -0.87180000 0.47940000
vn -0.13980000 -0.87290000 0.46740000
vn -0.14770000 -0.88180000 0.44790000
vn -0.17060000 -0.86350000 0.47470000
vn -0.18160000 -0.87190000 0.45490000
vn -0.02910000 -0.99940000 0.01720000
vn -0.02330000 -0.99950000 0.01910000
vn -0.01830000 -0.99960000 0.02070000
vn -0.01270000 -0.99970000 0.02220000
vn 0.00670000 -0.99970000 0.02330000
vn 0.01270000 -0.99970000 0.02220000
vn 0.01840000 -0.99960000 0.02090000
vn 0.02370000 -0.99950000 0.01930000
vn 0.02790000 -0.99950000 0.01770000
vn 0.02880000 -0.81690000 0.57600000
vn 0.01480000 -0.81860000 0.57410000
vn 0.09910000 -0.99290000 0.06560000
vn 0.08400000 -0.99510000 0.05310000
vn 0.06990000 -0.99580000 0.05920000
vn 0.06860000 -0.99680000 0.04190000
vn 0.05720000 -0.99730000 0.04650000
vn 0.04450000 -0.99770000 0.05100000
vn 0.05190000 -0.99820000 0.03100000
vn 0.04340000 -0.99850000 0.03440000
vn 0.03390000 -0.99870000 0.03780000
vn 0.02340000 -0.99890000 0.04040000
vn 0.19010000 -0.88090000 0.43340000
vn 0.21330000 -0.86110000 0.46140000
vn 0.22460000 -0.86960000 0.43980000
vn 0.19760000 -0.88960000 0.41170000
vn 0.15960000 -0.89930000 0.40710000
vn 0.16370000 -0.90810000 0.38550000
vn 0.20960000 -0.91560000 0.34310000
vn 0.24700000 -0.89590000 0.36930000
vn 0.24980000 -0.90470000 0.34500000
vn 0.21010000 -0.92450000 0.31810000
vn 0.25110000 -0.91440000 0.31760000
vn 0.16870000 -0.93290000 0.31820000
vn 0.16780000 -0.94090000 0.29410000
vn 0.20870000 -0.93350000 0.29150000
vn 0.16550000 -0.94840000 0.27060000
vn 0.20680000 -0.94140000 0.26650000
vn 0.25010000 -0.92410000 0.28910000
vn 0.24660000 -0.93310000 0.26160000
vn 0.12740000 -0.98190000 0.14030000
vn 0.09710000 -0.98410000 0.14880000
vn 0.06570000 -0.98560000 0.15560000
vn 0.03320000 -0.98660000 0.16000000
vn 0.00020000 -0.98690000 0.16150000
vn -0.03300000 -0.98660000 0.16000000
vn -0.06550000 -0.98560000 0.15570000
vn -0.09700000 -0.98410000 0.14890000
vn 0.12380000 -0.91620000 0.38120000
vn 0.12570000 -0.92430000 0.36050000
vn 0.12610000 -0.94690000 0.29590000
vn 0.12440000 -0.95360000 0.27410000
vn 0.07240000 -0.99290000 0.09410000
vn 0.04920000 -0.99380000 0.09970000
vn 0.02500000 -0.99430000 0.10320000
vn 0.00010000 -0.99450000 0.10470000
vn -0.02500000 -0.99430000 0.10340000
vn -0.04930000 -0.99380000 0.09940000
vn -0.07240000 -0.99300000 0.09390000
vn -0.09420000 -0.99180000 0.08680000
vn -0.04340000 -0.99850000 0.03440000
vn -0.05440000 -0.99810000 0.02990000
vn -0.05750000 -0.99730000 0.04630000
vn -0.07190000 -0.99660000 0.04020000
vn -0.03380000 -0.99870000 0.03770000
vn -0.02330000 -0.99890000 0.04050000
vn -0.01180000 -0.99900000 0.04220000
vn -0.06970000 -0.99580000 0.05880000
vn -0.08830000 -0.99480000 0.05110000
vn -0.04440000 -0.99770000 0.05090000
vn -0.03050000 -0.99800000 0.05450000
vn -0.01540000 -0.99820000 0.05770000
vn 0.00010000 -0.99830000 0.05820000
vn -0.08240000 -0.99400000 0.07260000
vn -0.10470000 -0.99250000 0.06360000
vn -0.05420000 -0.99640000 0.06460000
vn -0.03700000 -0.99690000 0.06970000
vn -0.01890000 -0.99720000 0.07230000
vn 0.00010000 -0.99730000 0.07350000
vn 0.01900000 -0.99720000 0.07240000
vn -0.06360000 -0.99490000 0.07890000
vn -0.04340000 -0.99550000 0.08430000
vn -0.02210000 -0.99590000 0.08760000
vn 0.00020000 -0.99600000 0.08930000
vn 0.02210000 -0.99590000 0.08760000
vn 0.04330000 -0.99550000 0.08410000
vn -0.16590000 -0.94830000 0.27060000
vn -0.21380000 -0.93240000 0.29130000
vn -0.22410000 -0.92100000 0.31850000
vn -0.16780000 -0.94100000 0.29390000
vn -0.21410000 -0.92340000 0.31860000
vn -0.22360000 -0.91190000 0.34420000
vn -0.12490000 -0.95350000 0.27420000
vn -0.08340000 -0.95730000 0.27680000
vn -0.04170000 -0.95960000 0.27840000
vn -0.16880000 -0.93280000 0.31850000
vn -0.21290000 -0.91460000 0.34370000
vn -0.12630000 -0.94680000 0.29590000
vn -0.08430000 -0.95110000 0.29710000
vn -0.04210000 -0.95370000 0.29780000
vn 0.00010000 -0.95450000 0.29810000
vn -0.16860000 -0.92460000 0.34170000
vn -0.21010000 -0.90620000 0.36690000
vn -0.12700000 -0.93950000 0.31800000
vn -0.08480000 -0.94440000 0.31770000
vn -0.04240000 -0.94730000 0.31740000
vn 0.00010000 -0.94830000 0.31730000
vn 0.04240000 -0.94730000 0.31740000
vn -0.16720000 -0.91640000 0.36360000
vn -0.20550000 -0.89770000 0.38990000
vn -0.12700000 -0.93190000 0.33970000
vn -0.08480000 -0.93730000 0.33810000
vn -0.04240000 -0.94060000 0.33700000
vn 0.00010000 -0.94170000 0.33660000
vn 0.04240000 -0.94060000 0.33690000
vn 0.08460000 -0.93730000 0.33800000
vn -0.16430000 -0.90800000 0.38540000
vn -0.12610000 -0.92410000 0.36070000
vn -0.08430000 -0.92980000 0.35820000
vn -0.04220000 -0.93330000 0.35650000
vn -0.00000000 -0.93450000 0.35590000
vn 0.04220000 -0.93340000 0.35640000
vn 0.08410000 -0.92990000 0.35800000
vn -0.12110000 -0.90760000 0.40190000
vn -0.12420000 -0.91600000 0.38140000
vn -0.13080000 -0.86400000 0.48620000
vn -0.15860000 -0.85520000 0.49350000
vn -0.14540000 -0.84710000 0.51120000
vn -0.12080000 -0.85510000 0.50410000
vn -0.08440000 -0.82910000 0.55270000
vn -0.09950000 -0.82400000 0.55780000
vn -0.06570000 -0.83440000 0.54730000
vn 0.08330000 -0.95730000 0.27670000
vn 0.23260000 -0.93980000 -0.25030000
vn 0.32040000 -0.91130000 -0.25850000
vn 0.27560000 -0.93060000 -0.24080000
vn 0.26480000 -0.93760000 -0.22540000
vn 0.23280000 -0.94340000 -0.23620000
vn 0.19360000 -0.95680000 -0.21680000
vn 0.19290000 -0.95370000 -0.23080000
vn 0.13040000 -0.96970000 -0.20680000
vn 0.15420000 -0.96200000 -0.22540000
vn 0.11550000 -0.96850000 -0.22080000
vn 0.15560000 -0.95790000 -0.24120000
vn 0.07830000 -0.96900000 -0.23440000
vn 0.07730000 -0.97310000 -0.21720000
vn 0.03890000 -0.97590000 -0.21490000
vn 0.06880000 -0.97750000 -0.19930000
vn -0.00000000 -0.98060000 -0.19610000
vn -0.06880000 -0.97750000 -0.19920000
vn -0.03890000 -0.97590000 -0.21490000
vn -0.01950000 -0.97660000 -0.21430000
vn 0.00010000 -0.97680000 -0.21420000
vn -0.00030000 -0.97270000 -0.23210000
vn 0.00950000 -0.97680000 -0.21420000
vn 0.01950000 -0.97660000 -0.21430000
vn -0.13810000 -0.96840000 -0.20780000
vn -0.11520000 -0.96840000 -0.22100000
vn -0.07760000 -0.97300000 -0.21730000
vn -0.07950000 -0.96880000 -0.23470000
vn -0.21100000 -0.95260000 -0.21930000
vn -0.19310000 -0.95360000 -0.23110000
vn -0.15430000 -0.96190000 -0.22570000
vn -0.15690000 -0.95750000 -0.24190000
vn -0.23310000 -0.94320000 -0.23660000
vn -0.26480000 -0.93760000 -0.22540000
vn -0.27590000 -0.93040000 -0.24120000
vn -0.32130000 -0.91070000 -0.25950000
vn -0.23400000 -0.93920000 -0.25120000
vn 0.05630000 -0.69970000 0.71220000
vn -0.00020000 -0.69880000 0.71540000
vn 0.05630000 -0.71260000 0.69930000
vn 0.01420000 -0.73710000 0.67570000
vn 0.02820000 -0.73720000 0.67510000
vn -0.05380000 -0.69960000 0.71250000
vn -0.05380000 -0.71250000 0.69960000
vn -0.01330000 -0.73710000 0.67570000
vn 0.00020000 -0.73700000 0.67590000
vn -0.05380000 -0.72520000 0.68640000
vn -0.02690000 -0.73720000 0.67510000
vn -0.04030000 -0.73740000 0.67420000
vn -0.05390000 -0.73770000 0.67300000
vn 0.05630000 -0.72530000 0.68620000
vn 0.04230000 -0.73740000 0.67410000
vn 0.05630000 -0.73770000 0.67270000
vn 0.99760000 -0.04930000 0.04930000
vn 0.99770000 -0.04840000 0.04840000
vn 0.98280000 -0.17010000 -0.07140000
vn 0.94870000 -0.26730000 -0.16860000
vn 0.93560000 -0.29400000 -0.19540000
vn 0.80700000 -0.46390000 -0.36530000
vn 0.85100000 -0.41740000 -0.31870000
vn 0.72800000 -0.53160000 -0.43300000
vn 0.58640000 -0.62000000 -0.52130000
vn 0.56970000 -0.62840000 -0.52970000
vn 0.38380000 -0.70040000 -0.60180000
vn 0.30830000 -0.72020000 -0.62150000
vn 0.19040000 -0.74180000 -0.64310000
vn -0.00000000 -0.75470000 -0.65610000
vn 0.30830000 -0.72020000 -0.62150000
vn -0.00000000 -0.75470000 -0.65610000
vn 0.30830000 -0.72020000 -0.62150000
vn 0.58630000 -0.62000000 -0.52130000
vn 0.58630000 -0.62000000 -0.52130000
vn 0.80710000 -0.46390000 -0.36530000
vn 0.80700000 -0.46400000 -0.36530000
vn 0.94870000 -0.26730000 -0.16860000
vn 0.94870000 -0.26730000 -0.16870000
vn 0.99760000 -0.04930000 0.04920000
vn 0.99760000 -0.04930000 0.04930000
vn 0.99760000 -0.04930000 0.04920000
vn 0.99760000 -0.04930000 0.04930000
vn 0.99760000 -0.04930000 0.04920000
vn 0.99760000 -0.04940000 0.04960000
vn 0.99760000 -0.04940000 0.04930000
vn 0.99760000 -0.04930000 0.04930000
vn 0.99760000 -0.04940000 0.04960000
vn 0.99760000 -0.04940000 0.04930000
vn 0.99760000 -0.04940000 0.04960000
vn 0.99760000 -0.04930000 0.04930000
vn 0.99760000 -0.04940000 0.04930000
vn 0.99760000 -0.04930000 0.04930000
vn 0.99760000 -0.04940000 0.04930000
vn 0.99760000 -0.04930000 0.04930000
vn 0.99760000 -0.04930000 0.04930000
vn 0.99760000 -0.04930000 0.04930000
vn 0.99760000 -0.04930000 0.04930000
vn 0.99760000 -0.04930000 0.04930000
vn -0.81730000 -0.45380000 -0.35510000
vn -0.79730000 -0.47330000 -0.37460000
vn -0.80700000 -0.46390000 -0.36530000
vn -0.64240000 -0.58900000 -0.49030000
vn -0.58640000 -0.62000000 -0.52130000
vn -0.45670000 -0.67650000 -0.57780000
vn -0.30830000 -0.72020000 -0.62150000
vn -0.24160000 -0.73370000 -0.63510000
vn -0.00010000 -0.75380000 -0.65710000
vn -0.00010000 -0.75470000 -0.65610000
vn -0.30830000 -0.72020000 -0.62150000
vn -0.30830000 -0.72020000 -0.62150000
vn -0.58640000 -0.62000000 -0.52130000
vn -0.58640000 -0.62000000 -0.52130000
vn -0.80710000 -0.46390000 -0.36530000
vn -0.80700000 -0.46390000 -0.36530000
vn -0.94870000 -0.26730000 -0.16870000
vn -0.94870000 -0.26740000 -0.16870000
vn -0.99760000 -0.04940000 0.04930000
vn -0.95730000 -0.24760000 -0.14900000
vn -0.99760000 -0.04940000 0.04930000
vn -0.99760000 -0.04930000 0.04930000
vn -0.85450000 -0.41330000 -0.31460000
vn -0.83640000 -0.43380000 -0.33510000
vn -0.00010000 -0.70710000 0.70710000
vn -0.00000000 -0.70710000 0.70710000
vn -0.00010000 -0.70710000 0.70710000
vn -0.00000000 -0.70710000 0.70710000
vn 0.00010000 -0.70710000 0.70710000
vn 0.00010000 -0.70710000 0.70710000
vn -0.00000000 -0.70710000 0.70710000
vn -0.00010000 -0.70710000 0.70710000
vn 0.00010000 -0.70710000 0.70710000
vn -0.00000000 -0.70710000 0.70710000
vn -0.00010000 -0.70710000 0.70710000
vn -0.00000000 -0.70710000 0.70710000
vn -0.00000000 -0.70710000 0.70710000
vn -0.00010000 -0.70710000 0.70710000
vn 0.00040000 -0.70700000 0.70720000
vn -0.00000000 -0.70710000 0.70710000
vn -0.00000000 -0.70710000 0.70710000
vn 0.00040000 -0.70700000 0.70720000
vn 0.00040000 -0.70700000 0.70720000
vn -0.00010000 -0.70710000 0.70710000
vn -0.00000000 -0.70710000 0.70710000
vn 0.00010000 -0.70710000 0.70710000
vn 0.00010000 -0.70710000 0.70710000
vn -0.00020000 -0.70710000 0.70710000
vn -0.00000000 -0.70710000 0.70710000
vn 0.00010000 -0.70710000 0.70710000
vn -0.00020000 -0.70710000 0.70710000
vn 0.00010000 -0.70700000 0.70720000
vn 0.00010000 -0.70700000 0.70720000
vn -0.00020000 -0.70710000 0.70710000
vn 0.00010000 -0.70700000 0.70720000
vn -0.43390000 0.63720000 0.63700000
vn -0.00000000 0.70710000 0.70710000
vn -0.00000000 0.70720000 0.70710000
vn -0.00000000 0.70710000 0.70710000
vn -0.00000000 0.70710000 0.70710000
vn 0.43390000 0.63720000 0.63700000
vn 0.43390000 0.63720000 0.63700000
vn 0.78180000 0.44090000 0.44090000
vn 0.78180000 0.44090000 0.44090000
vn 0.97490000 0.15740000 0.15730000
vn 0.97490000 0.15730000 0.15730000
vn 0.97490000 -0.15740000 -0.15730000
vn 0.97490000 -0.15730000 -0.15730000
vn 0.78190000 -0.44090000 -0.44080000
vn 0.78180000 -0.44090000 -0.44080000
vn 0.43390000 -0.63710000 -0.63710000
vn 0.43390000 -0.63710000 -0.63710000
vn -0.00000000 -0.70710000 -0.70710000
vn -0.00000000 -0.70710000 -0.70710000
vn -0.43390000 -0.63710000 -0.63710000
vn -0.43390000 -0.63710000 -0.63710000
vn -0.78180000 -0.44090000 -0.44080000
vn -0.78190000 -0.44090000 -0.44080000
vn -0.97490000 -0.15730000 -0.15730000
vn -0.97490000 -0.15730000 -0.15740000
vn -0.97490000 0.15730000 0.15730000
vn -0.97490000 0.15740000 0.15730000
vn -0.78180000 0.44090000 0.44090000
vn -0.78180000 0.44090000 0.44090000
vn -0.43390000 0.63720000 0.63700000
f 1//1 3//3 7//7
f 5//5 4//4 8//8
f 5//5 8//8 9//9
f 2//2 10//10 4//4
f 4//4 10//10 11//11
f 4//4 11//11 12//12
f 12//12 13//13 4//4
f 4//4 13//13 14//14
f 4//4 14//14 15//15
f 15//15 16//16 4//4
f 4//4 16//16 17//17
f 4//4 17//17 18//18
f 18//18 17//17 19//19
f 19//19 17//17 20//20
f 20//20 17//17 21//21
f 21//21 17//17 22//22
f 22//22 17//17 23//23
f 23//23 17//17 24//24
f 24//24 17//17 25//25
f 25//25 17//17 26//26
f 26//26 17//17 27//27
f 27//27 17//17 31//31
f 27//27 31//31 32//32
f 32//32 33//33 27//27
f 27//27 33//33 34//34
f 27//27 34//34 35//35
f 35//35 37//37 27//27
f 28//28 36//36 39//39
f 27//27 38//38 40//40
f 40//40 41//41 27//27
f 29//29 42//42 43//43
f 29//29 43//43 45//45
f 44//44 46//46 30//30
f 9//9 47//47 5//5
f 5//5 47//47 48//48
f 5//5 48//48 49//49
f 49//49 50//50 5//5
f 5//5 50//50 51//51
f 5//5 51//51 52//52
f 52//52 53//53 5//5
f 5//5 53//53 54//54
f 5//5 54//54 55//55
f 55//55 56//56 5//5
f 5//5 56//56 57//57
f 5//5 57//57 58//58
f 58//58 59//59 5//5
f 5//5 59//59 61//61
f 6//6 60//60 62//62
f 63//63 61//61 64//64
f 64//64 61//61 65//65
f 65//65 61//61 66//66
f 66//66 61//61 67//67
f 67//67 61//61 68//68
f 68//68 61//61 69//69
f 69//69 61//61 70//70
f 70//70 61//61 71//71
f 70//70 71//71 72//72
f 72//72 73//73 70//70
f 70//70 73//73 74//74
f 70//70 74//74 75//75
f 75//75 78//78 70//70
f 70//70 78//78 79//79
f 79//79 78//78 80//80
f 80//80 78//78 81//81
f 81//81 78//78 82//82
f 82//82 78//78 83//83
f 83//83 78//78 84//84
f 84//84 78//78 85//85
f 85//85 78//78 86//86
f 86//86 78//78 87//87
f 88//88 77//77 89//89
f 90//90 78//78 91//91
f 91//91 78//78 94//94
f 93//93 76//76 98//98
f 95//95 99//99 101//101
f 100//100 103//103 92//92
f 97//97 102//102 104//104
f 96//96 105//105 106//106
f 107//107 108//108 109//109
f 109//109 108//108 110//110
f 110//110 108//108 111//111
f 111//111 108//108 112//112
f 112//112 108//108 113//113
f 113//113 108//108 114//114
f 113//113 114//114 115//115
f 115//115 114//114 116//116
f 115//115 116//116 117//117
f 117//117 116//116 118//118
f 118//118 116//116 119//119
f 118//118 119//119 120//120
f 120//120 121//121 118//118
f 118//118 121//121 122//122
f 123//123 124//124 125//125
f 125//125 124//124 126//126
f 125//125 126//126 127//127
f 127//127 126//126 128//128
f 127//127 128//128 129//129
f 129//129 128//128 130//130
f 129//129 130//130 131//131
f 131//131 130//130 132//132
f 131//131 132//132 133//133
f 133//133 132//132 134//134
f 133//133 134//134 135//135
f 135//135 134//134 136//136
f 135//135 136//136 137//137
f 137//137 136//136 138//138
f 137//137 138//138 139//139
f 139//139 138//138 140//140
f 139//139 140//140 141//141
f 141//141 140//140 142//142
f 141//141 142//142 143//143
f 143//143 142//142 144//144
f 143//143 144//144 145//145
f 145//145 144//144 146//146
f 145//145 146//146 147//147
f 147//147 146//146 148//148
f 147//147 148//148 149//149
f 149//149 148//148 150//150
f 149//149 150//150 151//151
f 151//151 150//150 152//152
f 151//151 152//152 153//153
f 153//153 152//152 154//154
f 153//153 154//154 155//155
f 155//155 154//154 156//156
f 155//155 156//156 157//157
f 157//157 156//156 158//158
f 158//158 156//156 159//159
f 158//158 159//159 160//160
f 160//160 159//159 161//161
f 160//160 161//161 162//162
f 162//162 161//161 163//163
f 162//162 163//163 164//164
f 164//164 163//163 165//165
f 164//164 165//165 166//166
f 166//166 165//165 167//167
f 166//166 167//167 168//168
f 168//168 167//167 169//169
f 168//168 169//169 170//170
f 170//170 169//169 171//171
f 170//170 171//171 172//172
f 172//172 171//171 173//173
f 172//172 173//173 174//174
f 174//174 173//173 175//175
f 174//174 175//175 176//176
f 176//176 175//175 177//177
f 176//176 177//177 178//178
f 178//178 177//177 179//179
f 178//178 179//179 180//180
f 180//180 179//179 181//181
f 180//180 181//181 182//182
f 182//182 181//181 183//183
f 182//182 183//183 184//184
f 184//184 183//183 185//185
f 184//184 185//185 186//186
f 186//186 185//185 187//187
f 186//186 187//187 188//188
f 188//188 187//187 189//189
f 188//188 189//189 190//190
f 190//190 189//189 191//191
f 190//190 191//191 192//192
f 192//192 191//191 193//193
f 193//193 191//191 194//194
f 193//193 194//194 195//195
f 195//195 194//194 196//196
f 195//195 196//196 197//197
f 197//197 196//196 198//198
f 197//197 198//198 199//199
f 199//199 198//198 200//200
f 199//199 200//200 201//201
f 201//201 200//200 202//202
f 201//201 202//202 203//203
f 203//203 202//202 204//204
f 203//203 204//204 205//205
f 205//205 204//204 206//206
f 205//205 206//206 207//207
f 207//207 206//206 208//208
f 207//207 208//208 209//209
f 209//209 208//208 210//210
f 209//209 210//210 211//211
f 211//211 210//210 212//212
f 211//211 212//212 213//213
f 213//213 212//212 214//214
f 213//213 214//214 215//215
f 215//215 214//214 216//216
f 215//215 216//216 217//217
f 217//217 216//216 218//218
f 217//217 218//218 219//219
f 219//219 218//218 220//220
f 219//219 220//220 221//221
f 221//221 220//220 222//222
f 221//221 222//222 223//223
f 223//223 222//222 224//224
f 223//223 224//224 225//225
f 225//225 224//224 226//226
f 225//225 226//226 227//227
f 227//227 226//226 228//228
f 227//227 228//228 229//229
f 229//229 228//228 230//230
f 229//229 230//230 231//231
f 231//231 230//230 232//232
f 231//231 232//232 233//233
f 233//233 232//232 234//234
f 233//233 234//234 235//235
f 235//235 234//234 236//236
f 235//235 236//236 237//237
f 237//237 236//236 238//238
f 237//237 238//238 239//239
f 239//239 238//238 240//240
f 239//239 240//240 241//241
f 241//241 240//240 242//242
f 241//241 242//242 243//243
f 243//243 242//242 244//244
f 243//243 244//244 245//245
f 245//245 244//244 246//246
f 245//245 246//246 247//247
f 247//247 246//246 248//248
f 247//247 248//248 249//249
f 249//249 248//248 250//250
f 249//249 250//250 251//251
f 251//251 250//250 252//252
f 251//251 252//252 253//253
f 253//253 252//252 254//254
f 253//253 254//254 255//255
f 255//255 254//254 256//256
f 255//255 256//256 257//257
f 257//257 256//256 258//258
f 258//258 256//256 259//259
f 258//258 259//259 260//260
f 260//260 259//259 261//261
f 260//260 261//261 262//262
f 262//262 261//261 263//263
f 262//262 263//263 264//264
f 264//264 263//263 265//265
f 264//264 265//265 266//266
f 266//266 265//265 267//267
f 266//266 267//267 268//268
f 268//268 267//267 269//269
f 268//268 269//269 270//270
f 270//270 269//269 271//271
f 270//270 271//271 272//272
f 272//272 271//271 273//273
f 272//272 273//273 274//274
f 274//274 273//273 275//275
f 274//274 275//275 276//276
f 276//276 275//275 277//277
f 276//276 277//277 278//278
f 278//278 277//277 279//279
f 278//278 279//279 280//280
f 280//280 279//279 281//281
f 280//280 281//281 282//282
f 282//282 281//281 283//283
f 282//282 283//283 284//284
f 284//284 283//283 285//285
f 284//284 285//285 286//286
f 286//286 285//285 287//287
f 286//286 287//287 288//288
f 288//288 287//287 289//289
f 288//288 289//289 290//290
f 290//290 289//289 291//291
f 291//291 289//289 292//292
f 291//291 292//292 293//293
f 293//293 292//292 294//294
f 293//293 294//294 295//295
f 295//295 294//294 296//296
f 295//295 296//296 297//297
f 297//297 296//296 298//298
f 297//297 298//298 299//299
f 299//299 298//298 300//300
f 299//299 300//300 301//301
f 301//301 300//300 302//302
f 301//301 302//302 303//303
f 303//303 302//302 304//304
f 303//303 304//304 305//305
f 305//305 304//304 306//306
f 305//305 306//306 307//307
f 307//307 306//306 308//308
f 307//307 308//308 309//309
f 309//309 308//308 310//310
f 309//309 310//310 311//311
f 311//311 310//310 312//312
f 311//311 312//312 313//313
f 313//313 312//312 314//314
f 313//313 314//314 315//315
f 315//315 314//314 316//316
f 315//315 316//316 317//317
f 317//317 316//316 318//318
f 317//317 318//318 319//319
f 319//319 318//318 320//320
f 319//319 320//320 321//321
f 321//321 320//320 322//322
f 322//322 320//320 323//323
f 322//322 323//323 324//324
f 324//324 323//323 325//325
f 324//324 325//325 326//326
f 326//326 325//325 327//327
f 326//326 327//327 328//328
f 328//328 327//327 329//329
f 328//328 329//329 330//330
f 330//330 329//329 331//331
f 330//330 331//331 332//332
f 332//332 331//331 333//333
f 332//332 333//333 334//334
f 334//334 333//333 335//335
f 334//334 335//335 336//336
f 336//336 335//335 337//337
f 336//336 337//337 338//338
f 339//339 340//340 123//123
f 123//123 340//340 341//341
f 123//123 341//341 124//124
f 124//124 341//341 342//342
f 124//124 342//342 343//343
f 343//343 342//342 344//344
f 343//343 344//344 345//345
f 345//345 344//344 346//346
f 345//345 346//346 347//347
f 347//347 346//346 348//348
f 347//347 348//348 349//349
f 349//349 348//348 350//350
f 349//349 350//350 351//351
f 351//351 350//350 138//138
f 351//351 138//138 136//136
f 352//352 353//353 339//339
f 339//339 353//353 354//354
f 339//339 354//354 355//355
f 355//355 354//354 356//356
f 355//355 356//356 357//357
f 357//357 356//356 358//358
f 357//357 358//358 359//359
f 359//359 358//358 360//360
f 359//359 360//360 361//361
f 361//361 360//360 362//362
f 361//361 362//362 363//363
f 363//363 362//362 364//364
f 363//363 364//364 365//365
f 365//365 364//364 366//366
f 365//365 366//366 367//367
f 367//367 366//366 350//350
f 367//367 350//350 348//348
f 368//368 369//369 352//352
f 352//352 369//369 370//370
f 352//352 370//370 353//353
f 353//353 370//370 371//371
f 353//353 371//371 372//372
f 372//372 371//371 373//373
f 372//372 373//373 374//374
f 374//374 373//373 375//375
f 374//374 375//375 376//376
f 376//376 375//375 377//377
f 376//376 377//377 378//378
f 378//378 377//377 379//379
f 378//378 379//379 380//380
f 380//380 379//379 381//381
f 380//380 381//381 366//366
f 382//382 383//383 368//368
f 368//368 383//383 384//384
f 368//368 384//384 369//369
f 369//369 384//384 385//385
f 369//369 385//385 386//386
f 386//386 385//385 387//387
f 386//386 387//387 388//388
f 388//388 387//387 389//389
f 388//388 389//389 390//390
f 390//390 389//389 391//391
f 390//390 391//391 392//392
f 392//392 391//391 393//393
f 392//392 393//393 394//394
f 394//394 393//393 381//381
f 394//394 381//381 379//379
f 395//395 396//396 382//382
f 382//382 396//396 397//397
f 382//382 397//397 398//398
f 398//398 397//397 399//399
f 398//398 399//399 400//400
f 400//400 399//399 401//401
f 400//400 401//401 402//402
f 402//402 401//401 403//403
f 402//402 403//403 404//404
f 404//404 403//403 405//405
f 404//404 405//405 406//406
f 406//406 405//405 407//407
f 406//406 407//407 408//408
f 408//408 407//407 409//409
f 408//408 409//409 410//410
f 410//410 409//409 411//411
f 410//410 411//411 412//412
f 412//412 411//411 391//391
f 412//412 391//391 389//389
f 395//395 413//413 396//396
f 396//396 413//413 414//414
f 396//396 414//414 415//415
f 415//415 416//416 396//396
f 396//396 416//416 417//417
f 396//396 417//417 418//418
f 418//418 417//417 419//419
f 418//418 419//419 420//420
f 420//420 419//419 421//421
f 420//420 421//421 422//422
f 422//422 421//421 423//423
f 422//422 423//423 424//424
f 424//424 423//423 425//425
f 424//424 425//425 426//426
f 426//426 425//425 427//427
f 426//426 427//427 428//428
f 428//428 427//427 429//429
f 428//428 429//429 430//430
f 430//430 429//429 431//431
f 431//431 429//429 432//432
f 431//431 432//432 433//433
f 433//433 432//432 434//434
f 434//434 432//432 435//435
f 435//435 432//432 436//436
f 435//435 436//436 437//437
f 437//437 436//436 427//427
f 437//437 427//427 425//425
f 417//417 416//416 438//438
f 438//438 416//416 439//439
f 438//438 439//439 440//440
f 440//440 439//439 441//441
f 440//440 441//441 442//442
f 442//442 441//441 443//443
f 442//442 443//443 444//444
f 444//444 443//443 445//445
f 444//444 445//445 446//446
f 446//446 445//445 447//447
f 446//446 447//447 435//435
f 439//439 448//448 441//441
f 441//441 448//448 449//449
f 441//441 449//449 443//443
f 443//443 449//449 450//450
f 443//443 450//450 445//445
f 445//445 450//450 447//447
f 449//449 448//448 451//451
f 451//451 448//448 452//452
f 451//451 452//452 447//447
f 430//430 453//453 428//428
f 428//428 453//453 454//454
f 428//428 454//454 426//426
f 426//426 454//454 455//455
f 426//426 455//455 424//424
f 424//424 455//455 456//456
f 424//424 456//456 422//422
f 422//422 456//456 457//457
f 422//422 457//457 420//420
f 420//420 457//457 458//458
f 420//420 458//458 418//418
f 418//418 458//458 397//397
f 418//418 397//397 396//396
f 453//453 459//459 454//454
f 454//454 459//459 460//460
f 454//454 460//460 455//455
f 455//455 460//460 461//461
f 455//455 461//461 456//456
f 456//456 461//461 462//462
f 456//456 462//462 457//457
f 457//457 462//462 463//463
f 457//457 463//463 458//458
f 458//458 463//463 399//399
f 458//458 399//399 397//397
f 459//459 464//464 460//460
f 460//460 464//464 465//465
f 460//460 465//465 461//461
f 461//461 465//465 466//466
f 461//461 466//466 462//462
f 462//462 466//466 467//467
f 462//462 467//467 463//463
f 463//463 467//467 401//401
f 463//463 401//401 399//399
f 464//464 468//468 465//465
f 465//465 468//468 469//469
f 465//465 469//469 466//466
f 466//466 469//469 470//470
f 466//466 470//470 467//467
f 467//467 470//470 403//403
f 467//467 403//403 401//401
f 468//468 409//409 469//469
f 469//469 409//409 471//471
f 469//469 471//471 470//470
f 470//470 471//471 405//405
f 470//470 405//405 403//403
f 409//409 381//381 411//411
f 411//411 381//381 393//393
f 411//411 393//393 391//391
f 366//366 138//138 350//350
f 472//472 473//473 138//138
f 138//138 473//473 474//474
f 138//138 474//474 475//475
f 475//475 474//474 476//476
f 475//475 476//476 142//142
f 142//142 476//476 144//144
f 477//477 478//478 472//472
f 472//472 478//478 479//479
f 472//472 479//479 473//473
f 473//473 479//479 480//480
f 473//473 480//480 481//481
f 481//481 480//480 482//482
f 481//481 482//482 483//483
f 483//483 482//482 484//484
f 483//483 484//484 146//146
f 146//146 484//484 148//148
f 485//485 486//486 477//477
f 477//477 486//486 487//487
f 477//477 487//487 478//478
f 478//478 487//487 488//488
f 478//478 488//488 489//489
f 489//489 488//488 490//490
f 489//489 490//490 491//491
f 491//491 490//490 492//492
f 491//491 492//492 493//493
f 493//493 492//492 494//494
f 493//493 494//494 495//495
f 495//495 494//494 496//496
f 495//495 496//496 150//150
f 150//150 496//496 152//152
f 173//173 171//171 485//485
f 485//485 171//171 497//497
f 485//485 497//497 486//486
f 486//486 497//497 498//498
f 486//486 498//498 499//499
f 499//499 498//498 500//500
f 499//499 500//500 501//501
f 501//501 500//500 502//502
f 501//501 502//502 503//503
f 503//503 502//502 504//504
f 503//503 504//504 505//505
f 505//505 504//504 506//506
f 505//505 506//506 507//507
f 507//507 506//506 156//156
f 507//507 156//156 154//154
f 179//179 177//177 508//508
f 508//508 177//177 509//509
f 508//508 509//509 510//510
f 510//510 509//509 511//511
f 510//510 511//511 512//512
f 512//512 511//511 513//513
f 512//512 513//513 514//514
f 514//514 513//513 515//515
f 514//514 515//515 516//516
f 516//516 515//515 517//517
f 516//516 517//517 518//518
f 518//518 517//517 519//519
f 518//518 519//519 520//520
f 520//520 519//519 198//198
f 520//520 198//198 196//196
f 521//521 522//522 509//509
f 509//509 522//522 523//523
f 509//509 523//523 511//511
f 511//511 523//523 513//513
f 210//210 208//208 521//521
f 521//521 208//208 524//524
f 521//521 524//524 525//525
f 525//525 524//524 526//526
f 525//525 526//526 527//527
f 527//527 526//526 528//528
f 527//527 528//528 529//529
f 529//529 528//528 530//530
f 529//529 530//530 517//517
f 517//517 530//530 519//519
f 531//531 532//532 210//210
f 210//210 532//532 533//533
f 210//210 533//533 534//534
f 534//534 533//533 535//535
f 534//534 535//535 214//214
f 214//214 535//535 216//216
f 240//240 536//536 531//531
f 531//531 536//536 537//537
f 531//531 537//537 538//538
f 538//538 537//537 539//539
f 538//538 539//539 540//540
f 540//540 539//539 541//541
f 540//540 541//541 542//542
f 542//542 541//541 543//543
f 542//542 543//543 544//544
f 544//544 543//543 545//545
f 544//544 545//545 220//220
f 220//220 545//545 222//222
f 244//244 242//242 546//546
f 546//546 242//242 547//547
f 546//546 547//547 548//548
f 548//548 547//547 549//549
f 548//548 549//549 550//550
f 550//550 549//549 551//551
f 550//550 551//551 552//552
f 552//552 551//551 553//553
f 552//552 553//553 554//554
f 554//554 553//553 555//555
f 554//554 555//555 556//556
f 556//556 555//555 263//263
f 556//556 263//263 261//261
f 273//273 557//557 547//547
f 547//547 557//557 558//558
f 547//547 558//558 549//549
f 549//549 558//558 551//551
f 559//559 560//560 275//275
f 275//275 560//560 561//561
f 275//275 561//561 562//562
f 562//562 561//561 563//563
f 562//562 563//563 279//279
f 279//279 563//563 281//281
f 306//306 564//564 559//559
f 559//559 564//564 565//565
f 559//559 565//565 560//560
f 560//560 565//565 566//566
f 560//560 566//566 567//567
f 567//567 566//566 568//568
f 567//567 568//568 569//569
f 569//569 568//568 570//570
f 569//569 570//570 283//283
f 283//283 570//570 285//285
f 571//571 572//572 306//306
f 306//306 572//572 573//573
f 306//306 573//573 308//308
f 308//308 573//573 310//310
f 574//574 575//575 571//571
f 571//571 575//575 576//576
f 571//571 576//576 577//577
f 577//577 576//576 578//578
f 577//577 578//578 579//579
f 579//579 578//578 580//580
f 579//579 580//580 581//581
f 581//581 580//580 582//582
f 581//581 582//582 314//314
f 314//314 582//582 316//316
f 583//583 584//584 574//574
f 574//574 584//584 585//585
f 574//574 585//585 586//586
f 586//586 585//585 587//587
f 586//586 587//587 588//588
f 589//589 590//590 583//583
f 583//583 590//590 591//591
f 583//583 591//591 592//592
f 592//592 591//591 593//593
f 592//592 593//593 594//594
f 594//594 593//593 595//595
f 594//594 595//595 596//596
f 596//596 595//595 597//597
f 596//596 597//597 583//583
f 583//583 597//597 598//598
f 583//583 598//598 584//584
f 584//584 598//598 599//599
f 584//584 599//599 587//587
f 600//600 601//601 589//589
f 589//589 601//601 602//602
f 589//589 602//602 603//603
f 603//603 602//602 604//604
f 603//603 604//604 605//605
f 605//605 604//604 606//606
f 605//605 606//606 589//589
f 589//589 606//606 590//590
f 607//607 608//608 600//600
f 600//600 608//608 609//609
f 600//600 609//609 610//610
f 610//610 609//609 611//611
f 610//610 611//611 604//604
f 604//604 611//611 612//612
f 612//612 611//611 613//613
f 612//612 613//613 614//614
f 614//614 613//613 615//615
f 614//614 615//615 616//616
f 616//616 615//615 617//617
f 616//616 617//617 618//618
f 618//618 617//617 619//619
f 618//618 619//619 620//620
f 620//620 619//619 621//621
f 620//620 621//621 622//622
f 622//622 621//621 623//623
f 622//622 623//623 624//624
f 624//624 623//623 625//625
f 624//624 625//625 626//626
f 626//626 625//625 627//627
f 626//626 627//627 628//628
f 628//628 627//627 629//629
f 628//628 629//629 630//630
f 630//630 629//629 631//631
f 630//630 631//631 632//632
f 632//632 631//631 633//633
f 632//632 633//633 634//634
f 634//634 633//633 635//635
f 634//634 635//635 636//636
f 636//636 635//635 637//637
f 636//636 637//637 638//638
f 638//638 637//637 639//639
f 638//638 639//639 640//640
f 640//640 639//639 641//641
f 640//640 641//641 642//642
f 642//642 641//641 643//643
f 642//642 643//643 644//644
f 645//645 646//646 607//607
f 607//607 646//646 647//647
f 607//607 647//647 608//608
f 608//608 647//647 648//648
f 608//608 648//648 613//613
f 613//613 648//648 615//615
f 649//649 650//650 645//645
f 645//645 650//650 651//651
f 645//645 651//651 646//646
f 646//646 651//651 652//652
f 646//646 652//652 653//653
f 653//653 652//652 654//654
f 653//653 654//654 655//655
f 655//655 654//654 656//656
f 655//655 656//656 617//617
f 617//617 656//656 619//619
f 643//643 657//657 649//649
f 649//649 657//657 658//658
f 649//649 658//658 650//650
f 650//650 658//658 659//659
f 650//650 659//659 660//660
f 660//660 659//659 661//661
f 660//660 661//661 662//662
f 662//662 661//661 663//663
f 662//662 663//663 664//664
f 664//664 663//663 665//665
f 664//664 665//665 666//666
f 666//666 665//665 667//667
f 666//666 667//667 621//621
f 621//621 667//667 623//623
f 668//668 669//669 644//644
f 644//644 669//669 670//670
f 644//644 670//670 671//671
f 671//671 670//670 672//672
f 671//671 672//672 673//673
f 673//673 672//672 674//674
f 673//673 674//674 675//675
f 675//675 674//674 676//676
f 675//675 676//676 677//677
f 677//677 676//676 678//678
f 677//677 678//678 679//679
f 679//679 678//678 680//680
f 679//679 680//680 681//681
f 681//681 680//680 682//682
f 681//681 682//682 683//683
f 683//683 682//682 684//684
f 683//683 684//684 685//685
f 685//685 684//684 686//686
f 685//685 686//686 687//687
f 687//687 686//686 628//628
f 687//687 628//628 630//630
f 669//669 668//668 688//688
f 688//688 668//668 689//689
f 688//688 689//689 690//690
f 688//688 690//690 691//691
f 691//691 690//690 692//692
f 691//691 692//692 693//693
f 694//694 695//695 693//693
f 693//693 695//695 696//696
f 693//693 696//696 691//691
f 691//691 696//696 697//697
f 691//691 697//697 669//669
f 669//669 697//697 698//698
f 669//669 698//698 670//670
f 670//670 698//698 672//672
f 695//695 694//694 699//699
f 699//699 694//694 700//700
f 699//699 700//700 701//701
f 701//701 700//700 702//702
f 701//701 702//702 703//703
f 703//703 702//702 704//704
f 703//703 704//704 705//705
f 705//705 704//704 706//706
f 705//705 706//706 707//707
f 686//686 684//684 707//707
f 707//707 684//684 708//708
f 707//707 708//708 709//709
f 709//709 708//708 710//710
f 709//709 710//710 711//711
f 711//711 710//710 712//712
f 711//711 712//712 713//713
f 713//713 712//712 714//714
f 713//713 714//714 715//715
f 715//715 714//714 716//716
f 715//715 716//716 717//717
f 717//717 716//716 718//718
f 717//717 718//718 719//719
f 719//719 718//718 698//698
f 719//719 698//698 697//697
f 686//686 626//626 628//628
f 626//626 720//720 624//624
f 624//624 720//720 721//721
f 624//624 721//721 622//622
f 622//622 721//721 722//722
f 622//622 722//722 620//620
f 620//620 722//722 723//723
f 620//620 723//723 618//618
f 618//618 723//723 724//724
f 618//618 724//724 616//616
f 616//616 724//724 725//725
f 616//616 725//725 614//614
f 614//614 725//725 726//726
f 614//614 726//726 727//727
f 727//727 726//726 728//728
f 728//728 726//726 725//725
f 728//728 725//725 729//729
f 729//729 725//725 730//730
f 729//729 730//730 731//731
f 731//731 730//730 732//732
f 731//731 732//732 733//733
f 733//733 732//732 734//734
f 733//733 734//734 735//735
f 735//735 734//734 736//736
f 735//735 736//736 737//737
f 737//737 736//736 738//738
f 737//737 738//738 739//739
f 739//739 738//738 740//740
f 739//739 740//740 741//741
f 741//741 740//740 742//742
f 741//741 742//742 743//743
f 743//743 742//742 744//744
f 743//743 744//744 745//745
f 745//745 744//744 746//746
f 745//745 746//746 747//747
f 747//747 746//746 748//748
f 747//747 748//748 749//749
f 749//749 748//748 750//750
f 749//749 750//750 751//751
f 751//751 750//750 752//752
f 751//751 752//752 753//753
f 753//753 752//752 754//754
f 753//753 754//754 755//755
f 755//755 754//754 756//756
f 755//755 756//756 757//757
f 757//757 756//756 758//758
f 757//757 758//758 759//759
f 759//759 758//758 760//760
f 759//759 760//760 761//761
f 761//761 760//760 762//762
f 761//761 762//762 763//763
f 763//763 762//762 764//764
f 763//763 764//764 765//765
f 765//765 764//764 766//766
f 765//765 766//766 767//767
f 767//767 766//766 768//768
f 767//767 768//768 769//769
f 769//769 768//768 770//770
f 769//769 770//770 771//771
f 771//771 770//770 772//772
f 771//771 772//772 336//336
f 336//336 772//772 334//334
f 738//738 773//773 720//720
f 720//720 773//773 774//774
f 720//720 774//774 721//721
f 721//721 774//774 722//722
f 738//738 775//775 740//740
f 740//740 775//775 776//776
f 740//740 776//776 742//742
f 742//742 776//776 777//777
f 742//742 777//777 744//744
f 744//744 777//777 778//778
f 744//744 778//778 746//746
f 746//746 778//778 748//748
f 758//758 779//779 775//775
f 775//775 779//779 780//780
f 775//775 780//780 781//781
f 781//781 780//780 782//782
f 781//781 782//782 777//777
f 777//777 782//782 778//778
f 760//760 758//758 783//783
f 783//783 758//758 784//784
f 783//783 784//784 785//785
f 785//785 784//784 786//786
f 785//785 786//786 787//787
f 787//787 786//786 788//788
f 787//787 788//788 789//789
f 789//789 788//788 790//790
f 789//789 790//790 791//791
f 791//791 790//790 792//792
f 791//791 792//792 772//772
f 772//772 792//792 334//334
f 324//324 326//326 784//784
f 784//784 326//326 793//793
f 784//784 793//793 794//794
f 794//794 793//793 795//795
f 794//794 795//795 796//796
f 796//796 795//795 797//797
f 796//796 797//797 790//790
f 790//790 797//797 792//792
f 798//798 799//799 321//321
f 321//321 799//799 800//800
f 321//321 800//800 319//319
f 319//319 800//800 317//317
f 801//801 802//802 798//798
f 798//798 802//802 803//803
f 798//798 803//803 799//799
f 799//799 803//803 804//804
f 799//799 804//804 805//805
f 805//805 804//804 806//806
f 805//805 806//806 315//315
f 315//315 806//806 313//313
f 807//807 808//808 801//801
f 801//801 808//808 809//809
f 801//801 809//809 802//802
f 802//802 809//809 810//810
f 802//802 810//810 811//811
f 811//811 810//810 812//812
f 811//811 812//812 813//813
f 813//813 812//812 814//814
f 813//813 814//814 815//815
f 815//815 814//814 816//816
f 815//815 816//816 311//311
f 311//311 816//816 309//309
f 807//807 817//817 808//808
f 808//808 817//817 293//293
f 808//808 293//293 295//295
f 817//817 291//291 293//293
f 818//818 819//819 290//290
f 290//290 819//819 820//820
f 290//290 820//820 288//288
f 288//288 820//820 286//286
f 258//258 821//821 818//818
f 818//818 821//821 822//822
f 818//818 822//822 823//823
f 823//823 822//822 824//824
f 823//823 824//824 825//825
f 825//825 824//824 826//826
f 825//825 826//826 827//827
f 827//827 826//826 828//828
f 827//827 828//828 829//829
f 829//829 828//828 830//830
f 829//829 830//830 280//280
f 280//280 830//830 278//278
f 831//831 832//832 257//257
f 257//257 832//832 833//833
f 257//257 833//833 255//255
f 255//255 833//833 253//253
f 834//834 835//835 831//831
f 831//831 835//835 836//836
f 831//831 836//836 832//832
f 832//832 836//836 837//837
f 832//832 837//837 838//838
f 838//838 837//837 839//839
f 838//838 839//839 251//251
f 251//251 839//839 249//249
f 840//840 841//841 834//834
f 834//834 841//841 842//842
f 834//834 842//842 843//843
f 843//843 842//842 844//844
f 843//843 844//844 845//845
f 845//845 844//844 846//846
f 845//845 846//846 847//847
f 847//847 846//846 848//848
f 847//847 848//848 849//849
f 849//849 848//848 850//850
f 849//849 850//850 851//851
f 851//851 850//850 852//852
f 851//851 852//852 245//245
f 245//245 852//852 243//243
f 841//841 840//840 227//227
f 227//227 840//840 225//225
f 225//225 853//853 223//223
f 223//223 853//853 854//854
f 223//223 854//854 221//221
f 221//221 854//854 855//855
f 221//221 855//855 219//219
f 219//219 855//855 856//856
f 219//219 856//856 217//217
f 217//217 856//856 857//857
f 217//217 857//857 215//215
f 215//215 857//857 858//858
f 215//215 858//858 213//213
f 213//213 858//858 859//859
f 213//213 859//859 211//211
f 211//211 859//859 209//209
f 860//860 861//861 853//853
f 853//853 861//861 862//862
f 853//853 862//862 863//863
f 863//863 862//862 864//864
f 863//863 864//864 855//855
f 855//855 864//864 856//856
f 195//195 197//197 860//860
f 860//860 197//197 865//865
f 860//860 865//865 866//866
f 866//866 865//865 867//867
f 866//866 867//867 868//868
f 868//868 867//867 869//869
f 868//868 869//869 870//870
f 870//870 869//869 871//871
f 870//870 871//871 872//872
f 872//872 871//871 873//873
f 872//872 873//873 858//858
f 858//858 873//873 859//859
f 192//192 874//874 190//190
f 190//190 874//874 875//875
f 190//190 875//875 188//188
f 188//188 875//875 876//876
f 188//188 876//876 186//186
f 186//186 876//876 877//877
f 186//186 877//877 184//184
f 184//184 877//877 878//878
f 184//184 878//878 182//182
f 182//182 878//878 879//879
f 182//182 879//879 180//180
f 180//180 879//879 880//880
f 180//180 880//880 178//178
f 178//178 880//880 176//176
f 875//875 874//874 881//881
f 881//881 874//874 882//882
f 881//881 882//882 883//883
f 883//883 882//882 884//884
f 883//883 884//884 885//885
f 885//885 884//884 886//886
f 885//885 886//886 887//887
f 887//887 886//886 888//888
f 887//887 888//888 889//889
f 889//889 888//888 890//890
f 889//889 890//890 891//891
f 891//891 890//890 892//892
f 891//891 892//892 893//893
f 893//893 892//892 170//170
f 893//893 170//170 172//172
f 882//882 894//894 884//884
f 884//884 894//894 886//886
f 886//886 894//894 895//895
f 895//895 894//894 896//896
f 895//895 896//896 897//897
f 897//897 896//896 898//898
f 897//897 898//898 899//899
f 899//899 898//898 900//900
f 899//899 900//900 901//901
f 901//901 900//900 162//162
f 901//901 162//162 164//164
f 898//898 902//902 900//900
f 900//900 902//902 160//160
f 900//900 160//160 162//162
f 902//902 158//158 160//160
f 153//153 903//903 151//151
f 151//151 903//903 904//904
f 151//151 904//904 905//905
f 905//905 904//904 906//906
f 905//905 906//906 907//907
f 907//907 906//906 908//908
f 907//907 908//908 909//909
f 909//909 908//908 910//910
f 909//909 910//910 911//911
f 911//911 910//910 912//912
f 911//911 912//912 913//913
f 913//913 912//912 914//914
f 913//913 914//914 915//915
f 915//915 914//914 135//135
f 915//915 135//135 137//137
f 904//904 916//916 906//906
f 906//906 916//916 917//917
f 906//906 917//917 908//908
f 908//908 917//917 918//918
f 908//908 918//918 910//910
f 910//910 918//918 919//919
f 910//910 919//919 912//912
f 912//912 919//919 920//920
f 912//912 920//920 914//914
f 914//914 920//920 133//133
f 914//914 133//133 135//135
f 916//916 921//921 917//917
f 917//917 921//921 922//922
f 917//917 922//922 918//918
f 918//918 922//922 923//923
f 918//918 923//923 919//919
f 919//919 923//923 924//924
f 919//919 924//924 920//920
f 920//920 924//924 131//131
f 920//920 131//131 133//133
f 921//921 925//925 922//922
f 922//922 925//925 926//926
f 922//922 926//926 923//923
f 923//923 926//926 927//927
f 923//923 927//927 924//924
f 924//924 927//927 129//129
f 924//924 129//129 131//131
f 925//925 125//125 926//926
f 926//926 125//125 927//927
f 928//928 929//929 588//588
f 588//588 929//929 930//930
f 588//588 930//930 586//586
f 586//586 930//930 574//574
f 929//929 928//928 931//931
f 931//931 928//928 932//932
f 931//931 932//932 933//933
f 931//931 933//933 335//335
f 335//335 933//933 337//337
f 338//338 771//771 336//336
f 769//769 934//934 767//767
f 767//767 934//934 935//935
f 767//767 935//935 765//765
f 765//765 935//935 936//936
f 765//765 936//936 763//763
f 763//763 936//936 937//937
f 763//763 937//937 761//761
f 761//761 937//937 938//938
f 761//761 938//938 759//759
f 759//759 938//938 757//757
f 934//934 939//939 935//935
f 935//935 939//939 940//940
f 935//935 940//940 936//936
f 936//936 940//940 941//941
f 936//936 941//941 937//937
f 937//937 941//941 942//942
f 937//937 942//942 938//938
f 938//938 942//942 755//755
f 938//938 755//755 757//757
f 940//940 939//939 943//943
f 943//943 939//939 944//944
f 943//943 944//944 945//945
f 945//945 944//944 749//749
f 945//945 749//749 751//751
f 747//747 946//946 745//745
f 745//745 946//946 947//947
f 745//745 947//947 743//743
f 743//743 947//947 948//948
f 743//743 948//948 741//741
f 741//741 948//948 949//949
f 741//741 949//949 739//739
f 739//739 949//949 737//737
f 947//947 946//946 950//950
f 950//950 946//946 951//951
f 950//950 951//951 952//952
f 952//952 951//951 953//953
f 952//952 953//953 954//954
f 954//954 953//953 728//728
f 954//954 728//728 729//729
f 727//727 955//955 614//614
f 614//614 955//955 612//612
f 604//604 593//593 606//606
f 606//606 593//593 590//590
f 595//595 599//599 597//597
f 597//597 599//599 598//598
f 449//449 451//451 450//450
f 450//450 451//451 447//447
f 435//435 437//437 446//446
f 446//446 437//437 956//956
f 446//446 956//956 444//444
f 444//444 956//956 957//957
f 444//444 957//957 442//442
f 442//442 957//957 958//958
f 442//442 958//958 440//440
f 440//440 958//958 438//438
f 417//417 438//438 419//419
f 419//419 438//438 958//958
f 419//419 958//958 421//421
f 421//421 958//958 957//957
f 421//421 957//957 423//423
f 423//423 957//957 956//956
f 423//423 956//956 425//425
f 425//425 956//956 437//437
f 383//383 382//382 959//959
f 959//959 382//382 398//398
f 959//959 398//398 400//400
f 383//383 959//959 960//960
f 960//960 959//959 400//400
f 960//960 400//400 402//402
f 384//384 383//383 961//961
f 961//961 383//383 960//960
f 961//961 960//960 962//962
f 962//962 960//960 402//402
f 962//962 402//402 404//404
f 371//371 370//370 386//386
f 386//386 370//370 369//369
f 340//340 339//339 355//355
f 356//356 354//354 372//372
f 372//372 354//354 353//353
f 355//355 357//357 340//340
f 340//340 357//357 963//963
f 340//340 963//963 341//341
f 341//341 963//963 342//342
f 927//927 125//125 127//127
f 128//128 126//126 343//343
f 343//343 126//126 124//124
f 129//129 927//927 127//127
f 151//151 905//905 149//149
f 149//149 905//905 907//907
f 149//149 907//907 147//147
f 147//147 907//907 909//909
f 147//147 909//909 145//145
f 145//145 909//909 911//911
f 145//145 911//911 143//143
f 143//143 911//911 913//913
f 143//143 913//913 141//141
f 141//141 913//913 915//915
f 141//141 915//915 139//139
f 139//139 915//915 137//137
f 154//154 152//152 496//496
f 495//495 150//150 148//148
f 154//154 496//496 507//507
f 507//507 496//496 494//494
f 507//507 494//494 505//505
f 505//505 494//494 492//492
f 505//505 492//492 503//503
f 503//503 492//492 490//490
f 503//503 490//490 501//501
f 501//501 490//490 488//488
f 501//501 488//488 499//499
f 499//499 488//488 487//487
f 499//499 487//487 486//486
f 159//159 156//156 506//506
f 159//159 506//506 161//161
f 161//161 506//506 504//504
f 161//161 504//504 163//163
f 163//163 504//504 502//502
f 163//163 502//502 165//165
f 165//165 502//502 500//500
f 165//165 500//500 167//167
f 167//167 500//500 498//498
f 167//167 498//498 169//169
f 169//169 498//498 497//497
f 169//169 497//497 171//171
f 897//897 899//899 964//964
f 964//964 899//899 901//901
f 964//964 901//901 965//965
f 965//965 901//901 164//164
f 965//965 164//164 166//166
f 895//895 897//897 966//966
f 966//966 897//897 964//964
f 966//966 964//964 967//967
f 967//967 964//964 965//965
f 967//967 965//965 968//968
f 968//968 965//965 166//166
f 968//968 166//166 168//168
f 888//888 886//886 966//966
f 966//966 886//886 895//895
f 888//888 966//966 967//967
f 881//881 883//883 969//969
f 969//969 883//883 885//885
f 969//969 885//885 970//970
f 970//970 885//885 887//887
f 970//970 887//887 971//971
f 971//971 887//887 889//889
f 971//971 889//889 972//972
f 972//972 889//889 891//891
f 972//972 891//891 973//973
f 973//973 891//891 893//893
f 973//973 893//893 174//174
f 174//174 893//893 172//172
f 875//875 881//881 876//876
f 876//876 881//881 969//969
f 876//876 969//969 877//877
f 877//877 969//969 970//970
f 877//877 970//970 878//878
f 878//878 970//970 971//971
f 878//878 971//971 879//879
f 879//879 971//971 972//972
f 879//879 972//972 880//880
f 880//880 972//972 973//973
f 880//880 973//973 176//176
f 176//176 973//973 174//174
f 194//194 191//191 974//974
f 974//974 191//191 189//189
f 974//974 189//189 975//975
f 975//975 189//189 187//187
f 975//975 187//187 976//976
f 976//976 187//187 185//185
f 976//976 185//185 977//977
f 977//977 185//185 183//183
f 977//977 183//183 978//978
f 978//978 183//183 181//181
f 978//978 181//181 508//508
f 508//508 181//181 179//179
f 196//196 194//194 520//520
f 520//520 194//194 974//974
f 520//520 974//974 518//518
f 518//518 974//974 975//975
f 518//518 975//975 516//516
f 516//516 975//975 976//976
f 516//516 976//976 514//514
f 514//514 976//976 977//977
f 514//514 977//977 512//512
f 512//512 977//977 978//978
f 512//512 978//978 510//510
f 510//510 978//978 508//508
f 865//865 197//197 199//199
f 200//200 198//198 519//519
f 865//865 199//199 867//867
f 867//867 199//199 201//201
f 867//867 201//201 869//869
f 869//869 201//201 203//203
f 869//869 203//203 871//871
f 871//871 203//203 205//205
f 871//871 205//205 873//873
f 873//873 205//205 207//207
f 873//873 207//207 859//859
f 859//859 207//207 209//209
f 862//862 861//861 979//979
f 979//979 861//861 868//868
f 979//979 868//868 870//870
f 862//862 979//979 864//864
f 864//864 979//979 980//980
f 864//864 980//980 856//856
f 856//856 980//980 857//857
f 980//980 979//979 870//870
f 863//863 855//855 854//854
f 226//226 224//224 981//981
f 981//981 224//224 222//222
f 981//981 222//222 545//545
f 226//226 981//981 228//228
f 228//228 981//981 982//982
f 228//228 982//982 230//230
f 230//230 982//982 983//983
f 230//230 983//983 232//232
f 232//232 983//983 984//984
f 232//232 984//984 234//234
f 234//234 984//984 985//985
f 234//234 985//985 236//236
f 236//236 985//985 536//536
f 236//236 536//536 238//238
f 238//238 536//536 240//240
f 982//982 981//981 545//545
f 841//841 227//227 229//229
f 842//842 841//841 986//986
f 986//986 841//841 229//229
f 986//986 229//229 231//231
f 842//842 986//986 844//844
f 844//844 986//986 987//987
f 844//844 987//987 846//846
f 846//846 987//987 988//988
f 846//846 988//988 848//848
f 848//848 988//988 989//989
f 848//848 989//989 850//850
f 850//850 989//989 990//990
f 850//850 990//990 852//852
f 852//852 990//990 241//241
f 852//852 241//241 243//243
f 987//987 986//986 231//231
f 836//836 835//835 991//991
f 991//991 835//835 845//845
f 991//991 845//845 847//847
f 836//836 991//991 837//837
f 837//837 991//991 992//992
f 837//837 992//992 839//839
f 839//839 992//992 993//993
f 839//839 993//993 249//249
f 249//249 993//993 247//247
f 992//992 991//991 847//847
f 833//833 832//832 838//838
f 251//251 253//253 838//838
f 838//838 253//253 833//833
f 259//259 256//256 994//994
f 994//994 256//256 254//254
f 994//994 254//254 995//995
f 995//995 254//254 252//252
f 995//995 252//252 996//996
f 996//996 252//252 250//250
f 996//996 250//250 997//997
f 997//997 250//250 248//248
f 997//997 248//248 998//998
f 998//998 248//248 246//246
f 998//998 246//246 546//546
f 546//546 246//246 244//244
f 556//556 261//261 994//994
f 994//994 261//261 259//259
f 556//556 994//994 995//995
f 822//822 821//821 999//999
f 999//999 821//821 262//262
f 999//999 262//262 264//264
f 822//822 999//999 824//824
f 824//824 999//999 1000//1000
f 824//824 1000//1000 826//826
f 826//826 1000//1000 1001//1001
f 826//826 1001//1001 828//828
f 828//828 1001//1001 1002//1002
f 828//828 1002//1002 830//830
f 830//830 1002//1002 1003//1003
f 830//830 1003//1003 278//278
f 278//278 1003//1003 276//276
f 1000//1000 999//999 264//264
f 825//825 1004//1004 1005//1005
f 1005//1005 1004//1004 819//819
f 1005//1005 819//819 818//818
f 820//820 819//819 1006//1006
f 1006//1006 819//819 1004//1004
f 1006//1006 1004//1004 1007//1007
f 1007//1007 1004//1004 827//827
f 1007//1007 827//827 829//829
f 1004//1004 825//825 827//827
f 284//284 286//286 1006//1006
f 1006//1006 286//286 820//820
f 284//284 1006//1006 1007//1007
f 292//292 289//289 1008//1008
f 1008//1008 289//289 287//287
f 1008//1008 287//287 1009//1009
f 1009//1009 287//287 285//285
f 1009//1009 285//285 570//570
f 292//292 1008//1008 294//294
f 294//294 1008//1008 1010//1010
f 294//294 1010//1010 296//296
f 296//296 1010//1010 1011//1011
f 296//296 1011//1011 298//298
f 298//298 1011//1011 1012//1012
f 298//298 1012//1012 300//300
f 300//300 1012//1012 1013//1013
f 300//300 1013//1013 302//302
f 302//302 1013//1013 1014//1014
f 302//302 1014//1014 304//304
f 304//304 1014//1014 306//306
f 1010//1010 1008//1008 1009//1009
f 809//809 808//808 1015//1015
f 1015//1015 808//808 295//295
f 1015//1015 295//295 297//297
f 809//809 1015//1015 810//810
f 810//810 1015//1015 1016//1016
f 810//810 1016//1016 812//812
f 812//812 1016//1016 1017//1017
f 812//812 1017//1017 814//814
f 814//814 1017//1017 1018//1018
f 814//814 1018//1018 816//816
f 816//816 1018//1018 1019//1019
f 816//816 1019//1019 309//309
f 309//309 1019//1019 307//307
f 1016//1016 1015//1015 297//297
f 803//803 802//802 811//811
f 803//803 811//811 804//804
f 804//804 811//811 813//813
f 804//804 813//813 806//806
f 806//806 813//813 815//815
f 806//806 815//815 313//313
f 313//313 815//815 311//311
f 800//800 799//799 805//805
f 315//315 317//317 805//805
f 805//805 317//317 800//800
f 323//323 320//320 1020//1020
f 1020//1020 320//320 318//318
f 1020//1020 318//318 1021//1021
f 1021//1021 318//318 316//316
f 1021//1021 316//316 582//582
f 325//325 323//323 1022//1022
f 1022//1022 323//323 1020//1020
f 1022//1022 1020//1020 1023//1023
f 1023//1023 1020//1020 1021//1021
f 1023//1023 1021//1021 1024//1024
f 1024//1024 1021//1021 582//582
f 1024//1024 582//582 580//580
f 325//325 1022//1022 327//327
f 327//327 1022//1022 1025//1025
f 327//327 1025//1025 329//329
f 329//329 1025//1025 1026//1026
f 329//329 1026//1026 331//331
f 331//331 1026//1026 1027//1027
f 331//331 1027//1027 333//333
f 333//333 1027//1027 1028//1028
f 333//333 1028//1028 335//335
f 335//335 1028//1028 931//931
f 1025//1025 1022//1022 1023//1023
f 793//793 326//326 328//328
f 793//793 328//328 795//795
f 795//795 328//328 330//330
f 795//795 330//330 797//797
f 797//797 330//330 332//332
f 797//797 332//332 792//792
f 792//792 332//332 334//334
f 796//796 788//788 1029//1029
f 1029//1029 788//788 786//786
f 1029//1029 786//786 784//784
f 788//788 796//796 790//790
f 783//783 785//785 1030//1030
f 1030//1030 785//785 787//787
f 1030//1030 787//787 1031//1031
f 1031//1031 787//787 789//789
f 1031//1031 789//789 1032//1032
f 1032//1032 789//789 791//791
f 1032//1032 791//791 770//770
f 770//770 791//791 772//772
f 760//760 783//783 762//762
f 762//762 783//783 1030//1030
f 762//762 1030//1030 764//764
f 764//764 1030//1030 1031//1031
f 764//764 1031//1031 766//766
f 766//766 1031//1031 1032//1032
f 766//766 1032//1032 768//768
f 768//768 1032//1032 770//770
f 753//753 755//755 942//942
f 780//780 779//779 1033//1033
f 1033//1033 779//779 754//754
f 1033//1033 754//754 752//752
f 780//780 1033//1033 782//782
f 782//782 1033//1033 1034//1034
f 782//782 1034//1034 778//778
f 778//778 1034//1034 748//748
f 1034//1034 1033//1033 752//752
f 781//781 777//777 776//776
f 737//737 949//949 735//735
f 735//735 949//949 1035//1035
f 735//735 1035//1035 733//733
f 733//733 1035//1035 1036//1036
f 733//733 1036//1036 731//731
f 731//731 1036//1036 954//954
f 731//731 954//954 729//729
f 1035//1035 949//949 948//948
f 734//734 1037//1037 1038//1038
f 1038//1038 1037//1037 773//773
f 1038//1038 773//773 738//738
f 774//774 773//773 1039//1039
f 1039//1039 773//773 1037//1037
f 1039//1039 1037//1037 1040//1040
f 1040//1040 1037//1037 732//732
f 1040//1040 732//732 730//730
f 1037//1037 734//734 732//732
f 723//723 722//722 1039//1039
f 1039//1039 722//722 774//774
f 723//723 1039//1039 1040//1040
f 627//627 625//625 1041//1041
f 1041//1041 625//625 623//623
f 1041//1041 623//623 667//667
f 627//627 1041//1041 629//629
f 629//629 1041//1041 1042//1042
f 629//629 1042//1042 631//631
f 631//631 1042//1042 1043//1043
f 631//631 1043//1043 633//633
f 633//633 1043//1043 1044//1044
f 633//633 1044//1044 635//635
f 635//635 1044//1044 1045//1045
f 635//635 1045//1045 637//637
f 637//637 1045//1045 1046//1046
f 637//637 1046//1046 639//639
f 639//639 1046//1046 657//657
f 639//639 657//657 641//641
f 641//641 657//657 643//643
f 1042//1042 1041//1041 667//667
f 685//685 687//687 1047//1047
f 1047//1047 687//687 630//630
f 1047//1047 630//630 632//632
f 685//685 1047//1047 683//683
f 683//683 1047//1047 1048//1048
f 683//683 1048//1048 681//681
f 681//681 1048//1048 1049//1049
f 681//681 1049//1049 679//679
f 679//679 1049//1049 1050//1050
f 679//679 1050//1050 677//677
f 677//677 1050//1050 1051//1051
f 677//677 1051//1051 675//675
f 675//675 1051//1051 1052//1052
f 675//675 1052//1052 673//673
f 673//673 1052//1052 1053//1053
f 673//673 1053//1053 671//671
f 671//671 1053//1053 644//644
f 1048//1048 1047//1047 632//632
f 708//708 684//684 682//682
f 708//708 682//682 710//710
f 710//710 682//682 680//680
f 710//710 680//680 712//712
f 712//712 680//680 678//678
f 712//712 678//678 714//714
f 714//714 678//678 676//676
f 714//714 676//676 716//716
f 716//716 676//676 674//674
f 716//716 674//674 718//718
f 718//718 674//674 672//672
f 718//718 672//672 698//698
f 711//711 1054//1054 1055//1055
f 1055//1055 1054//1054 1056//1056
f 1055//1055 1056//1056 707//707
f 707//707 1056//1056 705//705
f 705//705 1056//1056 1057//1057
f 1057//1057 1056//1056 1054//1054
f 1057//1057 1054//1054 1058//1058
f 1058//1058 1054//1054 713//713
f 1058//1058 713//713 715//715
f 1054//1054 711//711 713//713
f 705//705 1057//1057 703//703
f 703//703 1057//1057 1059//1059
f 703//703 1059//1059 701//701
f 701//701 1059//1059 1060//1060
f 701//701 1060//1060 699//699
f 699//699 1060//1060 695//695
f 1059//1059 1057//1057 1058//1058
f 707//707 709//709 1055//1055
f 1055//1055 709//709 711//711
f 738//738 736//736 1038//1038
f 1038//1038 736//736 734//734
f 775//775 781//781 776//776
f 758//758 756//756 779//779
f 779//779 756//756 754//754
f 784//784 794//794 1029//1029
f 1029//1029 794//794 796//796
f 818//818 823//823 1005//1005
f 1005//1005 823//823 825//825
f 258//258 260//260 821//821
f 821//821 260//260 262//262
f 834//834 843//843 835//835
f 835//835 843//843 845//845
f 853//853 863//863 854//854
f 860//860 866//866 861//861
f 861//861 866//866 868//868
f 384//384 961//961 385//385
f 385//385 961//961 1061//1061
f 385//385 1061//1061 387//387
f 387//387 1061//1061 1062//1062
f 387//387 1062//1062 389//389
f 389//389 1062//1062 412//412
f 1061//1061 961//961 962//962
f 373//373 371//371 388//388
f 388//388 371//371 386//386
f 358//358 356//356 374//374
f 374//374 356//356 372//372
f 357//357 359//359 963//963
f 963//963 359//359 1063//1063
f 963//963 1063//1063 342//342
f 342//342 1063//1063 344//344
f 130//130 128//128 345//345
f 345//345 128//128 343//343
f 493//493 495//495 484//484
f 484//484 495//495 148//148
f 890//890 888//888 967//967
f 890//890 967//967 968//968
f 202//202 200//200 530//530
f 530//530 200//200 519//519
f 857//857 980//980 872//872
f 872//872 980//980 870//870
f 544//544 220//220 218//218
f 983//983 982//982 543//543
f 543//543 982//982 545//545
f 988//988 987//987 233//233
f 233//233 987//987 231//231
f 993//993 992//992 849//849
f 849//849 992//992 847//847
f 554//554 556//556 995//995
f 554//554 995//995 996//996
f 265//265 263//263 555//555
f 1001//1001 1000//1000 266//266
f 266//266 1000//1000 264//264
f 282//282 284//284 1007//1007
f 282//282 1007//1007 829//829
f 1010//1010 1009//1009 1064//1064
f 1064//1064 1009//1009 570//570
f 1064//1064 570//570 568//568
f 1017//1017 1016//1016 299//299
f 299//299 1016//1016 297//297
f 1025//1025 1023//1023 1065//1065
f 1065//1065 1023//1023 1024//1024
f 1065//1065 1024//1024 1066//1066
f 1066//1066 1024//1024 580//580
f 1066//1066 580//580 578//578
f 753//753 942//942 1067//1067
f 1067//1067 942//942 941//941
f 1067//1067 941//941 943//943
f 943//943 941//941 940//940
f 748//748 1034//1034 750//750
f 750//750 1034//1034 752//752
f 1035//1035 948//948 1068//1068
f 1068//1068 948//948 947//947
f 1068//1068 947//947 950//950
f 724//724 723//723 1040//1040
f 724//724 1040//1040 730//730
f 666//666 621//621 619//619
f 1043//1043 1042//1042 665//665
f 665//665 1042//1042 667//667
f 1049//1049 1048//1048 634//634
f 634//634 1048//1048 632//632
f 1059//1059 1058//1058 1069//1069
f 1069//1069 1058//1058 715//715
f 1069//1069 715//715 717//717
f 429//429 427//427 436//436
f 432//432 429//429 436//436
f 407//407 405//405 471//471
f 406//406 1070//1070 1071//1071
f 1071//1071 1070//1070 1062//1062
f 1071//1071 1062//1062 1061//1061
f 410//410 412//412 1070//1070
f 1070//1070 412//412 1062//1062
f 410//410 1070//1070 408//408
f 408//408 1070//1070 406//406
f 390//390 392//392 375//375
f 375//375 392//392 377//377
f 379//379 377//377 394//394
f 394//394 377//377 392//392
f 376//376 378//378 360//360
f 360//360 378//378 362//362
f 364//364 362//362 380//380
f 380//380 362//362 378//378
f 363//363 1072//1072 1073//1073
f 1073//1073 1072//1072 346//346
f 1073//1073 346//346 344//344
f 367//367 348//348 1072//1072
f 1072//1072 348//348 346//346
f 367//367 1072//1072 365//365
f 365//365 1072//1072 363//363
f 347//347 349//349 132//132
f 132//132 349//349 134//134
f 136//136 134//134 351//351
f 351//351 134//134 349//349
f 475//475 142//142 140//140
f 144//144 476//476 483//483
f 483//483 476//476 481//481
f 473//473 481//481 474//474
f 474//474 481//481 476//476
f 482//482 480//480 491//491
f 491//491 480//480 489//489
f 478//478 489//489 479//479
f 479//479 489//489 480//480
f 168//168 170//170 892//892
f 513//513 1074//1074 515//515
f 515//515 1074//1074 529//529
f 515//515 529//529 517//517
f 529//529 1074//1074 527//527
f 527//527 1074//1074 522//522
f 527//527 522//522 525//525
f 525//525 522//522 521//521
f 522//522 1074//1074 523//523
f 523//523 1074//1074 513//513
f 528//528 526//526 204//204
f 204//204 526//526 206//206
f 208//208 206//206 524//524
f 524//524 206//206 526//526
f 534//534 214//214 212//212
f 535//535 1075//1075 1076//1076
f 1076//1076 1075//1075 542//542
f 1076//1076 542//542 544//544
f 542//542 1075//1075 540//540
f 540//540 1075//1075 532//532
f 540//540 532//532 538//538
f 538//538 532//532 531//531
f 532//532 1075//1075 533//533
f 533//533 1075//1075 535//535
f 541//541 539//539 984//984
f 984//984 539//539 985//985
f 536//536 985//985 537//537
f 537//537 985//985 539//539
f 235//235 237//237 989//989
f 989//989 237//237 990//990
f 241//241 990//990 239//239
f 239//239 990//990 237//237
f 851//851 245//245 247//247
f 998//998 550//550 997//997
f 997//997 550//550 552//552
f 997//997 552//552 996//996
f 996//996 552//552 554//554
f 546//546 548//548 998//998
f 998//998 548//548 550//550
f 551//551 1077//1077 553//553
f 553//553 1077//1077 1078//1078
f 553//553 1078//1078 555//555
f 555//555 1078//1078 265//265
f 1077//1077 1079//1079 1078//1078
f 1078//1078 1079//1079 267//267
f 1078//1078 267//267 265//265
f 551//551 558//558 1077//1077
f 1077//1077 558//558 557//557
f 1077//1077 557//557 1079//1079
f 1079//1079 557//557 1080//1080
f 1079//1079 1080//1080 269//269
f 269//269 1080//1080 271//271
f 1079//1079 269//269 267//267
f 270//270 1081//1081 1082//1082
f 1082//1082 1081//1081 1002//1002
f 1082//1082 1002//1002 1001//1001
f 1002//1002 1081//1081 1003//1003
f 1003//1003 1081//1081 274//274
f 1003//1003 274//274 276//276
f 274//274 1081//1081 272//272
f 272//272 1081//1081 270//270
f 562//562 279//279 277//277
f 281//281 563//563 569//569
f 569//569 563//563 567//567
f 560//560 567//567 561//561
f 561//561 567//567 563//563
f 566//566 1083//1083 1084//1084
f 1084//1084 1083//1083 1012//1012
f 1084//1084 1012//1012 1011//1011
f 1012//1012 1083//1083 1013//1013
f 1013//1013 1083//1083 564//564
f 1013//1013 564//564 1014//1014
f 1014//1014 564//564 306//306
f 564//564 1083//1083 565//565
f 565//565 1083//1083 566//566
f 301//301 303//303 1018//1018
f 1018//1018 303//303 1019//1019
f 307//307 1019//1019 305//305
f 305//305 1019//1019 303//303
f 310//310 1085//1085 312//312
f 312//312 1085//1085 581//581
f 312//312 581//581 314//314
f 581//581 1085//1085 579//579
f 579//579 1085//1085 572//572
f 579//579 572//572 577//577
f 577//577 572//572 571//571
f 572//572 1085//1085 573//573
f 573//573 1085//1085 310//310
f 578//578 1086//1086 1066//1066
f 1066//1066 1086//1086 1087//1087
f 1066//1066 1087//1087 1065//1065
f 1065//1065 1087//1087 1026//1026
f 1065//1065 1026//1026 1025//1025
f 1086//1086 1088//1088 1087//1087
f 1087//1087 1088//1088 1027//1027
f 1087//1087 1027//1027 1026//1026
f 578//578 576//576 1086//1086
f 1086//1086 576//576 575//575
f 1086//1086 575//575 1088//1088
f 1088//1088 575//575 1089//1089
f 1088//1088 1089//1089 1028//1028
f 1028//1028 1089//1089 931//931
f 1088//1088 1028//1028 1027//1027
f 1067//1067 943//943 945//945
f 299//299 301//301 1017//1017
f 1017//1017 301//301 1018//1018
f 1064//1064 568//568 1084//1084
f 1084//1084 568//568 566//566
f 1064//1064 1084//1084 1011//1011
f 283//283 281//281 569//569
f 829//829 280//280 282//282
f 270//270 1082//1082 268//268
f 268//268 1082//1082 1001//1001
f 268//268 1001//1001 266//266
f 849//849 851//851 993//993
f 993//993 851//851 247//247
f 233//233 235//235 988//988
f 988//988 235//235 989//989
f 543//543 541//541 983//983
f 983//983 541//541 984//984
f 218//218 216//216 1076//1076
f 1076//1076 216//216 535//535
f 218//218 1076//1076 544//544
f 872//872 858//858 857//857
f 530//530 528//528 202//202
f 202//202 528//528 204//204
f 968//968 168//168 892//892
f 968//968 892//892 890//890
f 484//484 482//482 493//493
f 493//493 482//482 491//491
f 146//146 144//144 483//483
f 345//345 347//347 130//130
f 130//130 347//347 132//132
f 363//363 1073//1073 361//361
f 361//361 1073//1073 1063//1063
f 361//361 1063//1063 359//359
f 1063//1063 1073//1073 344//344
f 374//374 376//376 358//358
f 358//358 376//376 360//360
f 388//388 390//390 373//373
f 373//373 390//390 375//375
f 962//962 404//404 1071//1071
f 1071//1071 404//404 406//406
f 962//962 1071//1071 1061//1061
f 691//691 669//669 688//688
f 642//642 644//644 1053//1053
f 640//640 642//642 1052//1052
f 1052//1052 642//642 1053//1053
f 659//659 658//658 1046//1046
f 1046//1046 658//658 657//657
f 652//652 651//651 660//660
f 660//660 651//651 650//650
f 648//648 647//647 653//653
f 653//653 647//647 646//646
f 601//601 600//600 610//610
f 611//611 609//609 613//613
f 613//613 609//609 608//608
f 604//604 602//602 601//601
f 601//601 610//610 604//604
f 605//605 589//589 603//603
f 593//593 591//591 590//590
f 596//596 583//583 594//594
f 594//594 583//583 592//592
f 587//587 585//585 584//584
f 930//930 929//929 574//574
f 574//574 929//929 931//931
f 574//574 931//931 1089//1089
f 575//575 574//574 1089//1089
f 277//277 275//275 562//562
f 557//557 273//273 1080//1080
f 1080//1080 273//273 271//271
f 212//212 210//210 534//534
f 140//140 138//138 475//475
f 380//380 366//366 364//364
f 471//471 409//409 407//407
f 719//719 697//697 696//696
f 638//638 640//640 1051//1051
f 1051//1051 640//640 1052//1052
f 661//661 659//659 1045//1045
f 1045//1045 659//659 1046//1046
f 654//654 652//652 662//662
f 662//662 652//652 660//660
f 615//615 648//648 655//655
f 655//655 648//648 653//653
f 719//719 696//696 1090//1090
f 1090//1090 696//696 695//695
f 1090//1090 695//695 1060//1060
f 636//636 638//638 1050//1050
f 1050//1050 638//638 1051//1051
f 663//663 661//661 1044//1044
f 1044//1044 661//661 1045//1045
f 656//656 654//654 664//664
f 664//664 654//654 662//662
f 617//617 615//615 655//655
f 1069//1069 717//717 1090//1090
f 1090//1090 717//717 719//719
f 1069//1069 1090//1090 1060//1060
f 634//634 636//636 1049//1049
f 1049//1049 636//636 1050//1050
f 665//665 663//663 1043//1043
f 1043//1043 663//663 1044//1044
f 619//619 656//656 666//666
f 666//666 656//656 664//664
f 730//730 725//725 724//724
f 1068//1068 950//950 952//952
f 1068//1068 952//952 1036//1036
f 1036//1036 952//952 954//954
f 1064//1064 1011//1011 1010//1010
f 945//945 751//751 1067//1067
f 1067//1067 751//751 753//753
f 1068//1068 1036//1036 1035//1035
f 1069//1069 1060//1060 1059//1059
f 1091//1091 1092//1092 1093//1093
f 1093//1093 1092//1092 1094//1094
f 1093//1093 1094//1094 1095//1095
f 1095//1095 1094//1094 1096//1096
f 1095//1095 1096//1096 1097//1097
f 1097//1097 1096//1096 1098//1098
f 1097//1097 1098//1098 1100//1100
f 1092//1092 1091//1091 1102//1102
f 1102//1102 1091//1091 1103//1103
f 1102//1102 1103//1103 1105//1105
f 1101//1101 1104//1104 1107//1107
f 1107//1107 1104//1104 1109//1109
f 1106//1106 1108//1108 1111//1111
f 1111//1111 1108//1108 1113//1113
f 1110//1110 1112//1112 1115//1115
f 1117//1117 1114//1114 1118//1118
f 1117//1117 1118//1118 1121//1121
f 1116//1116 1119//1119 1122//1122
f 1123//1123 1120//1120 1124//1124
f 1123//1123 1124//1124 1126//1126
f 1127//1127 1125//1125 1129//1129
f 1127//1127 1129//1129 1131//1131
f 1130//1130 1128//1128 1132//1132
f 1130//1130 1132//1132 1133//1133
f 1135//1135 1137//1137 1133//1133
f 1134//1134 1136//1136 1139//1139
f 1133//1133 1140//1140 1130//1130
f 1135//1135 1141//1141 1137//1137
f 1138//1138 1142//1142 1099//1099
f 1100//1100 1141//1141 1097//1097
f 1143//1143 1144//1144 1145//1145
f 1145//1145 1144//1144 1146//1146
f 1145//1145 1146//1146 1147//1147
f 1147//1147 1146//1146 1148//1148
f 1147//1147 1148//1148 1149//1149
f 1149//1149 1148//1148 1150//1150
f 1149//1149 1150//1150 1151//1151
f 1151//1151 1150//1150 1153//1153
f 1152//1152 1153//1153 1154//1154
f 1155//1155 1156//1156 1157//1157
f 1157//1157 1156//1156 1158//1158
f 1159//1159 1160//1160 1161//1161
f 1162//1162 1160//1160 1163//1163
f 1162//1162 1163//1163 1164//1164
f 1164//1164 1163//1163 1165//1165
f 1164//1164 1165//1165 1166//1166
f 1167//1167 1168//1168 1169//1169
f 1169//1169 1168//1168 1170//1170
f 1169//1169 1170//1170 1171//1171
f 1171//1171 1170//1170 1172//1172
f 1171//1171 1172//1172 1173//1173
f 1173//1173 1172//1172 1174//1174
f 1173//1173 1174//1174 1175//1175
f 1175//1175 1174//1174 1176//1176
f 1175//1175 1176//1176 1177//1177
f 1177//1177 1176//1176 1178//1178
f 1177//1177 1178//1178 1179//1179
f 1179//1179 1178//1178 1180//1180
f 1179//1179 1180//1180 1181//1181
f 1181//1181 1180//1180 1182//1182
f 1181//1181 1182//1182 1183//1183
f 1183//1183 1182//1182 1184//1184
f 1183//1183 1184//1184 1185//1185
f 1167//1167 1186//1186 1168//1168
f 1168//1168 1186//1186 1187//1187
f 1168//1168 1187//1187 1188//1188
f 1188//1188 1187//1187 1189//1189
f 1188//1188 1189//1189 1190//1190
f 1190//1190 1189//1189 1191//1191
f 1190//1190 1191//1191 1192//1192
f 1192//1192 1191//1191 1193//1193
f 1192//1192 1193//1193 1194//1194
f 1194//1194 1193//1193 1195//1195
f 1194//1194 1195//1195 1196//1196
f 1196//1196 1195//1195 1197//1197
f 1196//1196 1197//1197 1198//1198
f 1198//1198 1197//1197 1199//1199
f 1198//1198 1199//1199 1200//1200
f 1200//1200 1199//1199 1201//1201
f 1200//1200 1201//1201 1202//1202
f 1202//1202 1201//1201 1203//1203
f 1202//1202 1203//1203 1204//1204
f 1204//1204 1203//1203 1205//1205
f 1204//1204 1205//1205 1206//1206
f 1206//1206 1205//1205 1207//1207
f 1206//1206 1207//1207 1208//1208
f 1208//1208 1207//1207 1209//1209
f 1208//1208 1209//1209 1210//1210
f 1210//1210 1209//1209 1211//1211
f 1210//1210 1211//1211 1212//1212
f 1212//1212 1211//1211 1213//1213
f 1212//1212 1213//1213 1214//1214
f 1214//1214 1213//1213 1215//1215
f 1214//1214 1215//1215 1216//1216
f 1216//1216 1215//1215 1217//1217
f 1216//1216 1217//1217 1218//1218
f 1218//1218 1217//1217 1219//1219
f 1218//1218 1219//1219 1220//1220
f 1220//1220 1219//1219 1221//1221
f 1220//1220 1221//1221 1222//1222
f 1222//1222 1221//1221 1223//1223
f 1222//1222 1223//1223 1224//1224
f 1193//1193 1191//1191 1225//1225
f 1225//1225 1191//1191 1226//1226
f 1225//1225 1226//1226 1227//1227
f 1227//1227 1226//1226 1228//1228
f 1227//1227 1228//1228 1229//1229
f 1229//1229 1228//1228 1230//1230
f 1229//1229 1230//1230 1231//1231
f 1231//1231 1230//1230 1232//1232
f 1231//1231 1232//1232 1233//1233
f 1233//1233 1232//1232 1234//1234
f 1233//1233 1234//1234 1235//1235
f 1235//1235 1234//1234 1236//1236
f 1235//1235 1236//1236 1237//1237
f 1237//1237 1236//1236 1211//1211
f 1237//1237 1211//1211 1209//1209
f 1226//1226 1223//1223 1228//1228
f 1228//1228 1223//1223 1238//1238
f 1228//1228 1238//1238 1230//1230
f 1230//1230 1238//1238 1239//1239
f 1230//1230 1239//1239 1232//1232
f 1232//1232 1239//1239 1240//1240
f 1232//1232 1240//1240 1234//1234
f 1234//1234 1240//1240 1241//1241
f 1234//1234 1241//1241 1236//1236
f 1236//1236 1241//1241 1213//1213
f 1236//1236 1213//1213 1211//1211
f 1242//1242 1243//1243 1224//1224
f 1224//1224 1243//1243 1244//1244
f 1224//1224 1244//1244 1220//1220
f 1220//1220 1244//1244 1245//1245
f 1220//1220 1245//1245 1218//1218
f 1218//1218 1245//1245 1246//1246
f 1218//1218 1246//1246 1216//1216
f 1216//1216 1246//1246 1247//1247
f 1216//1216 1247//1247 1214//1214
f 1214//1214 1247//1247 1248//1248
f 1214//1214 1248//1248 1212//1212
f 1212//1212 1248//1248 1249//1249
f 1212//1212 1249//1249 1210//1210
f 1210//1210 1249//1249 1208//1208
f 1250//1250 1251//1251 1242//1242
f 1242//1242 1251//1251 1252//1252
f 1242//1242 1252//1252 1243//1243
f 1243//1243 1252//1252 1253//1253
f 1243//1243 1253//1253 1244//1244
f 1244//1244 1253//1253 1254//1254
f 1244//1244 1254//1254 1245//1245
f 1245//1245 1254//1254 1255//1255
f 1245//1245 1255//1255 1246//1246
f 1246//1246 1255//1255 1256//1256
f 1246//1246 1256//1256 1247//1247
f 1247//1247 1256//1256 1257//1257
f 1247//1247 1257//1257 1248//1248
f 1248//1248 1257//1257 1258//1258
f 1248//1248 1258//1258 1249//1249
f 1249//1249 1258//1258 1208//1208
f 1259//1259 1260//1260 1250//1250
f 1250//1250 1260//1260 1261//1261
f 1250//1250 1261//1261 1251//1251
f 1251//1251 1261//1261 1262//1262
f 1251//1251 1262//1262 1263//1263
f 1263//1263 1262//1262 1264//1264
f 1263//1263 1264//1264 1265//1265
f 1265//1265 1264//1264 1266//1266
f 1265//1265 1266//1266 1267//1267
f 1267//1267 1266//1266 1268//1268
f 1267//1267 1268//1268 1269//1269
f 1269//1269 1268//1268 1270//1270
f 1269//1269 1270//1270 1271//1271
f 1271//1271 1270//1270 1272//1272
f 1271//1271 1272//1272 1273//1273
f 1273//1273 1272//1272 1274//1274
f 1273//1273 1274//1274 1258//1258
f 1258//1258 1274//1274 1208//1208
f 1275//1275 1276//1276 1259//1259
f 1259//1259 1276//1276 1277//1277
f 1259//1259 1277//1277 1260//1260
f 1260//1260 1277//1277 1278//1278
f 1260//1260 1278//1278 1279//1279
f 1279//1279 1278//1278 1280//1280
f 1279//1279 1280//1280 1281//1281
f 1281//1281 1280//1280 1282//1282
f 1281//1281 1282//1282 1283//1283
f 1283//1283 1282//1282 1284//1284
f 1283//1283 1284//1284 1285//1285
f 1285//1285 1284//1284 1286//1286
f 1285//1285 1286//1286 1287//1287
f 1287//1287 1286//1286 1288//1288
f 1287//1287 1288//1288 1289//1289
f 1289//1289 1288//1288 1274//1274
f 1289//1289 1274//1274 1272//1272
f 1276//1276 1275//1275 1290//1290
f 1290//1290 1275//1275 1291//1291
f 1290//1290 1291//1291 1292//1292
f 1292//1292 1291//1291 1293//1293
f 1292//1292 1293//1293 1294//1294
f 1294//1294 1293//1293 1295//1295
f 1294//1294 1295//1295 1296//1296
f 1296//1296 1295//1295 1297//1297
f 1296//1296 1297//1297 1298//1298
f 1298//1298 1297//1297 1299//1299
f 1298//1298 1299//1299 1300//1300
f 1300//1300 1299//1299 1301//1301
f 1300//1300 1301//1301 1302//1302
f 1302//1302 1301//1301 1303//1303
f 1302//1302 1303//1303 1304//1304
f 1304//1304 1303//1303 1305//1305
f 1304//1304 1305//1305 1306//1306
f 1306//1306 1305//1305 1307//1307
f 1307//1307 1305//1305 1308//1308
f 1307//1307 1308//1308 1309//1309
f 1309//1309 1308//1308 1310//1310
f 1309//1309 1310//1310 1311//1311
f 1311//1311 1310//1310 1312//1312
f 1311//1311 1312//1312 1313//1313
f 1313//1313 1312//1312 1314//1314
f 1313//1313 1314//1314 1315//1315
f 1315//1315 1314//1314 1316//1316
f 1315//1315 1316//1316 1317//1317
f 1317//1317 1316//1316 1318//1318
f 1317//1317 1318//1318 1319//1319
f 1319//1319 1318//1318 1320//1320
f 1319//1319 1320//1320 1321//1321
f 1321//1321 1320//1320 1322//1322
f 1321//1321 1322//1322 1323//1323
f 1323//1323 1322//1322 1324//1324
f 1323//1323 1324//1324 1325//1325
f 1325//1325 1324//1324 1326//1326
f 1325//1325 1326//1326 1323//1323
f 1323//1323 1326//1326 1327//1327
f 1323//1323 1327//1327 1328//1328
f 1328//1328 1327//1327 1329//1329
f 1328//1328 1329//1329 1330//1330
f 1330//1330 1329//1329 1331//1331
f 1330//1330 1331//1331 1332//1332
f 1332//1332 1331//1331 1333//1333
f 1332//1332 1333//1333 1334//1334
f 1334//1334 1333//1333 1335//1335
f 1334//1334 1335//1335 1336//1336
f 1336//1336 1335//1335 1337//1337
f 1336//1336 1337//1337 1338//1338
f 1338//1338 1337//1337 1339//1339
f 1338//1338 1339//1339 1340//1340
f 1340//1340 1339//1339 1341//1341
f 1340//1340 1341//1341 1342//1342
f 1342//1342 1341//1341 1343//1343
f 1342//1342 1343//1343 1344//1344
f 1344//1344 1343//1343 1345//1345
f 1344//1344 1345//1345 1346//1346
f 1346//1346 1345//1345 1347//1347
f 1346//1346 1347//1347 1348//1348
f 1348//1348 1347//1347 1349//1349
f 1348//1348 1349//1349 1350//1350
f 1350//1350 1349//1349 1351//1351
f 1350//1350 1351//1351 1352//1352
f 1352//1352 1351//1351 1353//1353
f 1352//1352 1353//1353 1354//1354
f 1354//1354 1353//1353 1355//1355
f 1354//1354 1355//1355 1356//1356
f 1356//1356 1355//1355 1357//1357
f 1356//1356 1357//1357 1358//1358
f 1358//1358 1357//1357 1359//1359
f 1358//1358 1359//1359 1360//1360
f 1360//1360 1359//1359 1361//1361
f 1360//1360 1361//1361 1362//1362
f 1362//1362 1361//1361 1363//1363
f 1362//1362 1363//1363 1364//1364
f 1364//1364 1363//1363 1365//1365
f 1364//1364 1365//1365 1366//1366
f 1366//1366 1365//1365 1355//1355
f 1366//1366 1355//1355 1353//1353
f 1293//1293 1291//1291 1367//1367
f 1367//1367 1291//1291 1368//1368
f 1367//1367 1368//1368 1369//1369
f 1369//1369 1368//1368 1370//1370
f 1369//1369 1370//1370 1293//1293
f 1293//1293 1370//1370 1295//1295
f 1370//1370 1368//1368 1371//1371
f 1371//1371 1368//1368 1372//1372
f 1371//1371 1372//1372 1373//1373
f 1373//1373 1372//1372 1374//1374
f 1373//1373 1374//1374 1375//1375
f 1375//1375 1374//1374 1376//1376
f 1375//1375 1376//1376 1377//1377
f 1377//1377 1376//1376 1378//1378
f 1377//1377 1378//1378 1379//1379
f 1379//1379 1378//1378 1380//1380
f 1379//1379 1380//1380 1381//1381
f 1381//1381 1380//1380 1378//1378
f 1374//1374 1372//1372 1382//1382
f 1382//1382 1372//1372 1378//1378
f 1382//1382 1378//1378 1383//1383
f 1383//1383 1378//1378 1376//1376
f 1383//1383 1376//1376 1382//1382
f 1382//1382 1376//1376 1374//1374
f 1384//1384 1385//1385 1381//1381
f 1381//1381 1385//1385 1386//1386
f 1381//1381 1386//1386 1387//1387
f 1387//1387 1386//1386 1388//1388
f 1387//1387 1388//1388 1389//1389
f 1389//1389 1388//1388 1318//1318
f 1389//1389 1318//1318 1316//1316
f 1326//1326 1324//1324 1384//1384
f 1384//1384 1324//1324 1390//1390
f 1384//1384 1390//1390 1391//1391
f 1391//1391 1390//1390 1322//1322
f 1391//1391 1322//1322 1320//1320
f 1392//1392 1393//1393 1326//1326
f 1326//1326 1393//1393 1394//1394
f 1326//1326 1394//1394 1395//1395
f 1395//1395 1394//1394 1396//1396
f 1395//1395 1396//1396 1397//1397
f 1397//1397 1396//1396 1398//1398
f 1397//1397 1398//1398 1399//1399
f 1399//1399 1398//1398 1400//1400
f 1399//1399 1400//1400 1401//1401
f 1401//1401 1400//1400 1402//1402
f 1401//1401 1402//1402 1403//1403
f 1403//1403 1402//1402 1404//1404
f 1403//1403 1404//1404 1405//1405
f 1405//1405 1404//1404 1406//1406
f 1405//1405 1406//1406 1407//1407
f 1407//1407 1406//1406 1408//1408
f 1407//1407 1408//1408 1409//1409
f 1409//1409 1408//1408 1345//1345
f 1409//1409 1345//1345 1343//1343
f 1362//1362 1410//1410 1392//1392
f 1392//1392 1410//1410 1411//1411
f 1392//1392 1411//1411 1412//1412
f 1412//1412 1411//1411 1413//1413
f 1412//1412 1413//1413 1414//1414
f 1414//1414 1413//1413 1415//1415
f 1414//1414 1415//1415 1416//1416
f 1416//1416 1415//1415 1417//1417
f 1416//1416 1417//1417 1400//1400
f 1400//1400 1417//1417 1402//1402
f 1418//1418 1419//1419 1360//1360
f 1360//1360 1419//1419 1420//1420
f 1360//1360 1420//1420 1421//1421
f 1421//1421 1420//1420 1422//1422
f 1421//1421 1422//1422 1423//1423
f 1423//1423 1422//1422 1424//1424
f 1423//1423 1424//1424 1425//1425
f 1425//1425 1424//1424 1426//1426
f 1425//1425 1426//1426 1427//1427
f 1427//1427 1426//1426 1428//1428
f 1427//1427 1428//1428 1429//1429
f 1429//1429 1428//1428 1430//1430
f 1429//1429 1430//1430 1431//1431
f 1431//1431 1430//1430 1432//1432
f 1431//1431 1432//1432 1433//1433
f 1433//1433 1432//1432 1434//1434
f 1433//1433 1434//1434 1435//1435
f 1435//1435 1434//1434 1436//1436
f 1435//1435 1436//1436 1437//1437
f 1437//1437 1436//1436 1438//1438
f 1438//1438 1436//1436 1439//1439
f 1438//1438 1439//1439 1440//1440
f 1440//1440 1439//1439 1441//1441
f 1440//1440 1441//1441 1442//1442
f 1442//1442 1441//1441 1443//1443
f 1442//1442 1443//1443 1444//1444
f 1444//1444 1443//1443 1445//1445
f 1444//1444 1445//1445 1446//1446
f 1446//1446 1445//1445 1447//1447
f 1446//1446 1447//1447 1448//1448
f 1448//1448 1447//1447 1449//1449
f 1448//1448 1449//1449 1450//1450
f 1450//1450 1449//1449 1451//1451
f 1450//1450 1451//1451 1452//1452
f 1452//1452 1451//1451 1453//1453
f 1452//1452 1453//1453 1454//1454
f 1454//1454 1453//1453 1455//1455
f 1454//1454 1455//1455 1456//1456
f 1456//1456 1455//1455 1457//1457
f 1456//1456 1457//1457 1458//1458
f 1458//1458 1457//1457 1455//1455
f 1458//1458 1455//1455 1459//1459
f 1459//1459 1455//1455 1460//1460
f 1459//1459 1460//1460 1461//1461
f 1461//1461 1460//1460 1462//1462
f 1461//1461 1462//1462 1463//1463
f 1463//1463 1462//1462 1464//1464
f 1463//1463 1464//1464 1465//1465
f 1465//1465 1464//1464 1466//1466
f 1465//1465 1466//1466 1467//1467
f 1467//1467 1466//1466 1468//1468
f 1467//1467 1468//1468 1469//1469
f 1469//1469 1468//1468 1470//1470
f 1469//1469 1470//1470 1471//1471
f 1471//1471 1470//1470 1472//1472
f 1471//1471 1472//1472 1473//1473
f 1473//1473 1472//1472 1474//1474
f 1473//1473 1474//1474 1475//1475
f 1475//1475 1474//1474 1476//1476
f 1475//1475 1476//1476 1477//1477
f 1477//1477 1476//1476 1478//1478
f 1477//1477 1478//1478 1479//1479
f 1479//1479 1478//1478 1480//1480
f 1479//1479 1480//1480 1440//1440
f 1440//1440 1480//1480 1438//1438
f 1481//1481 1482//1482 1418//1418
f 1418//1418 1482//1482 1483//1483
f 1418//1418 1483//1483 1484//1484
f 1484//1484 1483//1483 1485//1485
f 1484//1484 1485//1485 1486//1486
f 1486//1486 1485//1485 1487//1487
f 1486//1486 1487//1487 1488//1488
f 1488//1488 1487//1487 1489//1489
f 1488//1488 1489//1489 1490//1490
f 1490//1490 1489//1489 1491//1491
f 1490//1490 1491//1491 1492//1492
f 1492//1492 1491//1491 1493//1493
f 1492//1492 1493//1493 1494//1494
f 1494//1494 1493//1493 1495//1495
f 1494//1494 1495//1495 1496//1496
f 1496//1496 1495//1495 1441//1441
f 1496//1496 1441//1441 1439//1439
f 1497//1497 1498//1498 1481//1481
f 1481//1481 1498//1498 1499//1499
f 1481//1481 1499//1499 1500//1500
f 1500//1500 1499//1499 1497//1497
f 1500//1500 1497//1497 1501//1501
f 1501//1501 1497//1497 1502//1502
f 1501//1501 1502//1502 1503//1503
f 1503//1503 1502//1502 1504//1504
f 1503//1503 1504//1504 1505//1505
f 1505//1505 1504//1504 1506//1506
f 1505//1505 1506//1506 1507//1507
f 1507//1507 1506//1506 1502//1502
f 1507//1507 1502//1502 1497//1497
f 1497//1497 1505//1505 1507//1507
f 1455//1455 1508//1508 1505//1505
f 1505//1505 1508//1508 1509//1509
f 1505//1505 1509//1509 1510//1510
f 1510//1510 1509//1509 1511//1511
f 1510//1510 1511//1511 1512//1512
f 1512//1512 1511//1511 1513//1513
f 1512//1512 1513//1513 1505//1505
f 1505//1505 1513//1513 1514//1514
f 1505//1505 1514//1514 1503//1503
f 1503//1503 1514//1514 1515//1515
f 1503//1503 1515//1515 1516//1516
f 1516//1516 1515//1515 1517//1517
f 1516//1516 1517//1517 1518//1518
f 1518//1518 1517//1517 1519//1519
f 1518//1518 1519//1519 1491//1491
f 1491//1491 1519//1519 1493//1493
f 1520//1520 1521//1521 1460//1460
f 1460//1460 1521//1521 1522//1522
f 1460//1460 1522//1522 1523//1523
f 1523//1523 1522//1522 1524//1524
f 1523//1523 1524//1524 1525//1525
f 1525//1525 1524//1524 1526//1526
f 1525//1525 1526//1526 1527//1527
f 1527//1527 1526//1526 1528//1528
f 1527//1527 1528//1528 1529//1529
f 1529//1529 1528//1528 1530//1530
f 1529//1529 1530//1530 1531//1531
f 1531//1531 1530//1530 1532//1532
f 1531//1531 1532//1532 1533//1533
f 1533//1533 1532//1532 1534//1534
f 1533//1533 1534//1534 1535//1535
f 1535//1535 1534//1534 1536//1536
f 1535//1535 1536//1536 1537//1537
f 1537//1537 1536//1536 1538//1538
f 1537//1537 1538//1538 1539//1539
f 1539//1539 1538//1538 1540//1540
f 1539//1539 1540//1540 1541//1541
f 1541//1541 1540//1540 1542//1542
f 1541//1541 1542//1542 1543//1543
f 1543//1543 1542//1542 1544//1544
f 1543//1543 1544//1544 1545//1545
f 1545//1545 1544//1544 1546//1546
f 1545//1545 1546//1546 1547//1547
f 1547//1547 1546//1546 1548//1548
f 1547//1547 1548//1548 1549//1549
f 1549//1549 1548//1548 1550//1550
f 1549//1549 1550//1550 1551//1551
f 1551//1551 1550//1550 1552//1552
f 1551//1551 1552//1552 1553//1553
f 1553//1553 1552//1552 1554//1554
f 1553//1553 1554//1554 1555//1555
f 1555//1555 1554//1554 1556//1556
f 1555//1555 1556//1556 1559//1559
f 1560//1560 1561//1561 1520//1520
f 1520//1520 1561//1561 1562//1562
f 1520//1520 1562//1562 1563//1563
f 1563//1563 1562//1562 1564//1564
f 1563//1563 1564//1564 1565//1565
f 1565//1565 1564//1564 1566//1566
f 1565//1565 1566//1566 1567//1567
f 1567//1567 1566//1566 1568//1568
f 1567//1567 1568//1568 1526//1526
f 1526//1526 1568//1568 1528//1528
f 1569//1569 1570//1570 1560//1560
f 1560//1560 1570//1570 1571//1571
f 1560//1560 1571//1571 1572//1572
f 1572//1572 1571//1571 1569//1569
f 1572//1572 1569//1569 1554//1554
f 1554//1554 1569//1569 1573//1573
f 1554//1554 1573//1573 1556//1556
f 1556//1556 1573//1573 1569//1569
f 1574//1574 1575//1575 1558//1558
f 1557//1557 1576//1576 1577//1577
f 1559//1559 1577//1577 1578//1578
f 1578//1578 1577//1577 1579//1579
f 1578//1578 1579//1579 1580//1580
f 1580//1580 1579//1579 1581//1581
f 1580//1580 1581//1581 1582//1582
f 1582//1582 1581//1581 1583//1583
f 1582//1582 1583//1583 1584//1584
f 1584//1584 1583//1583 1585//1585
f 1584//1584 1585//1585 1586//1586
f 1586//1586 1585//1585 1587//1587
f 1586//1586 1587//1587 1588//1588
f 1588//1588 1587//1587 1589//1589
f 1588//1588 1589//1589 1590//1590
f 1590//1590 1589//1589 1591//1591
f 1590//1590 1591//1591 1592//1592
f 1592//1592 1591//1591 1593//1593
f 1592//1592 1593//1593 1541//1541
f 1541//1541 1593//1593 1539//1539
f 1594//1594 1595//1595 1574//1574
f 1574//1574 1595//1595 1596//1596
f 1574//1574 1596//1596 1597//1597
f 1597//1597 1596//1596 1598//1598
f 1597//1597 1598//1598 1599//1599
f 1599//1599 1598//1598 1600//1600
f 1599//1599 1600//1600 1601//1601
f 1601//1601 1600//1600 1602//1602
f 1601//1601 1602//1602 1603//1603
f 1603//1603 1602//1602 1604//1604
f 1603//1603 1604//1604 1605//1605
f 1605//1605 1604//1604 1606//1606
f 1605//1605 1606//1606 1607//1607
f 1607//1607 1606//1606 1608//1608
f 1607//1607 1608//1608 1609//1609
f 1609//1609 1608//1608 1610//1610
f 1609//1609 1610//1610 1611//1611
f 1611//1611 1610//1610 1612//1612
f 1611//1611 1612//1612 1613//1613
f 1613//1613 1612//1612 1614//1614
f 1613//1613 1614//1614 1593//1593
f 1615//1615 1616//1616 1594//1594
f 1594//1594 1616//1616 1617//1617
f 1594//1594 1617//1617 1618//1618
f 1618//1618 1617//1617 1619//1619
f 1618//1618 1619//1619 1620//1620
f 1620//1620 1619//1619 1621//1621
f 1620//1620 1621//1621 1622//1622
f 1622//1622 1621//1621 1623//1623
f 1622//1622 1623//1623 1624//1624
f 1624//1624 1623//1623 1625//1625
f 1624//1624 1625//1625 1626//1626
f 1626//1626 1625//1625 1627//1627
f 1626//1626 1627//1627 1628//1628
f 1628//1628 1627//1627 1629//1629
f 1628//1628 1629//1629 1630//1630
f 1630//1630 1629//1629 1631//1631
f 1630//1630 1631//1631 1632//1632
f 1632//1632 1631//1631 1633//1633
f 1632//1632 1633//1633 1634//1634
f 1634//1634 1633//1633 1635//1635
f 1634//1634 1635//1635 1636//1636
f 1636//1636 1635//1635 1637//1637
f 1636//1636 1637//1637 1638//1638
f 1638//1638 1637//1637 1639//1639
f 1638//1638 1639//1639 1640//1640
f 1640//1640 1639//1639 1641//1641
f 1640//1640 1641//1641 1642//1642
f 1642//1642 1641//1641 1643//1643
f 1642//1642 1643//1643 1644//1644
f 1644//1644 1643//1643 1645//1645
f 1644//1644 1645//1645 1646//1646
f 1646//1646 1645//1645 1647//1647
f 1646//1646 1647//1647 1648//1648
f 1648//1648 1647//1647 1649//1649
f 1648//1648 1649//1649 1650//1650
f 1650//1650 1649//1649 1651//1651
f 1650//1650 1651//1651 1652//1652
f 1652//1652 1651//1651 1653//1653
f 1652//1652 1653//1653 1654//1654
f 1653//1653 1655//1655 1615//1615
f 1615//1615 1655//1655 1656//1656
f 1615//1615 1656//1656 1657//1657
f 1657//1657 1656//1656 1658//1658
f 1657//1657 1658//1658 1659//1659
f 1659//1659 1658//1658 1660//1660
f 1659//1659 1660//1660 1661//1661
f 1661//1661 1660//1660 1662//1662
f 1661//1661 1662//1662 1623//1623
f 1623//1623 1662//1662 1625//1625
f 1663//1663 1664//1664 1654//1654
f 1654//1654 1664//1664 1665//1665
f 1654//1654 1665//1665 1650//1650
f 1650//1650 1665//1665 1666//1666
f 1650//1650 1666//1666 1648//1648
f 1648//1648 1666//1666 1667//1667
f 1648//1648 1667//1667 1646//1646
f 1646//1646 1667//1667 1668//1668
f 1646//1646 1668//1668 1644//1644
f 1644//1644 1668//1668 1669//1669
f 1644//1644 1669//1669 1642//1642
f 1642//1642 1669//1669 1670//1670
f 1642//1642 1670//1670 1640//1640
f 1640//1640 1670//1670 1671//1671
f 1640//1640 1671//1671 1638//1638
f 1638//1638 1671//1671 1672//1672
f 1638//1638 1672//1672 1636//1636
f 1636//1636 1672//1672 1673//1673
f 1636//1636 1673//1673 1634//1634
f 1674//1674 1675//1675 1663//1663
f 1663//1663 1675//1675 1676//1676
f 1663//1663 1676//1676 1677//1677
f 1677//1677 1676//1676 1678//1678
f 1677//1677 1678//1678 1679//1679
f 1679//1679 1678//1678 1680//1680
f 1679//1679 1680//1680 1681//1681
f 1681//1681 1680//1680 1682//1682
f 1681//1681 1682//1682 1683//1683
f 1683//1683 1682//1682 1684//1684
f 1683//1683 1684//1684 1685//1685
f 1685//1685 1684//1684 1686//1686
f 1685//1685 1686//1686 1687//1687
f 1687//1687 1686//1686 1688//1688
f 1687//1687 1688//1688 1689//1689
f 1690//1690 1691//1691 1674//1674
f 1674//1674 1691//1691 1692//1692
f 1674//1674 1692//1692 1693//1693
f 1693//1693 1692//1692 1694//1694
f 1693//1693 1694//1694 1695//1695
f 1695//1695 1694//1694 1696//1696
f 1695//1695 1696//1696 1697//1697
f 1697//1697 1696//1696 1698//1698
f 1697//1697 1698//1698 1699//1699
f 1699//1699 1698//1698 1700//1700
f 1699//1699 1700//1700 1701//1701
f 1701//1701 1700//1700 1702//1702
f 1701//1701 1702//1702 1703//1703
f 1703//1703 1702//1702 1704//1704
f 1703//1703 1704//1704 1705//1705
f 1705//1705 1704//1704 1706//1706
f 1705//1705 1706//1706 1707//1707
f 1707//1707 1706//1706 1708//1708
f 1707//1707 1708//1708 1709//1709
f 1710//1710 1711//1711 1690//1690
f 1690//1690 1711//1711 1712//1712
f 1690//1690 1712//1712 1713//1713
f 1713//1713 1712//1712 1714//1714
f 1713//1713 1714//1714 1715//1715
f 1715//1715 1714//1714 1716//1716
f 1715//1715 1716//1716 1717//1717
f 1717//1717 1716//1716 1718//1718
f 1717//1717 1718//1718 1719//1719
f 1719//1719 1718//1718 1720//1720
f 1719//1719 1720//1720 1721//1721
f 1721//1721 1720//1720 1722//1722
f 1721//1721 1722//1722 1723//1723
f 1723//1723 1722//1722 1724//1724
f 1723//1723 1724//1724 1725//1725
f 1725//1725 1724//1724 1726//1726
f 1725//1725 1726//1726 1727//1727
f 1727//1727 1726//1726 1728//1728
f 1727//1727 1728//1728 1729//1729
f 1729//1729 1728//1728 1730//1730
f 1729//1729 1730//1730 1702//1702
f 1702//1702 1730//1730 1731//1731
f 1702//1702 1731//1731 1704//1704
f 1732//1732 1733//1733 1710//1710
f 1710//1710 1733//1733 1734//1734
f 1710//1710 1734//1734 1735//1735
f 1735//1735 1734//1734 1736//1736
f 1735//1735 1736//1736 1737//1737
f 1737//1737 1736//1736 1738//1738
f 1737//1737 1738//1738 1739//1739
f 1739//1739 1738//1738 1740//1740
f 1739//1739 1740//1740 1741//1741
f 1741//1741 1740//1740 1742//1742
f 1741//1741 1742//1742 1743//1743
f 1743//1743 1742//1742 1744//1744
f 1743//1743 1744//1744 1745//1745
f 1745//1745 1744//1744 1746//1746
f 1745//1745 1746//1746 1747//1747
f 1747//1747 1746//1746 1748//1748
f 1747//1747 1748//1748 1749//1749
f 1749//1749 1748//1748 1750//1750
f 1749//1749 1750//1750 1751//1751
f 1751//1751 1750//1750 1752//1752
f 1751//1751 1752//1752 1753//1753
f 1753//1753 1752//1752 1754//1754
f 1753//1753 1754//1754 1755//1755
f 1755//1755 1754//1754 1756//1756
f 1755//1755 1756//1756 1757//1757
f 1757//1757 1756//1756 1758//1758
f 1757//1757 1758//1758 1759//1759
f 1759//1759 1758//1758 1760//1760
f 1759//1759 1760//1760 1761//1761
f 1761//1761 1760//1760 1756//1756
f 1761//1761 1756//1756 1673//1673
f 1762//1762 1763//1763 1732//1732
f 1732//1732 1763//1763 1764//1764
f 1732//1732 1764//1764 1733//1733
f 1733//1733 1764//1764 1765//1765
f 1733//1733 1765//1765 1766//1766
f 1766//1766 1765//1765 1767//1767
f 1766//1766 1767//1767 1768//1768
f 1768//1768 1767//1767 1769//1769
f 1768//1768 1769//1769 1770//1770
f 1770//1770 1769//1769 1771//1771
f 1770//1770 1771//1771 1772//1772
f 1772//1772 1771//1771 1773//1773
f 1772//1772 1773//1773 1774//1774
f 1774//1774 1773//1773 1775//1775
f 1774//1774 1775//1775 1776//1776
f 1776//1776 1775//1775 1777//1777
f 1776//1776 1777//1777 1778//1778
f 1778//1778 1777//1777 1779//1779
f 1778//1778 1779//1779 1780//1780
f 1780//1780 1779//1779 1781//1781
f 1780//1780 1781//1781 1750//1750
f 1750//1750 1781//1781 1754//1754
f 1750//1750 1754//1754 1752//1752
f 1782//1782 1783//1783 1762//1762
f 1762//1762 1783//1783 1784//1784
f 1762//1762 1784//1784 1785//1785
f 1785//1785 1784//1784 1786//1786
f 1785//1785 1786//1786 1787//1787
f 1787//1787 1786//1786 1788//1788
f 1787//1787 1788//1788 1789//1789
f 1789//1789 1788//1788 1790//1790
f 1789//1789 1790//1790 1791//1791
f 1791//1791 1790//1790 1792//1792
f 1791//1791 1792//1792 1793//1793
f 1793//1793 1792//1792 1794//1794
f 1793//1793 1794//1794 1795//1795
f 1795//1795 1794//1794 1796//1796
f 1795//1795 1796//1796 1797//1797
f 1797//1797 1796//1796 1798//1798
f 1797//1797 1798//1798 1799//1799
f 1799//1799 1798//1798 1800//1800
f 1799//1799 1800//1800 1801//1801
f 1801//1801 1800//1800 1802//1802
f 1801//1801 1802//1802 1803//1803
f 1803//1803 1802//1802 1777//1777
f 1803//1803 1777//1777 1775//1775
f 1783//1783 1782//1782 1804//1804
f 1804//1804 1782//1782 1805//1805
f 1804//1804 1805//1805 1806//1806
f 1806//1806 1805//1805 1807//1807
f 1806//1806 1807//1807 1808//1808
f 1808//1808 1807//1807 1809//1809
f 1808//1808 1809//1809 1810//1810
f 1810//1810 1809//1809 1811//1811
f 1810//1810 1811//1811 1812//1812
f 1812//1812 1811//1811 1813//1813
f 1812//1812 1813//1813 1814//1814
f 1814//1814 1813//1813 1815//1815
f 1814//1814 1815//1815 1816//1816
f 1816//1816 1815//1815 1817//1817
f 1816//1816 1817//1817 1818//1818
f 1818//1818 1817//1817 1819//1819
f 1818//1818 1819//1819 1820//1820
f 1821//1821 1822//1822 1820//1820
f 1820//1820 1822//1822 1823//1823
f 1820//1820 1823//1823 1818//1818
f 1818//1818 1823//1823 1816//1816
f 1824//1824 1825//1825 1821//1821
f 1821//1821 1825//1825 1826//1826
f 1821//1821 1826//1826 1822//1822
f 1822//1822 1826//1826 1827//1827
f 1822//1822 1827//1827 1828//1828
f 1828//1828 1827//1827 1829//1829
f 1828//1828 1829//1829 1814//1814
f 1814//1814 1829//1829 1812//1812
f 1825//1825 1824//1824 1830//1830
f 1830//1830 1824//1824 1831//1831
f 1830//1830 1831//1831 1832//1832
f 1832//1832 1831//1831 1833//1833
f 1832//1832 1833//1833 1834//1834
f 1834//1834 1833//1833 1835//1835
f 1834//1834 1835//1835 1836//1836
f 1836//1836 1835//1835 1794//1794
f 1836//1836 1794//1794 1792//1792
f 1831//1831 1837//1837 1833//1833
f 1833//1833 1837//1837 1838//1838
f 1833//1833 1838//1838 1835//1835
f 1835//1835 1838//1838 1796//1796
f 1835//1835 1796//1796 1794//1794
f 1838//1838 1837//1837 1798//1798
f 1798//1798 1837//1837 1800//1800
f 1800//1800 1781//1781 1802//1802
f 1802//1802 1781//1781 1779//1779
f 1802//1802 1779//1779 1777//1777
f 1632//1632 1634//1634 1839//1839
f 1839//1839 1634//1634 1840//1840
f 1839//1839 1840//1840 1841//1841
f 1841//1841 1840//1840 1842//1842
f 1841//1841 1842//1842 1843//1843
f 1843//1843 1842//1842 1844//1844
f 1843//1843 1844//1844 1845//1845
f 1845//1845 1844//1844 1846//1846
f 1845//1845 1846//1846 1847//1847
f 1847//1847 1846//1846 1848//1848
f 1847//1847 1848//1848 1849//1849
f 1849//1849 1848//1848 1850//1850
f 1849//1849 1850//1850 1851//1851
f 1851//1851 1850//1850 1852//1852
f 1851//1851 1852//1852 1853//1853
f 1853//1853 1852//1852 1854//1854
f 1853//1853 1854//1854 1855//1855
f 1855//1855 1854//1854 1857//1857
f 1856//1856 1857//1857 1595//1595
f 1595//1595 1857//1857 1596//1596
f 1614//1614 1858//1858 1840//1840
f 1840//1840 1858//1858 1859//1859
f 1840//1840 1859//1859 1860//1860
f 1860//1860 1859//1859 1861//1861
f 1860//1860 1861//1861 1862//1862
f 1862//1862 1861//1861 1863//1863
f 1862//1862 1863//1863 1864//1864
f 1864//1864 1863//1863 1865//1865
f 1864//1864 1865//1865 1848//1848
f 1848//1848 1865//1865 1850//1850
f 1537//1537 1539//1539 1866//1866
f 1866//1866 1539//1539 1867//1867
f 1866//1866 1867//1867 1868//1868
f 1868//1868 1867//1867 1869//1869
f 1868//1868 1869//1869 1870//1870
f 1870//1870 1869//1869 1871//1871
f 1870//1870 1871//1871 1872//1872
f 1872//1872 1871//1871 1873//1873
f 1872//1872 1873//1873 1874//1874
f 1874//1874 1873//1873 1875//1875
f 1874//1874 1875//1875 1876//1876
f 1876//1876 1875//1875 1877//1877
f 1876//1876 1877//1877 1878//1878
f 1878//1878 1877//1877 1468//1468
f 1878//1878 1468//1468 1466//1466
f 1879//1879 1880//1880 1867//1867
f 1867//1867 1880//1880 1881//1881
f 1867//1867 1881//1881 1869//1869
f 1869//1869 1881//1881 1871//1871
f 1480//1480 1478//1478 1879//1879
f 1879//1879 1478//1478 1882//1882
f 1879//1879 1882//1882 1883//1883
f 1883//1883 1882//1882 1884//1884
f 1883//1883 1884//1884 1885//1885
f 1885//1885 1884//1884 1886//1886
f 1885//1885 1886//1886 1887//1887
f 1887//1887 1886//1886 1888//1888
f 1887//1887 1888//1888 1875//1875
f 1875//1875 1888//1888 1877//1877
f 1889//1889 1890//1890 1437//1437
f 1437//1437 1890//1890 1891//1891
f 1437//1437 1891//1891 1892//1892
f 1892//1892 1891//1891 1893//1893
f 1892//1892 1893//1893 1894//1894
f 1894//1894 1893//1893 1895//1895
f 1894//1894 1895//1895 1431//1431
f 1431//1431 1895//1895 1429//1429
f 1342//1342 1344//1344 1889//1889
f 1889//1889 1344//1344 1896//1896
f 1889//1889 1896//1896 1897//1897
f 1897//1897 1896//1896 1898//1898
f 1897//1897 1898//1898 1899//1899
f 1899//1899 1898//1898 1900//1900
f 1899//1899 1900//1900 1901//1901
f 1901//1901 1900//1900 1902//1902
f 1901//1901 1902//1902 1903//1903
f 1903//1903 1902//1902 1904//1904
f 1903//1903 1904//1904 1905//1905
f 1905//1905 1904//1904 1906//1906
f 1905//1905 1906//1906 1907//1907
f 1907//1907 1906//1906 1908//1908
f 1907//1907 1908//1908 1423//1423
f 1423//1423 1908//1908 1421//1421
f 1340//1340 1342//1342 1909//1909
f 1909//1909 1342//1342 1910//1910
f 1909//1909 1910//1910 1911//1911
f 1911//1911 1910//1910 1912//1912
f 1911//1911 1912//1912 1913//1913
f 1913//1913 1912//1912 1914//1914
f 1913//1913 1914//1914 1915//1915
f 1915//1915 1914//1914 1916//1916
f 1915//1915 1916//1916 1917//1917
f 1917//1917 1916//1916 1918//1918
f 1917//1917 1918//1918 1919//1919
f 1919//1919 1918//1918 1317//1317
f 1919//1919 1317//1317 1319//1319
f 1912//1912 1910//1910 1920//1920
f 1920//1920 1910//1910 1921//1921
f 1920//1920 1921//1921 1922//1922
f 1922//1922 1921//1921 1923//1923
f 1922//1922 1923//1923 1924//1924
f 1924//1924 1923//1923 1309//1309
f 1924//1924 1309//1309 1311//1311
f 1923//1923 1307//1307 1309//1309
f 1304//1304 1306//1306 1925//1925
f 1925//1925 1306//1306 1926//1926
f 1925//1925 1926//1926 1927//1927
f 1927//1927 1926//1926 1928//1928
f 1927//1927 1928//1928 1929//1929
f 1929//1929 1928//1928 1930//1930
f 1929//1929 1930//1930 1931//1931
f 1931//1931 1930//1930 1932//1932
f 1931//1931 1932//1932 1933//1933
f 1933//1933 1932//1932 1934//1934
f 1933//1933 1934//1934 1935//1935
f 1935//1935 1934//1934 1936//1936
f 1935//1935 1936//1936 1937//1937
f 1937//1937 1936//1936 1938//1938
f 1937//1937 1938//1938 1276//1276
f 1276//1276 1938//1938 1277//1277
f 1926//1926 1939//1939 1928//1928
f 1928//1928 1939//1939 1940//1940
f 1928//1928 1940//1940 1930//1930
f 1930//1930 1940//1940 1941//1941
f 1930//1930 1941//1941 1932//1932
f 1932//1932 1941//1941 1942//1942
f 1932//1932 1942//1942 1934//1934
f 1934//1934 1942//1942 1943//1943
f 1934//1934 1943//1943 1936//1936
f 1936//1936 1943//1943 1944//1944
f 1936//1936 1944//1944 1938//1938
f 1938//1938 1944//1944 1278//1278
f 1938//1938 1278//1278 1277//1277
f 1274//1274 1288//1288 1939//1939
f 1939//1939 1288//1288 1945//1945
f 1939//1939 1945//1945 1946//1946
f 1946//1946 1945//1945 1947//1947
f 1946//1946 1947//1947 1948//1948
f 1948//1948 1947//1947 1949//1949
f 1948//1948 1949//1949 1950//1950
f 1950//1950 1949//1949 1951//1951
f 1950//1950 1951//1951 1943//1943
f 1943//1943 1951//1951 1944//1944
f 1952//1952 1953//1953 1206//1206
f 1206//1206 1953//1953 1954//1954
f 1206//1206 1954//1954 1955//1955
f 1955//1955 1954//1954 1956//1956
f 1955//1955 1956//1956 1957//1957
f 1957//1957 1956//1956 1958//1958
f 1957//1957 1958//1958 1200//1200
f 1200//1200 1958//1958 1198//1198
f 1953//1953 1952//1952 1959//1959
f 1959//1959 1952//1952 1960//1960
f 1959//1959 1960//1960 1961//1961
f 1961//1961 1960//1960 1962//1962
f 1961//1961 1962//1962 1963//1963
f 1963//1963 1962//1962 1964//1964
f 1963//1963 1964//1964 1965//1965
f 1965//1965 1964//1964 1966//1966
f 1965//1965 1966//1966 1967//1967
f 1967//1967 1966//1966 1968//1968
f 1967//1967 1968//1968 1969//1969
f 1969//1969 1968//1968 1970//1970
f 1969//1969 1970//1970 1971//1971
f 1971//1971 1972//1972 1969//1969
f 1969//1969 1972//1972 1973//1973
f 1969//1969 1973//1973 1974//1974
f 1974//1974 1973//1973 1975//1975
f 1974//1974 1975//1975 1976//1976
f 1976//1976 1975//1975 1977//1977
f 1976//1976 1977//1977 1978//1978
f 1978//1978 1977//1977 1979//1979
f 1978//1978 1979//1979 1980//1980
f 1980//1980 1979//1979 1981//1981
f 1980//1980 1981//1981 1982//1982
f 1982//1982 1981//1981 1174//1174
f 1982//1982 1174//1174 1172//1172
f 1184//1184 1983//1983 1972//1972
f 1972//1972 1983//1983 1984//1984
f 1972//1972 1984//1984 1973//1973
f 1973//1973 1984//1984 1975//1975
f 1185//1185 1985//1985 1183//1183
f 1183//1183 1985//1985 1181//1181
f 1181//1181 1985//1985 1179//1179
f 1179//1179 1985//1985 1986//1986
f 1179//1179 1986//1986 1177//1177
f 1177//1177 1986//1986 1987//1987
f 1177//1177 1987//1987 1175//1175
f 1175//1175 1987//1987 1988//1988
f 1175//1175 1988//1988 1173//1173
f 1173//1173 1988//1988 1989//1989
f 1173//1173 1989//1989 1171//1171
f 1171//1171 1989//1989 1990//1990
f 1171//1171 1990//1990 1991//1991
f 1991//1991 1990//1990 1992//1992
f 1992//1992 1990//1990 1993//1993
f 1993//1993 1990//1990 1994//1994
f 1994//1994 1990//1990 1989//1989
f 1994//1994 1989//1989 1995//1995
f 1995//1995 1989//1989 1988//1988
f 1995//1995 1988//1988 1987//1987
f 1986//1986 1995//1995 1987//1987
f 1991//1991 1169//1169 1171//1171
f 1751//1751 1996//1996 1749//1749
f 1749//1749 1996//1996 1747//1747
f 1747//1747 1996//1996 1745//1745
f 1745//1745 1996//1996 1997//1997
f 1745//1745 1997//1997 1724//1724
f 1724//1724 1997//1997 1998//1998
f 1724//1724 1998//1998 1999//1999
f 1999//1999 1726//1726 1724//1724
f 1707//1707 1709//1709 1686//1686
f 1686//1686 1709//1709 1688//1688
f 2000//2000 2002//2002 1689//1689
f 1689//1689 2002//2002 2003//2003
f 1689//1689 2003//2003 1687//1687
f 1687//1687 2003//2003 2004//2004
f 1687//1687 2004//2004 1685//1685
f 1685//1685 2004//2004 2005//2005
f 1685//1685 2005//2005 1683//1683
f 1683//1683 2005//2005 2006//2006
f 1683//1683 2006//2006 1681//1681
f 1681//1681 2006//2006 2007//2007
f 1681//1681 2007//2007 1679//1679
f 1679//1679 2007//2007 1664//1664
f 1679//1679 1664//1664 1677//1677
f 1677//1677 1664//1664 1663//1663
f 2000//2000 2008//2008 2001//2001
f 2002//2002 2008//2008 2009//2009
f 2002//2002 2009//2009 2003//2003
f 2003//2003 2009//2009 1670//1670
f 2003//2003 1670//1670 1669//1669
f 2008//2008 2010//2010 2009//2009
f 2009//2009 2010//2010 2011//2011
f 2009//2009 2011//2011 1671//1671
f 1671//1671 2011//2011 1672//1672
f 2011//2011 2010//2010 2012//2012
f 2012//2012 2010//2010 2013//2013
f 2012//2012 2013//2013 2014//2014
f 2014//2014 2015//2015 2012//2012
f 2012//2012 2015//2015 2016//2016
f 2012//2012 2016//2016 1673//1673
f 1673//1673 2016//2016 1761//1761
f 2016//2016 2015//2015 1761//1761
f 1761//1761 2015//2015 1759//1759
f 1759//1759 2017//2017 1757//1757
f 1757//1757 2017//2017 1755//1755
f 1755//1755 2017//2017 1753//1753
f 1753//1753 2017//2017 1751//1751
f 1369//1369 1293//1293 1367//1367
f 1327//1327 1326//1326 1395//1395
f 1512//1512 1505//1505 1510//1510
f 1983//1983 1184//1184 2018//2018
f 2018//2018 1184//1184 2019//2019
f 2018//2018 2019//2019 2020//2020
f 2020//2020 2019//2019 1182//1182
f 2020//2020 1182//1182 1180//1180
f 1222//1222 1224//1224 1220//1220
f 1221//1221 2021//2021 1223//1223
f 1223//1223 2021//2021 2022//2022
f 1223//1223 2022//2022 2023//2023
f 2023//2023 2022//2022 2024//2024
f 2023//2023 2024//2024 1239//1239
f 1239//1239 2024//2024 1240//1240
f 1221//1221 1219//1219 2021//2021
f 2021//2021 1219//1219 2025//2025
f 2021//2021 2025//2025 2022//2022
f 2022//2022 2025//2025 2024//2024
f 1238//1238 1223//1223 2023//2023
f 1239//1239 1238//1238 2023//2023
f 1195//1195 1193//1193 1225//1225
f 1225//1225 1227//1227 2026//2026
f 2026//2026 1227//1227 1229//1229
f 2026//2026 1229//1229 2027//2027
f 2027//2027 1229//1229 1231//1231
f 2027//2027 1231//1231 2028//2028
f 2028//2028 1231//1231 1233//1233
f 2028//2028 1233//1233 2029//2029
f 2029//2029 1233//1233 1235//1235
f 2029//2029 1235//1235 2030//2030
f 2030//2030 1235//1235 1237//1237
f 2030//2030 1237//1237 1207//1207
f 1207//1207 1237//1237 1209//1209
f 1190//1190 1192//1192 1188//1188
f 1188//1188 1192//1192 2031//2031
f 1188//1188 2031//2031 2032//2032
f 2032//2032 2031//2031 2033//2033
f 2032//2032 2033//2033 2034//2034
f 2034//2034 2033//2033 2035//2035
f 2034//2034 2035//2035 2036//2036
f 2036//2036 2035//2035 2037//2037
f 2036//2036 2037//2037 2038//2038
f 2038//2038 2037//2037 2039//2039
f 2038//2038 2039//2039 2040//2040
f 2040//2040 2039//2039 1961//1961
f 2040//2040 1961//1961 1963//1963
f 2031//2031 1192//1192 1194//1194
f 1188//1188 2032//2032 1168//1168
f 1168//1168 2032//2032 2041//2041
f 1168//1168 2041//2041 1170//1170
f 1170//1170 2041//2041 2042//2042
f 1170//1170 2042//2042 1172//1172
f 1172//1172 2042//2042 1982//1982
f 1174//1174 1981//1981 1176//1176
f 1176//1176 1981//1981 2043//2043
f 1176//1176 2043//2043 1178//1178
f 1178//1178 2043//2043 2044//2044
f 1178//1178 2044//2044 1180//1180
f 1180//1180 2044//2044 2020//2020
f 2019//2019 1184//1184 1182//1182
f 1783//1783 1804//1804 2045//2045
f 2045//2045 1804//1804 1806//1806
f 2045//2045 1806//1806 2046//2046
f 2046//2046 1806//1806 1808//1808
f 2046//2046 1808//1808 2047//2047
f 2047//2047 1808//1808 1810//1810
f 2047//2047 1810//1810 2048//2048
f 2048//2048 1810//1810 1812//1812
f 2048//2048 1812//1812 1829//1829
f 1784//1784 1783//1783 2049//2049
f 2049//2049 1783//1783 2045//2045
f 2049//2049 2045//2045 2050//2050
f 2050//2050 2045//2045 2046//2046
f 2050//2050 2046//2046 2051//2051
f 2051//2051 2046//2046 2047//2047
f 2051//2051 2047//2047 2052//2052
f 2052//2052 2047//2047 2048//2048
f 2052//2052 2048//2048 2053//2053
f 2053//2053 2048//2048 1829//1829
f 2053//2053 1829//1829 1827//1827
f 1784//1784 2049//2049 1786//1786
f 1786//1786 2049//2049 2054//2054
f 1786//1786 2054//2054 1788//1788
f 1788//1788 2054//2054 2055//2055
f 1788//1788 2055//2055 1790//1790
f 1790//1790 2055//2055 2056//2056
f 1790//1790 2056//2056 1792//1792
f 1792//1792 2056//2056 1836//1836
f 2054//2054 2049//2049 2050//2050
f 1787//1787 2057//2057 2058//2058
f 2058//2058 2057//2057 2059//2059
f 2058//2058 2059//2059 1763//1763
f 1763//1763 2059//2059 1764//1764
f 2057//2057 2060//2060 2059//2059
f 2059//2059 2060//2060 1765//1765
f 2059//2059 1765//1765 1764//1764
f 1787//1787 1789//1789 2057//2057
f 2057//2057 1789//1789 2061//2061
f 2057//2057 2061//2061 2060//2060
f 2060//2060 2061//2061 2062//2062
f 2060//2060 2062//2062 1767//1767
f 1767//1767 2062//2062 1769//1769
f 2060//2060 1767//1767 1765//1765
f 1766//1766 1768//1768 1736//1736
f 1736//1736 1768//1768 1738//1738
f 1740//1740 1738//1738 1770//1770
f 1770//1770 1738//1738 1768//1768
f 1737//1737 1739//1739 1716//1716
f 1716//1716 1739//1739 1718//1718
f 1720//1720 1718//1718 1741//1741
f 1741//1741 1718//1718 1739//1739
f 1719//1719 2063//2063 2064//2064
f 2064//2064 2063//2063 2065//2065
f 2064//2064 2065//2065 2066//2066
f 2066//2066 2065//2065 2067//2067
f 2066//2066 2067//2067 1691//1691
f 1691//1691 2067//2067 1692//1692
f 2063//2063 2068//2068 2065//2065
f 2065//2065 2068//2068 2069//2069
f 2065//2065 2069//2069 2067//2067
f 2067//2067 2069//2069 1694//1694
f 2067//2067 1694//1694 1692//1692
f 1719//1719 1721//1721 2063//2063
f 2063//2063 1721//1721 2070//2070
f 2063//2063 2070//2070 2068//2068
f 2068//2068 2070//2070 2071//2071
f 2068//2068 2071//2071 2072//2072
f 2072//2072 2071//2071 2073//2073
f 2072//2072 2073//2073 1698//1698
f 1698//1698 2073//2073 1700//1700
f 2068//2068 2072//2072 2069//2069
f 2069//2069 2072//2072 1696//1696
f 2069//2069 1696//1696 1694//1694
f 2072//2072 1698//1698 1696//1696
f 1699//1699 2074//2074 2075//2075
f 2075//2075 2074//2074 1678//1678
f 2075//2075 1678//1678 1676//1676
f 1678//1678 2074//2074 1680//1680
f 1680//1680 2074//2074 2076//2076
f 1680//1680 2076//2076 1682//1682
f 1682//1682 2076//2076 2077//2077
f 1682//1682 2077//2077 1684//1684
f 1684//1684 2077//2077 1707//1707
f 1684//1684 1707//1707 1686//1686
f 2076//2076 2074//2074 1701//1701
f 1701//1701 2074//2074 1699//1699
f 2007//2007 2006//2006 1666//1666
f 1666//1666 2006//2006 1667//1667
f 1668//1668 1667//1667 2005//2005
f 2005//2005 1667//1667 2006//2006
f 1645//1645 2078//2078 2079//2079
f 2079//2079 2078//2078 2080//2080
f 2079//2079 2080//2080 2081//2081
f 2081//2081 2080//2080 2082//2082
f 2081//2081 2082//2082 2083//2083
f 2083//2083 2082//2082 1655//1655
f 2083//2083 1655//1655 1653//1653
f 2078//2078 2084//2084 2080//2080
f 2080//2080 2084//2084 2085//2085
f 2080//2080 2085//2085 2082//2082
f 2082//2082 2085//2085 2086//2086
f 2082//2082 2086//2086 1655//1655
f 1655//1655 2086//2086 1656//1656
f 1645//1645 1643//1643 2078//2078
f 2078//2078 1643//1643 2087//2087
f 2078//2078 2087//2087 2084//2084
f 2084//2084 2087//2087 2088//2088
f 2084//2084 2088//2088 2089//2089
f 2089//2089 2088//2088 2090//2090
f 2089//2089 2090//2090 2091//2091
f 2091//2091 2090//2090 2092//2092
f 2091//2091 2092//2092 1662//1662
f 1662//1662 2092//2092 1625//1625
f 2084//2084 2089//2089 2085//2085
f 2085//2085 2089//2089 2093//2093
f 2085//2085 2093//2093 2086//2086
f 2086//2086 2093//2093 1658//1658
f 2086//2086 1658//1658 1656//1656
f 2089//2089 2091//2091 2093//2093
f 2093//2093 2091//2091 1660//1660
f 2093//2093 1660//1660 1658//1658
f 2091//2091 1662//1662 1660//1660
f 1661//1661 1623//1623 1621//1621
f 1622//1622 2094//2094 1620//1620
f 1620//1620 2094//2094 2095//2095
f 1620//1620 2095//2095 1618//1618
f 1618//1618 2095//2095 2096//2096
f 1618//1618 2096//2096 1594//1594
f 1594//1594 2096//2096 2097//2097
f 1594//1594 2097//2097 2098//2098
f 2098//2098 2097//2097 2096//2096
f 2098//2098 2096//2096 1855//1855
f 1855//1855 2096//2096 1853//1853
f 2094//2094 1851//1851 2095//2095
f 2095//2095 1851//1851 1853//1853
f 2095//2095 1853//1853 2096//2096
f 2094//2094 1622//1622 2099//2099
f 2099//2099 1622//1622 1624//1624
f 2099//2099 1624//1624 2100//2100
f 2100//2100 1624//1624 1626//1626
f 2100//2100 1626//1626 2101//2101
f 2101//2101 1626//1626 1628//1628
f 2101//2101 1628//1628 2102//2102
f 2102//2102 1628//1628 1630//1630
f 2102//2102 1630//1630 1839//1839
f 1839//1839 1630//1630 1632//1632
f 1851//1851 2094//2094 1849//1849
f 1849//1849 2094//2094 2099//2099
f 1849//1849 2099//2099 1847//1847
f 1847//1847 2099//2099 2100//2100
f 1847//1847 2100//2100 1845//1845
f 1845//1845 2100//2100 2101//2101
f 1845//1845 2101//2101 1843//1843
f 1843//1843 2101//2101 2102//2102
f 1843//1843 2102//2102 1841//1841
f 1841//1841 2102//2102 1839//1839
f 1852//1852 2103//2103 1854//1854
f 1854//1854 2103//2103 2104//2104
f 1854//1854 2104//2104 1857//1857
f 1857//1857 2104//2104 1598//1598
f 1857//1857 1598//1598 1596//1596
f 2103//2103 2105//2105 2104//2104
f 2104//2104 2105//2105 1600//1600
f 2104//2104 1600//1600 1598//1598
f 2103//2103 1852//1852 2106//2106
f 2106//2106 1852//1852 1850//1850
f 2106//2106 1850//1850 1865//1865
f 1600//1600 2105//2105 1602//1602
f 1602//1602 2105//2105 2107//2107
f 1602//1602 2107//2107 1604//1604
f 1604//1604 2107//2107 2108//2108
f 1604//1604 2108//2108 1606//1606
f 1606//1606 2108//2108 2109//2109
f 1606//1606 2109//2109 1608//1608
f 1608//1608 2109//2109 2110//2110
f 1608//1608 2110//2110 1610//1610
f 1610//1610 2110//2110 2111//2111
f 1610//1610 2111//2111 1612//1612
f 1612//1612 2111//2111 1614//1614
f 2105//2105 2103//2103 2112//2112
f 2112//2112 2103//2103 2106//2106
f 2112//2112 2106//2106 2113//2113
f 2113//2113 2106//2106 1865//1865
f 2113//2113 1865//1865 1863//1863
f 1603//1603 2114//2114 2115//2115
f 2115//2115 2114//2114 1579//1579
f 2115//2115 1579//1579 1577//1577
f 1579//1579 2114//2114 1581//1581
f 1581//1581 2114//2114 2116//2116
f 1581//1581 2116//2116 1583//1583
f 1583//1583 2116//2116 2117//2117
f 1583//1583 2117//2117 1585//1585
f 1585//1585 2117//2117 2118//2118
f 1585//1585 2118//2118 1587//1587
f 1587//1587 2118//2118 2119//2119
f 1587//1587 2119//2119 1589//1589
f 1589//1589 2119//2119 2120//2120
f 1589//1589 2120//2120 2121//2121
f 2121//2121 2120//2120 1593//1593
f 2121//2121 1593//1593 1591//1591
f 2116//2116 2114//2114 1605//1605
f 1605//1605 2114//2114 1603//1603
f 1580//1580 1582//1582 1553//1553
f 1553//1553 1582//1582 1551//1551
f 1549//1549 1551//1551 1584//1584
f 1584//1584 1551//1551 1582//1582
f 1550//1550 2122//2122 2123//2123
f 2123//2123 2122//2122 2124//2124
f 2123//2123 2124//2124 2125//2125
f 2125//2125 2124//2124 2126//2126
f 2125//2125 2126//2126 2127//2127
f 2127//2127 2126//2126 2128//2128
f 2127//2127 2128//2128 2129//2129
f 2129//2129 2128//2128 2130//2130
f 2129//2129 2130//2130 1560//1560
f 1560//1560 2130//2130 1561//1561
f 2122//2122 2131//2131 2124//2124
f 2124//2124 2131//2131 2132//2132
f 2124//2124 2132//2132 2126//2126
f 2126//2126 2132//2132 2133//2133
f 2126//2126 2133//2133 2134//2134
f 2134//2134 2133//2133 2135//2135
f 2134//2134 2135//2135 2136//2136
f 2136//2136 2135//2135 1564//1564
f 2136//2136 1564//1564 1562//1562
f 1550//1550 1548//1548 2122//2122
f 2122//2122 1548//1548 2137//2137
f 2122//2122 2137//2137 2131//2131
f 2131//2131 2137//2137 2138//2138
f 2131//2131 2138//2138 2139//2139
f 2139//2139 2138//2138 2140//2140
f 2139//2139 2140//2140 2141//2141
f 2141//2141 2140//2140 2142//2142
f 2141//2141 2142//2142 2143//2143
f 2143//2143 2142//2142 1530//1530
f 2143//2143 1530//1530 1528//1528
f 2131//2131 2139//2139 2132//2132
f 2132//2132 2139//2139 2144//2144
f 2132//2132 2144//2144 2133//2133
f 2133//2133 2144//2144 2135//2135
f 2139//2139 2141//2141 2144//2144
f 2144//2144 2141//2141 2145//2145
f 2144//2144 2145//2145 2135//2135
f 2135//2135 2145//2145 1566//1566
f 2135//2135 1566//1566 1564//1564
f 2141//2141 2143//2143 2145//2145
f 2145//2145 2143//2143 1568//1568
f 2145//2145 1568//1568 1566//1566
f 2143//2143 1528//1528 1568//1568
f 1527//1527 2146//2146 1525//1525
f 1525//1525 2146//2146 2147//2147
f 1525//1525 2147//2147 1523//1523
f 1523//1523 2147//2147 1464//1464
f 1523//1523 1464//1464 1460//1460
f 1460//1460 1464//1464 1462//1462
f 2146//2146 1878//1878 2147//2147
f 2147//2147 1878//1878 1466//1466
f 2147//2147 1466//1466 1464//1464
f 2146//2146 1527//1527 2148//2148
f 2148//2148 1527//1527 1529//1529
f 2148//2148 1529//1529 2149//2149
f 2149//2149 1529//1529 1531//1531
f 2149//2149 1531//1531 2150//2150
f 2150//2150 1531//1531 1533//1533
f 2150//2150 1533//1533 2151//2151
f 2151//2151 1533//1533 1535//1535
f 2151//2151 1535//1535 1866//1866
f 1866//1866 1535//1535 1537//1537
f 1878//1878 2146//2146 1876//1876
f 1876//1876 2146//2146 2148//2148
f 1876//1876 2148//2148 1874//1874
f 1874//1874 2148//2148 2149//2149
f 1874//1874 2149//2149 1872//1872
f 1872//1872 2149//2149 2150//2150
f 1872//1872 2150//2150 1870//1870
f 1870//1870 2150//2150 2151//2151
f 1870//1870 2151//2151 1868//1868
f 1868//1868 2151//2151 1866//1866
f 1470//1470 1468//1468 1877//1877
f 1467//1467 1469//1469 1452//1452
f 1452//1452 1469//1469 1450//1450
f 1448//1448 1450//1450 1471//1471
f 1471//1471 1450//1450 1469//1469
f 1449//1449 2152//2152 2153//2153
f 2153//2153 2152//2152 1515//1515
f 2153//2153 1515//1515 1514//1514
f 1515//1515 2152//2152 1517//1517
f 1517//1517 2152//2152 2154//2154
f 1517//1517 2154//2154 1519//1519
f 1519//1519 2154//2154 2155//2155
f 1519//1519 2155//2155 1493//1493
f 1493//1493 2155//2155 1495//1495
f 2154//2154 2152//2152 1447//1447
f 1447//1447 2152//2152 1449//1449
f 1518//1518 1489//1489 2156//2156
f 2156//2156 1489//1489 1487//1487
f 2156//2156 1487//1487 1500//1500
f 1500//1500 1487//1487 1481//1481
f 1489//1489 1518//1518 1491//1491
f 1488//1488 1426//1426 1486//1486
f 1486//1486 1426//1426 1424//1424
f 1486//1486 1424//1424 1484//1484
f 1484//1484 1424//1424 1422//1422
f 1484//1484 1422//1422 1418//1418
f 1418//1418 1422//1422 1419//1419
f 1426//1426 1488//1488 1428//1428
f 1428//1428 1488//1488 1490//1490
f 1428//1428 1490//1490 1430//1430
f 1430//1430 1490//1490 1492//1492
f 1430//1430 1492//1492 1432//1432
f 1432//1432 1492//1492 1494//1494
f 1432//1432 1494//1494 1434//1434
f 1434//1434 1494//1494 1496//1496
f 1434//1434 1496//1496 1436//1436
f 1436//1436 1496//1496 1439//1439
f 1423//1423 1425//1425 1907//1907
f 1907//1907 1425//1425 2157//2157
f 1907//1907 2157//2157 1905//1905
f 1905//1905 2157//2157 2158//2158
f 1905//1905 2158//2158 1903//1903
f 1903//1903 2158//2158 2159//2159
f 1903//1903 2159//2159 1901//1901
f 1901//1901 2159//2159 2160//2160
f 1901//1901 2160//2160 1899//1899
f 1899//1899 2160//2160 2161//2161
f 1899//1899 2161//2161 1897//1897
f 1897//1897 2161//2161 1889//1889
f 2157//2157 1425//1425 1427//1427
f 1908//1908 1906//1906 1356//1356
f 1356//1356 1906//1906 1354//1354
f 1352//1352 1354//1354 1904//1904
f 1904//1904 1354//1354 1906//1906
f 1353//1353 2162//2162 1366//1366
f 1366//1366 2162//2162 2163//2163
f 1366//1366 2163//2163 1364//1364
f 1364//1364 2163//2163 2164//2164
f 1364//1364 2164//2164 1362//1362
f 1362//1362 2164//2164 2165//2165
f 1362//1362 2165//2165 1410//1410
f 1410//1410 2165//2165 1411//1411
f 2162//2162 2166//2166 2163//2163
f 2163//2163 2166//2166 2167//2167
f 2163//2163 2167//2167 2164//2164
f 2164//2164 2167//2167 1415//1415
f 2164//2164 1415//1415 1413//1413
f 1353//1353 1351//1351 2162//2162
f 2162//2162 1351//1351 2168//2168
f 2162//2162 2168//2168 2166//2166
f 2166//2166 2168//2168 2169//2169
f 2166//2166 2169//2169 2170//2170
f 2170//2170 2169//2169 1404//1404
f 2170//2170 1404//1404 1402//1402
f 2166//2166 2170//2170 2167//2167
f 2167//2167 2170//2170 1417//1417
f 2167//2167 1417//1417 1415//1415
f 2170//2170 1402//1402 1417//1417
f 1401//1401 1331//1331 1399//1399
f 1399//1399 1331//1331 1329//1329
f 1399//1399 1329//1329 1397//1397
f 1397//1397 1329//1329 1327//1327
f 1397//1397 1327//1327 1395//1395
f 1331//1331 1401//1401 1333//1333
f 1333//1333 1401//1401 1403//1403
f 1333//1333 1403//1403 1335//1335
f 1335//1335 1403//1403 1405//1405
f 1335//1335 1405//1405 1337//1337
f 1337//1337 1405//1405 1407//1407
f 1337//1337 1407//1407 1339//1339
f 1339//1339 1407//1407 1409//1409
f 1339//1339 1409//1409 1341//1341
f 1341//1341 1409//1409 1343//1343
f 1330//1330 2171//2171 1328//1328
f 1328//1328 2171//2171 1321//1321
f 1328//1328 1321//1321 1323//1323
f 1919//1919 1319//1319 2171//2171
f 2171//2171 1319//1319 1321//1321
f 2171//2171 1330//1330 2172//2172
f 2172//2172 1330//1330 1332//1332
f 2172//2172 1332//1332 2173//2173
f 2173//2173 1332//1332 1334//1334
f 2173//2173 1334//1334 2174//2174
f 2174//2174 1334//1334 1336//1336
f 2174//2174 1336//1336 2175//2175
f 2175//2175 1336//1336 1338//1338
f 2175//2175 1338//1338 1909//1909
f 1909//1909 1338//1338 1340//1340
f 1320//1320 1318//1318 1388//1388
f 1389//1389 2176//2176 1387//1387
f 1387//1387 2176//2176 1377//1377
f 1387//1387 1377//1377 1379//1379
f 1375//1375 1377//1377 2177//2177
f 2177//2177 1377//1377 2176//2176
f 2177//2177 2176//2176 2178//2178
f 2178//2178 2176//2176 2179//2179
f 2178//2178 2179//2179 2180//2180
f 2180//2180 2179//2179 1314//1314
f 2180//2180 1314//1314 1312//1312
f 2176//2176 1389//1389 2179//2179
f 2179//2179 1389//1389 1316//1316
f 2179//2179 1316//1316 1314//1314
f 1373//1373 1375//1375 2181//2181
f 2181//2181 1375//1375 2177//2177
f 2181//2181 2177//2177 2182//2182
f 2182//2182 2177//2177 2178//2178
f 2182//2182 2178//2178 2183//2183
f 2183//2183 2178//2178 2180//2180
f 2183//2183 2180//2180 2184//2184
f 2184//2184 2180//2180 1312//1312
f 2184//2184 1312//1312 1310//1310
f 2181//2181 2185//2185 1373//1373
f 1373//1373 2185//2185 1370//1370
f 1373//1373 1370//1370 1371//1371
f 1297//1297 1295//1295 2185//2185
f 2185//2185 1295//1295 1370//1370
f 2185//2185 2181//2181 2186//2186
f 2186//2186 2181//2181 2182//2182
f 2186//2186 2182//2182 2187//2187
f 2187//2187 2182//2182 2183//2183
f 2187//2187 2183//2183 2188//2188
f 2188//2188 2183//2183 2184//2184
f 2188//2188 2184//2184 2189//2189
f 2189//2189 2184//2184 1310//1310
f 2189//2189 1310//1310 1308//1308
f 1290//1290 1292//1292 2190//2190
f 2190//2190 1292//1292 1294//1294
f 2190//2190 1294//1294 2191//2191
f 2191//2191 1294//1294 1296//1296
f 2191//2191 1296//1296 2192//2192
f 2192//2192 1296//1296 1298//1298
f 2192//2192 1298//1298 2193//2193
f 2193//2193 1298//1298 1300//1300
f 2193//2193 1300//1300 2194//2194
f 2194//2194 1300//1300 1302//1302
f 2194//2194 1302//1302 1925//1925
f 1925//1925 1302//1302 1304//1304
f 1276//1276 1290//1290 1937//1937
f 1937//1937 1290//1290 2190//2190
f 1937//1937 2190//2190 1935//1935
f 1935//1935 2190//2190 2191//2191
f 1935//1935 2191//2191 1933//1933
f 1933//1933 2191//2191 2192//2192
f 1933//1933 2192//2192 1931//1931
f 1931//1931 2192//2192 2193//2193
f 1931//1931 2193//2193 1929//1929
f 1929//1929 2193//2193 2194//2194
f 1929//1929 2194//2194 1927//1927
f 1927//1927 2194//2194 1925//1925
f 1261//1261 1260//1260 1279//1279
f 1280//1280 1278//1278 1944//1944
f 1261//1261 1279//1279 1262//1262
f 1262//1262 1279//1279 1281//1281
f 1262//1262 1281//1281 1264//1264
f 1264//1264 1281//1281 1283//1283
f 1264//1264 1283//1283 1266//1266
f 1266//1266 1283//1283 1285//1285
f 1266//1266 1285//1285 1268//1268
f 1268//1268 1285//1285 1287//1287
f 1268//1268 1287//1287 1270//1270
f 1270//1270 1287//1287 1289//1289
f 1270//1270 1289//1289 1272//1272
f 1252//1252 1251//1251 1263//1263
f 1252//1252 1263//1263 1253//1253
f 1253//1253 1263//1263 1265//1265
f 1253//1253 1265//1265 1254//1254
f 1254//1254 1265//1265 1267//1267
f 1254//1254 1267//1267 1255//1255
f 1255//1255 1267//1267 1269//1269
f 1255//1255 1269//1269 1256//1256
f 1256//1256 1269//1269 1271//1271
f 1256//1256 1271//1271 1257//1257
f 1257//1257 1271//1271 1273//1273
f 1257//1257 1273//1273 1258//1258
f 1219//1219 1217//1217 2025//2025
f 2025//2025 1217//1217 2195//2195
f 2025//2025 2195//2195 2024//2024
f 2024//2024 2195//2195 1240//1240
f 1197//1197 1195//1195 2026//2026
f 2026//2026 1195//1195 1225//1225
f 1197//1197 2026//2026 2027//2027
f 2031//2031 1194//1194 2196//2196
f 2196//2196 1194//1194 1196//1196
f 2196//2196 1196//1196 2197//2197
f 2197//2197 1196//1196 1198//1198
f 2197//2197 1198//1198 1958//1958
f 2032//2032 2034//2034 2041//2041
f 2041//2041 2034//2034 2198//2198
f 2041//2041 2198//2198 2042//2042
f 2042//2042 2198//2198 2199//2199
f 2042//2042 2199//2199 1982//1982
f 1982//1982 2199//2199 1980//1980
f 1981//1981 1979//1979 2043//2043
f 2043//2043 1979//1979 2200//2200
f 2043//2043 2200//2200 2044//2044
f 2044//2044 2200//2200 2201//2201
f 2044//2044 2201//2201 2020//2020
f 2020//2020 2201//2201 2018//2018
f 1381//1381 1387//1387 1379//1379
f 1391//1391 1320//1320 1388//1388
f 1384//1384 1391//1391 1388//1388
f 1416//1416 1400//1400 1398//1398
f 1357//1357 1355//1355 1365//1365
f 1421//1421 1908//1908 1358//1358
f 1358//1358 1908//1908 1356//1356
f 1481//1481 1487//1487 1485//1485
f 1518//1518 2156//2156 1516//1516
f 1516//1516 2156//2156 1501//1501
f 1516//1516 1501//1501 1503//1503
f 1501//1501 2156//2156 1500//1500
f 1449//1449 2153//2153 1451//1451
f 1451//1451 2153//2153 2202//2202
f 1451//1451 2202//2202 1453//1453
f 1453//1453 2202//2202 2203//2203
f 1453//1453 2203//2203 2204//2204
f 2204//2204 2203//2203 2205//2205
f 2204//2204 2205//2205 1455//1455
f 1455//1455 2205//2205 1508//1508
f 2202//2202 2153//2153 1514//1514
f 1465//1465 1467//1467 1454//1454
f 1454//1454 1467//1467 1452//1452
f 1567//1567 1526//1526 1524//1524
f 1550//1550 2123//2123 1552//1552
f 1552//1552 2123//2123 1572//1572
f 1552//1552 1572//1572 1554//1554
f 1572//1572 2123//2123 2125//2125
f 1578//1578 1580//1580 1555//1555
f 1555//1555 1580//1580 1553//1553
f 1603//1603 2115//2115 1601//1601
f 1601//1601 2115//2115 2206//2206
f 1601//1601 2206//2206 1599//1599
f 1599//1599 2206//2206 1574//1574
f 1599//1599 1574//1574 1597//1597
f 2206//2206 2115//2115 1577//1577
f 1661//1661 1621//1621 2207//2207
f 2207//2207 1621//1621 1619//1619
f 2207//2207 1619//1619 1615//1615
f 1615//1615 1619//1619 1616//1616
f 1645//1645 2079//2079 1647//1647
f 1647//1647 2079//2079 2208//2208
f 1647//1647 2208//2208 1649//1649
f 1649//1649 2208//2208 2209//2209
f 1649//1649 2209//2209 1651//1651
f 1651//1651 2209//2209 1653//1653
f 2208//2208 2079//2079 2081//2081
f 1664//1664 2007//2007 1665//1665
f 1665//1665 2007//2007 1666//1666
f 1699//1699 2075//2075 1697//1697
f 1697//1697 2075//2075 2210//2210
f 1697//1697 2210//2210 1695//1695
f 1695//1695 2210//2210 1674//1674
f 1695//1695 1674//1674 1693//1693
f 2210//2210 2075//2075 1676//1676
f 1719//1719 2064//2064 1717//1717
f 1717//1717 2064//2064 2211//2211
f 1717//1717 2211//2211 1715//1715
f 1715//1715 2211//2211 2212//2212
f 1715//1715 2212//2212 1713//1713
f 1713//1713 2212//2212 1690//1690
f 2211//2211 2064//2064 2066//2066
f 1735//1735 1737//1737 1714//1714
f 1714//1714 1737//1737 1716//1716
f 1733//1733 1766//1766 1734//1734
f 1734//1734 1766//1766 1736//1736
f 1787//1787 2058//2058 1785//1785
f 1785//1785 2058//2058 2213//2213
f 1785//1785 2213//2213 1762//1762
f 1762//1762 2213//2213 1763//1763
f 2213//2213 2058//2058 1763//1763
f 1385//1385 1384//1384 1386//1386
f 1386//1386 1384//1384 1388//1388
f 1324//1324 1322//1322 1390//1390
f 1416//1416 1398//1398 1392//1392
f 1392//1392 1398//1398 2214//2214
f 1392//1392 2214//2214 2215//2215
f 2215//2215 2214//2214 1396//1396
f 2215//2215 1396//1396 1393//1393
f 1393//1393 1396//1396 1394//1394
f 2165//2165 2164//2164 1413//1413
f 1357//1357 1365//1365 2216//2216
f 2216//2216 1365//1365 1363//1363
f 2216//2216 1363//1363 1361//1361
f 1360//1360 1421//1421 1358//1358
f 1419//1419 1422//1422 1420//1420
f 2203//2203 2202//2202 1513//1513
f 1513//1513 2202//2202 1514//1514
f 2204//2204 1455//1455 1453//1453
f 1463//1463 1465//1465 1456//1456
f 1456//1456 1465//1465 1454//1454
f 1565//1565 1567//1567 1524//1524
f 2128//2128 2126//2126 2134//2134
f 1560//1560 1572//1572 2125//2125
f 1560//1560 2125//2125 2127//2127
f 1559//1559 1578//1578 1555//1555
f 1577//1577 1575//1575 2206//2206
f 2206//2206 1575//1575 2217//2217
f 2206//2206 2217//2217 1574//1574
f 1574//1574 2217//2217 1575//1575
f 2098//2098 1856//1856 1595//1595
f 1616//1616 1619//1619 1617//1617
f 1661//1661 2207//2207 1659//1659
f 1659//1659 2207//2207 2218//2218
f 1659//1659 2218//2218 1657//1657
f 1657//1657 2218//2218 1615//1615
f 2218//2218 2207//2207 1615//1615
f 2208//2208 2081//2081 1653//1653
f 1653//1653 2081//2081 2219//2219
f 1653//1653 2219//2219 2083//2083
f 2083//2083 2219//2219 2081//2081
f 1653//1653 2209//2209 2208//2208
f 1652//1652 1654//1654 1650//1650
f 1676//1676 1675//1675 2210//2210
f 2210//2210 1675//1675 2220//2220
f 2210//2210 2220//2220 1674//1674
f 1674//1674 2220//2220 1675//1675
f 2211//2211 2066//2066 1690//1690
f 1690//1690 2066//2066 2221//2221
f 1690//1690 2221//2221 1691//1691
f 1691//1691 2221//2221 2066//2066
f 1690//1690 2212//2212 2211//2211
f 1714//1714 1712//1712 1735//1735
f 1735//1735 1712//1712 1711//1711
f 1735//1735 1711//1711 1710//1710
f 1396//1396 2214//2214 1398//1398
f 1412//1412 1414//1414 1392//1392
f 1392//1392 1414//1414 1416//1416
f 1411//1411 2165//2165 1413//1413
f 1359//1359 1357//1357 2222//2222
f 2222//2222 1357//1357 2216//2216
f 2222//2222 2216//2216 1361//1361
f 1361//1361 1359//1359 2222//2222
f 1481//1481 1485//1485 2223//2223
f 2223//2223 1485//1485 1483//1483
f 2223//2223 1483//1483 2224//2224
f 2224//2224 1483//1483 1482//1482
f 2224//2224 1482//1482 1481//1481
f 1481//1481 2223//2223 2224//2224
f 1506//1506 1504//1504 1502//1502
f 2205//2205 2203//2203 1511//1511
f 1511//1511 2203//2203 1513//1513
f 1461//1461 1463//1463 1458//1458
f 1458//1458 1463//1463 1456//1456
f 1565//1565 1524//1524 2225//2225
f 2225//2225 1524//1524 1522//1522
f 2225//2225 1522//1522 2226//2226
f 2226//2226 1522//1522 1521//1521
f 2226//2226 1521//1521 1520//1520
f 1565//1565 2225//2225 2227//2227
f 2227//2227 2225//2225 2226//2226
f 2227//2227 2226//2226 1520//1520
f 1520//1520 1563//1563 1565//1565
f 2130//2130 2128//2128 2134//2134
f 1562//1562 1561//1561 2136//2136
f 2136//2136 1561//1561 2134//2134
f 1561//1561 2130//2130 2134//2134
f 1560//1560 2127//2127 2129//2129
f 1594//1594 2098//2098 1595//1595
f 1570//1570 1569//1569 1571//1571
f 1498//1498 1497//1497 1499//1499
f 1392//1392 2215//2215 1393//1393
f 1508//1508 2205//2205 1509//1509
f 1509//1509 2205//2205 1511//1511
f 1459//1459 1461//1461 1458//1458
f 2227//2227 1520//1520 1565//1565
f 2054//2054 2050//2050 2228//2228
f 2228//2228 2050//2050 2051//2051
f 2228//2228 2051//2051 2229//2229
f 2229//2229 2051//2051 2052//2052
f 2229//2229 2052//2052 2230//2230
f 2230//2230 2052//2052 2053//2053
f 2230//2230 2053//2053 2231//2231
f 2231//2231 2053//2053 1827//1827
f 2231//2231 1827//1827 1826//1826
f 1789//1789 1791//1791 2061//2061
f 2061//2061 1791//1791 2232//2232
f 2061//2061 2232//2232 2062//2062
f 2062//2062 2232//2232 2233//2233
f 2062//2062 2233//2233 1769//1769
f 1769//1769 2233//2233 1771//1771
f 1742//1742 1740//1740 1772//1772
f 1772//1772 1740//1740 1770//1770
f 1722//1722 1720//1720 1743//1743
f 1743//1743 1720//1720 1741//1741
f 1721//1721 1723//1723 2070//2070
f 2070//2070 1723//1723 1725//1725
f 2070//2070 1725//1725 2071//2071
f 2071//2071 1725//1725 1727//1727
f 2071//2071 1727//1727 2073//2073
f 2073//2073 1727//1727 1729//1729
f 2073//2073 1729//1729 1700//1700
f 1700//1700 1729//1729 1702//1702
f 2077//2077 2076//2076 1703//1703
f 1703//1703 2076//2076 1701//1701
f 1669//1669 1668//1668 2004//2004
f 2004//2004 1668//1668 2005//2005
f 1643//1643 1641//1641 2087//2087
f 2087//2087 1641//1641 2234//2234
f 2087//2087 2234//2234 2088//2088
f 2088//2088 2234//2234 2235//2235
f 2088//2088 2235//2235 2090//2090
f 2090//2090 2235//2235 2236//2236
f 2090//2090 2236//2236 2092//2092
f 2092//2092 2236//2236 1627//1627
f 2092//2092 1627//1627 1625//1625
f 2105//2105 2112//2112 2107//2107
f 2107//2107 2112//2112 2237//2237
f 2107//2107 2237//2237 2108//2108
f 2108//2108 2237//2237 2238//2238
f 2108//2108 2238//2238 2109//2109
f 2109//2109 2238//2238 2239//2239
f 2109//2109 2239//2239 2110//2110
f 2110//2110 2239//2239 2240//2240
f 2110//2110 2240//2240 2111//2111
f 2111//2111 2240//2240 1614//1614
f 2237//2237 2112//2112 2113//2113
f 2117//2117 2116//2116 1607//1607
f 1607//1607 2116//2116 1605//1605
f 1547//1547 1549//1549 1586//1586
f 1586//1586 1549//1549 1584//1584
f 1548//1548 1546//1546 2137//2137
f 2137//2137 1546//1546 2241//2241
f 2137//2137 2241//2241 2138//2138
f 2138//2138 2241//2241 2242//2242
f 2138//2138 2242//2242 2140//2140
f 2140//2140 2242//2242 2243//2243
f 2140//2140 2243//2243 2142//2142
f 2142//2142 2243//2243 1532//1532
f 2142//2142 1532//1532 1530//1530
f 1472//1472 1470//1470 1888//1888
f 1888//1888 1470//1470 1877//1877
f 1446//1446 1448//1448 1473//1473
f 1473//1473 1448//1448 1471//1471
f 2155//2155 2154//2154 1445//1445
f 1445//1445 2154//2154 1447//1447
f 2157//2157 1427//1427 2244//2244
f 2244//2244 1427//1427 1429//1429
f 2244//2244 1429//1429 1895//1895
f 1350//1350 1352//1352 1902//1902
f 1902//1902 1352//1352 1904//1904
f 1351//1351 1349//1349 2168//2168
f 2168//2168 1349//1349 2245//2245
f 2168//2168 2245//2245 2169//2169
f 2169//2169 2245//2245 1406//1406
f 2169//2169 1406//1406 1404//1404
f 1917//1917 1919//1919 2172//2172
f 2172//2172 1919//1919 2171//2171
f 1917//1917 2172//2172 2173//2173
f 1315//1315 1317//1317 1918//1918
f 1299//1299 1297//1297 2186//2186
f 2186//2186 1297//1297 2185//2185
f 1299//1299 2186//2186 2187//2187
f 1282//1282 1280//1280 1951//1951
f 1951//1951 1280//1280 1944//1944
f 1241//1241 1240//1240 2195//2195
f 1241//1241 2195//2195 1215//1215
f 1215//1215 2195//2195 1217//1217
f 1199//1199 1197//1197 2027//2027
f 1199//1199 2027//2027 2028//2028
f 2031//2031 2196//2196 2033//2033
f 2033//2033 2196//2196 2246//2246
f 2033//2033 2246//2246 2035//2035
f 2035//2035 2246//2246 2247//2247
f 2035//2035 2247//2247 2037//2037
f 2037//2037 2247//2247 2248//2248
f 2037//2037 2248//2248 2039//2039
f 2039//2039 2248//2248 1959//1959
f 2039//2039 1959//1959 1961//1961
f 2246//2246 2196//2196 2197//2197
f 2034//2034 2036//2036 2198//2198
f 2198//2198 2036//2036 2249//2249
f 2198//2198 2249//2249 2199//2199
f 2199//2199 2249//2249 2250//2250
f 2199//2199 2250//2250 1980//1980
f 1980//1980 2250//2250 1978//1978
f 1979//1979 1977//1977 2200//2200
f 2200//2200 1977//1977 2251//2251
f 2200//2200 2251//2251 2201//2201
f 2201//2201 2251//2251 1983//1983
f 2201//2201 1983//1983 2018//2018
f 2054//2054 2228//2228 2055//2055
f 2055//2055 2228//2228 2252//2252
f 2055//2055 2252//2252 2056//2056
f 2056//2056 2252//2252 2253//2253
f 2056//2056 2253//2253 1836//1836
f 1836//1836 2253//2253 1834//1834
f 2252//2252 2228//2228 2229//2229
f 1791//1791 1793//1793 2232//2232
f 2232//2232 1793//1793 2254//2254
f 2232//2232 2254//2254 2233//2233
f 2233//2233 2254//2254 2255//2255
f 2233//2233 2255//2255 1771//1771
f 1771//1771 2255//2255 1773//1773
f 1744//1744 1742//1742 1774//1774
f 1774//1774 1742//1742 1772//1772
f 1724//1724 1722//1722 1745//1745
f 1745//1745 1722//1722 1743//1743
f 1707//1707 2077//2077 1705//1705
f 1705//1705 2077//2077 1703//1703
f 2003//2003 1669//1669 2004//2004
f 1641//1641 1639//1639 2234//2234
f 2234//2234 1639//1639 2256//2256
f 2234//2234 2256//2256 2235//2235
f 2235//2235 2256//2256 2257//2257
f 2235//2235 2257//2257 2236//2236
f 2236//2236 2257//2257 1629//1629
f 2236//2236 1629//1629 1627//1627
f 1864//1864 1848//1848 1846//1846
f 2237//2237 2113//2113 2258//2258
f 2258//2258 2113//2113 1863//1863
f 2258//2258 1863//1863 1861//1861
f 2118//2118 2117//2117 1609//1609
f 1609//1609 2117//2117 1607//1607
f 1545//1545 1547//1547 1588//1588
f 1588//1588 1547//1547 1586//1586
f 1546//1546 1544//1544 2241//2241
f 2241//2241 1544//1544 2259//2259
f 2241//2241 2259//2259 2242//2242
f 2242//2242 2259//2259 2260//2260
f 2242//2242 2260//2260 2243//2243
f 2243//2243 2260//2260 1534//1534
f 2243//2243 1534//1534 1532//1532
f 1887//1887 1875//1875 1873//1873
f 1474//1474 1472//1472 1886//1886
f 1886//1886 1472//1472 1888//1888
f 1444//1444 1446//1446 1475//1475
f 1475//1475 1446//1446 1473//1473
f 1495//1495 2155//2155 1443//1443
f 1443//1443 2155//2155 1445//1445
f 2157//2157 2244//2244 2158//2158
f 2158//2158 2244//2244 2261//2261
f 2158//2158 2261//2261 2159//2159
f 2159//2159 2261//2261 2262//2262
f 2159//2159 2262//2262 2160//2160
f 2160//2160 2262//2262 1890//1890
f 2160//2160 1890//1890 2161//2161
f 2161//2161 1890//1890 1889//1889
f 2261//2261 2244//2244 1895//1895
f 1348//1348 1350//1350 1900//1900
f 1900//1900 1350//1350 1902//1902
f 1408//1408 1406//1406 2245//2245
f 1408//1408 2245//2245 1347//1347
f 1347//1347 2245//2245 1349//1349
f 1915//1915 1917//1917 2173//2173
f 1915//1915 2173//2173 2174//2174
f 1315//1315 1918//1918 2263//2263
f 2263//2263 1918//1918 1916//1916
f 2263//2263 1916//1916 2264//2264
f 2264//2264 1916//1916 1914//1914
f 2264//2264 1914//1914 1920//1920
f 1920//1920 1914//1914 1912//1912
f 1301//1301 1299//1299 2187//2187
f 1301//1301 2187//2187 2188//2188
f 1950//1950 1943//1943 1942//1942
f 1284//1284 1282//1282 1949//1949
f 1949//1949 1282//1282 1951//1951
f 1213//1213 1241//1241 1215//1215
f 1201//1201 1199//1199 2028//2028
f 1201//1201 2028//2028 2029//2029
f 2246//2246 2197//2197 2265//2265
f 2265//2265 2197//2197 1958//1958
f 2265//2265 1958//1958 1956//1956
f 2036//2036 2038//2038 2249//2249
f 2249//2249 2038//2038 2266//2266
f 2249//2249 2266//2266 2250//2250
f 2250//2250 2266//2266 2267//2267
f 2250//2250 2267//2267 1978//1978
f 1978//1978 2267//2267 1976//1976
f 1984//1984 1983//1983 2251//2251
f 1984//1984 2251//2251 1975//1975
f 1975//1975 2251//2251 1977//1977
f 2252//2252 2229//2229 2268//2268
f 2268//2268 2229//2229 2230//2230
f 2268//2268 2230//2230 2269//2269
f 2269//2269 2230//2230 2231//2231
f 2269//2269 2231//2231 1825//1825
f 1825//1825 2231//2231 1826//1826
f 1793//1793 1795//1795 2254//2254
f 2254//2254 1795//1795 2270//2270
f 2254//2254 2270//2270 2255//2255
f 2255//2255 2270//2270 2271//2271
f 2255//2255 2271//2271 1773//1773
f 1773//1773 2271//2271 1775//1775
f 1746//1746 1744//1744 1776//1776
f 1776//1776 1744//1744 1774//1774
f 1671//1671 1670//1670 2009//2009
f 1639//1639 1637//1637 2256//2256
f 2256//2256 1637//1637 2272//2272
f 2256//2256 2272//2272 2257//2257
f 2257//2257 2272//2272 1631//1631
f 2257//2257 1631//1631 1629//1629
f 1864//1864 1846//1846 2273//2273
f 2273//2273 1846//1846 1844//1844
f 2273//2273 1844//1844 2274//2274
f 2274//2274 1844//1844 1842//1842
f 2274//2274 1842//1842 1840//1840
f 2237//2237 2258//2258 2238//2238
f 2238//2238 2258//2258 2275//2275
f 2238//2238 2275//2275 2239//2239
f 2239//2239 2275//2275 1858//1858
f 2239//2239 1858//1858 2240//2240
f 2240//2240 1858//1858 1614//1614
f 2275//2275 2258//2258 1861//1861
f 2119//2119 2118//2118 1611//1611
f 1611//1611 2118//2118 1609//1609
f 1543//1543 1545//1545 1590//1590
f 1590//1590 1545//1545 1588//1588
f 1544//1544 1542//1542 2259//2259
f 2259//2259 1542//1542 2276//2276
f 2259//2259 2276//2276 2260//2260
f 2260//2260 2276//2276 1536//1536
f 2260//2260 1536//1536 1534//1534
f 1887//1887 1873//1873 2277//2277
f 2277//2277 1873//1873 1871//1871
f 2277//2277 1871//1871 1881//1881
f 1476//1476 1474//1474 1884//1884
f 1884//1884 1474//1474 1886//1886
f 1442//1442 1444//1444 1477//1477
f 1477//1477 1444//1444 1475//1475
f 1441//1441 1495//1495 1443//1443
f 1894//1894 1431//1431 1433//1433
f 2262//2262 2261//2261 1893//1893
f 1893//1893 2261//2261 1895//1895
f 1346//1346 1348//1348 1898//1898
f 1898//1898 1348//1348 1900//1900
f 1345//1345 1408//1408 1347//1347
f 1913//1913 1915//1915 2174//2174
f 1913//1913 2174//2174 2175//2175
f 1315//1315 2263//2263 1313//1313
f 1313//1313 2263//2263 2278//2278
f 1313//1313 2278//2278 1311//1311
f 1311//1311 2278//2278 1924//1924
f 2278//2278 2263//2263 2264//2264
f 1303//1303 1301//1301 2188//2188
f 1303//1303 2188//2188 2189//2189
f 1950//1950 1942//1942 2279//2279
f 2279//2279 1942//1942 1941//1941
f 2279//2279 1941//1941 2280//2280
f 2280//2280 1941//1941 1940//1940
f 2280//2280 1940//1940 1939//1939
f 1286//1286 1284//1284 1947//1947
f 1947//1947 1284//1284 1949//1949
f 1203//1203 1201//1201 2029//2029
f 1203//1203 2029//2029 2030//2030
f 1957//1957 1200//1200 1202//1202
f 2246//2246 2265//2265 2247//2247
f 2247//2247 2265//2265 2281//2281
f 2247//2247 2281//2281 2248//2248
f 2248//2248 2281//2281 1953//1953
f 2248//2248 1953//1953 1959//1959
f 2281//2281 2265//2265 1956//1956
f 2038//2038 2040//2040 2266//2266
f 2266//2266 2040//2040 2282//2282
f 2266//2266 2282//2282 2267//2267
f 2267//2267 2282//2282 2283//2283
f 2267//2267 2283//2283 1976//1976
f 1976//1976 2283//2283 1974//1974
f 1828//1828 1814//1814 1816//1816
f 2252//2252 2268//2268 2253//2253
f 2253//2253 2268//2268 2284//2284
f 2253//2253 2284//2284 1834//1834
f 1834//1834 2284//2284 1832//1832
f 2284//2284 2268//2268 2269//2269
f 1795//1795 1797//1797 2270//2270
f 2270//2270 1797//1797 2285//2285
f 2270//2270 2285//2285 2271//2271
f 2271//2271 2285//2285 1803//1803
f 2271//2271 1803//1803 1775//1775
f 1748//1748 1746//1746 1778//1778
f 1778//1778 1746//1746 1776//1776
f 1822//1822 1828//1828 1823//1823
f 1823//1823 1828//1828 1816//1816
f 1825//1825 1830//1830 2269//2269
f 2269//2269 1830//1830 2284//2284
f 1830//1830 1832//1832 2284//2284
f 1798//1798 1796//1796 1838//1838
f 1801//1801 1803//1803 2285//2285
f 1801//1801 2285//2285 1799//1799
f 1799//1799 2285//2285 1797//1797
f 1750//1750 1748//1748 1780//1780
f 1780//1780 1748//1748 1778//1778
f 1969//1969 1974//1974 1967//1967
f 1967//1967 1974//1974 2283//2283
f 1967//1967 2283//2283 1965//1965
f 1965//1965 2283//2283 2282//2282
f 1965//1965 2282//2282 1963//1963
f 1963//1963 2282//2282 2040//2040
f 1956//1956 1954//1954 2281//2281
f 2281//2281 1954//1954 1953//1953
f 1204//1204 1206//1206 2286//2286
f 2286//2286 1206//1206 1955//1955
f 2286//2286 1955//1955 1957//1957
f 1202//1202 1204//1204 2286//2286
f 1202//1202 2286//2286 1957//1957
f 2030//2030 1207//1207 1205//1205
f 2030//2030 1205//1205 1203//1203
f 1947//1947 1945//1945 1286//1286
f 1286//1286 1945//1945 1288//1288
f 2280//2280 1939//1939 2287//2287
f 2287//2287 1939//1939 1946//1946
f 2287//2287 1946//1946 1948//1948
f 2279//2279 2280//2280 2287//2287
f 2279//2279 2287//2287 1948//1948
f 2189//2189 1308//1308 1305//1305
f 2189//2189 1305//1305 1303//1303
f 2264//2264 1920//1920 1922//1922
f 2264//2264 1922//1922 2278//2278
f 2278//2278 1922//1922 1924//1924
f 2175//2175 1909//1909 1911//1911
f 2175//2175 1911//1911 1913//1913
f 1898//1898 1896//1896 1346//1346
f 1346//1346 1896//1896 1344//1344
f 1893//1893 1891//1891 2262//2262
f 2262//2262 1891//1891 1890//1890
f 1435//1435 1437//1437 2288//2288
f 2288//2288 1437//1437 1892//1892
f 2288//2288 1892//1892 1894//1894
f 1433//1433 1435//1435 2288//2288
f 1433//1433 2288//2288 1894//1894
f 1477//1477 1479//1479 1442//1442
f 1442//1442 1479//1479 1440//1440
f 1880//1880 1879//1879 1883//1883
f 1884//1884 1882//1882 1476//1476
f 1476//1476 1882//1882 1478//1478
f 2277//2277 1881//1881 1880//1880
f 2277//2277 1880//1880 1885//1885
f 1885//1885 1880//1880 1883//1883
f 1536//1536 2276//2276 1538//1538
f 1538//1538 2276//2276 1540//1540
f 2276//2276 1542//1542 1540//1540
f 1590//1590 1592//1592 1543//1543
f 1543//1543 1592//1592 1541//1541
f 1589//1589 2121//2121 1591//1591
f 1613//1613 1593//1593 2120//2120
f 1611//1611 1613//1613 2119//2119
f 2119//2119 1613//1613 2120//2120
f 1861//1861 1859//1859 2275//2275
f 2275//2275 1859//1859 1858//1858
f 2274//2274 1840//1840 2289//2289
f 2289//2289 1840//1840 1860//1860
f 2289//2289 1860//1860 1862//1862
f 2273//2273 2274//2274 2289//2289
f 2273//2273 2289//2289 1862//1862
f 1631//1631 2272//2272 1633//1633
f 1633//1633 2272//2272 1635//1635
f 2272//2272 1637//1637 1635//1635
f 2012//2012 1673//1673 2011//2011
f 2011//2011 1673//1673 1672//1672
f 1758//1758 1756//1756 1760//1760
f 2273//2273 1862//1862 1864//1864
f 2277//2277 1885//1885 1887//1887
f 2279//2279 1948//1948 1950//1950
f 2290//2290 2293//2293 2296//2296
f 2295//2295 2291//2291 2298//2298
f 2297//2297 2292//2292 2301//2301
f 2297//2297 2300//2300 2303//2303
f 2304//2304 2305//2305 2291//2291
f 2291//2291 2305//2305 2308//2308
f 2294//2294 2307//2307 2299//2299
f 2304//2304 2309//2309 2305//2305
f 2306//2306 2310//2310 2311//2311
f 2311//2311 2310//2310 2313//2313
f 2312//2312 2314//2314 2315//2315
f 2315//2315 2314//2314 2317//2317
f 2316//2316 2319//2319 2320//2320
f 2322//2322 2318//2318 2323//2323
f 2322//2322 2323//2323 2324//2324
f 2321//2321 2326//2326 2328//2328
f 2327//2327 2325//2325 2329//2329
f 2327//2327 2329//2329 2331//2331
f 2332//2332 2330//2330 2333//2333
f 2332//2332 2333//2333 2335//2335
f 2336//2336 2334//2334 2337//2337
f 2336//2336 2337//2337 2338//2338
f 2336//2336 2338//2338 2339//2339
f 2339//2339 2338//2338 2340//2340
f 2339//2339 2340//2340 2342//2342
f 2342//2342 2340//2340 2343//2343
f 2341//2341 2344//2344 2346//2346
f 2345//2345 2343//2343 2347//2347
f 2345//2345 2347//2347 2349//2349
f 2349//2349 2347//2347 2302//2302
f 2302//2302 2348//2348 2298//2298
f 2350//2350 2351//2351 2352//2352
f 2352//2352 2351//2351 2353//2353
f 2353//2353 2351//2351 2354//2354
f 2354//2354 2351//2351 2355//2355
f 2354//2354 2355//2355 2356//2356
f 2356//2356 2355//2355 2357//2357
f 2356//2356 2357//2357 2358//2358
f 2359//2359 2360//2360 2361//2361
f 2361//2361 2360//2360 2362//2362
f 2361//2361 2362//2362 2363//2363
f 2363//2363 2362//2362 2364//2364
f 2364//2364 2362//2362 2365//2365
f 2364//2364 2365//2365 2366//2366
f 2366//2366 2365//2365 2367//2367
f 2366//2366 2367//2367 2368//2368
f 2368//2368 2367//2367 2369//2369
f 2369//2369 2367//2367 2371//2371
f 2369//2369 2371//2371 2372//2372
f 2370//2370 2373//2373 2375//2375
f 2375//2375 2373//2373 2376//2376
f 2374//2374 2377//2377 2378//2378
f 2380//2380 2376//2376 2381//2381
f 2380//2380 2381//2381 2384//2384
f 2379//2379 2383//2383 2386//2386
f 2385//2385 2382//2382 2387//2387
f 2385//2385 2387//2387 2388//2388
f 2388//2388 2387//2387 2390//2390
f 2389//2389 2391//2391 2392//2392
f 2393//2393 2390//2390 2394//2394
f 2393//2393 2394//2394 2395//2395
f 2395//2395 2394//2394 2397//2397
f 2396//2396 2398//2398 2400//2400
f 2395//2395 2399//2399 2402//2402
f 2403//2403 2401//2401 2405//2405
f 2402//2402 2404//2404 2406//2406
f 2406//2406 2404//2404 2359//2359
f 2406//2406 2359//2359 2361//2361
f 2407//2407 2408//2408 2409//2409
f 2409//2409 2408//2408 2410//2410
f 2409//2409 2410//2410 2411//2411
f 2409//2409 2411//2411 2412//2412
f 2412//2412 2411//2411 2413//2413
f 2412//2412 2413//2413 2414//2414
f 2412//2412 2414//2414 2415//2415
f 2415//2415 2414//2414 2416//2416
f 2415//2415 2416//2416 2417//2417
f 2418//2418 2419//2419 2420//2420
f 2420//2420 2419//2419 2423//2423
f 2421//2421 2422//2422 2424//2424
f 2425//2425 2423//2423 2426//2426
f 2426//2426 2423//2423 2428//2428
f 2426//2426 2428//2428 2430//2430
f 2429//2429 2427//2427 2432//2432
f 2430//2430 2431//2431 2433//2433
f 2433//2433 2431//2431 2434//2434
f 2434//2434 2431//2431 2435//2435
f 2434//2434 2435//2435 2436//2436
f 2434//2434 2436//2436 2437//2437
f 2437//2437 2436//2436 2438//2438
f 2437//2437 2438//2438 2439//2439
f 2439//2439 2438//2438 2440//2440
f 2439//2439 2440//2440 2441//2441
f 2441//2441 2440//2440 2442//2442
f 2441//2441 2442//2442 2443//2443
f 2441//2441 2443//2443 2444//2444
f 2444//2444 2443//2443 2445//2445
f 2444//2444 2445//2445 2446//2446
f 2446//2446 2445//2445 2447//2447
f 2446//2446 2447//2447 2448//2448
f 2448//2448 2447//2447 2449//2449
f 2448//2448 2449//2449 2450//2450
f 2450//2450 2449//2449 2451//2451
f 2450//2450 2451//2451 2452//2452
f 2450//2450 2452//2452 2453//2453
f 2453//2453 2452//2452 2418//2418
f 2453//2453 2418//2418 2420//2420
f 2454//2454 2455//2455 2456//2456
f 2456//2456 2455//2455 2457//2457
f 2456//2456 2457//2457 2458//2458
f 2458//2458 2457//2457 2459//2459
f 2458//2458 2459//2459 2460//2460
f 2460//2460 2459//2459 2461//2461
f 2460//2460 2461//2461 2462//2462
f 2462//2462 2461//2461 2463//2463
f 2462//2462 2463//2463 2464//2464
f 2464//2464 2463//2463 2465//2465
f 2464//2464 2465//2465 2466//2466
f 2466//2466 2465//2465 2467//2467
f 2466//2466 2467//2467 2468//2468
f 2468//2468 2467//2467 2469//2469
f 2468//2468 2469//2469 2470//2470
f 2470//2470 2469//2469 2471//2471
f 2470//2470 2471//2471 2472//2472
f 2472//2472 2471//2471 2473//2473
f 2472//2472 2473//2473 2474//2474
f 2474//2474 2473//2473 2475//2475
f 2474//2474 2475//2475 2476//2476
f 2476//2476 2475//2475 2477//2477
f 2476//2476 2477//2477 2478//2478
f 2478//2478 2477//2477 2479//2479
f 2478//2478 2479//2479 2480//2480
f 2480//2480 2479//2479 2481//2481
f 2481//2481 2479//2479 2482//2482
f 2481//2481 2482//2482 2483//2483
f 2483//2483 2482//2482 2484//2484
f 2483//2483 2484//2484 2485//2485
f 2485//2485 2484//2484 2486//2486
f 2485//2485 2486//2486 2487//2487
f 2487//2487 2486//2486 2488//2488
f 2487//2487 2488//2488 2489//2489
f 2489//2489 2488//2488 2490//2490
f 2490//2490 2488//2488 2491//2491
f 2490//2490 2491//2491 2492//2492
f 2492//2492 2491//2491 2493//2493
f 2492//2492 2493//2493 2494//2494
f 2494//2494 2493//2493 2495//2495
f 2495//2495 2493//2493 2496//2496
f 2495//2495 2496//2496 2497//2497
f 2497//2497 2496//2496 2498//2498
f 2497//2497 2498//2498 2499//2499
f 2499//2499 2498//2498 2500//2500
f 2499//2499 2500//2500 2501//2501
f 2501//2501 2500//2500 2502//2502
f 2501//2501 2502//2502 2503//2503
f 2503//2503 2502//2502 2504//2504
f 2503//2503 2504//2504 2505//2505
f 2505//2505 2504//2504 2506//2506
f 2505//2505 2506//2506 2507//2507
f 2507//2507 2506//2506 2508//2508
f 2507//2507 2508//2508 2509//2509
f 2509//2509 2508//2508 2510//2510
f 2509//2509 2510//2510 2511//2511
f 2511//2511 2510//2510 2512//2512
f 2511//2511 2512//2512 2513//2513
f 2513//2513 2512//2512 2514//2514
f 2513//2513 2514//2514 2515//2515
f 2515//2515 2514//2514 2516//2516
f 2515//2515 2516//2516 2517//2517
f 2517//2517 2516//2516 2518//2518
f 2517//2517 2518//2518 2519//2519
f 2457//2457 2520//2520 2459//2459
f 2459//2459 2520//2520 2521//2521
f 2459//2459 2521//2521 2461//2461
f 2461//2461 2521//2521 2522//2522
f 2461//2461 2522//2522 2463//2463
f 2463//2463 2522//2522 2465//2465
f 2520//2520 2523//2523 2521//2521
f 2522//2522 2524//2524 2465//2465
f 2465//2465 2524//2524 2467//2467
f 2524//2524 2525//2525 2467//2467
f 2467//2467 2525//2525 2469//2469
f 2525//2525 2471//2471 2469//2469
f 2475//2475 2526//2526 2477//2477
f 2477//2477 2526//2526 2527//2527
f 2477//2477 2527//2527 2482//2482
f 2482//2482 2527//2527 2528//2528
f 2482//2482 2528//2528 2484//2484
f 2484//2484 2528//2528 2486//2486
f 2527//2527 2526//2526 2528//2528
f 2528//2528 2526//2526 2529//2529
f 2528//2528 2529//2529 2530//2530
f 2530//2530 2529//2529 2531//2531
f 2530//2530 2531//2531 2486//2486
f 2486//2486 2531//2531 2488//2488
f 2529//2529 2532//2532 2531//2531
f 2531//2531 2532//2532 2533//2533
f 2531//2531 2533//2533 2491//2491
f 2491//2491 2533//2533 2493//2493
f 2532//2532 2534//2534 2533//2533
f 2533//2533 2534//2534 2535//2535
f 2533//2533 2535//2535 2493//2493
f 2493//2493 2535//2535 2536//2536
f 2493//2493 2536//2536 2496//2496
f 2496//2496 2536//2536 2498//2498
f 2535//2535 2534//2534 2536//2536
f 2536//2536 2534//2534 2537//2537
f 2536//2536 2537//2537 2538//2538
f 2538//2538 2537//2537 2539//2539
f 2538//2538 2539//2539 2500//2500
f 2500//2500 2539//2539 2502//2502
f 2539//2539 2537//2537 2540//2540
f 2540//2540 2537//2537 2541//2541
f 2540//2540 2541//2541 2542//2542
f 2542//2542 2541//2541 2543//2543
f 2542//2542 2543//2543 2544//2544
f 2542//2542 2544//2544 2545//2545
f 2545//2545 2544//2544 2546//2546
f 2545//2545 2546//2546 2547//2547
f 2547//2547 2546//2546 2548//2548
f 2547//2547 2548//2548 2549//2549
f 2549//2549 2548//2548 2550//2550
f 2549//2549 2550//2550 2514//2514
f 2514//2514 2550//2550 2516//2516
f 2519//2519 2551//2551 2517//2517
f 2517//2517 2551//2551 2552//2552
f 2517//2517 2552//2552 2553//2553
f 2553//2553 2552//2552 2554//2554
f 2553//2553 2554//2554 2555//2555
f 2555//2555 2554//2554 2556//2556
f 2555//2555 2556//2556 2515//2515
f 2515//2515 2556//2556 2513//2513
f 2480//2480 2557//2557 2478//2478
f 2478//2478 2557//2557 2558//2558
f 2478//2478 2558//2558 2474//2474
f 2474//2474 2558//2558 2472//2472
f 2557//2557 2559//2559 2558//2558
f 2558//2558 2559//2559 2560//2560
f 2558//2558 2560//2560 2472//2472
f 2472//2472 2560//2560 2561//2561
f 2472//2472 2561//2561 2470//2470
f 2470//2470 2561//2561 2468//2468
f 2559//2559 2562//2562 2560//2560
f 2560//2560 2562//2562 2561//2561
f 2562//2562 2563//2563 2561//2561
f 2561//2561 2563//2563 2468//2468
f 2563//2563 2564//2564 2468//2468
f 2468//2468 2564//2564 2466//2466
f 2564//2564 2565//2565 2466//2466
f 2466//2466 2565//2565 2566//2566
f 2466//2466 2566//2566 2464//2464
f 2464//2464 2566//2566 2567//2567
f 2464//2464 2567//2567 2462//2462
f 2462//2462 2567//2567 2568//2568
f 2462//2462 2568//2568 2460//2460
f 2460//2460 2568//2568 2569//2569
f 2460//2460 2569//2569 2570//2570
f 2460//2460 2570//2570 2458//2458
f 2458//2458 2570//2570 2456//2456
f 2498//2498 2536//2536 2538//2538
f 2538//2538 2500//2500 2498//2498
f 2486//2486 2528//2528 2530//2530
f 2478//2478 2474//2474 2476//2476
f 2482//2482 2479//2479 2477//2477
f 2491//2491 2488//2488 2531//2531
f 2504//2504 2502//2502 2540//2540
f 2540//2540 2502//2502 2539//2539
f 2504//2504 2540//2540 2542//2542
f 2506//2506 2504//2504 2545//2545
f 2545//2545 2504//2504 2542//2542
f 2508//2508 2506//2506 2547//2547
f 2547//2547 2506//2506 2545//2545
f 2510//2510 2508//2508 2549//2549
f 2549//2549 2508//2508 2547//2547
f 2514//2514 2512//2512 2510//2510
f 2510//2510 2549//2549 2514//2514
f 2553//2553 2555//2555 2515//2515
f 2517//2517 2553//2553 2515//2515
f 2571//2571 2572//2572 2573//2573
f 2573//2573 2572//2572 2574//2574
f 2573//2573 2574//2574 2575//2575
f 2575//2575 2574//2574 2576//2576
f 2575//2575 2576//2576 2577//2577
f 2572//2572 2578//2578 2574//2574
f 2574//2574 2578//2578 2579//2579
f 2574//2574 2579//2579 2580//2580
f 2580//2580 2581//2581 2574//2574
f 2574//2574 2581//2581 2576//2576
f 2577//2577 2582//2582 2575//2575
f 2575//2575 2582//2582 2573//2573
f 2582//2582 2583//2583 2573//2573
f 2584//2584 2585//2585 2586//2586
f 2586//2586 2585//2585 2587//2587
f 2586//2586 2587//2587 2588//2588
f 2588//2588 2587//2587 2589//2589
f 2589//2589 2587//2587 2590//2590
f 2590//2590 2587//2587 2591//2591
f 2591//2591 2587//2587 2592//2592
f 2592//2592 2587//2587 2593//2593
f 2592//2592 2593//2593 2594//2594
f 2594//2594 2593//2593 2595//2595
f 2594//2594 2595//2595 2596//2596
f 2587//2587 2585//2585 2593//2593
f 2593//2593 2585//2585 2597//2597
f 2593//2593 2597//2597 2595//2595
f 2595//2595 2597//2597 2598//2598
f 2595//2595 2598//2598 2599//2599
f 2600//2600 2601//2601 2602//2602
f 2602//2602 2601//2601 2603//2603
f 2602//2602 2603//2603 2604//2604
f 2604//2604 2603//2603 2605//2605
f 2604//2604 2605//2605 2606//2606
f 2606//2606 2605//2605 2607//2607
f 2606//2606 2607//2607 2608//2608
f 2608//2608 2607//2607 2609//2609
f 2608//2608 2609//2609 2610//2610
f 2610//2610 2609//2609 2611//2611
f 2610//2610 2611//2611 2612//2612
f 2612//2612 2611//2611 2613//2613
f 2612//2612 2613//2613 2614//2614
f 2614//2614 2613//2613 2615//2615
f 2614//2614 2615//2615 2616//2616
f 2616//2616 2615//2615 2617//2617
f 2616//2616 2617//2617 2618//2618
f 2618//2618 2617//2617 2619//2619
f 2618//2618 2619//2619 2620//2620
f 2620//2620 2619//2619 2621//2621
f 2620//2620 2621//2621 2622//2622
f 2622//2622 2621//2621 2623//2623
f 2622//2622 2623//2623 2624//2624
f 2624//2624 2623//2623 2625//2625
f 2624//2624 2625//2625 2626//2626
f 2626//2626 2625//2625 2627//2627
f 2626//2626 2627//2627 2628//2628
f 2628//2628 2627//2627 2629//2629
f 2628//2628 2629//2629 2630//2630
f 2630//2630 2629//2629 2631//2631
f 2630//2630 2631//2631 2632//2632
f 2632//2632 2631//2631 2633//2633
f 2632//2632 2633//2633 2634//2634
f 2634//2634 2633//2633 2635//2635
f 2634//2634 2635//2635 2636//2636
f 2636//2636 2635//2635 2637//2637
f 2636//2636 2637//2637 2638//2638
f 2638//2638 2637//2637 2639//2639
f 2638//2638 2639//2639 2640//2640
f 2640//2640 2639//2639 2641//2641
f 2640//2640 2641//2641 2642//2642
f 2642//2642 2641//2641 2643//2643
f 2642//2642 2643//2643 2644//2644
f 2644//2644 2643//2643 2645//2645
f 2644//2644 2645//2645 2646//2646
f 2646//2646 2645//2645 2647//2647
f 2646//2646 2647//2647 2648//2648
f 2648//2648 2647//2647 2649//2649
f 2648//2648 2649//2649 2650//2650
f 2650//2650 2649//2649 2651//2651
f 2650//2650 2651//2651 2652//2652
f 2652//2652 2651//2651 2653//2653
f 2652//2652 2653//2653 2654//2654
f 2654//2654 2653//2653 2655//2655
f 2654//2654 2655//2655 2656//2656
f 2656//2656 2655//2655 2657//2657
f 2656//2656 2657//2657 2658//2658
f 2658//2658 2657//2657 2659//2659
f 2658//2658 2659//2659 2660//2660
f 2661//2661 2662//2662 2600//2600
f 2600//2600 2662//2662 2663//2663
f 2600//2600 2663//2663 2601//2601
f 2601//2601 2663//2663 2664//2664
f 2601//2601 2664//2664 2665//2665
f 2665//2665 2664//2664 2666//2666
f 2665//2665 2666//2666 2667//2667
f 2667//2667 2666//2666 2668//2668
f 2667//2667 2668//2668 2669//2669
f 2669//2669 2668//2668 2670//2670
f 2669//2669 2670//2670 2671//2671
f 2671//2671 2670//2670 2672//2672
f 2671//2671 2672//2672 2673//2673
f 2673//2673 2672//2672 2674//2674
f 2673//2673 2674//2674 2675//2675
f 2675//2675 2674//2674 2676//2676
f 2675//2675 2676//2676 2677//2677
f 2677//2677 2676//2676 2678//2678
f 2677//2677 2678//2678 2679//2679
f 2679//2679 2678//2678 2680//2680
f 2679//2679 2680//2680 2681//2681
f 2681//2681 2680//2680 2682//2682
f 2681//2681 2682//2682 2683//2683
f 2683//2683 2682//2682 2684//2684
f 2683//2683 2684//2684 2685//2685
f 2685//2685 2684//2684 2686//2686
f 2685//2685 2686//2686 2687//2687
f 2687//2687 2686//2686 2688//2688
f 2687//2687 2688//2688 2689//2689
f 2689//2689 2688//2688 2690//2690
f 2689//2689 2690//2690 2691//2691
f 2691//2691 2690//2690 2692//2692
f 2691//2691 2692//2692 2693//2693
f 2693//2693 2692//2692 2694//2694
f 2693//2693 2694//2694 2695//2695
f 2695//2695 2694//2694 2696//2696
f 2695//2695 2696//2696 2697//2697
f 2697//2697 2696//2696 2698//2698
f 2697//2697 2698//2698 2699//2699
f 2699//2699 2698//2698 2700//2700
f 2699//2699 2700//2700 2701//2701
f 2701//2701 2700//2700 2702//2702
f 2701//2701 2702//2702 2703//2703
f 2703//2703 2702//2702 2704//2704
f 2703//2703 2704//2704 2705//2705
f 2705//2705 2704//2704 2706//2706
f 2705//2705 2706//2706 2707//2707
f 2707//2707 2706//2706 2708//2708
f 2707//2707 2708//2708 2709//2709
f 2709//2709 2708//2708 2710//2710
f 2709//2709 2710//2710 2711//2711
f 2711//2711 2710//2710 2712//2712
f 2711//2711 2712//2712 2713//2713
f 2713//2713 2712//2712 2714//2714
f 2713//2713 2714//2714 2715//2715
f 2715//2715 2714//2714 2716//2716
f 2715//2715 2716//2716 2717//2717
f 2717//2717 2716//2716 2718//2718
f 2717//2717 2718//2718 2659//2659
f 2719//2719 2720//2720 2661//2661
f 2661//2661 2720//2720 2721//2721
f 2661//2661 2721//2721 2662//2662
f 2662//2662 2721//2721 2722//2722
f 2662//2662 2722//2722 2723//2723
f 2723//2723 2724//2724 2662//2662
f 2662//2662 2724//2724 2725//2725
f 2662//2662 2725//2725 2663//2663
f 2663//2663 2725//2725 2664//2664
f 2724//2724 2726//2726 2725//2725
f 2725//2725 2726//2726 2727//2727
f 2725//2725 2727//2727 2728//2728
f 2728//2728 2727//2727 2729//2729
f 2728//2728 2729//2729 2730//2730
f 2730//2730 2729//2729 2731//2731
f 2730//2730 2731//2731 2732//2732
f 2732//2732 2731//2731 2733//2733
f 2732//2732 2733//2733 2734//2734
f 2734//2734 2733//2733 2735//2735
f 2734//2734 2735//2735 2736//2736
f 2736//2736 2735//2735 2737//2737
f 2736//2736 2737//2737 2738//2738
f 2738//2738 2739//2739 2736//2736
f 2736//2736 2739//2739 2740//2740
f 2736//2736 2740//2740 2674//2674
f 2674//2674 2740//2740 2676//2676
f 2739//2739 2741//2741 2740//2740
f 2740//2740 2741//2741 2742//2742
f 2740//2740 2742//2742 2676//2676
f 2676//2676 2742//2742 2678//2678
f 2741//2741 2743//2743 2742//2742
f 2742//2742 2743//2743 2744//2744
f 2742//2742 2744//2744 2678//2678
f 2678//2678 2744//2744 2680//2680
f 2743//2743 2745//2745 2744//2744
f 2744//2744 2745//2745 2746//2746
f 2744//2744 2746//2746 2680//2680
f 2680//2680 2746//2746 2682//2682
f 2745//2745 2747//2747 2746//2746
f 2746//2746 2747//2747 2748//2748
f 2746//2746 2748//2748 2682//2682
f 2682//2682 2748//2748 2684//2684
f 2747//2747 2749//2749 2748//2748
f 2748//2748 2749//2749 2750//2750
f 2748//2748 2750//2750 2684//2684
f 2684//2684 2750//2750 2686//2686
f 2749//2749 2751//2751 2750//2750
f 2750//2750 2751//2751 2752//2752
f 2750//2750 2752//2752 2686//2686
f 2686//2686 2752//2752 2688//2688
f 2751//2751 2753//2753 2752//2752
f 2752//2752 2753//2753 2754//2754
f 2752//2752 2754//2754 2688//2688
f 2688//2688 2754//2754 2690//2690
f 2753//2753 2755//2755 2754//2754
f 2754//2754 2755//2755 2756//2756
f 2754//2754 2756//2756 2757//2757
f 2757//2757 2756//2756 2758//2758
f 2757//2757 2758//2758 2692//2692
f 2692//2692 2758//2758 2694//2694
f 2694//2694 2758//2758 2759//2759
f 2759//2759 2758//2758 2760//2760
f 2759//2759 2760//2760 2694//2694
f 2694//2694 2760//2760 2696//2696
f 2696//2696 2760//2760 2761//2761
f 2761//2761 2760//2760 2762//2762
f 2761//2761 2762//2762 2763//2763
f 2763//2763 2762//2762 2764//2764
f 2763//2763 2764//2764 2765//2765
f 2766//2766 2767//2767 2765//2765
f 2765//2765 2767//2767 2700//2700
f 2765//2765 2700//2700 2698//2698
f 2766//2766 2768//2768 2767//2767
f 2767//2767 2768//2768 2700//2700
f 2700//2700 2768//2768 2702//2702
f 2702//2702 2768//2768 2769//2769
f 2702//2702 2769//2769 2770//2770
f 2702//2702 2770//2770 2704//2704
f 2704//2704 2770//2770 2771//2771
f 2704//2704 2771//2771 2706//2706
f 2706//2706 2771//2771 2772//2772
f 2706//2706 2772//2772 2708//2708
f 2708//2708 2772//2772 2773//2773
f 2708//2708 2773//2773 2710//2710
f 2710//2710 2773//2773 2774//2774
f 2710//2710 2774//2774 2712//2712
f 2712//2712 2774//2774 2775//2775
f 2712//2712 2775//2775 2714//2714
f 2714//2714 2775//2775 2776//2776
f 2714//2714 2776//2776 2777//2777
f 2714//2714 2777//2777 2716//2716
f 2716//2716 2777//2777 2718//2718
f 2658//2658 2660//2660 2778//2778
f 2778//2778 2660//2660 2779//2779
f 2778//2778 2779//2779 2780//2780
f 2781//2781 2782//2782 2780//2780
f 2780//2780 2782//2782 2783//2783
f 2780//2780 2783//2783 2778//2778
f 2778//2778 2783//2783 2658//2658
f 2781//2781 2784//2784 2782//2782
f 2782//2782 2784//2784 2785//2785
f 2782//2782 2785//2785 2654//2654
f 2654//2654 2785//2785 2652//2652
f 2785//2785 2784//2784 2786//2786
f 2786//2786 2784//2784 2787//2787
f 2786//2786 2787//2787 2788//2788
f 2788//2788 2787//2787 2789//2789
f 2788//2788 2789//2789 2790//2790
f 2790//2790 2789//2789 2791//2791
f 2790//2790 2791//2791 2792//2792
f 2790//2790 2792//2792 2793//2793
f 2793//2793 2792//2792 2794//2794
f 2793//2793 2794//2794 2795//2795
f 2795//2795 2794//2794 2796//2796
f 2795//2795 2796//2796 2642//2642
f 2642//2642 2796//2796 2640//2640
f 2794//2794 2797//2797 2796//2796
f 2796//2796 2797//2797 2798//2798
f 2796//2796 2798//2798 2640//2640
f 2640//2640 2798//2798 2638//2638
f 2799//2799 2800//2800 2797//2797
f 2797//2797 2800//2800 2801//2801
f 2797//2797 2801//2801 2798//2798
f 2798//2798 2801//2801 2638//2638
f 2800//2800 2799//2799 2802//2802
f 2802//2802 2799//2799 2803//2803
f 2802//2802 2803//2803 2804//2804
f 2804//2804 2803//2803 2805//2805
f 2804//2804 2805//2805 2630//2630
f 2630//2630 2805//2805 2628//2628
f 2803//2803 2806//2806 2805//2805
f 2805//2805 2806//2806 2807//2807
f 2805//2805 2807//2807 2628//2628
f 2628//2628 2807//2807 2626//2626
f 2807//2807 2806//2806 2808//2808
f 2808//2808 2806//2806 2809//2809
f 2808//2808 2809//2809 2810//2810
f 2810//2810 2809//2809 2811//2811
f 2810//2810 2811//2811 2622//2622
f 2622//2622 2811//2811 2620//2620
f 2809//2809 2812//2812 2811//2811
f 2811//2811 2812//2812 2813//2813
f 2811//2811 2813//2813 2620//2620
f 2620//2620 2813//2813 2618//2618
f 2813//2813 2812//2812 2814//2814
f 2814//2814 2812//2812 2815//2815
f 2814//2814 2815//2815 2816//2816
f 2816//2816 2815//2815 2817//2817
f 2816//2816 2817//2817 2614//2614
f 2614//2614 2817//2817 2612//2612
f 2815//2815 2818//2818 2817//2817
f 2817//2817 2818//2818 2819//2819
f 2817//2817 2819//2819 2612//2612
f 2612//2612 2819//2819 2610//2610
f 2818//2818 2820//2820 2819//2819
f 2819//2819 2820//2820 2821//2821
f 2819//2819 2821//2821 2610//2610
f 2610//2610 2821//2821 2608//2608
f 2821//2821 2820//2820 2822//2822
f 2822//2822 2820//2820 2823//2823
f 2822//2822 2823//2823 2824//2824
f 2824//2824 2823//2823 2825//2825
f 2824//2824 2825//2825 2826//2826
f 2824//2824 2826//2826 2604//2604
f 2604//2604 2826//2826 2602//2602
f 2605//2605 2603//2603 2665//2665
f 2665//2665 2603//2603 2601//2601
f 2607//2607 2605//2605 2667//2667
f 2667//2667 2605//2605 2665//2665
f 2609//2609 2607//2607 2669//2669
f 2669//2669 2607//2607 2667//2667
f 2611//2611 2609//2609 2671//2671
f 2671//2671 2609//2609 2669//2669
f 2613//2613 2611//2611 2673//2673
f 2673//2673 2611//2611 2671//2671
f 2615//2615 2613//2613 2675//2675
f 2675//2675 2613//2613 2673//2673
f 2617//2617 2615//2615 2677//2677
f 2677//2677 2615//2615 2675//2675
f 2619//2619 2617//2617 2679//2679
f 2679//2679 2617//2617 2677//2677
f 2621//2621 2619//2619 2681//2681
f 2681//2681 2619//2619 2679//2679
f 2623//2623 2621//2621 2683//2683
f 2683//2683 2621//2621 2681//2681
f 2625//2625 2623//2623 2685//2685
f 2685//2685 2623//2623 2683//2683
f 2627//2627 2625//2625 2687//2687
f 2687//2687 2625//2625 2685//2685
f 2629//2629 2627//2627 2689//2689
f 2689//2689 2627//2627 2687//2687
f 2631//2631 2629//2629 2691//2691
f 2691//2691 2629//2629 2689//2689
f 2633//2633 2631//2631 2693//2693
f 2693//2693 2631//2631 2691//2691
f 2635//2635 2633//2633 2695//2695
f 2695//2695 2633//2633 2693//2693
f 2637//2637 2635//2635 2697//2697
f 2697//2697 2635//2635 2695//2695
f 2639//2639 2637//2637 2699//2699
f 2699//2699 2637//2637 2697//2697
f 2641//2641 2639//2639 2701//2701
f 2701//2701 2639//2639 2699//2699
f 2643//2643 2641//2641 2703//2703
f 2703//2703 2641//2641 2701//2701
f 2645//2645 2643//2643 2705//2705
f 2705//2705 2643//2643 2703//2703
f 2647//2647 2645//2645 2707//2707
f 2707//2707 2645//2645 2705//2705
f 2649//2649 2647//2647 2709//2709
f 2709//2709 2647//2647 2707//2707
f 2651//2651 2649//2649 2711//2711
f 2711//2711 2649//2649 2709//2709
f 2653//2653 2651//2651 2713//2713
f 2713//2713 2651//2651 2711//2711
f 2655//2655 2653//2653 2715//2715
f 2715//2715 2653//2653 2713//2713
f 2657//2657 2655//2655 2717//2717
f 2717//2717 2655//2655 2715//2715
f 2659//2659 2657//2657 2717//2717
f 2666//2666 2664//2664 2728//2728
f 2728//2728 2664//2664 2725//2725
f 2668//2668 2666//2666 2730//2730
f 2730//2730 2666//2666 2728//2728
f 2670//2670 2668//2668 2732//2732
f 2732//2732 2668//2668 2730//2730
f 2672//2672 2670//2670 2734//2734
f 2734//2734 2670//2670 2732//2732
f 2674//2674 2672//2672 2736//2736
f 2736//2736 2672//2672 2734//2734
f 2692//2692 2690//2690 2757//2757
f 2757//2757 2690//2690 2754//2754
f 2698//2698 2696//2696 2763//2763
f 2763//2763 2696//2696 2761//2761
f 2763//2763 2765//2765 2698//2698
f 2822//2822 2824//2824 2606//2606
f 2606//2606 2824//2824 2604//2604
f 2821//2821 2822//2822 2608//2608
f 2608//2608 2822//2822 2606//2606
f 2814//2814 2816//2816 2616//2616
f 2616//2616 2816//2816 2614//2614
f 2813//2813 2814//2814 2618//2618
f 2618//2618 2814//2814 2616//2616
f 2808//2808 2810//2810 2624//2624
f 2624//2624 2810//2810 2622//2622
f 2807//2807 2808//2808 2626//2626
f 2626//2626 2808//2808 2624//2624
f 2802//2802 2804//2804 2632//2632
f 2632//2632 2804//2804 2630//2630
f 2800//2800 2802//2802 2634//2634
f 2634//2634 2802//2802 2632//2632
f 2801//2801 2800//2800 2636//2636
f 2636//2636 2800//2800 2634//2634
f 2636//2636 2638//2638 2801//2801
f 2793//2793 2795//2795 2644//2644
f 2644//2644 2795//2795 2642//2642
f 2790//2790 2793//2793 2646//2646
f 2646//2646 2793//2793 2644//2644
f 2788//2788 2790//2790 2648//2648
f 2648//2648 2790//2790 2646//2646
f 2786//2786 2788//2788 2650//2650
f 2650//2650 2788//2788 2648//2648
f 2785//2785 2786//2786 2652//2652
f 2652//2652 2786//2786 2650//2650
f 2783//2783 2782//2782 2656//2656
f 2656//2656 2782//2782 2654//2654
f 2656//2656 2658//2658 2783//2783
f 2828//2828 2831//2831 2832//2832
f 2833//2833 2830//2830 2835//2835
f 2832//2832 2836//2836 2838//2838
f 2837//2837 2834//2834 2839//2839
f 2838//2838 2840//2840 2842//2842
f 2842//2842 2840//2840 2843//2843
f 2841//2841 2844//2844 2845//2845
f 2829//2829 2827//2827 2846//2846
f 2847//2847 2828//2828 2849//2849
f 2848//2848 2851//2851 2854//2854
f 2852//2852 2850//2850 2856//2856
f 2853//2853 2855//2855 2857//2857
f 2858//2858 2859//2859 2860//2860
f 2861//2861 2862//2862 2863//2863
f 2861//2861 2863//2863 2864//2864
f 2864//2864 2863//2863 2865//2865
f 2864//2864 2865//2865 2866//2866
f 2866//2866 2865//2865 2867//2867
f 2866//2866 2867//2867 2868//2868
f 2868//2868 2867//2867 2869//2869
f 2868//2868 2869//2869 2870//2870
f 2870//2870 2869//2869 2871//2871
f 2870//2870 2871//2871 2872//2872
f 2872//2872 2871//2871 2873//2873
f 2872//2872 2873//2873 2874//2874
f 2874//2874 2873//2873 2875//2875
f 2874//2874 2875//2875 2876//2876
f 2876//2876 2875//2875 2877//2877
f 2877//2877 2875//2875 2878//2878
f 2877//2877 2878//2878 2879//2879
f 2879//2879 2878//2878 2880//2880
f 2879//2879 2880//2880 2881//2881
f 2881//2881 2880//2880 2882//2882
f 2881//2881 2882//2882 2883//2883
f 2883//2883 2882//2882 2884//2884
f 2883//2883 2884//2884 2885//2885
f 2885//2885 2884//2884 2886//2886
f 2885//2885 2886//2886 2887//2887
f 2887//2887 2886//2886 2858//2858
f 2887//2887 2858//2858 2860//2860
f 2888//2888 2890//2890 2891//2891
f 2891//2891 2890//2890 2892//2892
f 2891//2891 2892//2892 2893//2893
f 2893//2893 2892//2892 2895//2895
f 2894//2894 2896//2896 2899//2899
f 2898//2898 2895//2895 2900//2900
f 2897//2897 2901//2901 2902//2902
f 2890//2890 2888//2888 2903//2903
f 2904//2904 2889//2889 2905//2905
f 2903//2903 2907//2907 2909//2909
f 2908//2908 2906//2906 2912//2912
f 2910//2910 2911//2911 2913//2913
f 2914//2914 2915//2915 2916//2916
f 2917//2917 2918//2918 2919//2919
f 2917//2917 2919//2919 2920//2920
f 2920//2920 2919//2919 2921//2921
f 2920//2920 2921//2921 2922//2922
f 2922//2922 2921//2921 2923//2923
f 2922//2922 2923//2923 2924//2924
f 2924//2924 2923//2923 2925//2925
f 2924//2924 2925//2925 2926//2926
f 2926//2926 2925//2925 2927//2927
f 2926//2926 2927//2927 2928//2928
f 2928//2928 2927//2927 2929//2929
f 2928//2928 2929//2929 2930//2930
f 2930//2930 2929//2929 2931//2931
f 2930//2930 2931//2931 2932//2932
f 2932//2932 2931//2931 2933//2933
f 2933//2933 2931//2931 2934//2934
f 2933//2933 2934//2934 2935//2935
f 2935//2935 2934//2934 2936//2936
f 2935//2935 2936//2936 2937//2937
f 2937//2937 2936//2936 2938//2938
f 2937//2937 2938//2938 2939//2939
f 2939//2939 2938//2938 2940//2940
f 2939//2939 2940//2940 2941//2941
f 2941//2941 2940//2940 2942//2942
f 2941//2941 2942//2942 2943//2943
f 2943//2943 2942//2942 2914//2914
f 2943//2943 2914//2914 2916//2916
f 2944//2944 2945//2945 2946//2946
f 2946//2946 2945//2945 2947//2947
f 2946//2946 2947//2947 2948//2948
f 2946//2946 2948//2948 2949//2949
f 2949//2949 2948//2948 2950//2950
f 2949//2949 2950//2950 2951//2951
f 2951//2951 2950//2950 2952//2952
f 2951//2951 2952//2952 2953//2953
f 2951//2951 2953//2953 2954//2954
f 2954//2954 2953//2953 2955//2955
f 2954//2954 2955//2955 2956//2956
f 2956//2956 2957//2957 2954//2954
f 2954//2954 2957//2957 2958//2958
f 2954//2954 2958//2958 2959//2959
f 2959//2959 2960//2960 2954//2954
f 2954//2954 2960//2960 2951//2951
f 2960//2960 2961//2961 2951//2951
f 2951//2951 2961//2961 2949//2949
f 2961//2961 2962//2962 2949//2949
f 2949//2949 2962//2962 2946//2946
f 2962//2962 2944//2944 2946//2946
f 2963//2963 2965//2965 2967//2967
f 2966//2966 2964//2964 2968//2968
f 2969//2969 2970//2970 2971//2971
f 2971//2971 2970//2970 2972//2972
f 2971//2971 2972//2972 2973//2973
f 2973//2973 2972//2972 2974//2974
f 2973//2973 2974//2974 2975//2975
f 2975//2975 2974//2974 2976//2976
f 2975//2975 2976//2976 2977//2977
f 2977//2977 2976//2976 2978//2978
f 2977//2977 2978//2978 2979//2979
f 2979//2979 2978//2978 2980//2980
f 2979//2979 2980//2980 2981//2981
f 2970//2970 2982//2982 2972//2972
f 2972//2972 2982//2982 2983//2983
f 2972//2972 2983//2983 2974//2974
f 2974//2974 2983//2983 2984//2984
f 2974//2974 2984//2984 2976//2976
f 2976//2976 2984//2984 2978//2978
f 2981//2981 2985//2985 2979//2979
f 2986//2986 2989//2989 2991//2991
f 2990//2990 2988//2988 2994//2994
f 2992//2992 2993//2993 2995//2995
f 2996//2996 2998//2998 2987//2987
f 2986//2986 2997//2997 2989//2989
f 2999//2999 3000//3000 3001//3001
f 3001//3001 3000//3000 3005//3005
f 3002//3002 3004//3004 3007//3007
f 3008//3008 3003//3003 3010//3010
f 3006//3006 3011//3011 3014//3014
f 3012//3012 3009//3009 3016//3016
f 3013//3013 3015//3015 3017//3017
f 3000//3000 2999//2999 3018//3018
f 3018//3018 2999//2999 3019//3019
f 3018//3018 3019//3019 3020//3020
f 3020//3020 3019//3019 3022//3022
f 3021//3021 3023//3023 3024//3024
f 3025//3025 3026//3026 3027//3027
f 3028//3028 3029//3029 3030//3030
f 3028//3028 3030//3030 3031//3031
f 3031//3031 3030//3030 3032//3032
f 3031//3031 3032//3032 3033//3033
f 3033//3033 3032//3032 3034//3034
f 3033//3033 3034//3034 3035//3035
f 3035//3035 3034//3034 3036//3036
f 3035//3035 3036//3036 3037//3037
f 3037//3037 3036//3036 3038//3038
f 3037//3037 3038//3038 3039//3039
f 3039//3039 3038//3038 3040//3040
f 3039//3039 3040//3040 3041//3041
f 3041//3041 3040//3040 3042//3042
f 3041//3041 3042//3042 3043//3043
f 3043//3043 3042//3042 3044//3044
f 3044//3044 3042//3042 3045//3045
f 3044//3044 3045//3045 3046//3046
f 3046//3046 3045//3045 3047//3047
f 3046//3046 3047//3047 3048//3048
f 3048//3048 3047//3047 3049//3049
f 3048//3048 3049//3049 3050//3050
f 3050//3050 3049//3049 3051//3051
f 3050//3050 3051//3051 3052//3052
f 3052//3052 3051//3051 3053//3053
f 3052//3052 3053//3053 3054//3054
f 3054//3054 3053//3053 3025//3025
f 3054//3054 3025//3025 3027//3027
f 3055//3055 3056//3056 3057//3057
f 3057//3057 3056//3056 3058//3058
f 3058//3058 3056//3056 3059//3059
f 3058//3058 3059//3059 3060//3060
f 3060//3060 3059//3059 3061//3061
f 3060//3060 3061//3061 3062//3062
f 3062//3062 3061//3061 3063//3063
f 3062//3062 3063//3063 3064//3064
f 3059//3059 3063//3063 3061//3061
f 3064//3064 3065//3065 3062//3062
f 3062//3062 3065//3065 3066//3066
f 3062//3062 3066//3066 3067//3067
f 3067//3067 3066//3066 3068//3068
f 3068//3068 3066//3066 3069//3069
f 3069//3069 3066//3066 3070//3070
f 3069//3069 3070//3070 3071//3071
f 3065//3065 3070//3070 3066//3066
f 3067//3067 3060//3060 3062//3062
f 3072//3072 3073//3073 3074//3074
f 3074//3074 3073//3073 3075//3075
f 3074//3074 3075//3075 3078//3078
f 3077//3077 3076//3076 3079//3079
f 3077//3077 3079//3079 3080//3080
f 3081//3081 3082//3082 3083//3083
f 3083//3083 3082//3082 3084//3084
f 3083//3083 3084//3084 3085//3085
f 3085//3085 3086//3086 3083//3083
f 3083//3083 3086//3086 3087//3087
f 3083//3083 3087//3087 3088//3088
f 3088//3088 3087//3087 3089//3089
f 3089//3089 3087//3087 3090//3090
f 3089//3089 3090//3090 3091//3091
f 3091//3091 3090//3090 3092//3092
f 3091//3091 3092//3092 3093//3093
f 3093//3093 3092//3092 3094//3094
f 3094//3094 3092//3092 3095//3095
f 3095//3095 3092//3092 3096//3096
f 3096//3096 3092//3092 3097//3097
f 3097//3097 3092//3092 3090//3090
f 3097//3097 3090//3090 3098//3098
f 3098//3098 3090//3090 3087//3087
f 3098//3098 3087//3087 3099//3099
f 3099//3099 3087//3087 3086//3086
f 3088//3088 3081//3081 3083//3083
f 3100//3100 3102//3102 3104//3104
f 3103//3103 3101//3101 3105//3105
f 3106//3106 3107//3107 3108//3108
f 3108//3108 3107//3107 3109//3109
f 3108//3108 3109//3109 3110//3110
f 3110//3110 3109//3109 3111//3111
f 3110//3110 3111//3111 3112//3112
f 3112//3112 3111//3111 3113//3113
f 3109//3109 3114//3114 3111//3111
f 3112//3112 3115//3115 3110//3110
f 3110//3110 3115//3115 3116//3116
f 3110//3110 3116//3116 3108//3108
f 3108//3108 3116//3116 3117//3117
f 3108//3108 3117//3117 3118//3118
f 3118//3118 3117//3117 3119//3119
f 3118//3118 3119//3119 3120//3120
f 3120//3120 3119//3119 3121//3121
f 3120//3120 3121//3121 3122//3122
f 3115//3115 3123//3123 3116//3116
f 3116//3116 3123//3123 3117//3117
f 3123//3123 3124//3124 3117//3117
f 3117//3117 3124//3124 3119//3119
f 3124//3124 3121//3121 3119//3119
f 3122//3122 3125//3125 3120//3120
f 3120//3120 3125//3125 3126//3126
f 3120//3120 3126//3126 3118//3118
f 3118//3118 3126//3126 3127//3127
f 3118//3118 3127//3127 3128//3128
f 3118//3118 3128//3128 3108//3108
f 3108//3108 3128//3128 3129//3129
f 3108//3108 3129//3129 3106//3106
f 3130//3130 3131//3131 3132//3132
f 3132//3132 3131//3131 3133//3133
f 3132//3132 3133//3133 3134//3134
f 3134//3134 3133//3133 3135//3135
f 3134//3134 3135//3135 3136//3136
f 3134//3134 3136//3136 3137//3137
f 3137//3137 3136//3136 3138//3138
f 3137//3137 3138//3138 3139//3139
f 3139//3139 3138//3138 3140//3140
f 3139//3139 3140//3140 3141//3141
f 3141//3141 3140//3140 3142//3142
f 3141//3141 3142//3142 3143//3143
f 3141//3141 3143//3143 3144//3144
f 3144//3144 3143//3143 3145//3145
f 3144//3144 3145//3145 3146//3146
f 3144//3144 3146//3146 3147//3147
f 3147//3147 3146//3146 3148//3148
f 3147//3147 3148//3148 3149//3149
f 3149//3149 3148//3148 3150//3150
f 3149//3149 3150//3150 3151//3151
f 3149//3149 3151//3151 3132//3132
f 3132//3132 3151//3151 3130//3130
f 3132//3132 3134//3134 3137//3137
f 3149//3149 3132//3132 3137//3137
f 3147//3147 3149//3149 3139//3139
f 3139//3139 3149//3149 3137//3137
f 3141//3141 3144//3144 3147//3147
f 3147//3147 3139//3139 3141//3141
f 3152//3152 3153//3153 3155//3155
f 3155//3155 3153//3153 3156//3156
f 3154//3154 3157//3157 3158//3158
f 3158//3158 3160//3160 3154//3154
f 3155//3155 3159//3159 3161//3161
f 3161//3161 3159//3159 3162//3162
f 3161//3161 3162//3162 3163//3163
f 3163//3163 3164//3164 3161//3161
f 3165//3165 3166//3166 3167//3167
f 3167//3167 3166//3166 3168//3168
f 3167//3167 3168//3168 3169//3169
f 3169//3169 3168//3168 3170//3170
f 3169//3169 3170//3170 3171//3171
f 3171//3171 3170//3170 3172//3172
f 3171//3171 3172//3172 3173//3173
f 3173//3173 3172//3172 3174//3174
f 3173//3173 3174//3174 3175//3175
f 3175//3175 3174//3174 3176//3176
f 3175//3175 3176//3176 3177//3177
f 3177//3177 3176//3176 3178//3178
f 3177//3177 3178//3178 3179//3179
f 3179//3179 3178//3178 3180//3180
f 3179//3179 3180//3180 3181//3181
f 3181//3181 3180//3180 3182//3182
f 3181//3181 3182//3182 3183//3183
f 3183//3183 3182//3182 3184//3184
f 3183//3183 3184//3184 3185//3185
f 3185//3185 3184//3184 3186//3186
f 3185//3185 3186//3186 3187//3187
f 3187//3187 3186//3186 3188//3188
f 3188//3188 3186//3186 3189//3189
f 3188//3188 3189//3189 3190//3190
f 3190//3190 3189//3189 3191//3191
f 3191//3191 3189//3189 3192//3192
f 3192//3192 3189//3189 3193//3193
f 3192//3192 3193//3193 3194//3194
f 3194//3194 3193//3193 3195//3195
f 3194//3194 3195//3195 3196//3196
f 3196//3196 3195//3195 3197//3197
f 3196//3196 3198//3198 3199//3199
f 3200//3200 3197//3197 3201//3201
f 3200//3200 3201//3201 3202//3202
f 3202//3202 3201//3201 3203//3203
f 3202//3202 3203//3203 3204//3204
f 3204//3204 3203//3203 3205//3205
f 3204//3204 3205//3205 3206//3206
f 3206//3206 3205//3205 3207//3207
f 3206//3206 3207//3207 3208//3208
f 3208//3208 3207//3207 3209//3209
f 3208//3208 3209//3209 3210//3210
f 3210//3210 3209//3209 3211//3211
f 3210//3210 3211//3211 3212//3212
f 3212//3212 3211//3211 3213//3213
f 3212//3212 3213//3213 3214//3214
f 3214//3214 3213//3213 3215//3215
f 3214//3214 3215//3215 3216//3216
f 3216//3216 3215//3215 3217//3217
f 3216//3216 3217//3217 3218//3218
f 3218//3218 3217//3217 3219//3219
f 3218//3218 3219//3219 3220//3220
f 3220//3220 3219//3219 3221//3221
f 3220//3220 3221//3221 3222//3222
f 3222//3222 3221//3221 3223//3223
f 3222//3222 3223//3223 3224//3224
f 3224//3224 3223//3223 3225//3225
f 3224//3224 3225//3225 3226//3226
f 3226//3226 3225//3225 3227//3227
f 3226//3226 3227//3227 3228//3228
f 3228//3228 3227//3227 3229//3229
f 3228//3228 3229//3229 3230//3230
f 3230//3230 3229//3229 3231//3231
f 3230//3230 3231//3231 3232//3232
f 3232//3232 3231//3231 3233//3233
f 3232//3232 3233//3233 3234//3234
f 3234//3234 3233//3233 3235//3235
f 3234//3234 3235//3235 3236//3236
f 3236//3236 3235//3235 3237//3237
f 3236//3236 3237//3237 3238//3238
f 3238//3238 3237//3237 3239//3239
f 3238//3238 3239//3239 3240//3240
f 3240//3240 3239//3239 3241//3241
f 3240//3240 3241//3241 3242//3242
f 3166//3166 3165//3165 3243//3243
f 3243//3243 3165//3165 3244//3244
f 3243//3243 3244//3244 3245//3245
f 3245//3245 3244//3244 3246//3246
f 3245//3245 3246//3246 3247//3247
f 3247//3247 3246//3246 3248//3248
f 3247//3247 3248//3248 3249//3249
f 3249//3249 3248//3248 3250//3250
f 3247//3247 3249//3249 3251//3251
f 3251//3251 3249//3249 3252//3252
f 3251//3251 3252//3252 3253//3253
f 3253//3253 3252//3252 3254//3254
f 3253//3253 3254//3254 3255//3255
f 3176//3176 3174//3174 3255//3255
f 3255//3255 3174//3174 3256//3256
f 3255//3255 3256//3256 3257//3257
f 3257//3257 3256//3256 3258//3258
f 3257//3257 3258//3258 3259//3259
f 3259//3259 3258//3258 3260//3260
f 3259//3259 3260//3260 3243//3243
f 3243//3243 3260//3260 3166//3166
f 3261//3261 3262//3262 3178//3178
f 3178//3178 3262//3262 3263//3263
f 3178//3178 3263//3263 3264//3264
f 3264//3264 3263//3263 3265//3265
f 3264//3264 3265//3265 3182//3182
f 3182//3182 3265//3265 3184//3184
f 3266//3266 3267//3267 3261//3261
f 3261//3261 3267//3267 3268//3268
f 3261//3261 3268//3268 3269//3269
f 3269//3269 3268//3268 3270//3270
f 3269//3269 3270//3270 3271//3271
f 3271//3271 3270//3270 3193//3193
f 3271//3271 3193//3193 3189//3189
f 3267//3267 3266//3266 3205//3205
f 3205//3205 3266//3266 3207//3207
f 3207//3207 3272//3272 3209//3209
f 3209//3209 3272//3272 3273//3273
f 3209//3209 3273//3273 3211//3211
f 3211//3211 3273//3273 3274//3274
f 3211//3211 3274//3274 3213//3213
f 3213//3213 3274//3274 3275//3275
f 3213//3213 3275//3275 3215//3215
f 3215//3215 3275//3275 3217//3217
f 3272//3272 3276//3276 3273//3273
f 3273//3273 3276//3276 3277//3277
f 3273//3273 3277//3277 3274//3274
f 3274//3274 3277//3277 3278//3278
f 3274//3274 3278//3278 3275//3275
f 3275//3275 3278//3278 3219//3219
f 3275//3275 3219//3219 3217//3217
f 3276//3276 3223//3223 3277//3277
f 3277//3277 3223//3223 3278//3278
f 3227//3227 3225//3225 3279//3279
f 3279//3279 3225//3225 3280//3280
f 3279//3279 3280//3280 3281//3281
f 3279//3279 3281//3281 3282//3282
f 3282//3282 3281//3281 3283//3283
f 3282//3282 3283//3283 3284//3284
f 3284//3284 3283//3283 3285//3285
f 3284//3284 3285//3285 3286//3286
f 3284//3284 3286//3286 3239//3239
f 3239//3239 3286//3286 3241//3241
f 3287//3287 3288//3288 3242//3242
f 3242//3242 3288//3288 3289//3289
f 3242//3242 3289//3289 3290//3290
f 3290//3290 3289//3289 3291//3291
f 3290//3290 3291//3291 3292//3292
f 3292//3292 3291//3291 3293//3293
f 3292//3292 3293//3293 3294//3294
f 3294//3294 3293//3293 3234//3234
f 3294//3294 3234//3234 3295//3295
f 3295//3295 3234//3234 3296//3296
f 3295//3295 3296//3296 3297//3297
f 3297//3297 3296//3296 3238//3238
f 3297//3297 3238//3238 3240//3240
f 3288//3288 3287//3287 3298//3298
f 3298//3298 3287//3287 3299//3299
f 3298//3298 3299//3299 3300//3300
f 3300//3300 3299//3299 3301//3301
f 3300//3300 3301//3301 3302//3302
f 3302//3302 3301//3301 3303//3303
f 3302//3302 3303//3303 3304//3304
f 3304//3304 3303//3303 3305//3305
f 3304//3304 3305//3305 3306//3306
f 3306//3306 3305//3305 3307//3307
f 3306//3306 3307//3307 3308//3308
f 3308//3308 3307//3307 3309//3309
f 3308//3308 3309//3309 3310//3310
f 3310//3310 3309//3309 3311//3311
f 3310//3310 3311//3311 3312//3312
f 3312//3312 3311//3311 3313//3313
f 3312//3312 3313//3313 3314//3314
f 3314//3314 3313//3313 3315//3315
f 3314//3314 3315//3315 3316//3316
f 3316//3316 3315//3315 3317//3317
f 3316//3316 3317//3317 3318//3318
f 3299//3299 3319//3319 3301//3301
f 3301//3301 3319//3319 3320//3320
f 3301//3301 3320//3320 3303//3303
f 3303//3303 3320//3320 3321//3321
f 3303//3303 3321//3321 3305//3305
f 3305//3305 3321//3321 3322//3322
f 3305//3305 3322//3322 3307//3307
f 3307//3307 3322//3322 3309//3309
f 3319//3319 3323//3323 3320//3320
f 3320//3320 3323//3323 3324//3324
f 3320//3320 3324//3324 3321//3321
f 3321//3321 3324//3324 3325//3325
f 3321//3321 3325//3325 3322//3322
f 3322//3322 3325//3325 3311//3311
f 3322//3322 3311//3311 3309//3309
f 3324//3324 3323//3323 3326//3326
f 3326//3326 3323//3323 3317//3317
f 3326//3326 3317//3317 3315//3315
f 3318//3318 3327//3327 3316//3316
f 3316//3316 3327//3327 3328//3328
f 3316//3316 3328//3328 3329//3329
f 3329//3329 3328//3328 3330//3330
f 3329//3329 3330//3330 3331//3331
f 3331//3331 3330//3330 3332//3332
f 3331//3331 3332//3332 3333//3333
f 3327//3327 3334//3334 3328//3328
f 3328//3328 3334//3334 3335//3335
f 3328//3328 3335//3335 3330//3330
f 3330//3330 3335//3335 3336//3336
f 3330//3330 3336//3336 3332//3332
f 3332//3332 3336//3336 3337//3337
f 3332//3332 3337//3337 3338//3338
f 3338//3338 3337//3337 3339//3339
f 3338//3338 3339//3339 3340//3340
f 3340//3340 3339//3339 3341//3341
f 3340//3340 3341//3341 3338//3338
f 3338//3338 3341//3341 3342//3342
f 3342//3342 3341//3341 3343//3343
f 3342//3342 3343//3343 3344//3344
f 3344//3344 3343//3343 3345//3345
f 3344//3344 3345//3345 3346//3346
f 3346//3346 3345//3345 3347//3347
f 3346//3346 3347//3347 3348//3348
f 3348//3348 3347//3347 3349//3349
f 3348//3348 3349//3349 3350//3350
f 3350//3350 3349//3349 3351//3351
f 3350//3350 3351//3351 3352//3352
f 3352//3352 3351//3351 3353//3353
f 3352//3352 3353//3353 3354//3354
f 3354//3354 3353//3353 3355//3355
f 3354//3354 3355//3355 3356//3356
f 3356//3356 3355//3355 3357//3357
f 3356//3356 3357//3357 3358//3358
f 3358//3358 3357//3357 3359//3359
f 3358//3358 3359//3359 3360//3360
f 3360//3360 3359//3359 3361//3361
f 3360//3360 3361//3361 3362//3362
f 3362//3362 3361//3361 3363//3363
f 3363//3363 3361//3361 3364//3364
f 3364//3364 3361//3361 3365//3365
f 3364//3364 3365//3365 3366//3366
f 3366//3366 3365//3365 3367//3367
f 3366//3366 3367//3367 3368//3368
f 3368//3368 3367//3367 3369//3369
f 3368//3368 3369//3369 3370//3370
f 3370//3370 3369//3369 3371//3371
f 3370//3370 3371//3371 3372//3372
f 3372//3372 3371//3371 3373//3373
f 3372//3372 3373//3373 3374//3374
f 3374//3374 3373//3373 3375//3375
f 3374//3374 3375//3375 3376//3376
f 3376//3376 3375//3375 3377//3377
f 3376//3376 3377//3377 3378//3378
f 3334//3334 3379//3379 3335//3335
f 3335//3335 3379//3379 3380//3380
f 3335//3335 3380//3380 3336//3336
f 3336//3336 3380//3380 3381//3381
f 3336//3336 3381//3381 3339//3339
f 3339//3339 3381//3381 3382//3382
f 3339//3339 3382//3382 3341//3341
f 3341//3341 3382//3382 3343//3343
f 3380//3380 3379//3379 3383//3383
f 3383//3383 3379//3379 3384//3384
f 3383//3383 3384//3384 3385//3385
f 3385//3385 3384//3384 3351//3351
f 3385//3385 3351//3351 3349//3349
f 3355//3355 3353//3353 3357//3357
f 3357//3357 3353//3353 3371//3371
f 3357//3357 3371//3371 3386//3386
f 3386//3386 3371//3371 3369//3369
f 3386//3386 3369//3369 3367//3367
f 3373//3373 3387//3387 3375//3375
f 3375//3375 3387//3387 3388//3388
f 3375//3375 3388//3388 3377//3377
f 3377//3377 3388//3388 3389//3389
f 3390//3390 3391//3391 3378//3378
f 3378//3378 3391//3391 3392//3392
f 3378//3378 3392//3392 3376//3376
f 3376//3376 3392//3392 3393//3393
f 3376//3376 3393//3393 3374//3374
f 3374//3374 3393//3393 3372//3372
f 3391//3391 3394//3394 3392//3392
f 3392//3392 3394//3394 3395//3395
f 3392//3392 3395//3395 3393//3393
f 3393//3393 3395//3395 3396//3396
f 3393//3393 3396//3396 3372//3372
f 3372//3372 3396//3396 3370//3370
f 3394//3394 3364//3364 3395//3395
f 3395//3395 3364//3364 3397//3397
f 3395//3395 3397//3397 3396//3396
f 3396//3396 3397//3397 3368//3368
f 3396//3396 3368//3368 3370//3370
f 3362//3362 3398//3398 3360//3360
f 3360//3360 3398//3398 3399//3399
f 3360//3360 3399//3399 3358//3358
f 3358//3358 3399//3399 3356//3356
f 3398//3398 3400//3400 3399//3399
f 3399//3399 3400//3400 3401//3401
f 3399//3399 3401//3401 3402//3402
f 3402//3402 3401//3401 3403//3403
f 3402//3402 3403//3403 3352//3352
f 3352//3352 3403//3403 3350//3350
f 3401//3401 3400//3400 3404//3404
f 3404//3404 3400//3400 3342//3342
f 3404//3404 3342//3342 3405//3405
f 3405//3405 3342//3342 3344//3344
f 3405//3405 3344//3344 3346//3346
f 3333//3333 3406//3406 3331//3331
f 3331//3331 3406//3406 3407//3407
f 3331//3331 3407//3407 3329//3329
f 3329//3329 3407//3407 3314//3314
f 3329//3329 3314//3314 3316//3316
f 3406//3406 3408//3408 3407//3407
f 3407//3407 3408//3408 3409//3409
f 3407//3407 3409//3409 3410//3410
f 3407//3407 3410//3410 3312//3312
f 3312//3312 3410//3410 3310//3310
f 3411//3411 3412//3412 3308//3308
f 3308//3308 3412//3412 3413//3413
f 3308//3308 3413//3413 3414//3414
f 3414//3414 3413//3413 3415//3415
f 3414//3414 3415//3415 3304//3304
f 3304//3304 3415//3415 3302//3302
f 3412//3412 3411//3411 3416//3416
f 3416//3416 3411//3411 3417//3417
f 3416//3416 3417//3417 3418//3418
f 3234//3234 3293//3293 3418//3418
f 3418//3418 3293//3293 3419//3419
f 3418//3418 3419//3419 3416//3416
f 3416//3416 3419//3419 3420//3420
f 3416//3416 3420//3420 3421//3421
f 3421//3421 3420//3420 3300//3300
f 3421//3421 3300//3300 3302//3302
f 3232//3232 3422//3422 3230//3230
f 3230//3230 3422//3422 3423//3423
f 3230//3230 3423//3423 3228//3228
f 3228//3228 3423//3423 3424//3424
f 3228//3228 3424//3424 3226//3226
f 3226//3226 3424//3424 3224//3224
f 3422//3422 3216//3216 3423//3423
f 3423//3423 3216//3216 3425//3425
f 3423//3423 3425//3425 3424//3424
f 3424//3424 3425//3425 3426//3426
f 3424//3424 3426//3426 3224//3224
f 3224//3224 3426//3426 3222//3222
f 3216//3216 3427//3427 3214//3214
f 3214//3214 3427//3427 3428//3428
f 3214//3214 3428//3428 3429//3429
f 3430//3430 3431//3431 3429//3429
f 3429//3429 3431//3431 3432//3432
f 3429//3429 3432//3432 3212//3212
f 3212//3212 3432//3432 3210//3210
f 3196//3196 3200//3200 3430//3430
f 3430//3430 3200//3200 3433//3433
f 3430//3430 3433//3433 3431//3431
f 3431//3431 3433//3433 3434//3434
f 3431//3431 3434//3434 3432//3432
f 3432//3432 3434//3434 3435//3435
f 3432//3432 3435//3435 3210//3210
f 3210//3210 3435//3435 3208//3208
f 3183//3183 3185//3185 3436//3436
f 3436//3436 3185//3185 3167//3167
f 3436//3436 3167//3167 3437//3437
f 3437//3437 3167//3167 3438//3438
f 3437//3437 3438//3438 3439//3439
f 3439//3439 3438//3438 3440//3440
f 3439//3439 3440//3440 3441//3441
f 3441//3441 3440//3440 3173//3173
f 3441//3441 3173//3173 3175//3175
f 3253//3253 3255//3255 3442//3442
f 3442//3442 3255//3255 3257//3257
f 3442//3442 3257//3257 3259//3259
f 3182//3182 3180//3180 3264//3264
f 3264//3264 3180//3180 3178//3178
f 3261//3261 3269//3269 3262//3262
f 3262//3262 3269//3269 3271//3271
f 3262//3262 3271//3271 3443//3443
f 3443//3443 3271//3271 3189//3189
f 3443//3443 3189//3189 3186//3186
f 3429//3429 3212//3212 3214//3214
f 3278//3278 3223//3223 3221//3221
f 3296//3296 3234//3234 3236//3236
f 3297//3297 3240//3240 3444//3444
f 3444//3444 3240//3240 3242//3242
f 3444//3444 3242//3242 3445//3445
f 3445//3445 3242//3242 3290//3290
f 3445//3445 3290//3290 3292//3292
f 3304//3304 3306//3306 3414//3414
f 3414//3414 3306//3306 3308//3308
f 3402//3402 3352//3352 3354//3354
f 3359//3359 3357//3357 3386//3386
f 3397//3397 3364//3364 3366//3366
f 3258//3258 3256//3256 3172//3172
f 3172//3172 3256//3256 3174//3174
f 3260//3260 3258//3258 3170//3170
f 3170//3170 3258//3258 3172//3172
f 3166//3166 3260//3260 3168//3168
f 3168//3168 3260//3260 3170//3170
f 3167//3167 3169//3169 3446//3446
f 3446//3446 3169//3169 3171//3171
f 3446//3446 3171//3171 3440//3440
f 3440//3440 3171//3171 3173//3173
f 3259//3259 3243//3243 3447//3447
f 3447//3447 3243//3243 3245//3245
f 3447//3447 3245//3245 3251//3251
f 3251//3251 3245//3245 3247//3247
f 3253//3253 3442//3442 3447//3447
f 3447//3447 3442//3442 3259//3259
f 3253//3253 3447//3447 3251//3251
f 3175//3175 3177//3177 3441//3441
f 3441//3441 3177//3177 3448//3448
f 3441//3441 3448//3448 3439//3439
f 3439//3439 3448//3448 3449//3449
f 3439//3439 3449//3449 3437//3437
f 3437//3437 3449//3449 3436//3436
f 3167//3167 3446//3446 3438//3438
f 3438//3438 3446//3446 3440//3440
f 3265//3265 3263//3263 3443//3443
f 3443//3443 3263//3263 3262//3262
f 3184//3184 3265//3265 3186//3186
f 3186//3186 3265//3265 3443//3443
f 3270//3270 3268//3268 3450//3450
f 3450//3450 3268//3268 3267//3267
f 3450//3450 3267//3267 3203//3203
f 3203//3203 3267//3267 3205//3205
f 3193//3193 3270//3270 3195//3195
f 3195//3195 3270//3270 3450//3450
f 3195//3195 3450//3450 3201//3201
f 3201//3201 3450//3450 3203//3203
f 3197//3197 3195//3195 3201//3201
f 3200//3200 3202//3202 3433//3433
f 3433//3433 3202//3202 3434//3434
f 3206//3206 3208//3208 3435//3435
f 3202//3202 3204//3204 3434//3434
f 3434//3434 3204//3204 3435//3435
f 3204//3204 3206//3206 3435//3435
f 3221//3221 3219//3219 3278//3278
f 3216//3216 3218//3218 3451//3451
f 3451//3451 3218//3218 3220//3220
f 3451//3451 3220//3220 3426//3426
f 3426//3426 3220//3220 3222//3222
f 3227//3227 3279//3279 3229//3229
f 3229//3229 3279//3279 3452//3452
f 3229//3229 3452//3452 3231//3231
f 3231//3231 3452//3452 3233//3233
f 3279//3279 3282//3282 3452//3452
f 3452//3452 3282//3282 3453//3453
f 3452//3452 3453//3453 3233//3233
f 3233//3233 3453//3453 3235//3235
f 3453//3453 3282//3282 3284//3284
f 3239//3239 3237//3237 3284//3284
f 3284//3284 3237//3237 3453//3453
f 3237//3237 3235//3235 3453//3453
f 3238//3238 3296//3296 3236//3236
f 3293//3293 3291//3291 3419//3419
f 3419//3419 3291//3291 3454//3454
f 3419//3419 3454//3454 3420//3420
f 3420//3420 3454//3454 3298//3298
f 3420//3420 3298//3298 3300//3300
f 3291//3291 3289//3289 3454//3454
f 3454//3454 3289//3289 3288//3288
f 3454//3454 3288//3288 3298//3298
f 3412//3412 3416//3416 3455//3455
f 3455//3455 3416//3416 3421//3421
f 3455//3455 3421//3421 3415//3415
f 3415//3415 3421//3421 3302//3302
f 3413//3413 3412//3412 3455//3455
f 3413//3413 3455//3455 3415//3415
f 3407//3407 3312//3312 3314//3314
f 3326//3326 3315//3315 3313//3313
f 3326//3326 3313//3313 3325//3325
f 3325//3325 3313//3313 3311//3311
f 3380//3380 3383//3383 3381//3381
f 3381//3381 3383//3383 3456//3456
f 3381//3381 3456//3456 3382//3382
f 3382//3382 3456//3456 3345//3345
f 3382//3382 3345//3345 3343//3343
f 3456//3456 3383//3383 3385//3385
f 3337//3337 3336//3336 3339//3339
f 3349//3349 3347//3347 3385//3385
f 3385//3385 3347//3347 3456//3456
f 3347//3347 3345//3345 3456//3456
f 3348//3348 3350//3350 3403//3403
f 3346//3346 3348//3348 3457//3457
f 3457//3457 3348//3348 3403//3403
f 3457//3457 3403//3403 3401//3401
f 3404//3404 3405//3405 3457//3457
f 3457//3457 3405//3405 3346//3346
f 3404//3404 3457//3457 3401//3401
f 3354//3354 3356//3356 3402//3402
f 3402//3402 3356//3356 3399//3399
f 3359//3359 3386//3386 3367//3367
f 3361//3361 3359//3359 3365//3365
f 3365//3365 3359//3359 3367//3367
f 3368//3368 3397//3397 3366//3366
f 3181//3181 3183//3183 3449//3449
f 3449//3449 3183//3183 3436//3436
f 3177//3177 3179//3179 3448//3448
f 3448//3448 3179//3179 3181//3181
f 3448//3448 3181//3181 3449//3449
f 3426//3426 3425//3425 3451//3451
f 3451//3451 3425//3425 3216//3216
f 3297//3297 3444//3444 3458//3458
f 3458//3458 3444//3444 3445//3445
f 3458//3458 3445//3445 3292//3292
f 3294//3294 3295//3295 3458//3458
f 3458//3458 3295//3295 3297//3297
f 3294//3294 3458//3458 3292//3292
f 3326//3326 3325//3325 3324//3324
f 3459//3459 3460//3460 3461//3461
f 3461//3461 3460//3460 3462//3462
f 3461//3461 3462//3462 3463//3463
f 3463//3463 3462//3462 3464//3464
f 3463//3463 3464//3464 3465//3465
f 3465//3465 3464//3464 3466//3466
f 3465//3465 3466//3466 3467//3467
f 3467//3467 3466//3466 3468//3468
f 3467//3467 3468//3468 3469//3469
f 3469//3469 3468//3468 3470//3470
f 3469//3469 3470//3470 3471//3471
f 3471//3471 3470//3470 3472//3472
f 3471//3471 3472//3472 3473//3473
f 3473//3473 3472//3472 3474//3474
f 3473//3473 3474//3474 3475//3475
f 3475//3475 3474//3474 3476//3476
f 3476//3476 3474//3474 3477//3477
f 3476//3476 3477//3477 3478//3478
f 3478//3478 3477//3477 3479//3479
f 3479//3479 3477//3477 3480//3480
f 3479//3479 3480//3480 3460//3460
f 3460//3460 3480//3480 3462//3462
f 3473//3473 3475//3475 3481//3481
f 3481//3481 3475//3475 3471//3471
f 3481//3481 3471//3471 3473//3473
f 3480//3480 3477//3477 3482//3482
f 3482//3482 3477//3477 3474//3474
f 3482//3482 3474//3474 3472//3472
f 3464//3464 3462//3462 3482//3482
f 3482//3482 3462//3462 3480//3480
f 3466//3466 3464//3464 3482//3482
f 3466//3466 3482//3482 3472//3472
f 3472//3472 3470//3470 3468//3468
f 3466//3466 3472//3472 3468//3468
f 3483//3483 3484//3484 3486//3486
f 3486//3486 3484//3484 3487//3487
f 3486//3486 3487//3487 3489//3489
f 3488//3488 3490//3490 3485//3485
f 3483//3483 3486//3486 3491//3491
f 3491//3491 3486//3486 3493//3493
f 3491//3491 3493//3493 3494//3494
f 3494//3494 3493//3493 3495//3495
f 3495//3495 3493//3493 3497//3497
f 3496//3496 3492//3492 3498//3498
f 3499//3499 3500//3500 3501//3501
f 3501//3501 3500//3500 3502//3502
f 3502//3502 3500//3500 3503//3503
f 3502//3502 3503//3503 3504//3504
f 3504//3504 3503//3503 3505//3505
f 3504//3504 3505//3505 3506//3506
f 3506//3506 3505//3505 3507//3507
f 3508//3508 3509//3509 3510//3510
f 3510//3510 3509//3509 3511//3511
f 3510//3510 3511//3511 3512//3512
f 3512//3512 3511//3511 3513//3513
f 3510//3510 3514//3514 3508//3508
f 3508//3508 3514//3514 3515//3515
f 3516//3516 3517//3517 3518//3518
f 3518//3518 3517//3517 3519//3519
f 3518//3518 3519//3519 3520//3520
f 3520//3520 3519//3519 3521//3521
f 3520//3520 3521//3521 3522//3522
f 3522//3522 3521//3521 3523//3523
f 3524//3524 3525//3525 3526//3526
f 3526//3526 3525//3525 3528//3528
f 3527//3527 3529//3529 3530//3530
f 3524//3524 3526//3526 3531//3531
f 3531//3531 3526//3526 3532//3532
f 3531//3531 3532//3532 3534//3534
f 3534//3534 3532//3532 3535//3535
f 3535//3535 3532//3532 3536//3536
f 3537//3537 3533//3533 3538//3538
f 3539//3539 3532//3532 3540//3540
f 3541//3541 3542//3542 3543//3543
f 3543//3543 3542//3542 3544//3544
f 3543//3543 3544//3544 3545//3545
f 3545//3545 3544//3544 3546//3546
f 3545//3545 3546//3546 3547//3547
f 3547//3547 3546//3546 3548//3548
f 3549//3549 3551//3551 3552//3552
f 3552//3552 3550//3550 3553//3553
f 3554//3554 3551//3551 3555//3555
f 3555//3555 3551//3551 3556//3556
f 3556//3556 3551//3551 3557//3557
f 3556//3556 3557//3557 3558//3558
f 3558//3558 3557//3557 3559//3559
f 3559//3559 3557//3557 3560//3560
f 3560//3560 3557//3557 3561//3561
f 3561//3561 3557//3557 3562//3562
f 3561//3561 3562//3562 3563//3563
f 3563//3563 3562//3562 3564//3564
f 3563//3563 3564//3564 3565//3565
f 3566//3566 3567//3567 3568//3568
f 3568//3568 3567//3567 3569//3569
f 3569//3569 3567//3567 3570//3570
f 3569//3569 3570//3570 3571//3571
f 3571//3571 3570//3570 3572//3572
f 3571//3571 3572//3572 3573//3573
f 3574//3574 3575//3575 3576//3576
f 3576//3576 3575//3575 3577//3577
f 3576//3576 3577//3577 3579//3579
f 3578//3578 3577//3577 3580//3580
f 3581//3581 3577//3577 3582//3582
f 3575//3575 3574//3574 3583//3583
f 3583//3583 3574//3574 3584//3584
f 3583//3583 3584//3584 3585//3585
f 3585//3585 3584//3584 3586//3586
f 3585//3585 3586//3586 3587//3587
f 3586//3586 3584//3584 3588//3588
f 3588//3588 3584//3584 3589//3589
f 3588//3588 3589//3589 3590//3590
f 3590//3590 3589//3589 3591//3591
f 3590//3590 3591//3591 3592//3592
f 3593//3593 3594//3594 3589//3589
f 3589//3589 3594//3594 3595//3595
f 3589//3589 3595//3595 3591//3591
f 3596//3596 3597//3597 3592//3592
f 3592//3592 3597//3597 3598//3598
f 3592//3592 3598//3598 3599//3599
f 3597//3597 3596//3596 3600//3600
f 3600//3600 3596//3596 3601//3601
f 3600//3600 3601//3601 3602//3602
f 3603//3603 3604//3604 3600//3600
f 3600//3600 3605//3605 3597//3597
f 3597//3597 3605//3605 3606//3606
f 3597//3597 3606//3606 3607//3607
f 3606//3606 3605//3605 3608//3608
f 3608//3608 3605//3605 3609//3609
f 3608//3608 3609//3609 3610//3610
f 3610//3610 3609//3609 3611//3611
f 3610//3610 3611//3611 3612//3612
f 3612//3612 3611//3611 3613//3613
f 3612//3612 3614//3614 3615//3615
f 3615//3615 3614//3614 3616//3616
f 3617//3617 3618//3618 3612//3612
f 3612//3612 3618//3618 3619//3619
f 3612//3612 3619//3619 3620//3620
f 3577//3577 3621//3621 3617//3617
f 3617//3617 3621//3621 3622//3622
f 3617//3617 3622//3622 3623//3623
f 3623//3623 3624//3624 3617//3617
f 3617//3617 3624//3624 3625//3625
f 3617//3617 3625//3625 3626//3626
f 3626//3626 3625//3625 3627//3627
f 3626//3626 3627//3627 3628//3628
f 3629//3629 3630//3630 3628//3628
f 3628//3628 3630//3630 3631//3631
f 3628//3628 3631//3631 3626//3626
f 3626//3626 3631//3631 3617//3617
f 3629//3629 3632//3632 3630//3630
f 3630//3630 3632//3632 3633//3633
f 3630//3630 3633//3633 3634//3634
f 3634//3634 3633//3633 3635//3635
f 3634//3634 3636//3636 3637//3637
f 3632//3632 3638//3638 3633//3633
f 3633//3633 3638//3638 3639//3639
f 3633//3633 3639//3639 3640//3640
f 3640//3640 3635//3635 3633//3633
f 3637//3637 3641//3641 3634//3634
f 3634//3634 3642//3642 3643//3643
f 3634//3634 3618//3618 3630//3630
f 3630//3630 3618//3618 3631//3631
f 3620//3620 3644//3644 3612//3612
f 3612//3612 3644//3644 3610//3610
f 3644//3644 3608//3608 3610//3610
f 3607//3607 3645//3645 3597//3597
f 3597//3597 3645//3645 3646//3646
f 3597//3597 3646//3646 3647//3647
f 3647//3647 3646//3646 3648//3648
f 3647//3647 3648//3648 3649//3649
f 3649//3649 3650//3650 3647//3647
f 3647//3647 3650//3650 3598//3598
f 3647//3647 3598//3598 3597//3597
f 3599//3599 3651//3651 3592//3592
f 3592//3592 3651//3651 3652//3652
f 3592//3592 3652//3652 3590//3590
f 3590//3590 3652//3652 3653//3653
f 3590//3590 3653//3653 3654//3654
f 3654//3654 3653//3653 3655//3655
f 3655//3655 3653//3653 3656//3656
f 3655//3655 3656//3656 3652//3652
f 3652//3652 3656//3656 3653//3653
f 3654//3654 3657//3657 3590//3590
f 3590//3590 3657//3657 3588//3588
f 3587//3587 3658//3658 3585//3585
f 3585//3585 3658//3658 3659//3659
f 3585//3585 3659//3659 3583//3583
f 3583//3583 3659//3659 3660//3660
f 3583//3583 3660//3660 3661//3661
f 3583//3583 3661//3661 3575//3575
f 3575//3575 3661//3661 3662//3662
f 3575//3575 3662//3662 3663//3663
f 3663//3663 3662//3662 3664//3664
f 3663//3663 3664//3664 3665//3665
f 3663//3663 3665//3665 3577//3577
f 3577//3577 3665//3665 3621//3621
f 3577//3577 3575//3575 3663//3663
f 3618//3618 3617//3617 3631//3631
f 3666//3666 3667//3667 3668//3668
f 3668//3668 3667//3667 3669//3669
f 3668//3668 3669//3669 3670//3670
f 3670//3670 3669//3669 3671//3671
f 3670//3670 3671//3671 3672//3672
f 3670//3670 3673//3673 3668//3668
f 3668//3668 3673//3673 3674//3674
f 3674//3674 3673//3673 3675//3675
f 3674//3674 3675//3675 3676//3676
f 3673//3673 3677//3677 3675//3675
f 3676//3676 3678//3678 3674//3674
f 3679//3679 3680//3680 3681//3681
f 3681//3681 3680//3680 3682//3682
f 3681//3681 3682//3682 3683//3683
f 3683//3683 3682//3682 3684//3684
f 3683//3683 3684//3684 3685//3685
f 3685//3685 3684//3684 3686//3686
f 3686//3686 3684//3684 3687//3687
f 3686//3686 3687//3687 3688//3688
f 3688//3688 3687//3687 3689//3689
f 3689//3689 3687//3687 3690//3690
f 3689//3689 3690//3690 3691//3691
f 3691//3691 3690//3690 3692//3692
f 3692//3692 3690//3690 3693//3693
f 3692//3692 3693//3693 3694//3694
f 3680//3680 3695//3695 3682//3682
f 3682//3682 3695//3695 3690//3690
f 3682//3682 3690//3690 3687//3687
f 3695//3695 3693//3693 3690//3690
f 3685//3685 3696//3696 3683//3683
f 3687//3687 3684//3684 3682//3682
f 3697//3697 3698//3698 3699//3699
f 3699//3699 3698//3698 3700//3700
f 3699//3699 3700//3700 3701//3701
f 3698//3698 3702//3702 3700//3700
f 3700//3700 3702//3702 3703//3703
f 3704//3704 3705//3705 3701//3701
f 3701//3701 3705//3705 3706//3706
f 3701//3701 3706//3706 3699//3699
f 3705//3705 3707//3707 3706//3706
f 3706//3706 3707//3707 3708//3708
f 3709//3709 3710//3710 3711//3711
f 3711//3711 3710//3710 3712//3712
f 3711//3711 3712//3712 3713//3713
f 3713//3713 3712//3712 3714//3714
f 3713//3713 3714//3714 3715//3715
f 3715//3715 3714//3714 3716//3716
f 3716//3716 3714//3714 3717//3717
f 3716//3716 3717//3717 3718//3718
f 3718//3718 3717//3717 3719//3719
f 3719//3719 3717//3717 3720//3720
f 3719//3719 3720//3720 3721//3721
f 3710//3710 3722//3722 3712//3712
f 3712//3712 3722//3722 3717//3717
f 3712//3712 3717//3717 3714//3714
f 3722//3722 3720//3720 3717//3717
f 3715//3715 3723//3723 3713//3713
f 3713//3713 3723//3723 3724//3724
f 3713//3713 3724//3724 3711//3711
f 3711//3711 3724//3724 3725//3725
f 3725//3725 3724//3724 3726//3726
f 3725//3725 3726//3726 3727//3727
f 3727//3727 3726//3726 3728//3728
f 3729//3729 3730//3730 3731//3731
f 3731//3731 3730//3730 3732//3732
f 3731//3731 3732//3732 3733//3733
f 3733//3733 3732//3732 3734//3734
f 3733//3733 3734//3734 3735//3735
f 3733//3733 3736//3736 3731//3731
f 3731//3731 3736//3736 3737//3737
f 3737//3737 3736//3736 3738//3738
f 3737//3737 3738//3738 3739//3739
f 3740//3740 3741//3741 3736//3736
f 3736//3736 3741//3741 3738//3738
f 3742//3742 3743//3743 3744//3744
f 3744//3744 3743//3743 3745//3745
f 3744//3744 3745//3745 3746//3746
f 3746//3746 3745//3745 3747//3747
f 3746//3746 3747//3747 3748//3748
f 3748//3748 3747//3747 3749//3749
f 3749//3749 3747//3747 3750//3750
f 3750//3750 3747//3747 3751//3751
f 3750//3750 3751//3751 3752//3752
f 3752//3752 3751//3751 3753//3753
f 3752//3752 3753//3753 3754//3754
f 3743//3743 3755//3755 3745//3745
f 3745//3745 3755//3755 3751//3751
f 3745//3745 3751//3751 3747//3747
f 3755//3755 3753//3753 3751//3751
f 3748//3748 3756//3756 3746//3746
f 3746//3746 3756//3756 3757//3757
f 3746//3746 3757//3757 3758//3758
f 3758//3758 3757//3757 3759//3759
f 3758//3758 3744//3744 3746//3746
f 3760//3760 3761//3761 3762//3762
f 3762//3762 3761//3761 3763//3763
f 3763//3763 3761//3761 3764//3764
f 3763//3763 3764//3764 3765//3765
f 3761//3761 3766//3766 3764//3764
f 3765//3765 3767//3767 3763//3763
f 3768//3768 3769//3769 3770//3770
f 3770//3770 3769//3769 3771//3771
f 3770//3770 3771//3771 3772//3772
f 3772//3772 3771//3771 3773//3773
f 3773//3773 3771//3771 3774//3774
f 3774//3774 3771//3771 3775//3775
f 3768//3768 3776//3776 3769//3769
f 3769//3769 3776//3776 3777//3777
f 3772//3772 3778//3778 3770//3770
f 3770//3770 3778//3778 3779//3779
f 3779//3779 3778//3778 3780//3780
f 3779//3779 3780//3780 3781//3781
f 3782//3782 3783//3783 3784//3784
f 3784//3784 3783//3783 3785//3785
f 3784//3784 3785//3785 3786//3786
f 3786//3786 3785//3785 3787//3787
f 3788//3788 3789//3789 3786//3786
f 3786//3786 3789//3789 3790//3790
f 3786//3786 3790//3790 3784//3784
f 3784//3784 3790//3790 3791//3791
f 3792//3792 3793//3793 3794//3794
f 3794//3794 3793//3793 3795//3795
f 3794//3794 3795//3795 3796//3796
f 3792//3792 3797//3797 3793//3793
f 3793//3793 3797//3797 3798//3798
f 3793//3793 3799//3799 3795//3795
f 3795//3795 3799//3799 3800//3800
f 3800//3800 3799//3799 3801//3801
f 3801//3801 3799//3799 3802//3802
f 3803//3803 3804//3804 3796//3796
f 3796//3796 3804//3804 3805//3805
f 3796//3796 3805//3805 3806//3806
f 3806//3806 3805//3805 3807//3807
f 3806//3806 3794//3794 3796//3796
f 3808//3808 3809//3809 3810//3810
f 3810//3810 3809//3809 3811//3811
f 3811//3811 3809//3809 3812//3812
f 3811//3811 3812//3812 3813//3813
f 3813//3813 3812//3812 3814//3814
f 3814//3814 3812//3812 3815//3815
f 3813//3813 3816//3816 3811//3811
f 3817//3817 3818//3818 3819//3819
f 3819//3819 3818//3818 3820//3820
f 3819//3819 3820//3820 3821//3821
f 3821//3821 3820//3820 3822//3822
f 3822//3822 3820//3820 3823//3823
f 3822//3822 3823//3823 3824//3824
f 3824//3824 3823//3823 3825//3825
f 3824//3824 3825//3825 3826//3826
f 3818//3818 3827//3827 3820//3820
f 3820//3820 3827//3827 3823//3823
f 3827//3827 3828//3828 3823//3823
f 3823//3823 3828//3828 3825//3825
f 3828//3828 3829//3829 3825//3825
f 3830//3830 3831//3831 3821//3821
f 3821//3821 3831//3831 3819//3819
f 3832//3832 3833//3833 3834//3834
f 3834//3834 3833//3833 3835//3835
f 3835//3835 3833//3833 3836//3836
f 3835//3835 3836//3836 3837//3837
f 3837//3837 3836//3836 3838//3838
f 3838//3838 3836//3836 3839//3839
f 3837//3837 3840//3840 3835//3835
f 3841//3841 3842//3842 3843//3843
f 3843//3843 3842//3842 3844//3844
f 3843//3843 3844//3844 3845//3845
f 3845//3845 3844//3844 3846//3846
f 3845//3845 3846//3846 3847//3847
f 3847//3847 3846//3846 3848//3848
f 3847//3847 3848//3848 3849//3849
f 3841//3841 3850//3850 3842//3842
f 3842//3842 3850//3850 3851//3851
f 3842//3842 3851//3851 3852//3852
f 3850//3850 3853//3853 3851//3851
f 3852//3852 3854//3854 3842//3842
f 3846//3846 3855//3855 3848//3848
f 3849//3849 3856//3856 3847//3847
f 3857//3857 3858//3858 3859//3859
f 3859//3859 3858//3858 3860//3860
f 3860//3860 3858//3858 3861//3861
f 3860//3860 3861//3861 3862//3862
f 3862//3862 3861//3861 3863//3863
f 3862//3862 3863//3863 3864//3864
f 3861//3861 3865//3865 3863//3863
f 3864//3864 3866//3866 3862//3862
f 3867//3867 3868//3868 3869//3869
f 3869//3869 3868//3868 3870//3870
f 3869//3869 3870//3870 3871//3871
f 3871//3871 3870//3870 3872//3872
f 3871//3871 3872//3872 3873//3873
f 3873//3873 3872//3872 3874//3874
f 3874//3874 3872//3872 3875//3875
f 3875//3875 3872//3872 3876//3876
f 3875//3875 3876//3876 3877//3877
f 3877//3877 3876//3876 3878//3878
f 3878//3878 3876//3876 3879//3879
f 3878//3878 3879//3879 3880//3880
f 3880//3880 3879//3879 3881//3881
f 3880//3880 3881//3881 3882//3882
f 3868//3868 3883//3883 3870//3870
f 3870//3870 3883//3883 3879//3879
f 3870//3870 3879//3879 3872//3872
f 3872//3872 3879//3879 3876//3876
f 3883//3883 3881//3881 3879//3879
f 3877//3877 3884//3884 3875//3875
f 3885//3885 3886//3886 3887//3887
f 3887//3887 3886//3886 3888//3888
f 3887//3887 3888//3888 3889//3889
f 3889//3889 3888//3888 3890//3890
f 3889//3889 3890//3890 3891//3891
f 3891//3891 3890//3890 3892//3892
f 3891//3891 3892//3892 3893//3893
f 3893//3893 3892//3892 3894//3894
f 3893//3893 3895//3895 3891//3891
f 3891//3891 3895//3895 3896//3896
f 3897//3897 3898//3898 3899//3899
f 3899//3899 3898//3898 3900//3900
f 3900//3900 3898//3898 3901//3901
f 3900//3900 3901//3901 3902//3902
f 3902//3902 3901//3901 3905//3905
f 3903//3903 3906//3906 3908//3908
f 3907//3907 3909//3909 3902//3902
f 3904//3904 3910//3910 3912//3912
f 3902//3902 3911//3911 3914//3914
f 3913//3913 3915//3915 3904//3904
f 3916//3916 3917//3917 3918//3918
f 3918//3918 3917//3917 3919//3919
f 3919//3919 3917//3917 3920//3920
f 3919//3919 3920//3920 3921//3921
f 3921//3921 3920//3920 3922//3922
f 3921//3921 3922//3922 3923//3923
f 3923//3923 3922//3922 3924//3924
f 3923//3923 3924//3924 3925//3925
f 3926//3926 3927//3927 3929//3929
f 3929//3929 3928//3928 3932//3932
f 3930//3930 3927//3927 3933//3933
f 3931//3931 3934//3934 3936//3936
f 3935//3935 3933//3933 3937//3937
f 3935//3935 3938//3938 3939//3939
f 3940//3940 3941//3941 3942//3942
f 3942//3942 3941//3941 3943//3943
f 3943//3943 3941//3941 3944//3944
f 3943//3943 3944//3944 3945//3945
f 3945//3945 3944//3944 3946//3946
f 3945//3945 3946//3946 3947//3947
f 3947//3947 3946//3946 3948//3948
f 3947//3947 3948//3948 3949//3949
f 3949//3949 3948//3948 3950//3950
f 3950//3950 3948//3948 3951//3951
f 3950//3950 3951//3951 3952//3952
f 3953//3953 3954//3954 3955//3955
f 3955//3955 3954//3954 3956//3956
f 3955//3955 3956//3956 3957//3957
f 3957//3957 3956//3956 3958//3958
f 3957//3957 3958//3958 3959//3959
f 3959//3959 3958//3958 3960//3960
f 3961//3961 3962//3962 3963//3963
f 3963//3963 3962//3962 3964//3964
f 3964//3964 3962//3962 3965//3965
f 3964//3964 3965//3965 3966//3966
f 3966//3966 3965//3965 3967//3967
f 3966//3966 3967//3967 3968//3968
f 3969//3969 3970//3970 3968//3968
f 3968//3968 3970//3970 3971//3971
f 3968//3968 3971//3971 3966//3966
f 3972//3972 3973//3973 3974//3974
f 3974//3974 3973//3973 3975//3975
f 3974//3974 3975//3975 3977//3977
f 3977//3977 3975//3975 3978//3978
f 3979//3979 3975//3975 3980//3980
f 3980//3980 3976//3976 3982//3982
f 3980//3980 3982//3982 3983//3983
f 3984//3984 3981//3981 3985//3985
f 3984//3984 3986//3986 3987//3987
f 3973//3973 3988//3988 3975//3975
f 3975//3975 3988//3988 3989//3989
f 3975//3975 3989//3989 3990//3990
f 3991//3991 3992//3992 3993//3993
f 3993//3993 3992//3992 3995//3995
f 3994//3994 3996//3996 3997//3997
f 3998//3998 3995//3995 4000//4000
f 3998//3998 4000//4000 4001//4001
f 4002//4002 3999//3999 4003//4003
f 4004//4004 4005//4005 4007//4007
f 4007//4007 4006//4006 4011//4011
f 4007//4007 4010//4010 4013//4013
f 4012//4012 4011//4011 4016//4016
f 4014//4014 4016//4016 4018//4018
f 4019//4019 4021//4021 4017//4017
f 4018//4018 4020//4020 4022//4022
f 4018//4018 4023//4023 4015//4015
f 4015//4015 4024//4024 4025//4025
f 4013//4013 4026//4026 4028//4028
f 4020//4020 4029//4029 4022//4022
f 4027//4027 4030//4030 4012//4012
f 4031//4031 4032//4032 4007//4007
f 4007//4007 4032//4032 4033//4033
f 4008//4008 4033//4033 4034//4034
f 4036//4036 4037//4037 4034//4034
f 4035//4035 4037//4037 4009//4009
f 4037//4037 4004//4004 4007//4007
f 4038//4038 4039//4039 4040//4040
f 4040//4040 4039//4039 4042//4042
f 4041//4041 4039//4039 4043//4043
f 4042//4042 4043//4043 4044//4044
f 4044//4044 4043//4043 4045//4045
f 4044//4044 4045//4045 4046//4046
f 4047//4047 4048//4048 4050//4050
f 4050//4050 4048//4048 4051//4051
f 4051//4051 4049//4049 4053//4053
f 4052//4052 4048//4048 4056//4056
f 4052//4052 4056//4056 4058//4058
f 4057//4057 4056//4056 4059//4059
f 4058//4058 4059//4059 4060//4060
f 4060//4060 4059//4059 4061//4061
f 4062//4062 4063//4063 4055//4055
f 4054//4054 4063//4063 4064//4064
f 4055//4055 4064//4064 4059//4059
f 4060//4060 4065//4065 4058//4058
f 4066//4066 4067//4067 4068//4068
f 4068//4068 4067//4067 4069//4069
f 4069//4069 4067//4067 4070//4070
f 4069//4069 4070//4070 4071//4071
f 4071//4071 4070//4070 4072//4072
f 4072//4072 4070//4070 4073//4073
f 4072//4072 4073//4073 4074//4074
f 4074//4074 4073//4073 4075//4075
f 4074//4074 4075//4075 4076//4076
f 4077//4077 4079//4079 4083//4083
f 4082//4082 4080//4080 4084//4084
f 4081//4081 4085//4085 4088//4088
f 4089//4089 4086//4086 4090//4090
f 4087//4087 4091//4091 4092//4092
f 4078//4078 4081//4081 4093//4093
f 4093//4093 4081//4081 4095//4095
f 4093//4093 4095//4095 4097//4097
f 4096//4096 4094//4094 4099//4099
f 4097//4097 4098//4098 4100//4100
f 4101//4101 4102//4102 4105//4105
f 4105//4105 4103//4103 4106//4106
f 4104//4104 4106//4106 4108//4108
f 4107//4107 4106//4106 4109//4109
f 4108//4108 4109//4109 4111//4111
f 4110//4110 4109//4109 4112//4112
f 4113//4113 4115//4115 4117//4117
f 4116//4116 4114//4114 4119//4119
f 4117//4117 4118//4118 4120//4120
f 4120//4120 4118//4118 4123//4123
f 4121//4121 4124//4124 4125//4125
f 4126//4126 4123//4123 4127//4127
f 4127//4127 4123//4123 4128//4128
f 4128//4128 4123//4123 4129//4129
f 4130//4130 4122//4122 4131//4131
f 4132//4132 4123//4123 4135//4135
f 4133//4133 4135//4135 4136//4136
f 4137//4137 4134//4134 4138//4138
f 4139//4139 4140//4140 4141//4141
f 4141//4141 4140//4140 4142//4142
f 4141//4141 4142//4142 4143//4143
f 4143//4143 4142//4142 4144//4144
f 4143//4143 4144//4144 4145//4145
f 4145//4145 4144//4144 4146//4146
f 4145//4145 4146//4146 4147//4147
f 4148//4148 4149//4149 4150//4150
f 4151//4151 4149//4149 4153//4153
f 4152//4152 4154//4154 4157//4157
f 4157//4157 4155//4155 4159//4159
f 4156//4156 4159//4159 4160//4160
f 4160//4160 4158//4158 4161//4161
f 4162//4162 4163//4163 4164//4164
f 4164//4164 4163//4163 4165//4165
f 4164//4164 4165//4165 4166//4166
f 4166//4166 4165//4165 4167//4167
f 4163//4163 4168//4168 4165//4165
f 4165//4165 4168//4168 4169//4169
f 4169//4169 4168//4168 4170//4170
f 4170//4170 4168//4168 4171//4171
f 4172//4172 4173//4173 4174//4174
f 4174//4174 4173//4173 4175//4175
f 4174//4174 4175//4175 4176//4176
f 4176//4176 4175//4175 4177//4177
f 4175//4175 4173//4173 4178//4178
f 4178//4178 4173//4173 4179//4179
f 4178//4178 4179//4179 4180//4180
f 4180//4180 4179//4179 4181//4181
f 4181//4181 4179//4179 4182//4182
f 4182//4182 4179//4179 4183//4183
f 4184//4184 4185//4185 4186//4186
f 4186//4186 4185//4185 4187//4187
f 4186//4186 4187//4187 4188//4188
f 4188//4188 4187//4187 4189//4189
f 4188//4188 4189//4189 4190//4190
f 4190//4190 4189//4189 4191//4191
f 4191//4191 4189//4189 4192//4192
f 4191//4191 4192//4192 4193//4193
f 4187//4187 4185//4185 4194//4194
f 4194//4194 4185//4185 4195//4195
f 4194//4194 4195//4195 4196//4196
f 4196//4196 4195//4195 4197//4197
f 4196//4196 4198//4198 4194//4194
f 4194//4194 4198//4198 4199//4199
f 4194//4194 4199//4199 4189//4189
f 4189//4189 4199//4199 4200//4200
f 4189//4189 4200//4200 4192//4192
f 4198//4198 4201//4201 4199//4199
f 4199//4199 4201//4201 4200//4200
f 4201//4201 4202//4202 4200//4200
f 4189//4189 4187//4187 4194//4194
f 4203//4203 4204//4204 4205//4205
f 4205//4205 4204//4204 4206//4206
f 4206//4206 4204//4204 4207//4207
f 4206//4206 4207//4207 4208//4208
f 4204//4204 4209//4209 4207//4207
f 4207//4207 4209//4209 4210//4210
f 4207//4207 4210//4210 4211//4211
f 4211//4211 4210//4210 4212//4212
f 4211//4211 4212//4212 4213//4213
f 4214//4214 4215//4215 4210//4210
f 4210//4210 4215//4215 4212//4212
f 4216//4216 4217//4217 4218//4218
f 4218//4218 4217//4217 4219//4219
f 4218//4218 4219//4219 4220//4220
f 4220//4220 4219//4219 4221//4221
f 4220//4220 4221//4221 4222//4222
f 4222//4222 4221//4221 4223//4223
f 4222//4222 4223//4223 4224//4224
f 4219//4219 4217//4217 4225//4225
f 4225//4225 4217//4217 4226//4226
f 4225//4225 4226//4226 4227//4227
f 4227//4227 4226//4226 4228//4228
f 4227//4227 4229//4229 4225//4225
f 4225//4225 4229//4229 4230//4230
f 4225//4225 4230//4230 4231//4231
f 4231//4231 4230//4230 4232//4232
f 4231//4231 4232//4232 4233//4233
f 4233//4233 4232//4232 4234//4234
f 4233//4233 4235//4235 4231//4231
f 4231//4231 4235//4235 4221//4221
f 4231//4231 4221//4221 4225//4225
f 4225//4225 4221//4221 4219//4219
f 4235//4235 4223//4223 4221//4221
f 4236//4236 4237//4237 4238//4238
f 4238//4238 4237//4237 4239//4239
f 4238//4238 4239//4239 4240//4240
f 4240//4240 4239//4239 4241//4241
f 4237//4237 4242//4242 4239//4239
f 4239//4239 4242//4242 4243//4243
f 4239//4239 4243//4243 4244//4244
f 4244//4244 4243//4243 4245//4245
f 4244//4244 4245//4245 4246//4246
f 4239//4239 4244//4244 4247//4247
f 4247//4247 4244//4244 4248//4248
f 4247//4247 4248//4248 4249//4249
f 4250//4250 4251//4251 4252//4252
f 4252//4252 4251//4251 4253//4253
f 4252//4252 4253//4253 4254//4254
f 4254//4254 4253//4253 4255//4255
f 4255//4255 4253//4253 4256//4256
f 4256//4256 4253//4253 4257//4257
f 4254//4254 4258//4258 4252//4252
f 4252//4252 4258//4258 4259//4259
f 4259//4259 4258//4258 4260//4260
f 4259//4259 4260//4260 4261//4261
f 4261//4261 4260//4260 4262//4262
f 4262//4262 4260//4260 4263//4263
f 4262//4262 4263//4263 4264//4264
f 4264//4264 4265//4265 4262//4262
f 4266//4266 4267//4267 4261//4261
f 4261//4261 4267//4267 4268//4268
f 4261//4261 4268//4268 4259//4259
f 4269//4269 4270//4270 4271//4271
f 4271//4271 4270//4270 4272//4272
f 4272//4272 4270//4270 4273//4273
f 4272//4272 4273//4273 4274//4274
f 4275//4275 4276//4276 4270//4270
f 4270//4270 4276//4276 4277//4277
f 4270//4270 4277//4277 4278//4278
f 4278//4278 4273//4273 4270//4270
f 4279//4279 4280//4280 4281//4281
f 4281//4281 4280//4280 4282//4282
f 4281//4281 4282//4282 4283//4283
f 4280//4280 4284//4284 4282//4282
f 4282//4282 4284//4284 4285//4285
f 4281//4281 4283//4283 4286//4286
f 4286//4286 4283//4283 4287//4287
f 4286//4286 4287//4287 4288//4288
f 4289//4289 4290//4290 4288//4288
f 4288//4288 4290//4290 4291//4291
f 4288//4288 4291//4291 4292//4292
f 4292//4292 4291//4291 4293//4293
f 4293//4293 4291//4291 4294//4294
f 4292//4292 4286//4286 4288//4288
f 4295//4295 4296//4296 4297//4297
f 4297//4297 4296//4296 4298//4298
f 4298//4298 4296//4296 4299//4299
f 4298//4298 4299//4299 4300//4300
f 4296//4296 4301//4301 4299//4299
f 4299//4299 4301//4301 4302//4302
f 4299//4299 4302//4302 4303//4303
f 4301//4301 4304//4304 4302//4302
f 4303//4303 4305//4305 4299//4299
f 4306//4306 4307//4307 4308//4308
f 4308//4308 4307//4307 4309//4309
f 4308//4308 4309//4309 4310//4310
f 4310//4310 4309//4309 4311//4311
f 4311//4311 4309//4309 4312//4312
f 4311//4311 4312//4312 4313//4313
f 4313//4313 4312//4312 4314//4314
f 4313//4313 4314//4314 4315//4315
f 4307//4307 4316//4316 4309//4309
f 4309//4309 4316//4316 4317//4317
f 4309//4309 4317//4317 4312//4312
f 4312//4312 4317//4317 4318//4318
f 4312//4312 4318//4318 4314//4314
f 4314//4314 4318//4318 4319//4319
f 4319//4319 4318//4318 4320//4320
f 4319//4319 4320//4320 4321//4321
f 4316//4316 4322//4322 4317//4317
f 4317//4317 4322//4322 4323//4323
f 4317//4317 4323//4323 4324//4324
f 4324//4324 4325//4325 4317//4317
f 4317//4317 4325//4325 4318//4318
f 4325//4325 4320//4320 4318//4318
f 4326//4326 4327//4327 4328//4328
f 4328//4328 4327//4327 4329//4329
f 4328//4328 4329//4329 4330//4330
f 4330//4330 4329//4329 4331//4331
f 4330//4330 4331//4331 4332//4332
f 4332//4332 4331//4331 4333//4333
f 4332//4332 4333//4333 4334//4334
f 4329//4329 4335//4335 4331//4331
f 4336//4336 4337//4337 4330//4330
f 4330//4330 4337//4337 4328//4328
f 4338//4338 4339//4339 4340//4340
f 4340//4340 4339//4339 4341//4341
f 4340//4340 4341//4341 4342//4342
f 4342//4342 4341//4341 4343//4343
f 4342//4342 4343//4343 4344//4344
f 4344//4344 4343//4343 4345//4345
f 4344//4344 4345//4345 4346//4346
f 4346//4346 4345//4345 4347//4347
f 4346//4346 4347//4347 4348//4348
f 4348//4348 4347//4347 4349//4349
f 4348//4348 4349//4349 4350//4350
f 4348//4348 4351//4351 4346//4346
f 4346//4346 4351//4351 4352//4352
f 4352//4352 4351//4351 4353//4353
f 4354//4354 4355//4355 4356//4356
f 4356//4356 4355//4355 4357//4357
f 4356//4356 4357//4357 4358//4358
f 4358//4358 4357//4357 4359//4359
f 4359//4359 4357//4357 4360//4360
f 4359//4359 4360//4360 4361//4361
f 4360//4360 4357//4357 4362//4362
f 4362//4362 4357//4357 4363//4363
f 4362//4362 4363//4363 4364//4364
f 4365//4365 4366//4366 4358//4358
f 4358//4358 4366//4366 4356//4356
f 4367//4367 4368//4368 4369//4369
f 4369//4369 4368//4368 4370//4370
f 4369//4369 4370//4370 4371//4371
f 4371//4371 4370//4370 4372//4372
f 4371//4371 4372//4372 4373//4373
f 4373//4373 4372//4372 4374//4374
f 4373//4373 4374//4374 4375//4375
f 4372//4372 4376//4376 4374//4374
f 4377//4377 4378//4378 4375//4375
f 4375//4375 4378//4378 4379//4379
f 4375//4375 4379//4379 4373//4373
f 4373//4373 4379//4379 4380//4380
f 4373//4373 4380//4380 4371//4371
f 4371//4371 4380//4380 4381//4381
f 4371//4371 4381//4381 4369//4369
f 4377//4377 4382//4382 4378//4378
f 4378//4378 4383//4383 4379//4379
f 4379//4379 4383//4383 4380//4380
f 4383//4383 4384//4384 4380//4380
f 4380//4380 4384//4384 4385//4385
f 4380//4380 4385//4385 4386//4386
f 4386//4386 4381//4381 4380//4380
f 4387//4387 4388//4388 4389//4389
f 4389//4389 4388//4388 4390//4390
f 4389//4389 4390//4390 4391//4391
f 4388//4388 4387//4387 4392//4392
f 4392//4392 4387//4387 4393//4393
f 4392//4392 4393//4393 4394//4394
f 4394//4394 4393//4393 4395//4395
f 4394//4394 4395//4395 4396//4396
f 4393//4393 4397//4397 4395//4395
f 4395//4395 4397//4397 4398//4398
f 4388//4388 4399//4399 4390//4390
f 4400//4400 4401//4401 4391//4391
f 4391//4391 4401//4401 4402//4402
f 4391//4391 4402//4402 4389//4389
f 4405//4405 4404//4404 4406//4406
f 4403//4403 4407//4407 4408//4408
f 4409//4409 4410//4410 4411//4411
f 4411//4411 4410//4410 4412//4412
f 4411//4411 4412//4412 4413//4413
f 4413//4413 4414//4414 4411//4411
f 4411//4411 4414//4414 4415//4415
f 4411//4411 4415//4415 4416//4416
f 4416//4416 4415//4415 4417//4417
f 4416//4416 4417//4417 4418//4418
f 4418//4418 4417//4417 4419//4419
f 4418//4418 4420//4420 4416//4416
f 4416//4416 4420//4420 4421//4421
f 4416//4416 4421//4421 4409//4409
f 4416//4416 4409//4409 4411//4411
f 4422//4422 4423//4423 4424//4424
f 4424//4424 4423//4423 4425//4425
f 4424//4424 4425//4425 4426//4426
f 4426//4426 4425//4425 4427//4427
f 4428//4428 4429//4429 4423//4423
f 4423//4423 4429//4429 4430//4430
f 4423//4423 4430//4430 4425//4425
f 4429//4429 4431//4431 4430//4430
f 4430//4430 4431//4431 4432//4432
f 4430//4430 4432//4432 4433//4433
f 4434//4434 4435//4435 4436//4436
f 4436//4436 4435//4435 4437//4437
f 4436//4436 4437//4437 4438//4438
f 4438//4438 4437//4437 4439//4439
f 4438//4438 4439//4439 4440//4440
f 4440//4440 4439//4439 4441//4441
f 4441//4441 4439//4439 4442//4442
f 4442//4442 4439//4439 4443//4443
f 4442//4442 4443//4443 4444//4444
f 4444//4444 4443//4443 4445//4445
f 4444//4444 4445//4445 4446//4446
f 4446//4446 4445//4445 4447//4447
f 4437//4437 4435//4435 4448//4448
f 4448//4448 4435//4435 4449//4449
f 4448//4448 4449//4449 4450//4450
f 4450//4450 4449//4449 4451//4451
f 4448//4448 4450//4450 4443//4443
f 4443//4443 4450//4450 4445//4445
f 4439//4439 4437//4437 4448//4448
f 4439//4439 4448//4448 4443//4443
f 4452//4452 4453//4453 4454//4454
f 4454//4454 4453//4453 4455//4455
f 4454//4454 4455//4455 4456//4456
f 4454//4454 4456//4456 4457//4457
f 4457//4457 4456//4456 4458//4458
f 4457//4457 4458//4458 4459//4459
f 4459//4459 4458//4458 4460//4460
f 4460//4460 4458//4458 4461//4461
f 4460//4460 4461//4461 4462//4462
f 4462//4462 4461//4461 4463//4463
f 4463//4463 4461//4461 4464//4464
f 4462//4462 4465//4465 4460//4460
f 4466//4466 4467//4467 4468//4468
f 4468//4468 4467//4467 4469//4469
f 4468//4468 4469//4469 4470//4470
f 4470//4470 4469//4469 4471//4471
f 4467//4467 4472//4472 4469//4469
f 4469//4469 4472//4472 4473//4473
f 4473//4473 4472//4472 4474//4474
f 4473//4473 4474//4474 4475//4475
f 4475//4475 4474//4474 4476//4476
f 4475//4475 4476//4476 4477//4477
f 4476//4476 4474//4474 4478//4478
f 4478//4478 4474//4474 4479//4479
f 4478//4478 4479//4479 4480//4480
f 4481//4481 4482//4482 4483//4483
f 4483//4483 4482//4482 4484//4484
f 4483//4483 4484//4484 4485//4485
f 4485//4485 4484//4484 4486//4486
f 4485//4485 4486//4486 4487//4487
f 4487//4487 4486//4486 4488//4488
f 4487//4487 4489//4489 4485//4485
f 4485//4485 4489//4489 4490//4490
f 4485//4485 4490//4490 4491//4491
f 4491//4491 4490//4490 4492//4492
f 4492//4492 4490//4490 4493//4493
f 4492//4492 4493//4493 4494//4494
f 4489//4489 4495//4495 4490//4490
f 4490//4490 4495//4495 4493//4493
f 4495//4495 4496//4496 4493//4493
f 4491//4491 4483//4483 4485//4485
f 4497//4497 4498//4498 4499//4499
f 4499//4499 4498//4498 4500//4500
f 4499//4499 4500//4500 4501//4501
f 4501//4501 4500//4500 4502//4502
f 4503//4503 4504//4504 4498//4498
f 4498//4498 4504//4504 4505//4505
f 4498//4498 4505//4505 4500//4500
f 4500//4500 4505//4505 4506//4506
f 4507//4507 4508//4508 4509//4509
f 4509//4509 4508//4508 4510//4510
f 4509//4509 4510//4510 4511//4511
f 4511//4511 4510//4510 4512//4512
f 4511//4511 4512//4512 4513//4513
f 4513//4513 4512//4512 4514//4514
f 4514//4514 4512//4512 4515//4515
f 4515//4515 4512//4512 4516//4516
f 4515//4515 4516//4516 4517//4517
f 4517//4517 4516//4516 4518//4518
f 4517//4517 4518//4518 4519//4519
f 4510//4510 4508//4508 4520//4520
f 4520//4520 4508//4508 4521//4521
f 4520//4520 4521//4521 4522//4522
f 4522//4522 4521//4521 4523//4523
f 4522//4522 4518//4518 4520//4520
f 4520//4520 4518//4518 4516//4516
f 4520//4520 4516//4516 4512//4512
f 4512//4512 4510//4510 4520//4520
f 4524//4524 4525//4525 4526//4526
f 4526//4526 4525//4525 4527//4527
f 4527//4527 4525//4525 4528//4528
f 4527//4527 4528//4528 4529//4529
f 4529//4529 4528//4528 4530//4530
f 4530//4530 4528//4528 4531//4531
f 4532//4532 4533//4533 4534//4534
f 4534//4534 4533//4533 4535//4535
f 4535//4535 4533//4533 4537//4537
f 4535//4535 4537//4537 4538//4538
f 4538//4538 4536//4536 4540//4540
f 4539//4539 4540//4540 4541//4541
f 4542//4542 4543//4543 4544//4544
f 4544//4544 4543//4543 4545//4545
f 4544//4544 4545//4545 4546//4546
f 4546//4546 4545//4545 4547//4547
f 4546//4546 4547//4547 4548//4548
f 4548//4548 4547//4547 4549//4549
f 4548//4548 4549//4549 4550//4550
f 4551//4551 4553//4553 4554//4554
f 4554//4554 4553//4553 4555//4555
f 4555//4555 4552//4552 4556//4556
f 4555//4555 4556//4556 4557//4557
f 4557//4557 4556//4556 4559//4559
f 4558//4558 4559//4559 4560//4560
f 4561//4561 4563//4563 4565//4565
f 4566//4566 4564//4564 4568//4568
f 4567//4567 4569//4569 4571//4571
f 4570//4570 4572//4572 4566//4566
f 4566//4566 4572//4572 4573//4573
f 4573//4573 4572//4572 4574//4574
f 4573//4573 4574//4574 4575//4575
f 4575//4575 4574//4574 4576//4576
f 4577//4577 4578//4578 4565//4565
f 4566//4566 4579//4579 4562//4562
f 4580//4580 4581//4581 4582//4582
f 4582//4582 4581//4581 4583//4583
f 4582//4582 4583//4583 4584//4584
f 4584//4584 4583//4583 4585//4585
f 4584//4584 4585//4585 4586//4586
f 4584//4584 4586//4586 4587//4587
f 4587//4587 4586//4586 4588//4588
f 4587//4587 4588//4588 4589//4589
f 4589//4589 4590//4590 4587//4587
f 4591//4591 4592//4592 4594//4594
f 4594//4594 4592//4592 4596//4596
f 4593//4593 4595//4595 4598//4598
f 4598//4598 4597//4597 4600//4600
f 4598//4598 4599//4599 4601//4601
f 4601//4601 4602//4602 4598//4598
f 4603//4603 4604//4604 4605//4605
f 4605//4605 4604//4604 4606//4606
f 4605//4605 4606//4606 4607//4607
f 4607//4607 4606//4606 4608//4608
f 4607//4607 4608//4608 4609//4609
f 4609//4609 4608//4608 4610//4610
f 4609//4609 4611//4611 4607//4607
f 4607//4607 4611//4611 4612//4612
f 4607//4607 4612//4612 4605//4605
f 4605//4605 4612//4612 4613//4613
f 4605//4605 4613//4613 4603//4603
f 4603//4603 4613//4613 4614//4614
f 4615//4615 4616//4616 4617//4617
f 4617//4617 4616//4616 4618//4618
f 4617//4617 4618//4618 4619//4619
f 4619//4619 4618//4618 4620//4620
f 4619//4619 4620//4620 4621//4621
f 4618//4618 4622//4622 4620//4620
f 4621//4621 4623//4623 4619//4619
f 4624//4624 4625//4625 4626//4626
f 4626//4626 4625//4625 4627//4627
f 4626//4626 4627//4627 4628//4628
f 4629//4629 4630//4630 4628//4628
f 4628//4628 4630//4630 4631//4631
f 4628//4628 4631//4631 4626//4626
f 4626//4626 4631//4631 4632//4632
f 4626//4626 4632//4632 4633//4633
f 4633//4633 4632//4632 4634//4634
f 4633//4633 4634//4634 4635//4635
f 4630//4630 4636//4636 4631//4631
f 4631//4631 4636//4636 4632//4632
f 4636//4636 4637//4637 4632//4632
f 4632//4632 4637//4637 4638//4638
f 4632//4632 4638//4638 4634//4634
f 4635//4635 4639//4639 4633//4633
f 4633//4633 4639//4639 4624//4624
f 4633//4633 4624//4624 4626//4626
f 4640//4640 4641//4641 4642//4642
f 4642//4642 4641//4641 4643//4643
f 4643//4643 4641//4641 4644//4644
f 4644//4644 4641//4641 4645//4645
f 4644//4644 4645//4645 4646//4646
f 4646//4646 4645//4645 4647//4647
f 4646//4646 4647//4647 4648//4648
f 4648//4648 4647//4647 4649//4649
f 4648//4648 4649//4649 4650//4650
f 4650//4650 4649//4649 4651//4651
f 4645//4645 4652//4652 4647//4647
f 4653//4653 4654//4654 4655//4655
f 4655//4655 4654//4654 4656//4656
f 4655//4655 4656//4656 4657//4657
f 4657//4657 4656//4656 4658//4658
f 4657//4657 4658//4658 4659//4659
f 4659//4659 4658//4658 4660//4660
f 4660//4660 4658//4658 4661//4661
f 4659//4659 4662//4662 4657//4657
f 4663//4663 4664//4664 4665//4665
f 4665//4665 4664//4664 4666//4666
f 4665//4665 4666//4666 4667//4667
f 4667//4667 4666//4666 4668//4668
f 4668//4668 4666//4666 4669//4669
f 4669//4669 4666//4666 4670//4670
f 4670//4670 4666//4666 4671//4671
f 4670//4670 4671//4671 4672//4672
f 4672//4672 4671//4671 4673//4673
f 4673//4673 4671//4671 4674//4674
f 4673//4673 4674//4674 4675//4675
f 4664//4664 4676//4676 4666//4666
f 4666//4666 4676//4676 4671//4671
f 4676//4676 4677//4677 4671//4671
f 4671//4671 4677//4677 4678//4678
f 4671//4671 4678//4678 4674//4674
f 4677//4677 4679//4679 4678//4678
f 4680//4680 4681//4681 4682//4682
f 4682//4682 4681//4681 4683//4683
f 4683//4683 4681//4681 4684//4684
f 4683//4683 4684//4684 4685//4685
f 4685//4685 4684//4684 4686//4686
f 4686//4686 4684//4684 4687//4687
f 4685//4685 4688//4688 4683//4683
f 4689//4689 4690//4690 4691//4691
f 4691//4691 4690//4690 4692//4692
f 4691//4691 4692//4692 4694//4694
f 4694//4694 4693//4693 4695//4695
f 4694//4694 4695//4695 4696//4696
f 4691//4691 4697//4697 4689//4689
f 4689//4689 4697//4697 4698//4698
f 4689//4689 4698//4698 4699//4699
f 4700//4700 4701//4701 4697//4697
f 4697//4697 4701//4701 4698//4698
f 4702//4702 4703//4703 4701//4701
f 4701//4701 4703//4703 4698//4698
f 4704//4704 4705//4705 4706//4706
f 4706//4706 4705//4705 4707//4707
f 4706//4706 4707//4707 4708//4708
f 4708//4708 4709//4709 4706//4706
f 4706//4706 4710//4710 4704//4704
f 4704//4704 4710//4710 4711//4711
f 4704//4704 4711//4711 4712//4712
f 4712//4712 4711//4711 4713//4713
f 4712//4712 4713//4713 4714//4714
f 4712//4712 4714//4714 4716//4716
f 4717//4717 4715//4715 4718//4718
f 4716//4716 4718//4718 4719//4719
f 4719//4719 4718//4718 4720//4720
f 4719//4719 4720//4720 4721//4721
f 4721//4721 4720//4720 4722//4722
f 4721//4721 4722//4722 4723//4723
f 4723//4723 4722//4722 4725//4725
f 4724//4724 4726//4726 4730//4730
f 4731//4731 4732//4732 4729//4729
f 4728//4728 4732//4732 4733//4733
f 4727//4727 4734//4734 4723//4723
f 4736//4736 4737//4737 4731//4731
f 4731//4731 4737//4737 4738//4738
f 4731//4731 4738//4738 4732//4732
f 4732//4732 4738//4738 4735//4735
f 4737//4737 4736//4736 4739//4739
f 4739//4739 4736//4736 4740//4740
f 4739//4739 4740//4740 4741//4741
f 4741//4741 4740//4740 4742//4742
f 4741//4741 4742//4742 4743//4743
f 4743//4743 4742//4742 4744//4744
f 4743//4743 4744//4744 4745//4745
f 4745//4745 4744//4744 4746//4746
f 4745//4745 4746//4746 4747//4747
f 4747//4747 4746//4746 4748//4748
f 4747//4747 4748//4748 4749//4749
f 4749//4749 4748//4748 4750//4750
f 4749//4749 4750//4750 4751//4751
f 4751//4751 4750//4750 4752//4752
f 4751//4751 4752//4752 4753//4753
f 4753//4753 4752//4752 4754//4754
f 4754//4754 4752//4752 4755//4755
f 4754//4754 4755//4755 4756//4756
f 4756//4756 4755//4755 4757//4757
f 4756//4756 4757//4757 4759//4759
f 4759//4759 4758//4758 4760//4760
f 4759//4759 4760//4760 4761//4761
f 4761//4761 4760//4760 4762//4762
f 4761//4761 4763//4763 4764//4764
f 4764//4764 4763//4763 4765//4765
f 4764//4764 4765//4765 4766//4766
f 4766//4766 4765//4765 4767//4767
f 4766//4766 4767//4767 4769//4769
f 4740//4740 4770//4770 4742//4742
f 4742//4742 4770//4770 4744//4744
f 4744//4744 4770//4770 4746//4746
f 4746//4746 4770//4770 4748//4748
f 4750//4750 4771//4771 4752//4752
f 4752//4752 4771//4771 4755//4755
f 4755//4755 4771//4771 4757//4757
f 4757//4757 4771//4771 4772//4772
f 4757//4757 4772//4772 4760//4760
f 4760//4760 4772//4772 4763//4763
f 4772//4772 4773//4773 4763//4763
f 4763//4763 4773//4773 4765//4765
f 4773//4773 4767//4767 4765//4765
f 4774//4774 4776//4776 4768//4768
f 4768//4768 4775//4775 4778//4778
f 4769//4769 4777//4777 4779//4779
f 4769//4769 4780//4780 4766//4766
f 4766//4766 4780//4780 4781//4781
f 4766//4766 4781//4781 4764//4764
f 4753//4753 4782//4782 4751//4751
f 4751//4751 4782//4782 4749//4749
f 4782//4782 4783//4783 4749//4749
f 4749//4749 4783//4783 4747//4747
f 4783//4783 4745//4745 4747//4747
f 4743//4743 4784//4784 4741//4741
f 4741//4741 4784//4784 4739//4739
f 4739//4739 4784//4784 4737//4737
f 4737//4737 4784//4784 4785//4785
f 4737//4737 4785//4785 4738//4738
f 4738//4738 4785//4785 4735//4735
f 4786//4786 4787//4787 4788//4788
f 4788//4788 4787//4787 4789//4789
f 4788//4788 4789//4789 4790//4790
f 4790//4790 4791//4791 4788//4788
f 4788//4788 4791//4791 4792//4792
f 4792//4792 4791//4791 4793//4793
f 4793//4793 4791//4791 4794//4794
f 4793//4793 4794//4794 4795//4795
f 4795//4795 4794//4794 4796//4796
f 4795//4795 4796//4796 4797//4797
f 4797//4797 4796//4796 4798//4798
f 4797//4797 4798//4798 4799//4799
f 4799//4799 4798//4798 4800//4800
f 4800//4800 4798//4798 4801//4801
f 4800//4800 4801//4801 4803//4803
f 4803//4803 4802//4802 4804//4804
f 4803//4803 4805//4805 4807//4807
f 4806//4806 4804//4804 4808//4808
f 4808//4808 4804//4804 4809//4809
f 4808//4808 4809//4809 4810//4810
f 4810//4810 4809//4809 4811//4811
f 4811//4811 4809//4809 4812//4812
f 4811//4811 4812//4812 4813//4813
f 4813//4813 4812//4812 4814//4814
f 4814//4814 4812//4812 4815//4815
f 4814//4814 4815//4815 4816//4816
f 4816//4816 4815//4815 4817//4817
f 4816//4816 4817//4817 4818//4818
f 4818//4818 4817//4817 4820//4820
f 4818//4818 4820//4820 4821//4821
f 4821//4821 4819//4819 4822//4822
f 4821//4821 4823//4823 4824//4824
f 4824//4824 4823//4823 4825//4825
f 4824//4824 4825//4825 4826//4826
f 4824//4824 4826//4826 4827//4827
f 4827//4827 4826//4826 4828//4828
f 4827//4827 4828//4828 4829//4829
f 4830//4830 4828//4828 4831//4831
f 4830//4830 4832//4832 4834//4834
f 4835//4835 4833//4833 4837//4837
f 4836//4836 4837//4837 4839//4839
f 4838//4838 4837//4837 4841//4841
f 4838//4838 4841//4841 4842//4842
f 4842//4842 4841//4841 4843//4843
f 4842//4842 4843//4843 4844//4844
f 4844//4844 4843//4843 4846//4846
f 4844//4844 4846//4846 4847//4847
f 4847//4847 4846//4846 4850//4850
f 4847//4847 4850//4850 4851//4851
f 4837//4837 4853//4853 4841//4841
f 4841//4841 4853//4853 4843//4843
f 4843//4843 4853//4853 4846//4846
f 4846//4846 4853//4853 4854//4854
f 4845//4845 4855//4855 4850//4850
f 4852//4852 4856//4856 4849//4849
f 4848//4848 4857//4857 4858//4858
f 4834//4834 4840//4840 4830//4830
f 4830//4830 4840//4840 4827//4827
f 4859//4859 4860//4860 4861//4861
f 4861//4861 4860//4860 4862//4862
f 4861//4861 4862//4862 4863//4863
f 4863//4863 4862//4862 4864//4864
f 4863//4863 4864//4864 4865//4865
f 4865//4865 4864//4864 4866//4866
f 4865//4865 4866//4866 4867//4867
f 4867//4867 4866//4866 4868//4868
f 4867//4867 4868//4868 4869//4869
f 4870//4870 4871//4871 4859//4859
f 4859//4859 4871//4871 4872//4872
f 4859//4859 4872//4872 4860//4860
f 4860//4860 4872//4872 4873//4873
f 4860//4860 4873//4873 4862//4862
f 4862//4862 4873//4873 4874//4874
f 4862//4862 4874//4874 4864//4864
f 4864//4864 4874//4874 4875//4875
f 4864//4864 4875//4875 4866//4866
f 4866//4866 4875//4875 4876//4876
f 4866//4866 4876//4876 4868//4868
f 4868//4868 4876//4876 4869//4869
f 4870//4870 4877//4877 4871//4871
f 4871//4871 4877//4877 4878//4878
f 4871//4871 4878//4878 4879//4879
f 4879//4879 4878//4878 4880//4880
f 4879//4879 4880//4880 4881//4881
f 4881//4881 4880//4880 4882//4882
f 4881//4881 4882//4882 4883//4883
f 4883//4883 4882//4882 4884//4884
f 4883//4883 4884//4884 4885//4885
f 4885//4885 4884//4884 4886//4886
f 4885//4885 4886//4886 4887//4887
f 4887//4887 4886//4886 4888//4888
f 4887//4887 4888//4888 4889//4889
f 4889//4889 4888//4888 4890//4890
f 4889//4889 4890//4890 4869//4869
f 4877//4877 4891//4891 4878//4878
f 4878//4878 4891//4891 4892//4892
f 4878//4878 4892//4892 4893//4893
f 4893//4893 4892//4892 4894//4894
f 4893//4893 4894//4894 4895//4895
f 4895//4895 4894//4894 4896//4896
f 4895//4895 4896//4896 4897//4897
f 4897//4897 4896//4896 4898//4898
f 4897//4897 4898//4898 4899//4899
f 4899//4899 4898//4898 4900//4900
f 4899//4899 4900//4900 4901//4901
f 4901//4901 4900//4900 4902//4902
f 4901//4901 4902//4902 4903//4903
f 4903//4903 4902//4902 4904//4904
f 4903//4903 4904//4904 4905//4905
f 4905//4905 4904//4904 4906//4906
f 4905//4905 4906//4906 4907//4907
f 4907//4907 4906//4906 4908//4908
f 4907//4907 4908//4908 4909//4909
f 4909//4909 4908//4908 4910//4910
f 4909//4909 4910//4910 4911//4911
f 4911//4911 4910//4910 4912//4912
f 4912//4912 4910//4910 4913//4913
f 4912//4912 4913//4913 4914//4914
f 4914//4914 4913//4913 4915//4915
f 4914//4914 4915//4915 4916//4916
f 4916//4916 4915//4915 4917//4917
f 4917//4917 4915//4915 4918//4918
f 4917//4917 4918//4918 4919//4919
f 4919//4919 4918//4918 4920//4920
f 4919//4919 4920//4920 4921//4921
f 4921//4921 4920//4920 4922//4922
f 4921//4921 4922//4922 4923//4923
f 4923//4923 4922//4922 4924//4924
f 4924//4924 4922//4922 4925//4925
f 4925//4925 4922//4922 4926//4926
f 4925//4925 4926//4926 4927//4927
f 4927//4927 4926//4926 4928//4928
f 4927//4927 4928//4928 4929//4929
f 4929//4929 4928//4928 4930//4930
f 4929//4929 4930//4930 4931//4931
f 4931//4931 4930//4930 4932//4932
f 4931//4931 4932//4932 4933//4933
f 4933//4933 4932//4932 4934//4934
f 4934//4934 4932//4932 4935//4935
f 4934//4934 4935//4935 4936//4936
f 4936//4936 4935//4935 4937//4937
f 4936//4936 4937//4937 4938//4938
f 4938//4938 4937//4937 4939//4939
f 4938//4938 4939//4939 4940//4940
f 4940//4940 4939//4939 4941//4941
f 4940//4940 4941//4941 4942//4942
f 4942//4942 4941//4941 4943//4943
f 4942//4942 4943//4943 4944//4944
f 4944//4944 4943//4943 4945//4945
f 4944//4944 4945//4945 4946//4946
f 4946//4946 4945//4945 4947//4947
f 4946//4946 4947//4947 4948//4948
f 4948//4948 4947//4947 4949//4949
f 4948//4948 4949//4949 4950//4950
f 4950//4950 4949//4949 4951//4951
f 4950//4950 4951//4951 4952//4952
f 4952//4952 4951//4951 4953//4953
f 4952//4952 4953//4953 4954//4954
f 4954//4954 4953//4953 4955//4955
f 4954//4954 4955//4955 4956//4956
f 4956//4956 4955//4955 4957//4957
f 4956//4956 4957//4957 4958//4958
f 4958//4958 4957//4957 4959//4959
f 4958//4958 4959//4959 4960//4960
f 4960//4960 4959//4959 4961//4961
f 4960//4960 4961//4961 4962//4962
f 4962//4962 4961//4961 4963//4963
f 4962//4962 4963//4963 4964//4964
f 4964//4964 4963//4963 4965//4965
f 4964//4964 4965//4965 4966//4966
f 4966//4966 4965//4965 4967//4967
f 4966//4966 4967//4967 4968//4968
f 4968//4968 4967//4967 4969//4969
f 4968//4968 4969//4969 4970//4970
f 4970//4970 4969//4969 4971//4971
f 4970//4970 4971//4971 4972//4972
f 4972//4972 4971//4971 4973//4973
f 4972//4972 4973//4973 4974//4974
f 4974//4974 4973//4973 4975//4975
f 4974//4974 4975//4975 4976//4976
f 4976//4976 4975//4975 4977//4977
f 4976//4976 4977//4977 4978//4978
f 4891//4891 4979//4979 4892//4892
f 4892//4892 4979//4979 4980//4980
f 4892//4892 4980//4980 4981//4981
f 4981//4981 4980//4980 4982//4982
f 4981//4981 4982//4982 4983//4983
f 4981//4981 4983//4983 4984//4984
f 4984//4984 4983//4983 4985//4985
f 4984//4984 4985//4985 4986//4986
f 4986//4986 4985//4985 4987//4987
f 4986//4986 4987//4987 4988//4988
f 4986//4986 4988//4988 4989//4989
f 4989//4989 4988//4988 4990//4990
f 4989//4989 4990//4990 4991//4991
f 4992//4992 4993//4993 4991//4991
f 4991//4991 4993//4993 4989//4989
f 4993//4993 4994//4994 4989//4989
f 4989//4989 4994//4994 4995//4995
f 4989//4989 4995//4995 4986//4986
f 4986//4986 4995//4995 4996//4996
f 4986//4986 4996//4996 4984//4984
f 4984//4984 4996//4996 4997//4997
f 4984//4984 4997//4997 4998//4998
f 4998//4998 4997//4997 4999//4999
f 4998//4998 4999//4999 5000//5000
f 5000//5000 4999//4999 5001//5001
f 5000//5000 5001//5001 5002//5002
f 5002//5002 5001//5001 5003//5003
f 5002//5002 5003//5003 5004//5004
f 5004//5004 5003//5003 5005//5005
f 5004//5004 5005//5005 5006//5006
f 5006//5006 5005//5005 5007//5007
f 5006//5006 5007//5007 5008//5008
f 5008//5008 5007//5007 5009//5009
f 5008//5008 5009//5009 5010//5010
f 5010//5010 5009//5009 5011//5011
f 5010//5010 5011//5011 5012//5012
f 5012//5012 5011//5011 5013//5013
f 5012//5012 5013//5013 5014//5014
f 5014//5014 5013//5013 5015//5015
f 5014//5014 5015//5015 5016//5016
f 5016//5016 5015//5015 5017//5017
f 5016//5016 5017//5017 5018//5018
f 5018//5018 5017//5017 5019//5019
f 5018//5018 5019//5019 4926//4926
f 4926//4926 5019//5019 4928//4928
f 4994//4994 5020//5020 4995//4995
f 4995//4995 5020//5020 5021//5021
f 4995//4995 5021//5021 4996//4996
f 4996//4996 5021//5021 5022//5022
f 4996//4996 5022//5022 4997//4997
f 4997//4997 5022//5022 5023//5023
f 4997//4997 5023//5023 4999//4999
f 4999//4999 5023//5023 5024//5024
f 4999//4999 5024//5024 5001//5001
f 5001//5001 5024//5024 5025//5025
f 5001//5001 5025//5025 5003//5003
f 5003//5003 5025//5025 5026//5026
f 5003//5003 5026//5026 5005//5005
f 5005//5005 5026//5026 5027//5027
f 5005//5005 5027//5027 5007//5007
f 5007//5007 5027//5027 5028//5028
f 5007//5007 5028//5028 5009//5009
f 5009//5009 5028//5028 5029//5029
f 5009//5009 5029//5029 5011//5011
f 5011//5011 5029//5029 5030//5030
f 5011//5011 5030//5030 5013//5013
f 5013//5013 5030//5030 5031//5031
f 5013//5013 5031//5031 5015//5015
f 5015//5015 5031//5031 5032//5032
f 5015//5015 5032//5032 5017//5017
f 5017//5017 5032//5032 5033//5033
f 5017//5017 5033//5033 5019//5019
f 5019//5019 5033//5033 5034//5034
f 5019//5019 5034//5034 4928//4928
f 4928//4928 5034//5034 4930//4930
f 5020//5020 5035//5035 5021//5021
f 5021//5021 5035//5035 5036//5036
f 5021//5021 5036//5036 5022//5022
f 5022//5022 5036//5036 5037//5037
f 5022//5022 5037//5037 5023//5023
f 5023//5023 5037//5037 5038//5038
f 5023//5023 5038//5038 5024//5024
f 5024//5024 5038//5038 5039//5039
f 5024//5024 5039//5039 5025//5025
f 5025//5025 5039//5039 5040//5040
f 5025//5025 5040//5040 5026//5026
f 5026//5026 5040//5040 5041//5041
f 5026//5026 5041//5041 5027//5027
f 5027//5027 5041//5041 5042//5042
f 5027//5027 5042//5042 5028//5028
f 5028//5028 5042//5042 5043//5043
f 5028//5028 5043//5043 5029//5029
f 5029//5029 5043//5043 5044//5044
f 5029//5029 5044//5044 5030//5030
f 5030//5030 5044//5044 5045//5045
f 5030//5030 5045//5045 5031//5031
f 5031//5031 5045//5045 5046//5046
f 5031//5031 5046//5046 5032//5032
f 5032//5032 5046//5046 5047//5047
f 5032//5032 5047//5047 5033//5033
f 5033//5033 5047//5047 5048//5048
f 5033//5033 5048//5048 5034//5034
f 5034//5034 5048//5048 5049//5049
f 5034//5034 5049//5049 4930//4930
f 4930//4930 5049//5049 4932//4932
f 5035//5035 5050//5050 5036//5036
f 5036//5036 5050//5050 5051//5051
f 5036//5036 5051//5051 5037//5037
f 5037//5037 5051//5051 5052//5052
f 5037//5037 5052//5052 5038//5038
f 5038//5038 5052//5052 5053//5053
f 5038//5038 5053//5053 5039//5039
f 5039//5039 5053//5053 5054//5054
f 5039//5039 5054//5054 5040//5040
f 5040//5040 5054//5054 5055//5055
f 5040//5040 5055//5055 5041//5041
f 5041//5041 5055//5055 5056//5056
f 5041//5041 5056//5056 5042//5042
f 5042//5042 5056//5056 5057//5057
f 5042//5042 5057//5057 5043//5043
f 5043//5043 5057//5057 5058//5058
f 5043//5043 5058//5058 5044//5044
f 5044//5044 5058//5058 5059//5059
f 5044//5044 5059//5059 5045//5045
f 5045//5045 5059//5059 5060//5060
f 5045//5045 5060//5060 5046//5046
f 5046//5046 5060//5060 5061//5061
f 5046//5046 5061//5061 5047//5047
f 5047//5047 5061//5061 5062//5062
f 5047//5047 5062//5062 5048//5048
f 5048//5048 5062//5062 5063//5063
f 5048//5048 5063//5063 5049//5049
f 5049//5049 5063//5063 5064//5064
f 5049//5049 5064//5064 4932//4932
f 4932//4932 5064//5064 4935//4935
f 5050//5050 5065//5065 5051//5051
f 5051//5051 5065//5065 5066//5066
f 5051//5051 5066//5066 5067//5067
f 5067//5067 5066//5066 5068//5068
f 5067//5067 5068//5068 5069//5069
f 5069//5069 5068//5068 5070//5070
f 5069//5069 5070//5070 5071//5071
f 5071//5071 5070//5070 5072//5072
f 5071//5071 5072//5072 5073//5073
f 5073//5073 5072//5072 5074//5074
f 5073//5073 5074//5074 5075//5075
f 5075//5075 5074//5074 5076//5076
f 5075//5075 5076//5076 5077//5077
f 5077//5077 5076//5076 5078//5078
f 5077//5077 5078//5078 5079//5079
f 5079//5079 5078//5078 5080//5080
f 5079//5079 5080//5080 5081//5081
f 5082//5082 5083//5083 5081//5081
f 5081//5081 5083//5083 5084//5084
f 5081//5081 5084//5084 5079//5079
f 5079//5079 5084//5084 5085//5085
f 5079//5079 5085//5085 5086//5086
f 5086//5086 5085//5085 5087//5087
f 5086//5086 5087//5087 5088//5088
f 5088//5088 5087//5087 5089//5089
f 5088//5088 5089//5089 5090//5090
f 5090//5090 5089//5089 5091//5091
f 5090//5090 5091//5091 5092//5092
f 5092//5092 5091//5091 5093//5093
f 5092//5092 5093//5093 5094//5094
f 5094//5094 5093//5093 5095//5095
f 5094//5094 5095//5095 5096//5096
f 5096//5096 5095//5095 5097//5097
f 5096//5096 5097//5097 5058//5058
f 5058//5058 5097//5097 5059//5059
f 5083//5083 5082//5082 5098//5098
f 5098//5098 5082//5082 5099//5099
f 5098//5098 5099//5099 5100//5100
f 5100//5100 5099//5099 5101//5101
f 5100//5100 5101//5101 5102//5102
f 5102//5102 5101//5101 5103//5103
f 5102//5102 5103//5103 5104//5104
f 5104//5104 5103//5103 5105//5105
f 5104//5104 5105//5105 5106//5106
f 5106//5106 5105//5105 5107//5107
f 5106//5106 5107//5107 5108//5108
f 5108//5108 5107//5107 5109//5109
f 5108//5108 5109//5109 5110//5110
f 5110//5110 5109//5109 5111//5111
f 5111//5111 5109//5109 5107//5107
f 5111//5111 5107//5107 5112//5112
f 5112//5112 5107//5107 5113//5113
f 5112//5112 5113//5113 5114//5114
f 5114//5114 5113//5113 5115//5115
f 5114//5114 5115//5115 5116//5116
f 5116//5116 5115//5115 5117//5117
f 5116//5116 5117//5117 5118//5118
f 5099//5099 5119//5119 5101//5101
f 5101//5101 5119//5119 5103//5103
f 5103//5103 5119//5119 5120//5120
f 5120//5120 5119//5119 5121//5121
f 5120//5120 5121//5121 5115//5115
f 5115//5115 5121//5121 5117//5117
f 5122//5122 5123//5123 5118//5118
f 5118//5118 5123//5123 5124//5124
f 5118//5118 5124//5124 5116//5116
f 5116//5116 5124//5124 5114//5114
f 5125//5125 5126//5126 5122//5122
f 5122//5122 5126//5126 5127//5127
f 5122//5122 5127//5127 5128//5128
f 5128//5128 5127//5127 5129//5129
f 5128//5128 5129//5129 5122//5122
f 5122//5122 5129//5129 5123//5123
f 4964//4964 4970//4970 5125//5125
f 5125//5125 4970//4970 4972//4972
f 5125//5125 4972//4972 5130//5130
f 5130//5130 4972//4972 4974//4974
f 5130//5130 4974//4974 5131//5131
f 5131//5131 4974//4974 4976//4976
f 5131//5131 4976//4976 5132//5132
f 5132//5132 4976//4976 5133//5133
f 5132//5132 5133//5133 5134//5134
f 5134//5134 5133//5133 5135//5135
f 5134//5134 5135//5135 5136//5136
f 5136//5136 5135//5135 5137//5137
f 5136//5136 5137//5137 5138//5138
f 5138//5138 5137//5137 5139//5139
f 5138//5138 5139//5139 5124//5124
f 5124//5124 5139//5139 5114//5114
f 4960//4960 5140//5140 4958//4958
f 4958//4958 5140//5140 4956//4956
f 4956//4956 5140//5140 4954//4954
f 4954//4954 5140//5140 5141//5141
f 4954//4954 5141//5141 4952//4952
f 4952//4952 5141//5141 5142//5142
f 4952//4952 5142//5142 4950//4950
f 4950//4950 5142//5142 4948//4948
f 5142//5142 5143//5143 4948//4948
f 4948//4948 5143//5143 4946//4946
f 5143//5143 5144//5144 4946//4946
f 4946//4946 5144//5144 4944//4944
f 4944//4944 5144//5144 4942//4942
f 4942//4942 5144//5144 5145//5145
f 4942//4942 5145//5145 4940//4940
f 4940//4940 5145//5145 4938//4938
f 4923//4923 5146//5146 4921//4921
f 4921//4921 5146//5146 5147//5147
f 4921//4921 5147//5147 5148//5148
f 5146//5146 5149//5149 5147//5147
f 5148//5148 5150//5150 4921//4921
f 4921//4921 5150//5150 4919//4919
f 4916//4916 5151//5151 4914//4914
f 4914//4914 5151//5151 4912//4912
f 4909//4909 4911//4911 5152//5152
f 5152//5152 4911//4911 5153//5153
f 5152//5152 5153//5153 5154//5154
f 5154//5154 5153//5153 5155//5155
f 5154//5154 5155//5155 5156//5156
f 5154//5154 5156//5156 5157//5157
f 5157//5157 5156//5156 5158//5158
f 5157//5157 5158//5158 5159//5159
f 5159//5159 5158//5158 5160//5160
f 5159//5159 5160//5160 5161//5161
f 5161//5161 5160//5160 5162//5162
f 5161//5161 5162//5162 5163//5163
f 5163//5163 5162//5162 5164//5164
f 5163//5163 5164//5164 5165//5165
f 5165//5165 5164//5164 4869//4869
f 5166//5166 5167//5167 5168//5168
f 5168//5168 5167//5167 5169//5169
f 5168//5168 5169//5169 5170//5170
f 5170//5170 5169//5169 5171//5171
f 5170//5170 5171//5171 5172//5172
f 5172//5172 5171//5171 5173//5173
f 5172//5172 5173//5173 5174//5174
f 5174//5174 5173//5173 4959//4959
f 5174//5174 4959//4959 4957//4957
f 5175//5175 5176//5176 5166//5166
f 5166//5166 5176//5176 5177//5177
f 5166//5166 5177//5177 5167//5167
f 5167//5167 5177//5177 5169//5169
f 5176//5176 5175//5175 4975//4975
f 4975//4975 5175//5175 4977//4977
f 5178//5178 5179//5179 4978//4978
f 4978//4978 5179//5179 5133//5133
f 4978//4978 5133//5133 4976//4976
f 5179//5179 5178//5178 5180//5180
f 5180//5180 5178//5178 5181//5181
f 5180//5180 5181//5181 5182//5182
f 5182//5182 5181//5181 5183//5183
f 5182//5182 5183//5183 5139//5139
f 5139//5139 5183//5183 5112//5112
f 5139//5139 5112//5112 5114//5114
f 5183//5183 5184//5184 5112//5112
f 5112//5112 5184//5184 5111//5111
f 5110//5110 5185//5185 5108//5108
f 5108//5108 5185//5185 5186//5186
f 5108//5108 5186//5186 5106//5106
f 5106//5106 5186//5186 5187//5187
f 5106//5106 5187//5187 5104//5104
f 5104//5104 5187//5187 5188//5188
f 5104//5104 5188//5188 5102//5102
f 5102//5102 5188//5188 5189//5189
f 5102//5102 5189//5189 5100//5100
f 5100//5100 5189//5189 5098//5098
f 5190//5190 5191//5191 5185//5185
f 5185//5185 5191//5191 5192//5192
f 5185//5185 5192//5192 5186//5186
f 5186//5186 5192//5192 5187//5187
f 5193//5193 5194//5194 5190//5190
f 5190//5190 5194//5194 5195//5195
f 5190//5190 5195//5195 5191//5191
f 5191//5191 5195//5195 5196//5196
f 5191//5191 5196//5196 5197//5197
f 5197//5197 5196//5196 5198//5198
f 5197//5197 5198//5198 5188//5188
f 5188//5188 5198//5198 5189//5189
f 5193//5193 5199//5199 5194//5194
f 5194//5194 5199//5199 5200//5200
f 5194//5194 5200//5200 5201//5201
f 5201//5201 5200//5200 5202//5202
f 5201//5201 5202//5202 5203//5203
f 5203//5203 5204//5204 5201//5201
f 5201//5201 5204//5204 5205//5205
f 5201//5201 5205//5205 5206//5206
f 5201//5201 5206//5206 5207//5207
f 5207//5207 5206//5206 5208//5208
f 5207//5207 5208//5208 5209//5209
f 5207//5207 5209//5209 5210//5210
f 5210//5210 5209//5209 5211//5211
f 5210//5210 5211//5211 5212//5212
f 5210//5210 5212//5212 5213//5213
f 5213//5213 5212//5212 5214//5214
f 5213//5213 5214//5214 5215//5215
f 5213//5213 5215//5215 5216//5216
f 5216//5216 5215//5215 5217//5217
f 5216//5216 5217//5217 5218//5218
f 5218//5218 5219//5219 5216//5216
f 5216//5216 5219//5219 5220//5220
f 5216//5216 5220//5220 5221//5221
f 5221//5221 5220//5220 5222//5222
f 5221//5221 5222//5222 5223//5223
f 5224//5224 5225//5225 5223//5223
f 5223//5223 5225//5225 5226//5226
f 5223//5223 5226//5226 5227//5227
f 5227//5227 5226//5226 5228//5228
f 5227//5227 5228//5228 5229//5229
f 5229//5229 5228//5228 5230//5230
f 5229//5229 5230//5230 5231//5231
f 5231//5231 5230//5230 4947//4947
f 5231//5231 4947//4947 4945//4945
f 5232//5232 5233//5233 5224//5224
f 5224//5224 5233//5233 5234//5234
f 5224//5224 5234//5234 5225//5225
f 5225//5225 5234//5234 5235//5235
f 5225//5225 5235//5235 5236//5236
f 5236//5236 5235//5235 5237//5237
f 5236//5236 5237//5237 5238//5238
f 5238//5238 5237//5237 4951//4951
f 5238//5238 4951//4951 4949//4949
f 5233//5233 5232//5232 5172//5172
f 5172//5172 5232//5232 5170//5170
f 5165//5165 4869//4869 5239//5239
f 5239//5239 4869//4869 5240//5240
f 5240//5240 4869//4869 5241//5241
f 5241//5241 4869//4869 5242//5242
f 5242//5242 4869//4869 4890//4890
f 4889//4889 4869//4869 5243//5243
f 5243//5243 4869//4869 5244//5244
f 5244//5244 4869//4869 5245//5245
f 5245//5245 4869//4869 5246//5246
f 5246//5246 4869//4869 5247//5247
f 5247//5247 4869//4869 4876//4876
f 5248//5248 5125//5125 5249//5249
f 5249//5249 5125//5125 5130//5130
f 5249//5249 5130//5130 5131//5131
f 4970//4970 4964//4964 4968//4968
f 4968//4968 4964//4964 4966//4966
f 4872//4872 4871//4871 5250//5250
f 5250//5250 4871//4871 4879//4879
f 5250//5250 4879//4879 4881//4881
f 4873//4873 4872//4872 5251//5251
f 5251//5251 4872//4872 5250//5250
f 5251//5251 5250//5250 5252//5252
f 5252//5252 5250//5250 4881//4881
f 5252//5252 4881//4881 4883//4883
f 4874//4874 4873//4873 5253//5253
f 5253//5253 4873//4873 5251//5251
f 5253//5253 5251//5251 5254//5254
f 5254//5254 5251//5251 5252//5252
f 5254//5254 5252//5252 5255//5255
f 5255//5255 5252//5252 4883//4883
f 5255//5255 4883//4883 4885//4885
f 5247//5247 4876//4876 4875//4875
f 4875//4875 4874//4874 5256//5256
f 5256//5256 4874//4874 5253//5253
f 5256//5256 5253//5253 5257//5257
f 5257//5257 5253//5253 5254//5254
f 5257//5257 5254//5254 5258//5258
f 5258//5258 5254//5254 5255//5255
f 5258//5258 5255//5255 5259//5259
f 5259//5259 5255//5255 4885//4885
f 5259//5259 4885//4885 4887//4887
f 5138//5138 5124//5124 5123//5123
f 5120//5120 5115//5115 5113//5113
f 5103//5103 5120//5120 5105//5105
f 5105//5105 5120//5120 5113//5113
f 5105//5105 5113//5113 5107//5107
f 5197//5197 5188//5188 5187//5187
f 5198//5198 5260//5260 5261//5261
f 5261//5261 5260//5260 5262//5262
f 5261//5261 5262//5262 5083//5083
f 5083//5083 5262//5262 5084//5084
f 5260//5260 5263//5263 5262//5262
f 5262//5262 5263//5263 5085//5085
f 5262//5262 5085//5085 5084//5084
f 5198//5198 5196//5196 5260//5260
f 5260//5260 5196//5196 5264//5264
f 5260//5260 5264//5264 5263//5263
f 5263//5263 5264//5264 5265//5265
f 5263//5263 5265//5265 5087//5087
f 5087//5087 5265//5265 5089//5089
f 5263//5263 5087//5087 5085//5085
f 5088//5088 5266//5266 5267//5267
f 5267//5267 5266//5266 5268//5268
f 5267//5267 5268//5268 5075//5075
f 5075//5075 5268//5268 5073//5073
f 5266//5266 5269//5269 5268//5268
f 5268//5268 5269//5269 5270//5270
f 5268//5268 5270//5270 5073//5073
f 5073//5073 5270//5270 5071//5071
f 5088//5088 5090//5090 5266//5266
f 5266//5266 5090//5090 5271//5271
f 5266//5266 5271//5271 5269//5269
f 5269//5269 5271//5271 5272//5272
f 5269//5269 5272//5272 5273//5273
f 5273//5273 5272//5272 5274//5274
f 5273//5273 5274//5274 5275//5275
f 5275//5275 5274//5274 5054//5054
f 5275//5275 5054//5054 5053//5053
f 5269//5269 5273//5273 5270//5270
f 5270//5270 5273//5273 5276//5276
f 5270//5270 5276//5276 5071//5071
f 5071//5071 5276//5276 5069//5069
f 5273//5273 5275//5275 5276//5276
f 5276//5276 5275//5275 5277//5277
f 5276//5276 5277//5277 5069//5069
f 5069//5069 5277//5277 5067//5067
f 5275//5275 5053//5053 5277//5277
f 5277//5277 5053//5053 5052//5052
f 5277//5277 5052//5052 5067//5067
f 5067//5067 5052//5052 5051//5051
f 4894//4894 4892//4892 4981//4981
f 4981//4981 4984//4984 5278//5278
f 5278//5278 4984//4984 4998//4998
f 5278//5278 4998//4998 5279//5279
f 5279//5279 4998//4998 5000//5000
f 5279//5279 5000//5000 5280//5280
f 5280//5280 5000//5000 5002//5002
f 5280//5280 5002//5002 5281//5281
f 5281//5281 5002//5002 5004//5004
f 5281//5281 5004//5004 5282//5282
f 5282//5282 5004//5004 5006//5006
f 5282//5282 5006//5006 5283//5283
f 5283//5283 5006//5006 5008//5008
f 5283//5283 5008//5008 5284//5284
f 5284//5284 5008//5008 5010//5010
f 5284//5284 5010//5010 5285//5285
f 5285//5285 5010//5010 5012//5012
f 5285//5285 5012//5012 4913//4913
f 4913//4913 5012//5012 5014//5014
f 4913//4913 5014//5014 4915//4915
f 4915//4915 5014//5014 5016//5016
f 4915//4915 5016//5016 4920//4920
f 4920//4920 5016//5016 5018//5018
f 4920//4920 5018//5018 4922//4922
f 4922//4922 5018//5018 4926//4926
f 4880//4880 4878//4878 4893//4893
f 5246//5246 5247//5247 5256//5256
f 5256//5256 5247//5247 4875//4875
f 5246//5246 5256//5256 5257//5257
f 5088//5088 5267//5267 5086//5086
f 5086//5086 5267//5267 5077//5077
f 5086//5086 5077//5077 5079//5079
f 5077//5077 5267//5267 5075//5075
f 5098//5098 5189//5189 5261//5261
f 5261//5261 5189//5189 5198//5198
f 5098//5098 5261//5261 5083//5083
f 5136//5136 5138//5138 5129//5129
f 5129//5129 5138//5138 5123//5123
f 5136//5136 5129//5129 5127//5127
f 5182//5182 5139//5139 5137//5137
f 5191//5191 5197//5197 5192//5192
f 5192//5192 5197//5197 5187//5187
f 5196//5196 5195//5195 5264//5264
f 5264//5264 5195//5195 5286//5286
f 5264//5264 5286//5286 5265//5265
f 5265//5265 5286//5286 5287//5287
f 5265//5265 5287//5287 5089//5089
f 5089//5089 5287//5287 5091//5091
f 5090//5090 5092//5092 5271//5271
f 5271//5271 5092//5092 5288//5288
f 5271//5271 5288//5288 5272//5272
f 5272//5272 5288//5288 5289//5289
f 5272//5272 5289//5289 5274//5274
f 5274//5274 5289//5289 5055//5055
f 5274//5274 5055//5055 5054//5054
f 4896//4896 4894//4894 5278//5278
f 5278//5278 4894//4894 4981//4981
f 4896//4896 5278//5278 5279//5279
f 4880//4880 4893//4893 5290//5290
f 5290//5290 4893//4893 4895//4895
f 5290//5290 4895//4895 5291//5291
f 5291//5291 4895//4895 4897//4897
f 5291//5291 4897//4897 5292//5292
f 5292//5292 4897//4897 4899//4899
f 5292//5292 4899//4899 5293//5293
f 5293//5293 4899//4899 4901//4901
f 5293//5293 4901//4901 5294//5294
f 5294//5294 4901//4901 4903//4903
f 5294//5294 4903//4903 5295//5295
f 5295//5295 4903//4903 4905//4905
f 5295//5295 4905//4905 5296//5296
f 5296//5296 4905//4905 4907//4907
f 5296//5296 4907//4907 5297//5297
f 5297//5297 4907//4907 4909//4909
f 5297//5297 4909//4909 5154//5154
f 5154//5154 4909//4909 5152//5152
f 5245//5245 5246//5246 5257//5257
f 5245//5245 5257//5257 5258//5258
f 5176//5176 4975//4975 4973//4973
f 5177//5177 5176//5176 4973//4973
f 5177//5177 4973//4973 4971//4971
f 5240//5240 5298//5298 5239//5239
f 5239//5239 5298//5298 5299//5299
f 5239//5239 5299//5299 5165//5165
f 5165//5165 5299//5299 5163//5163
f 5298//5298 5300//5300 5299//5299
f 5299//5299 5300//5300 5301//5301
f 5299//5299 5301//5301 5163//5163
f 5163//5163 5301//5301 5161//5161
f 5298//5298 5240//5240 5302//5302
f 5302//5302 5240//5240 5241//5241
f 5302//5302 5241//5241 5303//5303
f 5303//5303 5241//5241 5242//5242
f 5303//5303 5242//5242 5304//5304
f 5304//5304 5242//5242 4890//4890
f 5304//5304 4890//4890 4888//4888
f 5300//5300 5305//5305 5301//5301
f 5301//5301 5305//5305 5306//5306
f 5301//5301 5306//5306 5161//5161
f 5161//5161 5306//5306 5159//5159
f 5300//5300 5298//5298 5307//5307
f 5307//5307 5298//5298 5302//5302
f 5307//5307 5302//5302 5308//5308
f 5308//5308 5302//5302 5303//5303
f 5308//5308 5303//5303 5309//5309
f 5309//5309 5303//5303 5304//5304
f 5309//5309 5304//5304 5310//5310
f 5310//5310 5304//5304 4888//4888
f 5310//5310 4888//4888 4886//4886
f 5305//5305 5311//5311 5306//5306
f 5306//5306 5311//5311 5312//5312
f 5306//5306 5312//5312 5159//5159
f 5159//5159 5312//5312 5157//5157
f 5305//5305 5300//5300 5313//5313
f 5313//5313 5300//5300 5307//5307
f 5313//5313 5307//5307 5314//5314
f 5314//5314 5307//5307 5308//5308
f 5314//5314 5308//5308 5315//5315
f 5315//5315 5308//5308 5309//5309
f 5315//5315 5309//5309 5316//5316
f 5316//5316 5309//5309 5310//5310
f 5316//5316 5310//5310 5317//5317
f 5317//5317 5310//5310 4886//4886
f 5317//5317 4886//4886 4884//4884
f 5311//5311 5297//5297 5312//5312
f 5312//5312 5297//5297 5154//5154
f 5312//5312 5154//5154 5157//5157
f 5311//5311 5305//5305 5318//5318
f 5318//5318 5305//5305 5313//5313
f 5318//5318 5313//5313 5319//5319
f 5319//5319 5313//5313 5314//5314
f 5319//5319 5314//5314 5320//5320
f 5320//5320 5314//5314 5315//5315
f 5320//5320 5315//5315 5321//5321
f 5321//5321 5315//5315 5316//5316
f 5321//5321 5316//5316 5322//5322
f 5322//5322 5316//5316 5317//5317
f 5322//5322 5317//5317 5323//5323
f 5323//5323 5317//5317 4884//4884
f 5323//5323 4884//4884 4882//4882
f 5297//5297 5311//5311 5296//5296
f 5296//5296 5311//5311 5318//5318
f 5296//5296 5318//5318 5295//5295
f 5295//5295 5318//5318 5319//5319
f 5295//5295 5319//5319 5294//5294
f 5294//5294 5319//5319 5320//5320
f 5294//5294 5320//5320 5293//5293
f 5293//5293 5320//5320 5321//5321
f 5293//5293 5321//5321 5292//5292
f 5292//5292 5321//5321 5322//5322
f 5292//5292 5322//5322 5291//5291
f 5291//5291 5322//5322 5323//5323
f 5291//5291 5323//5323 5290//5290
f 5290//5290 5323//5323 4882//4882
f 5290//5290 4882//4882 4880//4880
f 5285//5285 4913//4913 4910//4910
f 5285//5285 4910//4910 4908//4908
f 5062//5062 5324//5324 5063//5063
f 5063//5063 5324//5324 5325//5325
f 5063//5063 5325//5325 5064//5064
f 5064//5064 5325//5325 5326//5326
f 5064//5064 5326//5326 4935//4935
f 4935//4935 5326//5326 4937//4937
f 5324//5324 5327//5327 5325//5325
f 5325//5325 5327//5327 5328//5328
f 5325//5325 5328//5328 5326//5326
f 5326//5326 5328//5328 5329//5329
f 5326//5326 5329//5329 4937//4937
f 4937//4937 5329//5329 4939//4939
f 5324//5324 5062//5062 5330//5330
f 5330//5330 5062//5062 5061//5061
f 5330//5330 5061//5061 5331//5331
f 5331//5331 5061//5061 5060//5060
f 5331//5331 5060//5060 5332//5332
f 5332//5332 5060//5060 5059//5059
f 5332//5332 5059//5059 5097//5097
f 5327//5327 5333//5333 5328//5328
f 5328//5328 5333//5333 5334//5334
f 5328//5328 5334//5334 5329//5329
f 5329//5329 5334//5334 4941//4941
f 5329//5329 4941//4941 4939//4939
f 5327//5327 5324//5324 5335//5335
f 5335//5335 5324//5324 5330//5330
f 5335//5335 5330//5330 5336//5336
f 5336//5336 5330//5330 5331//5331
f 5336//5336 5331//5331 5337//5337
f 5337//5337 5331//5331 5332//5332
f 5337//5337 5332//5332 5338//5338
f 5338//5338 5332//5332 5097//5097
f 5338//5338 5097//5097 5095//5095
f 5333//5333 5339//5339 5334//5334
f 5334//5334 5339//5339 5340//5340
f 5334//5334 5340//5340 4941//4941
f 4941//4941 5340//5340 4943//4943
f 5333//5333 5327//5327 5341//5341
f 5341//5341 5327//5327 5335//5335
f 5341//5341 5335//5335 5342//5342
f 5342//5342 5335//5335 5336//5336
f 5342//5342 5336//5336 5343//5343
f 5343//5343 5336//5336 5337//5337
f 5343//5343 5337//5337 5344//5344
f 5344//5344 5337//5337 5338//5338
f 5344//5344 5338//5338 5345//5345
f 5345//5345 5338//5338 5095//5095
f 5345//5345 5095//5095 5093//5093
f 5339//5339 5346//5346 5340//5340
f 5340//5340 5346//5346 5347//5347
f 5340//5340 5347//5347 4943//4943
f 4943//4943 5347//5347 4945//4945
f 5339//5339 5333//5333 5348//5348
f 5348//5348 5333//5333 5341//5341
f 5348//5348 5341//5341 5349//5349
f 5349//5349 5341//5341 5342//5342
f 5349//5349 5342//5342 5350//5350
f 5350//5350 5342//5342 5343//5343
f 5350//5350 5343//5343 5351//5351
f 5351//5351 5343//5343 5344//5344
f 5351//5351 5344//5344 5352//5352
f 5352//5352 5344//5344 5345//5345
f 5352//5352 5345//5345 5353//5353
f 5353//5353 5345//5345 5093//5093
f 5353//5353 5093//5093 5091//5091
f 5346//5346 5354//5354 5347//5347
f 5347//5347 5354//5354 5231//5231
f 5347//5347 5231//5231 4945//4945
f 5346//5346 5339//5339 5355//5355
f 5355//5355 5339//5339 5348//5348
f 5355//5355 5348//5348 5356//5356
f 5356//5356 5348//5348 5349//5349
f 5356//5356 5349//5349 5357//5357
f 5357//5357 5349//5349 5350//5350
f 5357//5357 5350//5350 5358//5358
f 5358//5358 5350//5350 5351//5351
f 5358//5358 5351//5351 5359//5359
f 5359//5359 5351//5351 5352//5352
f 5359//5359 5352//5352 5360//5360
f 5360//5360 5352//5352 5353//5353
f 5360//5360 5353//5353 5287//5287
f 5287//5287 5353//5353 5091//5091
f 5231//5231 5354//5354 5229//5229
f 5229//5229 5354//5354 5361//5361
f 5229//5229 5361//5361 5227//5227
f 5227//5227 5361//5361 5221//5221
f 5227//5227 5221//5221 5223//5223
f 5354//5354 5346//5346 5362//5362
f 5362//5362 5346//5346 5355//5355
f 5362//5362 5355//5355 5216//5216
f 5216//5216 5355//5355 5356//5356
f 5216//5216 5356//5356 5213//5213
f 5213//5213 5356//5356 5357//5357
f 5213//5213 5357//5357 5210//5210
f 5210//5210 5357//5357 5358//5358
f 5210//5210 5358//5358 5207//5207
f 5207//5207 5358//5358 5359//5359
f 5207//5207 5359//5359 5201//5201
f 5201//5201 5359//5359 5360//5360
f 5201//5201 5360//5360 5286//5286
f 5286//5286 5360//5360 5287//5287
f 5230//5230 5228//5228 5238//5238
f 5238//5238 5228//5228 5236//5236
f 5225//5225 5236//5236 5226//5226
f 5226//5226 5236//5236 5228//5228
f 5235//5235 5363//5363 5364//5364
f 5364//5364 5363//5363 5365//5365
f 5364//5364 5365//5365 4955//4955
f 4955//4955 5365//5365 4957//4957
f 5363//5363 5366//5366 5365//5365
f 5365//5365 5366//5366 5174//5174
f 5365//5365 5174//5174 4957//4957
f 5235//5235 5234//5234 5363//5363
f 5363//5363 5234//5234 5233//5233
f 5363//5363 5233//5233 5366//5366
f 5366//5366 5233//5233 5172//5172
f 5366//5366 5172//5172 5174//5174
f 5171//5171 5367//5367 5368//5368
f 5368//5368 5367//5367 4965//4965
f 5368//5368 4965//4965 4963//4963
f 4969//4969 4967//4967 5367//5367
f 5367//5367 4967//4967 4965//4965
f 5367//5367 5171//5171 5369//5369
f 5369//5369 5171//5171 5169//5169
f 5369//5369 5169//5169 5177//5177
f 5171//5171 5368//5368 5173//5173
f 5173//5173 5368//5368 4961//4961
f 5173//5173 4961//4961 4959//4959
f 4961//4961 5368//5368 4963//4963
f 5235//5235 5364//5364 5237//5237
f 5237//5237 5364//5364 4953//4953
f 5237//5237 4953//4953 4951//4951
f 4953//4953 5364//5364 4955//4955
f 4947//4947 5230//5230 4949//4949
f 4949//4949 5230//5230 5238//5238
f 4918//4918 4915//4915 4920//4920
f 5284//5284 5285//5285 4908//4908
f 5284//5284 4908//4908 4906//4906
f 5221//5221 5361//5361 5362//5362
f 5362//5362 5361//5361 5354//5354
f 5221//5221 5362//5362 5216//5216
f 4971//4971 4969//4969 5369//5369
f 5369//5369 4969//4969 5367//5367
f 4971//4971 5369//5369 5177//5177
f 5248//5248 5249//5249 5131//5131
f 5248//5248 5131//5131 5132//5132
f 5125//5125 5248//5248 5126//5126
f 5126//5126 5248//5248 5132//5132
f 5126//5126 5132//5132 5134//5134
f 5135//5135 5133//5133 5179//5179
f 5137//5137 5135//5135 5180//5180
f 5180//5180 5135//5135 5179//5179
f 5182//5182 5137//5137 5180//5180
f 5127//5127 5126//5126 5134//5134
f 5127//5127 5134//5134 5136//5136
f 5201//5201 5286//5286 5195//5195
f 5194//5194 5201//5201 5195//5195
f 5092//5092 5094//5094 5288//5288
f 5288//5288 5094//5094 5370//5370
f 5288//5288 5370//5370 5289//5289
f 5289//5289 5370//5370 5056//5056
f 5289//5289 5056//5056 5055//5055
f 4898//4898 4896//4896 5279//5279
f 4898//4898 5279//5279 5280//5280
f 5244//5244 5245//5245 5258//5258
f 5244//5244 5258//5258 5259//5259
f 5057//5057 5056//5056 5370//5370
f 5057//5057 5370//5370 5096//5096
f 5096//5096 5370//5370 5094//5094
f 4900//4900 4898//4898 5280//5280
f 4900//4900 5280//5280 5281//5281
f 5243//5243 5244//5244 5259//5259
f 5243//5243 5259//5259 4887//4887
f 5058//5058 5057//5057 5096//5096
f 4902//4902 4900//4900 5281//5281
f 4902//4902 5281//5281 5282//5282
f 4889//4889 5243//5243 4887//4887
f 4904//4904 4902//4902 5282//5282
f 4904//4904 5282//5282 5283//5283
f 4906//4906 4904//4904 5283//5283
f 4906//4906 5283//5283 5284//5284
f 5371//5371 5372//5372 5373//5373
f 5373//5373 5372//5372 5374//5374
f 5373//5373 5374//5374 5375//5375
f 5375//5375 5374//5374 5376//5376
f 5375//5375 5376//5376 5377//5377
f 5377//5377 5376//5376 5378//5378
f 5377//5377 5378//5378 5379//5379
f 5379//5379 5378//5378 5380//5380
f 5379//5379 5380//5380 5381//5381
f 5381//5381 5380//5380 5382//5382
f 5382//5382 5380//5380 5383//5383
f 5382//5382 5383//5383 5384//5384
f 5384//5384 5383//5383 5385//5385
f 5384//5384 5385//5385 5386//5386
f 5378//5378 5385//5385 5380//5380
f 5380//5380 5385//5385 5383//5383
f 5387//5387 5388//5388 5386//5386
f 5386//5386 5388//5388 5389//5389
f 5386//5386 5389//5389 5390//5390
f 5390//5390 5389//5389 5391//5391
f 5390//5390 5391//5391 5392//5392
f 5392//5392 5391//5391 5393//5393
f 5392//5392 5393//5393 5386//5386
f 5386//5386 5393//5393 5384//5384
f 5394//5394 5395//5395 5387//5387
f 5387//5387 5395//5395 5396//5396
f 5387//5387 5396//5396 5388//5388
f 5388//5388 5396//5396 5397//5397
f 5388//5388 5397//5397 5391//5391
f 5398//5398 5399//5399 5394//5394
f 5394//5394 5399//5399 5400//5400
f 5394//5394 5400//5400 5395//5395
f 5395//5395 5400//5400 5401//5401
f 5395//5395 5401//5401 5397//5397
f 5399//5399 5398//5398 5402//5402
f 5402//5402 5398//5398 5403//5403
f 5402//5402 5403//5403 5404//5404
f 5404//5404 5403//5403 5405//5405
f 5404//5404 5405//5405 5406//5406
f 5401//5401 5399//5399 5406//5406
f 5406//5406 5399//5399 5402//5402
f 5406//5406 5402//5402 5404//5404
f 5393//5393 5391//5391 5384//5384
f 5384//5384 5391//5391 5382//5382
f 5379//5379 5381//5381 5377//5377
f 5377//5377 5381//5381 5371//5371
f 5377//5377 5371//5371 5375//5375
f 5375//5375 5371//5371 5373//5373
f 5399//5399 5401//5401 5400//5400
f 5386//5386 5390//5390 5392//5392
f 5388//5388 5391//5391 5389//5389
f 5395//5395 5397//5397 5396//5396
f 5407//5407 5408//5408 5409//5409
f 5409//5409 5408//5408 5410//5410
f 5409//5409 5410//5410 5411//5411
f 5412//5412 5413//5413 5408//5408
f 5408//5408 5413//5413 5414//5414
f 5408//5408 5414//5414 5415//5415
f 5413//5413 5416//5416 5414//5414
f 5414//5414 5416//5416 5417//5417
f 5417//5417 5416//5416 5418//5418
f 5418//5418 5416//5416 5419//5419
f 5415//5415 5410//5410 5408//5408
f 5409//5409 5411//5411 5420//5420
f 5420//5420 5411//5411 5421//5421
f 5420//5420 5421//5421 5422//5422
f 5423//5423 5424//5424 5425//5425
f 5425//5425 5424//5424 5426//5426
f 5425//5425 5426//5426 5427//5427
f 5427//5427 5426//5426 5428//5428
f 5427//5427 5428//5428 5429//5429
f 5429//5429 5428//5428 5430//5430
f 5430//5430 5428//5428 5431//5431
f 5430//5430 5431//5431 5432//5432
f 5432//5432 5431//5431 5433//5433
f 5433//5433 5431//5431 5434//5434
f 5433//5433 5434//5434 5435//5435
f 5435//5435 5434//5434 5436//5436
f 5436//5436 5434//5434 5437//5437
f 5436//5436 5437//5437 5438//5438
f 5438//5438 5437//5437 5439//5439
f 5439//5439 5437//5437 5440//5440
f 5439//5439 5440//5440 5441//5441
f 5441//5441 5440//5440 5442//5442
f 5441//5441 5442//5442 5443//5443
f 5443//5443 5442//5442 5444//5444
f 5443//5443 5444//5444 5445//5445
f 5445//5445 5444//5444 5424//5424
f 5424//5424 5444//5444 5426//5426
f 5426//5426 5444//5444 5442//5442
f 5428//5428 5426//5426 5442//5442
f 5431//5431 5428//5428 5440//5440
f 5440//5440 5428//5428 5442//5442
f 5434//5434 5431//5431 5437//5437
f 5437//5437 5431//5431 5440//5440
f 5446//5446 5448//5448 5450//5450
f 5449//5449 5447//5447 5453//5453
f 5451//5451 5454//5454 5456//5456
f 5455//5455 5452//5452 5458//5458
f 5455//5455 5458//5458 5460//5460
f 5459//5459 5457//5457 5461//5461
f 5461//5461 5457//5457 5462//5462
f 5461//5461 5462//5462 5463//5463
f 5463//5463 5462//5462 5464//5464
f 5464//5464 5462//5462 5465//5465
f 5466//5466 5467//5467 5468//5468
f 5468//5468 5467//5467 5469//5469
f 5468//5468 5469//5469 5470//5470
f 5470//5470 5469//5469 5471//5471
f 5470//5470 5471//5471 5472//5472
f 5472//5472 5471//5471 5473//5473
f 5472//5472 5473//5473 5474//5474
f 5474//5474 5473//5473 5475//5475
f 5472//5472 5474//5474 5476//5476
f 5476//5476 5474//5474 5477//5477
f 5476//5476 5477//5477 5478//5478
f 5476//5476 5478//5478 5479//5479
f 5479//5479 5478//5478 5480//5480
f 5479//5479 5480//5480 5481//5481
f 5481//5481 5480//5480 5482//5482
f 5481//5481 5482//5482 5483//5483
f 5483//5483 5482//5482 5484//5484
f 5483//5483 5484//5484 5485//5485
f 5485//5485 5484//5484 5486//5486
f 5482//5482 5487//5487 5484//5484
f 5485//5485 5488//5488 5483//5483
f 5483//5483 5488//5488 5468//5468
f 5483//5483 5468//5468 5481//5481
f 5481//5481 5468//5468 5470//5470
f 5481//5481 5470//5470 5479//5479
f 5479//5479 5470//5470 5472//5472
f 5479//5479 5472//5472 5476//5476
f 5488//5488 5489//5489 5468//5468
f 5468//5468 5489//5489 5466//5466
f 5491//5491 5493//5493 5496//5496
f 5495//5495 5494//5494 5498//5498
f 5496//5496 5499//5499 5501//5501
f 5500//5500 5497//5497 5503//5503
f 5501//5501 5502//5502 5505//5505
f 5505//5505 5502//5502 5506//5506
f 5504//5504 5507//5507 5508//5508
f 5492//5492 5490//5490 5509//5509
f 5510//5510 5491//5491 5514//5514
f 5511//5511 5512//5512 5515//5515
f 5516//5516 5513//5513 5519//5519
f 5517//5517 5518//5518 5520//5520
f 5521//5521 5522//5522 5523//5523
f 5524//5524 5525//5525 5526//5526
f 5524//5524 5526//5526 5527//5527
f 5527//5527 5526//5526 5528//5528
f 5527//5527 5528//5528 5529//5529
f 5529//5529 5528//5528 5530//5530
f 5529//5529 5530//5530 5531//5531
f 5531//5531 5530//5530 5532//5532
f 5531//5531 5532//5532 5533//5533
f 5533//5533 5532//5532 5534//5534
f 5533//5533 5534//5534 5535//5535
f 5535//5535 5534//5534 5536//5536
f 5535//5535 5536//5536 5537//5537
f 5537//5537 5536//5536 5538//5538
f 5537//5537 5538//5538 5539//5539
f 5539//5539 5538//5538 5540//5540
f 5540//5540 5538//5538 5541//5541
f 5540//5540 5541//5541 5542//5542
f 5542//5542 5541//5541 5543//5543
f 5542//5542 5543//5543 5544//5544
f 5544//5544 5543//5543 5545//5545
f 5544//5544 5545//5545 5546//5546
f 5546//5546 5545//5545 5547//5547
f 5546//5546 5547//5547 5548//5548
f 5548//5548 5547//5547 5549//5549
f 5548//5548 5549//5549 5550//5550
f 5550//5550 5549//5549 5521//5521
f 5550//5550 5521//5521 5523//5523