mtllib material.mtl
usemtl material_0
v -0.03835000 -0.11727500 0.23060000
v -0.03835000 -0.11715000 0.23060000
v 0.03835000 -0.11715000 0.23060000
v -0.03834900 -0.11690000 0.23060000
v -0.03834700 -0.11665000 0.23060000
v 0.03816700 -0.11340600 0.23060000
v -0.03811500 -0.11290900 0.23060000
v 0.03761900 -0.10969900 0.23060000
v -0.03751900 -0.10920900 0.23060000
v 0.03671200 -0.10606200 0.23060000
v -0.03656500 -0.10558500 0.23060000
v 0.03545500 -0.10253200 0.23060000
v -0.03526100 -0.10207100 0.23060000
v 0.03385800 -0.09914100 0.23060000
v -0.03362100 -0.09870100 0.23060000
v 0.03193900 -0.09592200 0.23060000
v -0.03165900 -0.09550700 0.23060000
v 0.02971400 -0.09290600 0.23060000
v -0.02939600 -0.09252000 0.23060000
v 0.02720600 -0.09012100 0.23060000
v -0.02685100 -0.08976900 0.23060000
v 0.02443700 -0.08759400 0.23060000
v -0.02405000 -0.08727800 0.23060000
v 0.02143600 -0.08535000 0.23060000
v -0.02101900 -0.08507300 0.23060000
v 0.01822900 -0.08341000 0.23060000
v -0.01778800 -0.08317500 0.23060000
v 0.01484900 -0.08179100 0.23060000
v -0.01438700 -0.08160100 0.23060000
v 0.01132700 -0.08051100 0.23060000
v -0.01084800 -0.08036600 0.23060000
v 0.00769600 -0.07958000 0.23060000
v -0.00720600 -0.07948300 0.23060000
v 0.00399200 -0.07900800 0.23060000
v -0.00349500 -0.07896000 0.23060000
v 0.00025000 -0.07880100 0.23060000
v 0.03816700 -0.12089300 0.23060000
v -0.03834700 -0.11765000 0.23060000
v -0.03834800 -0.11752500 0.23060000
v -0.03834900 -0.11740000 0.23060000
v -0.03811500 -0.12139100 0.23060000
v 0.03761900 -0.12460100 0.23060000
v -0.03751900 -0.12509100 0.23060000
v 0.03671200 -0.12823700 0.23060000
v -0.03656500 -0.12871500 0.23060000
v 0.03545500 -0.13176800 0.23060000
v -0.03526100 -0.13222900 0.23060000
v 0.03385800 -0.13515900 0.23060000
v -0.03362100 -0.13559900 0.23060000
v 0.03193900 -0.13837800 0.23060000
v -0.03165900 -0.13879300 0.23060000
v 0.02971400 -0.14139400 0.23060000
v -0.02939600 -0.14178000 0.23060000
v 0.02720600 -0.14417900 0.23060000
v -0.02685100 -0.14453100 0.23060000
v 0.02443700 -0.14670500 0.23060000
v -0.02405000 -0.14702200 0.23060000
v 0.02143600 -0.14895000 0.23060000
v -0.02101900 -0.14922600 0.23060000
v 0.01822900 -0.15089000 0.23060000
v -0.01778800 -0.15112500 0.23060000
v 0.01484900 -0.15250900 0.23060000
v -0.01438700 -0.15269900 0.23060000
v 0.01132700 -0.15378900 0.23060000
v -0.01084800 -0.15393400 0.23060000
v 0.00769600 -0.15472000 0.23060000
v -0.00720600 -0.15481700 0.23060000
v 0.00399200 -0.15529200 0.23060000
v -0.00349500 -0.15534000 0.23060000
v 0.00025000 -0.15549900 0.23060000
v 0.03854700 -0.11665000 0.23110600
v 0.03854700 -0.11665000 0.23080000
v 0.03828700 -0.11266700 0.23113700
v 0.03827100 -0.11251900 0.23080000
v 0.03761800 -0.10873100 0.23114000
v 0.03755400 -0.10844200 0.23080000
v 0.03654700 -0.10488500 0.23113100
v 0.03640300 -0.10446600 0.23080000
v 0.03547200 -0.10205400 0.23112800
v 0.03483300 -0.10063500 0.23080000
v 0.03368100 -0.09839900 0.23112900
v 0.03286200 -0.09699500 0.23080000
v 0.03151600 -0.09495300 0.23113000
v 0.03051100 -0.09358800 0.23080000
v 0.02900100 -0.09175300 0.23113000
v 0.02780900 -0.09045200 0.23080000
v 0.02708300 -0.08971600 0.23113200
v 0.02478500 -0.08762400 0.23080000
v 0.02407100 -0.08704000 0.23113300
v 0.02147600 -0.08513700 0.23080000
v 0.02079700 -0.08469300 0.23113100
v 0.01792000 -0.08301800 0.23080000
v 0.01729600 -0.08269900 0.23112700
v 0.01415700 -0.08129300 0.23080000
v 0.01463500 -0.08148600 0.23112400
v 0.01084500 -0.08015800 0.23112300
v 0.01023000 -0.07998200 0.23080000
v 0.00750800 -0.07934000 0.23112400
v 0.00618600 -0.07909900 0.23080000
v 0.00377200 -0.07878600 0.23111800
v 0.00207000 -0.07865600 0.23080000
v 0.00000000 -0.07860000 0.23110000
v -0.00207000 -0.07865600 0.23080000
v 0.00000100 -0.07860000 0.23347100
v -0.00399300 -0.07880700 0.24080000
v 0.00000500 -0.07860000 0.24080000
v -0.00618600 -0.07909900 0.23080000
v -0.00794600 -0.07942800 0.24080000
v -0.01023000 -0.07998200 0.23080000
v -0.01181400 -0.08045500 0.24080000
v -0.01415700 -0.08129300 0.23080000
v -0.01555500 -0.08187800 0.24080000
v -0.01792000 -0.08301800 0.23080000
v -0.01912800 -0.08368000 0.24080000
v -0.02147600 -0.08513700 0.23080000
v -0.02249500 -0.08584400 0.24080000
v -0.02478500 -0.08762400 0.23080000
v -0.02562000 -0.08834500 0.24080000
v -0.02780900 -0.09045200 0.23080000
v -0.02846800 -0.09115600 0.24080000
v -0.03051100 -0.09358800 0.23080000
v -0.03100900 -0.09424800 0.24080000
v -0.03286200 -0.09699500 0.23080000
v -0.03321700 -0.09758600 0.24080000
v -0.03483300 -0.10063500 0.23080000
v -0.03506600 -0.10113500 0.24080000
v -0.03640300 -0.10446600 0.23080000
v -0.03653700 -0.10485700 0.24080000
v -0.03755400 -0.10844200 0.23080000
v -0.03761500 -0.10871100 0.24080000
v -0.03827100 -0.11251900 0.23080000
v -0.03828700 -0.11265600 0.24080000
v -0.03854700 -0.11665000 0.23080000
v -0.03854700 -0.11665000 0.24080000
v 0.00000400 -0.07860000 0.23839600
v 0.00000200 -0.07860000 0.23593400
v -0.03834700 -0.11665000 0.24100000
v -0.03835000 -0.11715000 0.24100000
v 0.04197100 -0.11765000 0.24100000
v -0.03834700 -0.11765000 0.24100000
v -0.03811700 -0.12137500 0.24100000
v 0.00000700 -0.15550000 0.24100000
v -0.03752500 -0.12506100 0.24100000
v -0.03657800 -0.12867200 0.24100000
v -0.03528500 -0.13217300 0.24100000
v -0.03365700 -0.13553200 0.24100000
v -0.03171100 -0.13871700 0.24100000
v -0.02946400 -0.14169800 0.24100000
v -0.02693800 -0.14444600 0.24100000
v -0.02415700 -0.14693600 0.24100000
v -0.02114600 -0.14914300 0.24100000
v -0.01793600 -0.15104700 0.24100000
v -0.01455600 -0.15263000 0.24100000
v -0.01103700 -0.15387700 0.24100000
v -0.00741500 -0.15477600 0.24100000
v -0.00372200 -0.15531900 0.24100000
v 0.00399500 -0.15553700 0.24100000
v 0.00399500 -0.15553700 0.24100000
v 0.04005900 -0.12939100 0.24100000
v 0.04103600 -0.12586300 0.24100000
v 0.04166500 -0.12233000 0.24100000
v 0.00789500 -0.15532900 0.24100000
v 0.01200900 -0.15466900 0.24100000
v 0.01559700 -0.15370100 0.24100000
v 0.01559700 -0.15370100 0.24100000
v 0.01570700 -0.15366600 0.24100000
v 0.01570700 -0.15366600 0.24100000
v 0.01798400 -0.15284200 0.24100000
v 0.02019900 -0.15187900 0.24100000
v 0.02300400 -0.15040500 0.24100000
v 0.02495300 -0.14919300 0.24100000
v 0.02683300 -0.14786000 0.24100000
v 0.02929500 -0.14583400 0.24100000
v 0.03194900 -0.14321200 0.24100000
v 0.03460800 -0.13997300 0.24100000
v 0.03610800 -0.13776800 0.24100000
v 0.03731800 -0.13570800 0.24100000
v 0.03861500 -0.13310600 0.24100000
v 0.04185100 -0.12059000 0.24100000
v 0.04198000 -0.11765000 0.24100000
v 0.04185300 -0.11369900 0.24100000
v -0.03752500 -0.10923900 0.24100000
v -0.03811700 -0.11292500 0.24100000
v 0.04134700 -0.10989900 0.24100000
v -0.03528500 -0.10212800 0.24100000
v -0.03657800 -0.10562900 0.24100000
v -0.03365800 -0.09876900 0.24100000
v 0.04041200 -0.10602100 0.24100000
v 0.03980800 -0.10416500 0.24100000
v 0.03893700 -0.10193000 0.24100000
v 0.00489400 -0.07878600 0.24100000
v 0.00000300 -0.07880000 0.24100000
v -0.00372500 -0.07898100 0.24100000
v 0.03767900 -0.09926600 0.24100000
v 0.03622400 -0.09671600 0.24100000
v 0.03503700 -0.09492500 0.24100000
v 0.03271300 -0.09194900 0.24100000
v 0.02971800 -0.08885000 0.24100000
v 0.02753700 -0.08698500 0.24100000
v 0.02524900 -0.08530600 0.24100000
v 0.02324700 -0.08403700 0.24100000
v 0.02035400 -0.08249400 0.24100000
v 0.01749900 -0.08126800 0.24100000
v 0.01597900 -0.08072400 0.24100000
v 0.01350500 -0.07999000 0.24100000
v 0.01133300 -0.07949100 0.24100000
v 0.00810000 -0.07899200 0.24100000
v -0.00741700 -0.07952400 0.24100000
v -0.01104000 -0.08042300 0.24100000
v -0.01455800 -0.08167100 0.24100000
v -0.01793800 -0.08325400 0.24100000
v -0.02114800 -0.08515800 0.24100000
v -0.02415800 -0.08736600 0.24100000
v -0.02693900 -0.08985500 0.24100000
v -0.02946500 -0.09260300 0.24100000
v -0.03171100 -0.09558400 0.24100000
v 0.03831500 -0.12139600 0.23114400
v 0.03854700 -0.11765000 0.23110700
v 0.03846900 -0.12007700 0.23292000
v 0.03855500 -0.11765000 0.23388700
v 0.03848400 -0.12009600 0.23387600
v 0.03849200 -0.12010500 0.23435400
v 0.03826700 -0.12256500 0.23434100
v 0.03829300 -0.12259700 0.23529000
v 0.03792000 -0.12504600 0.23527100
v 0.03794300 -0.12508000 0.23598100
v 0.03741800 -0.12750600 0.23595700
v 0.03805000 -0.12511700 0.23678500
v 0.03752700 -0.12755300 0.23675200
v 0.03787200 -0.12760900 0.23751700
v 0.03714900 -0.13010000 0.23747400
v 0.03812300 -0.12763900 0.23784500
v 0.03738800 -0.13013600 0.23780100
v 0.03761800 -0.13016100 0.23806500
v 0.03670500 -0.13260000 0.23802300
v 0.03713500 -0.13265600 0.23854700
v 0.03543000 -0.13618400 0.23848900
v 0.03583200 -0.13625200 0.23902300
v 0.03374400 -0.13958500 0.23897000
v 0.03472500 -0.13978800 0.24040900
v 0.03221800 -0.14290000 0.24037300
v 0.03299900 -0.14228600 0.24070000
v 0.03204500 -0.14336700 0.24070400
v 0.03855600 -0.11765000 0.23427400
v 0.03855700 -0.11765000 0.23446800
v 0.03850700 -0.12012400 0.23530900
v 0.03855800 -0.11765000 0.23474500
v 0.03855900 -0.11765000 0.23532800
v 0.03851500 -0.12013800 0.23602700
v 0.03855900 -0.11765000 0.23605000
v 0.03865200 -0.11765000 0.23688100
v 0.03861500 -0.12015400 0.23685000
v 0.03878900 -0.11765000 0.23726000
v 0.03899000 -0.12017000 0.23763700
v 0.03903400 -0.11765000 0.23767400
v 0.03932300 -0.11765000 0.23799800
v 0.03958600 -0.11765000 0.23825400
v 0.03953000 -0.12018400 0.23821900
v 0.03926900 -0.12017900 0.23796400
v 0.03878100 -0.12267800 0.23759800
v 0.03841400 -0.12264700 0.23681800
v 0.03830900 -0.12262000 0.23600400
v 0.04004000 -0.12019400 0.23871900
v 0.04211800 -0.11765000 0.24065500
v 0.04055400 -0.12020500 0.23922200
v 0.04191800 -0.12023200 0.24055700
v 0.04163200 -0.12279900 0.24054200
v 0.04196600 -0.12090500 0.24065900
v 0.04177000 -0.12263400 0.24066200
v 0.04117400 -0.12534000 0.24052700
v 0.04116500 -0.12596700 0.24066600
v 0.04054600 -0.12784200 0.24051100
v 0.04028100 -0.12919800 0.24067000
v 0.03971900 -0.13038600 0.24049300
v 0.03971500 -0.13083500 0.24067200
v 0.03871800 -0.13286400 0.24047300
v 0.03877600 -0.13313000 0.24067600
v 0.03690000 -0.13643100 0.24044200
v 0.03690800 -0.13676500 0.24068500
v 0.03478600 -0.14001600 0.24069300
v 0.02940700 -0.14573500 0.24033400
v 0.02948900 -0.14590300 0.24071500
v 0.02730100 -0.14773500 0.24072400
v 0.02631900 -0.14825900 0.24029500
v 0.02615100 -0.14859300 0.24072800
v 0.02298800 -0.15045000 0.24025400
v 0.02306200 -0.15059100 0.24073900
v 0.01945300 -0.15228500 0.24021300
v 0.02002300 -0.15217500 0.24075000
v 0.01846400 -0.15285800 0.24075500
v 0.01574900 -0.15374400 0.24017200
v 0.01581000 -0.15383900 0.24076400
v 0.01191500 -0.15481000 0.24013300
v 0.01197100 -0.15488000 0.24077500
v 0.00799200 -0.15547000 0.24009600
v 0.00800700 -0.15551800 0.24078600
v 0.00402300 -0.15571900 0.24006200
v 0.00399500 -0.15573700 0.24079500
v 0.00000500 -0.15570000 0.24080000
v 0.00000400 -0.15570000 0.23839800
v 0.00392800 -0.15568100 0.23844200
v 0.00780400 -0.15537700 0.23849600
v 0.00773400 -0.15534200 0.23789600
v 0.01152300 -0.15461800 0.23796100
v 0.01141600 -0.15456600 0.23736900
v 0.01507400 -0.15343700 0.23744300
v 0.01500200 -0.15340400 0.23715000
v 0.01850800 -0.15189300 0.23722900
v 0.01493500 -0.15336900 0.23684400
v 0.01842300 -0.15185200 0.23692100
v 0.01484400 -0.15330100 0.23620300
v 0.01830500 -0.15177100 0.23626800
v 0.01481200 -0.15323300 0.23555100
v 0.01826300 -0.15169200 0.23560300
v 0.01480000 -0.15316700 0.23490900
v 0.01824600 -0.15161500 0.23495400
v 0.01822300 -0.15151300 0.23409000
v 0.02148900 -0.14960500 0.23412300
v 0.02147300 -0.14954900 0.23368700
v 0.02453100 -0.14731700 0.23371400
v 0.02449300 -0.14720100 0.23283100
v 0.02730700 -0.14467000 0.23284700
v 0.02600000 -0.14561300 0.23113200
v 0.02674100 -0.14491800 0.23112900
v 0.00389200 -0.15566700 0.23783400
v 0.00000200 -0.15570000 0.23593700
v 0.00385600 -0.15565300 0.23722700
v 0.00383800 -0.15564600 0.23692300
v 0.00762800 -0.15528900 0.23699600
v 0.00382200 -0.15563900 0.23661700
v 0.00759500 -0.15527100 0.23669200
v 0.00379900 -0.15562500 0.23600000
v 0.00755200 -0.15523600 0.23606900
v 0.00379200 -0.15561000 0.23537800
v 0.00753800 -0.15520100 0.23543800
v 0.00378900 -0.15559600 0.23475600
v 0.00753400 -0.15516600 0.23481000
v 0.00752800 -0.15511900 0.23397200
v 0.01120700 -0.15428300 0.23401400
v 0.01120200 -0.15424800 0.23359000
v 0.01477600 -0.15303400 0.23362500
v 0.01476000 -0.15294500 0.23276900
v 0.01818800 -0.15135900 0.23279200
v 0.01647100 -0.15200400 0.23113100
v 0.01726800 -0.15161600 0.23113400
v 0.00000100 -0.15570000 0.23347600
v 0.00000000 -0.15570000 0.23110000
v 0.00187500 -0.15565400 0.23111500
v 0.00377900 -0.15554900 0.23268300
v 0.00378300 -0.15556800 0.23351200
v 0.00751900 -0.15504900 0.23271500
v 0.00752500 -0.15509500 0.23355300
v 0.01119100 -0.15417800 0.23274300
v 0.00279400 -0.15559800 0.23112200
v 0.00362300 -0.15552900 0.23112900
v 0.00558100 -0.15529300 0.23114400
v 0.00766100 -0.15493000 0.23114400
v 0.00871500 -0.15470100 0.23114000
v 0.00896400 -0.15464200 0.23113800
v 0.00908000 -0.15461400 0.23113800
v 0.00936300 -0.15454500 0.23113800
v 0.01100700 -0.15409500 0.23113600
v 0.01209100 -0.15375500 0.23113100
v 0.01283700 -0.15350000 0.23113200
v 0.01367000 -0.15319600 0.23113200
v 0.01471100 -0.15278300 0.23113000
v 0.01782800 -0.15133000 0.23113700
v 0.01827900 -0.15109000 0.23113800
v 0.01906400 -0.15065600 0.23114000
v 0.02004800 -0.15007600 0.23114200
v 0.02144300 -0.14943700 0.23281300
v 0.01821100 -0.15146100 0.23365700
v 0.02125800 -0.14930800 0.23114300
v 0.02236300 -0.14854900 0.23114300
v 0.02325000 -0.14789900 0.23114300
v 0.02392400 -0.14737800 0.23114100
v 0.02433200 -0.14705100 0.23114000
v 0.02714700 -0.14452000 0.23112800
v 0.02753600 -0.14412900 0.23112900
v 0.02805200 -0.14359200 0.23113000
v 0.02873900 -0.14284400 0.23113300
v 0.02985500 -0.14186700 0.23286100
v 0.02735100 -0.14478600 0.23373900
v 0.02990300 -0.14197900 0.23376200
v 0.02737300 -0.14484400 0.23418500
v 0.02992800 -0.14203500 0.23421200
v 0.02741700 -0.14496100 0.23507500
v 0.02997600 -0.14214800 0.23511200
v 0.02744800 -0.14504800 0.23574400
v 0.03001100 -0.14223200 0.23578700
v 0.03009800 -0.14232300 0.23651300
v 0.03237500 -0.13924700 0.23657000
v 0.03263500 -0.13934400 0.23729300
v 0.03462000 -0.13603500 0.23736200
v 0.03482700 -0.13608200 0.23768800
v 0.03648600 -0.13257100 0.23775700
v 0.03503000 -0.13611700 0.23795800
v 0.02951100 -0.14195300 0.23113700
v 0.02989000 -0.14149500 0.23113900
v 0.03009800 -0.14123700 0.23114000
v 0.03058200 -0.14062000 0.23114100
v 0.03129100 -0.13966500 0.23114200
v 0.03211400 -0.13882100 0.23287400
v 0.03179300 -0.13894900 0.23114200
v 0.03214200 -0.13843200 0.23114100
v 0.03255400 -0.13779600 0.23114100
v 0.03323000 -0.13669000 0.23113900
v 0.03406200 -0.13556400 0.23288500
v 0.03369700 -0.13587300 0.23113700
v 0.03406700 -0.13519300 0.23113600
v 0.03427000 -0.13480300 0.23113400
v 0.03465500 -0.13403700 0.23112900
v 0.03567900 -0.13212800 0.23289500
v 0.03542800 -0.13234800 0.23112600
v 0.03581100 -0.13142400 0.23112800
v 0.03621000 -0.13037800 0.23113200
v 0.03656400 -0.12975200 0.23290100
v 0.03572900 -0.13220700 0.23382100
v 0.03660900 -0.12982100 0.23383300
v 0.03575400 -0.13224700 0.23428500
v 0.03663300 -0.12985500 0.23430000
v 0.03580300 -0.13232700 0.23521100
v 0.03667800 -0.12992400 0.23523200
v 0.03583800 -0.13238700 0.23590700
v 0.03671000 -0.12997600 0.23593200
v 0.03681900 -0.13003300 0.23671700
v 0.03655500 -0.12939200 0.23113500
v 0.03678200 -0.12869100 0.23113600
v 0.03696200 -0.12810000 0.23113600
v 0.03728900 -0.12732100 0.23290600
v 0.03724200 -0.12710600 0.23113800
v 0.03738100 -0.12656800 0.23114000
v 0.03745300 -0.12627700 0.23114100
v 0.03749000 -0.12612300 0.23114200
v 0.03758200 -0.12573000 0.23114400
v 0.03783500 -0.12493500 0.23291100
v 0.03767000 -0.12533400 0.23114700
v 0.03804400 -0.12337100 0.23115200
v 0.03822900 -0.12251700 0.23291600
v 0.00378500 -0.15557700 0.23392700
v 0.03825400 -0.12254900 0.23386600
v 0.03786900 -0.12497900 0.23385600
v 0.03788600 -0.12500200 0.23432800
v 0.03732900 -0.12737800 0.23384500
v 0.03735000 -0.12740600 0.23431400
v 0.03739000 -0.12746300 0.23525200
v 0.03411400 -0.13565800 0.23380300
v 0.03414000 -0.13570500 0.23426200
v 0.03419200 -0.13579900 0.23517900
v 0.03422900 -0.13586900 0.23586800
v 0.03594500 -0.13245300 0.23668100
v 0.03625900 -0.13253000 0.23743000
v 0.03216500 -0.13892600 0.23378300
v 0.03219100 -0.13897800 0.23423800
v 0.03224200 -0.13908300 0.23514600
v 0.03227900 -0.13916200 0.23582900
v 0.03433100 -0.13594600 0.23662600
v 0.02455000 -0.14737500 0.23415500
v 0.02458700 -0.14749100 0.23503700
v 0.02151900 -0.14971600 0.23499700
v 0.02154100 -0.14980000 0.23565200
v 0.02159500 -0.14988700 0.23633200
v 0.02174000 -0.14997800 0.23699700
v 0.02184400 -0.15002400 0.23730900
v 0.01860000 -0.15193100 0.23751900
v 0.01521900 -0.15350200 0.23802800
v 0.01163000 -0.15467000 0.23855400
v 0.01478400 -0.15307800 0.23405300
v 0.01121700 -0.15435400 0.23486100
v 0.01122400 -0.15440600 0.23549600
v 0.01124600 -0.15445900 0.23613700
v 0.01131300 -0.15451300 0.23676700
v 0.01136200 -0.15453900 0.23707200
v 0.00766300 -0.15530600 0.23729600
v 0.02461400 -0.14757800 0.23569900
v 0.02752400 -0.14514100 0.23645400
v 0.03033000 -0.14242400 0.23722100
v 0.03282200 -0.13939500 0.23761600
v 0.03300800 -0.13943400 0.23788900
v 0.03337500 -0.13950900 0.23842800
v 0.02467900 -0.14767000 0.23639300
v 0.02485300 -0.14776700 0.23707300
v 0.02497700 -0.14781700 0.23738800
v 0.02195500 -0.15006500 0.23759500
v 0.01878200 -0.15200700 0.23809600
v 0.01536300 -0.15356800 0.23861300
v 0.03840700 -0.12516100 0.23755800
v 0.03905100 -0.12269400 0.23792500
v 0.03930500 -0.12270500 0.23818200
v 0.03980200 -0.12272500 0.23868700
v 0.04030300 -0.12274500 0.23919500
v 0.02772700 -0.14524200 0.23714800
v 0.03049500 -0.14247600 0.23754200
v 0.03066400 -0.14251800 0.23781900
v 0.03099600 -0.14260000 0.23836500
v 0.03133000 -0.14268200 0.23891400
v 0.03866800 -0.12518400 0.23788600
v 0.03836100 -0.12766000 0.23810600
v 0.03806600 -0.13020900 0.23858400
v 0.03756800 -0.13271300 0.23907400
v 0.02787200 -0.14529400 0.23746600
v 0.02510800 -0.14786100 0.23767100
v 0.02217700 -0.15014800 0.23816400
v 0.01896500 -0.15208300 0.23867400
v 0.03891500 -0.12520000 0.23814500
v 0.03939700 -0.12523000 0.23865400
v 0.03988300 -0.12526000 0.23916700
v 0.02802100 -0.14533700 0.23774600
v 0.02831800 -0.14542200 0.23830000
v 0.02861500 -0.14550800 0.23885600
v 0.03882700 -0.12769800 0.23862000
v 0.03851800 -0.13025700 0.23910600
v 0.02536700 -0.14794600 0.23823300
v 0.02239800 -0.15023000 0.23873500
v 0.03929700 -0.12773800 0.23913800
v 0.02562600 -0.14803200 0.23879600
v 0.00377200 -0.07878600 0.23111800
v 0.00000000 -0.07860000 0.23110000
v 0.00377900 -0.07875100 0.23267800
v 0.00000100 -0.07860000 0.23347100
v 0.00378300 -0.07873200 0.23350700
v 0.00378500 -0.07872300 0.23392200
v 0.00566200 -0.07890400 0.23394500
v 0.00566700 -0.07887100 0.23477900
v 0.00753400 -0.07913500 0.23480600
v 0.00753800 -0.07909900 0.23543500
v 0.01122400 -0.07989400 0.23549200
v 0.01124600 -0.07984100 0.23613300
v 0.01484300 -0.08100000 0.23620000
v 0.01493500 -0.08093100 0.23684100
v 0.01669700 -0.08164400 0.23687900
v 0.01677300 -0.08160600 0.23718700
v 0.01850700 -0.08240700 0.23722700
v 0.01859900 -0.08236900 0.23751700
v 0.02195500 -0.08423500 0.23759300
v 0.02217600 -0.08415300 0.23816300
v 0.02536600 -0.08635400 0.23823100
v 0.02562600 -0.08626800 0.23879500
v 0.02861400 -0.08879200 0.23885400
v 0.02631800 -0.08604000 0.24029400
v 0.02940700 -0.08856500 0.24033400
v 0.02941500 -0.08833000 0.24071500
v 0.03191900 -0.09079800 0.24070500
v 0.00378900 -0.07870400 0.23475200
v 0.00000200 -0.07860000 0.23593400
v 0.00379200 -0.07869000 0.23537400
v 0.00379900 -0.07867500 0.23599600
v 0.00568100 -0.07882000 0.23603100
v 0.00571300 -0.07879500 0.23665200
v 0.00759500 -0.07902900 0.23668900
v 0.00762700 -0.07901100 0.23699400
v 0.01136200 -0.07976100 0.23707000
v 0.01141500 -0.07973500 0.23736600
v 0.01507400 -0.08086300 0.23744100
v 0.01521800 -0.08079800 0.23802600
v 0.01701900 -0.08149900 0.23806000
v 0.01718300 -0.08142700 0.23864200
v 0.01896500 -0.08221700 0.23867200
v 0.01762000 -0.08123700 0.24019200
v 0.01945300 -0.08201500 0.24021200
v 0.01992600 -0.08207900 0.24075000
v 0.02295900 -0.08364900 0.24074000
v 0.00000400 -0.07860000 0.23839600
v 0.00385600 -0.07864700 0.23722400
v 0.00383800 -0.07865400 0.23692000
v 0.00382200 -0.07866100 0.23661400
v 0.00573800 -0.07878300 0.23695700
v 0.00000500 -0.07860000 0.24080000
v 0.00402300 -0.07858000 0.24006100
v 0.00392800 -0.07861900 0.23844000
v 0.00389200 -0.07863300 0.23783200
v 0.00587000 -0.07872000 0.23846700
v 0.00581700 -0.07874500 0.23786300
v 0.00780400 -0.07892300 0.23849500
v 0.00773300 -0.07895800 0.23789400
v 0.01162900 -0.07963000 0.23855200
v 0.01152200 -0.07968200 0.23795900
v 0.01536300 -0.08073200 0.23861100
v 0.00406600 -0.07857100 0.24079500
v 0.00601100 -0.07865300 0.24007800
v 0.00795000 -0.07877600 0.24078600
v 0.00799200 -0.07883000 0.24009600
v 0.00948100 -0.07897000 0.24078200
v 0.01191500 -0.07949000 0.24013200
v 0.01230200 -0.07949400 0.24077500
v 0.01574000 -0.08043800 0.24076400
v 0.01574900 -0.08055600 0.24017100
v 0.01725300 -0.08096600 0.24075900
v 0.02298800 -0.08385000 0.24025300
v 0.02637100 -0.08586600 0.24072700
v 0.03221800 -0.09140000 0.24037200
v 0.03385500 -0.09305900 0.24069700
v 0.03472500 -0.09451200 0.24040800
v 0.03497300 -0.09454400 0.24069200
v 0.03696700 -0.09763500 0.24068400
v 0.03690000 -0.09786900 0.24044200
v 0.03875200 -0.10111700 0.24067600
v 0.03871800 -0.10143600 0.24047300
v 0.03940100 -0.10264700 0.24067300
v 0.04012500 -0.10508700 0.24050100
v 0.04031000 -0.10518300 0.24066900
v 0.04125700 -0.10872100 0.24066300
v 0.04115300 -0.10886700 0.24052600
v 0.04153700 -0.11014800 0.24066200
v 0.04179100 -0.11273400 0.24054900
v 0.04193000 -0.11301900 0.24066100
v 0.04211500 -0.11665000 0.24065800
v 0.04145000 -0.11665000 0.24002100
v 0.04044300 -0.11277500 0.23920700
v 0.03986300 -0.10894700 0.23916400
v 0.03890000 -0.10520500 0.23912000
v 0.03756700 -0.10158700 0.23907300
v 0.03583100 -0.09804800 0.23902200
v 0.03374300 -0.09471500 0.23896800
v 0.03132900 -0.09161800 0.23891300
v 0.04111600 -0.11665000 0.23970500
v 0.04094900 -0.11665000 0.23954700
v 0.04086500 -0.11665000 0.23946800
v 0.04080500 -0.11665000 0.23941100
v 0.04063200 -0.11665000 0.23924600
v 0.03993600 -0.11279100 0.23870100
v 0.04003300 -0.11665000 0.23867800
v 0.03975600 -0.11665000 0.23841500
v 0.03943300 -0.11280600 0.23819800
v 0.03958400 -0.11665000 0.23825300
v 0.03917500 -0.11281400 0.23794200
v 0.03931700 -0.11665000 0.23800000
v 0.03890000 -0.11282700 0.23761400
v 0.03903100 -0.11665000 0.23767200
v 0.03853000 -0.11285100 0.23682900
v 0.03865000 -0.11665000 0.23687700
v 0.03855800 -0.11665000 0.23604600
v 0.03855500 -0.11665000 0.23388100
v 0.03841600 -0.11289200 0.23529500
v 0.03842800 -0.11287300 0.23601100
v 0.03792600 -0.10912900 0.23597600
v 0.03803300 -0.10909200 0.23677900
v 0.03705900 -0.10546400 0.23594000
v 0.03716800 -0.10541200 0.23672900
v 0.03583700 -0.10191400 0.23590300
v 0.03594400 -0.10184800 0.23667700
v 0.03422800 -0.09843100 0.23586400
v 0.03433000 -0.09835400 0.23662200
v 0.03227900 -0.09513800 0.23582500
v 0.03237400 -0.09505300 0.23656600
v 0.03001100 -0.09206800 0.23578300
v 0.03009700 -0.09197700 0.23650900
v 0.02744800 -0.08925200 0.23574000
v 0.02752400 -0.08915900 0.23645000
v 0.02461400 -0.08672200 0.23569600
v 0.02467900 -0.08663000 0.23639000
v 0.02154100 -0.08450100 0.23564800
v 0.02159400 -0.08441400 0.23632800
v 0.01826200 -0.08260900 0.23559900
v 0.01830500 -0.08253000 0.23626500
v 0.01655700 -0.08179300 0.23557300
v 0.01659300 -0.08171900 0.23623200
v 0.01481200 -0.08106700 0.23554700
v 0.03855300 -0.11665000 0.23329400
v 0.03838400 -0.11293000 0.23386600
v 0.03839500 -0.11291700 0.23434300
v 0.03786900 -0.10920800 0.23432200
v 0.03790300 -0.10916300 0.23526600
v 0.03698600 -0.10557500 0.23430200
v 0.03702900 -0.10551200 0.23523700
v 0.03575300 -0.10205300 0.23428000
v 0.03580300 -0.10197300 0.23520700
v 0.03414000 -0.09859500 0.23425700
v 0.03419200 -0.09850100 0.23517500
v 0.03219100 -0.09532200 0.23423300
v 0.03224200 -0.09521700 0.23514200
v 0.02992800 -0.09226500 0.23420700
v 0.02997600 -0.09215300 0.23510700
v 0.02737300 -0.08945600 0.23418000
v 0.02741700 -0.08934000 0.23507100
v 0.02455000 -0.08692600 0.23415000
v 0.02458700 -0.08681000 0.23503300
v 0.02148900 -0.08469600 0.23411900
v 0.02151900 -0.08458400 0.23499300
v 0.01822300 -0.08278800 0.23408500
v 0.01824600 -0.08268600 0.23495000
v 0.01652300 -0.08196100 0.23406700
v 0.01654300 -0.08186500 0.23492800
v 0.01478400 -0.08122200 0.23404800
v 0.01480000 -0.08113400 0.23490500
v 0.01120700 -0.08001700 0.23400900
v 0.01121700 -0.07994700 0.23485700
v 0.00752800 -0.07918100 0.23396700
v 0.03836400 -0.11295600 0.23291200
v 0.03855100 -0.11665000 0.23256700
v 0.03828700 -0.11266700 0.23113700
v 0.03854700 -0.11665000 0.23110600
v 0.03781700 -0.10927600 0.23290500
v 0.03761800 -0.10873100 0.23114000
v 0.03692000 -0.10567000 0.23289700
v 0.03654700 -0.10488500 0.23113100
v 0.03567900 -0.10217300 0.23288900
v 0.03547200 -0.10205400 0.23112800
v 0.03406200 -0.09873600 0.23287900
v 0.03368100 -0.09839900 0.23112900
v 0.03211300 -0.09547900 0.23286800
v 0.03151600 -0.09495300 0.23113000
v 0.02985400 -0.09243400 0.23285600
v 0.02900100 -0.09175300 0.23113000
v 0.02730700 -0.08963100 0.23284200
v 0.02708300 -0.08971600 0.23113200
v 0.02449300 -0.08710000 0.23282600
v 0.02407100 -0.08704000 0.23113300
v 0.02144200 -0.08486300 0.23280700
v 0.02079700 -0.08469300 0.23113100
v 0.01818700 -0.08294100 0.23278700
v 0.01729600 -0.08269900 0.23112700
v 0.01649300 -0.08210500 0.23277600
v 0.01463500 -0.08148600 0.23112400
v 0.01476000 -0.08135500 0.23276400
v 0.01084500 -0.08015800 0.23112300
v 0.01119100 -0.08012200 0.23273800
v 0.00750800 -0.07934000 0.23112400
v 0.00751900 -0.07925200 0.23270900
v 0.00565500 -0.07895400 0.23269400
v 0.00752500 -0.07920500 0.23354800
v 0.00566000 -0.07892100 0.23352800
v 0.01120200 -0.08005200 0.23358500
v 0.01477600 -0.08126700 0.23362000
v 0.01651300 -0.08200900 0.23363600
v 0.01821100 -0.08283900 0.23365200
v 0.02147300 -0.08475200 0.23368200
v 0.02453100 -0.08698400 0.23370900
v 0.02735100 -0.08951400 0.23373400
v 0.02990300 -0.09232100 0.23375700
v 0.03216500 -0.09537400 0.23377800
v 0.03411400 -0.09864200 0.23379800
v 0.03572900 -0.10209300 0.23381600
v 0.03696300 -0.10560700 0.23383300
v 0.03785100 -0.10923100 0.23385000
v 0.01131300 -0.07978700 0.23676500
v 0.00755200 -0.07906400 0.23606600
v 0.01500100 -0.08089600 0.23714800
v 0.01685500 -0.08157000 0.23747900
v 0.01878200 -0.08229400 0.23809400
v 0.02239800 -0.08407000 0.23873300
v 0.01842200 -0.08244800 0.23691800
v 0.02173900 -0.08432300 0.23699400
v 0.02184300 -0.08427600 0.23730600
v 0.02485200 -0.08653300 0.23707000
v 0.02497600 -0.08648300 0.23738600
v 0.02510700 -0.08643900 0.23766900
v 0.02772600 -0.08905900 0.23714500
v 0.02787000 -0.08900600 0.23746400
v 0.02802000 -0.08896300 0.23774400
v 0.02831700 -0.08887800 0.23829800
v 0.03032800 -0.09187700 0.23721800
v 0.03049400 -0.09182400 0.23754000
v 0.03066200 -0.09178200 0.23781700
v 0.03099500 -0.09170100 0.23836400
v 0.03263400 -0.09495700 0.23729000
v 0.03282000 -0.09490600 0.23761400
v 0.03300700 -0.09486600 0.23788700
v 0.03337400 -0.09479100 0.23842700
v 0.03461800 -0.09826500 0.23735900
v 0.03482500 -0.09821800 0.23768500
v 0.03502900 -0.09818300 0.23795500
v 0.03542900 -0.09811600 0.23848700
v 0.03625700 -0.10177100 0.23742700
v 0.03648400 -0.10173000 0.23775400
v 0.03670400 -0.10170000 0.23802100
v 0.03713400 -0.10164400 0.23854500
v 0.03750400 -0.10535000 0.23749100
v 0.03774800 -0.10531600 0.23781900
v 0.03798200 -0.10529300 0.23808200
v 0.03844000 -0.10524900 0.23860000
v 0.03838800 -0.10904700 0.23755300
v 0.03864800 -0.10902400 0.23788100
v 0.03889500 -0.10900800 0.23814100
v 0.03937700 -0.10897800 0.23865100
v 0.00567000 -0.07884600 0.23540500
v 0.00766300 -0.07899300 0.23729400
v 0.00576400 -0.07877000 0.23725900
v -0.03854700 -0.11765000 0.24080000
v -0.03854700 -0.11765000 0.23080000
v -0.03828700 -0.12164400 0.24080000
v -0.03827100 -0.12178000 0.23080000
v -0.03761500 -0.12558900 0.24080000
v -0.03755400 -0.12585700 0.23080000
v -0.03653700 -0.12944300 0.24080000
v -0.03640300 -0.12983400 0.23080000
v -0.03506600 -0.13316500 0.24080000
v -0.03483300 -0.13366500 0.23080000
v -0.03321700 -0.13671400 0.24080000
v -0.03286200 -0.13730500 0.23080000
v -0.03100900 -0.14005300 0.24080000
v -0.03051100 -0.14071200 0.23080000
v -0.02846800 -0.14314400 0.24080000
v -0.02780900 -0.14384800 0.23080000
v -0.02561900 -0.14595500 0.24080000
v -0.02478500 -0.14667600 0.23080000
v -0.02249500 -0.14845600 0.24080000
v -0.02147600 -0.14916300 0.23080000
v -0.01912800 -0.15062000 0.24080000
v -0.01792000 -0.15128200 0.23080000
v -0.01555500 -0.15242300 0.24080000
v -0.01415700 -0.15300600 0.23080000
v -0.01181400 -0.15384500 0.24080000
v -0.01023000 -0.15431800 0.23080000
v -0.00794600 -0.15487200 0.24080000
v -0.00618600 -0.15520000 0.23080000
v -0.00399200 -0.15549300 0.24080000
v -0.00207000 -0.15564400 0.23080000
v 0.00000500 -0.15570000 0.24080000
v 0.00000000 -0.15570000 0.23110000
v 0.00000100 -0.15570000 0.23347600
v 0.00207000 -0.15564400 0.23080000
v 0.00187500 -0.15565400 0.23111500
v 0.00279400 -0.15559800 0.23112200
v 0.00362300 -0.15552900 0.23112900
v 0.00618600 -0.15520000 0.23080000
v 0.00558100 -0.15529300 0.23114400
v 0.00766100 -0.15493000 0.23114400
v 0.00871500 -0.15470100 0.23114000
v 0.01023000 -0.15431800 0.23080000
v 0.00896400 -0.15464200 0.23113800
v 0.00908000 -0.15461400 0.23113800
v 0.00936300 -0.15454500 0.23113800
v 0.01100700 -0.15409500 0.23113600
v 0.01209100 -0.15375500 0.23113100
v 0.01415700 -0.15300600 0.23080000
v 0.01283700 -0.15350000 0.23113200
v 0.01367000 -0.15319600 0.23113200
v 0.01471100 -0.15278300 0.23113000
v 0.01647100 -0.15200400 0.23113100
v 0.01792000 -0.15128200 0.23080000
v 0.01726800 -0.15161600 0.23113400
v 0.01782800 -0.15133000 0.23113700
v 0.01827900 -0.15109000 0.23113800
v 0.01906400 -0.15065600 0.23114000
v 0.02004800 -0.15007600 0.23114200
v 0.02147600 -0.14916300 0.23080000
v 0.02125800 -0.14930800 0.23114300
v 0.02236300 -0.14854900 0.23114300
v 0.02325000 -0.14789900 0.23114300
v 0.02478500 -0.14667600 0.23080000
v 0.02392400 -0.14737800 0.23114100
v 0.02433200 -0.14705100 0.23114000
v 0.02600000 -0.14561300 0.23113200
v 0.02780900 -0.14384800 0.23080000
v 0.02674100 -0.14491800 0.23112900
v 0.02714700 -0.14452000 0.23112800
v 0.02753600 -0.14412900 0.23112900
v 0.02805200 -0.14359200 0.23113000
v 0.02873900 -0.14284400 0.23113300
v 0.02951100 -0.14195300 0.23113700
v 0.03051100 -0.14071200 0.23080000
v 0.02989000 -0.14149500 0.23113900
v 0.03009800 -0.14123700 0.23114000
v 0.03058200 -0.14062000 0.23114100
v 0.03129100 -0.13966500 0.23114200
v 0.03179300 -0.13894900 0.23114200
v 0.03286200 -0.13730500 0.23080000
v 0.03214200 -0.13843200 0.23114100
v 0.03255400 -0.13779600 0.23114100
v 0.03323000 -0.13669000 0.23113900
v 0.03369700 -0.13587300 0.23113700
v 0.03406700 -0.13519300 0.23113600
v 0.03483300 -0.13366500 0.23080000
v 0.03427000 -0.13480300 0.23113400
v 0.03465500 -0.13403700 0.23112900
v 0.03542800 -0.13234800 0.23112600
v 0.03581100 -0.13142400 0.23112800
v 0.03640300 -0.12983400 0.23080000
v 0.03621000 -0.13037800 0.23113200
v 0.03655500 -0.12939200 0.23113500
v 0.03678200 -0.12869100 0.23113600
v 0.03696200 -0.12810000 0.23113600
v 0.03755400 -0.12585700 0.23080000
v 0.03724200 -0.12710600 0.23113800
v 0.03738100 -0.12656800 0.23114000
v 0.03745300 -0.12627700 0.23114100
v 0.03749000 -0.12612300 0.23114200
v 0.03758200 -0.12573000 0.23114400
v 0.03767000 -0.12533400 0.23114700
v 0.03804400 -0.12337100 0.23115200
v 0.03827100 -0.12178000 0.23080000
v 0.03831500 -0.12139600 0.23114400
v 0.03854700 -0.11765000 0.23080000
v 0.03854700 -0.11765000 0.23110700
v 0.00000200 -0.15570000 0.23593700
v 0.00000400 -0.15570000 0.23839800
v -0.03835000 -0.11765000 0.23060000
v -0.03844900 -0.11765000 0.23062800
v -0.03835000 -0.11765000 0.24100000
v -0.03844900 -0.11765000 0.24097200
v -0.03852100 -0.11765000 0.23070100
v -0.03852100 -0.11765000 0.24089900
v -0.03854700 -0.11765000 0.24080000
v -0.03854700 -0.11765000 0.23080000
v -0.03854700 -0.11665000 0.24080000
v -0.03854700 -0.11665000 0.23080000
v -0.03852100 -0.11665000 0.24089900
v -0.03852100 -0.11665000 0.23070100
v -0.03844900 -0.11665000 0.23062800
v -0.03844900 -0.11665000 0.24097200
v -0.03835000 -0.11665000 0.23060000
v -0.03835000 -0.11665000 0.24100000
v -0.03835000 -0.11665000 0.24100000
v -0.03835000 -0.11665000 0.23060000
v -0.03835000 -0.11715000 0.24100000
v -0.03835000 -0.11715000 0.23060000
v -0.03835000 -0.11765000 0.23060000
v -0.03835000 -0.11765000 0.24100000
v 0.04215600 -0.11737800 0.24088100
v 0.04215600 -0.11737800 0.24088100
v 0.04215600 -0.11737800 0.24088100
v 0.04215400 -0.11765000 0.24087800
v 0.04215400 -0.11765000 0.24087800
v 0.04166100 -0.11715000 0.24041400
v 0.04166100 -0.11715000 0.24041400
v 0.04166100 -0.11715000 0.24041400
v 0.04166100 -0.11715000 0.24041400
v 0.04166100 -0.11715000 0.24041400
v 0.04166100 -0.11715000 0.24041400
v 0.04166100 -0.11715000 0.24041400
v 0.04160400 -0.11765000 0.24036100
v 0.04160400 -0.11765000 0.24036100
v 0.04141600 -0.11765000 0.24018300
v 0.04113300 -0.11765000 0.23991700
v 0.04113300 -0.11765000 0.23991700
v 0.04113300 -0.11765000 0.23991700
v 0.03985300 -0.11715000 0.23871300
v 0.03985300 -0.11715000 0.23871300
v 0.03985300 -0.11715000 0.23871300
v 0.03985300 -0.11715000 0.23871300
v 0.04010100 -0.11665000 0.23894600
v 0.04010100 -0.11665000 0.23894600
v 0.04010100 -0.11665000 0.23894600
v 0.04010100 -0.11665000 0.23894600
v 0.03950400 -0.11715000 0.23838500
v 0.03903300 -0.11665000 0.23791100
v 0.03903700 -0.11715000 0.23791600
v 0.03867200 -0.11715000 0.23735800
v 0.03905500 -0.11765000 0.23793600
v 0.03863900 -0.11765000 0.23728700
v 0.04013100 -0.11765000 0.23897400
v 0.04013100 -0.11765000 0.23897400
v 0.04013100 -0.11765000 0.23897400
v 0.03846000 -0.11715000 0.23672600
v 0.03843400 -0.11765000 0.23656200
v 0.03840100 -0.11715000 0.23607300
v 0.03841100 -0.11765000 0.23357400
v 0.03841100 -0.11715000 0.23349100
v 0.03841100 -0.11715000 0.23349100
v 0.03841000 -0.11765000 0.23294000
v 0.03841100 -0.11765000 0.23208900
v 0.03841200 -0.11765000 0.23061100
v 0.03841200 -0.11665000 0.23061100
v 0.03841100 -0.11665000 0.23355200
v 0.03841100 -0.11665000 0.23355200
v 0.03842900 -0.11665000 0.23652200
v 0.03862500 -0.11665000 0.23725600
v 0.04215700 -0.11665000 0.24088200
v 0.04215700 -0.11665000 0.24088200
v 0.04215800 -0.11680300 0.24088200
v 0.04215800 -0.11695200 0.24088200
v 0.03854700 -0.11765000 0.23080000
v 0.03848200 -0.11765000 0.23065300
v 0.03854700 -0.11765000 0.23110700
v 0.03841200 -0.11765000 0.23061100
v 0.03841100 -0.11765000 0.23208900
v 0.03853000 -0.11765000 0.23072000
v 0.03855500 -0.11765000 0.23388700
v 0.03841000 -0.11765000 0.23294000
v 0.03841100 -0.11765000 0.23357400
v 0.03841100 -0.11765000 0.23357400
v 0.03843400 -0.11765000 0.23656200
v 0.03855900 -0.11765000 0.23532800
v 0.03855800 -0.11765000 0.23474500
v 0.03855800 -0.11765000 0.23474500
v 0.03855700 -0.11765000 0.23446800
v 0.03855700 -0.11765000 0.23446800
v 0.03863900 -0.11765000 0.23728700
v 0.03865200 -0.11765000 0.23688100
v 0.03855900 -0.11765000 0.23605000
v 0.03878900 -0.11765000 0.23726000
v 0.03878900 -0.11765000 0.23726000
v 0.03905500 -0.11765000 0.23793600
v 0.03905500 -0.11765000 0.23793600
v 0.03905500 -0.11765000 0.23793600
v 0.03905500 -0.11765000 0.23793600
v 0.03903400 -0.11765000 0.23767400
v 0.03903400 -0.11765000 0.23767400
v 0.03932300 -0.11765000 0.23799800
v 0.03932300 -0.11765000 0.23799800
v 0.03958600 -0.11765000 0.23825400
v 0.03958600 -0.11765000 0.23825400
v 0.04013100 -0.11765000 0.23897400
v 0.04113300 -0.11765000 0.23991700
v 0.04113300 -0.11765000 0.23991700
v 0.04211800 -0.11765000 0.24065500
v 0.04211800 -0.11765000 0.24065500
v 0.04211800 -0.11765000 0.24065500
v 0.04141600 -0.11765000 0.24018300
v 0.04141600 -0.11765000 0.24018300
v 0.04160400 -0.11765000 0.24036100
v 0.04160400 -0.11765000 0.24036100
v 0.04215400 -0.11765000 0.24087800
v 0.04215400 -0.11765000 0.24087800
v 0.04217700 -0.11765000 0.24076200
v 0.04217700 -0.11765000 0.24076200
v 0.04216200 -0.11765000 0.24088200
v 0.04216200 -0.11765000 0.24088200
v 0.04216200 -0.11765000 0.24088200
v 0.04211000 -0.11765000 0.24094200
v 0.04211000 -0.11765000 0.24094200
v 0.04208900 -0.11765000 0.24096800
v 0.04208900 -0.11765000 0.24096800
v 0.04208900 -0.11765000 0.24096800
v 0.04204600 -0.11765000 0.24098500
v 0.04204600 -0.11765000 0.24098500
v 0.04204800 -0.11765000 0.24098800
v 0.04204800 -0.11765000 0.24098800
v 0.04198000 -0.11765000 0.24100000
v 0.04197100 -0.11765000 0.24100000
v 0.03855600 -0.11765000 0.23427400
v 0.04010100 -0.11665000 0.23894600
v 0.04010100 -0.11665000 0.23894600
v 0.04010100 -0.11665000 0.23894600
v 0.04010100 -0.11665000 0.23894600
v 0.04111600 -0.11665000 0.23970500
v 0.04111600 -0.11665000 0.23970500
v 0.04215700 -0.11665000 0.24088200
v 0.04215700 -0.11665000 0.24088200
v 0.04215700 -0.11665000 0.24088200
v 0.04215700 -0.11665000 0.24088200
v 0.04145000 -0.11665000 0.24002100
v 0.04145000 -0.11665000 0.24002100
v 0.04211500 -0.11665000 0.24065800
v 0.04211500 -0.11665000 0.24065800
v 0.03903300 -0.11665000 0.23791100
v 0.03903300 -0.11665000 0.23791100
v 0.03903300 -0.11665000 0.23791100
v 0.03903300 -0.11665000 0.23791100
v 0.03958400 -0.11665000 0.23825300
v 0.03958400 -0.11665000 0.23825300
v 0.03958400 -0.11665000 0.23825300
v 0.03975600 -0.11665000 0.23841500
v 0.03975600 -0.11665000 0.23841500
v 0.04003300 -0.11665000 0.23867800
v 0.03862500 -0.11665000 0.23725600
v 0.03862500 -0.11665000 0.23725600
v 0.03903100 -0.11665000 0.23767200
v 0.03903100 -0.11665000 0.23767200
v 0.03903100 -0.11665000 0.23767200
v 0.03931700 -0.11665000 0.23800000
v 0.03931700 -0.11665000 0.23800000
v 0.03865000 -0.11665000 0.23687700
v 0.03842900 -0.11665000 0.23652200
v 0.03855800 -0.11665000 0.23604600
v 0.03841100 -0.11665000 0.23355200
v 0.03855500 -0.11665000 0.23388100
v 0.03855300 -0.11665000 0.23329400
v 0.03855100 -0.11665000 0.23256700
v 0.03841200 -0.11665000 0.23061100
v 0.03841200 -0.11665000 0.23061100
v 0.03854700 -0.11665000 0.23110600
v 0.03854700 -0.11665000 0.23110600
v 0.03848200 -0.11665000 0.23065300
v 0.03848200 -0.11665000 0.23065300
v 0.03854700 -0.11665000 0.23080000
v 0.03853000 -0.11665000 0.23072000
v 0.04063200 -0.11665000 0.23924600
v 0.04063200 -0.11665000 0.23924600
v 0.04080500 -0.11665000 0.23941100
v 0.04080500 -0.11665000 0.23941100
v 0.04086500 -0.11665000 0.23946800
v 0.04086500 -0.11665000 0.23946800
v 0.04094900 -0.11665000 0.23954700
v 0.04216000 -0.11665000 0.24072400
v 0.04216000 -0.11665000 0.24072400
v 0.04217500 -0.11665000 0.24080300
v 0.04216000 -0.11665000 0.24072400
v 0.04211500 -0.11665000 0.24065800
v 0.04204300 -0.11372700 0.24074800
v 0.04193000 -0.11301900 0.24066100
v 0.04153600 -0.10986400 0.24075300
v 0.04153700 -0.11014800 0.24066200
v 0.04125700 -0.10872100 0.24066300
v 0.04057300 -0.10587900 0.24075900
v 0.04031000 -0.10518300 0.24066900
v 0.03918400 -0.10200700 0.24076700
v 0.03940100 -0.10264700 0.24067300
v 0.03875200 -0.10111700 0.24067600
v 0.03739800 -0.09832300 0.24077500
v 0.03696700 -0.09763500 0.24068400
v 0.03523200 -0.09485600 0.24078400
v 0.03497300 -0.09454400 0.24069200
v 0.03385500 -0.09305900 0.24069700
v 0.03269000 -0.09161800 0.24079400
v 0.03191900 -0.09079800 0.24070500
v 0.02981300 -0.08866600 0.24080400
v 0.02941500 -0.08833000 0.24071500
v 0.02663300 -0.08604200 0.24081500
v 0.02637100 -0.08586600 0.24072700
v 0.02320500 -0.08378300 0.24082600
v 0.02295900 -0.08364900 0.24074000
v 0.01992600 -0.08207900 0.24075000
v 0.01725300 -0.08096600 0.24075900
v 0.01770500 -0.08113800 0.24084100
v 0.01958500 -0.08192100 0.24083600
v 0.02318600 -0.08381400 0.24091800
v 0.02661300 -0.08606900 0.24091200
v 0.02656700 -0.08613100 0.24097900
v 0.02973900 -0.08874600 0.24097800
v 0.02753700 -0.08698500 0.24100000
v 0.02971800 -0.08885000 0.24100000
v 0.01577800 -0.08045300 0.24084600
v 0.01574000 -0.08043800 0.24076400
v 0.01380700 -0.07987000 0.24085100
v 0.01230200 -0.07949400 0.24077500
v 0.01180500 -0.07939300 0.24085500
v 0.00948100 -0.07897000 0.24078200
v 0.00978500 -0.07902400 0.24086000
v 0.00775700 -0.07876600 0.24086400
v 0.00977800 -0.07906600 0.24093400
v 0.00775200 -0.07880900 0.24093600
v 0.00976700 -0.07913600 0.24098400
v 0.00774500 -0.07887900 0.24098500
v 0.00810000 -0.07899200 0.24100000
v 0.00504000 -0.07871500 0.24098500
v 0.00489400 -0.07878600 0.24100000
v 0.00232700 -0.07869700 0.24098600
v 0.00000300 -0.07880000 0.24100000
v 0.00000300 -0.07870000 0.24097300
v 0.00232600 -0.07862900 0.24094000
v 0.00000200 -0.07862600 0.24090000
v 0.00232600 -0.07858400 0.24087200
v 0.00000500 -0.07860000 0.24080000
v 0.00406600 -0.07857100 0.24079500
v 0.00504400 -0.07860200 0.24086800
v 0.00795000 -0.07877600 0.24078600
v 0.01133300 -0.07949100 0.24100000
v 0.01178200 -0.07950400 0.24098400
v 0.01179600 -0.07943400 0.24093200
v 0.01350500 -0.07999000 0.24100000
v 0.01377700 -0.07997900 0.24098300
v 0.01379600 -0.07991000 0.24093000
v 0.01597900 -0.08072400 0.24100000
v 0.01574200 -0.08056100 0.24098300
v 0.01576500 -0.08049200 0.24092800
v 0.01766400 -0.08124400 0.24098200
v 0.01749900 -0.08126800 0.24100000
v 0.01953900 -0.08202400 0.24098200
v 0.02035400 -0.08249400 0.24100000
v 0.02314800 -0.08388000 0.24098100
v 0.02324700 -0.08403700 0.24100000
v 0.02524900 -0.08530600 0.24100000
v 0.03261000 -0.09168800 0.24097700
v 0.03271300 -0.09194900 0.24100000
v 0.03514700 -0.09491600 0.24097600
v 0.03503700 -0.09492500 0.24100000
v 0.03622400 -0.09671600 0.24100000
v 0.03730900 -0.09837200 0.24097500
v 0.03767900 -0.09926600 0.24100000
v 0.03909300 -0.10204500 0.24097400
v 0.03893700 -0.10193000 0.24100000
v 0.03980800 -0.10416500 0.24100000
v 0.04048100 -0.10590700 0.24097300
v 0.04041200 -0.10602100 0.24100000
v 0.04134700 -0.10989900 0.24100000
v 0.04144500 -0.10988100 0.24097300
v 0.04185300 -0.11369900 0.24100000
v 0.04195200 -0.11373400 0.24097200
v 0.04204600 -0.11765000 0.24098500
v 0.04211000 -0.11765000 0.24094200
v 0.04197100 -0.11765000 0.24100000
v 0.04215400 -0.11765000 0.24087800
v 0.04215600 -0.11737800 0.24088100
v 0.04215800 -0.11695200 0.24088200
v 0.04215800 -0.11680300 0.24088200
v 0.04215700 -0.11665000 0.24088200
v 0.04203500 -0.11372700 0.24087500
v 0.04217500 -0.11665000 0.24080300
v 0.00504100 -0.07864600 0.24093900
v 0.01769100 -0.08117500 0.24092500
v 0.01957000 -0.08195600 0.24092300
v 0.02979200 -0.08868900 0.24090600
v 0.03267000 -0.09163500 0.24090100
v 0.03521300 -0.09487000 0.24089500
v 0.03738100 -0.09833200 0.24089000
v 0.03916900 -0.10201300 0.24088600
v 0.04056100 -0.10588300 0.24088200
v 0.04152600 -0.10986600 0.24087800
v -0.03835000 -0.11715000 0.24100000
v -0.03835000 -0.11715000 0.24100000
v -0.03834700 -0.11665000 0.24100000
v -0.03835000 -0.11665000 0.24100000
v -0.03811700 -0.11292500 0.24100000
v -0.03823900 -0.11313000 0.24097300
v -0.03761000 -0.10915500 0.24097300
v -0.03768100 -0.10914000 0.24090000
v -0.03663700 -0.10524500 0.24090000
v -0.03761500 -0.10871100 0.24080000
v -0.03653700 -0.10485700 0.24080000
v -0.03519200 -0.10148000 0.24090000
v -0.03506600 -0.10113500 0.24080000
v -0.03336100 -0.09788700 0.24090000
v -0.03321700 -0.09758600 0.24080000
v -0.03116500 -0.09450500 0.24090000
v -0.03100900 -0.09424800 0.24080000
v -0.02862700 -0.09137100 0.24090000
v -0.02846800 -0.09115600 0.24080000
v -0.02577500 -0.08852000 0.24090000
v -0.02562000 -0.08834500 0.24080000
v -0.02264100 -0.08598200 0.24090000
v -0.02249500 -0.08584400 0.24080000
v -0.01925900 -0.08378600 0.24090000
v -0.01912800 -0.08368000 0.24080000
v -0.01566600 -0.08195600 0.24090000
v -0.01555500 -0.08187800 0.24080000
v -0.01190100 -0.08051100 0.24090000
v -0.01181400 -0.08045500 0.24080000
v -0.00800500 -0.07946800 0.24090000
v -0.00794600 -0.07942800 0.24080000
v -0.00400100 -0.07883500 0.24090000
v -0.00399300 -0.07880700 0.24080000
v 0.00000200 -0.07862600 0.24090000
v 0.00000500 -0.07860000 0.24080000
v -0.03752500 -0.10923900 0.24100000
v -0.03657800 -0.10562900 0.24100000
v -0.03656800 -0.10526700 0.24097300
v -0.03528500 -0.10212800 0.24100000
v -0.03512500 -0.10151000 0.24097300
v -0.03365800 -0.09876900 0.24100000
v -0.03329800 -0.09792400 0.24097300
v -0.03171100 -0.09558400 0.24100000
v -0.03110600 -0.09454800 0.24097300
v -0.02946500 -0.09260300 0.24100000
v -0.02857200 -0.09142000 0.24097300
v -0.02693900 -0.08985500 0.24100000
v -0.02572600 -0.08857400 0.24097300
v -0.02415800 -0.08736600 0.24100000
v -0.02259800 -0.08604200 0.24097300
v -0.02114800 -0.08515800 0.24100000
v -0.01922200 -0.08385000 0.24097300
v -0.01793800 -0.08325400 0.24100000
v -0.01563600 -0.08202300 0.24097300
v -0.01455800 -0.08167100 0.24100000
v -0.01187800 -0.08058100 0.24097300
v -0.01104000 -0.08042300 0.24100000
v -0.00799000 -0.07953900 0.24097300
v -0.00741700 -0.07952400 0.24100000
v -0.00400400 -0.07890900 0.24097300
v -0.00372500 -0.07898100 0.24100000
v 0.00000300 -0.07870000 0.24097300
v 0.00000300 -0.07880000 0.24100000
v -0.03828700 -0.11265600 0.24080000
v -0.03831200 -0.11312300 0.24090000
v -0.03844900 -0.11665000 0.24097200
v -0.03854700 -0.11665000 0.24080000
v -0.03852100 -0.11665000 0.24089900
v -0.03844900 -0.11765000 0.24097200
v -0.03823900 -0.12116900 0.24097300
v -0.03835000 -0.11765000 0.24100000
v -0.03811700 -0.12137500 0.24100000
v -0.03834700 -0.11765000 0.24100000
v -0.03831200 -0.12117700 0.24090000
v -0.03852100 -0.11765000 0.24089900
v -0.03854700 -0.11765000 0.24080000
v -0.03828700 -0.12164400 0.24080000
v -0.03768100 -0.12516000 0.24090000
v -0.03761000 -0.12514500 0.24097300
v -0.03656800 -0.12903300 0.24097300
v -0.03657800 -0.12867200 0.24100000
v -0.03528500 -0.13217300 0.24100000
v -0.03512500 -0.13279100 0.24097300
v -0.03365700 -0.13553200 0.24100000
v -0.03329800 -0.13637700 0.24097300
v -0.03171100 -0.13871700 0.24100000
v -0.03110500 -0.13975200 0.24097300
v -0.02946400 -0.14169800 0.24100000
v -0.02857200 -0.14288000 0.24097300
v -0.02693800 -0.14444600 0.24100000
v -0.02572500 -0.14572600 0.24097300
v -0.02415700 -0.14693600 0.24100000
v -0.02259700 -0.14825900 0.24097300
v -0.02114600 -0.14914300 0.24100000
v -0.01922100 -0.15045100 0.24097300
v -0.01793600 -0.15104700 0.24100000
v -0.01563400 -0.15227800 0.24097300
v -0.01455600 -0.15263000 0.24100000
v -0.01187700 -0.15372000 0.24097300
v -0.01103700 -0.15387700 0.24100000
v -0.00798800 -0.15476100 0.24097300
v -0.00741500 -0.15477600 0.24100000
v -0.00400200 -0.15539100 0.24097300
v -0.00372200 -0.15531900 0.24100000
v 0.00000600 -0.15560000 0.24097300
v 0.00000700 -0.15550000 0.24100000
v -0.03761500 -0.12558900 0.24080000
v -0.03663700 -0.12905600 0.24090000
v -0.03653700 -0.12944300 0.24080000
v -0.03519200 -0.13282000 0.24090000
v -0.03506600 -0.13316500 0.24080000
v -0.03336100 -0.13641300 0.24090000
v -0.03321700 -0.13671400 0.24080000
v -0.03116400 -0.13979600 0.24090000
v -0.03100900 -0.14005300 0.24080000
v -0.02862600 -0.14292900 0.24090000
v -0.02846800 -0.14314400 0.24080000
v -0.02577400 -0.14578100 0.24090000
v -0.02561900 -0.14595500 0.24080000
v -0.02264000 -0.14831800 0.24090000
v -0.02249500 -0.14845600 0.24080000
v -0.01925800 -0.15051400 0.24090000
v -0.01912800 -0.15062000 0.24080000
v -0.01566400 -0.15234500 0.24090000
v -0.01555500 -0.15242300 0.24080000
v -0.01189900 -0.15378900 0.24090000
v -0.01181400 -0.15384500 0.24080000
v -0.00800400 -0.15483300 0.24090000
v -0.00794600 -0.15487200 0.24080000
v -0.00400000 -0.15546500 0.24090000
v -0.00399200 -0.15549300 0.24080000
v 0.00000500 -0.15567300 0.24090000
v 0.00000500 -0.15570000 0.24080000
v -0.03752500 -0.12506100 0.24100000
v 0.04211800 -0.11765000 0.24065500
v 0.04217700 -0.11765000 0.24076200
v 0.04196600 -0.12090500 0.24065900
v 0.04195500 -0.12154300 0.24074900
v 0.04177000 -0.12263400 0.24066200
v 0.04133500 -0.12541600 0.24075400
v 0.04116500 -0.12596700 0.24066600
v 0.04032500 -0.12921100 0.24076000
v 0.04028100 -0.12919800 0.24067000
v 0.03971500 -0.13083500 0.24067200
v 0.03893500 -0.13287300 0.24076700
v 0.03877600 -0.13313000 0.24067600
v 0.03712200 -0.13646600 0.24077500
v 0.03690800 -0.13676500 0.24068500
v 0.03493800 -0.13985800 0.24078400
v 0.03478600 -0.14001600 0.24069300
v 0.03299900 -0.14228600 0.24070000
v 0.03242600 -0.14298300 0.24079400
v 0.03204500 -0.14336700 0.24070400
v 0.02960000 -0.14582800 0.24080500
v 0.02948900 -0.14590300 0.24071500
v 0.02730100 -0.14773500 0.24072400
v 0.02647200 -0.14837700 0.24081500
v 0.02615100 -0.14859300 0.24072800
v 0.02310300 -0.15057600 0.24082600
v 0.02306200 -0.15059100 0.24073900
v 0.02002300 -0.15217500 0.24075000
v 0.01953000 -0.15240300 0.24083600
v 0.01846400 -0.15285800 0.24075500
v 0.01576700 -0.15385100 0.24084600
v 0.01581000 -0.15383900 0.24076400
v 0.01197100 -0.15488000 0.24077500
v 0.01189600 -0.15489000 0.24085500
v 0.00800700 -0.15551800 0.24078600
v 0.00797100 -0.15551200 0.24086300
v 0.00598900 -0.15567000 0.24086600
v 0.00598700 -0.15562700 0.24093700
v 0.00399500 -0.15568100 0.24093900
v 0.00399500 -0.15561200 0.24098500
v 0.00000600 -0.15560000 0.24097300
v 0.00000700 -0.15550000 0.24100000
v 0.00399500 -0.15553700 0.24100000
v 0.00598400 -0.15555800 0.24098500
v 0.00789500 -0.15532900 0.24100000
v 0.00795900 -0.15540000 0.24098500
v 0.01187200 -0.15477900 0.24098400
v 0.01188700 -0.15484900 0.24093100
v 0.01575500 -0.15381200 0.24092700
v 0.04194700 -0.12154300 0.24087500
v 0.04216200 -0.11765000 0.24088200
v 0.04186400 -0.12153300 0.24097200
v 0.04208900 -0.11765000 0.24096800
v 0.04204800 -0.11765000 0.24098800
v 0.04198000 -0.11765000 0.24100000
v 0.04185100 -0.12059000 0.24100000
v 0.04166500 -0.12233000 0.24100000
v 0.04124400 -0.12539700 0.24097200
v 0.04132600 -0.12541600 0.24087800
v 0.04103600 -0.12586300 0.24100000
v 0.04023300 -0.12918200 0.24097300
v 0.04031200 -0.12920800 0.24088100
v 0.04005900 -0.12939100 0.24100000
v 0.03884500 -0.13283300 0.24097400
v 0.03892000 -0.13286600 0.24088500
v 0.03861500 -0.13310600 0.24100000
v 0.03731800 -0.13570800 0.24100000
v 0.03703400 -0.13641500 0.24097500
v 0.03610800 -0.13776800 0.24100000
v 0.03485400 -0.13979700 0.24097600
v 0.03460800 -0.13997300 0.24100000
v 0.03234700 -0.14291200 0.24097700
v 0.03194900 -0.14321200 0.24100000
v 0.02952700 -0.14574800 0.24097800
v 0.02929500 -0.14583400 0.24100000
v 0.02683300 -0.14786000 0.24100000
v 0.02640600 -0.14828800 0.24097900
v 0.02495300 -0.14919300 0.24100000
v 0.02304700 -0.15047900 0.24098000
v 0.02300400 -0.15040500 0.24100000
v 0.02019900 -0.15187900 0.24100000
v 0.01948400 -0.15230000 0.24098200
v 0.01798400 -0.15284200 0.24100000
v 0.01573200 -0.15374300 0.24098300
v 0.01570700 -0.15366600 0.24100000
v 0.01559700 -0.15370100 0.24100000
v 0.01200900 -0.15466900 0.24100000
v 0.00000500 -0.15567300 0.24090000
v 0.00399500 -0.15572400 0.24087000
v 0.00399500 -0.15573700 0.24079500
v 0.00000500 -0.15570000 0.24080000
v 0.03710400 -0.13645600 0.24089000
v 0.03491900 -0.13984400 0.24089500
v 0.03240600 -0.14296500 0.24090000
v 0.02958000 -0.14580600 0.24090600
v 0.02645200 -0.14835000 0.24091100
v 0.02308500 -0.15054500 0.24091700
v 0.01951400 -0.15236800 0.24092200
v 0.00796700 -0.15546900 0.24093600
v -0.03844900 -0.11665000 0.23062800
v -0.03823200 -0.11306300 0.23062700
v -0.03835000 -0.11665000 0.23060000
v -0.03811500 -0.11290900 0.23060000
v -0.03834700 -0.11665000 0.23060000
v -0.03830500 -0.11305500 0.23070000
v -0.03852100 -0.11665000 0.23070100
v -0.03854700 -0.11665000 0.23080000
v -0.03827100 -0.11251900 0.23080000
v -0.03765300 -0.10900700 0.23070000
v -0.03758100 -0.10902200 0.23062700
v -0.03650400 -0.10507400 0.23062700
v -0.03656500 -0.10558500 0.23060000
v -0.03526100 -0.10207100 0.23060000
v -0.03501400 -0.10126200 0.23062700
v -0.03362100 -0.09870100 0.23060000
v -0.03312700 -0.09763000 0.23062700
v -0.03165900 -0.09550700 0.23060000
v -0.03086400 -0.09422000 0.23062700
v -0.02939600 -0.09252000 0.23060000
v -0.02825200 -0.09106900 0.23062700
v -0.02685100 -0.08976900 0.23060000
v -0.02532000 -0.08821400 0.23062700
v -0.02405000 -0.08727800 0.23060000
v -0.02210100 -0.08568600 0.23062700
v -0.02101900 -0.08507300 0.23060000
v -0.01863100 -0.08351500 0.23062700
v -0.01778800 -0.08317500 0.23060000
v -0.01495000 -0.08172600 0.23062700
v -0.01438700 -0.08160100 0.23060000
v -0.01110000 -0.08033700 0.23062700
v -0.01084800 -0.08036600 0.23060000
v -0.00712400 -0.07936600 0.23062700
v -0.00720600 -0.07948300 0.23060000
v -0.00349500 -0.07896000 0.23060000
v -0.00306800 -0.07882300 0.23062700
v 0.00025000 -0.07880100 0.23060000
v 0.00102400 -0.07871400 0.23062700
v 0.00399200 -0.07900800 0.23060000
v 0.00510300 -0.07904000 0.23062700
v 0.00769600 -0.07958000 0.23060000
v 0.00912500 -0.07979900 0.23062700
v 0.01132700 -0.08051100 0.23060000
v 0.01304400 -0.08098000 0.23062700
v 0.01484900 -0.08179100 0.23060000
v 0.01681400 -0.08257100 0.23062700
v 0.01822900 -0.08341000 0.23060000
v 0.02039500 -0.08455500 0.23062700
v 0.02143600 -0.08535000 0.23060000
v 0.02374400 -0.08690700 0.23062700
v 0.02443700 -0.08759400 0.23060000
v 0.02682400 -0.08960200 0.23062700
v 0.02720600 -0.09012100 0.23060000
v 0.02960000 -0.09260900 0.23062700
v 0.02971400 -0.09290600 0.23060000
v 0.03202800 -0.09587600 0.23062700
v 0.03193900 -0.09592200 0.23060000
v 0.03385800 -0.09914100 0.23060000
v 0.03411900 -0.09942100 0.23062700
v 0.03545500 -0.10253200 0.23060000
v 0.03581000 -0.10314800 0.23062700
v 0.03671200 -0.10606200 0.23060000
v 0.03709500 -0.10703400 0.23062700
v 0.03761900 -0.10969900 0.23060000
v 0.03796000 -0.11103400 0.23062700
v 0.03816700 -0.11340600 0.23060000
v 0.03839500 -0.11510400 0.23062700
v 0.03841200 -0.11665000 0.23061100
v 0.03848200 -0.11665000 0.23065300
v 0.03846900 -0.11510000 0.23070000
v 0.03853000 -0.11665000 0.23072000
v 0.03827100 -0.11251900 0.23080000
v 0.03854700 -0.11665000 0.23080000
v -0.03755400 -0.10844200 0.23080000
v -0.03657400 -0.10505100 0.23070000
v -0.03640300 -0.10446600 0.23080000
v -0.03508100 -0.10123200 0.23070000
v -0.03483300 -0.10063500 0.23080000
v -0.03319000 -0.09759300 0.23070000
v -0.03286200 -0.09699500 0.23080000
v -0.03092300 -0.09417600 0.23070000
v -0.03051100 -0.09358800 0.23080000
v -0.02830600 -0.09101900 0.23070000
v -0.02780900 -0.09045200 0.23080000
v -0.02536800 -0.08815900 0.23070000
v -0.02478500 -0.08762400 0.23080000
v -0.02214300 -0.08562600 0.23070000
v -0.02147600 -0.08513700 0.23080000
v -0.01866600 -0.08345100 0.23070000
v -0.01792000 -0.08301800 0.23080000
v -0.01497900 -0.08165800 0.23070000
v -0.01415700 -0.08129300 0.23080000
v -0.01112100 -0.08026700 0.23070000
v -0.01023000 -0.07998200 0.23080000
v -0.00713800 -0.07929400 0.23070000
v -0.00618600 -0.07909900 0.23080000
v -0.00307400 -0.07875000 0.23070000
v -0.00207000 -0.07865600 0.23080000
v 0.00102500 -0.07864000 0.23070000
v 0.00207000 -0.07865600 0.23080000
v 0.00511300 -0.07896800 0.23070000
v 0.00618600 -0.07909900 0.23080000
v 0.00914300 -0.07972700 0.23070000
v 0.01023000 -0.07998200 0.23080000
v 0.01306800 -0.08091100 0.23070000
v 0.01415700 -0.08129300 0.23080000
v 0.01684600 -0.08250600 0.23070000
v 0.01792000 -0.08301800 0.23080000
v 0.02043300 -0.08449200 0.23070000
v 0.02147600 -0.08513700 0.23080000
v 0.02378900 -0.08685000 0.23070000
v 0.02478500 -0.08762400 0.23080000
v 0.02687500 -0.08955000 0.23070000
v 0.02780900 -0.09045200 0.23080000
v 0.02965600 -0.09256300 0.23070000
v 0.03051100 -0.09358800 0.23080000
v 0.03209600 -0.09584500 0.23070000
v 0.03286200 -0.09699500 0.23080000
v 0.03418400 -0.09938700 0.23070000
v 0.03483300 -0.10063500 0.23080000
v 0.03587800 -0.10312100 0.23070000
v 0.03640300 -0.10446600 0.23080000
v 0.03716600 -0.10701400 0.23070000
v 0.03755400 -0.10844200 0.23080000
v 0.03803300 -0.11102200 0.23070000
v 0.03835000 -0.11715000 0.23060000
v 0.03841200 -0.11765000 0.23061100
v 0.03839500 -0.11919600 0.23062700
v 0.03848200 -0.11765000 0.23065300
v 0.03846900 -0.11920000 0.23070000
v 0.03853000 -0.11765000 0.23072000
v 0.03854700 -0.11765000 0.23080000
v 0.03827100 -0.12178000 0.23080000
v 0.03803300 -0.12327800 0.23070000
v 0.03796000 -0.12326600 0.23062700
v 0.03709500 -0.12726600 0.23062700
v 0.03761900 -0.12460100 0.23060000
v 0.03671200 -0.12823700 0.23060000
v 0.03581000 -0.13115200 0.23062700
v 0.03545500 -0.13176800 0.23060000
v 0.03411900 -0.13487900 0.23062700
v 0.03385800 -0.13515900 0.23060000
v 0.03202800 -0.13842400 0.23062700
v 0.03193900 -0.13837800 0.23060000
v 0.02971400 -0.14139400 0.23060000
v 0.02960000 -0.14169000 0.23062700
v 0.02720600 -0.14417900 0.23060000
v 0.02682400 -0.14469800 0.23062700
v 0.02443700 -0.14670500 0.23060000
v 0.02374400 -0.14739300 0.23062700
v 0.02143600 -0.14895000 0.23060000
v 0.02039500 -0.14974500 0.23062700
v 0.01822900 -0.15089000 0.23060000
v 0.01681400 -0.15172800 0.23062700
v 0.01484900 -0.15250900 0.23060000
v 0.01304400 -0.15332000 0.23062700
v 0.01132700 -0.15378900 0.23060000
v 0.00912500 -0.15450100 0.23062700
v 0.00769600 -0.15472000 0.23060000
v 0.00510300 -0.15526000 0.23062700
v 0.00399200 -0.15529200 0.23060000
v 0.00102400 -0.15558600 0.23062700
v 0.00025000 -0.15549900 0.23060000
v -0.00306800 -0.15547700 0.23062700
v -0.00349500 -0.15534000 0.23060000
v -0.00712400 -0.15493400 0.23062700
v -0.00720600 -0.15481700 0.23060000
v -0.01084800 -0.15393400 0.23060000
v -0.01110000 -0.15396300 0.23062700
v -0.01438700 -0.15269900 0.23060000
v -0.01495000 -0.15257400 0.23062700
v -0.01778800 -0.15112500 0.23060000
v -0.01863100 -0.15078500 0.23062700
v -0.02101900 -0.14922600 0.23060000
v -0.02210100 -0.14861400 0.23062700
v -0.02405000 -0.14702200 0.23060000
v -0.02532000 -0.14608600 0.23062700
v -0.02685100 -0.14453100 0.23060000
v -0.02825200 -0.14323100 0.23062700
v -0.02939600 -0.14178000 0.23060000
v -0.03086400 -0.14008000 0.23062700
v -0.03165900 -0.13879300 0.23060000
v -0.03312700 -0.13667000 0.23062700
v -0.03362100 -0.13559900 0.23060000
v -0.03501400 -0.13303800 0.23062700
v -0.03526100 -0.13222900 0.23060000
v -0.03650400 -0.12922600 0.23062700
v -0.03656500 -0.12871500 0.23060000
v -0.03758100 -0.12527800 0.23062700
v -0.03751900 -0.12509100 0.23060000
v -0.03823200 -0.12123700 0.23062700
v -0.03811500 -0.12139100 0.23060000
v -0.03835000 -0.11765000 0.23060000
v -0.03834700 -0.11765000 0.23060000
v -0.03834800 -0.11752500 0.23060000
v -0.03834900 -0.11740000 0.23060000
v -0.03835000 -0.11727500 0.23060000
v -0.03835000 -0.11715000 0.23060000
v 0.03755400 -0.12585700 0.23080000
v 0.03716600 -0.12728500 0.23070000
v 0.03640300 -0.12983400 0.23080000
v 0.03587800 -0.13117900 0.23070000
v 0.03483300 -0.13366500 0.23080000
v 0.03418400 -0.13491300 0.23070000
v 0.03209600 -0.13845500 0.23070000
v 0.02965600 -0.14173700 0.23070000
v 0.03286200 -0.13730500 0.23080000
v 0.03051100 -0.14071200 0.23080000
v 0.02780900 -0.14384800 0.23080000
v 0.02687500 -0.14475000 0.23070000
v 0.02478500 -0.14667600 0.23080000
v 0.02378900 -0.14745000 0.23070000
v 0.02147600 -0.14916300 0.23080000
v 0.02043300 -0.14980700 0.23070000
v 0.01792000 -0.15128200 0.23080000
v 0.01684600 -0.15179400 0.23070000
v 0.01415700 -0.15300600 0.23080000
v 0.01306800 -0.15338900 0.23070000
v 0.01023000 -0.15431800 0.23080000
v 0.00914300 -0.15457300 0.23070000
v 0.00618600 -0.15520000 0.23080000
v 0.00511300 -0.15533200 0.23070000
v 0.00207000 -0.15564400 0.23080000
v 0.00102500 -0.15565900 0.23070000
v -0.00207000 -0.15564400 0.23080000
v -0.00307400 -0.15555000 0.23070000
v -0.00618600 -0.15520000 0.23080000
v -0.00713800 -0.15500600 0.23070000
v -0.01023000 -0.15431800 0.23080000
v -0.01112100 -0.15403300 0.23070000
v -0.01415700 -0.15300600 0.23080000
v -0.01497900 -0.15264200 0.23070000
v -0.01792000 -0.15128200 0.23080000
v -0.01866600 -0.15084900 0.23070000
v -0.02147600 -0.14916300 0.23080000
v -0.02214300 -0.14867400 0.23070000
v -0.02478500 -0.14667600 0.23080000
v -0.02536800 -0.14614100 0.23070000
v -0.02780900 -0.14384800 0.23080000
v -0.02830600 -0.14328100 0.23070000
v -0.03051100 -0.14071200 0.23080000
v -0.03092300 -0.14012400 0.23070000
v -0.03286200 -0.13730500 0.23080000
v -0.03319000 -0.13670700 0.23070000
v -0.03483300 -0.13366500 0.23080000
v -0.03508100 -0.13306800 0.23070000
v -0.03640300 -0.12983400 0.23080000
v -0.03657400 -0.12924900 0.23070000
v -0.03755400 -0.12585700 0.23080000
v -0.03765300 -0.12529300 0.23070000
v -0.03827100 -0.12178000 0.23080000
v -0.03830500 -0.12124500 0.23070000
v -0.03844900 -0.11765000 0.23062800
v -0.03854700 -0.11765000 0.23080000
v -0.03852100 -0.11765000 0.23070100
v 0.03816700 -0.12089300 0.23060000
v -0.03751900 -0.10920900 0.23060000
v -0.03834900 -0.11690000 0.23060000
v -0.03835000 -0.11715000 0.23060000
vn -0.00000000 -0.00000000 -1.00000000
vn -0.00000000 -0.00000000 -1.00000000
vn -0.00000000 -0.00000000 -1.00000000
vn -0.00000000 -0.00000000 -1.00000000
vn -0.00000000 -0.00000000 -1.00000000
vn -0.00000000 -0.00000000 -1.00000000
vn -0.00000000 -0.00000000 -1.00000000
vn -0.00000000 -0.00000000 -1.00000000
vn -0.00000000 -0.00000000 -1.00000000
vn -0.00000000 -0.00000000 -1.00000000
vn -0.00000000 -0.00000000 -1.00000000
vn -0.00000000 -0.00000000 -1.00000000
vn -0.00000000 -0.00000000 -1.00000000
vn -0.00000000 -0.00000000 -1.00000000
vn -0.00000000 -0.00000000 -1.00000000
vn -0.00000000 -0.00000000 -1.00000000
vn -0.00000000 -0.00000000 -1.00000000
vn -0.00000000 -0.00000000 -1.00000000
vn -0.00000000 -0.00000000 -1.00000000
vn -0.00000000 -0.00000000 -1.00000000
vn -0.00000000 -0.00000000 -1.00000000
vn -0.00000000 -0.00000000 -1.00000000
vn -0.00000000 -0.00000000 -1.00000000
vn -0.00000000 -0.00000000 -1.00000000
vn -0.00000000 -0.00000000 -1.00000000
vn -0.00000000 -0.00000000 -1.00000000
vn -0.00000000 -0.00000000 -1.00000000
vn -0.00000000 -0.00000000 -1.00000000
vn -0.00000000 -0.00000000 -1.00000000
vn -0.00000000 -0.00000000 -1.00000000
vn -0.00000000 -0.00000000 -1.00000000
vn -0.00000000 -0.00000000 -1.00000000
vn -0.00000000 -0.00000000 -1.00000000
vn -0.00000000 -0.00000000 -1.00000000
vn -0.00000000 -0.00000000 -1.00000000
vn -0.00000000 -0.00000000 -1.00000000
vn -0.00000000 -0.00000000 -1.00000000
vn -0.00000000 -0.00000000 -1.00000000
vn -0.00000000 -0.00000000 -1.00000000
vn -0.00000000 -0.00000000 -1.00000000
vn -0.00000000 -0.00000000 -1.00000000
vn -0.00000000 -0.00000000 -1.00000000
vn -0.00000000 -0.00000000 -1.00000000
vn -0.00000000 -0.00000000 -1.00000000
vn -0.00000000 -0.00000000 -1.00000000
vn -0.00000000 -0.00000000 -1.00000000
vn -0.00000000 -0.00000000 -1.00000000
vn -0.00000000 -0.00000000 -1.00000000
vn -0.00000000 -0.00000000 -1.00000000
vn -0.00000000 -0.00000000 -1.00000000
vn -0.00000000 -0.00000000 -1.00000000
vn -0.00000000 -0.00000000 -1.00000000
vn -0.00000000 -0.00000000 -1.00000000
vn -0.00000000 -0.00000000 -1.00000000
vn -0.00000000 -0.00000000 -1.00000000
vn -0.00000000 -0.00000000 -1.00000000
vn -0.00000000 -0.00000000 -1.00000000
vn -0.00000000 -0.00000000 -1.00000000
vn -0.00000000 -0.00000000 -1.00000000
vn -0.00000000 -0.00000000 -1.00000000
vn -0.00000000 -0.00000000 -1.00000000
vn -0.00000000 -0.00000000 -1.00000000
vn -0.00000000 -0.00000000 -1.00000000
vn -0.00000000 -0.00000000 -1.00000000
vn -0.00000000 -0.00000000 -1.00000000
vn -0.00000000 -0.00000000 -1.00000000
vn -0.00000000 -0.00000000 -1.00000000
vn -0.00000000 -0.00000000 -1.00000000
vn -0.00000000 -0.00000000 -1.00000000
vn -0.00000000 -0.00000000 -1.00000000
vn 0.99990000 0.01300000 -0.00000000
vn 0.99990000 0.01300000 -0.00000000
vn 0.99320000 0.11630000 -0.00000000
vn 0.99280000 0.12010000 -0.00000000
vn 0.97590000 0.21840000 -0.00000000
vn 0.97420000 0.22590000 -0.00000000
vn 0.94800000 0.31810000 -0.00000000
vn 0.94430000 0.32900000 -0.00000000
vn 0.92010000 0.39160000 -0.00000000
vn 0.90360000 0.42840000 -0.00000000
vn 0.87370000 0.48640000 -0.00010000
vn 0.85250000 0.52280000 -0.00000000
vn 0.81760000 0.57580000 -0.00000000
vn 0.79140000 0.61120000 0.00010000
vn 0.75230000 0.65880000 -0.00000000
vn 0.72140000 0.69250000 -0.00000000
vn 0.70260000 0.71160000 -0.00000000
vn 0.64300000 0.76590000 -0.00000000
vn 0.62440000 0.78110000 -0.00010000
vn 0.55710000 0.83040000 -0.00000000
vn 0.53950000 0.84200000 -0.00010000
vn 0.46480000 0.88540000 -0.00000000
vn 0.44870000 0.89370000 -0.00000000
vn 0.36720000 0.93010000 0.00010000
vn 0.37960000 0.92510000 -0.00000000
vn 0.28130000 0.95960000 -0.00000000
vn 0.26540000 0.96410000 -0.00000000
vn 0.19480000 0.98090000 -0.00000000
vn 0.16050000 0.98700000 0.00010000
vn 0.09780000 0.99520000 -0.00000000
vn 0.05370000 0.99860000 0.00010000
vn -0.00000000 1.00000000 -0.00000000
vn -0.05370000 0.99860000 -0.00000000
vn -0.00010000 1.00000000 -0.00000000
vn -0.10350000 0.99460000 0.00010000
vn 0.00010000 1.00000000 -0.00000000
vn -0.16050000 0.98700000 -0.00010000
vn -0.20610000 0.97850000 0.00010000
vn -0.26540000 0.96410000 -0.00000000
vn -0.30650000 0.95190000 0.00010000
vn -0.36720000 0.93010000 -0.00000000
vn -0.40350000 0.91500000 -0.00000000
vn -0.46480000 0.88540000 -0.00000000
vn -0.49620000 0.86820000 -0.00000000
vn -0.55710000 0.83040000 -0.00000000
vn -0.58350000 0.81210000 -0.00000000
vn -0.64290000 0.76590000 -0.00000000
vn -0.66460000 0.74720000 -0.00000000
vn -0.72140000 0.69260000 -0.00000000
vn -0.73850000 0.67430000 0.00010000
vn -0.79150000 0.61120000 -0.00010000
vn -0.80440000 0.59410000 0.00010000
vn -0.85240000 0.52280000 -0.00000000
vn -0.86170000 0.50750000 0.00010000
vn -0.90360000 0.42840000 -0.00000000
vn -0.90960000 0.41540000 0.00010000
vn -0.94430000 0.32900000 -0.00000000
vn -0.94780000 0.31890000 0.00010000
vn -0.97420000 0.22590000 -0.00010000
vn -0.97580000 0.21890000 0.00020000
vn -0.99280000 0.12010000 -0.00000000
vn -0.99320000 0.11660000 -0.00000000
vn -0.99990000 0.01300000 -0.00000000
vn -0.99990000 0.01300000 -0.00000000
vn -0.00610000 1.00000000 -0.00000000
vn 0.11380000 0.99350000 -0.00000000
vn -0.00000000 -0.00000000 1.00000000
vn -0.00000000 -0.00000000 1.00000000
vn -0.00000000 -0.00000000 1.00000000
vn -0.00000000 -0.00000000 1.00000000
vn -0.00000000 -0.00000000 1.00000000
vn -0.00000000 -0.00000000 1.00000000
vn -0.00000000 -0.00000000 1.00000000
vn -0.00000000 -0.00000000 1.00000000
vn -0.00000000 -0.00000000 1.00000000
vn -0.00000000 -0.00000000 1.00000000
vn -0.00000000 -0.00000000 1.00000000
vn -0.00000000 -0.00000000 1.00000000
vn -0.00000000 -0.00000000 1.00000000
vn -0.00000000 -0.00000000 1.00000000
vn -0.00000000 -0.00000000 1.00000000
vn -0.00000000 -0.00000000 1.00000000
vn -0.00000000 -0.00000000 1.00000000
vn -0.00000000 -0.00000000 1.00000000
vn -0.00000000 -0.00000000 1.00000000
vn -0.00000000 -0.00000000 1.00000000
vn -0.00000000 -0.00000000 1.00000000
vn -0.00020000 -0.00000000 1.00000000
vn -0.00000000 -0.00000000 1.00000000
vn -0.00000000 -0.00000000 1.00000000
vn -0.00000000 -0.00000000 1.00000000
vn -0.00000000 -0.00000000 1.00000000
vn -0.00000000 -0.00000000 1.00000000
vn -0.00000000 -0.00000000 1.00000000
vn -0.00020000 -0.00000000 1.00000000
vn -0.00000000 -0.00000000 1.00000000
vn -0.00020000 -0.00000000 1.00000000
vn -0.00000000 -0.00000000 1.00000000
vn -0.00000000 -0.00000000 1.00000000
vn -0.00000000 -0.00000000 1.00000000
vn -0.00000000 -0.00000000 1.00000000
vn -0.00000000 -0.00000000 1.00000000
vn -0.00000000 -0.00000000 1.00000000
vn -0.00000000 -0.00000000 1.00000000
vn -0.00000000 -0.00000000 1.00000000
vn -0.00000000 -0.00000000 1.00000000
vn -0.00000000 -0.00000000 1.00000000
vn -0.00000000 -0.00000000 1.00000000
vn -0.00000000 -0.00000000 1.00000000
vn -0.00000000 -0.00000000 1.00000000
vn -0.00000000 -0.00000000 1.00000000
vn -0.00000000 -0.00000000 1.00000000
vn -0.00000000 -0.00000000 1.00000000
vn -0.00000000 -0.00000000 1.00000000
vn -0.00000000 -0.00000000 1.00000000
vn -0.00000000 -0.00000000 1.00000000
vn -0.00000000 -0.00000000 1.00000000
vn -0.00000000 -0.00000000 1.00000000
vn -0.00000000 -0.00000000 1.00000000
vn -0.00000000 -0.00000000 1.00000000
vn -0.00000000 -0.00000000 1.00000000
vn -0.00000000 -0.00000000 1.00000000
vn -0.00000000 -0.00000000 1.00000000
vn -0.00000000 -0.00000000 1.00000000
vn -0.00000000 -0.00000000 1.00000000
vn -0.00000000 -0.00000000 1.00000000
vn -0.00000000 -0.00000000 1.00000000
vn -0.00000000 -0.00000000 1.00000000
vn -0.00000000 -0.00000000 1.00000000
vn -0.00000000 -0.00000000 1.00000000
vn -0.00000000 -0.00000000 1.00000000
vn -0.00000000 -0.00000000 1.00000000
vn -0.00000000 -0.00000000 1.00000000
vn -0.00000000 -0.00000000 1.00000000
vn -0.00000000 -0.00000000 1.00000000
vn -0.00000000 -0.00000000 1.00000000
vn -0.00000000 -0.00000000 1.00000000
vn -0.00000000 -0.00000000 1.00000000
vn -0.00000000 -0.00000000 1.00000000
vn -0.00000000 -0.00000000 1.00000000
vn -0.00000000 -0.00000000 1.00000000
vn -0.00000000 -0.00000000 1.00000000
vn -0.00000000 -0.00000000 1.00000000
vn -0.00000000 -0.00000000 1.00000000
vn -0.00000000 -0.00000000 1.00000000
vn -0.00000000 -0.00000000 1.00000000
vn 0.99360000 -0.11040000 -0.02490000
vn 0.99990000 -0.01310000 -0.00290000
vn 0.99770000 -0.06590000 -0.01690000
vn 1.00000000 0.00320000 -0.00330000
vn 0.99800000 -0.06080000 -0.01750000
vn 0.99820000 -0.05810000 -0.01740000
vn 0.99200000 -0.12260000 -0.03140000
vn 0.99260000 -0.11820000 -0.02900000
vn 0.98240000 -0.18190000 -0.04240000
vn 0.98290000 -0.17880000 -0.04470000
vn 0.96860000 -0.24200000 -0.05750000
vn 0.94800000 -0.16770000 -0.27050000
vn 0.93500000 -0.22920000 -0.27070000
vn 0.81370000 -0.19690000 -0.54690000
vn 0.80800000 -0.25530000 -0.53100000
vn 0.73070000 -0.17670000 -0.65950000
vn 0.73300000 -0.23180000 -0.63950000
vn 0.72480000 -0.23190000 -0.64870000
vn 0.72450000 -0.28890000 -0.62590000
vn 0.72310000 -0.29450000 -0.62480000
vn 0.71460000 -0.38250000 -0.58570000
vn 0.71180000 -0.38750000 -0.58580000
vn 0.69350000 -0.47640000 -0.54040000
vn 0.68630000 -0.49100000 -0.53660000
vn 0.65480000 -0.57930000 -0.48540000
vn 0.66090000 -0.56300000 -0.49630000
vn 0.64730000 -0.59470000 -0.47690000
vn 1.00000000 0.00550000 -0.00370000
vn 1.00000000 0.00650000 -0.00360000
vn 0.99840000 -0.05370000 -0.01500000
vn 1.00000000 0.00810000 -0.00320000
vn 0.99990000 0.01140000 -0.00110000
vn 0.99860000 -0.04990000 -0.01790000
vn 0.99990000 0.01560000 -0.00390000
vn 0.96480000 0.02120000 -0.26210000
vn 0.96300000 -0.04250000 -0.26620000
vn 0.90770000 0.02240000 -0.41900000
vn 0.81310000 -0.03200000 -0.58130000
vn 0.80790000 0.02210000 -0.58890000
vn 0.69900000 0.02030000 -0.71480000
vn 0.68820000 0.01800000 -0.72530000
vn 0.69920000 -0.02880000 -0.71430000
vn 0.70960000 -0.02710000 -0.70410000
vn 0.81590000 -0.08640000 -0.57170000
vn 0.95740000 -0.10550000 -0.26900000
vn 0.99290000 -0.11480000 -0.03150000
vn 0.69950000 -0.03340000 -0.71390000
vn 0.68810000 -0.00270000 -0.72560000
vn 0.69780000 -0.03790000 -0.71530000
vn 0.69830000 -0.05000000 -0.71410000
vn 0.70670000 -0.09910000 -0.70060000
vn 0.70050000 -0.06360000 -0.71080000
vn 0.70610000 -0.09680000 -0.70140000
vn 0.71310000 -0.14940000 -0.68490000
vn 0.71420000 -0.16330000 -0.68060000
vn 0.71730000 -0.20120000 -0.66700000
vn 0.71820000 -0.23180000 -0.65610000
vn 0.71880000 -0.25680000 -0.64610000
vn 0.71820000 -0.26830000 -0.64200000
vn 0.71670000 -0.31420000 -0.62260000
vn 0.71560000 -0.32210000 -0.61980000
vn 0.70640000 -0.40220000 -0.58240000
vn 0.70400000 -0.41240000 -0.57810000
vn 0.68320000 -0.49890000 -0.53320000
vn 0.61050000 -0.66570000 -0.42910000
vn 0.60560000 -0.67240000 -0.42560000
vn 0.56490000 -0.73100000 -0.38280000
vn 0.55310000 -0.74700000 -0.36890000
vn 0.54220000 -0.75890000 -0.36070000
vn 0.48420000 -0.81950000 -0.30660000
vn 0.47720000 -0.82480000 -0.30320000
vn 0.40410000 -0.88160000 -0.24400000
vn 0.40830000 -0.87800000 -0.24960000
vn 0.37130000 -0.90130000 -0.22320000
vn 0.31380000 -0.93170000 -0.18260000
vn 0.30590000 -0.93490000 -0.18010000
vn 0.21690000 -0.96820000 -0.12480000
vn 0.20910000 -0.97010000 -0.12290000
vn 0.11440000 -0.99090000 -0.07150000
vn 0.10600000 -0.99190000 -0.07000000
vn 0.00870000 -0.99970000 -0.02400000
vn 0.00090000 -0.99970000 -0.02270000
vn -0.01050000 -0.99990000 -0.00000000
vn -0.00810000 -1.00000000 -0.00000000
vn 0.02490000 -0.99940000 -0.02490000
vn 0.13040000 -0.98880000 -0.07310000
vn 0.13700000 -0.98780000 -0.07390000
vn 0.23870000 -0.96260000 -0.12810000
vn 0.24480000 -0.96100000 -0.12890000
vn 0.34140000 -0.92090000 -0.18800000
vn 0.34470000 -0.91990000 -0.18700000
vn 0.43370000 -0.86610000 -0.24840000
vn 0.34850000 -0.92200000 -0.16880000
vn 0.43920000 -0.87110000 -0.21980000
vn 0.35490000 -0.92580000 -0.12980000
vn 0.44810000 -0.87980000 -0.15880000
vn 0.35920000 -0.92760000 -0.10290000
vn 0.45290000 -0.88390000 -0.11700000
vn 0.36220000 -0.92640000 -0.10260000
vn 0.45500000 -0.88270000 -0.11720000
vn 0.45800000 -0.88130000 -0.11670000
vn 0.54390000 -0.82980000 -0.12520000
vn 0.54490000 -0.82910000 -0.12510000
vn 0.62500000 -0.77000000 -0.12810000
vn 0.62590000 -0.76930000 -0.12800000
vn 0.70000000 -0.70290000 -0.12610000
vn 0.66860000 -0.73260000 -0.12750000
vn 0.68790000 -0.71470000 -0.12680000
vn 0.03120000 -0.99920000 -0.02520000
vn -0.00550000 -1.00000000 -0.00000000
vn 0.03760000 -0.99900000 -0.02560000
vn 0.04080000 -0.99880000 -0.02570000
vn 0.14620000 -0.98650000 -0.07440000
vn 0.04400000 -0.99870000 -0.02520000
vn 0.14940000 -0.98630000 -0.07070000
vn 0.05030000 -0.99840000 -0.02400000
vn 0.15520000 -0.98590000 -0.06230000
vn 0.05650000 -0.99810000 -0.02300000
vn 0.16030000 -0.98550000 -0.05630000
vn 0.06260000 -0.99780000 -0.02300000
vn 0.16530000 -0.98460000 -0.05620000
vn 0.17190000 -0.98350000 -0.05620000
vn 0.27040000 -0.95920000 -0.08250000
vn 0.27330000 -0.95840000 -0.08270000
vn 0.36860000 -0.92390000 -0.10270000
vn 0.37240000 -0.92240000 -0.10240000
vn 0.46240000 -0.87900000 -0.11640000
vn 0.42510000 -0.89840000 -0.11000000
vn 0.44560000 -0.88810000 -0.11310000
vn -0.00270000 -1.00000000 -0.00000000
vn -0.00000000 -1.00000000 -0.00000000
vn 0.04900000 -0.99880000 -0.00720000
vn 0.08290000 -0.99630000 -0.02290000
vn 0.07480000 -0.99690000 -0.02300000
vn 0.18190000 -0.98170000 -0.05610000
vn 0.17520000 -0.98290000 -0.05610000
vn 0.27850000 -0.95690000 -0.08240000
vn 0.07290000 -0.99720000 -0.01400000
vn 0.09430000 -0.99530000 -0.02150000
vn 0.14480000 -0.98870000 -0.03980000
vn 0.19820000 -0.97850000 -0.05720000
vn 0.22530000 -0.97210000 -0.06540000
vn 0.23170000 -0.97040000 -0.06730000
vn 0.23480000 -0.96960000 -0.06840000
vn 0.24190000 -0.96780000 -0.07000000
vn 0.28410000 -0.95530000 -0.08130000
vn 0.31200000 -0.94600000 -0.08800000
vn 0.33120000 -0.93900000 -0.09230000
vn 0.35270000 -0.93070000 -0.09690000
vn 0.37970000 -0.91950000 -0.10220000
vn 0.45990000 -0.88050000 -0.11520000
vn 0.47140000 -0.87420000 -0.11670000
vn 0.49140000 -0.86270000 -0.11910000
vn 0.51650000 -0.84760000 -0.12180000
vn 0.54680000 -0.82790000 -0.12480000
vn 0.45940000 -0.88050000 -0.11670000
vn 0.54720000 -0.82770000 -0.12440000
vn 0.57530000 -0.80810000 -0.12620000
vn 0.59790000 -0.79140000 -0.12720000
vn 0.61520000 -0.77800000 -0.12770000
vn 0.62560000 -0.76960000 -0.12780000
vn 0.69850000 -0.70440000 -0.12620000
vn 0.70870000 -0.69420000 -0.12570000
vn 0.72220000 -0.68030000 -0.12470000
vn 0.74010000 -0.66110000 -0.12310000
vn 0.76730000 -0.62990000 -0.12010000
vn 0.69960000 -0.70330000 -0.12630000
vn 0.76770000 -0.62940000 -0.12030000
vn 0.69940000 -0.70350000 -0.12620000
vn 0.76770000 -0.62940000 -0.12040000
vn 0.69940000 -0.70370000 -0.12540000
vn 0.76810000 -0.62910000 -0.11920000
vn 0.69910000 -0.70370000 -0.12670000
vn 0.76830000 -0.62870000 -0.12060000
vn 0.75190000 -0.61390000 -0.24030000
vn 0.80820000 -0.53210000 -0.25240000
vn 0.74700000 -0.49180000 -0.44730000
vn 0.77730000 -0.40390000 -0.48240000
vn 0.72330000 -0.37680000 -0.57860000
vn 0.73200000 -0.28890000 -0.61700000
vn 0.71680000 -0.37690000 -0.58670000
vn 0.76020000 -0.63830000 -0.12090000
vn 0.77000000 -0.62670000 -0.11970000
vn 0.77550000 -0.62000000 -0.11900000
vn 0.78810000 -0.60430000 -0.11710000
vn 0.80650000 -0.58010000 -0.11410000
vn 0.82680000 -0.55160000 -0.11030000
vn 0.81960000 -0.56190000 -0.11170000
vn 0.82870000 -0.54880000 -0.10980000
vn 0.83950000 -0.53260000 -0.10740000
vn 0.85720000 -0.50450000 -0.10300000
vn 0.87840000 -0.46790000 -0.09730000
vn 0.86950000 -0.48370000 -0.09960000
vn 0.87930000 -0.46640000 -0.09670000
vn 0.88470000 -0.45640000 -0.09500000
vn 0.89490000 -0.43670000 -0.09150000
vn 0.92200000 -0.37850000 -0.08150000
vn 0.91570000 -0.39300000 -0.08360000
vn 0.92610000 -0.36900000 -0.07910000
vn 0.93690000 -0.34180000 -0.07390000
vn 0.94600000 -0.31650000 -0.06970000
vn 0.92300000 -0.37610000 -0.08170000
vn 0.94700000 -0.31360000 -0.06980000
vn 0.92350000 -0.37470000 -0.08190000
vn 0.94760000 -0.31180000 -0.06990000
vn 0.92470000 -0.37230000 -0.07990000
vn 0.94860000 -0.30930000 -0.06750000
vn 0.92530000 -0.37030000 -0.08180000
vn 0.94920000 -0.30670000 -0.07010000
vn 0.91750000 -0.29240000 -0.26980000
vn 0.94620000 -0.31630000 -0.06880000
vn 0.95230000 -0.29820000 -0.06520000
vn 0.95710000 -0.28300000 -0.06210000
vn 0.96570000 -0.25350000 -0.05700000
vn 0.96460000 -0.25740000 -0.05680000
vn 0.96840000 -0.24360000 -0.05380000
vn 0.97030000 -0.23610000 -0.05230000
vn 0.97130000 -0.23210000 -0.05150000
vn 0.97380000 -0.22200000 -0.04930000
vn 0.98040000 -0.19180000 -0.04400000
vn 0.97620000 -0.21180000 -0.04710000
vn 0.98620000 -0.16130000 -0.03620000
vn 0.99110000 -0.12930000 -0.03070000
vn 0.07080000 -0.99720000 -0.02300000
vn 0.99170000 -0.12480000 -0.03110000
vn 0.98110000 -0.18820000 -0.04410000
vn 0.98160000 -0.18550000 -0.04450000
vn 0.96660000 -0.25000000 -0.05720000
vn 0.96690000 -0.24860000 -0.05730000
vn 0.96800000 -0.24480000 -0.05520000
vn 0.87930000 -0.46620000 -0.09730000
vn 0.87990000 -0.46500000 -0.09740000
vn 0.88090000 -0.46350000 -0.09600000
vn 0.88140000 -0.46210000 -0.09770000
vn 0.89580000 -0.35490000 -0.26740000
vn 0.79860000 -0.31480000 -0.51300000
vn 0.82750000 -0.55050000 -0.11050000
vn 0.82780000 -0.55000000 -0.11040000
vn 0.82860000 -0.54920000 -0.10890000
vn 0.82900000 -0.54810000 -0.11070000
vn 0.85610000 -0.44580000 -0.26140000
vn 0.62440000 -0.77050000 -0.12840000
vn 0.62360000 -0.77120000 -0.12770000
vn 0.54210000 -0.83090000 -0.12510000
vn 0.54060000 -0.83190000 -0.12540000
vn 0.53430000 -0.82500000 -0.18440000
vn 0.52080000 -0.80980000 -0.27010000
vn 0.51210000 -0.80080000 -0.31060000
vn 0.43040000 -0.86730000 -0.25020000
vn 0.33540000 -0.92330000 -0.18680000
vn 0.23270000 -0.96420000 -0.12730000
vn 0.36620000 -0.92490000 -0.10260000
vn 0.26530000 -0.96060000 -0.08250000
vn 0.26140000 -0.96170000 -0.08290000
vn 0.25690000 -0.96150000 -0.09770000
vn 0.25140000 -0.96050000 -0.11900000
vn 0.24820000 -0.96010000 -0.12860000
vn 0.14260000 -0.98700000 -0.07400000
vn 0.62260000 -0.77190000 -0.12850000
vn 0.68680000 -0.69110000 -0.22510000
vn 0.70670000 -0.57800000 -0.40820000
vn 0.70530000 -0.46570000 -0.53450000
vn 0.69970000 -0.46560000 -0.54190000
vn 0.69670000 -0.47160000 -0.54050000
vn 0.61380000 -0.76200000 -0.20640000
vn 0.59280000 -0.73960000 -0.31880000
vn 0.57890000 -0.72570000 -0.37170000
vn 0.50870000 -0.80190000 -0.31330000
vn 0.42440000 -0.87060000 -0.24880000
vn 0.32940000 -0.92570000 -0.18590000
vn 0.81620000 -0.14130000 -0.56020000
vn 0.71860000 -0.07550000 -0.69130000
vn 0.70870000 -0.07680000 -0.70130000
vn 0.70870000 -0.08160000 -0.70080000
vn 0.70700000 -0.08630000 -0.70200000
vn 0.65520000 -0.66140000 -0.36500000
vn 0.67600000 -0.55480000 -0.48490000
vn 0.67120000 -0.55510000 -0.49130000
vn 0.66790000 -0.56040000 -0.48980000
vn 0.66390000 -0.56540000 -0.48950000
vn 0.72580000 -0.12530000 -0.67640000
vn 0.72190000 -0.17710000 -0.66900000
vn 0.72360000 -0.23760000 -0.64800000
vn 0.72050000 -0.29960000 -0.62540000
vn 0.63390000 -0.64260000 -0.43040000
vn 0.57530000 -0.72650000 -0.37570000
vn 0.50320000 -0.80600000 -0.31180000
vn 0.41900000 -0.87350000 -0.24780000
vn 0.71630000 -0.12610000 -0.68630000
vn 0.71580000 -0.13130000 -0.68580000
vn 0.71410000 -0.13600000 -0.68670000
vn 0.62980000 -0.64310000 -0.43560000
vn 0.62540000 -0.64840000 -0.43410000
vn 0.62130000 -0.65280000 -0.43340000
vn 0.72120000 -0.18250000 -0.66820000
vn 0.72150000 -0.24250000 -0.64860000
vn 0.57040000 -0.73120000 -0.37430000
vn 0.49800000 -0.80960000 -0.31090000
vn 0.71910000 -0.18740000 -0.66910000
vn 0.56560000 -0.73540000 -0.37330000
vn 0.09820000 0.99490000 -0.02290000
vn -0.00000000 1.00000000 -0.00000000
vn 0.08300000 0.99630000 -0.02290000
vn -0.00270000 1.00000000 -0.00000000
vn 0.07490000 0.99690000 -0.02300000
vn 0.07080000 0.99720000 -0.02300000
vn 0.12200000 0.99170000 -0.04070000
vn 0.11500000 0.99250000 -0.04060000
vn 0.16530000 0.98460000 -0.05610000
vn 0.16030000 0.98550000 -0.05620000
vn 0.26140000 0.96170000 -0.08280000
vn 0.25690000 0.96150000 -0.09760000
vn 0.35490000 0.92590000 -0.12960000
vn 0.34860000 0.92200000 -0.16870000
vn 0.39510000 0.89790000 -0.19410000
vn 0.39050000 0.89460000 -0.21730000
vn 0.43380000 0.86620000 -0.24830000
vn 0.43060000 0.86720000 -0.25030000
vn 0.50870000 0.80180000 -0.31350000
vn 0.50320000 0.80590000 -0.31190000
vn 0.57040000 0.73110000 -0.37420000
vn 0.56560000 0.73540000 -0.37330000
vn 0.62130000 0.65280000 -0.43340000
vn 0.55320000 0.74690000 -0.36890000
vn 0.61050000 0.66580000 -0.42900000
vn 0.60420000 0.67450000 -0.42420000
vn 0.64540000 0.59870000 -0.47430000
vn 0.06260000 0.99780000 -0.02300000
vn -0.00560000 1.00000000 -0.00000000
vn 0.05650000 0.99810000 -0.02300000
vn 0.05030000 0.99840000 -0.02400000
vn 0.10400000 0.99360000 -0.04360000
vn 0.09820000 0.99400000 -0.04770000
vn 0.14940000 0.98620000 -0.07080000
vn 0.14620000 0.98640000 -0.07450000
vn 0.24820000 0.96020000 -0.12840000
vn 0.24490000 0.96090000 -0.12910000
vn 0.34150000 0.92090000 -0.18800000
vn 0.33540000 0.92340000 -0.18680000
vn 0.38130000 0.89850000 -0.21760000
vn 0.37540000 0.90120000 -0.21650000
vn 0.41900000 0.87350000 -0.24780000
vn 0.36020000 0.90820000 -0.21300000
vn 0.40410000 0.88160000 -0.24400000
vn 0.40600000 0.87960000 -0.24790000
vn 0.47500000 0.82670000 -0.30150000
vn -0.00810000 1.00000000 -0.00000000
vn 0.03760000 0.99900000 -0.02560000
vn 0.04080000 0.99880000 -0.02570000
vn 0.04420000 0.99870000 -0.02530000
vn 0.09500000 0.99420000 -0.04940000
vn -0.01040000 0.99990000 -0.00000000
vn 0.00870000 0.99970000 -0.02400000
vn 0.02500000 0.99940000 -0.02490000
vn 0.03120000 0.99920000 -0.02530000
vn 0.07950000 0.99570000 -0.04850000
vn 0.08550000 0.99510000 -0.04890000
vn 0.13050000 0.98870000 -0.07320000
vn 0.13670000 0.98790000 -0.07380000
vn 0.23270000 0.96420000 -0.12730000
vn 0.23870000 0.96260000 -0.12810000
vn 0.32950000 0.92570000 -0.18590000
vn 0.00160000 0.99970000 -0.02360000
vn 0.06360000 0.99690000 -0.04720000
vn 0.10460000 0.99210000 -0.06920000
vn 0.11440000 0.99090000 -0.07150000
vn 0.14460000 0.98550000 -0.08900000
vn 0.21690000 0.96820000 -0.12480000
vn 0.21750000 0.96770000 -0.12760000
vn 0.30420000 0.93560000 -0.17900000
vn 0.31380000 0.93180000 -0.18260000
vn 0.34180000 0.91750000 -0.20320000
vn 0.48420000 0.81950000 -0.30660000
vn 0.54670000 0.75360000 -0.36500000
vn 0.65480000 0.57940000 -0.48530000
vn 0.67210000 0.53300000 -0.51390000
vn 0.68630000 0.49100000 -0.53660000
vn 0.68540000 0.49170000 -0.53710000
vn 0.70450000 0.40980000 -0.57940000
vn 0.70640000 0.40220000 -0.58240000
vn 0.71570000 0.32340000 -0.61910000
vn 0.71680000 0.31420000 -0.62250000
vn 0.71770000 0.28710000 -0.63440000
vn 0.71850000 0.23070000 -0.65620000
vn 0.71800000 0.23000000 -0.65690000
vn 0.71340000 0.15540000 -0.68330000
vn 0.71340000 0.15130000 -0.68430000
vn 0.71010000 0.12660000 -0.69260000
vn 0.70290000 0.07530000 -0.70730000
vn 0.70200000 0.07070000 -0.70870000
vn 0.68810000 0.00270000 -0.72560000
vn 0.68790000 -0.00270000 -0.72580000
vn 0.70280000 0.06290000 -0.70860000
vn 0.71430000 0.13790000 -0.68610000
vn 0.72080000 0.21660000 -0.65840000
vn 0.72050000 0.29960000 -0.62540000
vn 0.71190000 0.38750000 -0.58570000
vn 0.69350000 0.47640000 -0.54040000
vn 0.66390000 0.56540000 -0.48950000
vn 0.68760000 -0.00540000 -0.72610000
vn 0.68750000 -0.00680000 -0.72610000
vn 0.68740000 -0.00750000 -0.72620000
vn 0.68720000 -0.00800000 -0.72640000
vn 0.68710000 -0.00940000 -0.72650000
vn 0.70440000 0.05810000 -0.70740000
vn 0.68880000 -0.01430000 -0.72490000
vn 0.68860000 -0.01660000 -0.72500000
vn 0.70430000 0.05340000 -0.70790000
vn 0.68820000 -0.01800000 -0.72530000
vn 0.71500000 0.05210000 -0.69710000
vn 0.69960000 -0.02030000 -0.71420000
vn 0.81570000 0.06030000 -0.57530000
vn 0.80890000 -0.02210000 -0.58750000
vn 0.96100000 0.07530000 -0.26610000
vn 0.96530000 -0.02120000 -0.26030000
vn 0.99990000 -0.01550000 -0.00350000
vn 1.00000000 -0.00320000 -0.00330000
vn 0.99590000 0.08720000 -0.02240000
vn 0.99620000 0.08370000 -0.02450000
vn 0.98240000 0.18120000 -0.04480000
vn 0.94800000 0.17010000 -0.26890000
vn 0.95880000 0.27680000 -0.06390000
vn 0.92650000 0.26320000 -0.26890000
vn 0.92530000 0.37030000 -0.08150000
vn 0.89620000 0.35510000 -0.26610000
vn 0.88150000 0.46210000 -0.09740000
vn 0.85640000 0.44600000 -0.26030000
vn 0.82910000 0.54820000 -0.11050000
vn 0.80840000 0.53230000 -0.25140000
vn 0.76830000 0.62870000 -0.12030000
vn 0.75210000 0.61410000 -0.23950000
vn 0.69910000 0.70370000 -0.12650000
vn 0.68700000 0.69120000 -0.22430000
vn 0.62270000 0.77190000 -0.12840000
vn 0.61390000 0.76210000 -0.20590000
vn 0.54060000 0.83190000 -0.12530000
vn 0.53430000 0.82500000 -0.18400000
vn 0.45290000 0.88390000 -0.11690000
vn 0.44810000 0.87980000 -0.15850000
vn 0.40680000 0.90680000 -0.11060000
vn 0.40240000 0.90400000 -0.14450000
vn 0.35920000 0.92760000 -0.10280000
vn 1.00000000 0.00020000 -0.00300000
vn 0.99520000 0.09420000 -0.02450000
vn 0.99550000 0.09200000 -0.02480000
vn 0.98110000 0.18810000 -0.04520000
vn 0.98190000 0.18420000 -0.04290000
vn 0.95720000 0.28230000 -0.06390000
vn 0.95820000 0.27940000 -0.06180000
vn 0.92350000 0.37480000 -0.08180000
vn 0.92460000 0.37240000 -0.07990000
vn 0.87980000 0.46520000 -0.09770000
vn 0.88100000 0.46330000 -0.09560000
vn 0.82780000 0.55000000 -0.11070000
vn 0.82870000 0.54900000 -0.10890000
vn 0.76780000 0.62930000 -0.12010000
vn 0.76820000 0.62910000 -0.11900000
vn 0.69950000 0.70330000 -0.12660000
vn 0.69950000 0.70350000 -0.12530000
vn 0.62460000 0.77040000 -0.12820000
vn 0.62360000 0.77130000 -0.12750000
vn 0.54390000 0.82980000 -0.12510000
vn 0.54230000 0.83090000 -0.12440000
vn 0.45800000 0.88130000 -0.11670000
vn 0.45510000 0.88280000 -0.11640000
vn 0.41260000 0.90420000 -0.11060000
vn 0.40960000 0.90560000 -0.10990000
vn 0.36630000 0.92480000 -0.10270000
vn 0.36220000 0.92640000 -0.10250000
vn 0.27030000 0.95920000 -0.08290000
vn 0.26530000 0.96060000 -0.08260000
vn 0.17200000 0.98350000 -0.05620000
vn 0.99480000 0.09890000 -0.02410000
vn 1.00000000 0.00450000 -0.00280000
vn 0.99280000 0.11660000 -0.02630000
vn 0.99990000 0.01310000 -0.00290000
vn 0.98000000 0.19410000 -0.04460000
vn 0.97480000 0.21790000 -0.04840000
vn 0.95570000 0.28730000 -0.06390000
vn 0.94600000 0.31690000 -0.06890000
vn 0.92200000 0.37850000 -0.08150000
vn 0.91690000 0.39040000 -0.08310000
vn 0.87850000 0.46780000 -0.09720000
vn 0.86910000 0.48440000 -0.09980000
vn 0.82680000 0.55150000 -0.11030000
vn 0.81240000 0.57200000 -0.11300000
vn 0.76740000 0.62980000 -0.12010000
vn 0.74700000 0.65350000 -0.12240000
vn 0.70000000 0.70290000 -0.12620000
vn 0.69680000 0.70610000 -0.12640000
vn 0.62600000 0.76920000 -0.12790000
vn 0.61890000 0.77500000 -0.12770000
vn 0.54680000 0.82790000 -0.12480000
vn 0.53550000 0.83550000 -0.12350000
vn 0.46240000 0.87900000 -0.11640000
vn 0.44630000 0.88770000 -0.11320000
vn 0.41810000 0.90170000 -0.11030000
vn 0.37770000 0.92030000 -0.10180000
vn 0.37240000 0.92240000 -0.10240000
vn 0.28010000 0.95660000 -0.08020000
vn 0.27850000 0.95690000 -0.08250000
vn 0.19450000 0.97930000 -0.05600000
vn 0.18200000 0.98170000 -0.05610000
vn 0.13310000 0.99030000 -0.04040000
vn 0.17530000 0.98290000 -0.05610000
vn 0.12590000 0.99120000 -0.04040000
vn 0.27340000 0.95840000 -0.08250000
vn 0.36830000 0.92400000 -0.10260000
vn 0.41460000 0.90330000 -0.11040000
vn 0.45950000 0.88050000 -0.11660000
vn 0.54490000 0.82910000 -0.12500000
vn 0.62490000 0.77010000 -0.12820000
vn 0.69980000 0.70310000 -0.12630000
vn 0.76760000 0.62960000 -0.12030000
vn 0.82750000 0.55050000 -0.11050000
vn 0.87940000 0.46600000 -0.09750000
vn 0.92300000 0.37600000 -0.08170000
vn 0.95670000 0.28400000 -0.06400000
vn 0.98070000 0.19040000 -0.04520000
vn 0.25140000 0.96060000 -0.11890000
vn 0.15520000 0.98590000 -0.06230000
vn 0.34470000 0.91990000 -0.18680000
vn 0.38730000 0.89560000 -0.21900000
vn 0.42480000 0.87040000 -0.24880000
vn 0.49800000 0.80960000 -0.31080000
vn 0.43930000 0.87110000 -0.21950000
vn 0.52080000 0.80990000 -0.26980000
vn 0.51210000 0.80090000 -0.31040000
vn 0.59290000 0.73970000 -0.31830000
vn 0.57900000 0.72580000 -0.37140000
vn 0.57520000 0.72650000 -0.37590000
vn 0.65540000 0.66160000 -0.36440000
vn 0.63400000 0.64270000 -0.43000000
vn 0.62980000 0.64300000 -0.43570000
vn 0.62570000 0.64820000 -0.43400000
vn 0.70690000 0.57820000 -0.40740000
vn 0.67620000 0.55490000 -0.48460000
vn 0.67120000 0.55500000 -0.49140000
vn 0.66770000 0.56050000 -0.48980000
vn 0.74740000 0.49210000 -0.44650000
vn 0.70550000 0.46580000 -0.53410000
vn 0.69960000 0.46570000 -0.54190000
vn 0.69670000 0.47150000 -0.54060000
vn 0.77780000 0.40420000 -0.48140000
vn 0.72370000 0.37690000 -0.57810000
vn 0.71670000 0.37670000 -0.58690000
vn 0.71470000 0.38240000 -0.58570000
vn 0.79920000 0.31500000 -0.51200000
vn 0.73230000 0.28900000 -0.61660000
vn 0.72440000 0.28890000 -0.62590000
vn 0.72280000 0.29510000 -0.62490000
vn 0.81180000 0.22830000 -0.53750000
vn 0.73270000 0.20610000 -0.64860000
vn 0.72380000 0.20620000 -0.65850000
vn 0.72280000 0.21190000 -0.65780000
vn 0.81690000 0.14350000 -0.55860000
vn 0.72650000 0.12730000 -0.67530000
vn 0.71640000 0.12800000 -0.68580000
vn 0.71610000 0.13310000 -0.68520000
vn 0.10960000 0.99310000 -0.04050000
vn 0.14300000 0.98690000 -0.07450000
vn 0.09150000 0.99460000 -0.04960000
vn -0.99990000 -0.01300000 -0.00000000
vn -0.99990000 -0.01300000 -0.00000000
vn -0.99320000 -0.11630000 0.00030000
vn -0.99280000 -0.12010000 -0.00000000
vn -0.97580000 -0.21890000 0.00020000
vn -0.97420000 -0.22590000 -0.00020000
vn -0.94780000 -0.31890000 0.00010000
vn -0.94430000 -0.32900000 -0.00000000
vn -0.90960000 -0.41540000 0.00010000
vn -0.90360000 -0.42840000 -0.00000000
vn -0.86160000 -0.50750000 -0.00000000
vn -0.85240000 -0.52280000 -0.00000000
vn -0.80440000 -0.59410000 0.00010000
vn -0.79150000 -0.61120000 -0.00000000
vn -0.73850000 -0.67430000 -0.00000000
vn -0.72140000 -0.69260000 -0.00000000
vn -0.66460000 -0.74720000 0.00010000
vn -0.64290000 -0.76590000 -0.00000000
vn -0.58350000 -0.81210000 -0.00000000
vn -0.55710000 -0.83040000 -0.00010000
vn -0.49620000 -0.86820000 0.00010000
vn -0.46480000 -0.88540000 -0.00000000
vn -0.40350000 -0.91500000 -0.00000000
vn -0.36720000 -0.93010000 -0.00000000
vn -0.30650000 -0.95190000 0.00010000
vn -0.26540000 -0.96410000 -0.00000000
vn -0.20610000 -0.97850000 0.00010000
vn -0.16050000 -0.98700000 -0.00010000
vn -0.10360000 -0.99460000 0.00010000
vn -0.05370000 -0.99860000 -0.00000000
vn 0.00010000 -1.00000000 -0.00000000
vn -0.00000000 -1.00000000 -0.00010000
vn 0.04180000 -0.99910000 -0.00000000
vn 0.05370000 -0.99860000 -0.00000000
vn 0.04860000 -0.99880000 -0.00000000
vn 0.07250000 -0.99740000 0.00010000
vn 0.09400000 -0.99560000 -0.00010000
vn 0.16050000 -0.98700000 -0.00000000
vn 0.14480000 -0.98950000 -0.00000000
vn 0.19870000 -0.98010000 -0.00000000
vn 0.22610000 -0.97410000 -0.00010000
vn 0.26540000 -0.96410000 -0.00000000
vn 0.23250000 -0.97260000 -0.00050000
vn 0.23560000 -0.97190000 0.00100000
vn 0.24280000 -0.97010000 -0.00030000
vn 0.28560000 -0.95840000 -0.00010000
vn 0.31360000 -0.94950000 -0.00000000
vn 0.36720000 -0.93010000 -0.00000000
vn 0.33290000 -0.94300000 -0.00000000
vn 0.35460000 -0.93500000 -0.00000000
vn 0.38160000 -0.92430000 -0.00000000
vn 0.42730000 -0.90410000 -0.00000000
vn 0.46490000 -0.88540000 -0.00000000
vn 0.44790000 -0.89410000 -0.00010000
vn 0.46250000 -0.88660000 -0.00000000
vn 0.47420000 -0.88040000 -0.00010000
vn 0.49460000 -0.86910000 -0.00010000
vn 0.52000000 -0.85410000 -0.00010000
vn 0.55710000 -0.83040000 -0.00010000
vn 0.55140000 -0.83420000 -0.00000000
vn 0.58020000 -0.81450000 0.00010000
vn 0.60310000 -0.79770000 -0.00010000
vn 0.64300000 -0.76590000 -0.00000000
vn 0.62070000 -0.78410000 -0.00000000
vn 0.63110000 -0.77570000 -0.00010000
vn 0.67440000 -0.73830000 -0.00010000
vn 0.72140000 -0.69260000 -0.00000000
vn 0.69370000 -0.72020000 -0.00010000
vn 0.70410000 -0.71010000 -0.00000000
vn 0.71430000 -0.69990000 -0.00000000
vn 0.72770000 -0.68590000 -0.00000000
vn 0.74550000 -0.66650000 -0.00010000
vn 0.76550000 -0.64340000 -0.00000000
vn 0.79150000 -0.61120000 -0.00000000
vn 0.77540000 -0.63140000 -0.00000000
vn 0.78070000 -0.62490000 -0.00010000
vn 0.79330000 -0.60880000 -0.00000000
vn 0.81180000 -0.58400000 -0.00000000
vn 0.82470000 -0.56550000 -0.00000000
vn 0.85250000 -0.52280000 -0.00000000
vn 0.83380000 -0.55210000 -0.00000000
vn 0.84450000 -0.53560000 -0.00000000
vn 0.86200000 -0.50690000 -0.00000000
vn 0.87410000 -0.48570000 -0.00010000
vn 0.88370000 -0.46810000 -0.00010000
vn 0.90360000 -0.42840000 -0.00010000
vn 0.88890000 -0.45810000 -0.00010000
vn 0.89900000 -0.43800000 -0.00000000
vn 0.91900000 -0.39430000 -0.00010000
vn 0.92890000 -0.37020000 -0.00010000
vn 0.94430000 -0.32900000 -0.00000000
vn 0.93930000 -0.34310000 -0.00000000
vn 0.94830000 -0.31750000 -0.00000000
vn 0.95410000 -0.29940000 -0.00000000
vn 0.95880000 -0.28410000 -0.00010000
vn 0.97420000 -0.22590000 -0.00000000
vn 0.96610000 -0.25820000 -0.00000000
vn 0.96970000 -0.24430000 -0.00000000
vn 0.97160000 -0.23680000 -0.00010000
vn 0.97250000 -0.23270000 -0.00030000
vn 0.97490000 -0.22260000 -0.00000000
vn 0.97720000 -0.21230000 -0.00000000
vn 0.98690000 -0.16140000 -0.00000000
vn 0.99280000 -0.12010000 -0.00000000
vn 0.99390000 -0.11010000 -0.00000000
vn 0.99990000 -0.01300000 -0.00000000
vn 0.99990000 -0.01290000 -0.00000000
vn 0.11380000 -0.99350000 0.00010000
vn 0.00700000 -1.00000000 -0.00010000
vn -0.00000000 1.00000000 -0.00000000
vn -0.00000000 1.00000000 -0.00000000
vn -0.00000000 1.00000000 -0.00000000
vn -0.00000000 1.00000000 -0.00000000
vn -0.00000000 1.00000000 -0.00000000
vn -0.00000000 1.00000000 -0.00000000
vn -0.00000000 1.00000000 -0.00000000
vn -0.00000000 1.00000000 -0.00000000
vn -0.00000000 -1.00000000 -0.00000000
vn -0.00000000 -1.00000000 -0.00000000
vn -0.00000000 -1.00000000 -0.00000000
vn -0.00000000 -1.00000000 -0.00000000
vn -0.00000000 -1.00000000 -0.00000000
vn -0.00000000 -1.00000000 -0.00000000
vn -0.00000000 -1.00000000 -0.00000000
vn -0.00000000 -1.00000000 -0.00000000
vn -1.00000000 -0.00000000 -0.00000000
vn -1.00000000 -0.00000000 -0.00000000
vn -1.00000000 -0.00000000 -0.00000000
vn -1.00000000 -0.00000000 -0.00000000
vn -1.00000000 -0.00000000 -0.00000000
vn -1.00000000 -0.00000000 -0.00000000
vn 0.68590000 -0.00020000 -0.72770000
vn 0.68590000 0.00010000 -0.72770000
vn 0.68600000 -0.00000000 -0.72760000
vn 0.68590000 -0.00020000 -0.72770000
vn 0.68590000 -0.00000000 -0.72770000
vn 0.68590000 0.00010000 -0.72770000
vn 0.68570000 0.00010000 -0.72790000
vn 0.68590000 -0.00000000 -0.72770000
vn 0.68580000 0.00010000 -0.72780000
vn 0.68590000 -0.00020000 -0.72770000
vn 0.68600000 -0.00010000 -0.72760000
vn 0.68580000 -0.00000000 -0.72780000
vn 0.68570000 0.00010000 -0.72790000
vn 0.68590000 -0.00000000 -0.72770000
vn 0.68570000 0.00010000 -0.72790000
vn 0.68560000 -0.00000000 -0.72800000
vn 0.68570000 0.00010000 -0.72790000
vn 0.68570000 -0.00010000 -0.72790000
vn 0.68500000 0.00020000 -0.72850000
vn 0.68500000 -0.00010000 -0.72860000
vn 0.68510000 -0.00000000 -0.72850000
vn 0.68510000 0.00010000 -0.72850000
vn 0.68480000 -0.00010000 -0.72870000
vn 0.68470000 -0.00010000 -0.72880000
vn 0.68470000 -0.00000000 -0.72890000
vn 0.68480000 -0.00000000 -0.72880000
vn 0.68380000 -0.00000000 -0.72970000
vn 0.76310000 -0.00000000 -0.64630000
vn 0.76160000 -0.00000000 -0.64800000
vn 0.89890000 -0.00000000 -0.43810000
vn 0.75520000 -0.00000000 -0.65550000
vn 0.91160000 -0.00000000 -0.41110000
vn 0.68470000 0.00010000 -0.72880000
vn 0.68500000 0.00020000 -0.72850000
vn 0.68480000 0.00010000 -0.72880000
vn 0.98190000 -0.00000000 -0.18950000
vn 0.99120000 -0.00000000 -0.13210000
vn 0.99990000 -0.00000000 -0.01280000
vn 1.00000000 -0.00000000 -0.00420000
vn 1.00000000 -0.00000000 -0.00360000
vn 1.00000000 -0.00000000 -0.00350000
vn 1.00000000 -0.00000000 -0.00000000
vn 1.00000000 -0.00000000 0.00220000
vn 1.00000000 -0.00000000 -0.00230000
vn 1.00000000 -0.00000000 -0.00230000
vn 1.00000000 -0.00000000 -0.00410000
vn 1.00000000 -0.00000000 -0.00400000
vn 0.99290000 -0.00000000 -0.11940000
vn 0.91680000 -0.00000000 -0.39930000
vn 0.68580000 0.00030000 -0.72780000
vn 0.68570000 0.00040000 -0.72790000
vn 0.68140000 -0.00000000 -0.73190000
vn 0.68890000 -0.00000000 -0.72490000
vn -0.00000000 1.00000000 -0.00000000
vn -0.00000000 1.00000000 -0.00000000
vn -0.00000000 1.00000000 -0.00000000
vn -0.00000000 1.00000000 -0.00000000
vn -0.00000000 1.00000000 -0.00000000
vn -0.00000000 1.00000000 -0.00000000
vn -0.00000000 1.00000000 -0.00000000
vn -0.00000000 1.00000000 -0.00000000
vn -0.00000000 1.00000000 -0.00000000
vn -0.00000000 1.00000000 -0.00010000
vn -0.00000000 1.00000000 -0.00000000
vn -0.00000000 1.00000000 -0.00000000
vn -0.00000000 1.00000000 -0.00000000
vn -0.00000000 1.00000000 -0.00010000
vn -0.00000000 1.00000000 -0.00010000
vn -0.00000000 1.00000000 -0.00000000
vn -0.00000000 1.00000000 -0.00000000
vn -0.00000000 1.00000000 -0.00000000
vn -0.00000000 1.00000000 -0.00000000
vn -0.00000000 1.00000000 0.00010000
vn -0.00000000 1.00000000 -0.00000000
vn -0.00000000 1.00000000 0.00010000
vn -0.00000000 1.00000000 -0.00010000
vn -0.00000000 1.00000000 0.00030000
vn -0.00000000 1.00000000 -0.00000000
vn -0.00000000 1.00000000 0.00010000
vn -0.00000000 1.00000000 -0.00010000
vn -0.00000000 1.00000000 -0.00010000
vn -0.00000000 1.00000000 0.00030000
vn -0.00000000 1.00000000 -0.00000000
vn -0.00000000 1.00000000 0.00030000
vn -0.00000000 1.00000000 -0.00000000
vn -0.00000000 1.00000000 0.00010000
vn -0.00000000 1.00000000 -0.00000000
vn -0.00000000 1.00000000 -0.00000000
vn -0.00000000 1.00000000 0.00030000
vn -0.00000000 1.00000000 0.00010000
vn -0.00000000 1.00000000 0.00010000
vn -0.00000000 1.00000000 0.00030000
vn -0.00000000 1.00000000 0.00030000
vn -0.00000000 1.00000000 -0.00000000
vn -0.00000000 1.00000000 -0.00000000
vn -0.00000000 1.00000000 -0.00010000
vn -0.00000000 1.00000000 -0.00000000
vn -0.00000000 1.00000000 -0.00010000
vn -0.00000000 1.00000000 0.00620000
vn -0.00000000 1.00000000 -0.00010000
vn -0.00000000 1.00000000 -0.00000000
vn -0.00000000 1.00000000 -0.00000000
vn -0.00000000 1.00000000 0.00620000
vn -0.00000000 1.00000000 -0.00080000
vn -0.00000000 1.00000000 0.00620000
vn -0.00000000 1.00000000 -0.00000000
vn -0.00000000 1.00000000 -0.00080000
vn -0.00000000 1.00000000 -0.00000000
vn -0.00000000 1.00000000 -0.00080000
vn -0.00000000 1.00000000 -0.00000000
vn -0.00000000 1.00000000 -0.00000000
vn -0.00000000 1.00000000 -0.00000000
vn -0.00000000 1.00000000 -0.00000000
vn -0.00000000 -1.00000000 -0.00000000
vn -0.00000000 -1.00000000 0.00020000
vn -0.00000000 -1.00000000 -0.00010000
vn -0.00000000 -1.00000000 0.00030000
vn -0.00000000 -1.00000000 0.00010000
vn -0.00000000 -1.00000000 -0.00000000
vn -0.00000000 -1.00000000 0.00010000
vn -0.00000000 -1.00000000 -0.00000000
vn -0.00000000 -1.00000000 -0.00010000
vn 0.00030000 -1.00000000 -0.00000000
vn -0.00000000 -1.00000000 0.00010000
vn -0.00000000 -1.00000000 -0.00010000
vn 0.00030000 -1.00000000 -0.00000000
vn -0.00000000 -1.00000000 -0.00010000
vn -0.00000000 -1.00000000 -0.00010000
vn -0.00000000 -1.00000000 -0.00020000
vn -0.00000000 -1.00000000 -0.00000000
vn -0.00000000 -1.00000000 0.00010000
vn -0.00000000 -1.00000000 -0.00010000
vn -0.00000000 -1.00000000 -0.00000000
vn -0.00000000 -1.00000000 -0.00020000
vn -0.00000000 -1.00000000 -0.00010000
vn -0.00000000 -1.00000000 -0.00000000
vn -0.00000000 -1.00000000 -0.00000000
vn -0.00000000 -1.00000000 -0.00010000
vn -0.00000000 -1.00000000 -0.00000000
vn -0.00000000 -1.00000000 -0.00000000
vn -0.00000000 -1.00000000 -0.00010000
vn -0.00000000 -1.00000000 0.00010000
vn -0.00000000 -1.00000000 -0.00020000
vn -0.00000000 -1.00000000 0.00010000
vn -0.00000000 -1.00000000 -0.00000000
vn -0.00000000 -1.00000000 -0.00000000
vn -0.00000000 -1.00000000 -0.00000000
vn -0.00000000 -1.00000000 -0.00000000
vn -0.00000000 -1.00000000 -0.00000000
vn -0.00000000 -1.00000000 -0.00000000
vn -0.00000000 -1.00000000 -0.00000000
vn -0.00000000 -1.00000000 -0.00010000
vn -0.00000000 -1.00000000 -0.00000000
vn -0.00000000 -1.00000000 -0.00000000
vn -0.00000000 -1.00000000 -0.00010000
vn -0.00000000 -1.00000000 -0.00000000
vn -0.00000000 -1.00000000 -0.00010000
vn -0.00000000 -1.00000000 -0.00000000
vn -0.00000000 -1.00000000 -0.00000000
vn -0.00000000 -1.00000000 -0.00000000
vn -0.00000000 -1.00000000 0.00030000
vn -0.00000000 -1.00000000 0.00030000
vn -0.00000000 -1.00000000 0.00020000
vn -0.00000000 -1.00000000 0.00020000
vn -0.00000000 -1.00000000 -0.00000000
vn -0.00000000 -1.00000000 -0.00000000
vn 0.00030000 -1.00000000 -0.00000000
vn -0.00000000 -1.00000000 0.00010000
vn -0.00000000 -1.00000000 0.00010000
vn 0.92550000 0.00620000 -0.37860000
vn 0.70260000 0.00480000 -0.71150000
vn 0.96290000 0.07650000 -0.25880000
vn 0.71260000 0.07000000 -0.69800000
vn 0.95590000 0.17750000 -0.23380000
vn 0.71020000 0.12620000 -0.69260000
vn 0.71340000 0.15550000 -0.68320000
vn 0.93780000 0.28100000 -0.20400000
vn 0.71830000 0.23040000 -0.65650000
vn 0.90870000 0.38270000 -0.16660000
vn 0.71780000 0.28730000 -0.63420000
vn 0.71520000 0.32310000 -0.61970000
vn 0.86800000 0.48010000 -0.12660000
vn 0.70290000 0.40850000 -0.58230000
vn 0.81600000 0.57240000 -0.08060000
vn 0.68430000 0.49090000 -0.53920000
vn 0.67070000 0.53250000 -0.51640000
vn 0.75200000 0.65840000 -0.03170000
vn 0.64470000 0.59850000 -0.47560000
vn 0.67730000 0.73540000 0.02150000
vn 0.60420000 0.67460000 -0.42400000
vn 0.59260000 0.80190000 0.07570000
vn 0.54760000 0.75370000 -0.36350000
vn 0.50010000 0.85620000 0.12930000
vn 0.47480000 0.82670000 -0.30200000
vn 0.40550000 0.87990000 -0.24760000
vn 0.34120000 0.91780000 -0.20290000
vn 0.35240000 0.91260000 0.20730000
vn 0.40270000 0.89690000 0.18260000
vn 0.40820000 0.69850000 0.58780000
vn 0.49250000 0.66630000 0.55990000
vn 0.26250000 0.35530000 0.89720000
vn 0.30730000 0.33370000 0.89120000
vn 0.00020000 -0.00010000 1.00000000
vn 0.00010000 0.00010000 1.00000000
vn 0.30180000 0.92490000 0.23120000
vn 0.30410000 0.93570000 -0.17900000
vn 0.24980000 0.93400000 0.25530000
vn 0.21750000 0.96800000 -0.12490000
vn 0.19820000 0.94000000 0.27780000
vn 0.14500000 0.98550000 -0.08770000
vn 0.14660000 0.94320000 0.29830000
vn 0.09450000 0.94350000 0.31750000
vn 0.11370000 0.73130000 0.67250000
vn 0.07280000 0.72750000 0.68230000
vn 0.05950000 0.38290000 0.92190000
vn 0.03800000 0.38030000 0.92410000
vn 0.00020000 0.00170000 1.00000000
vn 0.01060000 0.37690000 0.92620000
vn -0.00000000 0.00050000 1.00000000
vn -0.00310000 0.37160000 0.92840000
vn -0.00000000 -0.00000000 1.00000000
vn -0.00620000 0.49990000 0.86610000
vn -0.00580000 0.71160000 0.70250000
vn -0.01060000 0.86600000 0.50000000
vn -0.00770000 0.93240000 0.36140000
vn -0.01230000 0.99990000 0.00020000
vn 0.01100000 0.99980000 -0.01660000
vn 0.02640000 0.93850000 0.34440000
vn 0.10460000 0.99210000 -0.06920000
vn 0.00030000 0.00190000 1.00000000
vn 0.08120000 0.38480000 0.91940000
vn 0.15470000 0.73330000 0.66200000
vn 0.00040000 0.00140000 1.00000000
vn 0.10300000 0.38530000 0.91700000
vn 0.19610000 0.73320000 0.65110000
vn 0.00020000 0.00060000 1.00000000
vn 0.12540000 0.38460000 0.91450000
vn 0.23850000 0.73100000 0.63940000
vn 0.14790000 0.38300000 0.91180000
vn 0.00020000 0.00010000 1.00000000
vn 0.17070000 0.38030000 0.90900000
vn -0.00010000 -0.00030000 1.00000000
vn 0.21660000 0.37060000 0.90320000
vn 0.00030000 0.00030000 1.00000000
vn -0.00000000 0.00020000 1.00000000
vn 0.34970000 0.30610000 0.88550000
vn -0.00040000 0.00010000 1.00000000
vn 0.38910000 0.27300000 0.87980000
vn 0.00020000 0.00020000 1.00000000
vn 0.00010000 0.00010000 1.00000000
vn 0.42370000 0.23430000 0.87500000
vn -0.00000000 -0.00000000 1.00000000
vn 0.45410000 0.19120000 0.87020000
vn 0.00020000 0.00020000 1.00000000
vn 0.00010000 0.00020000 1.00000000
vn 0.47820000 0.14330000 0.86650000
vn 0.00140000 0.00040000 1.00000000
vn 0.00850000 0.00160000 1.00000000
vn 0.49700000 0.09230000 0.86280000
vn 0.02750000 0.00220000 0.99960000
vn 0.50820000 0.04040000 0.86030000
vn 0.38420000 -0.00650000 0.92320000
vn 0.70400000 -0.01180000 0.71010000
vn 0.00750000 -0.00010000 1.00000000
vn 0.91980000 -0.01540000 0.39220000
vn 0.91460000 -0.00960000 0.40420000
vn 0.91160000 -0.00050000 0.41120000
vn 0.91100000 0.00290000 0.41250000
vn 0.91250000 0.00610000 0.40900000
vn 0.92320000 0.07330000 0.37730000
vn 0.99980000 0.00670000 0.01630000
vn 0.02030000 0.71980000 0.69380000
vn 0.28060000 0.72650000 0.62720000
vn 0.32310000 0.71970000 0.61450000
vn 0.57380000 0.62300000 0.53160000
vn 0.65000000 0.56900000 0.50370000
vn 0.71950000 0.50470000 0.47700000
vn 0.78050000 0.43170000 0.45210000
vn 0.83230000 0.35050000 0.42940000
vn 0.87420000 0.26190000 0.40890000
vn 0.90480000 0.16800000 0.39140000
vn 0.01100000 0.00010000 0.99990000
vn 0.01390000 -0.00010000 0.99990000
vn 0.01280000 -0.00030000 0.99990000
vn -0.00790000 -0.00000000 1.00000000
vn -0.00000000 -0.00000000 1.00000000
vn -0.49730000 0.05220000 0.86600000
vn -0.48900000 0.10400000 0.86610000
vn -0.84710000 0.18010000 0.50000000
vn -0.82360000 0.26760000 0.50000000
vn -0.97570000 0.21890000 -0.00000000
vn -0.94780000 0.31900000 0.00020000
vn -0.79110000 0.35220000 0.50000000
vn -0.90970000 0.41540000 0.00010000
vn -0.74990000 0.43310000 0.50000000
vn -0.86170000 0.50750000 0.00010000
vn -0.70060000 0.50910000 0.50000000
vn -0.80430000 0.59420000 0.00020000
vn -0.64350000 0.57950000 0.50010000
vn -0.73850000 0.67430000 0.00010000
vn -0.57940000 0.64360000 0.50000000
vn -0.66470000 0.74720000 -0.00010000
vn -0.50900000 0.70070000 0.50000000
vn -0.58330000 0.81220000 0.00030000
vn -0.43290000 0.75000000 0.50010000
vn -0.49620000 0.86820000 -0.00000000
vn -0.35220000 0.79120000 0.50000000
vn -0.40350000 0.91500000 0.00030000
vn -0.26750000 0.82360000 0.50010000
vn -0.30650000 0.95190000 0.00010000
vn -0.18000000 0.84710000 0.50000000
vn -0.20610000 0.97850000 0.00010000
vn -0.08990000 0.86130000 0.50010000
vn -0.10360000 0.99460000 -0.00000000
vn 0.00010000 0.86650000 0.49920000
vn 0.00010000 1.00000000 0.00010000
vn -0.00000000 -0.00000000 1.00000000
vn -0.00010000 -0.00000000 1.00000000
vn -0.47550000 0.15450000 0.86610000
vn -0.00000000 -0.00000000 1.00000000
vn -0.45670000 0.20340000 0.86610000
vn -0.00000000 -0.00000000 1.00000000
vn -0.43290000 0.25000000 0.86610000
vn -0.00000000 -0.00000000 1.00000000
vn -0.40450000 0.29390000 0.86600000
vn 0.00010000 -0.00010000 1.00000000
vn -0.37160000 0.33450000 0.86600000
vn -0.00010000 -0.00000000 1.00000000
vn -0.33450000 0.37160000 0.86610000
vn 0.00030000 -0.00000000 1.00000000
vn -0.29410000 0.40450000 0.86600000
vn -0.00000000 -0.00010000 1.00000000
vn -0.24990000 0.43300000 0.86610000
vn -0.00010000 -0.00000000 1.00000000
vn -0.20340000 0.45680000 0.86600000
vn -0.00000000 -0.00010000 1.00000000
vn -0.15430000 0.47550000 0.86610000
vn -0.00010000 -0.00000000 1.00000000
vn -0.10390000 0.48910000 0.86600000
vn -0.00000000 -0.00010000 1.00000000
vn -0.05210000 0.49720000 0.86610000
vn -0.00000000 -0.00010000 1.00000000
vn -0.00000000 0.50140000 0.86520000
vn -0.00000000 0.00190000 1.00000000
vn -0.99320000 0.11660000 0.00010000
vn -0.86130000 0.09050000 0.50000000
vn -0.50950000 0.00670000 0.86040000
vn -0.99990000 0.01300000 0.00020000
vn -0.86870000 0.01130000 0.49530000
vn -0.50950000 -0.00660000 0.86050000
vn -0.49730000 -0.05230000 0.86600000
vn -0.00880000 -0.00000000 1.00000000
vn -0.00010000 -0.00000000 1.00000000
vn 0.01140000 0.00030000 0.99990000
vn -0.86130000 -0.09050000 0.50000000
vn -0.86870000 -0.01130000 0.49530000
vn -0.99990000 -0.01300000 0.00020000
vn -0.99320000 -0.11660000 -0.00000000
vn -0.84710000 -0.18000000 0.50000000
vn -0.48910000 -0.10400000 0.86600000
vn -0.47550000 -0.15450000 0.86600000
vn 0.00010000 -0.00000000 1.00000000
vn 0.00030000 -0.00000000 1.00000000
vn -0.45670000 -0.20340000 0.86610000
vn -0.00020000 0.00010000 1.00000000
vn -0.43300000 -0.25000000 0.86600000
vn -0.00000000 0.00010000 1.00000000
vn -0.40440000 -0.29390000 0.86610000
vn -0.00000000 0.00010000 1.00000000
vn -0.37150000 -0.33450000 0.86610000
vn 0.00010000 -0.00000000 1.00000000
vn -0.33450000 -0.37150000 0.86610000
vn 0.00050000 0.00020000 1.00000000
vn -0.29380000 -0.40450000 0.86600000
vn -0.00000000 -0.00010000 1.00000000
vn -0.25000000 -0.43310000 0.86600000
vn 0.00030000 0.00010000 1.00000000
vn -0.20330000 -0.45670000 0.86610000
vn -0.00000000 0.00010000 1.00000000
vn -0.15440000 -0.47540000 0.86610000
vn 0.00010000 -0.00000000 1.00000000
vn -0.10390000 -0.48910000 0.86600000
vn 0.00010000 0.00010000 1.00000000
vn -0.05210000 -0.49720000 0.86600000
vn -0.00000000 -0.00000000 1.00000000
vn 0.00010000 -0.50000000 0.86600000
vn -0.00000000 -0.00010000 1.00000000
vn -0.97570000 -0.21890000 0.00020000
vn -0.82370000 -0.26770000 0.50000000
vn -0.94780000 -0.31890000 0.00010000
vn -0.79110000 -0.35230000 0.50000000
vn -0.90960000 -0.41550000 0.00010000
vn -0.75000000 -0.43300000 0.50000000
vn -0.86160000 -0.50750000 0.00010000
vn -0.70050000 -0.50900000 0.50010000
vn -0.80430000 -0.59420000 0.00010000
vn -0.64350000 -0.57950000 0.50010000
vn -0.73850000 -0.67430000 -0.00000000
vn -0.57940000 -0.64360000 0.50010000
vn -0.66470000 -0.74720000 0.00010000
vn -0.50890000 -0.70070000 0.50000000
vn -0.58350000 -0.81210000 0.00020000
vn -0.43300000 -0.75000000 0.49990000
vn -0.49610000 -0.86820000 0.00020000
vn -0.35210000 -0.79120000 0.50000000
vn -0.40340000 -0.91500000 0.00020000
vn -0.26750000 -0.82360000 0.50010000
vn -0.30640000 -0.95190000 0.00010000
vn -0.17990000 -0.84710000 0.50000000
vn -0.20600000 -0.97850000 0.00010000
vn -0.08990000 -0.86130000 0.50010000
vn -0.10360000 -0.99460000 0.00030000
vn 0.00010000 -0.86610000 0.49990000
vn 0.00010000 -1.00000000 -0.00030000
vn -0.00000000 -0.00000000 1.00000000
vn 0.68820000 -0.00290000 -0.72550000
vn 0.98140000 -0.00400000 -0.19200000
vn 0.70190000 -0.06430000 -0.70940000
vn 0.95910000 -0.10380000 -0.26350000
vn 0.70710000 -0.09750000 -0.70040000
vn 0.94840000 -0.20190000 -0.24450000
vn 0.71340000 -0.16300000 -0.68150000
vn 0.93100000 -0.29990000 -0.20790000
vn 0.71670000 -0.23060000 -0.65810000
vn 0.71740000 -0.26740000 -0.64330000
vn 0.90290000 -0.39770000 -0.16320000
vn 0.71590000 -0.32210000 -0.61940000
vn 0.86130000 -0.49300000 -0.12330000
vn 0.70480000 -0.41240000 -0.57730000
vn 0.80860000 -0.58330000 -0.07710000
vn 0.68310000 -0.49880000 -0.53350000
vn 0.65990000 -0.56250000 -0.49810000
vn 0.74520000 -0.66620000 -0.02890000
vn 0.64600000 -0.59450000 -0.47880000
vn 0.67170000 -0.74050000 0.02310000
vn 0.60580000 -0.67240000 -0.42530000
vn 0.56540000 -0.73110000 -0.38190000
vn 0.58850000 -0.80490000 0.07610000
vn 0.54280000 -0.75880000 -0.35990000
vn 0.49770000 -0.85770000 0.12890000
vn 0.47730000 -0.82470000 -0.30340000
vn 0.40780000 -0.87870000 -0.24830000
vn 0.40140000 -0.89780000 0.18100000
vn 0.37080000 -0.90180000 -0.22200000
vn 0.30160000 -0.92540000 0.22950000
vn 0.30600000 -0.93480000 -0.18020000
vn 0.20900000 -0.97030000 -0.12140000
vn 0.20070000 -0.94030000 0.27490000
vn 0.10590000 -0.99190000 -0.06960000
vn 0.10000000 -0.94430000 0.31370000
vn 0.05150000 -0.94200000 0.33150000
vn 0.03970000 -0.72590000 0.68660000
vn -0.00000000 -0.71920000 0.69480000
vn -0.00000000 -0.37520000 0.92690000
vn -0.00520000 -0.50010000 0.86600000
vn -0.00000000 -0.00010000 1.00000000
vn -0.00000000 0.00010000 1.00000000
vn 0.02080000 -0.37930000 0.92500000
vn -0.00000000 -0.00000000 1.00000000
vn 0.04050000 -0.38250000 0.92310000
vn 0.08250000 -0.38690000 0.91840000
vn 0.15720000 -0.73660000 0.65780000
vn 0.23930000 -0.73410000 0.63540000
vn 0.92210000 -0.09960000 0.37380000
vn 0.91120000 -0.00370000 0.41210000
vn 0.50500000 -0.05470000 0.86140000
vn 0.54260000 -0.00220000 0.84000000
vn 0.33670000 -0.00140000 0.94160000
vn 0.00060000 -0.00000000 1.00000000
vn 0.00300000 -0.00030000 1.00000000
vn 0.00390000 -0.00050000 1.00000000
vn 0.48920000 -0.10410000 0.86590000
vn 0.90110000 -0.19190000 0.38870000
vn 0.00370000 -0.00080000 1.00000000
vn 0.47300000 -0.15240000 0.86780000
vn 0.86960000 -0.28030000 0.40650000
vn 0.00160000 -0.00050000 1.00000000
vn 0.45220000 -0.19930000 0.86940000
vn 0.82770000 -0.36470000 0.42660000
vn 0.00070000 -0.00040000 1.00000000
vn 0.00110000 -0.00050000 1.00000000
vn 0.42140000 -0.24120000 0.87420000
vn 0.00060000 -0.00050000 1.00000000
vn 0.38680000 -0.27890000 0.87900000
vn 0.00060000 -0.00040000 1.00000000
vn 0.34770000 -0.31080000 0.88460000
vn 0.00050000 -0.00010000 1.00000000
vn 0.30580000 -0.33720000 0.89040000
vn 0.00020000 -0.00030000 1.00000000
vn 0.00030000 -0.00080000 1.00000000
vn 0.26160000 -0.35810000 0.89630000
vn 0.00060000 -0.00090000 1.00000000
vn 0.21640000 -0.37290000 0.90230000
vn 0.00060000 -0.00090000 1.00000000
vn 0.00060000 -0.00110000 1.00000000
vn 0.17110000 -0.38260000 0.90790000
vn 0.00010000 -0.00050000 1.00000000
vn 0.12600000 -0.38670000 0.91360000
vn 0.00010000 -0.00040000 1.00000000
vn 0.00010000 -0.00030000 1.00000000
vn -0.00000000 0.00010000 1.00000000
vn -0.00900000 -0.86590000 0.50010000
vn -0.00000000 -0.93740000 0.34820000
vn -0.00000000 -0.99970000 -0.02370000
vn -0.01040000 -0.99990000 0.00030000
vn 0.77540000 -0.44370000 0.44930000
vn 0.71390000 -0.51510000 0.47440000
vn 0.64520000 -0.57680000 0.50100000
vn 0.57030000 -0.62880000 0.52860000
vn 0.49030000 -0.67090000 0.55640000
vn 0.40740000 -0.70200000 0.58410000
vn 0.32320000 -0.72290000 0.61060000
vn 0.07740000 -0.73120000 0.67770000
vn -0.50940000 0.00660000 -0.86050000
vn -0.49690000 0.05320000 -0.86620000
vn -0.01990000 0.00020000 -0.99980000
vn 0.00040000 -0.00000000 -1.00000000
vn -0.00550000 -0.00000000 -1.00000000
vn -0.86120000 0.09210000 -0.49990000
vn -0.86870000 0.01130000 -0.49520000
vn -0.99990000 0.01300000 -0.00010000
vn -0.99280000 0.12010000 0.00010000
vn -0.84650000 0.18310000 -0.49990000
vn -0.48860000 0.10560000 -0.86610000
vn -0.47460000 0.15700000 -0.86610000
vn 0.00010000 -0.00010000 -1.00000000
vn 0.00050000 -0.00020000 -1.00000000
vn -0.45520000 0.20660000 -0.86610000
vn 0.00090000 -0.00020000 -1.00000000
vn -0.43060000 0.25380000 -0.86610000
vn 0.00040000 -0.00030000 -1.00000000
vn -0.40130000 0.29810000 -0.86600000
vn 0.00060000 -0.00030000 -1.00000000
vn -0.36740000 0.33910000 -0.86600000
vn 0.00050000 -0.00050000 -1.00000000
vn -0.32920000 0.37630000 -0.86600000
vn 0.00080000 -0.00050000 -1.00000000
vn -0.28740000 0.40910000 -0.86600000
vn 0.00040000 -0.00040000 -1.00000000
vn -0.24230000 0.43740000 -0.86600000
vn 0.00020000 -0.00040000 -1.00000000
vn -0.19430000 0.46060000 -0.86610000
vn 0.00020000 -0.00030000 -1.00000000
vn -0.14440000 0.47870000 -0.86600000
vn 0.00010000 -0.00030000 -1.00000000
vn -0.09260000 0.49140000 -0.86600000
vn -0.00000000 -0.00030000 -1.00000000
vn 0.00010000 -0.00040000 -1.00000000
vn -0.03990000 0.49830000 -0.86610000
vn -0.00000000 -0.00040000 -1.00000000
vn 0.01330000 0.49980000 -0.86610000
vn -0.00000000 -0.00060000 -1.00000000
vn 0.06630000 0.49550000 -0.86610000
vn -0.00000000 -0.00040000 -1.00000000
vn 0.11860000 0.48560000 -0.86610000
vn -0.00000000 -0.00050000 -1.00000000
vn 0.16960000 0.47030000 -0.86610000
vn -0.00030000 -0.00040000 -1.00000000
vn 0.21870000 0.44960000 -0.86600000
vn -0.00040000 -0.00040000 -1.00000000
vn 0.26510000 0.42380000 -0.86610000
vn -0.00020000 -0.00040000 -1.00000000
vn 0.30880000 0.39330000 -0.86600000
vn -0.00000000 -0.00030000 -1.00000000
vn 0.34890000 0.35820000 -0.86600000
vn -0.00040000 -0.00030000 -1.00000000
vn 0.38490000 0.31910000 -0.86610000
vn -0.00030000 -0.00020000 -1.00000000
vn 0.41650000 0.27660000 -0.86600000
vn -0.00030000 -0.00020000 -1.00000000
vn -0.00020000 -0.00010000 -1.00000000
vn 0.44370000 0.23050000 -0.86610000
vn -0.00070000 -0.00020000 -1.00000000
vn 0.46560000 0.18210000 -0.86610000
vn -0.00020000 -0.00010000 -1.00000000
vn 0.48230000 0.13160000 -0.86610000
vn -0.00030000 -0.00010000 -1.00000000
vn 0.49360000 0.07950000 -0.86610000
vn -0.00060000 -0.00010000 -1.00000000
vn 0.49930000 0.02660000 -0.86600000
vn 0.32720000 0.00430000 -0.94490000
vn 0.67850000 0.00880000 -0.73450000
vn 0.86480000 0.04610000 -0.49990000
vn 0.91600000 0.01190000 -0.40100000
vn 0.99280000 0.12010000 0.00020000
vn 0.99990000 0.01300000 0.00010000
vn -0.97420000 0.22590000 0.00010000
vn -0.82230000 0.27200000 -0.49990000
vn -0.94430000 0.32900000 0.00010000
vn -0.78870000 0.35780000 -0.49990000
vn -0.90360000 0.42840000 0.00020000
vn -0.74620000 0.43970000 -0.49990000
vn -0.85240000 0.52290000 0.00010000
vn -0.69520000 0.51640000 -0.50000000
vn -0.79140000 0.61120000 0.00010000
vn -0.63640000 0.58740000 -0.49990000
vn -0.72130000 0.69260000 -0.00010000
vn -0.57040000 0.65180000 -0.49990000
vn -0.64290000 0.76600000 -0.00000000
vn -0.49790000 0.70870000 -0.49990000
vn -0.55700000 0.83050000 0.00020000
vn -0.41970000 0.75760000 -0.49990000
vn -0.46490000 0.88540000 0.00010000
vn -0.33680000 0.79790000 -0.49990000
vn -0.36720000 0.93010000 -0.00000000
vn -0.25010000 0.82920000 -0.49990000
vn -0.26530000 0.96420000 0.00010000
vn -0.16050000 0.85110000 -0.49980000
vn -0.16050000 0.98700000 0.00010000
vn -0.06910000 0.86330000 -0.50000000
vn -0.05360000 0.99860000 0.00020000
vn 0.02300000 0.86570000 -0.50000000
vn 0.05370000 0.99860000 0.00010000
vn 0.11490000 0.85840000 -0.50000000
vn 0.16050000 0.98700000 -0.00000000
vn 0.20550000 0.84130000 -0.49990000
vn 0.26540000 0.96410000 0.00020000
vn 0.29380000 0.81470000 -0.50000000
vn 0.36730000 0.93010000 0.00010000
vn 0.37870000 0.77890000 -0.49990000
vn 0.46480000 0.88540000 0.00010000
vn 0.45940000 0.73420000 -0.49990000
vn 0.55710000 0.83040000 0.00010000
vn 0.53490000 0.68120000 -0.49990000
vn 0.64300000 0.76590000 0.00020000
vn 0.60430000 0.62050000 -0.49990000
vn 0.72140000 0.69260000 0.00010000
vn 0.66670000 0.55280000 -0.49990000
vn 0.79140000 0.61130000 0.00010000
vn 0.72170000 0.47880000 -0.49990000
vn 0.85240000 0.52280000 -0.00000000
vn 0.76860000 0.39930000 -0.49990000
vn 0.90360000 0.42840000 -0.00000000
vn 0.80660000 0.31540000 -0.50000000
vn 0.94430000 0.32900000 0.00020000
vn 0.83560000 0.22780000 -0.49990000
vn 0.97410000 0.22590000 0.00010000
vn 0.85500000 0.13780000 -0.49990000
vn -0.00000000 -0.00000000 -1.00000000
vn 0.32770000 -0.00430000 -0.94480000
vn 0.49920000 -0.02660000 -0.86610000
vn 0.67870000 -0.00880000 -0.73440000
vn 0.86490000 -0.04610000 -0.49990000
vn 0.91600000 -0.01190000 -0.40100000
vn 0.99990000 -0.01300000 -0.00000000
vn 0.99280000 -0.12020000 0.00010000
vn 0.85500000 -0.13780000 -0.50000000
vn 0.49350000 -0.07950000 -0.86610000
vn 0.48230000 -0.13150000 -0.86610000
vn -0.00050000 -0.00000000 -1.00000000
vn -0.00060000 0.00010000 -1.00000000
vn 0.46570000 -0.18200000 -0.86600000
vn -0.00070000 0.00020000 -1.00000000
vn 0.44360000 -0.23050000 -0.86610000
vn -0.00030000 0.00020000 -1.00000000
vn 0.41650000 -0.27660000 -0.86600000
vn -0.00030000 0.00020000 -1.00000000
vn -0.00030000 0.00020000 -1.00000000
vn 0.38480000 -0.31910000 -0.86610000
vn -0.00000000 0.00030000 -1.00000000
vn 0.34870000 -0.35820000 -0.86610000
vn -0.00040000 0.00040000 -1.00000000
vn 0.30880000 -0.39330000 -0.86600000
vn -0.00020000 0.00050000 -1.00000000
vn 0.26520000 -0.42380000 -0.86610000
vn -0.00040000 0.00050000 -1.00000000
vn 0.21860000 -0.44960000 -0.86610000
vn -0.00020000 0.00050000 -1.00000000
vn 0.16960000 -0.47030000 -0.86600000
vn -0.00040000 0.00070000 -1.00000000
vn 0.11860000 -0.48560000 -0.86610000
vn -0.00010000 0.00050000 -1.00000000
vn 0.06640000 -0.49550000 -0.86610000
vn -0.00010000 0.00040000 -1.00000000
vn 0.01330000 -0.50000000 -0.86590000
vn -0.00000000 0.00050000 -1.00000000
vn -0.03990000 -0.49820000 -0.86610000
vn -0.00000000 0.00030000 -1.00000000
vn -0.09260000 -0.49130000 -0.86610000
vn -0.00000000 0.00030000 -1.00000000
vn 0.00010000 0.00030000 -1.00000000
vn -0.14440000 -0.47860000 -0.86610000
vn 0.00020000 0.00030000 -1.00000000
vn -0.19430000 -0.46050000 -0.86610000
vn 0.00010000 0.00040000 -1.00000000
vn -0.24230000 -0.43740000 -0.86600000
vn 0.00040000 0.00050000 -1.00000000
vn -0.28740000 -0.40910000 -0.86600000
vn 0.00030000 0.00040000 -1.00000000
vn -0.32920000 -0.37630000 -0.86600000
vn 0.00010000 0.00050000 -1.00000000
vn -0.36730000 -0.33910000 -0.86610000
vn 0.00050000 0.00030000 -1.00000000
vn -0.40140000 -0.29810000 -0.86600000
vn 0.00020000 0.00030000 -1.00000000
vn -0.43070000 -0.25380000 -0.86600000
vn 0.00050000 0.00020000 -1.00000000
vn -0.45520000 -0.20660000 -0.86610000
vn 0.00040000 0.00020000 -1.00000000
vn -0.47460000 -0.15700000 -0.86610000
vn 0.00010000 0.00010000 -1.00000000
vn -0.48860000 -0.10560000 -0.86610000
vn 0.00020000 0.00010000 -1.00000000
vn -0.49710000 -0.05310000 -0.86600000
vn 0.00040000 0.00010000 -1.00000000
vn -0.01760000 -0.00020000 -0.99980000
vn -0.00230000 -0.00000000 -1.00000000
vn -0.01190000 -0.00000000 -0.99990000
vn -0.03360000 -0.00000000 -0.99940000
vn 0.05790000 -0.00000000 -0.99830000
vn 0.05800000 -0.00000000 -0.99830000
vn 0.97420000 -0.22590000 0.00020000
vn 0.83550000 -0.22780000 -0.50000000
vn 0.94430000 -0.32910000 0.00010000
vn 0.80660000 -0.31540000 -0.49980000
vn 0.90360000 -0.42840000 0.00010000
vn 0.76850000 -0.39940000 -0.49990000
vn 0.72160000 -0.47890000 -0.50000000
vn 0.66680000 -0.55270000 -0.49990000
vn 0.85250000 -0.52280000 0.00020000
vn 0.79140000 -0.61130000 0.00010000
vn 0.72140000 -0.69260000 0.00020000
vn 0.60420000 -0.62050000 -0.50000000
vn 0.64290000 -0.76590000 0.00010000
vn 0.53490000 -0.68130000 -0.49980000
vn 0.55710000 -0.83050000 0.00010000
vn 0.45940000 -0.73430000 -0.49970000
vn 0.46480000 -0.88540000 0.00020000
vn 0.37880000 -0.77880000 -0.50000000
vn 0.36720000 -0.93010000 -0.00000000
vn 0.29380000 -0.81480000 -0.49980000
vn 0.26530000 -0.96420000 0.00010000
vn 0.20550000 -0.84130000 -0.49990000
vn 0.16050000 -0.98700000 -0.00000000
vn 0.11500000 -0.85840000 -0.49990000
vn 0.05370000 -0.99860000 -0.00010000
vn 0.02310000 -0.86580000 -0.49980000
vn -0.05370000 -0.99860000 0.00040000
vn -0.06910000 -0.86330000 -0.50000000
vn -0.16050000 -0.98700000 0.00010000
vn -0.16050000 -0.85110000 -0.49990000
vn -0.26530000 -0.96420000 -0.00000000
vn -0.25010000 -0.82920000 -0.49990000
vn -0.36720000 -0.93010000 -0.00000000
vn -0.33680000 -0.79780000 -0.50000000
vn -0.46480000 -0.88540000 0.00020000
vn -0.41970000 -0.75770000 -0.49970000
vn -0.55700000 -0.83050000 -0.00010000
vn -0.49790000 -0.70880000 -0.49980000
vn -0.64300000 -0.76590000 0.00010000
vn -0.57030000 -0.65170000 -0.50000000
vn -0.72130000 -0.69260000 0.00020000
vn -0.63630000 -0.58750000 -0.50000000
vn -0.79140000 -0.61120000 0.00020000
vn -0.69520000 -0.51650000 -0.49990000
vn -0.85240000 -0.52280000 0.00010000
vn -0.74620000 -0.43970000 -0.49990000
vn -0.90360000 -0.42840000 0.00020000
vn -0.78870000 -0.35790000 -0.49990000
vn -0.94430000 -0.32910000 0.00010000
vn -0.82220000 -0.27200000 -0.50000000
vn -0.97420000 -0.22590000 0.00020000
vn -0.84660000 -0.18300000 -0.49980000
vn -0.99280000 -0.12010000 0.00010000
vn -0.86120000 -0.09200000 -0.49990000
vn -0.50920000 -0.00660000 -0.86060000
vn -0.99990000 -0.01300000 -0.00000000
vn -0.86870000 -0.01130000 -0.49530000
vn -0.00040000 -0.00000000 -1.00000000
vn 0.00020000 -0.00010000 -1.00000000
vn 0.01450000 -0.00000000 -0.99990000
vn 0.01460000 -0.00000000 -0.99990000
f 1//1 2//2 3//3
f 3//3 2//2 4//4
f 3//3 4//4 5//5
f 3//3 5//5 6//6
f 6//6 5//5 7//7
f 6//6 7//7 8//8
f 8//8 7//7 9//9
f 8//8 9//9 10//10
f 10//10 9//9 11//11
f 10//10 11//11 12//12
f 12//12 11//11 13//13
f 12//12 13//13 14//14
f 14//14 13//13 15//15
f 14//14 15//15 16//16
f 16//16 15//15 17//17
f 16//16 17//17 18//18
f 18//18 17//17 19//19
f 18//18 19//19 20//20
f 20//20 19//19 21//21
f 20//20 21//21 22//22
f 22//22 21//21 23//23
f 22//22 23//23 24//24
f 24//24 23//23 25//25
f 24//24 25//25 26//26
f 26//26 25//25 27//27
f 26//26 27//27 28//28
f 28//28 27//27 29//29
f 28//28 29//29 30//30
f 30//30 29//29 31//31
f 30//30 31//31 32//32
f 32//32 31//31 33//33
f 32//32 33//33 34//34
f 34//34 33//33 35//35
f 34//34 35//35 36//36
f 37//37 38//38 3//3
f 3//3 38//38 39//39
f 3//3 39//39 40//40
f 38//38 37//37 41//41
f 41//41 37//37 42//42
f 41//41 42//42 43//43
f 43//43 42//42 44//44
f 43//43 44//44 45//45
f 45//45 44//44 46//46
f 45//45 46//46 47//47
f 47//47 46//46 48//48
f 47//47 48//48 49//49
f 49//49 48//48 50//50
f 49//49 50//50 51//51
f 51//51 50//50 52//52
f 51//51 52//52 53//53
f 53//53 52//52 54//54
f 53//53 54//54 55//55
f 55//55 54//54 56//56
f 55//55 56//56 57//57
f 57//57 56//56 58//58
f 57//57 58//58 59//59
f 59//59 58//58 60//60
f 59//59 60//60 61//61
f 61//61 60//60 62//62
f 61//61 62//62 63//63
f 63//63 62//62 64//64
f 63//63 64//64 65//65
f 65//65 64//64 66//66
f 65//65 66//66 67//67
f 67//67 66//66 68//68
f 67//67 68//68 69//69
f 69//69 68//68 70//70
f 40//40 1//1 3//3
f 71//71 72//72 73//73
f 73//73 72//72 74//74
f 73//73 74//74 75//75
f 75//75 74//74 76//76
f 75//75 76//76 77//77
f 77//77 76//76 78//78
f 77//77 78//78 79//79
f 79//79 78//78 80//80
f 79//79 80//80 81//81
f 81//81 80//80 82//82
f 81//81 82//82 83//83
f 83//83 82//82 84//84
f 83//83 84//84 85//85
f 85//85 84//84 86//86
f 85//85 86//86 87//87
f 87//87 86//86 88//88
f 87//87 88//88 89//89
f 89//89 88//88 90//90
f 89//89 90//90 91//91
f 91//91 90//90 92//92
f 91//91 92//92 93//93
f 93//93 92//92 94//94
f 93//93 94//94 95//95
f 95//95 94//94 96//96
f 96//96 94//94 97//97
f 96//96 97//97 98//98
f 98//98 97//97 99//99
f 98//98 99//99 100//100
f 100//100 99//99 101//101
f 100//100 101//101 102//102
f 102//102 101//101 103//103
f 102//102 103//103 104//104
f 104//104 103//103 105//105
f 104//104 105//105 106//106
f 103//103 107//107 105//105
f 105//105 107//107 108//108
f 108//108 107//107 109//109
f 108//108 109//109 110//110
f 110//110 109//109 111//111
f 110//110 111//111 112//112
f 112//112 111//111 113//113
f 112//112 113//113 114//114
f 114//114 113//113 115//115
f 114//114 115//115 116//116
f 116//116 115//115 117//117
f 116//116 117//117 118//118
f 118//118 117//117 119//119
f 118//118 119//119 120//120
f 120//120 119//119 121//121
f 120//120 121//121 122//122
f 122//122 121//121 123//123
f 122//122 123//123 124//124
f 124//124 123//123 125//125
f 124//124 125//125 126//126
f 126//126 125//125 127//127
f 126//126 127//127 128//128
f 128//128 127//127 129//129
f 128//128 129//129 130//130
f 130//130 129//129 131//131
f 130//130 131//131 132//132
f 132//132 131//131 133//133
f 132//132 133//133 134//134
f 106//106 135//135 104//104
f 104//104 135//135 136//136
f 137//137 138//138 139//139
f 139//139 138//138 140//140
f 139//139 140//140 141//141
f 139//139 141//141 142//142
f 142//142 141//141 143//143
f 142//142 143//143 144//144
f 144//144 145//145 142//142
f 142//142 145//145 146//146
f 142//142 146//146 147//147
f 147//147 148//148 142//142
f 142//142 148//148 149//149
f 142//142 149//149 150//150
f 150//150 151//151 142//142
f 142//142 151//151 152//152
f 142//142 152//152 153//153
f 153//153 154//154 142//142
f 142//142 154//154 155//155
f 142//142 155//155 156//156
f 157//157 159//159 142//142
f 142//142 159//159 160//160
f 142//142 160//160 161//161
f 162//162 163//163 157//157
f 157//157 163//163 164//164
f 158//158 165//165 167//167
f 166//166 168//168 157//157
f 157//157 168//168 169//169
f 157//157 169//169 170//170
f 170//170 171//171 157//157
f 157//157 171//171 172//172
f 157//157 172//172 173//173
f 173//173 174//174 157//157
f 157//157 174//174 175//175
f 157//157 175//175 176//176
f 176//176 177//177 157//157
f 157//157 177//177 178//178
f 157//157 178//178 159//159
f 161//161 179//179 142//142
f 142//142 179//179 139//139
f 179//179 180//180 139//139
f 181//181 182//182 139//139
f 139//139 182//182 183//183
f 139//139 183//183 137//137
f 184//184 185//185 181//181
f 181//181 185//185 186//186
f 181//181 186//186 182//182
f 185//185 184//184 187//187
f 187//187 184//184 188//188
f 187//187 188//188 189//189
f 190//190 191//191 189//189
f 189//189 191//191 192//192
f 189//189 192//192 193//193
f 190//190 194//194 191//191
f 191//191 194//194 195//195
f 191//191 195//195 196//196
f 196//196 197//197 191//191
f 191//191 197//197 198//198
f 191//191 198//198 199//199
f 199//199 200//200 191//191
f 191//191 200//200 201//201
f 191//191 201//201 202//202
f 202//202 203//203 191//191
f 191//191 203//203 204//204
f 191//191 204//204 205//205
f 205//205 206//206 191//191
f 191//191 206//206 207//207
f 193//193 208//208 189//189
f 189//189 208//208 209//209
f 189//189 209//209 210//210
f 210//210 211//211 189//189
f 189//189 211//211 212//212
f 189//189 212//212 213//213
f 213//213 214//214 189//189
f 189//189 214//214 215//215
f 189//189 215//215 216//216
f 216//216 187//187 189//189
f 217//217 218//218 219//219
f 219//219 218//218 220//220
f 219//219 220//220 221//221
f 221//221 220//220 222//222
f 221//221 222//222 223//223
f 223//223 222//222 224//224
f 223//223 224//224 225//225
f 225//225 224//224 226//226
f 225//225 226//226 227//227
f 227//227 226//226 228//228
f 227//227 228//228 229//229
f 229//229 228//228 230//230
f 229//229 230//230 231//231
f 231//231 230//230 232//232
f 231//231 232//232 233//233
f 233//233 232//232 234//234
f 233//233 234//234 235//235
f 235//235 234//234 236//236
f 235//235 236//236 237//237
f 237//237 236//236 238//238
f 237//237 238//238 239//239
f 239//239 238//238 240//240
f 239//239 240//240 241//241
f 241//241 240//240 242//242
f 241//241 242//242 243//243
f 220//220 244//244 222//222
f 222//222 244//244 245//245
f 222//222 245//245 246//246
f 246//246 245//245 247//247
f 246//246 247//247 248//248
f 246//246 248//248 249//249
f 249//249 248//248 250//250
f 249//249 250//250 251//251
f 249//249 251//251 252//252
f 252//252 251//251 253//253
f 252//252 253//253 254//254
f 254//254 253//253 255//255
f 254//254 255//255 256//256
f 257//257 258//258 256//256
f 256//256 258//258 259//259
f 256//256 259//259 254//254
f 254//254 259//259 260//260
f 254//254 260//260 252//252
f 252//252 260//260 261//261
f 252//252 261//261 262//262
f 262//262 261//261 226//226
f 262//262 226//226 224//224
f 258//258 257//257 263//263
f 263//263 257//257 264//264
f 263//263 264//264 265//265
f 265//265 264//264 266//266
f 265//265 266//266 267//267
f 267//267 266//266 268//268
f 267//267 268//268 269//269
f 264//264 268//268 266//266
f 267//267 269//269 270//270
f 270//270 269//269 271//271
f 270//270 271//271 272//272
f 272//272 271//271 273//273
f 272//272 273//273 274//274
f 274//274 273//273 275//275
f 274//274 275//275 276//276
f 276//276 275//275 277//277
f 276//276 277//277 278//278
f 278//278 277//277 279//279
f 278//278 279//279 240//240
f 240//240 279//279 280//280
f 240//240 280//280 242//242
f 241//241 243//243 281//281
f 281//281 243//243 282//282
f 281//281 282//282 283//283
f 281//281 283//283 284//284
f 284//284 283//283 285//285
f 284//284 285//285 286//286
f 286//286 285//285 287//287
f 286//286 287//287 288//288
f 288//288 287//287 289//289
f 288//288 289//289 290//290
f 288//288 290//290 291//291
f 291//291 290//290 292//292
f 291//291 292//292 293//293
f 293//293 292//292 294//294
f 293//293 294//294 295//295
f 295//295 294//294 296//296
f 295//295 296//296 297//297
f 297//297 296//296 298//298
f 297//297 298//298 299//299
f 299//299 300//300 297//297
f 297//297 300//300 301//301
f 297//297 301//301 302//302
f 302//302 301//301 303//303
f 302//302 303//303 304//304
f 304//304 303//303 305//305
f 304//304 305//305 306//306
f 306//306 305//305 307//307
f 306//306 307//307 308//308
f 308//308 307//307 309//309
f 308//308 309//309 310//310
f 310//310 309//309 311//311
f 310//310 311//311 312//312
f 312//312 311//311 313//313
f 312//312 313//313 314//314
f 314//314 313//313 315//315
f 314//314 315//315 316//316
f 316//316 315//315 317//317
f 316//316 317//317 318//318
f 318//318 317//317 319//319
f 318//318 319//319 320//320
f 320//320 319//319 321//321
f 320//320 321//321 322//322
f 322//322 321//321 323//323
f 322//322 323//323 324//324
f 301//301 300//300 325//325
f 325//325 300//300 326//326
f 325//325 326//326 327//327
f 327//327 326//326 328//328
f 327//327 328//328 329//329
f 329//329 328//328 330//330
f 329//329 330//330 331//331
f 331//331 330//330 332//332
f 331//331 332//332 333//333
f 333//333 332//332 334//334
f 333//333 334//334 335//335
f 335//335 334//334 336//336
f 335//335 336//336 337//337
f 337//337 336//336 338//338
f 337//337 338//338 339//339
f 339//339 338//338 340//340
f 339//339 340//340 341//341
f 341//341 340//340 342//342
f 341//341 342//342 343//343
f 343//343 342//342 344//344
f 343//343 344//344 345//345
f 346//346 332//332 326//326
f 326//326 332//332 330//330
f 326//326 330//330 328//328
f 347//347 348//348 346//346
f 346//346 348//348 349//349
f 346//346 349//349 350//350
f 350//350 349//349 351//351
f 350//350 351//351 352//352
f 352//352 351//351 353//353
f 352//352 353//353 340//340
f 340//340 353//353 342//342
f 348//348 354//354 349//349
f 349//349 354//354 355//355
f 349//349 355//355 356//356
f 349//349 356//356 351//351
f 351//351 356//356 357//357
f 351//351 357//357 358//358
f 358//358 359//359 351//351
f 351//351 359//359 353//353
f 359//359 360//360 353//353
f 353//353 360//360 361//361
f 353//353 361//361 362//362
f 362//362 363//363 353//353
f 353//353 363//363 364//364
f 353//353 364//364 342//342
f 342//342 364//364 365//365
f 342//342 365//365 366//366
f 366//366 344//344 342//342
f 345//345 367//367 343//343
f 343//343 367//367 368//368
f 343//343 368//368 369//369
f 369//369 370//370 343//343
f 343//343 370//370 371//371
f 343//343 371//371 372//372
f 372//372 371//371 319//319
f 372//372 319//319 317//317
f 370//370 373//373 371//371
f 371//371 373//373 374//374
f 371//371 374//374 375//375
f 371//371 375//375 321//321
f 321//321 375//375 376//376
f 321//321 376//376 377//377
f 377//377 323//323 321//321
f 324//324 378//378 322//322
f 322//322 378//378 379//379
f 322//322 379//379 380//380
f 380//380 381//381 322//322
f 322//322 381//381 382//382
f 322//322 382//382 383//383
f 383//383 382//382 384//384
f 383//383 384//384 385//385
f 385//385 384//384 386//386
f 385//385 386//386 387//387
f 387//387 386//386 388//388
f 387//387 388//388 389//389
f 389//389 388//388 390//390
f 389//389 390//390 391//391
f 391//391 390//390 392//392
f 391//391 392//392 393//393
f 393//393 392//392 394//394
f 393//393 394//394 395//395
f 395//395 394//394 396//396
f 395//395 396//396 397//397
f 397//397 396//396 235//235
f 397//397 235//235 237//237
f 381//381 398//398 382//382
f 382//382 398//398 399//399
f 382//382 399//399 400//400
f 400//400 401//401 382//382
f 382//382 401//401 402//402
f 382//382 402//402 403//403
f 403//403 402//402 404//404
f 403//403 404//404 405//405
f 405//405 406//406 403//403
f 403//403 406//406 407//407
f 403//403 407//407 408//408
f 408//408 407//407 409//409
f 408//408 409//409 410//410
f 410//410 411//411 408//408
f 408//408 411//411 412//412
f 408//408 412//412 413//413
f 413//413 412//412 414//414
f 413//413 414//414 415//415
f 415//415 416//416 413//413
f 413//413 416//416 417//417
f 413//413 417//417 418//418
f 418//418 417//417 419//419
f 418//418 419//419 420//420
f 420//420 419//419 421//421
f 420//420 421//421 422//422
f 422//422 421//421 423//423
f 422//422 423//423 424//424
f 424//424 423//423 425//425
f 424//424 425//425 426//426
f 426//426 425//425 229//229
f 426//426 229//229 231//231
f 416//416 427//427 417//417
f 417//417 427//427 428//428
f 417//417 428//428 429//429
f 417//417 429//429 430//430
f 430//430 429//429 431//431
f 430//430 431//431 432//432
f 432//432 433//433 430//430
f 430//430 433//433 434//434
f 430//430 434//434 435//435
f 430//430 435//435 436//436
f 436//436 435//435 437//437
f 436//436 437//437 438//438
f 436//436 438//438 439//439
f 439//439 438//438 217//217
f 439//439 217//217 219//219
f 336//336 346//346 440//440
f 440//440 346//346 350//350
f 440//440 350//350 352//352
f 439//439 219//219 441//441
f 441//441 219//219 221//221
f 441//441 221//221 223//223
f 436//436 439//439 442//442
f 442//442 439//439 441//441
f 442//442 441//441 443//443
f 443//443 441//441 223//223
f 443//443 223//223 225//225
f 419//419 417//417 430//430
f 430//430 436//436 444//444
f 444//444 436//436 442//442
f 444//444 442//442 445//445
f 445//445 442//442 443//443
f 445//445 443//443 446//446
f 446//446 443//443 225//225
f 446//446 225//225 227//227
f 408//408 413//413 447//447
f 447//447 413//413 418//418
f 447//447 418//418 448//448
f 448//448 418//418 420//420
f 448//448 420//420 449//449
f 449//449 420//420 422//422
f 449//449 422//422 450//450
f 450//450 422//422 424//424
f 450//450 424//424 451//451
f 451//451 424//424 426//426
f 451//451 426//426 452//452
f 452//452 426//426 231//231
f 452//452 231//231 233//233
f 384//384 382//382 403//403
f 403//403 408//408 453//453
f 453//453 408//408 447//447
f 453//453 447//447 454//454
f 454//454 447//447 448//448
f 454//454 448//448 455//455
f 455//455 448//448 449//449
f 455//455 449//449 456//456
f 456//456 449//449 450//450
f 456//456 450//450 457//457
f 457//457 450//450 451//451
f 457//457 451//451 452//452
f 320//320 322//322 383//383
f 319//319 371//371 321//321
f 341//341 343//343 372//372
f 445//445 421//421 444//444
f 444//444 421//421 419//419
f 444//444 419//419 430//430
f 421//421 445//445 423//423
f 423//423 445//445 446//446
f 423//423 446//446 425//425
f 425//425 446//446 227//227
f 425//425 227//227 229//229
f 454//454 386//386 453//453
f 453//453 386//386 384//384
f 453//453 384//384 403//403
f 386//386 454//454 388//388
f 388//388 454//454 455//455
f 388//388 455//455 390//390
f 390//390 455//455 456//456
f 390//390 456//456 392//392
f 392//392 456//456 457//457
f 392//392 457//457 394//394
f 394//394 457//457 452//452
f 394//394 452//452 396//396
f 396//396 452//452 233//233
f 396//396 233//233 235//235
f 320//320 383//383 458//458
f 458//458 383//383 385//385
f 458//458 385//385 459//459
f 459//459 385//385 387//387
f 459//459 387//387 389//389
f 320//320 458//458 318//318
f 318//318 458//458 460//460
f 318//318 460//460 316//316
f 316//316 460//460 461//461
f 316//316 461//461 314//314
f 314//314 461//461 462//462
f 314//314 462//462 312//312
f 312//312 462//462 463//463
f 312//312 463//463 310//310
f 310//310 463//463 464//464
f 310//310 464//464 308//308
f 308//308 464//464 465//465
f 308//308 465//465 306//306
f 306//306 465//465 466//466
f 306//306 466//466 304//304
f 304//304 466//466 467//467
f 304//304 467//467 302//302
f 302//302 467//467 295//295
f 302//302 295//295 297//297
f 460//460 458//458 459//459
f 341//341 372//372 468//468
f 468//468 372//372 317//317
f 468//468 317//317 315//315
f 341//341 468//468 339//339
f 339//339 468//468 469//469
f 339//339 469//469 337//337
f 337//337 469//469 470//470
f 337//337 470//470 335//335
f 335//335 470//470 471//471
f 335//335 471//471 333//333
f 333//333 471//471 472//472
f 333//333 472//472 331//331
f 331//331 472//472 473//473
f 331//331 473//473 329//329
f 329//329 473//473 474//474
f 329//329 474//474 327//327
f 327//327 474//474 325//325
f 469//469 468//468 315//315
f 352//352 340//340 338//338
f 336//336 440//440 338//338
f 338//338 440//440 352//352
f 332//332 346//346 334//334
f 334//334 346//346 336//336
f 262//262 224//224 246//246
f 246//246 224//224 222//222
f 262//262 246//246 249//249
f 460//460 459//459 475//475
f 475//475 459//459 389//389
f 475//475 389//389 476//476
f 476//476 389//389 391//391
f 476//476 391//391 477//477
f 477//477 391//391 393//393
f 477//477 393//393 478//478
f 478//478 393//393 395//395
f 478//478 395//395 479//479
f 479//479 395//395 397//397
f 479//479 397//397 480//480
f 480//480 397//397 237//237
f 480//480 237//237 239//239
f 470//470 469//469 313//313
f 313//313 469//469 315//315
f 252//252 262//262 249//249
f 228//228 226//226 261//261
f 460//460 475//475 461//461
f 461//461 475//475 481//481
f 461//461 481//481 462//462
f 462//462 481//481 482//482
f 462//462 482//482 463//463
f 463//463 482//482 483//483
f 463//463 483//483 464//464
f 464//464 483//483 484//484
f 464//464 484//484 465//465
f 465//465 484//484 485//485
f 465//465 485//485 466//466
f 466//466 485//485 486//486
f 466//466 486//486 467//467
f 467//467 486//486 293//293
f 467//467 293//293 295//295
f 481//481 475//475 476//476
f 471//471 470//470 311//311
f 311//311 470//470 313//313
f 228//228 261//261 487//487
f 487//487 261//261 260//260
f 487//487 260//260 488//488
f 488//488 260//260 259//259
f 488//488 259//259 489//489
f 489//489 259//259 258//258
f 489//489 258//258 490//490
f 490//490 258//258 263//263
f 490//490 263//263 491//491
f 491//491 263//263 265//265
f 491//491 265//265 267//267
f 481//481 476//476 492//492
f 492//492 476//476 477//477
f 492//492 477//477 493//493
f 493//493 477//477 478//478
f 493//493 478//478 494//494
f 494//494 478//478 479//479
f 494//494 479//479 495//495
f 495//495 479//479 480//480
f 495//495 480//480 496//496
f 496//496 480//480 239//239
f 496//496 239//239 241//241
f 472//472 471//471 309//309
f 309//309 471//471 311//311
f 228//228 487//487 230//230
f 230//230 487//487 497//497
f 230//230 497//497 232//232
f 232//232 497//497 498//498
f 232//232 498//498 234//234
f 234//234 498//498 499//499
f 234//234 499//499 236//236
f 236//236 499//499 500//500
f 236//236 500//500 238//238
f 238//238 500//500 278//278
f 238//238 278//278 240//240
f 497//497 487//487 488//488
f 481//481 492//492 482//482
f 482//482 492//492 501//501
f 482//482 501//501 483//483
f 483//483 501//501 502//502
f 483//483 502//502 484//484
f 484//484 502//502 503//503
f 484//484 503//503 485//485
f 485//485 503//503 504//504
f 485//485 504//504 486//486
f 486//486 504//504 291//291
f 486//486 291//291 293//293
f 501//501 492//492 493//493
f 473//473 472//472 307//307
f 307//307 472//472 309//309
f 497//497 488//488 505//505
f 505//505 488//488 489//489
f 505//505 489//489 506//506
f 506//506 489//489 490//490
f 506//506 490//490 507//507
f 507//507 490//490 491//491
f 507//507 491//491 270//270
f 270//270 491//491 267//267
f 501//501 493//493 508//508
f 508//508 493//493 494//494
f 508//508 494//494 509//509
f 509//509 494//494 495//495
f 509//509 495//495 510//510
f 510//510 495//495 496//496
f 510//510 496//496 281//281
f 281//281 496//496 241//241
f 474//474 473//473 305//305
f 305//305 473//473 307//307
f 497//497 505//505 498//498
f 498//498 505//505 511//511
f 498//498 511//511 499//499
f 499//499 511//511 512//512
f 499//499 512//512 500//500
f 500//500 512//512 276//276
f 500//500 276//276 278//278
f 511//511 505//505 506//506
f 501//501 508//508 502//502
f 502//502 508//508 513//513
f 502//502 513//513 503//503
f 503//503 513//513 514//514
f 503//503 514//514 504//504
f 504//504 514//514 288//288
f 504//504 288//288 291//291
f 513//513 508//508 509//509
f 325//325 474//474 303//303
f 303//303 474//474 305//305
f 511//511 506//506 515//515
f 515//515 506//506 507//507
f 515//515 507//507 272//272
f 272//272 507//507 270//270
f 513//513 509//509 516//516
f 516//516 509//509 510//510
f 516//516 510//510 284//284
f 284//284 510//510 281//281
f 301//301 325//325 303//303
f 516//516 284//284 286//286
f 516//516 286//286 514//514
f 514//514 286//286 288//288
f 515//515 272//272 274//274
f 515//515 274//274 512//512
f 512//512 274//274 276//276
f 515//515 512//512 511//511
f 516//516 514//514 513//513
f 517//517 518//518 519//519
f 519//519 518//518 520//520
f 519//519 520//520 521//521
f 521//521 520//520 522//522
f 521//521 522//522 523//523
f 523//523 522//522 524//524
f 523//523 524//524 525//525
f 525//525 524//524 526//526
f 525//525 526//526 527//527
f 527//527 526//526 528//528
f 527//527 528//528 529//529
f 529//529 528//528 530//530
f 529//529 530//530 531//531
f 531//531 530//530 532//532
f 531//531 532//532 533//533
f 533//533 532//532 534//534
f 533//533 534//534 535//535
f 535//535 534//534 536//536
f 535//535 536//536 537//537
f 537//537 536//536 538//538
f 537//537 538//538 539//539
f 539//539 538//538 540//540
f 539//539 540//540 541//541
f 541//541 540//540 542//542
f 541//541 542//542 543//543
f 522//522 520//520 544//544
f 544//544 520//520 545//545
f 544//544 545//545 546//546
f 546//546 545//545 547//547
f 546//546 547//547 548//548
f 548//548 547//547 549//549
f 548//548 549//549 550//550
f 550//550 549//549 551//551
f 550//550 551//551 552//552
f 552//552 551//551 553//553
f 552//552 553//553 554//554
f 554//554 553//553 555//555
f 554//554 555//555 556//556
f 556//556 555//555 557//557
f 556//556 557//557 558//558
f 558//558 557//557 559//559
f 558//558 559//559 560//560
f 560//560 559//559 561//561
f 560//560 561//561 562//562
f 563//563 564//564 545//545
f 545//545 564//564 565//565
f 545//545 565//565 566//566
f 566//566 565//565 567//567
f 566//566 567//567 549//549
f 549//549 567//567 551//551
f 568//568 569//569 563//563
f 563//563 569//569 570//570
f 563//563 570//570 571//571
f 571//571 570//570 572//572
f 571//571 572//572 573//573
f 573//573 572//572 574//574
f 573//573 574//574 575//575
f 575//575 574//574 576//576
f 575//575 576//576 577//577
f 577//577 576//576 578//578
f 577//577 578//578 555//555
f 555//555 578//578 557//557
f 568//568 579//579 569//569
f 569//569 579//579 580//580
f 569//569 580//580 572//572
f 572//572 580//580 574//574
f 579//579 581//581 580//580
f 580//580 581//581 582//582
f 580//580 582//582 574//574
f 574//574 582//582 576//576
f 581//581 583//583 582//582
f 582//582 583//583 584//584
f 582//582 584//584 576//576
f 576//576 584//584 578//578
f 583//583 585//585 584//584
f 584//584 585//585 586//586
f 584//584 586//586 587//587
f 587//587 586//586 588//588
f 587//587 588//588 559//559
f 559//559 588//588 561//561
f 560//560 562//562 589//589
f 589//589 562//562 590//590
f 589//589 590//590 540//540
f 540//540 590//590 542//542
f 541//541 543//543 591//591
f 591//591 543//543 592//592
f 591//591 592//592 593//593
f 593//593 592//592 594//594
f 593//593 594//594 595//595
f 593//593 595//595 596//596
f 596//596 595//595 597//597
f 596//596 597//597 598//598
f 598//598 597//597 599//599
f 598//598 599//599 600//600
f 600//600 599//599 601//601
f 600//600 601//601 602//602
f 600//600 602//602 603//603
f 603//603 602//602 604//604
f 603//603 604//604 605//605
f 605//605 604//604 606//606
f 605//605 606//606 607//607
f 607//607 608//608 605//605
f 605//605 608//608 609//609
f 605//605 609//609 603//603
f 603//603 609//609 610//610
f 603//603 610//610 600//600
f 600//600 610//610 611//611
f 600//600 611//611 598//598
f 598//598 611//611 612//612
f 598//598 612//612 596//596
f 596//596 612//612 613//613
f 596//596 613//613 593//593
f 593//593 613//613 614//614
f 593//593 614//614 591//591
f 591//591 614//614 615//615
f 591//591 615//615 541//541
f 541//541 615//615 539//539
f 608//608 616//616 609//609
f 609//609 616//616 617//617
f 609//609 617//617 618//618
f 618//618 619//619 609//609
f 609//609 619//619 620//620
f 609//609 620//620 621//621
f 621//621 620//620 622//622
f 621//621 622//622 623//623
f 621//621 623//623 624//624
f 624//624 623//623 625//625
f 624//624 625//625 626//626
f 626//626 625//625 627//627
f 626//626 627//627 628//628
f 628//628 627//627 629//629
f 628//628 629//629 630//630
f 630//630 629//629 631//631
f 630//630 631//631 632//632
f 633//633 634//634 632//632
f 632//632 634//634 635//635
f 632//632 635//635 630//630
f 630//630 635//635 636//636
f 630//630 636//636 637//637
f 637//637 636//636 638//638
f 637//637 638//638 639//639
f 639//639 638//638 640//640
f 639//639 640//640 641//641
f 641//641 640//640 642//642
f 641//641 642//642 643//643
f 643//643 642//642 644//644
f 643//643 644//644 645//645
f 645//645 644//644 646//646
f 645//645 646//646 647//647
f 647//647 646//646 648//648
f 647//647 648//648 649//649
f 649//649 648//648 650//650
f 649//649 650//650 651//651
f 651//651 650//650 652//652
f 651//651 652//652 653//653
f 653//653 652//652 654//654
f 653//653 654//654 655//655
f 655//655 654//654 656//656
f 655//655 656//656 657//657
f 657//657 656//656 658//658
f 657//657 658//658 529//529
f 529//529 658//658 527//527
f 659//659 660//660 633//633
f 633//633 660//660 661//661
f 633//633 661//661 634//634
f 634//634 661//661 662//662
f 634//634 662//662 663//663
f 663//663 662//662 664//664
f 663//663 664//664 665//665
f 665//665 664//664 666//666
f 665//665 666//666 667//667
f 667//667 666//666 668//668
f 667//667 668//668 669//669
f 669//669 668//668 670//670
f 669//669 670//670 671//671
f 671//671 670//670 672//672
f 671//671 672//672 673//673
f 673//673 672//672 674//674
f 673//673 674//674 675//675
f 675//675 674//674 676//676
f 675//675 676//676 677//677
f 677//677 676//676 678//678
f 677//677 678//678 679//679
f 679//679 678//678 680//680
f 679//679 680//680 681//681
f 681//681 680//680 682//682
f 681//681 682//682 683//683
f 683//683 682//682 684//684
f 683//683 684//684 685//685
f 685//685 684//684 686//686
f 685//685 686//686 687//687
f 687//687 686//686 688//688
f 687//687 688//688 525//525
f 525//525 688//688 523//523
f 660//660 659//659 689//689
f 689//689 659//659 690//690
f 689//689 690//690 691//691
f 691//691 690//690 692//692
f 689//689 691//691 693//693
f 693//693 691//691 694//694
f 693//693 694//694 695//695
f 695//695 694//694 696//696
f 695//695 696//696 697//697
f 697//697 696//696 698//698
f 697//697 698//698 699//699
f 699//699 698//698 700//700
f 699//699 700//700 701//701
f 701//701 700//700 702//702
f 701//701 702//702 703//703
f 703//703 702//702 704//704
f 703//703 704//704 705//705
f 705//705 704//704 706//706
f 705//705 706//706 707//707
f 707//707 706//706 708//708
f 707//707 708//708 709//709
f 709//709 708//708 710//710
f 709//709 710//710 711//711
f 711//711 710//710 712//712
f 711//711 712//712 713//713
f 713//713 712//712 714//714
f 713//713 714//714 715//715
f 715//715 714//714 716//716
f 715//715 716//716 717//717
f 717//717 716//716 718//718
f 717//717 718//718 719//719
f 719//719 718//718 720//720
f 719//719 720//720 721//721
f 721//721 720//720 722//722
f 721//721 722//722 688//688
f 688//688 722//722 523//523
f 718//718 517//517 720//720
f 720//720 517//517 519//519
f 720//720 519//519 722//722
f 722//722 519//519 521//521
f 722//722 521//521 523//523
f 564//564 563//563 571//571
f 547//547 545//545 566//566
f 717//717 719//719 723//723
f 723//723 719//719 721//721
f 723//723 721//721 686//686
f 686//686 721//721 688//688
f 715//715 717//717 724//724
f 724//724 717//717 723//723
f 724//724 723//723 684//684
f 684//684 723//723 686//686
f 713//713 715//715 725//725
f 725//725 715//715 724//724
f 725//725 724//724 682//682
f 682//682 724//724 684//684
f 711//711 713//713 726//726
f 726//726 713//713 725//725
f 726//726 725//725 680//680
f 680//680 725//725 682//682
f 709//709 711//711 727//727
f 727//727 711//711 726//726
f 727//727 726//726 678//678
f 678//678 726//726 680//680
f 707//707 709//709 728//728
f 728//728 709//709 727//727
f 728//728 727//727 676//676
f 676//676 727//727 678//678
f 705//705 707//707 729//729
f 729//729 707//707 728//728
f 729//729 728//728 674//674
f 674//674 728//728 676//676
f 703//703 705//705 730//730
f 730//730 705//705 729//729
f 730//730 729//729 672//672
f 672//672 729//729 674//674
f 701//701 703//703 731//731
f 731//731 703//703 730//730
f 731//731 730//730 670//670
f 670//670 730//730 672//672
f 699//699 701//701 732//732
f 732//732 701//701 731//731
f 732//732 731//731 668//668
f 668//668 731//731 670//670
f 697//697 699//699 733//733
f 733//733 699//699 732//732
f 733//733 732//732 666//666
f 666//666 732//732 668//668
f 695//695 697//697 734//734
f 734//734 697//697 733//733
f 734//734 733//733 664//664
f 664//664 733//733 666//666
f 660//660 689//689 693//693
f 693//693 695//695 735//735
f 735//735 695//695 734//734
f 735//735 734//734 662//662
f 662//662 734//734 664//664
f 662//662 661//661 735//735
f 735//735 661//661 660//660
f 735//735 660//660 693//693
f 566//566 549//549 547//547
f 550//550 736//736 737//737
f 737//737 736//736 528//528
f 737//737 528//528 526//526
f 528//528 736//736 530//530
f 530//530 736//736 738//738
f 530//530 738//738 532//532
f 532//532 738//738 739//739
f 532//532 739//739 534//534
f 534//534 739//739 740//740
f 534//534 740//740 536//536
f 536//536 740//740 741//741
f 536//536 741//741 538//538
f 538//538 741//741 589//589
f 538//538 589//589 540//540
f 738//738 736//736 552//552
f 552//552 736//736 550//550
f 657//657 529//529 531//531
f 655//655 657//657 742//742
f 742//742 657//657 531//531
f 742//742 531//531 533//533
f 653//653 655//655 743//743
f 743//743 655//655 742//742
f 743//743 742//742 744//744
f 744//744 742//742 533//533
f 744//744 533//533 535//535
f 651//651 653//653 745//745
f 745//745 653//653 743//743
f 745//745 743//743 746//746
f 746//746 743//743 744//744
f 746//746 744//744 747//747
f 747//747 744//744 535//535
f 747//747 535//535 537//537
f 649//649 651//651 748//748
f 748//748 651//651 745//745
f 748//748 745//745 749//749
f 749//749 745//745 746//746
f 749//749 746//746 750//750
f 750//750 746//746 747//747
f 750//750 747//747 751//751
f 751//751 747//747 537//537
f 751//751 537//537 539//539
f 647//647 649//649 752//752
f 752//752 649//649 748//748
f 752//752 748//748 753//753
f 753//753 748//748 749//749
f 753//753 749//749 754//754
f 754//754 749//749 750//750
f 754//754 750//750 755//755
f 755//755 750//750 751//751
f 755//755 751//751 615//615
f 615//615 751//751 539//539
f 645//645 647//647 756//756
f 756//756 647//647 752//752
f 756//756 752//752 757//757
f 757//757 752//752 753//753
f 757//757 753//753 758//758
f 758//758 753//753 754//754
f 758//758 754//754 759//759
f 759//759 754//754 755//755
f 759//759 755//755 614//614
f 614//614 755//755 615//615
f 643//643 645//645 760//760
f 760//760 645//645 756//756
f 760//760 756//756 761//761
f 761//761 756//756 757//757
f 761//761 757//757 762//762
f 762//762 757//757 758//758
f 762//762 758//758 763//763
f 763//763 758//758 759//759
f 763//763 759//759 613//613
f 613//613 759//759 614//614
f 641//641 643//643 764//764
f 764//764 643//643 760//760
f 764//764 760//760 765//765
f 765//765 760//760 761//761
f 765//765 761//761 766//766
f 766//766 761//761 762//762
f 766//766 762//762 767//767
f 767//767 762//762 763//763
f 767//767 763//763 612//612
f 612//612 763//763 613//613
f 639//639 641//641 768//768
f 768//768 641//641 764//764
f 768//768 764//764 769//769
f 769//769 764//764 765//765
f 769//769 765//765 770//770
f 770//770 765//765 766//766
f 770//770 766//766 771//771
f 771//771 766//766 767//767
f 771//771 767//767 611//611
f 611//611 767//767 612//612
f 637//637 639//639 772//772
f 772//772 639//639 768//768
f 772//772 768//768 773//773
f 773//773 768//768 769//769
f 773//773 769//769 774//774
f 774//774 769//769 770//770
f 774//774 770//770 775//775
f 775//775 770//770 771//771
f 775//775 771//771 610//610
f 610//610 771//771 611//611
f 630//630 637//637 628//628
f 628//628 637//637 772//772
f 628//628 772//772 626//626
f 626//626 772//772 773//773
f 626//626 773//773 624//624
f 624//624 773//773 774//774
f 624//624 774//774 621//621
f 621//621 774//774 775//775
f 621//621 775//775 609//609
f 609//609 775//775 610//610
f 550//550 737//737 548//548
f 548//548 737//737 776//776
f 548//548 776//776 546//546
f 546//546 776//776 544//544
f 776//776 737//737 526//526
f 570//570 569//569 572//572
f 557//557 578//578 587//587
f 587//587 578//578 584//584
f 587//587 559//559 557//557
f 558//558 560//560 741//741
f 741//741 560//560 589//589
f 556//556 558//558 740//740
f 740//740 558//558 741//741
f 554//554 556//556 739//739
f 739//739 556//556 740//740
f 555//555 553//553 577//577
f 577//577 553//553 777//777
f 577//577 777//777 575//575
f 575//575 777//777 778//778
f 575//575 778//778 573//573
f 573//573 778//778 564//564
f 573//573 564//564 571//571
f 552//552 554//554 738//738
f 738//738 554//554 739//739
f 553//553 551//551 777//777
f 777//777 551//551 567//567
f 777//777 567//567 778//778
f 778//778 567//567 565//565
f 778//778 565//565 564//564
f 634//634 663//663 635//635
f 635//635 663//663 636//636
f 663//663 665//665 636//636
f 636//636 665//665 638//638
f 665//665 667//667 638//638
f 638//638 667//667 640//640
f 667//667 669//669 640//640
f 640//640 669//669 642//642
f 669//669 671//671 642//642
f 642//642 671//671 644//644
f 671//671 673//673 644//644
f 644//644 673//673 646//646
f 673//673 675//675 646//646
f 646//646 675//675 648//648
f 675//675 677//677 648//648
f 648//648 677//677 650//650
f 677//677 679//679 650//650
f 650//650 679//679 652//652
f 679//679 681//681 652//652
f 652//652 681//681 654//654
f 681//681 683//683 654//654
f 654//654 683//683 656//656
f 683//683 685//685 656//656
f 656//656 685//685 658//658
f 685//685 687//687 658//658
f 658//658 687//687 527//527
f 687//687 525//525 527//527
f 544//544 776//776 524//524
f 524//524 776//776 526//526
f 522//522 544//544 524//524
f 779//779 780//780 781//781
f 781//781 780//780 782//782
f 781//781 782//782 783//783
f 783//783 782//782 784//784
f 783//783 784//784 785//785
f 785//785 784//784 786//786
f 785//785 786//786 787//787
f 787//787 786//786 788//788
f 787//787 788//788 789//789
f 789//789 788//788 790//790
f 789//789 790//790 791//791
f 791//791 790//790 792//792
f 791//791 792//792 793//793
f 793//793 792//792 794//794
f 793//793 794//794 795//795
f 795//795 794//794 796//796
f 795//795 796//796 797//797
f 797//797 796//796 798//798
f 797//797 798//798 799//799
f 799//799 798//798 800//800
f 799//799 800//800 801//801
f 801//801 800//800 802//802
f 801//801 802//802 803//803
f 803//803 802//802 804//804
f 803//803 804//804 805//805
f 805//805 804//804 806//806
f 805//805 806//806 807//807
f 807//807 806//806 808//808
f 807//807 808//808 809//809
f 809//809 808//808 810//810
f 809//809 810//810 811//811
f 808//808 812//812 810//810
f 810//810 812//812 813//813
f 813//813 812//812 814//814
f 814//814 812//812 815//815
f 815//815 812//812 816//816
f 815//815 816//816 817//817
f 817//817 816//816 818//818
f 818//818 816//816 819//819
f 819//819 816//816 820//820
f 819//819 820//820 821//821
f 821//821 820//820 822//822
f 822//822 820//820 823//823
f 823//823 820//820 824//824
f 824//824 820//820 825//825
f 825//825 820//820 826//826
f 825//825 826//826 827//827
f 827//827 826//826 828//828
f 828//828 826//826 829//829
f 829//829 826//826 830//830
f 830//830 826//826 831//831
f 830//830 831//831 832//832
f 832//832 831//831 833//833
f 833//833 831//831 834//834
f 834//834 831//831 835//835
f 835//835 831//831 836//836
f 836//836 831//831 837//837
f 836//836 837//837 838//838
f 838//838 837//837 839//839
f 839//839 837//837 840//840
f 840//840 837//837 841//841
f 840//840 841//841 842//842
f 842//842 841//841 843//843
f 843//843 841//841 844//844
f 844//844 841//841 845//845
f 844//844 845//845 846//846
f 846//846 845//845 847//847
f 847//847 845//845 848//848
f 848//848 845//845 849//849
f 849//849 845//845 850//850
f 850//850 845//845 851//851
f 851//851 845//845 852//852
f 851//851 852//852 853//853
f 853//853 852//852 854//854
f 854//854 852//852 855//855
f 855//855 852//852 856//856
f 856//856 852//852 857//857
f 857//857 852//852 858//858
f 857//857 858//858 859//859
f 859//859 858//858 860//860
f 860//860 858//858 861//861
f 861//861 858//858 862//862
f 862//862 858//858 863//863
f 863//863 858//858 864//864
f 863//863 864//864 865//865
f 865//865 864//864 866//866
f 866//866 864//864 867//867
f 867//867 864//864 868//868
f 868//868 864//864 869//869
f 868//868 869//869 870//870
f 870//870 869//869 871//871
f 871//871 869//869 872//872
f 872//872 869//869 873//873
f 873//873 869//869 874//874
f 873//873 874//874 875//875
f 875//875 874//874 876//876
f 876//876 874//874 877//877
f 877//877 874//874 878//878
f 878//878 874//874 879//879
f 879//879 874//874 880//880
f 880//880 874//874 881//881
f 881//881 874//874 882//882
f 881//881 882//882 883//883
f 883//883 882//882 884//884
f 883//883 884//884 885//885
f 886//886 887//887 811//811
f 811//811 887//887 809//809
f 888//888 889//889 890//890
f 890//890 889//889 891//891
f 891//891 889//889 892//892
f 891//891 892//892 893//893
f 893//893 892//892 894//894
f 894//894 892//892 895//895
f 896//896 897//897 898//898
f 898//898 897//897 899//899
f 898//898 899//899 900//900
f 898//898 900//900 901//901
f 901//901 900//900 902//902
f 901//901 902//902 903//903
f 904//904 905//905 906//906
f 906//906 905//905 907//907
f 906//906 907//907 908//908
f 908//908 909//909 906//906
f 910//910 913//913 919//919
f 917//917 914//914 923//923
f 916//916 922//922 924//924
f 924//924 926//926 920//920
f 918//918 925//925 931//931
f 921//921 930//930 932//932
f 934//934 929//929 936//936
f 935//935 936//936 937//937
f 937//937 936//936 938//938
f 937//937 938//938 939//939
f 939//939 938//938 940//940
f 939//939 940//940 941//941
f 927//927 944//944 930//930
f 928//928 943//943 936//936
f 942//942 940//940 936//936
f 936//936 940//940 938//938
f 939//939 941//941 945//945
f 945//945 941//941 946//946
f 945//945 946//946 947//947
f 947//947 946//946 948//948
f 947//947 948//948 950//950
f 950//950 948//948 951//951
f 949//949 951//951 952//952
f 953//953 954//954 952//952
f 952//952 954//954 949//949
f 954//954 956//956 950//950
f 950//950 955//955 947//947
f 955//955 957//957 947//947
f 947//947 957//957 945//945
f 957//957 958//958 945//945
f 945//945 958//958 939//939
f 958//958 937//937 939//939
f 933//933 959//959 915//915
f 915//915 959//959 911//911
f 960//960 961//961 912//912
f 912//912 961//961 962//962
f 963//963 964//964 965//965
f 965//965 964//964 966//966
f 965//965 966//966 967//967
f 963//963 968//968 964//964
f 965//965 967//967 969//969
f 969//969 967//967 970//970
f 969//969 970//970 971//971
f 973//973 974//974 971//971
f 971//971 974//974 975//975
f 972//972 976//976 977//977
f 979//979 980//980 973//973
f 973//973 980//980 981//981
f 973//973 981//981 974//974
f 980//980 979//979 983//983
f 983//983 979//979 987//987
f 982//982 984//984 988//988
f 989//989 985//985 990//990
f 991//991 986//986 993//993
f 992//992 987//987 994//994
f 992//992 994//994 996//996
f 992//992 996//996 997//997
f 999//999 995//995 1000//1000
f 998//998 1001//1001 1002//1002
f 1003//1003 1004//1004 997//997
f 997//997 1004//1004 1006//1006
f 1007//1007 1005//1005 1009//1009
f 1010//1010 1004//1004 1011//1011
f 1008//1008 1012//1012 1014//1014
f 1015//1015 1011//1011 1017//1017
f 1013//1013 1016//1016 1018//1018
f 1019//1019 1017//1017 1020//1020
f 1020//1020 1017//1017 1021//1021
f 978//978 1022//1022 971//971
f 971//971 1022//1022 969//969
f 1023//1023 1028//1028 1030//1030
f 1029//1029 1027//1027 1033//1033
f 1031//1031 1034//1034 1036//1036
f 1039//1039 1042//1042 1023//1023
f 1025//1025 1041//1041 1044//1044
f 1023//1023 1045//1045 1046//1046
f 1047//1047 1050//1050 1037//1037
f 1040//1040 1051//1051 1053//1053
f 1038//1038 1052//1052 1043//1043
f 1049//1049 1048//1048 1054//1054
f 1054//1054 1048//1048 1055//1055
f 1054//1054 1055//1055 1056//1056
f 1056//1056 1055//1055 1057//1057
f 1056//1056 1057//1057 1058//1058
f 1058//1058 1057//1057 1059//1059
f 1059//1059 1057//1057 1060//1060
f 1060//1060 1057//1057 1062//1062
f 1060//1060 1062//1062 1063//1063
f 1064//1064 1061//1061 1066//1066
f 1063//1063 1065//1065 1067//1067
f 1067//1067 1065//1065 1068//1068
f 1046//1046 1069//1069 1023//1023
f 1026//1026 1070//1070 1071//1071
f 1024//1024 1072//1072 1073//1073
f 1074//1074 1075//1075 1023//1023
f 1023//1023 1075//1075 1028//1028
f 1035//1035 1076//1076 1032//1032
f 1029//1029 1077//1077 1078//1078
f 1079//1079 1080//1080 1081//1081
f 1081//1081 1080//1080 1082//1082
f 1081//1081 1082//1082 1083//1083
f 1083//1083 1082//1082 1084//1084
f 1083//1083 1084//1084 1085//1085
f 1083//1083 1085//1085 1086//1086
f 1086//1086 1085//1085 1087//1087
f 1086//1086 1087//1087 1088//1088
f 1088//1088 1087//1087 1089//1089
f 1088//1088 1089//1089 1090//1090
f 1088//1088 1090//1090 1091//1091
f 1091//1091 1090//1090 1092//1092
f 1091//1091 1092//1092 1093//1093
f 1093//1093 1092//1092 1094//1094
f 1093//1093 1094//1094 1095//1095
f 1093//1093 1095//1095 1096//1096
f 1096//1096 1095//1095 1097//1097
f 1096//1096 1097//1097 1098//1098
f 1098//1098 1097//1097 1099//1099
f 1098//1098 1099//1099 1100//1100
f 1100//1100 1099//1099 1101//1101
f 1100//1100 1101//1101 1102//1102
f 1102//1102 1101//1101 1103//1103
f 1102//1102 1103//1103 1104//1104
f 1105//1105 1106//1106 1104//1104
f 1104//1104 1106//1106 1107//1107
f 1104//1104 1107//1107 1102//1102
f 1102//1102 1107//1107 1108//1108
f 1102//1102 1108//1108 1109//1109
f 1109//1109 1108//1108 1110//1110
f 1109//1109 1110//1110 1111//1111
f 1111//1111 1110//1110 1112//1112
f 1111//1111 1112//1112 1113//1113
f 1106//1106 1105//1105 1114//1114
f 1114//1114 1105//1105 1115//1115
f 1114//1114 1115//1115 1116//1116
f 1116//1116 1115//1115 1117//1117
f 1116//1116 1117//1117 1118//1118
f 1118//1118 1117//1117 1119//1119
f 1118//1118 1119//1119 1120//1120
f 1120//1120 1119//1119 1121//1121
f 1120//1120 1121//1121 1122//1122
f 1122//1122 1121//1121 1123//1123
f 1122//1122 1123//1123 1124//1124
f 1124//1124 1123//1123 1125//1125
f 1124//1124 1125//1125 1126//1126
f 1126//1126 1125//1125 1127//1127
f 1126//1126 1127//1127 1128//1128
f 1128//1128 1127//1127 1129//1129
f 1128//1128 1129//1129 1130//1130
f 1130//1130 1129//1129 1131//1131
f 1131//1131 1129//1129 1132//1132
f 1131//1131 1132//1132 1133//1133
f 1133//1133 1132//1132 1134//1134
f 1133//1133 1134//1134 1135//1135
f 1135//1135 1134//1134 1136//1136
f 1136//1136 1134//1134 1137//1137
f 1136//1136 1137//1137 1138//1138
f 1138//1138 1137//1137 1121//1121
f 1138//1138 1121//1121 1119//1119
f 1126//1126 1139//1139 1124//1124
f 1124//1124 1139//1139 1140//1140
f 1124//1124 1140//1140 1122//1122
f 1122//1122 1140//1140 1141//1141
f 1122//1122 1141//1141 1120//1120
f 1120//1120 1141//1141 1118//1118
f 1139//1139 1142//1142 1140//1140
f 1140//1140 1142//1142 1143//1143
f 1140//1140 1143//1143 1141//1141
f 1141//1141 1143//1143 1144//1144
f 1141//1141 1144//1144 1118//1118
f 1118//1118 1144//1144 1116//1116
f 1142//1142 1145//1145 1143//1143
f 1143//1143 1145//1145 1146//1146
f 1143//1143 1146//1146 1144//1144
f 1144//1144 1146//1146 1147//1147
f 1144//1144 1147//1147 1116//1116
f 1116//1116 1147//1147 1114//1114
f 1146//1146 1145//1145 1148//1148
f 1148//1148 1145//1145 1149//1149
f 1148//1148 1149//1149 1150//1150
f 1150//1150 1149//1149 1151//1151
f 1150//1150 1151//1151 1152//1152
f 1152//1152 1151//1151 1153//1153
f 1152//1152 1153//1153 1154//1154
f 1152//1152 1154//1154 1110//1110
f 1110//1110 1154//1154 1112//1112
f 1111//1111 1113//1113 1155//1155
f 1155//1155 1113//1113 1156//1156
f 1155//1155 1156//1156 1157//1157
f 1157//1157 1156//1156 1158//1158
f 1157//1157 1158//1158 1159//1159
f 1157//1157 1159//1159 1160//1160
f 1160//1160 1159//1159 1161//1161
f 1160//1160 1161//1161 1162//1162
f 1162//1162 1161//1161 1163//1163
f 1162//1162 1163//1163 1164//1164
f 1162//1162 1164//1164 1165//1165
f 1165//1165 1164//1164 1166//1166
f 1165//1165 1166//1166 1167//1167
f 1165//1165 1167//1167 1168//1168
f 1168//1168 1167//1167 1169//1169
f 1168//1168 1169//1169 1170//1170
f 1170//1170 1169//1169 1171//1171
f 1170//1170 1171//1171 1172//1172
f 1169//1169 1173//1173 1171//1171
f 1174//1174 1175//1175 1172//1172
f 1172//1172 1175//1175 1176//1176
f 1172//1172 1176//1176 1177//1177
f 1177//1177 1178//1178 1172//1172
f 1172//1172 1178//1178 1170//1170
f 1170//1170 1178//1178 1179//1179
f 1179//1179 1178//1178 1180//1180
f 1179//1179 1180//1180 1081//1081
f 1081//1081 1180//1180 1079//1079
f 1123//1123 1121//1121 1137//1137
f 1137//1137 1134//1134 1181//1181
f 1181//1181 1134//1134 1132//1132
f 1181//1181 1132//1132 1127//1127
f 1127//1127 1132//1132 1129//1129
f 1106//1106 1114//1114 1182//1182
f 1182//1182 1114//1114 1147//1147
f 1182//1182 1147//1147 1148//1148
f 1148//1148 1147//1147 1146//1146
f 1107//1107 1106//1106 1183//1183
f 1183//1183 1106//1106 1182//1182
f 1183//1183 1182//1182 1150//1150
f 1150//1150 1182//1182 1148//1148
f 1102//1102 1109//1109 1100//1100
f 1100//1100 1109//1109 1184//1184
f 1100//1100 1184//1184 1098//1098
f 1098//1098 1184//1184 1185//1185
f 1098//1098 1185//1185 1096//1096
f 1096//1096 1185//1185 1186//1186
f 1096//1096 1186//1186 1093//1093
f 1093//1093 1186//1186 1187//1187
f 1093//1093 1187//1187 1091//1091
f 1091//1091 1187//1187 1188//1188
f 1091//1091 1188//1188 1088//1088
f 1088//1088 1188//1188 1189//1189
f 1088//1088 1189//1189 1086//1086
f 1086//1086 1189//1189 1190//1190
f 1086//1086 1190//1190 1083//1083
f 1083//1083 1190//1190 1179//1179
f 1083//1083 1179//1179 1081//1081
f 1125//1125 1123//1123 1181//1181
f 1181//1181 1123//1123 1137//1137
f 1125//1125 1181//1181 1127//1127
f 1107//1107 1183//1183 1108//1108
f 1108//1108 1183//1183 1152//1152
f 1108//1108 1152//1152 1110//1110
f 1152//1152 1183//1183 1150//1150
f 1109//1109 1111//1111 1184//1184
f 1184//1184 1111//1111 1155//1155
f 1184//1184 1155//1155 1185//1185
f 1185//1185 1155//1155 1157//1157
f 1185//1185 1157//1157 1186//1186
f 1186//1186 1157//1157 1160//1160
f 1186//1186 1160//1160 1187//1187
f 1187//1187 1160//1160 1162//1162
f 1187//1187 1162//1162 1188//1188
f 1188//1188 1162//1162 1165//1165
f 1188//1188 1165//1165 1189//1189
f 1189//1189 1165//1165 1168//1168
f 1189//1189 1168//1168 1190//1190
f 1190//1190 1168//1168 1170//1170
f 1190//1190 1170//1170 1179//1179
f 1192//1192 1193//1193 1194//1194
f 1194//1194 1193//1193 1195//1195
f 1194//1194 1195//1195 1196//1196
f 1196//1196 1195//1195 1197//1197
f 1196//1196 1197//1197 1198//1198
f 1198//1198 1197//1197 1199//1199
f 1198//1198 1199//1199 1200//1200
f 1200//1200 1199//1199 1201//1201
f 1201//1201 1199//1199 1202//1202
f 1201//1201 1202//1202 1203//1203
f 1203//1203 1202//1202 1204//1204
f 1203//1203 1204//1204 1205//1205
f 1205//1205 1204//1204 1206//1206
f 1205//1205 1206//1206 1207//1207
f 1207//1207 1206//1206 1208//1208
f 1207//1207 1208//1208 1209//1209
f 1209//1209 1208//1208 1210//1210
f 1209//1209 1210//1210 1211//1211
f 1211//1211 1210//1210 1212//1212
f 1211//1211 1212//1212 1213//1213
f 1213//1213 1212//1212 1214//1214
f 1213//1213 1214//1214 1215//1215
f 1215//1215 1214//1214 1216//1216
f 1215//1215 1216//1216 1217//1217
f 1217//1217 1216//1216 1218//1218
f 1217//1217 1218//1218 1219//1219
f 1219//1219 1218//1218 1220//1220
f 1219//1219 1220//1220 1221//1221
f 1221//1221 1220//1220 1222//1222
f 1221//1221 1222//1222 1223//1223
f 1223//1223 1222//1222 1224//1224
f 1223//1223 1224//1224 1225//1225
f 1195//1195 1226//1226 1197//1197
f 1197//1197 1226//1226 1227//1227
f 1197//1197 1227//1227 1228//1228
f 1228//1228 1227//1227 1229//1229
f 1228//1228 1229//1229 1230//1230
f 1230//1230 1229//1229 1231//1231
f 1230//1230 1231//1231 1232//1232
f 1232//1232 1231//1231 1233//1233
f 1232//1232 1233//1233 1234//1234
f 1234//1234 1233//1233 1235//1235
f 1234//1234 1235//1235 1236//1236
f 1236//1236 1235//1235 1237//1237
f 1236//1236 1237//1237 1238//1238
f 1238//1238 1237//1237 1239//1239
f 1238//1238 1239//1239 1240//1240
f 1240//1240 1239//1239 1241//1241
f 1240//1240 1241//1241 1242//1242
f 1242//1242 1241//1241 1243//1243
f 1242//1242 1243//1243 1244//1244
f 1244//1244 1243//1243 1245//1245
f 1244//1244 1245//1245 1246//1246
f 1246//1246 1245//1245 1247//1247
f 1246//1246 1247//1247 1248//1248
f 1248//1248 1247//1247 1249//1249
f 1248//1248 1249//1249 1250//1250
f 1250//1250 1249//1249 1251//1251
f 1250//1250 1251//1251 1252//1252
f 1252//1252 1251//1251 1253//1253
f 1250//1250 1252//1252 1222//1222
f 1222//1222 1252//1252 1224//1224
f 1200//1200 1254//1254 1198//1198
f 1198//1198 1254//1254 1255//1255
f 1198//1198 1255//1255 1196//1196
f 1196//1196 1255//1255 1256//1256
f 1196//1196 1256//1256 1194//1194
f 1254//1254 1257//1257 1255//1255
f 1255//1255 1257//1257 1258//1258
f 1255//1255 1258//1258 1256//1256
f 1202//1202 1199//1199 1228//1228
f 1228//1228 1199//1199 1197//1197
f 1204//1204 1202//1202 1230//1230
f 1230//1230 1202//1202 1228//1228
f 1206//1206 1204//1204 1232//1232
f 1232//1232 1204//1204 1230//1230
f 1208//1208 1206//1206 1234//1234
f 1234//1234 1206//1206 1232//1232
f 1210//1210 1208//1208 1236//1236
f 1236//1236 1208//1208 1234//1234
f 1212//1212 1210//1210 1238//1238
f 1238//1238 1210//1210 1236//1236
f 1214//1214 1212//1212 1240//1240
f 1240//1240 1212//1212 1238//1238
f 1216//1216 1214//1214 1242//1242
f 1242//1242 1214//1214 1240//1240
f 1218//1218 1216//1216 1244//1244
f 1244//1244 1216//1216 1242//1242
f 1220//1220 1218//1218 1246//1246
f 1246//1246 1218//1218 1244//1244
f 1246//1246 1248//1248 1220//1220
f 1220//1220 1248//1248 1250//1250
f 1220//1220 1250//1250 1222//1222
f 1259//1259 1260//1260 1261//1261
f 1261//1261 1260//1260 1262//1262
f 1261//1261 1262//1262 1263//1263
f 1260//1260 1259//1259 1264//1264
f 1264//1264 1259//1259 1265//1265
f 1264//1264 1265//1265 1266//1266
f 1266//1266 1267//1267 1264//1264
f 1264//1264 1267//1267 1268//1268
f 1264//1264 1268//1268 1269//1269
f 1269//1269 1268//1268 1270//1270
f 1269//1269 1270//1270 1271//1271
f 1271//1271 1270//1270 1272//1272
f 1272//1272 1270//1270 1273//1273
f 1272//1272 1273//1273 1274//1274
f 1274//1274 1273//1273 1275//1275
f 1274//1274 1275//1275 1276//1276
f 1276//1276 1275//1275 1277//1277
f 1276//1276 1277//1277 1278//1278
f 1278//1278 1277//1277 1279//1279
f 1278//1278 1279//1279 1280//1280
f 1280//1280 1279//1279 1281//1281
f 1280//1280 1281//1281 1282//1282
f 1282//1282 1281//1281 1283//1283
f 1282//1282 1283//1283 1284//1284
f 1284//1284 1283//1283 1285//1285
f 1284//1284 1285//1285 1286//1286
f 1286//1286 1285//1285 1287//1287
f 1286//1286 1287//1287 1288//1288
f 1288//1288 1287//1287 1289//1289
f 1288//1288 1289//1289 1290//1290
f 1290//1290 1289//1289 1291//1291
f 1290//1290 1291//1291 1292//1292
f 1292//1292 1291//1291 1293//1293
f 1292//1292 1293//1293 1294//1294
f 1294//1294 1293//1293 1295//1295
f 1294//1294 1295//1295 1296//1296
f 1267//1267 1297//1297 1268//1268
f 1268//1268 1297//1297 1298//1298
f 1268//1268 1298//1298 1270//1270
f 1270//1270 1298//1298 1273//1273
f 1297//1297 1299//1299 1298//1298
f 1298//1298 1299//1299 1300//1300
f 1298//1298 1300//1300 1273//1273
f 1273//1273 1300//1300 1275//1275
f 1299//1299 1301//1301 1300//1300
f 1300//1300 1301//1301 1302//1302
f 1300//1300 1302//1302 1275//1275
f 1275//1275 1302//1302 1277//1277
f 1301//1301 1303//1303 1302//1302
f 1302//1302 1303//1303 1304//1304
f 1302//1302 1304//1304 1277//1277
f 1277//1277 1304//1304 1279//1279
f 1303//1303 1305//1305 1304//1304
f 1304//1304 1305//1305 1306//1306
f 1304//1304 1306//1306 1279//1279
f 1279//1279 1306//1306 1281//1281
f 1305//1305 1307//1307 1306//1306
f 1306//1306 1307//1307 1308//1308
f 1306//1306 1308//1308 1281//1281
f 1281//1281 1308//1308 1283//1283
f 1307//1307 1309//1309 1308//1308
f 1308//1308 1309//1309 1310//1310
f 1308//1308 1310//1310 1283//1283
f 1283//1283 1310//1310 1285//1285
f 1309//1309 1311//1311 1310//1310
f 1310//1310 1311//1311 1312//1312
f 1310//1310 1312//1312 1285//1285
f 1285//1285 1312//1312 1287//1287
f 1311//1311 1313//1313 1312//1312
f 1312//1312 1313//1313 1314//1314
f 1312//1312 1314//1314 1287//1287
f 1287//1287 1314//1314 1289//1289
f 1313//1313 1315//1315 1314//1314
f 1314//1314 1315//1315 1316//1316
f 1314//1314 1316//1316 1289//1289
f 1289//1289 1316//1316 1291//1291
f 1315//1315 1317//1317 1316//1316
f 1316//1316 1317//1317 1318//1318
f 1316//1316 1318//1318 1291//1291
f 1291//1291 1318//1318 1293//1293
f 1317//1317 1319//1319 1318//1318
f 1318//1318 1319//1319 1320//1320
f 1318//1318 1320//1320 1293//1293
f 1293//1293 1320//1320 1295//1295
f 1319//1319 1321//1321 1320//1320
f 1320//1320 1321//1321 1322//1322
f 1320//1320 1322//1322 1295//1295
f 1321//1321 1323//1323 1322//1322
f 1271//1271 1324//1324 1269//1269
f 1269//1269 1324//1324 1262//1262
f 1269//1269 1262//1262 1260//1260
f 1263//1263 1191//1191 1261//1261
f 1269//1269 1260//1260 1264//1264
f 1325//1325 1326//1326 1327//1327
f 1327//1327 1326//1326 1328//1328
f 1327//1327 1328//1328 1329//1329
f 1329//1329 1328//1328 1330//1330
f 1329//1329 1330//1330 1331//1331
f 1331//1331 1330//1330 1332//1332
f 1331//1331 1332//1332 1333//1333
f 1333//1333 1332//1332 1334//1334
f 1334//1334 1332//1332 1335//1335
f 1334//1334 1335//1335 1336//1336
f 1336//1336 1335//1335 1337//1337
f 1336//1336 1337//1337 1338//1338
f 1338//1338 1337//1337 1339//1339
f 1338//1338 1339//1339 1340//1340
f 1340//1340 1339//1339 1341//1341
f 1341//1341 1339//1339 1342//1342
f 1341//1341 1342//1342 1343//1343
f 1343//1343 1342//1342 1344//1344
f 1343//1343 1344//1344 1345//1345
f 1345//1345 1344//1344 1346//1346
f 1346//1346 1344//1344 1347//1347
f 1346//1346 1347//1347 1348//1348
f 1348//1348 1347//1347 1349//1349
f 1348//1348 1349//1349 1350//1350
f 1350//1350 1349//1349 1351//1351
f 1351//1351 1349//1349 1352//1352
f 1351//1351 1352//1352 1353//1353
f 1353//1353 1352//1352 1354//1354
f 1353//1353 1354//1354 1355//1355
f 1355//1355 1354//1354 1356//1356
f 1356//1356 1354//1354 1357//1357
f 1356//1356 1357//1357 1358//1358
f 1358//1358 1357//1357 1359//1359
f 1358//1358 1359//1359 1360//1360
f 1360//1360 1359//1359 1361//1361
f 1360//1360 1361//1361 1362//1362
f 1362//1362 1361//1361 1363//1363
f 1362//1362 1363//1363 1364//1364
f 1364//1364 1363//1363 1365//1365
f 1365//1365 1363//1363 1366//1366
f 1366//1366 1363//1363 1367//1367
f 1366//1366 1367//1367 1368//1368
f 1368//1368 1367//1367 1369//1369
f 1368//1368 1369//1369 1370//1370
f 1370//1370 1369//1369 1371//1371
f 1370//1370 1371//1371 1372//1372
f 1372//1372 1371//1371 1354//1354
f 1372//1372 1354//1354 1352//1352
f 1328//1328 1326//1326 1373//1373
f 1373//1373 1326//1326 1374//1374
f 1373//1373 1374//1374 1375//1375
f 1375//1375 1374//1374 1376//1376
f 1375//1375 1376//1376 1377//1377
f 1378//1378 1379//1379 1377//1377
f 1377//1377 1379//1379 1375//1375
f 1379//1379 1380//1380 1375//1375
f 1375//1375 1380//1380 1381//1381
f 1375//1375 1381//1381 1373//1373
f 1373//1373 1381//1381 1382//1382
f 1373//1373 1382//1382 1328//1328
f 1328//1328 1382//1382 1330//1330
f 1380//1380 1383//1383 1381//1381
f 1381//1381 1383//1383 1384//1384
f 1381//1381 1384//1384 1382//1382
f 1382//1382 1384//1384 1385//1385
f 1382//1382 1385//1385 1330//1330
f 1330//1330 1385//1385 1332//1332
f 1383//1383 1386//1386 1384//1384
f 1384//1384 1386//1386 1387//1387
f 1384//1384 1387//1387 1385//1385
f 1385//1385 1387//1387 1388//1388
f 1385//1385 1388//1388 1332//1332
f 1332//1332 1388//1388 1335//1335
f 1386//1386 1389//1389 1387//1387
f 1387//1387 1389//1389 1390//1390
f 1387//1387 1390//1390 1391//1391
f 1391//1391 1390//1390 1392//1392
f 1391//1391 1392//1392 1393//1393
f 1393//1393 1392//1392 1394//1394
f 1393//1393 1394//1394 1395//1395
f 1395//1395 1394//1394 1396//1396
f 1395//1395 1396//1396 1397//1397
f 1397//1397 1396//1396 1398//1398
f 1397//1397 1398//1398 1399//1399
f 1397//1397 1399//1399 1400//1400
f 1400//1400 1399//1399 1401//1401
f 1400//1400 1401//1401 1402//1402
f 1402//1402 1401//1401 1403//1403
f 1402//1402 1403//1403 1404//1404
f 1402//1402 1404//1404 1405//1405
f 1405//1405 1404//1404 1406//1406
f 1405//1405 1406//1406 1407//1407
f 1407//1407 1406//1406 1408//1408
f 1407//1407 1408//1408 1409//1409
f 1409//1409 1410//1410 1407//1407
f 1407//1407 1410//1410 1370//1370
f 1407//1407 1370//1370 1372//1372
f 1410//1410 1368//1368 1370//1370
f 1364//1364 1411//1411 1362//1362
f 1362//1362 1411//1411 1412//1412
f 1362//1362 1412//1412 1360//1360
f 1360//1360 1412//1412 1413//1413
f 1360//1360 1413//1413 1358//1358
f 1411//1411 1414//1414 1412//1412
f 1412//1412 1414//1414 1413//1413
f 1337//1337 1335//1335 1415//1415
f 1415//1415 1335//1335 1388//1388
f 1415//1415 1388//1388 1391//1391
f 1391//1391 1388//1388 1387//1387
f 1339//1339 1337//1337 1416//1416
f 1416//1416 1337//1337 1415//1415
f 1416//1416 1415//1415 1393//1393
f 1393//1393 1415//1415 1391//1391
f 1342//1342 1339//1339 1417//1417
f 1417//1417 1339//1339 1416//1416
f 1417//1417 1416//1416 1395//1395
f 1395//1395 1416//1416 1393//1393
f 1344//1344 1342//1342 1418//1418
f 1418//1418 1342//1342 1417//1417
f 1418//1418 1417//1417 1397//1397
f 1397//1397 1417//1417 1395//1395
f 1347//1347 1344//1344 1419//1419
f 1419//1419 1344//1344 1418//1418
f 1419//1419 1418//1418 1400//1400
f 1400//1400 1418//1418 1397//1397
f 1349//1349 1347//1347 1420//1420
f 1420//1420 1347//1347 1419//1419
f 1420//1420 1419//1419 1402//1402
f 1402//1402 1419//1419 1400//1400
f 1352//1352 1349//1349 1421//1421
f 1421//1421 1349//1349 1420//1420
f 1421//1421 1420//1420 1405//1405
f 1405//1405 1420//1420 1402//1402
f 1354//1354 1371//1371 1357//1357
f 1357//1357 1371//1371 1422//1422
f 1357//1357 1422//1422 1359//1359
f 1359//1359 1422//1422 1361//1361
f 1407//1407 1372//1372 1421//1421
f 1421//1421 1372//1372 1352//1352
f 1407//1407 1421//1421 1405//1405
f 1371//1371 1369//1369 1422//1422
f 1422//1422 1369//1369 1367//1367
f 1422//1422 1367//1367 1361//1361
f 1361//1361 1367//1367 1363//1363
f 1423//1423 1424//1424 1425//1425
f 1425//1425 1424//1424 1426//1426
f 1425//1425 1426//1426 1427//1427
f 1424//1424 1423//1423 1428//1428
f 1428//1428 1423//1423 1429//1429
f 1428//1428 1429//1429 1430//1430
f 1430//1430 1431//1431 1428//1428
f 1428//1428 1431//1431 1432//1432
f 1428//1428 1432//1432 1433//1433
f 1433//1433 1432//1432 1434//1434
f 1433//1433 1434//1434 1435//1435
f 1435//1435 1434//1434 1436//1436
f 1436//1436 1434//1434 1437//1437
f 1436//1436 1437//1437 1438//1438
f 1438//1438 1437//1437 1439//1439
f 1438//1438 1439//1439 1440//1440
f 1440//1440 1439//1439 1441//1441
f 1440//1440 1441//1441 1442//1442
f 1442//1442 1441//1441 1443//1443
f 1442//1442 1443//1443 1444//1444
f 1444//1444 1443//1443 1445//1445
f 1444//1444 1445//1445 1446//1446
f 1446//1446 1445//1445 1447//1447
f 1446//1446 1447//1447 1448//1448
f 1448//1448 1447//1447 1449//1449
f 1448//1448 1449//1449 1450//1450
f 1450//1450 1449//1449 1451//1451
f 1450//1450 1451//1451 1452//1452
f 1452//1452 1451//1451 1453//1453
f 1452//1452 1453//1453 1454//1454
f 1454//1454 1453//1453 1455//1455
f 1454//1454 1455//1455 1456//1456
f 1456//1456 1455//1455 1457//1457
f 1457//1457 1455//1455 1458//1458
f 1457//1457 1458//1458 1459//1459
f 1459//1459 1458//1458 1460//1460
f 1459//1459 1460//1460 1461//1461
f 1461//1461 1460//1460 1462//1462
f 1461//1461 1462//1462 1463//1463
f 1463//1463 1462//1462 1464//1464
f 1463//1463 1464//1464 1465//1465
f 1465//1465 1464//1464 1466//1466
f 1465//1465 1466//1466 1467//1467
f 1467//1467 1466//1466 1468//1468
f 1467//1467 1468//1468 1469//1469
f 1469//1469 1468//1468 1470//1470
f 1469//1469 1470//1470 1471//1471
f 1471//1471 1470//1470 1472//1472
f 1471//1471 1472//1472 1473//1473
f 1473//1473 1472//1472 1474//1474
f 1473//1473 1474//1474 1475//1475
f 1475//1475 1474//1474 1476//1476
f 1475//1475 1476//1476 1477//1477
f 1477//1477 1476//1476 1478//1478
f 1477//1477 1478//1478 1479//1479
f 1479//1479 1478//1478 1480//1480
f 1480//1480 1478//1478 1481//1481
f 1480//1480 1481//1481 1482//1482
f 1482//1482 1481//1481 1483//1483
f 1482//1482 1483//1483 1484//1484
f 1484//1484 1483//1483 1485//1485
f 1484//1484 1485//1485 1486//1486
f 1486//1486 1485//1485 1487//1487
f 1486//1486 1487//1487 1488//1488
f 1488//1488 1487//1487 1489//1489
f 1488//1488 1489//1489 1490//1490
f 1490//1490 1489//1489 1491//1491
f 1491//1491 1489//1489 1492//1492
f 1491//1491 1492//1492 1493//1493
f 1493//1493 1492//1492 1494//1494
f 1493//1493 1494//1494 1495//1495
f 1431//1431 1496//1496 1432//1432
f 1432//1432 1496//1496 1497//1497
f 1432//1432 1497//1497 1434//1434
f 1434//1434 1497//1497 1437//1437
f 1496//1496 1498//1498 1497//1497
f 1497//1497 1498//1498 1499//1499
f 1497//1497 1499//1499 1437//1437
f 1437//1437 1499//1499 1439//1439
f 1498//1498 1500//1500 1499//1499
f 1499//1499 1500//1500 1501//1501
f 1499//1499 1501//1501 1439//1439
f 1439//1439 1501//1501 1441//1441
f 1500//1500 1502//1502 1501//1501
f 1501//1501 1502//1502 1503//1503
f 1501//1501 1503//1503 1441//1441
f 1441//1441 1503//1503 1443//1443
f 1502//1502 1504//1504 1503//1503
f 1503//1503 1504//1504 1505//1505
f 1503//1503 1505//1505 1443//1443
f 1443//1443 1505//1505 1445//1445
f 1504//1504 1506//1506 1505//1505
f 1505//1505 1506//1506 1507//1507
f 1505//1505 1507//1507 1445//1445
f 1445//1445 1507//1507 1447//1447
f 1506//1506 1508//1508 1507//1507
f 1507//1507 1508//1508 1509//1509
f 1507//1507 1509//1509 1447//1447
f 1447//1447 1509//1509 1449//1449
f 1508//1508 1510//1510 1509//1509
f 1509//1509 1510//1510 1511//1511
f 1509//1509 1511//1511 1449//1449
f 1449//1449 1511//1511 1451//1451
f 1510//1510 1512//1512 1511//1511
f 1511//1511 1512//1512 1513//1513
f 1511//1511 1513//1513 1451//1451
f 1451//1451 1513//1513 1453//1453
f 1512//1512 1514//1514 1513//1513
f 1513//1513 1514//1514 1515//1515
f 1513//1513 1515//1515 1453//1453
f 1453//1453 1515//1515 1455//1455
f 1514//1514 1516//1516 1515//1515
f 1515//1515 1516//1516 1517//1517
f 1515//1515 1517//1517 1455//1455
f 1455//1455 1517//1517 1458//1458
f 1516//1516 1518//1518 1517//1517
f 1517//1517 1518//1518 1519//1519
f 1517//1517 1519//1519 1458//1458
f 1458//1458 1519//1519 1460//1460
f 1518//1518 1520//1520 1519//1519
f 1519//1519 1520//1520 1521//1521
f 1519//1519 1521//1521 1460//1460
f 1460//1460 1521//1521 1462//1462
f 1520//1520 1522//1522 1521//1521
f 1521//1521 1522//1522 1523//1523
f 1521//1521 1523//1523 1462//1462
f 1462//1462 1523//1523 1464//1464
f 1522//1522 1524//1524 1523//1523
f 1523//1523 1524//1524 1525//1525
f 1523//1523 1525//1525 1464//1464
f 1464//1464 1525//1525 1466//1466
f 1524//1524 1526//1526 1525//1525
f 1525//1525 1526//1526 1527//1527
f 1525//1525 1527//1527 1466//1466
f 1466//1466 1527//1527 1468//1468
f 1526//1526 1528//1528 1527//1527
f 1527//1527 1528//1528 1529//1529
f 1527//1527 1529//1529 1468//1468
f 1468//1468 1529//1529 1470//1470
f 1528//1528 1530//1530 1529//1529
f 1529//1529 1530//1530 1531//1531
f 1529//1529 1531//1531 1470//1470
f 1470//1470 1531//1531 1472//1472
f 1530//1530 1532//1532 1531//1531
f 1531//1531 1532//1532 1533//1533
f 1531//1531 1533//1533 1472//1472
f 1472//1472 1533//1533 1474//1474
f 1532//1532 1534//1534 1533//1533
f 1533//1533 1534//1534 1535//1535
f 1533//1533 1535//1535 1474//1474
f 1474//1474 1535//1535 1476//1476
f 1534//1534 1536//1536 1535//1535
f 1535//1535 1536//1536 1537//1537
f 1535//1535 1537//1537 1476//1476
f 1476//1476 1537//1537 1478//1478
f 1536//1536 1538//1538 1537//1537
f 1537//1537 1538//1538 1539//1539
f 1537//1537 1539//1539 1478//1478
f 1478//1478 1539//1539 1481//1481
f 1538//1538 1540//1540 1539//1539
f 1539//1539 1540//1540 1541//1541
f 1539//1539 1541//1541 1481//1481
f 1481//1481 1541//1541 1483//1483
f 1540//1540 1542//1542 1541//1541
f 1541//1541 1542//1542 1543//1543
f 1541//1541 1543//1543 1483//1483
f 1483//1483 1543//1543 1485//1485
f 1542//1542 1544//1544 1543//1543
f 1543//1543 1544//1544 1545//1545
f 1543//1543 1545//1545 1485//1485
f 1485//1485 1545//1545 1487//1487
f 1544//1544 1546//1546 1545//1545
f 1545//1545 1546//1546 1547//1547
f 1545//1545 1547//1547 1487//1487
f 1487//1487 1547//1547 1489//1489
f 1546//1546 1494//1494 1547//1547
f 1547//1547 1494//1494 1492//1492
f 1547//1547 1492//1492 1489//1489
f 1488//1488 1490//1490 1548//1548
f 1548//1548 1490//1490 1549//1549
f 1548//1548 1549//1549 1550//1550
f 1550//1550 1549//1549 1551//1551
f 1550//1550 1551//1551 1552//1552
f 1552//1552 1551//1551 1553//1553
f 1552//1552 1553//1553 1554//1554
f 1554//1554 1555//1555 1552//1552
f 1552//1552 1555//1555 1556//1556
f 1552//1552 1556//1556 1557//1557
f 1557//1557 1556//1556 1558//1558
f 1557//1557 1558//1558 1559//1559
f 1559//1559 1558//1558 1560//1560
f 1560//1560 1558//1558 1561//1561
f 1560//1560 1561//1561 1562//1562
f 1562//1562 1561//1561 1563//1563
f 1562//1562 1563//1563 1564//1564
f 1564//1564 1563//1563 1565//1565
f 1564//1564 1565//1565 1566//1566
f 1566//1566 1565//1565 1567//1567
f 1567//1567 1565//1565 1568//1568
f 1567//1567 1568//1568 1569//1569
f 1569//1569 1568//1568 1570//1570
f 1569//1569 1570//1570 1571//1571
f 1571//1571 1570//1570 1572//1572
f 1571//1571 1572//1572 1573//1573
f 1573//1573 1572//1572 1574//1574
f 1573//1573 1574//1574 1575//1575
f 1575//1575 1574//1574 1576//1576
f 1575//1575 1576//1576 1577//1577
f 1577//1577 1576//1576 1578//1578
f 1577//1577 1578//1578 1579//1579
f 1579//1579 1578//1578 1580//1580
f 1579//1579 1580//1580 1581//1581
f 1581//1581 1580//1580 1582//1582
f 1581//1581 1582//1582 1583//1583
f 1583//1583 1582//1582 1584//1584
f 1583//1583 1584//1584 1585//1585
f 1585//1585 1584//1584 1586//1586
f 1585//1585 1586//1586 1587//1587
f 1587//1587 1586//1586 1588//1588
f 1587//1587 1588//1588 1589//1589
f 1589//1589 1588//1588 1590//1590
f 1590//1590 1588//1588 1591//1591
f 1590//1590 1591//1591 1592//1592
f 1592//1592 1591//1591 1593//1593
f 1592//1592 1593//1593 1594//1594
f 1594//1594 1593//1593 1595//1595
f 1594//1594 1595//1595 1596//1596
f 1596//1596 1595//1595 1597//1597
f 1596//1596 1597//1597 1598//1598
f 1598//1598 1597//1597 1599//1599
f 1598//1598 1599//1599 1600//1600
f 1600//1600 1599//1599 1601//1601
f 1600//1600 1601//1601 1602//1602
f 1602//1602 1601//1601 1603//1603
f 1602//1602 1603//1603 1604//1604
f 1604//1604 1603//1603 1605//1605
f 1604//1604 1605//1605 1606//1606
f 1606//1606 1605//1605 1607//1607
f 1606//1606 1607//1607 1608//1608
f 1608//1608 1607//1607 1609//1609
f 1608//1608 1609//1609 1610//1610
f 1610//1610 1609//1609 1611//1611
f 1610//1610 1611//1611 1612//1612
f 1612//1612 1611//1611 1613//1613
f 1612//1612 1613//1613 1614//1614
f 1614//1614 1613//1613 1615//1615
f 1614//1614 1615//1615 1616//1616
f 1616//1616 1615//1615 1617//1617
f 1617//1617 1615//1615 1618//1618
f 1618//1618 1615//1615 1619//1619
f 1619//1619 1615//1615 1620//1620
f 1555//1555 1621//1621 1556//1556
f 1556//1556 1621//1621 1622//1622
f 1556//1556 1622//1622 1558//1558
f 1558//1558 1622//1622 1561//1561
f 1621//1621 1623//1623 1622//1622
f 1622//1622 1623//1623 1624//1624
f 1622//1622 1624//1624 1561//1561
f 1561//1561 1624//1624 1563//1563
f 1623//1623 1625//1625 1624//1624
f 1624//1624 1625//1625 1626//1626
f 1624//1624 1626//1626 1563//1563
f 1563//1563 1626//1626 1627//1627
f 1563//1563 1627//1627 1565//1565
f 1565//1565 1627//1627 1628//1628
f 1565//1565 1628//1628 1568//1568
f 1568//1568 1628//1628 1570//1570
f 1625//1625 1629//1629 1626//1626
f 1626//1626 1629//1629 1627//1627
f 1629//1629 1630//1630 1627//1627
f 1627//1627 1630//1630 1628//1628
f 1630//1630 1631//1631 1628//1628
f 1628//1628 1631//1631 1632//1632
f 1628//1628 1632//1632 1570//1570
f 1570//1570 1632//1632 1572//1572
f 1631//1631 1633//1633 1632//1632
f 1632//1632 1633//1633 1634//1634
f 1632//1632 1634//1634 1572//1572
f 1572//1572 1634//1634 1574//1574
f 1633//1633 1635//1635 1634//1634
f 1634//1634 1635//1635 1636//1636
f 1634//1634 1636//1636 1574//1574
f 1574//1574 1636//1636 1576//1576
f 1635//1635 1637//1637 1636//1636
f 1636//1636 1637//1637 1638//1638
f 1636//1636 1638//1638 1576//1576
f 1576//1576 1638//1638 1578//1578
f 1637//1637 1639//1639 1638//1638
f 1638//1638 1639//1639 1640//1640
f 1638//1638 1640//1640 1578//1578
f 1578//1578 1640//1640 1580//1580
f 1639//1639 1641//1641 1640//1640
f 1640//1640 1641//1641 1642//1642
f 1640//1640 1642//1642 1580//1580
f 1580//1580 1642//1642 1582//1582
f 1641//1641 1643//1643 1642//1642
f 1642//1642 1643//1643 1644//1644
f 1642//1642 1644//1644 1582//1582
f 1582//1582 1644//1644 1584//1584
f 1643//1643 1645//1645 1644//1644
f 1644//1644 1645//1645 1646//1646
f 1644//1644 1646//1646 1584//1584
f 1584//1584 1646//1646 1586//1586
f 1645//1645 1647//1647 1646//1646
f 1646//1646 1647//1647 1648//1648
f 1646//1646 1648//1648 1586//1586
f 1586//1586 1648//1648 1588//1588
f 1647//1647 1649//1649 1648//1648
f 1648//1648 1649//1649 1650//1650
f 1648//1648 1650//1650 1588//1588
f 1588//1588 1650//1650 1591//1591
f 1649//1649 1651//1651 1650//1650
f 1650//1650 1651//1651 1652//1652
f 1650//1650 1652//1652 1591//1591
f 1591//1591 1652//1652 1593//1593
f 1651//1651 1653//1653 1652//1652
f 1652//1652 1653//1653 1654//1654
f 1652//1652 1654//1654 1593//1593
f 1593//1593 1654//1654 1595//1595
f 1653//1653 1655//1655 1654//1654
f 1654//1654 1655//1655 1656//1656
f 1654//1654 1656//1656 1595//1595
f 1595//1595 1656//1656 1597//1597
f 1655//1655 1657//1657 1656//1656
f 1656//1656 1657//1657 1658//1658
f 1656//1656 1658//1658 1597//1597
f 1597//1597 1658//1658 1599//1599
f 1657//1657 1659//1659 1658//1658
f 1658//1658 1659//1659 1660//1660
f 1658//1658 1660//1660 1599//1599
f 1599//1599 1660//1660 1601//1601
f 1659//1659 1661//1661 1660//1660
f 1660//1660 1661//1661 1662//1662
f 1660//1660 1662//1662 1601//1601
f 1601//1601 1662//1662 1603//1603
f 1661//1661 1663//1663 1662//1662
f 1662//1662 1663//1663 1664//1664
f 1662//1662 1664//1664 1603//1603
f 1603//1603 1664//1664 1605//1605
f 1663//1663 1665//1665 1664//1664
f 1664//1664 1665//1665 1666//1666
f 1664//1664 1666//1666 1605//1605
f 1605//1605 1666//1666 1607//1607
f 1665//1665 1667//1667 1666//1666
f 1666//1666 1667//1667 1668//1668
f 1666//1666 1668//1668 1607//1607
f 1607//1607 1668//1668 1609//1609
f 1667//1667 1669//1669 1668//1668
f 1668//1668 1669//1669 1670//1670
f 1668//1668 1670//1670 1609//1609
f 1609//1609 1670//1670 1611//1611
f 1669//1669 1671//1671 1670//1670
f 1670//1670 1671//1671 1672//1672
f 1670//1670 1672//1672 1611//1611
f 1611//1611 1672//1672 1613//1613
f 1671//1671 1673//1673 1672//1672
f 1672//1672 1673//1673 1674//1674
f 1672//1672 1674//1674 1613//1613
f 1613//1613 1674//1674 1675//1675
f 1613//1613 1675//1675 1615//1615
f 1673//1673 1676//1676 1674//1674
f 1674//1674 1676//1676 1677//1677
f 1674//1674 1677//1677 1675//1675
f 1559//1559 1678//1678 1557//1557
f 1557//1557 1678//1678 1550//1550
f 1557//1557 1550//1550 1552//1552
f 1678//1678 1548//1548 1550//1550
f 1435//1435 1679//1679 1433//1433
f 1433//1433 1679//1679 1424//1424
f 1433//1433 1424//1424 1428//1428
f 1679//1679 1426//1426 1424//1424
f 1427//1427 1680//1680 1425//1425
f 1425//1425 1680//1680 1681//1681