mtllib material.mtl
usemtl material_0
v -0.00012500 -0.05540000 -0.03835000
v 0.00000000 -0.05540000 -0.03835000
v 0.00000000 -0.05540000 0.03835000
v 0.00025000 -0.05540000 -0.03834900
v 0.00050000 -0.05540000 -0.03834700
v 0.00374300 -0.05540000 0.03816700
v 0.00424100 -0.05540000 -0.03811500
v 0.00745100 -0.05540000 0.03761900
v 0.00794100 -0.05540000 -0.03751900
v 0.01108700 -0.05540000 0.03671200
v 0.01156500 -0.05540000 -0.03656500
v 0.01461800 -0.05540000 0.03545500
v 0.01507900 -0.05540000 -0.03526100
v 0.01800900 -0.05540000 0.03385800
v 0.01844900 -0.05540000 -0.03362100
v 0.02122800 -0.05540000 0.03193900
v 0.02164300 -0.05540000 -0.03165900
v 0.02424400 -0.05540000 0.02971400
v 0.02463000 -0.05540000 -0.02939600
v 0.02702900 -0.05540000 0.02720600
v 0.02738100 -0.05540000 -0.02685100
v 0.02955500 -0.05540000 0.02443700
v 0.02987200 -0.05540000 -0.02405000
v 0.03180000 -0.05540000 0.02143600
v 0.03207600 -0.05540000 -0.02101900
v 0.03374000 -0.05540000 0.01822900
v 0.03397500 -0.05540000 -0.01778800
v 0.03535900 -0.05540000 0.01484900
v 0.03554900 -0.05540000 -0.01438700
v 0.03663900 -0.05540000 0.01132700
v 0.03678400 -0.05540000 -0.01084800
v 0.03757000 -0.05540000 0.00769600
v 0.03766700 -0.05540000 -0.00720600
v 0.03814200 -0.05540000 0.00399200
v 0.03819000 -0.05540000 -0.00349500
v 0.03834900 -0.05540000 0.00025000
v -0.00374300 -0.05540000 0.03816700
v -0.00050000 -0.05540000 -0.03834700
v -0.00037500 -0.05540000 -0.03834800
v -0.00025000 -0.05540000 -0.03834900
v -0.00424100 -0.05540000 -0.03811500
v -0.00745100 -0.05540000 0.03761900
v -0.00794100 -0.05540000 -0.03751900
v -0.01108800 -0.05540000 0.03671200
v -0.01156500 -0.05540000 -0.03656500
v -0.01461800 -0.05540000 0.03545500
v -0.01507900 -0.05540000 -0.03526100
v -0.01800900 -0.05540000 0.03385800
v -0.01844900 -0.05540000 -0.03362100
v -0.02122800 -0.05540000 0.03193900
v -0.02164300 -0.05540000 -0.03165900
v -0.02424400 -0.05540000 0.02971400
v -0.02463000 -0.05540000 -0.02939600
v -0.02702900 -0.05540000 0.02720600
v -0.02738100 -0.05540000 -0.02685100
v -0.02955600 -0.05540000 0.02443700
v -0.02987200 -0.05540000 -0.02405000
v -0.03180000 -0.05540000 0.02143600
v -0.03207700 -0.05540000 -0.02101900
v -0.03374000 -0.05540000 0.01822900
v -0.03397500 -0.05540000 -0.01778800
v -0.03535900 -0.05540000 0.01484900
v -0.03554900 -0.05540000 -0.01438700
v -0.03663900 -0.05540000 0.01132700
v -0.03678400 -0.05540000 -0.01084800
v -0.03757000 -0.05540000 0.00769600
v -0.03766700 -0.05540000 -0.00720600
v -0.03814200 -0.05540000 0.00399200
v -0.03819000 -0.05540000 -0.00349500
v -0.03834900 -0.05540000 0.00025000
v 0.00050000 -0.05489400 0.03854700
v 0.00050000 -0.05520000 0.03854700
v 0.00448300 -0.05486300 0.03828700
v 0.00463000 -0.05520000 0.03827100
v 0.00841900 -0.05486000 0.03761800
v 0.00870700 -0.05520000 0.03755400
v 0.01226500 -0.05486900 0.03654700
v 0.01268400 -0.05520000 0.03640300
v 0.01509600 -0.05487200 0.03547200
v 0.01651500 -0.05520000 0.03483300
v 0.01875100 -0.05487100 0.03368100
v 0.02015500 -0.05520000 0.03286200
v 0.02219600 -0.05487000 0.03151600
v 0.02356200 -0.05520000 0.03051100
v 0.02539600 -0.05487000 0.02900100
v 0.02669800 -0.05520000 0.02780900
v 0.02743400 -0.05486800 0.02708300
v 0.02952600 -0.05520000 0.02478500
v 0.03011000 -0.05486700 0.02407100
v 0.03201300 -0.05520000 0.02147600
v 0.03245700 -0.05486900 0.02079700
v 0.03413200 -0.05520000 0.01792000
v 0.03445100 -0.05487300 0.01729600
v 0.03585600 -0.05520000 0.01415700
v 0.03566400 -0.05487600 0.01463500
v 0.03699200 -0.05487700 0.01084500
v 0.03716800 -0.05520000 0.01023000
v 0.03781000 -0.05487600 0.00750800
v 0.03805000 -0.05520000 0.00618600
v 0.03836400 -0.05488200 0.00377200
v 0.03849400 -0.05520000 0.00207000
v 0.03855000 -0.05490000 0.00000000
v 0.03849400 -0.05520000 -0.00207000
v 0.03855000 -0.05252900 0.00000100
v 0.03834300 -0.04520000 -0.00399300
v 0.03855000 -0.04520000 0.00000500
v 0.03805000 -0.05520000 -0.00618600
v 0.03772200 -0.04520000 -0.00794600
v 0.03716800 -0.05520000 -0.01023000
v 0.03669500 -0.04520000 -0.01181400
v 0.03585600 -0.05520000 -0.01415700
v 0.03527200 -0.04520000 -0.01555500
v 0.03413200 -0.05520000 -0.01792000
v 0.03347000 -0.04520000 -0.01912800
v 0.03201300 -0.05520000 -0.02147700
v 0.03130600 -0.04520000 -0.02249500
v 0.02952600 -0.05520000 -0.02478600
v 0.02880500 -0.04520000 -0.02562000
v 0.02669800 -0.05520000 -0.02780900
v 0.02599400 -0.04520000 -0.02846800
v 0.02356200 -0.05520000 -0.03051100
v 0.02290200 -0.04520000 -0.03100900
v 0.02015500 -0.05520000 -0.03286200
v 0.01956400 -0.04520000 -0.03321700
v 0.01651500 -0.05520000 -0.03483300
v 0.01601500 -0.04520000 -0.03506600
v 0.01268400 -0.05520000 -0.03640300
v 0.01229300 -0.04520000 -0.03653700
v 0.00870800 -0.05520000 -0.03755400
v 0.00843900 -0.04520000 -0.03761500
v 0.00463000 -0.05520000 -0.03827100
v 0.00449400 -0.04520000 -0.03828700
v 0.00050000 -0.05520000 -0.03854700
v 0.00050000 -0.04520000 -0.03854700
v 0.03855000 -0.04760400 0.00000400
v 0.03855000 -0.05006600 0.00000200
v 0.00050000 -0.04500000 -0.03834700
v 0.00000000 -0.04500000 -0.03835000
v -0.00050000 -0.04500000 0.04197100
v -0.00050000 -0.04500000 -0.03834700
v -0.00422600 -0.04500000 -0.03811700
v -0.03835000 -0.04500000 0.00000700
v -0.00791100 -0.04500000 -0.03752500
v -0.01152200 -0.04500000 -0.03657800
v -0.01502300 -0.04500000 -0.03528500
v -0.01838200 -0.04500000 -0.03365700
v -0.02156700 -0.04500000 -0.03171100
v -0.02454800 -0.04500000 -0.02946400
v -0.02729600 -0.04500000 -0.02693800
v -0.02978600 -0.04500000 -0.02415700
v -0.03199300 -0.04500000 -0.02114600
v -0.03389700 -0.04500000 -0.01793600
v -0.03548000 -0.04500000 -0.01455600
v -0.03672700 -0.04500000 -0.01103700
v -0.03762600 -0.04500000 -0.00741500
v -0.03816900 -0.04500000 -0.00372200
v -0.03838700 -0.04500000 0.00399500
v -0.01224100 -0.04500000 0.04005900
v -0.00871300 -0.04500000 0.04103600
v -0.00518000 -0.04500000 0.04166500
v -0.03817900 -0.04500000 0.00789500
v -0.03751900 -0.04500000 0.01200900
v -0.03655100 -0.04500000 0.01559700
v -0.03651600 -0.04500000 0.01570700
v -0.03569200 -0.04500000 0.01798400
v -0.03472900 -0.04500000 0.02019900
v -0.03325500 -0.04500000 0.02300400
v -0.03204400 -0.04500000 0.02495300
v -0.03071100 -0.04500000 0.02683300
v -0.02868400 -0.04500000 0.02929500
v -0.02606200 -0.04500000 0.03194900
v -0.02282300 -0.04500000 0.03460800
v -0.02061800 -0.04500000 0.03610800
v -0.01855900 -0.04500000 0.03731800
v -0.01595600 -0.04500000 0.03861500
v -0.00344000 -0.04500000 0.04185100
v -0.00050000 -0.04500000 0.04198000
v 0.00345000 -0.04500000 0.04185300
v 0.00791100 -0.04500000 -0.03752500
v 0.00422500 -0.04500000 -0.03811700
v 0.00725100 -0.04500000 0.04134700
v 0.01502200 -0.04500000 -0.03528500
v 0.01152100 -0.04500000 -0.03657900
v 0.01838100 -0.04500000 -0.03365800
v 0.01112900 -0.04500000 0.04041100
v 0.01298400 -0.04500000 0.03980800
v 0.01522000 -0.04500000 0.03893700
v 0.03836400 -0.04500000 0.00489300
v 0.03835000 -0.04500000 0.00000300
v 0.03816900 -0.04500000 -0.00372500
v 0.01788400 -0.04500000 0.03767900
v 0.02043400 -0.04500000 0.03622400
v 0.02222500 -0.04500000 0.03503700
v 0.02520100 -0.04500000 0.03271300
v 0.02830000 -0.04500000 0.02971800
v 0.03016500 -0.04500000 0.02753700
v 0.03184400 -0.04500000 0.02524900
v 0.03311300 -0.04500000 0.02324700
v 0.03465600 -0.04500000 0.02035400
v 0.03588200 -0.04500000 0.01749900
v 0.03642600 -0.04500000 0.01597900
v 0.03716000 -0.04500000 0.01350500
v 0.03765800 -0.04500000 0.01133300
v 0.03815700 -0.04500000 0.00810000
v 0.03762600 -0.04500000 -0.00741800
v 0.03672600 -0.04500000 -0.01104000
v 0.03547900 -0.04500000 -0.01455800
v 0.03389600 -0.04500000 -0.01793800
v 0.03199200 -0.04500000 -0.02114800
v 0.02978400 -0.04500000 -0.02415800
v 0.02729500 -0.04500000 -0.02693900
v 0.02454700 -0.04500000 -0.02946500
v 0.02156600 -0.04500000 -0.03171200
v -0.00424600 -0.05485600 0.03831500
v -0.00050000 -0.05489300 0.03854700
v -0.00292700 -0.05307900 0.03846900
v -0.00050000 -0.05211300 0.03855500
v -0.00294600 -0.05212300 0.03848400
v -0.00295500 -0.05164500 0.03849200
v -0.00541500 -0.05165900 0.03826700
v -0.00544700 -0.05071000 0.03829300
v -0.00789600 -0.05072900 0.03792000
v -0.00793000 -0.05001900 0.03794300
v -0.01035600 -0.05004300 0.03741800
v -0.00796700 -0.04921500 0.03805000
v -0.01040300 -0.04924800 0.03752700
v -0.01045900 -0.04848300 0.03787200
v -0.01295000 -0.04852600 0.03714900
v -0.01048900 -0.04815500 0.03812300
v -0.01298600 -0.04819900 0.03738900
v -0.01301100 -0.04793500 0.03761800
v -0.01545000 -0.04797700 0.03670500
v -0.01550600 -0.04745300 0.03713500
v -0.01903400 -0.04751100 0.03543000
v -0.01910200 -0.04697700 0.03583200
v -0.02243600 -0.04703000 0.03374400
v -0.02263800 -0.04559100 0.03472500
v -0.02575000 -0.04562700 0.03221800
v -0.02513700 -0.04530000 0.03299900
v -0.02621700 -0.04529600 0.03204500
v -0.00050000 -0.05172600 0.03855600
v -0.00050000 -0.05153200 0.03855700
v -0.00297400 -0.05069100 0.03850700
v -0.00050000 -0.05125500 0.03855800
v -0.00050000 -0.05067200 0.03855900
v -0.00298800 -0.04997300 0.03851500
v -0.00050000 -0.04995000 0.03855900
v -0.00050000 -0.04911900 0.03865200
v -0.00300400 -0.04915000 0.03861500
v -0.00050000 -0.04874000 0.03878900
v -0.00302100 -0.04836300 0.03899000
v -0.00050000 -0.04832600 0.03903400
v -0.00050000 -0.04800200 0.03932300
v -0.00050000 -0.04774500 0.03958600
v -0.00303400 -0.04778100 0.03953000
v -0.00302900 -0.04803600 0.03926900
v -0.00552800 -0.04840200 0.03878100
v -0.00549700 -0.04918200 0.03841400
v -0.00547100 -0.04999600 0.03830900
v -0.00304400 -0.04728100 0.04004000
v -0.00050000 -0.04534500 0.04211800
v -0.00305500 -0.04677800 0.04055400
v -0.00308200 -0.04544300 0.04191800
v -0.00564900 -0.04545800 0.04163200
v -0.00375500 -0.04534100 0.04196600
v -0.00548400 -0.04533800 0.04177000
v -0.00819000 -0.04547300 0.04117400
v -0.00881700 -0.04533400 0.04116500
v -0.01069300 -0.04548900 0.04054600
v -0.01204800 -0.04533000 0.04028100
v -0.01323600 -0.04550700 0.03971900
v -0.01368500 -0.04532800 0.03971500
v -0.01571400 -0.04552700 0.03871800
v -0.01598000 -0.04532400 0.03877600
v -0.01928100 -0.04555800 0.03690000
v -0.01961500 -0.04531500 0.03690800
v -0.02286600 -0.04530700 0.03478600
v -0.02858500 -0.04566500 0.02940700
v -0.02875300 -0.04528500 0.02948900
v -0.03058500 -0.04527600 0.02730100
v -0.03111000 -0.04570500 0.02631900
v -0.03144300 -0.04527200 0.02615100
v -0.03330000 -0.04574600 0.02298800
v -0.03344200 -0.04526100 0.02306200
v -0.03513500 -0.04578800 0.01945300
v -0.03502500 -0.04525000 0.02002300
v -0.03570800 -0.04524500 0.01846400
v -0.03659400 -0.04582800 0.01574900
v -0.03668900 -0.04523600 0.01581000
v -0.03766000 -0.04586700 0.01191500
v -0.03773000 -0.04522500 0.01197100
v -0.03832000 -0.04590400 0.00799200
v -0.03836800 -0.04521400 0.00800700
v -0.03856900 -0.04593800 0.00402300
v -0.03858700 -0.04520500 0.00399500
v -0.03855000 -0.04520000 0.00000500
v -0.03855000 -0.04760200 0.00000400
v -0.03853100 -0.04755800 0.00392800
v -0.03822700 -0.04750400 0.00780400
v -0.03819200 -0.04810400 0.00773400
v -0.03746800 -0.04803900 0.01152300
v -0.03741600 -0.04863100 0.01141600
v -0.03628700 -0.04855700 0.01507400
v -0.03625400 -0.04885000 0.01500200
v -0.03474300 -0.04877100 0.01850800
v -0.03621900 -0.04915600 0.01493500
v -0.03470200 -0.04907900 0.01842300
v -0.03615100 -0.04979700 0.01484400
v -0.03462100 -0.04973200 0.01830500
v -0.03608300 -0.05044900 0.01481200
v -0.03454200 -0.05039700 0.01826200
v -0.03601700 -0.05109100 0.01480000
v -0.03446500 -0.05104600 0.01824600
v -0.03436300 -0.05191000 0.01822300
v -0.03245500 -0.05187600 0.02148900
v -0.03239900 -0.05231300 0.02147300
v -0.03016700 -0.05228600 0.02453100
v -0.03005100 -0.05316900 0.02449300
v -0.02752000 -0.05315300 0.02730700
v -0.02846300 -0.05486800 0.02600000
v -0.02776800 -0.05487100 0.02674100
v -0.03851700 -0.04816600 0.00389200
v -0.03855000 -0.05006300 0.00000200
v -0.03850300 -0.04877300 0.00385600
v -0.03849600 -0.04907700 0.00383800
v -0.03813900 -0.04900400 0.00762800
v -0.03848900 -0.04938300 0.00382200
v -0.03812100 -0.04930800 0.00759500
v -0.03847500 -0.05000000 0.00379900
v -0.03808600 -0.04993100 0.00755200
v -0.03846000 -0.05062200 0.00379200
v -0.03805100 -0.05056200 0.00753800
v -0.03844600 -0.05124400 0.00378900
v -0.03801600 -0.05119000 0.00753400
v -0.03796900 -0.05202800 0.00752800
v -0.03713400 -0.05198600 0.01120700
v -0.03709900 -0.05241000 0.01120200
v -0.03588400 -0.05237500 0.01477600
v -0.03579500 -0.05323100 0.01476000
v -0.03420900 -0.05320800 0.01818800
v -0.03485400 -0.05486900 0.01647100
v -0.03446600 -0.05486600 0.01726800
v -0.03855000 -0.05252400 0.00000100
v -0.03855000 -0.05490000 0.00000000
v -0.03850400 -0.05488400 0.00187500
v -0.03839900 -0.05331700 0.00377900
v -0.03841800 -0.05248800 0.00378300
v -0.03789900 -0.05328500 0.00751900
v -0.03794500 -0.05244700 0.00752500
v -0.03702800 -0.05325700 0.01119100
v -0.03844800 -0.05487800 0.00279400
v -0.03837900 -0.05487000 0.00362300
v -0.03814300 -0.05485600 0.00558100
v -0.03778000 -0.05485600 0.00766100
v -0.03755100 -0.05486000 0.00871500
v -0.03749300 -0.05486200 0.00896400
v -0.03746400 -0.05486200 0.00908000
v -0.03739500 -0.05486200 0.00936300
v -0.03694500 -0.05486400 0.01100700
v -0.03660500 -0.05486900 0.01209100
v -0.03635000 -0.05486800 0.01283700
v -0.03604600 -0.05486800 0.01367000
v -0.03563300 -0.05487000 0.01471100
v -0.03418000 -0.05486300 0.01782800
v -0.03394000 -0.05486200 0.01827900
v -0.03350600 -0.05486000 0.01906400
v -0.03292600 -0.05485800 0.02004800
v -0.03228700 -0.05318700 0.02144300
v -0.03431200 -0.05234300 0.01821100
v -0.03215800 -0.05485700 0.02125800
v -0.03139900 -0.05485700 0.02236300
v -0.03074900 -0.05485700 0.02325000
v -0.03022800 -0.05485800 0.02392400
v -0.02990100 -0.05486000 0.02433200
v -0.02737100 -0.05487100 0.02714700
v -0.02697900 -0.05487100 0.02753600
v -0.02644200 -0.05487000 0.02805200
v -0.02569400 -0.05486700 0.02873900
v -0.02471700 -0.05313800 0.02985500
v -0.02763600 -0.05226100 0.02735100
v -0.02482900 -0.05223800 0.02990300
v -0.02769400 -0.05181500 0.02737300
v -0.02488600 -0.05178800 0.02992800
v -0.02781100 -0.05092500 0.02741700
v -0.02499800 -0.05088800 0.02997600
v -0.02789800 -0.05025600 0.02744800
v -0.02508200 -0.05021300 0.03001100
v -0.02517300 -0.04948700 0.03009800
v -0.02209700 -0.04943000 0.03237500
v -0.02219400 -0.04870700 0.03263500
v -0.01888500 -0.04863800 0.03462000
v -0.01893200 -0.04831200 0.03482700
v -0.01542100 -0.04824300 0.03648600
v -0.01896700 -0.04804200 0.03503000
v -0.02480300 -0.05486300 0.02951100
v -0.02434500 -0.05486100 0.02989000
v -0.02408800 -0.05486000 0.03009800
v -0.02347000 -0.05485900 0.03058200
v -0.02251500 -0.05485800 0.03129100
v -0.02167100 -0.05312600 0.03211400
v -0.02180000 -0.05485800 0.03179300
v -0.02128300 -0.05485900 0.03214200
v -0.02064600 -0.05485900 0.03255400
v -0.01954000 -0.05486100 0.03323000
v -0.01841400 -0.05311500 0.03406200
v -0.01872300 -0.05486200 0.03369800
v -0.01804300 -0.05486400 0.03406700
v -0.01765300 -0.05486600 0.03427000
v -0.01688700 -0.05487100 0.03465500
v -0.01497800 -0.05310500 0.03567900
v -0.01519800 -0.05487400 0.03542800
v -0.01427400 -0.05487200 0.03581100
v -0.01322800 -0.05486800 0.03621000
v -0.01260200 -0.05309900 0.03656400
v -0.01505700 -0.05217800 0.03572900
v -0.01267100 -0.05216700 0.03660900
v -0.01509700 -0.05171500 0.03575400
v -0.01270500 -0.05170000 0.03663300
v -0.01517700 -0.05078900 0.03580300
v -0.01277400 -0.05076800 0.03667800
v -0.01523700 -0.05009300 0.03583800
v -0.01282600 -0.05006800 0.03671000
v -0.01288300 -0.04928300 0.03681900
v -0.01224200 -0.05486500 0.03655500
v -0.01154100 -0.05486400 0.03678200
v -0.01095000 -0.05486400 0.03696200
v -0.01017100 -0.05309400 0.03728900
v -0.00995600 -0.05486100 0.03724200
v -0.00941800 -0.05486000 0.03738100
v -0.00912700 -0.05485900 0.03745300
v -0.00897300 -0.05485800 0.03749000
v -0.00858100 -0.05485600 0.03758200
v -0.00778500 -0.05308900 0.03783500
v -0.00818400 -0.05485300 0.03767000
v -0.00622200 -0.05484800 0.03804400
v -0.00536700 -0.05308400 0.03822900
v -0.03842800 -0.05207300 0.00378500
v -0.00539900 -0.05213400 0.03825400
v -0.00782900 -0.05214400 0.03786900
v -0.00785200 -0.05167200 0.03788600
v -0.01022800 -0.05215500 0.03732900
v -0.01025600 -0.05168600 0.03735000
v -0.01031300 -0.05074800 0.03739000
v -0.01850800 -0.05219700 0.03411400
v -0.01855500 -0.05173800 0.03414000
v -0.01864900 -0.05082100 0.03419200
v -0.01871900 -0.05013100 0.03422900
v -0.01530300 -0.04931900 0.03594500
v -0.01538000 -0.04857000 0.03625900
v -0.02177600 -0.05221700 0.03216500
v -0.02182900 -0.05176200 0.03219100
v -0.02193300 -0.05085400 0.03224200
v -0.02201200 -0.05017100 0.03227900
v -0.01879600 -0.04937400 0.03433100
v -0.03022500 -0.05184500 0.02455000
v -0.03034100 -0.05096300 0.02458700
v -0.03256600 -0.05100300 0.02151900
v -0.03265000 -0.05034800 0.02154100
v -0.03273700 -0.04966800 0.02159500
v -0.03282800 -0.04900300 0.02174000
v -0.03287400 -0.04869100 0.02184400
v -0.03478100 -0.04848100 0.01860000
v -0.03635300 -0.04797200 0.01521900
v -0.03752000 -0.04744600 0.01163000
v -0.03592800 -0.05194700 0.01478400
v -0.03720400 -0.05113900 0.01121700
v -0.03725600 -0.05050400 0.01122400
v -0.03730900 -0.04986300 0.01124600
v -0.03736300 -0.04923300 0.01131300
v -0.03738900 -0.04892800 0.01136200
v -0.03815700 -0.04870400 0.00766300
v -0.03042800 -0.05030000 0.02461400
v -0.02799100 -0.04954600 0.02752400
v -0.02527400 -0.04877900 0.03033000
v -0.02224500 -0.04838400 0.03282200
v -0.02228400 -0.04811000 0.03300800
v -0.02235900 -0.04757200 0.03337500
v -0.03052000 -0.04960600 0.02467900
v -0.03061800 -0.04892700 0.02485300
v -0.03066800 -0.04861200 0.02497700
v -0.03291600 -0.04840500 0.02195500
v -0.03485700 -0.04790400 0.01878200
v -0.03641800 -0.04738700 0.01536300
v -0.00801100 -0.04844200 0.03840700
v -0.00554400 -0.04807500 0.03905100
v -0.00555500 -0.04781800 0.03930500
v -0.00557500 -0.04731300 0.03980200
v -0.00559500 -0.04680500 0.04030300
v -0.02809200 -0.04885200 0.02772700
v -0.02532600 -0.04845800 0.03049500
v -0.02536800 -0.04818100 0.03066400
v -0.02545000 -0.04763500 0.03099600
v -0.02553200 -0.04708600 0.03133000
v -0.00803400 -0.04811400 0.03866800
v -0.01051000 -0.04789400 0.03836100
v -0.01305900 -0.04741600 0.03806600
v -0.01556300 -0.04692600 0.03756800
v -0.02814400 -0.04853400 0.02787200
v -0.03071100 -0.04832900 0.02510800
v -0.03299800 -0.04783500 0.02217700
v -0.03493300 -0.04732600 0.01896500
v -0.00805000 -0.04785500 0.03891500
v -0.00808000 -0.04734600 0.03939700
v -0.00811000 -0.04683300 0.03988300
v -0.02818800 -0.04825400 0.02802100
v -0.02827200 -0.04770000 0.02831800
v -0.02835800 -0.04714400 0.02861500
v -0.01054800 -0.04738000 0.03882700
v -0.01310800 -0.04689400 0.03851800
v -0.03079600 -0.04776700 0.02536700
v -0.03308000 -0.04726500 0.02239800
v -0.01058800 -0.04686200 0.03929700
v -0.03088200 -0.04720400 0.02562600
v 0.03836400 -0.05488200 0.00377200
v 0.03855000 -0.05490000 0.00000000
v 0.03839900 -0.05332200 0.00377900
v 0.03855000 -0.05252900 0.00000100
v 0.03841800 -0.05249300 0.00378300
v 0.03842700 -0.05207800 0.00378500
v 0.03824600 -0.05205500 0.00566200
v 0.03827900 -0.05122100 0.00566700
v 0.03801500 -0.05119400 0.00753400
v 0.03805100 -0.05056500 0.00753800
v 0.03725600 -0.05050800 0.01122400
v 0.03730900 -0.04986700 0.01124600
v 0.03615000 -0.04980000 0.01484300
v 0.03621900 -0.04915900 0.01493500
v 0.03550600 -0.04912100 0.01669700
v 0.03554400 -0.04881300 0.01677300
v 0.03474200 -0.04877300 0.01850700
v 0.03478100 -0.04848300 0.01859900
v 0.03291500 -0.04840700 0.02195500
v 0.03299700 -0.04783700 0.02217600
v 0.03079600 -0.04776900 0.02536600
v 0.03088100 -0.04720500 0.02562600
v 0.02835800 -0.04714500 0.02861400
v 0.03110900 -0.04570600 0.02631800
v 0.02858500 -0.04566600 0.02940700
v 0.02882000 -0.04528500 0.02941500
v 0.02635200 -0.04529500 0.03191900
v 0.03844600 -0.05124800 0.00378900
v 0.03855000 -0.05006600 0.00000200
v 0.03846000 -0.05062600 0.00379200
v 0.03847400 -0.05000400 0.00379900
v 0.03832900 -0.04996900 0.00568100
v 0.03835500 -0.04934800 0.00571300
v 0.03812100 -0.04931100 0.00759500
v 0.03813900 -0.04900600 0.00762700
v 0.03738900 -0.04893000 0.01136200
v 0.03741500 -0.04863300 0.01141500
v 0.03628600 -0.04855900 0.01507400
v 0.03635200 -0.04797400 0.01521800
v 0.03565100 -0.04794000 0.01701900
v 0.03572200 -0.04735800 0.01718300
v 0.03493200 -0.04732800 0.01896500
v 0.03591300 -0.04580800 0.01762000
v 0.03513500 -0.04578800 0.01945300
v 0.03507100 -0.04525000 0.01992600
v 0.03350100 -0.04526000 0.02295900
v 0.03855000 -0.04760400 0.00000400
v 0.03850300 -0.04877600 0.00385600
v 0.03849600 -0.04908000 0.00383800
v 0.03848900 -0.04938500 0.00382200
v 0.03836700 -0.04904300 0.00573800
v 0.03855000 -0.04520000 0.00000500
v 0.03856900 -0.04593900 0.00402300
v 0.03853100 -0.04756000 0.00392800
v 0.03851700 -0.04816800 0.00389200
v 0.03843000 -0.04753300 0.00587000
v 0.03840500 -0.04813700 0.00581700
v 0.03822700 -0.04750500 0.00780400
v 0.03819100 -0.04810600 0.00773300
v 0.03752000 -0.04744800 0.01162900
v 0.03746800 -0.04804100 0.01152200
v 0.03641800 -0.04738900 0.01536300
v 0.03857900 -0.04520500 0.00406600
v 0.03849700 -0.04592200 0.00601100
v 0.03837400 -0.04521400 0.00795000
v 0.03832000 -0.04590400 0.00799200
v 0.03818000 -0.04521800 0.00948100
v 0.03766000 -0.04586700 0.01191500
v 0.03765600 -0.04522500 0.01230200
v 0.03671200 -0.04523600 0.01574000
v 0.03659400 -0.04582800 0.01574900
v 0.03618400 -0.04524100 0.01725300
v 0.03330000 -0.04574700 0.02298800
v 0.03128400 -0.04527300 0.02637100
v 0.02575000 -0.04562800 0.03221800
v 0.02409000 -0.04530300 0.03385500
v 0.02263800 -0.04559200 0.03472500
v 0.02260600 -0.04530800 0.03497300
v 0.01951500 -0.04531600 0.03696700
v 0.01928100 -0.04555800 0.03690000
v 0.01603300 -0.04532400 0.03875200
v 0.01571400 -0.04552700 0.03871800
v 0.01450300 -0.04532700 0.03940100
v 0.01206300 -0.04549900 0.04012500
v 0.01196700 -0.04533100 0.04031000
v 0.00842900 -0.04533700 0.04125700
v 0.00828300 -0.04547400 0.04115300
v 0.00700200 -0.04533800 0.04153700
v 0.00441600 -0.04545100 0.04179100
v 0.00413100 -0.04533900 0.04193000
v 0.00050000 -0.04534200 0.04211500
v 0.00050000 -0.04597800 0.04145000
v 0.00437500 -0.04679300 0.04044300
v 0.00820300 -0.04683600 0.03986300
v 0.01194500 -0.04688000 0.03890000
v 0.01556300 -0.04692700 0.03756700
v 0.01910100 -0.04697800 0.03583100
v 0.02243500 -0.04703200 0.03374300
v 0.02553200 -0.04708700 0.03132900
v 0.00050000 -0.04629500 0.04111600
v 0.00050000 -0.04645300 0.04094900
v 0.00050000 -0.04653200 0.04086500
v 0.00050000 -0.04658900 0.04080500
v 0.00050000 -0.04675400 0.04063200
v 0.00435900 -0.04729900 0.03993600
v 0.00050000 -0.04732200 0.04003300
v 0.00050000 -0.04758500 0.03975600
v 0.00434400 -0.04780200 0.03943300
v 0.00050000 -0.04774700 0.03958400
v 0.00433500 -0.04805800 0.03917500
v 0.00050000 -0.04800000 0.03931700
v 0.00432300 -0.04838600 0.03890000
v 0.00050000 -0.04832800 0.03903100
v 0.00429900 -0.04917100 0.03853000
v 0.00050000 -0.04912300 0.03865000
v 0.00050000 -0.04995400 0.03855800
v 0.00050000 -0.05211900 0.03855500
v 0.00425800 -0.05070500 0.03841600
v 0.00427700 -0.04998900 0.03842800
v 0.00802000 -0.05002400 0.03792600
v 0.00805800 -0.04922000 0.03803300
v 0.01168600 -0.05006000 0.03705900
v 0.01173800 -0.04927100 0.03716800
v 0.01523600 -0.05009700 0.03583700
v 0.01530200 -0.04932300 0.03594400
v 0.01871900 -0.05013600 0.03422800
v 0.01879600 -0.04937800 0.03433000
v 0.02201200 -0.05017500 0.03227900
v 0.02209700 -0.04943400 0.03237400
v 0.02508200 -0.05021700 0.03001100
v 0.02517300 -0.04949100 0.03009700
v 0.02789700 -0.05025900 0.02744800
v 0.02799100 -0.04955000 0.02752400
v 0.03042800 -0.05030400 0.02461400
v 0.03051900 -0.04961000 0.02467900
v 0.03264900 -0.05035100 0.02154100
v 0.03273600 -0.04967200 0.02159400
v 0.03454100 -0.05040100 0.01826200
v 0.03462000 -0.04973500 0.01830500
v 0.03535700 -0.05042700 0.01655700
v 0.03543100 -0.04976700 0.01659300
v 0.03608300 -0.05045300 0.01481200
v 0.00050000 -0.05270600 0.03855300
v 0.00422000 -0.05213400 0.03838400
v 0.00423300 -0.05165700 0.03839500
v 0.00794100 -0.05167800 0.03786900
v 0.00798700 -0.05073400 0.03790300
v 0.01157500 -0.05169800 0.03698600
v 0.01163800 -0.05076300 0.03702900
v 0.01509700 -0.05172000 0.03575300
v 0.01517600 -0.05079300 0.03580300
v 0.01855500 -0.05174300 0.03414000
v 0.01864800 -0.05082500 0.03419200
v 0.02182800 -0.05176700 0.03219100
v 0.02193300 -0.05085800 0.03224200
v 0.02488500 -0.05179300 0.02992800
v 0.02499700 -0.05089300 0.02997600
v 0.02769400 -0.05182000 0.02737300
v 0.02781000 -0.05092900 0.02741700
v 0.03022400 -0.05185000 0.02455000
v 0.03034000 -0.05096700 0.02458700
v 0.03245400 -0.05188100 0.02148900
v 0.03256500 -0.05100700 0.02151900
v 0.03436200 -0.05191500 0.01822300
v 0.03446400 -0.05105000 0.01824600
v 0.03518900 -0.05193300 0.01652300
v 0.03528500 -0.05107200 0.01654300
v 0.03592800 -0.05195200 0.01478400
v 0.03601600 -0.05109500 0.01480000
v 0.03713300 -0.05199100 0.01120700
v 0.03720300 -0.05114300 0.01121700
v 0.03796900 -0.05203300 0.00752800
v 0.00419400 -0.05308800 0.03836400
v 0.00050000 -0.05343300 0.03855100
v 0.00448300 -0.05486300 0.03828700
v 0.00050000 -0.05489400 0.03854700
v 0.00787400 -0.05309500 0.03781700
v 0.00841900 -0.05486000 0.03761800
v 0.01147900 -0.05310300 0.03692000
v 0.01226500 -0.05486900 0.03654700
v 0.01497700 -0.05311100 0.03567900
v 0.01509600 -0.05487200 0.03547200
v 0.01841400 -0.05312100 0.03406200
v 0.01875100 -0.05487100 0.03368100
v 0.02167100 -0.05313200 0.03211300
v 0.02219600 -0.05487000 0.03151600
v 0.02471600 -0.05314400 0.02985400
v 0.02539600 -0.05487000 0.02900100
v 0.02751900 -0.05315800 0.02730700
v 0.02743400 -0.05486800 0.02708300
v 0.03005000 -0.05317400 0.02449300
v 0.03011000 -0.05486700 0.02407100
v 0.03228700 -0.05319200 0.02144200
v 0.03245700 -0.05486900 0.02079700
v 0.03420800 -0.05321300 0.01818700
v 0.03445100 -0.05487300 0.01729600
v 0.03504500 -0.05322400 0.01649300
v 0.03566400 -0.05487600 0.01463500
v 0.03579500 -0.05323600 0.01476000
v 0.03699200 -0.05487700 0.01084500
v 0.03702800 -0.05326200 0.01119100
v 0.03781000 -0.05487600 0.00750800
v 0.03789800 -0.05329100 0.00751900
v 0.03819500 -0.05330600 0.00565500
v 0.03794500 -0.05245200 0.00752500
v 0.03822900 -0.05247200 0.00566000
v 0.03709800 -0.05241400 0.01120200
v 0.03588300 -0.05238000 0.01477600
v 0.03514100 -0.05236300 0.01651300
v 0.03431100 -0.05234800 0.01821100
v 0.03239800 -0.05231800 0.02147300
v 0.03016600 -0.05229100 0.02453100
v 0.02763500 -0.05226600 0.02735100
v 0.02482900 -0.05224300 0.02990300
v 0.02177500 -0.05222200 0.03216500
v 0.01850800 -0.05220200 0.03411400
v 0.01505700 -0.05218400 0.03572900
v 0.01154300 -0.05216700 0.03696400
v 0.00791900 -0.05215000 0.03785100
v 0.03736200 -0.04923500 0.01131300
v 0.03808600 -0.04993400 0.00755200
v 0.03625300 -0.04885200 0.01500100
v 0.03558000 -0.04852100 0.01685500
v 0.03485600 -0.04790600 0.01878200
v 0.03308000 -0.04726600 0.02239800
v 0.03470200 -0.04908200 0.01842200
v 0.03282700 -0.04900600 0.02173900
v 0.03287400 -0.04869300 0.02184300
v 0.03061700 -0.04893000 0.02485200
v 0.03066700 -0.04861400 0.02497600
v 0.03071100 -0.04833100 0.02510700
v 0.02809100 -0.04885500 0.02772600
v 0.02814400 -0.04853600 0.02787000
v 0.02818700 -0.04825600 0.02802000
v 0.02827200 -0.04770200 0.02831700
v 0.02527300 -0.04878200 0.03032800
v 0.02532600 -0.04846000 0.03049400
v 0.02536800 -0.04818300 0.03066200
v 0.02544900 -0.04763600 0.03099500
v 0.02219300 -0.04871000 0.03263400
v 0.02224400 -0.04838600 0.03282000
v 0.02228300 -0.04811300 0.03300700
v 0.02235900 -0.04757300 0.03337400
v 0.01888400 -0.04864100 0.03461800
v 0.01893200 -0.04831500 0.03482500
v 0.01896700 -0.04804400 0.03502900
v 0.01903300 -0.04751300 0.03542900
v 0.01537900 -0.04857300 0.03625800
v 0.01542000 -0.04824600 0.03648400
v 0.01545000 -0.04797900 0.03670400
v 0.01550600 -0.04745500 0.03713400
v 0.01180000 -0.04850900 0.03750400
v 0.01183400 -0.04818100 0.03774800
v 0.01185700 -0.04791700 0.03798200
v 0.01190000 -0.04740000 0.03844000
v 0.00810200 -0.04844700 0.03838800
v 0.00812600 -0.04811800 0.03864800
v 0.00814200 -0.04785800 0.03889500
v 0.00817200 -0.04734900 0.03937700
v 0.03830400 -0.05059500 0.00567000
v 0.03815600 -0.04870600 0.00766300
v 0.03838000 -0.04874100 0.00576400
v -0.00050000 -0.04520000 -0.03854700
v -0.00050000 -0.05520000 -0.03854700
v -0.00449400 -0.04520000 -0.03828700
v -0.00463000 -0.05520000 -0.03827100
v -0.00843900 -0.04520000 -0.03761500
v -0.00870800 -0.05520000 -0.03755400
v -0.01229300 -0.04520000 -0.03653700
v -0.01268400 -0.05520000 -0.03640300
v -0.01601500 -0.04520000 -0.03506600
v -0.01651500 -0.05520000 -0.03483300
v -0.01956400 -0.04520000 -0.03321700
v -0.02015500 -0.05520000 -0.03286200
v -0.02290300 -0.04520000 -0.03100900
v -0.02356200 -0.05520000 -0.03051100
v -0.02599400 -0.04520000 -0.02846800
v -0.02669800 -0.05520000 -0.02780900
v -0.02880500 -0.04520000 -0.02561900
v -0.02952600 -0.05520000 -0.02478600
v -0.03130600 -0.04520000 -0.02249500
v -0.03201300 -0.05520000 -0.02147700
v -0.03347000 -0.04520000 -0.01912800
v -0.03413200 -0.05520000 -0.01792000
v -0.03527300 -0.04520000 -0.01555500
v -0.03585700 -0.05520000 -0.01415700
v -0.03669500 -0.04520000 -0.01181400
v -0.03716800 -0.05520000 -0.01023000
v -0.03772200 -0.04520000 -0.00794600
v -0.03805000 -0.05520000 -0.00618600
v -0.03834300 -0.04520000 -0.00399200
v -0.03849400 -0.05520000 -0.00207000
v -0.03855000 -0.04520000 0.00000500
v -0.03855000 -0.05490000 0.00000000
v -0.03855000 -0.05252400 0.00000100
v -0.03849400 -0.05520000 0.00207000
v -0.03850400 -0.05488400 0.00187500
v -0.03844800 -0.05487800 0.00279400
v -0.03837900 -0.05487000 0.00362300
v -0.03805000 -0.05520000 0.00618600
v -0.03814300 -0.05485600 0.00558100
v -0.03778000 -0.05485600 0.00766100
v -0.03755100 -0.05486000 0.00871500
v -0.03716800 -0.05520000 0.01023000
v -0.03749300 -0.05486200 0.00896400
v -0.03746400 -0.05486200 0.00908000
v -0.03739500 -0.05486200 0.00936300
v -0.03694500 -0.05486400 0.01100700
v -0.03660500 -0.05486900 0.01209100
v -0.03585700 -0.05520000 0.01415700
v -0.03635000 -0.05486800 0.01283700
v -0.03604600 -0.05486800 0.01367000
v -0.03563300 -0.05487000 0.01471100
v -0.03485400 -0.05486900 0.01647100
v -0.03413200 -0.05520000 0.01792000
v -0.03446600 -0.05486600 0.01726800
v -0.03418000 -0.05486300 0.01782800
v -0.03394000 -0.05486200 0.01827900
v -0.03350600 -0.05486000 0.01906400
v -0.03292600 -0.05485800 0.02004800
v -0.03201300 -0.05520000 0.02147600
v -0.03215800 -0.05485700 0.02125800
v -0.03139900 -0.05485700 0.02236300
v -0.03074900 -0.05485700 0.02325000
v -0.02952600 -0.05520000 0.02478500
v -0.03022800 -0.05485800 0.02392400
v -0.02990100 -0.05486000 0.02433200
v -0.02846300 -0.05486800 0.02600000
v -0.02669800 -0.05520000 0.02780900
v -0.02776800 -0.05487100 0.02674100
v -0.02737100 -0.05487100 0.02714700
v -0.02697900 -0.05487100 0.02753600
v -0.02644200 -0.05487000 0.02805200
v -0.02569400 -0.05486700 0.02873900
v -0.02480300 -0.05486300 0.02951100
v -0.02356200 -0.05520000 0.03051100
v -0.02434500 -0.05486100 0.02989000
v -0.02408800 -0.05486000 0.03009800
v -0.02347000 -0.05485900 0.03058200
v -0.02251500 -0.05485800 0.03129100
v -0.02180000 -0.05485800 0.03179300
v -0.02015500 -0.05520000 0.03286200
v -0.02128300 -0.05485900 0.03214200
v -0.02064600 -0.05485900 0.03255400
v -0.01954000 -0.05486100 0.03323000
v -0.01872300 -0.05486200 0.03369800
v -0.01804300 -0.05486400 0.03406700
v -0.01651500 -0.05520000 0.03483300
v -0.01765300 -0.05486600 0.03427000
v -0.01688700 -0.05487100 0.03465500
v -0.01519800 -0.05487400 0.03542800
v -0.01427400 -0.05487200 0.03581100
v -0.01268400 -0.05520000 0.03640300
v -0.01322800 -0.05486800 0.03621000
v -0.01224200 -0.05486500 0.03655500
v -0.01154100 -0.05486400 0.03678200
v -0.01095000 -0.05486400 0.03696200
v -0.00870800 -0.05520000 0.03755400
v -0.00995600 -0.05486100 0.03724200
v -0.00941800 -0.05486000 0.03738100
v -0.00912700 -0.05485900 0.03745300
v -0.00897300 -0.05485800 0.03749000
v -0.00858100 -0.05485600 0.03758200
v -0.00818400 -0.05485300 0.03767000
v -0.00622200 -0.05484800 0.03804400
v -0.00463100 -0.05520000 0.03827100
v -0.00424600 -0.05485600 0.03831500
v -0.00050000 -0.05520000 0.03854700
v -0.00050000 -0.05489300 0.03854700
v -0.03855000 -0.05006300 0.00000200
v -0.03855000 -0.04760200 0.00000400
v -0.00050000 -0.05540000 -0.03835000
v -0.00050000 -0.05537200 -0.03844900
v -0.00050000 -0.04500000 -0.03835000
v -0.00050000 -0.04502800 -0.03844900
v -0.00050000 -0.05529900 -0.03852100
v -0.00050000 -0.04510100 -0.03852100
v -0.00050000 -0.04520000 -0.03854700
v -0.00050000 -0.05520000 -0.03854700
v 0.00050000 -0.04520000 -0.03854700
v 0.00050000 -0.05520000 -0.03854700
v 0.00050000 -0.04510100 -0.03852100
v 0.00050000 -0.05529900 -0.03852100
v 0.00050000 -0.05537200 -0.03844900
v 0.00050000 -0.04502800 -0.03844900
v 0.00050000 -0.05540000 -0.03835000
v 0.00050000 -0.04500000 -0.03835000
v 0.00050000 -0.04500000 -0.03835000
v 0.00050000 -0.05540000 -0.03835000
v 0.00000000 -0.04500000 -0.03835000
v 0.00000000 -0.05540000 -0.03835000
v -0.00050000 -0.05540000 -0.03835000
v -0.00050000 -0.04500000 -0.03835000
v -0.00022900 -0.04511900 0.04215600
v -0.00022900 -0.04511900 0.04215600
v -0.00022900 -0.04511900 0.04215600
v -0.00050000 -0.04512200 0.04215400
v -0.00050000 -0.04512200 0.04215400
v 0.00000000 -0.04558600 0.04166100
v 0.00000000 -0.04558600 0.04166100
v 0.00000000 -0.04558600 0.04166100
v 0.00000000 -0.04558600 0.04166100
v 0.00000000 -0.04558600 0.04166100
v -0.00050000 -0.04563900 0.04160400
v -0.00050000 -0.04563900 0.04160400
v -0.00050000 -0.04581700 0.04141600
v -0.00050000 -0.04581700 0.04141600
v -0.00050000 -0.04608300 0.04113300
v -0.00050000 -0.04608300 0.04113300
v -0.00050000 -0.04608300 0.04113300
v 0.00000000 -0.04728700 0.03985300
v 0.00000000 -0.04728700 0.03985300
v 0.00000000 -0.04728700 0.03985300
v 0.00000000 -0.04728700 0.03985300
v 0.00000000 -0.04728700 0.03985300
v 0.00050000 -0.04705400 0.04010100
v 0.00050000 -0.04705400 0.04010100
v 0.00050000 -0.04705400 0.04010100
v 0.00000000 -0.04761500 0.03950400
v 0.00000000 -0.04761500 0.03950400
v 0.00050000 -0.04808900 0.03903300
v 0.00000000 -0.04808400 0.03903700
v 0.00000000 -0.04864200 0.03867200
v -0.00050000 -0.04806300 0.03905500
v -0.00050000 -0.04871300 0.03863900
v -0.00050000 -0.04702500 0.04013100
v -0.00050000 -0.04702500 0.04013100
v -0.00050000 -0.04702500 0.04013100
v 0.00000000 -0.04927400 0.03846000
v -0.00050000 -0.04943800 0.03843400
v 0.00000000 -0.04992700 0.03840100
v -0.00050000 -0.05242600 0.03841100
v 0.00000000 -0.05250900 0.03841100
v 0.00000000 -0.05250900 0.03841100
v -0.00050000 -0.05306000 0.03841000
v -0.00050000 -0.05306000 0.03841000
v -0.00050000 -0.05391100 0.03841100
v -0.00050000 -0.05391100 0.03841100
v -0.00050000 -0.05538900 0.03841200
v 0.00050000 -0.05538900 0.03841200
v 0.00050000 -0.05244800 0.03841100
v 0.00050000 -0.04947800 0.03842900
v 0.00050000 -0.04874400 0.03862500
v 0.00050000 -0.04511800 0.04215700
v 0.00050000 -0.04511800 0.04215700
v 0.00050000 -0.04511800 0.04215700
v 0.00034700 -0.04511800 0.04215800
v 0.00019800 -0.04511800 0.04215800
v -0.00050000 -0.05520000 0.03854700
v -0.00050000 -0.05534700 0.03848200
v -0.00050000 -0.05489300 0.03854700
v -0.00050000 -0.05538900 0.03841200
v -0.00050000 -0.05391100 0.03841100
v -0.00050000 -0.05528000 0.03853000
v -0.00050000 -0.05211300 0.03855500
v -0.00050000 -0.05306000 0.03841000
v -0.00050000 -0.05242600 0.03841100
v -0.00050000 -0.04943800 0.03843400
v -0.00050000 -0.05067200 0.03855900
v -0.00050000 -0.05125500 0.03855800
v -0.00050000 -0.05153200 0.03855700
v -0.00050000 -0.04871300 0.03863900
v -0.00050000 -0.04911900 0.03865200
v -0.00050000 -0.04995000 0.03855900
v -0.00050000 -0.04874000 0.03878900
v -0.00050000 -0.04806300 0.03905500
v -0.00050000 -0.04832600 0.03903400
v -0.00050000 -0.04800200 0.03932300
v -0.00050000 -0.04774500 0.03958600
v -0.00050000 -0.04702500 0.04013100
v -0.00050000 -0.04608300 0.04113300
v -0.00050000 -0.04534500 0.04211800
v -0.00050000 -0.04581700 0.04141600
v -0.00050000 -0.04563900 0.04160400
v -0.00050000 -0.04512200 0.04215400
v -0.00050000 -0.04523800 0.04217700
v -0.00050000 -0.04511800 0.04216200
v -0.00050000 -0.04505800 0.04211000
v -0.00050000 -0.04503200 0.04208900
v -0.00050000 -0.04501500 0.04204600
v -0.00050000 -0.04501200 0.04204800
v -0.00050000 -0.04500000 0.04198000
v -0.00050000 -0.04500000 0.04197100
v -0.00050000 -0.05172600 0.03855600
v 0.00050000 -0.04705400 0.04010100
v 0.00050000 -0.04629500 0.04111600
v 0.00050000 -0.04511800 0.04215700
v 0.00050000 -0.04511800 0.04215700
v 0.00050000 -0.04511800 0.04215700
v 0.00050000 -0.04597800 0.04145000
v 0.00050000 -0.04597800 0.04145000
v 0.00050000 -0.04534200 0.04211500
v 0.00050000 -0.04534200 0.04211500
v 0.00050000 -0.04808900 0.03903300
v 0.00050000 -0.04774700 0.03958400
v 0.00050000 -0.04758500 0.03975600
v 0.00050000 -0.04732200 0.04003300
v 0.00050000 -0.04874400 0.03862500
v 0.00050000 -0.04832800 0.03903100
v 0.00050000 -0.04800000 0.03931700
v 0.00050000 -0.04912300 0.03865000
v 0.00050000 -0.04947800 0.03842900
v 0.00050000 -0.04995400 0.03855800
v 0.00050000 -0.05244800 0.03841100
v 0.00050000 -0.05211900 0.03855500
v 0.00050000 -0.05270600 0.03855300
v 0.00050000 -0.05343300 0.03855100
v 0.00050000 -0.05538900 0.03841200
v 0.00050000 -0.05489400 0.03854700
v 0.00050000 -0.05534700 0.03848200
v 0.00050000 -0.05520000 0.03854700
v 0.00050000 -0.05528000 0.03853000
v 0.00050000 -0.04675400 0.04063200
v 0.00050000 -0.04658900 0.04080500
v 0.00050000 -0.04653200 0.04086500
v 0.00050000 -0.04645300 0.04094900
v 0.00050000 -0.04527600 0.04216000
v 0.00050000 -0.04527600 0.04216000
v 0.00050000 -0.04519700 0.04217500
v 0.00050000 -0.04527600 0.04216000
v 0.00050000 -0.04534200 0.04211500
v 0.00342300 -0.04525200 0.04204300
v 0.00413100 -0.04533900 0.04193000
v 0.00728600 -0.04524700 0.04153600
v 0.00700200 -0.04533800 0.04153700
v 0.00842900 -0.04533700 0.04125700
v 0.01127000 -0.04524100 0.04057300
v 0.01196700 -0.04533100 0.04031000
v 0.01514300 -0.04523300 0.03918400
v 0.01450300 -0.04532700 0.03940100
v 0.01603300 -0.04532400 0.03875200
v 0.01882700 -0.04522500 0.03739800
v 0.01951500 -0.04531600 0.03696700
v 0.02229400 -0.04521600 0.03523200
v 0.02260600 -0.04530800 0.03497300
v 0.02409000 -0.04530300 0.03385500
v 0.02553200 -0.04520600 0.03269000
v 0.02635200 -0.04529500 0.03191900
v 0.02848400 -0.04519600 0.02981300
v 0.02882000 -0.04528500 0.02941500
v 0.03110800 -0.04518500 0.02663300
v 0.03128400 -0.04527300 0.02637100
v 0.03336700 -0.04517400 0.02320500
v 0.03350100 -0.04526000 0.02295900
v 0.03507100 -0.04525000 0.01992600
v 0.03618400 -0.04524100 0.01725300
v 0.03601200 -0.04515900 0.01770500
v 0.03522900 -0.04516400 0.01958500
v 0.03333600 -0.04508200 0.02318600
v 0.03108100 -0.04508800 0.02661300
v 0.03101900 -0.04502100 0.02656700
v 0.02840400 -0.04502200 0.02973900
v 0.03016500 -0.04500000 0.02753700
v 0.02830000 -0.04500000 0.02971800
v 0.03669700 -0.04515400 0.01577800
v 0.03671200 -0.04523600 0.01574000
v 0.03728000 -0.04514900 0.01380700
v 0.03765600 -0.04522500 0.01230200
v 0.03775700 -0.04514500 0.01180500
v 0.03818000 -0.04521800 0.00948100
v 0.03812600 -0.04514000 0.00978500
v 0.03838400 -0.04513700 0.00775700
v 0.03808400 -0.04506500 0.00977800
v 0.03834100 -0.04506400 0.00775200
v 0.03801400 -0.04501600 0.00976700
v 0.03827100 -0.04501500 0.00774500
v 0.03815700 -0.04500000 0.00810000
v 0.03843500 -0.04501500 0.00504000
v 0.03836400 -0.04500000 0.00489300
v 0.03845300 -0.04501400 0.00232700
v 0.03835000 -0.04500000 0.00000300
v 0.03845000 -0.04502700 0.00000300
v 0.03852100 -0.04505900 0.00232600
v 0.03852300 -0.04510000 0.00000200
v 0.03856600 -0.04512800 0.00232600
v 0.03855000 -0.04520000 0.00000500
v 0.03857900 -0.04520500 0.00406600
v 0.03854800 -0.04513200 0.00504400
v 0.03837400 -0.04521400 0.00795000
v 0.03765800 -0.04500000 0.01133300
v 0.03764600 -0.04501600 0.01178200
v 0.03771600 -0.04506800 0.01179600
v 0.03716000 -0.04500000 0.01350500
v 0.03717000 -0.04501700 0.01377700
v 0.03724000 -0.04507000 0.01379600
v 0.03642600 -0.04500000 0.01597900
v 0.03658900 -0.04501700 0.01574200
v 0.03665800 -0.04507200 0.01576500
v 0.03590600 -0.04501800 0.01766400
v 0.03588200 -0.04500000 0.01749900
v 0.03512500 -0.04501800 0.01953900
v 0.03465600 -0.04500000 0.02035400
v 0.03327000 -0.04501900 0.02314800
v 0.03311300 -0.04500000 0.02324700
v 0.03184400 -0.04500000 0.02524900
v 0.02546200 -0.04502300 0.03261000
v 0.02520100 -0.04500000 0.03271300
v 0.02223400 -0.04502400 0.03514700
v 0.02222500 -0.04500000 0.03503700
v 0.02043400 -0.04500000 0.03622400
v 0.01877800 -0.04502500 0.03730900
v 0.01788400 -0.04500000 0.03767900
v 0.01510500 -0.04502600 0.03909300
v 0.01522000 -0.04500000 0.03893700
v 0.01298400 -0.04500000 0.03980800
v 0.01124300 -0.04502700 0.04048200
v 0.01112900 -0.04500000 0.04041100
v 0.00725100 -0.04500000 0.04134700
v 0.00726900 -0.04502700 0.04144500
v 0.00345000 -0.04500000 0.04185300
v 0.00341600 -0.04502800 0.04195200
v -0.00050000 -0.04501500 0.04204600
v -0.00050000 -0.04505800 0.04211000
v -0.00050000 -0.04500000 0.04197100
v -0.00050000 -0.04512200 0.04215400
v -0.00022900 -0.04511900 0.04215600
v 0.00019800 -0.04511800 0.04215800
v 0.00034700 -0.04511800 0.04215800
v 0.00050000 -0.04511800 0.04215700
v 0.00342200 -0.04512400 0.04203500
v 0.00050000 -0.04519700 0.04217500
v 0.03850400 -0.04506100 0.00504100
v 0.03597500 -0.04507500 0.01769100
v 0.03519300 -0.04507700 0.01957000
v 0.02846100 -0.04509400 0.02979200
v 0.02551500 -0.04509900 0.03267000
v 0.02228000 -0.04510500 0.03521300
v 0.01881800 -0.04511000 0.03738100
v 0.01513700 -0.04511400 0.03916900
v 0.01126700 -0.04511800 0.04056100
v 0.00728400 -0.04512200 0.04152600
v 0.00000000 -0.04500000 -0.03835000
v 0.00000000 -0.04500000 -0.03835000
v 0.00050000 -0.04500000 -0.03834700
v 0.00050000 -0.04500000 -0.03835000
v 0.00422500 -0.04500000 -0.03811700
v 0.00401900 -0.04502700 -0.03823900
v 0.00799500 -0.04502700 -0.03761000
v 0.00801000 -0.04510000 -0.03768100
v 0.01190500 -0.04510000 -0.03663700
v 0.00843900 -0.04520000 -0.03761500
v 0.01229300 -0.04520000 -0.03653700
v 0.01567000 -0.04510000 -0.03519200
v 0.01601500 -0.04520000 -0.03506600
v 0.01926300 -0.04510000 -0.03336100
v 0.01956400 -0.04520000 -0.03321700
v 0.02264500 -0.04510000 -0.03116500
v 0.02290200 -0.04520000 -0.03100900
v 0.02577900 -0.04510000 -0.02862700
v 0.02599400 -0.04520000 -0.02846800
v 0.02863000 -0.04510000 -0.02577500
v 0.02880500 -0.04520000 -0.02562000
v 0.03116700 -0.04510000 -0.02264100
v 0.03130600 -0.04520000 -0.02249500
v 0.03336400 -0.04510000 -0.01925900
v 0.03347000 -0.04520000 -0.01912800
v 0.03519400 -0.04510000 -0.01566600
v 0.03527200 -0.04520000 -0.01555500
v 0.03663900 -0.04510000 -0.01190100
v 0.03669500 -0.04520000 -0.01181400
v 0.03768200 -0.04510000 -0.00800500
v 0.03772200 -0.04520000 -0.00794600
v 0.03831500 -0.04510000 -0.00400100
v 0.03834300 -0.04520000 -0.00399300
v 0.03852300 -0.04510000 0.00000200
v 0.03855000 -0.04520000 0.00000500
v 0.00791100 -0.04500000 -0.03752500
v 0.01152100 -0.04500000 -0.03657900
v 0.01188300 -0.04502700 -0.03656800
v 0.01502200 -0.04500000 -0.03528500
v 0.01564000 -0.04502700 -0.03512500
v 0.01838100 -0.04500000 -0.03365800
v 0.01922600 -0.04502700 -0.03329800
v 0.02156600 -0.04500000 -0.03171200
v 0.02260200 -0.04502700 -0.03110600
v 0.02454700 -0.04500000 -0.02946500
v 0.02573000 -0.04502700 -0.02857200
v 0.02729500 -0.04500000 -0.02693900
v 0.02857600 -0.04502700 -0.02572600
v 0.02978400 -0.04500000 -0.02415800
v 0.03110800 -0.04502700 -0.02259800
v 0.03199200 -0.04500000 -0.02114800
v 0.03330000 -0.04502700 -0.01922200
v 0.03389600 -0.04500000 -0.01793800
v 0.03512700 -0.04502700 -0.01563600
v 0.03547900 -0.04500000 -0.01455800
v 0.03656900 -0.04502700 -0.01187800
v 0.03672600 -0.04500000 -0.01104000
v 0.03761100 -0.04502700 -0.00799000
v 0.03762600 -0.04500000 -0.00741800
v 0.03824100 -0.04502700 -0.00400400
v 0.03816900 -0.04500000 -0.00372500
v 0.03845000 -0.04502700 0.00000300
v 0.03835000 -0.04500000 0.00000300
v 0.00449400 -0.04520000 -0.03828700
v 0.00402700 -0.04510000 -0.03831200
v 0.00050000 -0.04502800 -0.03844900
v 0.00050000 -0.04520000 -0.03854700
v 0.00050000 -0.04510100 -0.03852100
v -0.00050000 -0.04502800 -0.03844900
v -0.00402000 -0.04502700 -0.03823900
v -0.00050000 -0.04500000 -0.03835000
v -0.00422600 -0.04500000 -0.03811700
v -0.00050000 -0.04500000 -0.03834700
v -0.00402700 -0.04510000 -0.03831200
v -0.00050000 -0.04510100 -0.03852100
v -0.00050000 -0.04520000 -0.03854700
v -0.00449400 -0.04520000 -0.03828700
v -0.00801000 -0.04510000 -0.03768100
v -0.00799500 -0.04502700 -0.03761000
v -0.01188300 -0.04502700 -0.03656800
v -0.01152200 -0.04500000 -0.03657800
v -0.01502300 -0.04500000 -0.03528500
v -0.01564100 -0.04502700 -0.03512500
v -0.01838200 -0.04500000 -0.03365700
v -0.01922700 -0.04502700 -0.03329800
v -0.02156700 -0.04500000 -0.03171100
v -0.02260300 -0.04502700 -0.03110500
v -0.02454800 -0.04500000 -0.02946400
v -0.02573000 -0.04502700 -0.02857200
v -0.02729600 -0.04500000 -0.02693800
v -0.02857600 -0.04502700 -0.02572500
v -0.02978600 -0.04500000 -0.02415700
v -0.03110900 -0.04502700 -0.02259700
v -0.03199300 -0.04500000 -0.02114600
v -0.03330100 -0.04502700 -0.01922100
v -0.03389700 -0.04500000 -0.01793600
v -0.03512800 -0.04502700 -0.01563400
v -0.03548000 -0.04500000 -0.01455600
v -0.03657000 -0.04502700 -0.01187700
v -0.03672700 -0.04500000 -0.01103700
v -0.03761100 -0.04502700 -0.00798800
v -0.03762600 -0.04500000 -0.00741500
v -0.03824100 -0.04502700 -0.00400200
v -0.03816900 -0.04500000 -0.00372200
v -0.03845000 -0.04502700 0.00000600
v -0.03835000 -0.04500000 0.00000700
v -0.00843900 -0.04520000 -0.03761500
v -0.01190600 -0.04510000 -0.03663700
v -0.01229300 -0.04520000 -0.03653700
v -0.01567000 -0.04510000 -0.03519200
v -0.01601500 -0.04520000 -0.03506600
v -0.01926400 -0.04510000 -0.03336100
v -0.01956400 -0.04520000 -0.03321700
v -0.02264600 -0.04510000 -0.03116400
v -0.02290300 -0.04520000 -0.03100900
v -0.02577900 -0.04510000 -0.02862600
v -0.02599400 -0.04520000 -0.02846800
v -0.02863100 -0.04510000 -0.02577400
v -0.02880500 -0.04520000 -0.02561900
v -0.03116800 -0.04510000 -0.02264000
v -0.03130600 -0.04520000 -0.02249500
v -0.03336400 -0.04510000 -0.01925800
v -0.03347000 -0.04520000 -0.01912800
v -0.03519500 -0.04510000 -0.01566400
v -0.03527300 -0.04520000 -0.01555500
v -0.03663900 -0.04510000 -0.01189900
v -0.03669500 -0.04520000 -0.01181400
v -0.03768300 -0.04510000 -0.00800400
v -0.03772200 -0.04520000 -0.00794600
v -0.03831500 -0.04510000 -0.00400000
v -0.03834300 -0.04520000 -0.00399200
v -0.03852300 -0.04510000 0.00000500
v -0.03855000 -0.04520000 0.00000500
v -0.00791100 -0.04500000 -0.03752500
v -0.00050000 -0.04534500 0.04211800
v -0.00050000 -0.04523800 0.04217700
v -0.00375500 -0.04534100 0.04196600
v -0.00439300 -0.04525100 0.04195500
v -0.00548400 -0.04533800 0.04177000
v -0.00826600 -0.04524600 0.04133500
v -0.00881700 -0.04533400 0.04116500
v -0.01206100 -0.04524000 0.04032500
v -0.01204800 -0.04533000 0.04028100
v -0.01368500 -0.04532800 0.03971500
v -0.01572300 -0.04523300 0.03893500
v -0.01598000 -0.04532400 0.03877600
v -0.01931600 -0.04522400 0.03712200
v -0.01961500 -0.04531500 0.03690800
v -0.02270800 -0.04521500 0.03493800
v -0.02286600 -0.04530700 0.03478600
v -0.02513700 -0.04530000 0.03299900
v -0.02583300 -0.04520600 0.03242600
v -0.02621700 -0.04529600 0.03204500
v -0.02867900 -0.04519500 0.02960000
v -0.02875300 -0.04528500 0.02948900
v -0.03058500 -0.04527600 0.02730100
v -0.03122700 -0.04518500 0.02647200
v -0.03144300 -0.04527200 0.02615100
v -0.03342700 -0.04517400 0.02310300
v -0.03344200 -0.04526100 0.02306200
v -0.03502500 -0.04525000 0.02002300
v -0.03525300 -0.04516400 0.01953000
v -0.03570800 -0.04524500 0.01846400
v -0.03670100 -0.04515400 0.01576700
v -0.03668900 -0.04523600 0.01581000
v -0.03773000 -0.04522500 0.01197100
v -0.03774000 -0.04514500 0.01189600
v -0.03836800 -0.04521400 0.00800700
v -0.03836200 -0.04513700 0.00797100
v -0.03852100 -0.04513400 0.00598900
v -0.03847700 -0.04506300 0.00598700
v -0.03853100 -0.04506100 0.00399500
v -0.03846200 -0.04501500 0.00399500
v -0.03845000 -0.04502700 0.00000600
v -0.03835000 -0.04500000 0.00000700
v -0.03838700 -0.04500000 0.00399500
v -0.03840800 -0.04501500 0.00598400
v -0.03817900 -0.04500000 0.00789500
v -0.03825000 -0.04501500 0.00795900
v -0.03762900 -0.04501600 0.01187200
v -0.03769900 -0.04506800 0.01188700
v -0.03666200 -0.04507300 0.01575500
v -0.00439300 -0.04512500 0.04194700
v -0.00050000 -0.04511800 0.04216200
v -0.00438300 -0.04502800 0.04186400
v -0.00050000 -0.04503200 0.04208900
v -0.00050000 -0.04501200 0.04204800
v -0.00050000 -0.04500000 0.04198000
v -0.00344000 -0.04500000 0.04185100
v -0.00518000 -0.04500000 0.04166500
v -0.00824700 -0.04502800 0.04124400
v -0.00826600 -0.04512200 0.04132600
v -0.00871300 -0.04500000 0.04103600
v -0.01203200 -0.04502700 0.04023300
v -0.01205800 -0.04511900 0.04031200
v -0.01224100 -0.04500000 0.04005900
v -0.01568300 -0.04502600 0.03884500
v -0.01571600 -0.04511500 0.03892000
v -0.01595600 -0.04500000 0.03861500
v -0.01855900 -0.04500000 0.03731800
v -0.01926500 -0.04502500 0.03703400
v -0.02061800 -0.04500000 0.03610800
v -0.02264700 -0.04502400 0.03485400
v -0.02282300 -0.04500000 0.03460800
v -0.02576200 -0.04502300 0.03234700
v -0.02606200 -0.04500000 0.03194900
v -0.02859800 -0.04502200 0.02952700
v -0.02868400 -0.04500000 0.02929500
v -0.03071100 -0.04500000 0.02683300
v -0.03113800 -0.04502100 0.02640600
v -0.03204400 -0.04500000 0.02495300
v -0.03333000 -0.04501900 0.02304700
v -0.03325500 -0.04500000 0.02300400
v -0.03472900 -0.04500000 0.02019900
v -0.03515000 -0.04501800 0.01948400
v -0.03569200 -0.04500000 0.01798400
v -0.03659300 -0.04501700 0.01573200
v -0.03651600 -0.04500000 0.01570700
v -0.03655100 -0.04500000 0.01559700
v -0.03751900 -0.04500000 0.01200900
v -0.03852300 -0.04510000 0.00000500
v -0.03857400 -0.04513000 0.00399500
v -0.03858700 -0.04520500 0.00399500
v -0.03855000 -0.04520000 0.00000500
v -0.01930600 -0.04511000 0.03710400
v -0.02269400 -0.04510500 0.03491900
v -0.02581500 -0.04510000 0.03240600
v -0.02865600 -0.04509400 0.02958000
v -0.03120000 -0.04508900 0.02645200
v -0.03339500 -0.04508300 0.02308500
v -0.03521800 -0.04507800 0.01951400
v -0.03832000 -0.04506400 0.00796700
v 0.00050000 -0.05537200 -0.03844900
v 0.00408700 -0.05537300 -0.03823200
v 0.00050000 -0.05540000 -0.03835000
v 0.00424100 -0.05540000 -0.03811500
v 0.00050000 -0.05540000 -0.03834700
v 0.00409500 -0.05530000 -0.03830500
v 0.00050000 -0.05529900 -0.03852100
v 0.00050000 -0.05520000 -0.03854700
v 0.00463000 -0.05520000 -0.03827100
v 0.00814300 -0.05530000 -0.03765300
v 0.00812800 -0.05537300 -0.03758100
v 0.01207600 -0.05537300 -0.03650400
v 0.01156500 -0.05540000 -0.03656500
v 0.01507900 -0.05540000 -0.03526100
v 0.01588800 -0.05537300 -0.03501400
v 0.01844900 -0.05540000 -0.03362100
v 0.01952000 -0.05537300 -0.03312700
v 0.02164300 -0.05540000 -0.03165900
v 0.02293000 -0.05537300 -0.03086400
v 0.02463000 -0.05540000 -0.02939600
v 0.02608100 -0.05537300 -0.02825200
v 0.02738100 -0.05540000 -0.02685100
v 0.02893600 -0.05537300 -0.02532000
v 0.02987200 -0.05540000 -0.02405000
v 0.03146400 -0.05537300 -0.02210100
v 0.03207600 -0.05540000 -0.02101900
v 0.03363500 -0.05537300 -0.01863100
v 0.03397500 -0.05540000 -0.01778800
v 0.03542400 -0.05537300 -0.01495000
v 0.03554900 -0.05540000 -0.01438700
v 0.03681300 -0.05537300 -0.01110000
v 0.03678400 -0.05540000 -0.01084800
v 0.03778400 -0.05537300 -0.00712400
v 0.03766700 -0.05540000 -0.00720600
v 0.03819000 -0.05540000 -0.00349500
v 0.03832700 -0.05537300 -0.00306800
v 0.03834900 -0.05540000 0.00025000
v 0.03843600 -0.05537300 0.00102300
v 0.03814200 -0.05540000 0.00399200
v 0.03811000 -0.05537300 0.00510300
v 0.03757000 -0.05540000 0.00769600
v 0.03735100 -0.05537300 0.00912500
v 0.03663900 -0.05540000 0.01132700
v 0.03617000 -0.05537300 0.01304400
v 0.03535900 -0.05540000 0.01484900
v 0.03457800 -0.05537300 0.01681400
v 0.03374000 -0.05540000 0.01822900
v 0.03259500 -0.05537300 0.02039500
v 0.03180000 -0.05540000 0.02143600
v 0.03024300 -0.05537300 0.02374400
v 0.02955500 -0.05540000 0.02443700
v 0.02754800 -0.05537300 0.02682400
v 0.02702900 -0.05540000 0.02720600
v 0.02454000 -0.05537300 0.02960000
v 0.02424400 -0.05540000 0.02971400
v 0.02127400 -0.05537300 0.03202800
v 0.02122800 -0.05540000 0.03193900
v 0.01800900 -0.05540000 0.03385800
v 0.01772900 -0.05537300 0.03411900
v 0.01461800 -0.05540000 0.03545500
v 0.01400200 -0.05537300 0.03581000
v 0.01108700 -0.05540000 0.03671200
v 0.01011600 -0.05537300 0.03709500
v 0.00745100 -0.05540000 0.03761900
v 0.00611600 -0.05537300 0.03796000
v 0.00374300 -0.05540000 0.03816700
v 0.00204600 -0.05537300 0.03839500
v 0.00050000 -0.05538900 0.03841200
v 0.00050000 -0.05534700 0.03848200
v 0.00205000 -0.05530000 0.03846900
v 0.00050000 -0.05528000 0.03853000
v 0.00463000 -0.05520000 0.03827100
v 0.00050000 -0.05520000 0.03854700
v 0.00870800 -0.05520000 -0.03755400
v 0.01209900 -0.05530000 -0.03657400
v 0.01268400 -0.05520000 -0.03640300
v 0.01591800 -0.05530000 -0.03508100
v 0.01651500 -0.05520000 -0.03483300
v 0.01955700 -0.05530000 -0.03319000
v 0.02015500 -0.05520000 -0.03286200
v 0.02297400 -0.05530000 -0.03092300
v 0.02356200 -0.05520000 -0.03051100
v 0.02613100 -0.05530000 -0.02830600
v 0.02669800 -0.05520000 -0.02780900
v 0.02899100 -0.05530000 -0.02536800
v 0.02952600 -0.05520000 -0.02478600
v 0.03152400 -0.05530000 -0.02214300
v 0.03201300 -0.05520000 -0.02147700
v 0.03369900 -0.05530000 -0.01866600
v 0.03413200 -0.05520000 -0.01792000
v 0.03549200 -0.05530000 -0.01497900
v 0.03585600 -0.05520000 -0.01415700
v 0.03688300 -0.05530000 -0.01112100
v 0.03716800 -0.05520000 -0.01023000
v 0.03785600 -0.05530000 -0.00713800
v 0.03805000 -0.05520000 -0.00618600
v 0.03840000 -0.05530000 -0.00307400
v 0.03849400 -0.05520000 -0.00207000
v 0.03850900 -0.05530000 0.00102500
v 0.03849400 -0.05520000 0.00207000
v 0.03818200 -0.05530000 0.00511300
v 0.03805000 -0.05520000 0.00618600
v 0.03742300 -0.05530000 0.00914300
v 0.03716800 -0.05520000 0.01023000
v 0.03623900 -0.05530000 0.01306800
v 0.03585600 -0.05520000 0.01415700
v 0.03464400 -0.05530000 0.01684600
v 0.03413200 -0.05520000 0.01792000
v 0.03265700 -0.05530000 0.02043300
v 0.03201300 -0.05520000 0.02147600
v 0.03030000 -0.05530000 0.02378900
v 0.02952600 -0.05520000 0.02478500
v 0.02760000 -0.05530000 0.02687500
v 0.02669800 -0.05520000 0.02780900
v 0.02458700 -0.05530000 0.02965600
v 0.02356200 -0.05520000 0.03051100
v 0.02130500 -0.05530000 0.03209600
v 0.02015500 -0.05520000 0.03286200
v 0.01776300 -0.05530000 0.03418400
v 0.01651500 -0.05520000 0.03483300
v 0.01402900 -0.05530000 0.03587800
v 0.01268400 -0.05520000 0.03640300
v 0.01013500 -0.05530000 0.03716600
v 0.00870700 -0.05520000 0.03755400
v 0.00612800 -0.05530000 0.03803300
v 0.00000000 -0.05540000 0.03835000
v -0.00050000 -0.05538900 0.03841200
v -0.00204600 -0.05537300 0.03839500
v -0.00050000 -0.05534700 0.03848200
v -0.00205000 -0.05530000 0.03846900
v -0.00050000 -0.05528000 0.03853000
v -0.00050000 -0.05520000 0.03854700
v -0.00463100 -0.05520000 0.03827100
v -0.00612800 -0.05530000 0.03803300
v -0.00611600 -0.05537300 0.03796000
v -0.01011600 -0.05537300 0.03709500
v -0.00745100 -0.05540000 0.03761900
v -0.01108800 -0.05540000 0.03671200
v -0.01400200 -0.05537300 0.03581000
v -0.01461800 -0.05540000 0.03545500
v -0.01772900 -0.05537300 0.03411900
v -0.01800900 -0.05540000 0.03385800
v -0.02127400 -0.05537300 0.03202800
v -0.02122800 -0.05540000 0.03193900
v -0.02424400 -0.05540000 0.02971400
v -0.02454000 -0.05537300 0.02960000
v -0.02702900 -0.05540000 0.02720600
v -0.02754800 -0.05537300 0.02682400
v -0.02955600 -0.05540000 0.02443700
v -0.03024300 -0.05537300 0.02374400
v -0.03180000 -0.05540000 0.02143600
v -0.03259500 -0.05537300 0.02039500
v -0.03374000 -0.05540000 0.01822900
v -0.03457900 -0.05537300 0.01681400
v -0.03535900 -0.05540000 0.01484900
v -0.03617000 -0.05537300 0.01304400
v -0.03663900 -0.05540000 0.01132700
v -0.03735100 -0.05537300 0.00912500
v -0.03757000 -0.05540000 0.00769600
v -0.03811000 -0.05537300 0.00510300
v -0.03814200 -0.05540000 0.00399200
v -0.03843600 -0.05537300 0.00102300
v -0.03834900 -0.05540000 0.00025000
v -0.03832700 -0.05537300 -0.00306800
v -0.03819000 -0.05540000 -0.00349500
v -0.03778400 -0.05537300 -0.00712400
v -0.03766700 -0.05540000 -0.00720600
v -0.03678400 -0.05540000 -0.01084800
v -0.03681300 -0.05537300 -0.01110000
v -0.03554900 -0.05540000 -0.01438700
v -0.03542400 -0.05537300 -0.01495000
v -0.03397500 -0.05540000 -0.01778800
v -0.03363500 -0.05537300 -0.01863100
v -0.03207700 -0.05540000 -0.02101900
v -0.03146400 -0.05537300 -0.02210100
v -0.02987200 -0.05540000 -0.02405000
v -0.02893600 -0.05537300 -0.02532000
v -0.02738100 -0.05540000 -0.02685100
v -0.02608100 -0.05537300 -0.02825200
v -0.02463000 -0.05540000 -0.02939600
v -0.02293000 -0.05537300 -0.03086400
v -0.02164300 -0.05540000 -0.03165900
v -0.01952000 -0.05537300 -0.03312700
v -0.01844900 -0.05540000 -0.03362100
v -0.01588800 -0.05537300 -0.03501400
v -0.01507900 -0.05540000 -0.03526100
v -0.01207600 -0.05537300 -0.03650400
v -0.01156500 -0.05540000 -0.03656500
v -0.00812800 -0.05537300 -0.03758100
v -0.00794100 -0.05540000 -0.03751900
v -0.00408700 -0.05537300 -0.03823200
v -0.00424100 -0.05540000 -0.03811500
v -0.00050000 -0.05540000 -0.03835000
v -0.00050000 -0.05540000 -0.03834700
v -0.00037500 -0.05540000 -0.03834800
v -0.00025000 -0.05540000 -0.03834900
v -0.00012500 -0.05540000 -0.03835000
v 0.00000000 -0.05540000 -0.03835000
v -0.00870800 -0.05520000 0.03755400
v -0.01013600 -0.05530000 0.03716600
v -0.01268400 -0.05520000 0.03640300
v -0.01402900 -0.05530000 0.03587800
v -0.01651500 -0.05520000 0.03483300
v -0.01776300 -0.05530000 0.03418400
v -0.02130500 -0.05530000 0.03209600
v -0.02458700 -0.05530000 0.02965600
v -0.02015500 -0.05520000 0.03286200
v -0.02356200 -0.05520000 0.03051100
v -0.02669800 -0.05520000 0.02780900
v -0.02760000 -0.05530000 0.02687500
v -0.02952600 -0.05520000 0.02478500
v -0.03030000 -0.05530000 0.02378900
v -0.03201300 -0.05520000 0.02147600
v -0.03265700 -0.05530000 0.02043300
v -0.03413200 -0.05520000 0.01792000
v -0.03464400 -0.05530000 0.01684600
v -0.03585700 -0.05520000 0.01415700
v -0.03623900 -0.05530000 0.01306800
v -0.03716800 -0.05520000 0.01023000
v -0.03742300 -0.05530000 0.00914300
v -0.03805000 -0.05520000 0.00618600
v -0.03818200 -0.05530000 0.00511300
v -0.03849400 -0.05520000 0.00207000
v -0.03851000 -0.05530000 0.00102500
v -0.03849400 -0.05520000 -0.00207000
v -0.03840000 -0.05530000 -0.00307400
v -0.03805000 -0.05520000 -0.00618600
v -0.03785600 -0.05530000 -0.00713800
v -0.03716800 -0.05520000 -0.01023000
v -0.03688300 -0.05530000 -0.01112100
v -0.03585700 -0.05520000 -0.01415700
v -0.03549200 -0.05530000 -0.01497900
v -0.03413200 -0.05520000 -0.01792000
v -0.03369900 -0.05530000 -0.01866600
v -0.03201300 -0.05520000 -0.02147700
v -0.03152400 -0.05530000 -0.02214300
v -0.02952600 -0.05520000 -0.02478600
v -0.02899100 -0.05530000 -0.02536800
v -0.02669800 -0.05520000 -0.02780900
v -0.02613100 -0.05530000 -0.02830600
v -0.02356200 -0.05520000 -0.03051100
v -0.02297400 -0.05530000 -0.03092300
v -0.02015500 -0.05520000 -0.03286200
v -0.01955700 -0.05530000 -0.03319000
v -0.01651500 -0.05520000 -0.03483300
v -0.01591800 -0.05530000 -0.03508100
v -0.01268400 -0.05520000 -0.03640300
v -0.01209900 -0.05530000 -0.03657400
v -0.00870800 -0.05520000 -0.03755400
v -0.00814300 -0.05530000 -0.03765300
v -0.00463000 -0.05520000 -0.03827100
v -0.00409500 -0.05530000 -0.03830500
v -0.00050000 -0.05537200 -0.03844900
v -0.00050000 -0.05520000 -0.03854700
v -0.00050000 -0.05529900 -0.03852100
v -0.00374300 -0.05540000 0.03816700
v 0.00794100 -0.05540000 -0.03751900
v 0.00025000 -0.05540000 -0.03834900
v 0.00000000 -0.05540000 -0.03835000
vn -0.00000000 -1.00000000 -0.00000000
vn -0.00000000 -1.00000000 -0.00000000
vn -0.00000000 -1.00000000 -0.00000000
vn -0.00000000 -1.00000000 -0.00000000
vn -0.00000000 -1.00000000 -0.00000000
vn -0.00000000 -1.00000000 -0.00000000
vn -0.00000000 -1.00000000 -0.00000000
vn -0.00000000 -1.00000000 -0.00000000
vn -0.00000000 -1.00000000 -0.00000000
vn -0.00000000 -1.00000000 -0.00000000
vn -0.00000000 -1.00000000 -0.00000000
vn -0.00000000 -1.00000000 -0.00000000
vn -0.00000000 -1.00000000 -0.00000000
vn -0.00000000 -1.00000000 -0.00000000
vn -0.00000000 -1.00000000 -0.00000000
vn -0.00000000 -1.00000000 -0.00000000
vn -0.00000000 -1.00000000 -0.00000000
vn -0.00000000 -1.00000000 -0.00000000
vn -0.00000000 -1.00000000 -0.00000000
vn -0.00000000 -1.00000000 -0.00000000
vn -0.00000000 -1.00000000 -0.00000000
vn -0.00000000 -1.00000000 -0.00000000
vn -0.00000000 -1.00000000 -0.00000000
vn -0.00000000 -1.00000000 -0.00000000
vn -0.00000000 -1.00000000 -0.00000000
vn -0.00000000 -1.00000000 -0.00000000
vn -0.00000000 -1.00000000 -0.00000000
vn -0.00000000 -1.00000000 -0.00000000
vn -0.00000000 -1.00000000 -0.00000000
vn -0.00000000 -1.00000000 -0.00000000
vn -0.00000000 -1.00000000 -0.00000000
vn -0.00000000 -1.00000000 -0.00000000
vn -0.00000000 -1.00000000 -0.00000000
vn -0.00000000 -1.00000000 -0.00000000
vn -0.00000000 -1.00000000 -0.00000000
vn -0.00000000 -1.00000000 -0.00000000
vn -0.00000000 -1.00000000 -0.00000000
vn -0.00000000 -1.00000000 -0.00000000
vn -0.00000000 -1.00000000 -0.00000000
vn -0.00000000 -1.00000000 -0.00000000
vn -0.00000000 -1.00000000 -0.00000000
vn -0.00000000 -1.00000000 -0.00000000
vn -0.00000000 -1.00000000 -0.00000000
vn -0.00000000 -1.00000000 -0.00000000
vn -0.00000000 -1.00000000 -0.00000000
vn -0.00000000 -1.00000000 -0.00000000
vn -0.00000000 -1.00000000 -0.00000000
vn -0.00000000 -1.00000000 -0.00000000
vn -0.00000000 -1.00000000 -0.00000000
vn -0.00000000 -1.00000000 -0.00000000
vn -0.00000000 -1.00000000 -0.00000000
vn -0.00000000 -1.00000000 -0.00000000
vn -0.00000000 -1.00000000 -0.00000000
vn -0.00000000 -1.00000000 -0.00000000
vn -0.00000000 -1.00000000 -0.00000000
vn -0.00000000 -1.00000000 -0.00000000
vn -0.00000000 -1.00000000 -0.00000000
vn -0.00000000 -1.00000000 -0.00000000
vn -0.00000000 -1.00000000 -0.00000000
vn -0.00000000 -1.00000000 -0.00000000
vn -0.00000000 -1.00000000 -0.00000000
vn -0.00000000 -1.00000000 -0.00000000
vn -0.00000000 -1.00000000 -0.00000000
vn -0.00000000 -1.00000000 -0.00000000
vn -0.00000000 -1.00000000 -0.00000000
vn -0.00000000 -1.00000000 -0.00000000
vn -0.00000000 -1.00000000 -0.00000000
vn -0.00000000 -1.00000000 -0.00000000
vn -0.00000000 -1.00000000 -0.00000000
vn -0.00000000 -1.00000000 -0.00000000
vn 0.01300000 -0.00010000 0.99990000
vn 0.01300000 -0.00010000 0.99990000
vn 0.11630000 -0.00010000 0.99320000
vn 0.12010000 -0.00010000 0.99280000
vn 0.21840000 -0.00010000 0.97590000
vn 0.22590000 -0.00000000 0.97420000
vn 0.31820000 -0.00010000 0.94800000
vn 0.32900000 -0.00010000 0.94430000
vn 0.39160000 -0.00000000 0.92010000
vn 0.42840000 -0.00000000 0.90360000
vn 0.48640000 -0.00000000 0.87370000
vn 0.52280000 -0.00000000 0.85240000
vn 0.57580000 -0.00010000 0.81760000
vn 0.61120000 -0.00000000 0.79150000
vn 0.65880000 0.00010000 0.75230000
vn 0.69260000 0.00010000 0.72140000
vn 0.71170000 -0.00000000 0.70250000
vn 0.76590000 -0.00000000 0.64300000
vn 0.78110000 -0.00010000 0.62440000
vn 0.83040000 -0.00000000 0.55710000
vn 0.84200000 -0.00000000 0.53950000
vn 0.88540000 -0.00000000 0.46490000
vn 0.89370000 -0.00010000 0.44870000
vn 0.93010000 -0.00000000 0.36720000
vn 0.92510000 -0.00000000 0.37960000
vn 0.95960000 -0.00000000 0.28130000
vn 0.96410000 -0.00000000 0.26540000
vn 0.98080000 -0.00000000 0.19480000
vn 0.98700000 0.00010000 0.16040000
vn 0.99520000 -0.00000000 0.09790000
vn 0.99860000 -0.00000000 0.05370000
vn 1.00000000 -0.00000000 -0.00000000
vn 0.99860000 -0.00000000 -0.05370000
vn 1.00000000 -0.00000000 -0.00000000
vn 0.99460000 0.00010000 -0.10350000
vn 1.00000000 -0.00000000 0.00010000
vn 0.98700000 -0.00000000 -0.16050000
vn 0.97850000 0.00010000 -0.20610000
vn 0.96410000 -0.00000000 -0.26540000
vn 0.95190000 -0.00000000 -0.30650000
vn 0.93010000 -0.00010000 -0.36720000
vn 0.91500000 -0.00000000 -0.40350000
vn 0.88540000 -0.00000000 -0.46480000
vn 0.86820000 -0.00000000 -0.49620000
vn 0.83040000 -0.00000000 -0.55710000
vn 0.81210000 -0.00000000 -0.58350000
vn 0.76590000 -0.00000000 -0.64290000
vn 0.74720000 -0.00000000 -0.66460000
vn 0.69260000 -0.00000000 -0.72140000
vn 0.67430000 -0.00000000 -0.73850000
vn 0.61120000 -0.00000000 -0.79150000
vn 0.59410000 -0.00000000 -0.80440000
vn 0.52280000 -0.00000000 -0.85240000
vn 0.50750000 0.00010000 -0.86170000
vn 0.42840000 -0.00000000 -0.90360000
vn 0.41540000 0.00010000 -0.90960000
vn 0.32900000 -0.00000000 -0.94430000
vn 0.31890000 0.00010000 -0.94780000
vn 0.22590000 -0.00000000 -0.97420000
vn 0.21890000 0.00020000 -0.97580000
vn 0.12010000 -0.00020000 -0.99280000
vn 0.11630000 0.00030000 -0.99320000
vn 0.01300000 -0.00000000 -0.99990000
vn 0.01300000 -0.00000000 -0.99990000
vn 1.00000000 -0.00000000 -0.00750000
vn 1.00000000 -0.00000000 0.00030000
vn -0.00000000 1.00000000 -0.00000000
vn -0.00000000 1.00000000 -0.00000000
vn -0.00000000 1.00000000 -0.00000000
vn -0.00000000 1.00000000 -0.00000000
vn -0.00000000 1.00000000 -0.00000000
vn -0.00000000 1.00000000 -0.00000000
vn -0.00000000 1.00000000 -0.00000000
vn -0.00000000 1.00000000 -0.00000000
vn -0.00000000 1.00000000 -0.00000000
vn -0.00000000 1.00000000 -0.00000000
vn -0.00000000 1.00000000 -0.00000000
vn -0.00000000 1.00000000 -0.00000000
vn -0.00000000 1.00000000 -0.00000000
vn -0.00000000 1.00000000 -0.00000000
vn -0.00000000 1.00000000 -0.00000000
vn -0.00000000 1.00000000 -0.00000000
vn -0.00000000 1.00000000 -0.00000000
vn -0.00000000 1.00000000 -0.00000000
vn -0.00000000 1.00000000 -0.00000000
vn -0.00000000 1.00000000 -0.00000000
vn -0.00000000 1.00000000 -0.00000000
vn -0.00000000 1.00000000 -0.00000000
vn -0.00000000 1.00000000 -0.00000000
vn -0.00000000 1.00000000 -0.00000000
vn -0.00000000 1.00000000 -0.00000000
vn -0.00000000 1.00000000 -0.00000000
vn -0.00000000 1.00000000 -0.00000000
vn -0.00000000 1.00000000 -0.00000000
vn -0.00000000 1.00000000 -0.00000000
vn -0.00000000 1.00000000 -0.00000000
vn -0.00000000 1.00000000 -0.00000000
vn -0.00000000 1.00000000 -0.00000000
vn -0.00000000 1.00000000 -0.00000000
vn -0.00000000 1.00000000 -0.00000000
vn -0.00000000 1.00000000 -0.00000000
vn -0.00000000 1.00000000 -0.00000000
vn -0.00000000 1.00000000 -0.00000000
vn -0.00000000 1.00000000 -0.00000000
vn -0.00000000 1.00000000 -0.00000000
vn -0.00000000 1.00000000 -0.00000000
vn -0.00000000 1.00000000 -0.00000000
vn -0.00000000 1.00000000 -0.00000000
vn -0.00000000 1.00000000 -0.00000000
vn -0.00000000 1.00000000 -0.00000000
vn -0.00000000 1.00000000 -0.00000000
vn -0.00000000 1.00000000 -0.00000000
vn -0.00000000 1.00000000 -0.00000000
vn -0.00000000 1.00000000 -0.00000000
vn -0.00000000 1.00000000 -0.00000000
vn -0.00000000 1.00000000 -0.00000000
vn -0.00000000 1.00000000 -0.00000000
vn -0.00000000 1.00000000 -0.00000000
vn -0.00000000 1.00000000 -0.00000000
vn -0.00000000 1.00000000 -0.00000000
vn -0.00000000 1.00000000 -0.00000000
vn -0.00000000 1.00000000 -0.00000000
vn -0.00000000 1.00000000 -0.00000000
vn -0.00000000 1.00000000 -0.00000000
vn -0.00000000 1.00000000 -0.00000000
vn -0.00000000 1.00000000 -0.00000000
vn -0.00000000 1.00000000 -0.00000000
vn -0.00000000 1.00000000 -0.00000000
vn -0.00000000 1.00000000 -0.00000000
vn -0.00000000 1.00000000 -0.00000000
vn -0.00000000 1.00000000 -0.00000000
vn -0.00000000 1.00000000 -0.00000000
vn -0.00000000 1.00000000 -0.00000000
vn -0.00000000 1.00000000 -0.00000000
vn -0.00000000 1.00000000 -0.00000000
vn -0.00000000 1.00000000 -0.00000000
vn -0.00000000 1.00000000 -0.00000000
vn -0.00000000 1.00000000 -0.00000000
vn -0.00000000 1.00000000 -0.00000000
vn -0.00000000 1.00000000 -0.00000000
vn -0.00000000 1.00000000 -0.00000000
vn -0.00000000 1.00000000 -0.00000000
vn -0.00000000 1.00000000 -0.00000000
vn -0.11040000 -0.02490000 0.99360000
vn -0.01310000 -0.00290000 0.99990000
vn -0.06590000 -0.01690000 0.99770000
vn 0.00320000 -0.00330000 1.00000000
vn -0.06100000 -0.01730000 0.99800000
vn -0.05810000 -0.01740000 0.99820000
vn -0.12220000 -0.03120000 0.99200000
vn -0.11820000 -0.02870000 0.99260000
vn -0.18200000 -0.04210000 0.98240000
vn -0.17880000 -0.04480000 0.98290000
vn -0.24200000 -0.05750000 0.96860000
vn -0.16770000 -0.27040000 0.94800000
vn -0.22920000 -0.27070000 0.93500000
vn -0.19690000 -0.54690000 0.81370000
vn -0.25530000 -0.53100000 0.80800000
vn -0.17670000 -0.65950000 0.73060000
vn -0.23180000 -0.63960000 0.73290000
vn -0.23220000 -0.64870000 0.72480000
vn -0.28890000 -0.62580000 0.72450000
vn -0.29460000 -0.62480000 0.72310000
vn -0.38250000 -0.58570000 0.71460000
vn -0.38750000 -0.58570000 0.71190000
vn -0.47650000 -0.54040000 0.69350000
vn -0.49090000 -0.53660000 0.68630000
vn -0.57930000 -0.48540000 0.65480000
vn -0.56300000 -0.49630000 0.66090000
vn -0.59470000 -0.47690000 0.64720000
vn 0.00540000 -0.00370000 1.00000000
vn 0.00650000 -0.00360000 1.00000000
vn -0.05360000 -0.01520000 0.99840000
vn 0.00810000 -0.00320000 1.00000000
vn 0.01140000 -0.00110000 0.99990000
vn -0.04990000 -0.01790000 0.99860000
vn 0.01560000 -0.00390000 0.99990000
vn 0.02120000 -0.26210000 0.96480000
vn -0.04250000 -0.26620000 0.96300000
vn 0.02250000 -0.41910000 0.90770000
vn -0.03200000 -0.58130000 0.81310000
vn 0.02220000 -0.58890000 0.80790000
vn 0.02030000 -0.71480000 0.69900000
vn 0.01800000 -0.72530000 0.68820000
vn -0.02890000 -0.71430000 0.69920000
vn -0.02710000 -0.70410000 0.70960000
vn -0.08640000 -0.57170000 0.81590000
vn -0.10550000 -0.26900000 0.95740000
vn -0.11480000 -0.03150000 0.99290000
vn -0.03340000 -0.71390000 0.69950000
vn -0.00270000 -0.72560000 0.68810000
vn -0.03790000 -0.71530000 0.69780000
vn -0.05000000 -0.71410000 0.69820000
vn -0.09900000 -0.70070000 0.70660000
vn -0.06360000 -0.71080000 0.70050000
vn -0.09680000 -0.70160000 0.70600000
vn -0.14940000 -0.68490000 0.71320000
vn -0.16330000 -0.68070000 0.71410000
vn -0.20120000 -0.66700000 0.71740000
vn -0.23180000 -0.65610000 0.71820000
vn -0.25670000 -0.64600000 0.71880000
vn -0.26830000 -0.64190000 0.71830000
vn -0.31410000 -0.62260000 0.71670000
vn -0.32210000 -0.61980000 0.71560000
vn -0.40220000 -0.58240000 0.70640000
vn -0.41240000 -0.57820000 0.70400000
vn -0.49890000 -0.53320000 0.68330000
vn -0.66580000 -0.42900000 0.61050000
vn -0.67240000 -0.42560000 0.60560000
vn -0.73100000 -0.38270000 0.56490000
vn -0.74700000 -0.36890000 0.55310000
vn -0.75890000 -0.36070000 0.54220000
vn -0.81950000 -0.30660000 0.48420000
vn -0.82480000 -0.30330000 0.47720000
vn -0.88160000 -0.24400000 0.40410000
vn -0.87800000 -0.24960000 0.40840000
vn -0.90130000 -0.22320000 0.37130000
vn -0.93170000 -0.18260000 0.31380000
vn -0.93490000 -0.18010000 0.30590000
vn -0.96820000 -0.12480000 0.21690000
vn -0.97010000 -0.12290000 0.20910000
vn -0.99090000 -0.07150000 0.11440000
vn -0.99190000 -0.06990000 0.10610000
vn -0.99970000 -0.02400000 0.00870000
vn -0.99970000 -0.02270000 0.00090000
vn -0.99990000 -0.00000000 -0.01040000
vn -1.00000000 -0.00000000 -0.00810000
vn -0.99940000 -0.02490000 0.02490000
vn -0.98870000 -0.07320000 0.13050000
vn -0.98790000 -0.07380000 0.13650000
vn -0.96260000 -0.12810000 0.23870000
vn -0.96100000 -0.12890000 0.24480000
vn -0.92090000 -0.18800000 0.34150000
vn -0.91990000 -0.18690000 0.34470000
vn -0.86610000 -0.24850000 0.43370000
vn -0.92200000 -0.16880000 0.34850000
vn -0.87110000 -0.21980000 0.43920000
vn -0.92580000 -0.12980000 0.35490000
vn -0.87980000 -0.15890000 0.44800000
vn -0.92760000 -0.10290000 0.35920000
vn -0.88390000 -0.11700000 0.45290000
vn -0.92640000 -0.10280000 0.36230000
vn -0.88280000 -0.11650000 0.45510000
vn -0.88140000 -0.11660000 0.45780000
vn -0.82970000 -0.12520000 0.54400000
vn -0.82910000 -0.12500000 0.54490000
vn -0.77000000 -0.12810000 0.62500000
vn -0.76930000 -0.12800000 0.62590000
vn -0.70290000 -0.12610000 0.70000000
vn -0.73260000 -0.12750000 0.66860000
vn -0.71460000 -0.12680000 0.68790000
vn -0.99920000 -0.02520000 0.03120000
vn -1.00000000 -0.00000000 -0.00550000
vn -0.99900000 -0.02560000 0.03750000
vn -0.99880000 -0.02570000 0.04080000
vn -0.98650000 -0.07440000 0.14620000
vn -0.99870000 -0.02520000 0.04400000
vn -0.98620000 -0.07080000 0.14940000
vn -0.99840000 -0.02400000 0.05030000
vn -0.98590000 -0.06240000 0.15500000
vn -0.99810000 -0.02300000 0.05650000
vn -0.98550000 -0.05640000 0.16030000
vn -0.99780000 -0.02300000 0.06260000
vn -0.98460000 -0.05620000 0.16530000
vn -0.98350000 -0.05600000 0.17170000
vn -0.95910000 -0.08270000 0.27060000
vn -0.95830000 -0.08280000 0.27360000
vn -0.92390000 -0.10280000 0.36860000
vn -0.92240000 -0.10240000 0.37240000
vn -0.87900000 -0.11640000 0.46240000
vn -0.89840000 -0.11000000 0.42510000
vn -0.88810000 -0.11310000 0.44560000
vn -1.00000000 -0.00000000 -0.00270000
vn -1.00000000 -0.00000000 -0.00000000
vn -0.99880000 -0.00720000 0.04900000
vn -0.99630000 -0.02290000 0.08290000
vn -0.99690000 -0.02300000 0.07480000
vn -0.98170000 -0.05600000 0.18190000
vn -0.98290000 -0.05610000 0.17530000
vn -0.95690000 -0.08240000 0.27840000
vn -0.99720000 -0.01400000 0.07290000
vn -0.99530000 -0.02150000 0.09420000
vn -0.98870000 -0.03980000 0.14480000
vn -0.97850000 -0.05720000 0.19830000
vn -0.97210000 -0.06530000 0.22530000
vn -0.97050000 -0.06720000 0.23170000
vn -0.96970000 -0.06790000 0.23460000
vn -0.96770000 -0.07010000 0.24200000
vn -0.95530000 -0.08130000 0.28410000
vn -0.94600000 -0.08800000 0.31200000
vn -0.93900000 -0.09230000 0.33120000
vn -0.93070000 -0.09680000 0.35270000
vn -0.91940000 -0.10210000 0.37970000
vn -0.88050000 -0.11520000 0.45990000
vn -0.87420000 -0.11670000 0.47140000
vn -0.86270000 -0.11910000 0.49140000
vn -0.84760000 -0.12180000 0.51640000
vn -0.82790000 -0.12480000 0.54680000
vn -0.88050000 -0.11680000 0.45940000
vn -0.82770000 -0.12440000 0.54720000
vn -0.80810000 -0.12620000 0.57530000
vn -0.79140000 -0.12720000 0.59790000
vn -0.77800000 -0.12760000 0.61510000
vn -0.76960000 -0.12780000 0.62560000
vn -0.70450000 -0.12620000 0.69840000
vn -0.69420000 -0.12570000 0.70870000
vn -0.68030000 -0.12470000 0.72220000
vn -0.66110000 -0.12310000 0.74010000
vn -0.62990000 -0.12010000 0.76730000
vn -0.70330000 -0.12630000 0.69960000
vn -0.62940000 -0.12030000 0.76770000
vn -0.70350000 -0.12630000 0.69940000
vn -0.62950000 -0.12010000 0.76760000
vn -0.70370000 -0.12550000 0.69940000
vn -0.62930000 -0.11900000 0.76800000
vn -0.70370000 -0.12670000 0.69910000
vn -0.62870000 -0.12060000 0.76830000
vn -0.61390000 -0.24030000 0.75190000
vn -0.53210000 -0.25240000 0.80820000
vn -0.49180000 -0.44740000 0.74700000
vn -0.40390000 -0.48230000 0.77730000
vn -0.37680000 -0.57860000 0.72340000
vn -0.28890000 -0.61710000 0.73200000
vn -0.37690000 -0.58670000 0.71680000
vn -0.63830000 -0.12090000 0.76020000
vn -0.62660000 -0.11970000 0.77010000
vn -0.62000000 -0.11900000 0.77550000
vn -0.60430000 -0.11720000 0.78810000
vn -0.58000000 -0.11410000 0.80660000
vn -0.55160000 -0.11030000 0.82680000
vn -0.56190000 -0.11160000 0.81960000
vn -0.54880000 -0.10980000 0.82870000
vn -0.53260000 -0.10740000 0.83950000
vn -0.50450000 -0.10300000 0.85720000
vn -0.46790000 -0.09730000 0.87840000
vn -0.48370000 -0.09960000 0.86960000
vn -0.46630000 -0.09670000 0.87930000
vn -0.45640000 -0.09500000 0.88470000
vn -0.43670000 -0.09160000 0.89490000
vn -0.37850000 -0.08150000 0.92200000
vn -0.39310000 -0.08360000 0.91570000
vn -0.36900000 -0.07910000 0.92610000
vn -0.34190000 -0.07380000 0.93680000
vn -0.31650000 -0.06970000 0.94600000
vn -0.37600000 -0.08170000 0.92300000
vn -0.31360000 -0.06980000 0.94700000
vn -0.37470000 -0.08190000 0.92350000
vn -0.31180000 -0.06990000 0.94760000
vn -0.37230000 -0.08000000 0.92470000
vn -0.30910000 -0.06780000 0.94860000
vn -0.37030000 -0.08190000 0.92530000
vn -0.30660000 -0.07010000 0.94920000
vn -0.29240000 -0.26980000 0.91750000
vn -0.31640000 -0.06890000 0.94610000
vn -0.29820000 -0.06510000 0.95230000
vn -0.28300000 -0.06200000 0.95710000
vn -0.25350000 -0.05700000 0.96570000
vn -0.25740000 -0.05680000 0.96460000
vn -0.24360000 -0.05390000 0.96840000
vn -0.23600000 -0.05230000 0.97040000
vn -0.23200000 -0.05140000 0.97140000
vn -0.22200000 -0.04930000 0.97380000
vn -0.19180000 -0.04410000 0.98040000
vn -0.21190000 -0.04710000 0.97620000
vn -0.16130000 -0.03620000 0.98620000
vn -0.12930000 -0.03060000 0.99110000
vn -0.99720000 -0.02300000 0.07080000
vn -0.12490000 -0.03100000 0.99170000
vn -0.18790000 -0.04430000 0.98120000
vn -0.18550000 -0.04450000 0.98160000
vn -0.24990000 -0.05730000 0.96660000
vn -0.24830000 -0.05750000 0.96700000
vn -0.24480000 -0.05520000 0.96800000
vn -0.46620000 -0.09730000 0.87930000
vn -0.46500000 -0.09750000 0.87990000
vn -0.46360000 -0.09550000 0.88090000
vn -0.46210000 -0.09760000 0.88140000
vn -0.35500000 -0.26740000 0.89580000
vn -0.31480000 -0.51300000 0.79860000
vn -0.55050000 -0.11050000 0.82750000
vn -0.55000000 -0.11040000 0.82780000
vn -0.54920000 -0.10880000 0.82860000
vn -0.54810000 -0.11070000 0.82900000
vn -0.44580000 -0.26140000 0.85610000
vn -0.77060000 -0.12790000 0.62440000
vn -0.77120000 -0.12780000 0.62360000
vn -0.83090000 -0.12510000 0.54210000
vn -0.83190000 -0.12540000 0.54060000
vn -0.82500000 -0.18440000 0.53430000
vn -0.80980000 -0.27020000 0.52070000
vn -0.80080000 -0.31060000 0.51200000
vn -0.86730000 -0.25020000 0.43040000
vn -0.92330000 -0.18690000 0.33540000
vn -0.96420000 -0.12730000 0.23270000
vn -0.92480000 -0.10270000 0.36630000
vn -0.96060000 -0.08260000 0.26530000
vn -0.96170000 -0.08290000 0.26140000
vn -0.96150000 -0.09770000 0.25700000
vn -0.96060000 -0.11890000 0.25140000
vn -0.96010000 -0.12860000 0.24820000
vn -0.98700000 -0.07400000 0.14260000
vn -0.77190000 -0.12860000 0.62260000
vn -0.69110000 -0.22500000 0.68690000
vn -0.57800000 -0.40820000 0.70670000
vn -0.46570000 -0.53460000 0.70520000
vn -0.46570000 -0.54180000 0.69970000
vn -0.47160000 -0.54060000 0.69670000
vn -0.76200000 -0.20640000 0.61380000
vn -0.73960000 -0.31870000 0.59280000
vn -0.72570000 -0.37170000 0.57890000
vn -0.80180000 -0.31340000 0.50880000
vn -0.87060000 -0.24880000 0.42440000
vn -0.92570000 -0.18580000 0.32940000
vn -0.14130000 -0.56030000 0.81620000
vn -0.07550000 -0.69130000 0.71860000
vn -0.07680000 -0.70140000 0.70870000
vn -0.08170000 -0.70100000 0.70840000
vn -0.08630000 -0.70200000 0.70700000
vn -0.66140000 -0.36500000 0.65520000
vn -0.55480000 -0.48500000 0.67600000
vn -0.55500000 -0.49130000 0.67120000
vn -0.56050000 -0.48980000 0.66780000
vn -0.56540000 -0.48950000 0.66390000
vn -0.12530000 -0.67640000 0.72580000
vn -0.17700000 -0.66900000 0.72190000
vn -0.23760000 -0.64800000 0.72360000
vn -0.29960000 -0.62540000 0.72050000
vn -0.64260000 -0.43030000 0.63400000
vn -0.72650000 -0.37580000 0.57530000
vn -0.80600000 -0.31180000 0.50320000
vn -0.87360000 -0.24780000 0.41890000
vn -0.12610000 -0.68620000 0.71640000
vn -0.13120000 -0.68550000 0.71620000
vn -0.13600000 -0.68670000 0.71410000
vn -0.64320000 -0.43560000 0.62970000
vn -0.64840000 -0.43410000 0.62540000
vn -0.65280000 -0.43340000 0.62130000
vn -0.18260000 -0.66820000 0.72120000
vn -0.24250000 -0.64850000 0.72150000
vn -0.73120000 -0.37420000 0.57040000
vn -0.80950000 -0.31090000 0.49800000
vn -0.18740000 -0.66910000 0.71910000
vn -0.73540000 -0.37330000 0.56560000
vn 0.99490000 -0.02290000 0.09820000
vn 1.00000000 -0.00000000 -0.00000000
vn 0.99630000 -0.02290000 0.08300000
vn 1.00000000 -0.00000000 -0.00270000
vn 0.99690000 -0.02300000 0.07480000
vn 0.99720000 -0.02300000 0.07080000
vn 0.99170000 -0.04060000 0.12210000
vn 0.99250000 -0.04060000 0.11500000
vn 0.98460000 -0.05610000 0.16530000
vn 0.98550000 -0.05620000 0.16030000
vn 0.96170000 -0.08280000 0.26140000
vn 0.96150000 -0.09770000 0.25690000
vn 0.92590000 -0.12960000 0.35490000
vn 0.92200000 -0.16870000 0.34850000
vn 0.89790000 -0.19410000 0.39510000
vn 0.89460000 -0.21730000 0.39050000
vn 0.86610000 -0.24830000 0.43380000
vn 0.86720000 -0.25030000 0.43050000
vn 0.80190000 -0.31350000 0.50870000
vn 0.80590000 -0.31190000 0.50320000
vn 0.73110000 -0.37420000 0.57040000
vn 0.73530000 -0.37330000 0.56560000
vn 0.65280000 -0.43340000 0.62130000
vn 0.74700000 -0.36890000 0.55320000
vn 0.66570000 -0.42900000 0.61050000
vn 0.67450000 -0.42420000 0.60430000
vn 0.59870000 -0.47440000 0.64540000
vn 0.99780000 -0.02290000 0.06260000
vn 1.00000000 -0.00000000 -0.00550000
vn 0.99810000 -0.02300000 0.05660000
vn 0.99840000 -0.02400000 0.05040000
vn 0.99360000 -0.04360000 0.10410000
vn 0.99400000 -0.04750000 0.09810000
vn 0.98620000 -0.07070000 0.14940000
vn 0.98640000 -0.07440000 0.14620000
vn 0.96010000 -0.12850000 0.24820000
vn 0.96090000 -0.12910000 0.24500000
vn 0.92090000 -0.18810000 0.34150000
vn 0.92340000 -0.18680000 0.33540000
vn 0.89850000 -0.21760000 0.38130000
vn 0.90120000 -0.21650000 0.37550000
vn 0.87350000 -0.24780000 0.41900000
vn 0.90820000 -0.21300000 0.36020000
vn 0.88160000 -0.24400000 0.40410000
vn 0.87960000 -0.24790000 0.40610000
vn 0.82670000 -0.30140000 0.47500000
vn 1.00000000 -0.00000000 -0.00810000
vn 0.99900000 -0.02550000 0.03760000
vn 0.99880000 -0.02570000 0.04090000
vn 0.99870000 -0.02530000 0.04420000
vn 0.99420000 -0.04950000 0.09500000
vn 0.99990000 -0.00000000 -0.01040000
vn 0.99970000 -0.02400000 0.00870000
vn 0.99940000 -0.02490000 0.02500000
vn 0.99920000 -0.02540000 0.03110000
vn 0.99570000 -0.04850000 0.07950000
vn 0.99510000 -0.04900000 0.08570000
vn 0.98870000 -0.07320000 0.13050000
vn 0.98790000 -0.07380000 0.13670000
vn 0.96420000 -0.12730000 0.23270000
vn 0.96260000 -0.12810000 0.23870000
vn 0.92570000 -0.18580000 0.32940000
vn 0.99970000 -0.02360000 0.00160000
vn 0.99690000 -0.04720000 0.06360000
vn 0.99210000 -0.06920000 0.10460000
vn 0.99090000 -0.07150000 0.11440000
vn 0.98550000 -0.08900000 0.14460000
vn 0.96820000 -0.12480000 0.21690000
vn 0.96770000 -0.12770000 0.21760000
vn 0.93560000 -0.17900000 0.30420000
vn 0.93180000 -0.18260000 0.31380000
vn 0.91750000 -0.20330000 0.34190000
vn 0.81950000 -0.30670000 0.48420000
vn 0.75370000 -0.36490000 0.54670000
vn 0.57940000 -0.48530000 0.65480000
vn 0.53300000 -0.51390000 0.67220000
vn 0.49100000 -0.53660000 0.68630000
vn 0.49180000 -0.53710000 0.68540000
vn 0.40980000 -0.57950000 0.70440000
vn 0.40220000 -0.58240000 0.70640000
vn 0.32340000 -0.61910000 0.71560000
vn 0.31420000 -0.62260000 0.71670000
vn 0.28710000 -0.63440000 0.71770000
vn 0.23070000 -0.65620000 0.71850000
vn 0.23000000 -0.65690000 0.71810000
vn 0.15540000 -0.68330000 0.71340000
vn 0.15130000 -0.68430000 0.71330000
vn 0.12660000 -0.69260000 0.71020000
vn 0.07530000 -0.70740000 0.70280000
vn 0.07070000 -0.70890000 0.70170000
vn 0.00270000 -0.72560000 0.68810000
vn -0.00270000 -0.72580000 0.68790000
vn 0.06290000 -0.70860000 0.70280000
vn 0.13790000 -0.68610000 0.71440000
vn 0.21660000 -0.65840000 0.72080000
vn 0.29960000 -0.62540000 0.72050000
vn 0.38750000 -0.58580000 0.71190000
vn 0.47640000 -0.54040000 0.69350000
vn 0.56540000 -0.48950000 0.66390000
vn -0.00540000 -0.72610000 0.68760000
vn -0.00680000 -0.72620000 0.68750000
vn -0.00750000 -0.72620000 0.68740000
vn -0.00800000 -0.72630000 0.68740000
vn -0.00940000 -0.72650000 0.68710000
vn 0.05810000 -0.70740000 0.70440000
vn -0.01430000 -0.72490000 0.68870000
vn -0.01660000 -0.72500000 0.68850000
vn 0.05310000 -0.70820000 0.70400000
vn -0.01800000 -0.72540000 0.68810000
vn 0.05210000 -0.69710000 0.71500000
vn -0.02030000 -0.71420000 0.69960000
vn 0.06030000 -0.57530000 0.81570000
vn -0.02210000 -0.58750000 0.80890000
vn 0.07530000 -0.26610000 0.96100000
vn -0.02120000 -0.26030000 0.96530000
vn -0.01560000 -0.00350000 0.99990000
vn -0.00320000 -0.00330000 1.00000000
vn 0.08720000 -0.02240000 0.99590000
vn 0.08370000 -0.02450000 0.99620000
vn 0.18120000 -0.04480000 0.98240000
vn 0.17010000 -0.26890000 0.94800000
vn 0.27680000 -0.06400000 0.95880000
vn 0.26320000 -0.26890000 0.92650000
vn 0.37030000 -0.08160000 0.92530000
vn 0.35510000 -0.26600000 0.89620000
vn 0.46210000 -0.09730000 0.88150000
vn 0.44600000 -0.26020000 0.85640000
vn 0.54820000 -0.11050000 0.82900000
vn 0.53230000 -0.25140000 0.80840000
vn 0.62870000 -0.12040000 0.76830000
vn 0.61400000 -0.23950000 0.75210000
vn 0.70370000 -0.12650000 0.69910000
vn 0.69120000 -0.22440000 0.68700000
vn 0.77190000 -0.12840000 0.62270000
vn 0.76210000 -0.20580000 0.61390000
vn 0.83190000 -0.12530000 0.54060000
vn 0.82500000 -0.18400000 0.53430000
vn 0.88390000 -0.11690000 0.45290000
vn 0.87980000 -0.15850000 0.44810000
vn 0.90680000 -0.11060000 0.40680000
vn 0.90400000 -0.14450000 0.40240000
vn 0.92760000 -0.10280000 0.35920000
vn 0.00020000 -0.00300000 1.00000000
vn 0.09430000 -0.02450000 0.99520000
vn 0.09190000 -0.02480000 0.99550000
vn 0.18810000 -0.04520000 0.98110000
vn 0.18430000 -0.04250000 0.98200000
vn 0.28240000 -0.06410000 0.95720000
vn 0.27940000 -0.06180000 0.95820000
vn 0.37470000 -0.08190000 0.92350000
vn 0.37240000 -0.07990000 0.92460000
vn 0.46520000 -0.09760000 0.87980000
vn 0.46330000 -0.09560000 0.88100000
vn 0.54980000 -0.11020000 0.82800000
vn 0.54900000 -0.10890000 0.82870000
vn 0.62930000 -0.12010000 0.76780000
vn 0.62900000 -0.11950000 0.76810000
vn 0.70320000 -0.12630000 0.69960000
vn 0.70370000 -0.12570000 0.69930000
vn 0.77040000 -0.12820000 0.62460000
vn 0.77110000 -0.12730000 0.62380000
vn 0.82980000 -0.12510000 0.54390000
vn 0.83090000 -0.12440000 0.54230000
vn 0.88130000 -0.11670000 0.45800000
vn 0.88280000 -0.11640000 0.45510000
vn 0.90420000 -0.11060000 0.41260000
vn 0.90570000 -0.11050000 0.40920000
vn 0.92480000 -0.10270000 0.36630000
vn 0.92640000 -0.10250000 0.36220000
vn 0.95910000 -0.08270000 0.27060000
vn 0.96060000 -0.08250000 0.26550000
vn 0.98350000 -0.05620000 0.17200000
vn 0.09890000 -0.02410000 0.99480000
vn 0.00450000 -0.00280000 1.00000000
vn 0.11660000 -0.02620000 0.99280000
vn 0.01310000 -0.00290000 0.99990000
vn 0.19410000 -0.04460000 0.98000000
vn 0.21790000 -0.04840000 0.97480000
vn 0.28730000 -0.06390000 0.95570000
vn 0.31690000 -0.06890000 0.94600000
vn 0.37860000 -0.08140000 0.92200000
vn 0.39040000 -0.08310000 0.91690000
vn 0.46790000 -0.09730000 0.87840000
vn 0.48440000 -0.09980000 0.86910000
vn 0.55160000 -0.11030000 0.82680000
vn 0.57200000 -0.11310000 0.81240000
vn 0.62990000 -0.12010000 0.76730000
vn 0.65350000 -0.12250000 0.74700000
vn 0.70290000 -0.12620000 0.70000000
vn 0.70600000 -0.12640000 0.69680000
vn 0.76930000 -0.12800000 0.62600000
vn 0.77500000 -0.12780000 0.61890000
vn 0.82790000 -0.12480000 0.54690000
vn 0.83550000 -0.12350000 0.53550000
vn 0.87900000 -0.11640000 0.46240000
vn 0.88770000 -0.11320000 0.44630000
vn 0.90170000 -0.11020000 0.41810000
vn 0.92030000 -0.10180000 0.37770000
vn 0.92240000 -0.10240000 0.37240000
vn 0.95660000 -0.08020000 0.28000000
vn 0.95690000 -0.08250000 0.27850000
vn 0.97930000 -0.05590000 0.19450000
vn 0.98170000 -0.05610000 0.18200000
vn 0.99030000 -0.04040000 0.13310000
vn 0.98290000 -0.05610000 0.17530000
vn 0.99120000 -0.04040000 0.12590000
vn 0.95840000 -0.08260000 0.27320000
vn 0.92400000 -0.10260000 0.36830000
vn 0.90330000 -0.11040000 0.41460000
vn 0.88050000 -0.11660000 0.45950000
vn 0.82910000 -0.12500000 0.54490000
vn 0.76980000 -0.12800000 0.62530000
vn 0.70310000 -0.12630000 0.69980000
vn 0.62960000 -0.12020000 0.76760000
vn 0.55050000 -0.11050000 0.82750000
vn 0.46600000 -0.09760000 0.87940000
vn 0.37610000 -0.08170000 0.92290000
vn 0.28400000 -0.06410000 0.95670000
vn 0.19040000 -0.04520000 0.98070000
vn 0.96050000 -0.11890000 0.25140000
vn 0.98590000 -0.06230000 0.15520000
vn 0.91990000 -0.18690000 0.34470000
vn 0.89560000 -0.21920000 0.38700000
vn 0.87050000 -0.24880000 0.42480000
vn 0.80950000 -0.31090000 0.49800000
vn 0.87110000 -0.21960000 0.43930000
vn 0.80990000 -0.26980000 0.52080000
vn 0.80090000 -0.31040000 0.51210000
vn 0.73970000 -0.31830000 0.59290000
vn 0.72580000 -0.37150000 0.57900000
vn 0.72650000 -0.37580000 0.57530000
vn 0.66160000 -0.36440000 0.65540000
vn 0.64270000 -0.43000000 0.63410000
vn 0.64300000 -0.43570000 0.62980000
vn 0.64840000 -0.43410000 0.62550000
vn 0.57820000 -0.40740000 0.70690000
vn 0.55490000 -0.48460000 0.67620000
vn 0.55500000 -0.49150000 0.67110000
vn 0.56080000 -0.48990000 0.66750000
vn 0.49210000 -0.44650000 0.74730000
vn 0.46580000 -0.53410000 0.70550000
vn 0.46570000 -0.54190000 0.69960000
vn 0.47150000 -0.54060000 0.69670000
vn 0.40420000 -0.48140000 0.77780000
vn 0.37690000 -0.57820000 0.72360000
vn 0.37670000 -0.58690000 0.71670000
vn 0.38240000 -0.58570000 0.71470000
vn 0.31500000 -0.51200000 0.79920000
vn 0.28900000 -0.61660000 0.73230000
vn 0.28890000 -0.62590000 0.72440000
vn 0.29470000 -0.62480000 0.72300000
vn 0.22830000 -0.53750000 0.81180000
vn 0.20610000 -0.64860000 0.73270000
vn 0.20630000 -0.65870000 0.72360000
vn 0.21160000 -0.65750000 0.72310000
vn 0.14350000 -0.55860000 0.81690000
vn 0.12730000 -0.67530000 0.72650000
vn 0.12800000 -0.68580000 0.71640000
vn 0.13310000 -0.68520000 0.71610000
vn 0.99310000 -0.04070000 0.10960000
vn 0.98690000 -0.07450000 0.14300000
vn 0.99460000 -0.04960000 0.09150000
vn -0.01300000 -0.00000000 -0.99990000
vn -0.01300000 -0.00000000 -0.99990000
vn -0.11630000 0.00030000 -0.99320000
vn -0.12010000 -0.00000000 -0.99280000
vn -0.21890000 -0.00000000 -0.97570000
vn -0.22590000 -0.00010000 -0.97420000
vn -0.31890000 0.00010000 -0.94780000
vn -0.32900000 -0.00000000 -0.94430000
vn -0.41540000 -0.00000000 -0.90960000
vn -0.42840000 -0.00000000 -0.90360000
vn -0.50750000 -0.00000000 -0.86160000
vn -0.52280000 -0.00000000 -0.85240000
vn -0.59410000 -0.00000000 -0.80440000
vn -0.61120000 -0.00010000 -0.79150000
vn -0.67430000 -0.00000000 -0.73850000
vn -0.69260000 -0.00000000 -0.72140000
vn -0.74720000 -0.00000000 -0.66460000
vn -0.76590000 -0.00000000 -0.64290000
vn -0.81210000 -0.00000000 -0.58350000
vn -0.83040000 -0.00000000 -0.55710000
vn -0.86820000 0.00010000 -0.49620000
vn -0.88540000 -0.00000000 -0.46480000
vn -0.91500000 -0.00000000 -0.40350000
vn -0.93010000 -0.00010000 -0.36720000
vn -0.95190000 -0.00000000 -0.30650000
vn -0.96410000 -0.00000000 -0.26540000
vn -0.97850000 -0.00000000 -0.20610000
vn -0.98700000 -0.00000000 -0.16050000
vn -0.99460000 -0.00000000 -0.10360000
vn -0.99860000 -0.00000000 -0.05370000
vn -1.00000000 -0.00000000 0.00010000
vn -1.00000000 -0.00000000 -0.00000000
vn -0.99970000 -0.00000000 -0.02520000
vn -0.99860000 -0.00000000 0.05370000
vn -0.99880000 -0.00000000 0.04860000
vn -0.99740000 -0.00000000 0.07250000
vn -0.99560000 -0.00000000 0.09400000
vn -0.98700000 -0.00000000 0.16050000
vn -0.98950000 -0.00000000 0.14480000
vn -0.98010000 -0.00010000 0.19870000
vn -0.97410000 -0.00000000 0.22610000
vn -0.96410000 -0.00000000 0.26540000
vn -0.97260000 0.00010000 0.23250000
vn -0.97190000 -0.00030000 0.23550000
vn -0.97010000 0.00010000 0.24290000
vn -0.95840000 -0.00000000 0.28550000
vn -0.94950000 -0.00000000 0.31360000
vn -0.93010000 -0.00000000 0.36720000
vn -0.94290000 -0.00000000 0.33300000
vn -0.93500000 -0.00000000 0.35460000
vn -0.92430000 -0.00000000 0.38160000
vn -0.90410000 -0.00000000 0.42730000
vn -0.88540000 -0.00010000 0.46480000
vn -0.89410000 -0.00000000 0.44790000
vn -0.88660000 -0.00000000 0.46250000
vn -0.88040000 -0.00000000 0.47420000
vn -0.86910000 -0.00010000 0.49460000
vn -0.85410000 -0.00000000 0.52010000
vn -0.83040000 -0.00000000 0.55710000
vn -0.83420000 -0.00000000 0.55150000
vn -0.81450000 -0.00000000 0.58010000
vn -0.79770000 -0.00000000 0.60310000
vn -0.76590000 -0.00000000 0.64290000
vn -0.78410000 0.00010000 0.62060000
vn -0.77560000 -0.00000000 0.63120000
vn -0.73830000 -0.00000000 0.67440000
vn -0.69260000 0.00010000 0.72140000
vn -0.72030000 -0.00000000 0.69370000
vn -0.71000000 0.00010000 0.70420000
vn -0.69990000 -0.00000000 0.71430000
vn -0.68590000 -0.00000000 0.72770000
vn -0.66650000 0.00010000 0.74550000
vn -0.64340000 -0.00010000 0.76550000
vn -0.61120000 -0.00000000 0.79150000
vn -0.63150000 -0.00000000 0.77540000
vn -0.62480000 -0.00000000 0.78080000
vn -0.60880000 -0.00000000 0.79330000
vn -0.58400000 -0.00020000 0.81180000
vn -0.56550000 -0.00000000 0.82470000
vn -0.52280000 -0.00000000 0.85240000
vn -0.55210000 -0.00030000 0.83380000
vn -0.53560000 -0.00010000 0.84450000
vn -0.50690000 -0.00000000 0.86200000
vn -0.48570000 -0.00030000 0.87410000
vn -0.46800000 -0.00010000 0.88370000
vn -0.42840000 -0.00000000 0.90360000
vn -0.45790000 -0.00000000 0.88900000
vn -0.43810000 -0.00000000 0.89890000
vn -0.39430000 -0.00010000 0.91900000
vn -0.37030000 -0.00010000 0.92890000
vn -0.32900000 -0.00010000 0.94430000
vn -0.34320000 -0.00010000 0.93930000
vn -0.31750000 -0.00010000 0.94820000
vn -0.29940000 -0.00010000 0.95410000
vn -0.28400000 -0.00000000 0.95880000
vn -0.22590000 -0.00000000 0.97420000
vn -0.25830000 -0.00010000 0.96610000
vn -0.24430000 -0.00000000 0.96970000
vn -0.23680000 -0.00000000 0.97160000
vn -0.23270000 -0.00030000 0.97260000
vn -0.22270000 -0.00000000 0.97490000
vn -0.21230000 -0.00010000 0.97720000
vn -0.16140000 -0.00000000 0.98690000
vn -0.12010000 -0.00000000 0.99280000
vn -0.11010000 -0.00000000 0.99390000
vn -0.01300000 -0.00010000 0.99990000
vn -0.01300000 -0.00010000 0.99990000
vn -1.00000000 -0.00000000 -0.00990000
vn -0.99960000 -0.00000000 -0.02650000
vn 1.00000000 -0.00000000 -0.00000000
vn 1.00000000 -0.00000000 -0.00000000
vn 1.00000000 -0.00000000 -0.00000000
vn 1.00000000 -0.00000000 -0.00000000
vn 1.00000000 -0.00000000 -0.00000000
vn 1.00000000 -0.00000000 -0.00000000
vn 1.00000000 -0.00000000 -0.00000000
vn 1.00000000 -0.00000000 -0.00000000
vn -1.00000000 -0.00000000 -0.00000000
vn -1.00000000 -0.00000000 -0.00000000
vn -1.00000000 -0.00000000 -0.00000000
vn -1.00000000 -0.00000000 -0.00000000
vn -1.00000000 -0.00000000 -0.00000000
vn -1.00000000 -0.00000000 -0.00000000
vn -1.00000000 -0.00000000 -0.00000000
vn -1.00000000 -0.00000000 -0.00000000
vn -0.00000000 -0.00000000 -1.00000000
vn -0.00000000 -0.00000000 -1.00000000
vn -0.00000000 -0.00000000 -1.00000000
vn -0.00000000 -0.00000000 -1.00000000
vn -0.00000000 -0.00000000 -1.00000000
vn -0.00000000 -0.00000000 -1.00000000
vn -0.00010000 -0.72770000 0.68590000
vn -0.00000000 -0.72100000 0.69300000
vn -0.00000000 -0.72770000 0.68590000
vn -0.00010000 -0.72770000 0.68590000
vn -0.00000000 -0.72760000 0.68600000
vn -0.00000000 -0.72760000 0.68600000
vn -0.00000000 -0.72770000 0.68590000
vn -0.00010000 -0.72770000 0.68590000
vn -0.00020000 -0.72760000 0.68600000
vn 0.00010000 -0.72780000 0.68580000
vn 0.00010000 -0.72780000 0.68580000
vn -0.00000000 -0.72760000 0.68600000
vn -0.00020000 -0.72780000 0.68580000
vn 0.00010000 -0.72780000 0.68580000
vn 0.00010000 -0.72800000 0.68560000
vn -0.00020000 -0.72810000 0.68550000
vn 0.00010000 -0.72810000 0.68550000
vn 0.00020000 -0.72840000 0.68510000
vn -0.00010000 -0.72840000 0.68520000
vn 0.00040000 -0.72840000 0.68520000
vn -0.00030000 -0.72840000 0.68510000
vn 0.00040000 -0.72840000 0.68510000
vn -0.00010000 -0.72870000 0.68490000
vn -0.00000000 -0.72880000 0.68480000
vn -0.00000000 -0.72870000 0.68480000
vn -0.00000000 -0.72960000 0.68380000
vn -0.00000000 -0.72970000 0.68380000
vn -0.00000000 -0.64630000 0.76310000
vn -0.00000000 -0.64800000 0.76160000
vn -0.00000000 -0.43810000 0.89890000
vn -0.00000000 -0.65550000 0.75520000
vn -0.00010000 -0.41110000 0.91160000
vn 0.00010000 -0.72880000 0.68480000
vn 0.00040000 -0.72840000 0.68510000
vn 0.00020000 -0.72870000 0.68480000
vn -0.00000000 -0.18950000 0.98190000
vn -0.00000000 -0.13210000 0.99120000
vn -0.00000000 -0.01280000 0.99990000
vn -0.00000000 -0.00430000 1.00000000
vn -0.00000000 -0.00350000 1.00000000
vn -0.00000000 -0.00360000 1.00000000
vn -0.00000000 -0.00000000 1.00000000
vn -0.00010000 0.00010000 1.00000000
vn -0.00000000 0.00220000 1.00000000
vn -0.00010000 0.00220000 1.00000000
vn -0.00000000 -0.00230000 1.00000000
vn -0.00000000 -0.00230000 1.00000000
vn -0.00000000 -0.00410000 1.00000000
vn -0.00000000 -0.11940000 0.99280000
vn -0.00000000 -0.39930000 0.91680000
vn -0.00000000 -0.72760000 0.68600000
vn -0.00000000 -0.72590000 0.68780000
vn -0.00000000 -0.72770000 0.68590000
vn -0.00000000 -0.72590000 0.68780000
vn -0.00010000 -0.71570000 0.69840000
vn 1.00000000 -0.00000000 -0.00000000
vn 1.00000000 -0.00000000 -0.00000000
vn 1.00000000 -0.00000000 -0.00000000
vn 1.00000000 -0.00000000 -0.00000000
vn 1.00000000 -0.00000000 -0.00000000
vn 1.00000000 -0.00000000 -0.00000000
vn 1.00000000 -0.00000000 -0.00000000
vn 1.00000000 -0.00000000 -0.00000000
vn 1.00000000 -0.00000000 -0.00000000
vn 1.00000000 -0.00000000 -0.00000000
vn 1.00000000 -0.00000000 -0.00000000
vn 1.00000000 -0.00000000 -0.00000000
vn 1.00000000 -0.00000000 -0.00000000
vn 1.00000000 -0.00000000 -0.00000000
vn 1.00000000 -0.00000000 -0.00000000
vn 1.00000000 -0.00000000 -0.00000000
vn 1.00000000 -0.00000000 -0.00000000
vn 1.00000000 -0.00000000 -0.00000000
vn 1.00000000 -0.00000000 -0.00000000
vn 1.00000000 -0.00000000 -0.00000000
vn 1.00000000 -0.00000000 -0.00000000
vn 1.00000000 -0.00000000 -0.00000000
vn 1.00000000 -0.00000000 -0.00000000
vn 1.00000000 -0.00000000 -0.00000000
vn 1.00000000 -0.00000000 -0.00000000
vn 1.00000000 -0.00000000 -0.00000000
vn 1.00000000 -0.00000000 -0.00000000
vn 1.00000000 -0.00000000 -0.00000000
vn 1.00000000 -0.00000000 -0.00000000
vn 1.00000000 -0.00000000 -0.00000000
vn 1.00000000 -0.00000000 -0.00000000
vn 1.00000000 -0.00000000 -0.00000000
vn 1.00000000 -0.00000000 -0.00000000
vn 1.00000000 -0.00000000 -0.00000000
vn 1.00000000 -0.00000000 -0.00000000
vn 1.00000000 -0.00000000 -0.00000000
vn -1.00000000 -0.00000000 -0.00000000
vn -1.00000000 -0.00000000 -0.00000000
vn -1.00000000 -0.00000000 0.00030000
vn -1.00000000 0.00010000 -0.00010000
vn -1.00000000 -0.00000000 -0.00000000
vn -1.00000000 0.00010000 -0.00010000
vn -1.00000000 -0.00000000 -0.00000000
vn -1.00000000 0.00010000 -0.00010000
vn -1.00000000 -0.00000000 0.00030000
vn -1.00000000 -0.00000000 -0.00000000
vn -1.00000000 -0.00000000 -0.00000000
vn -1.00000000 -0.00000000 -0.00000000
vn -1.00000000 -0.00000000 -0.00000000
vn -1.00000000 -0.00000000 -0.00000000
vn -1.00000000 -0.00000000 -0.00000000
vn -1.00000000 -0.00000000 -0.00000000
vn -1.00000000 -0.00000000 -0.00000000
vn -1.00000000 -0.00000000 -0.00000000
vn -1.00000000 -0.00000000 -0.00000000
vn -1.00000000 -0.00000000 -0.00000000
vn -1.00000000 -0.00000000 -0.00000000
vn -1.00000000 -0.00000000 -0.00000000
vn -1.00000000 -0.00000000 -0.00000000
vn -1.00000000 -0.00000000 -0.00000000
vn -1.00000000 -0.00000000 -0.00000000
vn -1.00000000 -0.00000000 -0.00000000
vn -1.00000000 -0.00000000 -0.00000000
vn -1.00000000 -0.00000000 -0.00000000
vn -1.00000000 -0.00000000 -0.00000000
vn -1.00000000 -0.00000000 -0.00000000
vn -1.00000000 -0.00000000 -0.00000000
vn -1.00000000 -0.00000000 -0.00000000
vn -1.00000000 -0.00000000 0.00030000
vn -1.00000000 -0.00000000 -0.00000000
vn -1.00000000 -0.00000000 -0.00000000
vn 0.00630000 -0.37860000 0.92550000
vn 0.00480000 -0.71160000 0.70260000
vn 0.07650000 -0.25880000 0.96290000
vn 0.06990000 -0.69790000 0.71280000
vn 0.17740000 -0.23370000 0.95600000
vn 0.12610000 -0.69240000 0.71040000
vn 0.15550000 -0.68320000 0.71350000
vn 0.28100000 -0.20400000 0.93780000
vn 0.23050000 -0.65650000 0.71830000
vn 0.38270000 -0.16660000 0.90880000
vn 0.28730000 -0.63400000 0.71800000
vn 0.32300000 -0.61960000 0.71530000
vn 0.48010000 -0.12660000 0.86800000
vn 0.40860000 -0.58210000 0.70300000
vn 0.57240000 -0.08050000 0.81600000
vn 0.49100000 -0.53920000 0.68420000
vn 0.53250000 -0.51650000 0.67060000
vn 0.65840000 -0.03150000 0.75200000
vn 0.59840000 -0.47580000 0.64460000
vn 0.73540000 0.02160000 0.67730000
vn 0.67460000 -0.42420000 0.60420000
vn 0.80190000 0.07560000 0.59270000
vn 0.75370000 -0.36370000 0.54740000
vn 0.85620000 0.12940000 0.50020000
vn 0.82670000 -0.30180000 0.47490000
vn 0.87990000 -0.24750000 0.40550000
vn 0.91790000 -0.20280000 0.34120000
vn 0.91260000 0.20740000 0.35250000
vn 0.89700000 0.18230000 0.40270000
vn 0.69850000 0.58780000 0.40810000
vn 0.66630000 0.55990000 0.49250000
vn 0.35520000 0.89710000 0.26260000
vn 0.33380000 0.89110000 0.30730000
vn 0.00020000 1.00000000 0.00020000
vn 0.00020000 1.00000000 0.00010000
vn 0.92490000 0.23130000 0.30180000
vn 0.93570000 -0.17890000 0.30420000
vn 0.93410000 0.25520000 0.24980000
vn 0.96800000 -0.12500000 0.21750000
vn 0.94000000 0.27790000 0.19820000
vn 0.98550000 -0.08790000 0.14500000
vn 0.94320000 0.29830000 0.14660000
vn 0.94360000 0.31740000 0.09440000
vn 0.73140000 0.67250000 0.11370000
vn 0.72760000 0.68210000 0.07280000
vn 0.38300000 0.92180000 0.05950000
vn 0.38020000 0.92410000 0.03810000
vn 0.00160000 1.00000000 0.00020000
vn 0.37690000 0.92620000 0.01060000
vn 0.00040000 1.00000000 -0.00000000
vn 0.37160000 0.92840000 -0.00310000
vn -0.00000000 1.00000000 -0.00000000
vn 0.50000000 0.86600000 -0.00610000
vn 0.71160000 0.70250000 -0.00580000
vn 0.86600000 0.50000000 -0.01060000
vn 0.93240000 0.36130000 -0.00770000
vn 0.99990000 0.00020000 -0.01230000
vn 0.99980000 -0.01630000 0.01110000
vn 0.93850000 0.34420000 0.02640000
vn 0.99210000 -0.06900000 0.10450000
vn 0.00210000 1.00000000 0.00040000
vn 0.38490000 0.91940000 0.08120000
vn 0.73330000 0.66210000 0.15460000
vn 0.00140000 1.00000000 0.00040000
vn 0.38530000 0.91700000 0.10300000
vn 0.73330000 0.65100000 0.19610000
vn 0.00060000 1.00000000 0.00020000
vn 0.38460000 0.91450000 0.12550000
vn 0.73100000 0.63940000 0.23850000
vn 0.38320000 0.91170000 0.14800000
vn 0.00030000 1.00000000 0.00010000
vn 0.38040000 0.90890000 0.17080000
vn 0.00010000 1.00000000 -0.00000000
vn 0.37060000 0.90320000 0.21650000
vn 0.00050000 1.00000000 0.00020000
vn 0.00040000 1.00000000 0.00030000
vn 0.30610000 0.88540000 0.34970000
vn 0.00020000 1.00000000 0.00020000
vn 0.27300000 0.87980000 0.38920000
vn 0.00010000 1.00000000 0.00010000
vn -0.00010000 1.00000000 -0.00010000
vn 0.23440000 0.87500000 0.42370000
vn -0.00000000 1.00000000 -0.00000000
vn 0.19120000 0.87020000 0.45410000
vn 0.00020000 1.00000000 0.00040000
vn 0.00030000 1.00000000 0.00050000
vn 0.14330000 0.86650000 0.47820000
vn 0.00050000 1.00000000 0.00150000
vn 0.00160000 1.00000000 0.00850000
vn 0.09230000 0.86270000 0.49710000
vn 0.00220000 0.99960000 0.02760000
vn 0.04040000 0.86020000 0.50830000
vn -0.00640000 0.92330000 0.38400000
vn -0.01180000 0.71010000 0.70400000
vn -0.00010000 1.00000000 0.00720000
vn -0.01550000 0.39190000 0.91990000
vn -0.00950000 0.40450000 0.91450000
vn -0.00040000 0.41190000 0.91120000
vn 0.00300000 0.41060000 0.91180000
vn 0.00610000 0.40880000 0.91260000
vn 0.07330000 0.37730000 0.92320000
vn 0.00670000 0.01630000 0.99980000
vn 0.72000000 0.69370000 0.02020000
vn 0.72660000 0.62710000 0.28060000
vn 0.71980000 0.61440000 0.32320000
vn 0.62300000 0.53170000 0.57370000
vn 0.56900000 0.50380000 0.64990000
vn 0.50470000 0.47700000 0.71950000
vn 0.43170000 0.45210000 0.78050000
vn 0.35050000 0.42930000 0.83240000
vn 0.26190000 0.40890000 0.87420000
vn 0.16800000 0.39130000 0.90480000
vn -0.00000000 1.00000000 -0.00100000
vn -0.00000000 1.00000000 -0.00380000
vn -0.00000000 1.00000000 -0.00010000
vn 0.00020000 0.99990000 -0.01640000
vn -0.00000000 1.00000000 0.00010000
vn 0.05220000 0.86600000 -0.49730000
vn 0.10400000 0.86600000 -0.48910000
vn 0.18010000 0.50000000 -0.84710000
vn 0.26770000 0.50000000 -0.82360000
vn 0.21890000 0.00010000 -0.97570000
vn 0.31890000 0.00010000 -0.94780000
vn 0.35230000 0.50000000 -0.79110000
vn 0.41540000 -0.00000000 -0.90960000
vn 0.43300000 0.50000000 -0.75000000
vn 0.50750000 -0.00010000 -0.86160000
vn 0.50910000 0.49990000 -0.70060000
vn 0.59410000 -0.00010000 -0.80440000
vn 0.57950000 0.50000000 -0.64350000
vn 0.67440000 -0.00000000 -0.73840000
vn 0.64360000 0.50000000 -0.57940000
vn 0.74720000 0.00010000 -0.66460000
vn 0.70070000 0.50000000 -0.50900000
vn 0.81210000 -0.00000000 -0.58350000
vn 0.75010000 0.49990000 -0.43300000
vn 0.86820000 -0.00010000 -0.49620000
vn 0.79120000 0.50000000 -0.35220000
vn 0.91500000 0.00010000 -0.40350000
vn 0.82370000 0.50000000 -0.26750000
vn 0.95190000 -0.00010000 -0.30650000
vn 0.84710000 0.50000000 -0.18000000
vn 0.97850000 0.00010000 -0.20610000
vn 0.86130000 0.50000000 -0.08990000
vn 0.99460000 0.00010000 -0.10360000
vn 0.86650000 0.49920000 0.00010000
vn 1.00000000 0.00010000 0.00010000
vn -0.00000000 1.00000000 0.00010000
vn -0.00000000 1.00000000 -0.00000000
vn 0.15450000 0.86600000 -0.47550000
vn 0.00010000 1.00000000 -0.00020000
vn 0.20340000 0.86600000 -0.45670000
vn -0.00000000 1.00000000 -0.00010000
vn 0.25000000 0.86610000 -0.43290000
vn -0.00000000 1.00000000 -0.00000000
vn 0.29390000 0.86600000 -0.40450000
vn -0.00000000 1.00000000 -0.00000000
vn 0.33450000 0.86610000 -0.37150000
vn -0.00000000 1.00000000 -0.00010000
vn 0.37160000 0.86600000 -0.33460000
vn -0.00010000 1.00000000 0.00020000
vn 0.40450000 0.86600000 -0.29390000
vn -0.00010000 1.00000000 -0.00000000
vn 0.43300000 0.86610000 -0.24990000
vn -0.00000000 1.00000000 -0.00000000
vn 0.45680000 0.86600000 -0.20340000
vn -0.00000000 1.00000000 -0.00000000
vn 0.47550000 0.86600000 -0.15450000
vn -0.00000000 1.00000000 -0.00000000
vn 0.48910000 0.86600000 -0.10390000
vn -0.00000000 1.00000000 -0.00000000
vn 0.49730000 0.86600000 -0.05210000
vn -0.00000000 1.00000000 -0.00000000
vn 0.50140000 0.86520000 -0.00000000
vn 0.00190000 1.00000000 -0.00000000
vn 0.11650000 0.00020000 -0.99320000
vn 0.09050000 0.50000000 -0.86130000
vn 0.00660000 0.86050000 -0.50940000
vn 0.01300000 0.00020000 -0.99990000
vn 0.01130000 0.49530000 -0.86860000
vn -0.00660000 0.86050000 -0.50930000
vn -0.05220000 0.86610000 -0.49710000
vn -0.00020000 0.99980000 -0.01730000
vn -0.00000000 1.00000000 -0.00010000
vn -0.00000000 1.00000000 -0.00150000
vn -0.09050000 0.50000000 -0.86130000
vn -0.01130000 0.49530000 -0.86860000
vn -0.01300000 0.00020000 -0.99990000
vn -0.11660000 -0.00010000 -0.99320000
vn -0.18010000 0.50010000 -0.84700000
vn -0.10400000 0.86600000 -0.48900000
vn -0.15450000 0.86600000 -0.47560000
vn -0.00000000 1.00000000 -0.00020000
vn -0.00000000 1.00000000 -0.00010000
vn -0.20340000 0.86610000 -0.45670000
vn -0.00000000 1.00000000 -0.00010000
vn -0.25010000 0.86600000 -0.43300000
vn -0.00000000 1.00000000 -0.00010000
vn -0.29390000 0.86610000 -0.40440000
vn -0.00000000 1.00000000 -0.00000000
vn -0.33460000 0.86610000 -0.37150000
vn -0.00010000 1.00000000 -0.00000000
vn -0.37160000 0.86600000 -0.33460000
vn 0.00010000 1.00000000 0.00010000
vn -0.40460000 0.86600000 -0.29390000
vn 0.00010000 1.00000000 0.00010000
vn -0.43300000 0.86610000 -0.24990000
vn -0.00000000 1.00000000 -0.00000000
vn -0.45680000 0.86610000 -0.20330000
vn 0.00010000 1.00000000 0.00010000
vn -0.47560000 0.86600000 -0.15450000
vn -0.00000000 1.00000000 -0.00000000
vn -0.48910000 0.86600000 -0.10390000
vn -0.00000000 1.00000000 -0.00000000
vn -0.49730000 0.86600000 -0.05210000
vn -0.00000000 1.00000000 -0.00000000
vn -0.50000000 0.86600000 -0.00000000
vn -0.00010000 1.00000000 -0.00000000
vn -0.21890000 0.00010000 -0.97570000
vn -0.26770000 0.49990000 -0.82370000
vn -0.31890000 -0.00010000 -0.94780000
vn -0.35230000 0.50000000 -0.79110000
vn -0.41540000 0.00010000 -0.90960000
vn -0.43310000 0.49990000 -0.75000000
vn -0.50750000 0.00010000 -0.86160000
vn -0.50910000 0.49990000 -0.70070000
vn -0.59410000 -0.00020000 -0.80440000
vn -0.57950000 0.50000000 -0.64350000
vn -0.67430000 -0.00000000 -0.73850000
vn -0.64370000 0.49990000 -0.57950000
vn -0.74720000 -0.00020000 -0.66460000
vn -0.70070000 0.50000000 -0.50900000
vn -0.81210000 0.00020000 -0.58350000
vn -0.75010000 0.50000000 -0.43300000
vn -0.86820000 -0.00010000 -0.49620000
vn -0.79120000 0.50000000 -0.35210000
vn -0.91500000 -0.00000000 -0.40340000
vn -0.82370000 0.49990000 -0.26750000
vn -0.95190000 -0.00000000 -0.30640000
vn -0.84710000 0.50000000 -0.18000000
vn -0.97850000 0.00010000 -0.20610000
vn -0.86130000 0.50000000 -0.08990000
vn -0.99460000 0.00010000 -0.10350000
vn -0.86610000 0.50000000 0.00010000
vn -1.00000000 -0.00010000 0.00010000
vn -0.00000000 1.00000000 -0.00000000
vn -0.00280000 -0.72530000 0.68850000
vn -0.00400000 -0.19190000 0.98140000
vn -0.06430000 -0.70950000 0.70170000
vn -0.10380000 -0.26350000 0.95910000
vn -0.09750000 -0.70060000 0.70690000
vn -0.20190000 -0.24460000 0.94840000
vn -0.16300000 -0.68140000 0.71350000
vn -0.29990000 -0.20810000 0.93100000
vn -0.23060000 -0.65810000 0.71670000
vn -0.26730000 -0.64320000 0.71750000
vn -0.39780000 -0.16320000 0.90290000
vn -0.32210000 -0.61970000 0.71570000
vn -0.49300000 -0.12330000 0.86130000
vn -0.41240000 -0.57720000 0.70480000
vn -0.58330000 -0.07720000 0.80860000
vn -0.49880000 -0.53330000 0.68320000
vn -0.56250000 -0.49800000 0.66000000
vn -0.66630000 -0.02880000 0.74520000
vn -0.59440000 -0.47870000 0.64620000
vn -0.74060000 0.02280000 0.67160000
vn -0.67240000 -0.42570000 0.60550000
vn -0.73100000 -0.38190000 0.56540000
vn -0.80490000 0.07600000 0.58850000
vn -0.75870000 -0.35980000 0.54300000
vn -0.85780000 0.12870000 0.49760000
vn -0.82470000 -0.30370000 0.47710000
vn -0.87860000 -0.24850000 0.40790000
vn -0.89780000 0.18100000 0.40140000
vn -0.90170000 -0.22210000 0.37080000
vn -0.92540000 0.22930000 0.30170000
vn -0.93480000 -0.18020000 0.30590000
vn -0.97030000 -0.12140000 0.20910000
vn -0.94030000 0.27500000 0.20070000
vn -0.99190000 -0.06990000 0.10590000
vn -0.94430000 0.31350000 0.09990000
vn -0.94210000 0.33150000 0.05150000
vn -0.72600000 0.68660000 0.03970000
vn -0.71920000 0.69480000 -0.00000000
vn -0.37530000 0.92690000 -0.00000000
vn -0.49990000 0.86610000 -0.00530000
vn -0.00000000 1.00000000 -0.00000000
vn -0.00010000 1.00000000 -0.00000000
vn -0.37940000 0.92500000 0.02070000
vn -0.00030000 1.00000000 -0.00000000
vn -0.38260000 0.92300000 0.04050000
vn -0.38700000 0.91840000 0.08260000
vn -0.73650000 0.65790000 0.15720000
vn -0.73400000 0.63550000 0.23930000
vn -0.09960000 0.37370000 0.92220000
vn -0.00370000 0.41210000 0.91110000
vn -0.05470000 0.86130000 0.50520000
vn -0.00220000 0.84000000 0.54260000
vn -0.00140000 0.94160000 0.33670000
vn -0.00000000 1.00000000 0.00050000
vn -0.00020000 1.00000000 0.00330000
vn -0.00060000 1.00000000 0.00410000
vn -0.10410000 0.86600000 0.48910000
vn -0.19190000 0.38870000 0.90120000
vn -0.00080000 1.00000000 0.00350000
vn -0.15240000 0.86780000 0.47300000
vn -0.28040000 0.40620000 0.86970000
vn -0.00050000 1.00000000 0.00160000
vn -0.19930000 0.86930000 0.45230000
vn -0.36470000 0.42670000 0.82760000
vn -0.00050000 1.00000000 0.00110000
vn -0.00070000 1.00000000 0.00130000
vn -0.24120000 0.87410000 0.42150000
vn -0.00060000 1.00000000 0.00120000
vn -0.27900000 0.87910000 0.38660000
vn -0.00040000 1.00000000 0.00040000
vn -0.31080000 0.88460000 0.34770000
vn -0.00020000 1.00000000 0.00020000
vn -0.33730000 0.89030000 0.30590000
vn -0.00060000 1.00000000 0.00050000
vn -0.00110000 1.00000000 0.00090000
vn -0.35810000 0.89620000 0.26180000
vn -0.00120000 1.00000000 0.00090000
vn -0.37300000 0.90220000 0.21640000
vn -0.00120000 1.00000000 0.00070000
vn -0.00110000 1.00000000 0.00060000
vn -0.38270000 0.90790000 0.17110000
vn -0.00060000 1.00000000 0.00020000
vn -0.38670000 0.91360000 0.12600000
vn -0.00050000 1.00000000 0.00010000
vn -0.00040000 1.00000000 0.00010000
vn -0.00060000 1.00000000 0.00010000
vn -0.86600000 0.50000000 -0.00920000
vn -0.93740000 0.34820000 -0.00000000
vn -0.99970000 -0.02370000 -0.00000000
vn -0.99990000 -0.00000000 -0.01040000
vn -0.44370000 0.44950000 0.77530000
vn -0.51500000 0.47450000 0.71380000
vn -0.57680000 0.50100000 0.64520000
vn -0.62880000 0.52850000 0.57030000
vn -0.67070000 0.55650000 0.49030000
vn -0.70220000 0.58400000 0.40730000
vn -0.72290000 0.61070000 0.32320000
vn -0.73130000 0.67770000 0.07740000
vn 0.00660000 -0.86050000 -0.50940000
vn 0.05320000 -0.86600000 -0.49720000
vn 0.00020000 -0.99990000 -0.01340000
vn -0.00000000 -1.00000000 0.00010000
vn -0.00000000 -1.00000000 0.00450000
vn 0.09210000 -0.50000000 -0.86110000
vn 0.01130000 -0.49530000 -0.86860000
vn 0.01300000 -0.00030000 -0.99990000
vn 0.12010000 -0.00010000 -0.99280000
vn 0.18300000 -0.50000000 -0.84640000
vn 0.10560000 -0.86610000 -0.48870000
vn 0.15700000 -0.86600000 -0.47470000
vn -0.00000000 -1.00000000 0.00010000
vn -0.00000000 -1.00000000 -0.00000000
vn 0.20660000 -0.86610000 -0.45530000
vn -0.00000000 -1.00000000 0.00020000
vn 0.25380000 -0.86600000 -0.43080000
vn -0.00010000 -1.00000000 0.00020000
vn 0.29810000 -0.86610000 -0.40130000
vn -0.00010000 -1.00000000 0.00010000
vn 0.33920000 -0.86600000 -0.36740000
vn 0.00010000 -1.00000000 -0.00000000
vn 0.37620000 -0.86600000 -0.32920000
vn -0.00000000 -1.00000000 -0.00000000
vn 0.40920000 -0.86600000 -0.28740000
vn -0.00010000 -1.00000000 0.00010000
vn 0.43740000 -0.86600000 -0.24230000
vn -0.00010000 -1.00000000 0.00010000
vn 0.46060000 -0.86600000 -0.19440000
vn 0.00010000 -1.00000000 -0.00000000
vn 0.47870000 -0.86600000 -0.14430000
vn 0.00010000 -1.00000000 -0.00000000
vn 0.49140000 -0.86600000 -0.09260000
vn -0.00010000 -1.00000000 -0.00000000
vn -0.00000000 -1.00000000 -0.00000000
vn 0.49840000 -0.86600000 -0.03990000
vn -0.00000000 -1.00000000 -0.00000000
vn 0.49980000 -0.86600000 0.01330000
vn -0.00000000 -1.00000000 -0.00000000
vn 0.49560000 -0.86600000 0.06640000
vn -0.00000000 -1.00000000 -0.00000000
vn 0.48570000 -0.86610000 0.11860000
vn -0.00000000 -1.00000000 -0.00000000
vn 0.47030000 -0.86600000 0.16960000
vn -0.00010000 -1.00000000 -0.00000000
vn 0.44970000 -0.86600000 0.21860000
vn -0.00010000 -1.00000000 -0.00010000
vn 0.42390000 -0.86600000 0.26520000
vn -0.00010000 -1.00000000 -0.00000000
vn 0.39320000 -0.86610000 0.30870000
vn -0.00000000 -1.00000000 -0.00000000
vn 0.35820000 -0.86600000 0.34880000
vn -0.00000000 -1.00000000 0.00010000
vn 0.31910000 -0.86600000 0.38490000
vn -0.00000000 -1.00000000 -0.00000000
vn 0.27670000 -0.86600000 0.41660000
vn -0.00000000 -1.00000000 -0.00000000
vn -0.00000000 -1.00000000 -0.00000000
vn 0.23060000 -0.86600000 0.44370000
vn -0.00000000 -1.00000000 0.00010000
vn 0.18210000 -0.86600000 0.46570000
vn -0.00000000 -1.00000000 -0.00010000
vn 0.13150000 -0.86610000 0.48230000
vn -0.00010000 -1.00000000 -0.00050000
vn 0.07950000 -0.86600000 0.49370000
vn -0.00000000 -1.00000000 -0.00050000
vn 0.02660000 -0.86600000 0.49940000
vn 0.00430000 -0.94490000 0.32740000
vn 0.00880000 -0.73440000 0.67870000
vn 0.04610000 -0.50000000 0.86480000
vn 0.01190000 -0.40080000 0.91610000
vn 0.12010000 0.00010000 0.99280000
vn 0.01300000 0.00010000 0.99990000
vn 0.22590000 -0.00000000 -0.97410000
vn 0.27200000 -0.49990000 -0.82230000
vn 0.32900000 0.00010000 -0.94430000
vn 0.35790000 -0.49990000 -0.78870000
vn 0.42840000 0.00010000 -0.90360000
vn 0.43970000 -0.49990000 -0.74620000
vn 0.52280000 0.00010000 -0.85250000
vn 0.51650000 -0.49990000 -0.69520000
vn 0.61130000 0.00010000 -0.79140000
vn 0.58740000 -0.50000000 -0.63630000
vn 0.69260000 -0.00010000 -0.72130000
vn 0.65170000 -0.50000000 -0.57030000
vn 0.76590000 0.00010000 -0.64290000
vn 0.70870000 -0.50000000 -0.49780000
vn 0.83050000 -0.00010000 -0.55710000
vn 0.75760000 -0.49990000 -0.41970000
vn 0.88540000 -0.00000000 -0.46480000
vn 0.79790000 -0.50000000 -0.33680000
vn 0.93010000 0.00010000 -0.36720000
vn 0.82910000 -0.50000000 -0.25000000
vn 0.96420000 0.00010000 -0.26540000
vn 0.85110000 -0.49990000 -0.16050000
vn 0.98700000 -0.00000000 -0.16040000
vn 0.86330000 -0.50000000 -0.06910000
vn 0.99860000 0.00010000 -0.05370000
vn 0.86570000 -0.50000000 0.02310000
vn 0.99860000 0.00010000 0.05370000
vn 0.85840000 -0.49990000 0.11500000
vn 0.98700000 0.00010000 0.16050000
vn 0.84130000 -0.50000000 0.20550000
vn 0.96410000 -0.00000000 0.26540000
vn 0.81470000 -0.50000000 0.29380000
vn 0.93010000 -0.00010000 0.36720000
vn 0.77890000 -0.49990000 0.37870000
vn 0.88540000 -0.00000000 0.46490000
vn 0.73420000 -0.49990000 0.45930000
vn 0.83040000 -0.00000000 0.55710000
vn 0.68120000 -0.50000000 0.53480000
vn 0.76590000 -0.00000000 0.64300000
vn 0.62040000 -0.50000000 0.60420000
vn 0.69250000 -0.00010000 0.72140000
vn 0.55270000 -0.50000000 0.66670000
vn 0.61120000 -0.00000000 0.79150000
vn 0.47900000 -0.49990000 0.72160000
vn 0.52280000 -0.00010000 0.85250000
vn 0.39930000 -0.49990000 0.76850000
vn 0.42840000 0.00010000 0.90360000
vn 0.31540000 -0.49990000 0.80660000
vn 0.32910000 -0.00000000 0.94430000
vn 0.22790000 -0.49990000 0.83560000
vn 0.22580000 0.00020000 0.97420000
vn 0.13780000 -0.49990000 0.85510000
vn -0.00000000 -1.00000000 -0.00010000
vn -0.00430000 -0.94490000 0.32720000
vn -0.02660000 -0.86600000 0.49940000
vn -0.00880000 -0.73440000 0.67860000
vn -0.04610000 -0.49990000 0.86490000
vn -0.01190000 -0.40080000 0.91610000
vn -0.01300000 0.00020000 0.99990000
vn -0.12010000 -0.00000000 0.99280000
vn -0.13780000 -0.49980000 0.85510000
vn -0.07950000 -0.86600000 0.49370000
vn -0.13150000 -0.86610000 0.48220000
vn -0.00000000 -1.00000000 -0.00030000
vn -0.00000000 -1.00000000 -0.00020000
vn -0.18210000 -0.86600000 0.46570000
vn -0.00000000 -1.00000000 0.00010000
vn -0.23050000 -0.86600000 0.44370000
vn -0.00000000 -1.00000000 -0.00000000
vn -0.27670000 -0.86600000 0.41660000
vn -0.00000000 -1.00000000 -0.00000000
vn -0.00000000 -1.00000000 0.00010000
vn -0.31910000 -0.86610000 0.38490000
vn -0.00010000 -1.00000000 -0.00000000
vn -0.35820000 -0.86600000 0.34880000
vn -0.00010000 -1.00000000 -0.00000000
vn -0.39320000 -0.86610000 0.30870000
vn 0.00010000 -1.00000000 -0.00020000
vn -0.42390000 -0.86600000 0.26520000
vn 0.00010000 -1.00000000 -0.00010000
vn -0.44960000 -0.86600000 0.21860000
vn 0.00010000 -1.00000000 -0.00010000
vn -0.47030000 -0.86600000 0.16960000
vn -0.00000000 -1.00000000 -0.00000000
vn -0.48570000 -0.86610000 0.11860000
vn -0.00010000 -1.00000000 -0.00000000
vn -0.49550000 -0.86600000 0.06640000
vn -0.00000000 -1.00000000 -0.00000000
vn -0.49980000 -0.86600000 0.01330000
vn -0.00000000 -1.00000000 -0.00000000
vn -0.49840000 -0.86600000 -0.03990000
vn -0.00010000 -1.00000000 -0.00000000
vn -0.49130000 -0.86600000 -0.09260000
vn -0.00000000 -1.00000000 -0.00000000
vn -0.00010000 -1.00000000 -0.00010000
vn -0.47870000 -0.86600000 -0.14440000
vn -0.00010000 -1.00000000 -0.00000000
vn -0.46060000 -0.86600000 -0.19440000
vn 0.00010000 -1.00000000 0.00010000
vn -0.43740000 -0.86600000 -0.24230000
vn -0.00000000 -1.00000000 -0.00000000
vn -0.40920000 -0.86600000 -0.28740000
vn 0.00010000 -1.00000000 -0.00000000
vn -0.37620000 -0.86610000 -0.32920000
vn -0.00010000 -1.00000000 -0.00000000
vn -0.33920000 -0.86600000 -0.36740000
vn 0.00010000 -1.00000000 0.00010000
vn -0.29820000 -0.86600000 -0.40130000
vn 0.00010000 -1.00000000 0.00020000
vn -0.25380000 -0.86600000 -0.43080000
vn 0.00010000 -1.00000000 0.00020000
vn -0.20660000 -0.86600000 -0.45530000
vn -0.00000000 -1.00000000 0.00010000
vn -0.15700000 -0.86600000 -0.47470000
vn -0.00000000 -1.00000000 0.00010000
vn -0.10570000 -0.86610000 -0.48860000
vn -0.00000000 -1.00000000 -0.00020000
vn -0.05310000 -0.86600000 -0.49720000
vn -0.00000000 -1.00000000 0.00010000
vn -0.00020000 -0.99990000 -0.01600000
vn -0.00000000 -1.00000000 0.00040000
vn -0.00000000 -1.00000000 0.00320000
vn -0.00000000 -1.00000000 -0.00260000
vn -0.00000000 -0.99960000 0.02890000
vn -0.00000000 -0.99960000 0.02890000
vn -0.22590000 0.00020000 0.97420000
vn -0.22790000 -0.49990000 0.83560000
vn -0.32910000 -0.00000000 0.94430000
vn -0.31540000 -0.50000000 0.80660000
vn -0.42840000 0.00010000 0.90360000
vn -0.39940000 -0.49990000 0.76850000
vn -0.47900000 -0.50000000 0.72150000
vn -0.55270000 -0.50000000 0.66670000
vn -0.52280000 -0.00010000 0.85240000
vn -0.61130000 -0.00000000 0.79140000
vn -0.69250000 -0.00010000 0.72140000
vn -0.62050000 -0.50000000 0.60420000
vn -0.76590000 -0.00000000 0.64300000
vn -0.68120000 -0.50000000 0.53480000
vn -0.83040000 -0.00000000 0.55710000
vn -0.73420000 -0.50000000 0.45940000
vn -0.88540000 0.00010000 0.46490000
vn -0.77890000 -0.49990000 0.37870000
vn -0.93010000 -0.00000000 0.36720000
vn -0.81470000 -0.50000000 0.29380000
vn -0.96420000 -0.00000000 0.26530000
vn -0.84130000 -0.50010000 0.20550000
vn -0.98700000 -0.00000000 0.16040000
vn -0.85840000 -0.50000000 0.11500000
vn -0.99860000 0.00010000 0.05370000
vn -0.86570000 -0.50000000 0.02300000
vn -0.99860000 0.00010000 -0.05370000
vn -0.86330000 -0.50000000 -0.06910000
vn -0.98700000 -0.00000000 -0.16040000
vn -0.85100000 -0.50000000 -0.16050000
vn -0.96410000 -0.00010000 -0.26540000
vn -0.82920000 -0.49990000 -0.25000000
vn -0.93010000 -0.00000000 -0.36720000
vn -0.79790000 -0.50000000 -0.33680000
vn -0.88540000 -0.00000000 -0.46480000
vn -0.75760000 -0.49990000 -0.41960000
vn -0.83040000 -0.00010000 -0.55710000
vn -0.70870000 -0.50000000 -0.49780000
vn -0.76590000 0.00010000 -0.64300000
vn -0.65170000 -0.50000000 -0.57030000
vn -0.69250000 -0.00010000 -0.72140000
vn -0.58740000 -0.50000000 -0.63630000
vn -0.61130000 0.00010000 -0.79140000
vn -0.51650000 -0.49990000 -0.69520000
vn -0.52280000 -0.00000000 -0.85240000
vn -0.43970000 -0.49990000 -0.74620000
vn -0.42840000 0.00010000 -0.90360000
vn -0.35790000 -0.49990000 -0.78870000
vn -0.32900000 0.00010000 -0.94430000
vn -0.27200000 -0.49990000 -0.82230000
vn -0.22590000 -0.00000000 -0.97410000
vn -0.18310000 -0.50000000 -0.84640000
vn -0.12010000 -0.00000000 -0.99280000
vn -0.09200000 -0.50000000 -0.86110000
vn -0.00660000 -0.86050000 -0.50930000
vn -0.01300000 -0.00020000 -0.99990000
vn -0.01130000 -0.49530000 -0.86860000
vn -0.00000000 -1.00000000 -0.00030000
vn -0.00000000 -1.00000000 -0.00020000
vn -0.00000000 -1.00000000 0.00590000
vn -0.00000000 -1.00000000 0.00600000
f 1//1 2//2 3//3
f 3//3 2//2 4//4
f 3//3 4//4 5//5
f 3//3 5//5 6//6
f 6//6 5//5 7//7
f 6//6 7//7 8//8
f 8//8 7//7 9//9
f 8//8 9//9 10//10
f 10//10 9//9 11//11
f 10//10 11//11 12//12
f 12//12 11//11 13//13
f 12//12 13//13 14//14
f 14//14 13//13 15//15
f 14//14 15//15 16//16
f 16//16 15//15 17//17
f 16//16 17//17 18//18
f 18//18 17//17 19//19
f 18//18 19//19 20//20
f 20//20 19//19 21//21
f 20//20 21//21 22//22
f 22//22 21//21 23//23
f 22//22 23//23 24//24
f 24//24 23//23 25//25
f 24//24 25//25 26//26
f 26//26 25//25 27//27
f 26//26 27//27 28//28
f 28//28 27//27 29//29
f 28//28 29//29 30//30
f 30//30 29//29 31//31
f 30//30 31//31 32//32
f 32//32 31//31 33//33
f 32//32 33//33 34//34
f 34//34 33//33 35//35
f 34//34 35//35 36//36
f 37//37 38//38 3//3
f 3//3 38//38 39//39
f 3//3 39//39 40//40
f 38//38 37//37 41//41
f 41//41 37//37 42//42
f 41//41 42//42 43//43
f 43//43 42//42 44//44
f 43//43 44//44 45//45
f 45//45 44//44 46//46
f 45//45 46//46 47//47
f 47//47 46//46 48//48
f 47//47 48//48 49//49
f 49//49 48//48 50//50
f 49//49 50//50 51//51
f 51//51 50//50 52//52
f 51//51 52//52 53//53
f 53//53 52//52 54//54
f 53//53 54//54 55//55
f 55//55 54//54 56//56
f 55//55 56//56 57//57
f 57//57 56//56 58//58
f 57//57 58//58 59//59
f 59//59 58//58 60//60
f 59//59 60//60 61//61
f 61//61 60//60 62//62
f 61//61 62//62 63//63
f 63//63 62//62 64//64
f 63//63 64//64 65//65
f 65//65 64//64 66//66
f 65//65 66//66 67//67
f 67//67 66//66 68//68
f 67//67 68//68 69//69
f 69//69 68//68 70//70
f 40//40 1//1 3//3
f 71//71 72//72 73//73
f 73//73 72//72 74//74
f 73//73 74//74 75//75
f 75//75 74//74 76//76
f 75//75 76//76 77//77
f 77//77 76//76 78//78
f 77//77 78//78 79//79
f 79//79 78//78 80//80
f 79//79 80//80 81//81
f 81//81 80//80 82//82
f 81//81 82//82 83//83
f 83//83 82//82 84//84
f 83//83 84//84 85//85
f 85//85 84//84 86//86
f 85//85 86//86 87//87
f 87//87 86//86 88//88
f 87//87 88//88 89//89
f 89//89 88//88 90//90
f 89//89 90//90 91//91
f 91//91 90//90 92//92
f 91//91 92//92 93//93
f 93//93 92//92 94//94
f 93//93 94//94 95//95
f 95//95 94//94 96//96
f 96//96 94//94 97//97
f 96//96 97//97 98//98
f 98//98 97//97 99//99
f 98//98 99//99 100//100
f 100//100 99//99 101//101
f 100//100 101//101 102//102
f 102//102 101//101 103//103
f 102//102 103//103 104//104
f 104//104 103//103 105//105
f 104//104 105//105 106//106
f 103//103 107//107 105//105
f 105//105 107//107 108//108
f 108//108 107//107 109//109
f 108//108 109//109 110//110
f 110//110 109//109 111//111
f 110//110 111//111 112//112
f 112//112 111//111 113//113
f 112//112 113//113 114//114
f 114//114 113//113 115//115
f 114//114 115//115 116//116
f 116//116 115//115 117//117
f 116//116 117//117 118//118
f 118//118 117//117 119//119
f 118//118 119//119 120//120
f 120//120 119//119 121//121
f 120//120 121//121 122//122
f 122//122 121//121 123//123
f 122//122 123//123 124//124
f 124//124 123//123 125//125
f 124//124 125//125 126//126
f 126//126 125//125 127//127
f 126//126 127//127 128//128
f 128//128 127//127 129//129
f 128//128 129//129 130//130
f 130//130 129//129 131//131
f 130//130 131//131 132//132
f 132//132 131//131 133//133
f 132//132 133//133 134//134
f 106//106 135//135 104//104
f 104//104 135//135 136//136
f 137//137 138//138 139//139
f 139//139 138//138 140//140
f 139//139 140//140 141//141
f 139//139 141//141 142//142
f 142//142 141//141 143//143
f 142//142 143//143 144//144
f 144//144 145//145 142//142
f 142//142 145//145 146//146
f 142//142 146//146 147//147
f 147//147 148//148 142//142
f 142//142 148//148 149//149
f 142//142 149//149 150//150
f 150//150 151//151 142//142
f 142//142 151//151 152//152
f 142//142 152//152 153//153
f 153//153 154//154 142//142
f 142//142 154//154 155//155
f 142//142 155//155 156//156
f 157//157 158//158 142//142
f 142//142 158//158 159//159
f 142//142 159//159 160//160
f 161//161 162//162 157//157
f 157//157 162//162 163//163
f 157//157 163//163 164//164
f 164//164 165//165 157//157
f 157//157 165//165 166//166
f 157//157 166//166 167//167
f 167//167 168//168 157//157
f 157//157 168//168 169//169
f 157//157 169//169 170//170
f 170//170 171//171 157//157
f 157//157 171//171 172//172
f 157//157 172//172 173//173
f 173//173 174//174 157//157
f 157//157 174//174 175//175
f 157//157 175//175 158//158
f 160//160 176//176 142//142
f 142//142 176//176 139//139
f 176//176 177//177 139//139
f 178//178 179//179 139//139
f 139//139 179//179 180//180
f 139//139 180//180 137//137
f 181//181 182//182 178//178
f 178//178 182//182 183//183
f 178//178 183//183 179//179
f 182//182 181//181 184//184
f 184//184 181//181 185//185
f 184//184 185//185 186//186
f 187//187 188//188 186//186
f 186//186 188//188 189//189
f 186//186 189//189 190//190
f 187//187 191//191 188//188
f 188//188 191//191 192//192
f 188//188 192//192 193//193
f 193//193 194//194 188//188
f 188//188 194//194 195//195
f 188//188 195//195 196//196
f 196//196 197//197 188//188
f 188//188 197//197 198//198
f 188//188 198//198 199//199
f 199//199 200//200 188//188
f 188//188 200//200 201//201
f 188//188 201//201 202//202
f 202//202 203//203 188//188
f 188//188 203//203 204//204
f 190//190 205//205 186//186
f 186//186 205//205 206//206
f 186//186 206//206 207//207
f 207//207 208//208 186//186
f 186//186 208//208 209//209
f 186//186 209//209 210//210
f 210//210 211//211 186//186
f 186//186 211//211 212//212
f 186//186 212//212 213//213
f 213//213 184//184 186//186
f 214//214 215//215 216//216
f 216//216 215//215 217//217
f 216//216 217//217 218//218
f 218//218 217//217 219//219
f 218//218 219//219 220//220
f 220//220 219//219 221//221
f 220//220 221//221 222//222
f 222//222 221//221 223//223
f 222//222 223//223 224//224
f 224//224 223//223 225//225
f 224//224 225//225 226//226
f 226//226 225//225 227//227
f 226//226 227//227 228//228
f 228//228 227//227 229//229
f 228//228 229//229 230//230
f 230//230 229//229 231//231
f 230//230 231//231 232//232
f 232//232 231//231 233//233
f 232//232 233//233 234//234
f 234//234 233//233 235//235
f 234//234 235//235 236//236
f 236//236 235//235 237//237
f 236//236 237//237 238//238
f 238//238 237//237 239//239
f 238//238 239//239 240//240
f 217//217 241//241 219//219
f 219//219 241//241 242//242
f 219//219 242//242 243//243
f 243//243 242//242 244//244
f 243//243 244//244 245//245
f 243//243 245//245 246//246
f 246//246 245//245 247//247
f 246//246 247//247 248//248
f 246//246 248//248 249//249
f 249//249 248//248 250//250
f 249//249 250//250 251//251
f 251//251 250//250 252//252
f 251//251 252//252 253//253
f 254//254 255//255 253//253
f 253//253 255//255 256//256
f 253//253 256//256 251//251
f 251//251 256//256 257//257
f 251//251 257//257 249//249
f 249//249 257//257 258//258
f 249//249 258//258 259//259
f 259//259 258//258 223//223
f 259//259 223//223 221//221
f 255//255 254//254 260//260
f 260//260 254//254 261//261
f 260//260 261//261 262//262
f 262//262 261//261 263//263
f 262//262 263//263 264//264
f 264//264 263//263 265//265
f 264//264 265//265 266//266
f 261//261 265//265 263//263
f 264//264 266//266 267//267
f 267//267 266//266 268//268
f 267//267 268//268 269//269
f 269//269 268//268 270//270
f 269//269 270//270 271//271
f 271//271 270//270 272//272
f 271//271 272//272 273//273
f 273//273 272//272 274//274
f 273//273 274//274 275//275
f 275//275 274//274 276//276
f 275//275 276//276 237//237
f 237//237 276//276 277//277
f 237//237 277//277 239//239
f 238//238 240//240 278//278
f 278//278 240//240 279//279
f 278//278 279//279 280//280
f 278//278 280//280 281//281
f 281//281 280//280 282//282
f 281//281 282//282 283//283
f 283//283 282//282 284//284
f 283//283 284//284 285//285
f 285//285 284//284 286//286
f 285//285 286//286 287//287
f 285//285 287//287 288//288
f 288//288 287//287 289//289
f 288//288 289//289 290//290
f 290//290 289//289 291//291
f 290//290 291//291 292//292
f 292//292 291//291 293//293
f 292//292 293//293 294//294
f 294//294 293//293 295//295
f 294//294 295//295 296//296
f 296//296 297//297 294//294
f 294//294 297//297 298//298
f 294//294 298//298 299//299
f 299//299 298//298 300//300
f 299//299 300//300 301//301
f 301//301 300//300 302//302
f 301//301 302//302 303//303
f 303//303 302//302 304//304
f 303//303 304//304 305//305
f 305//305 304//304 306//306
f 305//305 306//306 307//307
f 307//307 306//306 308//308
f 307//307 308//308 309//309
f 309//309 308//308 310//310
f 309//309 310//310 311//311
f 311//311 310//310 312//312
f 311//311 312//312 313//313
f 313//313 312//312 314//314
f 313//313 314//314 315//315
f 315//315 314//314 316//316
f 315//315 316//316 317//317
f 317//317 316//316 318//318
f 317//317 318//318 319//319
f 319//319 318//318 320//320
f 319//319 320//320 321//321
f 298//298 297//297 322//322
f 322//322 297//297 323//323
f 322//322 323//323 324//324
f 324//324 323//323 325//325
f 324//324 325//325 326//326
f 326//326 325//325 327//327
f 326//326 327//327 328//328
f 328//328 327//327 329//329
f 328//328 329//329 330//330
f 330//330 329//329 331//331
f 330//330 331//331 332//332
f 332//332 331//331 333//333
f 332//332 333//333 334//334
f 334//334 333//333 335//335
f 334//334 335//335 336//336
f 336//336 335//335 337//337
f 336//336 337//337 338//338
f 338//338 337//337 339//339
f 338//338 339//339 340//340
f 340//340 339//339 341//341
f 340//340 341//341 342//342
f 343//343 329//329 323//323
f 323//323 329//329 327//327
f 323//323 327//327 325//325
f 344//344 345//345 343//343
f 343//343 345//345 346//346
f 343//343 346//346 347//347
f 347//347 346//346 348//348
f 347//347 348//348 349//349
f 349//349 348//348 350//350
f 349//349 350//350 337//337
f 337//337 350//350 339//339
f 345//345 351//351 346//346
f 346//346 351//351 352//352
f 346//346 352//352 353//353
f 346//346 353//353 348//348
f 348//348 353//353 354//354
f 348//348 354//354 355//355
f 355//355 356//356 348//348
f 348//348 356//356 350//350
f 356//356 357//357 350//350
f 350//350 357//357 358//358
f 350//350 358//358 359//359
f 359//359 360//360 350//350
f 350//350 360//360 361//361
f 350//350 361//361 339//339
f 339//339 361//361 362//362
f 339//339 362//362 363//363
f 363//363 341//341 339//339
f 342//342 364//364 340//340
f 340//340 364//364 365//365
f 340//340 365//365 366//366
f 366//366 367//367 340//340
f 340//340 367//367 368//368
f 340//340 368//368 369//369
f 369//369 368//368 316//316
f 369//369 316//316 314//314
f 367//367 370//370 368//368
f 368//368 370//370 371//371
f 368//368 371//371 372//372
f 368//368 372//372 318//318
f 318//318 372//372 373//373
f 318//318 373//373 374//374
f 374//374 320//320 318//318
f 321//321 375//375 319//319
f 319//319 375//375 376//376
f 319//319 376//376 377//377
f 377//377 378//378 319//319
f 319//319 378//378 379//379
f 319//319 379//379 380//380
f 380//380 379//379 381//381
f 380//380 381//381 382//382
f 382//382 381//381 383//383
f 382//382 383//383 384//384
f 384//384 383//383 385//385
f 384//384 385//385 386//386
f 386//386 385//385 387//387
f 386//386 387//387 388//388
f 388//388 387//387 389//389
f 388//388 389//389 390//390
f 390//390 389//389 391//391
f 390//390 391//391 392//392
f 392//392 391//391 393//393
f 392//392 393//393 394//394
f 394//394 393//393 232//232
f 394//394 232//232 234//234
f 378//378 395//395 379//379
f 379//379 395//395 396//396
f 379//379 396//396 397//397
f 397//397 398//398 379//379
f 379//379 398//398 399//399
f 379//379 399//399 400//400
f 400//400 399//399 401//401
f 400//400 401//401 402//402
f 402//402 403//403 400//400
f 400//400 403//403 404//404
f 400//400 404//404 405//405
f 405//405 404//404 406//406
f 405//405 406//406 407//407
f 407//407 408//408 405//405
f 405//405 408//408 409//409
f 405//405 409//409 410//410
f 410//410 409//409 411//411
f 410//410 411//411 412//412
f 412//412 413//413 410//410
f 410//410 413//413 414//414
f 410//410 414//414 415//415
f 415//415 414//414 416//416
f 415//415 416//416 417//417
f 417//417 416//416 418//418
f 417//417 418//418 419//419
f 419//419 418//418 420//420
f 419//419 420//420 421//421
f 421//421 420//420 422//422
f 421//421 422//422 423//423
f 423//423 422//422 226//226
f 423//423 226//226 228//228
f 413//413 424//424 414//414
f 414//414 424//424 425//425
f 414//414 425//425 426//426
f 414//414 426//426 427//427
f 427//427 426//426 428//428
f 427//427 428//428 429//429
f 429//429 430//430 427//427
f 427//427 430//430 431//431
f 427//427 431//431 432//432
f 427//427 432//432 433//433
f 433//433 432//432 434//434
f 433//433 434//434 435//435
f 433//433 435//435 436//436
f 436//436 435//435 214//214
f 436//436 214//214 216//216
f 333//333 343//343 437//437
f 437//437 343//343 347//347
f 437//437 347//347 349//349
f 436//436 216//216 438//438
f 438//438 216//216 218//218
f 438//438 218//218 220//220
f 433//433 436//436 439//439
f 439//439 436//436 438//438
f 439//439 438//438 440//440
f 440//440 438//438 220//220
f 440//440 220//220 222//222
f 416//416 414//414 427//427
f 427//427 433//433 441//441
f 441//441 433//433 439//439
f 441//441 439//439 442//442
f 442//442 439//439 440//440
f 442//442 440//440 443//443
f 443//443 440//440 222//222
f 443//443 222//222 224//224
f 405//405 410//410 444//444
f 444//444 410//410 415//415
f 444//444 415//415 445//445
f 445//445 415//415 417//417
f 445//445 417//417 446//446
f 446//446 417//417 419//419
f 446//446 419//419 447//447
f 447//447 419//419 421//421
f 447//447 421//421 448//448
f 448//448 421//421 423//423
f 448//448 423//423 449//449
f 449//449 423//423 228//228
f 449//449 228//228 230//230
f 381//381 379//379 400//400
f 400//400 405//405 450//450
f 450//450 405//405 444//444
f 450//450 444//444 451//451
f 451//451 444//444 445//445
f 451//451 445//445 452//452
f 452//452 445//445 446//446
f 452//452 446//446 453//453
f 453//453 446//446 447//447
f 453//453 447//447 454//454
f 454//454 447//447 448//448
f 454//454 448//448 449//449
f 317//317 319//319 380//380
f 316//316 368//368 318//318
f 338//338 340//340 369//369
f 442//442 418//418 441//441
f 441//441 418//418 416//416
f 441//441 416//416 427//427
f 418//418 442//442 420//420
f 420//420 442//442 443//443
f 420//420 443//443 422//422
f 422//422 443//443 224//224
f 422//422 224//224 226//226
f 451//451 383//383 450//450
f 450//450 383//383 381//381
f 450//450 381//381 400//400
f 383//383 451//451 385//385
f 385//385 451//451 452//452
f 385//385 452//452 387//387
f 387//387 452//452 453//453
f 387//387 453//453 389//389
f 389//389 453//453 454//454
f 389//389 454//454 391//391
f 391//391 454//454 449//449
f 391//391 449//449 393//393
f 393//393 449//449 230//230
f 393//393 230//230 232//232
f 317//317 380//380 455//455
f 455//455 380//380 382//382
f 455//455 382//382 456//456
f 456//456 382//382 384//384
f 456//456 384//384 386//386
f 317//317 455//455 315//315
f 315//315 455//455 457//457
f 315//315 457//457 313//313
f 313//313 457//457 458//458
f 313//313 458//458 311//311
f 311//311 458//458 459//459
f 311//311 459//459 309//309
f 309//309 459//459 460//460
f 309//309 460//460 307//307
f 307//307 460//460 461//461
f 307//307 461//461 305//305
f 305//305 461//461 462//462
f 305//305 462//462 303//303
f 303//303 462//462 463//463
f 303//303 463//463 301//301
f 301//301 463//463 464//464
f 301//301 464//464 299//299
f 299//299 464//464 292//292
f 299//299 292//292 294//294
f 457//457 455//455 456//456
f 338//338 369//369 465//465
f 465//465 369//369 314//314
f 465//465 314//314 312//312
f 338//338 465//465 336//336
f 336//336 465//465 466//466
f 336//336 466//466 334//334
f 334//334 466//466 467//467
f 334//334 467//467 332//332
f 332//332 467//467 468//468
f 332//332 468//468 330//330
f 330//330 468//468 469//469
f 330//330 469//469 328//328
f 328//328 469//469 470//470
f 328//328 470//470 326//326
f 326//326 470//470 471//471
f 326//326 471//471 324//324
f 324//324 471//471 322//322
f 466//466 465//465 312//312
f 349//349 337//337 335//335
f 333//333 437//437 335//335
f 335//335 437//437 349//349
f 329//329 343//343 331//331
f 331//331 343//343 333//333
f 259//259 221//221 243//243
f 243//243 221//221 219//219
f 259//259 243//243 246//246
f 457//457 456//456 472//472
f 472//472 456//456 386//386
f 472//472 386//386 473//473
f 473//473 386//386 388//388
f 473//473 388//388 474//474
f 474//474 388//388 390//390
f 474//474 390//390 475//475
f 475//475 390//390 392//392
f 475//475 392//392 476//476
f 476//476 392//392 394//394
f 476//476 394//394 477//477
f 477//477 394//394 234//234
f 477//477 234//234 236//236
f 467//467 466//466 310//310
f 310//310 466//466 312//312
f 249//249 259//259 246//246
f 225//225 223//223 258//258
f 457//457 472//472 458//458
f 458//458 472//472 478//478
f 458//458 478//478 459//459
f 459//459 478//478 479//479
f 459//459 479//479 460//460
f 460//460 479//479 480//480
f 460//460 480//480 461//461
f 461//461 480//480 481//481
f 461//461 481//481 462//462
f 462//462 481//481 482//482
f 462//462 482//482 463//463
f 463//463 482//482 483//483
f 463//463 483//483 464//464
f 464//464 483//483 290//290
f 464//464 290//290 292//292
f 478//478 472//472 473//473
f 468//468 467//467 308//308
f 308//308 467//467 310//310
f 225//225 258//258 484//484
f 484//484 258//258 257//257
f 484//484 257//257 485//485
f 485//485 257//257 256//256
f 485//485 256//256 486//486
f 486//486 256//256 255//255
f 486//486 255//255 487//487
f 487//487 255//255 260//260
f 487//487 260//260 488//488
f 488//488 260//260 262//262
f 488//488 262//262 264//264
f 478//478 473//473 489//489
f 489//489 473//473 474//474
f 489//489 474//474 490//490
f 490//490 474//474 475//475
f 490//490 475//475 491//491
f 491//491 475//475 476//476
f 491//491 476//476 492//492
f 492//492 476//476 477//477
f 492//492 477//477 493//493
f 493//493 477//477 236//236
f 493//493 236//236 238//238
f 469//469 468//468 306//306
f 306//306 468//468 308//308
f 225//225 484//484 227//227
f 227//227 484//484 494//494
f 227//227 494//494 229//229
f 229//229 494//494 495//495
f 229//229 495//495 231//231
f 231//231 495//495 496//496
f 231//231 496//496 233//233
f 233//233 496//496 497//497
f 233//233 497//497 235//235
f 235//235 497//497 275//275
f 235//235 275//275 237//237
f 494//494 484//484 485//485
f 478//478 489//489 479//479
f 479//479 489//489 498//498
f 479//479 498//498 480//480
f 480//480 498//498 499//499
f 480//480 499//499 481//481
f 481//481 499//499 500//500
f 481//481 500//500 482//482
f 482//482 500//500 501//501
f 482//482 501//501 483//483
f 483//483 501//501 288//288
f 483//483 288//288 290//290
f 498//498 489//489 490//490
f 470//470 469//469 304//304
f 304//304 469//469 306//306
f 494//494 485//485 502//502
f 502//502 485//485 486//486
f 502//502 486//486 503//503
f 503//503 486//486 487//487
f 503//503 487//487 504//504
f 504//504 487//487 488//488
f 504//504 488//488 267//267
f 267//267 488//488 264//264
f 498//498 490//490 505//505
f 505//505 490//490 491//491
f 505//505 491//491 506//506
f 506//506 491//491 492//492
f 506//506 492//492 507//507
f 507//507 492//492 493//493
f 507//507 493//493 278//278
f 278//278 493//493 238//238
f 471//471 470//470 302//302
f 302//302 470//470 304//304
f 494//494 502//502 495//495
f 495//495 502//502 508//508
f 495//495 508//508 496//496
f 496//496 508//508 509//509
f 496//496 509//509 497//497
f 497//497 509//509 273//273
f 497//497 273//273 275//275
f 508//508 502//502 503//503
f 498//498 505//505 499//499
f 499//499 505//505 510//510
f 499//499 510//510 500//500
f 500//500 510//510 511//511
f 500//500 511//511 501//501
f 501//501 511//511 285//285
f 501//501 285//285 288//288
f 510//510 505//505 506//506
f 322//322 471//471 300//300
f 300//300 471//471 302//302
f 508//508 503//503 512//512
f 512//512 503//503 504//504
f 512//512 504//504 269//269
f 269//269 504//504 267//267
f 510//510 506//506 513//513
f 513//513 506//506 507//507
f 513//513 507//507 281//281
f 281//281 507//507 278//278
f 298//298 322//322 300//300
f 513//513 281//281 283//283
f 513//513 283//283 511//511
f 511//511 283//283 285//285
f 512//512 269//269 271//271
f 512//512 271//271 509//509
f 509//509 271//271 273//273
f 512//512 509//509 508//508
f 513//513 511//511 510//510
f 514//514 515//515 516//516
f 516//516 515//515 517//517
f 516//516 517//517 518//518
f 518//518 517//517 519//519
f 518//518 519//519 520//520
f 520//520 519//519 521//521
f 520//520 521//521 522//522
f 522//522 521//521 523//523
f 522//522 523//523 524//524
f 524//524 523//523 525//525
f 524//524 525//525 526//526
f 526//526 525//525 527//527
f 526//526 527//527 528//528
f 528//528 527//527 529//529
f 528//528 529//529 530//530
f 530//530 529//529 531//531
f 530//530 531//531 532//532
f 532//532 531//531 533//533
f 532//532 533//533 534//534
f 534//534 533//533 535//535
f 534//534 535//535 536//536
f 536//536 535//535 537//537
f 536//536 537//537 538//538
f 538//538 537//537 539//539
f 538//538 539//539 540//540
f 519//519 517//517 541//541
f 541//541 517//517 542//542
f 541//541 542//542 543//543
f 543//543 542//542 544//544
f 543//543 544//544 545//545
f 545//545 544//544 546//546
f 545//545 546//546 547//547
f 547//547 546//546 548//548
f 547//547 548//548 549//549
f 549//549 548//548 550//550
f 549//549 550//550 551//551
f 551//551 550//550 552//552
f 551//551 552//552 553//553
f 553//553 552//552 554//554
f 553//553 554//554 555//555
f 555//555 554//554 556//556
f 555//555 556//556 557//557
f 557//557 556//556 558//558
f 557//557 558//558 559//559
f 560//560 561//561 542//542
f 542//542 561//561 562//562
f 542//542 562//562 563//563
f 563//563 562//562 564//564
f 563//563 564//564 546//546
f 546//546 564//564 548//548
f 565//565 566//566 560//560
f 560//560 566//566 567//567
f 560//560 567//567 568//568
f 568//568 567//567 569//569
f 568//568 569//569 570//570
f 570//570 569//569 571//571
f 570//570 571//571 572//572
f 572//572 571//571 573//573
f 572//572 573//573 574//574
f 574//574 573//573 575//575
f 574//574 575//575 552//552
f 552//552 575//575 554//554
f 565//565 576//576 566//566
f 566//566 576//576 577//577
f 566//566 577//577 569//569
f 569//569 577//577 571//571
f 576//576 578//578 577//577
f 577//577 578//578 579//579
f 577//577 579//579 571//571
f 571//571 579//579 573//573
f 578//578 580//580 579//579
f 579//579 580//580 581//581
f 579//579 581//581 573//573
f 573//573 581//581 575//575
f 580//580 582//582 581//581
f 581//581 582//582 583//583
f 581//581 583//583 584//584
f 584//584 583//583 585//585
f 584//584 585//585 556//556
f 556//556 585//585 558//558
f 557//557 559//559 586//586
f 586//586 559//559 587//587
f 586//586 587//587 537//537
f 537//537 587//587 539//539
f 538//538 540//540 588//588
f 588//588 540//540 589//589
f 588//588 589//589 590//590
f 590//590 589//589 591//591
f 590//590 591//591 592//592
f 590//590 592//592 593//593
f 593//593 592//592 594//594
f 593//593 594//594 595//595
f 595//595 594//594 596//596
f 595//595 596//596 597//597
f 597//597 596//596 598//598
f 597//597 598//598 599//599
f 597//597 599//599 600//600
f 600//600 599//599 601//601
f 600//600 601//601 602//602
f 602//602 601//601 603//603
f 602//602 603//603 604//604
f 604//604 605//605 602//602
f 602//602 605//605 606//606
f 602//602 606//606 600//600
f 600//600 606//606 607//607
f 600//600 607//607 597//597
f 597//597 607//607 608//608
f 597//597 608//608 595//595
f 595//595 608//608 609//609
f 595//595 609//609 593//593
f 593//593 609//609 610//610
f 593//593 610//610 590//590
f 590//590 610//610 611//611
f 590//590 611//611 588//588
f 588//588 611//611 612//612
f 588//588 612//612 538//538
f 538//538 612//612 536//536
f 605//605 613//613 606//606
f 606//606 613//613 614//614
f 606//606 614//614 615//615
f 615//615 616//616 606//606
f 606//606 616//616 617//617
f 606//606 617//617 618//618
f 618//618 617//617 619//619
f 618//618 619//619 620//620
f 618//618 620//620 621//621
f 621//621 620//620 622//622
f 621//621 622//622 623//623
f 623//623 622//622 624//624
f 623//623 624//624 625//625
f 625//625 624//624 626//626
f 625//625 626//626 627//627
f 627//627 626//626 628//628
f 627//627 628//628 629//629
f 630//630 631//631 629//629
f 629//629 631//631 632//632
f 629//629 632//632 627//627
f 627//627 632//632 633//633
f 627//627 633//633 634//634
f 634//634 633//633 635//635
f 634//634 635//635 636//636
f 636//636 635//635 637//637
f 636//636 637//637 638//638
f 638//638 637//637 639//639
f 638//638 639//639 640//640
f 640//640 639//639 641//641
f 640//640 641//641 642//642
f 642//642 641//641 643//643
f 642//642 643//643 644//644
f 644//644 643//643 645//645
f 644//644 645//645 646//646
f 646//646 645//645 647//647
f 646//646 647//647 648//648
f 648//648 647//647 649//649
f 648//648 649//649 650//650
f 650//650 649//649 651//651
f 650//650 651//651 652//652
f 652//652 651//651 653//653
f 652//652 653//653 654//654
f 654//654 653//653 655//655
f 654//654 655//655 526//526
f 526//526 655//655 524//524
f 656//656 657//657 630//630
f 630//630 657//657 658//658
f 630//630 658//658 631//631
f 631//631 658//658 659//659
f 631//631 659//659 660//660
f 660//660 659//659 661//661
f 660//660 661//661 662//662
f 662//662 661//661 663//663
f 662//662 663//663 664//664
f 664//664 663//663 665//665
f 664//664 665//665 666//666
f 666//666 665//665 667//667
f 666//666 667//667 668//668
f 668//668 667//667 669//669
f 668//668 669//669 670//670
f 670//670 669//669 671//671
f 670//670 671//671 672//672
f 672//672 671//671 673//673
f 672//672 673//673 674//674
f 674//674 673//673 675//675
f 674//674 675//675 676//676
f 676//676 675//675 677//677
f 676//676 677//677 678//678
f 678//678 677//677 679//679
f 678//678 679//679 680//680
f 680//680 679//679 681//681
f 680//680 681//681 682//682
f 682//682 681//681 683//683
f 682//682 683//683 684//684
f 684//684 683//683 685//685
f 684//684 685//685 522//522
f 522//522 685//685 520//520
f 657//657 656//656 686//686
f 686//686 656//656 687//687
f 686//686 687//687 688//688
f 688//688 687//687 689//689
f 686//686 688//688 690//690
f 690//690 688//688 691//691
f 690//690 691//691 692//692
f 692//692 691//691 693//693
f 692//692 693//693 694//694
f 694//694 693//693 695//695
f 694//694 695//695 696//696
f 696//696 695//695 697//697
f 696//696 697//697 698//698
f 698//698 697//697 699//699
f 698//698 699//699 700//700
f 700//700 699//699 701//701
f 700//700 701//701 702//702
f 702//702 701//701 703//703
f 702//702 703//703 704//704
f 704//704 703//703 705//705
f 704//704 705//705 706//706
f 706//706 705//705 707//707
f 706//706 707//707 708//708
f 708//708 707//707 709//709
f 708//708 709//709 710//710
f 710//710 709//709 711//711
f 710//710 711//711 712//712
f 712//712 711//711 713//713
f 712//712 713//713 714//714
f 714//714 713//713 715//715
f 714//714 715//715 716//716
f 716//716 715//715 717//717
f 716//716 717//717 718//718
f 718//718 717//717 719//719
f 718//718 719//719 685//685
f 685//685 719//719 520//520
f 715//715 514//514 717//717
f 717//717 514//514 516//516
f 717//717 516//516 719//719
f 719//719 516//516 518//518
f 719//719 518//518 520//520
f 561//561 560//560 568//568
f 544//544 542//542 563//563
f 714//714 716//716 720//720
f 720//720 716//716 718//718
f 720//720 718//718 683//683
f 683//683 718//718 685//685
f 712//712 714//714 721//721
f 721//721 714//714 720//720
f 721//721 720//720 681//681
f 681//681 720//720 683//683
f 710//710 712//712 722//722
f 722//722 712//712 721//721
f 722//722 721//721 679//679
f 679//679 721//721 681//681
f 708//708 710//710 723//723
f 723//723 710//710 722//722
f 723//723 722//722 677//677
f 677//677 722//722 679//679
f 706//706 708//708 724//724
f 724//724 708//708 723//723
f 724//724 723//723 675//675
f 675//675 723//723 677//677
f 704//704 706//706 725//725
f 725//725 706//706 724//724
f 725//725 724//724 673//673
f 673//673 724//724 675//675
f 702//702 704//704 726//726
f 726//726 704//704 725//725
f 726//726 725//725 671//671
f 671//671 725//725 673//673
f 700//700 702//702 727//727
f 727//727 702//702 726//726
f 727//727 726//726 669//669
f 669//669 726//726 671//671
f 698//698 700//700 728//728
f 728//728 700//700 727//727
f 728//728 727//727 667//667
f 667//667 727//727 669//669
f 696//696 698//698 729//729
f 729//729 698//698 728//728
f 729//729 728//728 665//665
f 665//665 728//728 667//667
f 694//694 696//696 730//730
f 730//730 696//696 729//729
f 730//730 729//729 663//663
f 663//663 729//729 665//665
f 692//692 694//694 731//731
f 731//731 694//694 730//730
f 731//731 730//730 661//661
f 661//661 730//730 663//663
f 657//657 686//686 690//690
f 690//690 692//692 732//732
f 732//732 692//692 731//731
f 732//732 731//731 659//659
f 659//659 731//731 661//661
f 659//659 658//658 732//732
f 732//732 658//658 657//657
f 732//732 657//657 690//690
f 563//563 546//546 544//544
f 547//547 733//733 734//734
f 734//734 733//733 525//525
f 734//734 525//525 523//523
f 525//525 733//733 527//527
f 527//527 733//733 735//735
f 527//527 735//735 529//529
f 529//529 735//735 736//736
f 529//529 736//736 531//531
f 531//531 736//736 737//737
f 531//531 737//737 533//533
f 533//533 737//737 738//738
f 533//533 738//738 535//535
f 535//535 738//738 586//586
f 535//535 586//586 537//537
f 735//735 733//733 549//549
f 549//549 733//733 547//547
f 654//654 526//526 528//528
f 652//652 654//654 739//739
f 739//739 654//654 528//528
f 739//739 528//528 530//530
f 650//650 652//652 740//740
f 740//740 652//652 739//739
f 740//740 739//739 741//741
f 741//741 739//739 530//530
f 741//741 530//530 532//532
f 648//648 650//650 742//742
f 742//742 650//650 740//740
f 742//742 740//740 743//743
f 743//743 740//740 741//741
f 743//743 741//741 744//744
f 744//744 741//741 532//532
f 744//744 532//532 534//534
f 646//646 648//648 745//745
f 745//745 648//648 742//742
f 745//745 742//742 746//746
f 746//746 742//742 743//743
f 746//746 743//743 747//747
f 747//747 743//743 744//744
f 747//747 744//744 748//748
f 748//748 744//744 534//534
f 748//748 534//534 536//536
f 644//644 646//646 749//749
f 749//749 646//646 745//745
f 749//749 745//745 750//750
f 750//750 745//745 746//746
f 750//750 746//746 751//751
f 751//751 746//746 747//747
f 751//751 747//747 752//752
f 752//752 747//747 748//748
f 752//752 748//748 612//612
f 612//612 748//748 536//536
f 642//642 644//644 753//753
f 753//753 644//644 749//749
f 753//753 749//749 754//754
f 754//754 749//749 750//750
f 754//754 750//750 755//755
f 755//755 750//750 751//751
f 755//755 751//751 756//756
f 756//756 751//751 752//752
f 756//756 752//752 611//611
f 611//611 752//752 612//612
f 640//640 642//642 757//757
f 757//757 642//642 753//753
f 757//757 753//753 758//758
f 758//758 753//753 754//754
f 758//758 754//754 759//759
f 759//759 754//754 755//755
f 759//759 755//755 760//760
f 760//760 755//755 756//756
f 760//760 756//756 610//610
f 610//610 756//756 611//611
f 638//638 640//640 761//761
f 761//761 640//640 757//757
f 761//761 757//757 762//762
f 762//762 757//757 758//758
f 762//762 758//758 763//763
f 763//763 758//758 759//759
f 763//763 759//759 764//764
f 764//764 759//759 760//760
f 764//764 760//760 609//609
f 609//609 760//760 610//610
f 636//636 638//638 765//765
f 765//765 638//638 761//761
f 765//765 761//761 766//766
f 766//766 761//761 762//762
f 766//766 762//762 767//767
f 767//767 762//762 763//763
f 767//767 763//763 768//768
f 768//768 763//763 764//764
f 768//768 764//764 608//608
f 608//608 764//764 609//609
f 634//634 636//636 769//769
f 769//769 636//636 765//765
f 769//769 765//765 770//770
f 770//770 765//765 766//766
f 770//770 766//766 771//771
f 771//771 766//766 767//767
f 771//771 767//767 772//772
f 772//772 767//767 768//768
f 772//772 768//768 607//607
f 607//607 768//768 608//608
f 627//627 634//634 625//625
f 625//625 634//634 769//769
f 625//625 769//769 623//623
f 623//623 769//769 770//770
f 623//623 770//770 621//621
f 621//621 770//770 771//771
f 621//621 771//771 618//618
f 618//618 771//771 772//772
f 618//618 772//772 606//606
f 606//606 772//772 607//607
f 547//547 734//734 545//545
f 545//545 734//734 773//773
f 545//545 773//773 543//543
f 543//543 773//773 541//541
f 773//773 734//734 523//523
f 567//567 566//566 569//569
f 554//554 575//575 584//584
f 584//584 575//575 581//581
f 584//584 556//556 554//554
f 555//555 557//557 738//738
f 738//738 557//557 586//586
f 553//553 555//555 737//737
f 737//737 555//555 738//738
f 551//551 553//553 736//736
f 736//736 553//553 737//737
f 552//552 550//550 574//574
f 574//574 550//550 774//774
f 574//574 774//774 572//572
f 572//572 774//774 775//775
f 572//572 775//775 570//570
f 570//570 775//775 561//561
f 570//570 561//561 568//568
f 549//549 551//551 735//735
f 735//735 551//551 736//736
f 550//550 548//548 774//774
f 774//774 548//548 564//564
f 774//774 564//564 775//775
f 775//775 564//564 562//562
f 775//775 562//562 561//561
f 631//631 660//660 632//632
f 632//632 660//660 633//633
f 660//660 662//662 633//633
f 633//633 662//662 635//635
f 662//662 664//664 635//635
f 635//635 664//664 637//637
f 664//664 666//666 637//637
f 637//637 666//666 639//639
f 666//666 668//668 639//639
f 639//639 668//668 641//641
f 668//668 670//670 641//641
f 641//641 670//670 643//643
f 670//670 672//672 643//643
f 643//643 672//672 645//645
f 672//672 674//674 645//645
f 645//645 674//674 647//647
f 674//674 676//676 647//647
f 647//647 676//676 649//649
f 676//676 678//678 649//649
f 649//649 678//678 651//651
f 678//678 680//680 651//651
f 651//651 680//680 653//653
f 680//680 682//682 653//653
f 653//653 682//682 655//655
f 682//682 684//684 655//655
f 655//655 684//684 524//524
f 684//684 522//522 524//524
f 541//541 773//773 521//521
f 521//521 773//773 523//523
f 519//519 541//541 521//521
f 776//776 777//777 778//778
f 778//778 777//777 779//779
f 778//778 779//779 780//780
f 780//780 779//779 781//781
f 780//780 781//781 782//782
f 782//782 781//781 783//783
f 782//782 783//783 784//784
f 784//784 783//783 785//785
f 784//784 785//785 786//786
f 786//786 785//785 787//787
f 786//786 787//787 788//788
f 788//788 787//787 789//789
f 788//788 789//789 790//790
f 790//790 789//789 791//791
f 790//790 791//791 792//792
f 792//792 791//791 793//793
f 792//792 793//793 794//794
f 794//794 793//793 795//795
f 794//794 795//795 796//796
f 796//796 795//795 797//797
f 796//796 797//797 798//798
f 798//798 797//797 799//799
f 798//798 799//799 800//800
f 800//800 799//799 801//801
f 800//800 801//801 802//802
f 802//802 801//801 803//803
f 802//802 803//803 804//804
f 804//804 803//803 805//805
f 804//804 805//805 806//806
f 806//806 805//805 807//807
f 806//806 807//807 808//808
f 805//805 809//809 807//807
f 807//807 809//809 810//810
f 810//810 809//809 811//811
f 811//811 809//809 812//812
f 812//812 809//809 813//813
f 812//812 813//813 814//814
f 814//814 813//813 815//815
f 815//815 813//813 816//816
f 816//816 813//813 817//817
f 816//816 817//817 818//818
f 818//818 817//817 819//819
f 819//819 817//817 820//820
f 820//820 817//817 821//821
f 821//821 817//817 822//822
f 822//822 817//817 823//823
f 822//822 823//823 824//824
f 824//824 823//823 825//825
f 825//825 823//823 826//826
f 826//826 823//823 827//827
f 827//827 823//823 828//828
f 827//827 828//828 829//829
f 829//829 828//828 830//830
f 830//830 828//828 831//831
f 831//831 828//828 832//832
f 832//832 828//828 833//833
f 833//833 828//828 834//834
f 833//833 834//834 835//835
f 835//835 834//834 836//836
f 836//836 834//834 837//837
f 837//837 834//834 838//838
f 837//837 838//838 839//839
f 839//839 838//838 840//840
f 840//840 838//838 841//841
f 841//841 838//838 842//842
f 841//841 842//842 843//843
f 843//843 842//842 844//844
f 844//844 842//842 845//845
f 845//845 842//842 846//846
f 846//846 842//842 847//847
f 847//847 842//842 848//848
f 848//848 842//842 849//849
f 848//848 849//849 850//850
f 850//850 849//849 851//851
f 851//851 849//849 852//852
f 852//852 849//849 853//853
f 853//853 849//849 854//854
f 854//854 849//849 855//855
f 854//854 855//855 856//856
f 856//856 855//855 857//857
f 857//857 855//855 858//858
f 858//858 855//855 859//859
f 859//859 855//855 860//860
f 860//860 855//855 861//861
f 860//860 861//861 862//862
f 862//862 861//861 863//863
f 863//863 861//861 864//864
f 864//864 861//861 865//865
f 865//865 861//861 866//866
f 865//865 866//866 867//867
f 867//867 866//866 868//868
f 868//868 866//866 869//869
f 869//869 866//866 870//870
f 870//870 866//866 871//871
f 870//870 871//871 872//872
f 872//872 871//871 873//873
f 873//873 871//871 874//874
f 874//874 871//871 875//875
f 875//875 871//871 876//876
f 876//876 871//871 877//877
f 877//877 871//871 878//878
f 878//878 871//871 879//879
f 878//878 879//879 880//880
f 880//880 879//879 881//881
f 880//880 881//881 882//882
f 883//883 884//884 808//808
f 808//808 884//884 806//806
f 885//885 886//886 887//887
f 887//887 886//886 888//888
f 888//888 886//886 889//889
f 888//888 889//889 890//890
f 890//890 889//889 891//891
f 891//891 889//889 892//892
f 893//893 894//894 895//895
f 895//895 894//894 896//896
f 895//895 896//896 897//897
f 895//895 897//897 898//898
f 898//898 897//897 899//899
f 898//898 899//899 900//900
f 901//901 902//902 903//903
f 903//903 902//902 904//904
f 903//903 904//904 905//905
f 905//905 906//906 903//903
f 907//907 910//910 914//914
f 912//912 911//911 918//918
f 916//916 917//917 920//920
f 919//919 922//922 915//915
f 913//913 921//921 924//924
f 914//914 925//925 929//929
f 931//931 927//927 933//933
f 930//930 933//933 934//934
f 934//934 933//933 935//935
f 934//934 935//935 936//936
f 936//936 935//935 937//937
f 936//936 937//937 938//938
f 923//923 941//941 926//926
f 928//928 940//940 932//932
f 939//939 937//937 933//933
f 933//933 937//937 935//935
f 936//936 938//938 942//942
f 942//942 938//938 943//943
f 942//942 943//943 944//944
f 944//944 943//943 945//945
f 944//944 945//945 946//946
f 947//947 945//945 949//949
f 947//947 948//948 951//951
f 952//952 953//953 950//950
f 951//951 953//953 947//947
f 953//953 954//954 947//947
f 946//946 954//954 944//944
f 954//954 955//955 944//944
f 944//944 955//955 942//942
f 955//955 956//956 942//942
f 942//942 956//956 936//936
f 956//956 934//934 936//936
f 930//930 957//957 914//914
f 913//913 959//959 909//909
f 958//958 960//960 908//908
f 908//908 960//960 961//961
f 962//962 963//963 964//964
f 964//964 963//963 965//965
f 964//964 965//965 966//966
f 962//962 967//967 963//963
f 964//964 966//966 968//968
f 968//968 966//966 969//969
f 968//968 969//969 970//970
f 971//971 972//972 970//970
f 970//970 972//972 973//973
f 970//970 973//973 974//974
f 975//975 976//976 971//971
f 971//971 976//976 977//977
f 971//971 977//977 972//972
f 976//976 975//975 978//978
f 978//978 975//975 979//979
f 978//978 979//979 980//980
f 980//980 979//979 981//981
f 981//981 979//979 982//982
f 982//982 979//979 983//983
f 982//982 983//983 984//984
f 982//982 984//984 985//985
f 985//985 984//984 986//986
f 985//985 986//986 987//987
f 987//987 988//988 985//985
f 985//985 988//988 989//989
f 989//989 988//988 990//990
f 990//990 988//988 991//991
f 990//990 991//991 992//992
f 992//992 991//991 993//993
f 992//992 993//993 994//994
f 994//994 993//993 995//995
f 995//995 993//993 996//996
f 974//974 997//997 970//970
f 970//970 997//997 968//968
f 998//998 999//999 1002//1002
f 1002//1002 999//999 1004//1004
f 1001//1001 1003//1003 1005//1005
f 1007//1007 1008//1008 998//998
f 998//998 1008//1008 1009//1009
f 998//998 1009//1009 1010//1010
f 1011//1011 1012//1012 1007//1007
f 1007//1007 1012//1012 1013//1013
f 1007//1007 1013//1013 1008//1008
f 1012//1012 1011//1011 1014//1014
f 1014//1014 1011//1011 1015//1015
f 1014//1014 1015//1015 1016//1016
f 1016//1016 1015//1015 1017//1017
f 1016//1016 1017//1017 1018//1018
f 1018//1018 1017//1017 1019//1019
f 1019//1019 1017//1017 1020//1020
f 1020//1020 1017//1017 1021//1021
f 1020//1020 1021//1021 1022//1022
f 1022//1022 1021//1021 1023//1023
f 1022//1022 1023//1023 1024//1024
f 1024//1024 1023//1023 1025//1025
f 1010//1010 1026//1026 998//998
f 998//998 1026//1026 1027//1027
f 998//998 1027//1027 1028//1028
f 1028//1028 1029//1029 998//998
f 998//998 1029//1029 999//999
f 1006//1006 1030//1030 1000//1000
f 1002//1002 1031//1031 1032//1032
f 1033//1033 1034//1034 1035//1035
f 1035//1035 1034//1034 1036//1036
f 1035//1035 1036//1036 1037//1037
f 1037//1037 1036//1036 1038//1038
f 1037//1037 1038//1038 1039//1039
f 1037//1037 1039//1039 1040//1040
f 1040//1040 1039//1039 1041//1041
f 1040//1040 1041//1041 1042//1042
f 1042//1042 1041//1041 1043//1043
f 1042//1042 1043//1043 1044//1044
f 1042//1042 1044//1044 1045//1045
f 1045//1045 1044//1044 1046//1046
f 1045//1045 1046//1046 1047//1047
f 1047//1047 1046//1046 1048//1048
f 1047//1047 1048//1048 1049//1049
f 1047//1047 1049//1049 1050//1050
f 1050//1050 1049//1049 1051//1051
f 1050//1050 1051//1051 1052//1052
f 1052//1052 1051//1051 1053//1053
f 1052//1052 1053//1053 1054//1054
f 1054//1054 1053//1053 1055//1055
f 1054//1054 1055//1055 1056//1056
f 1056//1056 1055//1055 1057//1057
f 1056//1056 1057//1057 1058//1058
f 1059//1059 1060//1060 1058//1058
f 1058//1058 1060//1060 1061//1061
f 1058//1058 1061//1061 1056//1056
f 1056//1056 1061//1061 1062//1062
f 1056//1056 1062//1062 1063//1063
f 1063//1063 1062//1062 1064//1064
f 1063//1063 1064//1064 1065//1065
f 1065//1065 1064//1064 1066//1066
f 1065//1065 1066//1066 1067//1067
f 1060//1060 1059//1059 1068//1068
f 1068//1068 1059//1059 1069//1069
f 1068//1068 1069//1069 1070//1070
f 1070//1070 1069//1069 1071//1071
f 1070//1070 1071//1071 1072//1072
f 1072//1072 1071//1071 1073//1073
f 1072//1072 1073//1073 1074//1074
f 1074//1074 1073//1073 1075//1075
f 1074//1074 1075//1075 1076//1076
f 1076//1076 1075//1075 1077//1077
f 1076//1076 1077//1077 1078//1078
f 1078//1078 1077//1077 1079//1079
f 1078//1078 1079//1079 1080//1080
f 1080//1080 1079//1079 1081//1081
f 1080//1080 1081//1081 1082//1082
f 1082//1082 1081//1081 1083//1083
f 1082//1082 1083//1083 1084//1084
f 1084//1084 1083//1083 1085//1085
f 1085//1085 1083//1083 1086//1086
f 1085//1085 1086//1086 1087//1087
f 1087//1087 1086//1086 1088//1088
f 1087//1087 1088//1088 1089//1089
f 1089//1089 1088//1088 1090//1090
f 1090//1090 1088//1088 1091//1091
f 1090//1090 1091//1091 1092//1092
f 1092//1092 1091//1091 1075//1075
f 1092//1092 1075//1075 1073//1073
f 1080//1080 1093//1093 1078//1078
f 1078//1078 1093//1093 1094//1094
f 1078//1078 1094//1094 1076//1076
f 1076//1076 1094//1094 1095//1095
f 1076//1076 1095//1095 1074//1074
f 1074//1074 1095//1095 1072//1072
f 1093//1093 1096//1096 1094//1094
f 1094//1094 1096//1096 1097//1097
f 1094//1094 1097//1097 1095//1095
f 1095//1095 1097//1097 1098//1098
f 1095//1095 1098//1098 1072//1072
f 1072//1072 1098//1098 1070//1070
f 1096//1096 1099//1099 1097//1097
f 1097//1097 1099//1099 1100//1100
f 1097//1097 1100//1100 1098//1098
f 1098//1098 1100//1100 1101//1101
f 1098//1098 1101//1101 1070//1070
f 1070//1070 1101//1101 1068//1068
f 1100//1100 1099//1099 1102//1102
f 1102//1102 1099//1099 1103//1103
f 1102//1102 1103//1103 1104//1104
f 1104//1104 1103//1103 1105//1105
f 1104//1104 1105//1105 1106//1106
f 1106//1106 1105//1105 1107//1107
f 1106//1106 1107//1107 1108//1108
f 1106//1106 1108//1108 1064//1064
f 1064//1064 1108//1108 1066//1066
f 1065//1065 1067//1067 1109//1109
f 1109//1109 1067//1067 1110//1110
f 1109//1109 1110//1110 1111//1111
f 1111//1111 1110//1110 1112//1112
f 1111//1111 1112//1112 1113//1113
f 1111//1111 1113//1113 1114//1114
f 1114//1114 1113//1113 1115//1115
f 1114//1114 1115//1115 1116//1116
f 1116//1116 1115//1115 1117//1117
f 1116//1116 1117//1117 1118//1118
f 1116//1116 1118//1118 1119//1119
f 1119//1119 1118//1118 1120//1120
f 1119//1119 1120//1120 1121//1121
f 1119//1119 1121//1121 1122//1122
f 1122//1122 1121//1121 1123//1123
f 1122//1122 1123//1123 1124//1124
f 1124//1124 1123//1123 1125//1125
f 1124//1124 1125//1125 1126//1126
f 1123//1123 1127//1127 1125//1125
f 1128//1128 1129//1129 1126//1126
f 1126//1126 1129//1129 1130//1130
f 1126//1126 1130//1130 1131//1131
f 1131//1131 1132//1132 1126//1126
f 1126//1126 1132//1132 1124//1124
f 1124//1124 1132//1132 1133//1133
f 1133//1133 1132//1132 1134//1134
f 1133//1133 1134//1134 1035//1035
f 1035//1035 1134//1134 1033//1033
f 1077//1077 1075//1075 1091//1091
f 1091//1091 1088//1088 1135//1135
f 1135//1135 1088//1088 1086//1086
f 1135//1135 1086//1086 1081//1081
f 1081//1081 1086//1086 1083//1083
f 1060//1060 1068//1068 1136//1136
f 1136//1136 1068//1068 1101//1101
f 1136//1136 1101//1101 1102//1102
f 1102//1102 1101//1101 1100//1100
f 1061//1061 1060//1060 1137//1137
f 1137//1137 1060//1060 1136//1136
f 1137//1137 1136//1136 1104//1104
f 1104//1104 1136//1136 1102//1102
f 1056//1056 1063//1063 1054//1054
f 1054//1054 1063//1063 1138//1138
f 1054//1054 1138//1138 1052//1052
f 1052//1052 1138//1138 1139//1139
f 1052//1052 1139//1139 1050//1050
f 1050//1050 1139//1139 1140//1140
f 1050//1050 1140//1140 1047//1047
f 1047//1047 1140//1140 1141//1141
f 1047//1047 1141//1141 1045//1045
f 1045//1045 1141//1141 1142//1142
f 1045//1045 1142//1142 1042//1042
f 1042//1042 1142//1142 1143//1143
f 1042//1042 1143//1143 1040//1040
f 1040//1040 1143//1143 1144//1144
f 1040//1040 1144//1144 1037//1037
f 1037//1037 1144//1144 1133//1133
f 1037//1037 1133//1133 1035//1035
f 1079//1079 1077//1077 1135//1135
f 1135//1135 1077//1077 1091//1091
f 1079//1079 1135//1135 1081//1081
f 1061//1061 1137//1137 1062//1062
f 1062//1062 1137//1137 1106//1106
f 1062//1062 1106//1106 1064//1064
f 1106//1106 1137//1137 1104//1104
f 1063//1063 1065//1065 1138//1138
f 1138//1138 1065//1065 1109//1109
f 1138//1138 1109//1109 1139//1139
f 1139//1139 1109//1109 1111//1111
f 1139//1139 1111//1111 1140//1140
f 1140//1140 1111//1111 1114//1114
f 1140//1140 1114//1114 1141//1141
f 1141//1141 1114//1114 1116//1116
f 1141//1141 1116//1116 1142//1142
f 1142//1142 1116//1116 1119//1119
f 1142//1142 1119//1119 1143//1143
f 1143//1143 1119//1119 1122//1122
f 1143//1143 1122//1122 1144//1144
f 1144//1144 1122//1122 1124//1124
f 1144//1144 1124//1124 1133//1133
f 1145//1145 1147//1147 1148//1148
f 1148//1148 1147//1147 1149//1149
f 1148//1148 1149//1149 1150//1150
f 1150//1150 1149//1149 1151//1151
f 1150//1150 1151//1151 1152//1152
f 1152//1152 1151//1151 1153//1153
f 1152//1152 1153//1153 1154//1154
f 1154//1154 1153//1153 1155//1155
f 1155//1155 1153//1153 1156//1156
f 1155//1155 1156//1156 1157//1157
f 1157//1157 1156//1156 1158//1158
f 1157//1157 1158//1158 1159//1159
f 1159//1159 1158//1158 1160//1160
f 1159//1159 1160//1160 1161//1161
f 1161//1161 1160//1160 1162//1162
f 1161//1161 1162//1162 1163//1163
f 1163//1163 1162//1162 1164//1164
f 1163//1163 1164//1164 1165//1165
f 1165//1165 1164//1164 1166//1166
f 1165//1165 1166//1166 1167//1167
f 1167//1167 1166//1166 1168//1168
f 1167//1167 1168//1168 1169//1169
f 1169//1169 1168//1168 1170//1170
f 1169//1169 1170//1170 1171//1171
f 1171//1171 1170//1170 1172//1172
f 1171//1171 1172//1172 1173//1173
f 1173//1173 1172//1172 1174//1174
f 1173//1173 1174//1174 1175//1175
f 1175//1175 1174//1174 1176//1176
f 1175//1175 1176//1176 1177//1177
f 1177//1177 1176//1176 1178//1178
f 1177//1177 1178//1178 1179//1179
f 1149//1149 1180//1180 1151//1151
f 1151//1151 1180//1180 1181//1181
f 1151//1151 1181//1181 1182//1182
f 1182//1182 1181//1181 1183//1183
f 1182//1182 1183//1183 1184//1184
f 1184//1184 1183//1183 1185//1185
f 1184//1184 1185//1185 1186//1186
f 1186//1186 1185//1185 1187//1187
f 1186//1186 1187//1187 1188//1188
f 1188//1188 1187//1187 1189//1189
f 1188//1188 1189//1189 1190//1190
f 1190//1190 1189//1189 1191//1191
f 1190//1190 1191//1191 1192//1192
f 1192//1192 1191//1191 1193//1193
f 1192//1192 1193//1193 1194//1194
f 1194//1194 1193//1193 1195//1195
f 1194//1194 1195//1195 1196//1196
f 1196//1196 1195//1195 1197//1197
f 1196//1196 1197//1197 1198//1198
f 1198//1198 1197//1197 1199//1199
f 1198//1198 1199//1199 1200//1200
f 1200//1200 1199//1199 1201//1201
f 1200//1200 1201//1201 1202//1202
f 1202//1202 1201//1201 1203//1203
f 1202//1202 1203//1203 1204//1204
f 1204//1204 1203//1203 1205//1205
f 1204//1204 1205//1205 1206//1206
f 1206//1206 1205//1205 1207//1207
f 1204//1204 1206//1206 1176//1176
f 1176//1176 1206//1206 1178//1178
f 1154//1154 1208//1208 1152//1152
f 1152//1152 1208//1208 1209//1209
f 1152//1152 1209//1209 1150//1150
f 1150//1150 1209//1209 1210//1210
f 1150//1150 1210//1210 1148//1148
f 1208//1208 1211//1211 1209//1209
f 1209//1209 1211//1211 1212//1212
f 1209//1209 1212//1212 1210//1210
f 1156//1156 1153//1153 1182//1182
f 1182//1182 1153//1153 1151//1151
f 1158//1158 1156//1156 1184//1184
f 1184//1184 1156//1156 1182//1182
f 1160//1160 1158//1158 1186//1186
f 1186//1186 1158//1158 1184//1184
f 1162//1162 1160//1160 1188//1188
f 1188//1188 1160//1160 1186//1186
f 1164//1164 1162//1162 1190//1190
f 1190//1190 1162//1162 1188//1188
f 1166//1166 1164//1164 1192//1192
f 1192//1192 1164//1164 1190//1190
f 1168//1168 1166//1166 1194//1194
f 1194//1194 1166//1166 1192//1192
f 1170//1170 1168//1168 1196//1196
f 1196//1196 1168//1168 1194//1194
f 1172//1172 1170//1170 1198//1198
f 1198//1198 1170//1170 1196//1196
f 1174//1174 1172//1172 1200//1200
f 1200//1200 1172//1172 1198//1198
f 1200//1200 1202//1202 1174//1174
f 1174//1174 1202//1202 1204//1204
f 1174//1174 1204//1204 1176//1176
f 1213//1213 1214//1214 1215//1215
f 1215//1215 1214//1214 1216//1216
f 1215//1215 1216//1216 1217//1217
f 1214//1214 1213//1213 1218//1218
f 1218//1218 1213//1213 1219//1219
f 1218//1218 1219//1219 1220//1220
f 1220//1220 1221//1221 1218//1218
f 1218//1218 1221//1221 1222//1222
f 1218//1218 1222//1222 1223//1223
f 1223//1223 1222//1222 1224//1224
f 1223//1223 1224//1224 1225//1225
f 1225//1225 1224//1224 1226//1226
f 1226//1226 1224//1224 1227//1227
f 1226//1226 1227//1227 1228//1228
f 1228//1228 1227//1227 1229//1229
f 1228//1228 1229//1229 1230//1230
f 1230//1230 1229//1229 1231//1231
f 1230//1230 1231//1231 1232//1232
f 1232//1232 1231//1231 1233//1233
f 1232//1232 1233//1233 1234//1234
f 1234//1234 1233//1233 1235//1235
f 1234//1234 1235//1235 1236//1236
f 1236//1236 1235//1235 1237//1237
f 1236//1236 1237//1237 1238//1238
f 1238//1238 1237//1237 1239//1239
f 1238//1238 1239//1239 1240//1240
f 1240//1240 1239//1239 1241//1241
f 1240//1240 1241//1241 1242//1242
f 1242//1242 1241//1241 1243//1243
f 1242//1242 1243//1243 1244//1244
f 1244//1244 1243//1243 1245//1245
f 1244//1244 1245//1245 1246//1246
f 1246//1246 1245//1245 1247//1247
f 1246//1246 1247//1247 1248//1248
f 1248//1248 1247//1247 1249//1249
f 1248//1248 1249//1249 1250//1250
f 1221//1221 1251//1251 1222//1222
f 1222//1222 1251//1251 1252//1252
f 1222//1222 1252//1252 1224//1224
f 1224//1224 1252//1252 1227//1227
f 1251//1251 1253//1253 1252//1252
f 1252//1252 1253//1253 1254//1254
f 1252//1252 1254//1254 1227//1227
f 1227//1227 1254//1254 1229//1229
f 1253//1253 1255//1255 1254//1254
f 1254//1254 1255//1255 1256//1256
f 1254//1254 1256//1256 1229//1229
f 1229//1229 1256//1256 1231//1231
f 1255//1255 1257//1257 1256//1256
f 1256//1256 1257//1257 1258//1258
f 1256//1256 1258//1258 1231//1231
f 1231//1231 1258//1258 1233//1233
f 1257//1257 1259//1259 1258//1258
f 1258//1258 1259//1259 1260//1260
f 1258//1258 1260//1260 1233//1233
f 1233//1233 1260//1260 1235//1235
f 1259//1259 1261//1261 1260//1260
f 1260//1260 1261//1261 1262//1262
f 1260//1260 1262//1262 1235//1235
f 1235//1235 1262//1262 1237//1237
f 1261//1261 1263//1263 1262//1262
f 1262//1262 1263//1263 1264//1264
f 1262//1262 1264//1264 1237//1237
f 1237//1237 1264//1264 1239//1239
f 1263//1263 1265//1265 1264//1264
f 1264//1264 1265//1265 1266//1266
f 1264//1264 1266//1266 1239//1239
f 1239//1239 1266//1266 1241//1241
f 1265//1265 1267//1267 1266//1266
f 1266//1266 1267//1267 1268//1268
f 1266//1266 1268//1268 1241//1241
f 1241//1241 1268//1268 1243//1243
f 1267//1267 1269//1269 1268//1268
f 1268//1268 1269//1269 1270//1270
f 1268//1268 1270//1270 1243//1243
f 1243//1243 1270//1270 1245//1245
f 1269//1269 1271//1271 1270//1270
f 1270//1270 1271//1271 1272//1272
f 1270//1270 1272//1272 1245//1245
f 1245//1245 1272//1272 1247//1247
f 1271//1271 1273//1273 1272//1272
f 1272//1272 1273//1273 1274//1274
f 1272//1272 1274//1274 1247//1247
f 1247//1247 1274//1274 1249//1249
f 1273//1273 1275//1275 1274//1274
f 1274//1274 1275//1275 1276//1276
f 1274//1274 1276//1276 1249//1249
f 1275//1275 1277//1277 1276//1276
f 1225//1225 1278//1278 1223//1223
f 1223//1223 1278//1278 1216//1216
f 1223//1223 1216//1216 1214//1214
f 1217//1217 1146//1146 1215//1215
f 1223//1223 1214//1214 1218//1218
f 1279//1279 1280//1280 1281//1281
f 1281//1281 1280//1280 1282//1282
f 1281//1281 1282//1282 1283//1283
f 1283//1283 1282//1282 1284//1284
f 1283//1283 1284//1284 1285//1285
f 1285//1285 1284//1284 1286//1286
f 1285//1285 1286//1286 1287//1287
f 1287//1287 1286//1286 1288//1288
f 1288//1288 1286//1286 1289//1289
f 1288//1288 1289//1289 1290//1290
f 1290//1290 1289//1289 1291//1291
f 1290//1290 1291//1291 1292//1292
f 1292//1292 1291//1291 1293//1293
f 1292//1292 1293//1293 1294//1294
f 1294//1294 1293//1293 1295//1295
f 1295//1295 1293//1293 1296//1296
f 1295//1295 1296//1296 1297//1297
f 1297//1297 1296//1296 1298//1298
f 1297//1297 1298//1298 1299//1299
f 1299//1299 1298//1298 1300//1300
f 1300//1300 1298//1298 1301//1301
f 1300//1300 1301//1301 1302//1302
f 1302//1302 1301//1301 1303//1303
f 1302//1302 1303//1303 1304//1304
f 1304//1304 1303//1303 1305//1305
f 1305//1305 1303//1303 1306//1306
f 1305//1305 1306//1306 1307//1307
f 1307//1307 1306//1306 1308//1308
f 1307//1307 1308//1308 1309//1309
f 1309//1309 1308//1308 1310//1310
f 1310//1310 1308//1308 1311//1311
f 1310//1310 1311//1311 1312//1312
f 1312//1312 1311//1311 1313//1313
f 1312//1312 1313//1313 1314//1314
f 1314//1314 1313//1313 1315//1315
f 1314//1314 1315//1315 1316//1316
f 1316//1316 1315//1315 1317//1317
f 1316//1316 1317//1317 1318//1318
f 1318//1318 1317//1317 1319//1319
f 1319//1319 1317//1317 1320//1320
f 1320//1320 1317//1317 1321//1321
f 1320//1320 1321//1321 1322//1322
f 1322//1322 1321//1321 1323//1323
f 1322//1322 1323//1323 1324//1324
f 1324//1324 1323//1323 1325//1325
f 1324//1324 1325//1325 1326//1326
f 1326//1326 1325//1325 1308//1308
f 1326//1326 1308//1308 1306//1306
f 1282//1282 1280//1280 1327//1327
f 1327//1327 1280//1280 1328//1328
f 1327//1327 1328//1328 1329//1329
f 1329//1329 1328//1328 1330//1330
f 1329//1329 1330//1330 1331//1331
f 1332//1332 1333//1333 1331//1331
f 1331//1331 1333//1333 1329//1329
f 1333//1333 1334//1334 1329//1329
f 1329//1329 1334//1334 1335//1335
f 1329//1329 1335//1335 1327//1327
f 1327//1327 1335//1335 1336//1336
f 1327//1327 1336//1336 1282//1282
f 1282//1282 1336//1336 1284//1284
f 1334//1334 1337//1337 1335//1335
f 1335//1335 1337//1337 1338//1338
f 1335//1335 1338//1338 1336//1336
f 1336//1336 1338//1338 1339//1339
f 1336//1336 1339//1339 1284//1284
f 1284//1284 1339//1339 1286//1286
f 1337//1337 1340//1340 1338//1338
f 1338//1338 1340//1340 1341//1341
f 1338//1338 1341//1341 1339//1339
f 1339//1339 1341//1341 1342//1342
f 1339//1339 1342//1342 1286//1286
f 1286//1286 1342//1342 1289//1289
f 1340//1340 1343//1343 1341//1341
f 1341//1341 1343//1343 1344//1344
f 1341//1341 1344//1344 1345//1345
f 1345//1345 1344//1344 1346//1346
f 1345//1345 1346//1346 1347//1347
f 1347//1347 1346//1346 1348//1348
f 1347//1347 1348//1348 1349//1349
f 1349//1349 1348//1348 1350//1350
f 1349//1349 1350//1350 1351//1351
f 1351//1351 1350//1350 1352//1352
f 1351//1351 1352//1352 1353//1353
f 1351//1351 1353//1353 1354//1354
f 1354//1354 1353//1353 1355//1355
f 1354//1354 1355//1355 1356//1356
f 1356//1356 1355//1355 1357//1357
f 1356//1356 1357//1357 1358//1358
f 1356//1356 1358//1358 1359//1359
f 1359//1359 1358//1358 1360//1360
f 1359//1359 1360//1360 1361//1361
f 1361//1361 1360//1360 1362//1362
f 1361//1361 1362//1362 1363//1363
f 1363//1363 1364//1364 1361//1361
f 1361//1361 1364//1364 1324//1324
f 1361//1361 1324//1324 1326//1326
f 1364//1364 1322//1322 1324//1324
f 1318//1318 1365//1365 1316//1316
f 1316//1316 1365//1365 1366//1366
f 1316//1316 1366//1366 1314//1314
f 1314//1314 1366//1366 1367//1367
f 1314//1314 1367//1367 1312//1312
f 1365//1365 1368//1368 1366//1366
f 1366//1366 1368//1368 1367//1367
f 1291//1291 1289//1289 1369//1369
f 1369//1369 1289//1289 1342//1342
f 1369//1369 1342//1342 1345//1345
f 1345//1345 1342//1342 1341//1341
f 1293//1293 1291//1291 1370//1370
f 1370//1370 1291//1291 1369//1369
f 1370//1370 1369//1369 1347//1347
f 1347//1347 1369//1369 1345//1345
f 1296//1296 1293//1293 1371//1371
f 1371//1371 1293//1293 1370//1370
f 1371//1371 1370//1370 1349//1349
f 1349//1349 1370//1370 1347//1347
f 1298//1298 1296//1296 1372//1372
f 1372//1372 1296//1296 1371//1371
f 1372//1372 1371//1371 1351//1351
f 1351//1351 1371//1371 1349//1349
f 1301//1301 1298//1298 1373//1373
f 1373//1373 1298//1298 1372//1372
f 1373//1373 1372//1372 1354//1354
f 1354//1354 1372//1372 1351//1351
f 1303//1303 1301//1301 1374//1374
f 1374//1374 1301//1301 1373//1373
f 1374//1374 1373//1373 1356//1356
f 1356//1356 1373//1373 1354//1354
f 1306//1306 1303//1303 1375//1375
f 1375//1375 1303//1303 1374//1374
f 1375//1375 1374//1374 1359//1359
f 1359//1359 1374//1374 1356//1356
f 1308//1308 1325//1325 1311//1311
f 1311//1311 1325//1325 1376//1376
f 1311//1311 1376//1376 1313//1313
f 1313//1313 1376//1376 1315//1315
f 1361//1361 1326//1326 1375//1375
f 1375//1375 1326//1326 1306//1306
f 1361//1361 1375//1375 1359//1359
f 1325//1325 1323//1323 1376//1376
f 1376//1376 1323//1323 1321//1321
f 1376//1376 1321//1321 1315//1315
f 1315//1315 1321//1321 1317//1317
f 1377//1377 1378//1378 1379//1379
f 1379//1379 1378//1378 1380//1380
f 1379//1379 1380//1380 1381//1381
f 1378//1378 1377//1377 1382//1382
f 1382//1382 1377//1377 1383//1383
f 1382//1382 1383//1383 1384//1384
f 1384//1384 1385//1385 1382//1382
f 1382//1382 1385//1385 1386//1386
f 1382//1382 1386//1386 1387//1387
f 1387//1387 1386//1386 1388//1388
f 1387//1387 1388//1388 1389//1389
f 1389//1389 1388//1388 1390//1390
f 1390//1390 1388//1388 1391//1391
f 1390//1390 1391//1391 1392//1392
f 1392//1392 1391//1391 1393//1393
f 1392//1392 1393//1393 1394//1394
f 1394//1394 1393//1393 1395//1395
f 1394//1394 1395//1395 1396//1396
f 1396//1396 1395//1395 1397//1397
f 1396//1396 1397//1397 1398//1398
f 1398//1398 1397//1397 1399//1399
f 1398//1398 1399//1399 1400//1400
f 1400//1400 1399//1399 1401//1401
f 1400//1400 1401//1401 1402//1402
f 1402//1402 1401//1401 1403//1403
f 1402//1402 1403//1403 1404//1404
f 1404//1404 1403//1403 1405//1405
f 1404//1404 1405//1405 1406//1406
f 1406//1406 1405//1405 1407//1407
f 1406//1406 1407//1407 1408//1408
f 1408//1408 1407//1407 1409//1409
f 1408//1408 1409//1409 1410//1410
f 1410//1410 1409//1409 1411//1411
f 1411//1411 1409//1409 1412//1412
f 1411//1411 1412//1412 1413//1413
f 1413//1413 1412//1412 1414//1414
f 1413//1413 1414//1414 1415//1415
f 1415//1415 1414//1414 1416//1416
f 1415//1415 1416//1416 1417//1417
f 1417//1417 1416//1416 1418//1418
f 1417//1417 1418//1418 1419//1419
f 1419//1419 1418//1418 1420//1420
f 1419//1419 1420//1420 1421//1421
f 1421//1421 1420//1420 1422//1422
f 1421//1421 1422//1422 1423//1423
f 1423//1423 1422//1422 1424//1424
f 1423//1423 1424//1424 1425//1425
f 1425//1425 1424//1424 1426//1426
f 1425//1425 1426//1426 1427//1427
f 1427//1427 1426//1426 1428//1428
f 1427//1427 1428//1428 1429//1429
f 1429//1429 1428//1428 1430//1430
f 1429//1429 1430//1430 1431//1431
f 1431//1431 1430//1430 1432//1432
f 1431//1431 1432//1432 1433//1433
f 1433//1433 1432//1432 1434//1434
f 1434//1434 1432//1432 1435//1435
f 1434//1434 1435//1435 1436//1436
f 1436//1436 1435//1435 1437//1437
f 1436//1436 1437//1437 1438//1438
f 1438//1438 1437//1437 1439//1439
f 1438//1438 1439//1439 1440//1440
f 1440//1440 1439//1439 1441//1441
f 1440//1440 1441//1441 1442//1442
f 1442//1442 1441//1441 1443//1443
f 1442//1442 1443//1443 1444//1444
f 1444//1444 1443//1443 1445//1445
f 1445//1445 1443//1443 1446//1446
f 1445//1445 1446//1446 1447//1447
f 1447//1447 1446//1446 1448//1448
f 1447//1447 1448//1448 1449//1449
f 1385//1385 1450//1450 1386//1386
f 1386//1386 1450//1450 1451//1451
f 1386//1386 1451//1451 1388//1388
f 1388//1388 1451//1451 1391//1391
f 1450//1450 1452//1452 1451//1451
f 1451//1451 1452//1452 1453//1453
f 1451//1451 1453//1453 1391//1391
f 1391//1391 1453//1453 1393//1393
f 1452//1452 1454//1454 1453//1453
f 1453//1453 1454//1454 1455//1455
f 1453//1453 1455//1455 1393//1393
f 1393//1393 1455//1455 1395//1395
f 1454//1454 1456//1456 1455//1455
f 1455//1455 1456//1456 1457//1457
f 1455//1455 1457//1457 1395//1395
f 1395//1395 1457//1457 1397//1397
f 1456//1456 1458//1458 1457//1457
f 1457//1457 1458//1458 1459//1459
f 1457//1457 1459//1459 1397//1397
f 1397//1397 1459//1459 1399//1399
f 1458//1458 1460//1460 1459//1459
f 1459//1459 1460//1460 1461//1461
f 1459//1459 1461//1461 1399//1399
f 1399//1399 1461//1461 1401//1401
f 1460//1460 1462//1462 1461//1461
f 1461//1461 1462//1462 1463//1463
f 1461//1461 1463//1463 1401//1401
f 1401//1401 1463//1463 1403//1403
f 1462//1462 1464//1464 1463//1463
f 1463//1463 1464//1464 1465//1465
f 1463//1463 1465//1465 1403//1403
f 1403//1403 1465//1465 1405//1405
f 1464//1464 1466//1466 1465//1465
f 1465//1465 1466//1466 1467//1467
f 1465//1465 1467//1467 1405//1405
f 1405//1405 1467//1467 1407//1407
f 1466//1466 1468//1468 1467//1467
f 1467//1467 1468//1468 1469//1469
f 1467//1467 1469//1469 1407//1407
f 1407//1407 1469//1469 1409//1409
f 1468//1468 1470//1470 1469//1469
f 1469//1469 1470//1470 1471//1471
f 1469//1469 1471//1471 1409//1409
f 1409//1409 1471//1471 1412//1412
f 1470//1470 1472//1472 1471//1471
f 1471//1471 1472//1472 1473//1473
f 1471//1471 1473//1473 1412//1412
f 1412//1412 1473//1473 1414//1414
f 1472//1472 1474//1474 1473//1473
f 1473//1473 1474//1474 1475//1475
f 1473//1473 1475//1475 1414//1414
f 1414//1414 1475//1475 1416//1416
f 1474//1474 1476//1476 1475//1475
f 1475//1475 1476//1476 1477//1477
f 1475//1475 1477//1477 1416//1416
f 1416//1416 1477//1477 1418//1418
f 1476//1476 1478//1478 1477//1477
f 1477//1477 1478//1478 1479//1479
f 1477//1477 1479//1479 1418//1418
f 1418//1418 1479//1479 1420//1420
f 1478//1478 1480//1480 1479//1479
f 1479//1479 1480//1480 1481//1481
f 1479//1479 1481//1481 1420//1420
f 1420//1420 1481//1481 1422//1422
f 1480//1480 1482//1482 1481//1481
f 1481//1481 1482//1482 1483//1483
f 1481//1481 1483//1483 1422//1422
f 1422//1422 1483//1483 1424//1424
f 1482//1482 1484//1484 1483//1483
f 1483//1483 1484//1484 1485//1485
f 1483//1483 1485//1485 1424//1424
f 1424//1424 1485//1485 1426//1426
f 1484//1484 1486//1486 1485//1485
f 1485//1485 1486//1486 1487//1487
f 1485//1485 1487//1487 1426//1426
f 1426//1426 1487//1487 1428//1428
f 1486//1486 1488//1488 1487//1487
f 1487//1487 1488//1488 1489//1489
f 1487//1487 1489//1489 1428//1428
f 1428//1428 1489//1489 1430//1430
f 1488//1488 1490//1490 1489//1489
f 1489//1489 1490//1490 1491//1491
f 1489//1489 1491//1491 1430//1430
f 1430//1430 1491//1491 1432//1432
f 1490//1490 1492//1492 1491//1491
f 1491//1491 1492//1492 1493//1493
f 1491//1491 1493//1493 1432//1432
f 1432//1432 1493//1493 1435//1435
f 1492//1492 1494//1494 1493//1493
f 1493//1493 1494//1494 1495//1495
f 1493//1493 1495//1495 1435//1435
f 1435//1435 1495//1495 1437//1437
f 1494//1494 1496//1496 1495//1495
f 1495//1495 1496//1496 1497//1497
f 1495//1495 1497//1497 1437//1437
f 1437//1437 1497//1497 1439//1439
f 1496//1496 1498//1498 1497//1497
f 1497//1497 1498//1498 1499//1499
f 1497//1497 1499//1499 1439//1439
f 1439//1439 1499//1499 1441//1441
f 1498//1498 1500//1500 1499//1499
f 1499//1499 1500//1500 1501//1501
f 1499//1499 1501//1501 1441//1441
f 1441//1441 1501//1501 1443//1443
f 1500//1500 1448//1448 1501//1501
f 1501//1501 1448//1448 1446//1446
f 1501//1501 1446//1446 1443//1443
f 1442//1442 1444//1444 1502//1502
f 1502//1502 1444//1444 1503//1503
f 1502//1502 1503//1503 1504//1504
f 1504//1504 1503//1503 1505//1505
f 1504//1504 1505//1505 1506//1506
f 1506//1506 1505//1505 1507//1507
f 1506//1506 1507//1507 1508//1508
f 1508//1508 1509//1509 1506//1506
f 1506//1506 1509//1509 1510//1510
f 1506//1506 1510//1510 1511//1511
f 1511//1511 1510//1510 1512//1512
f 1511//1511 1512//1512 1513//1513
f 1513//1513 1512//1512 1514//1514
f 1514//1514 1512//1512 1515//1515
f 1514//1514 1515//1515 1516//1516
f 1516//1516 1515//1515 1517//1517
f 1516//1516 1517//1517 1518//1518
f 1518//1518 1517//1517 1519//1519
f 1518//1518 1519//1519 1520//1520
f 1520//1520 1519//1519 1521//1521
f 1521//1521 1519//1519 1522//1522
f 1521//1521 1522//1522 1523//1523
f 1523//1523 1522//1522 1524//1524
f 1523//1523 1524//1524 1525//1525
f 1525//1525 1524//1524 1526//1526
f 1525//1525 1526//1526 1527//1527
f 1527//1527 1526//1526 1528//1528
f 1527//1527 1528//1528 1529//1529
f 1529//1529 1528//1528 1530//1530
f 1529//1529 1530//1530 1531//1531
f 1531//1531 1530//1530 1532//1532
f 1531//1531 1532//1532 1533//1533
f 1533//1533 1532//1532 1534//1534
f 1533//1533 1534//1534 1535//1535
f 1535//1535 1534//1534 1536//1536
f 1535//1535 1536//1536 1537//1537
f 1537//1537 1536//1536 1538//1538
f 1537//1537 1538//1538 1539//1539
f 1539//1539 1538//1538 1540//1540
f 1539//1539 1540//1540 1541//1541
f 1541//1541 1540//1540 1542//1542
f 1541//1541 1542//1542 1543//1543
f 1543//1543 1542//1542 1544//1544
f 1544//1544 1542//1542 1545//1545
f 1544//1544 1545//1545 1546//1546
f 1546//1546 1545//1545 1547//1547
f 1546//1546 1547//1547 1548//1548
f 1548//1548 1547//1547 1549//1549
f 1548//1548 1549//1549 1550//1550
f 1550//1550 1549//1549 1551//1551
f 1550//1550 1551//1551 1552//1552
f 1552//1552 1551//1551 1553//1553
f 1552//1552 1553//1553 1554//1554
f 1554//1554 1553//1553 1555//1555
f 1554//1554 1555//1555 1556//1556
f 1556//1556 1555//1555 1557//1557
f 1556//1556 1557//1557 1558//1558
f 1558//1558 1557//1557 1559//1559
f 1558//1558 1559//1559 1560//1560
f 1560//1560 1559//1559 1561//1561
f 1560//1560 1561//1561 1562//1562
f 1562//1562 1561//1561 1563//1563
f 1562//1562 1563//1563 1564//1564
f 1564//1564 1563//1563 1565//1565
f 1564//1564 1565//1565 1566//1566
f 1566//1566 1565//1565 1567//1567
f 1566//1566 1567//1567 1568//1568
f 1568//1568 1567//1567 1569//1569
f 1568//1568 1569//1569 1570//1570
f 1570//1570 1569//1569 1571//1571
f 1571//1571 1569//1569 1572//1572
f 1572//1572 1569//1569 1573//1573
f 1573//1573 1569//1569 1574//1574
f 1509//1509 1575//1575 1510//1510
f 1510//1510 1575//1575 1576//1576
f 1510//1510 1576//1576 1512//1512
f 1512//1512 1576//1576 1515//1515
f 1575//1575 1577//1577 1576//1576
f 1576//1576 1577//1577 1578//1578
f 1576//1576 1578//1578 1515//1515
f 1515//1515 1578//1578 1517//1517
f 1577//1577 1579//1579 1578//1578
f 1578//1578 1579//1579 1580//1580
f 1578//1578 1580//1580 1517//1517
f 1517//1517 1580//1580 1581//1581
f 1517//1517 1581//1581 1519//1519
f 1519//1519 1581//1581 1582//1582
f 1519//1519 1582//1582 1522//1522
f 1522//1522 1582//1582 1524//1524
f 1579//1579 1583//1583 1580//1580
f 1580//1580 1583//1583 1581//1581
f 1583//1583 1584//1584 1581//1581
f 1581//1581 1584//1584 1582//1582
f 1584//1584 1585//1585 1582//1582
f 1582//1582 1585//1585 1586//1586
f 1582//1582 1586//1586 1524//1524
f 1524//1524 1586//1586 1526//1526
f 1585//1585 1587//1587 1586//1586
f 1586//1586 1587//1587 1588//1588
f 1586//1586 1588//1588 1526//1526
f 1526//1526 1588//1588 1528//1528
f 1587//1587 1589//1589 1588//1588
f 1588//1588 1589//1589 1590//1590
f 1588//1588 1590//1590 1528//1528
f 1528//1528 1590//1590 1530//1530
f 1589//1589 1591//1591 1590//1590
f 1590//1590 1591//1591 1592//1592
f 1590//1590 1592//1592 1530//1530
f 1530//1530 1592//1592 1532//1532
f 1591//1591 1593//1593 1592//1592
f 1592//1592 1593//1593 1594//1594
f 1592//1592 1594//1594 1532//1532
f 1532//1532 1594//1594 1534//1534
f 1593//1593 1595//1595 1594//1594
f 1594//1594 1595//1595 1596//1596
f 1594//1594 1596//1596 1534//1534
f 1534//1534 1596//1596 1536//1536
f 1595//1595 1597//1597 1596//1596
f 1596//1596 1597//1597 1598//1598
f 1596//1596 1598//1598 1536//1536
f 1536//1536 1598//1598 1538//1538
f 1597//1597 1599//1599 1598//1598
f 1598//1598 1599//1599 1600//1600
f 1598//1598 1600//1600 1538//1538
f 1538//1538 1600//1600 1540//1540
f 1599//1599 1601//1601 1600//1600
f 1600//1600 1601//1601 1602//1602
f 1600//1600 1602//1602 1540//1540
f 1540//1540 1602//1602 1542//1542
f 1601//1601 1603//1603 1602//1602
f 1602//1602 1603//1603 1604//1604
f 1602//1602 1604//1604 1542//1542
f 1542//1542 1604//1604 1545//1545
f 1603//1603 1605//1605 1604//1604
f 1604//1604 1605//1605 1606//1606
f 1604//1604 1606//1606 1545//1545
f 1545//1545 1606//1606 1547//1547
f 1605//1605 1607//1607 1606//1606
f 1606//1606 1607//1607 1608//1608
f 1606//1606 1608//1608 1547//1547
f 1547//1547 1608//1608 1549//1549
f 1607//1607 1609//1609 1608//1608
f 1608//1608 1609//1609 1610//1610
f 1608//1608 1610//1610 1549//1549
f 1549//1549 1610//1610 1551//1551
f 1609//1609 1611//1611 1610//1610
f 1610//1610 1611//1611 1612//1612
f 1610//1610 1612//1612 1551//1551
f 1551//1551 1612//1612 1553//1553
f 1611//1611 1613//1613 1612//1612
f 1612//1612 1613//1613 1614//1614
f 1612//1612 1614//1614 1553//1553
f 1553//1553 1614//1614 1555//1555
f 1613//1613 1615//1615 1614//1614
f 1614//1614 1615//1615 1616//1616
f 1614//1614 1616//1616 1555//1555
f 1555//1555 1616//1616 1557//1557
f 1615//1615 1617//1617 1616//1616
f 1616//1616 1617//1617 1618//1618
f 1616//1616 1618//1618 1557//1557
f 1557//1557 1618//1618 1559//1559
f 1617//1617 1619//1619 1618//1618
f 1618//1618 1619//1619 1620//1620
f 1618//1618 1620//1620 1559//1559
f 1559//1559 1620//1620 1561//1561
f 1619//1619 1621//1621 1620//1620
f 1620//1620 1621//1621 1622//1622
f 1620//1620 1622//1622 1561//1561
f 1561//1561 1622//1622 1563//1563
f 1621//1621 1623//1623 1622//1622
f 1622//1622 1623//1623 1624//1624
f 1622//1622 1624//1624 1563//1563
f 1563//1563 1624//1624 1565//1565
f 1623//1623 1625//1625 1624//1624
f 1624//1624 1625//1625 1626//1626
f 1624//1624 1626//1626 1565//1565
f 1565//1565 1626//1626 1567//1567
f 1625//1625 1627//1627 1626//1626
f 1626//1626 1627//1627 1628//1628
f 1626//1626 1628//1628 1567//1567
f 1567//1567 1628//1628 1629//1629
f 1567//1567 1629//1629 1569//1569
f 1627//1627 1630//1630 1628//1628
f 1628//1628 1630//1630 1631//1631
f 1628//1628 1631//1631 1629//1629
f 1513//1513 1632//1632 1511//1511
f 1511//1511 1632//1632 1504//1504
f 1511//1511 1504//1504 1506//1506
f 1632//1632 1502//1502 1504//1504
f 1389//1389 1633//1633 1387//1387
f 1387//1387 1633//1633 1378//1378
f 1387//1387 1378//1378 1382//1382
f 1633//1633 1380//1380 1378//1378
f 1381//1381 1634//1634 1379//1379
f 1379//1379 1634//1634 1635//1635