mtllib material.mtl
usemtl material_0
v 0.00232500 -0.03893100 -0.03893100
v 0.01739100 0.03492200 0.03492200
v 0.00000000 -0.03900000 -0.03900000
v 0.01544600 0.03582600 0.03582600
v 0.01341800 0.03663400 0.03663400
v 0.00463500 -0.03872400 -0.03872400
v 0.00691200 -0.03838300 -0.03838300
v 0.00914300 -0.03791300 -0.03791300
v 0.01131500 -0.03732200 -0.03732200
v 0.01342000 -0.03661900 -0.03661900
v 0.01544700 -0.03581000 -0.03581000
v 0.01739300 -0.03490700 -0.03490700
v 0.02102400 -0.03284800 -0.03284800
v 0.02102400 0.03286500 0.03286500
v 0.02429200 0.03052200 0.03052200
v 0.02720600 0.02795500 0.02795500
v 0.02976800 0.02520700 0.02520700
v 0.03199300 0.02231500 0.02231500
v 0.03389100 0.01931000 0.01930900
v 0.03547600 0.01621400 0.01621400
v 0.03675700 0.01304900 0.01304900
v 0.03774500 0.00983200 0.00983200
v 0.03844500 0.00657700 0.00657700
v 0.03844500 0.00657700 0.00657700
v 0.03844500 0.00657700 0.00657700
v 0.02429600 -0.03050800 -0.03050800
v 0.02720900 -0.02794100 -0.02794100
v 0.02977200 -0.02519300 -0.02519300
v 0.03199600 -0.02230100 -0.02230100
v 0.03389300 -0.01929500 -0.01929500
v 0.03547700 -0.01619900 -0.01619900
v 0.03675800 -0.01303400 -0.01303400
v 0.03774500 -0.00981700 -0.00981700
v 0.03844500 -0.00656200 -0.00656200
v 0.03886300 -0.00328300 -0.00328300
v 0.03886300 -0.00328300 -0.00328300
v 0.03900100 0.00000800 0.00000800
v 0.03900100 0.00000800 0.00000800
v 0.03886400 0.00329800 0.00329800
v 0.01131500 0.03734000 0.03734000
v 0.00914200 0.03793000 0.03793000
v 0.00691100 0.03840000 0.03840000
v 0.00463500 0.03874200 0.03874200
v 0.00232500 0.03894900 0.03894900
v 0.00000000 0.03901900 0.03901900
v -0.00232500 0.03894900 0.03894900
v -0.00463400 0.03874200 0.03874200
v -0.00691100 0.03839900 0.03839900
v -0.00914300 0.03793000 0.03793000
v -0.01131400 0.03733800 0.03733800
v -0.01341800 0.03663400 0.03663500
v -0.01544600 0.03582600 0.03582600
v -0.01739100 0.03492200 0.03492200
v -0.00232600 -0.03893100 -0.03893100
v -0.00463500 -0.03872400 -0.03872400
v -0.00691200 -0.03838300 -0.03838300
v -0.00914300 -0.03791300 -0.03791300
v -0.01131500 -0.03732200 -0.03732200
v -0.01341900 -0.03661900 -0.03661900
v -0.01544800 -0.03581000 -0.03581000
v -0.01739300 -0.03490700 -0.03490700
v -0.02102100 0.03286200 0.03286200
v -0.02429300 0.03052200 0.03052200
v -0.02720600 0.02795500 0.02795500
v -0.02976900 0.02520700 0.02520700
v -0.03199300 0.02231500 0.02231500
v -0.03389100 0.01930900 0.01930900
v -0.02102400 -0.03284800 -0.03284800
v -0.02429600 -0.03050800 -0.03050800
v -0.02720900 -0.02794100 -0.02794100
v -0.02977200 -0.02519300 -0.02519300
v -0.03199600 -0.02230100 -0.02230100
v -0.03389400 -0.01929500 -0.01929500
v -0.03547800 -0.01619900 -0.01619900
v -0.03675900 -0.01303400 -0.01303400
v -0.03774600 -0.00981700 -0.00981700
v -0.03844600 -0.00656200 -0.00656200
v -0.03886300 -0.00328300 -0.00328300
v -0.03900200 0.00000700 0.00000700
v -0.03900200 0.00000700 0.00000700
v -0.03900200 0.00000700 0.00000700
v -0.03547600 0.01621400 0.01621400
v -0.03675800 0.01304900 0.01304900
v -0.03675800 0.01304900 0.01304900
v -0.03774500 0.00983200 0.00983200
v -0.03774500 0.00983200 0.00983200
v -0.03844600 0.00657700 0.00657700
v -0.03844600 0.00657700 0.00657700
v -0.03886400 0.00329800 0.00329800
v -0.02085700 -0.01802600 -0.04348200
v -0.01876800 -0.01918600 -0.04464100
v -0.02084500 -0.01828000 -0.04352600
v -0.02083300 -0.01853400 -0.04357000
v -0.02082200 -0.01876000 -0.04360900
v -0.02081200 -0.01899100 -0.04365100
v -0.01888600 -0.02003500 -0.04471400
v -0.01678900 -0.02014400 -0.04560000
v -0.01675000 -0.02103300 -0.04573900
v -0.01484300 -0.02095000 -0.04640600
v -0.01529300 -0.02163400 -0.04634500
v -0.01455000 -0.02190900 -0.04662300
v -0.01285700 -0.02163800 -0.04709400
v -0.01286900 -0.02190600 -0.04712000
v -0.01288100 -0.02217400 -0.04714500
v -0.01289300 -0.02244200 -0.04717100
v -0.01888600 -0.02003500 -0.04471400
v -0.02026200 -0.02090900 -0.04265600
v -0.02081200 -0.01899100 -0.04365100
v -0.02092800 -0.02044200 -0.04232800
v -0.02125400 -0.02019900 -0.04216700
v -0.02177100 -0.02193600 -0.04017200
v -0.02210400 -0.02168000 -0.03998400
v -0.02260200 -0.02342000 -0.03800700
v -0.02294100 -0.02315100 -0.03779100
v -0.02342000 -0.02489400 -0.03583200
v -0.02376500 -0.02461100 -0.03558900
v -0.02457600 -0.02606000 -0.03337800
v -0.02492200 -0.02576000 -0.03310700
v -0.02572500 -0.02718600 -0.03085900
v -0.02607100 -0.02686900 -0.03055800
v -0.02720900 -0.02794100 -0.02794100
v -0.02641100 -0.02654900 -0.03025700
v -0.02691100 -0.02606000 -0.02980100
v -0.02559800 -0.02514500 -0.03256300
v -0.02609000 -0.02467100 -0.03215400
v -0.02477100 -0.02373100 -0.03486100
v -0.02525400 -0.02327200 -0.03450000
v -0.02440300 -0.02186100 -0.03683500
v -0.02467300 -0.02159300 -0.03665500
v -0.02380000 -0.02017900 -0.03901100
v -0.02399300 -0.01997700 -0.03890200
v -0.02309800 -0.01855900 -0.04127100
v -0.02338000 -0.01826100 -0.04113600
v -0.02246000 -0.01684000 -0.04353200
v -0.02352700 -0.01565000 -0.04312400
v -0.02255700 -0.01424800 -0.04565200
v -0.02454400 -0.01442300 -0.04270400
v -0.02403700 -0.01242200 -0.04523400
v -0.02551100 -0.01316100 -0.04227200
v -0.02478000 -0.01141700 -0.04500400
v -0.02538600 -0.01054800 -0.04480500
v -0.02642500 -0.01186600 -0.04183000
v -0.02728600 -0.01053800 -0.04137800
v -0.02743900 -0.01317400 -0.03884700
v -0.02831300 -0.01182000 -0.03824100
v -0.02842700 -0.01447200 -0.03585800
v -0.02931300 -0.01309100 -0.03509900
v -0.02939000 -0.01576000 -0.03286200
v -0.03028500 -0.01435200 -0.03195100
v -0.03032700 -0.01703800 -0.02985900
v -0.03122900 -0.01560300 -0.02879600
v -0.03214500 -0.01684400 -0.02563500
v -0.03298100 -0.01535700 -0.02440100
v -0.03386800 -0.01656200 -0.02108100
v -0.03462800 -0.01502800 -0.01967700
v -0.03547800 -0.01619900 -0.01619900
v -0.03531500 -0.01347600 -0.01825600
v -0.03675900 -0.01303400 -0.01303400
v -0.03593000 -0.01190600 -0.01682100
v -0.03774600 -0.00981700 -0.00981700
v -0.03694600 -0.00872300 -0.01391500
v -0.03715500 -0.00791900 -0.01318300
v -0.03610100 -0.00762000 -0.01801400
v -0.03631700 -0.00682400 -0.01735900
v -0.03521200 -0.00651000 -0.02211100
v -0.03543300 -0.00572300 -0.02153700
v -0.03450300 -0.00461400 -0.02571300
v -0.03470900 -0.00383100 -0.02521600
v -0.03373500 -0.00272400 -0.02947300
v -0.03392600 -0.00194700 -0.02905600
v -0.03290500 -0.00084300 -0.03339300
v -0.03307800 -0.00007100 -0.03305600
v -0.03200700 0.00103000 -0.03747700
v -0.03216100 0.00179500 -0.03722100
v -0.03096500 0.00252600 -0.04180900
v -0.03116900 0.00364900 -0.04155200
v -0.03229700 0.00256400 -0.03696400
v -0.03127600 0.00435100 -0.04139100
v -0.03241600 0.00333600 -0.03670600
v -0.03251600 0.00411000 -0.03644800
v -0.03349200 0.00226400 -0.03203800
v -0.03359400 0.00304800 -0.03169800
v -0.03451300 0.00119500 -0.02737400
v -0.03461500 0.00198700 -0.02695100
v -0.03547800 0.00012900 -0.02271300
v -0.03557900 0.00092900 -0.02220900
v -0.03638800 -0.00093400 -0.01805600
v -0.03648500 -0.00012700 -0.01747100
v -0.03733500 -0.00118200 -0.01273700
v -0.03746800 0.00044700 -0.01140600
v -0.03824800 -0.00059600 -0.00651900
v -0.03828200 0.00022400 -0.00577400
v -0.03900200 0.00000700 0.00000700
v -0.03829200 0.00063400 -0.00540100
v -0.03829800 0.00104500 -0.00502900
v -0.03752100 0.00167200 -0.01040700
v -0.03752900 0.00208100 -0.01007400
v -0.03668600 0.00270700 -0.01542100
v -0.03669700 0.00311500 -0.01512700
v -0.03580200 0.00414600 -0.02018600
v -0.03580900 0.00455000 -0.01993300
v -0.03485000 0.00557500 -0.02504100
v -0.03485300 0.00597500 -0.02482900
v -0.03382900 0.00699200 -0.02998500
v -0.03382100 0.00778300 -0.02964200
v -0.03272900 0.00878600 -0.03488900
v -0.03269800 0.00956700 -0.03462900
v -0.03148900 0.01120900 -0.03981900
v -0.03264900 0.01034600 -0.03436900
v -0.03249400 0.01190200 -0.03385100
v -0.03374700 0.00936400 -0.02895600
v -0.03359900 0.01094100 -0.02827200
v -0.03477500 0.00837300 -0.02355300
v -0.03463000 0.00996900 -0.02270500
v -0.03573400 0.00737400 -0.01816100
v -0.03558900 0.00898600 -0.01715000
v -0.03662100 0.00636800 -0.01278000
v -0.03647400 0.00799100 -0.01160900
v -0.03728600 0.00698500 -0.00607900
v -0.03706100 0.00861500 -0.00475200
v -0.03779200 0.00760300 0.00092100
v -0.03764800 0.00841900 0.00166000
v -0.03844600 0.00657700 0.00657700
v -0.03748700 0.00923200 0.00239800
v -0.03774500 0.00983200 0.00983200
v -0.03730800 0.01004400 0.00313400
v -0.03711100 0.01085400 0.00386800
v -0.03658800 0.01104700 -0.00277200
v -0.03639400 0.01185300 -0.00211500
v -0.03578700 0.01202900 -0.00869700
v -0.03559400 0.01283000 -0.00811900
v -0.03471300 0.01378400 -0.01414000
v -0.03427200 0.01536300 -0.01314700
v -0.03330600 0.01627300 -0.01934800
v -0.03305700 0.01704700 -0.01893500
v -0.03200400 0.01791700 -0.02523600
v -0.03173300 0.01867200 -0.02490600
v -0.03059100 0.01949600 -0.03131100
v -0.03029800 0.02022800 -0.03106500
v -0.02950700 0.01992000 -0.03782300
v -0.02860600 0.02201200 -0.03734400
v -0.02998700 0.02095400 -0.03082000
v -0.02965800 0.02167200 -0.03057800
v -0.03113500 0.02016400 -0.02425200
v -0.03080900 0.02090000 -0.02392800
v -0.03219400 0.01933600 -0.01770800
v -0.03187000 0.02008800 -0.01730400
v -0.03316500 0.01847100 -0.01118900
v -0.03284100 0.01923600 -0.01070500
v -0.03404500 0.01756900 -0.00469500
v -0.03372200 0.01834400 -0.00413300
v -0.03451300 0.01741200 0.00241500
v -0.03416900 0.01819000 0.00305000
v -0.03486800 0.01722300 0.00964700
v -0.03450400 0.01800100 0.01035400
v -0.03547600 0.01621400 0.01621400
v -0.03412000 0.01877500 0.01105600
v -0.03389100 0.01930900 0.01930900
v -0.03371600 0.01954300 0.01175400
v -0.03329400 0.02030600 0.01244700
v -0.03302300 0.02049200 0.00493300
v -0.03260200 0.02124800 0.00555200
v -0.03223600 0.02139000 -0.00192100
v -0.03181700 0.02213600 -0.00137800
v -0.03135700 0.02223700 -0.00880300
v -0.03093900 0.02297000 -0.00833600
v -0.02996700 0.02374900 -0.01532700
v -0.02975200 0.02410500 -0.01513400
v -0.02868600 0.02482000 -0.02219400
v -0.02846700 0.02516400 -0.02204100
v -0.02730800 0.02581200 -0.02917200
v -0.02685600 0.02646900 -0.02894700
v -0.02625600 0.02611100 -0.03640500
v -0.02465200 0.02826200 -0.03591200
v -0.02590100 0.02775300 -0.02850700
v -0.02488100 0.02899200 -0.02807900
v -0.02705400 0.02717800 -0.02114000
v -0.02602600 0.02846800 -0.02055800
v -0.02811400 0.02653500 -0.01380800
v -0.02707800 0.02787000 -0.01307400
v -0.02907900 0.02582500 -0.00651000
v -0.02803600 0.02719900 -0.00562600
v -0.02889900 0.02645400 0.00178200
v -0.02834400 0.02714300 0.00228900
v -0.02910900 0.02633800 0.00973300
v -0.02882200 0.02668500 0.01002000
v -0.02949000 0.02580800 0.01745700
v -0.02919600 0.02615900 0.01777700
v -0.02976900 0.02520700 0.02520700
v -0.02889700 0.02650700 0.01809500
v -0.02859200 0.02685200 0.01841100
v -0.02823300 0.02737300 0.01058800
v -0.02793200 0.02771300 0.01086900
v -0.02747600 0.02815800 0.00303700
v -0.02717700 0.02849000 0.00328300
v -0.02662600 0.02886000 -0.00455200
v -0.02633000 0.02918300 -0.00434200
v -0.02539000 0.02979300 -0.01200900
v -0.02509400 0.03010300 -0.01183700
v -0.02406500 0.03061600 -0.01958100
v -0.02376700 0.03091100 -0.01944600
v -0.02265000 0.03132400 -0.02726800
v -0.02205500 0.03187500 -0.02707500
v -0.02176700 0.03134900 -0.03520500
v -0.02079000 0.03222600 -0.03500400
v -0.02144600 0.03241200 -0.02688600
v -0.02002200 0.03286600 -0.03485700
v -0.02018400 0.03344400 -0.02652200
v -0.01953300 0.03393800 -0.02634600
v -0.02125000 0.03315000 -0.01841300
v -0.02058200 0.03367500 -0.01816900
v -0.02222700 0.03275500 -0.01035000
v -0.02154400 0.03330700 -0.01003800
v -0.02311700 0.03225900 -0.00233200
v -0.02242000 0.03283400 -0.00195300
v -0.02320800 0.03225700 0.00608100
v -0.02284600 0.03255000 0.00630000
v -0.02354200 0.03187700 0.01432200
v -0.02316900 0.03217400 0.01457000
v -0.02331700 0.03197800 0.01730200
v -0.02305400 0.03224400 0.01540700
v -0.01675000 -0.02103300 -0.04573900
v -0.01888700 -0.02177300 -0.04332000
v -0.01958200 -0.02135200 -0.04298700
v -0.02039600 -0.02290300 -0.04093200
v -0.02109200 -0.02243100 -0.04055200
v -0.02119900 -0.02444500 -0.03886700
v -0.02190900 -0.02394300 -0.03843800
v -0.02199100 -0.02597600 -0.03679100
v -0.02271500 -0.02544400 -0.03631400
v -0.02350800 -0.02693500 -0.03418000
v -0.02422500 -0.02635600 -0.03364700
v -0.02501800 -0.02780800 -0.03145300
v -0.02537400 -0.02749900 -0.03115700
v -0.01529300 -0.02163400 -0.04634500
v -0.01672400 -0.02291600 -0.04430300
v -0.01745800 -0.02255500 -0.04398000
v -0.01817900 -0.02217400 -0.04365200
v -0.01821900 -0.02420100 -0.04205700
v -0.01896000 -0.02378800 -0.04168600
v -0.01897000 -0.02583800 -0.04012300
v -0.01973000 -0.02539200 -0.03971100
v -0.01971200 -0.02746500 -0.03817900
v -0.02048900 -0.02698600 -0.03772600
v -0.02123800 -0.02857100 -0.03573000
v -0.02201400 -0.02804200 -0.03522300
v -0.02276900 -0.02958400 -0.03317500
v -0.02353900 -0.02900800 -0.03261200
v -0.02429600 -0.03050800 -0.03050800
v -0.02428900 -0.02841500 -0.03203800
v -0.01455000 -0.02190900 -0.04662300
v -0.01521400 -0.02357500 -0.04492300
v -0.01597600 -0.02325700 -0.04461800
v -0.01669400 -0.02496900 -0.04277300
v -0.01746400 -0.02459500 -0.04242000
v -0.01740300 -0.02667300 -0.04091800
v -0.01819500 -0.02626500 -0.04052600
v -0.01810300 -0.02836700 -0.03905200
v -0.01891600 -0.02792500 -0.03862200
v -0.01962800 -0.02957600 -0.03670700
v -0.02044300 -0.02908200 -0.03622500
v -0.02116400 -0.03069000 -0.03426100
v -0.02197700 -0.03014500 -0.03372500
v -0.02102400 -0.03284800 -0.03284800
v -0.01289300 -0.02244200 -0.04717100
v -0.01444100 -0.02386700 -0.04521200
v -0.01482800 -0.02372500 -0.04507000
v -0.01550900 -0.02549000 -0.04328100
v -0.01590800 -0.02532200 -0.04311500
v -0.01618300 -0.02724500 -0.04148000
v -0.01659300 -0.02706000 -0.04129700
v -0.01684800 -0.02899100 -0.03966900
v -0.01727100 -0.02878800 -0.03946700
v -0.01794000 -0.03050700 -0.03762800
v -0.01879400 -0.03005100 -0.03717500
v -0.01947600 -0.03172600 -0.03528900
v -0.02033100 -0.03121700 -0.03478300
v -0.01285700 -0.02203700 -0.04749400
v -0.01145100 -0.02274800 -0.04764900
v -0.01204400 -0.02463900 -0.04599000
v -0.01365400 -0.02413700 -0.04548500
v -0.01263000 -0.02652200 -0.04432100
v -0.01429800 -0.02595300 -0.04374900
v -0.01320800 -0.02839700 -0.04264000
v -0.01493300 -0.02776100 -0.04200100
v -0.01377900 -0.03026300 -0.04094900
v -0.01556100 -0.02956100 -0.04024400
v -0.01618000 -0.03135100 -0.03847500
v -0.01685100 -0.03104300 -0.03816600
v -0.01748000 -0.03279800 -0.03636100
v -0.01770600 -0.03268500 -0.03624700
v -0.01739300 -0.03490700 -0.03490700
v -0.01815500 -0.03245400 -0.03601400
v -0.01860000 -0.03221700 -0.03577700
v -0.01750500 -0.03072700 -0.03784700
v -0.01284200 -0.02186700 -0.04763000
v -0.01277500 -0.02112200 -0.04822700
v -0.01270900 -0.02038000 -0.04882700
v -0.00934000 -0.02117300 -0.04961400
v -0.00987200 -0.02313100 -0.04803300
v -0.01039800 -0.02508200 -0.04643600
v -0.00871900 -0.02546300 -0.04681900
v -0.00916500 -0.02746000 -0.04526400
v -0.00737700 -0.02782200 -0.04562800
v -0.00774000 -0.02985700 -0.04410800
v -0.00583700 -0.03017900 -0.04443200
v -0.00611200 -0.03224200 -0.04293700
v -0.00409400 -0.03250200 -0.04319800
v -0.00638200 -0.03429700 -0.04143000
v -0.00427700 -0.03458400 -0.04171800
v -0.00664900 -0.03634400 -0.03991200
v -0.00445700 -0.03665800 -0.04022700
v -0.00691200 -0.03838300 -0.03838300
v -0.00463500 -0.03872400 -0.03872400
v -0.00223700 -0.03684900 -0.04041700
v -0.00232600 -0.03893100 -0.03893100
v 0.00000000 -0.03900000 -0.03900000
v -0.00000200 -0.03341500 -0.04292400
v -0.00214600 -0.03475800 -0.04189200
v -0.00205300 -0.03266000 -0.04335600
v -0.00826700 -0.02345800 -0.04836200
v -0.00626300 -0.02167300 -0.05011300
v -0.00663900 -0.02372900 -0.04863400
v -0.00499300 -0.02394100 -0.04884700
v -0.00527800 -0.02602800 -0.04738700
v -0.00352700 -0.02620800 -0.04756700
v -0.00371900 -0.02831400 -0.04612200
v -0.00186200 -0.02843900 -0.04624700
v -0.00195900 -0.03055300 -0.04480700
v 0.00000400 -0.02777300 -0.04676400
v -0.00313500 -0.02197300 -0.05041800
v -0.00333300 -0.02409400 -0.04900000
v -0.00176300 -0.02631600 -0.04767600
v -0.00166300 -0.02418600 -0.04909200
v 0.00001800 -0.02207300 -0.05052000
v -0.00914300 -0.03791300 -0.03791300
v -0.00879900 -0.03591100 -0.03947900
v -0.00845000 -0.03390100 -0.04103300
v -0.00809700 -0.03188300 -0.04257600
v -0.00960600 -0.02944900 -0.04369800
v -0.01091800 -0.02702600 -0.04482700
v -0.01131500 -0.03732200 -0.03732200
v -0.01089600 -0.03536700 -0.03893300
v -0.01047200 -0.03340200 -0.04053300
v -0.01004200 -0.03143000 -0.04212100
v -0.01143100 -0.02896100 -0.04320800
v -0.01341900 -0.03661900 -0.03661900
v -0.01293200 -0.03471700 -0.03828200
v -0.01243800 -0.03280700 -0.03993500
v -0.01193700 -0.03088800 -0.04157700
v -0.01544800 -0.03581000 -0.03581000
v -0.01489900 -0.03397000 -0.03753400
v -0.01434200 -0.03212000 -0.03924700
v -0.01679000 -0.03313400 -0.03669600
v -0.02977200 -0.02519300 -0.02519300
v -0.02771900 -0.02522300 -0.02903200
v -0.02740200 -0.02555800 -0.02934000
v -0.02719600 -0.02577100 -0.02953300
v -0.02637100 -0.02438900 -0.03191600
v -0.03199600 -0.02230100 -0.02230100
v -0.03007800 -0.02245800 -0.02649100
v -0.02893800 -0.02385900 -0.02777800
v -0.02688600 -0.02384900 -0.03147000
v -0.02657500 -0.02417600 -0.03174300
v -0.02573200 -0.02278600 -0.03413800
v -0.02553000 -0.02299700 -0.03429000
v -0.02487100 -0.02138600 -0.03652400
v -0.03389400 -0.01929500 -0.01929500
v -0.03212400 -0.01956300 -0.02383300
v -0.03113900 -0.02102500 -0.02517500
v -0.02920900 -0.02114400 -0.02921300
v -0.02808400 -0.02251500 -0.03035600
v -0.02721200 -0.02116100 -0.03292600
v -0.02603600 -0.02246600 -0.03389900
v -0.02631900 -0.01979700 -0.03548700
v -0.02516800 -0.02107400 -0.03632000
v -0.02540800 -0.01842500 -0.03804100
v -0.02428300 -0.01967200 -0.03873200
v -0.02447700 -0.01704200 -0.04058600
v -0.03303300 -0.01807500 -0.02246800
v -0.03123800 -0.01830600 -0.02684900
v -0.03026000 -0.01974000 -0.02804300
v -0.02935700 -0.01844400 -0.03090400
v -0.02831800 -0.01981900 -0.03192600
v -0.02843000 -0.01713800 -0.03375600
v -0.02740700 -0.01848500 -0.03463200
v -0.02748000 -0.01582300 -0.03660200
v -0.02647400 -0.01714100 -0.03733000
v -0.02650700 -0.01449700 -0.03944100
v -0.02552000 -0.01578700 -0.04002100
v -0.03734700 -0.00711300 -0.01244800
v -0.03844600 -0.00656200 -0.00656200
v -0.03752100 -0.00630500 -0.01171200
v -0.03767800 -0.00549400 -0.01097300
v -0.03669600 -0.00522400 -0.01604600
v -0.03685900 -0.00442000 -0.01538700
v -0.03582100 -0.00413800 -0.02038200
v -0.03598900 -0.00334100 -0.01980300
v -0.03507000 -0.00225600 -0.02421900
v -0.03522300 -0.00146400 -0.02371800
v -0.03425500 -0.00038200 -0.02821700
v -0.03439300 0.00040500 -0.02779600
v -0.03337200 0.00148300 -0.03237900
v -0.03886300 -0.00328300 -0.00328300
v -0.03793800 -0.00386700 -0.00949300
v -0.03781700 -0.00468100 -0.01023400
v -0.03812800 -0.00223400 -0.00800700
v -0.03804200 -0.00305100 -0.00875000
v -0.03724300 -0.00199400 -0.01340100
v -0.03713200 -0.00280500 -0.01406400
v -0.03627300 -0.00173800 -0.01863900
v -0.03614000 -0.00254100 -0.01922200
v -0.03536000 -0.00066800 -0.02321600
v -0.03886400 0.00329800 0.00329800
v -0.03827800 0.00268800 -0.00353800
v -0.03829700 0.00186700 -0.00428300
v -0.03829900 0.00145600 -0.00465600
v -0.03753400 0.00249100 -0.00974000
v -0.03802500 0.00596800 -0.00056200
v -0.03818700 0.00432900 -0.00204900
v -0.03824100 0.00350900 -0.00279300
v -0.03748900 0.00453500 -0.00807400
v -0.03752000 0.00371700 -0.00874000
v -0.03669600 0.00474200 -0.01395300
v -0.03670500 0.00392800 -0.01454000
v -0.03580400 0.00576000 -0.01917300
v -0.03581200 0.00495300 -0.01968000
v -0.03484600 0.00677400 -0.02440300
v -0.03666100 0.01246600 0.00533000
v -0.03675800 0.01304900 0.01304900
v -0.03640900 0.01326800 0.00605700
v -0.03613800 0.01406600 0.00678200
v -0.03570000 0.01425700 -0.00015800
v -0.03543100 0.01505100 0.00049000
v -0.03490400 0.01521700 -0.00639600
v -0.03463700 0.01600500 -0.00582600
v -0.03375600 0.01692600 -0.01216300
v -0.03347000 0.01770100 -0.01167500
v -0.03250000 0.01857800 -0.01811500
v -0.03554000 0.01565200 0.00822100
v -0.03584800 0.01486100 0.00750300
v -0.03199300 0.02231500 0.02231500
v -0.03239000 0.02181200 0.01381800
v -0.03285100 0.02106200 0.01313500
v -0.03307500 0.02068500 0.01279200
v -0.03238500 0.02162300 0.00585900
v -0.03034200 0.02474300 0.01648600
v -0.03140600 0.02329300 0.01516500
v -0.03170300 0.02274000 0.00677500
v -0.03216200 0.02199700 0.00616600
v -0.03137900 0.02287500 -0.00083900
v -0.03160100 0.02250700 -0.00110700
v -0.03072300 0.02333400 -0.00810400
v -0.02720600 0.02795500 0.02795500
v -0.02796800 0.02753700 0.01903600
v -0.02828300 0.02719600 0.01872400
v -0.02429300 0.03052200 0.03052200
v -0.02525700 0.03016400 0.02143800
v -0.02665500 0.02887400 0.02025700
v -0.02732200 0.02821100 0.01965100
v -0.02667300 0.02904800 0.01197300
v -0.02731300 0.02838600 0.01142500
v -0.02656500 0.02914800 0.00377000
v -0.02687400 0.02882000 0.00352700
v -0.02603000 0.02950400 -0.00413300
v -0.02102100 0.03286200 0.03286200
v -0.02220400 0.03258200 0.02365400
v -0.02260500 0.03229300 0.02338900
v -0.02300000 0.03199900 0.02312000
v -0.02249600 0.03244800 0.02180800
v -0.02353900 0.03166100 0.02103200
v -0.01739100 0.03492200 0.03492200
v -0.01880700 0.03474600 0.02564200
v -0.01925100 0.03449100 0.02540800
v -0.01968800 0.03423200 0.02516900
v -0.01959900 0.03436600 0.02369900
v -0.02012100 0.03396800 0.02492700
v -0.02045300 0.03383900 0.02318000
v -0.02054800 0.03370000 0.02468000
v -0.02097000 0.03342700 0.02442900
v -0.02138700 0.03314900 0.02417500
v -0.02128600 0.03329500 0.02264300
v -0.01544600 0.03582600 0.03582600
v -0.01603800 0.03616800 0.02695000
v -0.01651300 0.03594500 0.02674400
v -0.01698200 0.03571500 0.02653400
v -0.01653200 0.03601700 0.02532900
v -0.01744600 0.03548100 0.02631800
v -0.01790500 0.03524100 0.02609700
v -0.01341800 0.03663400 0.03663500
v -0.01409300 0.03700600 0.02772200
v -0.01507500 0.03659900 0.02734700
v -0.01556000 0.03638600 0.02715100
v -0.01511700 0.03702700 0.01863300
v -0.01466000 0.03740000 0.01403800
v -0.01464400 0.03723300 0.01880700
v -0.01415200 0.03772800 0.01020600
v -0.01322200 0.03810800 0.01049500
v -0.01398400 0.03785500 0.00748900
v -0.01303900 0.03824700 0.00733900
v -0.01359900 0.03808400 0.00155000
v -0.01270000 0.03844600 0.00179500
v -0.01212100 0.03864300 -0.00696500
v -0.01124400 0.03896400 -0.00677700
v -0.01064800 0.03899700 -0.01563700
v -0.00980000 0.03927600 -0.01550200
v -0.00919600 0.03914200 -0.02446000
v -0.00838600 0.03937900 -0.02437200
v -0.00774500 0.03908500 -0.03343200
v -0.00757000 0.03959700 -0.02429200
v -0.00674600 0.03979400 -0.02421900
v -0.00807800 0.03977100 -0.01526200
v -0.00720300 0.03998600 -0.01515800
v -0.00854300 0.03979500 -0.00629100
v -0.00762200 0.04002500 -0.00615600
v -0.00896700 0.03966700 0.00262100
v -0.00800200 0.03991200 0.00278600
v -0.00814100 0.03982600 0.00627100
v -0.00713400 0.04005900 0.00599200
v -0.00732900 0.03987400 0.01183900
v -0.00630400 0.04007400 0.01199100
v -0.00759800 0.03946400 0.02068400
v -0.00653600 0.03967200 0.02085900
v -0.00673800 0.03911400 0.02966200
v -0.00563300 0.03929700 0.02983100
v -0.00691100 0.03839900 0.03839900
v -0.00463400 0.03874200 0.03874200
v -0.01131400 0.03733800 0.03733800
v -0.01207200 0.03774600 0.02840300
v -0.01309100 0.03738900 0.02807400
v -0.01368600 0.03762800 0.01913900
v -0.00914300 0.03793000 0.03793000
v -0.00998300 0.03838000 0.02898700
v -0.01103500 0.03807600 0.02870700
v -0.01171800 0.03834500 0.01974300
v -0.01271000 0.03799900 0.01945200
v -0.01131400 0.03879800 0.01102000
v -0.01227500 0.03846500 0.01076600
v -0.01208000 0.03861500 0.00716800
v -0.00783300 0.03889900 0.02946500
v -0.00891500 0.03865500 0.02924000
v -0.00968700 0.03896000 0.02026000
v -0.01071000 0.03866600 0.02001300
v -0.00934800 0.03938900 0.01147000
v -0.01033800 0.03910600 0.01125500
v -0.01013000 0.03927400 0.00676200
v -0.01111000 0.03895800 0.00697500
v -0.01085900 0.03910400 0.00224000
v -0.01178700 0.03878700 0.00202500
v -0.01035500 0.03926400 -0.00660200
v -0.00232500 0.03894900 0.03894900
v -0.00339600 0.03956700 0.03007900
v -0.00395800 0.03951200 0.03002900
v -0.00451800 0.03944900 0.02997000
v -0.00438200 0.03999700 0.02113300
v -0.00492400 0.03992800 0.02107400
v -0.00422500 0.04038800 0.01223000
v -0.00474800 0.04032100 0.01217900
v -0.00459600 0.04051700 0.00519900
v -0.00510600 0.04044000 0.00536900
v -0.00505000 0.04048400 0.00317300
v -0.00604200 0.04032000 0.00306200
v -0.00480500 0.04056500 -0.00584000
v -0.00575100 0.04041100 -0.00593000
v -0.00453600 0.04048900 -0.01491400
v -0.00543100 0.04034500 -0.01498400
v -0.00424100 0.04025600 -0.02404900
v -0.00508100 0.04012400 -0.02409800
v -0.00547800 0.03960600 -0.03331300
v -0.00591600 0.03996900 -0.02415400
v -0.00226700 0.03965200 0.03015700
v 0.00000000 0.03901900 0.03901900
v 0.00000100 0.03972100 0.03022000
v -0.00219800 0.04019600 0.02129900
v 0.00000200 0.04026200 0.02135400
v 0.00000300 0.04064400 0.01242300
v 0.00000500 0.04086500 0.00342800
v -0.00203800 0.04078800 0.00426900
v -0.00211900 0.04057900 0.01237400
v -0.00329300 0.04011300 0.02122900
v -0.00383800 0.04005900 0.02118400
v -0.00202900 0.04080300 0.00338600
v 0.00000600 0.04092600 -0.00563100
v -0.00192900 0.04086700 -0.00566500
v 0.00000800 0.04082600 -0.01475200
v -0.00181800 0.04077100 -0.01477900
v 0.00001000 0.04056600 -0.02393500
v -0.00169700 0.04051600 -0.02395300
v 0.00001200 0.04014400 -0.03317800
v -0.00306800 0.03997200 -0.03323000
v -0.00381900 0.04031400 -0.02402700
v -0.00339700 0.04036600 -0.02400800
v -0.00408600 0.04055200 -0.01488400
v -0.00363400 0.04060900 -0.01485700
v -0.00432900 0.04063300 -0.00580100
v -0.00385100 0.04069400 -0.00576600
v -0.00455000 0.04055600 0.00322100
v -0.00404900 0.04062000 0.00326400
v -0.00408500 0.04058700 0.00502400
v -0.00357400 0.04064900 0.00484400
v -0.00370100 0.04044700 0.01227500
v -0.00317500 0.04049900 0.01231400
v -0.00995400 0.03841000 -0.03358700
v -0.00999800 0.03888600 -0.02455400
v -0.01148500 0.03869700 -0.01578200
v -0.01298600 0.03830000 -0.00716500
v -0.01404300 0.03789400 0.00142200
v -0.01445300 0.03764900 0.00755600
v -0.01461100 0.03752900 0.01005500
v -0.01464200 0.03749800 0.01079500
v -0.01498100 0.03737100 0.00961900
v -0.01491700 0.03743800 0.00761900
v -0.01448300 0.03770000 0.00129100
v -0.01491900 0.03750000 0.00115700
v -0.01383700 0.03793800 -0.00737700
v -0.01425700 0.03774900 -0.00748700
v -0.01312700 0.03803900 -0.01610000
v -0.01353000 0.03786200 -0.01618500
v -0.01235300 0.03800300 -0.02487800
v -0.01273800 0.03784100 -0.02493800
v -0.01206700 0.03760600 -0.03377100
v -0.01312000 0.03767300 -0.02499900
v -0.01350000 0.03750100 -0.02506200
v -0.01432800 0.03749500 -0.01636100
v -0.01472300 0.03730500 -0.01645300
v -0.01549900 0.03715300 -0.00783300
v -0.01630800 0.03673200 -0.00807700
v -0.01704200 0.03642700 0.00043600
v -0.01745400 0.03619800 0.00028200
v -0.01750000 0.03612600 0.00774400
v -0.01786200 0.03596400 0.00012600
v -0.01836300 0.03562800 0.00796100
v -0.01826500 0.03572600 -0.00003400
v -0.01866400 0.03548400 -0.00019500
v -0.01749500 0.03606700 -0.00846100
v -0.01788200 0.03583700 -0.00859300
v -0.01664800 0.03628400 -0.01694000
v -0.01702200 0.03606800 -0.01704300
v -0.01572500 0.03637900 -0.02547000
v -0.01608600 0.03617700 -0.02554300
v -0.01571400 0.03580800 -0.03418300
v -0.01644400 0.03597100 -0.02561800
v -0.01680000 0.03576100 -0.02569300
v -0.01776300 0.03562100 -0.01725500
v -0.01848900 0.03515800 -0.01747300
v -0.01939500 0.03487200 -0.00914700
v -0.01976400 0.03462100 -0.00929000
v -0.02059800 0.03420800 -0.00104500
v -0.02097100 0.03394100 -0.00122200
v -0.02134900 0.03368300 0.00714900
v -0.02173100 0.03340500 0.00694100
v -0.02179200 0.03329600 0.01177600
v -0.02210700 0.03312400 0.00673000
v -0.02274000 0.03252400 0.01417800
v -0.02247900 0.03283900 0.00651600
v -0.01157700 0.03831600 -0.02476400
v -0.01079200 0.03861000 -0.02465600
v -0.01367400 0.03688100 -0.03393700
v -0.01387800 0.03732500 -0.02512600
v -0.01550300 0.03691000 -0.01664200
v -0.01670800 0.03651500 -0.00820200
v -0.01536100 0.03657700 -0.02539900
v -0.01499400 0.03677000 -0.02532800
v -0.01462500 0.03695900 -0.02526000
v -0.01588800 0.03670500 -0.01673900
v -0.01750200 0.03532900 -0.02584900
v -0.01780800 0.03450400 -0.03448200
v -0.01784800 0.03510700 -0.02592900
v -0.01819100 0.03488100 -0.02601000
v -0.01920100 0.03467900 -0.01769900
v -0.01955200 0.03443400 -0.01781400
v -0.02048800 0.03410700 -0.00958400
v -0.02084400 0.03384400 -0.00973300
v -0.02170400 0.03339500 -0.00158300
v -0.02206400 0.03311700 -0.00176700
v -0.01920200 0.03417900 -0.02626000
v -0.01886800 0.03441700 -0.02617500
v -0.02024200 0.03393200 -0.01804900
v -0.01989800 0.03418500 -0.01793100
v -0.02119600 0.03357700 -0.00988500
v -0.02239100 0.03075000 -0.03534200
v -0.02323100 0.03076000 -0.02746500
v -0.02294300 0.03104400 -0.02736600
v -0.02292800 0.03020600 -0.03546700
v -0.02379600 0.03018400 -0.02766600
v -0.02351500 0.03047400 -0.02756500
v -0.02464500 0.03001800 -0.01985400
v -0.02435700 0.03031800 -0.01971700
v -0.02568200 0.02948000 -0.01218300
v -0.02320400 0.02991600 -0.03553300
v -0.02434600 0.02959400 -0.02787100
v -0.02407300 0.02989100 -0.02776800
v -0.02521000 0.02940700 -0.02013200
v -0.02493000 0.02971400 -0.01999300
v -0.02625300 0.02884500 -0.01253500
v -0.02597000 0.02916400 -0.01235900
v -0.02720300 0.02820400 -0.00497700
v -0.02691700 0.02853300 -0.00476400
v -0.02777000 0.02782200 0.00278900
v -0.02341800 0.02968600 -0.03558600
v -0.02738000 0.02433100 -0.03681300
v -0.02774300 0.02514500 -0.02940000
v -0.02752800 0.02547900 -0.02928600
v -0.02931000 0.02238300 -0.03033700
v -0.02894500 0.02308600 -0.03009900
v -0.02856200 0.02378100 -0.02986400
v -0.03010000 0.02235300 -0.02328800
v -0.02971900 0.02306800 -0.02297200
v -0.03116400 0.02157400 -0.01650400
v -0.03078400 0.02230600 -0.01610900
v -0.03213700 0.02074900 -0.00974700
v -0.03175600 0.02149600 -0.00927300
v -0.03263600 0.02063700 -0.00246800
v -0.03021500 0.01788200 -0.03829100
v -0.03112100 0.01801300 -0.03180900
v -0.03086600 0.01875700 -0.03155900
v -0.03092500 0.01512800 -0.03892100
v -0.03177600 0.01575000 -0.03256700
v -0.03157700 0.01650900 -0.03231300
v -0.03270400 0.01562400 -0.02623700
v -0.03225600 0.01715700 -0.02556800
v -0.03375000 0.01471500 -0.02017900
v -0.03128600 0.01306300 -0.03939500
v -0.03226300 0.01345000 -0.03333500
v -0.03212000 0.01422000 -0.03307800
v -0.03195700 0.01498700 -0.03282200
v -0.03323500 0.01329500 -0.02725000
v -0.03307700 0.01407400 -0.02691100
v -0.03427400 0.01235300 -0.02143700
v -0.03411800 0.01314400 -0.02101700
v -0.03523400 0.01139500 -0.01564000
v -0.03507900 0.01219400 -0.01513800
v -0.03611700 0.01041900 -0.00985800
v -0.03596100 0.01122500 -0.00927700
v -0.03676400 0.01023800 -0.00343100
v -0.03158600 0.00888800 -0.04035100
v -0.03274000 0.00800500 -0.03514900
v -0.03382700 0.00659700 -0.03015600
v -0.03484200 0.00517400 -0.02525400
v -0.03579000 0.00374100 -0.02044000
v -0.03667100 0.00230200 -0.01571400
v -0.03750700 0.00126300 -0.01074000
v -0.03151900 0.00670800 -0.04085100
v -0.03272200 0.00683300 -0.03554000
v -0.03273300 0.00722400 -0.03541000
v -0.03273900 0.00761500 -0.03528000
v -0.03381900 0.00620000 -0.03032800
v -0.03266100 0.00566400 -0.03593000
v -0.03270600 0.00644300 -0.03567000
v -0.03374300 0.00462100 -0.03101400
v -0.03379100 0.00541000 -0.03067100
v -0.03476500 0.00357700 -0.02610400
v -0.03481300 0.00437500 -0.02567900
v -0.03572600 0.00253400 -0.02119900
v -0.03577300 0.00333900 -0.02069300
v -0.03662700 0.00149100 -0.01630000
v -0.03068900 0.00127400 -0.04209600
v -0.03183500 0.00026800 -0.03773200
v -0.03271400 -0.00161100 -0.03372900
v -0.03352700 -0.00349800 -0.02988900
v -0.03427900 -0.00539300 -0.02620700
v -0.03415800 -0.00962000 -0.02438700
v -0.03506300 -0.01076800 -0.02060500
v -0.03164500 -0.00049000 -0.03798600
v -0.03032500 -0.00010900 -0.04241300
v -0.03143900 -0.00124400 -0.03823900
v -0.03121500 -0.00199400 -0.03849000
v -0.03228100 -0.00313500 -0.03439700
v -0.03121200 -0.00612500 -0.03571300
v -0.03223200 -0.00729900 -0.03194100
v -0.03159800 -0.00878400 -0.03274700
v -0.03258100 -0.00997100 -0.02913000
v -0.03188100 -0.01145600 -0.03008300
v -0.03282900 -0.01265600 -0.02661900
v -0.03206300 -0.01414200 -0.02771500
v -0.03374500 -0.01384700 -0.02315000
v -0.02947300 -0.00268900 -0.04300400
v -0.03015300 -0.00494100 -0.03948200
v -0.02870300 -0.00457600 -0.04343600
v -0.02952600 -0.00638000 -0.03996700
v -0.02775800 -0.00655400 -0.04388900
v -0.02883800 -0.00779400 -0.04044600
v -0.02809100 -0.00918100 -0.04091600
v -0.02912900 -0.01043600 -0.03762400
v -0.02663200 -0.00858700 -0.04435500
v -0.02191000 -0.01498600 -0.04582100
v -0.02115000 -0.01580900 -0.04601000
v -0.02218600 -0.01713200 -0.04363200
v -0.02200800 -0.01731800 -0.04369600
v -0.02291200 -0.01875400 -0.04135800
v -0.02265600 -0.01900800 -0.04148000
v -0.02353700 -0.02044000 -0.03916200
v -0.02307300 -0.02087100 -0.03942900
v -0.02392900 -0.02230600 -0.03715000
v -0.02360500 -0.02259400 -0.03736200
v -0.02444100 -0.02403000 -0.03510400
v -0.02410600 -0.02432300 -0.03534700
v -0.02526300 -0.02545500 -0.03283500
v -0.02112700 -0.01601900 -0.04585400
v -0.02176000 -0.01756500 -0.04378900
v -0.02220300 -0.01942400 -0.04170000
v -0.02275600 -0.02114800 -0.03961200
v -0.02327600 -0.02287600 -0.03757600
v -0.02107700 -0.01647500 -0.04551500
v -0.02131800 -0.01796700 -0.04396100
v -0.02189200 -0.01969100 -0.04185200
v -0.02243200 -0.02141700 -0.03979700
v -0.02099600 -0.01721700 -0.04496400
v -0.02101400 -0.01822200 -0.04408300
v -0.02157600 -0.01994800 -0.04200800
v -0.02348400 0.03174300 0.02010000
v -0.02377400 0.03140200 0.02257200
v -0.02338900 0.03170200 0.02284700
v -0.02415300 0.03109700 0.02229300
v -0.02342900 0.03182400 0.01916700
v -0.02337300 0.03190200 0.01823400
v -0.02101600 0.03387800 0.01042900
v -0.02096300 0.03395700 0.00735500
v -0.02022000 0.03447200 -0.00087000
v -0.01864600 0.03536300 -0.00886600
v -0.01739400 0.03584600 -0.01714800
v -0.02031800 0.03437300 0.00950000
v -0.02017500 0.03449200 0.00775700
v -0.01945100 0.03498600 -0.00052700
v -0.01826600 0.03560200 -0.00872900
v -0.01977500 0.03475400 0.00795400
v -0.01940600 0.03498200 0.00860100
v -0.01936900 0.03501100 0.00814800
v -0.01673900 0.03653700 0.00781900
v -0.01620500 0.03687100 0.00073300
v -0.01508800 0.03735700 -0.00771500
v -0.01393100 0.03768100 -0.01627200
v -0.01628900 0.03677100 0.00777600
v -0.01630500 0.03675900 0.00799800
v -0.01583500 0.03699900 0.00772900
v -0.01552700 0.03713300 0.00866900
v -0.01537800 0.03722200 0.00767600
v -0.01451400 0.03752200 0.01209000
v -0.00390800 -0.03041200 -0.04466600
v -0.00556000 -0.02810700 -0.04591500
v -0.00701100 -0.02578000 -0.04713700
v -0.01424700 -0.02393400 -0.04528100
v -0.01491100 -0.02572500 -0.04351800
v -0.01511100 -0.02564800 -0.04344000
v -0.01556600 -0.02750600 -0.04174500
v -0.01968500 -0.02335600 -0.04131100
v -0.02988500 -0.00902400 -0.03699600
v -0.03013800 -0.01168100 -0.03432700
v -0.03058000 -0.00758700 -0.03635900
v -0.03090000 -0.01024500 -0.03354200
v -0.03111600 -0.01291700 -0.03102400
v -0.03250600 -0.00237500 -0.03406400
v -0.03330200 -0.00426700 -0.03030300
v -0.03321400 -0.00846400 -0.02816500
v -0.03352800 -0.01114900 -0.02551000
v -0.03443900 -0.01231700 -0.02188500
v -0.03323400 0.00070400 -0.03271800
v -0.03409900 -0.00116600 -0.02863700
v -0.03489800 -0.00304500 -0.02471800
v -0.03563600 -0.00493200 -0.02096000
v -0.03651500 -0.00602600 -0.01670400
v -0.03380700 0.00580400 -0.03050000
v -0.03483000 0.00477400 -0.02546700
v -0.03379300 0.00857400 -0.02929900
v -0.03482000 0.00757400 -0.02397800
v -0.03577800 0.00656800 -0.01866700
v -0.03666800 0.00555500 -0.01336600
v -0.03743900 0.00535200 -0.00740800
v -0.03337500 0.01251300 -0.02759000
v -0.03441100 0.01156100 -0.02185900
v -0.03537100 0.01059400 -0.01614200
v -0.03625400 0.00961200 -0.01044100
v -0.03692100 0.00942700 -0.00409100
v -0.03290000 0.01485100 -0.02657300
v -0.03394300 0.01393100 -0.02059700
v -0.03490500 0.01299000 -0.01463800
v -0.03144300 0.01942000 -0.02457800
v -0.03278800 0.01781500 -0.01852400
v -0.03402300 0.01614600 -0.01265400
v -0.03515300 0.01442400 -0.00696800
v -0.03595000 0.01345900 -0.00080800
v -0.03046400 0.02163000 -0.02360700
v -0.03152600 0.02083400 -0.01690300
v -0.03249800 0.01999500 -0.01022500
v -0.03301700 0.01987900 -0.00302000
v -0.03342400 0.01973000 0.00430900
v -0.02931900 0.02377500 -0.02265900
v -0.02816100 0.02446700 -0.02963100
v -0.02890200 0.02447400 -0.02234800
v -0.03038500 0.02303200 -0.01571600
v -0.02801400 0.02584500 -0.02173700
v -0.02953100 0.02445800 -0.01494100
v -0.02907700 0.02516000 -0.01455900
v -0.03004700 0.02441400 -0.00741400
v -0.02994900 0.02504800 0.00075000
v -0.02966800 0.02563500 0.00915400
v -0.02978000 0.02545500 0.01713500
v -0.02548600 0.02909700 -0.02027300
v -0.02653300 0.02852300 -0.01271400
v -0.02748500 0.02787200 -0.00519200
v -0.02805900 0.02748400 0.00254000
v -0.02853000 0.02703100 0.01030500
v -0.02316200 0.03149100 -0.01918000
v -0.02479200 0.03041100 -0.01166500
v -0.02254000 0.03205800 -0.01891900
v -0.02417700 0.03101700 -0.01132700
v -0.02572500 0.02982300 -0.00392600
v -0.02354400 0.03160900 -0.01099500
v -0.02445800 0.03106700 -0.00311400
v -0.02391800 0.03166200 0.00563700
v -0.02391100 0.03157600 0.01407100
v -0.01853200 0.03465100 -0.02609200
v -0.01884700 0.03492000 -0.01758500
v -0.02012800 0.03436600 -0.00943600
v -0.02134000 0.03367000 -0.00140100
v -0.01626900 0.03649700 -0.01683900
v -0.01710300 0.03629300 -0.00833000
v -0.01467400 0.03755500 -0.00759900
v -0.01535200 0.03729600 0.00101900
v -0.01272100 0.03821000 -0.01601700
v -0.01196700 0.03816200 -0.02482000
v -0.01231200 0.03837800 -0.01593600
v -0.01341300 0.03812100 -0.00726900
v -0.00894400 0.03953400 -0.01537700
v -0.00945500 0.03954100 -0.00644000
v -0.00991900 0.03939800 0.00243800
v -0.00914000 0.03956300 0.00652700
v -0.00834500 0.03964600 0.01166500
v -0.00864900 0.03922600 0.02048500
v -0.00632000 0.04017700 -0.01506500
v -0.00669000 0.04023100 -0.00603600
v -0.00702700 0.04013000 0.00293300
v -0.00612200 0.04026400 0.00569100
v -0.00526900 0.04024600 0.01212200
v -0.00546400 0.03985000 0.02100900
v -0.00507700 0.03937700 0.02990500
v -0.00318200 0.04065900 -0.01483200
v -0.00297300 0.04041200 -0.02399100
v -0.00254800 0.04045300 -0.02397700
v -0.00272800 0.04070300 -0.01481100
v -0.00337300 0.04074800 -0.00573400
v -0.00289200 0.04079400 -0.00570700
v -0.00304100 0.04072600 0.00333500
v -0.01577200 -0.02742100 -0.04165800
v -0.01642500 -0.02918400 -0.03986500
v -0.02047300 -0.02492800 -0.03929200
v -0.03050200 0.02369500 -0.00787300
v -0.02510100 0.03045100 -0.00351600
v -0.02593300 0.02979500 0.00424900
v -0.01906000 0.03523700 -0.00036000
v -0.01578000 0.03708600 0.00087800
v -0.00354600 0.04067700 0.00330200
v -0.01707000 -0.03093900 -0.03806100
v -0.01621300 -0.02927900 -0.03996000
v -0.02277100 -0.02749700 -0.03470600
v -0.02124900 -0.02649000 -0.03726300
v -0.03700400 -0.00361400 -0.01472600
v -0.03753400 0.00289900 -0.00940700
v -0.03670400 0.00352200 -0.01483300
v -0.03514400 0.01584200 0.00113500
v -0.03435100 0.01678900 -0.00525900
v -0.03483800 0.01662900 0.00177700
v -0.03521400 0.01644000 0.00893600
v -0.03380600 0.01896300 0.00368200
v -0.03337900 0.01911400 -0.00357500
v -0.03072500 0.02420400 0.00797700
v -0.03092200 0.02360700 -0.00030400
v -0.02762500 0.02805100 0.01114800
v -0.02601300 0.02969900 0.01251200
v -0.02528100 0.03043000 0.00472000
v -0.02463200 0.03096300 0.01356200
v -0.02452600 0.03079000 0.02201100
v -0.00306200 0.04070300 0.00465800
v -0.02085700 -0.01677500 -0.04223100
v -0.01934300 -0.01717600 -0.04263200
v -0.02085700 -0.01802600 -0.04348200
v -0.01885100 -0.01789900 -0.04335500
v -0.01876800 -0.01918600 -0.04464100
v -0.01796300 -0.01839900 -0.04385500
v -0.01678900 -0.02014400 -0.04560000
v -0.01685700 -0.01857800 -0.04403400
v -0.01575100 -0.01839900 -0.04385500
v -0.01934300 -0.01637400 -0.04182900
v -0.02066100 -0.01590100 -0.04135700
v -0.02009300 -0.01511200 -0.04056800
v -0.01885100 -0.01565100 -0.04110600
v -0.01920800 -0.01448700 -0.03994200
v -0.01796300 -0.01515000 -0.04060600
v -0.01809300 -0.01408500 -0.03954100
v -0.01685700 -0.01497200 -0.04042800
v -0.01685700 -0.01394600 -0.03940200
v -0.01562100 -0.01408500 -0.03954100
v -0.01575100 -0.01515000 -0.04060600
v -0.01450600 -0.01448700 -0.03994200
v -0.01486300 -0.01565100 -0.04110600
v -0.01362100 -0.01511200 -0.04056800
v -0.01437100 -0.01637400 -0.04182900
v -0.01305300 -0.01590100 -0.04135700
v -0.01285700 -0.01677500 -0.04223100
v -0.01285700 -0.02163800 -0.04709400
v -0.01486300 -0.01789900 -0.04335500
v -0.01437100 -0.01717600 -0.04263200
v -0.01484300 -0.02095000 -0.04640600
v 0.01380500 -0.02216100 -0.04688200
v 0.01355900 -0.02141200 -0.04687300
v 0.01603500 -0.02133700 -0.04603700
v 0.01727600 -0.01991400 -0.04537000
v 0.01747400 -0.02070400 -0.04540200
v 0.01907700 -0.01901500 -0.04447000
v 0.02081400 -0.01897900 -0.04364200
v 0.02085800 -0.01800600 -0.04346200
v 0.02082500 -0.01873300 -0.04359600
v 0.02084700 -0.01824900 -0.04350600
v 0.02083600 -0.01849200 -0.04355100
v 0.01380500 -0.02216100 -0.04688200
v 0.01362300 -0.02222300 -0.04693700
v 0.01355900 -0.02141200 -0.04687300
v 0.01338000 -0.02146800 -0.04692400
v 0.01362300 -0.02222300 -0.04693700
v 0.01342000 -0.02228600 -0.04700100
v 0.01342000 -0.02228600 -0.04700100
v 0.01338000 -0.02146800 -0.04692400
v 0.01338000 -0.02146800 -0.04692400
v 0.01321800 -0.02234700 -0.04706500
v 0.01285800 -0.02163100 -0.04708700
v 0.01305700 -0.02239600 -0.04711500
v 0.01289400 -0.02244400 -0.04716500
v 0.01305700 -0.02239600 -0.04711500
v 0.01338300 -0.02335300 -0.04622000
v 0.01289400 -0.02244400 -0.04716500
v 0.01183200 -0.02392900 -0.04660800
v 0.01146600 -0.02274400 -0.04764200
v 0.01024000 -0.02445500 -0.04694600
v 0.00988800 -0.02312800 -0.04802700
v 0.00860900 -0.02492700 -0.04723000
v 0.00828500 -0.02345700 -0.04835700
v 0.00694300 -0.02534200 -0.04745600
v 0.00665800 -0.02372900 -0.04863000
v 0.00524500 -0.02569500 -0.04762000
v 0.00501300 -0.02394200 -0.04884400
v 0.00351900 -0.02598400 -0.04772000
v 0.00335400 -0.02409500 -0.04899800
v 0.00177100 -0.02620400 -0.04775100
v 0.00168600 -0.02418700 -0.04909100
v 0.00000400 -0.02777300 -0.04676400
v 0.00001800 -0.02207300 -0.05052000
v 0.01321800 -0.02234700 -0.04706500
v 0.01342000 -0.02228600 -0.04700100
v 0.01376500 -0.02320200 -0.04611600
v 0.01362300 -0.02222300 -0.04693700
v 0.01380500 -0.02216600 -0.04687600
v 0.01380500 -0.02216100 -0.04688200
v 0.01413400 -0.02305200 -0.04601000
v 0.01451200 -0.02289100 -0.04589900
v 0.01483100 -0.02372400 -0.04506400
v 0.01521800 -0.02357300 -0.04491700
v 0.01550700 -0.02549100 -0.04327600
v 0.01590600 -0.02532300 -0.04311100
v 0.01617600 -0.02724800 -0.04147700
v 0.01658800 -0.02706300 -0.04129400
v 0.01684000 -0.02899500 -0.03966700
v 0.01726400 -0.02879200 -0.03946500
v 0.01749800 -0.03073100 -0.03784600
v 0.01793300 -0.03051100 -0.03762700
v 0.01815000 -0.03245700 -0.03601400
v 0.01859600 -0.03221900 -0.03577700
v 0.01739300 -0.03490700 -0.03490700
v 0.01947200 -0.03172900 -0.03528800
v 0.02102400 -0.03284800 -0.03284800
v 0.02032700 -0.03121900 -0.03478200
v 0.02116000 -0.03069200 -0.03426100
v 0.02043600 -0.02908600 -0.03622400
v 0.02123100 -0.02857400 -0.03572900
v 0.02048100 -0.02698900 -0.03772400
v 0.02124100 -0.02649300 -0.03726100
v 0.02046500 -0.02492900 -0.03928900
v 0.02119100 -0.02444600 -0.03886400
v 0.02039100 -0.02290100 -0.04092800
v 0.02108600 -0.02242800 -0.04054800
v 0.02026000 -0.02090100 -0.04265100
v 0.02092400 -0.02043300 -0.04232400
v 0.01970100 -0.01987200 -0.04405300
v 0.02033200 -0.01938200 -0.04381800
v 0.01747400 -0.02070400 -0.04540200
v 0.02081400 -0.01897900 -0.04364200
v 0.01488300 -0.02272500 -0.04578400
v 0.01603500 -0.02133700 -0.04603700
v 0.01561400 -0.02237600 -0.04554600
v 0.01632900 -0.02200600 -0.04530000
v 0.01672600 -0.02291200 -0.04429600
v 0.01745900 -0.02255000 -0.04397300
v 0.01746100 -0.02459500 -0.04241500
v 0.01821600 -0.02420000 -0.04205200
v 0.01818900 -0.02626700 -0.04052300
v 0.01896400 -0.02584000 -0.04012000
v 0.01890900 -0.02792900 -0.03862000
v 0.01970400 -0.02746800 -0.03817700
v 0.01962200 -0.02957900 -0.03670600
v 0.01703000 -0.02161700 -0.04505000
v 0.01817900 -0.02216900 -0.04364500
v 0.01895500 -0.02378700 -0.04168200
v 0.01972300 -0.02539400 -0.03970800
v 0.02097500 -0.01735600 -0.04484500
v 0.02101400 -0.01820600 -0.04407700
v 0.02157100 -0.01993900 -0.04200400
v 0.02176400 -0.02193300 -0.04016900
v 0.02190100 -0.02394300 -0.03843500
v 0.02198200 -0.02597800 -0.03679000
v 0.02200700 -0.02804500 -0.03522300
v 0.02197300 -0.03014700 -0.03372400
v 0.02113700 -0.01579800 -0.04600800
v 0.02161300 -0.01768400 -0.04384000
v 0.02131700 -0.01795000 -0.04395600
v 0.02188700 -0.01968100 -0.04184800
v 0.02242500 -0.02141300 -0.03979400
v 0.02259300 -0.02342000 -0.03800500
v 0.02270600 -0.02544600 -0.03631300
v 0.02276300 -0.02750000 -0.03470600
v 0.02276400 -0.02958600 -0.03317400
v 0.02255800 -0.01422200 -0.04564600
v 0.02218300 -0.01711400 -0.04362900
v 0.02190000 -0.01740700 -0.04373100
v 0.02250100 -0.01913900 -0.04154900
v 0.02219700 -0.01941400 -0.04169600
v 0.02306500 -0.02086600 -0.03942700
v 0.02274800 -0.02114300 -0.03961000
v 0.02359600 -0.02259400 -0.03736100
v 0.02326700 -0.02287500 -0.03757500
v 0.02409600 -0.02432500 -0.03534600
v 0.02341100 -0.02489600 -0.03583100
v 0.02421700 -0.02635900 -0.03364700
v 0.02350000 -0.02693800 -0.03418000
v 0.02428400 -0.02841800 -0.03203700
v 0.02353500 -0.02901000 -0.03261200
v 0.02429600 -0.03050800 -0.03050800
v 0.02378400 -0.01272100 -0.04530200
v 0.02352300 -0.01563300 -0.04312100
v 0.02245700 -0.01682300 -0.04352900
v 0.02309200 -0.01855000 -0.04127000
v 0.02279600 -0.01885400 -0.04140700
v 0.02367900 -0.02028700 -0.03907400
v 0.02337600 -0.02058100 -0.03924900
v 0.02423700 -0.02201100 -0.03693900
v 0.02391900 -0.02230600 -0.03714900
v 0.02476100 -0.02373300 -0.03486100
v 0.02443200 -0.02403200 -0.03510300
v 0.02525500 -0.02545800 -0.03283600
v 0.02491400 -0.02576300 -0.03310700
v 0.02572000 -0.02718800 -0.03085900
v 0.02501300 -0.02781000 -0.03145300
v 0.02453900 -0.01440700 -0.04270000
v 0.02528600 -0.01066400 -0.04483100
v 0.02550400 -0.01314600 -0.04226900
v 0.02641700 -0.01185100 -0.04182700
v 0.02649800 -0.01449000 -0.03944000
v 0.02742900 -0.01316800 -0.03884600
v 0.02747000 -0.01582100 -0.03660300
v 0.02841600 -0.01447200 -0.03585900
v 0.02842000 -0.01714100 -0.03375800
v 0.02937900 -0.01576400 -0.03286400
v 0.02934700 -0.01844900 -0.03090500
v 0.03031700 -0.01704400 -0.02986100
v 0.03025200 -0.01974500 -0.02804500
v 0.03123100 -0.01831200 -0.02685100
v 0.03113500 -0.02102900 -0.02517600
v 0.03212000 -0.01956700 -0.02383400
v 0.03199600 -0.02230100 -0.02230100
v 0.03389300 -0.01929500 -0.01929500
v 0.03302900 -0.01807900 -0.02246900
v 0.03386300 -0.01656700 -0.02108300
v 0.03297300 -0.01536400 -0.02440300
v 0.03373800 -0.01385500 -0.02315200
v 0.03282000 -0.01266400 -0.02662200
v 0.03351800 -0.01115700 -0.02551200
v 0.03257000 -0.00997800 -0.02913200
v 0.03320300 -0.00847200 -0.02816700
v 0.03222000 -0.00730300 -0.03194200
v 0.03329000 -0.00427300 -0.03030400
v 0.03226700 -0.00313500 -0.03439700
v 0.03270100 -0.00161200 -0.03372900
v 0.03163100 -0.00048400 -0.03798400
v 0.03182000 0.00027400 -0.03773100
v 0.03070100 0.00140000 -0.04206700
v 0.03086900 0.00215100 -0.04189400
v 0.03070000 0.00140000 -0.04206700
v 0.03086900 0.00215100 -0.04189500
v 0.03096200 0.00260300 -0.04179100
v 0.03102000 0.00290600 -0.04172100
v 0.03199200 0.00103600 -0.03747600
v 0.03214600 0.00180100 -0.03722000
v 0.03306500 -0.00007300 -0.03305700
v 0.03322100 0.00070200 -0.03271800
v 0.03408700 -0.00117300 -0.02863900
v 0.03424300 -0.00038900 -0.02821900
v 0.03505900 -0.00226700 -0.02422100
v 0.03521300 -0.00147400 -0.02372000
v 0.03598100 -0.00335200 -0.01980500
v 0.03613200 -0.00255200 -0.01922400
v 0.03685300 -0.00443000 -0.01538900
v 0.03699900 -0.00362300 -0.01472800
v 0.03767400 -0.00550000 -0.01097500
v 0.03781300 -0.00468700 -0.01023500
v 0.03844500 -0.00656200 -0.00656200
v 0.03793500 -0.00387300 -0.00949400
v 0.03803900 -0.00305700 -0.00875200
v 0.03723700 -0.00200400 -0.01340300
v 0.03733000 -0.00119200 -0.01273900
v 0.03647800 -0.00013900 -0.01747400
v 0.03655800 0.00066900 -0.01688900
v 0.03565200 0.00171900 -0.02170700
v 0.03571700 0.00252200 -0.02120100
v 0.03475400 0.00356800 -0.02610600
v 0.03480200 0.00436500 -0.02568100
v 0.03377700 0.00540500 -0.03067200
v 0.03379400 0.00579900 -0.03050100
v 0.03270600 0.00683500 -0.03553900
v 0.03271700 0.00722600 -0.03540900
v 0.03156500 0.00825600 -0.04049600
v 0.03156900 0.00864000 -0.04040700
v 0.03156900 0.00864000 -0.04040800
v 0.03156800 0.00895000 -0.04033700
v 0.03156500 0.00825600 -0.04049600
v 0.03150100 0.00672000 -0.04084800
v 0.03154200 0.00748700 -0.04067200
v 0.03150100 0.00672000 -0.04084800
v 0.03154200 0.00748700 -0.04067200
v 0.03150100 0.00671900 -0.04084800
v 0.03264600 0.00566700 -0.03592900
v 0.03258200 0.00488900 -0.03618800
v 0.03366400 0.00382900 -0.03135700
v 0.03358000 0.00304400 -0.03169800
v 0.03460300 0.00197900 -0.02695300
v 0.03450100 0.00118700 -0.02737600
v 0.03546800 0.00011800 -0.02271500
v 0.03535000 -0.00067900 -0.02321800
v 0.03626500 -0.00175000 -0.01864200
v 0.02538200 -0.01052300 -0.04479900
v 0.02624500 -0.00918900 -0.04449300
v 0.02622400 -0.00922300 -0.04450100
v 0.02727700 -0.01052500 -0.04137500
v 0.02701400 -0.00789200 -0.04419600
v 0.02766500 -0.00669600 -0.04392200
v 0.02808100 -0.00916800 -0.04091300
v 0.02775000 -0.00653200 -0.04388400
v 0.02882700 -0.00778200 -0.04044300
v 0.02842700 -0.00514300 -0.04356600
v 0.02951500 -0.00636900 -0.03996500
v 0.02857400 -0.00482000 -0.04349200
v 0.02904500 -0.00372800 -0.04324200
v 0.02904500 -0.00372800 -0.04324200
v 0.02965500 -0.00213700 -0.04287700
v 0.02775000 -0.00653200 -0.04388400
v 0.02842700 -0.00514300 -0.04356600
v 0.03031700 -0.00007100 -0.04240400
v 0.03009100 -0.00082800 -0.04257700
v 0.03009100 -0.00082800 -0.04257700
v 0.03014100 -0.00493100 -0.03947900
v 0.03120100 -0.00198600 -0.03848800
v 0.03119900 -0.00612300 -0.03571200
v 0.03051500 0.00065300 -0.04223800
v 0.03051500 0.00065300 -0.04223800
v 0.03133900 0.00497400 -0.04124800
v 0.03115300 0.00366400 -0.04154800
v 0.03102000 0.00290600 -0.04172200
v 0.03102000 0.00290600 -0.04172200
v 0.03115300 0.00366400 -0.04154800
v 0.03115300 0.00366400 -0.04154800
v 0.03126800 0.00442500 -0.04137300
v 0.03228200 0.00256900 -0.03696300
v 0.03240100 0.00334000 -0.03670500
v 0.03335900 0.00148000 -0.03237900
v 0.03347800 0.00226100 -0.03203900
v 0.03438100 0.00039700 -0.02779800
v 0.03152000 0.00702000 -0.04077900
v 0.03144200 0.00595300 -0.04102400
v 0.03136400 0.00518800 -0.04119900
v 0.03144200 0.00595300 -0.04102400
v 0.03136400 0.00518800 -0.04119900
v 0.03144200 0.00595300 -0.04102300
v 0.03136400 0.00518800 -0.04119900
v 0.03250000 0.00411400 -0.03644700
v 0.03148100 0.01108600 -0.03984700
v 0.03155200 0.00979400 -0.04014400
v 0.03156800 0.00902500 -0.04032000
v 0.03156800 0.00902500 -0.04031900
v 0.03155200 0.00979300 -0.04014300
v 0.03272500 0.00800600 -0.03514900
v 0.03271400 0.00878700 -0.03488900
v 0.03381700 0.00698600 -0.02998600
v 0.03380800 0.00777700 -0.02964300
v 0.03484300 0.00596500 -0.02483100
v 0.03483600 0.00676400 -0.02440600
v 0.03580400 0.00494100 -0.01968200
v 0.03579700 0.00574800 -0.01917600
v 0.03670000 0.00391600 -0.01454300
v 0.03669000 0.00472900 -0.01395600
v 0.03753000 0.00288900 -0.00940900
v 0.03751700 0.00370700 -0.00874300
v 0.03829400 0.00186100 -0.00428500
v 0.03827600 0.00268200 -0.00353900
v 0.03900100 0.00000800 0.00000800
v 0.03886400 0.00329800 0.00329800
v 0.03818600 0.00432300 -0.00205000
v 0.03802400 0.00596200 -0.00056300
v 0.03728400 0.00697600 -0.00608000
v 0.03705900 0.00860500 -0.00475400
v 0.03625100 0.00959900 -0.01044300
v 0.03595800 0.01121300 -0.00927900
v 0.03507400 0.01218100 -0.01514100
v 0.03470900 0.01377200 -0.01414200
v 0.03374400 0.01470400 -0.02018200
v 0.03353200 0.01548500 -0.01976500
v 0.03248100 0.01638400 -0.02590400
v 0.03224900 0.01714800 -0.02557000
v 0.03111000 0.01800900 -0.03181000
v 0.03085500 0.01875300 -0.03156000
v 0.02962700 0.01956900 -0.03790300
v 0.02934800 0.02028800 -0.03773800
v 0.02945500 0.02002000 -0.03780100
v 0.02934800 0.02028800 -0.03773900
v 0.02934800 0.02028800 -0.03773900
v 0.02905200 0.02100100 -0.03757600
v 0.02873700 0.02170600 -0.03741400
v 0.02846800 0.02227300 -0.03728400
v 0.02873700 0.02170600 -0.03741400
v 0.02873700 0.02170600 -0.03741400
v 0.02905200 0.02100100 -0.03757600
v 0.02873700 0.02170600 -0.03741300
v 0.02905200 0.02100100 -0.03757500
v 0.03028900 0.02022300 -0.03106600
v 0.03058100 0.01949100 -0.03131200
v 0.03172600 0.01866300 -0.02490800
v 0.03199700 0.01790800 -0.02523800
v 0.03305200 0.01703500 -0.01893700
v 0.03330200 0.01626200 -0.01935000
v 0.03426900 0.01535100 -0.01315000
v 0.03449900 0.01456300 -0.01364500
v 0.03538100 0.01361700 -0.00754500
v 0.03559200 0.01281900 -0.00812100
v 0.03639300 0.01184400 -0.00211700
v 0.03676200 0.01022800 -0.00343300
v 0.03748700 0.00922700 0.00239700
v 0.03779100 0.00759700 0.00091900
v 0.03844500 0.00657700 0.00657700
v 0.03123400 0.01330800 -0.03933800
v 0.03146200 0.01132900 -0.03979200
v 0.03146200 0.01132900 -0.03979200
v 0.03146200 0.01132800 -0.03979100
v 0.03129700 0.01285800 -0.03944100
v 0.03263400 0.01034600 -0.03437000
v 0.03247900 0.01190100 -0.03385100
v 0.03373500 0.00935700 -0.02895800
v 0.03358700 0.01093500 -0.02827300
v 0.03476600 0.00836300 -0.02355600
v 0.03462200 0.00995900 -0.02270700
v 0.03572700 0.00736200 -0.01816400
v 0.03558300 0.00897400 -0.01715300
v 0.03661700 0.00635500 -0.01278300
v 0.03647000 0.00798000 -0.01161100
v 0.03743700 0.00534200 -0.00741100
v 0.03085600 0.01537900 -0.03886400
v 0.03105700 0.01437700 -0.03909300
v 0.03105700 0.01437700 -0.03909300
v 0.03105700 0.01437700 -0.03909300
v 0.03074200 0.01588400 -0.03874800
v 0.03074100 0.01588400 -0.03874800
v 0.03035100 0.01737400 -0.03840600
v 0.03035100 0.01737400 -0.03840700
v 0.03017900 0.01795000 -0.03827500
v 0.03035100 0.01737400 -0.03840700
v 0.03074100 0.01588400 -0.03874800
v 0.02962700 0.01956900 -0.03790400
v 0.02988700 0.01884300 -0.03807000
v 0.03012800 0.01811100 -0.03823800
v 0.02988700 0.01884300 -0.03807000
v 0.03012800 0.01811100 -0.03823800
v 0.03012800 0.01811100 -0.03823800
v 0.03012800 0.01811100 -0.03823700
v 0.03156500 0.01650500 -0.03231400
v 0.03194400 0.01498400 -0.03282200
v 0.03306800 0.01406600 -0.02691300
v 0.03336500 0.01250500 -0.02759100
v 0.03440300 0.01155000 -0.02186100
v 0.02749700 0.02410900 -0.03686400
v 0.02805400 0.02309200 -0.03709700
v 0.02805400 0.02309200 -0.03709700
v 0.02805400 0.02309200 -0.03709600
v 0.02768700 0.02377200 -0.03694000
v 0.02930300 0.02237700 -0.03033900
v 0.02893800 0.02308000 -0.03010100
v 0.03045900 0.02162100 -0.02360900
v 0.03009600 0.02234400 -0.02329000
v 0.03152400 0.02082400 -0.01690500
v 0.03116300 0.02156300 -0.01650600
v 0.03249800 0.01998500 -0.01022700
v 0.03213700 0.02073800 -0.00974900
v 0.03338000 0.01910400 -0.00357700
v 0.03301800 0.01986900 -0.00302200
v 0.03417000 0.01818200 0.00304900
v 0.03380700 0.01895500 0.00368000
v 0.03486900 0.01721900 0.00964600
v 0.03450400 0.01799700 0.01035300
v 0.03547600 0.01621400 0.01621400
v 0.03431500 0.01838500 0.01070500
v 0.03412000 0.01877100 0.01105500
v 0.03342500 0.01972300 0.00430800
v 0.03322700 0.02010500 0.00462000
v 0.03244000 0.02100500 -0.00219600
v 0.03223800 0.02138100 -0.00192300
v 0.03135800 0.02222700 -0.00880500
v 0.03115100 0.02259400 -0.00857100
v 0.03017800 0.02338200 -0.01552300
v 0.02996700 0.02373900 -0.01532900
v 0.02890000 0.02446500 -0.02235000
v 0.02801200 0.02583600 -0.02173900
v 0.02685200 0.02646300 -0.02894900
v 0.02589900 0.02774600 -0.02850800
v 0.02464700 0.02825700 -0.03591200
v 0.02414900 0.02885400 -0.03577500
v 0.02439300 0.02856600 -0.03584200
v 0.02377700 0.02928000 -0.03567900
v 0.02619800 0.02618000 -0.03638900
v 0.02690100 0.02510500 -0.03663500
v 0.02690100 0.02510500 -0.03663500
v 0.02710300 0.02477600 -0.03671100
v 0.02730200 0.02444300 -0.03678700
v 0.02730200 0.02444300 -0.03678700
v 0.02749700 0.02410900 -0.03686400
v 0.02730200 0.02444300 -0.03678600
v 0.02749700 0.02410900 -0.03686300
v 0.02874900 0.02342900 -0.02998300
v 0.02522000 0.02753200 -0.03607900
v 0.02559700 0.02702900 -0.03619400
v 0.02559700 0.02702900 -0.03619400
v 0.02559700 0.02702900 -0.03619400
v 0.02464700 0.02825700 -0.03591300
v 0.02332300 0.02978000 -0.03556400
v 0.02363600 0.02943800 -0.03564300
v 0.02363700 0.02943800 -0.03564200
v 0.02389500 0.02914700 -0.03570800
v 0.02514000 0.02868000 -0.02818600
v 0.02539700 0.02837200 -0.02829300
v 0.02654900 0.02782000 -0.02084900
v 0.02705400 0.02716900 -0.02114200
v 0.02811500 0.02652600 -0.01381000
v 0.02907800 0.02515000 -0.01456100
v 0.03004800 0.02440500 -0.00741600
v 0.03094000 0.02296000 -0.00833800
v 0.03181900 0.02212700 -0.00137900
v 0.03203100 0.02175500 -0.00165100
v 0.03281700 0.02086400 0.00524100
v 0.03302500 0.02048500 0.00493100
v 0.03371700 0.01953900 0.01175400
v 0.03392100 0.01915600 0.01140500
v 0.03389100 0.01931000 0.01930900
v 0.02164100 0.03146000 -0.03517900
v 0.02256700 0.03056800 -0.03538400
v 0.02283900 0.03029000 -0.03544700
v 0.02310900 0.03000900 -0.03551200
v 0.02284000 0.03029000 -0.03544600
v 0.02310900 0.03000900 -0.03551100
v 0.02434600 0.02958800 -0.02787200
v 0.02461500 0.02928800 -0.02797600
v 0.02576000 0.02877700 -0.02041700
v 0.02602700 0.02846100 -0.02056000
v 0.02708000 0.02786200 -0.01307500
v 0.02734500 0.02753200 -0.01325700
v 0.02830600 0.02685100 -0.00584700
v 0.02856900 0.02650800 -0.00606700
v 0.02943600 0.02574800 0.00126700
v 0.02995200 0.02504000 0.00074800
v 0.03072700 0.02419800 0.00797500
v 0.03170500 0.02273400 0.00677400
v 0.03140800 0.02329000 0.01516500
v 0.03239100 0.02180900 0.01381700
v 0.03199300 0.02231500 0.02231500
v 0.01993800 0.03293000 -0.03484200
v 0.02026200 0.03266600 -0.03490300
v 0.02144100 0.03164500 -0.03513700
v 0.02144100 0.03164500 -0.03513600
v 0.02026200 0.03266600 -0.03490200
v 0.02265200 0.03131800 -0.02726900
v 0.02144900 0.03240600 -0.02688800
v 0.02377000 0.03090400 -0.01944800
v 0.02254400 0.03205200 -0.01892000
v 0.02479600 0.03040400 -0.01166700
v 0.02354800 0.03160300 -0.01099600
v 0.02572800 0.02981700 -0.00392700
v 0.02446200 0.03106100 -0.00311500
v 0.02656800 0.02914300 0.00376800
v 0.02528400 0.03042500 0.00471900
v 0.02731500 0.02838200 0.01142400
v 0.02601600 0.02969500 0.01251200
v 0.02665700 0.02887200 0.02025700
v 0.02596800 0.02952300 0.02085300
v 0.02720600 0.02795500 0.02795500
v 0.02561600 0.02984400 0.02114700
v 0.02525800 0.03016200 0.02143800
v 0.02498800 0.03064900 0.01330300
v 0.02463500 0.03096000 0.01356100
v 0.02392200 0.03165800 0.00563600
v 0.02356900 0.03195700 0.00585900
v 0.02277500 0.03254400 -0.00214300
v 0.02242400 0.03283000 -0.00195400
v 0.02154900 0.03330200 -0.01003900
v 0.02084900 0.03383900 -0.00973400
v 0.01990400 0.03417900 -0.01793200
v 0.01920800 0.03467300 -0.01770000
v 0.01819800 0.03487500 -0.02601100
v 0.01750900 0.03532300 -0.02585000
v 0.01643900 0.03537900 -0.03428000
v 0.01576400 0.03577700 -0.03418900
v 0.01643900 0.03537900 -0.03428100
v 0.01576400 0.03577700 -0.03419000
v 0.01771700 0.03456300 -0.03446800
v 0.01561600 0.03586200 -0.03417100
v 0.01871900 0.03386300 -0.03462900
v 0.01903300 0.03363100 -0.03468200
v 0.01934500 0.03339500 -0.03473600
v 0.01903300 0.03363100 -0.03468100
v 0.01934500 0.03339500 -0.03473500
v 0.02050900 0.03318500 -0.02661200
v 0.02082500 0.03292900 -0.02670300
v 0.02190700 0.03260500 -0.01866500
v 0.01368400 0.03687600 -0.03393800
v 0.01438600 0.03652600 -0.03401700
v 0.01508000 0.03616000 -0.03410100
v 0.01680700 0.03575600 -0.02569500
v 0.01849600 0.03515300 -0.01747400
v 0.02013400 0.03436100 -0.00943700
v 0.02170900 0.03339100 -0.00158400
v 0.02321200 0.03225400 0.00608100
v 0.02427700 0.03126800 0.01381700
v 0.02489600 0.03047700 0.02172600
v 0.02429200 0.03052200 0.03052200
v 0.01195500 0.03765200 -0.03376100
v 0.01297300 0.03720900 -0.03386200
v 0.01297300 0.03720900 -0.03386100
v 0.01368400 0.03687600 -0.03393700
v 0.01463400 0.03695500 -0.02526100
v 0.01536900 0.03657200 -0.02540000
v 0.01627700 0.03649300 -0.01683900
v 0.01703000 0.03606300 -0.01704400
v 0.01788900 0.03583300 -0.00859400
v 0.01865400 0.03535900 -0.00886600
v 0.01945700 0.03498300 -0.00052700
v 0.02022600 0.03446800 -0.00087000
v 0.02096800 0.03395400 0.00735500
v 0.02173500 0.03340200 0.00694000
v 0.02179200 0.03329600 0.01177500
v 0.02278700 0.03248300 0.01433800
v 0.00983700 0.03845000 -0.03357800
v 0.01042600 0.03824400 -0.03362500
v 0.01079500 0.03810900 -0.03365600
v 0.01152800 0.03782600 -0.03372100
v 0.01079500 0.03810900 -0.03365400
v 0.01152800 0.03782600 -0.03371900
v 0.01236400 0.03799900 -0.02487900
v 0.01313100 0.03766800 -0.02500000
v 0.01394000 0.03767700 -0.01627300
v 0.01473100 0.03730000 -0.01645400
v 0.01550500 0.03715000 -0.00783300
v 0.01631500 0.03672900 -0.00807700
v 0.01704700 0.03642500 0.00043500
v 0.01786800 0.03596300 0.00012600
v 0.01836300 0.03563100 0.00795900
v 0.01937500 0.03500900 0.00814900
v 0.01941200 0.03498000 0.00860300
v 0.02018100 0.03449000 0.00775800
v 0.02032400 0.03437100 0.00950500
v 0.02101600 0.03388000 0.01042700
v 0.00762200 0.03911800 -0.03342500
v 0.00779900 0.03907000 -0.03343600
v 0.00855600 0.03885600 -0.03348500
v 0.00930900 0.03862400 -0.03353800
v 0.00855700 0.03885600 -0.03348300
v 0.00930900 0.03862400 -0.03353600
v 0.01001100 0.03888100 -0.02455500
v 0.01040800 0.03874600 -0.02460500
v 0.01107800 0.03884600 -0.01570900
v 0.01149500 0.03869400 -0.01578300
v 0.01212900 0.03864000 -0.00696500
v 0.01256300 0.03847100 -0.00706400
v 0.01315700 0.03826600 0.00167400
v 0.01360500 0.03808100 0.00155000
v 0.01415600 0.03772600 0.01020500
v 0.01448900 0.03769800 0.00129100
v 0.01552700 0.03713300 0.00866900
v 0.01535800 0.03729300 0.00101800
v 0.01624200 0.03679100 0.00803300
v 0.01621000 0.03686900 0.00073300
v 0.01711400 0.03633800 0.00774700
v 0.01762200 0.03605900 0.00775500
v 0.00549700 0.03960200 -0.03331400
v 0.00626900 0.03944400 -0.03334800
v 0.00703600 0.03926600 -0.03338900
v 0.00779900 0.03907000 -0.03343400
v 0.00840000 0.03937600 -0.02437300
v 0.00920900 0.03913800 -0.02446000
v 0.00981200 0.03927300 -0.01550300
v 0.01065800 0.03899300 -0.01563800
v 0.01125300 0.03896100 -0.00677800
v 0.01169200 0.03880300 -0.00687000
v 0.01225100 0.03861700 0.00191200
v 0.01270600 0.03844400 0.00179500
v 0.01322600 0.03810700 0.01049400
v 0.01369300 0.03791900 0.01035200
v 0.01417000 0.03743200 0.01897500
v 0.01464700 0.03723200 0.01880600
v 0.01501700 0.03670000 0.02610100
v 0.01597300 0.03627800 0.02562300
v 0.01604000 0.03616800 0.02695000
v 0.01653200 0.03601700 0.02532900
v 0.01698300 0.03571500 0.02653300
v 0.01790600 0.03524100 0.02609700
v 0.01739100 0.03492200 0.03492200
v 0.01880900 0.03474700 0.02564300
v 0.02102400 0.03286500 0.03286500
v 0.01969100 0.03423300 0.02517100
v 0.02055200 0.03370100 0.02468200
v 0.02045700 0.03384000 0.02318200
v 0.02139000 0.03315000 0.02417600
v 0.02220700 0.03258200 0.02365500
v 0.00293200 0.03998600 -0.03322600
v 0.00472100 0.03974200 -0.03328000
v 0.00549700 0.03960300 -0.03331200
v 0.00676100 0.03979000 -0.02422000
v 0.00758400 0.03959300 -0.02429300
v 0.00808900 0.03976900 -0.01526200
v 0.00895500 0.03953200 -0.01537700
v 0.00946300 0.03953900 -0.00644000
v 0.01036400 0.03926100 -0.00660200
v 0.01086600 0.03910200 0.00224000
v 0.01179300 0.03878400 0.00202500
v 0.01228000 0.03846400 0.01076600
v 0.01275400 0.03828800 0.01063300
v 0.01320300 0.03781600 0.01929800
v 0.01368800 0.03762700 0.01913900
v 0.01404200 0.03709900 0.02656000
v 0.01453200 0.03690200 0.02633300
v 0.01458800 0.03680500 0.02753700
v 0.01507700 0.03659800 0.02734700
v 0.01544600 0.03582600 0.03582600
v 0.00001200 0.04014400 -0.03317800
v 0.00171600 0.04051400 -0.02395400
v 0.00256700 0.04045100 -0.02397700
v 0.00341400 0.04036300 -0.02400900
v 0.00364800 0.04060700 -0.01485700
v 0.00544400 0.04034300 -0.01498400
v 0.00576100 0.04040900 -0.00593100
v 0.00670000 0.04022900 -0.00603600
v 0.00703400 0.04012800 0.00293300
v 0.00800900 0.03991000 0.00278600
v 0.00834900 0.03964400 0.01166500
v 0.00935200 0.03938900 0.01147000
v 0.00968900 0.03896000 0.02026100
v 0.01071300 0.03866600 0.02001300
v 0.01100500 0.03814600 0.02780300
v 0.01203600 0.03782200 0.02741100
v 0.01207400 0.03774600 0.02840400
v 0.01309300 0.03738800 0.02807400
v 0.01341800 0.03663400 0.03663400
v 0.01359500 0.03720000 0.02790100
v 0.01409400 0.03700600 0.02772200
v 0.01354700 0.03728900 0.02678100
v 0.00086400 0.04055300 -0.02394000
v 0.00001000 0.04056600 -0.02393500
v 0.00092200 0.04081200 -0.01475900
v 0.00000800 0.04082600 -0.01475200
v 0.00097400 0.04091100 -0.00564000
v 0.00000600 0.04092600 -0.00563100
v 0.00102200 0.04084900 0.00341700
v 0.00000500 0.04086500 0.00342800
v 0.00106500 0.04062800 0.01241100
v 0.00000300 0.04064400 0.01242300
v 0.00110300 0.04024600 0.02134000
v 0.00000200 0.04026200 0.02135400
v 0.00113600 0.03971000 0.03011200
v 0.00000100 0.03972100 0.03022000
v 0.00113600 0.03970300 0.03020400
v 0.00000000 0.03901900 0.03901900
v 0.00232500 0.03894900 0.03894900
v 0.00463500 0.03874200 0.03874200
v 0.00339700 0.03956700 0.03007900
v 0.00226800 0.03965200 0.03015700
v 0.00691100 0.03840000 0.03840000
v 0.00674000 0.03911400 0.02966300
v 0.00452000 0.03944900 0.02997000
v 0.00339400 0.03958700 0.02980300
v 0.00226700 0.03966500 0.02997300
v 0.00220200 0.04019500 0.02129900
v 0.00783400 0.03889900 0.02946600
v 0.00914200 0.03793000 0.03793000
v 0.00891600 0.03865400 0.02924000
v 0.00998400 0.03838000 0.02898800
v 0.00889500 0.03870800 0.02851100
v 0.00995800 0.03844100 0.02817000
v 0.00865100 0.03922600 0.02048500
v 0.01131500 0.03734000 0.03734000
v 0.01103700 0.03807700 0.02870900
v 0.02796900 0.02753500 0.01903500
v 0.02976800 0.02520700 0.02520700
v 0.02859400 0.02685100 0.01841100
v 0.02889800 0.02650400 0.01809500
v 0.02823600 0.02736900 0.01058700
v 0.02853300 0.02702600 0.01030400
v 0.02748000 0.02815200 0.00303600
v 0.02777400 0.02781600 0.00278800
v 0.02663000 0.02885300 -0.00455300
v 0.02692100 0.02852600 -0.00476500
v 0.02568500 0.02947200 -0.01218500
v 0.02597300 0.02915600 -0.01236000
v 0.02464800 0.03001100 -0.01985600
v 0.02493200 0.02970600 -0.01999500
v 0.02351600 0.03046700 -0.02756700
v 0.02379700 0.03017700 -0.02766800
v 0.02229000 0.03084200 -0.03532000
v 0.02256700 0.03056800 -0.03538300
v 0.03034300 0.02474000 0.01648600
v 0.03006500 0.02509700 0.01681100
v 0.02978100 0.02545300 0.01713500
v 0.02939300 0.02598200 0.00944300
v 0.02911100 0.02633300 0.00973200
v 0.02834700 0.02713700 0.00228700
v 0.02806300 0.02747800 0.00253900
v 0.02720700 0.02819700 -0.00497900
v 0.03554100 0.01564800 0.00822000
v 0.03675700 0.01304900 0.01304900
v 0.03584900 0.01485600 0.00750200
v 0.03613800 0.01406100 0.00678100
v 0.03514400 0.01583400 0.00113300
v 0.03543100 0.01504300 0.00048800
v 0.03435000 0.01677800 -0.00526100
v 0.03463600 0.01599400 -0.00582900
v 0.03346800 0.01768900 -0.01167700
v 0.03375400 0.01691400 -0.01216600
v 0.03249700 0.01856700 -0.01811700
v 0.03278400 0.01780400 -0.01852600
v 0.03143700 0.01941200 -0.02458000
v 0.03774500 0.00983200 0.00983200
v 0.03666100 0.01246100 0.00532900
v 0.03640900 0.01326200 0.00605600
v 0.03711000 0.01084800 0.00386700
v 0.03689500 0.01165600 0.00459900
v 0.03618000 0.01264800 -0.00146200
v 0.03594900 0.01345000 -0.00081000
v 0.03515200 0.01441300 -0.00697100
v 0.03490300 0.01520500 -0.00639900
v 0.03402100 0.01613400 -0.01265700
v 0.03886300 -0.00328300 -0.00328300
v 0.03827900 0.00021800 -0.00577500
v 0.03828900 0.00062800 -0.00540300
v 0.03829500 0.00103900 -0.00503000
v 0.03752500 0.00207100 -0.01007600
v 0.03753000 0.00248000 -0.00974200
v 0.03669700 0.00351000 -0.01483600
v 0.03812500 -0.00224000 -0.00800800
v 0.03819400 -0.00142100 -0.00726500
v 0.03740500 -0.00037800 -0.01207400
v 0.03746300 0.00043700 -0.01140800
v 0.03662000 0.00147800 -0.01630300
v 0.03666500 0.00228900 -0.01571700
v 0.03576400 0.00332600 -0.02069600
v 0.03578100 0.00372900 -0.02044200
v 0.03481900 0.00476400 -0.02546900
v 0.03483200 0.00516500 -0.02525600
v 0.03380600 0.00619500 -0.03032900
v 0.03381400 0.00659100 -0.03015800
v 0.03272300 0.00761600 -0.03527900
v 0.03751800 -0.00631000 -0.01171300
v 0.03774500 -0.00981700 -0.00981700
v 0.03734300 -0.00711900 -0.01244900
v 0.03694200 -0.00872800 -0.01391600
v 0.03650900 -0.00603500 -0.01670600
v 0.03609500 -0.00762900 -0.01801600
v 0.03562700 -0.00494300 -0.02096300
v 0.03520400 -0.00652000 -0.02211400
v 0.03469900 -0.00384100 -0.02521900
v 0.03426900 -0.00540200 -0.02621000
v 0.03372300 -0.00273100 -0.02947400
v 0.03592600 -0.01191100 -0.01682200
v 0.03675800 -0.01303400 -0.01303400
v 0.03531100 -0.01348000 -0.01825700
v 0.03547700 -0.01619900 -0.01619900
v 0.03462400 -0.01503300 -0.01967800
v 0.03007300 -0.02246100 -0.02649200
v 0.02977200 -0.02519300 -0.02519300
v 0.02893300 -0.02386200 -0.02777900
v 0.02771400 -0.02522500 -0.02903300
v 0.02807700 -0.02251900 -0.03035800
v 0.02687900 -0.02385300 -0.03147100
v 0.02720200 -0.02116400 -0.03292800
v 0.02602700 -0.02246900 -0.03390100
v 0.02630900 -0.01979900 -0.03548900
v 0.02515900 -0.02107400 -0.03632100
v 0.02539900 -0.01842200 -0.03804100
v 0.02427400 -0.01966800 -0.03873300
v 0.02447000 -0.01703300 -0.04058500
v 0.02337400 -0.01825100 -0.04113500
v 0.02720900 -0.02794100 -0.02794100
v 0.02739700 -0.02556000 -0.02934100
v 0.02656800 -0.02418000 -0.03174500
v 0.02572200 -0.02278900 -0.03414000
v 0.02486100 -0.02138700 -0.03652500
v 0.02398400 -0.01997400 -0.03890200
v 0.02606600 -0.02687100 -0.03055900
v 0.02640600 -0.02655100 -0.03025700
v 0.02559000 -0.02514800 -0.03256400
v 0.02592000 -0.02483300 -0.03229100
v 0.02508500 -0.02342800 -0.03462000
v 0.02540200 -0.02311700 -0.03438000
v 0.02454700 -0.02170900 -0.03673200
v 0.01544700 -0.03581000 -0.03581000
v 0.01489500 -0.03397200 -0.03753400
v 0.01678700 -0.03313600 -0.03669600
v 0.01724800 -0.03291400 -0.03647400
v 0.01662300 -0.03115100 -0.03827000
v 0.01705500 -0.03094700 -0.03806100
v 0.01640800 -0.02919400 -0.03986500
v 0.01292800 -0.03471900 -0.03828200
v 0.01342000 -0.03661900 -0.03661900
v 0.01089200 -0.03536800 -0.03893300
v 0.01131500 -0.03732200 -0.03732200
v 0.00879500 -0.03591300 -0.03947900
v 0.00914300 -0.03791300 -0.03791300
v 0.00664500 -0.03634500 -0.03991200
v 0.00691200 -0.03838300 -0.03838300
v 0.00445400 -0.03665900 -0.04022700
v 0.00463500 -0.03872400 -0.03872400
v 0.00223300 -0.03684900 -0.04041700
v 0.00232500 -0.03893100 -0.03893100
v 0.00000000 -0.03900000 -0.03900000
v -0.00000200 -0.03341500 -0.04292400
v 0.00214100 -0.03475900 -0.04189200
v 0.00427200 -0.03458600 -0.04171800
v 0.00408900 -0.03250400 -0.04319800
v 0.00610700 -0.03224500 -0.04293700
v 0.00583600 -0.03018200 -0.04443100
v 0.00773700 -0.02986000 -0.04410700
v 0.00738000 -0.02782500 -0.04562700
v 0.00916700 -0.02746300 -0.04526200
v 0.00872700 -0.02546400 -0.04681600
v 0.01040500 -0.02508200 -0.04643200
v 0.00195800 -0.03055500 -0.04480700
v 0.00204900 -0.03266100 -0.04335600
v 0.00317000 -0.02198100 -0.05041300
v 0.00629700 -0.02168500 -0.05010200
v 0.00786900 -0.02158100 -0.04978100
v 0.00943500 -0.02142200 -0.04940500
v 0.01099000 -0.02120700 -0.04897200
v 0.01252900 -0.02093600 -0.04848300
v 0.01284800 -0.02192600 -0.04757700
v 0.01280200 -0.02140800 -0.04799100
v 0.01275600 -0.02089100 -0.04840600
v 0.01271000 -0.02037600 -0.04882200
v 0.00936900 -0.02117500 -0.04960300
v 0.01466000 0.03740100 0.01403800
v 0.01451300 0.03752300 0.01209000
v 0.01464200 0.03749800 0.01079500
v 0.01498100 0.03737100 0.00961800
v 0.02317900 0.03212500 0.01607900
v 0.02317900 0.03212500 0.01607900
v 0.02317200 0.03217200 0.01456900
v 0.02317200 0.03217200 0.01456900
v 0.02248300 0.03283500 0.00651500
v 0.02097600 0.03393700 -0.00122200
v 0.01940200 0.03486800 -0.00914700
v 0.01777000 0.03561600 -0.01725500
v 0.01609400 0.03617200 -0.02554400
v 0.02331700 0.03197800 0.01730200
v 0.02391300 0.03157300 0.01407100
v 0.02337300 0.03190200 0.01823400
v 0.02452700 0.03078900 0.02201100
v 0.02377500 0.03140000 0.02257200
v 0.02342800 0.03182300 0.01916700
v 0.02348400 0.03174300 0.02009900
v 0.02353900 0.03166100 0.02103100
v 0.02300100 0.03199900 0.02312000
v 0.01872500 0.03487500 0.02420200
v 0.00186700 -0.02844000 -0.04624700
v 0.00177600 -0.02631800 -0.04767500
v 0.00353900 -0.02621000 -0.04756600
v 0.01905400 -0.02033800 -0.04429700
v 0.01839300 -0.02078400 -0.04454600
v 0.01771800 -0.02121000 -0.04479700
v 0.01888700 -0.02176700 -0.04331400
v 0.01958000 -0.02134500 -0.04298200
v 0.01597900 -0.02325300 -0.04461200
v 0.01669200 -0.02497000 -0.04276900
v 0.01739700 -0.02667500 -0.04091500
v 0.01809600 -0.02837000 -0.03905000
v 0.01878700 -0.03005500 -0.03717400
v 0.01443700 -0.02386900 -0.04520800
v 0.01405500 -0.02400100 -0.04534500
v 0.01470700 -0.02580300 -0.04359300
v 0.01429700 -0.02595500 -0.04374500
v 0.01492900 -0.02776500 -0.04200000
v 0.01320400 -0.02840000 -0.04263900
v 0.01377300 -0.03026700 -0.04094800
v 0.01193200 -0.03089200 -0.04157600
v 0.01243200 -0.03281000 -0.03993500
v 0.01046600 -0.03340500 -0.04053300
v 0.01365900 -0.02413600 -0.04548000
v 0.01205000 -0.02463900 -0.04598600
v 0.00702000 -0.02578100 -0.04713400
v 0.00528900 -0.02603000 -0.04738500
v 0.00183300 0.04077000 -0.01477900
v 0.00194000 0.04086600 -0.00566500
v 0.00203800 0.04080300 0.00338600
v 0.00212500 0.04057900 0.01237400
v 0.00274300 0.04070200 -0.01481200
v 0.00290400 0.04079300 -0.00570700
v 0.00305000 0.04072500 0.00333500
v 0.00318100 0.04049900 0.01231400
v 0.00329700 0.04011200 0.02122900
v 0.00386200 0.04069200 -0.00576600
v 0.00605000 0.04032000 0.00306200
v 0.00733400 0.03987300 0.01183900
v 0.00633300 0.04017500 -0.01506600
v 0.00509700 0.04012100 -0.02409800
v 0.00593200 0.03996600 -0.02415500
v 0.00721500 0.03998300 -0.01515900
v 0.00763100 0.04002300 -0.00615600
v 0.00855200 0.03979300 -0.00629100
v 0.01190900 0.03853600 -0.01585900
v 0.01080400 0.03860600 -0.02465700
v 0.01119700 0.03846100 -0.02471000
v 0.01005500 0.03837500 -0.03359300
v 0.01042600 0.03824400 -0.03362300
v 0.01232100 0.03837400 -0.01593700
v 0.01158800 0.03831100 -0.02476500
v 0.01299300 0.03829700 -0.00716600
v 0.01384400 0.03793500 -0.00737700
v 0.01313600 0.03803500 -0.01610100
v 0.01468200 0.03755200 -0.00760000
v 0.01551000 0.03690600 -0.01664300
v 0.01388700 0.03732000 -0.02512800
v 0.01711000 0.03629000 -0.00833100
v 0.01867100 0.03548200 -0.00019500
v 0.02058700 0.03366900 -0.01817000
v 0.01887400 0.03441100 -0.02617700
v 0.01953800 0.03393200 -0.02634700
v 0.01775800 0.03453500 -0.03447300
v 0.01840100 0.03409100 -0.03457500
v 0.01840100 0.03409100 -0.03457600
v 0.02092200 0.03340900 -0.01829200
v 0.01986500 0.03368700 -0.02643500
v 0.01871900 0.03386300 -0.03462800
v 0.02189200 0.03302700 -0.01019400
v 0.02223200 0.03274900 -0.01035100
v 0.02125400 0.03314400 -0.01841400
v 0.02256700 0.03246800 -0.01051000
v 0.02158300 0.03287600 -0.01853900
v 0.02289900 0.03218300 -0.01067000
v 0.02018800 0.03343800 -0.02652300
v 0.02435900 0.03031200 -0.01971900
v 0.02323200 0.03075400 -0.02746700
v 0.02201000 0.03111300 -0.03525800
v 0.02201000 0.03111300 -0.03525900
v 0.02229000 0.03084200 -0.03532100
v 0.02539300 0.02978600 -0.01201100
v 0.02633400 0.02917700 -0.00434300
v 0.02718100 0.02848500 0.00328200
v 0.02793400 0.02770900 0.01086800
v 0.02521200 0.02940000 -0.02013400
v 0.02407300 0.02988400 -0.02776900
v 0.02548800 0.02909000 -0.02027500
v 0.02625600 0.02883700 -0.01253700
v 0.02681000 0.02819000 -0.01289500
v 0.02803800 0.02719100 -0.00562800
v 0.02917100 0.02609900 0.00152400
v 0.03020900 0.02491800 0.00856700
v 0.03088600 0.02401900 0.01582900
v 0.02653500 0.02851500 -0.01271500
v 0.02748900 0.02786400 -0.00519300
v 0.02629000 0.02814200 -0.02070400
v 0.02487900 0.02898600 -0.02808100
v 0.02760700 0.02719900 -0.01344000
v 0.02908100 0.02581600 -0.00651200
v 0.03092400 0.02359900 -0.00030600
v 0.03260400 0.02124100 0.00555000
v 0.03329500 0.02030200 0.01244700
v 0.03350800 0.01992100 0.01210100
v 0.02911000 0.02411700 -0.02250500
v 0.02773800 0.02513800 -0.02940100
v 0.02794900 0.02480100 -0.02951600
v 0.02648200 0.02575700 -0.03648500
v 0.02669400 0.02543200 -0.03656000
v 0.02648200 0.02575700 -0.03648600
v 0.02669400 0.02543200 -0.03656000
v 0.02648200 0.02575700 -0.03648600
v 0.02669400 0.02543200 -0.03656000
v 0.02669400 0.02543200 -0.03656000
v 0.02931600 0.02376700 -0.02266000
v 0.02815600 0.02446100 -0.02963200
v 0.02690100 0.02510500 -0.03663500
v 0.02690100 0.02510500 -0.03663500
v 0.02690100 0.02510500 -0.03663500
v 0.02710400 0.02477500 -0.03671000
v 0.02710300 0.02477600 -0.03671100
v 0.03038400 0.02302200 -0.01571800
v 0.03058600 0.02266000 -0.01591400
v 0.02951800 0.02341400 -0.02281700
v 0.03078200 0.02229600 -0.01611100
v 0.02971500 0.02305900 -0.02297400
v 0.03097500 0.02193100 -0.01630800
v 0.02990800 0.02270300 -0.02313200
v 0.02835800 0.02411900 -0.02974800
v 0.02855600 0.02377500 -0.02986500
v 0.03113000 0.02015500 -0.02425400
v 0.02997800 0.02094800 -0.03082100
v 0.03219100 0.01932500 -0.01771100
v 0.03316400 0.01846000 -0.01119100
v 0.03404600 0.01755800 -0.00469700
v 0.03483800 0.01662100 0.00177500
v 0.03269600 0.01561500 -0.02623900
v 0.03134700 0.01725900 -0.03206100
v 0.03411100 0.01313200 -0.02101900
v 0.03536600 0.01058100 -0.01614500
v 0.03224900 0.01344800 -0.03333500
v 0.03484000 0.00556500 -0.02504300
v 0.03579300 0.00413300 -0.02018900
v 0.03668000 0.00269500 -0.01542300
v 0.03750300 0.00125300 -0.01074200
v 0.03824500 -0.00060200 -0.00652000
v 0.03373000 0.00461600 -0.03101500
v 0.03269100 0.00644500 -0.03566900
v 0.03468700 0.00277200 -0.02653000
v 0.03556900 0.00091700 -0.02221100
v 0.03638000 -0.00094500 -0.01805800
v 0.03712700 -0.00281500 -0.01406600
v 0.03289100 -0.00084400 -0.03339400
v 0.03391400 -0.00195400 -0.02905700
v 0.03488800 -0.00305600 -0.02472100
v 0.03581300 -0.00414900 -0.02038500
v 0.03669000 -0.00523400 -0.01604800
v 0.03056800 -0.00758400 -0.03635800
v 0.02987400 -0.00902100 -0.03699600
v 0.03088800 -0.01024700 -0.03354300
v 0.03158600 -0.00878700 -0.03274800
v 0.03187000 -0.01146200 -0.03008500
v 0.02911800 -0.01043200 -0.03762300
v 0.03012600 -0.01168300 -0.03432800
v 0.03110400 -0.01292200 -0.03102600
v 0.03205300 -0.01414900 -0.02771800
v 0.02830300 -0.01181400 -0.03824100
v 0.02930200 -0.01309200 -0.03510000
v 0.03027400 -0.01435700 -0.03195200
v 0.03121900 -0.01561000 -0.02879800
v 0.03213700 -0.01685100 -0.02563700
v 0.02551100 -0.01577900 -0.04002000
v 0.02646400 -0.01713900 -0.03733100
v 0.02739600 -0.01848700 -0.03463400
v 0.02830900 -0.01982400 -0.03192800
v 0.02920100 -0.02114800 -0.02921400
v 0.01968000 -0.02335400 -0.04130600
v 0.01509900 -0.02565400 -0.04343800
v 0.01575600 -0.02742900 -0.04165700
v 0.01263000 -0.02652400 -0.04431800
v 0.01091900 -0.02702800 -0.04482500
v 0.00556300 -0.02811000 -0.04591400
v 0.00372300 -0.02831600 -0.04612200
v 0.03155600 0.00787200 -0.04058400
v 0.03155600 0.00787200 -0.04058400
v 0.03156500 0.00825600 -0.04049600
v 0.02988700 0.01884300 -0.03806900
v 0.02988700 0.01884300 -0.03807000
v 0.02962700 0.01956900 -0.03790400
v 0.02962700 0.01956900 -0.03790400
v 0.02337500 0.02972500 -0.03557600
v 0.01965400 0.03315600 -0.03479000
v 0.01710400 0.03496500 -0.03437500
v 0.01710400 0.03496500 -0.03437600
v 0.01225500 0.03752600 -0.03378800
v 0.00968200 0.03850200 -0.03356400
v 0.00968200 0.03850200 -0.03356400
v 0.00968200 0.03850200 -0.03356600
v 0.00316000 0.03996100 -0.03323000
v 0.03126700 0.00442500 -0.04137400
v 0.03126700 0.00442500 -0.04137400
v 0.02337500 0.02972500 -0.03557700
v 0.01965400 0.03315600 -0.03479100
v 0.01775800 0.03453600 -0.03447500
v 0.01225400 0.03752600 -0.03378900
v 0.01005500 0.03837500 -0.03359500
v 0.03129700 0.01285800 -0.03944200
v 0.03129700 0.01285800 -0.03944200
v 0.02768700 0.02377200 -0.03694100
v 0.02768700 0.02377200 -0.03694100
v 0.02749700 0.02410900 -0.03686400
v 0.00405600 0.04061900 0.00326300
v 0.00423100 0.04038700 0.01222900
v 0.00438500 0.03999700 0.02113300
v 0.00451500 0.03947500 0.02960200
v 0.00897300 0.03966600 0.00262100
v 0.00992600 0.03939700 0.00243900
v 0.02312100 0.03225400 -0.00233300
v 0.02346300 0.03196100 -0.00252600
v 0.02380100 0.03166400 -0.00272100
v 0.02776600 0.02752900 -0.00541000
v 0.02890100 0.02644700 0.00178000
v 0.02994200 0.02527500 0.00886100
v 0.03061700 0.02438000 0.01615800
v 0.03156000 0.02185700 -0.00904000
v 0.03175700 0.02148600 -0.00927500
v 0.03194900 0.02111300 -0.00951200
v 0.03580100 0.00453800 -0.01993600
v 0.01535200 -0.02759500 -0.04182900
v 0.01555500 -0.02956500 -0.04024300
v 0.01433600 -0.03212400 -0.03924700
v 0.01142700 -0.02896400 -0.04320600
v 0.00960300 -0.02945300 -0.04369700
v 0.00390700 -0.03041400 -0.04466600
v 0.00630900 0.04007400 0.01199200
v 0.00760100 0.03946400 0.02068500
v 0.01034200 0.03910600 0.01125500
v 0.01131900 0.03879700 0.01102000
v 0.02427000 0.03135400 0.00541000
v 0.02461300 0.03104800 0.00518200
v 0.02862700 0.02679300 0.00203500
v 0.03263700 0.02062800 -0.00247000
v 0.03283000 0.02024900 -0.00274600
v 0.03669100 0.00310200 -0.01513000
v 0.03751600 0.00166100 -0.01040900
v 0.03414900 -0.00963000 -0.02438900
v 0.03505600 -0.01077600 -0.02060700
v 0.01599100 -0.02937800 -0.04005500
v 0.01003600 -0.03143300 -0.04212100
v 0.00809200 -0.03188600 -0.04257600
v 0.00653900 0.03967200 0.02086000
v 0.00672800 0.03915400 0.02911300
v 0.01172100 0.03834500 0.01974300
v 0.01271300 0.03799800 0.01945100
v 0.02533600 0.03033400 0.01304100
v 0.02882400 0.02668100 0.01001900
v 0.02919800 0.02615600 0.01777700
v 0.02967000 0.02563000 0.00915300
v 0.03361900 0.01934000 0.00399500
v 0.03570000 0.01424800 -0.00016000
v 0.03443200 -0.01232500 -0.02188600
v 0.02624300 -0.02451400 -0.03201900
v 0.02706900 -0.02589800 -0.02964900
v 0.01617400 -0.03135500 -0.03847500
v 0.00844500 -0.03390400 -0.04103300
v 0.00637700 -0.03429900 -0.04143000
v 0.00781800 0.03894600 0.02882600
v 0.01304800 0.03747300 0.02699600
v 0.01769700 -0.03269000 -0.03624700
v 0.02674100 -0.02622600 -0.02995300
v 0.03829700 0.00145000 -0.00465700
v 0.02949200 0.02580600 0.01745700
v 0.01285800 -0.02163100 -0.04708700
v 0.01285800 -0.01677500 -0.04223100
v 0.01338000 -0.02146800 -0.04692400
v 0.01355900 -0.02141200 -0.04687300
v 0.01355900 -0.02141200 -0.04687300
v 0.01355900 -0.02141200 -0.04687300
v 0.01486400 -0.01789900 -0.04335500
v 0.01575100 -0.01839900 -0.04385500
v 0.01575100 -0.01839900 -0.04385500
v 0.01305400 -0.01590100 -0.04135700
v 0.01437200 -0.01637400 -0.04182900
v 0.01437200 -0.01717600 -0.04263200
v 0.01362200 -0.01511200 -0.04056800
v 0.01486400 -0.01565100 -0.04110600
v 0.01450700 -0.01448700 -0.03994200
v 0.01575100 -0.01515000 -0.04060600
v 0.01562200 -0.01408500 -0.03954100
v 0.01685800 -0.01497200 -0.04042800
v 0.01685800 -0.01394600 -0.03940200
v 0.01809400 -0.01408500 -0.03954100
v 0.01796400 -0.01515000 -0.04060600
v 0.01920900 -0.01448700 -0.03994200
v 0.01885100 -0.01565100 -0.04110600
v 0.02009400 -0.01511200 -0.04056800
v 0.01934400 -0.01637400 -0.04182900
v 0.02066200 -0.01590100 -0.04135700
v 0.02085800 -0.01677500 -0.04223100
v 0.01934400 -0.01717600 -0.04263200
v 0.02085800 -0.01800600 -0.04346200
v 0.01885100 -0.01789900 -0.04335500
v 0.01907700 -0.01901500 -0.04447000
v 0.01796400 -0.01839900 -0.04385500
v 0.01727600 -0.01991400 -0.04537000
v 0.01727600 -0.01991400 -0.04537000
v 0.01685800 -0.01857800 -0.04403400
v 0.01653200 0.03601700 0.02532900
v 0.01872500 0.03487500 0.02420200
v 0.01642500 0.03582900 0.02479800
v 0.01827200 0.03486800 0.02383700
v 0.02005800 0.03380800 0.02277700
v 0.02045700 0.03384000 0.02318200
v 0.02178300 0.03265100 0.02162000
v 0.02353900 0.03166100 0.02103100
v 0.02344400 0.03139800 0.02036700
v 0.01526100 0.03116000 0.02012900
v 0.01642500 0.03582900 0.02479800
v 0.01720600 0.03179300 0.02076200
v 0.01827200 0.03486800 0.02383700
v 0.01809400 0.03229300 0.02126200
v 0.01920000 0.03247200 0.02144100
v 0.02005800 0.03380800 0.02277700
v 0.02030600 0.03229300 0.02126200
v 0.02178300 0.03265100 0.02162000
v 0.02119400 0.03179300 0.02076200
v 0.02168600 0.03107000 0.02003900
v 0.02344400 0.03139800 0.02036700
v 0.02313900 0.03017700 0.01914600
v 0.02168600 0.03026700 0.01923600
v 0.02273200 0.02934100 0.01831000
v 0.02119400 0.02954400 0.01851300
v 0.02119400 0.02954400 0.01851300
v 0.02197800 0.02863400 0.01760300
v 0.02197800 0.02863400 0.01760300
v 0.02095300 0.02812600 0.01709600
v 0.02095300 0.02812600 0.01709600
v 0.02030600 0.02904400 0.01801300
v 0.01975700 0.02786800 0.01683700
v 0.01920000 0.02886500 0.01783400
v 0.01850500 0.02788300 0.01685200
v 0.01809400 0.02904400 0.01801300
v 0.01732200 0.02817100 0.01714000
v 0.01720600 0.02954400 0.01851300
v 0.01632300 0.02870400 0.01767300
v 0.01560500 0.02942900 0.01839800
v 0.01671400 0.03026700 0.01923600
v 0.01523900 0.03027500 0.01924400
v 0.01671400 0.03107000 0.02003900
v -0.02344400 0.03139800 0.02036800
v -0.02353900 0.03166100 0.02103200
v -0.02178200 0.03265000 0.02161900
v -0.02249600 0.03244800 0.02180800
v -0.02128600 0.03329500 0.02264300
v -0.02005600 0.03380600 0.02277500
v -0.02045300 0.03383900 0.02318000
v -0.01959900 0.03436600 0.02369900
v -0.01827000 0.03486600 0.02383500
v -0.01653200 0.03601700 0.02532900
v -0.01642500 0.03582900 0.02479800
v -0.02313900 0.03017700 0.01914700
v -0.02344400 0.03139800 0.02036800
v -0.02168600 0.03107000 0.02003900
v -0.02178200 0.03265000 0.02161900
v -0.02119400 0.03179300 0.02076200
v -0.02030600 0.03229300 0.02126200
v -0.02005600 0.03380600 0.02277500
v -0.01920000 0.03247200 0.02144100
v -0.01827000 0.03486600 0.02383500
v -0.01809400 0.03229300 0.02126200
v -0.01720600 0.03179300 0.02076200
v -0.01642500 0.03582900 0.02479800
v -0.01526100 0.03116000 0.02012900
v -0.01671400 0.03107000 0.02003900
v -0.01523900 0.03027500 0.01924400
v -0.01671400 0.03026700 0.01923600
v -0.01560500 0.02942900 0.01839800
v -0.01720600 0.02954400 0.01851300
v -0.01632300 0.02870400 0.01767300
v -0.01732200 0.02817100 0.01714000
v -0.01809400 0.02904400 0.01801300
v -0.01850500 0.02788300 0.01685200
v -0.01920000 0.02886500 0.01783500
v -0.01975700 0.02786800 0.01683700
v -0.02030600 0.02904400 0.01801300
v -0.02030600 0.02904400 0.01801300
v -0.02095300 0.02812600 0.01709600
v -0.02095300 0.02812600 0.01709600
v -0.02119400 0.02954400 0.01851300
v -0.02119400 0.02954400 0.01851300
v -0.02197900 0.02863400 0.01760300
v -0.02273200 0.02934100 0.01831000
v -0.02168600 0.03026700 0.01923600
v 0.02113700 -0.01579800 -0.04600800
v 0.02124800 -0.01377600 -0.04665400
v 0.02255800 -0.01422200 -0.04564600
v 0.02135600 -0.01173800 -0.04726700
v 0.02297400 -0.01157800 -0.04624600
v 0.02273000 -0.00968400 -0.04700100
v 0.02475300 -0.00923700 -0.04565900
v 0.02439200 -0.00748600 -0.04641400
v 0.02633800 -0.00676900 -0.04504000
v 0.02586800 -0.00516700 -0.04579600
v 0.02771100 -0.00418800 -0.04439300
v 0.02714200 -0.00274200 -0.04514900
v 0.02890300 -0.00138400 -0.04369300
v 0.02824300 -0.00010900 -0.04445000
v 0.02982700 0.00151200 -0.04297100
v 0.02909300 0.00260900 -0.04373100
v 0.02955600 0.00469000 -0.04318200
v 0.02761800 0.00698900 -0.04496300
v 0.02986700 0.00679600 -0.04262400
v 0.02786600 0.00885200 -0.04438700
v 0.03002300 0.00891700 -0.04205800
v 0.02795000 0.01260000 -0.04320600
v 0.03002400 0.01104200 -0.04148700
v 0.02986600 0.01316100 -0.04091500
v 0.03086100 0.01038700 -0.04075500
v 0.03070800 0.01260900 -0.04019500
v 0.03148100 0.01108600 -0.03984700
v 0.03123400 0.01330800 -0.03933800
v 0.03039100 0.01481400 -0.03963900
v 0.03085600 0.01537900 -0.03886400
v 0.02991000 0.01699200 -0.03909000
v 0.03017900 0.01795000 -0.03827500
v 0.02926800 0.01913000 -0.03855200
v 0.02945500 0.02002000 -0.03780100
v 0.02816200 0.02189900 -0.03785600
v 0.02846800 0.02227300 -0.03728400
v 0.02749700 0.02410900 -0.03686400
v 0.02678300 0.02455000 -0.03719100
v 0.02619800 0.02618000 -0.03638900
v 0.02514200 0.02705600 -0.03656200
v 0.02522000 0.02753200 -0.03607900
v 0.02439300 0.02856600 -0.03584200
v 0.02375000 0.02882700 -0.03611800
v 0.02377700 0.02928000 -0.03567900
v 0.02300400 0.02967500 -0.03590600
v 0.02332300 0.02978000 -0.03556400
v 0.02224100 0.03048000 -0.03570400
v 0.02164100 0.03146000 -0.03517900
v 0.02062900 0.03200900 -0.03531900
v 0.01993800 0.03293000 -0.03484200
v 0.01891000 0.03342100 -0.03496500
v 0.01771700 0.03456300 -0.03446800
v 0.01709100 0.03471200 -0.03464200
v 0.01561600 0.03586200 -0.03417100
v 0.01518200 0.03587400 -0.03435100
v 0.01368400 0.03687600 -0.03393800
v 0.01319400 0.03690400 -0.03409500
v 0.01195500 0.03765200 -0.03376100
v 0.01113600 0.03779600 -0.03387500
v 0.00983700 0.03845000 -0.03357800
v 0.01087200 0.03731400 -0.03444200
v 0.00692600 0.03855700 -0.03412300
v 0.00664500 0.03722400 -0.03546700
v 0.00489700 0.03898000 -0.03401800
v 0.00293200 0.03783900 -0.03529700
v 0.00293200 0.03856700 -0.03461900
v 0.02134300 -0.00902300 -0.04812100
v 0.02312800 -0.00376100 -0.04828300
v 0.02488900 -0.00092300 -0.04740600
v 0.02101400 -0.00637000 -0.04909000
v 0.02627300 0.00209600 -0.04647400
v 0.02725900 0.00525000 -0.04550000
v 0.02748400 0.01631200 -0.04201300
v 0.02955200 0.01526200 -0.04034800
v 0.02908200 0.01733900 -0.03978700
v 0.02647200 0.01993300 -0.04085600
v 0.02845900 0.01937600 -0.03923900
v 0.02739200 0.02201400 -0.03852900
v 0.02494000 0.02338000 -0.03975800
v 0.02606600 0.02454100 -0.03785100
v 0.02291600 0.02659300 -0.03874000
v 0.02449400 0.02693100 -0.03721100
v 0.02316200 0.02862200 -0.03675900
v 0.02040700 0.02953700 -0.03781300
v 0.02244900 0.02943100 -0.03654300
v 0.02170600 0.03021400 -0.03633200
v 0.02013600 0.03170100 -0.03593300
v 0.01893900 0.03092400 -0.03737800
v 0.01845900 0.03307400 -0.03556500
v 0.01736800 0.03220300 -0.03698000
v 0.01570500 0.03336900 -0.03662000
v 0.01668600 0.03432700 -0.03523100
v 0.01395600 0.03441500 -0.03629900
v 0.01482300 0.03545400 -0.03493100
v 0.01212700 0.03533800 -0.03601900
v 0.01288200 0.03645200 -0.03466800
v 0.01023200 0.03613000 -0.03578200
v 0.00293300 0.03928300 -0.03392900
v 0.00293200 0.03998600 -0.03322600
v 0.00501800 0.03953400 -0.03345200
v 0.00549700 0.03960200 -0.03331400
v 0.00709600 0.03909000 -0.03355800
v 0.00762200 0.03911800 -0.03342500
v 0.03156800 0.00895000 -0.04033700
v 0.03084800 0.00816000 -0.04131500
v 0.03152000 0.00702000 -0.04077900
v 0.03067100 0.00593800 -0.04187000
v 0.03033400 0.00373400 -0.04242000
v 0.03133900 0.00497400 -0.04124800
v 0.03096200 0.00260300 -0.04179100
v 0.03031700 -0.00007100 -0.04240400
v 0.02965500 -0.00213700 -0.04287700
v 0.02857400 -0.00482000 -0.04349200
v 0.02766500 -0.00669600 -0.04392200
v 0.02624500 -0.00918900 -0.04449300
v 0.02528600 -0.01066400 -0.04483100
v 0.02378400 -0.01272100 -0.04530200
v 0.02081400 -0.01897900 -0.04364200
v 0.02082500 -0.01873300 -0.04359600
v 0.02097500 -0.01735600 -0.04484500
v 0.02099300 -0.01628800 -0.04434700
v 0.02104900 -0.01572400 -0.04486100
v 0.02110700 -0.01425600 -0.04474900
v 0.02135600 -0.01173800 -0.04726700
v 0.02083600 -0.01849200 -0.04355100
v 0.02084700 -0.01824900 -0.04350600
v 0.02085800 -0.01800600 -0.04346200
v 0.02085800 -0.01677500 -0.04223100
v 0.02124800 -0.01377600 -0.04665400
v 0.02113700 -0.01579800 -0.04600800
v -0.02081200 -0.01899100 -0.04365100
v -0.02099600 -0.01721700 -0.04496400
v -0.02082200 -0.01876000 -0.04360900
v -0.02100200 -0.01621600 -0.04442200
v -0.02083300 -0.01853400 -0.04357000
v -0.02084500 -0.01828000 -0.04352600
v -0.02085700 -0.01802600 -0.04348200
v -0.02085700 -0.01677500 -0.04223100
v -0.02110700 -0.01424800 -0.04475700
v -0.02105100 -0.01573400 -0.04486100
v -0.02135600 -0.01172200 -0.04728300
v -0.02120300 -0.01479300 -0.04634100
v -0.02125500 -0.01377400 -0.04666300
v -0.02107700 -0.01647500 -0.04551500
v -0.02112700 -0.01601900 -0.04585400
v -0.02115000 -0.01580900 -0.04601000
v -0.02125500 -0.01377400 -0.04666300
v -0.02378600 -0.00950600 -0.04631600
v -0.02135600 -0.01172200 -0.04728300
v -0.02363300 -0.00860300 -0.04668700
v -0.02344200 -0.00749000 -0.04713200
v -0.02594100 -0.00511200 -0.04575600
v -0.02564600 -0.00413800 -0.04620400
v -0.02692300 -0.00327200 -0.04526600
v -0.02658100 -0.00237000 -0.04571500
v -0.02778300 -0.00137600 -0.04476200
v -0.02739700 -0.00054900 -0.04521300
v -0.02851300 0.00056800 -0.04424700
v -0.02808900 0.00131700 -0.04470000
v -0.02910800 0.00255400 -0.04372200
v -0.02865200 0.00322300 -0.04417700
v -0.02957400 0.00463500 -0.04317500
v -0.02909100 0.00521800 -0.04363200
v -0.02988700 0.00673800 -0.04261700
v -0.02938800 0.00726100 -0.04307000
v -0.03004700 0.00885800 -0.04205300
v -0.02953600 0.00931900 -0.04250000
v -0.03005100 0.01098300 -0.04148300
v -0.02953300 0.01138100 -0.04192300
v -0.02989800 0.01310100 -0.04091200
v -0.02937600 0.01343700 -0.04134500
v -0.02958700 0.01520400 -0.04034400
v -0.02906800 0.01547700 -0.04077100
v -0.02912100 0.01728000 -0.03978500
v -0.02860900 0.01749000 -0.04020500
v -0.02850200 0.01931800 -0.03923600
v -0.02800200 0.01946700 -0.03965000
v -0.02744100 0.02195800 -0.03852800
v -0.02696500 0.02202700 -0.03893400
v -0.02612000 0.02448600 -0.03785100
v -0.02567800 0.02448000 -0.03824900
v -0.02455400 0.02687900 -0.03721100
v -0.02415300 0.02680200 -0.03760200
v -0.02322600 0.02857100 -0.03675900
v -0.02286200 0.02844500 -0.03714500
v -0.02251500 0.02938100 -0.03654400
v -0.02217100 0.02923100 -0.03692700
v -0.02177500 0.03016500 -0.03633300
v -0.02144400 0.03000100 -0.03671200
v -0.02021100 0.03165300 -0.03593400
v -0.01990600 0.03146400 -0.03630400
v -0.01854000 0.03302800 -0.03556600
v -0.01826200 0.03281500 -0.03592800
v -0.01677200 0.03428500 -0.03523100
v -0.01652100 0.03404900 -0.03558700
v -0.01491600 0.03541600 -0.03493100
v -0.01469300 0.03516000 -0.03528100
v -0.01298100 0.03641800 -0.03466700
v -0.01278700 0.03614200 -0.03501200
v -0.01097800 0.03728500 -0.03444000
v -0.01081300 0.03699000 -0.03478300
v -0.00704600 0.03854000 -0.03411900
v -0.00693900 0.03821400 -0.03446000
v -0.00502300 0.03897100 -0.03401100
v -0.00494700 0.03863200 -0.03435300
v -0.00306800 0.03926900 -0.03393300
v -0.00306800 0.03855300 -0.03462300
v -0.02120300 -0.01479300 -0.04634100
v -0.02408800 -0.01130300 -0.04555300
v -0.02393800 -0.01040600 -0.04593800
v -0.02641300 -0.00669300 -0.04500800
v -0.02617900 -0.00590300 -0.04538400
v -0.02747100 -0.00473600 -0.04451700
v -0.02719900 -0.00400400 -0.04489400
v -0.02839900 -0.00271900 -0.04401400
v -0.02809300 -0.00204800 -0.04439000
v -0.02919100 -0.00065000 -0.04349700
v -0.02885400 -0.00004100 -0.04387400
v -0.02983800 0.00146600 -0.04297100
v -0.02947500 0.00201000 -0.04334800
v -0.03034700 0.00368400 -0.04242100
v -0.02996200 0.00416000 -0.04279900
v -0.03068700 0.00588600 -0.04187200
v -0.03028900 0.00631200 -0.04224600
v -0.03086800 0.00810500 -0.04131700
v -0.03045900 0.00848200 -0.04168600
v -0.03088500 0.01033000 -0.04075800
v -0.03047000 0.01065700 -0.04112200
v -0.03073600 0.01255000 -0.04019900
v -0.03031800 0.01282700 -0.04055600
v -0.03042300 0.01475500 -0.03964400
v -0.03000600 0.01498000 -0.03999500
v -0.02994700 0.01693100 -0.03909500
v -0.02953500 0.01710700 -0.03944100
v -0.02930900 0.01906900 -0.03855800
v -0.02890700 0.01919500 -0.03889800
v -0.02820900 0.02183700 -0.03786300
v -0.02782600 0.02189900 -0.03819600
v -0.02683600 0.02448800 -0.03719800
v -0.02647900 0.02448800 -0.03752500
v -0.02520300 0.02699500 -0.03657000
v -0.02487900 0.02693900 -0.03689100
v -0.02381600 0.02876700 -0.03612700
v -0.02352100 0.02867000 -0.03644400
v -0.02307300 0.02961500 -0.03591500
v -0.02279400 0.02949900 -0.03623000
v -0.02231300 0.03042200 -0.03571200
v -0.02204400 0.03029500 -0.03602300
v -0.02070700 0.03195200 -0.03532800
v -0.02045900 0.03180400 -0.03563100
v -0.01899400 0.03336700 -0.03497300
v -0.01876700 0.03319900 -0.03527000
v -0.01718100 0.03466100 -0.03464900
v -0.01697600 0.03447400 -0.03494100
v -0.01527900 0.03582700 -0.03435800
v -0.01509700 0.03562300 -0.03464500
v -0.01329700 0.03686200 -0.03410000
v -0.01313900 0.03664100 -0.03438400
v -0.01124500 0.03775900 -0.03387900
v -0.01111100 0.03752300 -0.03416000
v -0.00721900 0.03906500 -0.03356000
v -0.00713200 0.03880300 -0.03384000
v -0.00514700 0.03951700 -0.03345100
v -0.00508500 0.03924400 -0.03373200
v -0.00306800 0.03997200 -0.03323000
v -0.02115000 -0.01580900 -0.04601000
v -0.02191000 -0.01498600 -0.04582100
v -0.02255700 -0.01424800 -0.04565200
v -0.02403700 -0.01242200 -0.04523400
v -0.02478000 -0.01141700 -0.04500400
v -0.02538600 -0.01054800 -0.04480500
v -0.02664600 -0.00748000 -0.04462500
v -0.02663200 -0.00858700 -0.04435500
v -0.02775800 -0.00655400 -0.04388900
v -0.02774000 -0.00546500 -0.04413600
v -0.02870300 -0.00457600 -0.04343600
v -0.02870200 -0.00338900 -0.04363300
v -0.02947300 -0.00268900 -0.04300400
v -0.02952400 -0.00125800 -0.04311700
v -0.03032500 -0.00010900 -0.04241300
v -0.03019700 0.00092200 -0.04259100
v -0.03068900 0.00127400 -0.04209600
v -0.03072900 0.00320900 -0.04204000
v -0.03096500 0.00252600 -0.04180900
v -0.03116900 0.00364900 -0.04155200
v -0.03127600 0.00435100 -0.04139100
v -0.03108200 0.00545900 -0.04149500
v -0.03151900 0.00670800 -0.04085100
v -0.03127300 0.00772600 -0.04094600
v -0.03158600 0.00888800 -0.04035100
v -0.03129600 0.01000200 -0.04039300
v -0.03148900 0.01120900 -0.03981900
v -0.03115000 0.01227200 -0.03984000
v -0.03128600 0.01306300 -0.03939500
v -0.03083600 0.01452700 -0.03929100
v -0.03092500 0.01512800 -0.03892100
v -0.03035500 0.01675400 -0.03874800
v -0.03021500 0.01788200 -0.03829100
v -0.02970800 0.01894000 -0.03821700
v -0.02950700 0.01992000 -0.03782300
v -0.02859000 0.02177200 -0.03752800
v -0.02860600 0.02201200 -0.03734400
v -0.02738000 0.02433100 -0.03681300
v -0.02719200 0.02448400 -0.03687000
v -0.02625600 0.02611100 -0.03640500
v -0.02552600 0.02704800 -0.03624800
v -0.02465200 0.02826200 -0.03591200
v -0.02411000 0.02886000 -0.03580900
v -0.02341800 0.02968600 -0.03558600
v -0.02335100 0.02972700 -0.03559900
v -0.02320400 0.02991600 -0.03553300
v -0.02292800 0.03020600 -0.03546700
v -0.02239100 0.03075000 -0.03534200
v -0.02258000 0.03054500 -0.03540000
v -0.02176700 0.03134900 -0.03520500
v -0.02079000 0.03222600 -0.03500400
v -0.02002200 0.03286600 -0.03485700
v -0.01780800 0.03450400 -0.03448200
v -0.01571400 0.03580800 -0.03418300
v -0.01367400 0.03688100 -0.03393700
v -0.01206700 0.03760600 -0.03377100
v -0.00995400 0.03841000 -0.03358700
v -0.00774500 0.03908500 -0.03343200
v -0.00547800 0.03960600 -0.03331300
v -0.00487000 0.03829200 -0.03469200
v -0.00306700 0.03782500 -0.03530000
v -0.00676000 0.03719700 -0.03547400
v -0.01032500 0.03609600 -0.03579200
v -0.01065000 0.03669400 -0.03512300
v -0.00683300 0.03788700 -0.03479800
v -0.01221400 0.03529900 -0.03603000
v -0.01259400 0.03586300 -0.03535500
v -0.01447100 0.03490000 -0.03562800
v -0.01403500 0.03437300 -0.03631100
v -0.01627000 0.03381000 -0.03593900
v -0.01577700 0.03332400 -0.03663300
v -0.01798400 0.03259800 -0.03628800
v -0.01743300 0.03215700 -0.03699400
v -0.01899500 0.03087700 -0.03739300
v -0.01960100 0.03127000 -0.03667100
v -0.02045700 0.02948800 -0.03782700
v -0.02111300 0.02983300 -0.03708800
v -0.02182700 0.02907800 -0.03730800
v -0.02295300 0.02654500 -0.03875500
v -0.02249700 0.02831400 -0.03752900
v -0.02496700 0.02333500 -0.03977200
v -0.02523400 0.02446900 -0.03864500
v -0.02375200 0.02672000 -0.03799100
v -0.02648700 0.02209200 -0.03933700
v -0.02649100 0.01988700 -0.04086900
v -0.02749900 0.01961100 -0.04006100
v -0.02809400 0.01769600 -0.04062200
v -0.02749500 0.01627200 -0.04202500
v -0.02854500 0.01574600 -0.04119400
v -0.02885100 0.01377000 -0.04177500
v -0.02795500 0.01256100 -0.04321800
v -0.02901000 0.01177800 -0.04236000
v -0.02902000 0.00977900 -0.04294300
v -0.02786600 0.00881800 -0.04439700
v -0.02888400 0.00778300 -0.04351800
v -0.02860300 0.00580100 -0.04408400
v -0.02725500 0.00522300 -0.04550800
v -0.02819000 0.00389200 -0.04462700
v -0.02766000 0.00206700 -0.04514700
v -0.02626700 0.00207000 -0.04648100
v -0.02700600 0.00027900 -0.04565800
v -0.02488200 -0.00094300 -0.04741200
v -0.02623300 -0.00146600 -0.04615800
v -0.02534600 -0.00316000 -0.04664400
v -0.02312400 -0.00377100 -0.04828600
v -0.02324900 -0.00637400 -0.04756600
v -0.02101400 -0.00637300 -0.04909100
v -0.02134400 -0.00901700 -0.04813000
v -0.01796300 -0.01889400 -0.04336000
v -0.01685700 -0.01546700 -0.03993300
v -0.01685700 -0.01907300 -0.04353900
v -0.01575100 -0.01564500 -0.04011100
v -0.01575100 -0.01889400 -0.04336000
v -0.01486300 -0.01614600 -0.04061100
v -0.01486300 -0.01614600 -0.04061100
v -0.01486300 -0.01839400 -0.04286000
v -0.01486300 -0.01839400 -0.04286000
v -0.01486300 -0.01839400 -0.04286000
v -0.01437100 -0.01686900 -0.04133400
v -0.01437100 -0.01686900 -0.04133400
v -0.01437100 -0.01767100 -0.04213700
v -0.01796300 -0.01564500 -0.04011100
v -0.01885100 -0.01839400 -0.04286000
v -0.01885100 -0.01614600 -0.04061100
v -0.01885100 -0.01614600 -0.04061100
v -0.01934300 -0.01767100 -0.04213700
v -0.01934300 -0.01767100 -0.04213700
v -0.01934300 -0.01686900 -0.04133400
v -0.01796300 -0.01889400 -0.04336000
v -0.01685700 -0.01907300 -0.04353900
v -0.01685700 -0.01857800 -0.04403400
v -0.01685700 -0.01857800 -0.04403400
v -0.01685700 -0.01907300 -0.04353900
v -0.01575100 -0.01889400 -0.04336000
v -0.01575100 -0.01839900 -0.04385500
v -0.01486300 -0.01839400 -0.04286000
v -0.01486300 -0.01789900 -0.04335500
v -0.01437100 -0.01767100 -0.04213700
v -0.01437100 -0.01717600 -0.04263200
v -0.01437100 -0.01686900 -0.04133400
v -0.01437100 -0.01637400 -0.04182900
v -0.01486300 -0.01614600 -0.04061100
v -0.01486300 -0.01565100 -0.04110600
v -0.01575100 -0.01564500 -0.04011100
v -0.01575100 -0.01515000 -0.04060600
v -0.01685700 -0.01546700 -0.03993300
v -0.01685700 -0.01497200 -0.04042800
v -0.01796300 -0.01515000 -0.04060600
v -0.01796300 -0.01564500 -0.04011100
v -0.01885100 -0.01565100 -0.04110600
v -0.01885100 -0.01614600 -0.04061100
v -0.01934300 -0.01637400 -0.04182900
v -0.01934300 -0.01686900 -0.04133400
v -0.01934300 -0.01717600 -0.04263200
v -0.01934300 -0.01767100 -0.04213700
v -0.01885100 -0.01789900 -0.04335500
v -0.01885100 -0.01839400 -0.04286000
v -0.01796300 -0.01839900 -0.04385500
v -0.02030600 0.02854900 0.01850800
v -0.01920000 0.03197700 0.02193600
v -0.01920000 0.02837000 0.01832900
v -0.01809400 0.03179800 0.02175700
v -0.01809400 0.02854900 0.01850800
v -0.01720600 0.03129800 0.02125700
v -0.01720600 0.03129800 0.02125700
v -0.01720600 0.02904900 0.01900800
v -0.01720600 0.02904900 0.01900800
v -0.01720600 0.02904900 0.01900800
v -0.01671400 0.03057500 0.02053400
v -0.01671400 0.03057500 0.02053400
v -0.01671400 0.02977200 0.01973100
v -0.02030600 0.03179800 0.02175700
v -0.02030600 0.03179800 0.02175700
v -0.02119400 0.02904900 0.01900800
v -0.02119400 0.02904900 0.01900800
v -0.02119400 0.03129800 0.02125700
v -0.02119400 0.03129800 0.02125700
v -0.02168600 0.02977200 0.01973100
v -0.02168600 0.02977200 0.01973100
v -0.02168600 0.03057500 0.02053400
v -0.02030600 0.02854900 0.01850800
v -0.01920000 0.02837000 0.01832900
v -0.01920000 0.02886500 0.01783500
v -0.01920000 0.02886500 0.01783500
v -0.01920000 0.02837000 0.01832900
v -0.01809400 0.02854900 0.01850800
v -0.01809400 0.02904400 0.01801300
v -0.01720600 0.02904900 0.01900800
v -0.01720600 0.02954400 0.01851300
v -0.01671400 0.02977200 0.01973100
v -0.01671400 0.03026700 0.01923600
v -0.01671400 0.03057500 0.02053400
v -0.01671400 0.03107000 0.02003900
v -0.01720600 0.03129800 0.02125700
v -0.01720600 0.03179300 0.02076200
v -0.01809400 0.03179800 0.02175700
v -0.01809400 0.03229300 0.02126200
v -0.01920000 0.03197700 0.02193600
v -0.01920000 0.03247200 0.02144100
v -0.02030600 0.03229300 0.02126200
v -0.02030600 0.03179800 0.02175700
v -0.02119400 0.03179300 0.02076200
v -0.02119400 0.03129800 0.02125700
v -0.02168600 0.03107000 0.02003900
v -0.02168600 0.03057500 0.02053400
v -0.02168600 0.03026700 0.01923600
v -0.02168600 0.02977200 0.01973100
v -0.02119400 0.02954400 0.01851300
v -0.02119400 0.02904900 0.01900800
v -0.02030600 0.02904400 0.01801300
v -0.01526100 0.03116000 0.02012900
v -0.01466000 0.03740000 0.01403800
v -0.01480500 0.03466400 0.01476800
v -0.01451400 0.03752200 0.01209000
v -0.01464200 0.03749800 0.01079500
v -0.01521100 0.03372500 0.01382900
v -0.01498100 0.03737100 0.00961900
v -0.01600700 0.03292100 0.01302500
v -0.01552700 0.03713300 0.00866900
v -0.01630500 0.03675900 0.00799800
v -0.01711600 0.03233000 0.01243400
v -0.01673900 0.03653700 0.00781900
v -0.01750000 0.03612600 0.00774400
v -0.01836300 0.03562800 0.00796100
v -0.01850500 0.02788300 0.01685200
v -0.01732200 0.02817100 0.01714000
v -0.01632300 0.02870400 0.01767300
v -0.01560500 0.02942900 0.01839800
v -0.01523900 0.03027500 0.01924400
v -0.01653200 0.03601700 0.02532900
v -0.01466000 0.03740000 0.01403800
v -0.01642500 0.03582900 0.02479800
v -0.01526100 0.03116000 0.02012900
v -0.01836300 0.03562800 0.00796100
v -0.01940600 0.03498200 0.00860100
v -0.01850500 0.02788300 0.01685200
v -0.01981400 0.03173900 0.01239000
v -0.01975700 0.02786800 0.01683700
v -0.02113400 0.03202400 0.01267500
v -0.02095300 0.02812600 0.01709600
v -0.02226400 0.03258400 0.01323500
v -0.02197900 0.02863400 0.01760300
v -0.02274000 0.03252400 0.01417800
v -0.02273200 0.02934100 0.01831000
v -0.02305400 0.03224400 0.01540700
v -0.02331700 0.03197800 0.01730200
v -0.02031800 0.03437300 0.00950000
v -0.02101600 0.03387800 0.01042900
v -0.02179200 0.03329600 0.01177600
v -0.02313900 0.03017700 0.01914700
v -0.02313900 0.03017700 0.01914700
v -0.02342900 0.03182400 0.01916700
v -0.02342900 0.03182400 0.01916700
v -0.02344400 0.03139800 0.02036800
v -0.02344400 0.03139800 0.02036800
v -0.02344400 0.03139800 0.02036800
v -0.02348400 0.03174300 0.02010000
v -0.02348400 0.03174300 0.02010000
v -0.02353900 0.03166100 0.02103200
v -0.02331700 0.03197800 0.01730200
v -0.02337300 0.03190200 0.01823400
v 0.01809400 0.02854900 0.01850800
v 0.01920000 0.03197700 0.02193600
v 0.01920000 0.02837000 0.01832900
v 0.02030600 0.03179800 0.02175700
v 0.02030600 0.02854900 0.01850800
v 0.02119400 0.03129800 0.02125700
v 0.02119400 0.02904900 0.01900800
v 0.02168600 0.03057500 0.02053400
v 0.02168600 0.02977200 0.01973100
v 0.01809400 0.03179800 0.02175700
v 0.01720600 0.02904900 0.01900800
v 0.01720600 0.03129800 0.02125700
v 0.01671400 0.02977200 0.01973100
v 0.01671400 0.03057500 0.02053400
v 0.01809400 0.02854900 0.01850800
v 0.01920000 0.02837000 0.01832900
v 0.01920000 0.02886500 0.01783400
v 0.01920000 0.02886500 0.01783400
v 0.01920000 0.02837000 0.01832900
v 0.02030600 0.02854900 0.01850800
v 0.02030600 0.02904400 0.01801300
v 0.02119400 0.02904900 0.01900800
v 0.02119400 0.02954400 0.01851300
v 0.02168600 0.02977200 0.01973100
v 0.02168600 0.03026700 0.01923600
v 0.02168600 0.03057500 0.02053400
v 0.02168600 0.03107000 0.02003900
v 0.02119400 0.03129800 0.02125700
v 0.02119400 0.03179300 0.02076200
v 0.02030600 0.03179800 0.02175700
v 0.02030600 0.03229300 0.02126200
v 0.01920000 0.03197700 0.02193600
v 0.01920000 0.03247200 0.02144100
v 0.01809400 0.03229300 0.02126200
v 0.01809400 0.03179800 0.02175700
v 0.01720600 0.03179300 0.02076200
v 0.01720600 0.03129800 0.02125700
v 0.01671400 0.03107000 0.02003900
v 0.01671400 0.03057500 0.02053400
v 0.01671400 0.03026700 0.01923600
v 0.01671400 0.02977200 0.01973100
v 0.01720600 0.02954400 0.01851300
v 0.01720600 0.02904900 0.01900800
v 0.01809400 0.02904400 0.01801300
v 0.02331700 0.03197800 0.01730200
v 0.02317900 0.03212500 0.01607900
v 0.02313900 0.03017700 0.01914600
v 0.02273200 0.02934100 0.01831000
v 0.02278700 0.03248300 0.01433800
v 0.02197800 0.02863400 0.01760300
v 0.02226400 0.03258500 0.01323300
v 0.02113400 0.03202500 0.01267400
v 0.02179200 0.03329600 0.01177500
v 0.02101600 0.03388000 0.01042700
v 0.02032400 0.03437100 0.00950500
v 0.01981400 0.03174000 0.01238800
v 0.02095300 0.02812600 0.01709600
v 0.01975700 0.02786800 0.01683700
v 0.01850500 0.02788300 0.01685200
v 0.01941200 0.03498000 0.00860300
v 0.01836300 0.03563100 0.00795900
v 0.02353900 0.03166100 0.02103100
v 0.02348400 0.03174300 0.02009900
v 0.02348400 0.03174300 0.02009900
v 0.02344400 0.03139800 0.02036700
v 0.02344400 0.03139800 0.02036700
v 0.02344400 0.03139800 0.02036700
v 0.02342800 0.03182300 0.01916700
v 0.02342800 0.03182300 0.01916700
v 0.02313900 0.03017700 0.01914600
v 0.02313900 0.03017700 0.01914600
v 0.02337300 0.03190200 0.01823400
v 0.02337300 0.03190200 0.01823400
v 0.02331700 0.03197800 0.01730200
v 0.01850500 0.02788300 0.01685200
v 0.01836300 0.03563100 0.00795900
v 0.01711600 0.03232900 0.01243500
v 0.01762200 0.03605900 0.00775500
v 0.01711400 0.03633800 0.00774700
v 0.01624200 0.03679100 0.00803300
v 0.01600700 0.03292000 0.01302600
v 0.01732200 0.02817100 0.01714000
v 0.01632300 0.02870400 0.01767300
v 0.01521100 0.03372400 0.01383000
v 0.01560500 0.02942900 0.01839800
v 0.01480500 0.03466300 0.01476900
v 0.01523900 0.03027500 0.01924400
v 0.01526100 0.03116000 0.02012900
v 0.01466000 0.03740100 0.01403800
v 0.01451300 0.03752300 0.01209000
v 0.01464200 0.03749800 0.01079500
v 0.01498100 0.03737100 0.00961800
v 0.01552700 0.03713300 0.00866900
v 0.01526100 0.03116000 0.02012900
v 0.01466000 0.03740100 0.01403800
v 0.01466000 0.03740100 0.01403800
v 0.01642500 0.03582900 0.02479800
v 0.01642500 0.03582900 0.02479800
v 0.01653200 0.03601700 0.02532900
v 0.02092900 -0.00622900 -0.04903000
v 0.02101400 -0.00637000 -0.04909000
v 0.02066400 -0.00769200 -0.04740300
v 0.02134300 -0.00902300 -0.04812100
v 0.02099700 -0.01226000 -0.04484300
v 0.02110700 -0.01425600 -0.04474900
v 0.02066200 -0.01590100 -0.04135700
v 0.02085800 -0.01677500 -0.04223100
v 0.02135600 -0.01173800 -0.04726700
v 0.02009400 -0.01511200 -0.04056800
v 0.02037900 -0.01140200 -0.04398500
v 0.01941600 -0.01072100 -0.04330500
v 0.01962300 -0.00695600 -0.04666700
v 0.01820300 -0.01028400 -0.04286700
v 0.01831200 -0.00648300 -0.04619400
v 0.01685800 -0.01394600 -0.03940200
v 0.01685800 -0.00250700 -0.04934600
v 0.01920900 -0.01448700 -0.03994200
v 0.01809400 -0.01408500 -0.03954100
v 0.01807400 -0.00295500 -0.04915400
v 0.01913700 -0.00372100 -0.04902000
v 0.02002900 -0.00473200 -0.04894000
v 0.02074500 -0.00595600 -0.04891100
v 0.02083900 -0.00609100 -0.04897000
v 0.01546200 -0.00249600 -0.04961500
v 0.01685800 -0.00250700 -0.04934600
v 0.01540100 -0.00638400 -0.04628100
v 0.01685800 -0.01394600 -0.03940200
v 0.01551100 -0.01023400 -0.04291100
v 0.01562200 -0.01408500 -0.03954100
v 0.01450700 -0.01448700 -0.03994200
v 0.01429700 -0.01067200 -0.04334900
v 0.01362200 -0.01511200 -0.04056800
v 0.01333300 -0.01135300 -0.04403000
v 0.01305400 -0.01590100 -0.04135700
v 0.01271400 -0.01221200 -0.04488900
v 0.01285800 -0.01677500 -0.04223100
v 0.01201200 -0.00822300 -0.05078200
v 0.01237400 -0.00852400 -0.04842200
v 0.01204100 -0.00706300 -0.05068200
v 0.01225600 -0.00588600 -0.05054300
v 0.01304400 -0.00759500 -0.04749200
v 0.01296400 -0.00426800 -0.05026600
v 0.01408700 -0.00685700 -0.04675500
v 0.01367700 -0.00341500 -0.05004900
v 0.01453100 -0.00281600 -0.04982600
v 0.01289400 -0.02244400 -0.04716500
v 0.01284800 -0.02192600 -0.04757700
v 0.01285800 -0.02163100 -0.04708700
v 0.01285800 -0.02163100 -0.04708700
v 0.01280200 -0.02140800 -0.04799100
v 0.01275600 -0.02089100 -0.04840600
v 0.01275600 -0.02089100 -0.04840600
v 0.01271000 -0.02037600 -0.04882200
v 0.01271000 -0.02037600 -0.04882200
v 0.01285800 -0.01677500 -0.04223100
v 0.01221600 -0.01259600 -0.05102300
v 0.01211300 -0.01039600 -0.05092000
v 0.01201200 -0.00822300 -0.05078200
v 0.00583300 0.02933900 -0.04001900
v 0.00585300 0.02928700 -0.04005100
v 0.00585800 0.02925100 -0.04009200
v 0.00585700 0.02920200 -0.04010100
v 0.00585800 0.02903100 -0.04020500
v 0.00585400 0.02914900 -0.03992500
v 0.00586100 0.02898000 -0.04001800
v 0.00589200 0.02913900 -0.03985400
v 0.00590400 0.02897000 -0.03994600
v 0.00595400 0.02913900 -0.03979400
v 0.00597200 0.02897000 -0.03988600
v 0.00641800 0.02900100 -0.03974200
v 0.00597400 0.02888600 -0.03993600
v 0.00642000 0.02683400 -0.04101500
v 0.00597500 0.02879800 -0.03999000
v 0.00597800 0.02862200 -0.04009600
v 0.00590900 0.02862600 -0.04015400
v 0.00591500 0.02827500 -0.04036400
v 0.00586900 0.02828900 -0.04043300
v 0.00588700 0.02688000 -0.04125100
v 0.00585800 0.02701800 -0.04138200
v 0.00589900 0.02537700 -0.04208300
v 0.00585800 0.02475500 -0.04261700
v 0.00585800 0.02414900 -0.04293100
v 0.00589600 0.02281900 -0.04340200
v 0.00585800 0.02296700 -0.04352700
v 0.00585800 0.02237300 -0.04381700
v 0.00585800 0.02177600 -0.04410200
v 0.00589800 0.02161600 -0.04397900
v 0.00585800 0.02096100 -0.04448200
v 0.00590400 0.02040200 -0.04453400
v 0.00585800 0.02014200 -0.04485300
v 0.00585800 0.01997100 -0.04492900
v 0.00585800 0.01982000 -0.04499600
v 0.00590600 0.01978900 -0.04480300
v 0.00590600 0.01963500 -0.04486900
v 0.00595900 0.01970000 -0.04476700
v 0.00595900 0.01954500 -0.04483400
v 0.00602800 0.01961200 -0.04474800
v 0.00602800 0.01945500 -0.04481600
v 0.00631200 0.01863000 -0.04507600
v 0.00602900 0.01930000 -0.04488100
v 0.00597200 0.01893500 -0.04505700
v 0.00592300 0.01902500 -0.04507400
v 0.00589900 0.01895800 -0.04510500
v 0.00586400 0.01904400 -0.04513900
v 0.00575100 0.01892200 -0.04518700
v 0.00570000 0.01906300 -0.04531300
v 0.00566900 0.01889000 -0.04520100
v 0.00555800 0.01903100 -0.04533200
v 0.00558200 0.01888400 -0.04520800
v 0.00539700 0.01887800 -0.04521900
v 0.00562200 0.01879700 -0.04517700
v 0.00543700 0.01878600 -0.04518900
v 0.00566500 0.01870300 -0.04516500
v 0.00547900 0.01868700 -0.04517900
v 0.00595800 0.01831800 -0.04523700
v 0.00528700 0.01869000 -0.04519300
v 0.00486000 0.01825500 -0.04534200
v 0.00509200 0.01869400 -0.04520500
v 0.00470000 0.01870100 -0.04523000
v 0.00466400 0.01880100 -0.04523800
v 0.00310900 0.01882400 -0.04531600
v 0.00308600 0.01891800 -0.04534200
v -0.00000300 0.01893600 -0.04540300
v -0.00000300 0.01910200 -0.04551000
v -0.00154800 0.01893100 -0.04538800
v -0.00278500 0.01908400 -0.04546600
v -0.00309200 0.01891800 -0.04534100
v -0.00463500 0.01889400 -0.04526600
v -0.00311600 0.01882400 -0.04531500
v -0.00467000 0.01880100 -0.04523800
v -0.00314000 0.01872500 -0.04530800
v -0.00470700 0.01870100 -0.04522900
v -0.00460300 0.01826100 -0.04535600
v -0.00591800 0.01829800 -0.04524800
v 0.00581700 0.02929300 -0.03984800
v 0.00576800 0.02942100 -0.03997100
v 0.00569000 0.02938300 -0.03979400
v 0.00567200 0.02947900 -0.03994000
v 0.00560700 0.02939500 -0.03978600
v 0.00555800 0.02950300 -0.03993400
v 0.00551400 0.02939900 -0.03978300
v 0.00547600 0.02950500 -0.03994000
v 0.00565000 0.02938100 -0.03972000
v 0.00561800 0.02940300 -0.03964500
v 0.00570800 0.02938900 -0.03965700
v 0.00596100 0.02962600 -0.03940300
v 0.00627200 0.02937300 -0.03952900
v 0.00593900 0.02921500 -0.03975700
v 0.00590600 0.02927900 -0.03972300
v 0.00588200 0.02921500 -0.03981700
v 0.00585100 0.02927900 -0.03978200
v 0.00584700 0.02922600 -0.03988500
v 0.00642100 0.02125000 -0.04389900
v 0.00601600 0.02530900 -0.04198200
v 0.00600300 0.02683700 -0.04113800
v 0.00598300 0.02826900 -0.04030700
v 0.00593500 0.02685500 -0.04118900
v 0.00642100 0.01993500 -0.04449900
v 0.00602500 0.02023900 -0.04447500
v 0.00601600 0.02147700 -0.04391200
v 0.00601200 0.02270400 -0.04332400
v 0.00594900 0.02154400 -0.04393900
v 0.00594500 0.02275800 -0.04335700
v 0.00621700 0.01850400 -0.04513700
v 0.00594400 0.01886900 -0.04508800
v 0.00578700 0.01884100 -0.04515400
v 0.00570600 0.01880700 -0.04517000
v 0.00609800 0.01839900 -0.04519100
v 0.00582900 0.01875300 -0.04514000
v 0.00574900 0.01871800 -0.04515600
v 0.00313400 0.01872500 -0.04530800
v 0.00324000 0.01828500 -0.04541700
v 0.00161800 0.01830400 -0.04546200
v -0.00000400 0.01874200 -0.04537300
v -0.00000400 0.01831000 -0.04547800
v -0.00157200 0.01873800 -0.04535600
v -0.00162500 0.01830300 -0.04546200
v -0.00297000 0.01828900 -0.04542700
v -0.00606400 0.01837100 -0.04520600
v -0.00575600 0.01871800 -0.04515500
v -0.00567000 0.01870200 -0.04516400
v -0.00548500 0.01868700 -0.04517900
v -0.00562700 0.01879600 -0.04517600
v -0.00544300 0.01878600 -0.04518900
v -0.00558800 0.01888300 -0.04520700
v -0.00540300 0.01887800 -0.04521800
v -0.00521300 0.01888200 -0.04523100
v -0.00502000 0.01888600 -0.04524300
v -0.00505800 0.01879300 -0.04521400
v -0.00583600 0.01875300 -0.04513900
v -0.00619000 0.01847000 -0.04515400
v -0.00595000 0.01886700 -0.04508900
v -0.00597900 0.01893400 -0.04505600
v -0.00593000 0.01902500 -0.04507300
v -0.00596700 0.01939100 -0.04489800
v -0.00591400 0.01948300 -0.04493300
v -0.00591300 0.01955800 -0.04490200
v -0.00586400 0.01974400 -0.04502900
v -0.00586400 0.01982000 -0.04499500
v -0.00586500 0.01932500 -0.04523000
v -0.00586400 0.01997100 -0.04492800
v -0.00586400 0.02014100 -0.04485300
v -0.00591300 0.01978900 -0.04480200
v -0.00591100 0.02040200 -0.04453300
v -0.00596500 0.01970000 -0.04476700
v -0.00596300 0.02031900 -0.04449700
v -0.00603400 0.01961200 -0.04474800
v -0.00603100 0.02023800 -0.04447500
v -0.00642700 0.01927300 -0.04479000
v -0.00642700 0.01993500 -0.04449900
v -0.00629300 0.01859000 -0.04509500
v -0.00603500 0.01930000 -0.04488000
v -0.00596600 0.01946700 -0.04486700
v -0.00591300 0.01963500 -0.04486900
v -0.00642300 0.01894200 -0.04493300
v -0.00603500 0.01937600 -0.04484900
v -0.00596600 0.01954400 -0.04483400
v -0.00603400 0.01945500 -0.04481500
v -0.00642700 0.02025700 -0.04435400
v -0.00602300 0.02147700 -0.04391100
v -0.00595500 0.02154400 -0.04393900
v -0.00595100 0.02275700 -0.04335700
v -0.00590200 0.02281800 -0.04340100
v -0.00586400 0.02475400 -0.04261600
v -0.00586400 0.02414900 -0.04293100
v -0.00642700 0.02124900 -0.04389900
v -0.00601800 0.02270400 -0.04332300
v -0.00594200 0.02685400 -0.04118800
v -0.00589400 0.02688000 -0.04125000
v -0.00586400 0.02701800 -0.04138200
v -0.00587600 0.02828800 -0.04043300
v -0.00586400 0.02834500 -0.04061400
v -0.00586400 0.02868800 -0.04041000
v -0.00586500 0.02925000 -0.04009100
v -0.00586400 0.02885900 -0.04030700
v -0.00586400 0.02903000 -0.04020400
v -0.00586900 0.02881000 -0.04012000
v -0.00586700 0.02898000 -0.04001700
v -0.00591400 0.02880000 -0.04004900
v -0.00591100 0.02897000 -0.03994500
v -0.00598200 0.02879800 -0.03998900
v -0.00597900 0.02897000 -0.03988500
v -0.00642200 0.02902900 -0.03972400
v -0.00596100 0.02913900 -0.03979400
v -0.00627800 0.02937300 -0.03952900
v -0.00594600 0.02921500 -0.03975700
v -0.00591300 0.02927900 -0.03972300
v -0.00585800 0.02927900 -0.03978200
v -0.00579200 0.02937000 -0.03966900
v -0.00573600 0.02936700 -0.03972900
v -0.00565700 0.02938100 -0.03972000
v -0.00569700 0.02938200 -0.03979400
v -0.00561400 0.02939500 -0.03978600
v -0.00567800 0.02947800 -0.03994000
v -0.00556600 0.02950200 -0.03993300
v -0.00548300 0.02950500 -0.03993900
v -0.00519300 0.02940900 -0.03979300
v -0.00502200 0.02941500 -0.03980600
v -0.00523900 0.02940600 -0.03971600
v -0.00506700 0.02941200 -0.03973000
v -0.00529700 0.02943100 -0.03964300
v -0.00512300 0.02943700 -0.03965700
v -0.00596800 0.02962600 -0.03940300
v -0.00494700 0.02944300 -0.03967000
v -0.00449100 0.02975800 -0.03944700
v -0.00424200 0.02946500 -0.03971700
v -0.00283200 0.02949700 -0.03979100
v -0.00280100 0.02947200 -0.03986100
v -0.00000300 0.02952100 -0.03984700
v -0.00000300 0.02949600 -0.03998900
v -0.00642700 0.02683400 -0.04101500
v -0.00601000 0.02683700 -0.04113700
v -0.00592100 0.02827400 -0.04036400
v -0.00587100 0.02863700 -0.04022500
v -0.00598900 0.02826800 -0.04030700
v -0.00642700 0.02830200 -0.04016200
v -0.00598400 0.02862200 -0.04009600
v -0.00571500 0.02938800 -0.03965700
v -0.00299600 0.02978800 -0.03952200
v -0.00150000 0.02980700 -0.03956800
v -0.00000300 0.02981300 -0.03958300
v -0.00000300 0.02958500 -0.04013800
v -0.00137400 0.02957900 -0.04012500
v -0.00277600 0.02947200 -0.03993400
v -0.00419600 0.02944000 -0.03978900
v -0.00274500 0.02956400 -0.04008700
v -0.00415800 0.02944100 -0.03986400
v -0.00489300 0.02941800 -0.03974200
v -0.00485000 0.02942100 -0.03981900
v -0.00577300 0.02942100 -0.03997000
v -0.00582400 0.02929300 -0.03984700
v -0.00583900 0.02933800 -0.04001900
v -0.00585300 0.02922600 -0.03988400
v -0.00588900 0.02921500 -0.03981700
v -0.00589900 0.02913900 -0.03985400
v -0.00586000 0.02928700 -0.04005000
v -0.00586400 0.02920100 -0.04010100
v -0.00586400 0.02296700 -0.04352600
v -0.00590500 0.02161600 -0.04397900
v -0.00586400 0.02237300 -0.04381600
v -0.00586400 0.02177500 -0.04410200
v -0.00586400 0.02096100 -0.04448200
v -0.00579500 0.01913700 -0.04528700
v -0.00583300 0.01919400 -0.04526600
v -0.00586100 0.01927800 -0.04523200
v -0.00586400 0.01966800 -0.04506200
v -0.00589200 0.01911300 -0.04510700
v -0.00575700 0.01892200 -0.04518600
v -0.00570700 0.01906300 -0.04531300
v -0.00556400 0.01903200 -0.04533200
v -0.00567500 0.01889000 -0.04520100
v -0.00579300 0.01884000 -0.04515400
v -0.00590400 0.01895600 -0.04510600
v 0.00277900 0.01908500 -0.04546600
v 0.00462900 0.01889400 -0.04526600
v 0.00505200 0.01879400 -0.04521400
v 0.00501400 0.01888600 -0.04524300
v 0.00524600 0.01878900 -0.04520200
v 0.00566600 0.01904900 -0.04532200
v 0.00576000 0.01910800 -0.04529900
v 0.00582700 0.01919800 -0.04526400
v 0.00585800 0.01932500 -0.04523100
v 0.00585400 0.01927800 -0.04523200
v 0.00588600 0.01911300 -0.04510700
v 0.00585800 0.01966900 -0.04506200
v 0.00590700 0.01948300 -0.04493400
v 0.00596000 0.01939100 -0.04489900
v 0.00585800 0.02834500 -0.04061400
v 0.00585800 0.02868800 -0.04041000
v 0.00585800 0.02886000 -0.04030800
v 0.00586300 0.02881000 -0.04012100
v 0.00586200 0.02889700 -0.04006800
v 0.00590600 0.02888700 -0.03999600
v 0.00578500 0.02937000 -0.03967000
v 0.00594900 0.02533800 -0.04202800
v -0.00509800 0.01869300 -0.04520500
v -0.00529400 0.01868900 -0.04519200
v 0.00585800 0.02894500 -0.04025600
v 0.00572900 0.02936700 -0.03973000
v 0.00590700 0.02880000 -0.04004900
v 0.00586500 0.02863700 -0.04022500
v 0.00595600 0.02031900 -0.04449700
v 0.00520700 0.01888200 -0.04523100
v -0.00000400 0.01884200 -0.04537900
v -0.00155900 0.01883700 -0.04536300
v -0.00571300 0.01880700 -0.04516900
v -0.00586900 0.01904100 -0.04513900
v -0.00591600 0.02862500 -0.04015400
v -0.00586000 0.02914800 -0.03992400
v -0.00525200 0.01878900 -0.04520100
v -0.00000300 0.02958500 -0.04013800
v -0.00000300 0.02949600 -0.03998900
v 0.00137600 0.02957900 -0.04012500
v 0.00277700 0.02948100 -0.03996400
v 0.00275500 0.02956400 -0.04008700
v 0.00416400 0.02945000 -0.03989500
v 0.00413300 0.02953900 -0.04002400
v 0.00485700 0.02943000 -0.03985000
v 0.00547600 0.02950500 -0.03994000
v 0.00520000 0.02941900 -0.03982400
v 0.00551400 0.02939900 -0.03978300
v 0.00527100 0.02940900 -0.03970000
v 0.00561800 0.02940300 -0.03964500
v 0.00492500 0.02942000 -0.03972700
v 0.00507400 0.02952900 -0.03955800
v 0.00435000 0.02955000 -0.03960600
v 0.00596100 0.02962600 -0.03940300
v 0.00300800 0.02978800 -0.03952100
v 0.00290100 0.02958100 -0.03968100
v -0.00000300 0.02981300 -0.03958300
v -0.00000300 0.02952100 -0.03984700
v 0.00281600 0.02947400 -0.03984800
v 0.00543200 0.02951600 -0.03953100
v 0.00422200 0.02944200 -0.03977500
v 0.00585800 0.02237300 -0.04381700
v 0.00585800 0.02177600 -0.04410200
v 0.00585800 0.02179200 -0.04413600
v 0.00585800 0.02179200 -0.04413600
v 0.00585800 0.02096100 -0.04448200
v 0.00585800 0.02014200 -0.04485300
v 0.00585800 0.02014200 -0.04485300
v 0.00585800 0.01932500 -0.04523100
v 0.00585800 0.02296700 -0.04352700
v 0.00585800 0.02477200 -0.04265000
v 0.00585800 0.02477200 -0.04265000
v 0.00585800 0.02414900 -0.04293100
v 0.00585800 0.02475500 -0.04261700
v 0.00585800 0.02701800 -0.04138200
v 0.00585800 0.02701800 -0.04138200
v 0.00585800 0.02925100 -0.04009200
v 0.00585800 0.01932500 -0.04523100
v 0.00582700 0.01919800 -0.04526400
v 0.00582900 0.01923300 -0.04529400
v 0.00576400 0.01914900 -0.04533500
v 0.00576000 0.01910800 -0.04529900
v 0.00566900 0.01909500 -0.04536600
v 0.00566600 0.01904900 -0.04532200
v 0.00555800 0.01907900 -0.04538100
v 0.00555800 0.01903100 -0.04533200
v 0.00277900 0.01908500 -0.04546600
v -0.00000300 0.01910200 -0.04551000
v -0.00000300 0.01915000 -0.04555800
v -0.00278500 0.01908400 -0.04546600
v -0.00556400 0.01907900 -0.04537900
v -0.00556400 0.01903200 -0.04533200
v 0.00555800 0.01907900 -0.04538100
v 0.00555800 0.01903100 -0.04533200
v -0.00556400 0.01907900 -0.04537900
v -0.00556400 0.01903200 -0.04533200
v -0.00567600 0.01909400 -0.04536500
v -0.00570700 0.01906300 -0.04531300
v -0.00577100 0.01914900 -0.04533500
v -0.00579500 0.01913700 -0.04528700
v -0.00583600 0.01923200 -0.04529400
v -0.00586500 0.01932500 -0.04523000
v -0.00586400 0.02414900 -0.04293100
v -0.00586400 0.02475400 -0.04261600
v -0.00586400 0.02477200 -0.04264900
v -0.00586400 0.02701800 -0.04138200
v -0.00586500 0.02925000 -0.04009100
v -0.00586400 0.02296700 -0.04352600
v -0.00586400 0.02179100 -0.04413500
v -0.00586400 0.02179100 -0.04413500
v -0.00586400 0.02237300 -0.04381600
v -0.00586400 0.02177500 -0.04410200
v -0.00586400 0.02096100 -0.04448200
v -0.00586400 0.02014100 -0.04485300
v -0.00586400 0.02014100 -0.04485300
v -0.00586500 0.01932500 -0.04523000
v -0.00586500 0.02925000 -0.04009100
v -0.00583900 0.02933800 -0.04001900
v -0.00582300 0.02939300 -0.04003100
v -0.00577300 0.02942100 -0.03997000
v -0.00571300 0.02949400 -0.03998000
v -0.00567800 0.02947800 -0.03994000
v -0.00556400 0.02953600 -0.03996700
v -0.00556600 0.02950200 -0.03993300
v 0.00555700 0.02953600 -0.03996700
v 0.00547900 0.02953900 -0.03997300
v 0.00555800 0.02950300 -0.03993400
v 0.00547600 0.02950500 -0.03994000
v 0.00547600 0.02950500 -0.03994000
v 0.00413300 0.02953900 -0.04002400
v 0.00275500 0.02956400 -0.04008700
v -0.00000300 0.02961800 -0.04017100
v 0.00137600 0.02957900 -0.04012500
v -0.00000300 0.02958500 -0.04013800
v -0.00137400 0.02957900 -0.04012500
v -0.00274500 0.02956400 -0.04008700
v -0.00548600 0.02953800 -0.03997300
v -0.00548600 0.02953800 -0.03997300
v -0.00548300 0.02950500 -0.03993900
v -0.00548300 0.02950500 -0.03993900
v -0.00556400 0.02953600 -0.03996700
v -0.00556400 0.02953600 -0.03996700
v -0.00556600 0.02950200 -0.03993300
v 0.00555800 0.02950300 -0.03993400
v 0.00567200 0.02947900 -0.03994000
v 0.00555700 0.02953600 -0.03996700
v 0.00570700 0.02949500 -0.03998000
v 0.00576800 0.02942100 -0.03997100
v 0.00581700 0.02939400 -0.04003100
v 0.00583300 0.02933900 -0.04001900
v 0.00585800 0.02925100 -0.04009200
v -0.00586400 0.02179100 -0.04413500
v -0.00514500 0.02133500 -0.04440400
v -0.00586500 0.01932500 -0.04523000
v -0.00556400 0.01907900 -0.04537900
v -0.00556400 0.01907900 -0.04537900
v -0.00583600 0.01923200 -0.04529400
v -0.00583600 0.01923200 -0.04529400
v -0.00577100 0.01914900 -0.04533500
v -0.00577100 0.01914900 -0.04533500
v -0.00567600 0.01909400 -0.04536500
v -0.00482000 0.02283000 -0.04371400
v -0.00586400 0.02477200 -0.04264900
v -0.00446300 0.02430600 -0.04299700
v -0.00422400 0.02522300 -0.04253300
v -0.00434200 0.02467800 -0.04281300
v -0.00389000 0.02571200 -0.04229100
v -0.00586500 0.02925000 -0.04009100
v -0.00586500 0.02925000 -0.04009100
v -0.00313100 0.02715000 -0.04153900
v -0.00548600 0.02953800 -0.03997300
v -0.00000300 0.02961800 -0.04017100
v -0.00582300 0.02939300 -0.04003100
v -0.00571300 0.02949400 -0.03998000
v -0.00571300 0.02949400 -0.03998000
v -0.00556400 0.02953600 -0.03996700
v 0.00547900 0.02953900 -0.03997300
v 0.00337000 0.02717200 -0.04151500
v 0.00074400 0.02769500 -0.04130300
v 0.00024500 0.02769600 -0.04130600
v 0.00585800 0.02925100 -0.04009200
v 0.00585800 0.02925100 -0.04009200
v 0.00555700 0.02953600 -0.03996700
v 0.00570700 0.02949500 -0.03998000
v 0.00581700 0.02939400 -0.04003100
v 0.00585800 0.02477200 -0.04265000
v 0.00412800 0.02541000 -0.04244000
v 0.00382200 0.02577900 -0.04226000
v 0.00433200 0.02467800 -0.04281300
v 0.00585800 0.02179200 -0.04413600
v 0.00452300 0.02130900 -0.04445800
v 0.00585800 0.01932500 -0.04523100
v 0.00555800 0.01907900 -0.04538100
v 0.00582900 0.01923300 -0.04529400
v 0.00582900 0.01923300 -0.04529400
v 0.00566900 0.01909500 -0.04536600
v 0.00576400 0.01914900 -0.04533500
v -0.00000300 0.01915000 -0.04555800
v 0.00283400 0.02109000 -0.04464500
v 0.00333300 0.02108300 -0.04462700
v 0.00383200 0.02107400 -0.04460600
v -0.00261300 0.02109100 -0.04465400
v -0.00206900 0.02109900 -0.04466700
v -0.00152600 0.02110400 -0.04467800
v -0.00098200 0.02110600 -0.04468700
v -0.00030100 0.02123600 -0.04463300
v -0.00000800 0.02121100 -0.04464500
v 0.00024400 0.02157500 -0.04447700
v 0.00061200 0.02207900 -0.04423800
v 0.00074400 0.02267700 -0.04395000
v 0.00213800 0.02271600 -0.04390300
v 0.00225800 0.02123500 -0.04459900
v 0.00074500 0.02324200 -0.04367400
v 0.00200100 0.02418100 -0.04317800
v 0.00283300 0.02470700 -0.04287700
v 0.00283300 0.02470700 -0.04287700
v 0.00260600 0.02490900 -0.04278100
v 0.00272000 0.02488100 -0.04279100
v 0.00074500 0.02380500 -0.04339300
v 0.00074500 0.02436600 -0.04310800
v 0.00074700 0.02492600 -0.04281800
v 0.00278200 0.02483900 -0.04281000
v 0.00282000 0.02478400 -0.04283800
v 0.00433100 0.02106500 -0.04458200
v 0.00328000 0.02611200 -0.04210800
v 0.00260400 0.02624400 -0.04206600
v 0.00168200 0.02706400 -0.04164300
v 0.00074500 0.02626100 -0.04210500
v 0.00074400 0.02674100 -0.04184100
v 0.00074400 0.02721800 -0.04157400
v -0.00025300 0.02769600 -0.04130600
v -0.00075100 0.02769500 -0.04130300
v -0.00156500 0.02705800 -0.04164900
v -0.00261000 0.02624700 -0.04206500
v -0.00075300 0.02626200 -0.04210400
v -0.00113800 0.02704300 -0.04166600
v -0.00337100 0.02607500 -0.04212300
v -0.00434200 0.02429800 -0.04300900
v -0.00434200 0.02362000 -0.04335400
v -0.00434200 0.02292900 -0.04369700
v -0.00434200 0.02263100 -0.04384200
v -0.00417500 0.02197700 -0.04416600
v -0.00418000 0.02129300 -0.04448600
v -0.00383000 0.02154400 -0.04438800
v -0.00323900 0.02119600 -0.04457900
v 0.00074700 0.02492600 -0.04281800
v 0.00074500 0.02436600 -0.04310800
v 0.00068800 0.02496000 -0.04277200
v 0.00074500 0.02380500 -0.04339300
v 0.00069800 0.02266900 -0.04393500
v 0.00074500 0.02324200 -0.04367400
v 0.00074400 0.02267700 -0.04395000
v 0.00066400 0.02265400 -0.04390400
v 0.00066200 0.02496800 -0.04273300
v 0.00064800 0.02341300 -0.04347800
v 0.00064800 0.02418900 -0.04308700
v 0.00065300 0.02263300 -0.04386400
v 0.00064800 0.02496100 -0.04268700
v 0.00074400 0.02267700 -0.04395000
v 0.00061200 0.02207900 -0.04423800
v 0.00069800 0.02266900 -0.04393500
v 0.00046700 0.02190900 -0.04429100
v 0.00066400 0.02265400 -0.04390400
v 0.00043600 0.02190300 -0.04423700
v 0.00049300 0.02200300 -0.04414600
v 0.00017500 0.02157800 -0.04433900
v -0.00016200 0.02135700 -0.04449400
v -0.00036800 0.02124200 -0.04448900
v -0.00097900 0.02113200 -0.04452200
v -0.00014400 0.02135000 -0.04455300
v -0.00098100 0.02115200 -0.04458300
v -0.00098200 0.02114200 -0.04464100
v -0.00030100 0.02123600 -0.04463300
v -0.00098200 0.02110600 -0.04468700
v 0.00024400 0.02157500 -0.04447700
v 0.00065300 0.02263300 -0.04386400
v -0.00098200 0.02110600 -0.04468700
v -0.00152600 0.02110400 -0.04467800
v -0.00098200 0.02114200 -0.04464100
v -0.00261200 0.02112800 -0.04460800
v -0.00261000 0.02113800 -0.04454900
v -0.00206900 0.02109900 -0.04466700
v -0.00261300 0.02109100 -0.04465400
v -0.00260800 0.02112100 -0.04449200
v -0.00206600 0.02112700 -0.04451100
v -0.00098100 0.02115200 -0.04458300
v -0.00152200 0.02113100 -0.04452300
v -0.00097900 0.02113200 -0.04452200
v -0.00261300 0.02109100 -0.04465400
v -0.00323900 0.02119600 -0.04457900
v -0.00261200 0.02112800 -0.04460800
v -0.00344800 0.02132700 -0.04448700
v -0.00342800 0.02133400 -0.04442800
v -0.00402500 0.02186800 -0.04414700
v -0.00392800 0.02172700 -0.04416900
v -0.00424000 0.02258700 -0.04375200
v -0.00405900 0.02187300 -0.04420000
v -0.00425000 0.02261000 -0.04379900
v -0.00428900 0.02262600 -0.04383200
v -0.00417500 0.02197700 -0.04416600
v -0.00434200 0.02263100 -0.04384200
v -0.00383000 0.02154400 -0.04438800
v -0.00350800 0.02135600 -0.04435700
v -0.00297600 0.02114900 -0.04446400
v -0.00261000 0.02113800 -0.04454900
v -0.00285500 0.02113100 -0.04447700
v -0.00260800 0.02112100 -0.04449200
v -0.00273200 0.02112100 -0.04448500
v -0.00434200 0.02263100 -0.04384200
v -0.00434200 0.02292900 -0.04369700
v -0.00428900 0.02262600 -0.04383200
v -0.00434200 0.02362000 -0.04335400
v -0.00428900 0.02467200 -0.04280300
v -0.00434200 0.02429800 -0.04300900
v -0.00434200 0.02467800 -0.04281300
v -0.00425000 0.02465500 -0.04277000
v -0.00425000 0.02261000 -0.04379900
v -0.00423600 0.02327200 -0.04341600
v -0.00424000 0.02258700 -0.04375200
v -0.00424100 0.02463200 -0.04272300
v -0.00423600 0.02395300 -0.04307300
v -0.00434200 0.02467800 -0.04281300
v -0.00422400 0.02522300 -0.04253300
v -0.00428900 0.02467200 -0.04280300
v -0.00406800 0.02542200 -0.04242100
v -0.00403500 0.02538700 -0.04239700
v -0.00343100 0.02593600 -0.04213600
v -0.00376300 0.02567800 -0.04222400
v -0.00320100 0.02602200 -0.04207500
v -0.00260900 0.02612700 -0.04204900
v -0.00345200 0.02598200 -0.04215400
v -0.00261000 0.02618500 -0.04207400
v -0.00337100 0.02607500 -0.04212300
v -0.00261000 0.02624700 -0.04206500
v -0.00389000 0.02571200 -0.04229100
v -0.00402100 0.02536100 -0.04236800
v -0.00415400 0.02508800 -0.04249800
v -0.00425000 0.02465500 -0.04277000
v -0.00424100 0.02463200 -0.04272300
v -0.00075300 0.02626200 -0.04210400
v -0.00070700 0.02621000 -0.04211400
v -0.00261000 0.02624700 -0.04206500
v -0.00261000 0.02618500 -0.04207400
v -0.00131100 0.02614200 -0.04207900
v -0.00196000 0.02613700 -0.04206600
v -0.00066200 0.02614500 -0.04208700
v -0.00260900 0.02612700 -0.04204900
v -0.00065800 0.02757100 -0.04128000
v -0.00065500 0.02708100 -0.04153600
v -0.00066000 0.02757700 -0.04128600
v -0.00065500 0.02660300 -0.04180200
v -0.00066200 0.02614500 -0.04208700
v -0.00065800 0.02613800 -0.04208000
v -0.00065600 0.02613100 -0.04207300
v -0.00065400 0.02612400 -0.04206600
v -0.00065500 0.02756400 -0.04127300
v -0.00065400 0.02755700 -0.04126600
v -0.00070700 0.02621000 -0.04211400
v -0.00070800 0.02764500 -0.04131300
v -0.00075300 0.02626200 -0.04210400
v -0.00075100 0.02769500 -0.04130300
v -0.00075100 0.02769500 -0.04130300
v -0.00025300 0.02769600 -0.04130600
v -0.00070800 0.02764500 -0.04131300
v 0.00024500 0.02769600 -0.04130600
v 0.00069900 0.02764300 -0.04131300
v 0.00074400 0.02769500 -0.04130300
v 0.00065400 0.02757700 -0.04128600
v 0.00021600 0.02757800 -0.04128900
v -0.00022200 0.02757800 -0.04128900
v -0.00066000 0.02757700 -0.04128600
v 0.00065200 0.02614000 -0.04208200
v 0.00064800 0.02660400 -0.04180300
v 0.00065600 0.02614700 -0.04209000
v 0.00065400 0.02757700 -0.04128600
v 0.00069900 0.02764300 -0.04131300
v 0.00064900 0.02613200 -0.04207400
v 0.00064800 0.02612400 -0.04206600
v 0.00064800 0.02708100 -0.04153600
v 0.00065100 0.02757100 -0.04128000
v 0.00064900 0.02756400 -0.04127300
v 0.00064800 0.02755700 -0.04126600
v 0.00074400 0.02769500 -0.04130300
v 0.00074400 0.02721800 -0.04157400
v 0.00074400 0.02674100 -0.04184100
v 0.00070000 0.02621000 -0.04211400
v 0.00074500 0.02626100 -0.04210500
v 0.00260400 0.02624400 -0.04206600
v 0.00260300 0.02620500 -0.04207500
v 0.00074500 0.02626100 -0.04210500
v 0.00070000 0.02621000 -0.04211400
v 0.00260300 0.02616600 -0.04206900
v 0.00130500 0.02614400 -0.04208100
v 0.00195300 0.02613900 -0.04206800
v 0.00260200 0.02612500 -0.04205100
v 0.00065600 0.02614700 -0.04209000
v 0.00260400 0.02624400 -0.04206600
v 0.00328000 0.02611200 -0.04210800
v 0.00260300 0.02620500 -0.04207500
v 0.00343300 0.02595600 -0.04214600
v 0.00305100 0.02606700 -0.04205900
v 0.00353500 0.02585100 -0.04214500
v 0.00404100 0.02540500 -0.04240800
v 0.00402600 0.02534000 -0.04237600
v 0.00426400 0.02466300 -0.04278500
v 0.00423300 0.02463100 -0.04272300
v 0.00382200 0.02577900 -0.04226000
v 0.00412800 0.02541000 -0.04244000
v 0.00433200 0.02467800 -0.04281300
v 0.00260200 0.02612500 -0.04205100
v 0.00260300 0.02616600 -0.04206900
v 0.00433100 0.02106500 -0.04458200
v 0.00427300 0.02110100 -0.04454100
v 0.00433200 0.02467800 -0.04281300
v 0.00426400 0.02466300 -0.04278500
v 0.00424600 0.02111100 -0.04450200
v 0.00422900 0.02346800 -0.04332400
v 0.00422900 0.02229200 -0.04390000
v 0.00422900 0.02110700 -0.04445800
v 0.00423300 0.02463100 -0.04272300
v 0.00292700 0.02112600 -0.04450500
v 0.00422900 0.02110700 -0.04445800
v 0.00292700 0.02113000 -0.04451700
v 0.00424600 0.02111100 -0.04450200
v 0.00291500 0.02113400 -0.04456000
v 0.00427300 0.02110100 -0.04454100
v 0.00289100 0.02112300 -0.04460000
v 0.00383200 0.02107400 -0.04460600
v 0.00333300 0.02108300 -0.04462700
v 0.00292700 0.02112100 -0.04449300
v 0.00336100 0.02110700 -0.04446700
v 0.00379500 0.02109900 -0.04444800
v 0.00292700 0.02111300 -0.04448300
v 0.00422900 0.02109100 -0.04442800
v 0.00433100 0.02106500 -0.04458200
v 0.00283400 0.02109000 -0.04464500
v 0.00283300 0.02470700 -0.04287700
v 0.00288000 0.02470000 -0.04286300
v 0.00283400 0.02109000 -0.04464500
v 0.00289100 0.02112300 -0.04460000
v 0.00291500 0.02468400 -0.04283100
v 0.00291500 0.02113400 -0.04456000
v 0.00292700 0.02349400 -0.04338300
v 0.00292700 0.02231700 -0.04396000
v 0.00292700 0.02466100 -0.04278800
v 0.00292700 0.02113000 -0.04451700
v 0.00283300 0.02470700 -0.04287700
v 0.00282000 0.02478400 -0.04283800
v 0.00288000 0.02470000 -0.04286300
v 0.00285000 0.02482300 -0.04279500
v 0.00291500 0.02468400 -0.04283100
v 0.00287900 0.02481600 -0.04274200
v 0.00292700 0.02466100 -0.04278800
v 0.00288400 0.02479200 -0.04270200
v 0.00279300 0.02487700 -0.04264900
v 0.00276200 0.02492000 -0.04269300
v 0.00260300 0.02495400 -0.04266400
v 0.00260400 0.02495600 -0.04270800
v 0.00274600 0.02491500 -0.04275100
v 0.00260500 0.02494100 -0.04275000
v 0.00272000 0.02488100 -0.04279100
v 0.00260600 0.02490900 -0.04278100
v 0.00278200 0.02483900 -0.04281000
v 0.00260200 0.02493300 -0.04262500
v 0.00260600 0.02490900 -0.04278100
v 0.00074700 0.02492600 -0.04281800
v 0.00260500 0.02494100 -0.04275000
v 0.00068800 0.02496000 -0.04277200
v 0.00260400 0.02495600 -0.04270800
v 0.00066200 0.02496800 -0.04273300
v 0.00260300 0.02495400 -0.04266400
v 0.00064800 0.02496100 -0.04268700
v 0.00129900 0.02494700 -0.04265800
v 0.00064800 0.02495000 -0.04266600
v 0.00195100 0.02494200 -0.04264500
v 0.00260200 0.02493300 -0.04262500
v 0.00065200 0.02248600 -0.04371400
v 0.00064800 0.02326800 -0.04332300
v 0.00065300 0.02263300 -0.04386400
v 0.00064800 0.02341300 -0.04347800
v 0.00064800 0.02405000 -0.04293000
v 0.00064800 0.02418900 -0.04308700
v 0.00064800 0.02418900 -0.04308700
v 0.00064800 0.02418900 -0.04308700
v 0.00064800 0.02482700 -0.04252900
v 0.00064800 0.02482700 -0.04252900
v 0.00064800 0.02483000 -0.04253800
v 0.00064800 0.02483000 -0.04253800
v 0.00064800 0.02483400 -0.04254600
v 0.00064800 0.02483400 -0.04254600
v 0.00064800 0.02483800 -0.04255400
v 0.00064800 0.02483800 -0.04255400
v 0.00064800 0.02495000 -0.04266600
v 0.00064800 0.02496100 -0.04268700
v -0.00098000 0.02103100 -0.04442700
v -0.00044600 0.02111500 -0.04439600
v -0.00097900 0.02113200 -0.04452200
v -0.00036800 0.02124200 -0.04448900
v 0.00016800 0.02145700 -0.04422800
v 0.00017500 0.02157800 -0.04433900
v 0.00047900 0.02184200 -0.04403700
v 0.00049300 0.02200300 -0.04414600
v 0.00065200 0.02248600 -0.04371400
v 0.00065300 0.02263300 -0.04386400
v -0.00097900 0.02113200 -0.04452200
v -0.00152200 0.02113100 -0.04452300
v -0.00152200 0.02113100 -0.04452300
v -0.00152200 0.02113100 -0.04452300
v -0.00098000 0.02103100 -0.04442700
v -0.00152300 0.02102600 -0.04441700
v -0.00152300 0.02102600 -0.04441700
v -0.00152300 0.02102600 -0.04441700
v -0.00206600 0.02112700 -0.04451100
v -0.00206600 0.02112700 -0.04451100
v -0.00206600 0.02102100 -0.04440600
v -0.00260800 0.02112100 -0.04449200
v -0.00260900 0.02101800 -0.04439100
v -0.00423600 0.02244600 -0.04361200
v -0.00409600 0.02185800 -0.04390700
v -0.00424000 0.02258700 -0.04375200
v -0.00392800 0.02172700 -0.04416900
v -0.00383100 0.02149200 -0.04410200
v -0.00350800 0.02135600 -0.04435700
v -0.00347400 0.02122700 -0.04425300
v -0.00297600 0.02114900 -0.04446400
v -0.00297600 0.02104900 -0.04436300
v -0.00285500 0.02113100 -0.04447700
v -0.00273200 0.02112100 -0.04448500
v -0.00260900 0.02101800 -0.04439100
v -0.00260800 0.02112100 -0.04449200
v -0.00423600 0.02244600 -0.04361200
v -0.00424000 0.02258700 -0.04375200
v -0.00423600 0.02313100 -0.04327500
v -0.00423600 0.02327200 -0.04341600
v -0.00423600 0.02381300 -0.04293200
v -0.00423600 0.02395300 -0.04307300
v -0.00423800 0.02449200 -0.04258500
v -0.00424100 0.02463200 -0.04272300
v -0.00424100 0.02463200 -0.04272300
v -0.00415400 0.02508800 -0.04249800
v -0.00423800 0.02449200 -0.04258500
v -0.00404000 0.02517600 -0.04222300
v -0.00402100 0.02536100 -0.04236800
v -0.00375800 0.02551200 -0.04205300
v -0.00376300 0.02567800 -0.04222400
v -0.00320100 0.02602200 -0.04207500
v -0.00260900 0.02612700 -0.04204900
v -0.00260900 0.02593900 -0.04185700
v -0.00321000 0.02583400 -0.04189700
v -0.00065400 0.02612400 -0.04206600
v -0.00065500 0.02597800 -0.04192000
v -0.00065600 0.02613100 -0.04207300
v -0.00065600 0.02613100 -0.04207300
v -0.00130200 0.02595300 -0.04189000
v -0.00130200 0.02595300 -0.04189000
v -0.00065800 0.02613800 -0.04208000
v -0.00065800 0.02613800 -0.04208000
v -0.00066200 0.02614500 -0.04208700
v -0.00131100 0.02614200 -0.04207900
v -0.00195500 0.02594700 -0.04187700
v -0.00195500 0.02594700 -0.04187700
v -0.00196000 0.02613700 -0.04206600
v -0.00196000 0.02613700 -0.04206600
v -0.00196000 0.02613700 -0.04206600
v -0.00260900 0.02593900 -0.04185700
v -0.00260900 0.02593900 -0.04185700
v -0.00260900 0.02612700 -0.04204900
v -0.00065300 0.02597000 -0.04191200
v -0.00065100 0.02596300 -0.04190500
v -0.00064800 0.02595600 -0.04189800
v -0.00065500 0.02597800 -0.04192000
v -0.00065400 0.02612400 -0.04206600
v -0.00065500 0.02645700 -0.04165700
v -0.00065500 0.02660300 -0.04180200
v -0.00065500 0.02693600 -0.04139000
v -0.00065500 0.02708100 -0.04153600
v -0.00065500 0.02741200 -0.04112100
v -0.00065500 0.02741200 -0.04112100
v -0.00065400 0.02755700 -0.04126600
v 0.00064400 0.02739700 -0.04110600
v 0.00064100 0.02739000 -0.04109900
v 0.00064100 0.02739000 -0.04109900
v 0.00021600 0.02757800 -0.04128900
v 0.00021600 0.02757800 -0.04128900
v 0.00021600 0.02757800 -0.04128900
v 0.00021600 0.02757800 -0.04128900
v 0.00021600 0.02757800 -0.04128900
v 0.00021100 0.02739100 -0.04110100
v 0.00021100 0.02739100 -0.04110100
v 0.00021100 0.02739100 -0.04110100
v -0.00022200 0.02757800 -0.04128900
v -0.00022200 0.02757800 -0.04128900
v -0.00022200 0.02757800 -0.04128900
v -0.00021800 0.02739100 -0.04110100
v -0.00064700 0.02739000 -0.04109900
v -0.00064700 0.02739000 -0.04109900
v -0.00065100 0.02739700 -0.04110600
v -0.00065300 0.02740400 -0.04111300
v -0.00065400 0.02755700 -0.04126600
v -0.00065500 0.02756400 -0.04127300
v -0.00065500 0.02756400 -0.04127300
v -0.00065800 0.02757100 -0.04128000
v -0.00065800 0.02757100 -0.04128000
v -0.00065500 0.02741200 -0.04112100
v -0.00066000 0.02757700 -0.04128600
v 0.00065400 0.02757700 -0.04128600
v 0.00065100 0.02757100 -0.04128000
v 0.00064900 0.02756400 -0.04127300
v 0.00064900 0.02756400 -0.04127300
v 0.00064800 0.02755700 -0.04126600
v 0.00064800 0.02741200 -0.04112100
v 0.00064700 0.02740400 -0.04111300
v 0.00064800 0.02755700 -0.04126600
v 0.00064800 0.02708100 -0.04153600
v 0.00064800 0.02708100 -0.04153600
v 0.00064800 0.02741200 -0.04112100
v 0.00064800 0.02693600 -0.04139000
v 0.00064800 0.02660400 -0.04180300
v 0.00064800 0.02645700 -0.04165700
v 0.00064800 0.02612400 -0.04206600
v 0.00064800 0.02612400 -0.04206600
v 0.00064800 0.02597800 -0.04192000
v 0.00260300 0.02593900 -0.04186000
v 0.00194800 0.02594500 -0.04187500
v 0.00194800 0.02594500 -0.04187500
v 0.00260200 0.02612500 -0.04205100
v 0.00195300 0.02613900 -0.04206800
v 0.00195300 0.02613900 -0.04206800
v 0.00130500 0.02614400 -0.04208100
v 0.00130500 0.02614400 -0.04208100
v 0.00129400 0.02595100 -0.04188800
v 0.00065600 0.02614700 -0.04209000
v 0.00064800 0.02597800 -0.04192000
v 0.00064800 0.02597800 -0.04192000
v 0.00064900 0.02613200 -0.04207400
v 0.00064800 0.02612400 -0.04206600
v 0.00064000 0.02595400 -0.04189600
v 0.00064400 0.02596200 -0.04190400
v 0.00064700 0.02596900 -0.04191100
v 0.00065200 0.02614000 -0.04208200
v 0.00260200 0.02612500 -0.04205100
v 0.00305100 0.02606700 -0.04205900
v 0.00260300 0.02593900 -0.04186000
v 0.00312500 0.02585800 -0.04188400
v 0.00353500 0.02585100 -0.04214500
v 0.00361100 0.02562000 -0.04199500
v 0.00396000 0.02528100 -0.04216500
v 0.00402600 0.02534000 -0.04237600
v 0.00413200 0.02497900 -0.04232200
v 0.00423300 0.02463100 -0.04272300
v 0.00422900 0.02449200 -0.04258500
v 0.00422900 0.02110700 -0.04445800
v 0.00422900 0.02109100 -0.04442800
v 0.00422900 0.02215700 -0.04374500
v 0.00422900 0.02099100 -0.04433000
v 0.00422900 0.02099100 -0.04433000
v 0.00422900 0.02097700 -0.04430000
v 0.00422900 0.02097700 -0.04430000
v 0.00422900 0.02097700 -0.04430000
v 0.00422900 0.02098600 -0.04432000
v 0.00422900 0.02098600 -0.04432000
v 0.00422900 0.02098100 -0.04431000
v 0.00422900 0.02229200 -0.04390000
v 0.00422900 0.02332800 -0.04317200
v 0.00422900 0.02332800 -0.04317200
v 0.00422900 0.02346800 -0.04332400
v 0.00422900 0.02346800 -0.04332400
v 0.00422900 0.02449200 -0.04258500
v 0.00422900 0.02449200 -0.04258500
v 0.00423300 0.02463100 -0.04272300
v 0.00422900 0.02099100 -0.04433000
v 0.00422900 0.02109100 -0.04442800
v 0.00379600 0.02100000 -0.04435000
v 0.00379500 0.02109900 -0.04444800
v 0.00336100 0.02100700 -0.04436800
v 0.00336100 0.02100700 -0.04436800
v 0.00336100 0.02110700 -0.04446700
v 0.00336100 0.02110700 -0.04446700
v 0.00292700 0.02101400 -0.04438400
v 0.00292700 0.02111300 -0.04448300
v 0.00292700 0.02466100 -0.04278800
v 0.00292700 0.02450600 -0.04263200
v 0.00292700 0.02450600 -0.04263200
v 0.00292700 0.02349400 -0.04338300
v 0.00292700 0.02349400 -0.04338300
v 0.00292700 0.02334500 -0.04322100
v 0.00292700 0.02334500 -0.04322100
v 0.00292700 0.02231700 -0.04396000
v 0.00292700 0.02231700 -0.04396000
v 0.00292700 0.02217500 -0.04379300
v 0.00292700 0.02217500 -0.04379300
v 0.00292700 0.02217500 -0.04379300
v 0.00292700 0.02217500 -0.04379300
v 0.00292700 0.02113000 -0.04451700
v 0.00292700 0.02113000 -0.04451700
v 0.00292700 0.02112600 -0.04450500
v 0.00292700 0.02112100 -0.04449300
v 0.00292700 0.02111300 -0.04448300
v 0.00292700 0.02101400 -0.04438400
v 0.00292700 0.02101400 -0.04438400
v 0.00292700 0.02099700 -0.04434600
v 0.00292700 0.02099700 -0.04434600
v 0.00292700 0.02099700 -0.04434600
v 0.00292700 0.02100600 -0.04437200
v 0.00292700 0.02100600 -0.04437200
v 0.00292700 0.02100100 -0.04435900
v 0.00292700 0.02450600 -0.04263200
v 0.00292700 0.02466100 -0.04278800
v 0.00290000 0.02463200 -0.04258100
v 0.00288400 0.02479200 -0.04270200
v 0.00283200 0.02472600 -0.04254300
v 0.00279300 0.02487700 -0.04264900
v 0.00274400 0.02478800 -0.04252200
v 0.00260200 0.02493300 -0.04262500
v 0.00260100 0.02482500 -0.04251600
v 0.00260100 0.02482500 -0.04251600
v 0.00260200 0.02493300 -0.04262500
v 0.00260200 0.02493300 -0.04262500
v 0.00195000 0.02483000 -0.04253300
v 0.00195000 0.02483000 -0.04253300
v 0.00195100 0.02494200 -0.04264500
v 0.00195100 0.02494200 -0.04264500
v 0.00195100 0.02494200 -0.04264500
v 0.00129900 0.02483500 -0.04254600
v 0.00129900 0.02483500 -0.04254600
v 0.00129900 0.02494700 -0.04265800
v 0.00129900 0.02494700 -0.04265800
v 0.00064800 0.02483800 -0.04255400
v 0.00064800 0.02495000 -0.04266600
v 0.00065200 0.02248600 -0.04371400
v 0.00063200 0.02246400 -0.04367000
v 0.00064800 0.02326800 -0.04332300
v 0.00063400 0.02482100 -0.04248700
v 0.00064800 0.02405000 -0.04293000
v 0.00064800 0.02482700 -0.04252900
v 0.00059800 0.02244900 -0.04363800
v 0.00060900 0.02482900 -0.04244900
v 0.00054900 0.02486600 -0.04240000
v 0.00055200 0.02244100 -0.04362100
v -0.00260900 0.02101800 -0.04439100
v -0.00260600 0.02099700 -0.04433500
v -0.00206600 0.02102100 -0.04440600
v -0.00097900 0.02101100 -0.04437000
v -0.00152300 0.02102600 -0.04441700
v -0.00098000 0.02103100 -0.04442700
v -0.00097900 0.02102300 -0.04431100
v -0.00260400 0.02101000 -0.04427500
v -0.00097800 0.02106300 -0.04426500
v -0.00152000 0.02105900 -0.04425700
v -0.00206200 0.02105500 -0.04424500
v -0.00260300 0.02105000 -0.04423000
v -0.00423600 0.02244600 -0.04361200
v -0.00422300 0.02242400 -0.04356600
v -0.00409600 0.02185800 -0.04390700
v -0.00400700 0.02170700 -0.04393900
v -0.00383100 0.02149200 -0.04410200
v -0.00341500 0.02118200 -0.04421500
v -0.00347400 0.02122700 -0.04425300
v -0.00297600 0.02104900 -0.04436300
v -0.00260600 0.02099700 -0.04433500
v -0.00260900 0.02101800 -0.04439100
v -0.00397300 0.02170300 -0.04388800
v -0.00418600 0.02240800 -0.04353200
v -0.00401600 0.02187900 -0.04377800
v -0.00413300 0.02240200 -0.04352100
v -0.00368200 0.02144000 -0.04400200
v -0.00339400 0.02119100 -0.04415800
v -0.00260400 0.02101000 -0.04427500
v -0.00318700 0.02115000 -0.04416000
v -0.00260300 0.02105000 -0.04423000
v -0.00423800 0.02449200 -0.04258500
v -0.00422700 0.02447300 -0.04255000
v -0.00423600 0.02381300 -0.04293200
v -0.00423600 0.02313100 -0.04327500
v -0.00422300 0.02242400 -0.04356600
v -0.00423600 0.02244600 -0.04361200
v -0.00420400 0.02445800 -0.04252100
v -0.00417200 0.02444800 -0.04250200
v -0.00418600 0.02240800 -0.04353200
v -0.00413100 0.02308700 -0.04318700
v -0.00413300 0.02240200 -0.04352100
v -0.00413100 0.02444600 -0.04249600
v -0.00413100 0.02376800 -0.04284600
v -0.00260900 0.02593900 -0.04185700
v -0.00260700 0.02590400 -0.04183700
v -0.00321000 0.02583400 -0.04189700
v -0.00341200 0.02571600 -0.04191700
v -0.00375800 0.02551200 -0.04205300
v -0.00400000 0.02518300 -0.04217000
v -0.00404000 0.02517600 -0.04222300
v -0.00422700 0.02447300 -0.04255000
v -0.00423800 0.02449200 -0.04258500
v -0.00338700 0.02566300 -0.04190200
v -0.00260600 0.02586200 -0.04183100
v -0.00309500 0.02573500 -0.04186700
v -0.00260600 0.02582200 -0.04184100
v -0.00331600 0.02563900 -0.04190700
v -0.00372300 0.02534300 -0.04204400
v -0.00395900 0.02514600 -0.04214800
v -0.00400700 0.02495300 -0.04223600
v -0.00417200 0.02444800 -0.04250200
v -0.00413100 0.02444600 -0.04249600
v -0.00420400 0.02445800 -0.04252100
v -0.00064800 0.02595600 -0.04189800
v -0.00062500 0.02592200 -0.04187600
v -0.00130200 0.02595300 -0.04189000
v -0.00260700 0.02590400 -0.04183700
v -0.00195500 0.02594700 -0.04187700
v -0.00260900 0.02593900 -0.04185700
v -0.00059700 0.02588900 -0.04186900
v -0.00057400 0.02586200 -0.04187200
v -0.00124000 0.02583400 -0.04187300
v -0.00056400 0.02585100 -0.04187600
v -0.00055500 0.02583700 -0.04188100
v -0.00260600 0.02586200 -0.04183100
v -0.00192300 0.02582900 -0.04186000
v -0.00260600 0.02582200 -0.04184100
v -0.00055400 0.02727000 -0.04108200
v -0.00055400 0.02679400 -0.04135100
v -0.00060000 0.02732200 -0.04107400
v -0.00055400 0.02631700 -0.04161800
v -0.00059700 0.02588900 -0.04186900
v -0.00057400 0.02586200 -0.04187200
v -0.00056400 0.02585100 -0.04187600
v -0.00055500 0.02583700 -0.04188100
v -0.00062500 0.02592200 -0.04187600
v -0.00064700 0.02739000 -0.04109900
v -0.00064800 0.02595600 -0.04189800
v -0.00065500 0.02693600 -0.04139000
v -0.00065500 0.02645700 -0.04165700
v -0.00065100 0.02596300 -0.04190500
v -0.00065300 0.02597000 -0.04191200
v -0.00065500 0.02597800 -0.04192000
v -0.00065500 0.02741200 -0.04112100
v -0.00065300 0.02740400 -0.04111300
v -0.00065100 0.02739700 -0.04110600
v 0.00064100 0.02739000 -0.04109900
v 0.00059400 0.02732300 -0.04107400
v 0.00021100 0.02739100 -0.04110100
v -0.00021800 0.02739100 -0.04110100
v -0.00060000 0.02732200 -0.04107400
v -0.00064700 0.02739000 -0.04109900
v 0.00054700 0.02727000 -0.04108200
v 0.00018000 0.02727100 -0.04108300
v -0.00018700 0.02727100 -0.04108300
v -0.00055400 0.02727000 -0.04108200
v 0.00054700 0.02583700 -0.04188000
v 0.00054700 0.02631700 -0.04161800
v 0.00059800 0.02589400 -0.04187200
v 0.00059400 0.02732300 -0.04107400
v 0.00064100 0.02739000 -0.04109900
v 0.00054700 0.02679400 -0.04135100
v 0.00054700 0.02727000 -0.04108200
v 0.00064000 0.02595400 -0.04189600
v 0.00064400 0.02739700 -0.04110600
v 0.00064700 0.02740400 -0.04111300
v 0.00064800 0.02741200 -0.04112100
v 0.00064800 0.02693600 -0.04139000
v 0.00064800 0.02645700 -0.04165700
v 0.00064400 0.02596200 -0.04190400
v 0.00064700 0.02596900 -0.04191100
v 0.00064800 0.02597800 -0.04192000
v 0.00260300 0.02593900 -0.04186000
v 0.00260000 0.02590400 -0.04183700
v 0.00194800 0.02594500 -0.04187500
v 0.00129400 0.02595100 -0.04188800
v 0.00059800 0.02589400 -0.04187200
v 0.00064000 0.02595400 -0.04189600
v 0.00260000 0.02586300 -0.04183100
v 0.00191600 0.02582900 -0.04186000
v 0.00123200 0.02583400 -0.04187300
v 0.00259900 0.02582100 -0.04184100
v 0.00054700 0.02583700 -0.04188000
v 0.00422900 0.02449200 -0.04258500
v 0.00421200 0.02446800 -0.04254000
v 0.00413200 0.02497900 -0.04232200
v 0.00399400 0.02518300 -0.04217100
v 0.00396000 0.02528100 -0.04216500
v 0.00361100 0.02562000 -0.04199500
v 0.00340500 0.02571600 -0.04191700
v 0.00312500 0.02585800 -0.04188400
v 0.00260000 0.02590400 -0.04183700
v 0.00260300 0.02593900 -0.04186000
v 0.00417400 0.02445200 -0.04250900
v 0.00395200 0.02514600 -0.04214800
v 0.00338100 0.02566300 -0.04190300
v 0.00260000 0.02586300 -0.04183100
v 0.00309000 0.02573400 -0.04186700
v 0.00259900 0.02582100 -0.04184100
v 0.00412400 0.02444600 -0.04249700
v 0.00400900 0.02493600 -0.04224400
v 0.00389500 0.02513200 -0.04214700
v 0.00354300 0.02549200 -0.04197400
v 0.00422900 0.02097700 -0.04430000
v 0.00421500 0.02097200 -0.04425800
v 0.00422900 0.02215700 -0.04374500
v 0.00418800 0.02098200 -0.04421800
v 0.00421200 0.02446800 -0.04254000
v 0.00412400 0.02217400 -0.04363100
v 0.00417400 0.02445200 -0.04250900
v 0.00412400 0.02331500 -0.04307400
v 0.00412400 0.02444600 -0.04249700
v 0.00412400 0.02102400 -0.04417000
v 0.00422900 0.02449200 -0.04258500
v 0.00422900 0.02332800 -0.04317200
v 0.00302400 0.02104100 -0.04421800
v 0.00412400 0.02102400 -0.04417000
v 0.00296800 0.02100600 -0.04426100
v 0.00418800 0.02098200 -0.04421800
v 0.00294200 0.02099400 -0.04430000
v 0.00421500 0.02097200 -0.04425800
v 0.00292700 0.02099700 -0.04434600
v 0.00422900 0.02097700 -0.04430000
v 0.00292700 0.02100100 -0.04435900
v 0.00422900 0.02098100 -0.04431000
v 0.00379600 0.02100000 -0.04435000
v 0.00422900 0.02098600 -0.04432000
v 0.00422900 0.02099100 -0.04433000
v 0.00336100 0.02100700 -0.04436800
v 0.00292700 0.02100600 -0.04437200
v 0.00292700 0.02101400 -0.04438400
v 0.00292700 0.02450600 -0.04263200
v 0.00293600 0.02448800 -0.04259700
v 0.00292700 0.02334500 -0.04322100
v 0.00296000 0.02447300 -0.04256800
v 0.00294200 0.02099400 -0.04430000
v 0.00296800 0.02100600 -0.04426100
v 0.00302300 0.02219000 -0.04367900
v 0.00302400 0.02104100 -0.04421800
v 0.00302300 0.02333000 -0.04312300
v 0.00299600 0.02446300 -0.04255000
v 0.00302200 0.02446100 -0.04254600
v 0.00292700 0.02099700 -0.04434600
v 0.00292700 0.02217500 -0.04379300
v 0.00260100 0.02482500 -0.04251600
v 0.00260000 0.02480400 -0.04247700
v 0.00274400 0.02478800 -0.04252200
v 0.00259800 0.02480200 -0.04243200
v 0.00276600 0.02475500 -0.04247800
v 0.00259700 0.02481800 -0.04239000
v 0.00278300 0.02476100 -0.04242000
v 0.00280700 0.02479400 -0.04238300
v 0.00295500 0.02466300 -0.04244600
v 0.00259700 0.02485100 -0.04236000
v 0.00302300 0.02447500 -0.04254000
v 0.00299600 0.02446300 -0.04255000
v 0.00291800 0.02463700 -0.04247900
v 0.00288800 0.02464300 -0.04253100
v 0.00283200 0.02472600 -0.04254300
v 0.00302200 0.02446100 -0.04254600
v 0.00296000 0.02447300 -0.04256800
v 0.00293600 0.02448800 -0.04259700
v 0.00292700 0.02450600 -0.04263200
v 0.00290000 0.02463200 -0.04258100
v 0.00063400 0.02482100 -0.04248700
v 0.00260000 0.02480400 -0.04247700
v 0.00064800 0.02482700 -0.04252900
v 0.00195000 0.02483000 -0.04253300
v 0.00129900 0.02483500 -0.04254600
v 0.00259800 0.02480200 -0.04243200
v 0.00060900 0.02482900 -0.04244900
v 0.00259700 0.02481800 -0.04239000
v 0.00191400 0.02486100 -0.04237800
v 0.00259700 0.02485100 -0.04236000
v 0.00054900 0.02486600 -0.04240000
v 0.00123200 0.02486600 -0.04239100
v 0.00260100 0.02482500 -0.04251600
v 0.00064800 0.02483800 -0.04255400
v 0.00064800 0.02483400 -0.04254600
v 0.00064800 0.02483000 -0.04253800
v 0.00302300 0.02447500 -0.04254000
v 0.00389500 0.02513200 -0.04214700
v 0.00412400 0.02444600 -0.04249700
v 0.00400900 0.02493600 -0.04224400
v 0.00302300 0.02333000 -0.04312300
v 0.00302200 0.02446100 -0.04254600
v -0.00289000 0.02221200 -0.04375300
v -0.00269700 0.02214800 -0.04378700
v -0.00287200 0.02215200 -0.04373500
v -0.00269500 0.02210300 -0.04376200
v -0.00269500 0.02203400 -0.04376700
v -0.00295900 0.02211500 -0.04371800
v -0.00305700 0.02221600 -0.04366600
v -0.00300400 0.02227000 -0.04367300
v -0.00310300 0.02231200 -0.04361700
v -0.00304800 0.02243400 -0.04360100
v -0.00311800 0.02241600 -0.04356600
v -0.00302300 0.02246000 -0.04365600
v -0.00298300 0.02231600 -0.04371000
v -0.00302300 0.02246000 -0.04365600
v -0.00304800 0.02243400 -0.04360100
v -0.00302200 0.02314500 -0.04332100
v -0.00303500 0.02448600 -0.04259200
v -0.00302200 0.02382700 -0.04297900
v -0.00302300 0.02450600 -0.04263000
v -0.00311800 0.02241600 -0.04356600
v -0.00311000 0.02280900 -0.04337600
v -0.00306500 0.02447000 -0.04256200
v -0.00310700 0.02334900 -0.04311000
v -0.00310600 0.02368800 -0.04293900
v -0.00310500 0.02446100 -0.04254400
v -0.00302300 0.02450600 -0.04263000
v -0.00303500 0.02448600 -0.04259200
v -0.00298700 0.02464600 -0.04257400
v -0.00298100 0.02464600 -0.04253500
v -0.00292800 0.02472600 -0.04254200
v -0.00285900 0.02475900 -0.04248100
v -0.00282300 0.02479700 -0.04251800
v -0.00269800 0.02482500 -0.04251700
v -0.00269500 0.02481100 -0.04248900
v -0.00287400 0.02476100 -0.04242700
v -0.00269300 0.02480500 -0.04243500
v -0.00289700 0.02478500 -0.04238400
v -0.00269200 0.02481200 -0.04240700
v -0.00269200 0.02484200 -0.04236200
v -0.00300700 0.02463700 -0.04248600
v -0.00306500 0.02447000 -0.04256200
v -0.00304700 0.02464600 -0.04245100
v -0.00310500 0.02446100 -0.04254400
v -0.00064200 0.02486200 -0.04240100
v -0.00065900 0.02485800 -0.04240500
v -0.00269200 0.02484200 -0.04236200
v -0.00067300 0.02485000 -0.04241300
v -0.00070600 0.02483100 -0.04244300
v -0.00269200 0.02481200 -0.04240700
v -0.00073300 0.02482100 -0.04248600
v -0.00269300 0.02480500 -0.04243500
v -0.00269500 0.02481100 -0.04248900
v -0.00074300 0.02482800 -0.04253200
v -0.00204600 0.02483300 -0.04253500
v -0.00139500 0.02483900 -0.04254900
v -0.00074300 0.02484200 -0.04255700
v -0.00269800 0.02482500 -0.04251700
v -0.00074300 0.02482800 -0.04253200
v -0.00073300 0.02482100 -0.04248600
v -0.00074300 0.02405100 -0.04293300
v -0.00073500 0.02246800 -0.04367700
v -0.00074300 0.02327000 -0.04332600
v -0.00074200 0.02248400 -0.04371100
v -0.00070600 0.02483100 -0.04244300
v -0.00071200 0.02245400 -0.04364800
v -0.00067300 0.02485000 -0.04241300
v -0.00068000 0.02244400 -0.04362800
v -0.00064200 0.02325300 -0.04322400
v -0.00064200 0.02244100 -0.04362100
v -0.00064200 0.02406000 -0.04281700
v -0.00065900 0.02485800 -0.04240500
v -0.00064200 0.02486200 -0.04240100
v -0.00074200 0.02248400 -0.04371100
v -0.00073500 0.02246800 -0.04367700
v -0.00076000 0.02238400 -0.04374600
v -0.00071200 0.02245400 -0.04364800
v -0.00076000 0.02229300 -0.04372400
v -0.00068000 0.02244400 -0.04362800
v -0.00067700 0.02228500 -0.04369500
v -0.00064200 0.02244100 -0.04362100
v -0.00078200 0.02215100 -0.04375800
v -0.00089100 0.02217200 -0.04378000
v -0.00086500 0.02223700 -0.04380300
v -0.00098200 0.02217600 -0.04382200
v -0.00106800 0.02209900 -0.04379600
v -0.00106800 0.02216400 -0.04382200
v -0.00092300 0.02207300 -0.04379400
v -0.00106800 0.02204900 -0.04380300
v -0.00106800 0.02216400 -0.04382200
v -0.00106800 0.02209900 -0.04379600
v -0.00161100 0.02215700 -0.04381200
v -0.00269500 0.02210300 -0.04376200
v -0.00215400 0.02215200 -0.04380000
v -0.00269700 0.02214800 -0.04378700
v -0.00106800 0.02204900 -0.04380300
v -0.00161000 0.02204600 -0.04379500
v -0.00215300 0.02204100 -0.04378200
v -0.00269500 0.02203400 -0.04376700
v -0.00098000 0.02103100 -0.04442700
v -0.00097900 0.02101100 -0.04437000
v -0.00044600 0.02111500 -0.04439600
v -0.00017000 0.02121000 -0.04428600
v 0.00016800 0.02145700 -0.04422800
v 0.00042200 0.02174500 -0.04403600
v 0.00047900 0.02184200 -0.04403700
v 0.00065200 0.02248600 -0.04371400
v 0.00063200 0.02246400 -0.04367000
v 0.00039100 0.02174000 -0.04398400
v 0.00059800 0.02244900 -0.04363800
v 0.00034500 0.02175400 -0.04395000
v 0.00055200 0.02244100 -0.04362100
v -0.00018800 0.02121700 -0.04422800
v -0.00097900 0.02102300 -0.04431100
v -0.00021600 0.02125100 -0.04418500
v -0.00097800 0.02106300 -0.04426500
v -0.00302400 0.02261600 -0.04381200
v -0.00298300 0.02249200 -0.04388900
v -0.00302300 0.02246000 -0.04365600
v -0.00298300 0.02231600 -0.04371000
v -0.00288300 0.02239800 -0.04394900
v -0.00289000 0.02221200 -0.04375300
v -0.00269700 0.02214800 -0.04378700
v -0.00269700 0.02234800 -0.04398700
v -0.00302400 0.02466000 -0.04278500
v -0.00302300 0.02398200 -0.04313400
v -0.00302300 0.02450600 -0.04263000
v -0.00302200 0.02382700 -0.04297900
v -0.00302300 0.02330000 -0.04347600
v -0.00302300 0.02330000 -0.04347600
v -0.00302200 0.02314500 -0.04332100
v -0.00302200 0.02314500 -0.04332100
v -0.00302400 0.02261600 -0.04381200
v -0.00302300 0.02246000 -0.04365600
v -0.00269800 0.02482500 -0.04251700
v -0.00269700 0.02493000 -0.04262000
v -0.00282300 0.02479700 -0.04251800
v -0.00289400 0.02487500 -0.04265000
v -0.00292800 0.02472600 -0.04254200
v -0.00298300 0.02478900 -0.04270400
v -0.00298700 0.02464600 -0.04257400
v -0.00302400 0.02466000 -0.04278500
v -0.00302300 0.02450600 -0.04263000
v -0.00074300 0.02494700 -0.04266100
v -0.00139400 0.02494400 -0.04265200
v -0.00139400 0.02494400 -0.04265200
v -0.00074300 0.02484200 -0.04255700
v -0.00139500 0.02483900 -0.04254900
v -0.00204600 0.02493800 -0.04263800
v -0.00204600 0.02483300 -0.04253500
v -0.00269700 0.02493000 -0.04262000
v -0.00269700 0.02493000 -0.04262000
v -0.00269800 0.02482500 -0.04251700
v -0.00074300 0.02495300 -0.04267100
v -0.00074300 0.02495300 -0.04267100
v -0.00074300 0.02494700 -0.04266100
v -0.00074300 0.02494700 -0.04266100
v -0.00074300 0.02419100 -0.04309000
v -0.00074300 0.02419100 -0.04309000
v -0.00074300 0.02419100 -0.04309000
v -0.00074300 0.02419100 -0.04309000
v -0.00074300 0.02484200 -0.04255700
v -0.00074300 0.02484200 -0.04255700
v -0.00074300 0.02482800 -0.04253200
v -0.00074300 0.02482800 -0.04253200
v -0.00074300 0.02405100 -0.04293300
v -0.00074300 0.02341500 -0.04348100
v -0.00074300 0.02341500 -0.04348100
v -0.00074300 0.02327000 -0.04332600
v -0.00074200 0.02263300 -0.04386000
v -0.00074200 0.02248400 -0.04371100
v -0.00074300 0.02496200 -0.04269100
v -0.00074300 0.02495800 -0.04268100
v -0.00074300 0.02495800 -0.04268100
v -0.00106800 0.02216400 -0.04382200
v -0.00106800 0.02236300 -0.04402300
v -0.00098200 0.02217600 -0.04382200
v -0.00087700 0.02241200 -0.04398700
v -0.00086500 0.02223700 -0.04380300
v -0.00083900 0.02243700 -0.04397200
v -0.00078100 0.02250400 -0.04393300
v -0.00076000 0.02238400 -0.04374600
v -0.00076100 0.02254400 -0.04391000
v -0.00074200 0.02263300 -0.04386000
v -0.00074200 0.02248400 -0.04371100
v -0.00269700 0.02214800 -0.04378700
v -0.00269700 0.02234800 -0.04398700
v -0.00269700 0.02234800 -0.04398700
v -0.00215400 0.02215200 -0.04380000
v -0.00215400 0.02215200 -0.04380000
v -0.00215400 0.02235600 -0.04400400
v -0.00215400 0.02235600 -0.04400400
v -0.00161100 0.02215700 -0.04381200
v -0.00161100 0.02215700 -0.04381200
v -0.00161100 0.02236100 -0.04401600
v -0.00161100 0.02236100 -0.04401600
v -0.00106800 0.02236300 -0.04402300
v -0.00106800 0.02216400 -0.04382200
v -0.00299300 0.02264300 -0.04387100
v -0.00293000 0.02265900 -0.04390100
v -0.00295100 0.02251500 -0.04393600
v -0.00289700 0.02255700 -0.04395200
v -0.00284400 0.02242000 -0.04398600
v -0.00281300 0.02248300 -0.04399100
v -0.00269800 0.02238800 -0.04400900
v -0.00269900 0.02245600 -0.04400800
v -0.00269700 0.02234800 -0.04398700
v -0.00288300 0.02239800 -0.04394900
v -0.00298300 0.02249200 -0.04388900
v -0.00302400 0.02261600 -0.04381200
v -0.00292800 0.02470600 -0.04287400
v -0.00293000 0.02265900 -0.04390100
v -0.00297300 0.02469800 -0.04285800
v -0.00299300 0.02264300 -0.04387100
v -0.00300700 0.02468200 -0.04282600
v -0.00302300 0.02330000 -0.04347600
v -0.00302300 0.02398200 -0.04313400
v -0.00302400 0.02261600 -0.04381200
v -0.00302400 0.02466000 -0.04278500
v -0.00270000 0.02494200 -0.04273200
v -0.00270200 0.02490800 -0.04277800
v -0.00283900 0.02490700 -0.04274800
v -0.00281400 0.02487900 -0.04278800
v -0.00289800 0.02480600 -0.04282300
v -0.00292800 0.02470600 -0.04287400
v -0.00297300 0.02469800 -0.04285800
v -0.00294300 0.02481700 -0.04279000
v -0.00297200 0.02481100 -0.04273800
v -0.00285500 0.02491300 -0.04269000
v -0.00289400 0.02487500 -0.04265000
v -0.00269700 0.02493000 -0.04262000
v -0.00300700 0.02468200 -0.04282600
v -0.00302400 0.02466000 -0.04278500
v -0.00298300 0.02478900 -0.04270400
v -0.00269900 0.02495100 -0.04267400
v -0.00270200 0.02490800 -0.04277800
v -0.00270000 0.02494200 -0.04273200
v -0.00083900 0.02492700 -0.04281700
v -0.00077900 0.02496100 -0.04276700
v -0.00075700 0.02496800 -0.04273100
v -0.00269900 0.02495100 -0.04267400
v -0.00074300 0.02496200 -0.04269100
v -0.00204600 0.02493800 -0.04263800
v -0.00074300 0.02495800 -0.04268100
v -0.00139400 0.02494400 -0.04265200
v -0.00074300 0.02495300 -0.04267100
v -0.00074300 0.02494700 -0.04266100
v -0.00269700 0.02493000 -0.04262000
v -0.00084400 0.02267600 -0.04395000
v -0.00083900 0.02492700 -0.04281700
v -0.00079600 0.02266900 -0.04393500
v -0.00077900 0.02496100 -0.04276700
v -0.00076000 0.02265400 -0.04390300
v -0.00075700 0.02496800 -0.04273100
v -0.00074300 0.02341500 -0.04348100
v -0.00074300 0.02419100 -0.04309000
v -0.00074300 0.02496200 -0.04269100
v -0.00074200 0.02263300 -0.04386000
v -0.00106900 0.02247700 -0.04404300
v -0.00097300 0.02249800 -0.04403400
v -0.00106900 0.02243800 -0.04405100
v -0.00092500 0.02243900 -0.04402900
v -0.00106900 0.02239800 -0.04404400
v -0.00106800 0.02236300 -0.04402300
v -0.00087700 0.02241200 -0.04398700
v -0.00083900 0.02243700 -0.04397200
v -0.00081800 0.02253400 -0.04398400
v -0.00078100 0.02250400 -0.04393300
v -0.00076100 0.02254400 -0.04391000
v -0.00076000 0.02265400 -0.04390300
v -0.00074200 0.02263300 -0.04386000
v -0.00090600 0.02254400 -0.04401300
v -0.00085500 0.02262200 -0.04397600
v -0.00079600 0.02266900 -0.04393500
v -0.00084400 0.02267600 -0.04395000
v -0.00106900 0.02247700 -0.04404300
v -0.00106900 0.02243800 -0.04405100
v -0.00269900 0.02245600 -0.04400800
v -0.00269800 0.02238800 -0.04400900
v -0.00106900 0.02239800 -0.04404400
v -0.00215400 0.02235600 -0.04400400
v -0.00161100 0.02236100 -0.04401600
v -0.00106800 0.02236300 -0.04402300
v -0.00269700 0.02234800 -0.04398700
v -0.00270200 0.02490800 -0.04277800
v -0.00270200 0.02490800 -0.04277800
v -0.00083900 0.02492700 -0.04281700
v -0.00106900 0.02247700 -0.04404300
v -0.00084400 0.02267600 -0.04395000
v -0.00084400 0.02267600 -0.04395000
v -0.00097300 0.02249800 -0.04403400
v -0.00085500 0.02262200 -0.04397600
v -0.00085500 0.02262200 -0.04397600
v -0.00090600 0.02254400 -0.04401300
v -0.00269900 0.02245600 -0.04400800
v -0.00269900 0.02245600 -0.04400800
v -0.00289800 0.02480600 -0.04282300
v -0.00289800 0.02480600 -0.04282300
v -0.00281400 0.02487900 -0.04278800
v -0.00281300 0.02248300 -0.04399100
v -0.00289700 0.02255700 -0.04395200
v -0.00289700 0.02255700 -0.04395200
v -0.00293000 0.02265900 -0.04390100
v -0.00292800 0.02470600 -0.04287400
v 0.02312800 -0.00376100 -0.04828300
v 0.02101400 -0.00637000 -0.04909000
v 0.02161100 -0.00486700 -0.04856900
v 0.02092900 -0.00622900 -0.04903000
v 0.02083900 -0.00609100 -0.04897000
v 0.02074500 -0.00595600 -0.04891100
v 0.02251300 -0.00359400 -0.04816900
v 0.02341300 -0.00213400 -0.04771100
v 0.02488900 -0.00092300 -0.04740600
v 0.02427600 -0.00048400 -0.04719300
v 0.02506300 0.00135800 -0.04661500
v 0.02627300 0.00209600 -0.04647400
v 0.02627300 0.00209600 -0.04647400
v 0.02627300 0.00209600 -0.04647400
v 0.02573000 0.00336400 -0.04598600
v 0.02725900 0.00525000 -0.04550000
v 0.02620900 0.00536500 -0.04535900
v 0.02761800 0.00698900 -0.04496300
v 0.02651000 0.00732700 -0.04474400
v 0.02786600 0.00885200 -0.04438700
v 0.02786600 0.00885200 -0.04438700
v 0.02664800 0.00923400 -0.04414200
v 0.02664800 0.00923400 -0.04414200
v 0.02663900 0.01107400 -0.04355500
v 0.02663900 0.01107400 -0.04355500
v 0.02663900 0.01107400 -0.04355500
v 0.02623000 0.01457700 -0.04241900
v 0.02661400 0.01290700 -0.04297400
v 0.02795000 0.01260000 -0.04320600
v 0.02795000 0.01260000 -0.04320600
v 0.02531600 0.01797000 -0.04131200
v 0.02601700 0.01683400 -0.04171200
v 0.02639600 0.01488100 -0.04233900
v 0.02548000 0.01875400 -0.04109800
v 0.02391100 0.02121700 -0.04025600
v 0.02478700 0.02062800 -0.04050100
v 0.02394200 0.02244500 -0.03992300
v 0.02494000 0.02338000 -0.03975800
v 0.02295100 0.02419400 -0.03936800
v 0.02291600 0.02659300 -0.03874000
v 0.02181900 0.02586400 -0.03883900
v 0.02055400 0.02744600 -0.03834000
v 0.01975200 0.02700100 -0.03839100
v 0.01916300 0.02892900 -0.03787400
v 0.01707800 0.02943600 -0.03761400
v 0.01765500 0.03030400 -0.03744400
v 0.01603900 0.03156300 -0.03705300
v 0.01736800 0.03220300 -0.03698000
v 0.01570500 0.03336900 -0.03662000
v 0.01432500 0.03269800 -0.03670300
v 0.01395600 0.03441500 -0.03629900
v 0.01252400 0.03370300 -0.03639600
v 0.01252400 0.03370300 -0.03639600
v 0.01212700 0.03533800 -0.03601900
v 0.01064500 0.03457100 -0.03613400
v 0.01064500 0.03457100 -0.03613400
v 0.01023200 0.03613000 -0.03578200
v 0.00870200 0.03529800 -0.03592000
v 0.00870200 0.03529800 -0.03592000
v 0.00664500 0.03722400 -0.03546700
v 0.00670600 0.03587800 -0.03575400
v 0.00337500 0.03649800 -0.03558500
v 0.00337500 0.03649800 -0.03558500
v 0.00371400 0.03514700 -0.03587200
v -0.00000900 0.03542700 -0.03580200
v -0.00000900 0.03542700 -0.03580200
v -0.00000900 0.03542700 -0.03580200
v 0.02204200 0.02424900 -0.03927600
v 0.01407800 0.03149900 -0.03696300
v 0.01081200 0.03315500 -0.03645000
v 0.00733500 0.03437900 -0.03608500
v -0.00000900 0.03799200 -0.03526400
v 0.00072700 0.03798200 -0.03526600
v 0.00072700 0.03798200 -0.03526600
v 0.00146300 0.03795300 -0.03527300
v 0.00146300 0.03795300 -0.03527300
v 0.00219800 0.03790300 -0.03528500
v 0.00293200 0.03783900 -0.03529700
v 0.00293200 0.03783900 -0.03529700
v 0.01893900 0.03092400 -0.03737800
v 0.02040700 0.02953700 -0.03781300
v 0.02647200 0.01993300 -0.04085600
v 0.02748400 0.01631200 -0.04201300
v -0.02074500 -0.00595900 -0.04891200
v -0.02084000 -0.00609400 -0.04897000
v -0.02174200 -0.00469700 -0.04851500
v -0.02093000 -0.00623200 -0.04903000
v -0.02101400 -0.00637300 -0.04909100
v -0.02312400 -0.00377100 -0.04828600
v -0.02278700 -0.00318100 -0.04803900
v -0.02382300 -0.00139500 -0.04747800
v -0.02488200 -0.00094300 -0.04741200
v -0.02478700 0.00065800 -0.04683400
v -0.02626700 0.00207000 -0.04648100
v -0.02557000 0.00281800 -0.04615600
v -0.02725500 0.00522300 -0.04550800
v -0.02614600 0.00503200 -0.04546100
v -0.02651100 0.00728800 -0.04475300
v -0.02786600 0.00881800 -0.04439700
v -0.02666100 0.00956100 -0.04403700
v -0.02666100 0.00956100 -0.04403700
v -0.02795500 0.01256100 -0.04321800
v -0.02795500 0.01256100 -0.04321800
v -0.02659800 0.01182300 -0.04331300
v -0.02659800 0.01182300 -0.04331300
v -0.02634500 0.01395500 -0.04262300
v -0.02749500 0.01627200 -0.04202500
v -0.02593400 0.01592800 -0.04198100
v -0.02540000 0.01773700 -0.04138900
v -0.02649100 0.01988700 -0.04086900
v -0.02477700 0.01938000 -0.04085200
v -0.02409600 0.02086000 -0.04037100
v -0.02496700 0.02333500 -0.03977200
v -0.02247800 0.02362700 -0.03947600
v -0.02295300 0.02654500 -0.03875500
v -0.02051000 0.02617800 -0.03865500
v -0.02045700 0.02948800 -0.03782700
v -0.01821500 0.02848400 -0.03791600
v -0.01821500 0.02848400 -0.03791600
v -0.01899500 0.03087700 -0.03739300
v -0.01899500 0.03087700 -0.03739300
v -0.01563900 0.03050200 -0.03727600
v -0.01743300 0.03215700 -0.03699400
v -0.01577700 0.03332400 -0.03663300
v -0.01282400 0.03220100 -0.03674300
v -0.01403500 0.03437300 -0.03631100
v -0.01403500 0.03437300 -0.03631100
v -0.01403500 0.03437300 -0.03631100
v -0.01197700 0.03265700 -0.03660500
v -0.01197700 0.03265700 -0.03660500
v -0.01221400 0.03529900 -0.03603000
v -0.01221400 0.03529900 -0.03603000
v -0.01018300 0.03348800 -0.03635500
v -0.01018300 0.03348800 -0.03635500
v -0.01032500 0.03609600 -0.03579200
v -0.00980600 0.03356300 -0.03632600
v -0.00980600 0.03356300 -0.03632600
v -0.00832800 0.03418200 -0.03615000
v -0.00663600 0.03456600 -0.03603100
v -0.00642100 0.03473700 -0.03599100
v -0.00337000 0.03519500 -0.03585900
v -0.00324100 0.03533100 -0.03582900
v -0.00000900 0.03542700 -0.03580200
v -0.00000900 0.03542700 -0.03580200
v -0.00000900 0.03542700 -0.03580200
v -0.00230400 0.03789400 -0.03528700
v -0.00230400 0.03789400 -0.03528700
v -0.00154000 0.03794800 -0.03527400
v -0.00154000 0.03794800 -0.03527400
v -0.00676000 0.03719700 -0.03547400
v -0.00306700 0.03782500 -0.03530000
v -0.00077500 0.03798100 -0.03526600
v -0.00077500 0.03798100 -0.03526600
v -0.00000900 0.03799200 -0.03526400
v -0.01211200 -0.01039700 -0.05092000
v -0.01111600 -0.01122900 -0.05110400
v -0.01221600 -0.01259800 -0.05102300
v -0.00926900 -0.01228100 -0.05137400
v -0.00949200 -0.01376100 -0.05140600
v -0.00735400 -0.01319800 -0.05159700
v -0.00654800 -0.01464500 -0.05170500
v -0.00539000 -0.01398400 -0.05177100
v -0.00349100 -0.01520100 -0.05190000
v -0.00271500 -0.01482200 -0.05192500
v -0.00000500 -0.01541700 -0.05198000
v -0.01201100 -0.00822300 -0.05078300
v -0.01108600 -0.00883900 -0.05095800
v -0.00957000 -0.01010500 -0.05123100
v -0.00798100 -0.01127100 -0.05146200
v -0.00633300 -0.01233900 -0.05165200
v -0.00464200 -0.01331100 -0.05180000
v -0.00233900 -0.01445300 -0.05193100
v -0.01203400 -0.00713100 -0.05068900
v -0.01067100 -0.00619400 -0.05079200
v -0.00927200 -0.00782100 -0.05110600
v -0.00744000 -0.00698700 -0.05122900
v -0.00642300 -0.00837300 -0.05143000
v -0.00483000 -0.00776700 -0.05150100
v -0.00402900 -0.00917200 -0.05164900
v -0.00269000 -0.00878300 -0.05168500
v -0.00213600 -0.01022300 -0.05179300
v -0.00107200 -0.01002400 -0.05180600
v -0.00078700 -0.01149800 -0.05188400
v -0.00000500 -0.01144600 -0.05188600
v -0.00000500 -0.01343100 -0.05195200
v 0.00039000 -0.01346000 -0.05195200
v -0.01222000 -0.00601900 -0.05056100
v -0.01199500 -0.00451100 -0.05043900
v -0.00856200 -0.00532500 -0.05095600
v -0.00962300 -0.00362700 -0.05064700
v -0.00643600 -0.00464800 -0.05108500
v -0.00723400 -0.00294000 -0.05081000
v -0.00429400 -0.00416400 -0.05117700
v -0.00482400 -0.00244700 -0.05092700
v -0.00215400 -0.00387400 -0.05123200
v -0.00242100 -0.00215300 -0.05099700
v -0.00000500 -0.00377800 -0.05125100
v -0.00000400 -0.00205500 -0.05102000
v 0.00215000 -0.00387500 -0.05123200
v 0.00241800 -0.00215300 -0.05099700
v 0.00430200 -0.00416600 -0.05117700
v 0.00483600 -0.00245000 -0.05092600
v 0.00644600 -0.00465200 -0.05108400
v 0.00724600 -0.00294400 -0.05080900
v 0.00857700 -0.00533300 -0.05095500
v 0.00964200 -0.00363500 -0.05064600
v 0.01225600 -0.00588600 -0.05054300
v 0.01296400 -0.00426800 -0.05026600
v 0.01060700 -0.00189200 -0.05029600
v 0.01381400 -0.00299200 -0.04997200
v 0.01488500 -0.00114000 -0.04952300
v 0.01453100 -0.00281600 -0.04982600
v 0.01546200 -0.00249600 -0.04961500
v 0.01525500 -0.00126800 -0.04947500
v 0.01685800 -0.00250700 -0.04934600
v 0.01625800 0.00063300 -0.04897400
v 0.01894700 -0.00274100 -0.04893200
v 0.02019600 -0.00073100 -0.04833600
v 0.02251300 -0.00359400 -0.04816900
v 0.02341300 -0.00213400 -0.04771100
v 0.02427600 -0.00048400 -0.04719300
v 0.02125300 0.00136500 -0.04770000
v 0.02506300 0.00135800 -0.04661500
v 0.02211300 0.00353300 -0.04702900
v 0.02573000 0.00336400 -0.04598600
v 0.02276500 0.00575600 -0.04632800
v 0.02620900 0.00536500 -0.04535900
v 0.02318900 0.00790600 -0.04564000
v 0.02651000 0.00732700 -0.04474400
v 0.02664800 0.00923400 -0.04414200
v 0.02341600 0.01007700 -0.04493100
v 0.02663900 0.01107400 -0.04355500
v 0.02344600 0.01224500 -0.04420300
v 0.02623000 0.01457700 -0.04241900
v 0.02328100 0.01439700 -0.04346200
v 0.02292200 0.01652600 -0.04271600
v 0.01844100 0.01636000 -0.04402300
v 0.02237400 0.01862000 -0.04197400
v 0.01799800 0.01826100 -0.04332800
v 0.02164000 0.02066500 -0.04123900
v 0.01740700 0.02012500 -0.04262700
v 0.02072600 0.02264700 -0.04051600
v 0.01667200 0.02194400 -0.04192200
v 0.01964100 0.02455400 -0.03980900
v 0.01579800 0.02371000 -0.04121500
v 0.01839200 0.02637400 -0.03912200
v 0.01479300 0.02541500 -0.04051100
v 0.01699000 0.02809400 -0.03846000
v 0.01366500 0.02705100 -0.03981100
v 0.01544700 0.02970400 -0.03782600
v 0.01242400 0.02861000 -0.03911800
v 0.01377700 0.03119500 -0.03722400
v 0.01108000 0.03008700 -0.03843600
v 0.01199100 0.03255800 -0.03665600
v 0.00964400 0.03147500 -0.03776400
v 0.01081200 0.03315500 -0.03645000
v 0.00812700 0.03277100 -0.03710700
v 0.00733500 0.03437900 -0.03608500
v 0.00654300 0.03396800 -0.03646500
v 0.00371400 0.03514700 -0.03587200
v 0.00600300 0.03371100 -0.03670200
v 0.00354600 0.03462700 -0.03625900
v 0.00492500 0.03326800 -0.03711100
v 0.00266300 0.03431300 -0.03653400
v 0.00370000 0.03287500 -0.03747400
v 0.00177600 0.03408900 -0.03673100
v 0.00246800 0.03259400 -0.03773400
v 0.00088500 0.03395400 -0.03684900
v 0.00123100 0.03242500 -0.03789000
v -0.00000700 0.03236900 -0.03794200
v -0.00000500 0.03096900 -0.03885700
v -0.00154200 0.03103200 -0.03879600
v -0.00150000 0.02980700 -0.03956800
v -0.00299600 0.02978800 -0.03952200
v -0.01260100 -0.00492900 -0.05039500
v -0.01318800 -0.00395000 -0.05019400
v -0.01319400 -0.00275400 -0.05004100
v -0.01397000 -0.00316800 -0.04996900
v -0.01490700 -0.00265000 -0.04973700
v -0.01426100 -0.00093000 -0.04960100
v -0.01588900 -0.00244100 -0.04952700
v -0.01705500 -0.00194300 -0.04922600
v -0.01685700 -0.00250700 -0.04934600
v -0.01807400 -0.00295500 -0.04915400
v -0.01981700 -0.00314000 -0.04878600
v -0.01913700 -0.00372200 -0.04902100
v -0.02003000 -0.00473400 -0.04894100
v -0.02074500 -0.00595900 -0.04891200
v -0.02174200 -0.00469700 -0.04851500
v -0.02278700 -0.00318100 -0.04803900
v -0.02112200 -0.00110100 -0.04816500
v -0.01817800 0.00000700 -0.04868100
v -0.01519900 0.00094600 -0.04912100
v -0.01144100 -0.00010100 -0.04990900
v -0.01219300 0.00171400 -0.04948300
v -0.00860000 0.00054500 -0.05015000
v -0.00916500 0.00231200 -0.04976500
v -0.00573200 0.00100700 -0.05032200
v -0.00610800 0.00274100 -0.04996800
v -0.00287700 0.00128300 -0.05042600
v -0.00306500 0.00299600 -0.05008900
v -0.00000400 0.00137600 -0.05046000
v -0.00000400 0.00308200 -0.05013000
v 0.00287500 0.00128300 -0.05042500
v 0.00306500 0.00299600 -0.05008900
v 0.00575000 0.00100500 -0.05032100
v 0.00612900 0.00273900 -0.04996700
v 0.00861500 0.00054200 -0.05014800
v 0.00918200 0.00230900 -0.04976400
v 0.01146500 -0.00010700 -0.04990600
v 0.01221900 0.00170900 -0.04948000
v 0.01581500 0.00076700 -0.04903700
v 0.01658900 0.00272100 -0.04851500
v 0.01710700 0.00258800 -0.04843500
v 0.01779700 0.00458500 -0.04786100
v -0.02382300 -0.00139500 -0.04747800
v -0.02222800 0.00103300 -0.04750300
v -0.01912900 0.00202600 -0.04809800
v -0.01599400 0.00286700 -0.04860500
v -0.01283000 0.00355500 -0.04902100
v -0.00964300 0.00409100 -0.04934600
v -0.00642500 0.00447500 -0.04957900
v -0.00322500 0.00470400 -0.04971800
v -0.00000400 0.00478100 -0.04976500
v 0.00322500 0.00470400 -0.04971800
v 0.00644900 0.00447400 -0.04957700
v 0.00966200 0.00408900 -0.04934400
v 0.01285800 0.00355100 -0.04901700
v 0.01720400 0.00471100 -0.04796100
v 0.01832100 0.00661500 -0.04725700
v -0.02478700 0.00065800 -0.04683400
v -0.02312700 0.00324600 -0.04680600
v -0.01990200 0.00410000 -0.04748000
v -0.01664000 0.00482400 -0.04805300
v -0.01334800 0.00541700 -0.04852400
v -0.01003300 0.00587800 -0.04889200
v -0.00668300 0.00620900 -0.04915600
v -0.00335500 0.00640600 -0.04931300
v -0.00000400 0.00647300 -0.04936500
v 0.00335500 0.00640700 -0.04931200
v 0.00671000 0.00620800 -0.04915400
v 0.01005200 0.00587700 -0.04888900
v 0.01337800 0.00541400 -0.04852000
v 0.01765500 0.00672600 -0.04737800
v 0.01866000 0.00856500 -0.04665500
v -0.02557000 0.00281800 -0.04615600
v -0.02381000 0.00552000 -0.04608000
v -0.02048900 0.00621700 -0.04683200
v -0.01713100 0.00680800 -0.04747000
v -0.01374100 0.00729200 -0.04799500
v -0.01032800 0.00766900 -0.04840400
v -0.00687800 0.00794000 -0.04869800
v -0.00345400 0.00810100 -0.04887300
v -0.00000400 0.00815500 -0.04893100
v 0.00345400 0.00810200 -0.04887200
v 0.00690700 0.00794000 -0.04869600
v 0.01034900 0.00766900 -0.04840100
v 0.01377200 0.00729100 -0.04799000
v 0.01792800 0.00865700 -0.04679800
v 0.01884100 0.01052400 -0.04603100
v -0.02614600 0.00503200 -0.04546100
v -0.02651100 0.00728800 -0.04475300
v -0.02425300 0.00772300 -0.04536800
v -0.02666100 0.00956100 -0.04403700
v -0.02449100 0.00995000 -0.04463800
v -0.02659800 0.01182300 -0.04331300
v -0.02452300 0.01217500 -0.04388900
v -0.02634500 0.01395500 -0.04262300
v -0.02435100 0.01438000 -0.04312900
v -0.02593400 0.01592800 -0.04198100
v -0.02397700 0.01656300 -0.04236700
v -0.02540000 0.01773700 -0.04138900
v -0.02340400 0.01871000 -0.04161200
v -0.02477700 0.01938000 -0.04085200
v -0.02263700 0.02080300 -0.04086900
v -0.02409600 0.02086000 -0.04037100
v -0.02247800 0.02362700 -0.03947600
v -0.02051000 0.02617800 -0.03865500
v -0.02054800 0.02477300 -0.03943400
v -0.02168200 0.02282900 -0.04014100
v -0.01948100 0.02036600 -0.04199100
v -0.02014000 0.01841900 -0.04270700
v -0.01683900 0.01817400 -0.04363700
v -0.01725100 0.01631700 -0.04432200
v -0.01383800 0.01622600 -0.04505800
v -0.01405300 0.01445500 -0.04569700
v -0.01056300 0.01447200 -0.04624500
v -0.01063700 0.01277300 -0.04683200
v -0.00708000 0.01284900 -0.04720400
v -0.00707200 0.01121500 -0.04773500
v -0.00355300 0.01129900 -0.04794100
v -0.00351800 0.00970600 -0.04842200
v -0.00000400 0.00974800 -0.04848600
v -0.01924200 0.02662400 -0.03875200
v -0.01821500 0.02848400 -0.03791600
v -0.01777700 0.02836700 -0.03810000
v -0.01616500 0.02999100 -0.03748100
v -0.01530100 0.02752400 -0.03919100
v -0.01391500 0.02910700 -0.03852500
v -0.01279600 0.02681100 -0.04011700
v -0.01163700 0.02835900 -0.03941100
v -0.01026600 0.02622800 -0.04087700
v -0.00933700 0.02774800 -0.04013700
v -0.00771800 0.02577600 -0.04146800
v -0.00701900 0.02727300 -0.04070200
v -0.00642700 0.02683400 -0.04101500
v -0.00642700 0.02830200 -0.04016200
v -0.00833000 0.02921500 -0.03939000
v -0.01038100 0.02983400 -0.03870900
v -0.00903900 0.03122900 -0.03801400
v -0.01080600 0.03196800 -0.03725600
v -0.00911000 0.03323200 -0.03665700
v -0.00980600 0.03356300 -0.03632600
v -0.00663600 0.03456600 -0.03603100
v -0.01563900 0.03050200 -0.03727600
v -0.01241200 0.03059100 -0.03787900
v -0.01282400 0.03220100 -0.03674300
v -0.00337000 0.03519500 -0.03585900
v -0.00613900 0.03376400 -0.03665100
v -0.00762100 0.03254000 -0.03732800
v -0.00000900 0.03542700 -0.03580200
v -0.00267300 0.03431000 -0.03653600
v -0.00347500 0.03459000 -0.03629000
v -0.00355300 0.03462100 -0.03626200
v -0.00492800 0.03326200 -0.03711600
v -0.00000900 0.03390900 -0.03688900
v -0.00124400 0.03242500 -0.03789000
v -0.00247800 0.03259200 -0.03773500
v -0.00307400 0.03122000 -0.03861200
v -0.00370600 0.03287100 -0.03747700
v -0.00460000 0.03153400 -0.03830600
v -0.00454800 0.03312800 -0.03723900
v -0.00534100 0.03173300 -0.03811200
v -0.00611600 0.03197400 -0.03787800
v -0.00725300 0.03062400 -0.03863600
v 0.01407800 0.03149900 -0.03696300
v 0.01707800 0.02943600 -0.03761400
v 0.01975200 0.02700100 -0.03839100
v 0.02204200 0.02424900 -0.03927600
v 0.02391100 0.02121700 -0.04025600
v 0.02531600 0.01797000 -0.04131200
v 0.02161100 -0.00486700 -0.04856900
v 0.02002900 -0.00473200 -0.04894000
v 0.01913700 -0.00372100 -0.04902000
v 0.02074500 -0.00595600 -0.04891100
v 0.01807400 -0.00295500 -0.04915400
v 0.01367700 -0.00341500 -0.05004900
v 0.01139400 -0.00654200 -0.05072700
v 0.01204100 -0.00706300 -0.05068200
v 0.00989900 -0.00815400 -0.05105800
v 0.01201200 -0.00822300 -0.05078200
v 0.01211300 -0.01039600 -0.05092000
v 0.01062500 -0.01085700 -0.05114600
v 0.01221600 -0.01259600 -0.05102300
v 0.00885800 -0.01194700 -0.05140400
v 0.01023000 -0.01348000 -0.05131300
v 0.00702600 -0.01291400 -0.05161600
v 0.00691900 -0.01455100 -0.05167300
v 0.00514700 -0.01376200 -0.05178100
v 0.00349000 -0.01520100 -0.05190000
v 0.00258700 -0.01470000 -0.05192700
v 0.00300800 0.02978800 -0.03952100
v 0.00364000 0.02982200 -0.03946500
v 0.00596100 0.02962600 -0.03940300
v 0.00545400 0.03016000 -0.03911700
v 0.00627200 0.02937300 -0.03952900
v 0.00725900 0.03063300 -0.03863000
v 0.00833900 0.02922400 -0.03938300
v 0.00890500 0.03118700 -0.03806000
v 0.01026300 0.02980200 -0.03874700
v -0.00000300 0.02981300 -0.03958300
v 0.00153100 0.03103300 -0.03879500
v 0.00306700 0.03122300 -0.03861100
v -0.00449100 0.02975800 -0.03944700
v -0.00364400 0.02981900 -0.03946600
v -0.00545400 0.03015500 -0.03912000
v -0.00596800 0.02962600 -0.03940300
v -0.00597400 0.03027600 -0.03899500
v -0.00627800 0.02937300 -0.03952900
v -0.00642200 0.02902900 -0.03972400
v -0.00642700 0.02124900 -0.04389900
v -0.00835200 0.02424300 -0.04221500
v -0.01111000 0.02465900 -0.04160700
v -0.01384900 0.02519400 -0.04082600
v -0.01656100 0.02584900 -0.03987400
v -0.00642700 0.02025700 -0.04435400
v -0.00940800 0.02108400 -0.04364900
v -0.00891700 0.02267800 -0.04294200
v -0.00642700 0.01993500 -0.04449900
v -0.00653300 0.01929600 -0.04477100
v -0.00982100 0.01946300 -0.04433300
v -0.01251600 0.02138800 -0.04303300
v -0.01186300 0.02304400 -0.04232600
v -0.01478700 0.02351500 -0.04153500
v -0.00642700 0.01927300 -0.04479000
v -0.00642300 0.01894200 -0.04493300
v -0.00675500 0.01770900 -0.04542200
v -0.00629300 0.01859000 -0.04509500
v -0.00619000 0.01847000 -0.04515400
v -0.00606400 0.01837100 -0.04520600
v -0.00591800 0.01829800 -0.04524800
v -0.00460300 0.01826100 -0.04535600
v -0.00339600 0.01764400 -0.04567400
v -0.00297000 0.01828900 -0.04542700
v -0.00162500 0.01830300 -0.04546200
v -0.00000400 0.01762200 -0.04575900
v -0.00000400 0.01831000 -0.04547800
v 0.00161800 0.01830400 -0.04546200
v 0.00339400 0.01764500 -0.04567400
v 0.00324000 0.01828500 -0.04541700
v 0.00486000 0.01825500 -0.04534200
v 0.00678900 0.01771200 -0.04541700
v 0.00595800 0.01831800 -0.04523700
v 0.00609800 0.01839900 -0.04519100
v 0.00621700 0.01850400 -0.04513700
v 0.00631200 0.01863000 -0.04507600
v 0.00656600 0.01930000 -0.04476600
v 0.00642100 0.01993500 -0.04449900
v 0.00642100 0.02125000 -0.04389900
v 0.00642000 0.02683400 -0.04101500
v 0.00836300 0.02424900 -0.04221000
v 0.00893000 0.02268300 -0.04293800
v 0.00942300 0.02108900 -0.04364400
v 0.01254000 0.02139600 -0.04302500
v 0.01309200 0.01970400 -0.04371700
v 0.01568200 0.02179800 -0.04221600
v 0.01642400 0.02001800 -0.04290300
v 0.00641800 0.02900100 -0.03974200
v 0.00702500 0.02727900 -0.04069800
v 0.00772600 0.02578100 -0.04146400
v 0.01112900 0.02466800 -0.04159900
v 0.01188400 0.02305200 -0.04231800
v 0.01382900 0.02519700 -0.04082800
v 0.01481400 0.02352600 -0.04152300
v 0.00208100 -0.01424400 -0.05193600
v 0.00156600 -0.01388800 -0.05194300
v 0.00117600 -0.01368800 -0.05194700
v 0.00078400 -0.01354600 -0.05195000
v -0.00039900 -0.01346000 -0.05195200
v -0.00079200 -0.01354500 -0.05195000
v -0.00118300 -0.01368700 -0.05194700
v -0.00157200 -0.01388600 -0.05194300
v -0.00195700 -0.01414100 -0.05193700
v -0.00178800 0.03408700 -0.03673200
v -0.00089900 0.03395400 -0.03684900
v -0.00800500 -0.00915300 -0.05134000
v -0.00667600 -0.01041600 -0.05153800
v -0.00535800 -0.00971600 -0.05160000
v -0.00529800 -0.01161200 -0.05169900
v -0.00425200 -0.01101700 -0.05173900
v -0.00319800 -0.01055400 -0.05177000
v -0.00388400 -0.01274200 -0.05182600
v -0.00311800 -0.01227500 -0.05184700
v -0.00234500 -0.01191300 -0.05186400
v -0.00156700 -0.01165300 -0.05187600
v -0.01560200 0.02178000 -0.04224200
v -0.01768400 0.02409100 -0.04057000
v -0.01866000 0.02226000 -0.04127700
v -0.01628800 0.01999800 -0.04294300
v -0.01306600 0.01969700 -0.04372400
v -0.01350800 0.01797500 -0.04440000
v -0.01752000 0.01443400 -0.04499400
v -0.02063300 0.01642900 -0.04342400
v -0.02095500 0.01440900 -0.04413700
v -0.01764300 0.01253200 -0.04565100
v -0.02110300 0.01236800 -0.04484200
v -0.01415300 0.01266700 -0.04631500
v -0.01413400 0.01087600 -0.04690400
v -0.01762000 0.01062200 -0.04628300
v -0.01399700 0.00908400 -0.04746300
v -0.01744900 0.00871200 -0.04688900
v -0.02107500 0.01031300 -0.04552700
v -0.02087000 0.00825800 -0.04619000
v -0.01058500 -0.00188500 -0.05029800
v -0.00795700 -0.00120800 -0.05049800
v -0.00530500 -0.00072300 -0.05064200
v -0.00266200 -0.00043400 -0.05072800
v -0.00000400 -0.00033700 -0.05075700
v 0.00266000 -0.00043400 -0.05072800
v 0.00532000 -0.00072500 -0.05064100
v 0.00797000 -0.00121100 -0.05049700
v -0.01015300 0.01782000 -0.04499400
v -0.01040100 0.01615600 -0.04563200
v -0.01062300 0.01107300 -0.04738700
v -0.01052000 0.00937400 -0.04791000
v -0.00559400 -0.00633900 -0.05132500
v -0.00373200 -0.00587400 -0.05139300
v -0.00187300 -0.00559700 -0.05143500
v -0.00000500 -0.00550400 -0.05144900
v 0.00186800 -0.00559700 -0.05143500
v 0.00373800 -0.00587700 -0.05139300
v 0.00560000 -0.00634300 -0.05132400
v 0.00745200 -0.00699500 -0.05122800
v 0.00311700 -0.01228000 -0.05184800
v 0.00414000 -0.01292900 -0.05181800
v 0.00425500 -0.01102200 -0.05173900
v 0.00565100 -0.01185000 -0.05168400
v 0.00234200 -0.01191500 -0.05186400
v 0.00156200 -0.01165400 -0.05187700
v 0.00077900 -0.01149800 -0.05188400
v 0.00536300 -0.00972300 -0.05160000
v 0.00712400 -0.01069600 -0.05151300
v 0.00319700 -0.01055700 -0.05177100
v 0.00213300 -0.01022400 -0.05179300
v 0.00106500 -0.01002500 -0.05180700
v -0.00000500 -0.00995800 -0.05181100
v 0.00643200 -0.00838100 -0.05143000
v 0.00854400 -0.00946400 -0.05130500
v 0.00403000 -0.00917600 -0.05164900
v 0.00269000 -0.00878500 -0.05168500
v 0.00134300 -0.00855000 -0.05170600
v -0.00000500 -0.00847200 -0.05171300
v -0.00135000 -0.00855000 -0.05170600
v 0.00483400 -0.00777100 -0.05150100
v 0.00322600 -0.00733500 -0.05155200
v 0.00161200 -0.00707400 -0.05158200
v -0.00000500 -0.00698700 -0.05159300
v -0.00161700 -0.00707400 -0.05158200
v -0.00322400 -0.00733300 -0.05155200
v 0.01402800 0.00908400 -0.04745700
v 0.01804800 0.01059200 -0.04619600
v 0.01886400 0.01248300 -0.04538100
v 0.01416500 0.01087700 -0.04689800
v 0.01801600 0.01252100 -0.04556900
v 0.01873000 0.01443100 -0.04470900
v 0.01054100 0.00937400 -0.04790700
v 0.00703600 0.00958200 -0.04822800
v 0.00351800 0.00970600 -0.04842200
v 0.01418300 0.01267000 -0.04630800
v 0.01783400 0.01443700 -0.04492100
v 0.01064400 0.01107500 -0.04738400
v 0.00710400 0.01121600 -0.04773200
v 0.00355300 0.01130000 -0.04794000
v -0.00000400 0.01132800 -0.04801000
v 0.01408400 0.01445900 -0.04569000
v 0.01750500 0.01633000 -0.04425800
v 0.01065800 0.01277600 -0.04682800
v 0.00711400 0.01285100 -0.04720100
v 0.00355700 0.01289600 -0.04742400
v -0.00000400 0.01291000 -0.04749900
v -0.00355700 0.01289500 -0.04742400
v 0.01386700 0.01623100 -0.04505100
v 0.01703300 0.01819300 -0.04358500
v 0.01058300 0.01447500 -0.04624100
v 0.00706300 0.01448600 -0.04663500
v 0.00353200 0.01449300 -0.04687200
v -0.00000400 0.01449500 -0.04695100
v -0.00353300 0.01449200 -0.04687200
v -0.00702900 0.01448400 -0.04663900
v 0.01353600 0.01798100 -0.04439200
v 0.01042000 0.01615900 -0.04562700
v 0.00695500 0.01610800 -0.04604000
v 0.00347800 0.01607700 -0.04628800
v -0.00000400 0.01606700 -0.04637000
v -0.00347900 0.01607600 -0.04628800
v -0.00692100 0.01610600 -0.04604400
v 0.00983800 0.01946800 -0.04432900
v 0.01017100 0.01782400 -0.04499000
v 0.01028200 0.02623800 -0.04086900
v 0.01273600 0.02680300 -0.04013300
v 0.01154400 0.02834000 -0.03943900
v 0.00934900 0.02775800 -0.04013000
v 0.00611800 0.03198200 -0.03787200
v 0.00748100 0.03249100 -0.03737800
v 0.00459700 0.03153900 -0.03830300
v -0.00700500 0.00958200 -0.04823100
v -0.00934000 -0.02117300 -0.04961400
v -0.01270900 -0.02038000 -0.04882700
v -0.01178900 -0.01671800 -0.05011900
v -0.01221600 -0.01259800 -0.05102300
v -0.01017900 -0.01725200 -0.05041900
v -0.00949200 -0.01376100 -0.05140600
v -0.00853400 -0.01770600 -0.05067600
v -0.00654800 -0.01464500 -0.05170500
v -0.00686200 -0.01808000 -0.05088900
v -0.00516700 -0.01837300 -0.05105800
v -0.00626300 -0.02167300 -0.05011300
v -0.00313500 -0.02197300 -0.05041800
v -0.00345500 -0.01858300 -0.05118100
v -0.00173100 -0.01871000 -0.05125600
v -0.00349100 -0.01520100 -0.05190000
v -0.00000500 -0.01541700 -0.05198000
v 0.00349000 -0.01520100 -0.05190000
v 0.00172900 -0.01871000 -0.05125600
v 0.00086400 -0.01874100 -0.05127400
v -0.00000100 -0.01875200 -0.05128100
v 0.00001800 -0.02207300 -0.05052000
v -0.00043400 -0.01874900 -0.05127900
v -0.00086600 -0.01874100 -0.05127400
v 0.00691900 -0.01455100 -0.05167300
v 0.00516500 -0.01837300 -0.05105800
v 0.00345300 -0.01858300 -0.05118100
v 0.00317000 -0.02198100 -0.05041300
v 0.01023000 -0.01348000 -0.05131300
v 0.00853200 -0.01770500 -0.05067600
v 0.00686000 -0.01807900 -0.05089000
v 0.00629700 -0.02168500 -0.05010200
v 0.01017700 -0.01725100 -0.05041900
v 0.01221600 -0.01259600 -0.05102300
v 0.01178700 -0.01671700 -0.05011800
v 0.01271000 -0.02037600 -0.04882200
v 0.00936900 -0.02117500 -0.04960300
v -0.00306800 0.03997200 -0.03323000
v 0.00001200 0.04014400 -0.03317800
v -0.00306800 0.03926900 -0.03393300
v -0.00077500 0.03798100 -0.03526600
v -0.00154000 0.03794800 -0.03527400
v 0.00293200 0.03998600 -0.03322600
v 0.00293300 0.03928300 -0.03392900
v 0.00072700 0.03798200 -0.03526600
v -0.00000900 0.03799200 -0.03526400
v 0.00293200 0.03856700 -0.03461900
v 0.00146300 0.03795300 -0.03527300
v 0.00219800 0.03790300 -0.03528500
v 0.00293200 0.03783900 -0.03529700
v -0.00306800 0.03855300 -0.03462300
v -0.00230400 0.03789400 -0.03528700
v -0.00306700 0.03782500 -0.03530000
v -0.01201100 -0.00822300 -0.05078300
v -0.01285700 -0.01677500 -0.04223100
v -0.01203400 -0.00713100 -0.05068900
v -0.01237500 -0.00853500 -0.04841100
v -0.01222000 -0.00601900 -0.05056100
v -0.01304400 -0.00760500 -0.04748200
v -0.01260100 -0.00492900 -0.05039500
v -0.01318800 -0.00395000 -0.05019400
v -0.01408700 -0.00686800 -0.04674500
v -0.01397000 -0.00316800 -0.04996900
v -0.01490700 -0.00265000 -0.04973700
v -0.01540100 -0.00639500 -0.04627200
v -0.01588900 -0.00244100 -0.04952700
v -0.01685700 -0.00250700 -0.04934600
v -0.01551100 -0.01024000 -0.04290600
v -0.01685700 -0.01394600 -0.03940200
v -0.01562100 -0.01408500 -0.03954100
v -0.01429600 -0.01067700 -0.04334400
v -0.01450600 -0.01448700 -0.03994200
v -0.01333200 -0.01135900 -0.04402500
v -0.01362100 -0.01511200 -0.04056800
v -0.01271400 -0.01221800 -0.04488400
v -0.01305300 -0.01590100 -0.04135700
v -0.01289300 -0.02244200 -0.04717100
v -0.01288100 -0.02217400 -0.04714500
v -0.01288100 -0.02217400 -0.04714500
v -0.01285700 -0.02203700 -0.04749400
v -0.01285700 -0.02203700 -0.04749400
v -0.01286900 -0.02190600 -0.04712000
v -0.01286900 -0.02190600 -0.04712000
v -0.01286900 -0.02190600 -0.04712000
v -0.01284200 -0.02186700 -0.04763000
v -0.01284200 -0.02186700 -0.04763000
v -0.01284200 -0.02186700 -0.04763000
v -0.01285700 -0.02163800 -0.04709400
v -0.01285700 -0.02163800 -0.04709400
v -0.01285700 -0.02163800 -0.04709400
v -0.01285700 -0.02163800 -0.04709400
v -0.01277500 -0.02112200 -0.04822700
v -0.01277500 -0.02112200 -0.04822700
v -0.01270900 -0.02038000 -0.04882700
v -0.01270900 -0.02038000 -0.04882700
v -0.01285700 -0.01677500 -0.04223100
v -0.01221600 -0.01259800 -0.05102300
v -0.01211200 -0.01039700 -0.05092000
v -0.01201100 -0.00822300 -0.05078300
v -0.02084000 -0.00609400 -0.04897000
v -0.02074500 -0.00595900 -0.04891200
v -0.02066300 -0.00769100 -0.04740300
v -0.02003000 -0.00473400 -0.04894100
v -0.01962200 -0.00695500 -0.04666700
v -0.01913700 -0.00372200 -0.04902100
v -0.01831100 -0.00648300 -0.04619500
v -0.01807400 -0.00295500 -0.04915400
v -0.01685700 -0.01394600 -0.03940200
v -0.01685700 -0.00250700 -0.04934600
v -0.01820200 -0.01028400 -0.04286800
v -0.01809300 -0.01408500 -0.03954100
v -0.01920800 -0.01448700 -0.03994200
v -0.01941500 -0.01072100 -0.04330500
v -0.02009300 -0.01511200 -0.04056800
v -0.02037800 -0.01140200 -0.04398600
v -0.02066100 -0.01590100 -0.04135700
v -0.02099600 -0.01226000 -0.04484400
v -0.02110700 -0.01424800 -0.04475700
v -0.02134400 -0.00901700 -0.04813000
v -0.02135600 -0.01172200 -0.04728300
v -0.02085700 -0.01677500 -0.04223100
v -0.02101400 -0.00637300 -0.04909100
v -0.02093000 -0.00623200 -0.04903000
v 0.01575100 -0.01889400 -0.04336000
v 0.01685800 -0.01546700 -0.03993300
v 0.01685800 -0.01907300 -0.04353900
v 0.01796400 -0.01564500 -0.04011100
v 0.01796400 -0.01889400 -0.04336000
v 0.01885100 -0.01614600 -0.04061100
v 0.01885100 -0.01614600 -0.04061100
v 0.01885100 -0.01839400 -0.04286000
v 0.01885100 -0.01839400 -0.04286000
v 0.01885100 -0.01839400 -0.04286000
v 0.01934400 -0.01686900 -0.04133400
v 0.01934400 -0.01686900 -0.04133400
v 0.01934400 -0.01767100 -0.04213700
v 0.01575100 -0.01564500 -0.04011100
v 0.01486400 -0.01839400 -0.04286000
v 0.01486400 -0.01614600 -0.04061100
v 0.01486400 -0.01614600 -0.04061100
v 0.01437200 -0.01767100 -0.04213700
v 0.01437200 -0.01767100 -0.04213700
v 0.01437200 -0.01686900 -0.04133400
v 0.01575100 -0.01889400 -0.04336000
v 0.01685800 -0.01907300 -0.04353900
v 0.01685800 -0.01857800 -0.04403400
v 0.01685800 -0.01857800 -0.04403400
v 0.01685800 -0.01907300 -0.04353900
v 0.01796400 -0.01889400 -0.04336000
v 0.01796400 -0.01839900 -0.04385500
v 0.01885100 -0.01839400 -0.04286000
v 0.01885100 -0.01789900 -0.04335500
v 0.01934400 -0.01767100 -0.04213700
v 0.01934400 -0.01717600 -0.04263200
v 0.01934400 -0.01686900 -0.04133400
v 0.01934400 -0.01637400 -0.04182900
v 0.01885100 -0.01614600 -0.04061100
v 0.01885100 -0.01565100 -0.04110600
v 0.01796400 -0.01564500 -0.04011100
v 0.01796400 -0.01515000 -0.04060600
v 0.01685800 -0.01546700 -0.03993300
v 0.01685800 -0.01497200 -0.04042800
v 0.01575100 -0.01515000 -0.04060600
v 0.01575100 -0.01564500 -0.04011100
v 0.01486400 -0.01565100 -0.04110600
v 0.01486400 -0.01614600 -0.04061100
v 0.01437200 -0.01637400 -0.04182900
v 0.01437200 -0.01686900 -0.04133400
v 0.01437200 -0.01717600 -0.04263200
v 0.01437200 -0.01767100 -0.04213700
v 0.01486400 -0.01789900 -0.04335500
v 0.01486400 -0.01839400 -0.04286000
v 0.01575100 -0.01839900 -0.04385500
vn -0.00000000 -0.70710000 0.70710000
vn -0.00000000 -0.70710000 0.70710000
vn -0.00000000 -0.70710000 0.70710000
vn -0.00000000 -0.70710000 0.70710000
vn -0.00000000 -0.70710000 0.70710000
vn -0.00000000 -0.70710000 0.70710000
vn -0.00000000 -0.70710000 0.70710000
vn -0.00000000 -0.70710000 0.70710000
vn -0.00000000 -0.70710000 0.70710000
vn -0.00000000 -0.70710000 0.70710000
vn -0.00000000 -0.70710000 0.70710000
vn -0.00000000 -0.70710000 0.70710000
vn -0.00000000 -0.70710000 0.70710000
vn -0.00000000 -0.70710000 0.70710000
vn -0.00000000 -0.70710000 0.70710000
vn -0.00000000 -0.70710000 0.70710000
vn -0.00000000 -0.70710000 0.70710000
vn -0.00000000 -0.70710000 0.70710000
vn -0.00000000 -0.70710000 0.70710000
vn -0.00000000 -0.70710000 0.70710000
vn -0.00000000 -0.70710000 0.70710000
vn -0.00000000 -0.70710000 0.70710000
vn 0.00010000 -0.70710000 0.70710000
vn -0.00010000 -0.70710000 0.70710000
vn -0.00000000 -0.70710000 0.70710000
vn -0.00000000 -0.70710000 0.70710000
vn -0.00000000 -0.70710000 0.70710000
vn -0.00000000 -0.70710000 0.70710000
vn -0.00000000 -0.70710000 0.70710000
vn -0.00000000 -0.70710000 0.70710000
vn -0.00000000 -0.70710000 0.70710000
vn -0.00000000 -0.70710000 0.70710000
vn -0.00000000 -0.70710000 0.70710000
vn -0.00000000 -0.70710000 0.70710000
vn -0.00010000 -0.70710000 0.70710000
vn -0.00000000 -0.70710000 0.70710000
vn -0.00010000 -0.70710000 0.70710000
vn 0.00010000 -0.70710000 0.70710000
vn 0.00010000 -0.70710000 0.70710000
vn -0.00000000 -0.70710000 0.70710000
vn -0.00000000 -0.70710000 0.70710000
vn -0.00000000 -0.70710000 0.70710000
vn -0.00000000 -0.70710000 0.70710000
vn -0.00000000 -0.70710000 0.70710000
vn -0.00000000 -0.70710000 0.70710000
vn -0.00000000 -0.70710000 0.70710000
vn -0.00000000 -0.70710000 0.70710000
vn -0.00000000 -0.70710000 0.70710000
vn -0.00000000 -0.70710000 0.70710000
vn -0.00000000 -0.70710000 0.70710000
vn -0.00000000 -0.70710000 0.70710000
vn -0.00000000 -0.70710000 0.70710000
vn -0.00000000 -0.70710000 0.70710000
vn -0.00000000 -0.70710000 0.70710000
vn -0.00000000 -0.70710000 0.70710000
vn -0.00000000 -0.70710000 0.70710000
vn -0.00000000 -0.70710000 0.70710000
vn -0.00000000 -0.70710000 0.70710000
vn -0.00000000 -0.70710000 0.70710000
vn -0.00000000 -0.70710000 0.70710000
vn -0.00000000 -0.70710000 0.70710000
vn -0.00000000 -0.70710000 0.70710000
vn -0.00000000 -0.70710000 0.70710000
vn -0.00000000 -0.70710000 0.70710000
vn -0.00000000 -0.70710000 0.70710000
vn -0.00000000 -0.70710000 0.70710000
vn -0.00000000 -0.70710000 0.70710000
vn -0.00000000 -0.70710000 0.70710000
vn -0.00000000 -0.70710000 0.70710000
vn -0.00000000 -0.70710000 0.70710000
vn -0.00000000 -0.70710000 0.70710000
vn -0.00000000 -0.70710000 0.70710000
vn -0.00000000 -0.70710000 0.70710000
vn -0.00000000 -0.70710000 0.70710000
vn -0.00000000 -0.70710000 0.70710000
vn -0.00000000 -0.70710000 0.70710000
vn -0.00000000 -0.70710000 0.70710000
vn -0.00000000 -0.70710000 0.70710000
vn -0.00010000 -0.70710000 0.70710000
vn -0.00000000 -0.70710000 0.70710000
vn 0.00020000 -0.70710000 0.70710000
vn -0.00000000 -0.70710000 0.70710000
vn -0.00010000 -0.70710000 0.70710000
vn -0.00000000 -0.70710000 0.70710000
vn -0.00010000 -0.70710000 0.70710000
vn 0.00020000 -0.70710000 0.70710000
vn -0.00010000 -0.70710000 0.70710000
vn 0.00020000 -0.70710000 0.70710000
vn -0.00010000 -0.70710000 0.70710000
vn -0.44430000 0.13170000 -0.88610000
vn -0.40130000 0.13360000 -0.90620000
vn -0.44420000 0.13180000 -0.88620000
vn -0.44410000 0.13180000 -0.88620000
vn -0.44400000 0.13170000 -0.88630000
vn -0.44390000 0.13170000 -0.88640000
vn -0.40250000 0.13360000 -0.90560000
vn -0.35700000 0.12970000 -0.92500000
vn -0.35260000 0.12900000 -0.92680000
vn -0.31230000 0.12010000 -0.94240000
vn -0.31760000 0.12150000 -0.94040000
vn -0.30010000 0.11630000 -0.94680000
vn -0.26830000 0.10450000 -0.95760000
vn -0.26640000 0.10370000 -0.95820000
vn -0.26440000 0.10300000 -0.95890000
vn -0.26250000 0.10210000 -0.95950000
vn -0.58280000 -0.51310000 -0.63010000
vn -0.62740000 -0.48930000 -0.60580000
vn -0.63740000 -0.49520000 -0.59040000
vn -0.64520000 -0.48320000 -0.59180000
vn -0.65430000 -0.47960000 -0.58470000
vn -0.67350000 -0.46040000 -0.57830000
vn -0.68230000 -0.45640000 -0.57110000
vn -0.69880000 -0.43920000 -0.56460000
vn -0.70720000 -0.43490000 -0.55740000
vn -0.72130000 -0.41960000 -0.55110000
vn -0.72960000 -0.41490000 -0.54370000
vn -0.74950000 -0.39630000 -0.53020000
vn -0.75750000 -0.39110000 -0.52280000
vn -0.77520000 -0.37370000 -0.50940000
vn -0.78270000 -0.36800000 -0.50190000
vn -0.80540000 -0.34590000 -0.48130000
vn -0.79010000 -0.36230000 -0.49440000
vn -0.80090000 -0.35340000 -0.48340000
vn -0.77320000 -0.37990000 -0.50780000
vn -0.78470000 -0.37080000 -0.49670000
vn -0.75440000 -0.39880000 -0.52130000
vn -0.76690000 -0.38940000 -0.51010000
vn -0.74710000 -0.40940000 -0.52370000
vn -0.75600000 -0.40180000 -0.51680000
vn -0.73430000 -0.42310000 -0.53080000
vn -0.74050000 -0.41860000 -0.52580000
vn -0.71700000 -0.44150000 -0.53950000
vn -0.72430000 -0.43730000 -0.53310000
vn -0.69810000 -0.46230000 -0.54670000
vn -0.72630000 -0.44730000 -0.52190000
vn -0.69770000 -0.47580000 -0.53560000
vn -0.75330000 -0.43040000 -0.49730000
vn -0.74010000 -0.45100000 -0.49880000
vn -0.77910000 -0.41150000 -0.47290000
vn -0.76160000 -0.43580000 -0.47960000
vn -0.77930000 -0.42160000 -0.46360000
vn -0.80350000 -0.39070000 -0.44910000
vn -0.82660000 -0.36790000 -0.42590000
vn -0.82490000 -0.36170000 -0.43440000
vn -0.84640000 -0.33860000 -0.41110000
vn -0.84370000 -0.33480000 -0.41970000
vn -0.86360000 -0.31170000 -0.39620000
vn -0.86020000 -0.30990000 -0.40500000
vn -0.87890000 -0.28660000 -0.38140000
vn -0.87480000 -0.28680000 -0.39040000
vn -0.89230000 -0.26340000 -0.36670000
vn -0.90410000 -0.24180000 -0.35230000
vn -0.91880000 -0.21760000 -0.32940000
vn -0.92840000 -0.19730000 -0.31490000
vn -0.94040000 -0.17280000 -0.29290000
vn -0.94790000 -0.15420000 -0.27860000
vn -0.95090000 -0.14790000 -0.27180000
vn -0.96570000 -0.10500000 -0.23750000
vn -0.96000000 -0.12250000 -0.25160000
vn -0.97830000 -0.05440000 -0.19980000
vn -0.97430000 -0.06990000 -0.21420000
vn -0.97700000 -0.05620000 -0.20550000
vn -0.96970000 -0.08640000 -0.22840000
vn -0.97290000 -0.07220000 -0.21960000
vn -0.96450000 -0.10400000 -0.24270000
vn -0.96820000 -0.08920000 -0.23390000
vn -0.96270000 -0.10730000 -0.24830000
vn -0.96650000 -0.09150000 -0.23960000
vn -0.96090000 -0.11040000 -0.25410000
vn -0.96490000 -0.09350000 -0.24550000
vn -0.95900000 -0.11300000 -0.26010000
vn -0.96310000 -0.09550000 -0.25160000
vn -0.95700000 -0.11550000 -0.26620000
vn -0.96130000 -0.09610000 -0.25840000
vn -0.95250000 -0.12710000 -0.27660000
vn -0.95960000 -0.09620000 -0.26430000
vn -0.96530000 -0.07600000 -0.24990000
vn -0.96340000 -0.07630000 -0.25690000
vn -0.96870000 -0.05600000 -0.24180000
vn -0.97150000 -0.03600000 -0.23430000
vn -0.97300000 -0.03870000 -0.22760000
vn -0.97530000 -0.01980000 -0.22000000
vn -0.97670000 -0.02300000 -0.21340000
vn -0.97860000 -0.00510000 -0.20580000
vn -0.97990000 -0.00850000 -0.19920000
vn -0.98140000 0.00840000 -0.19180000
vn -0.98270000 0.00450000 -0.18500000
vn -0.98380000 0.02080000 -0.17780000
vn -0.98590000 0.03230000 -0.16390000
vn -0.98660000 0.06360000 -0.14990000
vn -0.98800000 0.07260000 -0.13620000
vn -0.98770000 0.08770000 -0.12950000
vn -0.98800000 0.10930000 -0.10950000
vn -0.98740000 0.09520000 -0.12620000
vn -0.98700000 0.10260000 -0.12330000
vn -0.98630000 0.08760000 -0.13990000
vn -0.98600000 0.09550000 -0.13670000
vn -0.98510000 0.07880000 -0.15300000
vn -0.98470000 0.08770000 -0.15030000
vn -0.98330000 0.07910000 -0.16400000
vn -0.98300000 0.08800000 -0.16080000
vn -0.98150000 0.07910000 -0.17450000
vn -0.98120000 0.08870000 -0.17120000
vn -0.97950000 0.07920000 -0.18500000
vn -0.97890000 0.09980000 -0.17860000
vn -0.97720000 0.09040000 -0.19240000
vn -0.97610000 0.11190000 -0.18620000
vn -0.97340000 0.12180000 -0.19420000
vn -0.97460000 0.13340000 -0.17980000
vn -0.96990000 0.17660000 -0.16790000
vn -0.97600000 0.14070000 -0.16620000
vn -0.97100000 0.18200000 -0.15480000
vn -0.97730000 0.14710000 -0.15270000
vn -0.97220000 0.18640000 -0.14140000
vn -0.97840000 0.15260000 -0.13920000
vn -0.97350000 0.18980000 -0.12790000
vn -0.97950000 0.15750000 -0.12570000
vn -0.97450000 0.19280000 -0.11450000
vn -0.97550000 0.19530000 -0.10120000
vn -0.96910000 0.22940000 -0.09060000
vn -0.97020000 0.22980000 -0.07720000
vn -0.96640000 0.24650000 -0.07230000
vn -0.97110000 0.22980000 -0.06380000
vn -0.96260000 0.26260000 -0.06690000
vn -0.95510000 0.29310000 -0.04440000
vn -0.95830000 0.27890000 -0.06250000
vn -0.95340000 0.29600000 -0.05780000
vn -0.95670000 0.28090000 -0.07580000
vn -0.95170000 0.29860000 -0.07120000
vn -0.95520000 0.28220000 -0.08880000
vn -0.94990000 0.30080000 -0.08450000
vn -0.94810000 0.30270000 -0.09770000
vn -0.93600000 0.34070000 -0.08870000
vn -0.93350000 0.34380000 -0.10180000
vn -0.92640000 0.36380000 -0.09750000
vn -0.92350000 0.36730000 -0.11050000
vn -0.91550000 0.38790000 -0.10630000
vn -0.91210000 0.39220000 -0.11930000
vn -0.90330000 0.41320000 -0.11520000
vn -0.91340000 0.38440000 -0.13400000
vn -0.88520000 0.44900000 -0.12210000
vn -0.89410000 0.43390000 -0.11130000
vn -0.88400000 0.45500000 -0.10740000
vn -0.89820000 0.42850000 -0.09840000
vn -0.88870000 0.44850000 -0.09460000
vn -0.90220000 0.42280000 -0.08540000
vn -0.89320000 0.44220000 -0.08170000
vn -0.90610000 0.41690000 -0.07230000
vn -0.89750000 0.43570000 -0.06850000
vn -0.90990000 0.41070000 -0.05900000
vn -0.90170000 0.42890000 -0.05520000
vn -0.90560000 0.42200000 -0.04190000
vn -0.89730000 0.43990000 -0.03810000
vn -0.90140000 0.43230000 -0.02460000
vn -0.89290000 0.44980000 -0.02080000
vn -0.90530000 0.42460000 -0.01090000
vn -0.88410000 0.46700000 -0.01720000
vn -0.87040000 0.49230000 0.00360000
vn -0.87480000 0.48440000 -0.01370000
vn -0.86500000 0.50170000 -0.01030000
vn -0.86940000 0.49330000 -0.02740000
vn -0.85930000 0.51090000 -0.02410000
vn -0.86390000 0.50190000 -0.04100000
vn -0.85340000 0.51990000 -0.03770000
vn -0.85810000 0.51060000 -0.05460000
vn -0.84720000 0.52880000 -0.05120000
vn -0.84070000 0.53770000 -0.06450000
vn -0.83470000 0.54710000 -0.06290000
vn -0.82760000 0.55610000 -0.07600000
vn -0.82130000 0.56560000 -0.07450000
vn -0.81360000 0.57480000 -0.08740000
vn -0.80000000 0.59400000 -0.08450000
vn -0.81170000 0.57520000 -0.10140000
vn -0.76150000 0.64160000 -0.09190000
vn -0.77160000 0.63120000 -0.07900000
vn -0.74120000 0.66720000 -0.07410000
vn -0.78080000 0.62120000 -0.06610000
vn -0.75160000 0.65680000 -0.06100000
vn -0.78970000 0.61130000 -0.05280000
vn -0.76140000 0.64660000 -0.04750000
vn -0.79800000 0.60130000 -0.03930000
vn -0.77060000 0.63640000 -0.03380000
vn -0.77940000 0.62630000 -0.01980000
vn -0.76520000 0.64360000 -0.01710000
vn -0.77400000 0.63320000 -0.00280000
vn -0.76690000 0.64170000 -0.00140000
vn -0.77570000 0.63100000 0.01320000
vn -0.76850000 0.63970000 0.01450000
vn -0.77700000 0.62890000 0.02910000
vn -0.76140000 0.64810000 0.01610000
vn -0.75430000 0.65630000 0.01720000
vn -0.75240000 0.65870000 0.00130000
vn -0.74520000 0.66690000 0.00250000
vn -0.74300000 0.66910000 -0.01310000
vn -0.73560000 0.67730000 -0.01190000
vn -0.73320000 0.67940000 -0.02760000
vn -0.72560000 0.68760000 -0.02640000
vn -0.71520000 0.69780000 -0.04030000
vn -0.70720000 0.70600000 -0.03920000
vn -0.69580000 0.71630000 -0.05300000
vn -0.68740000 0.72450000 -0.05190000
vn -0.67500000 0.73490000 -0.06550000
vn -0.65770000 0.75060000 -0.06300000
vn -0.67160000 0.73660000 -0.07970000
vn -0.64170000 0.76310000 -0.07670000
vn -0.63970000 0.76610000 -0.06180000
vn -0.61830000 0.78240000 -0.07460000
vn -0.60290000 0.79570000 -0.05850000
vn -0.58410000 0.80970000 -0.05700000
vn -0.61640000 0.78620000 -0.04440000
vn -0.59770000 0.80060000 -0.04270000
vn -0.62900000 0.77680000 -0.03000000
vn -0.61040000 0.79160000 -0.02820000
vn -0.64080000 0.76750000 -0.01530000
vn -0.62240000 0.78260000 -0.01330000
vn -0.63370000 0.77350000 0.00180000
vn -0.62430000 0.78110000 0.00290000
vn -0.63520000 0.77210000 0.01820000
vn -0.62580000 0.77970000 0.01930000
vn -0.62770000 0.77810000 0.02480000
vn -0.62230000 0.78250000 0.02130000
vn -0.52530000 -0.52490000 -0.66970000
vn -0.59220000 -0.49890000 -0.63270000
vn -0.60990000 -0.49440000 -0.61930000
vn -0.63870000 -0.47380000 -0.60620000
vn -0.65620000 -0.46750000 -0.59240000
vn -0.66440000 -0.45470000 -0.59320000
vn -0.68170000 -0.44730000 -0.57900000
vn -0.68740000 -0.43690000 -0.58020000
vn -0.70460000 -0.42850000 -0.56570000
vn -0.72500000 -0.41110000 -0.55250000
vn -0.74150000 -0.40130000 -0.53770000
vn -0.75970000 -0.38440000 -0.52450000
vn -0.76760000 -0.37900000 -0.51690000
vn -0.47920000 -0.53490000 -0.69590000
vn -0.53340000 -0.51360000 -0.67200000
vn -0.55460000 -0.50820000 -0.65890000
vn -0.57400000 -0.50340000 -0.64580000
vn -0.58270000 -0.49180000 -0.64690000
vn -0.60240000 -0.48560000 -0.63340000
vn -0.60820000 -0.47640000 -0.63500000
vn -0.62790000 -0.46910000 -0.62110000
vn -0.63120000 -0.46210000 -0.62300000
vn -0.65090000 -0.45360000 -0.60880000
vn -0.67140000 -0.43960000 -0.59670000
vn -0.69010000 -0.43010000 -0.58200000
vn -0.70880000 -0.41590000 -0.56970000
vn -0.72660000 -0.40540000 -0.55470000
vn -0.74350000 -0.39140000 -0.54220000
vn -0.74360000 -0.39490000 -0.53960000
vn -0.45020000 -0.54210000 -0.70950000
vn -0.48180000 -0.52790000 -0.69940000
vn -0.50960000 -0.52010000 -0.68550000
vn -0.53790000 -0.50590000 -0.67430000
vn -0.56170000 -0.49830000 -0.66050000
vn -0.56370000 -0.49260000 -0.66300000
vn -0.58690000 -0.48420000 -0.64890000
vn -0.58710000 -0.48020000 -0.65170000
vn -0.61010000 -0.47090000 -0.63730000
vn -0.63050000 -0.45910000 -0.62590000
vn -0.65160000 -0.44920000 -0.61130000
vn -0.67030000 -0.43710000 -0.59970000
vn -0.69010000 -0.42650000 -0.58470000
vn -0.66640000 -0.43770000 -0.60360000
vn -0.38640000 -0.55290000 -0.73830000
vn -0.44420000 -0.53980000 -0.71510000
vn -0.46550000 -0.53270000 -0.70670000
vn -0.49600000 -0.51920000 -0.69610000
vn -0.51150000 -0.51410000 -0.68850000
vn -0.52360000 -0.50650000 -0.68510000
vn -0.53810000 -0.50150000 -0.67750000
vn -0.54860000 -0.49480000 -0.67390000
vn -0.56200000 -0.48990000 -0.66650000
vn -0.58370000 -0.47920000 -0.65550000
vn -0.60780000 -0.46910000 -0.64070000
vn -0.62710000 -0.45860000 -0.62960000
vn -0.64930000 -0.44790000 -0.61460000
vn -0.38150000 -0.55560000 -0.73870000
vn -0.34410000 -0.55330000 -0.75860000
vn -0.37690000 -0.54370000 -0.74990000
vn -0.42390000 -0.54030000 -0.72690000
vn -0.40630000 -0.53480000 -0.74090000
vn -0.45530000 -0.52820000 -0.71670000
vn -0.43270000 -0.52670000 -0.73170000
vn -0.48340000 -0.51710000 -0.70630000
vn -0.45660000 -0.51930000 -0.72240000
vn -0.50870000 -0.50690000 -0.69590000
vn -0.53150000 -0.49760000 -0.68550000
vn -0.55070000 -0.49160000 -0.67460000
vn -0.57160000 -0.48220000 -0.66380000
vn -0.58050000 -0.47800000 -0.65920000
vn -0.57110000 -0.48130000 -0.66490000
vn -0.59110000 -0.47450000 -0.65230000
vn -0.60330000 -0.46940000 -0.64470000
vn -0.57070000 -0.48430000 -0.66310000
vn -0.37940000 -0.55690000 -0.73890000
vn -0.36960000 -0.56250000 -0.73960000
vn -0.35900000 -0.56860000 -0.74010000
vn -0.26430000 -0.55990000 -0.78520000
vn -0.29790000 -0.55280000 -0.77820000
vn -0.32780000 -0.54640000 -0.77070000
vn -0.27650000 -0.54870000 -0.78900000
vn -0.30010000 -0.54570000 -0.78240000
vn -0.24320000 -0.55010000 -0.79890000
vn -0.26120000 -0.54990000 -0.79330000
vn -0.19820000 -0.55540000 -0.80760000
vn -0.21110000 -0.55740000 -0.80300000
vn -0.14220000 -0.56290000 -0.81420000
vn -0.22290000 -0.55980000 -0.79810000
vn -0.15050000 -0.56650000 -0.81020000
vn -0.23360000 -0.56200000 -0.79350000
vn -0.15790000 -0.57010000 -0.80630000
vn -0.24360000 -0.56410000 -0.78900000
vn -0.16470000 -0.57330000 -0.80260000
vn -0.07930000 -0.57470000 -0.81450000
vn -0.08300000 -0.57900000 -0.81110000
vn -0.00000000 -0.58100000 -0.81390000
vn -0.00020000 -0.56880000 -0.82250000
vn -0.07570000 -0.57040000 -0.81780000
vn -0.07160000 -0.56620000 -0.82110000
vn -0.25020000 -0.55210000 -0.79540000
vn -0.17680000 -0.55220000 -0.81470000
vn -0.20140000 -0.55120000 -0.80970000
vn -0.15160000 -0.55030000 -0.82110000
vn -0.16860000 -0.55200000 -0.81660000
vn -0.11300000 -0.55280000 -0.82560000
vn -0.12370000 -0.55600000 -0.82190000
vn -0.06220000 -0.55750000 -0.82780000
vn -0.06710000 -0.56180000 -0.82450000
vn -0.00020000 -0.55650000 -0.83090000
vn -0.08800000 -0.54630000 -0.83290000
vn -0.10130000 -0.54950000 -0.82940000
vn -0.05670000 -0.55320000 -0.83110000
vn -0.05060000 -0.54890000 -0.83440000
vn 0.00010000 -0.54400000 -0.83910000
vn -0.31890000 -0.55170000 -0.77070000
vn -0.30610000 -0.55120000 -0.77620000
vn -0.29240000 -0.55070000 -0.78190000
vn -0.27750000 -0.55010000 -0.78770000
vn -0.32130000 -0.54330000 -0.77560000
vn -0.35450000 -0.54060000 -0.76290000
vn -0.38960000 -0.53670000 -0.74840000
vn -0.37470000 -0.53790000 -0.75520000
vn -0.35830000 -0.53960000 -0.76190000
vn -0.34080000 -0.54110000 -0.76880000
vn -0.37850000 -0.53560000 -0.75490000
vn -0.45530000 -0.51960000 -0.72290000
vn -0.43840000 -0.52320000 -0.73080000
vn -0.42030000 -0.52680000 -0.73880000
vn -0.40050000 -0.53070000 -0.74690000
vn -0.51590000 -0.50100000 -0.69490000
vn -0.49750000 -0.50680000 -0.70400000
vn -0.47790000 -0.51280000 -0.71320000
vn -0.55220000 -0.48910000 -0.67510000
vn -0.85460000 -0.29820000 -0.42510000
vn -0.81800000 -0.33790000 -0.46540000
vn -0.81180000 -0.34340000 -0.47220000
vn -0.80770000 -0.34690000 -0.47670000
vn -0.79250000 -0.36350000 -0.48970000
vn -0.89360000 -0.25020000 -0.37270000
vn -0.86320000 -0.29180000 -0.41210000
vn -0.84180000 -0.31490000 -0.43850000
vn -0.80320000 -0.35470000 -0.47860000
vn -0.79680000 -0.36000000 -0.48530000
vn -0.78020000 -0.37790000 -0.49860000
vn -0.77530000 -0.38180000 -0.50310000
vn -0.76140000 -0.39750000 -0.51210000
vn -0.92420000 -0.20250000 -0.32370000
vn -0.89950000 -0.24500000 -0.36170000
vn -0.88230000 -0.26850000 -0.38660000
vn -0.84960000 -0.31090000 -0.42600000
vn -0.82740000 -0.33310000 -0.45210000
vn -0.81170000 -0.35240000 -0.46580000
vn -0.78660000 -0.37300000 -0.49210000
vn -0.79390000 -0.37360000 -0.47970000
vn -0.76820000 -0.39280000 -0.50560000
vn -0.77400000 -0.39630000 -0.49370000
vn -0.74750000 -0.41420000 -0.51940000
vn -0.75170000 -0.42080000 -0.50780000
vn -0.91480000 -0.22140000 -0.33790000
vn -0.88780000 -0.26530000 -0.37610000
vn -0.86970000 -0.28840000 -0.40070000
vn -0.85570000 -0.30940000 -0.41490000
vn -0.83470000 -0.33120000 -0.44000000
vn -0.83990000 -0.33210000 -0.42930000
vn -0.81780000 -0.35340000 -0.45420000
vn -0.82210000 -0.35660000 -0.44380000
vn -0.79890000 -0.37710000 -0.46850000
vn -0.80200000 -0.38300000 -0.45840000
vn -0.77760000 -0.40270000 -0.48290000
vn -0.97950000 -0.04260000 -0.19680000
vn -0.98600000 -0.00190000 -0.16650000
vn -0.98160000 -0.02870000 -0.18850000
vn -0.98340000 -0.01480000 -0.18060000
vn -0.97830000 -0.04330000 -0.20260000
vn -0.98050000 -0.02860000 -0.19440000
vn -0.97450000 -0.05880000 -0.21670000
vn -0.97700000 -0.04340000 -0.20860000
vn -0.97310000 -0.05910000 -0.22280000
vn -0.97570000 -0.04260000 -0.21480000
vn -0.97160000 -0.05890000 -0.22910000
vn -0.97440000 -0.04110000 -0.22110000
vn -0.97020000 -0.05830000 -0.23530000
vn -0.98930000 0.05280000 -0.13640000
vn -0.98620000 0.01380000 -0.16480000
vn -0.98500000 -0.00050000 -0.17260000
vn -0.98770000 0.04290000 -0.15010000
vn -0.98710000 0.02830000 -0.15740000
vn -0.98510000 0.01690000 -0.17120000
vn -0.98390000 0.00150000 -0.17880000
vn -0.98120000 -0.01170000 -0.19270000
vn -0.97930000 -0.02760000 -0.20060000
vn -0.97800000 -0.02570000 -0.20690000
vn -0.98200000 0.16840000 -0.08540000
vn -0.98480000 0.13360000 -0.11060000
vn -0.98610000 0.11790000 -0.11680000
vn -0.98660000 0.11030000 -0.12020000
vn -0.98560000 0.10350000 -0.13350000
vn -0.97640000 0.19740000 -0.08770000
vn -0.98130000 0.16530000 -0.09890000
vn -0.98320000 0.14930000 -0.10470000
vn -0.98240000 0.14490000 -0.11820000
vn -0.98390000 0.12820000 -0.12420000
vn -0.98290000 0.12220000 -0.13770000
vn -0.98400000 0.10470000 -0.14400000
vn -0.98170000 0.11570000 -0.15130000
vn -0.98270000 0.09720000 -0.15760000
vn -0.98040000 0.10820000 -0.16490000
vn -0.94280000 0.32960000 -0.04880000
vn -0.93330000 0.35800000 -0.02680000
vn -0.93690000 0.34670000 -0.04450000
vn -0.93060000 0.36370000 -0.04040000
vn -0.93450000 0.35130000 -0.05790000
vn -0.92780000 0.36910000 -0.05370000
vn -0.93190000 0.35560000 -0.07100000
vn -0.92500000 0.37410000 -0.06680000
vn -0.92190000 0.37900000 -0.08030000
vn -0.91420000 0.39800000 -0.07620000
vn -0.91070000 0.40330000 -0.08930000
vn -0.91690000 0.39780000 -0.03220000
vn -0.92380000 0.38120000 -0.03600000
vn -0.82800000 0.56050000 0.01680000
vn -0.84400000 0.53630000 -0.00370000
vn -0.85480000 0.51890000 -0.00700000
vn -0.85980000 0.51050000 -0.00850000
vn -0.85400000 0.51980000 -0.02240000
vn -0.79580000 0.60550000 0.00870000
vn -0.82090000 0.57110000 0.00270000
vn -0.83750000 0.54620000 -0.01760000
vn -0.84870000 0.52850000 -0.02080000
vn -0.84230000 0.53790000 -0.03450000
vn -0.84790000 0.52900000 -0.03610000
vn -0.84140000 0.53810000 -0.04970000
vn -0.71700000 0.69590000 0.04030000
vn -0.73920000 0.67310000 0.01990000
vn -0.74710000 0.66440000 0.01840000
vn -0.64660000 0.76120000 0.05080000
vn -0.67300000 0.73900000 0.03020000
vn -0.70730000 0.70640000 0.02510000
vn -0.72360000 0.68990000 0.02250000
vn -0.71390000 0.70020000 0.00770000
vn -0.72980000 0.68360000 0.00510000
vn -0.72000000 0.69390000 -0.00950000
vn -0.72810000 0.68540000 -0.01070000
vn -0.71780000 0.69580000 -0.02530000
vn -0.56540000 0.82260000 0.06050000
vn -0.59710000 0.80120000 0.03960000
vn -0.60750000 0.79340000 0.03840000
vn -0.61720000 0.78600000 0.03730000
vn -0.60550000 0.79510000 0.03520000
vn -0.63110000 0.77500000 0.03220000
vn -0.47250000 0.87860000 0.06920000
vn -0.51070000 0.85840000 0.04810000
vn -0.52250000 0.85140000 0.04700000
vn -0.53340000 0.84460000 0.04600000
vn -0.53160000 0.84590000 0.04310000
vn -0.54420000 0.83780000 0.04510000
vn -0.55340000 0.83190000 0.04100000
vn -0.55530000 0.83050000 0.04390000
vn -0.56600000 0.82330000 0.04290000
vn -0.57660000 0.81600000 0.04180000
vn -0.57460000 0.81750000 0.03870000
vn -0.42170000 0.90380000 0.07310000
vn -0.43880000 0.89700000 0.05390000
vn -0.45090000 0.89100000 0.05300000
vn -0.46340000 0.88460000 0.05200000
vn -0.45180000 0.89070000 0.05000000
vn -0.47540000 0.87830000 0.05110000
vn -0.48740000 0.87170000 0.05010000
vn -0.36810000 0.92660000 0.07680000
vn -0.38760000 0.92000000 0.05770000
vn -0.41350000 0.90880000 0.05570000
vn -0.42660000 0.90280000 0.05480000
vn -0.41780000 0.90770000 0.03750000
vn -0.40790000 0.91260000 0.02850000
vn -0.40500000 0.91350000 0.03840000
vn -0.39630000 0.91790000 0.02120000
vn -0.37150000 0.92820000 0.02270000
vn -0.39350000 0.91920000 0.01590000
vn -0.36850000 0.92950000 0.01620000
vn -0.38710000 0.92200000 0.00440000
vn -0.36300000 0.93180000 0.00550000
vn -0.35400000 0.93520000 -0.01100000
vn -0.32980000 0.94400000 -0.00990000
vn -0.32100000 0.94670000 -0.02660000
vn -0.29710000 0.95450000 -0.02570000
vn -0.28840000 0.95660000 -0.04240000
vn -0.26510000 0.96330000 -0.04140000
vn -0.25510000 0.96520000 -0.05790000
vn -0.24080000 0.96970000 -0.04090000
vn -0.21660000 0.97540000 -0.04040000
vn -0.24810000 0.96840000 -0.02400000
vn -0.22260000 0.97460000 -0.02320000
vn -0.25470000 0.96700000 -0.00700000
vn -0.22820000 0.97360000 -0.00610000
vn -0.26090000 0.96530000 0.01020000
vn -0.23360000 0.97230000 0.01120000
vn -0.23550000 0.97170000 0.01840000
vn -0.20720000 0.97810000 0.01820000
vn -0.20990000 0.97730000 0.03000000
vn -0.18170000 0.98290000 0.03090000
vn -0.21410000 0.97560000 0.04790000
vn -0.18500000 0.98150000 0.04890000
vn -0.18840000 0.97980000 0.06720000
vn -0.15850000 0.98500000 0.06790000
vn -0.19170000 0.97770000 0.08550000
vn -0.12890000 0.98780000 0.08730000
vn -0.31170000 0.94680000 0.08020000
vn -0.33330000 0.94080000 0.06090000
vn -0.36060000 0.93080000 0.05920000
vn -0.37950000 0.92430000 0.03980000
vn -0.25280000 0.96400000 0.08310000
vn -0.27760000 0.95860000 0.06370000
vn -0.30570000 0.95010000 0.06230000
vn -0.32660000 0.94420000 0.04290000
vn -0.35330000 0.93460000 0.04140000
vn -0.31970000 0.94720000 0.02540000
vn -0.34610000 0.93790000 0.02410000
vn -0.34290000 0.93920000 0.01680000
vn -0.21790000 0.97370000 0.06600000
vn -0.24810000 0.96660000 0.06490000
vn -0.27210000 0.96120000 0.04550000
vn -0.29960000 0.95300000 0.04420000
vn -0.26670000 0.96340000 0.02780000
vn -0.29350000 0.95560000 0.02670000
vn -0.29010000 0.95680000 0.01780000
vn -0.31660000 0.94840000 0.01710000
vn -0.31260000 0.94990000 0.00800000
vn -0.33820000 0.94100000 0.00690000
vn -0.30510000 0.95230000 -0.00890000
vn -0.06480000 0.99400000 0.08850000
vn -0.09550000 0.99300000 0.06940000
vn -0.11120000 0.99140000 0.06910000
vn -0.12700000 0.98950000 0.06880000
vn -0.12510000 0.99090000 0.05040000
vn -0.14050000 0.98880000 0.05010000
vn -0.12290000 0.99190000 0.03220000
vn -0.13820000 0.98990000 0.03190000
vn -0.13620000 0.99050000 0.01800000
vn -0.15090000 0.98840000 0.01810000
vn -0.15010000 0.98860000 0.01370000
vn -0.17810000 0.98390000 0.01300000
vn -0.14710000 0.98910000 -0.00390000
vn -0.17440000 0.98470000 -0.00450000
vn -0.14390000 0.98940000 -0.02130000
vn -0.17040000 0.98510000 -0.02180000
vn -0.14040000 0.98930000 -0.03840000
vn -0.16610000 0.98530000 -0.03900000
vn -0.18590000 0.98100000 -0.05620000
vn -0.19150000 0.98070000 -0.03940000
vn -0.06390000 0.99550000 0.06980000
vn -0.00000000 0.99600000 0.08890000
vn -0.00000000 0.99750000 0.07020000
vn -0.06310000 0.99670000 0.05140000
vn 0.00010000 0.99870000 0.05180000
vn 0.00010000 0.99940000 0.03360000
vn 0.00020000 0.99990000 0.01560000
vn -0.06140000 0.99800000 0.01700000
vn -0.06220000 0.99750000 0.03330000
vn -0.09420000 0.99420000 0.05100000
vn -0.10960000 0.99270000 0.05080000
vn -0.06130000 0.99800000 0.01530000
vn 0.00030000 1.00000000 -0.00210000
vn -0.06040000 0.99820000 -0.00240000
vn 0.00040000 0.99980000 -0.01960000
vn -0.05940000 0.99800000 -0.01990000
vn 0.00050000 0.99930000 -0.03690000
vn -0.05840000 0.99760000 -0.03720000
vn 0.00070000 0.99850000 -0.05390000
vn -0.10900000 0.99250000 -0.05480000
vn -0.12740000 0.99110000 -0.03830000
vn -0.11400000 0.99280000 -0.03780000
vn -0.13020000 0.99130000 -0.02090000
vn -0.11650000 0.99300000 -0.02070000
vn -0.13300000 0.99110000 -0.00350000
vn -0.11880000 0.99290000 -0.00330000
vn -0.13570000 0.99070000 0.01400000
vn -0.12080000 0.99260000 0.01440000
vn -0.12130000 0.99250000 0.01780000
vn -0.10650000 0.99420000 0.01770000
vn -0.10790000 0.99360000 0.03300000
vn -0.09280000 0.99510000 0.03280000
vn -0.32000000 0.94550000 -0.05960000
vn -0.31130000 0.94940000 -0.04290000
vn -0.34440000 0.93840000 -0.02760000
vn -0.37760000 0.92590000 -0.01220000
vn -0.39930000 0.91680000 0.00360000
vn -0.40610000 0.91370000 0.01550000
vn -0.40880000 0.91240000 0.02050000
vn -0.40920000 0.91220000 0.02200000
vn -0.41860000 0.90800000 0.01930000
vn -0.41810000 0.90830000 0.01520000
vn -0.41090000 0.91170000 0.00290000
vn -0.42250000 0.90640000 0.00240000
vn -0.40080000 0.91610000 -0.01340000
vn -0.41220000 0.91100000 -0.01400000
vn -0.38990000 0.92040000 -0.02950000
vn -0.40100000 0.91560000 -0.03010000
vn -0.37800000 0.92470000 -0.04520000
vn -0.38900000 0.92010000 -0.04560000
vn -0.38110000 0.92250000 -0.06150000
vn -0.40000000 0.91540000 -0.04640000
vn -0.41060000 0.91060000 -0.04690000
vn -0.42340000 0.90540000 -0.03120000
vn -0.43440000 0.90020000 -0.03180000
vn -0.44620000 0.89480000 -0.01590000
vn -0.46820000 0.88340000 -0.01720000
vn -0.47950000 0.87750000 -0.00130000
vn -0.49090000 0.87120000 -0.00210000
vn -0.48590000 0.87390000 0.01290000
vn -0.50160000 0.86510000 -0.00280000
vn -0.50840000 0.86100000 0.01230000
vn -0.51220000 0.85880000 -0.00390000
vn -0.52280000 0.85240000 -0.00460000
vn -0.50050000 0.86550000 -0.01930000
vn -0.51100000 0.85930000 -0.02000000
vn -0.48790000 0.87220000 -0.03470000
vn -0.49840000 0.86620000 -0.03540000
vn -0.47420000 0.87900000 -0.04990000
vn -0.48470000 0.87330000 -0.05010000
vn -0.48870000 0.87000000 -0.06600000
vn -0.49500000 0.86740000 -0.05100000
vn -0.50520000 0.86140000 -0.05160000
vn -0.51900000 0.85400000 -0.03670000
vn -0.53920000 0.84130000 -0.03810000
vn -0.55210000 0.83340000 -0.02310000
vn -0.56220000 0.82660000 -0.02390000
vn -0.57430000 0.81860000 -0.00890000
vn -0.58410000 0.81170000 -0.00980000
vn -0.58590000 0.81040000 0.00670000
vn -0.59560000 0.80330000 0.00570000
vn -0.59350000 0.80470000 0.01560000
vn -0.60520000 0.79610000 0.00420000
vn -0.61520000 0.78810000 0.01920000
vn -0.61490000 0.78860000 0.00380000
vn -0.35610000 0.93340000 -0.04460000
vn -0.33420000 0.94150000 -0.04360000
vn -0.42830000 0.90140000 -0.06330000
vn -0.42160000 0.90560000 -0.04730000
vn -0.45610000 0.88930000 -0.03290000
vn -0.47920000 0.87750000 -0.01790000
vn -0.46380000 0.88450000 -0.04970000
vn -0.45360000 0.88990000 -0.04910000
vn -0.44290000 0.89530000 -0.04830000
vn -0.46690000 0.88370000 -0.03350000
vn -0.52530000 0.84930000 -0.05280000
vn -0.55120000 0.83140000 -0.06960000
vn -0.53520000 0.84300000 -0.05360000
vn -0.54510000 0.83660000 -0.05380000
vn -0.55910000 0.82820000 -0.03960000
vn -0.56880000 0.82150000 -0.04030000
vn -0.58170000 0.81300000 -0.02550000
vn -0.59140000 0.80600000 -0.02640000
vn -0.60330000 0.79740000 -0.01160000
vn -0.61290000 0.79010000 -0.01250000
vn -0.57450000 0.81660000 -0.05640000
vn -0.56490000 0.82330000 -0.05530000
vn -0.58810000 0.80770000 -0.04190000
vn -0.57850000 0.81460000 -0.04110000
vn -0.60100000 0.79880000 -0.02730000
vn -0.69090000 0.71830000 -0.08190000
vn -0.69210000 0.71870000 -0.06730000
vn -0.68380000 0.72670000 -0.06630000
vn -0.70730000 0.70190000 -0.08390000
vn -0.70870000 0.70210000 -0.06930000
vn -0.70050000 0.71040000 -0.06820000
vn -0.71210000 0.69990000 -0.05510000
vn -0.70400000 0.70810000 -0.05400000
vn -0.72300000 0.68960000 -0.04140000
vn -0.71620000 0.69270000 -0.08510000
vn -0.72510000 0.68490000 -0.07180000
vn -0.71670000 0.69380000 -0.07060000
vn -0.72800000 0.68310000 -0.05730000
vn -0.72010000 0.69160000 -0.05620000
vn -0.73850000 0.67280000 -0.04370000
vn -0.73080000 0.68130000 -0.04250000
vn -0.74840000 0.66250000 -0.03000000
vn -0.74090000 0.67100000 -0.02880000
vn -0.75050000 0.66070000 -0.01440000
vn -0.72310000 0.68540000 -0.08600000
vn -0.84690000 0.52030000 -0.11000000
vn -0.82670000 0.55540000 -0.09050000
vn -0.82000000 0.56540000 -0.08910000
vn -0.87360000 0.47540000 -0.10380000
vn -0.86270000 0.49570000 -0.10040000
vn -0.85120000 0.51590000 -0.09700000
vn -0.86830000 0.48830000 -0.08740000
vn -0.85730000 0.50790000 -0.08400000
vn -0.87360000 0.48090000 -0.07440000
vn -0.86310000 0.50000000 -0.07100000
vn -0.87870000 0.47340000 -0.06130000
vn -0.86870000 0.49200000 -0.05790000
vn -0.87400000 0.48380000 -0.04440000
vn -0.93540000 0.32170000 -0.14670000
vn -0.92840000 0.34900000 -0.12780000
vn -0.92060000 0.37040000 -0.12360000
vn -0.95700000 0.23850000 -0.16490000
vn -0.94820000 0.28440000 -0.14180000
vn -0.94210000 0.30600000 -0.13700000
vn -0.94410000 0.30540000 -0.12390000
vn -0.93090000 0.34660000 -0.11490000
vn -0.94610000 0.30430000 -0.11080000
vn -0.96770000 0.17680000 -0.17990000
vn -0.96280000 0.21980000 -0.15710000
vn -0.95850000 0.24130000 -0.15180000
vn -0.95360000 0.26290000 -0.14680000
vn -0.95990000 0.24360000 -0.13860000
vn -0.95520000 0.26410000 -0.13360000
vn -0.96130000 0.24510000 -0.12540000
vn -0.95680000 0.26480000 -0.12040000
vn -0.96270000 0.24610000 -0.11220000
vn -0.95830000 0.26490000 -0.10720000
vn -0.96410000 0.24640000 -0.09860000
vn -0.95980000 0.26440000 -0.09390000
vn -0.96120000 0.26370000 -0.08060000
vn -0.97540000 0.05300000 -0.21380000
vn -0.97760000 0.06860000 -0.19880000
vn -0.97970000 0.06910000 -0.18830000
vn -0.98160000 0.06950000 -0.17780000
vn -0.98340000 0.07020000 -0.16730000
vn -0.98510000 0.07070000 -0.15690000
vn -0.98650000 0.07960000 -0.14320000
vn -0.97220000 -0.01050000 -0.23370000
vn -0.97720000 0.03660000 -0.20900000
vn -0.97750000 0.04770000 -0.20540000
vn -0.97770000 0.05750000 -0.20220000
vn -0.97970000 0.05900000 -0.19160000
vn -0.97560000 0.00500000 -0.21950000
vn -0.97680000 0.02600000 -0.21240000
vn -0.97850000 0.01910000 -0.20540000
vn -0.97930000 0.03880000 -0.19840000
vn -0.98100000 0.03170000 -0.19150000
vn -0.98150000 0.05060000 -0.18450000
vn -0.98320000 0.04330000 -0.17750000
vn -0.98340000 0.06110000 -0.17070000
vn -0.98500000 0.05390000 -0.16370000
vn -0.94330000 -0.16020000 -0.29070000
vn -0.95210000 -0.13420000 -0.27470000
vn -0.95430000 -0.13080000 -0.26870000
vn -0.95640000 -0.12700000 -0.26290000
vn -0.95850000 -0.12300000 -0.25720000
vn -0.94630000 -0.16100000 -0.28050000
vn -0.95360000 -0.14110000 -0.26600000
vn -0.94670000 -0.15300000 -0.28330000
vn -0.93120000 -0.19650000 -0.30710000
vn -0.94080000 -0.17140000 -0.29230000
vn -0.93450000 -0.18940000 -0.30140000
vn -0.94370000 -0.16550000 -0.28660000
vn -0.91740000 -0.23010000 -0.32490000
vn -0.92830000 -0.20530000 -0.30990000
vn -0.91440000 -0.23380000 -0.33040000
vn -0.92540000 -0.21000000 -0.31550000
vn -0.91140000 -0.23670000 -0.33660000
vn -0.92230000 -0.21410000 -0.32180000
vn -0.90810000 -0.23920000 -0.34390000
vn -0.93190000 -0.19280000 -0.30730000
vn -0.90350000 -0.26050000 -0.34020000
vn -0.90480000 -0.25670000 -0.33980000
vn -0.87930000 -0.30420000 -0.36660000
vn -0.88740000 -0.28740000 -0.36030000
vn -0.85020000 -0.34670000 -0.39630000
vn -0.86860000 -0.31620000 -0.38140000
vn -0.84830000 -0.34310000 -0.40320000
vn -0.86640000 -0.31390000 -0.38840000
vn -0.81620000 -0.38680000 -0.42920000
vn -0.67940000 -0.48460000 -0.55100000
vn -0.65790000 -0.49350000 -0.56890000
vn -0.69060000 -0.46610000 -0.55300000
vn -0.68370000 -0.47050000 -0.55780000
vn -0.71050000 -0.44620000 -0.54420000
vn -0.70030000 -0.45380000 -0.55110000
vn -0.72500000 -0.43080000 -0.53740000
vn -0.71010000 -0.44100000 -0.54880000
vn -0.73360000 -0.41910000 -0.53500000
vn -0.72460000 -0.42490000 -0.54260000
vn -0.74600000 -0.40460000 -0.52890000
vn -0.73770000 -0.41010000 -0.53640000
vn -0.76530000 -0.38570000 -0.51530000
vn -0.65480000 -0.49540000 -0.57080000
vn -0.67230000 -0.47870000 -0.56470000
vn -0.68390000 -0.46450000 -0.56250000
vn -0.70060000 -0.44680000 -0.55640000
vn -0.71590000 -0.43010000 -0.55000000
vn -0.64910000 -0.49840000 -0.57460000
vn -0.65420000 -0.48990000 -0.57620000
vn -0.67350000 -0.47040000 -0.57010000
vn -0.69130000 -0.45190000 -0.56380000
vn -0.64300000 -0.50010000 -0.58000000
vn -0.64300000 -0.49580000 -0.58370000
vn -0.66340000 -0.47530000 -0.57800000
vn -0.63020000 0.77580000 0.03030000
vn -0.63630000 0.77060000 0.03500000
vn -0.62660000 0.77850000 0.03620000
vn -0.64570000 0.76280000 0.03380000
vn -0.62940000 0.77660000 0.02850000
vn -0.62850000 0.77730000 0.02660000
vn -0.57460000 0.81830000 0.01400000
vn -0.57560000 0.81770000 0.00780000
vn -0.56410000 0.82560000 -0.00780000
vn -0.53190000 0.84660000 -0.02160000
vn -0.50870000 0.86020000 -0.03600000
vn -0.55760000 0.83000000 0.01300000
vn -0.55520000 0.83170000 0.00970000
vn -0.54380000 0.83920000 -0.00610000
vn -0.52150000 0.85300000 -0.02080000
vn -0.54470000 0.83860000 0.01050000
vn -0.53480000 0.84490000 0.01240000
vn -0.53420000 0.84530000 0.01150000
vn -0.46600000 0.88470000 0.01390000
vn -0.45730000 0.88930000 0.00020000
vn -0.43490000 0.90030000 -0.01520000
vn -0.41220000 0.91060000 -0.03060000
vn -0.45420000 0.89080000 0.01420000
vn -0.45440000 0.89070000 0.01470000
vn -0.44220000 0.89680000 0.01460000
vn -0.43330000 0.90110000 0.01690000
vn -0.43000000 0.90270000 0.01490000
vn -0.40500000 0.91400000 0.02470000
vn -0.13340000 -0.55940000 -0.81810000
vn -0.18420000 -0.55360000 -0.81220000
vn -0.22340000 -0.55040000 -0.80440000
vn -0.44060000 -0.53920000 -0.71780000
vn -0.47270000 -0.52570000 -0.70720000
vn -0.47850000 -0.52490000 -0.70390000
vn -0.50150000 -0.51330000 -0.69640000
vn -0.62090000 -0.47980000 -0.61990000
vn -0.88490000 -0.28760000 -0.36650000
vn -0.88200000 -0.28760000 -0.37340000
vn -0.90190000 -0.25950000 -0.34530000
vn -0.89900000 -0.26120000 -0.35150000
vn -0.89590000 -0.26220000 -0.35860000
vn -0.94920000 -0.14830000 -0.27750000
vn -0.95160000 -0.14350000 -0.27180000
vn -0.93790000 -0.18240000 -0.29520000
vn -0.93500000 -0.18800000 -0.30070000
vn -0.94340000 -0.16740000 -0.28620000
vn -0.96690000 -0.07670000 -0.24350000
vn -0.96840000 -0.07670000 -0.23710000
vn -0.97000000 -0.07540000 -0.23110000
vn -0.97150000 -0.07410000 -0.22520000
vn -0.97580000 -0.05780000 -0.21100000
vn -0.97960000 0.04900000 -0.19500000
vn -0.98160000 0.06010000 -0.18110000
vn -0.97770000 0.12030000 -0.17230000
vn -0.97900000 0.12770000 -0.15870000
vn -0.98030000 0.13420000 -0.14520000
vn -0.98140000 0.13980000 -0.13160000
vn -0.98040000 0.16170000 -0.11230000
vn -0.96420000 0.22290000 -0.14380000
vn -0.96550000 0.22540000 -0.13050000
vn -0.96680000 0.22720000 -0.11730000
vn -0.96800000 0.22850000 -0.10400000
vn -0.96530000 0.24660000 -0.08550000
vn -0.94990000 0.28470000 -0.12870000
vn -0.95170000 0.28440000 -0.11560000
vn -0.95340000 0.28370000 -0.10240000
vn -0.90710000 0.40840000 -0.10230000
vn -0.91880000 0.38360000 -0.09330000
vn -0.92910000 0.36000000 -0.08440000
vn -0.93830000 0.33740000 -0.07550000
vn -0.94070000 0.33360000 -0.06220000
vn -0.87870000 0.46850000 -0.09100000
vn -0.88370000 0.46160000 -0.07800000
vn -0.88840000 0.45450000 -0.06490000
vn -0.88370000 0.46560000 -0.04790000
vn -0.87910000 0.47550000 -0.03090000
vn -0.84580000 0.52730000 -0.08080000
vn -0.83920000 0.53570000 -0.09360000
vn -0.83380000 0.54650000 -0.07760000
vn -0.85210000 0.51890000 -0.06770000
vn -0.80830000 0.58430000 -0.07160000
vn -0.82870000 0.55630000 -0.06140000
vn -0.81620000 0.57490000 -0.05840000
vn -0.82360000 0.56530000 -0.04500000
vn -0.80600000 0.59140000 -0.02540000
vn -0.78780000 0.61590000 -0.00570000
vn -0.78250000 0.62260000 0.01160000
vn -0.73610000 0.67440000 -0.05850000
vn -0.74630000 0.66410000 -0.04490000
vn -0.75600000 0.65380000 -0.03110000
vn -0.75790000 0.65220000 -0.01570000
vn -0.75970000 0.65030000 -0.00010000
vn -0.67030000 0.74040000 -0.04990000
vn -0.69890000 0.71420000 -0.03810000
vn -0.65280000 0.75600000 -0.04800000
vn -0.68210000 0.73040000 -0.03590000
vn -0.70970000 0.70410000 -0.02390000
vn -0.66490000 0.74620000 -0.03390000
vn -0.67620000 0.73640000 -0.01950000
vn -0.65200000 0.75820000 -0.00030000
vn -0.64460000 0.76440000 0.01710000
vn -0.55500000 0.83010000 -0.05440000
vn -0.54930000 0.83470000 -0.03880000
vn -0.57200000 0.81990000 -0.02470000
vn -0.59370000 0.80460000 -0.01060000
vn -0.47750000 0.87800000 -0.03410000
vn -0.48990000 0.87160000 -0.01860000
vn -0.42360000 0.90570000 -0.01460000
vn -0.43420000 0.90080000 0.00140000
vn -0.37860000 0.92510000 -0.02900000
vn -0.36700000 0.92910000 -0.04510000
vn -0.36730000 0.92970000 -0.02860000
vn -0.38930000 0.92100000 -0.01280000
vn -0.27290000 0.96170000 -0.02480000
vn -0.28020000 0.95990000 -0.00790000
vn -0.28700000 0.95790000 0.00920000
vn -0.26350000 0.96450000 0.01790000
vn -0.23860000 0.97070000 0.02900000
vn -0.24340000 0.96880000 0.04670000
vn -0.19660000 0.98020000 -0.02250000
vn -0.20140000 0.97950000 -0.00520000
vn -0.20570000 0.97850000 0.01210000
vn -0.17910000 0.98370000 0.01830000
vn -0.15300000 0.98770000 0.03160000
vn -0.15580000 0.98650000 0.04960000
vn -0.14310000 0.98730000 0.06870000
vn -0.10250000 0.99450000 -0.02050000
vn -0.10040000 0.99420000 -0.03770000
vn -0.08660000 0.99550000 -0.03750000
vn -0.08830000 0.99590000 -0.02030000
vn -0.10430000 0.99450000 -0.00300000
vn -0.08980000 0.99600000 -0.00280000
vn -0.09140000 0.99570000 0.01490000
vn -0.50980000 -0.51080000 -0.69230000
vn -0.53710000 -0.49800000 -0.68090000
vn -0.64650000 -0.46190000 -0.60720000
vn -0.83570000 0.54710000 -0.04810000
vn -0.69320000 0.72040000 -0.02170000
vn -0.70380000 0.71040000 -0.00710000
vn -0.53340000 0.84590000 -0.00540000
vn -0.44590000 0.89510000 0.00110000
vn -0.10620000 0.99420000 0.01460000
vn -0.56060000 -0.48700000 -0.66970000
vn -0.52740000 -0.50210000 -0.68540000
vn -0.70800000 -0.42060000 -0.56730000
vn -0.66960000 -0.44520000 -0.59460000
vn -0.98240000 -0.01360000 -0.18650000
vn -0.98520000 0.11170000 -0.13040000
vn -0.98450000 0.09610000 -0.14710000
vn -0.92080000 0.38680000 -0.04960000
vn -0.91760000 0.39250000 -0.06280000
vn -0.91350000 0.40440000 -0.04570000
vn -0.90950000 0.41480000 -0.02840000
vn -0.88840000 0.45780000 -0.03440000
vn -0.89290000 0.44730000 -0.05150000
vn -0.81360000 0.58130000 -0.01140000
vn -0.83070000 0.55580000 -0.03140000
vn -0.73770000 0.67510000 0.00380000
vn -0.69740000 0.71660000 0.01010000
vn -0.68710000 0.72660000 -0.00480000
vn -0.66270000 0.74870000 0.01480000
vn -0.65500000 0.75490000 0.03260000
vn -0.09160000 0.99560000 0.01750000
vn -0.00000000 0.70710000 -0.70710000
vn -0.00000000 0.70710000 -0.70710000
vn -0.00000000 0.70710000 -0.70710000
vn -0.00000000 0.70710000 -0.70710000
vn -0.00000000 0.70710000 -0.70710000
vn -0.00000000 0.70710000 -0.70710000
vn -0.00000000 0.70710000 -0.70710000
vn -0.00000000 0.70710000 -0.70710000
vn -0.00000000 0.70710000 -0.70710000
vn -0.00000000 0.70710000 -0.70710000
vn -0.00000000 0.70710000 -0.70710000
vn -0.00000000 0.70710000 -0.70710000
vn -0.00000000 0.70710000 -0.70710000
vn -0.00000000 0.70710000 -0.70710000
vn -0.00000000 0.70710000 -0.70710000
vn -0.00000000 0.70710000 -0.70710000
vn -0.00000000 0.70710000 -0.70710000
vn -0.00000000 0.70710000 -0.70710000
vn -0.00000000 0.70710000 -0.70710000
vn -0.00000000 0.70710000 -0.70710000
vn -0.00000000 0.70710000 -0.70710000
vn -0.00000000 0.70710000 -0.70710000
vn -0.00000000 0.70710000 -0.70710000
vn -0.00000000 0.70710000 -0.70710000
vn -0.00000000 0.70710000 -0.70710000
vn -0.00000000 0.70710000 -0.70710000
vn -0.00000000 0.70710000 -0.70710000
vn -0.00000000 0.70710000 -0.70710000
vn -0.00000000 0.70710000 -0.70710000
vn -0.00000000 0.70710000 -0.70710000
vn 0.29110000 0.10740000 -0.95060000
vn 0.29140000 0.10760000 -0.95050000
vn 0.33800000 0.12210000 -0.93320000
vn 0.36890000 0.13000000 -0.92030000
vn 0.36900000 0.12990000 -0.92030000
vn 0.40730000 0.13780000 -0.90280000
vn 0.44120000 0.14290000 -0.88600000
vn 0.44520000 0.14340000 -0.88390000
vn 0.44690000 0.14200000 -0.88330000
vn 0.47320000 0.14010000 -0.86980000
vn 0.42330000 0.14370000 -0.89450000
vn 0.28600000 0.10720000 -0.95220000
vn 0.27150000 0.10350000 -0.95690000
vn 0.28300000 0.10640000 -0.95320000
vn 0.26890000 0.10260000 -0.95770000
vn 0.27570000 0.10410000 -0.95560000
vn 0.27170000 0.10390000 -0.95670000
vn 0.27160000 0.10390000 -0.95680000
vn 0.27170000 0.10390000 -0.95670000
vn 0.27180000 0.10390000 -0.95670000
vn 0.26740000 0.10380000 -0.95800000
vn 0.26110000 0.10360000 -0.95970000
vn 0.26430000 0.10370000 -0.95890000
vn 0.26100000 0.10360000 -0.95980000
vn 0.39160000 -0.55210000 -0.73610000
vn 0.41000000 -0.54530000 -0.73110000
vn 0.38700000 -0.55210000 -0.73850000
vn 0.36590000 -0.54670000 -0.75320000
vn 0.34510000 -0.55270000 -0.75860000
vn 0.31940000 -0.54800000 -0.77310000
vn 0.29890000 -0.55240000 -0.77820000
vn 0.27060000 -0.54930000 -0.79060000
vn 0.25110000 -0.55190000 -0.79520000
vn 0.21960000 -0.55050000 -0.80540000
vn 0.20240000 -0.55090000 -0.80970000
vn 0.16660000 -0.55160000 -0.81730000
vn 0.15240000 -0.55010000 -0.82110000
vn 0.11210000 -0.55250000 -0.82600000
vn 0.10180000 -0.54950000 -0.82930000
vn 0.05640000 -0.55300000 -0.83130000
vn 0.05090000 -0.54890000 -0.83430000
vn -0.00020000 -0.55650000 -0.83090000
vn 0.00010000 -0.54400000 -0.83910000
vn 0.39610000 -0.55210000 -0.73370000
vn 0.40210000 -0.55190000 -0.73060000
vn 0.42060000 -0.54500000 -0.72530000
vn 0.40610000 -0.55280000 -0.72770000
vn 0.41180000 -0.55200000 -0.72510000
vn 0.41310000 -0.55180000 -0.72450000
vn 0.43020000 -0.54520000 -0.71950000
vn 0.45070000 -0.53880000 -0.71170000
vn 0.46590000 -0.53230000 -0.70680000
vn 0.48250000 -0.52740000 -0.69940000
vn 0.49580000 -0.51920000 -0.69610000
vn 0.51180000 -0.51380000 -0.68850000
vn 0.52290000 -0.50690000 -0.68530000
vn 0.53830000 -0.50130000 -0.67750000
vn 0.54740000 -0.49540000 -0.67450000
vn 0.56200000 -0.48970000 -0.66660000
vn 0.56970000 -0.48460000 -0.66370000
vn 0.58360000 -0.47890000 -0.65580000
vn 0.59020000 -0.47460000 -0.65290000
vn 0.60320000 -0.46900000 -0.64510000
vn 0.57110000 -0.48100000 -0.66520000
vn 0.62700000 -0.45820000 -0.63000000
vn 0.66640000 -0.43700000 -0.60410000
vn 0.64930000 -0.44740000 -0.61500000
vn 0.67030000 -0.43660000 -0.60010000
vn 0.65160000 -0.44880000 -0.61160000
vn 0.67140000 -0.43910000 -0.59700000
vn 0.65090000 -0.45330000 -0.60900000
vn 0.66960000 -0.44490000 -0.59480000
vn 0.64680000 -0.46140000 -0.60730000
vn 0.66460000 -0.45420000 -0.59330000
vn 0.63910000 -0.47320000 -0.60630000
vn 0.65650000 -0.46690000 -0.59250000
vn 0.62800000 -0.48850000 -0.60580000
vn 0.64560000 -0.48250000 -0.59200000
vn 0.60690000 -0.50390000 -0.61460000
vn 0.62390000 -0.49920000 -0.60130000
vn 0.54620000 -0.52000000 -0.65670000
vn 0.63800000 -0.49420000 -0.59050000
vn 0.46710000 -0.53430000 -0.70450000
vn 0.50480000 -0.52840000 -0.68260000
vn 0.49450000 -0.52720000 -0.69100000
vn 0.51760000 -0.52170000 -0.67820000
vn 0.53410000 -0.51300000 -0.67200000
vn 0.55530000 -0.50750000 -0.65890000
vn 0.56230000 -0.49770000 -0.66040000
vn 0.58320000 -0.49130000 -0.64700000
vn 0.58740000 -0.48360000 -0.64890000
vn 0.60840000 -0.47600000 -0.63500000
vn 0.60990000 -0.47080000 -0.63750000
vn 0.63110000 -0.46190000 -0.62320000
vn 0.63050000 -0.45870000 -0.62620000
vn 0.53790000 -0.51740000 -0.66550000
vn 0.57470000 -0.50270000 -0.64580000
vn 0.60280000 -0.48510000 -0.63350000
vn 0.62810000 -0.46860000 -0.62120000
vn 0.64250000 -0.49910000 -0.58150000
vn 0.64360000 -0.49480000 -0.58390000
vn 0.66400000 -0.47480000 -0.57770000
vn 0.67390000 -0.45970000 -0.57840000
vn 0.68190000 -0.44670000 -0.57920000
vn 0.68740000 -0.43650000 -0.58040000
vn 0.69010000 -0.42960000 -0.58240000
vn 0.69010000 -0.42580000 -0.58520000
vn 0.65760000 -0.49290000 -0.56980000
vn 0.66620000 -0.48200000 -0.56900000
vn 0.65470000 -0.48890000 -0.57650000
vn 0.67390000 -0.46960000 -0.57030000
vn 0.69130000 -0.45150000 -0.56410000
vn 0.69890000 -0.43870000 -0.56490000
vn 0.70460000 -0.42800000 -0.56600000
vn 0.70800000 -0.42010000 -0.56770000
vn 0.70880000 -0.41530000 -0.57020000
vn 0.69780000 -0.47490000 -0.53630000
vn 0.69080000 -0.46520000 -0.55350000
vn 0.67960000 -0.47280000 -0.56080000
vn 0.69510000 -0.45670000 -0.55520000
vn 0.68420000 -0.46380000 -0.56280000
vn 0.71020000 -0.44050000 -0.54910000
vn 0.70070000 -0.44630000 -0.55660000
vn 0.72440000 -0.42490000 -0.54300000
vn 0.71580000 -0.42980000 -0.55040000
vn 0.73770000 -0.40950000 -0.53680000
vn 0.72130000 -0.41910000 -0.55140000
vn 0.74150000 -0.40080000 -0.53810000
vn 0.72500000 -0.41060000 -0.55300000
vn 0.74340000 -0.39430000 -0.54020000
vn 0.72660000 -0.40480000 -0.55520000
vn 0.74340000 -0.39060000 -0.54290000
vn 0.73290000 -0.45490000 -0.50600000
vn 0.72630000 -0.44680000 -0.52230000
vn 0.69810000 -0.46170000 -0.54730000
vn 0.71710000 -0.44080000 -0.53990000
vn 0.70690000 -0.44820000 -0.54720000
vn 0.73110000 -0.42530000 -0.53350000
vn 0.72030000 -0.43360000 -0.54150000
vn 0.74240000 -0.41260000 -0.52780000
vn 0.73350000 -0.41870000 -0.53540000
vn 0.75430000 -0.39840000 -0.52180000
vn 0.74600000 -0.40410000 -0.52930000
vn 0.76520000 -0.38510000 -0.51580000
vn 0.75730000 -0.39060000 -0.52330000
vn 0.77510000 -0.37290000 -0.51010000
vn 0.75970000 -0.38370000 -0.52510000
vn 0.75340000 -0.42970000 -0.49770000
vn 0.77650000 -0.42320000 -0.46690000
vn 0.77910000 -0.41090000 -0.47350000
vn 0.80340000 -0.38990000 -0.45000000
vn 0.80190000 -0.38250000 -0.45890000
vn 0.82470000 -0.36150000 -0.43490000
vn 0.82200000 -0.35630000 -0.44430000
vn 0.84360000 -0.33450000 -0.42010000
vn 0.83980000 -0.33190000 -0.42970000
vn 0.86010000 -0.30960000 -0.40540000
vn 0.85560000 -0.30910000 -0.41530000
vn 0.87480000 -0.28650000 -0.39080000
vn 0.86960000 -0.28790000 -0.40100000
vn 0.88780000 -0.26480000 -0.37640000
vn 0.88220000 -0.26800000 -0.38700000
vn 0.89940000 -0.24460000 -0.36230000
vn 0.89350000 -0.24950000 -0.37330000
vn 0.92420000 -0.20180000 -0.32430000
vn 0.91470000 -0.22090000 -0.33840000
vn 0.92830000 -0.19690000 -0.31540000
vn 0.91870000 -0.21740000 -0.32970000
vn 0.93180000 -0.19230000 -0.30780000
vn 0.92210000 -0.21420000 -0.32220000
vn 0.93490000 -0.18750000 -0.30120000
vn 0.92530000 -0.20980000 -0.31600000
vn 0.93780000 -0.18220000 -0.29560000
vn 0.92820000 -0.20520000 -0.31040000
vn 0.95150000 -0.14330000 -0.27230000
vn 0.94360000 -0.16530000 -0.28700000
vn 0.95420000 -0.13070000 -0.26910000
vn 0.94660000 -0.15270000 -0.28390000
vn 0.95200000 -0.13390000 -0.27520000
vn 0.94590000 -0.15550000 -0.28460000
vn 0.95150000 -0.14240000 -0.27260000
vn 0.94560000 -0.15600000 -0.28530000
vn 0.95490000 -0.12780000 -0.26810000
vn 0.95070000 -0.12270000 -0.28470000
vn 0.95710000 -0.11690000 -0.26500000
vn 0.95690000 -0.11500000 -0.26670000
vn 0.96130000 -0.09560000 -0.25840000
vn 0.96300000 -0.09480000 -0.25210000
vn 0.96680000 -0.07650000 -0.24390000
vn 0.96840000 -0.07630000 -0.23760000
vn 0.97150000 -0.05880000 -0.22950000
vn 0.97300000 -0.05910000 -0.22330000
vn 0.97560000 -0.04250000 -0.21520000
vn 0.97690000 -0.04320000 -0.20910000
vn 0.97920000 -0.02740000 -0.20110000
vn 0.98040000 -0.02830000 -0.19490000
vn 0.98230000 -0.01330000 -0.18700000
vn 0.98340000 -0.01450000 -0.18090000
vn 0.98490000 -0.00020000 -0.17320000
vn 0.98600000 -0.00140000 -0.16700000
vn 0.98610000 0.01400000 -0.16540000
vn 0.98710000 0.02850000 -0.15770000
vn 0.98500000 0.01680000 -0.17160000
vn 0.98590000 0.03250000 -0.16440000
vn 0.98380000 0.02100000 -0.17830000
vn 0.98450000 0.03740000 -0.17110000
vn 0.98240000 0.02590000 -0.18500000
vn 0.98310000 0.04350000 -0.17800000
vn 0.98090000 0.03190000 -0.19190000
vn 0.98150000 0.05060000 -0.18490000
vn 0.97930000 0.03890000 -0.19890000
vn 0.97950000 0.04890000 -0.19540000
vn 0.97710000 0.03670000 -0.20940000
vn 0.97740000 0.04740000 -0.20590000
vn 0.97490000 0.03440000 -0.22010000
vn 0.97490000 0.04530000 -0.21820000
vn 0.97650000 0.04220000 -0.21130000
vn 0.96680000 0.06500000 -0.24720000
vn 0.97320000 0.03720000 -0.22710000
vn 0.99730000 -0.06970000 0.02240000
vn 0.97180000 0.01410000 -0.23540000
vn 0.79810000 -0.00080000 0.60250000
vn 0.97190000 0.01410000 -0.23500000
vn 0.97220000 -0.00940000 -0.23390000
vn 0.97550000 0.00530000 -0.22000000
vn 0.97370000 -0.01530000 -0.22730000
vn 0.97700000 -0.00040000 -0.21310000
vn 0.97520000 -0.01960000 -0.22050000
vn 0.97850000 -0.00490000 -0.20630000
vn 0.97660000 -0.02300000 -0.21380000
vn 0.97980000 -0.00860000 -0.19970000
vn 0.97790000 -0.02560000 -0.20730000
vn 0.98110000 -0.01140000 -0.19320000
vn 0.77710000 -0.42150000 -0.46740000
vn 0.80490000 -0.39740000 -0.44070000
vn 0.80290000 -0.39310000 -0.44820000
vn 0.82670000 -0.36700000 -0.42650000
vn 0.82770000 -0.37320000 -0.41900000
vn 0.84750000 -0.34940000 -0.39960000
vn 0.84840000 -0.34220000 -0.40380000
vn 0.85010000 -0.34600000 -0.39690000
vn 0.86870000 -0.31540000 -0.38200000
vn 0.87090000 -0.31670000 -0.37580000
vn 0.88750000 -0.28670000 -0.36080000
vn 0.87550000 -0.30940000 -0.37110000
vn 0.89030000 -0.28470000 -0.35540000
vn -0.04120000 -0.98500000 -0.16760000
vn 0.90960000 -0.24700000 -0.33400000
vn -0.17430000 -0.97460000 -0.14050000
vn 0.86570000 -0.33420000 -0.37260000
vn 0.93130000 -0.19530000 -0.30740000
vn 0.92330000 -0.22300000 -0.31270000
vn 0.92390000 -0.21460000 -0.31690000
vn 0.90470000 -0.25630000 -0.34040000
vn 0.93440000 -0.18900000 -0.30190000
vn 0.91730000 -0.22980000 -0.32530000
vn 0.94430000 -0.18630000 -0.27140000
vn 0.93790000 -0.17650000 -0.29870000
vn 0.97280000 -0.06640000 -0.22200000
vn 0.96100000 -0.09790000 -0.25870000
vn 0.94810000 -0.07160000 -0.30980000
vn 0.95690000 -0.11840000 -0.26520000
vn 0.95950000 -0.09580000 -0.26480000
vn 0.95950000 -0.09570000 -0.26500000
vn 0.96190000 -0.07360000 -0.26330000
vn 0.96520000 -0.07580000 -0.25030000
vn 0.96860000 -0.05570000 -0.24240000
vn 0.97010000 -0.05770000 -0.23590000
vn 0.97290000 -0.03860000 -0.22800000
vn 0.97430000 -0.04100000 -0.22150000
vn 0.97190000 -0.00050000 -0.23530000
vn 0.95950000 -0.01610000 -0.28140000
vn 0.73610000 0.06990000 -0.67330000
vn 0.96750000 -0.02980000 -0.25120000
vn -0.00010000 -0.00000000 -1.00000000
vn 0.96740000 -0.03140000 -0.25130000
vn 0.78750000 -0.04380000 0.61470000
vn 0.97140000 -0.03560000 -0.23470000
vn 0.97330000 0.11830000 -0.19670000
vn 0.97530000 0.08020000 -0.20590000
vn 0.97890000 0.05410000 -0.19720000
vn 0.97570000 0.05790000 -0.21140000
vn 0.97520000 0.08040000 -0.20620000
vn 0.97750000 0.06860000 -0.19920000
vn 0.97710000 0.09040000 -0.19260000
vn 0.97950000 0.07910000 -0.18540000
vn 0.97880000 0.09970000 -0.17890000
vn 0.98120000 0.08850000 -0.17170000
vn 0.98030000 0.10790000 -0.16530000
vn 0.98270000 0.09690000 -0.15800000
vn 0.98170000 0.11540000 -0.15170000
vn 0.98400000 0.10460000 -0.14440000
vn 0.98290000 0.12200000 -0.13820000
vn 0.98510000 0.11150000 -0.13080000
vn 0.98390000 0.12800000 -0.12460000
vn 0.98610000 0.11790000 -0.11720000
vn 0.98480000 0.13350000 -0.11110000
vn 0.98790000 0.10960000 -0.10990000
vn 0.98190000 0.16880000 -0.08580000
vn 0.98120000 0.16540000 -0.09920000
vn 0.97630000 0.19770000 -0.08800000
vn 0.97540000 0.19580000 -0.10160000
vn 0.96910000 0.22940000 -0.09100000
vn 0.96800000 0.22840000 -0.10430000
vn 0.95970000 0.26460000 -0.09440000
vn 0.95840000 0.26450000 -0.10760000
vn 0.94810000 0.30230000 -0.09810000
vn 0.94620000 0.30380000 -0.11120000
vn 0.94030000 0.32330000 -0.10660000
vn 0.93790000 0.32560000 -0.11970000
vn 0.93100000 0.34630000 -0.11520000
vn 0.92840000 0.34870000 -0.12820000
vn 0.92060000 0.37030000 -0.12380000
vn 0.91710000 0.37420000 -0.13760000
vn 0.90730000 0.39860000 -0.13420000
vn 0.91330000 0.38640000 -0.12880000
vn 0.90470000 0.40470000 -0.13340000
vn 0.06480000 0.98820000 0.13900000
vn 0.89810000 0.42030000 -0.12910000
vn 0.88970000 0.43930000 -0.12400000
vn 0.88100000 0.45690000 -0.12290000
vn -0.00000000 -0.00000000 -1.00000000
vn 0.67110000 0.32600000 0.66580000
vn 0.90120000 0.41460000 -0.12660000
vn 0.89020000 0.43820000 -0.12450000
vn 0.90110000 0.41490000 -0.12580000
vn 0.90350000 0.41270000 -0.11540000
vn 0.91230000 0.39160000 -0.11950000
vn 0.91570000 0.38750000 -0.10670000
vn 0.92360000 0.36700000 -0.11090000
vn 0.92640000 0.36350000 -0.09790000
vn 0.93360000 0.34360000 -0.10220000
vn 0.93600000 0.34050000 -0.08910000
vn 0.94230000 0.32140000 -0.09350000
vn 0.94460000 0.31830000 -0.08020000
vn 0.95000000 0.30050000 -0.08480000
vn 0.95180000 0.29840000 -0.07150000
vn 0.96120000 0.26360000 -0.08100000
vn 0.96250000 0.26270000 -0.06730000
vn 0.97010000 0.22990000 -0.07760000
vn 0.97110000 0.23010000 -0.06410000
vn 0.96660000 0.18390000 -0.17860000
vn 0.92390000 0.17420000 -0.34070000
vn 0.97320000 0.12530000 -0.19270000
vn 0.97320000 0.12560000 -0.19280000
vn 0.96850000 0.17010000 -0.18200000
vn 0.97450000 0.13360000 -0.18030000
vn 0.96970000 0.17670000 -0.16850000
vn 0.97600000 0.14020000 -0.16640000
vn 0.97100000 0.18180000 -0.15520000
vn 0.97720000 0.14710000 -0.15330000
vn 0.97220000 0.18620000 -0.14180000
vn 0.97830000 0.15270000 -0.13980000
vn 0.97340000 0.19000000 -0.12840000
vn 0.97940000 0.15760000 -0.12630000
vn 0.97440000 0.19310000 -0.11510000
vn 0.98030000 0.16190000 -0.11290000
vn 0.95590000 0.24520000 -0.16170000
vn 0.96340000 0.21140000 -0.16480000
vn 0.96140000 0.21560000 -0.17080000
vn 0.96140000 0.21560000 -0.17070000
vn 0.95080000 0.26250000 -0.16460000
vn 0.94760000 0.27420000 -0.16390000
vn 0.93910000 0.30710000 -0.15410000
vn 0.93920000 0.30690000 -0.15420000
vn 0.93210000 0.32510000 -0.15950000
vn 0.94320000 0.29940000 -0.14390000
vn 0.95540000 0.25080000 -0.15600000
vn 0.92190000 0.36480000 -0.13070000
vn 0.92740000 0.34720000 -0.13940000
vn 0.95270000 0.27910000 -0.12000000
vn 0.92580000 0.35070000 -0.14100000
vn -0.00000000 -0.00000000 -1.00000000
vn 0.70130000 0.24210000 0.67050000
vn 0.93200000 0.33060000 -0.14830000
vn 0.94220000 0.30560000 -0.13740000
vn 0.95360000 0.26280000 -0.14720000
vn 0.95530000 0.26360000 -0.13390000
vn 0.96410000 0.22290000 -0.14430000
vn 0.96540000 0.22540000 -0.13110000
vn 0.85110000 0.51310000 -0.11130000
vn 0.86820000 0.48240000 -0.11630000
vn 0.87000000 0.47940000 -0.11550000
vn 0.86990000 0.47960000 -0.11470000
vn 0.85720000 0.50270000 -0.11170000
vn 0.87380000 0.47490000 -0.10400000
vn 0.86290000 0.49530000 -0.10050000
vn 0.87900000 0.46810000 -0.09120000
vn 0.86850000 0.48790000 -0.08770000
vn 0.88390000 0.46120000 -0.07820000
vn 0.87390000 0.48040000 -0.07470000
vn 0.88850000 0.45420000 -0.06510000
vn 0.87900000 0.47290000 -0.06150000
vn 0.89300000 0.44710000 -0.05180000
vn 0.88380000 0.46540000 -0.04820000
vn 0.89730000 0.43980000 -0.03830000
vn 0.88840000 0.45770000 -0.03470000
vn 0.90140000 0.43230000 -0.02480000
vn 0.89290000 0.44970000 -0.02100000
vn 0.90530000 0.42470000 -0.01110000
vn 0.88850000 0.45840000 -0.01930000
vn 0.88410000 0.46690000 -0.01740000
vn 0.87930000 0.47520000 -0.03120000
vn 0.87450000 0.48410000 -0.02940000
vn 0.86920000 0.49250000 -0.04300000
vn 0.86400000 0.50170000 -0.04120000
vn 0.85830000 0.51020000 -0.05470000
vn 0.85280000 0.51950000 -0.05300000
vn 0.84660000 0.52810000 -0.06630000
vn 0.84090000 0.53730000 -0.06470000
vn 0.83410000 0.54600000 -0.07780000
vn 0.80860000 0.58400000 -0.07190000
vn 0.80030000 0.59350000 -0.08480000
vn 0.77190000 0.63070000 -0.07930000
vn 0.76120000 0.64180000 -0.09320000
vn 0.74720000 0.65840000 -0.09020000
vn 0.75300000 0.65100000 -0.09570000
vn 0.73620000 0.67130000 -0.08580000
vn 0.81060000 0.57690000 -0.10050000
vn 0.00060000 0.42760000 -0.90400000
vn 0.83250000 0.54390000 -0.10540000
vn 0.83680000 0.53640000 -0.10980000
vn 0.83140000 0.54370000 -0.11490000
vn 0.62960000 0.38550000 0.67460000
vn 0.85090000 0.51360000 -0.11070000
vn 0.84640000 0.52110000 -0.11020000
vn 0.85070000 0.51390000 -0.11050000
vn 0.85720000 0.50540000 -0.09880000
vn 0.77980000 0.61890000 -0.09480000
vn 0.79110000 0.60390000 -0.09720000
vn 0.79210000 0.60230000 -0.09960000
vn 0.79220000 0.60200000 -0.09970000
vn 0.75740000 0.64680000 -0.08920000
vn 0.71820000 0.69170000 -0.07590000
vn 0.72880000 0.67890000 -0.08970000
vn 0.73040000 0.67760000 -0.08590000
vn 0.73690000 0.66980000 -0.09150000
vn 0.74930000 0.65790000 -0.07550000
vn 0.75700000 0.64880000 -0.07680000
vn 0.76690000 0.63860000 -0.06370000
vn 0.78130000 0.62070000 -0.06630000
vn 0.79010000 0.61070000 -0.05300000
vn 0.81640000 0.57450000 -0.05870000
vn 0.82380000 0.56510000 -0.04530000
vn 0.84740000 0.52850000 -0.05140000
vn 0.85350000 0.51970000 -0.03800000
vn 0.85870000 0.51090000 -0.03960000
vn 0.86440000 0.50210000 -0.02590000
vn 0.86950000 0.49320000 -0.02760000
vn 0.87470000 0.48450000 -0.01390000
vn 0.87960000 0.47540000 -0.01570000
vn 0.87040000 0.49230000 0.00350000
vn 0.66860000 0.73900000 -0.08280000
vn 0.69460000 0.71450000 -0.08370000
vn 0.70310000 0.70570000 -0.08720000
vn 0.71590000 0.69290000 -0.08570000
vn 0.70380000 0.70520000 -0.08580000
vn 0.71510000 0.69380000 -0.08580000
vn 0.72550000 0.68440000 -0.07190000
vn 0.73370000 0.67560000 -0.07310000
vn 0.74430000 0.66510000 -0.05990000
vn 0.75200000 0.65630000 -0.06110000
vn 0.76180000 0.64610000 -0.04770000
vn 0.76900000 0.63740000 -0.04890000
vn 0.77790000 0.62740000 -0.03520000
vn 0.78490000 0.61860000 -0.03660000
vn 0.79320000 0.60850000 -0.02270000
vn 0.80630000 0.59100000 -0.02560000
vn 0.81380000 0.58110000 -0.01160000
vn 0.83740000 0.54620000 -0.01800000
vn 0.82100000 0.57090000 0.00250000
vn 0.84410000 0.53620000 -0.00380000
vn 0.82800000 0.56050000 0.01680000
vn 0.61610000 0.78410000 -0.07470000
vn 0.62270000 0.77870000 -0.07680000
vn 0.66220000 0.74530000 -0.07760000
vn 0.66190000 0.74540000 -0.07890000
vn 0.62310000 0.77840000 -0.07690000
vn 0.67540000 0.73450000 -0.06560000
vn 0.64010000 0.76580000 -0.06190000
vn 0.68780000 0.72410000 -0.05210000
vn 0.65320000 0.75570000 -0.04810000
vn 0.69920000 0.71390000 -0.03820000
vn 0.66520000 0.74590000 -0.03400000
vn 0.71000000 0.70380000 -0.02400000
vn 0.67660000 0.73610000 -0.01960000
vn 0.72020000 0.69370000 -0.00960000
vn 0.68730000 0.72640000 -0.00490000
vn 0.72990000 0.68350000 0.00500000
vn 0.69760000 0.71650000 0.01000000
vn 0.70740000 0.70630000 0.02510000
vn 0.69060000 0.72270000 0.02770000
vn 0.71700000 0.69590000 0.04030000
vn 0.68190000 0.73090000 0.02900000
vn 0.67310000 0.73890000 0.03020000
vn 0.67160000 0.74080000 0.01350000
vn 0.66280000 0.74860000 0.01470000
vn 0.65220000 0.75800000 -0.00040000
vn 0.64320000 0.76570000 0.00070000
vn 0.63200000 0.77480000 -0.01440000
vn 0.62260000 0.78240000 -0.01340000
vn 0.61060000 0.79140000 -0.02820000
vn 0.59180000 0.80570000 -0.02650000
vn 0.57900000 0.81430000 -0.04120000
vn 0.55970000 0.82780000 -0.03970000
vn 0.54570000 0.83620000 -0.05420000
vn 0.52580000 0.84890000 -0.05290000
vn 0.51240000 0.85620000 -0.06610000
vn 0.48750000 0.87070000 -0.06540000
vn 0.51220000 0.85630000 -0.06610000
vn 0.49250000 0.86790000 -0.06490000
vn 0.55030000 0.83110000 -0.08080000
vn 0.48610000 0.87270000 -0.04690000
vn 0.58080000 0.81080000 -0.07260000
vn 0.58940000 0.80490000 -0.06900000
vn 0.59930000 0.79700000 -0.07470000
vn 0.58920000 0.80500000 -0.06920000
vn 0.59950000 0.79710000 -0.07260000
vn 0.61270000 0.78810000 -0.05940000
vn 0.62200000 0.78070000 -0.06020000
vn 0.63520000 0.77090000 -0.04630000
vn 0.42990000 0.90050000 -0.06610000
vn 0.44940000 0.89100000 -0.06430000
vn 0.47050000 0.87990000 -0.06630000
vn 0.50560000 0.86120000 -0.05170000
vn 0.53990000 0.84090000 -0.03820000
vn 0.57260000 0.81940000 -0.02480000
vn 0.60380000 0.79710000 -0.01150000
vn 0.63380000 0.77350000 0.00170000
vn 0.65390000 0.75640000 0.01580000
vn 0.66440000 0.74670000 0.03130000
vn 0.64660000 0.76110000 0.05080000
vn 0.37820000 0.92400000 -0.05650000
vn 0.40900000 0.91030000 -0.06450000
vn 0.40930000 0.91020000 -0.06360000
vn 0.42930000 0.90080000 -0.06470000
vn 0.44310000 0.89520000 -0.04830000
vn 0.46420000 0.88430000 -0.04940000
vn 0.47760000 0.87790000 -0.03420000
vn 0.49870000 0.86600000 -0.03550000
vn 0.51130000 0.85910000 -0.02010000
vn 0.53240000 0.84620000 -0.02160000
vn 0.54440000 0.83880000 -0.00620000
vn 0.56490000 0.82510000 -0.00790000
vn 0.57650000 0.81710000 0.00760000
vn 0.59630000 0.80270000 0.00570000
vn 0.59400000 0.80430000 0.01550000
vn 0.61690000 0.78680000 0.01940000
vn 0.31440000 0.94740000 -0.06000000
vn 0.33520000 0.94040000 -0.05750000
vn 0.34400000 0.93700000 -0.05990000
vn 0.36570000 0.92880000 -0.06030000
vn 0.34430000 0.93690000 -0.06040000
vn 0.36610000 0.92870000 -0.05880000
vn 0.37840000 0.92450000 -0.04540000
vn 0.40030000 0.91520000 -0.04630000
vn 0.41250000 0.91040000 -0.03060000
vn 0.43440000 0.90010000 -0.03170000
vn 0.44610000 0.89480000 -0.01590000
vn 0.46810000 0.88350000 -0.01720000
vn 0.47920000 0.87770000 -0.00130000
vn 0.50150000 0.86520000 -0.00300000
vn 0.50780000 0.86140000 0.01230000
vn 0.53430000 0.84520000 0.01140000
vn 0.53490000 0.84480000 0.01230000
vn 0.55580000 0.83130000 0.00950000
vn 0.55820000 0.82960000 0.01290000
vn 0.57530000 0.81780000 0.01380000
vn 0.25000000 0.96540000 -0.07460000
vn 0.25730000 0.96480000 -0.05370000
vn 0.27940000 0.95840000 -0.05900000
vn 0.30160000 0.95170000 -0.05680000
vn 0.27950000 0.95840000 -0.05850000
vn 0.30120000 0.95170000 -0.05920000
vn 0.31180000 0.94920000 -0.04310000
vn 0.32310000 0.94540000 -0.04340000
vn 0.33300000 0.94250000 -0.02710000
vn 0.34470000 0.93830000 -0.02760000
vn 0.35420000 0.93510000 -0.01110000
vn 0.36620000 0.93050000 -0.01170000
vn 0.37550000 0.92680000 0.00500000
vn 0.38740000 0.92190000 0.00440000
vn 0.39640000 0.91780000 0.02120000
vn 0.41100000 0.91160000 0.00280000
vn 0.43360000 0.90100000 0.01680000
vn 0.43450000 0.90070000 0.00160000
vn 0.45250000 0.89160000 0.01480000
vn 0.45690000 0.88950000 0.00020000
vn 0.47520000 0.87980000 0.01330000
vn 0.48840000 0.87250000 0.01280000
vn 0.18610000 0.98100000 -0.05490000
vn 0.21050000 0.97600000 -0.05630000
vn 0.23350000 0.97070000 -0.05730000
vn 0.25710000 0.96480000 -0.05560000
vn 0.26530000 0.96330000 -0.04150000
vn 0.28890000 0.95640000 -0.04230000
vn 0.29760000 0.95430000 -0.02570000
vn 0.32140000 0.94660000 -0.02670000
vn 0.33020000 0.94390000 -0.01000000
vn 0.34220000 0.93960000 -0.01050000
vn 0.35070000 0.93650000 0.00630000
vn 0.36310000 0.93170000 0.00570000
vn 0.37150000 0.92810000 0.02270000
vn 0.38430000 0.92290000 0.02190000
vn 0.39270000 0.91880000 0.03910000
vn 0.40510000 0.91350000 0.03840000
vn 0.41230000 0.90950000 0.05310000
vn 0.43740000 0.89780000 0.05120000
vn 0.43880000 0.89690000 0.05390000
vn 0.45210000 0.89060000 0.05000000
vn 0.46350000 0.88460000 0.05200000
vn 0.48660000 0.87220000 0.05020000
vn 0.47260000 0.87860000 0.06920000
vn 0.50980000 0.85890000 0.04820000
vn 0.56540000 0.82260000 0.06040000
vn 0.53280000 0.84500000 0.04620000
vn 0.55530000 0.83050000 0.04390000
vn 0.55350000 0.83190000 0.04090000
vn 0.57720000 0.81550000 0.04160000
vn 0.59810000 0.80040000 0.03940000
vn 0.10450000 0.99300000 -0.05480000
vn 0.16200000 0.98520000 -0.05570000
vn 0.18630000 0.98090000 -0.05560000
vn 0.21690000 0.97540000 -0.04010000
vn 0.24130000 0.96960000 -0.04080000
vn 0.24820000 0.96840000 -0.02400000
vn 0.27320000 0.96160000 -0.02490000
vn 0.28040000 0.95990000 -0.00790000
vn 0.30560000 0.95210000 -0.00890000
vn 0.31320000 0.94970000 0.00810000
vn 0.33840000 0.94100000 0.00690000
vn 0.34620000 0.93780000 0.02400000
vn 0.35880000 0.93310000 0.02340000
vn 0.36640000 0.92960000 0.04050000
vn 0.37960000 0.92430000 0.03980000
vn 0.38640000 0.92070000 0.05500000
vn 0.39980000 0.91500000 0.05400000
vn 0.40100000 0.91440000 0.05650000
vn 0.41350000 0.90880000 0.05570000
vn 0.42180000 0.90370000 0.07320000
vn 0.00070000 0.99850000 -0.05390000
vn 0.05900000 0.99760000 -0.03750000
vn 0.08690000 0.99550000 -0.03770000
vn 0.11440000 0.99270000 -0.03790000
vn 0.11670000 0.99290000 -0.02080000
vn 0.17080000 0.98510000 -0.02190000
vn 0.17460000 0.98460000 -0.00460000
vn 0.20180000 0.97940000 -0.00530000
vn 0.20620000 0.97840000 0.01220000
vn 0.23360000 0.97230000 0.01130000
vn 0.23850000 0.97070000 0.02900000
vn 0.26620000 0.96350000 0.02790000
vn 0.27150000 0.96140000 0.04520000
vn 0.29960000 0.95310000 0.04380000
vn 0.30510000 0.95040000 0.06010000
vn 0.33330000 0.94100000 0.05850000
vn 0.33410000 0.94060000 0.06060000
vn 0.36100000 0.93070000 0.05900000
vn 0.36810000 0.92660000 0.07680000
vn 0.37400000 0.92560000 0.05820000
vn 0.38750000 0.92010000 0.05750000
vn 0.37300000 0.92620000 0.05590000
vn 0.03020000 0.99890000 -0.03700000
vn 0.00050000 0.99930000 -0.03690000
vn 0.03040000 0.99930000 -0.01960000
vn 0.00040000 0.99980000 -0.01960000
vn 0.03070000 0.99950000 -0.00210000
vn 0.00030000 1.00000000 -0.00210000
vn 0.03110000 0.99940000 0.01560000
vn 0.00020000 0.99990000 0.01560000
vn 0.03140000 0.99890000 0.03360000
vn 0.00020000 0.99940000 0.03360000
vn 0.03170000 0.99820000 0.05170000
vn 0.00010000 0.99870000 0.05180000
vn 0.03210000 0.99700000 0.06990000
vn 0.00010000 0.99750000 0.07020000
vn 0.03220000 0.99700000 0.07010000
vn -0.00000000 0.99600000 0.08890000
vn 0.06480000 0.99400000 0.08850000
vn 0.12890000 0.98780000 0.08730000
vn 0.09560000 0.99300000 0.06940000
vn 0.06400000 0.99550000 0.06990000
vn 0.19170000 0.97770000 0.08540000
vn 0.18840000 0.97980000 0.06700000
vn 0.12700000 0.98950000 0.06870000
vn 0.09560000 0.99300000 0.06880000
vn 0.06400000 0.99550000 0.06950000
vn 0.06310000 0.99670000 0.05140000
vn 0.21860000 0.97360000 0.06600000
vn 0.25280000 0.96390000 0.08310000
vn 0.24820000 0.96650000 0.06480000
vn 0.27690000 0.95880000 0.06360000
vn 0.24780000 0.96670000 0.06330000
vn 0.27640000 0.95910000 0.06180000
vn 0.24320000 0.96890000 0.04640000
vn 0.31170000 0.94680000 0.08010000
vn 0.30580000 0.95010000 0.06210000
vn 0.73930000 0.67300000 0.01980000
vn 0.77710000 0.62870000 0.02900000
vn 0.75430000 0.65630000 0.01710000
vn 0.76160000 0.64790000 0.01600000
vn 0.75260000 0.65850000 0.00100000
vn 0.75980000 0.65010000 -0.00030000
vn 0.74340000 0.66870000 -0.01330000
vn 0.75080000 0.66040000 -0.01460000
vn 0.73360000 0.67900000 -0.02750000
vn 0.74120000 0.67060000 -0.02870000
vn 0.72340000 0.68910000 -0.04150000
vn 0.73120000 0.68090000 -0.04270000
vn 0.71260000 0.69940000 -0.05530000
vn 0.72050000 0.69120000 -0.05630000
vn 0.70090000 0.70990000 -0.06870000
vn 0.70910000 0.70170000 -0.06970000
vn 0.68970000 0.71980000 -0.07850000
vn 0.69460000 0.71440000 -0.08410000
vn 0.79590000 0.60530000 0.00860000
vn 0.78950000 0.61370000 0.01000000
vn 0.78240000 0.62260000 0.01150000
vn 0.78120000 0.62430000 -0.00450000
vn 0.77400000 0.63320000 -0.00300000
vn 0.76530000 0.64340000 -0.01720000
vn 0.75800000 0.65210000 -0.01580000
vn 0.74870000 0.66230000 -0.03000000
vn 0.91690000 0.39780000 -0.03250000
vn 0.93330000 0.35820000 -0.02700000
vn 0.92400000 0.38060000 -0.03650000
vn 0.93070000 0.36350000 -0.04030000
vn 0.92090000 0.38660000 -0.05000000
vn 0.92790000 0.36900000 -0.05400000
vn 0.91770000 0.39220000 -0.06330000
vn 0.92500000 0.37400000 -0.06730000
vn 0.91440000 0.39760000 -0.07650000
vn 0.92200000 0.37870000 -0.08060000
vn 0.91090000 0.40280000 -0.08960000
vn 0.91890000 0.38320000 -0.09370000
vn 0.90730000 0.40790000 -0.10260000
vn 0.95500000 0.29320000 -0.04460000
vn 0.94280000 0.32970000 -0.04910000
vn 0.93680000 0.34700000 -0.04470000
vn 0.95340000 0.29600000 -0.05810000
vn 0.94840000 0.31250000 -0.05350000
vn 0.94640000 0.31590000 -0.06700000
vn 0.94060000 0.33360000 -0.06250000
vn 0.93840000 0.33720000 -0.07590000
vn 0.93190000 0.35570000 -0.07150000
vn 0.92920000 0.35970000 -0.08470000
vn 0.98920000 0.05320000 -0.13680000
vn 0.98760000 0.08790000 -0.12990000
vn 0.98730000 0.09550000 -0.12660000
vn 0.98710000 0.10240000 -0.12340000
vn 0.98600000 0.09500000 -0.13720000
vn 0.98560000 0.10340000 -0.13400000
vn 0.98440000 0.09590000 -0.14760000
vn 0.98770000 0.04300000 -0.15050000
vn 0.98790000 0.05800000 -0.14360000
vn 0.98640000 0.04810000 -0.15730000
vn 0.98660000 0.06390000 -0.15040000
vn 0.98500000 0.05380000 -0.16400000
vn 0.98500000 0.07070000 -0.15740000
vn 0.98340000 0.06110000 -0.17110000
vn 0.98330000 0.07010000 -0.16780000
vn 0.98150000 0.06000000 -0.18160000
vn 0.98150000 0.06940000 -0.17820000
vn 0.97960000 0.05890000 -0.19200000
vn 0.97960000 0.06900000 -0.18870000
vn 0.97760000 0.05800000 -0.20260000
vn 0.98160000 -0.02840000 -0.18890000
vn 0.97820000 -0.05390000 -0.20060000
vn 0.97940000 -0.04230000 -0.19730000
vn 0.97420000 -0.06950000 -0.21470000
vn 0.97570000 -0.05760000 -0.21140000
vn 0.96960000 -0.08610000 -0.22880000
vn 0.97140000 -0.07400000 -0.22570000
vn 0.96440000 -0.10390000 -0.24320000
vn 0.96650000 -0.09150000 -0.24000000
vn 0.95840000 -0.12290000 -0.25760000
vn 0.96080000 -0.11040000 -0.25450000
vn 0.96000000 -0.12210000 -0.25220000
vn 0.96560000 -0.10450000 -0.23800000
vn 0.95090000 -0.14750000 -0.27220000
vn 0.94790000 -0.15360000 -0.27920000
vn 0.94030000 -0.17240000 -0.29340000
vn 0.86310000 -0.29130000 -0.41260000
vn 0.85460000 -0.29750000 -0.42570000
vn 0.84170000 -0.31440000 -0.43900000
vn 0.81800000 -0.33740000 -0.46600000
vn 0.82740000 -0.33280000 -0.45240000
vn 0.80300000 -0.35440000 -0.47910000
vn 0.81150000 -0.35230000 -0.46620000
vn 0.78650000 -0.37270000 -0.49250000
vn 0.79380000 -0.37330000 -0.48010000
vn 0.76810000 -0.39240000 -0.50600000
vn 0.77400000 -0.39600000 -0.49410000
vn 0.74740000 -0.41380000 -0.51980000
vn 0.75170000 -0.42030000 -0.50830000
vn 0.72420000 -0.43690000 -0.53360000
vn 0.80540000 -0.34490000 -0.48210000
vn 0.81160000 -0.34310000 -0.47280000
vn 0.79660000 -0.35970000 -0.48580000
vn 0.77990000 -0.37770000 -0.49910000
vn 0.76130000 -0.39710000 -0.51260000
vn 0.74050000 -0.41810000 -0.52620000
vn 0.78260000 -0.36740000 -0.50250000
vn 0.79000000 -0.36170000 -0.49510000
vn 0.77310000 -0.37940000 -0.50840000
vn 0.78090000 -0.37320000 -0.50090000
vn 0.76280000 -0.39200000 -0.51430000
vn 0.77200000 -0.38410000 -0.50640000
vn 0.75280000 -0.40390000 -0.51980000
vn 0.51580000 -0.50080000 -0.69510000
vn 0.49780000 -0.50630000 -0.70410000
vn 0.55220000 -0.48890000 -0.67530000
vn 0.56480000 -0.48460000 -0.66800000
vn 0.54380000 -0.49390000 -0.67850000
vn 0.55020000 -0.49380000 -0.67330000
vn 0.52620000 -0.50500000 -0.68420000
vn 0.43860000 -0.52290000 -0.73090000
vn 0.45530000 -0.51940000 -0.72310000
vn 0.37460000 -0.53780000 -0.75530000
vn 0.38960000 -0.53660000 -0.74850000
vn 0.30610000 -0.55100000 -0.77630000
vn 0.31890000 -0.55160000 -0.77070000
vn 0.23360000 -0.56180000 -0.79360000
vn 0.24370000 -0.56400000 -0.78900000
vn 0.15770000 -0.56980000 -0.80650000
vn 0.16470000 -0.57330000 -0.80260000
vn 0.07930000 -0.57480000 -0.81440000
vn 0.08300000 -0.57910000 -0.81100000
vn -0.00000000 -0.58100000 -0.81390000
vn -0.00020000 -0.56880000 -0.82250000
vn 0.07550000 -0.57050000 -0.81780000
vn 0.15000000 -0.56640000 -0.81030000
vn 0.14200000 -0.56290000 -0.81420000
vn 0.21100000 -0.55750000 -0.80290000
vn 0.19830000 -0.55550000 -0.80750000
vn 0.26120000 -0.55010000 -0.79320000
vn 0.24350000 -0.55010000 -0.79880000
vn 0.30040000 -0.54580000 -0.78220000
vn 0.27720000 -0.54840000 -0.78890000
vn 0.32850000 -0.54600000 -0.77070000
vn 0.06680000 -0.56190000 -0.82450000
vn 0.07130000 -0.56620000 -0.82120000
vn 0.08910000 -0.54620000 -0.83290000
vn 0.17840000 -0.55170000 -0.81470000
vn 0.22450000 -0.55500000 -0.80100000
vn 0.27040000 -0.55810000 -0.78450000
vn 0.31590000 -0.56080000 -0.76530000
vn 0.36050000 -0.56310000 -0.74360000
vn 0.38070000 -0.55560000 -0.73910000
vn 0.37400000 -0.55940000 -0.73970000
vn 0.36700000 -0.56330000 -0.74030000
vn 0.35960000 -0.56750000 -0.74070000
vn 0.26610000 -0.55900000 -0.78530000
vn 0.40760000 0.91270000 0.02860000
vn 0.40480000 0.91410000 0.02470000
vn 0.40890000 0.91230000 0.02200000
vn 0.41860000 0.90800000 0.01930000
vn 0.62530000 0.78000000 0.02240000
vn 0.62540000 0.78000000 0.02240000
vn 0.62600000 0.77950000 0.01930000
vn 0.62600000 0.77960000 0.01930000
vn 0.61520000 0.78830000 0.00360000
vn 0.58480000 0.81120000 -0.00970000
vn 0.55280000 0.83300000 -0.02320000
vn 0.51950000 0.85370000 -0.03680000
vn 0.48510000 0.87300000 -0.05050000
vn 0.62800000 0.77780000 0.02470000
vn 0.64460000 0.76430000 0.01710000
vn 0.62880000 0.77710000 0.02650000
vn 0.65500000 0.75500000 0.03260000
vn 0.63650000 0.77050000 0.03500000
vn 0.62970000 0.77630000 0.02840000
vn 0.63060000 0.77550000 0.03020000
vn 0.63150000 0.77470000 0.03210000
vn 0.61790000 0.78540000 0.03720000
vn 0.50810000 0.86010000 0.04530000
vn 0.06200000 -0.55760000 -0.82780000
vn 0.05670000 -0.55340000 -0.83100000
vn 0.11350000 -0.55280000 -0.82550000
vn 0.59030000 -0.50760000 -0.62760000
vn 0.57360000 -0.51080000 -0.64040000
vn 0.55630000 -0.51390000 -0.65300000
vn 0.59290000 -0.49820000 -0.63270000
vn 0.61050000 -0.49360000 -0.61940000
vn 0.51030000 -0.51950000 -0.68540000
vn 0.53860000 -0.50530000 -0.67420000
vn 0.56390000 -0.49230000 -0.66310000
vn 0.58700000 -0.48010000 -0.65190000
vn 0.60790000 -0.46880000 -0.64090000
vn 0.44460000 -0.53950000 -0.71500000
vn 0.43570000 -0.53900000 -0.72090000
vn 0.46710000 -0.52640000 -0.71040000
vn 0.45570000 -0.52790000 -0.71670000
vn 0.48360000 -0.51700000 -0.70640000
vn 0.43290000 -0.52650000 -0.73170000
vn 0.45660000 -0.51920000 -0.72250000
vn 0.40060000 -0.53070000 -0.74690000
vn 0.42040000 -0.52660000 -0.73890000
vn 0.35830000 -0.53940000 -0.76200000
vn 0.42450000 -0.53990000 -0.72690000
vn 0.37770000 -0.54320000 -0.74990000
vn 0.22410000 -0.55020000 -0.80440000
vn 0.16940000 -0.55170000 -0.81670000
vn 0.05990000 0.99800000 -0.01990000
vn 0.06070000 0.99820000 -0.00240000
vn 0.06150000 0.99800000 0.01540000
vn 0.06240000 0.99750000 0.03330000
vn 0.08870000 0.99590000 -0.02020000
vn 0.09010000 0.99590000 -0.00270000
vn 0.09160000 0.99570000 0.01500000
vn 0.09290000 0.99510000 0.03290000
vn 0.09420000 0.99420000 0.05090000
vn 0.11890000 0.99290000 -0.00330000
vn 0.17830000 0.98390000 0.01300000
vn 0.21040000 0.97710000 0.03000000
vn 0.19710000 0.98010000 -0.02250000
vn 0.16660000 0.98530000 -0.03890000
vn 0.19200000 0.98060000 -0.03950000
vn 0.22290000 0.97460000 -0.02320000
vn 0.22840000 0.97350000 -0.00610000
vn 0.25460000 0.96700000 -0.00700000
vn 0.35630000 0.93390000 -0.02810000
vn 0.33440000 0.94140000 -0.04380000
vn 0.34550000 0.93740000 -0.04420000
vn 0.32230000 0.94470000 -0.06130000
vn 0.33490000 0.94050000 -0.05820000
vn 0.36760000 0.92950000 -0.02860000
vn 0.35650000 0.93320000 -0.04470000
vn 0.37790000 0.92580000 -0.01230000
vn 0.40100000 0.91600000 -0.01340000
vn 0.39020000 0.92030000 -0.02960000
vn 0.42380000 0.90560000 -0.01460000
vn 0.45610000 0.88930000 -0.03290000
vn 0.42180000 0.90550000 -0.04730000
vn 0.48990000 0.87160000 -0.01860000
vn 0.52310000 0.85220000 -0.00440000
vn 0.59800000 0.80040000 -0.04280000
vn 0.56520000 0.82310000 -0.05560000
vn 0.58440000 0.80950000 -0.05700000
vn 0.55100000 0.83170000 -0.06870000
vn 0.56950000 0.81900000 -0.06990000
vn 0.56890000 0.81920000 -0.07200000
vn 0.60750000 0.79310000 -0.04360000
vn 0.59390000 0.80250000 -0.05780000
vn 0.58070000 0.81080000 -0.07310000
vn 0.62020000 0.78390000 -0.02910000
vn 0.62940000 0.77650000 -0.03010000
vn 0.61680000 0.78590000 -0.04450000
vn 0.63840000 0.76910000 -0.03100000
vn 0.62610000 0.77840000 -0.04540000
vn 0.64740000 0.76150000 -0.03200000
vn 0.60340000 0.79530000 -0.05860000
vn 0.70440000 0.70770000 -0.05420000
vn 0.69250000 0.71830000 -0.06760000
vn 0.68130000 0.72770000 -0.07840000
vn 0.68050000 0.72810000 -0.08250000
vn 0.69040000 0.71920000 -0.07810000
vn 0.71540000 0.69750000 -0.04040000
vn 0.72590000 0.68730000 -0.02640000
vn 0.73580000 0.67710000 -0.01210000
vn 0.74520000 0.66680000 0.00240000
vn 0.72840000 0.68280000 -0.05750000
vn 0.71720000 0.69320000 -0.07080000
vn 0.73640000 0.67400000 -0.05870000
vn 0.73880000 0.67250000 -0.04390000
vn 0.75430000 0.65480000 -0.04640000
vn 0.77090000 0.63600000 -0.03390000
vn 0.78640000 0.61730000 -0.02130000
vn 0.80110000 0.59850000 -0.00870000
vn 0.80870000 0.58820000 0.00560000
vn 0.74660000 0.66380000 -0.04510000
vn 0.75620000 0.65360000 -0.03130000
vn 0.75950000 0.64750000 -0.06240000
vn 0.74160000 0.66670000 -0.07430000
vn 0.77620000 0.62850000 -0.05030000
vn 0.79840000 0.60090000 -0.03940000
vn 0.83100000 0.55540000 -0.03160000
vn 0.85940000 0.51080000 -0.02430000
vn 0.86500000 0.50160000 -0.01050000
vn 0.86980000 0.49320000 -0.01200000
vn 0.84010000 0.53660000 -0.07940000
vn 0.82690000 0.55490000 -0.09070000
vn 0.83320000 0.54520000 -0.09220000
vn 0.82000000 0.56300000 -0.10310000
vn 0.82590000 0.55390000 -0.10490000
vn 0.81930000 0.56400000 -0.10310000
vn 0.82590000 0.55400000 -0.10470000
vn -0.00550000 0.99110000 0.13330000
vn 0.83210000 0.54480000 -0.10420000
vn 0.83210000 0.54470000 -0.10420000
vn 0.84610000 0.52690000 -0.08100000
vn 0.83940000 0.53530000 -0.09380000
vn 0.83300000 0.54320000 -0.10570000
vn -0.00000000 -0.00000000 -1.00000000
vn 0.83300000 0.54310000 -0.10600000
vn 0.83640000 0.53760000 -0.10710000
vn 0.83640000 0.53770000 -0.10650000
vn 0.85240000 0.51850000 -0.06790000
vn 0.85800000 0.50900000 -0.06960000
vn 0.85190000 0.51720000 -0.08260000
vn 0.86340000 0.49950000 -0.07130000
vn 0.85750000 0.50750000 -0.08430000
vn 0.86870000 0.49000000 -0.07300000
vn 0.86310000 0.49770000 -0.08600000
vn 0.84550000 0.52540000 -0.09550000
vn 0.85140000 0.51540000 -0.09710000
vn 0.89830000 0.42810000 -0.09860000
vn 0.89410000 0.43370000 -0.11150000
vn 0.90240000 0.42240000 -0.08570000
vn 0.90620000 0.41650000 -0.07260000
vn 0.90990000 0.41050000 -0.05930000
vn 0.91350000 0.40420000 -0.04600000
vn 0.94420000 0.30500000 -0.12430000
vn 0.93560000 0.32720000 -0.13270000
vn 0.95670000 0.26460000 -0.12090000
vn 0.96670000 0.22730000 -0.11780000
vn 0.96270000 0.21970000 -0.15760000
vn 0.98140000 0.07890000 -0.17490000
vn 0.98320000 0.07890000 -0.16450000
vn 0.98490000 0.07930000 -0.15400000
vn 0.98640000 0.07960000 -0.14360000
vn 0.98800000 0.07290000 -0.13650000
vn 0.97840000 0.01920000 -0.20590000
vn 0.97670000 0.02610000 -0.21290000
vn 0.97990000 0.01330000 -0.19900000
vn 0.98130000 0.00850000 -0.19230000
vn 0.98260000 0.00480000 -0.18570000
vn 0.98380000 0.00180000 -0.17930000
vn 0.95890000 -0.11280000 -0.26050000
vn 0.96480000 -0.09380000 -0.24580000
vn 0.96990000 -0.07560000 -0.23140000
vn 0.97440000 -0.05860000 -0.21730000
vn 0.97820000 -0.04290000 -0.20310000
vn 0.90170000 -0.25950000 -0.34570000
vn 0.88470000 -0.28750000 -0.36690000
vn 0.89890000 -0.26090000 -0.35200000
vn 0.91430000 -0.23360000 -0.33080000
vn 0.91130000 -0.23650000 -0.33710000
vn 0.86630000 -0.31360000 -0.38890000
vn 0.88190000 -0.28720000 -0.37390000
vn 0.89580000 -0.26200000 -0.35900000
vn 0.90800000 -0.23880000 -0.34430000
vn 0.84630000 -0.33820000 -0.41160000
vn 0.86350000 -0.31140000 -0.39670000
vn 0.87880000 -0.28640000 -0.38180000
vn 0.89210000 -0.26330000 -0.36710000
vn 0.90410000 -0.24120000 -0.35270000
vn 0.77750000 -0.40220000 -0.48340000
vn 0.79880000 -0.37670000 -0.46900000
vn 0.81770000 -0.35310000 -0.45460000
vn 0.83450000 -0.33100000 -0.44040000
vn 0.84960000 -0.31060000 -0.42640000
vn 0.62130000 -0.47910000 -0.62000000
vn 0.47410000 -0.52750000 -0.70500000
vn 0.50100000 -0.51610000 -0.69470000
vn 0.40680000 -0.53450000 -0.74080000
vn 0.35500000 -0.54050000 -0.76280000
vn 0.18450000 -0.55350000 -0.81210000
vn 0.12380000 -0.55610000 -0.82180000
vn 0.97440000 0.02310000 -0.22350000
vn 0.97780000 0.00760000 -0.20940000
vn -0.00000000 -0.00000000 -1.00000000
vn 0.92610000 0.35040000 -0.13980000
vn 0.92620000 0.35010000 -0.13990000
vn 0.91310000 0.38380000 -0.13750000
vn -0.00000000 -0.00000000 -1.00000000
vn 0.72010000 0.68840000 -0.08690000
vn 0.60450000 0.79330000 -0.07230000
vn 0.53020000 0.84530000 -0.06640000
vn 0.52980000 0.84550000 -0.06670000
vn 0.38600000 0.92030000 -0.06370000
vn 0.31210000 0.94810000 -0.06120000
vn 0.31210000 0.94810000 -0.06130000
vn 0.31360000 0.94790000 -0.05650000
vn 0.11160000 0.99220000 -0.05500000
vn 0.96200000 -0.07250000 -0.26310000
vn 0.96150000 -0.06750000 -0.26640000
vn 0.71030000 0.69560000 -0.10740000
vn 0.60400000 0.79350000 -0.07480000
vn 0.54950000 0.83170000 -0.07900000
vn 0.38060000 0.92250000 -0.06420000
vn 0.32220000 0.94430000 -0.06730000
vn 0.96840000 0.17020000 -0.18220000
vn -0.00560000 0.98770000 0.15610000
vn 0.85720000 0.50270000 -0.11180000
vn -0.02280000 0.99030000 0.13700000
vn -0.00000000 -0.00000000 -1.00000000
vn 0.12100000 0.99250000 0.01430000
vn 0.12300000 0.99190000 0.03220000
vn 0.12500000 0.99090000 0.05040000
vn 0.12680000 0.98960000 0.06800000
vn 0.26050000 0.96540000 0.01030000
vn 0.28710000 0.95780000 0.00930000
vn 0.64110000 0.76730000 -0.01540000
vn 0.65010000 0.75970000 -0.01640000
vn 0.65910000 0.75190000 -0.01740000
vn 0.76370000 0.64470000 -0.03260000
vn 0.77960000 0.62590000 -0.02000000
vn 0.79450000 0.60730000 -0.00730000
vn 0.80230000 0.59690000 0.00700000
vn 0.86370000 0.50080000 -0.05640000
vn 0.86900000 0.49150000 -0.05810000
vn 0.87400000 0.48230000 -0.05980000
vn 0.98300000 0.08780000 -0.16130000
vn 0.49520000 -0.51480000 -0.69980000
vn 0.50870000 -0.50680000 -0.69590000
vn 0.47810000 -0.51250000 -0.71330000
vn 0.37880000 -0.53540000 -0.75490000
vn 0.32160000 -0.54320000 -0.77550000
vn 0.13330000 -0.55950000 -0.81800000
vn 0.18170000 0.98290000 0.03080000
vn 0.21470000 0.97550000 0.04800000
vn 0.29360000 0.95560000 0.02670000
vn 0.32030000 0.94700000 0.02540000
vn 0.66120000 0.75020000 -0.00150000
vn 0.67000000 0.74240000 -0.00260000
vn 0.77270000 0.63450000 -0.01860000
vn 0.87420000 0.48340000 -0.04470000
vn 0.87910000 0.47450000 -0.04640000
vn 0.98470000 0.08760000 -0.15080000
vn 0.98620000 0.08770000 -0.14030000
vn 0.94610000 -0.16080000 -0.28090000
vn 0.95350000 -0.14080000 -0.26640000
vn 0.52070000 -0.50390000 -0.68920000
vn 0.34080000 -0.54110000 -0.76880000
vn 0.27740000 -0.55030000 -0.78760000
vn 0.18510000 0.98150000 0.04880000
vn 0.18820000 0.97990000 0.06590000
vn 0.32730000 0.94400000 0.04270000
vn 0.35370000 0.93440000 0.04140000
vn 0.68050000 0.73270000 0.01240000
vn 0.76670000 0.64200000 -0.00140000
vn 0.76860000 0.63960000 0.01440000
vn 0.78790000 0.61580000 -0.00590000
vn 0.88390000 0.46650000 -0.03290000
vn 0.93440000 0.35140000 -0.05820000
vn 0.94340000 -0.16680000 -0.28670000
vn 0.78940000 -0.36570000 -0.49310000
vn 0.80480000 -0.34880000 -0.48020000
vn 0.53150000 -0.49750000 -0.68560000
vn 0.29230000 -0.55050000 -0.78200000
vn 0.22280000 -0.55950000 -0.79830000
vn 0.21830000 0.97370000 0.06460000
vn 0.36010000 0.93120000 0.05680000
vn 0.57370000 -0.48230000 -0.66210000
vn 0.79720000 -0.35560000 -0.48780000
vn 0.98660000 0.11010000 -0.12020000
vn 0.77540000 0.63130000 0.01300000
vn -0.00000000 0.70710000 -0.70710000
vn -0.00000000 0.70710000 -0.70710000
vn -0.00000000 0.70710000 -0.70710000
vn -0.00000000 0.70710000 -0.70710000
vn 0.00010000 0.70710000 -0.70710000
vn 0.00030000 0.70720000 -0.70700000
vn -0.00000000 0.70710000 -0.70710000
vn -0.00000000 0.70710000 -0.70710000
vn 0.00020000 0.70720000 -0.70700000
vn -0.00000000 0.70710000 -0.70710000
vn -0.00000000 0.70710000 -0.70710000
vn -0.00000000 0.70710000 -0.70710000
vn -0.00000000 0.70710000 -0.70710000
vn -0.00000000 0.70710000 -0.70710000
vn -0.00000000 0.70710000 -0.70710000
vn -0.00000000 0.70710000 -0.70710000
vn -0.00000000 0.70710000 -0.70710000
vn -0.00000000 0.70710000 -0.70710000
vn -0.00000000 0.70710000 -0.70710000
vn -0.00000000 0.70710000 -0.70710000
vn -0.00000000 0.70710000 -0.70710000
vn -0.00000000 0.70710000 -0.70710000
vn -0.00000000 0.70710000 -0.70710000
vn -0.00000000 0.70710000 -0.70710000
vn -0.00000000 0.70710000 -0.70710000
vn -0.00000000 0.70710000 -0.70710000
vn -0.00000000 0.70710000 -0.70710000
vn -0.00000000 0.70710000 -0.70710000
vn -0.00000000 0.70710000 -0.70710000
vn -0.00000000 0.70710000 -0.70710000
vn -0.00000000 0.70710000 -0.70710000
vn -0.00000000 0.70710000 -0.70710000
vn 0.00010000 0.70720000 -0.70710000
vn -0.00000000 0.70710000 -0.70710000
vn -0.00000000 0.70710000 -0.70710000
vn 0.25500000 0.89430000 -0.36760000
vn 0.28810000 0.88160000 -0.37380000
vn 0.25570000 0.89410000 -0.36780000
vn 0.28380000 0.88330000 -0.37310000
vn 0.31160000 0.87150000 -0.37860000
vn 0.31520000 0.87020000 -0.37870000
vn 0.33910000 0.85930000 -0.38290000
vn 0.36470000 0.84680000 -0.38720000
vn 0.36620000 0.84600000 -0.38740000
vn -0.00000000 0.70710000 -0.70710000
vn -0.00000000 0.70710000 -0.70710000
vn -0.00000000 0.70710000 -0.70710000
vn -0.00000000 0.70710000 -0.70710000
vn -0.00000000 0.70710000 -0.70710000
vn -0.00000000 0.70710000 -0.70710000
vn -0.00000000 0.70710000 -0.70710000
vn -0.00000000 0.70710000 -0.70710000
vn -0.00000000 0.70710000 -0.70710000
vn -0.00000000 0.70710000 -0.70710000
vn -0.00000000 0.70710000 -0.70710000
vn -0.00000000 0.70710000 -0.70710000
vn -0.00000000 0.70710000 -0.70710000
vn -0.00000000 0.70710000 -0.70710000
vn -0.00000000 0.70710000 -0.70710000
vn -0.00000000 0.70710000 -0.70710000
vn -0.00010000 0.70710000 -0.70710000
vn -0.00010000 0.70710000 -0.70710000
vn -0.00000000 0.70710000 -0.70710000
vn -0.00010000 0.70710000 -0.70710000
vn -0.00000000 0.70710000 -0.70710000
vn -0.00000000 0.70710000 -0.70710000
vn -0.00000000 0.70710000 -0.70710000
vn -0.00000000 0.70710000 -0.70710000
vn -0.00000000 0.70710000 -0.70710000
vn -0.00000000 0.70710000 -0.70710000
vn -0.00000000 0.70710000 -0.70710000
vn -0.00000000 0.70710000 -0.70710000
vn -0.00000000 0.70710000 -0.70710000
vn -0.00000000 0.70710000 -0.70710000
vn -0.00000000 0.70710000 -0.70710000
vn -0.00000000 0.70710000 -0.70710000
vn -0.00000000 0.70710000 -0.70710000
vn -0.36590000 0.84630000 -0.38710000
vn -0.36430000 0.84710000 -0.38690000
vn -0.33890000 0.85950000 -0.38270000
vn -0.34750000 0.85540000 -0.38410000
vn -0.32820000 0.86440000 -0.38100000
vn -0.31160000 0.87170000 -0.37810000
vn -0.31510000 0.87030000 -0.37860000
vn -0.30180000 0.87590000 -0.37640000
vn -0.28400000 0.88320000 -0.37320000
vn -0.25540000 0.89410000 -0.36790000
vn -0.25620000 0.89380000 -0.36800000
vn -0.00000000 0.70710000 -0.70710000
vn -0.00000000 0.70710000 -0.70710000
vn -0.00000000 0.70710000 -0.70710000
vn -0.00000000 0.70710000 -0.70710000
vn -0.00000000 0.70710000 -0.70710000
vn -0.00000000 0.70710000 -0.70710000
vn -0.00000000 0.70710000 -0.70710000
vn -0.00000000 0.70710000 -0.70710000
vn -0.00000000 0.70710000 -0.70710000
vn -0.00000000 0.70710000 -0.70710000
vn -0.00000000 0.70710000 -0.70710000
vn -0.00000000 0.70710000 -0.70710000
vn -0.00000000 0.70710000 -0.70710000
vn -0.00000000 0.70710000 -0.70710000
vn -0.00000000 0.70710000 -0.70710000
vn -0.00000000 0.70710000 -0.70710000
vn -0.00000000 0.70710000 -0.70710000
vn -0.00000000 0.70710000 -0.70710000
vn -0.00000000 0.70710000 -0.70710000
vn -0.00000000 0.70710000 -0.70710000
vn -0.00000000 0.70710000 -0.70710000
vn -0.00000000 0.70710000 -0.70710000
vn -0.00000000 0.70710000 -0.70710000
vn -0.00000000 0.70710000 -0.70710000
vn -0.00000000 0.70710000 -0.70710000
vn -0.00010000 0.70710000 -0.70710000
vn -0.00000000 0.70710000 -0.70710000
vn -0.00010000 0.70710000 -0.70710000
vn -0.00000000 0.70710000 -0.70710000
vn -0.00010000 0.70710000 -0.70710000
vn -0.00000000 0.70710000 -0.70710000
vn -0.00000000 0.70710000 -0.70710000
vn -0.00000000 0.70710000 -0.70710000
vn 0.50670000 -0.29440000 -0.81030000
vn 0.51030000 -0.27980000 -0.81320000
vn 0.53700000 -0.27740000 -0.79660000
vn 0.51550000 -0.26450000 -0.81500000
vn 0.55090000 -0.25410000 -0.79490000
vn 0.55170000 -0.23970000 -0.79880000
vn 0.59270000 -0.22040000 -0.77470000
vn 0.59420000 -0.20530000 -0.77770000
vn 0.62990000 -0.18010000 -0.75550000
vn 0.63150000 -0.16420000 -0.75780000
vn 0.66270000 -0.13320000 -0.73690000
vn 0.66350000 -0.11680000 -0.73900000
vn 0.69140000 -0.07810000 -0.71820000
vn 0.69090000 -0.06130000 -0.72030000
vn 0.71410000 -0.01680000 -0.69990000
vn 0.71170000 -0.00020000 -0.70250000
vn 0.72250000 0.04880000 -0.68970000
vn 0.71550000 0.09230000 -0.69250000
vn 0.72840000 0.09940000 -0.67790000
vn 0.71820000 0.14240000 -0.68110000
vn 0.72920000 0.15150000 -0.66730000
vn 0.70860000 0.24790000 -0.66070000
vn 0.72460000 0.20450000 -0.65820000
vn 0.71430000 0.25580000 -0.65140000
vn 0.73140000 0.18820000 -0.65550000
vn 0.72240000 0.24020000 -0.64840000
vn 0.73350000 0.20370000 -0.64850000
vn 0.72290000 0.25410000 -0.64250000
vn 0.70810000 0.29120000 -0.64330000
vn 0.70890000 0.30070000 -0.63800000
vn 0.68970000 0.34030000 -0.63910000
vn 0.68570000 0.35780000 -0.63380000
vn 0.66680000 0.38800000 -0.63620000
vn 0.66240000 0.40350000 -0.63120000
vn 0.63030000 0.44840000 -0.63380000
vn 0.63210000 0.45190000 -0.62950000
vn 0.60340000 0.48990000 -0.62920000
vn 0.58770000 0.50310000 -0.63360000
vn 0.56620000 0.53130000 -0.63010000
vn 0.53970000 0.55210000 -0.63550000
vn 0.53910000 0.55740000 -0.63140000
vn 0.51660000 0.57660000 -0.63300000
vn 0.50100000 0.58450000 -0.63820000
vn 0.50030000 0.58960000 -0.63410000
vn 0.48070000 0.59960000 -0.63980000
vn 0.48830000 0.59850000 -0.63510000
vn 0.46020000 0.61320000 -0.64200000
vn 0.44440000 0.62640000 -0.64040000
vn 0.41870000 0.63700000 -0.64730000
vn 0.40190000 0.64840000 -0.64650000
vn 0.37640000 0.65670000 -0.65350000
vn 0.34910000 0.67000000 -0.65520000
vn 0.33380000 0.67260000 -0.66040000
vn 0.30210000 0.68430000 -0.66370000
vn 0.29150000 0.68490000 -0.66780000
vn 0.26110000 0.69370000 -0.67130000
vn 0.24980000 0.69370000 -0.67550000
vn 0.22600000 0.69940000 -0.67800000
vn 0.20880000 0.69980000 -0.68320000
vn 0.18550000 0.70360000 -0.68590000
vn 0.20010000 0.69500000 -0.69060000
vn 0.12730000 0.69880000 -0.70390000
vn 0.11410000 0.68500000 -0.71950000
vn 0.09080000 0.69900000 -0.70930000
vn 0.05090000 0.68330000 -0.72830000
vn 0.05340000 0.69120000 -0.72070000
vn 0.52150000 -0.24410000 -0.81760000
vn 0.59170000 -0.17750000 -0.78630000
vn 0.64670000 -0.11430000 -0.75410000
vn 0.52190000 -0.22570000 -0.82260000
vn 0.68590000 -0.03920000 -0.72670000
vn 0.70940000 0.04480000 -0.70340000
vn 0.67630000 0.34520000 -0.65070000
vn 0.69910000 0.30570000 -0.64640000
vn 0.67930000 0.35380000 -0.64290000
vn 0.62670000 0.43220000 -0.64840000
vn 0.65540000 0.39990000 -0.64070000
vn 0.61790000 0.45800000 -0.63920000
vn 0.56420000 0.50800000 -0.65080000
vn 0.57460000 0.51020000 -0.64000000
vn 0.49220000 0.56970000 -0.65820000
vn 0.52640000 0.55660000 -0.64280000
vn 0.48790000 0.58690000 -0.64610000
vn 0.41430000 0.61710000 -0.66900000
vn 0.46770000 0.60110000 -0.64800000
vn 0.44720000 0.61410000 -0.65030000
vn 0.40590000 0.63680000 -0.65560000
vn 0.37380000 0.63670000 -0.67450000
vn 0.36410000 0.65540000 -0.66170000
vn 0.33350000 0.65240000 -0.68060000
vn 0.29340000 0.66460000 -0.68710000
vn 0.32220000 0.67030000 -0.66850000
vn 0.25430000 0.67360000 -0.69390000
vn 0.28080000 0.68150000 -0.67580000
vn 0.21610000 0.67980000 -0.70090000
vn 0.24000000 0.68970000 -0.68320000
vn 0.17890000 0.68350000 -0.70770000
vn 0.05570000 0.69900000 -0.71300000
vn 0.05810000 0.70680000 -0.70500000
vn 0.09570000 0.70520000 -0.70260000
vn 0.10520000 0.70670000 -0.69960000
vn 0.13370000 0.70460000 -0.69690000
vn 0.14430000 0.70590000 -0.69350000
vn 0.73890000 0.15470000 -0.65580000
vn 0.73490000 0.13500000 -0.66460000
vn 0.73990000 0.11060000 -0.66350000
vn 0.73320000 0.08320000 -0.67490000
vn 0.72630000 0.03270000 -0.68650000
vn 0.73720000 0.06500000 -0.67260000
vn 0.72880000 0.01280000 -0.68460000
vn 0.71280000 -0.04300000 -0.70010000
vn 0.69650000 -0.08450000 -0.71260000
vn 0.67070000 -0.13510000 -0.72930000
vn 0.64960000 -0.16810000 -0.74150000
vn 0.61750000 -0.20870000 -0.75840000
vn 0.59620000 -0.23090000 -0.76890000
vn 0.56350000 -0.25910000 -0.78450000
vn -0.99700000 0.05700000 -0.05160000
vn -0.99710000 0.05590000 -0.05220000
vn -0.99610000 0.04660000 -0.07500000
vn -0.99720000 0.04660000 -0.05840000
vn -0.99710000 0.04360000 -0.06200000
vn -0.99750000 0.04370000 -0.05560000
vn -0.99730000 0.03350000 -0.06510000
vn -0.99710000 0.05490000 -0.05250000
vn -0.99720000 0.05380000 -0.05270000
vn -0.99720000 0.05280000 -0.05280000
vn -0.99760000 0.04930000 -0.04930000
vn -0.99650000 0.02900000 -0.07890000
vn -0.99340000 0.01820000 -0.11360000
vn 0.99670000 0.06110000 -0.05290000
vn 0.99520000 0.04310000 -0.08740000
vn 0.99680000 0.05930000 -0.05360000
vn 0.99700000 0.04510000 -0.06220000
vn 0.99690000 0.05770000 -0.05400000
vn 0.99700000 0.05590000 -0.05430000
vn 0.99700000 0.05440000 -0.05440000
vn 0.99760000 0.04930000 -0.04940000
vn 0.99750000 0.04160000 -0.05770000
vn 0.99690000 0.04170000 -0.06620000
vn 0.99710000 0.02860000 -0.07010000
vn 0.99440000 0.01730000 -0.10470000
vn 0.99580000 0.02260000 -0.08830000
vn 0.99360000 0.02690000 -0.11010000
vn 0.99190000 0.01460000 -0.12590000
vn 0.99100000 0.00850000 -0.13350000
vn -0.50980000 -0.27930000 -0.81370000
vn -0.57310000 -0.22960000 -0.78670000
vn -0.51480000 -0.26370000 -0.81580000
vn -0.57380000 -0.22210000 -0.78830000
vn -0.57510000 -0.21280000 -0.78990000
vn -0.63210000 -0.16180000 -0.75780000
vn -0.63380000 -0.15180000 -0.75850000
vn -0.65690000 -0.12610000 -0.74340000
vn -0.65800000 -0.11600000 -0.74400000
vn -0.67810000 -0.08710000 -0.72980000
vn -0.67920000 -0.07670000 -0.72990000
vn -0.69590000 -0.04520000 -0.71670000
vn -0.69650000 -0.03460000 -0.71670000
vn -0.71020000 -0.00030000 -0.70400000
vn -0.70970000 0.01010000 -0.70440000
vn -0.72080000 0.04830000 -0.69140000
vn -0.71950000 0.05860000 -0.69200000
vn -0.72680000 0.09880000 -0.67970000
vn -0.72470000 0.10920000 -0.68030000
vn -0.72770000 0.15070000 -0.66910000
vn -0.72470000 0.16070000 -0.67010000
vn -0.72320000 0.20350000 -0.65990000
vn -0.71960000 0.21340000 -0.66080000
vn -0.71320000 0.25510000 -0.65290000
vn -0.70880000 0.26470000 -0.65390000
vn -0.69800000 0.30460000 -0.64800000
vn -0.69290000 0.31400000 -0.64900000
vn -0.67850000 0.35280000 -0.64430000
vn -0.67260000 0.36130000 -0.64580000
vn -0.65490000 0.39850000 -0.64210000
vn -0.64820000 0.40620000 -0.64410000
vn -0.61770000 0.45650000 -0.64030000
vn -0.61030000 0.46280000 -0.64300000
vn -0.57480000 0.50880000 -0.64090000
vn -0.56690000 0.51350000 -0.64410000
vn -0.52700000 0.55520000 -0.64340000
vn -0.51890000 0.55840000 -0.64730000
vn -0.48880000 0.58570000 -0.64660000
vn -0.48080000 0.58750000 -0.65090000
vn -0.46850000 0.60000000 -0.64840000
vn -0.46070000 0.60140000 -0.65280000
vn -0.44830000 0.61310000 -0.65050000
vn -0.44040000 0.61390000 -0.65510000
vn -0.40710000 0.63590000 -0.65560000
vn -0.39960000 0.63600000 -0.66020000
vn -0.36600000 0.65450000 -0.66160000
vn -0.35830000 0.65410000 -0.66620000
vn -0.32390000 0.66970000 -0.66830000
vn -0.31700000 0.66850000 -0.67280000
vn -0.28250000 0.68110000 -0.67550000
vn -0.27610000 0.67930000 -0.67990000
vn -0.24180000 0.68930000 -0.68290000
vn -0.23610000 0.68720000 -0.68710000
vn -0.20210000 0.69490000 -0.69010000
vn -0.19680000 0.69210000 -0.69440000
vn -0.12960000 0.69890000 -0.70340000
vn -0.12560000 0.69540000 -0.70750000
vn -0.09320000 0.69910000 -0.70890000
vn -0.09050000 0.69530000 -0.71300000
vn -0.05820000 0.69890000 -0.71280000
vn -0.05580000 0.69110000 -0.72060000
vn -0.50790000 -0.28690000 -0.81220000
vn -0.57230000 -0.24420000 -0.78290000
vn -0.57260000 -0.23680000 -0.78490000
vn -0.63040000 -0.17740000 -0.75570000
vn -0.63120000 -0.16960000 -0.75690000
vn -0.65560000 -0.14190000 -0.74160000
vn -0.65620000 -0.13410000 -0.74260000
vn -0.67760000 -0.10320000 -0.72810000
vn -0.67750000 -0.09540000 -0.72930000
vn -0.69640000 -0.06130000 -0.71510000
vn -0.69610000 -0.05330000 -0.71600000
vn -0.71170000 -0.01640000 -0.70230000
vn -0.71080000 -0.00850000 -0.70340000
vn -0.72390000 0.03270000 -0.68910000
vn -0.72240000 0.04050000 -0.69030000
vn -0.73080000 0.08320000 -0.67750000
vn -0.72890000 0.09100000 -0.67850000
vn -0.73250000 0.13450000 -0.66740000
vn -0.73020000 0.14270000 -0.66820000
vn -0.72920000 0.18730000 -0.65810000
vn -0.72620000 0.19520000 -0.65920000
vn -0.72020000 0.23910000 -0.65130000
vn -0.71680000 0.24700000 -0.65210000
vn -0.70670000 0.29010000 -0.64530000
vn -0.70240000 0.29730000 -0.64670000
vn -0.68830000 0.33940000 -0.64120000
vn -0.68340000 0.34600000 -0.64280000
vn -0.66560000 0.38660000 -0.63840000
vn -0.66030000 0.39240000 -0.64040000
vn -0.62960000 0.44720000 -0.63540000
vn -0.62370000 0.45190000 -0.63780000
vn -0.58730000 0.50150000 -0.63530000
vn -0.58110000 0.50510000 -0.63810000
vn -0.53980000 0.55060000 -0.63680000
vn -0.53350000 0.55270000 -0.64020000
vn -0.50150000 0.58290000 -0.63930000
vn -0.49520000 0.58430000 -0.64300000
vn -0.48140000 0.59780000 -0.64100000
vn -0.47510000 0.59900000 -0.64460000
vn -0.46090000 0.61180000 -0.64290000
vn -0.45460000 0.61240000 -0.64670000
vn -0.41970000 0.63560000 -0.64800000
vn -0.41360000 0.63580000 -0.65170000
vn -0.37770000 0.65560000 -0.65390000
vn -0.37180000 0.65510000 -0.65770000
vn -0.33540000 0.67160000 -0.66060000
vn -0.32980000 0.67070000 -0.66440000
vn -0.29330000 0.68400000 -0.66790000
vn -0.28800000 0.68260000 -0.67170000
vn -0.25170000 0.69310000 -0.67550000
vn -0.24680000 0.69130000 -0.67910000
vn -0.21070000 0.69930000 -0.68300000
vn -0.20640000 0.69710000 -0.68660000
vn -0.13590000 0.70440000 -0.69670000
vn -0.13270000 0.70170000 -0.70000000
vn -0.09810000 0.70510000 -0.70230000
vn -0.09600000 0.70220000 -0.70540000
vn -0.06060000 0.70670000 -0.70490000
vn -0.50640000 -0.29430000 -0.81050000
vn -0.52250000 -0.28570000 -0.80330000
vn -0.53630000 -0.27740000 -0.79710000
vn -0.56800000 -0.25460000 -0.78270000
vn -0.58400000 -0.24080000 -0.77520000
vn -0.59720000 -0.22830000 -0.76890000
vn -0.62980000 -0.18500000 -0.75440000
vn -0.62450000 -0.19810000 -0.75550000
vn -0.64960000 -0.16430000 -0.74230000
vn -0.65490000 -0.14990000 -0.74070000
vn -0.67120000 -0.12900000 -0.73000000
vn -0.67720000 -0.11130000 -0.72740000
vn -0.68910000 -0.09350000 -0.71860000
vn -0.69650000 -0.06920000 -0.71420000
vn -0.70960000 -0.04220000 -0.70330000
vn -0.71270000 -0.02400000 -0.70110000
vn -0.71860000 -0.01350000 -0.69530000
vn -0.72540000 0.02510000 -0.68790000
vn -0.72530000 0.01270000 -0.68830000
vn -0.73010000 0.03710000 -0.68240000
vn -0.73240000 0.05270000 -0.67880000
vn -0.73270000 0.07530000 -0.67640000
vn -0.73650000 0.10460000 -0.66830000
vn -0.73500000 0.12680000 -0.66610000
vn -0.73590000 0.15410000 -0.65940000
vn -0.73220000 0.17970000 -0.65700000
vn -0.72990000 0.20720000 -0.65140000
vn -0.72390000 0.23180000 -0.64970000
vn -0.72130000 0.24910000 -0.64630000
vn -0.71070000 0.28290000 -0.64410000
vn -0.70790000 0.29540000 -0.64160000
vn -0.69290000 0.33270000 -0.63970000
vn -0.68380000 0.35640000 -0.63670000
vn -0.67090000 0.38090000 -0.63630000
vn -0.66110000 0.40130000 -0.63400000
vn -0.63530000 0.44220000 -0.63320000
vn -0.63370000 0.44620000 -0.63200000
vn -0.59790000 0.49410000 -0.63120000
vn -0.59350000 0.49810000 -0.63220000
vn -0.56580000 0.52960000 -0.63200000
vn -0.54610000 0.54830000 -0.63330000
vn -0.52180000 0.57060000 -0.63410000
vn -0.50770000 0.58180000 -0.63540000
vn -0.48890000 0.59630000 -0.63670000
vn -0.48740000 0.59720000 -0.63700000
vn -0.48310000 0.60060000 -0.63710000
vn -0.47600000 0.60560000 -0.63770000
vn -0.46130000 0.61450000 -0.64000000
vn -0.46720000 0.61120000 -0.63890000
vn -0.44620000 0.62410000 -0.64140000
vn -0.42170000 0.63760000 -0.64460000
vn -0.40290000 0.64700000 -0.64740000
vn -0.35050000 0.66870000 -0.65570000
vn -0.30370000 0.68340000 -0.66390000
vn -0.26040000 0.69330000 -0.67200000
vn -0.22790000 0.69870000 -0.67810000
vn -0.18750000 0.70310000 -0.68590000
vn -0.14650000 0.70550000 -0.69340000
vn -0.10490000 0.70660000 -0.69980000
vn -0.08710000 0.69170000 -0.71690000
vn -0.05310000 0.68340000 -0.72810000
vn -0.11610000 0.68520000 -0.71910000
vn -0.18070000 0.68360000 -0.70710000
vn -0.19150000 0.68930000 -0.69870000
vn -0.12160000 0.69200000 -0.71160000
vn -0.21800000 0.67980000 -0.70020000
vn -0.23000000 0.68460000 -0.69170000
vn -0.26950000 0.67740000 -0.68450000
vn -0.25620000 0.67360000 -0.69330000
vn -0.30980000 0.66710000 -0.67750000
vn -0.29530000 0.66450000 -0.68640000
vn -0.35070000 0.65340000 -0.67090000
vn -0.33530000 0.65210000 -0.67990000
vn -0.37560000 0.63620000 -0.67390000
vn -0.39160000 0.63600000 -0.66490000
vn -0.41590000 0.61650000 -0.66850000
vn -0.43240000 0.61480000 -0.65960000
vn -0.45260000 0.60260000 -0.65730000
vn -0.49330000 0.56880000 -0.65810000
vn -0.47250000 0.58950000 -0.65510000
vn -0.56500000 0.50700000 -0.65100000
vn -0.55880000 0.51850000 -0.64730000
vn -0.51060000 0.56160000 -0.65100000
vn -0.60270000 0.46930000 -0.64540000
vn -0.62720000 0.43120000 -0.64860000
vn -0.64140000 0.41410000 -0.64590000
vn -0.66630000 0.37010000 -0.64740000
vn -0.67670000 0.34430000 -0.65080000
vn -0.68740000 0.32360000 -0.65020000
vn -0.70410000 0.27490000 -0.65470000
vn -0.70890000 0.24680000 -0.66080000
vn -0.71590000 0.22430000 -0.66120000
vn -0.72190000 0.17150000 -0.67040000
vn -0.71850000 0.14140000 -0.68100000
vn -0.72230000 0.11940000 -0.68120000
vn -0.71780000 0.06880000 -0.69290000
vn -0.70970000 0.04410000 -0.70320000
vn -0.70920000 0.02090000 -0.70470000
vn -0.69670000 -0.02390000 -0.71700000
vn -0.68570000 -0.03970000 -0.72680000
vn -0.68020000 -0.06610000 -0.73000000
vn -0.64580000 -0.11430000 -0.75490000
vn -0.65990000 -0.10550000 -0.74390000
vn -0.63580000 -0.14170000 -0.75870000
vn -0.59030000 -0.17670000 -0.78760000
vn -0.57680000 -0.20340000 -0.79120000
vn -0.52050000 -0.22430000 -0.82390000
vn -0.52050000 -0.24290000 -0.81860000
vn -0.00000000 0.70710000 -0.70710000
vn -0.00000000 0.70710000 -0.70710000
vn -0.00000000 0.70710000 -0.70710000
vn -0.00000000 0.70710000 -0.70710000
vn -0.00000000 0.70710000 -0.70710000
vn -0.00000000 0.70710000 -0.70710000
vn 0.00010000 0.70710000 -0.70710000
vn -0.00000000 0.70710000 -0.70710000
vn 0.00010000 0.70710000 -0.70710000
vn -0.00010000 0.70710000 -0.70710000
vn 0.00010000 0.70710000 -0.70710000
vn -0.00010000 0.70710000 -0.70710000
vn -0.00010000 0.70710000 -0.70710000
vn -0.00000000 0.70710000 -0.70710000
vn -0.00000000 0.70710000 -0.70710000
vn -0.00000000 0.70710000 -0.70710000
vn -0.00020000 0.70710000 -0.70710000
vn -0.00000000 0.70710000 -0.70710000
vn -0.00020000 0.70710000 -0.70710000
vn -0.00020000 0.70710000 -0.70710000
vn 0.43390000 0.63710000 0.63710000
vn -0.00000000 0.70710000 0.70710000
vn -0.00000000 0.70710000 0.70710000
vn -0.00000000 0.70710000 0.70710000
vn -0.00000000 0.70710000 0.70710000
vn -0.43390000 0.63710000 0.63710000
vn -0.43390000 0.63700000 0.63710000
vn -0.78180000 0.44080000 0.44090000
vn -0.78180000 0.44080000 0.44090000
vn -0.97490000 0.15730000 0.15740000
vn -0.97490000 0.15730000 0.15730000
vn -0.97490000 -0.15730000 -0.15740000
vn -0.97490000 -0.15730000 -0.15740000
vn -0.78180000 -0.44090000 -0.44090000
vn -0.78180000 -0.44090000 -0.44090000
vn -0.43390000 -0.63700000 -0.63710000
vn -0.43390000 -0.63700000 -0.63710000
vn -0.00000000 -0.70710000 -0.70710000
vn -0.00000000 -0.70710000 -0.70710000
vn 0.43390000 -0.63700000 -0.63710000
vn 0.43390000 -0.63700000 -0.63710000
vn 0.78180000 -0.44080000 -0.44090000
vn 0.78180000 -0.44080000 -0.44090000
vn 0.97490000 -0.15730000 -0.15740000
vn 0.97490000 -0.15730000 -0.15730000
vn 0.97490000 0.15730000 0.15730000
vn 0.97490000 0.15730000 0.15740000
vn 0.78180000 0.44080000 0.44090000
vn 0.78180000 0.44080000 0.44090000
vn 0.43390000 0.63700000 0.63710000
vn -0.00000000 0.70710000 -0.70710000
vn -0.00000000 0.70710000 -0.70710000
vn -0.00000000 0.70710000 -0.70710000
vn -0.00000000 0.70710000 -0.70710000
vn -0.00000000 0.70710000 -0.70710000
vn -0.00000000 0.70710000 -0.70710000
vn -0.00010000 0.70710000 -0.70710000
vn -0.00000000 0.70710000 -0.70710000
vn 0.00020000 0.70710000 -0.70710000
vn -0.00010000 0.70710000 -0.70710000
vn -0.00010000 0.70710000 -0.70710000
vn 0.00020000 0.70710000 -0.70710000
vn 0.00020000 0.70710000 -0.70710000
vn -0.00010000 0.70710000 -0.70710000
vn -0.00000000 0.70710000 -0.70710000
vn -0.00000000 0.70710000 -0.70710000
vn -0.00010000 0.70710000 -0.70710000
vn 0.00020000 0.70710000 -0.70710000
vn -0.00010000 0.70710000 -0.70710000
vn 0.00020000 0.70710000 -0.70710000
vn -0.00010000 0.70710000 -0.70710000
vn 0.00020000 0.70710000 -0.70710000
vn 0.43390000 0.63700000 0.63710000
vn -0.00000000 0.70710000 0.70710000
vn 0.00010000 0.70710000 0.70710000
vn -0.00010000 0.70710000 0.70710000
vn -0.00000000 0.70710000 0.70710000
vn -0.43390000 0.63700000 0.63710000
vn -0.43390000 0.63700000 0.63710000
vn -0.78180000 0.44090000 0.44090000
vn -0.78180000 0.44090000 0.44090000
vn -0.97490000 0.15730000 0.15740000
vn -0.97490000 0.15730000 0.15730000
vn -0.97490000 -0.15730000 -0.15740000
vn -0.97490000 -0.15730000 -0.15740000
vn -0.78180000 -0.44080000 -0.44090000
vn -0.78180000 -0.44090000 -0.44090000
vn -0.43390000 -0.63710000 -0.63710000
vn -0.43390000 -0.63710000 -0.63710000
vn -0.00000000 -0.70710000 -0.70710000
vn -0.00000000 -0.70710000 -0.70710000
vn 0.43390000 -0.63710000 -0.63710000
vn 0.43390000 -0.63710000 -0.63710000
vn 0.78180000 -0.44090000 -0.44090000
vn 0.78180000 -0.44080000 -0.44090000
vn 0.97490000 -0.15730000 -0.15740000
vn 0.97490000 -0.15730000 -0.15730000
vn 0.97490000 0.15730000 0.15730000
vn 0.97490000 0.15730000 0.15740000
vn 0.78180000 0.44090000 0.44090000
vn 0.78180000 0.44090000 0.44090000
vn 0.43390000 0.63700000 0.63710000
vn -0.98240000 -0.07320000 -0.17180000
vn -0.98240000 -0.07310000 -0.17180000
vn -0.98790000 0.14750000 0.04880000
vn -0.99220000 0.12270000 0.02410000
vn -0.95220000 0.25960000 0.16090000
vn -0.89660000 0.35850000 0.25990000
vn -0.87190000 0.39210000 0.29340000
vn -0.71760000 0.53930000 0.44070000
vn -0.75370000 0.51140000 0.41280000
vn -0.59230000 0.61690000 0.51830000
vn -0.46830000 0.67210000 0.57350000
vn -0.50360000 0.65820000 0.55960000
vn -0.34910000 0.71010000 0.61150000
vn -0.17330000 0.74400000 0.64530000
vn -0.17330000 0.74290000 0.64660000
vn -0.46830000 0.67210000 0.57350000
vn -0.71760000 0.53930000 0.44070000
vn -0.89660000 0.35850000 0.25990000
vn -0.98790000 0.14750000 0.04880000
vn -0.98240000 -0.07320000 -0.17180000
vn -0.98240000 -0.07320000 -0.17180000
vn -0.98240000 -0.07320000 -0.17180000
vn -0.98240000 -0.07320000 -0.17180000
vn -0.17320000 0.74400000 0.64540000
vn 0.04310000 0.75400000 0.65540000
vn -0.17320000 0.74400000 0.64530000
vn 0.13880000 0.74780000 0.64920000
vn 0.13880000 0.74780000 0.64920000
vn 0.43730000 0.68330000 0.58470000
vn 0.43730000 0.68330000 0.58470000
vn 0.69300000 0.55670000 0.45810000
vn 0.69290000 0.55680000 0.45810000
vn 0.80960000 0.46150000 0.36280000
vn 0.88080000 0.38050000 0.28180000
vn 0.89680000 0.35820000 0.25960000
vn 0.98240000 0.17190000 0.07320000
vn 0.23820000 0.73430000 0.63570000
vn 0.39260000 0.69780000 0.59910000
vn 0.57220000 0.62710000 0.52850000
vn 0.98250000 0.17060000 0.07440000
vn 0.98240000 0.17180000 0.07320000
vn 0.98240000 0.17200000 0.07320000
vn 0.98240000 0.17180000 0.07320000
vn 0.98240000 0.17200000 0.07320000
vn 0.98240000 0.17190000 0.07310000
vn 0.98240000 0.17180000 0.07320000
vn 0.98240000 0.17200000 0.07320000
vn 0.98240000 0.17190000 0.07310000
vn 0.98240000 0.17190000 0.07310000
vn 0.98240000 0.17180000 0.07320000
vn 0.98240000 0.17180000 0.07320000
vn -0.00000000 0.70710000 -0.70710000
vn -0.00000000 0.70710000 -0.70710000
vn -0.00000000 0.70710000 -0.70710000
vn -0.00000000 0.70710000 -0.70710000
vn -0.00000000 0.70710000 -0.70710000
vn -0.00000000 0.70710000 -0.70710000
vn -0.00000000 0.70710000 -0.70710000
vn -0.00000000 0.70710000 -0.70710000
vn -0.00000000 0.70710000 -0.70710000
vn -0.00000000 0.70710000 -0.70710000
vn -0.00000000 0.70710000 -0.70710000
vn -0.00000000 0.70710000 -0.70710000
vn -0.00000000 0.70710000 -0.70710000
vn -0.00000000 0.70710000 -0.70710000
vn 0.43390000 0.63710000 0.63710000
vn -0.00000000 0.70710000 0.70710000
vn 0.00010000 0.70710000 0.70710000
vn -0.00010000 0.70710000 0.70710000
vn -0.00010000 0.70710000 0.70710000
vn -0.43390000 0.63710000 0.63710000
vn -0.43390000 0.63710000 0.63710000
vn -0.78180000 0.44090000 0.44090000
vn -0.78180000 0.44090000 0.44090000
vn -0.97490000 0.15730000 0.15730000
vn -0.97490000 0.15730000 0.15730000
vn -0.97490000 -0.15730000 -0.15730000
vn -0.97490000 -0.15730000 -0.15730000
vn -0.78180000 -0.44090000 -0.44090000
vn -0.78180000 -0.44090000 -0.44090000
vn -0.43390000 -0.63710000 -0.63710000
vn -0.43390000 -0.63710000 -0.63710000
vn -0.00000000 -0.70710000 -0.70710000
vn -0.00000000 -0.70720000 -0.70700000
vn 0.43390000 -0.63710000 -0.63710000
vn 0.43390000 -0.63710000 -0.63710000
vn 0.78180000 -0.44090000 -0.44090000
vn 0.78180000 -0.44090000 -0.44090000
vn 0.97490000 -0.15730000 -0.15730000
vn 0.97490000 -0.15730000 -0.15730000
vn 0.97490000 0.15740000 0.15730000
vn 0.97490000 0.15730000 0.15730000
vn 0.78180000 0.44090000 0.44090000
vn 0.78180000 0.44090000 0.44090000
vn 0.43390000 0.63710000 0.63710000
vn -0.98240000 0.17180000 0.07320000
vn -0.93450000 0.29620000 0.19750000
vn -0.98240000 0.17180000 0.07320000
vn -0.88080000 0.38050000 0.28180000
vn -0.82220000 0.44880000 0.35010000
vn -0.69300000 0.55670000 0.45810000
vn -0.69300000 0.55670000 0.45810000
vn -0.43730000 0.68330000 0.58470000
vn -0.57220000 0.62710000 0.52850000
vn -0.39260000 0.69780000 0.59910000
vn -0.23950000 0.73410000 0.63540000
vn -0.13880000 0.74780000 0.64920000
vn -0.43730000 0.68330000 0.58470000
vn -0.13880000 0.74780000 0.64920000
vn 0.17320000 0.74330000 0.64610000
vn -0.04440000 0.75400000 0.65540000
vn 0.17320000 0.74400000 0.64530000
vn -0.98240000 0.17180000 0.07310000
vn -0.98240000 0.17190000 0.07320000
vn -0.98240000 0.17180000 0.07310000
vn -0.98240000 0.17180000 0.07320000
vn -0.98240000 0.17180000 0.07310000
vn -0.98240000 0.17190000 0.07320000
vn -0.98240000 0.17190000 0.07320000
vn -0.98240000 0.17180000 0.07320000
vn -0.98240000 0.17180000 0.07320000
vn -0.98240000 0.17170000 0.07310000
vn -0.98240000 0.17170000 0.07310000
vn -0.98240000 0.17180000 0.07320000
vn -0.98240000 0.17170000 0.07310000
vn 0.17330000 0.74400000 0.64530000
vn 0.17320000 0.74400000 0.64530000
vn 0.46830000 0.67220000 0.57340000
vn 0.32430000 0.71640000 0.61770000
vn 0.42740000 0.68670000 0.58810000
vn 0.60500000 0.61010000 0.51150000
vn 0.71760000 0.53930000 0.44070000
vn 0.46830000 0.67210000 0.57350000
vn 0.71760000 0.53930000 0.44070000
vn 0.89660000 0.35850000 0.25990000
vn 0.89660000 0.35860000 0.25990000
vn 0.98790000 0.14750000 0.04880000
vn 0.98790000 0.14750000 0.04880000
vn 0.98250000 -0.07440000 -0.17060000
vn 0.98240000 -0.07310000 -0.17180000
vn 0.99220000 0.12270000 0.02410000
vn 0.95220000 0.25960000 0.16100000
vn 0.87190000 0.39210000 0.29340000
vn 0.75370000 0.51140000 0.41280000
vn 0.98240000 -0.07320000 -0.17180000
vn 0.98240000 -0.07310000 -0.17180000
vn 0.98240000 -0.07320000 -0.17180000
vn 0.98240000 -0.07310000 -0.17180000
vn 0.98240000 -0.07320000 -0.17180000
vn 0.98240000 -0.07310000 -0.17180000
vn -0.83610000 -0.33540000 -0.43410000
vn -0.85430000 -0.31490000 -0.41360000
vn -0.80700000 -0.36530000 -0.46390000
vn -0.95720000 -0.14930000 -0.24800000
vn -0.94870000 -0.16870000 -0.26740000
vn -0.99760000 0.04930000 -0.04930000
vn -0.94870000 -0.16860000 -0.26730000
vn -0.99770000 0.04810000 -0.04810000
vn -0.99760000 0.04930000 -0.04940000
vn -0.80700000 -0.36530000 -0.46390000
vn -0.80700000 -0.36530000 -0.46390000
vn -0.58640000 -0.52130000 -0.62000000
vn -0.58640000 -0.52130000 -0.62000000
vn -0.30830000 -0.62150000 -0.72020000
vn -0.30820000 -0.62150000 -0.72020000
vn -0.00000000 -0.65610000 -0.75470000
vn -0.00000000 -0.65610000 -0.75470000
vn -0.58640000 -0.52130000 -0.62000000
vn -0.30830000 -0.62150000 -0.72020000
vn -0.24140000 -0.63510000 -0.73370000
vn -0.45630000 -0.57790000 -0.67660000
vn -0.64210000 -0.49050000 -0.58920000
vn -0.79690000 -0.37500000 -0.47360000
vn -0.81700000 -0.35550000 -0.45410000
vn 0.27450000 -0.62880000 -0.72750000
vn -0.00000000 -0.65610000 -0.75470000
vn 0.30820000 -0.62150000 -0.72020000
vn -0.00000000 -0.65730000 -0.75360000
vn 0.30830000 -0.62150000 -0.72020000
vn 0.30830000 -0.62150000 -0.72020000
vn 0.58640000 -0.52130000 -0.62000000
vn 0.58630000 -0.52130000 -0.62000000
vn 0.80700000 -0.36530000 -0.46390000
vn 0.80700000 -0.36530000 -0.46390000
vn 0.94870000 -0.16870000 -0.26730000
vn 0.94870000 -0.16860000 -0.26730000
vn 0.99760000 0.04930000 -0.04930000
vn 0.99760000 0.04930000 -0.04940000
vn 0.94870000 -0.16860000 -0.26730000
vn 0.98090000 -0.07910000 -0.17770000
vn 0.92750000 -0.21030000 -0.30900000
vn 0.80700000 -0.36530000 -0.46390000
vn 0.77440000 -0.39530000 -0.49400000
vn 0.58640000 -0.52130000 -0.62000000
vn 0.62880000 -0.49830000 -0.59700000
vn 0.45820000 -0.57730000 -0.67590000
vn 0.99760000 0.04930000 -0.04930000
vn 0.99760000 0.04930000 -0.04930000
vn 0.99760000 0.04930000 -0.04930000
vn 0.99760000 0.04940000 -0.04930000
vn 0.99760000 0.04930000 -0.04930000
vn 0.99760000 0.04930000 -0.04930000
vn 0.99760000 0.04940000 -0.04930000
vn 0.99760000 0.04930000 -0.04930000
vn 0.99760000 0.04940000 -0.04930000
vn 0.99760000 0.04930000 -0.04930000
vn 0.99760000 0.04930000 -0.04930000
vn 0.99760000 0.04930000 -0.04930000
vn 0.99760000 0.04930000 -0.04930000
vn 0.89620000 0.18650000 0.40260000
vn 0.94530000 0.01280000 0.32600000
vn 0.95590000 -0.13770000 0.25960000
vn 0.95860000 -0.14190000 0.24690000
vn 0.96720000 -0.13070000 0.21780000
vn 0.93540000 0.21070000 -0.28410000
vn 0.92250000 0.21090000 -0.32330000
vn 0.74690000 0.35770000 -0.56060000
vn 0.71990000 0.37000000 -0.58730000
vn 0.53280000 0.43590000 -0.72530000
vn 0.49790000 0.45670000 -0.73730000
vn 0.10150000 0.51800000 -0.84930000
vn 0.49530000 0.45750000 -0.73850000
vn 0.09500000 0.49110000 -0.86590000
vn 0.49670000 0.45440000 -0.73950000
vn 0.49850000 0.45190000 -0.73980000
vn 0.71640000 0.36700000 -0.59330000
vn 0.71530000 0.36490000 -0.59600000
vn 0.91170000 0.21860000 -0.34800000
vn 0.89060000 0.23190000 -0.39120000
vn 0.99530000 -0.04750000 0.08390000
vn 0.87620000 0.23160000 -0.42270000
vn 1.00000000 0.00310000 -0.00590000
vn 1.00000000 -0.00000000 -0.00000000
vn 0.88020000 0.20880000 -0.42620000
vn 0.99960000 -0.01200000 0.02440000
vn 0.99970000 -0.01100000 0.02270000
vn 0.99990000 -0.00570000 0.01210000
vn 0.87530000 0.20810000 -0.43640000
vn 1.00000000 0.00410000 -0.00890000
vn 0.86760000 0.20530000 -0.45300000
vn 0.99960000 0.01130000 -0.02530000
vn 0.99960000 0.01150000 -0.02640000
vn 0.99960000 0.01150000 -0.02600000
vn 0.86590000 0.19970000 -0.45870000
vn 0.86530000 0.19620000 -0.46120000
vn 0.70040000 0.28350000 -0.65510000
vn 0.69900000 0.28020000 -0.65800000
vn 0.51460000 0.33970000 -0.78730000
vn 0.51240000 0.33700000 -0.78980000
vn 0.07770000 0.38930000 -0.91780000
vn 0.50760000 0.32970000 -0.79600000
vn 0.53640000 0.23770000 -0.80980000
vn 0.72230000 0.16500000 -0.67160000
vn 0.59880000 0.04940000 -0.79940000
vn 0.74610000 -0.07350000 -0.66170000
vn 0.38060000 -0.30710000 -0.87220000
vn 0.47830000 -0.65900000 -0.58050000
vn 0.20160000 -0.38140000 -0.90210000
vn 0.02800000 -0.80370000 -0.59440000
vn 0.07810000 -0.41510000 -0.90640000
vn 0.05660000 -0.39540000 -0.91680000
vn 0.08400000 -0.18930000 -0.97830000
vn 0.06990000 -0.16650000 -0.98360000
vn 0.08010000 0.00390000 -0.99680000
vn 0.07620000 0.02880000 -0.99670000
vn 0.07330000 0.38530000 -0.91990000
vn 0.06730000 0.02860000 -0.99730000
vn 0.05980000 0.40530000 -0.91220000
vn 0.06440000 0.02750000 -0.99750000
vn 0.05970000 0.02580000 -0.99790000
vn 0.05510000 -0.16260000 -0.98510000
vn 0.03810000 -0.15790000 -0.98670000
vn 0.03250000 -0.36350000 -0.93100000
vn -0.00000000 -0.34300000 -0.93930000
vn -0.00000000 -0.70700000 -0.70720000
vn -0.01700000 -0.34860000 -0.93710000
vn -0.01210000 -0.73820000 -0.67450000
vn -0.03250000 -0.36350000 -0.93100000
vn -0.04610000 -0.38360000 -0.92230000
vn -0.03810000 -0.15780000 -0.98670000
vn -0.05520000 -0.16260000 -0.98510000
vn -0.04080000 0.01860000 -0.99900000
vn -0.05980000 0.02570000 -0.99790000
vn -0.05660000 0.40310000 -0.91340000
vn -0.07060000 0.38950000 -0.91830000
vn 0.79750000 0.59650000 -0.08990000
vn 0.68480000 0.47440000 0.55310000
vn 0.32120000 0.92220000 0.21540000
vn 0.34910000 0.65200000 0.67300000
vn 0.01940000 0.93800000 0.34600000
vn -0.01040000 0.69010000 0.72360000
vn 0.04480000 0.95830000 0.28220000
vn -0.02190000 0.70700000 0.70690000
vn 0.05060000 0.99870000 0.00010000
vn 0.08050000 0.90350000 -0.42110000
vn 0.07970000 0.93230000 -0.35280000
vn 0.08160000 0.52510000 -0.84710000
vn 0.14480000 0.55250000 -0.82080000
vn 0.52230000 0.52630000 -0.67100000
vn 0.46080000 0.66060000 -0.59270000
vn 0.72960000 0.46860000 -0.49810000
vn 0.63530000 0.66640000 -0.39030000
vn 0.91550000 0.33860000 -0.21740000
vn 0.08670000 0.42190000 -0.90250000
vn 0.53510000 0.40240000 -0.74280000
vn 0.51940000 0.42610000 -0.74070000
vn 0.50220000 0.44710000 -0.74020000
vn 0.71380000 0.35240000 -0.60530000
vn 0.07570000 0.40580000 -0.91080000
vn 0.52110000 0.34790000 -0.77940000
vn 0.53040000 0.36140000 -0.76680000
vn 0.53600000 0.37200000 -0.75780000
vn 0.71160000 0.30080000 -0.63490000
vn 0.71740000 0.30680000 -0.62540000
vn 0.09190000 0.37540000 -0.92230000
vn 0.44270000 0.15350000 -0.88340000
vn 0.30500000 -0.11800000 -0.94500000
vn 0.17840000 -0.16630000 -0.96980000
vn 0.08600000 0.37350000 -0.92360000
vn 0.23330000 0.04260000 -0.97150000
vn 0.14930000 0.01620000 -0.98870000
vn 0.04070000 0.01870000 -0.99900000
vn 0.03990000 0.39380000 -0.91830000
vn 0.02000000 0.38630000 -0.92210000
vn -0.00000000 0.01040000 -0.99990000
vn -0.00000000 0.38370000 -0.92350000
vn -0.02090000 0.01280000 -0.99970000
vn -0.02010000 0.38630000 -0.92220000
vn -0.03660000 0.39220000 -0.91910000
vn -0.08220000 0.37600000 -0.92300000
vn -0.14470000 0.01440000 -0.98940000
vn -0.08100000 0.00450000 -0.99670000
vn -0.07540000 0.02860000 -0.99670000
vn -0.08090000 -0.19050000 -0.97840000
vn -0.06960000 -0.16650000 -0.98360000
vn -0.07130000 -0.41730000 -0.90600000
vn -0.05670000 -0.39490000 -0.91700000
vn -0.05050000 -0.39210000 -0.91850000
vn -0.04930000 -0.38850000 -0.92010000
vn -0.05930000 -0.16420000 -0.98460000
vn -0.23300000 0.04250000 -0.97150000
vn -0.09170000 0.37330000 -0.92320000
vn -0.43990000 0.15150000 -0.88520000
vn -0.53620000 0.23760000 -0.81000000
vn -0.72200000 0.16470000 -0.67200000
vn -0.70050000 0.27740000 -0.65760000
vn -0.86780000 0.19880000 -0.45540000
vn -0.86830000 0.20030000 -0.45390000
vn -0.99960000 0.01190000 -0.02710000
vn -0.99960000 0.01170000 -0.02670000
vn -0.99970000 -0.02350000 -0.00260000
vn -0.99960000 0.01170000 -0.02650000
vn -0.99960000 0.01130000 -0.02540000
vn -0.86590000 0.19980000 -0.45850000
vn -0.86750000 0.20530000 -0.45310000
vn -0.70030000 0.28350000 -0.65510000
vn -0.70370000 0.29110000 -0.64810000
vn -0.51460000 0.33960000 -0.78730000
vn -0.52130000 0.34790000 -0.77920000
vn -0.06210000 0.39790000 -0.91530000
vn -0.07570000 0.40580000 -0.91080000
vn -0.08550000 0.38390000 -0.91940000
vn -0.50800000 0.32980000 -0.79570000
vn -0.70190000 0.28250000 -0.65390000
vn -0.86620000 0.19790000 -0.45880000
vn -0.05180000 0.39640000 -0.91660000
vn -0.51200000 0.33670000 -0.79030000
vn -0.70000000 0.28150000 -0.65640000
vn -0.51260000 0.33750000 -0.78950000
vn -0.08010000 0.40970000 -0.90870000
vn -0.53060000 0.36140000 -0.76670000
vn -0.71190000 0.30060000 -0.63470000
vn -0.71750000 0.30680000 -0.62540000
vn -0.88020000 0.20880000 -0.42620000
vn -1.00000000 0.00310000 -0.00590000
vn -1.00000000 -0.00000000 -0.00000000
vn -0.08680000 0.42190000 -0.90250000
vn -0.53610000 0.37200000 -0.75770000
vn -0.71380000 0.35240000 -0.60520000
vn -0.89060000 0.23190000 -0.39110000
vn -0.99530000 -0.04760000 0.08400000
vn -0.91170000 0.21850000 -0.34790000
vn -0.97820000 -0.10630000 0.17850000
vn -0.97210000 -0.12040000 0.20140000
vn -0.95580000 -0.13770000 0.25960000
vn -0.96900000 -0.12720000 0.21170000
vn -0.96700000 -0.13130000 0.21830000
vn -0.91960000 0.21160000 -0.33120000
vn -0.92270000 0.20990000 -0.32330000
vn -0.71730000 0.36760000 -0.59190000
vn -0.71960000 0.37100000 -0.58700000
vn -0.49740000 0.45330000 -0.73970000
vn -0.49710000 0.45880000 -0.73640000
vn -0.10220000 0.51900000 -0.84870000
vn -0.53290000 0.43610000 -0.72520000
vn -0.14490000 0.55250000 -0.82080000
vn -0.52240000 0.52590000 -0.67120000
vn -0.46110000 0.66030000 -0.59280000
vn -0.63560000 0.66590000 -0.39060000
vn -0.23120000 0.87490000 -0.42570000
vn -0.28310000 0.95050000 -0.12840000
vn -0.04000000 0.99920000 0.00910000
vn -0.32150000 0.92210000 0.21540000
vn -0.00900000 0.93590000 0.35210000
vn -0.34990000 0.65170000 0.67290000
vn 0.01420000 0.68800000 0.72560000
vn 0.02820000 0.70680000 0.70680000
vn 0.01900000 0.97250000 0.23190000
vn -0.01540000 0.97690000 0.21320000
vn -0.02660000 0.98540000 -0.16810000
vn -0.04740000 0.98150000 -0.18570000
vn -0.06900000 0.85960000 -0.50630000
vn -0.06880000 0.85910000 -0.50720000
vn -0.08170000 0.52510000 -0.84710000
vn -0.06630000 0.86060000 -0.50500000
vn -0.06310000 0.51940000 -0.85220000
vn -0.05510000 0.86700000 -0.49520000
vn -0.03510000 0.87720000 -0.47880000
vn -0.02500000 0.98260000 -0.18380000
vn 0.00010000 0.88590000 -0.46390000
vn -0.00000000 0.98180000 0.18970000
vn -0.09500000 0.49110000 -0.86590000
vn -0.51950000 0.42610000 -0.74070000
vn -0.71540000 0.36480000 -0.59590000
vn -0.91700000 0.21360000 -0.33680000
vn -0.50230000 0.44710000 -0.74010000
vn -0.10290000 0.50860000 -0.85480000
vn -0.49860000 0.45190000 -0.73980000
vn -0.07540000 0.93430000 -0.34850000
vn -0.04290000 0.53090000 -0.84630000
vn -0.02180000 0.52890000 -0.84840000
vn -0.00000000 0.52490000 -0.85110000
vn -0.00000000 0.70710000 0.70710000
vn 0.00790000 0.70530000 0.70890000
vn -0.00940000 0.98140000 0.19200000
vn -0.03920000 0.98130000 -0.18820000
vn 0.01560000 0.70550000 0.70860000
vn -0.01460000 0.97980000 0.19960000
vn -0.04730000 0.98110000 -0.18770000
vn -0.01770000 0.97780000 0.20880000
vn -0.68210000 0.47700000 0.55430000
vn -0.79790000 0.59590000 -0.09010000
vn -0.89790000 0.18330000 0.40020000
vn -0.91560000 0.33790000 -0.21770000
vn -0.72970000 0.46820000 -0.49840000
vn -0.74680000 0.35790000 -0.56050000
vn -0.94530000 0.01170000 0.32590000
vn -0.95860000 -0.14180000 0.24690000
vn -0.99960000 -0.01200000 0.02430000
vn -0.87540000 0.20810000 -0.43630000
vn -0.99970000 -0.01100000 0.02270000
vn -0.99990000 -0.00570000 0.01210000
vn -1.00000000 0.00410000 -0.00890000
vn -0.75750000 -0.47100000 -0.45210000
vn -0.88570000 -0.33050000 -0.32600000
vn -0.98750000 -0.11680000 -0.10570000
vn -0.99920000 0.01550000 -0.03570000
vn -0.87500000 0.07470000 -0.47830000
vn -0.38010000 -0.30710000 -0.87250000
vn -0.47720000 -0.66060000 -0.57960000
vn -0.02580000 -0.80460000 -0.59330000
vn -0.19090000 -0.38580000 -0.90260000
vn -0.30440000 -0.11820000 -0.94520000
vn -0.59400000 0.04590000 -0.80320000
vn 0.01200000 -0.73820000 -0.67450000
vn 0.04610000 -0.38370000 -0.92230000
vn 0.05930000 -0.16400000 -0.98470000
vn 0.04920000 -0.38910000 -0.91990000
vn 0.06130000 -0.16490000 -0.98440000
vn 0.36910000 -0.71180000 -0.59760000
vn 0.66660000 -0.54710000 -0.50630000
vn 0.89290000 -0.31980000 -0.31700000
vn 0.99970000 -0.02350000 -0.00210000
vn 0.98750000 -0.11630000 -0.10600000
vn 0.87530000 0.07510000 -0.47770000
vn 0.99930000 0.01480000 -0.03420000
vn 0.86900000 0.20050000 -0.45230000
vn 0.70120000 0.27860000 -0.65630000
vn 0.97840000 -0.10590000 0.17770000
vn 0.97200000 -0.12050000 0.20160000
vn 0.96910000 -0.12710000 0.21140000
vn 0.91950000 0.21100000 -0.33160000
vn 0.92090000 0.20870000 -0.32920000
vn 0.71710000 0.36910000 -0.59120000
vn 0.23080000 0.87510000 -0.42540000
vn 0.71520000 0.33420000 -0.61380000
vn -0.06440000 0.02740000 -0.99750000
vn -0.06610000 0.02790000 -0.99740000
vn 0.96780000 -0.12990000 0.21570000
vn 0.28280000 0.95050000 -0.12840000
vn 0.71690000 0.36800000 -0.59210000
vn 0.91710000 0.21350000 -0.33670000
vn 0.70360000 0.29110000 -0.64820000
vn 0.05030000 -0.39180000 -0.91870000
vn -0.00000000 -0.15360000 -0.98810000
vn -0.01960000 -0.15470000 -0.98780000
vn -0.17030000 -0.16990000 -0.97060000
vn -0.73990000 -0.07930000 -0.66800000
vn -0.71640000 0.36700000 -0.59340000
vn -0.93530000 0.21070000 -0.28420000
vn -0.06080000 -0.16510000 -0.98440000
vn -0.00140000 0.70700000 0.70720000
vn -0.00000000 0.98180000 0.18980000
vn -0.00790000 0.70540000 0.70880000
vn 0.00270000 0.94140000 0.33720000
vn -0.01560000 0.70550000 0.70860000
vn 0.00440000 0.93840000 0.34550000
vn -0.02280000 0.70860000 0.70530000
vn 0.00600000 0.93500000 0.35470000
vn -0.02980000 0.70660000 0.70700000
vn -0.02080000 0.93080000 0.36500000
vn 0.05240000 0.95890000 0.27870000
vn 0.04110000 0.97010000 -0.23940000
vn 0.08680000 0.90020000 -0.42680000
vn 0.05220000 0.96570000 -0.25420000
vn 0.07550000 0.65340000 -0.75320000
vn 0.06370000 0.66910000 -0.74040000
vn 0.08140000 0.52530000 -0.84700000
vn 0.04310000 0.53070000 -0.84640000
vn 0.04120000 0.68950000 -0.72310000
vn -0.00010000 0.52490000 -0.85110000
vn -0.00020000 0.88590000 -0.46400000
vn 0.02740000 0.96910000 -0.24530000
vn 0.08760000 0.64030000 -0.76310000
vn 0.04310000 0.96670000 -0.25240000
vn 1.00000000 -0.00000000 -0.00000000
vn 1.00000000 -0.00000000 -0.00000000
vn 1.00000000 -0.00000000 -0.00000000
vn 1.00000000 -0.00010000 0.00010000
vn 1.00000000 -0.00000000 -0.00000000
vn 1.00000000 -0.00000000 -0.00000000
vn 1.00000000 -0.00010000 0.00010000
vn 1.00000000 -0.00010000 0.00010000
vn 1.00000000 -0.00000000 -0.00000000
vn 1.00000000 -0.00000000 -0.00010000
vn 1.00000000 -0.00000000 -0.00000000
vn 1.00000000 -0.00000000 -0.00000000
vn 1.00000000 -0.00000000 -0.00000000
vn 1.00000000 -0.00000000 -0.00000000
vn 1.00000000 -0.00000000 -0.00010000
vn 1.00000000 -0.00000000 -0.00010000
vn 0.99760000 -0.04860000 -0.04870000
vn 0.89390000 -0.31700000 -0.31710000
vn 0.89960000 -0.30870000 -0.30900000
vn 0.68210000 -0.51740000 -0.51670000
vn 0.66890000 -0.52600000 -0.52530000
vn 0.36560000 -0.65820000 -0.65810000
vn 0.35410000 -0.66130000 -0.66130000
vn -0.00660000 -0.70700000 -0.70710000
vn -0.00620000 -0.70700000 -0.70720000
vn 0.01350000 -0.70730000 -0.70670000
vn -0.00000000 -0.70700000 -0.70720000
vn -0.00000000 -0.70740000 -0.70690000
vn -0.01350000 -0.70730000 -0.70670000
vn -0.02690000 -0.70680000 -0.70690000
vn -0.02700000 -0.70680000 -0.70690000
vn 0.02700000 -0.70680000 -0.70690000
vn 0.02690000 -0.70680000 -0.70690000
vn 0.00660000 -0.70700000 -0.70710000
vn 0.00620000 -0.70710000 -0.70710000
vn -0.36530000 -0.65820000 -0.65830000
vn -0.46970000 -0.62420000 -0.62430000
vn -0.68210000 -0.51710000 -0.51710000
vn -0.76320000 -0.45690000 -0.45700000
vn -0.89950000 -0.30880000 -0.30900000
vn -0.99760000 -0.04860000 -0.04880000
vn -1.00000000 -0.00000000 -0.00000000
vn -1.00000000 -0.00000000 -0.00000000
vn -1.00000000 -0.00000000 -0.00000000
vn -1.00000000 -0.00000000 -0.00000000
vn -1.00000000 -0.00000000 -0.00000000
vn -1.00000000 -0.00000000 -0.00000000
vn -1.00000000 -0.00000000 -0.00000000
vn -1.00000000 -0.00000000 0.00010000
vn -1.00000000 -0.00000000 -0.00000000
vn -1.00000000 -0.00000000 -0.00000000
vn -1.00000000 -0.00000000 -0.00000000
vn -1.00000000 -0.00000000 -0.00000000
vn -1.00000000 -0.00000000 0.00010000
vn -1.00000000 -0.00000000 0.00010000
vn -0.99950000 0.02410000 0.02270000
vn -0.91270000 0.29030000 0.28760000
vn -0.85990000 0.36250000 0.35930000
vn -0.69330000 0.51130000 0.50790000
vn -0.49260000 0.61710000 0.61360000
vn -0.37590000 0.65700000 0.65350000
vn 0.00490000 0.70870000 0.70550000
vn -0.00060000 0.70870000 0.70550000
vn -0.03100000 0.70680000 0.70670000
vn -0.03080000 0.70670000 0.70690000
vn -0.03130000 0.70680000 0.70680000
vn -0.03080000 0.70660000 0.70690000
vn -0.03090000 0.70660000 0.70690000
vn -0.02320000 0.70580000 0.70810000
vn -0.01540000 0.70700000 0.70700000
vn -0.00000000 0.70740000 0.70680000
vn -0.00770000 0.70670000 0.70750000
vn -0.00000000 0.70740000 0.70680000
vn 0.00770000 0.70690000 0.70730000
vn 0.01540000 0.70770000 0.70640000
vn 0.03070000 0.70690000 0.70660000
vn 0.03060000 0.70690000 0.70660000
vn 0.03070000 0.70690000 0.70660000
vn 0.03060000 0.70690000 0.70660000
vn 0.03070000 0.70690000 0.70660000
vn 0.03100000 0.70680000 0.70670000
vn 0.03100000 0.70670000 0.70680000
vn -0.01280000 0.70870000 0.70540000
vn 0.37160000 0.65810000 0.65480000
vn -0.01260000 0.70870000 0.70540000
vn 0.49040000 0.61780000 0.61460000
vn 0.69590000 0.50950000 0.50610000
vn 0.86110000 0.36110000 0.35790000
vn 0.91260000 0.29050000 0.28760000
vn 0.99970000 0.01840000 0.01660000
vn -0.07380000 0.42640000 -0.90150000
vn -0.06460000 0.42040000 -0.90500000
vn -0.07230000 0.39590000 -0.91540000
vn -0.06840000 0.39270000 -0.91710000
vn -0.06850000 0.39270000 -0.91710000
vn -0.07180000 0.39480000 -0.91600000
vn -0.07180000 0.39470000 -0.91600000
vn -0.07090000 0.39380000 -0.91650000
vn -0.07100000 0.39370000 -0.91650000
vn -0.06980000 0.39320000 -0.91680000
vn -0.06150000 0.43870000 -0.89650000
vn -0.07590000 0.46340000 -0.88290000
vn -0.05780000 0.45680000 -0.88770000
vn -0.05550000 0.46800000 -0.88200000
vn -0.05640000 0.46140000 -0.88540000
vn -0.05150000 0.47380000 -0.87910000
vn -0.07950000 0.51810000 -0.85160000
vn -0.07960000 0.51820000 -0.85160000
vn -0.04250000 0.49100000 -0.87010000
vn -0.07500000 0.52130000 -0.85010000
vn -0.00000000 0.52000000 -0.85420000
vn -0.07890000 0.51960000 -0.85070000
vn -0.07800000 0.52090000 -0.85000000
vn -0.07800000 0.52100000 -0.85000000
vn -0.07600000 0.52140000 -0.84990000
vn 0.07500000 0.52130000 -0.85010000
vn 0.04570000 0.49140000 -0.86970000
vn 0.01030000 0.49690000 -0.86770000
vn 0.00340000 0.49680000 -0.86780000
vn 0.07950000 0.51810000 -0.85160000
vn 0.07950000 0.51820000 -0.85160000
vn 0.07610000 0.52130000 -0.85000000
vn 0.07770000 0.52090000 -0.85010000
vn 0.07910000 0.51960000 -0.85070000
vn 0.07580000 0.46340000 -0.88290000
vn 0.05440000 0.47020000 -0.88090000
vn 0.05070000 0.47460000 -0.87870000
vn 0.05650000 0.46140000 -0.88540000
vn 0.07360000 0.42640000 -0.90150000
vn 0.05680000 0.41980000 -0.90590000
vn 0.07220000 0.39590000 -0.91540000
vn 0.06840000 0.39260000 -0.91720000
vn 0.07150000 0.39490000 -0.91590000
vn 0.07150000 0.39480000 -0.91600000
vn 0.06970000 0.39280000 -0.91700000
vn 0.06940000 0.39440000 -0.91630000
vn -0.00000000 0.39220000 -0.91990000
vn 0.03570000 0.41640000 -0.90850000
vn 0.04180000 0.41640000 -0.90820000
vn 0.04820000 0.41660000 -0.90780000
vn -0.03290000 0.41640000 -0.90860000
vn -0.02600000 0.41630000 -0.90880000
vn -0.01920000 0.41630000 -0.90900000
vn -0.01240000 0.41620000 -0.90920000
vn -0.00380000 0.41780000 -0.90850000
vn -0.00010000 0.41750000 -0.90870000
vn 0.00220000 0.42180000 -0.90670000
vn 0.00780000 0.42820000 -0.90370000
vn 0.00960000 0.43560000 -0.90010000
vn 0.02750000 0.43630000 -0.89940000
vn 0.02850000 0.41800000 -0.90800000
vn 0.00970000 0.44250000 -0.89670000
vn 0.02620000 0.45420000 -0.89050000
vn 0.03720000 0.46100000 -0.88660000
vn 0.03730000 0.46100000 -0.88660000
vn 0.03430000 0.46340000 -0.88550000
vn 0.03570000 0.46320000 -0.88550000
vn 0.00980000 0.44940000 -0.89330000
vn 0.00980000 0.45630000 -0.88980000
vn 0.00990000 0.46310000 -0.88620000
vn 0.03660000 0.46260000 -0.88580000
vn 0.03780000 0.46180000 -0.88620000
vn 0.05430000 0.41670000 -0.90740000
vn 0.04390000 0.47840000 -0.87700000
vn 0.03500000 0.47980000 -0.87670000
vn 0.02300000 0.48940000 -0.87170000
vn 0.01010000 0.47950000 -0.87750000
vn 0.01010000 0.48530000 -0.87430000
vn 0.01020000 0.49110000 -0.87100000
vn -0.00350000 0.49690000 -0.86780000
vn -0.01040000 0.49690000 -0.86780000
vn -0.02140000 0.48930000 -0.87180000
vn -0.03510000 0.47980000 -0.87670000
vn -0.01020000 0.47950000 -0.87750000
vn -0.01550000 0.48910000 -0.87210000
vn -0.04500000 0.47800000 -0.87720000
vn -0.05630000 0.45660000 -0.88790000
vn -0.05600000 0.44830000 -0.89210000
vn -0.05550000 0.43970000 -0.89640000
vn -0.05530000 0.43600000 -0.89820000
vn -0.05290000 0.42790000 -0.90230000
vn -0.05260000 0.41940000 -0.90630000
vn -0.04830000 0.42240000 -0.90510000
vn -0.04080000 0.41790000 -0.90760000
vn -0.12740000 0.45940000 -0.87900000
vn -0.14400000 0.45150000 -0.88050000
vn -0.64250000 0.35530000 -0.67890000
vn -0.14490000 0.44470000 -0.88390000
vn -0.54780000 0.36440000 -0.75300000
vn -0.14520000 0.43780000 -0.88730000
vn -0.15330000 0.43040000 -0.88950000
vn -0.84390000 0.23370000 -0.48290000
vn -0.86630000 0.23180000 -0.44260000
vn -0.99280000 0.05320000 -0.10690000
vn -0.99280000 0.05430000 -0.10650000
vn -0.98710000 0.06970000 -0.14400000
vn -0.99280000 0.05560000 -0.10600000
vn -0.15860000 0.42990000 -0.88880000
vn -0.17170000 0.48730000 -0.85620000
vn -0.54320000 0.36330000 -0.75690000
vn -0.55490000 0.61650000 -0.55860000
vn -0.83560000 0.23500000 -0.49660000
vn -0.81730000 0.56650000 -0.10550000
vn -0.90840000 0.37880000 0.17730000
vn -0.70930000 0.60640000 0.35930000
vn -0.47570000 0.87870000 0.04100000
vn -0.37510000 0.78870000 0.48710000
vn -0.00160000 0.81170000 0.58400000
vn -0.32580000 0.82570000 -0.46050000
vn -0.00760000 0.99640000 0.08410000
vn -0.01170000 0.91370000 -0.40630000
vn -0.08580000 0.58090000 -0.80940000
vn -0.01300000 0.60590000 -0.79540000
vn -0.14150000 0.54260000 -0.82800000
vn -0.98310000 0.07510000 -0.16690000
vn -0.01200000 0.61280000 -0.79010000
vn -0.01840000 0.62310000 -0.78190000
vn -0.00890000 0.91600000 -0.40100000
vn -0.02370000 0.91220000 -0.40900000
vn -0.00980000 0.99690000 0.07840000
vn -0.02500000 0.62330000 -0.78160000
vn -0.03170000 0.60410000 -0.79630000
vn 0.00650000 0.83730000 0.54680000
vn 0.00440000 0.85160000 0.52410000
vn -0.00360000 0.99630000 0.08540000
vn 0.00330000 0.85150000 0.52440000
vn 0.00290000 0.81390000 0.58100000
vn -0.03240000 0.45050000 -0.89220000
vn -0.00430000 0.49990000 -0.86610000
vn -0.02300000 0.88250000 -0.46970000
vn 0.26420000 0.80920000 -0.52480000
vn 0.46970000 0.88000000 0.07020000
vn 0.81590000 0.57080000 -0.09270000
vn 0.80920000 0.46880000 0.35400000
vn 1.00000000 -0.00320000 -0.00000000
vn 0.47440000 0.62160000 -0.62330000
vn 0.85410000 0.22480000 -0.46890000
vn 0.46210000 0.38620000 -0.79830000
vn 0.01560000 0.45680000 -0.88950000
vn -0.06150000 0.43630000 -0.89770000
vn 0.05510000 0.51230000 -0.85710000
vn 0.54720000 0.64130000 0.53790000
vn 0.22760000 0.68720000 0.68990000
vn -0.00420000 0.98800000 0.15430000
vn 0.15790000 0.69950000 0.69700000
vn 0.01530000 0.72420000 0.68940000
vn 0.08710000 0.70510000 0.70370000
vn -0.05600000 0.43600000 -0.89820000
vn -0.05580000 0.43970000 -0.89640000
vn 0.46670000 0.38630000 -0.79560000
vn -0.05600000 0.44830000 -0.89210000
vn 0.46750000 0.40840000 -0.78400000
vn -0.05770000 0.45660000 -0.88780000
vn -0.05740000 0.46120000 -0.88540000
vn 0.85680000 0.23820000 -0.45730000
vn 0.85580000 0.22590000 -0.46530000
vn 1.00000000 -0.00010000 0.00020000
vn 1.00000000 -0.00090000 0.00180000
vn 1.00000000 -0.00060000 0.00110000
vn 1.00000000 -0.00030000 0.00060000
vn -0.06430000 0.46110000 -0.88500000
vn 0.01170000 0.44630000 -0.89480000
vn 0.46260000 0.41180000 -0.78510000
vn 0.39800000 0.19070000 -0.89740000
vn 0.74110000 -0.14650000 -0.65520000
vn 0.42030000 -0.43860000 -0.79440000
vn 0.68790000 -0.51330000 -0.51310000
vn 0.33930000 -0.66460000 -0.66570000
vn -0.00970000 -0.71290000 -0.70120000
vn 0.21660000 0.02610000 -0.97590000
vn -0.02870000 -0.15840000 -0.98700000
vn -0.02360000 0.43970000 -0.89780000
vn -0.03580000 0.45940000 -0.88750000
vn 0.02570000 0.41230000 -0.91070000
vn 0.86110000 -0.37700000 -0.34110000
vn 0.94860000 -0.23930000 -0.20720000
vn 0.85540000 0.24300000 -0.45740000
vn 1.00000000 0.00280000 0.00360000
vn -0.01030000 0.40240000 -0.91540000
vn -0.00870000 -0.06640000 -0.99780000
vn -0.03530000 0.40800000 -0.91230000
vn -0.03050000 -0.14810000 -0.98850000
vn -0.00810000 -0.65630000 -0.75450000
vn -0.01210000 -0.65650000 -0.75420000
vn -0.00410000 -0.65660000 -0.75420000
vn -0.01590000 -0.66050000 -0.75060000
vn 0.96040000 0.13820000 -0.24200000
vn 0.99280000 0.05880000 -0.10460000
vn 0.93480000 0.17570000 -0.30860000
vn 0.99280000 0.05780000 -0.10450000
vn 0.92810000 0.17810000 -0.32690000
vn 0.95690000 0.13900000 -0.25510000
vn 0.97840000 0.09890000 -0.18150000
vn 0.99280000 0.05720000 -0.10500000
vn 0.97980000 0.09920000 -0.17380000
vn 0.99280000 0.05920000 -0.10370000
vn 0.53060000 0.40600000 -0.74410000
vn 0.52600000 0.42220000 -0.73830000
vn 0.13510000 0.47510000 -0.86950000
vn 0.14320000 0.49180000 -0.85890000
vn -0.01050000 0.40730000 -0.91320000
vn -0.00350000 0.40760000 -0.91320000
vn -0.00900000 -0.04100000 -0.99910000
vn 0.00340000 0.40710000 -0.91340000
vn 0.00890000 -0.05840000 -0.99830000
vn 0.01040000 0.40700000 -0.91340000
vn 0.00430000 -0.65470000 -0.75590000
vn 0.00130000 -0.65340000 -0.75700000
vn -0.00140000 -0.65450000 -0.75610000
vn -0.00430000 -0.65450000 -0.75610000
vn -0.95230000 0.14600000 -0.26790000
vn -0.99320000 0.05630000 -0.10160000
vn -0.91870000 0.18900000 -0.34690000
vn -0.93600000 0.17410000 -0.30600000
vn -0.54300000 0.41680000 -0.72900000
vn -0.97720000 0.10150000 -0.18620000
vn -0.99330000 0.05520000 -0.10140000
vn -0.99330000 0.05680000 -0.10100000
vn -0.96120000 0.13680000 -0.23950000
vn -0.98050000 0.09750000 -0.17070000
vn -0.99330000 0.05720000 -0.10020000
vn -0.15180000 0.49120000 -0.85770000
vn -0.15100000 0.48550000 -0.86110000
vn -0.15230000 0.47970000 -0.86410000
vn -0.53320000 0.40520000 -0.74270000
vn -0.14220000 0.47460000 -0.86860000
vn 0.03530000 0.38370000 -0.92280000
vn 0.03310000 0.03360000 -0.99890000
vn 0.01020000 0.39180000 -0.92000000
vn 0.00860000 -0.06640000 -0.99780000
vn 0.02670000 -0.32150000 -0.94650000
vn 0.00850000 -0.63460000 -0.77280000
vn 0.01270000 -0.63610000 -0.77150000
vn 0.01570000 -0.66290000 -0.74860000
vn 0.00430000 -0.63470000 -0.77280000
vn 0.03560000 0.37240000 -0.92740000
vn 0.00320000 0.39270000 -0.91970000
vn 0.03170000 0.02740000 -0.99910000
vn -0.33120000 -0.21630000 -0.91840000
vn -0.24330000 -0.62310000 -0.74330000
vn -0.53070000 -0.53880000 -0.65420000
vn -0.59130000 0.01970000 -0.80620000
vn -0.85490000 -0.32480000 -0.40450000
vn -0.68450000 0.33770000 -0.64610000
vn -0.99440000 0.04950000 -0.09310000
vn -0.02530000 0.40650000 -0.91330000
vn -0.04470000 0.42290000 -0.90510000
vn -0.06970000 0.46120000 -0.88460000
vn 0.01160000 -0.65710000 -0.75370000
vn 0.02400000 -0.32100000 -0.94680000
vn -0.11100000 0.41470000 -0.90320000
vn -0.60770000 0.33180000 -0.72150000
vn -0.09870000 0.45980000 -0.88250000
vn -0.69100000 0.33400000 -0.64110000
vn -0.84610000 0.22290000 -0.48420000
vn -0.98640000 0.07370000 -0.14720000
vn -0.98640000 0.07110000 -0.14800000
vn -0.98640000 0.06870000 -0.14920000
vn -0.99250000 0.05640000 -0.10830000
vn 0.00050000 0.93290000 0.36020000
vn 0.00420000 0.95450000 0.29820000
vn 0.00440000 0.96570000 0.25980000
vn 0.02380000 0.99650000 -0.08030000
vn 0.01710000 0.99490000 -0.09970000
vn 0.03870000 0.91190000 -0.40860000
vn 0.02650000 0.90710000 -0.42010000
vn 0.04620000 0.62280000 -0.78100000
vn 0.04020000 0.62290000 -0.78130000
vn -0.00340000 0.88980000 0.45640000
vn -0.00850000 0.83460000 0.55080000
vn -0.00960000 0.83390000 0.55180000
vn -0.00740000 0.83490000 0.55040000
vn -0.01070000 0.83450000 0.55100000
vn 0.05210000 0.62280000 -0.78070000
vn 0.03410000 0.62250000 -0.78190000
vn 0.15890000 0.45550000 -0.87600000
vn 0.56070000 0.38200000 -0.73460000
vn 0.17380000 0.41040000 -0.89520000
vn 0.66650000 0.31110000 -0.67750000
vn 0.85480000 0.23940000 -0.46040000
vn 0.88310000 0.19590000 -0.42620000
vn 0.99400000 0.04880000 -0.09760000
vn 0.99390000 0.04750000 -0.09910000
vn 0.99400000 0.05070000 -0.09740000
vn 0.99400000 0.04570000 -0.09930000
vn 0.05210000 0.46030000 -0.88620000
vn 0.09400000 0.48090000 -0.87170000
vn 0.52940000 0.39400000 -0.75140000
vn 0.53460000 0.62930000 -0.56410000
vn 0.87400000 0.22830000 -0.42900000
vn 0.82580000 0.56240000 -0.04240000
vn 1.00000000 0.00580000 0.00050000
vn 0.85720000 0.35480000 0.37330000
vn 0.56360000 0.56900000 0.59880000
vn 0.47500000 0.87360000 0.10600000
vn -0.00580000 0.95210000 0.30560000
vn 0.01010000 0.98890000 -0.14840000
vn 0.31640000 0.82280000 -0.47210000
vn 0.02420000 0.82040000 -0.57130000
vn 0.04680000 0.48010000 -0.87590000
vn 0.03380000 0.49150000 -0.87020000
vn 0.08380000 0.49680000 -0.86380000
vn -0.02000000 0.72580000 0.68760000
vn 0.03290000 0.63830000 -0.76910000
vn 0.00940000 0.64900000 -0.76070000
vn 0.02690000 0.87110000 -0.49050000
vn 0.00630000 0.93120000 -0.36460000
vn 0.01750000 0.98860000 -0.14970000
vn 0.00360000 0.99930000 -0.03630000
vn 0.00580000 0.97760000 0.21060000
vn 0.00020000 0.93780000 0.34710000
vn -0.00300000 0.84860000 0.52900000
vn -0.00150000 0.84840000 0.52940000
vn -0.00450000 0.84860000 0.52910000
vn -0.00670000 0.83790000 0.54580000
vn -1.00000000 -0.00000000 -0.00000000
vn -1.00000000 -0.00000000 -0.00000000
vn -1.00000000 -0.00000000 -0.00000000
vn -1.00000000 -0.00000000 -0.00000000
vn -1.00000000 -0.00000000 -0.00000000
vn -1.00000000 0.00010000 -0.00010000
vn -1.00000000 -0.00010000 0.00010000
vn -1.00000000 -0.00000000 -0.00000000
vn -1.00000000 -0.00010000 0.00010000
vn -1.00000000 -0.00000000 -0.00000000
vn -1.00000000 -0.00010000 0.00010000
vn -1.00000000 -0.00000000 -0.00000000
vn -1.00000000 0.00010000 -0.00010000
vn -1.00000000 -0.00000000 -0.00000000
vn -1.00000000 0.00010000 -0.00010000
vn -1.00000000 -0.00000000 -0.00000000
vn -1.00000000 -0.00000000 -0.00000000
vn -1.00000000 -0.00000000 -0.00000000
vn 0.03570000 0.70670000 0.70660000
vn -0.30270000 0.67390000 0.67400000
vn 0.03560000 0.70670000 0.70660000
vn -0.35210000 0.66180000 0.66180000
vn -0.69120000 0.51100000 0.51100000
vn -0.69560000 0.50800000 0.50800000
vn -0.88600000 0.32780000 0.32790000
vn -0.89740000 0.31190000 0.31200000
vn -0.99950000 0.02260000 0.02270000
vn -0.99950000 0.02330000 0.02350000
vn 0.00480000 0.70700000 0.70720000
vn 0.00760000 0.70710000 0.70700000
vn 0.00750000 0.70710000 0.70700000
vn 0.00740000 0.70710000 0.70700000
vn 0.00480000 0.70710000 0.70710000
vn 0.00740000 0.70720000 0.70700000
vn 0.00740000 0.70710000 0.70700000
vn 0.00750000 0.70720000 0.70700000
vn 0.01030000 0.70710000 0.70710000
vn 0.01020000 0.70710000 0.70710000
vn 0.01020000 0.70710000 0.70710000
vn 0.01290000 0.70710000 0.70700000
vn 0.01300000 0.70710000 0.70700000
vn 0.99940000 0.02440000 0.02450000
vn 0.90720000 0.29740000 0.29760000
vn 0.99940000 0.02420000 0.02430000
vn 0.80430000 0.42010000 0.42020000
vn 0.74440000 0.47210000 0.47220000
vn 0.54430000 0.59320000 0.59320000
vn 0.52410000 0.60220000 0.60220000
vn 0.21460000 0.69070000 0.69060000
vn 0.21460000 0.69070000 0.69060000
vn 0.13920000 0.70030000 0.70010000
vn 0.06290000 0.70580000 0.70560000
vn -0.01320000 0.70720000 0.70690000
vn -0.01370000 0.70710000 0.70690000
vn 1.00000000 -0.00000000 -0.00000000
vn 1.00000000 -0.00000000 -0.00000000
vn 1.00000000 -0.00000000 -0.00000000
vn 1.00000000 -0.00000000 -0.00000000
vn 1.00000000 -0.00000000 -0.00000000
vn 1.00000000 -0.00000000 -0.00000000
vn 1.00000000 -0.00000000 -0.00000000
vn 1.00000000 -0.00000000 -0.00000000
vn 0.99970000 -0.01590000 -0.01600000
vn 0.94410000 -0.23310000 -0.23320000
vn 0.99980000 -0.01570000 -0.01580000
vn 0.87020000 -0.34850000 -0.34840000
vn 0.85920000 -0.36180000 -0.36180000
vn 0.69210000 -0.51040000 -0.51040000
vn 0.69480000 -0.50860000 -0.50850000
vn 0.33670000 -0.66580000 -0.66580000
vn -0.04070000 -0.70660000 -0.70640000
vn -0.04070000 -0.70660000 -0.70650000
vn 0.34320000 -0.66420000 -0.66410000
vn -0.00390000 -0.70710000 -0.70710000
vn -0.00350000 -0.70690000 -0.70730000
vn -0.00370000 -0.70700000 -0.70720000
vn -0.00370000 -0.70710000 -0.70710000
vn -0.00690000 -0.70710000 -0.70710000
vn -0.00700000 -0.70710000 -0.70710000
vn -0.00340000 -0.70700000 -0.70720000
vn -0.00340000 -0.70700000 -0.70730000
vn -0.00300000 -0.70700000 -0.70720000
vn -0.00700000 -0.70710000 -0.70710000
vn -0.01050000 -0.70710000 -0.70710000
vn -0.01060000 -0.70710000 -0.70710000
vn -0.01040000 -0.70700000 -0.70710000
vn -0.01050000 -0.70700000 -0.70710000
vn -0.01040000 -0.70710000 -0.70710000
vn -0.01390000 -0.70700000 -0.70710000
vn -0.01370000 -0.70700000 -0.70710000
vn -0.01390000 -0.70700000 -0.70710000
vn -0.00350000 -0.70740000 -0.70680000
vn -0.00350000 -0.70750000 -0.70670000
vn -0.00350000 -0.70710000 -0.70710000
vn 1.00000000 -0.00000000 -0.00000000
vn 1.00000000 -0.00000000 -0.00000000
vn 1.00000000 -0.00000000 -0.00000000
vn 1.00000000 -0.00000000 -0.00000000
vn 1.00000000 -0.00000000 -0.00000000
vn 1.00000000 -0.00000000 -0.00000000
vn 1.00000000 -0.00000000 0.00010000
vn 1.00000000 -0.00000000 -0.00000000
vn 1.00000000 -0.00000000 -0.00000000
vn 0.00420000 -0.70670000 -0.70750000
vn 0.00340000 -0.70720000 -0.70700000
vn 0.00330000 -0.70720000 -0.70700000
vn 0.00130000 -0.70710000 -0.70710000
vn 0.00120000 -0.70710000 -0.70710000
vn 0.00120000 -0.70720000 -0.70700000
vn 0.00110000 -0.70710000 -0.70710000
vn 0.00110000 -0.70720000 -0.70710000
vn 0.00120000 -0.70710000 -0.70710000
vn 0.00110000 -0.70710000 -0.70710000
vn 0.00100000 -0.70710000 -0.70710000
vn -0.00110000 -0.70710000 -0.70710000
vn -0.00130000 -0.70710000 -0.70710000
vn -0.00120000 -0.70710000 -0.70710000
vn -0.00110000 -0.70710000 -0.70710000
vn -0.00330000 -0.70700000 -0.70720000
vn -0.00340000 -0.70700000 -0.70720000
vn -0.00360000 -0.70590000 -0.70830000
vn -0.00360000 -0.70700000 -0.70720000
vn -0.00350000 -0.70720000 -0.70700000
vn -0.00350000 -0.70800000 -0.70620000
vn -0.00340000 -0.70800000 -0.70620000
vn -0.00360000 -0.70650000 -0.70780000
vn -0.00360000 -0.70650000 -0.70770000
vn -0.01360000 -0.70700000 -0.70710000
vn -0.00360000 -0.70490000 -0.70930000
vn 0.00370000 -0.70420000 -0.71000000
vn 0.00370000 -0.70520000 -0.70900000
vn 0.00350000 -0.70820000 -0.70600000
vn 0.00350000 -0.70830000 -0.70590000
vn 0.00350000 -0.70850000 -0.70570000
vn 0.00240000 -0.70710000 -0.70710000
vn 0.00450000 -0.70640000 -0.70780000
vn -1.00000000 -0.00000000 -0.00000000
vn -1.00000000 -0.00000000 0.00010000
vn -1.00000000 -0.00000000 -0.00000000
vn -1.00000000 -0.00000000 -0.00000000
vn -1.00000000 -0.00000000 -0.00000000
vn -1.00000000 -0.00000000 -0.00000000
vn -1.00000000 -0.00000000 -0.00000000
vn -1.00000000 -0.00000000 0.00010000
vn -1.00000000 -0.00000000 -0.00000000
vn -1.00000000 -0.00000000 0.00010000
vn 0.01380000 -0.70700000 -0.70700000
vn 0.01040000 -0.70700000 -0.70710000
vn 0.01030000 -0.70700000 -0.70710000
vn 0.01380000 -0.70700000 -0.70710000
vn 0.01030000 -0.70710000 -0.70710000
vn 0.01040000 -0.70710000 -0.70710000
vn 0.00690000 -0.70710000 -0.70710000
vn 0.00700000 -0.70710000 -0.70710000
vn 0.00690000 -0.70710000 -0.70710000
vn 0.00320000 -0.70700000 -0.70720000
vn 0.00350000 -0.70730000 -0.70690000
vn 0.00340000 -0.70730000 -0.70690000
vn 0.00480000 -0.70700000 -0.70720000
vn -0.02350000 -0.70680000 -0.70700000
vn 0.00340000 -0.70750000 -0.70670000
vn 0.00350000 -0.70690000 -0.70730000
vn 0.00360000 -0.70670000 -0.70750000
vn -0.02600000 -0.70340000 -0.71030000
vn 0.04110000 -0.70660000 -0.70640000
vn -0.24490000 -0.68560000 -0.68550000
vn 0.04040000 -0.70660000 -0.70650000
vn -0.29330000 -0.67600000 -0.67600000
vn -0.55350000 -0.58900000 -0.58890000
vn -0.60280000 -0.56420000 -0.56410000
vn -0.82400000 -0.40070000 -0.40060000
vn -0.86680000 -0.35260000 -0.35250000
vn -0.93310000 -0.25430000 -0.25430000
vn -0.99970000 -0.01610000 -0.01610000
vn -0.99970000 -0.01580000 -0.01590000
vn -1.00000000 -0.00000000 -0.00000000
vn -1.00000000 -0.00000000 -0.00000000
vn -1.00000000 -0.00000000 -0.00000000
vn -1.00000000 -0.00000000 -0.00000000
vn -1.00000000 0.00070000 -0.00000000
vn -1.00000000 0.00060000 -0.00000000
vn -1.00000000 0.00070000 -0.00000000
vn -1.00000000 -0.00000000 -0.00000000
vn -1.00000000 0.00060000 -0.00000000
vn -1.00000000 0.00070000 -0.00000000
vn -1.00000000 0.00060000 -0.00000000
vn -1.00000000 -0.00000000 -0.00000000
vn -1.00000000 -0.00000000 -0.00000000
vn -1.00000000 -0.00020000 -0.00020000
vn -1.00000000 -0.00000000 -0.00000000
vn -1.00000000 -0.00020000 -0.00020000
vn -1.00000000 -0.00020000 -0.00020000
vn -1.00000000 -0.00000000 -0.00000000
vn -1.00000000 -0.00000000 -0.00000000
vn -0.02090000 0.70670000 0.70720000
vn -0.02090000 0.70680000 0.70710000
vn -0.01880000 0.70690000 0.70710000
vn -0.01880000 0.70690000 0.70700000
vn -0.01660000 0.70690000 0.70710000
vn -0.01660000 0.70690000 0.70720000
vn -0.01660000 0.70680000 0.70720000
vn -0.01670000 0.70680000 0.70720000
vn -0.01450000 0.70690000 0.70710000
vn -0.01450000 0.70700000 0.70710000
vn 1.00000000 -0.00000000 -0.00000000
vn 1.00000000 -0.00010000 -0.00010000
vn 1.00000000 -0.00000000 -0.00000000
vn 1.00000000 -0.00010000 -0.00010000
vn 1.00000000 -0.00000000 -0.00000000
vn 1.00000000 -0.00010000 -0.00010000
vn 1.00000000 -0.00000000 -0.00000000
vn 1.00000000 -0.00000000 -0.00000000
vn 1.00000000 0.00010000 0.00010000
vn 1.00000000 0.00010000 -0.00000000
vn 1.00000000 0.00010000 -0.00010000
vn 1.00000000 0.00010000 0.00010000
vn 1.00000000 -0.00000000 -0.00000000
vn 1.00000000 0.00010000 0.00010000
vn 1.00000000 -0.00000000 -0.00000000
vn 1.00000000 -0.00000000 -0.00000000
vn 1.00000000 -0.00000000 -0.00000000
vn 1.00000000 -0.00000000 -0.00000000
vn 1.00000000 -0.00000000 -0.00000000
vn 1.00000000 0.00010000 -0.00010000
vn 1.00000000 -0.00000000 -0.00010000
vn 1.00000000 -0.00000000 -0.00000000
vn 1.00000000 -0.00070000 -0.00000000
vn 1.00000000 -0.00070000 -0.00000000
vn 1.00000000 0.00030000 -0.00010000
vn 1.00000000 -0.00070000 -0.00000000
vn 0.99970000 0.01720000 0.01720000
vn 0.99980000 0.01580000 0.01580000
vn 0.90620000 0.29900000 0.29900000
vn 0.85980000 0.36110000 0.36110000
vn 0.69260000 0.51000000 0.51000000
vn 0.57060000 0.58070000 0.58070000
vn 0.41500000 0.64330000 0.64340000
vn -0.04080000 0.70640000 0.70660000
vn -0.04150000 0.70640000 0.70660000
vn -0.01350000 0.70690000 0.70720000
vn -0.01350000 0.70690000 0.70720000
vn -0.01360000 0.70690000 0.70720000
vn -0.01010000 0.70730000 0.70680000
vn -0.01000000 0.70730000 0.70680000
vn -0.00990000 0.70710000 0.70700000
vn -0.00990000 0.70710000 0.70710000
vn -0.01000000 0.70710000 0.70710000
vn -0.00690000 0.70710000 0.70710000
vn -0.00680000 0.70710000 0.70710000
vn -0.00670000 0.70710000 0.70710000
vn -0.00680000 0.70710000 0.70710000
vn -0.00340000 0.70710000 0.70710000
vn -0.00340000 0.70710000 0.70710000
vn -0.99600000 0.04030000 -0.07980000
vn -0.85270000 0.22710000 -0.47040000
vn -0.98810000 0.06830000 -0.13770000
vn -0.86490000 0.23280000 -0.44470000
vn -0.98810000 0.06980000 -0.13690000
vn -0.98830000 0.07060000 -0.13500000
vn -0.55400000 0.36200000 -0.74970000
vn -0.64590000 0.35430000 -0.67620000
vn -0.12660000 0.46100000 -0.87830000
vn -0.15290000 0.42960000 -0.89000000
vn 0.00590000 0.84640000 0.53250000
vn -0.01070000 0.99850000 0.05310000
vn 0.00420000 0.85600000 0.51700000
vn -0.00400000 0.99830000 0.05850000
vn 0.00310000 0.85610000 0.51690000
vn 0.00230000 0.84320000 0.53770000
vn -0.00920000 0.90030000 -0.43510000
vn -0.02460000 0.89660000 -0.44210000
vn -0.01210000 0.57270000 -0.81970000
vn -0.01870000 0.57670000 -0.81670000
vn -0.02550000 0.57310000 -0.81910000
vn -0.03230000 0.56260000 -0.82610000
vn 0.99150000 0.06110000 -0.11520000
vn 0.84190000 0.23890000 -0.48390000
vn 0.90950000 0.40420000 0.09700000
vn 0.78110000 0.59850000 -0.17820000
vn 0.75100000 0.60230000 0.27050000
vn 0.44640000 0.89450000 -0.02280000
vn 0.53350000 0.73520000 0.41810000
vn 0.23040000 0.82240000 0.52020000
vn -0.00980000 0.99850000 0.05390000
vn 0.00760000 0.84130000 0.54050000
vn 0.48800000 0.62630000 -0.60790000
vn 0.53920000 0.36960000 -0.75670000
vn 0.11170000 0.48650000 -0.86650000
vn 0.11800000 0.43350000 -0.89340000
vn 0.05720000 0.51390000 -0.85590000
vn 0.27130000 0.81810000 -0.50710000
vn -0.02410000 0.89320000 -0.44910000
vn 0.01000000 0.52540000 -0.85080000
vn -0.03200000 0.55050000 -0.83420000
vn 0.99990000 -0.00790000 0.00970000
vn 0.92130000 0.17940000 -0.34500000
vn 1.00000000 0.00010000 -0.00010000
vn 1.00000000 -0.00000000 -0.00000000
vn 0.86950000 0.21540000 -0.44450000
vn 0.99990000 -0.00680000 0.01420000
vn 0.69510000 0.33160000 -0.63790000
vn 0.35770000 0.43080000 -0.82850000
vn 0.49820000 0.37800000 -0.78030000
vn -0.05350000 0.44380000 -0.89450000
vn -0.02710000 0.43760000 -0.89880000
vn -0.04920000 0.46070000 -0.88620000
vn -0.05360000 0.45220000 -0.89030000
vn -0.01550000 -0.64140000 -0.76710000
vn -0.02640000 -0.32400000 -0.94570000
vn 0.34090000 -0.63810000 -0.69030000
vn 0.38990000 -0.36240000 -0.84650000
vn 0.68030000 -0.49460000 -0.54080000
vn 0.69120000 -0.08910000 -0.71720000
vn 0.86000000 -0.31920000 -0.39820000
vn 0.89730000 0.20590000 -0.39030000
vn 0.99530000 0.04670000 -0.08430000
vn 0.17060000 0.11140000 -0.97900000
vn -0.03350000 0.04180000 -0.99860000
vn -0.04190000 0.47630000 -0.87830000
vn -0.03610000 0.40190000 -0.91500000
vn -0.07250000 0.52010000 -0.85100000
vn -0.12760000 0.53000000 -0.83840000
vn 0.31970000 0.24690000 -0.91480000
vn -0.05600000 0.46780000 -0.88210000
vn 0.41310000 0.42140000 -0.80730000
vn 0.06560000 0.46070000 -0.88510000
vn 0.69590000 0.33330000 -0.63610000
vn -0.00340000 -0.70690000 -0.70730000
vn -0.00620000 -0.36960000 -0.92920000
vn -0.00690000 -0.70690000 -0.70730000
vn -0.02610000 -0.35010000 -0.93640000
vn -0.01040000 -0.70690000 -0.70720000
vn -0.01420000 -0.69880000 -0.71520000
vn -0.00750000 -0.03150000 -0.99950000
vn -0.00780000 0.23310000 -0.97240000
vn -0.01680000 0.47610000 -0.87920000
vn -0.00770000 0.34510000 -0.93850000
vn -0.00760000 0.47530000 -0.87980000
vn -0.03360000 0.06990000 -0.99700000
vn -0.02590000 0.47700000 -0.87850000
vn -0.03510000 0.47300000 -0.88040000
vn 0.10650000 0.49130000 -0.86450000
vn 0.10770000 0.48550000 -0.86760000
vn 0.51250000 0.42480000 -0.74630000
vn 0.10840000 0.47960000 -0.87070000
vn 0.49000000 0.41600000 -0.76610000
vn 0.28140000 0.45770000 -0.84340000
vn 0.20450000 0.46670000 -0.86050000
vn 0.12050000 0.47310000 -0.87270000
vn 0.73450000 0.32400000 -0.59630000
vn 0.92630000 0.18660000 -0.32740000
vn 0.92950000 0.17620000 -0.32410000
vn 0.99340000 0.05620000 -0.10010000
vn 0.99340000 0.05550000 -0.10050000
vn 0.95810000 0.13680000 -0.25150000
vn 0.97940000 0.09640000 -0.17730000
vn 0.99330000 0.05500000 -0.10120000
vn 0.99340000 0.05700000 -0.10000000
vn 0.97860000 0.10180000 -0.17860000
vn 0.95630000 0.14480000 -0.25410000
vn 0.00420000 -0.63710000 -0.77070000
vn 0.00750000 -0.03430000 -0.99940000
vn 0.00140000 -0.63710000 -0.77080000
vn -0.00140000 -0.63680000 -0.77100000
vn -0.00760000 -0.02380000 -0.99970000
vn -0.00420000 -0.63720000 -0.77070000
vn 0.00760000 0.43490000 -0.90040000
vn 0.00260000 0.43420000 -0.90080000
vn -0.00270000 0.43480000 -0.90050000
vn -0.00770000 0.43460000 -0.90060000
vn -0.10830000 0.47390000 -0.87390000
vn -0.10800000 0.47960000 -0.87080000
vn -0.55080000 0.39830000 -0.73350000
vn -0.52140000 0.42210000 -0.74160000
vn -0.92630000 0.18660000 -0.32730000
vn -0.10800000 0.48550000 -0.86760000
vn -0.10650000 0.49130000 -0.86440000
vn -0.91870000 0.18870000 -0.34700000
vn -0.95630000 0.14470000 -0.25390000
vn -0.97870000 0.10170000 -0.17840000
vn -0.99340000 0.05690000 -0.09990000
vn -0.99340000 0.05620000 -0.10010000
vn -0.99340000 0.05550000 -0.10040000
vn -0.95250000 0.14550000 -0.26770000
vn -0.97740000 0.10100000 -0.18580000
vn -0.99340000 0.05480000 -0.10070000
vn 0.01580000 -0.66230000 -0.74910000
vn 0.02650000 -0.33090000 -0.94330000
vn 0.01260000 -0.63570000 -0.77180000
vn 0.00840000 -0.63540000 -0.77210000
vn 0.00730000 -0.08850000 -0.99610000
vn 0.00430000 -0.63560000 -0.77200000
vn 0.03320000 0.04540000 -0.99840000
vn 0.02600000 0.41520000 -0.90940000
vn 0.01680000 0.41560000 -0.90940000
vn 0.03520000 0.41530000 -0.90900000
vn 0.00750000 0.41630000 -0.90920000
vn -0.99520000 0.04710000 -0.08530000
vn -0.83870000 0.25350000 -0.48200000
vn -0.92080000 -0.20270000 -0.33320000
vn -0.69150000 -0.08930000 -0.71680000
vn -0.80560000 -0.35650000 -0.47310000
vn -0.58430000 -0.52400000 -0.61970000
vn -0.39000000 -0.36250000 -0.84650000
vn -0.29000000 -0.62670000 -0.72330000
vn 0.02620000 -0.32780000 -0.94440000
vn 0.01460000 -0.65420000 -0.75610000
vn -0.50470000 0.39970000 -0.76520000
vn -0.32100000 0.24600000 -0.91460000
vn -0.17110000 0.11040000 -0.97910000
vn 0.03340000 0.04150000 -0.99860000
vn 0.04180000 0.47630000 -0.87830000
vn 0.03570000 0.40540000 -0.91350000
vn -0.05800000 0.46080000 -0.88560000
vn 0.05100000 0.46590000 -0.88340000
vn 0.10540000 0.49500000 -0.86250000
vn 0.11310000 0.54200000 -0.83270000
vn -0.98740000 0.06620000 -0.14400000
vn -0.86090000 0.21260000 -0.46230000
vn -0.98740000 0.06850000 -0.14280000
vn -0.62430000 0.32660000 -0.70960000
vn -0.83540000 0.25360000 -0.48770000
vn -0.07480000 0.43180000 -0.89880000
vn -0.50790000 0.39740000 -0.76430000
vn -0.07560000 0.44590000 -0.89190000
vn -0.07080000 0.46010000 -0.88500000
vn -0.06980000 0.41770000 -0.90590000
vn -0.99370000 0.05170000 -0.09930000
vn -0.98740000 0.07080000 -0.14170000
vn 0.03710000 0.59040000 -0.80620000
vn 0.05080000 0.57530000 -0.81640000
vn 0.02860000 0.88750000 -0.45980000
vn 0.03740000 0.92010000 -0.38990000
vn 0.01880000 0.98930000 -0.14470000
vn 0.02250000 0.99830000 -0.05300000
vn 0.00550000 0.97270000 0.23210000
vn 0.00400000 0.95280000 0.30350000
vn 0.00120000 0.93910000 0.34360000
vn -0.00090000 0.92090000 0.38980000
vn -0.00970000 0.83220000 0.55430000
vn -0.00570000 0.88180000 0.47160000
vn -0.01080000 0.83310000 0.55300000
vn -0.00860000 0.83200000 0.55460000
vn -0.00310000 0.89310000 0.44990000
vn -0.00750000 0.83260000 0.55380000
vn 0.99260000 0.05580000 -0.10750000
vn 0.89060000 0.20950000 -0.40370000
vn 0.99040000 0.06170000 -0.12370000
vn 0.67620000 0.33940000 -0.65390000
vn 0.85960000 0.21330000 -0.46430000
vn 0.63050000 0.32420000 -0.70520000
vn 0.14720000 0.42780000 -0.89180000
vn 0.14140000 0.41410000 -0.89920000
vn 0.14840000 0.44170000 -0.88480000
vn 0.37650000 0.42680000 -0.82230000
vn 0.16250000 0.45460000 -0.87580000
vn 0.99040000 0.05770000 -0.12570000
vn 0.99040000 0.05970000 -0.12470000
vn -0.00290000 0.72940000 0.68400000
vn 0.01240000 0.95490000 0.29660000
vn 0.42330000 0.67970000 0.59900000
vn 0.02570000 0.98650000 -0.16200000
vn 0.48840000 0.86760000 0.09350000
vn 0.03370000 0.80940000 -0.58630000
vn 0.32050000 0.81340000 -0.48550000
vn 0.06330000 0.50300000 -0.86190000
vn 0.08420000 0.48600000 -0.86990000
vn 0.03500000 0.47140000 -0.88120000
vn 0.03640000 0.46110000 -0.88660000
vn 0.30380000 0.43710000 -0.84650000
vn 0.53090000 0.62010000 -0.57760000
vn 0.83180000 0.55210000 -0.05700000
vn 0.69670000 0.54840000 0.46240000
vn 0.05220000 0.46100000 -0.88590000
vn 0.66330000 0.33900000 -0.66710000
vn 0.91050000 0.18170000 -0.37140000
vn 0.99970000 -0.00130000 -0.02240000
vn 0.91270000 0.31390000 0.26160000
vn 0.00350000 0.99920000 -0.04040000
vn 0.00620000 0.97930000 0.20240000
vn 0.00050000 0.94900000 0.31530000
vn -0.00430000 0.85290000 0.52200000
vn -0.00290000 0.85240000 0.52290000
vn 0.01810000 0.98640000 -0.16320000
vn 0.00560000 0.93190000 -0.36280000
vn 0.02750000 0.86150000 -0.50700000
vn 0.02470000 0.60410000 -0.79650000
vn 0.03330000 0.61920000 -0.78460000
vn 0.00710000 0.62160000 -0.78330000
vn 0.01590000 0.60260000 -0.79790000
vn -0.00660000 0.83950000 0.54340000
vn -0.00170000 0.85250000 0.52280000
vn -0.00080000 0.88970000 0.45660000
vn -0.00020000 0.92200000 0.38730000
vn 0.03880000 0.46030000 -0.88690000
vn 0.04980000 0.46870000 -0.88190000
vn 0.05280000 0.46000000 -0.88640000
vn 0.05120000 0.46620000 -0.88320000
vn 0.03870000 0.44570000 -0.89440000
vn 0.04250000 0.46020000 -0.88680000
vn -0.58140000 -0.52990000 -0.61740000
vn -0.06550000 -0.66810000 -0.74110000
vn -0.37300000 -0.20170000 -0.90560000
vn -0.06030000 -0.25870000 -0.96410000
vn -0.03930000 0.36620000 -0.92970000
vn -0.04900000 0.41860000 -0.90690000
vn -0.06340000 0.41730000 -0.90650000
vn -0.60530000 0.00700000 -0.79590000
vn -0.08620000 0.41800000 -0.90440000
vn -0.76610000 0.25480000 -0.59010000
vn -0.12750000 0.42730000 -0.89510000
vn -0.99570000 0.00140000 -0.09240000
vn -0.85740000 -0.32070000 -0.40240000
vn -0.99390000 0.04790000 -0.09890000
vn -0.76380000 0.28100000 -0.58100000
vn -0.99410000 0.04810000 -0.09710000
vn -0.87310000 0.22470000 -0.43280000
vn -0.99410000 0.04900000 -0.09660000
vn -0.99350000 0.05240000 -0.10100000
vn -0.15060000 0.43040000 -0.89000000
vn -0.21980000 0.42950000 -0.87590000
vn -0.61660000 0.36280000 -0.69870000
vn -0.24490000 0.43340000 -0.86730000
vn -0.25290000 0.43640000 -0.86350000
vn -0.26440000 0.44440000 -0.85590000
vn -0.99180000 0.06740000 -0.10850000
vn -0.86950000 0.23630000 -0.43370000
vn -0.89350000 0.40120000 0.20190000
vn -0.82930000 0.55560000 -0.05930000
vn -0.71580000 0.59400000 0.36720000
vn -0.49930000 0.86210000 0.08660000
vn -0.40660000 0.75940000 0.50790000
vn -0.04050000 0.80900000 0.58650000
vn -0.04660000 0.93710000 0.34580000
vn -0.37350000 0.84460000 -0.38360000
vn -0.05420000 0.99150000 -0.11830000
vn -0.16770000 0.63730000 -0.75220000
vn -0.05410000 0.93260000 -0.35690000
vn -0.04660000 0.66880000 -0.74200000
vn -0.60750000 0.62730000 -0.48730000
vn -0.61700000 0.37000000 -0.69460000
vn -0.25670000 0.55550000 -0.79090000
vn -0.27220000 0.44850000 -0.85130000
vn -0.00820000 0.65520000 -0.75540000
vn -0.00820000 0.69170000 -0.72220000
vn -0.03360000 0.67900000 -0.73330000
vn -0.00800000 0.75660000 -0.65380000
vn -0.00680000 0.91430000 -0.40490000
vn -0.02440000 0.93500000 -0.35380000
vn -0.00400000 0.99940000 -0.03500000
vn -0.01730000 0.99260000 -0.12040000
vn -0.00150000 0.94240000 0.33450000
vn -0.00030000 0.93620000 0.35150000
vn 0.00590000 0.82390000 0.56670000
vn 0.00410000 0.82430000 0.56620000
vn 0.00210000 0.82390000 0.56670000
vn 0.00810000 0.81980000 0.57260000
vn 1.00000000 -0.00000000 -0.00000000
vn 0.89770000 0.20440000 -0.39030000
vn 1.00000000 0.00010000 -0.00010000
vn 0.92350000 0.16680000 -0.34550000
vn 1.00000000 -0.00000000 0.00010000
vn 1.00000000 0.00100000 -0.00180000
vn 0.62450000 0.36250000 -0.69180000
vn 0.70340000 0.30910000 -0.64010000
vn 0.30340000 0.44260000 -0.84380000
vn 0.37390000 0.40330000 -0.83520000
vn -0.00720000 0.44480000 -0.89560000
vn -0.00850000 0.43480000 -0.90050000
vn -0.00860000 0.45470000 -0.89060000
vn 0.15580000 0.45890000 -0.87470000
vn -0.00830000 0.46460000 -0.88550000
vn 0.99520000 0.00650000 -0.09800000
vn 0.90370000 0.15520000 -0.39900000
vn 0.92250000 -0.21900000 -0.31780000
vn 0.70290000 0.28560000 -0.65140000
vn 0.58520000 0.00360000 -0.81090000
vn 0.41700000 0.38090000 -0.82520000
vn 0.03350000 0.41400000 -0.90970000
vn 0.07990000 0.42880000 -0.89980000
vn 0.00600000 0.41510000 -0.90980000
vn 0.34530000 -0.21580000 -0.91330000
vn 0.59370000 -0.53950000 -0.59700000
vn 0.26810000 -0.63940000 -0.72070000
vn 0.01240000 -0.08460000 -0.99630000
vn 0.04400000 -0.66770000 -0.74310000
vn 0.00120000 0.40250000 -0.91540000
vn -0.00880000 0.36420000 -0.93130000
vn -0.00610000 -0.66560000 -0.74630000
vn -0.01240000 -0.07570000 -0.99710000
vn -0.00970000 -0.64240000 -0.76630000
vn -0.02780000 -0.25110000 -0.96760000
vn -0.01310000 -0.64160000 -0.76700000
vn -0.01540000 -0.66410000 -0.74750000
vn -0.01380000 0.37430000 -0.92720000
vn -0.02070000 0.37360000 -0.92730000
vn -0.02760000 0.37430000 -0.92690000
vn -0.03080000 0.37420000 -0.92680000
vn 0.00240000 0.83700000 0.54720000
vn -0.00380000 0.99820000 0.06040000
vn -0.32200000 0.77830000 0.53890000
vn -0.46720000 0.88390000 0.01980000
vn -0.70220000 0.60800000 0.37040000
vn -0.80710000 0.57730000 -0.12350000
vn -0.89510000 0.40300000 0.19060000
vn -0.99420000 0.04970000 -0.09480000
vn -0.85110000 0.23100000 -0.47140000
vn -0.54320000 0.61820000 -0.56810000
vn -0.56370000 0.36100000 -0.74290000
vn -0.14580000 0.49870000 -0.85440000
vn -0.17710000 0.42870000 -0.88590000
vn -0.31770000 0.82200000 -0.47270000
vn -0.00920000 0.89680000 -0.44230000
vn -0.08240000 0.53960000 -0.83790000
vn -0.01230000 0.55950000 -0.82870000
vn -0.99940000 -0.02460000 -0.02460000
vn -0.87830000 -0.33800000 -0.33800000
vn -0.99940000 -0.02480000 -0.02470000
vn -0.88090000 -0.33460000 -0.33470000
vn -0.56950000 -0.58120000 -0.58120000
vn -0.59600000 -0.56780000 -0.56780000
vn 0.01160000 -0.70710000 -0.70700000
vn 0.01240000 -0.70710000 -0.70700000
vn -1.00000000 -0.00000000 -0.00000000
vn -1.00000000 -0.00000000 -0.00000000
vn -1.00000000 -0.00000000 -0.00000000
vn -1.00000000 -0.00000000 -0.00000000
vn -1.00000000 -0.00000000 0.00010000
vn -1.00000000 -0.00000000 -0.00000000
vn -1.00000000 -0.00000000 -0.00000000
vn -1.00000000 -0.00000000 0.00010000
vn -1.00000000 -0.00000000 -0.00000000
vn -1.00000000 -0.00000000 -0.00000000
vn 0.03780000 0.70660000 0.70660000
vn 0.04120000 0.70650000 0.70650000
vn -0.36130000 0.65930000 0.65940000
vn -0.58830000 0.57180000 0.57180000
vn -0.69560000 0.50800000 0.50800000
vn -0.86980000 0.34880000 0.34890000
vn -0.88420000 0.33030000 0.33030000
vn -0.99980000 0.01560000 0.01560000
vn -0.99970000 0.01610000 0.01620000
vn 0.00390000 0.70710000 0.70710000
vn 0.00730000 0.70700000 0.70720000
vn 0.00730000 0.70700000 0.70710000
vn 0.00390000 0.70710000 0.70710000
vn 0.00730000 0.70700000 0.70720000
vn 0.01070000 0.70710000 0.70700000
vn 0.01070000 0.70710000 0.70700000
vn 0.01400000 0.70700000 0.70700000
vn 0.01410000 0.70710000 0.70700000
vn 0.01410000 0.70710000 0.70700000
vn 1.00000000 -0.00000000 -0.00000000
vn 1.00000000 0.00010000 -0.00020000
vn 1.00000000 -0.00000000 -0.00000000
vn 1.00000000 0.00010000 -0.00020000
vn 1.00000000 -0.00000000 0.00010000
vn 1.00000000 -0.00000000 -0.00000000
vn 1.00000000 -0.00010000 0.00010000
vn 1.00000000 0.00010000 -0.00020000
vn 1.00000000 -0.00000000 -0.00000000
vn 1.00000000 -0.00010000 0.00010000
vn 1.00000000 -0.00010000 0.00010000
vn 1.00000000 -0.00000000 -0.00000000
vn 1.00000000 -0.00000000 -0.00000000
vn 1.00000000 -0.00000000 -0.00000000
vn 1.00000000 -0.00010000 -0.00010000
vn 1.00000000 -0.00000000 -0.00000000
vn 1.00000000 -0.00000000 -0.00000000
vn 1.00000000 -0.00000000 -0.00000000
vn 1.00000000 -0.00000000 0.00010000
vn 1.00000000 -0.00000000 0.00010000
vn 1.00000000 -0.00000000 -0.00000000
vn -0.03460000 -0.70670000 -0.70670000
vn -0.03560000 -0.70670000 -0.70670000
vn 0.23700000 -0.68700000 -0.68700000
vn 0.57410000 -0.57900000 -0.57890000
vn 0.60840000 -0.56120000 -0.56110000
vn 0.69050000 -0.51150000 -0.51140000
vn 0.87540000 -0.34180000 -0.34170000
vn 0.94200000 -0.23740000 -0.23740000
vn 0.93910000 -0.24310000 -0.24310000
vn 0.99950000 -0.02340000 -0.02340000
vn 0.99950000 -0.02210000 -0.02220000
vn -0.01360000 -0.70700000 -0.70710000
vn -0.01360000 -0.70700000 -0.70700000
vn -0.01350000 -0.70700000 -0.70700000
vn -0.01080000 -0.70700000 -0.70710000
vn -0.01090000 -0.70700000 -0.70710000
vn -0.01040000 -0.70710000 -0.70710000
vn -0.01070000 -0.70710000 -0.70710000
vn -0.00820000 -0.70700000 -0.70720000
vn -0.00810000 -0.70700000 -0.70720000
vn -0.00840000 -0.70700000 -0.70710000
vn -0.00860000 -0.70700000 -0.70710000
vn -0.00540000 -0.70710000 -0.70710000
vn -0.00540000 -0.70710000 -0.70710000
vn -0.72940000 0.27410000 -0.62680000
vn -0.15190000 0.42890000 -0.89050000
vn -0.63020000 -0.02390000 -0.77610000
vn -0.14680000 0.37030000 -0.91720000
vn -0.38020000 -0.24380000 -0.89220000
vn -0.10320000 0.32400000 -0.94040000
vn -0.04330000 -0.29530000 -0.95440000
vn -0.03630000 0.31810000 -0.94740000
vn -0.03650000 -0.65960000 -0.75080000
vn -0.56590000 -0.54830000 -0.61580000
vn -0.86450000 -0.31420000 -0.39240000
vn -0.99570000 0.00800000 -0.09250000
vn -0.15570000 0.45570000 -0.87640000
vn -0.18170000 0.42880000 -0.88490000
vn -0.55800000 0.38280000 -0.73630000
vn -0.73390000 0.29620000 -0.61130000
vn -0.85630000 0.23830000 -0.45830000
vn -0.99410000 0.04820000 -0.09720000
vn -0.99410000 0.04920000 -0.09680000
vn -0.99420000 0.04680000 -0.09650000
vn -0.99410000 0.04990000 -0.09600000
vn -0.01790000 0.92350000 -0.38330000
vn -0.03160000 0.62590000 -0.77930000
vn -0.32500000 0.83360000 -0.44660000
vn -0.12200000 0.59150000 -0.79700000
vn -0.17910000 0.52850000 -0.82990000
vn -0.17230000 0.45580000 -0.87330000
vn -0.56160000 0.39170000 -0.72880000
vn -0.55260000 0.63490000 -0.53990000
vn -0.80520000 0.58570000 -0.09300000
vn -0.46200000 0.88560000 0.04800000
vn -0.59530000 0.67410000 0.43730000
vn 0.01620000 0.82040000 0.57150000
vn -0.85190000 0.25660000 -0.45650000
vn -0.99180000 0.07620000 -0.10300000
vn -0.87260000 0.43640000 0.21940000
vn -0.00060000 0.99420000 0.10780000
vn -0.03410000 0.63540000 -0.77140000
vn -0.02490000 0.92500000 -0.37920000
vn -0.01050000 0.65910000 -0.75200000
vn -0.00680000 0.94360000 -0.33110000
vn -0.00400000 0.99960000 -0.02960000
vn -0.00980000 0.99460000 0.10320000
vn -0.00070000 0.95120000 0.30860000
vn 0.00590000 0.82580000 0.56400000
vn 0.00030000 0.91760000 0.39760000
vn 0.00400000 0.82570000 0.56410000
vn 0.00110000 0.87670000 0.48110000
vn 0.00210000 0.82620000 0.56340000
vn 0.00760000 0.82770000 0.56110000
vn 0.10710000 0.43310000 -0.89490000
vn 0.15320000 0.45780000 -0.87580000
vn 0.52330000 0.37120000 -0.76700000
vn 0.66950000 0.34450000 -0.65810000
vn 0.83830000 0.23750000 -0.49080000
vn 0.86930000 0.22930000 -0.43780000
vn 0.98670000 0.07230000 -0.14540000
vn 0.98670000 0.07380000 -0.14460000
vn 0.98700000 0.07460000 -0.14240000
vn 0.99240000 0.05340000 -0.11050000
vn -0.01510000 0.37780000 -0.92570000
vn 0.02340000 0.36560000 -0.93050000
vn -0.00140000 0.01920000 -0.99980000
vn 0.34290000 -0.22960000 -0.91090000
vn 0.00960000 -0.33950000 -0.94050000
vn 0.01960000 -0.65870000 -0.75210000
vn 0.57640000 -0.58320000 -0.57240000
vn 0.68620000 -0.51870000 -0.51010000
vn 0.59060000 -0.00740000 -0.80690000
vn 0.86540000 -0.34470000 -0.36360000
vn 0.92960000 -0.23900000 -0.28070000
vn 0.83950000 0.20730000 -0.50220000
vn 0.99460000 0.00710000 -0.10360000
vn 0.04530000 0.38640000 -0.92120000
vn 0.06550000 0.41460000 -0.90760000
vn 0.50610000 0.35770000 -0.78480000
vn 0.06920000 0.43510000 -0.89770000
vn -0.01370000 0.37850000 -0.92550000
vn -0.01290000 0.01800000 -0.99980000
vn -0.03450000 0.31940000 -0.94700000
vn -0.02680000 -0.29740000 -0.95440000
vn -0.01020000 -0.34240000 -0.93950000
vn -0.01290000 -0.64600000 -0.76320000
vn -0.00970000 -0.64560000 -0.76360000
vn -0.00620000 -0.66180000 -0.74970000
vn -0.01540000 -0.66280000 -0.74870000
vn -0.03460000 0.46330000 -0.88550000
vn -0.03460000 0.46340000 -0.88550000
vn -0.01150000 0.46360000 -0.88600000
vn -0.01440000 0.43320000 -0.90120000
vn -0.01160000 0.43570000 -0.90000000
vn -0.01170000 0.43570000 -0.90000000
vn -0.01320000 0.43360000 -0.90100000
vn -0.01220000 0.43530000 -0.90020000
vn -0.01210000 0.43530000 -0.90020000
vn -0.01220000 0.43330000 -0.90120000
vn -0.03450000 0.43300000 -0.90070000
vn -0.03460000 0.43300000 -0.90080000
vn -0.03690000 0.46210000 -0.88610000
vn -0.03700000 0.46210000 -0.88600000
vn -0.03590000 0.46290000 -0.88570000
vn -0.03560000 0.43400000 -0.90020000
vn -0.03710000 0.43420000 -0.90010000
vn -0.03700000 0.43420000 -0.90000000
vn -0.03740000 0.43540000 -0.89950000
vn -0.03770000 0.46090000 -0.88670000
vn -0.08000000 0.34590000 -0.93480000
vn -0.07280000 0.35500000 -0.93200000
vn -0.07620000 0.35080000 -0.93330000
vn -0.07290000 0.35480000 -0.93210000
vn -0.07300000 0.35460000 -0.93220000
vn -0.07310000 0.35440000 -0.93220000
vn -0.07940000 0.34670000 -0.93460000
vn -0.08300000 0.34130000 -0.93630000
vn -0.08620000 0.33590000 -0.93790000
vn -0.08650000 0.33540000 -0.93810000
vn -0.08950000 0.32910000 -0.94010000
vn -0.09100000 0.32560000 -0.94110000
vn -0.09090000 0.32550000 -0.94110000
vn -0.09090000 0.32560000 -0.94110000
vn -0.09220000 0.32200000 -0.94220000
vn -0.09420000 0.31460000 -0.94450000
vn -0.09420000 0.31480000 -0.94450000
vn -0.09560000 0.30870000 -0.94640000
vn -0.09570000 0.30800000 -0.94660000
vn -0.09630000 0.30330000 -0.94800000
vn -0.09630000 0.30340000 -0.94800000
vn -0.09630000 0.30280000 -0.94820000
vn -0.09630000 0.30260000 -0.94820000
vn -0.09650000 0.30090000 -0.94880000
vn -0.09640000 0.30080000 -0.94880000
vn -0.09640000 0.30090000 -0.94880000
vn -0.09560000 0.29280000 -0.95140000
vn -0.09630000 0.29800000 -0.94970000
vn -0.09650000 0.29890000 -0.94940000
vn -0.09640000 0.29900000 -0.94940000
vn -0.09270000 0.27830000 -0.95600000
vn -0.09400000 0.28340000 -0.95440000
vn -0.09560000 0.29170000 -0.95170000
vn -0.09180000 0.27560000 -0.95690000
vn -0.08780000 0.26520000 -0.96020000
vn -0.08920000 0.26840000 -0.95920000
vn -0.08590000 0.26130000 -0.96140000
vn -0.08520000 0.26000000 -0.96180000
vn -0.08200000 0.25450000 -0.96360000
vn -0.07770000 0.24800000 -0.96560000
vn -0.07750000 0.24790000 -0.96570000
vn -0.07260000 0.24170000 -0.96760000
vn -0.07220000 0.24120000 -0.96780000
vn -0.06710000 0.23590000 -0.96950000
vn -0.06160000 0.23080000 -0.97110000
vn -0.06110000 0.23040000 -0.97120000
vn -0.05460000 0.22540000 -0.97270000
vn -0.05700000 0.22680000 -0.97230000
vn -0.05050000 0.22230000 -0.97370000
vn -0.04730000 0.22080000 -0.97420000
vn -0.04370000 0.21820000 -0.97490000
vn -0.04030000 0.21670000 -0.97540000
vn -0.04030000 0.21660000 -0.97540000
vn -0.03630000 0.21490000 -0.97600000
vn -0.03270000 0.21310000 -0.97650000
vn -0.03260000 0.21310000 -0.97650000
vn -0.02890000 0.21160000 -0.97690000
vn -0.02480000 0.21010000 -0.97740000
vn -0.02450000 0.20990000 -0.97740000
vn -0.01540000 0.20720000 -0.97820000
vn -0.01660000 0.20800000 -0.97800000
vn -0.00580000 0.20580000 -0.97860000
vn -0.00590000 0.20580000 -0.97860000
vn -0.00760000 0.20600000 -0.97850000
vn -0.00000000 0.20530000 -0.97870000
vn -0.00020000 0.20530000 -0.97870000
vn -0.00010000 0.20530000 -0.97870000
vn -0.08080000 0.25280000 -0.96410000
vn -0.04930000 0.22180000 -0.97390000
vn -0.03550000 0.21430000 -0.97610000
vn -0.02080000 0.20890000 -0.97770000
vn -0.00020000 0.20530000 -0.97870000
vn -0.00070000 0.20530000 -0.97870000
vn -0.00060000 0.20530000 -0.97870000
vn -0.00170000 0.20530000 -0.97870000
vn -0.00160000 0.20540000 -0.97870000
vn -0.00280000 0.20540000 -0.97870000
vn -0.00430000 0.20570000 -0.97860000
vn -0.00430000 0.20560000 -0.97860000
vn -0.06290000 0.23180000 -0.97070000
vn -0.06830000 0.23700000 -0.96910000
vn -0.09100000 0.27280000 -0.95780000
vn -0.09470000 0.28680000 -0.95330000
vn 0.07320000 0.35440000 -0.93220000
vn 0.07300000 0.35460000 -0.93220000
vn 0.07670000 0.35020000 -0.93350000
vn 0.07270000 0.35480000 -0.93210000
vn 0.07250000 0.35490000 -0.93210000
vn 0.07980000 0.34590000 -0.93490000
vn 0.08060000 0.34500000 -0.93510000
vn 0.08460000 0.33870000 -0.93710000
vn 0.08650000 0.33590000 -0.93790000
vn 0.08840000 0.33150000 -0.93930000
vn 0.09120000 0.32580000 -0.94100000
vn 0.09150000 0.32390000 -0.94160000
vn 0.09430000 0.31470000 -0.94450000
vn 0.09400000 0.31610000 -0.94410000
vn 0.09570000 0.30810000 -0.94650000
vn 0.09620000 0.30340000 -0.94800000
vn 0.09640000 0.30220000 -0.94830000
vn 0.09640000 0.30230000 -0.94830000
vn 0.09640000 0.29900000 -0.94940000
vn 0.09640000 0.29910000 -0.94940000
vn 0.09640000 0.30020000 -0.94900000
vn 0.09640000 0.30010000 -0.94900000
vn 0.09600000 0.29490000 -0.95070000
vn 0.09480000 0.28690000 -0.95330000
vn 0.09480000 0.28700000 -0.95320000
vn 0.09300000 0.27930000 -0.95570000
vn 0.09080000 0.27290000 -0.95770000
vn 0.09080000 0.27250000 -0.95780000
vn 0.08840000 0.26670000 -0.95970000
vn 0.08530000 0.26020000 -0.96180000
vn 0.08250000 0.25480000 -0.96350000
vn 0.07780000 0.24820000 -0.96560000
vn 0.07470000 0.24420000 -0.96680000
vn 0.06850000 0.23720000 -0.96900000
vn 0.06610000 0.23490000 -0.96980000
vn 0.06610000 0.23500000 -0.96980000
vn 0.06300000 0.23190000 -0.97070000
vn 0.06290000 0.23190000 -0.97070000
vn 0.05570000 0.22610000 -0.97250000
vn 0.05710000 0.22740000 -0.97210000
vn 0.05000000 0.22310000 -0.97350000
vn 0.04400000 0.21860000 -0.97480000
vn 0.04370000 0.21860000 -0.97480000
vn 0.04370000 0.21850000 -0.97480000
vn 0.04370000 0.21850000 -0.97490000
vn 0.04030000 0.21670000 -0.97540000
vn 0.04030000 0.21680000 -0.97540000
vn 0.03680000 0.21450000 -0.97600000
vn 0.03680000 0.21460000 -0.97600000
vn 0.03270000 0.21300000 -0.97650000
vn 0.03260000 0.21300000 -0.97650000
vn 0.02920000 0.21170000 -0.97690000
vn 0.03120000 0.21250000 -0.97670000
vn 0.03110000 0.21250000 -0.97670000
vn 0.02470000 0.21000000 -0.97740000
vn 0.01790000 0.20810000 -0.97790000
vn 0.01690000 0.20790000 -0.97800000
vn 0.00640000 0.20550000 -0.97860000
vn 0.00590000 0.20560000 -0.97860000
vn 0.00010000 0.20530000 -0.97870000
vn -0.00000000 0.20530000 -0.97870000
vn 0.00030000 0.20530000 -0.97870000
vn 0.00290000 0.20550000 -0.97860000
vn 0.00290000 0.20550000 -0.97870000
vn 0.00170000 0.20550000 -0.97870000
vn 0.00160000 0.20540000 -0.97870000
vn 0.01590000 0.20750000 -0.97810000
vn 0.00460000 0.20560000 -0.97860000
vn 0.00070000 0.20530000 -0.97870000
vn 0.00110000 0.20550000 -0.97870000
vn 0.00030000 0.20530000 -0.97870000
vn -0.14090000 0.06060000 -0.98820000
vn -0.12900000 0.05270000 -0.99020000
vn -0.13790000 0.04560000 -0.98940000
vn -0.10790000 0.04170000 -0.99330000
vn -0.10760000 0.03330000 -0.99360000
vn -0.08750000 0.03300000 -0.99560000
vn -0.07690000 0.02430000 -0.99670000
vn -0.06600000 0.02520000 -0.99750000
vn -0.04290000 0.01620000 -0.99890000
vn -0.03510000 0.01560000 -0.99930000
vn -0.00000000 0.00420000 -1.00000000
vn -0.14230000 0.07730000 -0.98680000
vn -0.13220000 0.07170000 -0.98860000
vn -0.11470000 0.05910000 -0.99160000
vn -0.09670000 0.04740000 -0.99420000
vn -0.07870000 0.03730000 -0.99620000
vn -0.05930000 0.02790000 -0.99780000
vn -0.03220000 0.01640000 -0.99930000
vn -0.14260000 0.08550000 -0.98610000
vn -0.12860000 0.09340000 -0.98730000
vn -0.11390000 0.07920000 -0.99030000
vn -0.09390000 0.08700000 -0.99180000
vn -0.08210000 0.07260000 -0.99400000
vn -0.06350000 0.07900000 -0.99490000
vn -0.05440000 0.06510000 -0.99640000
vn -0.03740000 0.06970000 -0.99690000
vn -0.03080000 0.05520000 -0.99800000
vn -0.01570000 0.05720000 -0.99820000
vn -0.01200000 0.04210000 -0.99900000
vn -0.00020000 0.04240000 -0.99910000
vn -0.00000000 0.02330000 -0.99970000
vn 0.00650000 0.02350000 -0.99970000
vn -0.14380000 0.09390000 -0.98510000
vn -0.14170000 0.10930000 -0.98390000
vn -0.10580000 0.10240000 -0.98910000
vn -0.11630000 0.11930000 -0.98600000
vn -0.08130000 0.11050000 -0.99050000
vn -0.08920000 0.12840000 -0.98770000
vn -0.05520000 0.11720000 -0.99160000
vn -0.06040000 0.13550000 -0.98890000
vn -0.02810000 0.12170000 -0.99220000
vn -0.03080000 0.14080000 -0.98960000
vn -0.00020000 0.12360000 -0.99230000
vn -0.00010000 0.14210000 -0.98990000
vn 0.02800000 0.12180000 -0.99220000
vn 0.03060000 0.14050000 -0.98960000
vn 0.05540000 0.11720000 -0.99160000
vn 0.06060000 0.13580000 -0.98890000
vn 0.08140000 0.11090000 -0.99050000
vn 0.08930000 0.12840000 -0.98770000
vn 0.10620000 0.10230000 -0.98910000
vn 0.11650000 0.11920000 -0.98600000
vn 0.14410000 0.09500000 -0.98500000
vn 0.15230000 0.11310000 -0.98180000
vn 0.12740000 0.14050000 -0.98190000
vn 0.16270000 0.12900000 -0.97820000
vn 0.17490000 0.14880000 -0.97330000
vn 0.17060000 0.13130000 -0.97660000
vn 0.18080000 0.13480000 -0.97420000
vn 0.17890000 0.14750000 -0.97270000
vn 0.19590000 0.13530000 -0.97120000
vn 0.19080000 0.16910000 -0.96690000
vn 0.21830000 0.13440000 -0.96660000
vn 0.23400000 0.15650000 -0.95960000
vn 0.25660000 0.13000000 -0.95770000
vn 0.26860000 0.14560000 -0.95220000
vn 0.28050000 0.16340000 -0.94590000
vn 0.24770000 0.18030000 -0.95190000
vn 0.29150000 0.18360000 -0.93880000
vn 0.25910000 0.20550000 -0.94370000
vn 0.30120000 0.20630000 -0.93100000
vn 0.26800000 0.23190000 -0.93510000
vn 0.30830000 0.22930000 -0.92330000
vn 0.27380000 0.25810000 -0.92650000
vn 0.31300000 0.25250000 -0.91560000
vn 0.31540000 0.27660000 -0.90780000
vn 0.27720000 0.28650000 -0.91710000
vn 0.31590000 0.30270000 -0.89920000
vn 0.27830000 0.31770000 -0.90640000
vn 0.31180000 0.34900000 -0.88370000
vn 0.27700000 0.34600000 -0.89640000
vn 0.27350000 0.37120000 -0.88730000
vn 0.22120000 0.36780000 -0.90320000
vn 0.26720000 0.39620000 -0.87840000
vn 0.21670000 0.39110000 -0.89450000
vn 0.25850000 0.42060000 -0.86960000
vn 0.21040000 0.41400000 -0.88560000
vn 0.24740000 0.44400000 -0.86120000
vn 0.20230000 0.43610000 -0.87690000
vn 0.23430000 0.46600000 -0.85320000
vn 0.19260000 0.45720000 -0.86830000
vn 0.21950000 0.48660000 -0.84560000
vn 0.18130000 0.47730000 -0.85990000
vn 0.20310000 0.50580000 -0.83840000
vn 0.16870000 0.49630000 -0.85160000
vn 0.18530000 0.52360000 -0.83160000
vn 0.15480000 0.51410000 -0.84370000
vn 0.16630000 0.53970000 -0.82530000
vn 0.13970000 0.53070000 -0.83600000
vn 0.14590000 0.55440000 -0.81930000
vn 0.12360000 0.54620000 -0.82850000
vn 0.13330000 0.56120000 -0.81690000
vn 0.10630000 0.56040000 -0.82140000
vn 0.09590000 0.57640000 -0.81160000
vn 0.08800000 0.57350000 -0.81440000
vn 0.05460000 0.58750000 -0.80740000
vn 0.08240000 0.57140000 -0.81650000
vn 0.05300000 0.58220000 -0.81130000
vn 0.07020000 0.56710000 -0.82060000
vn 0.04140000 0.57890000 -0.81440000
vn 0.05490000 0.56260000 -0.82490000
vn 0.02860000 0.57600000 -0.81690000
vn 0.03780000 0.55880000 -0.82840000
vn 0.01470000 0.57420000 -0.81860000
vn 0.01920000 0.55630000 -0.83080000
vn -0.00020000 0.55530000 -0.83160000
vn -0.00000000 0.53900000 -0.84230000
vn -0.02310000 0.53990000 -0.84140000
vn -0.02180000 0.52510000 -0.85080000
vn -0.04300000 0.52550000 -0.84970000
vn -0.14780000 0.10480000 -0.98340000
vn -0.15510000 0.11730000 -0.98090000
vn -0.15600000 0.13120000 -0.97900000
vn -0.16430000 0.12710000 -0.97820000
vn -0.17470000 0.13310000 -0.97560000
vn -0.16810000 0.15090000 -0.97420000
vn -0.18540000 0.13550000 -0.97330000
vn -0.19830000 0.14110000 -0.96990000
vn -0.19590000 0.13530000 -0.97120000
vn -0.20870000 0.13170000 -0.96910000
vn -0.22750000 0.13130000 -0.96490000
vn -0.21960000 0.12520000 -0.96750000
vn -0.22830000 0.11710000 -0.96650000
vn -0.23460000 0.10750000 -0.96610000
vn -0.24680000 0.11910000 -0.96170000
vn -0.26020000 0.13430000 -0.95620000
vn -0.24400000 0.15350000 -0.95750000
vn -0.21200000 0.16310000 -0.96360000
vn -0.17910000 0.17240000 -0.96860000
vn -0.13660000 0.16030000 -0.97760000
vn -0.14520000 0.18130000 -0.97260000
vn -0.10400000 0.16880000 -0.98020000
vn -0.11000000 0.18910000 -0.97580000
vn -0.07010000 0.17520000 -0.98200000
vn -0.07390000 0.19510000 -0.97800000
vn -0.03540000 0.17940000 -0.98310000
vn -0.03720000 0.19900000 -0.97930000
vn -0.00020000 0.18080000 -0.98350000
vn -0.00000000 0.19990000 -0.97980000
vn 0.03510000 0.17940000 -0.98310000
vn 0.03700000 0.19900000 -0.97930000
vn 0.07000000 0.17500000 -0.98210000
vn 0.07380000 0.19520000 -0.97800000
vn 0.10390000 0.16890000 -0.98010000
vn 0.10990000 0.18920000 -0.97580000
vn 0.13690000 0.16010000 -0.97760000
vn 0.14520000 0.18110000 -0.97270000
vn 0.18590000 0.17050000 -0.96770000
vn 0.19520000 0.19340000 -0.96150000
vn 0.20110000 0.19200000 -0.96060000
vn 0.20960000 0.21590000 -0.95370000
vn -0.27420000 0.15350000 -0.94930000
vn -0.25850000 0.17750000 -0.94960000
vn -0.22430000 0.18640000 -0.95650000
vn -0.18850000 0.19500000 -0.96250000
vn -0.15240000 0.20310000 -0.96720000
vn -0.11510000 0.21000000 -0.97090000
vn -0.07720000 0.21540000 -0.97350000
vn -0.03860000 0.21850000 -0.97510000
vn -0.00010000 0.22010000 -0.97550000
vn 0.03870000 0.21890000 -0.97500000
vn 0.07710000 0.21550000 -0.97350000
vn 0.11510000 0.21010000 -0.97090000
vn 0.15250000 0.20280000 -0.96730000
vn 0.20280000 0.21720000 -0.95480000
vn 0.21620000 0.24060000 -0.94620000
vn -0.28760000 0.17590000 -0.94150000
vn -0.27070000 0.20290000 -0.94100000
vn -0.23390000 0.21090000 -0.94910000
vn -0.19670000 0.21850000 -0.95580000
vn -0.15830000 0.22540000 -0.96130000
vn -0.11930000 0.23140000 -0.96550000
vn -0.07950000 0.23590000 -0.96850000
vn -0.04010000 0.23890000 -0.97020000
vn -0.00010000 0.23990000 -0.97080000
vn 0.04000000 0.23900000 -0.97020000
vn 0.07990000 0.23610000 -0.96850000
vn 0.11940000 0.23150000 -0.96550000
vn 0.15830000 0.22530000 -0.96130000
vn 0.20840000 0.24180000 -0.94770000
vn 0.22060000 0.26480000 -0.93870000
vn -0.29880000 0.20010000 -0.93310000
vn -0.28010000 0.22960000 -0.93210000
vn -0.24150000 0.23640000 -0.94120000
vn -0.20270000 0.24240000 -0.94880000
vn -0.16290000 0.24810000 -0.95500000
vn -0.12210000 0.25320000 -0.95970000
vn -0.08140000 0.25680000 -0.96300000
vn -0.04110000 0.25880000 -0.96500000
vn -0.00010000 0.25960000 -0.96570000
vn 0.04100000 0.25890000 -0.96500000
vn 0.08200000 0.25660000 -0.96300000
vn 0.12270000 0.25300000 -0.95970000
vn 0.16290000 0.24830000 -0.95490000
vn 0.21200000 0.26580000 -0.94040000
vn 0.22320000 0.29070000 -0.93040000
vn -0.30730000 0.22540000 -0.92450000
vn -0.31300000 0.25210000 -0.91570000
vn -0.28640000 0.25630000 -0.92320000
vn -0.31570000 0.28100000 -0.90630000
vn -0.29000000 0.28530000 -0.91350000
vn -0.31560000 0.31340000 -0.89570000
vn -0.29100000 0.31730000 -0.90260000
vn -0.31290000 0.34150000 -0.88630000
vn -0.28960000 0.34620000 -0.89230000
vn -0.30840000 0.36450000 -0.87860000
vn -0.28570000 0.37180000 -0.88320000
vn -0.30210000 0.38540000 -0.87190000
vn -0.27900000 0.39710000 -0.87440000
vn -0.29440000 0.40460000 -0.86580000
vn -0.26960000 0.42200000 -0.86560000
vn -0.28590000 0.42200000 -0.86030000
vn -0.26600000 0.45390000 -0.85040000
vn -0.24220000 0.48280000 -0.84160000
vn -0.24400000 0.46780000 -0.84950000
vn -0.25780000 0.44560000 -0.85730000
vn -0.23400000 0.41730000 -0.87810000
vn -0.24170000 0.39330000 -0.88710000
vn -0.20330000 0.38930000 -0.89840000
vn -0.20740000 0.36650000 -0.90700000
vn -0.16690000 0.36340000 -0.91650000
vn -0.16820000 0.34160000 -0.92470000
vn -0.12670000 0.33950000 -0.93200000
vn -0.12670000 0.31800000 -0.93960000
vn -0.08460000 0.31770000 -0.94440000
vn -0.08410000 0.29710000 -0.95110000
vn -0.04220000 0.29780000 -0.95370000
vn -0.04170000 0.27840000 -0.95960000
vn -0.00010000 0.27890000 -0.96030000
vn -0.22830000 0.48870000 -0.84210000
vn -0.21530000 0.50860000 -0.83360000
vn -0.21090000 0.50790000 -0.83520000
vn -0.19220000 0.52560000 -0.82870000
vn -0.18590000 0.50070000 -0.84540000
vn -0.17000000 0.51840000 -0.83810000
vn -0.15920000 0.49350000 -0.85510000
vn -0.14640000 0.51150000 -0.84670000
vn -0.13070000 0.48610000 -0.86410000
vn -0.12040000 0.50360000 -0.85550000
vn -0.10020000 0.47930000 -0.87190000
vn -0.09280000 0.49720000 -0.86260000
vn -0.08520000 0.49150000 -0.86670000
vn -0.08640000 0.50940000 -0.85620000
vn -0.10970000 0.52100000 -0.84650000
vn -0.13240000 0.52760000 -0.83910000
vn -0.11730000 0.54390000 -0.83090000
vn -0.13520000 0.55030000 -0.82390000
vn -0.11600000 0.56390000 -0.81760000
vn -0.12260000 0.56600000 -0.81530000
vn -0.08820000 0.57890000 -0.81060000
vn -0.18610000 0.53100000 -0.82670000
vn -0.15320000 0.53510000 -0.83080000
vn -0.15510000 0.55000000 -0.82060000
vn -0.05020000 0.58820000 -0.80710000
vn -0.08390000 0.57190000 -0.81610000
vn -0.10110000 0.55840000 -0.82340000
vn -0.00010000 0.59110000 -0.80660000
vn -0.04150000 0.57880000 -0.81440000
vn -0.05220000 0.58180000 -0.81160000
vn -0.05320000 0.58220000 -0.81130000
vn -0.07030000 0.56700000 -0.82070000
vn -0.00020000 0.57330000 -0.81940000
vn -0.01910000 0.55620000 -0.83080000
vn -0.03760000 0.55870000 -0.82850000
vn -0.04530000 0.54290000 -0.83860000
vn -0.05490000 0.56250000 -0.82500000
vn -0.06570000 0.54720000 -0.83440000
vn -0.06550000 0.56560000 -0.82210000
vn -0.07520000 0.54970000 -0.83190000
vn -0.08450000 0.55260000 -0.82910000
vn -0.09770000 0.53740000 -0.83770000
vn 0.16880000 0.54210000 -0.82320000
vn 0.20230000 0.51910000 -0.83040000
vn 0.23330000 0.49210000 -0.83870000
vn 0.26070000 0.46100000 -0.84820000
vn 0.28370000 0.42620000 -0.85900000
vn 0.30110000 0.38810000 -0.87100000
vn 0.24510000 0.11760000 -0.96230000
vn 0.22830000 0.11710000 -0.96650000
vn 0.21960000 0.12530000 -0.96750000
vn 0.23460000 0.10750000 -0.96610000
vn 0.20870000 0.13170000 -0.96910000
vn 0.16070000 0.12420000 -0.97920000
vn 0.13600000 0.09030000 -0.98660000
vn 0.14260000 0.08600000 -0.98600000
vn 0.12040000 0.07660000 -0.98980000
vn 0.14230000 0.07740000 -0.98680000
vn 0.14090000 0.06070000 -0.98820000
vn 0.12460000 0.05470000 -0.99070000
vn 0.13790000 0.04570000 -0.98940000
vn 0.10440000 0.04340000 -0.99360000
vn 0.11550000 0.03620000 -0.99270000
vn 0.08460000 0.03420000 -0.99580000
vn 0.08080000 0.02550000 -0.99640000
vn 0.06390000 0.02610000 -0.99760000
vn 0.04280000 0.01620000 -0.99900000
vn 0.03390000 0.01580000 -0.99930000
vn 0.04310000 0.52550000 -0.84970000
vn 0.05180000 0.52630000 -0.84870000
vn 0.08200000 0.52550000 -0.84680000
vn 0.07570000 0.53130000 -0.84380000
vn 0.08520000 0.52230000 -0.84850000
vn 0.09710000 0.53770000 -0.83750000
vn 0.10970000 0.52110000 -0.84640000
vn 0.11590000 0.54340000 -0.83140000
vn 0.13110000 0.52790000 -0.83910000
vn -0.00000000 0.52490000 -0.85120000
vn 0.02300000 0.53980000 -0.84150000
vn 0.04510000 0.54280000 -0.83870000
vn -0.06300000 0.52600000 -0.84820000
vn -0.05180000 0.52630000 -0.84870000
vn -0.07560000 0.53120000 -0.84380000
vn -0.08170000 0.52510000 -0.84710000
vn -0.08210000 0.53290000 -0.84220000
vn -0.08530000 0.52220000 -0.84850000
vn -0.08680000 0.51820000 -0.85080000
vn -0.08080000 0.42210000 -0.90290000
vn -0.10670000 0.46070000 -0.88110000
vn -0.13970000 0.46750000 -0.87290000
vn -0.17090000 0.47420000 -0.86370000
vn -0.20040000 0.48170000 -0.85310000
vn -0.08010000 0.40970000 -0.90870000
vn -0.11720000 0.42180000 -0.89910000
vn -0.11220000 0.44160000 -0.89020000
vn -0.07960000 0.40570000 -0.91060000
vn -0.08080000 0.39780000 -0.91390000
vn -0.12110000 0.40140000 -0.90780000
vn -0.15420000 0.42780000 -0.89060000
vn -0.14750000 0.44750000 -0.88200000
vn -0.18120000 0.45430000 -0.87220000
vn -0.07960000 0.39750000 -0.91410000
vn -0.07930000 0.39330000 -0.91600000
vn -0.08260000 0.37810000 -0.92210000
vn -0.07750000 0.38880000 -0.91800000
vn -0.07610000 0.38730000 -0.91880000
vn -0.07460000 0.38610000 -0.91950000
vn -0.07280000 0.38500000 -0.92000000
vn -0.05670000 0.38400000 -0.92160000
vn -0.04170000 0.37600000 -0.92570000
vn -0.03660000 0.38380000 -0.92270000
vn -0.02010000 0.38370000 -0.92320000
vn -0.00000000 0.37520000 -0.92700000
vn -0.00000000 0.38370000 -0.92350000
vn 0.02000000 0.38370000 -0.92320000
vn 0.04160000 0.37590000 -0.92570000
vn 0.03990000 0.38380000 -0.92250000
vn 0.05980000 0.38400000 -0.92140000
vn 0.08300000 0.37810000 -0.92200000
vn 0.07330000 0.38530000 -0.91990000
vn 0.07510000 0.38630000 -0.91930000
vn 0.07650000 0.38770000 -0.91860000
vn 0.07780000 0.38930000 -0.91780000
vn 0.08120000 0.39780000 -0.91390000
vn 0.07980000 0.40570000 -0.91050000
vn 0.08070000 0.42210000 -0.90290000
vn 0.08510000 0.49150000 -0.86670000
vn 0.10690000 0.46080000 -0.88110000
vn 0.11250000 0.44160000 -0.89010000
vn 0.11720000 0.42200000 -0.89900000
vn 0.15440000 0.42760000 -0.89070000
vn 0.16010000 0.40660000 -0.89950000
vn 0.19100000 0.43410000 -0.88040000
vn 0.19900000 0.41240000 -0.88900000
vn 0.08680000 0.51790000 -0.85110000
vn 0.09290000 0.49730000 -0.86260000
vn 0.10030000 0.47940000 -0.87190000
vn 0.13990000 0.46750000 -0.87290000
vn 0.14780000 0.44790000 -0.88180000
vn 0.17070000 0.47470000 -0.86350000
vn 0.18150000 0.45480000 -0.87190000
vn 0.02910000 0.01720000 -0.99940000
vn 0.02330000 0.01920000 -0.99950000
vn 0.01820000 0.02090000 -0.99960000
vn 0.01270000 0.02220000 -0.99970000
vn -0.00660000 0.02320000 -0.99970000
vn -0.01270000 0.02210000 -0.99970000
vn -0.01850000 0.02100000 -0.99960000
vn -0.02360000 0.01930000 -0.99950000
vn -0.02780000 0.01770000 -0.99950000
vn -0.02870000 0.57600000 -0.81690000
vn -0.01480000 0.57410000 -0.81860000
vn -0.09910000 0.06570000 -0.99290000
vn -0.08400000 0.05310000 -0.99510000
vn -0.06990000 0.05900000 -0.99580000
vn -0.06870000 0.04190000 -0.99680000
vn -0.05710000 0.04630000 -0.99730000
vn -0.04450000 0.05110000 -0.99770000
vn -0.05190000 0.03100000 -0.99820000
vn -0.04340000 0.03440000 -0.99850000
vn -0.03390000 0.03750000 -0.99870000
vn -0.02340000 0.04040000 -0.99890000
vn -0.19010000 0.43340000 -0.88090000
vn -0.21340000 0.46100000 -0.86140000
vn -0.22470000 0.43950000 -0.86970000
vn -0.19750000 0.41200000 -0.88950000
vn -0.15980000 0.40650000 -0.89960000
vn -0.16400000 0.38510000 -0.90820000
vn -0.20930000 0.34350000 -0.91560000
vn -0.24700000 0.36930000 -0.89590000
vn -0.24990000 0.34480000 -0.90480000
vn -0.20980000 0.31850000 -0.92440000
vn -0.25110000 0.31760000 -0.91440000
vn -0.16820000 0.31850000 -0.93290000
vn -0.16740000 0.29390000 -0.94110000
vn -0.20880000 0.29160000 -0.93350000
vn -0.16570000 0.27060000 -0.94830000
vn -0.20680000 0.26650000 -0.94140000
vn -0.25010000 0.28910000 -0.92410000
vn -0.24670000 0.26160000 -0.93310000
vn -0.12740000 0.14030000 -0.98190000
vn -0.09710000 0.14880000 -0.98410000
vn -0.06570000 0.15560000 -0.98560000
vn -0.03320000 0.16000000 -0.98660000
vn -0.00020000 0.16150000 -0.98690000
vn 0.03300000 0.16000000 -0.98660000
vn 0.06550000 0.15570000 -0.98560000
vn 0.09700000 0.14900000 -0.98410000
vn -0.12380000 0.38120000 -0.91620000
vn -0.12570000 0.36050000 -0.92420000
vn -0.12610000 0.29590000 -0.94690000
vn -0.12470000 0.27420000 -0.95360000
vn -0.07230000 0.09390000 -0.99300000
vn -0.04920000 0.09960000 -0.99380000
vn -0.02500000 0.10320000 -0.99430000
vn -0.00010000 0.10470000 -0.99450000
vn 0.02500000 0.10320000 -0.99430000
vn 0.04930000 0.09940000 -0.99380000
vn 0.07240000 0.09390000 -0.99300000
vn 0.09410000 0.08680000 -0.99180000
vn 0.04340000 0.03440000 -0.99850000
vn 0.05450000 0.02990000 -0.99810000
vn 0.05750000 0.04630000 -0.99730000
vn 0.07190000 0.04000000 -0.99660000
vn 0.03380000 0.03770000 -0.99870000
vn 0.02330000 0.04050000 -0.99890000
vn 0.01190000 0.04240000 -0.99900000
vn 0.06990000 0.05880000 -0.99580000
vn 0.08830000 0.05090000 -0.99480000
vn 0.04440000 0.05070000 -0.99770000
vn 0.03050000 0.05460000 -0.99800000
vn 0.01540000 0.05770000 -0.99820000
vn -0.00020000 0.05860000 -0.99830000
vn 0.08220000 0.07260000 -0.99400000
vn 0.10470000 0.06360000 -0.99250000
vn 0.05420000 0.06460000 -0.99640000
vn 0.03710000 0.06970000 -0.99690000
vn 0.01890000 0.07230000 -0.99720000
vn -0.00010000 0.07350000 -0.99730000
vn -0.01900000 0.07240000 -0.99720000
vn 0.06350000 0.07900000 -0.99480000
vn 0.04340000 0.08420000 -0.99550000
vn 0.02190000 0.08810000 -0.99590000
vn -0.00020000 0.08930000 -0.99600000
vn -0.02210000 0.08760000 -0.99590000
vn -0.04360000 0.08460000 -0.99550000
vn 0.16600000 0.27060000 -0.94830000
vn 0.21380000 0.29130000 -0.93240000
vn 0.22410000 0.31850000 -0.92100000
vn 0.16780000 0.29390000 -0.94100000
vn 0.21410000 0.31860000 -0.92340000
vn 0.22360000 0.34420000 -0.91190000
vn 0.12490000 0.27420000 -0.95350000
vn 0.08340000 0.27680000 -0.95730000
vn 0.04170000 0.27840000 -0.95960000
vn 0.16870000 0.31850000 -0.93280000
vn 0.21300000 0.34370000 -0.91460000
vn 0.12630000 0.29590000 -0.94680000
vn 0.08430000 0.29710000 -0.95110000
vn 0.04190000 0.29740000 -0.95380000
vn -0.00010000 0.29810000 -0.95450000
vn 0.16850000 0.34170000 -0.92460000
vn 0.21020000 0.36700000 -0.90620000
vn 0.12670000 0.31820000 -0.93950000
vn 0.08480000 0.31770000 -0.94440000
vn 0.04240000 0.31740000 -0.94730000
vn -0.00010000 0.31730000 -0.94830000
vn -0.04240000 0.31740000 -0.94730000
vn 0.16710000 0.36370000 -0.91640000
vn 0.20550000 0.38990000 -0.89770000
vn 0.12700000 0.33970000 -0.93190000
vn 0.08480000 0.33810000 -0.93730000
vn 0.04240000 0.33700000 -0.94060000
vn -0.00010000 0.33660000 -0.94170000
vn -0.04240000 0.33690000 -0.94060000
vn -0.08430000 0.33800000 -0.93740000
vn 0.16420000 0.38540000 -0.90800000
vn 0.12610000 0.36070000 -0.92410000
vn 0.08430000 0.35820000 -0.92980000
vn 0.04220000 0.35650000 -0.93330000
vn -0.00000000 0.35590000 -0.93450000
vn -0.04220000 0.35640000 -0.93340000
vn -0.08410000 0.35800000 -0.92990000
vn 0.12140000 0.40170000 -0.90770000
vn 0.12380000 0.38140000 -0.91610000
vn 0.13080000 0.48620000 -0.86400000
vn 0.15860000 0.49350000 -0.85520000
vn 0.14540000 0.51120000 -0.84710000
vn 0.12070000 0.50410000 -0.85520000
vn 0.08440000 0.55270000 -0.82910000
vn 0.09970000 0.55790000 -0.82390000
vn 0.06590000 0.54690000 -0.83460000
vn -0.08280000 0.27660000 -0.95740000
vn -0.23260000 -0.25030000 -0.93980000
vn -0.32050000 -0.25850000 -0.91130000
vn -0.27560000 -0.24080000 -0.93060000
vn -0.26470000 -0.22540000 -0.93760000
vn -0.23300000 -0.23630000 -0.94340000
vn -0.19360000 -0.21680000 -0.95680000
vn -0.19280000 -0.23070000 -0.95370000
vn -0.13040000 -0.20680000 -0.96970000
vn -0.15420000 -0.22540000 -0.96200000
vn -0.11550000 -0.22080000 -0.96850000
vn -0.15560000 -0.24120000 -0.95790000
vn -0.07830000 -0.23440000 -0.96900000
vn -0.07740000 -0.21720000 -0.97310000
vn -0.03890000 -0.21490000 -0.97590000
vn -0.06880000 -0.19930000 -0.97750000
vn -0.00000000 -0.19630000 -0.98060000
vn 0.06880000 -0.19920000 -0.97750000
vn 0.03890000 -0.21490000 -0.97590000
vn 0.01950000 -0.21430000 -0.97660000
vn -0.00010000 -0.21420000 -0.97680000
vn 0.00030000 -0.23210000 -0.97270000
vn -0.00940000 -0.21420000 -0.97670000
vn -0.01940000 -0.21430000 -0.97660000
vn 0.13810000 -0.20780000 -0.96840000
vn 0.11520000 -0.22100000 -0.96840000
vn 0.07760000 -0.21730000 -0.97300000
vn 0.07940000 -0.23470000 -0.96880000
vn 0.21100000 -0.21930000 -0.95260000
vn 0.19300000 -0.23110000 -0.95360000
vn 0.15430000 -0.22570000 -0.96190000
vn 0.15690000 -0.24190000 -0.95750000
vn 0.23320000 -0.23670000 -0.94320000
vn 0.26480000 -0.22540000 -0.93760000
vn 0.27590000 -0.24120000 -0.93040000
vn 0.32130000 -0.25950000 -0.91070000
vn 0.23400000 -0.25130000 -0.93920000
vn -0.05630000 0.71220000 -0.69970000
vn 0.00020000 0.71540000 -0.69870000
vn -0.05630000 0.69930000 -0.71260000
vn -0.01420000 0.67570000 -0.73710000
vn -0.02830000 0.67500000 -0.73720000
vn 0.05380000 0.71250000 -0.69960000
vn 0.05380000 0.69960000 -0.71250000
vn 0.01330000 0.67570000 -0.73710000
vn -0.00010000 0.67590000 -0.73700000
vn 0.05380000 0.68640000 -0.72520000
vn 0.02680000 0.67520000 -0.73710000
vn 0.04030000 0.67420000 -0.73740000
vn 0.05380000 0.67310000 -0.73760000
vn -0.05620000 0.68620000 -0.72530000
vn -0.04230000 0.67410000 -0.73740000
vn -0.05630000 0.67280000 -0.73770000
vn -0.99760000 0.04930000 -0.04930000
vn -0.99770000 0.04840000 -0.04840000
vn -0.98280000 -0.07140000 -0.17010000
vn -0.94870000 -0.16860000 -0.26730000
vn -0.93560000 -0.19540000 -0.29410000
vn -0.80700000 -0.36530000 -0.46400000
vn -0.85100000 -0.31870000 -0.41740000
vn -0.72800000 -0.43290000 -0.53160000
vn -0.58630000 -0.52130000 -0.62000000
vn -0.56970000 -0.52970000 -0.62840000
vn -0.38370000 -0.60180000 -0.70040000
vn -0.30830000 -0.62150000 -0.72020000
vn -0.19040000 -0.64310000 -0.74180000
vn -0.00000000 -0.65610000 -0.75470000
vn -0.30830000 -0.62150000 -0.72020000
vn -0.00000000 -0.65610000 -0.75470000
vn -0.30830000 -0.62150000 -0.72020000
vn -0.58640000 -0.52130000 -0.62000000
vn -0.58640000 -0.52130000 -0.62000000
vn -0.80700000 -0.36530000 -0.46390000
vn -0.80700000 -0.36530000 -0.46390000
vn -0.94870000 -0.16860000 -0.26730000
vn -0.94870000 -0.16860000 -0.26730000
vn -0.99760000 0.04920000 -0.04940000
vn -0.99760000 0.04920000 -0.04940000
vn -0.99760000 0.04930000 -0.04940000
vn -0.99760000 0.04930000 -0.04940000
vn -0.99760000 0.04920000 -0.04940000
vn -0.99760000 0.04920000 -0.04940000
vn -0.99760000 0.04940000 -0.04940000
vn -0.99760000 0.04930000 -0.04940000
vn -0.99760000 0.04920000 -0.04940000
vn -0.99760000 0.04940000 -0.04940000
vn -0.99760000 0.04930000 -0.04940000
vn -0.99760000 0.04940000 -0.04930000
vn -0.99760000 0.04930000 -0.04930000
vn -0.99760000 0.04940000 -0.04940000
vn -0.99760000 0.04930000 -0.04940000
vn -0.99760000 0.04930000 -0.04940000
vn -0.99760000 0.04940000 -0.04930000
vn -0.99760000 0.04930000 -0.04930000
vn -0.99760000 0.04940000 -0.04930000
vn -0.99760000 0.04930000 -0.04930000
vn -0.99760000 0.04930000 -0.04930000
vn -0.99760000 0.04930000 -0.04930000
vn -0.99760000 0.04930000 -0.04930000
vn 0.81730000 -0.35510000 -0.45380000
vn 0.79730000 -0.37460000 -0.47330000
vn 0.80700000 -0.36530000 -0.46400000
vn 0.64240000 -0.49030000 -0.58900000
vn 0.58640000 -0.52130000 -0.62000000
vn 0.45660000 -0.57780000 -0.67650000
vn 0.30830000 -0.62150000 -0.72020000
vn 0.24160000 -0.63510000 -0.73370000
vn -0.00000000 -0.65710000 -0.75380000
vn 0.00010000 -0.65610000 -0.75470000
vn 0.30830000 -0.62150000 -0.72020000
vn 0.30830000 -0.62150000 -0.72020000
vn 0.58640000 -0.52130000 -0.62000000
vn 0.58640000 -0.52130000 -0.62000000
vn 0.80700000 -0.36530000 -0.46390000
vn 0.80700000 -0.36530000 -0.46390000
vn 0.94870000 -0.16870000 -0.26730000
vn 0.94870000 -0.16870000 -0.26740000
vn 0.99760000 0.04930000 -0.04940000
vn 0.95730000 -0.14900000 -0.24760000
vn 0.99760000 0.04930000 -0.04940000
vn 0.99760000 0.04930000 -0.04930000
vn 0.85450000 -0.31460000 -0.41330000
vn 0.83640000 -0.33510000 -0.43380000
vn -0.00000000 0.70710000 -0.70710000
vn -0.00000000 0.70710000 -0.70710000
vn -0.00000000 0.70710000 -0.70710000
vn -0.00000000 0.70710000 -0.70710000
vn -0.00000000 0.70710000 -0.70710000
vn 0.00010000 0.70710000 -0.70710000
vn -0.00000000 0.70710000 -0.70710000
vn -0.00000000 0.70710000 -0.70710000
vn -0.00010000 0.70710000 -0.70710000
vn 0.00010000 0.70710000 -0.70710000
vn -0.00010000 0.70710000 -0.70710000
vn 0.00010000 0.70710000 -0.70710000
vn -0.00010000 0.70710000 -0.70710000
vn -0.00000000 0.70710000 -0.70710000
vn -0.00000000 0.70710000 -0.70710000
vn -0.00000000 0.70710000 -0.70710000
vn -0.00020000 0.70710000 -0.70710000
vn -0.00020000 0.70710000 -0.70710000
vn -0.00000000 0.70710000 -0.70710000
vn -0.00020000 0.70710000 -0.70710000
vn 0.43390000 0.63710000 0.63710000
vn -0.00000000 0.70710000 0.70710000
vn -0.00000000 0.70710000 0.70710000
vn -0.00000000 0.70710000 0.70710000
vn -0.00000000 0.70710000 0.70710000
vn -0.43390000 0.63710000 0.63710000
vn -0.43390000 0.63700000 0.63710000
vn -0.78180000 0.44080000 0.44090000
vn -0.78180000 0.44080000 0.44090000
vn -0.97490000 0.15730000 0.15740000
vn -0.97490000 0.15730000 0.15730000
vn -0.97490000 -0.15730000 -0.15740000
vn -0.97490000 -0.15730000 -0.15740000
vn -0.78180000 -0.44090000 -0.44090000
vn -0.78180000 -0.44090000 -0.44090000
vn -0.43390000 -0.63700000 -0.63710000
vn -0.43390000 -0.63700000 -0.63710000
vn -0.00000000 -0.70710000 -0.70710000
vn -0.00000000 -0.70710000 -0.70710000
vn 0.43390000 -0.63700000 -0.63710000
vn 0.43390000 -0.63700000 -0.63710000
vn 0.78180000 -0.44090000 -0.44090000
vn 0.78180000 -0.44080000 -0.44090000
vn 0.97490000 -0.15730000 -0.15740000
vn 0.97490000 -0.15730000 -0.15740000
vn 0.97490000 0.15740000 0.15730000
vn 0.97490000 0.15740000 0.15730000
vn 0.78180000 0.44080000 0.44090000
vn 0.78180000 0.44080000 0.44090000
vn 0.43390000 0.63700000 0.63710000
f 1//1 2//2 3//3
f 3//3 2//2 4//4
f 3//3 4//4 5//5
f 1//1 6//6 2//2
f 2//2 6//6 7//7
f 2//2 7//7 8//8
f 8//8 9//9 2//2
f 2//2 9//9 10//10
f 2//2 10//10 11//11
f 11//11 12//12 2//2
f 2//2 12//12 13//13
f 2//2 13//13 14//14
f 14//14 13//13 15//15
f 15//15 13//13 16//16
f 16//16 13//13 17//17
f 17//17 13//13 18//18
f 18//18 13//13 19//19
f 19//19 13//13 20//20
f 20//20 13//13 21//21
f 21//21 13//13 22//22
f 22//22 13//13 25//25
f 25//25 13//13 26//26
f 25//25 26//26 27//27
f 27//27 28//28 25//25
f 25//25 28//28 29//29
f 25//25 29//29 30//30
f 30//30 31//31 25//25
f 25//25 31//31 32//32
f 25//25 32//32 33//33
f 33//33 34//34 25//25
f 25//25 34//34 36//36
f 24//24 35//35 37//37
f 38//38 39//39 23//23
f 5//5 40//40 3//3
f 3//3 40//40 41//41
f 3//3 41//41 42//42
f 42//42 43//43 3//3
f 3//3 43//43 44//44
f 3//3 44//44 45//45
f 45//45 46//46 3//3
f 3//3 46//46 47//47
f 3//3 47//47 48//48
f 48//48 49//49 3//3
f 3//3 49//49 50//50
f 3//3 50//50 51//51
f 51//51 52//52 3//3
f 3//3 52//52 53//53
f 3//3 53//53 54//54
f 54//54 53//53 55//55
f 55//55 53//53 56//56
f 56//56 53//53 57//57
f 57//57 53//53 58//58
f 58//58 53//53 59//59
f 59//59 53//53 60//60
f 60//60 53//53 61//61
f 61//61 53//53 62//62
f 61//61 62//62 63//63
f 63//63 64//64 61//61
f 61//61 64//64 65//65
f 61//61 65//65 66//66
f 66//66 67//67 61//61
f 61//61 67//67 68//68
f 68//68 67//67 69//69
f 69//69 67//67 70//70
f 70//70 67//67 71//71
f 71//71 67//67 72//72
f 72//72 67//67 73//73
f 73//73 67//67 74//74
f 74//74 67//67 75//75
f 75//75 67//67 76//76
f 76//76 67//67 77//77
f 77//77 67//67 78//78
f 78//78 67//67 80//80
f 80//80 67//67 82//82
f 80//80 82//82 84//84
f 83//83 85//85 79//79
f 81//81 86//86 88//88
f 79//79 87//87 89//89
f 90//90 91//91 92//92
f 92//92 91//91 93//93
f 93//93 91//91 94//94
f 94//94 91//91 95//95
f 95//95 91//91 96//96
f 96//96 91//91 97//97
f 96//96 97//97 98//98
f 98//98 97//97 99//99
f 98//98 99//99 100//100
f 100//100 99//99 101//101
f 101//101 99//99 102//102
f 101//101 102//102 103//103
f 103//103 104//104 101//101
f 101//101 104//104 105//105
f 106//106 107//107 108//108
f 108//108 107//107 109//109
f 108//108 109//109 110//110
f 110//110 109//109 111//111
f 110//110 111//111 112//112
f 112//112 111//111 113//113
f 112//112 113//113 114//114
f 114//114 113//113 115//115
f 114//114 115//115 116//116
f 116//116 115//115 117//117
f 116//116 117//117 118//118
f 118//118 117//117 119//119
f 118//118 119//119 120//120
f 120//120 119//119 121//121
f 120//120 121//121 122//122
f 122//122 121//121 123//123
f 122//122 123//123 124//124
f 124//124 123//123 125//125
f 124//124 125//125 126//126
f 126//126 125//125 127//127
f 126//126 127//127 128//128
f 128//128 127//127 129//129
f 128//128 129//129 130//130
f 130//130 129//129 131//131
f 130//130 131//131 132//132
f 132//132 131//131 133//133
f 132//132 133//133 134//134
f 134//134 133//133 135//135
f 134//134 135//135 136//136
f 136//136 135//135 137//137
f 136//136 137//137 138//138
f 138//138 137//137 139//139
f 138//138 139//139 140//140
f 140//140 139//139 141//141
f 141//141 139//139 142//142
f 141//141 142//142 143//143
f 143//143 142//142 144//144
f 143//143 144//144 145//145
f 145//145 144//144 146//146
f 145//145 146//146 147//147
f 147//147 146//146 148//148
f 147//147 148//148 149//149
f 149//149 148//148 150//150
f 149//149 150//150 151//151
f 151//151 150//150 152//152
f 151//151 152//152 153//153
f 153//153 152//152 154//154
f 153//153 154//154 155//155
f 155//155 154//154 156//156
f 155//155 156//156 157//157
f 157//157 156//156 158//158
f 157//157 158//158 159//159
f 159//159 158//158 160//160
f 159//159 160//160 161//161
f 161//161 160//160 162//162
f 161//161 162//162 163//163
f 163//163 162//162 164//164
f 163//163 164//164 165//165
f 165//165 164//164 166//166
f 165//165 166//166 167//167
f 167//167 166//166 168//168
f 167//167 168//168 169//169
f 169//169 168//168 170//170
f 169//169 170//170 171//171
f 171//171 170//170 172//172
f 171//171 172//172 173//173
f 173//173 172//172 174//174
f 173//173 174//174 175//175
f 175//175 174//174 176//176
f 176//176 174//174 177//177
f 176//176 177//177 178//178
f 178//178 177//177 179//179
f 178//178 179//179 180//180
f 180//180 179//179 181//181
f 180//180 181//181 182//182
f 182//182 181//181 183//183
f 182//182 183//183 184//184
f 184//184 183//183 185//185
f 184//184 185//185 186//186
f 186//186 185//185 187//187
f 186//186 187//187 188//188
f 188//188 187//187 189//189
f 188//188 189//189 190//190
f 190//190 189//189 191//191
f 190//190 191//191 192//192
f 192//192 191//191 193//193
f 192//192 193//193 194//194
f 194//194 193//193 195//195
f 194//194 195//195 196//196
f 196//196 195//195 197//197
f 196//196 197//197 198//198
f 198//198 197//197 199//199
f 198//198 199//199 200//200
f 200//200 199//199 201//201
f 200//200 201//201 202//202
f 202//202 201//201 203//203
f 202//202 203//203 204//204
f 204//204 203//203 205//205
f 204//204 205//205 206//206
f 206//206 205//205 207//207
f 206//206 207//207 208//208
f 208//208 207//207 209//209
f 208//208 209//209 210//210
f 210//210 209//209 211//211
f 210//210 211//211 212//212
f 212//212 211//211 213//213
f 212//212 213//213 214//214
f 214//214 213//213 215//215
f 214//214 215//215 216//216
f 216//216 215//215 217//217
f 216//216 217//217 218//218
f 218//218 217//217 219//219
f 218//218 219//219 220//220
f 220//220 219//219 221//221
f 220//220 221//221 222//222
f 222//222 221//221 223//223
f 222//222 223//223 224//224
f 224//224 223//223 225//225
f 224//224 225//225 226//226
f 226//226 225//225 227//227
f 226//226 227//227 228//228
f 228//228 227//227 229//229
f 228//228 229//229 230//230
f 230//230 229//229 231//231
f 230//230 231//231 232//232
f 232//232 231//231 233//233
f 232//232 233//233 234//234
f 234//234 233//233 235//235
f 234//234 235//235 236//236
f 236//236 235//235 237//237
f 236//236 237//237 238//238
f 238//238 237//237 239//239
f 238//238 239//239 240//240
f 240//240 239//239 241//241
f 241//241 239//239 242//242
f 241//241 242//242 243//243
f 243//243 242//242 244//244
f 243//243 244//244 245//245
f 245//245 244//244 246//246
f 245//245 246//246 247//247
f 247//247 246//246 248//248
f 247//247 248//248 249//249
f 249//249 248//248 250//250
f 249//249 250//250 251//251
f 251//251 250//250 252//252
f 251//251 252//252 253//253
f 253//253 252//252 254//254
f 253//253 254//254 255//255
f 255//255 254//254 256//256
f 255//255 256//256 257//257
f 257//257 256//256 258//258
f 257//257 258//258 259//259
f 259//259 258//258 260//260
f 259//259 260//260 261//261
f 261//261 260//260 262//262
f 261//261 262//262 263//263
f 263//263 262//262 264//264
f 263//263 264//264 265//265
f 265//265 264//264 266//266
f 265//265 266//266 267//267
f 267//267 266//266 268//268
f 267//267 268//268 269//269
f 269//269 268//268 270//270
f 269//269 270//270 271//271
f 271//271 270//270 272//272
f 271//271 272//272 273//273
f 273//273 272//272 274//274
f 274//274 272//272 275//275
f 274//274 275//275 276//276
f 276//276 275//275 277//277
f 276//276 277//277 278//278
f 278//278 277//277 279//279
f 278//278 279//279 280//280
f 280//280 279//279 281//281
f 280//280 281//281 282//282
f 282//282 281//281 283//283
f 282//282 283//283 284//284
f 284//284 283//283 285//285
f 284//284 285//285 286//286
f 286//286 285//285 287//287
f 286//286 287//287 288//288
f 288//288 287//287 289//289
f 288//288 289//289 290//290
f 290//290 289//289 291//291
f 290//290 291//291 292//292
f 292//292 291//291 293//293
f 292//292 293//293 294//294
f 294//294 293//293 295//295
f 294//294 295//295 296//296
f 296//296 295//295 297//297
f 296//296 297//297 298//298
f 298//298 297//297 299//299
f 298//298 299//299 300//300
f 300//300 299//299 301//301
f 300//300 301//301 302//302
f 302//302 301//301 303//303
f 302//302 303//303 304//304
f 304//304 303//303 305//305
f 305//305 303//303 306//306
f 305//305 306//306 307//307
f 307//307 306//306 308//308
f 307//307 308//308 309//309
f 309//309 308//308 310//310
f 309//309 310//310 311//311
f 311//311 310//310 312//312
f 311//311 312//312 313//313
f 313//313 312//312 314//314
f 313//313 314//314 315//315
f 315//315 314//314 316//316
f 315//315 316//316 317//317
f 317//317 316//316 318//318
f 317//317 318//318 319//319
f 319//319 318//318 320//320
f 319//319 320//320 321//321
f 322//322 323//323 106//106
f 106//106 323//323 324//324
f 106//106 324//324 107//107
f 107//107 324//324 325//325
f 107//107 325//325 326//326
f 326//326 325//325 327//327
f 326//326 327//327 328//328
f 328//328 327//327 329//329
f 328//328 329//329 330//330
f 330//330 329//329 331//331
f 330//330 331//331 332//332
f 332//332 331//331 333//333
f 332//332 333//333 334//334
f 334//334 333//333 121//121
f 334//334 121//121 119//119
f 335//335 336//336 322//322
f 322//322 336//336 337//337
f 322//322 337//337 338//338
f 338//338 337//337 339//339
f 338//338 339//339 340//340
f 340//340 339//339 341//341
f 340//340 341//341 342//342
f 342//342 341//341 343//343
f 342//342 343//343 344//344
f 344//344 343//343 345//345
f 344//344 345//345 346//346
f 346//346 345//345 347//347
f 346//346 347//347 348//348
f 348//348 347//347 349//349
f 348//348 349//349 350//350
f 350//350 349//349 333//333
f 350//350 333//333 331//331
f 351//351 352//352 335//335
f 335//335 352//352 353//353
f 335//335 353//353 336//336
f 336//336 353//353 354//354
f 336//336 354//354 355//355
f 355//355 354//354 356//356
f 355//355 356//356 357//357
f 357//357 356//356 358//358
f 357//357 358//358 359//359
f 359//359 358//358 360//360
f 359//359 360//360 361//361
f 361//361 360//360 362//362
f 361//361 362//362 363//363
f 363//363 362//362 364//364
f 363//363 364//364 349//349
f 365//365 366//366 351//351
f 351//351 366//366 367//367
f 351//351 367//367 352//352
f 352//352 367//367 368//368
f 352//352 368//368 369//369
f 369//369 368//368 370//370
f 369//369 370//370 371//371
f 371//371 370//370 372//372
f 371//371 372//372 373//373
f 373//373 372//372 374//374
f 373//373 374//374 375//375
f 375//375 374//374 376//376
f 375//375 376//376 377//377
f 377//377 376//376 364//364
f 377//377 364//364 362//362
f 378//378 379//379 365//365
f 365//365 379//379 380//380
f 365//365 380//380 381//381
f 381//381 380//380 382//382
f 381//381 382//382 383//383
f 383//383 382//382 384//384
f 383//383 384//384 385//385
f 385//385 384//384 386//386
f 385//385 386//386 387//387
f 387//387 386//386 388//388
f 387//387 388//388 389//389
f 389//389 388//388 390//390
f 389//389 390//390 391//391
f 391//391 390//390 392//392
f 391//391 392//392 393//393
f 393//393 392//392 394//394
f 393//393 394//394 395//395
f 395//395 394//394 374//374
f 395//395 374//374 372//372
f 378//378 396//396 379//379
f 379//379 396//396 397//397
f 379//379 397//397 398//398
f 398//398 399//399 379//379
f 379//379 399//399 400//400
f 379//379 400//400 401//401
f 401//401 400//400 402//402
f 401//401 402//402 403//403
f 403//403 402//402 404//404
f 403//403 404//404 405//405
f 405//405 404//404 406//406
f 405//405 406//406 407//407
f 407//407 406//406 408//408
f 407//407 408//408 409//409
f 409//409 408//408 410//410
f 409//409 410//410 411//411
f 411//411 410//410 412//412
f 411//411 412//412 413//413
f 413//413 412//412 414//414
f 414//414 412//412 415//415
f 414//414 415//415 416//416
f 416//416 415//415 417//417
f 417//417 415//415 418//418
f 418//418 415//415 419//419
f 418//418 419//419 420//420
f 420//420 419//419 410//410
f 420//420 410//410 408//408
f 400//400 399//399 421//421
f 421//421 399//399 422//422
f 421//421 422//422 423//423
f 423//423 422//422 424//424
f 423//423 424//424 425//425
f 425//425 424//424 426//426
f 425//425 426//426 427//427
f 427//427 426//426 428//428
f 427//427 428//428 429//429
f 429//429 428//428 430//430
f 429//429 430//430 418//418
f 422//422 431//431 424//424
f 424//424 431//431 432//432
f 424//424 432//432 426//426
f 426//426 432//432 433//433
f 426//426 433//433 428//428
f 428//428 433//433 430//430
f 432//432 431//431 434//434
f 434//434 431//431 435//435
f 434//434 435//435 430//430
f 413//413 436//436 411//411
f 411//411 436//436 437//437
f 411//411 437//437 409//409
f 409//409 437//437 438//438
f 409//409 438//438 407//407
f 407//407 438//438 439//439
f 407//407 439//439 405//405
f 405//405 439//439 440//440
f 405//405 440//440 403//403
f 403//403 440//440 441//441
f 403//403 441//441 401//401
f 401//401 441//441 380//380
f 401//401 380//380 379//379
f 436//436 442//442 437//437
f 437//437 442//442 443//443
f 437//437 443//443 438//438
f 438//438 443//443 444//444
f 438//438 444//444 439//439
f 439//439 444//444 445//445
f 439//439 445//445 440//440
f 440//440 445//445 446//446
f 440//440 446//446 441//441
f 441//441 446//446 382//382
f 441//441 382//382 380//380
f 442//442 447//447 443//443
f 443//443 447//447 448//448
f 443//443 448//448 444//444
f 444//444 448//448 449//449
f 444//444 449//449 445//445
f 445//445 449//449 450//450
f 445//445 450//450 446//446
f 446//446 450//450 384//384
f 446//446 384//384 382//382
f 447//447 451//451 448//448
f 448//448 451//451 452//452
f 448//448 452//452 449//449
f 449//449 452//452 453//453
f 449//449 453//453 450//450
f 450//450 453//453 386//386
f 450//450 386//386 384//384
f 451//451 392//392 452//452
f 452//452 392//392 454//454
f 452//452 454//454 453//453
f 453//453 454//454 388//388
f 453//453 388//388 386//386
f 392//392 364//364 394//394
f 394//394 364//364 376//376
f 394//394 376//376 374//374
f 349//349 121//121 333//333
f 455//455 456//456 121//121
f 121//121 456//456 457//457
f 121//121 457//457 458//458
f 458//458 457//457 459//459
f 458//458 459//459 125//125
f 125//125 459//459 127//127
f 460//460 461//461 455//455
f 455//455 461//461 462//462
f 455//455 462//462 456//456
f 456//456 462//462 463//463
f 456//456 463//463 464//464
f 464//464 463//463 465//465
f 464//464 465//465 466//466
f 466//466 465//465 467//467
f 466//466 467//467 129//129
f 129//129 467//467 131//131
f 468//468 469//469 460//460
f 460//460 469//469 470//470
f 460//460 470//470 461//461
f 461//461 470//470 471//471
f 461//461 471//471 472//472
f 472//472 471//471 473//473
f 472//472 473//473 474//474
f 474//474 473//473 475//475
f 474//474 475//475 476//476
f 476//476 475//475 477//477
f 476//476 477//477 478//478
f 478//478 477//477 479//479
f 478//478 479//479 133//133
f 133//133 479//479 135//135
f 156//156 154//154 468//468
f 468//468 154//154 480//480
f 468//468 480//480 469//469
f 469//469 480//480 481//481
f 469//469 481//481 482//482
f 482//482 481//481 483//483
f 482//482 483//483 484//484
f 484//484 483//483 485//485
f 484//484 485//485 486//486
f 486//486 485//485 487//487
f 486//486 487//487 488//488
f 488//488 487//487 489//489
f 488//488 489//489 490//490
f 490//490 489//489 139//139
f 490//490 139//139 137//137
f 162//162 160//160 491//491
f 491//491 160//160 492//492
f 491//491 492//492 493//493
f 493//493 492//492 494//494
f 493//493 494//494 495//495
f 495//495 494//494 496//496
f 495//495 496//496 497//497
f 497//497 496//496 498//498
f 497//497 498//498 499//499
f 499//499 498//498 500//500
f 499//499 500//500 501//501
f 501//501 500//500 502//502
f 501//501 502//502 503//503
f 503//503 502//502 181//181
f 503//503 181//181 179//179
f 504//504 505//505 492//492
f 492//492 505//505 506//506
f 492//492 506//506 494//494
f 494//494 506//506 496//496
f 193//193 191//191 504//504
f 504//504 191//191 507//507
f 504//504 507//507 508//508
f 508//508 507//507 509//509
f 508//508 509//509 510//510
f 510//510 509//509 511//511
f 510//510 511//511 512//512
f 512//512 511//511 513//513
f 512//512 513//513 500//500
f 500//500 513//513 502//502
f 514//514 515//515 193//193
f 193//193 515//515 516//516
f 193//193 516//516 517//517
f 517//517 516//516 518//518
f 517//517 518//518 197//197
f 197//197 518//518 199//199
f 223//223 519//519 514//514
f 514//514 519//519 520//520
f 514//514 520//520 521//521
f 521//521 520//520 522//522
f 521//521 522//522 523//523
f 523//523 522//522 524//524
f 523//523 524//524 525//525
f 525//525 524//524 526//526
f 525//525 526//526 527//527
f 527//527 526//526 528//528
f 527//527 528//528 203//203
f 203//203 528//528 205//205
f 227//227 225//225 529//529
f 529//529 225//225 530//530
f 529//529 530//530 531//531
f 531//531 530//530 532//532
f 531//531 532//532 533//533
f 533//533 532//532 534//534
f 533//533 534//534 535//535
f 535//535 534//534 536//536
f 535//535 536//536 537//537
f 537//537 536//536 538//538
f 537//537 538//538 539//539
f 539//539 538//538 246//246
f 539//539 246//246 244//244
f 256//256 540//540 530//530
f 530//530 540//540 541//541
f 530//530 541//541 532//532
f 532//532 541//541 534//534
f 542//542 543//543 258//258
f 258//258 543//543 544//544
f 258//258 544//544 545//545
f 545//545 544//544 546//546
f 545//545 546//546 262//262
f 262//262 546//546 264//264
f 289//289 547//547 542//542
f 542//542 547//547 548//548
f 542//542 548//548 543//543
f 543//543 548//548 549//549
f 543//543 549//549 550//550
f 550//550 549//549 551//551
f 550//550 551//551 552//552
f 552//552 551//551 553//553
f 552//552 553//553 266//266
f 266//266 553//553 268//268
f 554//554 555//555 289//289
f 289//289 555//555 556//556
f 289//289 556//556 291//291
f 291//291 556//556 293//293
f 557//557 558//558 554//554
f 554//554 558//558 559//559
f 554//554 559//559 560//560
f 560//560 559//559 561//561
f 560//560 561//561 562//562
f 562//562 561//561 563//563
f 562//562 563//563 564//564
f 564//564 563//563 565//565
f 564//564 565//565 297//297
f 297//297 565//565 299//299
f 566//566 567//567 557//557
f 557//557 567//567 568//568
f 557//557 568//568 569//569
f 569//569 568//568 570//570
f 569//569 570//570 571//571
f 572//572 573//573 566//566
f 566//566 573//573 574//574
f 566//566 574//574 575//575
f 575//575 574//574 576//576
f 575//575 576//576 577//577
f 577//577 576//576 578//578
f 577//577 578//578 579//579
f 579//579 578//578 580//580
f 579//579 580//580 566//566
f 566//566 580//580 581//581
f 566//566 581//581 567//567
f 567//567 581//581 582//582
f 567//567 582//582 570//570
f 583//583 584//584 572//572
f 572//572 584//584 585//585
f 572//572 585//585 586//586
f 586//586 585//585 587//587
f 586//586 587//587 588//588
f 588//588 587//587 589//589
f 588//588 589//589 572//572
f 572//572 589//589 573//573
f 590//590 591//591 583//583
f 583//583 591//591 592//592
f 583//583 592//592 593//593
f 593//593 592//592 594//594
f 593//593 594//594 587//587
f 587//587 594//594 595//595
f 595//595 594//594 596//596
f 595//595 596//596 597//597
f 597//597 596//596 598//598
f 597//597 598//598 599//599
f 599//599 598//598 600//600
f 599//599 600//600 601//601
f 601//601 600//600 602//602
f 601//601 602//602 603//603
f 603//603 602//602 604//604
f 603//603 604//604 605//605
f 605//605 604//604 606//606
f 605//605 606//606 607//607
f 607//607 606//606 608//608
f 607//607 608//608 609//609
f 609//609 608//608 610//610
f 609//609 610//610 611//611
f 611//611 610//610 612//612
f 611//611 612//612 613//613
f 613//613 612//612 614//614
f 613//613 614//614 615//615
f 615//615 614//614 616//616
f 615//615 616//616 617//617
f 617//617 616//616 618//618
f 617//617 618//618 619//619
f 619//619 618//618 620//620
f 619//619 620//620 621//621
f 621//621 620//620 622//622
f 621//621 622//622 623//623
f 623//623 622//622 624//624
f 623//623 624//624 625//625
f 625//625 624//624 626//626
f 625//625 626//626 627//627
f 628//628 629//629 590//590
f 590//590 629//629 630//630
f 590//590 630//630 591//591
f 591//591 630//630 631//631
f 591//591 631//631 596//596
f 596//596 631//631 598//598
f 632//632 633//633 628//628
f 628//628 633//633 634//634
f 628//628 634//634 629//629
f 629//629 634//634 635//635
f 629//629 635//635 636//636
f 636//636 635//635 637//637
f 636//636 637//637 638//638
f 638//638 637//637 639//639
f 638//638 639//639 600//600
f 600//600 639//639 602//602
f 626//626 640//640 632//632
f 632//632 640//640 641//641
f 632//632 641//641 633//633
f 633//633 641//641 642//642
f 633//633 642//642 643//643
f 643//643 642//642 644//644
f 643//643 644//644 645//645
f 645//645 644//644 646//646
f 645//645 646//646 647//647
f 647//647 646//646 648//648
f 647//647 648//648 649//649
f 649//649 648//648 650//650
f 649//649 650//650 604//604
f 604//604 650//650 606//606
f 651//651 652//652 627//627
f 627//627 652//652 653//653
f 627//627 653//653 654//654
f 654//654 653//653 655//655
f 654//654 655//655 656//656
f 656//656 655//655 657//657
f 656//656 657//657 658//658
f 658//658 657//657 659//659
f 658//658 659//659 660//660
f 660//660 659//659 661//661
f 660//660 661//661 662//662
f 662//662 661//661 663//663
f 662//662 663//663 664//664
f 664//664 663//663 665//665
f 664//664 665//665 666//666
f 666//666 665//665 667//667
f 666//666 667//667 668//668
f 668//668 667//667 669//669
f 668//668 669//669 670//670
f 670//670 669//669 611//611
f 670//670 611//611 613//613
f 652//652 651//651 671//671
f 671//671 651//651 672//672
f 671//671 672//672 673//673
f 671//671 673//673 674//674
f 674//674 673//673 675//675
f 674//674 675//675 676//676
f 677//677 678//678 676//676
f 676//676 678//678 679//679
f 676//676 679//679 674//674
f 674//674 679//679 680//680
f 674//674 680//680 652//652
f 652//652 680//680 681//681
f 652//652 681//681 653//653
f 653//653 681//681 655//655
f 678//678 677//677 682//682
f 682//682 677//677 683//683
f 682//682 683//683 684//684
f 684//684 683//683 685//685
f 684//684 685//685 686//686
f 686//686 685//685 687//687
f 686//686 687//687 688//688
f 688//688 687//687 689//689
f 688//688 689//689 690//690
f 669//669 667//667 690//690
f 690//690 667//667 691//691
f 690//690 691//691 692//692
f 692//692 691//691 693//693
f 692//692 693//693 694//694
f 694//694 693//693 695//695
f 694//694 695//695 696//696
f 696//696 695//695 697//697
f 696//696 697//697 698//698
f 698//698 697//697 699//699
f 698//698 699//699 700//700
f 700//700 699//699 701//701
f 700//700 701//701 702//702
f 702//702 701//701 681//681
f 702//702 681//681 680//680
f 669//669 609//609 611//611
f 609//609 703//703 607//607
f 607//607 703//703 704//704
f 607//607 704//704 605//605
f 605//605 704//704 705//705
f 605//605 705//705 603//603
f 603//603 705//705 706//706
f 603//603 706//706 601//601
f 601//601 706//706 707//707
f 601//601 707//707 599//599
f 599//599 707//707 708//708
f 599//599 708//708 597//597
f 597//597 708//708 709//709
f 597//597 709//709 710//710
f 710//710 709//709 711//711
f 711//711 709//709 708//708
f 711//711 708//708 712//712
f 712//712 708//708 713//713
f 712//712 713//713 714//714
f 714//714 713//713 715//715
f 714//714 715//715 716//716
f 716//716 715//715 717//717
f 716//716 717//717 718//718
f 718//718 717//717 719//719
f 718//718 719//719 720//720
f 720//720 719//719 721//721
f 720//720 721//721 722//722
f 722//722 721//721 723//723
f 722//722 723//723 724//724
f 724//724 723//723 725//725
f 724//724 725//725 726//726
f 726//726 725//725 727//727
f 726//726 727//727 728//728
f 728//728 727//727 729//729
f 728//728 729//729 730//730
f 730//730 729//729 731//731
f 730//730 731//731 732//732
f 732//732 731//731 733//733
f 732//732 733//733 734//734
f 734//734 733//733 735//735
f 734//734 735//735 736//736
f 736//736 735//735 737//737
f 736//736 737//737 738//738
f 738//738 737//737 739//739
f 738//738 739//739 740//740
f 740//740 739//739 741//741
f 740//740 741//741 742//742
f 742//742 741//741 743//743
f 742//742 743//743 744//744
f 744//744 743//743 745//745
f 744//744 745//745 746//746
f 746//746 745//745 747//747
f 746//746 747//747 748//748
f 748//748 747//747 749//749
f 748//748 749//749 750//750
f 750//750 749//749 751//751
f 750//750 751//751 752//752
f 752//752 751//751 753//753
f 752//752 753//753 754//754
f 754//754 753//753 755//755
f 754//754 755//755 319//319
f 319//319 755//755 317//317
f 721//721 756//756 703//703
f 703//703 756//756 757//757
f 703//703 757//757 704//704
f 704//704 757//757 705//705
f 721//721 758//758 723//723
f 723//723 758//758 759//759
f 723//723 759//759 725//725
f 725//725 759//759 760//760
f 725//725 760//760 727//727
f 727//727 760//760 761//761
f 727//727 761//761 729//729
f 729//729 761//761 731//731
f 741//741 762//762 758//758
f 758//758 762//762 763//763
f 758//758 763//763 764//764
f 764//764 763//763 765//765
f 764//764 765//765 760//760
f 760//760 765//765 761//761
f 743//743 741//741 766//766
f 766//766 741//741 767//767
f 766//766 767//767 768//768
f 768//768 767//767 769//769
f 768//768 769//769 770//770
f 770//770 769//769 771//771
f 770//770 771//771 772//772
f 772//772 771//771 773//773
f 772//772 773//773 774//774
f 774//774 773//773 775//775
f 774//774 775//775 755//755
f 755//755 775//775 317//317
f 307//307 309//309 767//767
f 767//767 309//309 776//776
f 767//767 776//776 777//777
f 777//777 776//776 778//778
f 777//777 778//778 779//779
f 779//779 778//778 780//780
f 779//779 780//780 773//773
f 773//773 780//780 775//775
f 781//781 782//782 304//304
f 304//304 782//782 783//783
f 304//304 783//783 302//302
f 302//302 783//783 300//300
f 784//784 785//785 781//781
f 781//781 785//785 786//786
f 781//781 786//786 782//782
f 782//782 786//786 787//787
f 782//782 787//787 788//788
f 788//788 787//787 789//789
f 788//788 789//789 298//298
f 298//298 789//789 296//296
f 790//790 791//791 784//784
f 784//784 791//791 792//792
f 784//784 792//792 785//785
f 785//785 792//792 793//793
f 785//785 793//793 794//794
f 794//794 793//793 795//795
f 794//794 795//795 796//796
f 796//796 795//795 797//797
f 796//796 797//797 798//798
f 798//798 797//797 799//799
f 798//798 799//799 294//294
f 294//294 799//799 292//292
f 790//790 800//800 791//791
f 791//791 800//800 276//276
f 791//791 276//276 278//278
f 800//800 274//274 276//276
f 801//801 802//802 273//273
f 273//273 802//802 803//803
f 273//273 803//803 271//271
f 271//271 803//803 269//269
f 241//241 804//804 801//801
f 801//801 804//804 805//805
f 801//801 805//805 806//806
f 806//806 805//805 807//807
f 806//806 807//807 808//808
f 808//808 807//807 809//809
f 808//808 809//809 810//810
f 810//810 809//809 811//811
f 810//810 811//811 812//812
f 812//812 811//811 813//813
f 812//812 813//813 263//263
f 263//263 813//813 261//261
f 814//814 815//815 240//240
f 240//240 815//815 816//816
f 240//240 816//816 238//238
f 238//238 816//816 236//236
f 817//817 818//818 814//814
f 814//814 818//818 819//819
f 814//814 819//819 815//815
f 815//815 819//819 820//820
f 815//815 820//820 821//821
f 821//821 820//820 822//822
f 821//821 822//822 234//234
f 234//234 822//822 232//232
f 823//823 824//824 817//817
f 817//817 824//824 825//825
f 817//817 825//825 826//826
f 826//826 825//825 827//827
f 826//826 827//827 828//828
f 828//828 827//827 829//829
f 828//828 829//829 830//830
f 830//830 829//829 831//831
f 830//830 831//831 832//832
f 832//832 831//831 833//833
f 832//832 833//833 834//834
f 834//834 833//833 835//835
f 834//834 835//835 228//228
f 228//228 835//835 226//226
f 824//824 823//823 210//210
f 210//210 823//823 208//208
f 208//208 836//836 206//206
f 206//206 836//836 837//837
f 206//206 837//837 204//204
f 204//204 837//837 838//838
f 204//204 838//838 202//202
f 202//202 838//838 839//839
f 202//202 839//839 200//200
f 200//200 839//839 840//840
f 200//200 840//840 198//198
f 198//198 840//840 841//841
f 198//198 841//841 196//196
f 196//196 841//841 842//842
f 196//196 842//842 194//194
f 194//194 842//842 192//192
f 843//843 844//844 836//836
f 836//836 844//844 845//845
f 836//836 845//845 846//846
f 846//846 845//845 847//847
f 846//846 847//847 838//838
f 838//838 847//847 839//839
f 178//178 180//180 843//843
f 843//843 180//180 848//848
f 843//843 848//848 849//849
f 849//849 848//848 850//850
f 849//849 850//850 851//851
f 851//851 850//850 852//852
f 851//851 852//852 853//853
f 853//853 852//852 854//854
f 853//853 854//854 855//855
f 855//855 854//854 856//856
f 855//855 856//856 841//841
f 841//841 856//856 842//842
f 175//175 857//857 173//173
f 173//173 857//857 858//858
f 173//173 858//858 171//171
f 171//171 858//858 859//859
f 171//171 859//859 169//169
f 169//169 859//859 860//860
f 169//169 860//860 167//167
f 167//167 860//860 861//861
f 167//167 861//861 165//165
f 165//165 861//861 862//862
f 165//165 862//862 163//163
f 163//163 862//862 863//863
f 163//163 863//863 161//161
f 161//161 863//863 159//159
f 858//858 857//857 864//864
f 864//864 857//857 865//865
f 864//864 865//865 866//866
f 866//866 865//865 867//867
f 866//866 867//867 868//868
f 868//868 867//867 869//869
f 868//868 869//869 870//870
f 870//870 869//869 871//871
f 870//870 871//871 872//872
f 872//872 871//871 873//873
f 872//872 873//873 874//874
f 874//874 873//873 875//875
f 874//874 875//875 876//876
f 876//876 875//875 153//153
f 876//876 153//153 155//155
f 865//865 877//877 867//867
f 867//867 877//877 869//869
f 869//869 877//877 878//878
f 878//878 877//877 879//879
f 878//878 879//879 880//880
f 880//880 879//879 881//881
f 880//880 881//881 882//882
f 882//882 881//881 883//883
f 882//882 883//883 884//884
f 884//884 883//883 145//145
f 884//884 145//145 147//147
f 881//881 885//885 883//883
f 883//883 885//885 143//143
f 883//883 143//143 145//145
f 885//885 141//141 143//143
f 136//136 886//886 134//134
f 134//134 886//886 887//887
f 134//134 887//887 888//888
f 888//888 887//887 889//889
f 888//888 889//889 890//890
f 890//890 889//889 891//891
f 890//890 891//891 892//892
f 892//892 891//891 893//893
f 892//892 893//893 894//894
f 894//894 893//893 895//895
f 894//894 895//895 896//896
f 896//896 895//895 897//897
f 896//896 897//897 898//898
f 898//898 897//897 118//118
f 898//898 118//118 120//120
f 887//887 899//899 889//889
f 889//889 899//899 900//900
f 889//889 900//900 891//891
f 891//891 900//900 901//901
f 891//891 901//901 893//893
f 893//893 901//901 902//902
f 893//893 902//902 895//895
f 895//895 902//902 903//903
f 895//895 903//903 897//897
f 897//897 903//903 116//116
f 897//897 116//116 118//118
f 899//899 904//904 900//900
f 900//900 904//904 905//905
f 900//900 905//905 901//901
f 901//901 905//905 906//906
f 901//901 906//906 902//902
f 902//902 906//906 907//907
f 902//902 907//907 903//903
f 903//903 907//907 114//114
f 903//903 114//114 116//116
f 904//904 908//908 905//905
f 905//905 908//908 909//909
f 905//905 909//909 906//906
f 906//906 909//909 910//910
f 906//906 910//910 907//907
f 907//907 910//910 112//112
f 907//907 112//112 114//114
f 908//908 108//108 909//909
f 909//909 108//108 910//910
f 911//911 912//912 571//571
f 571//571 912//912 913//913
f 571//571 913//913 569//569
f 569//569 913//913 557//557
f 912//912 911//911 914//914
f 914//914 911//911 915//915
f 914//914 915//915 916//916
f 914//914 916//916 318//318
f 318//318 916//916 320//320
f 321//321 754//754 319//319
f 752//752 917//917 750//750
f 750//750 917//917 918//918
f 750//750 918//918 748//748
f 748//748 918//918 919//919
f 748//748 919//919 746//746
f 746//746 919//919 920//920
f 746//746 920//920 744//744
f 744//744 920//920 921//921
f 744//744 921//921 742//742
f 742//742 921//921 740//740
f 917//917 922//922 918//918
f 918//918 922//922 923//923
f 918//918 923//923 919//919
f 919//919 923//923 924//924
f 919//919 924//924 920//920
f 920//920 924//924 925//925
f 920//920 925//925 921//921
f 921//921 925//925 738//738
f 921//921 738//738 740//740
f 923//923 922//922 926//926
f 926//926 922//922 927//927
f 926//926 927//927 928//928
f 928//928 927//927 732//732
f 928//928 732//732 734//734
f 730//730 929//929 728//728
f 728//728 929//929 930//930
f 728//728 930//930 726//726
f 726//726 930//930 931//931
f 726//726 931//931 724//724
f 724//724 931//931 932//932
f 724//724 932//932 722//722
f 722//722 932//932 720//720
f 930//930 929//929 933//933
f 933//933 929//929 934//934
f 933//933 934//934 935//935
f 935//935 934//934 936//936
f 935//935 936//936 937//937
f 937//937 936//936 711//711
f 937//937 711//711 712//712
f 710//710 938//938 597//597
f 597//597 938//938 595//595
f 587//587 576//576 589//589
f 589//589 576//576 573//573
f 578//578 582//582 580//580
f 580//580 582//582 581//581
f 432//432 434//434 433//433
f 433//433 434//434 430//430
f 418//418 420//420 429//429
f 429//429 420//420 939//939
f 429//429 939//939 427//427
f 427//427 939//939 940//940
f 427//427 940//940 425//425
f 425//425 940//940 941//941
f 425//425 941//941 423//423
f 423//423 941//941 421//421
f 400//400 421//421 402//402
f 402//402 421//421 941//941
f 402//402 941//941 404//404
f 404//404 941//941 940//940
f 404//404 940//940 406//406
f 406//406 940//940 939//939
f 406//406 939//939 408//408
f 408//408 939//939 420//420
f 366//366 365//365 942//942
f 942//942 365//365 381//381
f 942//942 381//381 383//383
f 366//366 942//942 943//943
f 943//943 942//942 383//383
f 943//943 383//383 385//385
f 367//367 366//366 944//944
f 944//944 366//366 943//943
f 944//944 943//943 945//945
f 945//945 943//943 385//385
f 945//945 385//385 387//387
f 354//354 353//353 369//369
f 369//369 353//353 352//352
f 323//323 322//322 338//338
f 339//339 337//337 355//355
f 355//355 337//337 336//336
f 338//338 340//340 323//323
f 323//323 340//340 946//946
f 323//323 946//946 324//324
f 324//324 946//946 325//325
f 910//910 108//108 110//110
f 111//111 109//109 326//326
f 326//326 109//109 107//107
f 112//112 910//910 110//110
f 134//134 888//888 132//132
f 132//132 888//888 890//890
f 132//132 890//890 130//130
f 130//130 890//890 892//892
f 130//130 892//892 128//128
f 128//128 892//892 894//894
f 128//128 894//894 126//126
f 126//126 894//894 896//896
f 126//126 896//896 124//124
f 124//124 896//896 898//898
f 124//124 898//898 122//122
f 122//122 898//898 120//120
f 137//137 135//135 479//479
f 478//478 133//133 131//131
f 137//137 479//479 490//490
f 490//490 479//479 477//477
f 490//490 477//477 488//488
f 488//488 477//477 475//475
f 488//488 475//475 486//486
f 486//486 475//475 473//473
f 486//486 473//473 484//484
f 484//484 473//473 471//471
f 484//484 471//471 482//482
f 482//482 471//471 470//470
f 482//482 470//470 469//469
f 142//142 139//139 489//489
f 142//142 489//489 144//144
f 144//144 489//489 487//487
f 144//144 487//487 146//146
f 146//146 487//487 485//485
f 146//146 485//485 148//148
f 148//148 485//485 483//483
f 148//148 483//483 150//150
f 150//150 483//483 481//481
f 150//150 481//481 152//152
f 152//152 481//481 480//480
f 152//152 480//480 154//154
f 880//880 882//882 947//947
f 947//947 882//882 884//884
f 947//947 884//884 948//948
f 948//948 884//884 147//147
f 948//948 147//147 149//149
f 878//878 880//880 949//949
f 949//949 880//880 947//947
f 949//949 947//947 950//950
f 950//950 947//947 948//948
f 950//950 948//948 951//951
f 951//951 948//948 149//149
f 951//951 149//149 151//151
f 871//871 869//869 949//949
f 949//949 869//869 878//878
f 871//871 949//949 950//950
f 864//864 866//866 952//952
f 952//952 866//866 868//868
f 952//952 868//868 953//953
f 953//953 868//868 870//870
f 953//953 870//870 954//954
f 954//954 870//870 872//872
f 954//954 872//872 955//955
f 955//955 872//872 874//874
f 955//955 874//874 956//956
f 956//956 874//874 876//876
f 956//956 876//876 157//157
f 157//157 876//876 155//155
f 858//858 864//864 859//859
f 859//859 864//864 952//952
f 859//859 952//952 860//860
f 860//860 952//952 953//953
f 860//860 953//953 861//861
f 861//861 953//953 954//954
f 861//861 954//954 862//862
f 862//862 954//954 955//955
f 862//862 955//955 863//863
f 863//863 955//955 956//956
f 863//863 956//956 159//159
f 159//159 956//956 157//157
f 177//177 174//174 957//957
f 957//957 174//174 172//172
f 957//957 172//172 958//958
f 958//958 172//172 170//170
f 958//958 170//170 959//959
f 959//959 170//170 168//168
f 959//959 168//168 960//960
f 960//960 168//168 166//166
f 960//960 166//166 961//961
f 961//961 166//166 164//164
f 961//961 164//164 491//491
f 491//491 164//164 162//162
f 179//179 177//177 503//503
f 503//503 177//177 957//957
f 503//503 957//957 501//501
f 501//501 957//957 958//958
f 501//501 958//958 499//499
f 499//499 958//958 959//959
f 499//499 959//959 497//497
f 497//497 959//959 960//960
f 497//497 960//960 495//495
f 495//495 960//960 961//961
f 495//495 961//961 493//493
f 493//493 961//961 491//491
f 848//848 180//180 182//182
f 183//183 181//181 502//502
f 848//848 182//182 850//850
f 850//850 182//182 184//184
f 850//850 184//184 852//852
f 852//852 184//184 186//186
f 852//852 186//186 854//854
f 854//854 186//186 188//188
f 854//854 188//188 856//856
f 856//856 188//188 190//190
f 856//856 190//190 842//842
f 842//842 190//190 192//192
f 845//845 844//844 962//962
f 962//962 844//844 851//851
f 962//962 851//851 853//853
f 845//845 962//962 847//847
f 847//847 962//962 963//963
f 847//847 963//963 839//839
f 839//839 963//963 840//840
f 963//963 962//962 853//853
f 846//846 838//838 837//837
f 209//209 207//207 964//964
f 964//964 207//207 205//205
f 964//964 205//205 528//528
f 209//209 964//964 211//211
f 211//211 964//964 965//965
f 211//211 965//965 213//213
f 213//213 965//965 966//966
f 213//213 966//966 215//215
f 215//215 966//966 967//967
f 215//215 967//967 217//217
f 217//217 967//967 968//968
f 217//217 968//968 219//219
f 219//219 968//968 519//519
f 219//219 519//519 221//221
f 221//221 519//519 223//223
f 965//965 964//964 528//528
f 824//824 210//210 212//212
f 825//825 824//824 969//969
f 969//969 824//824 212//212
f 969//969 212//212 214//214
f 825//825 969//969 827//827
f 827//827 969//969 970//970
f 827//827 970//970 829//829
f 829//829 970//970 971//971
f 829//829 971//971 831//831
f 831//831 971//971 972//972
f 831//831 972//972 833//833
f 833//833 972//972 973//973
f 833//833 973//973 835//835
f 835//835 973//973 224//224
f 835//835 224//224 226//226
f 970//970 969//969 214//214
f 819//819 818//818 974//974
f 974//974 818//818 828//828
f 974//974 828//828 830//830
f 819//819 974//974 820//820
f 820//820 974//974 975//975
f 820//820 975//975 822//822
f 822//822 975//975 976//976
f 822//822 976//976 232//232
f 232//232 976//976 230//230
f 975//975 974//974 830//830
f 816//816 815//815 821//821
f 234//234 236//236 821//821
f 821//821 236//236 816//816
f 242//242 239//239 977//977
f 977//977 239//239 237//237
f 977//977 237//237 978//978
f 978//978 237//237 235//235
f 978//978 235//235 979//979
f 979//979 235//235 233//233
f 979//979 233//233 980//980
f 980//980 233//233 231//231
f 980//980 231//231 981//981
f 981//981 231//231 229//229
f 981//981 229//229 529//529
f 529//529 229//229 227//227
f 539//539 244//244 977//977
f 977//977 244//244 242//242
f 539//539 977//977 978//978
f 805//805 804//804 982//982
f 982//982 804//804 245//245
f 982//982 245//245 247//247
f 805//805 982//982 807//807
f 807//807 982//982 983//983
f 807//807 983//983 809//809
f 809//809 983//983 984//984
f 809//809 984//984 811//811
f 811//811 984//984 985//985
f 811//811 985//985 813//813
f 813//813 985//985 986//986
f 813//813 986//986 261//261
f 261//261 986//986 259//259
f 983//983 982//982 247//247
f 808//808 987//987 988//988
f 988//988 987//987 802//802
f 988//988 802//802 801//801
f 803//803 802//802 989//989
f 989//989 802//802 987//987
f 989//989 987//987 990//990
f 990//990 987//987 810//810
f 990//990 810//810 812//812
f 987//987 808//808 810//810
f 267//267 269//269 989//989
f 989//989 269//269 803//803
f 267//267 989//989 990//990
f 275//275 272//272 991//991
f 991//991 272//272 270//270
f 991//991 270//270 992//992
f 992//992 270//270 268//268
f 992//992 268//268 553//553
f 275//275 991//991 277//277
f 277//277 991//991 993//993
f 277//277 993//993 279//279
f 279//279 993//993 994//994
f 279//279 994//994 281//281
f 281//281 994//994 995//995
f 281//281 995//995 283//283
f 283//283 995//995 996//996
f 283//283 996//996 285//285
f 285//285 996//996 997//997
f 285//285 997//997 287//287
f 287//287 997//997 289//289
f 993//993 991//991 992//992
f 792//792 791//791 998//998
f 998//998 791//791 278//278
f 998//998 278//278 280//280
f 792//792 998//998 793//793
f 793//793 998//998 999//999
f 793//793 999//999 795//795
f 795//795 999//999 1000//1000
f 795//795 1000//1000 797//797
f 797//797 1000//1000 1001//1001
f 797//797 1001//1001 799//799
f 799//799 1001//1001 1002//1002
f 799//799 1002//1002 292//292
f 292//292 1002//1002 290//290
f 999//999 998//998 280//280
f 786//786 785//785 794//794
f 786//786 794//794 787//787
f 787//787 794//794 796//796
f 787//787 796//796 789//789
f 789//789 796//796 798//798
f 789//789 798//798 296//296
f 296//296 798//798 294//294
f 783//783 782//782 788//788
f 298//298 300//300 788//788
f 788//788 300//300 783//783
f 306//306 303//303 1003//1003
f 1003//1003 303//303 301//301
f 1003//1003 301//301 1004//1004
f 1004//1004 301//301 299//299
f 1004//1004 299//299 565//565
f 308//308 306//306 1005//1005
f 1005//1005 306//306 1003//1003
f 1005//1005 1003//1003 1006//1006
f 1006//1006 1003//1003 1004//1004
f 1006//1006 1004//1004 1007//1007
f 1007//1007 1004//1004 565//565
f 1007//1007 565//565 563//563
f 308//308 1005//1005 310//310
f 310//310 1005//1005 1008//1008
f 310//310 1008//1008 312//312
f 312//312 1008//1008 1009//1009
f 312//312 1009//1009 314//314
f 314//314 1009//1009 1010//1010
f 314//314 1010//1010 316//316
f 316//316 1010//1010 1011//1011
f 316//316 1011//1011 318//318
f 318//318 1011//1011 914//914
f 1008//1008 1005//1005 1006//1006
f 776//776 309//309 311//311
f 776//776 311//311 778//778
f 778//778 311//311 313//313
f 778//778 313//313 780//780
f 780//780 313//313 315//315
f 780//780 315//315 775//775
f 775//775 315//315 317//317
f 779//779 771//771 1012//1012
f 1012//1012 771//771 769//769
f 1012//1012 769//769 767//767
f 771//771 779//779 773//773
f 766//766 768//768 1013//1013
f 1013//1013 768//768 770//770
f 1013//1013 770//770 1014//1014
f 1014//1014 770//770 772//772
f 1014//1014 772//772 1015//1015
f 1015//1015 772//772 774//774
f 1015//1015 774//774 753//753
f 753//753 774//774 755//755
f 743//743 766//766 745//745
f 745//745 766//766 1013//1013
f 745//745 1013//1013 747//747
f 747//747 1013//1013 1014//1014
f 747//747 1014//1014 749//749
f 749//749 1014//1014 1015//1015
f 749//749 1015//1015 751//751
f 751//751 1015//1015 753//753
f 736//736 738//738 925//925
f 763//763 762//762 1016//1016
f 1016//1016 762//762 737//737
f 1016//1016 737//737 735//735
f 763//763 1016//1016 765//765
f 765//765 1016//1016 1017//1017
f 765//765 1017//1017 761//761
f 761//761 1017//1017 731//731
f 1017//1017 1016//1016 735//735
f 764//764 760//760 759//759
f 720//720 932//932 718//718
f 718//718 932//932 1018//1018
f 718//718 1018//1018 716//716
f 716//716 1018//1018 1019//1019
f 716//716 1019//1019 714//714
f 714//714 1019//1019 937//937
f 714//714 937//937 712//712
f 1018//1018 932//932 931//931
f 717//717 1020//1020 1021//1021
f 1021//1021 1020//1020 756//756
f 1021//1021 756//756 721//721
f 757//757 756//756 1022//1022
f 1022//1022 756//756 1020//1020
f 1022//1022 1020//1020 1023//1023
f 1023//1023 1020//1020 715//715
f 1023//1023 715//715 713//713
f 1020//1020 717//717 715//715
f 706//706 705//705 1022//1022
f 1022//1022 705//705 757//757
f 706//706 1022//1022 1023//1023
f 610//610 608//608 1024//1024
f 1024//1024 608//608 606//606
f 1024//1024 606//606 650//650
f 610//610 1024//1024 612//612
f 612//612 1024//1024 1025//1025
f 612//612 1025//1025 614//614
f 614//614 1025//1025 1026//1026
f 614//614 1026//1026 616//616
f 616//616 1026//1026 1027//1027
f 616//616 1027//1027 618//618
f 618//618 1027//1027 1028//1028
f 618//618 1028//1028 620//620
f 620//620 1028//1028 1029//1029
f 620//620 1029//1029 622//622
f 622//622 1029//1029 640//640
f 622//622 640//640 624//624
f 624//624 640//640 626//626
f 1025//1025 1024//1024 650//650
f 668//668 670//670 1030//1030
f 1030//1030 670//670 613//613
f 1030//1030 613//613 615//615
f 668//668 1030//1030 666//666
f 666//666 1030//1030 1031//1031
f 666//666 1031//1031 664//664
f 664//664 1031//1031 1032//1032
f 664//664 1032//1032 662//662
f 662//662 1032//1032 1033//1033
f 662//662 1033//1033 660//660
f 660//660 1033//1033 1034//1034
f 660//660 1034//1034 658//658
f 658//658 1034//1034 1035//1035
f 658//658 1035//1035 656//656
f 656//656 1035//1035 1036//1036
f 656//656 1036//1036 654//654
f 654//654 1036//1036 627//627
f 1031//1031 1030//1030 615//615
f 691//691 667//667 665//665
f 691//691 665//665 693//693
f 693//693 665//665 663//663
f 693//693 663//663 695//695
f 695//695 663//663 661//661
f 695//695 661//661 697//697
f 697//697 661//661 659//659
f 697//697 659//659 699//699
f 699//699 659//659 657//657
f 699//699 657//657 701//701
f 701//701 657//657 655//655
f 701//701 655//655 681//681
f 694//694 1037//1037 1038//1038
f 1038//1038 1037//1037 1039//1039
f 1038//1038 1039//1039 690//690
f 690//690 1039//1039 688//688
f 688//688 1039//1039 1040//1040
f 1040//1040 1039//1039 1037//1037
f 1040//1040 1037//1037 1041//1041
f 1041//1041 1037//1037 696//696
f 1041//1041 696//696 698//698
f 1037//1037 694//694 696//696
f 688//688 1040//1040 686//686
f 686//686 1040//1040 1042//1042
f 686//686 1042//1042 684//684
f 684//684 1042//1042 1043//1043
f 684//684 1043//1043 682//682
f 682//682 1043//1043 678//678
f 1042//1042 1040//1040 1041//1041
f 690//690 692//692 1038//1038
f 1038//1038 692//692 694//694
f 721//721 719//719 1021//1021
f 1021//1021 719//719 717//717
f 758//758 764//764 759//759
f 741//741 739//739 762//762
f 762//762 739//739 737//737
f 767//767 777//777 1012//1012
f 1012//1012 777//777 779//779
f 801//801 806//806 988//988
f 988//988 806//806 808//808
f 241//241 243//243 804//804
f 804//804 243//243 245//245
f 817//817 826//826 818//818
f 818//818 826//826 828//828
f 836//836 846//846 837//837
f 843//843 849//849 844//844
f 844//844 849//849 851//851
f 367//367 944//944 368//368
f 368//368 944//944 1044//1044
f 368//368 1044//1044 370//370
f 370//370 1044//1044 1045//1045
f 370//370 1045//1045 372//372
f 372//372 1045//1045 395//395
f 1044//1044 944//944 945//945
f 356//356 354//354 371//371
f 371//371 354//354 369//369
f 341//341 339//339 357//357
f 357//357 339//339 355//355
f 340//340 342//342 946//946
f 946//946 342//342 1046//1046
f 946//946 1046//1046 325//325
f 325//325 1046//1046 327//327
f 113//113 111//111 328//328
f 328//328 111//111 326//326
f 476//476 478//478 467//467
f 467//467 478//478 131//131
f 873//873 871//871 950//950
f 873//873 950//950 951//951
f 185//185 183//183 513//513
f 513//513 183//183 502//502
f 840//840 963//963 855//855
f 855//855 963//963 853//853
f 527//527 203//203 201//201
f 966//966 965//965 526//526
f 526//526 965//965 528//528
f 971//971 970//970 216//216
f 216//216 970//970 214//214
f 976//976 975//975 832//832
f 832//832 975//975 830//830
f 537//537 539//539 978//978
f 537//537 978//978 979//979
f 248//248 246//246 538//538
f 984//984 983//983 249//249
f 249//249 983//983 247//247
f 265//265 267//267 990//990
f 265//265 990//990 812//812
f 993//993 992//992 1047//1047
f 1047//1047 992//992 553//553
f 1047//1047 553//553 551//551
f 1000//1000 999//999 282//282
f 282//282 999//999 280//280
f 1008//1008 1006//1006 1048//1048
f 1048//1048 1006//1006 1007//1007
f 1048//1048 1007//1007 1049//1049
f 1049//1049 1007//1007 563//563
f 1049//1049 563//563 561//561
f 736//736 925//925 1050//1050
f 1050//1050 925//925 924//924
f 1050//1050 924//924 926//926
f 926//926 924//924 923//923
f 731//731 1017//1017 733//733
f 733//733 1017//1017 735//735
f 1018//1018 931//931 1051//1051
f 1051//1051 931//931 930//930
f 1051//1051 930//930 933//933
f 707//707 706//706 1023//1023
f 707//707 1023//1023 713//713
f 649//649 604//604 602//602
f 1026//1026 1025//1025 648//648
f 648//648 1025//1025 650//650
f 1032//1032 1031//1031 617//617
f 617//617 1031//1031 615//615
f 1042//1042 1041//1041 1052//1052
f 1052//1052 1041//1041 698//698
f 1052//1052 698//698 700//700
f 412//412 410//410 419//419
f 415//415 412//412 419//419
f 390//390 388//388 454//454
f 389//389 1053//1053 1054//1054
f 1054//1054 1053//1053 1045//1045
f 1054//1054 1045//1045 1044//1044
f 393//393 395//395 1053//1053
f 1053//1053 395//395 1045//1045
f 393//393 1053//1053 391//391
f 391//391 1053//1053 389//389
f 373//373 375//375 358//358
f 358//358 375//375 360//360
f 362//362 360//360 377//377
f 377//377 360//360 375//375
f 359//359 361//361 343//343
f 343//343 361//361 345//345
f 347//347 345//345 363//363
f 363//363 345//345 361//361
f 346//346 1055//1055 1056//1056
f 1056//1056 1055//1055 329//329
f 1056//1056 329//329 327//327
f 350//350 331//331 1055//1055
f 1055//1055 331//331 329//329
f 350//350 1055//1055 348//348
f 348//348 1055//1055 346//346
f 330//330 332//332 115//115
f 115//115 332//332 117//117
f 119//119 117//117 334//334
f 334//334 117//117 332//332
f 458//458 125//125 123//123
f 127//127 459//459 466//466
f 466//466 459//459 464//464
f 456//456 464//464 457//457
f 457//457 464//464 459//459
f 465//465 463//463 474//474
f 474//474 463//463 472//472
f 461//461 472//472 462//462
f 462//462 472//472 463//463
f 151//151 153//153 875//875
f 496//496 1057//1057 498//498
f 498//498 1057//1057 512//512
f 498//498 512//512 500//500
f 512//512 1057//1057 510//510
f 510//510 1057//1057 505//505
f 510//510 505//505 508//508
f 508//508 505//505 504//504
f 505//505 1057//1057 506//506
f 506//506 1057//1057 496//496
f 511//511 509//509 187//187
f 187//187 509//509 189//189
f 191//191 189//189 507//507
f 507//507 189//189 509//509
f 517//517 197//197 195//195
f 518//518 1058//1058 1059//1059
f 1059//1059 1058//1058 525//525
f 1059//1059 525//525 527//527
f 525//525 1058//1058 523//523
f 523//523 1058//1058 515//515
f 523//523 515//515 521//521
f 521//521 515//515 514//514
f 515//515 1058//1058 516//516
f 516//516 1058//1058 518//518
f 524//524 522//522 967//967
f 967//967 522//522 968//968
f 519//519 968//968 520//520
f 520//520 968//968 522//522
f 218//218 220//220 972//972
f 972//972 220//220 973//973
f 224//224 973//973 222//222
f 222//222 973//973 220//220
f 834//834 228//228 230//230
f 981//981 533//533 980//980
f 980//980 533//533 535//535
f 980//980 535//535 979//979
f 979//979 535//535 537//537
f 529//529 531//531 981//981
f 981//981 531//531 533//533
f 534//534 1060//1060 536//536
f 536//536 1060//1060 1061//1061
f 536//536 1061//1061 538//538
f 538//538 1061//1061 248//248
f 1060//1060 1062//1062 1061//1061
f 1061//1061 1062//1062 250//250
f 1061//1061 250//250 248//248
f 534//534 541//541 1060//1060
f 1060//1060 541//541 540//540
f 1060//1060 540//540 1062//1062
f 1062//1062 540//540 1063//1063
f 1062//1062 1063//1063 252//252
f 252//252 1063//1063 254//254
f 1062//1062 252//252 250//250
f 253//253 1064//1064 1065//1065
f 1065//1065 1064//1064 985//985
f 1065//1065 985//985 984//984
f 985//985 1064//1064 986//986
f 986//986 1064//1064 257//257
f 986//986 257//257 259//259
f 257//257 1064//1064 255//255
f 255//255 1064//1064 253//253
f 545//545 262//262 260//260
f 264//264 546//546 552//552
f 552//552 546//546 550//550
f 543//543 550//550 544//544
f 544//544 550//550 546//546
f 549//549 1066//1066 1067//1067
f 1067//1067 1066//1066 995//995
f 1067//1067 995//995 994//994
f 995//995 1066//1066 996//996
f 996//996 1066//1066 547//547
f 996//996 547//547 997//997
f 997//997 547//547 289//289
f 547//547 1066//1066 548//548
f 548//548 1066//1066 549//549
f 284//284 286//286 1001//1001
f 1001//1001 286//286 1002//1002
f 290//290 1002//1002 288//288
f 288//288 1002//1002 286//286
f 293//293 1068//1068 295//295
f 295//295 1068//1068 564//564
f 295//295 564//564 297//297
f 564//564 1068//1068 562//562
f 562//562 1068//1068 555//555
f 562//562 555//555 560//560
f 560//560 555//555 554//554
f 555//555 1068//1068 556//556
f 556//556 1068//1068 293//293
f 561//561 1069//1069 1049//1049
f 1049//1049 1069//1069 1070//1070
f 1049//1049 1070//1070 1048//1048
f 1048//1048 1070//1070 1009//1009
f 1048//1048 1009//1009 1008//1008
f 1069//1069 1071//1071 1070//1070
f 1070//1070 1071//1071 1010//1010
f 1070//1070 1010//1010 1009//1009
f 561//561 559//559 1069//1069
f 1069//1069 559//559 558//558
f 1069//1069 558//558 1071//1071
f 1071//1071 558//558 1072//1072
f 1071//1071 1072//1072 1011//1011
f 1011//1011 1072//1072 914//914
f 1071//1071 1011//1011 1010//1010
f 1050//1050 926//926 928//928
f 282//282 284//284 1000//1000
f 1000//1000 284//284 1001//1001
f 1047//1047 551//551 1067//1067
f 1067//1067 551//551 549//549
f 1047//1047 1067//1067 994//994
f 266//266 264//264 552//552
f 812//812 263//263 265//265
f 253//253 1065//1065 251//251
f 251//251 1065//1065 984//984
f 251//251 984//984 249//249
f 832//832 834//834 976//976
f 976//976 834//834 230//230
f 216//216 218//218 971//971
f 971//971 218//218 972//972
f 526//526 524//524 966//966
f 966//966 524//524 967//967
f 201//201 199//199 1059//1059
f 1059//1059 199//199 518//518
f 201//201 1059//1059 527//527
f 855//855 841//841 840//840
f 513//513 511//511 185//185
f 185//185 511//511 187//187
f 951//951 151//151 875//875
f 951//951 875//875 873//873
f 467//467 465//465 476//476
f 476//476 465//465 474//474
f 129//129 127//127 466//466
f 328//328 330//330 113//113
f 113//113 330//330 115//115
f 346//346 1056//1056 344//344
f 344//344 1056//1056 1046//1046
f 344//344 1046//1046 342//342
f 1046//1046 1056//1056 327//327
f 357//357 359//359 341//341
f 341//341 359//359 343//343
f 371//371 373//373 356//356
f 356//356 373//373 358//358
f 945//945 387//387 1054//1054
f 1054//1054 387//387 389//389
f 945//945 1054//1054 1044//1044
f 674//674 652//652 671//671
f 625//625 627//627 1036//1036
f 623//623 625//625 1035//1035
f 1035//1035 625//625 1036//1036
f 642//642 641//641 1029//1029
f 1029//1029 641//641 640//640
f 635//635 634//634 643//643
f 643//643 634//634 633//633
f 631//631 630//630 636//636
f 636//636 630//630 629//629
f 584//584 583//583 593//593
f 594//594 592//592 596//596
f 596//596 592//592 591//591
f 587//587 585//585 584//584
f 584//584 593//593 587//587
f 588//588 572//572 586//586
f 576//576 574//574 573//573
f 579//579 566//566 577//577
f 577//577 566//566 575//575
f 570//570 568//568 567//567
f 913//913 912//912 557//557
f 557//557 912//912 914//914
f 557//557 914//914 1072//1072
f 558//558 557//557 1072//1072
f 260//260 258//258 545//545
f 540//540 256//256 1063//1063
f 1063//1063 256//256 254//254
f 195//195 193//193 517//517
f 123//123 121//121 458//458
f 363//363 349//349 347//347
f 454//454 392//392 390//390
f 702//702 680//680 679//679
f 621//621 623//623 1034//1034
f 1034//1034 623//623 1035//1035
f 644//644 642//642 1028//1028
f 1028//1028 642//642 1029//1029
f 637//637 635//635 645//645
f 645//645 635//635 643//643
f 598//598 631//631 638//638
f 638//638 631//631 636//636
f 702//702 679//679 1073//1073
f 1073//1073 679//679 678//678
f 1073//1073 678//678 1043//1043
f 619//619 621//621 1033//1033
f 1033//1033 621//621 1034//1034
f 646//646 644//644 1027//1027
f 1027//1027 644//644 1028//1028
f 639//639 637//637 647//647
f 647//647 637//637 645//645
f 600//600 598//598 638//638
f 1052//1052 700//700 1073//1073
f 1073//1073 700//700 702//702
f 1052//1052 1073//1073 1043//1043
f 617//617 619//619 1032//1032
f 1032//1032 619//619 1033//1033
f 648//648 646//646 1026//1026
f 1026//1026 646//646 1027//1027
f 602//602 639//639 649//649
f 649//649 639//639 647//647
f 713//713 708//708 707//707
f 1051//1051 933//933 935//935
f 1051//1051 935//935 1019//1019
f 1019//1019 935//935 937//937
f 1047//1047 994//994 993//993
f 928//928 734//734 1050//1050
f 1050//1050 734//734 736//736
f 1051//1051 1019//1019 1018//1018
f 1052//1052 1043//1043 1042//1042
f 1074//1074 1075//1075 1076//1076
f 1076//1076 1075//1075 1077//1077
f 1076//1076 1077//1077 1078//1078
f 1078//1078 1077//1077 1079//1079
f 1078//1078 1079//1079 1080//1080
f 1080//1080 1079//1079 1081//1081
f 1080//1080 1081//1081 1082//1082
f 1075//1075 1074//1074 1083//1083
f 1083//1083 1074//1074 1084//1084
f 1083//1083 1084//1084 1085//1085
f 1083//1083 1085//1085 1086//1086
f 1086//1086 1085//1085 1087//1087
f 1086//1086 1087//1087 1088//1088
f 1088//1088 1087//1087 1089//1089
f 1088//1088 1089//1089 1090//1090
f 1090//1090 1089//1089 1091//1091
f 1090//1090 1091//1091 1092//1092
f 1090//1090 1092//1092 1093//1093
f 1093//1093 1092//1092 1094//1094
f 1093//1093 1094//1094 1095//1095
f 1095//1095 1094//1094 1096//1096
f 1095//1095 1096//1096 1097//1097
f 1097//1097 1096//1096 1098//1098
f 1097//1097 1098//1098 1099//1099
f 1100//1100 1101//1101 1099//1099
f 1099//1099 1101//1101 1102//1102
f 1099//1099 1102//1102 1097//1097
f 1100//1100 1103//1103 1101//1101
f 1101//1101 1103//1103 1082//1082
f 1082//1082 1103//1103 1080//1080
f 1104//1104 1105//1105 1106//1106
f 1106//1106 1105//1105 1107//1107
f 1106//1106 1107//1107 1108//1108
f 1108//1108 1107//1107 1109//1109
f 1108//1108 1109//1109 1110//1110
f 1110//1110 1109//1109 1111//1111
f 1110//1110 1111//1111 1112//1112
f 1112//1112 1111//1111 1113//1113
f 1112//1112 1113//1113 1114//1114
f 1115//1115 1116//1116 1117//1117
f 1117//1117 1116//1116 1118//1118
f 1119//1119 1120//1120 1123//1123
f 1122//1122 1121//1121 1124//1124
f 1122//1122 1124//1124 1125//1125
f 1125//1125 1124//1124 1126//1126
f 1125//1125 1126//1126 1127//1127
f 1128//1128 1129//1129 1130//1130
f 1130//1130 1129//1129 1131//1131
f 1130//1130 1131//1131 1132//1132
f 1132//1132 1131//1131 1133//1133
f 1132//1132 1133//1133 1134//1134
f 1134//1134 1133//1133 1135//1135
f 1134//1134 1135//1135 1136//1136
f 1136//1136 1135//1135 1137//1137
f 1136//1136 1137//1137 1138//1138
f 1138//1138 1137//1137 1139//1139
f 1138//1138 1139//1139 1140//1140
f 1140//1140 1139//1139 1141//1141
f 1140//1140 1141//1141 1142//1142
f 1142//1142 1141//1141 1143//1143
f 1142//1142 1143//1143 1144//1144
f 1144//1144 1143//1143 1145//1145
f 1144//1144 1145//1145 1146//1146
f 1128//1128 1147//1147 1129//1129
f 1129//1129 1147//1147 1148//1148
f 1129//1129 1148//1148 1149//1149
f 1149//1149 1148//1148 1150//1150
f 1149//1149 1150//1150 1151//1151
f 1151//1151 1150//1150 1152//1152
f 1151//1151 1152//1152 1153//1153
f 1153//1153 1152//1152 1154//1154
f 1153//1153 1154//1154 1155//1155
f 1155//1155 1154//1154 1156//1156
f 1155//1155 1156//1156 1157//1157
f 1157//1157 1156//1156 1158//1158
f 1157//1157 1158//1158 1159//1159
f 1159//1159 1158//1158 1160//1160
f 1159//1159 1160//1160 1161//1161
f 1161//1161 1160//1160 1162//1162
f 1161//1161 1162//1162 1163//1163
f 1163//1163 1162//1162 1164//1164
f 1163//1163 1164//1164 1165//1165
f 1165//1165 1164//1164 1166//1166
f 1165//1165 1166//1166 1167//1167
f 1167//1167 1166//1166 1168//1168
f 1167//1167 1168//1168 1169//1169
f 1169//1169 1168//1168 1170//1170
f 1169//1169 1170//1170 1171//1171
f 1171//1171 1170//1170 1172//1172
f 1171//1171 1172//1172 1173//1173
f 1173//1173 1172//1172 1174//1174
f 1173//1173 1174//1174 1175//1175
f 1175//1175 1174//1174 1176//1176
f 1175//1175 1176//1176 1177//1177
f 1177//1177 1176//1176 1178//1178
f 1177//1177 1178//1178 1179//1179
f 1179//1179 1178//1178 1180//1180
f 1179//1179 1180//1180 1181//1181
f 1181//1181 1180//1180 1182//1182
f 1181//1181 1182//1182 1183//1183
f 1183//1183 1182//1182 1184//1184
f 1183//1183 1184//1184 1185//1185
f 1154//1154 1152//1152 1186//1186
f 1186//1186 1152//1152 1187//1187
f 1186//1186 1187//1187 1188//1188
f 1188//1188 1187//1187 1189//1189
f 1188//1188 1189//1189 1190//1190
f 1190//1190 1189//1189 1191//1191
f 1190//1190 1191//1191 1192//1192
f 1192//1192 1191//1191 1193//1193
f 1192//1192 1193//1193 1194//1194
f 1194//1194 1193//1193 1195//1195
f 1194//1194 1195//1195 1196//1196
f 1196//1196 1195//1195 1197//1197
f 1196//1196 1197//1197 1198//1198
f 1198//1198 1197//1197 1172//1172
f 1198//1198 1172//1172 1170//1170
f 1187//1187 1184//1184 1189//1189
f 1189//1189 1184//1184 1199//1199
f 1189//1189 1199//1199 1191//1191
f 1191//1191 1199//1199 1200//1200
f 1191//1191 1200//1200 1193//1193
f 1193//1193 1200//1200 1201//1201
f 1193//1193 1201//1201 1195//1195
f 1195//1195 1201//1201 1202//1202
f 1195//1195 1202//1202 1197//1197
f 1197//1197 1202//1202 1174//1174
f 1197//1197 1174//1174 1172//1172
f 1203//1203 1204//1204 1185//1185
f 1185//1185 1204//1204 1205//1205
f 1185//1185 1205//1205 1181//1181
f 1181//1181 1205//1205 1206//1206
f 1181//1181 1206//1206 1179//1179
f 1179//1179 1206//1206 1207//1207
f 1179//1179 1207//1207 1177//1177
f 1177//1177 1207//1207 1208//1208
f 1177//1177 1208//1208 1175//1175
f 1175//1175 1208//1208 1209//1209
f 1175//1175 1209//1209 1173//1173
f 1173//1173 1209//1209 1210//1210
f 1173//1173 1210//1210 1171//1171
f 1171//1171 1210//1210 1169//1169
f 1211//1211 1212//1212 1203//1203
f 1203//1203 1212//1212 1213//1213
f 1203//1203 1213//1213 1204//1204
f 1204//1204 1213//1213 1214//1214
f 1204//1204 1214//1214 1205//1205
f 1205//1205 1214//1214 1215//1215
f 1205//1205 1215//1215 1206//1206
f 1206//1206 1215//1215 1216//1216
f 1206//1206 1216//1216 1207//1207
f 1207//1207 1216//1216 1217//1217
f 1207//1207 1217//1217 1208//1208
f 1208//1208 1217//1217 1218//1218
f 1208//1208 1218//1218 1209//1209
f 1209//1209 1218//1218 1219//1219
f 1209//1209 1219//1219 1210//1210
f 1210//1210 1219//1219 1169//1169
f 1220//1220 1221//1221 1211//1211
f 1211//1211 1221//1221 1222//1222
f 1211//1211 1222//1222 1212//1212
f 1212//1212 1222//1222 1223//1223
f 1212//1212 1223//1223 1224//1224
f 1224//1224 1223//1223 1225//1225
f 1224//1224 1225//1225 1226//1226
f 1226//1226 1225//1225 1227//1227
f 1226//1226 1227//1227 1228//1228
f 1228//1228 1227//1227 1229//1229
f 1228//1228 1229//1229 1230//1230
f 1230//1230 1229//1229 1231//1231
f 1230//1230 1231//1231 1232//1232
f 1232//1232 1231//1231 1233//1233
f 1232//1232 1233//1233 1234//1234
f 1234//1234 1233//1233 1235//1235
f 1234//1234 1235//1235 1219//1219
f 1219//1219 1235//1235 1169//1169
f 1236//1236 1237//1237 1220//1220
f 1220//1220 1237//1237 1238//1238
f 1220//1220 1238//1238 1221//1221
f 1221//1221 1238//1238 1239//1239
f 1221//1221 1239//1239 1240//1240
f 1240//1240 1239//1239 1241//1241
f 1240//1240 1241//1241 1242//1242
f 1242//1242 1241//1241 1243//1243
f 1242//1242 1243//1243 1244//1244
f 1244//1244 1243//1243 1245//1245
f 1244//1244 1245//1245 1246//1246
f 1246//1246 1245//1245 1247//1247
f 1246//1246 1247//1247 1248//1248
f 1248//1248 1247//1247 1249//1249
f 1248//1248 1249//1249 1250//1250
f 1250//1250 1249//1249 1235//1235
f 1250//1250 1235//1235 1233//1233
f 1237//1237 1236//1236 1251//1251
f 1251//1251 1236//1236 1252//1252
f 1251//1251 1252//1252 1253//1253
f 1253//1253 1252//1252 1254//1254
f 1253//1253 1254//1254 1255//1255
f 1255//1255 1254//1254 1256//1256
f 1255//1255 1256//1256 1257//1257
f 1257//1257 1256//1256 1258//1258
f 1257//1257 1258//1258 1259//1259
f 1259//1259 1258//1258 1260//1260
f 1259//1259 1260//1260 1261//1261
f 1261//1261 1260//1260 1262//1262
f 1261//1261 1262//1262 1263//1263
f 1263//1263 1262//1262 1264//1264
f 1263//1263 1264//1264 1265//1265
f 1265//1265 1264//1264 1266//1266
f 1265//1265 1266//1266 1267//1267
f 1267//1267 1266//1266 1268//1268
f 1268//1268 1266//1266 1269//1269
f 1268//1268 1269//1269 1270//1270
f 1270//1270 1269//1269 1271//1271
f 1270//1270 1271//1271 1272//1272
f 1272//1272 1271//1271 1273//1273
f 1272//1272 1273//1273 1274//1274
f 1274//1274 1273//1273 1275//1275
f 1274//1274 1275//1275 1276//1276
f 1276//1276 1275//1275 1277//1277
f 1276//1276 1277//1277 1278//1278
f 1278//1278 1277//1277 1279//1279
f 1278//1278 1279//1279 1280//1280
f 1280//1280 1279//1279 1281//1281
f 1280//1280 1281//1281 1282//1282
f 1282//1282 1281//1281 1283//1283
f 1282//1282 1283//1283 1284//1284
f 1284//1284 1283//1283 1285//1285
f 1284//1284 1285//1285 1286//1286
f 1286//1286 1285//1285 1287//1287
f 1286//1286 1287//1287 1284//1284
f 1284//1284 1287//1287 1288//1288
f 1284//1284 1288//1288 1289//1289
f 1289//1289 1288//1288 1290//1290
f 1289//1289 1290//1290 1291//1291
f 1291//1291 1290//1290 1292//1292
f 1291//1291 1292//1292 1293//1293
f 1293//1293 1292//1292 1294//1294
f 1293//1293 1294//1294 1295//1295
f 1295//1295 1294//1294 1296//1296
f 1295//1295 1296//1296 1297//1297
f 1297//1297 1296//1296 1298//1298
f 1297//1297 1298//1298 1299//1299
f 1299//1299 1298//1298 1300//1300
f 1299//1299 1300//1300 1301//1301
f 1301//1301 1300//1300 1302//1302
f 1301//1301 1302//1302 1303//1303
f 1303//1303 1302//1302 1304//1304
f 1303//1303 1304//1304 1305//1305
f 1305//1305 1304//1304 1306//1306
f 1305//1305 1306//1306 1307//1307
f 1307//1307 1306//1306 1308//1308
f 1307//1307 1308//1308 1309//1309
f 1309//1309 1308//1308 1310//1310
f 1309//1309 1310//1310 1311//1311
f 1311//1311 1310//1310 1312//1312
f 1311//1311 1312//1312 1313//1313
f 1313//1313 1312//1312 1314//1314
f 1313//1313 1314//1314 1315//1315
f 1315//1315 1314//1314 1316//1316
f 1315//1315 1316//1316 1317//1317
f 1317//1317 1316//1316 1318//1318
f 1317//1317 1318//1318 1319//1319
f 1319//1319 1318//1318 1320//1320
f 1319//1319 1320//1320 1321//1321
f 1321//1321 1320//1320 1322//1322
f 1321//1321 1322//1322 1323//1323
f 1323//1323 1322//1322 1324//1324
f 1323//1323 1324//1324 1325//1325
f 1325//1325 1324//1324 1326//1326
f 1325//1325 1326//1326 1327//1327
f 1327//1327 1326//1326 1328//1328
f 1327//1327 1328//1328 1329//1329
f 1329//1329 1328//1328 1330//1330
f 1329//1329 1330//1330 1331//1331
f 1331//1331 1330//1330 1332//1332
f 1331//1331 1332//1332 1333//1333
f 1333//1333 1332//1332 1334//1334
f 1333//1333 1334//1334 1335//1335
f 1335//1335 1334//1334 1336//1336
f 1335//1335 1336//1336 1298//1298
f 1298//1298 1336//1336 1300//1300
f 1254//1254 1252//1252 1337//1337
f 1337//1337 1252//1252 1338//1338
f 1337//1337 1338//1338 1339//1339
f 1339//1339 1338//1338 1340//1340
f 1339//1339 1340//1340 1254//1254
f 1254//1254 1340//1340 1256//1256
f 1340//1340 1338//1338 1341//1341
f 1341//1341 1338//1338 1342//1342
f 1341//1341 1342//1342 1343//1343
f 1343//1343 1342//1342 1344//1344
f 1343//1343 1344//1344 1345//1345
f 1345//1345 1344//1344 1346//1346
f 1345//1345 1346//1346 1347//1347
f 1347//1347 1346//1346 1348//1348
f 1347//1347 1348//1348 1349//1349
f 1349//1349 1348//1348 1350//1350
f 1349//1349 1350//1350 1351//1351
f 1351//1351 1350//1350 1348//1348
f 1344//1344 1342//1342 1352//1352
f 1352//1352 1342//1342 1348//1348
f 1352//1352 1348//1348 1353//1353
f 1353//1353 1348//1348 1346//1346
f 1353//1353 1346//1346 1352//1352
f 1352//1352 1346//1346 1344//1344
f 1354//1354 1355//1355 1351//1351
f 1351//1351 1355//1355 1356//1356
f 1351//1351 1356//1356 1357//1357
f 1357//1357 1356//1356 1358//1358
f 1357//1357 1358//1358 1359//1359
f 1359//1359 1358//1358 1279//1279
f 1359//1359 1279//1279 1277//1277
f 1287//1287 1285//1285 1354//1354
f 1354//1354 1285//1285 1360//1360
f 1354//1354 1360//1360 1361//1361
f 1361//1361 1360//1360 1283//1283
f 1361//1361 1283//1283 1281//1281
f 1362//1362 1363//1363 1287//1287
f 1287//1287 1363//1363 1364//1364
f 1287//1287 1364//1364 1365//1365
f 1365//1365 1364//1364 1366//1366
f 1365//1365 1366//1366 1367//1367
f 1367//1367 1366//1366 1368//1368
f 1367//1367 1368//1368 1369//1369
f 1369//1369 1368//1368 1370//1370
f 1369//1369 1370//1370 1371//1371
f 1371//1371 1370//1370 1372//1372
f 1371//1371 1372//1372 1373//1373
f 1373//1373 1372//1372 1333//1333
f 1373//1373 1333//1333 1335//1335
f 1374//1374 1323//1323 1362//1362
f 1362//1362 1323//1323 1375//1375
f 1362//1362 1375//1375 1376//1376
f 1376//1376 1375//1375 1377//1377
f 1376//1376 1377//1377 1378//1378
f 1378//1378 1377//1377 1379//1379
f 1378//1378 1379//1379 1380//1380
f 1380//1380 1379//1379 1381//1381
f 1380//1380 1381//1381 1370//1370
f 1370//1370 1381//1381 1372//1372
f 1374//1374 1321//1321 1323//1323
f 1382//1382 1383//1383 1321//1321
f 1321//1321 1383//1383 1384//1384
f 1321//1321 1384//1384 1385//1385
f 1385//1385 1384//1384 1386//1386
f 1385//1385 1386//1386 1387//1387
f 1387//1387 1386//1386 1388//1388
f 1387//1387 1388//1388 1389//1389
f 1389//1389 1388//1388 1390//1390
f 1389//1389 1390//1390 1391//1391
f 1391//1391 1390//1390 1392//1392
f 1391//1391 1392//1392 1393//1393
f 1393//1393 1392//1392 1394//1394
f 1393//1393 1394//1394 1395//1395
f 1395//1395 1394//1394 1396//1396
f 1395//1395 1396//1396 1397//1397
f 1397//1397 1396//1396 1398//1398
f 1397//1397 1398//1398 1399//1399
f 1399//1399 1398//1398 1400//1400
f 1399//1399 1400//1400 1401//1401
f 1401//1401 1400//1400 1402//1402
f 1402//1402 1400//1400 1403//1403
f 1402//1402 1403//1403 1404//1404
f 1404//1404 1403//1403 1405//1405
f 1404//1404 1405//1405 1406//1406
f 1406//1406 1405//1405 1407//1407
f 1406//1406 1407//1407 1408//1408
f 1408//1408 1407//1407 1409//1409
f 1408//1408 1409//1409 1410//1410
f 1410//1410 1409//1409 1411//1411
f 1410//1410 1411//1411 1412//1412
f 1412//1412 1411//1411 1413//1413
f 1412//1412 1413//1413 1414//1414
f 1414//1414 1413//1413 1415//1415
f 1414//1414 1415//1415 1416//1416
f 1416//1416 1415//1415 1417//1417
f 1416//1416 1417//1417 1418//1418
f 1418//1418 1417//1417 1419//1419
f 1418//1418 1419//1419 1420//1420
f 1420//1420 1419//1419 1421//1421
f 1420//1420 1421//1421 1422//1422
f 1422//1422 1421//1421 1419//1419
f 1422//1422 1419//1419 1423//1423
f 1423//1423 1419//1419 1424//1424
f 1423//1423 1424//1424 1425//1425
f 1425//1425 1424//1424 1426//1426
f 1425//1425 1426//1426 1427//1427
f 1427//1427 1426//1426 1428//1428
f 1427//1427 1428//1428 1429//1429
f 1429//1429 1428//1428 1430//1430
f 1429//1429 1430//1430 1431//1431
f 1431//1431 1430//1430 1432//1432
f 1431//1431 1432//1432 1433//1433
f 1433//1433 1432//1432 1434//1434
f 1433//1433 1434//1434 1435//1435
f 1435//1435 1434//1434 1436//1436
f 1435//1435 1436//1436 1437//1437
f 1437//1437 1436//1436 1438//1438
f 1437//1437 1438//1438 1439//1439
f 1439//1439 1438//1438 1440//1440
f 1439//1439 1440//1440 1441//1441
f 1441//1441 1440//1440 1442//1442
f 1441//1441 1442//1442 1443//1443
f 1443//1443 1442//1442 1444//1444
f 1443//1443 1444//1444 1404//1404
f 1404//1404 1444//1444 1402//1402
f 1445//1445 1446//1446 1382//1382
f 1382//1382 1446//1446 1447//1447
f 1382//1382 1447//1447 1448//1448
f 1448//1448 1447//1447 1449//1449
f 1448//1448 1449//1449 1450//1450
f 1450//1450 1449//1449 1451//1451
f 1450//1450 1451//1451 1452//1452
f 1452//1452 1451//1451 1453//1453
f 1452//1452 1453//1453 1454//1454
f 1454//1454 1453//1453 1455//1455
f 1454//1454 1455//1455 1456//1456
f 1456//1456 1455//1455 1457//1457
f 1456//1456 1457//1457 1458//1458
f 1458//1458 1457//1457 1459//1459
f 1458//1458 1459//1459 1460//1460
f 1460//1460 1459//1459 1405//1405
f 1460//1460 1405//1405 1403//1403
f 1461//1461 1462//1462 1445//1445
f 1445//1445 1462//1462 1463//1463
f 1445//1445 1463//1463 1464//1464
f 1464//1464 1463//1463 1461//1461
f 1464//1464 1461//1461 1465//1465
f 1465//1465 1461//1461 1466//1466
f 1465//1465 1466//1466 1467//1467
f 1467//1467 1466//1466 1468//1468
f 1467//1467 1468//1468 1469//1469
f 1469//1469 1468//1468 1470//1470
f 1469//1469 1470//1470 1471//1471
f 1471//1471 1470//1470 1466//1466
f 1471//1471 1466//1466 1461//1461
f 1461//1461 1469//1469 1471//1471
f 1419//1419 1472//1472 1469//1469
f 1469//1469 1472//1472 1473//1473
f 1469//1469 1473//1473 1474//1474
f 1474//1474 1473//1473 1475//1475
f 1474//1474 1475//1475 1476//1476
f 1476//1476 1475//1475 1477//1477
f 1476//1476 1477//1477 1469//1469
f 1469//1469 1477//1477 1478//1478
f 1469//1469 1478//1478 1467//1467
f 1467//1467 1478//1478 1479//1479
f 1467//1467 1479//1479 1480//1480
f 1480//1480 1479//1479 1481//1481
f 1480//1480 1481//1481 1482//1482
f 1482//1482 1481//1481 1483//1483
f 1482//1482 1483//1483 1455//1455
f 1455//1455 1483//1483 1457//1457
f 1484//1484 1485//1485 1424//1424
f 1424//1424 1485//1485 1486//1486
f 1424//1424 1486//1486 1487//1487
f 1487//1487 1486//1486 1488//1488
f 1487//1487 1488//1488 1489//1489
f 1489//1489 1488//1488 1490//1490
f 1489//1489 1490//1490 1491//1491
f 1491//1491 1490//1490 1492//1492
f 1491//1491 1492//1492 1493//1493
f 1493//1493 1492//1492 1494//1494
f 1493//1493 1494//1494 1495//1495
f 1495//1495 1494//1494 1496//1496
f 1495//1495 1496//1496 1497//1497
f 1497//1497 1496//1496 1498//1498
f 1497//1497 1498//1498 1499//1499
f 1499//1499 1498//1498 1500//1500
f 1499//1499 1500//1500 1501//1501
f 1501//1501 1500//1500 1502//1502
f 1501//1501 1502//1502 1503//1503
f 1503//1503 1502//1502 1504//1504
f 1503//1503 1504//1504 1505//1505
f 1505//1505 1504//1504 1506//1506
f 1505//1505 1506//1506 1507//1507
f 1507//1507 1506//1506 1508//1508
f 1507//1507 1508//1508 1509//1509
f 1509//1509 1508//1508 1510//1510
f 1509//1509 1510//1510 1511//1511
f 1511//1511 1510//1510 1512//1512
f 1511//1511 1512//1512 1513//1513
f 1513//1513 1512//1512 1514//1514
f 1513//1513 1514//1514 1515//1515
f 1515//1515 1514//1514 1516//1516
f 1515//1515 1516//1516 1517//1517
f 1517//1517 1516//1516 1518//1518
f 1517//1517 1518//1518 1519//1519
f 1519//1519 1518//1518 1520//1520
f 1519//1519 1520//1520 1521//1521
f 1522//1522 1523//1523 1484//1484
f 1484//1484 1523//1523 1525//1525
f 1484//1484 1525//1525 1526//1526
f 1526//1526 1525//1525 1527//1527
f 1526//1526 1527//1527 1528//1528
f 1528//1528 1527//1527 1529//1529
f 1528//1528 1529//1529 1530//1530
f 1530//1530 1529//1529 1531//1531
f 1530//1530 1531//1531 1490//1490
f 1490//1490 1531//1531 1492//1492
f 1532//1532 1533//1533 1522//1522
f 1522//1522 1533//1533 1534//1534
f 1522//1522 1534//1534 1535//1535
f 1535//1535 1534//1534 1532//1532
f 1535//1535 1532//1532 1518//1518
f 1518//1518 1532//1532 1536//1536
f 1518//1518 1536//1536 1520//1520
f 1520//1520 1536//1536 1532//1532
f 1537//1537 1538//1538 1521//1521
f 1521//1521 1538//1538 1539//1539
f 1521//1521 1539//1539 1540//1540
f 1540//1540 1539//1539 1541//1541
f 1540//1540 1541//1541 1542//1542
f 1542//1542 1541//1541 1543//1543
f 1542//1542 1543//1543 1544//1544
f 1544//1544 1543//1543 1545//1545
f 1544//1544 1545//1545 1546//1546
f 1546//1546 1545//1545 1547//1547
f 1546//1546 1547//1547 1548//1548
f 1548//1548 1547//1547 1549//1549
f 1548//1548 1549//1549 1550//1550
f 1550//1550 1549//1549 1551//1551
f 1550//1550 1551//1551 1552//1552
f 1552//1552 1551//1551 1553//1553
f 1552//1552 1553//1553 1554//1554
f 1554//1554 1553//1553 1555//1555
f 1554//1554 1555//1555 1505//1505
f 1505//1505 1555//1555 1503//1503
f 1556//1556 1557//1557 1537//1537
f 1537//1537 1557//1557 1558//1558
f 1537//1537 1558//1558 1559//1559
f 1559//1559 1558//1558 1560//1560
f 1559//1559 1560//1560 1561//1561
f 1561//1561 1560//1560 1562//1562
f 1561//1561 1562//1562 1563//1563
f 1563//1563 1562//1562 1564//1564
f 1563//1563 1564//1564 1565//1565
f 1565//1565 1564//1564 1566//1566
f 1565//1565 1566//1566 1567//1567
f 1567//1567 1566//1566 1568//1568
f 1567//1567 1568//1568 1569//1569
f 1569//1569 1568//1568 1570//1570
f 1569//1569 1570//1570 1571//1571
f 1571//1571 1570//1570 1572//1572
f 1571//1571 1572//1572 1573//1573
f 1573//1573 1572//1572 1574//1574
f 1573//1573 1574//1574 1575//1575
f 1575//1575 1574//1574 1576//1576
f 1575//1575 1576//1576 1555//1555
f 1577//1577 1578//1578 1556//1556
f 1556//1556 1578//1578 1579//1579
f 1556//1556 1579//1579 1580//1580
f 1580//1580 1579//1579 1581//1581
f 1580//1580 1581//1581 1582//1582
f 1582//1582 1581//1581 1583//1583
f 1582//1582 1583//1583 1584//1584
f 1584//1584 1583//1583 1585//1585
f 1584//1584 1585//1585 1586//1586
f 1586//1586 1585//1585 1587//1587
f 1586//1586 1587//1587 1588//1588
f 1588//1588 1587//1587 1589//1589
f 1588//1588 1589//1589 1590//1590
f 1590//1590 1589//1589 1591//1591
f 1590//1590 1591//1591 1592//1592
f 1592//1592 1591//1591 1593//1593
f 1592//1592 1593//1593 1594//1594
f 1594//1594 1593//1593 1595//1595
f 1594//1594 1595//1595 1596//1596
f 1596//1596 1595//1595 1597//1597
f 1596//1596 1597//1597 1598//1598
f 1598//1598 1597//1597 1599//1599
f 1598//1598 1599//1599 1600//1600
f 1600//1600 1599//1599 1601//1601
f 1600//1600 1601//1601 1602//1602
f 1602//1602 1601//1601 1603//1603
f 1602//1602 1603//1603 1604//1604
f 1604//1604 1603//1603 1605//1605
f 1604//1604 1605//1605 1606//1606
f 1606//1606 1605//1605 1607//1607
f 1606//1606 1607//1607 1608//1608
f 1608//1608 1607//1607 1609//1609
f 1608//1608 1609//1609 1610//1610
f 1610//1610 1609//1609 1611//1611
f 1610//1610 1611//1611 1612//1612
f 1612//1612 1611//1611 1613//1613
f 1612//1612 1613//1613 1614//1614
f 1614//1614 1613//1613 1615//1615
f 1614//1614 1615//1615 1616//1616
f 1615//1615 1617//1617 1577//1577
f 1577//1577 1617//1617 1618//1618
f 1577//1577 1618//1618 1619//1619
f 1619//1619 1618//1618 1620//1620
f 1619//1619 1620//1620 1621//1621
f 1621//1621 1620//1620 1622//1622
f 1621//1621 1622//1622 1623//1623
f 1623//1623 1622//1622 1624//1624
f 1623//1623 1624//1624 1585//1585
f 1585//1585 1624//1624 1587//1587
f 1625//1625 1626//1626 1616//1616
f 1616//1616 1626//1626 1627//1627
f 1616//1616 1627//1627 1612//1612
f 1612//1612 1627//1627 1628//1628
f 1612//1612 1628//1628 1610//1610
f 1610//1610 1628//1628 1629//1629
f 1610//1610 1629//1629 1608//1608
f 1608//1608 1629//1629 1630//1630
f 1608//1608 1630//1630 1606//1606
f 1606//1606 1630//1630 1631//1631
f 1606//1606 1631//1631 1604//1604
f 1604//1604 1631//1631 1632//1632
f 1604//1604 1632//1632 1602//1602
f 1602//1602 1632//1632 1633//1633
f 1602//1602 1633//1633 1600//1600
f 1600//1600 1633//1633 1634//1634
f 1600//1600 1634//1634 1598//1598
f 1598//1598 1634//1634 1635//1635
f 1598//1598 1635//1635 1596//1596
f 1636//1636 1637//1637 1625//1625
f 1625//1625 1637//1637 1638//1638
f 1625//1625 1638//1638 1639//1639
f 1639//1639 1638//1638 1640//1640
f 1639//1639 1640//1640 1641//1641
f 1641//1641 1640//1640 1642//1642
f 1641//1641 1642//1642 1643//1643
f 1643//1643 1642//1642 1644//1644
f 1643//1643 1644//1644 1645//1645
f 1645//1645 1644//1644 1646//1646
f 1645//1645 1646//1646 1647//1647
f 1647//1647 1646//1646 1648//1648
f 1647//1647 1648//1648 1649//1649
f 1649//1649 1648//1648 1650//1650
f 1649//1649 1650//1650 1651//1651
f 1652//1652 1653//1653 1636//1636
f 1636//1636 1653//1653 1654//1654
f 1636//1636 1654//1654 1655//1655
f 1655//1655 1654//1654 1656//1656
f 1655//1655 1656//1656 1657//1657
f 1657//1657 1656//1656 1658//1658
f 1657//1657 1658//1658 1659//1659
f 1659//1659 1658//1658 1660//1660
f 1659//1659 1660//1660 1661//1661
f 1661//1661 1660//1660 1662//1662
f 1661//1661 1662//1662 1663//1663
f 1663//1663 1662//1662 1664//1664
f 1663//1663 1664//1664 1665//1665
f 1665//1665 1664//1664 1666//1666
f 1665//1665 1666//1666 1667//1667
f 1667//1667 1666//1666 1668//1668
f 1667//1667 1668//1668 1669//1669
f 1669//1669 1668//1668 1670//1670
f 1669//1669 1670//1670 1671//1671
f 1672//1672 1673//1673 1652//1652
f 1652//1652 1673//1673 1674//1674
f 1652//1652 1674//1674 1675//1675
f 1675//1675 1674//1674 1676//1676
f 1675//1675 1676//1676 1677//1677
f 1677//1677 1676//1676 1678//1678
f 1677//1677 1678//1678 1679//1679
f 1679//1679 1678//1678 1680//1680
f 1679//1679 1680//1680 1681//1681
f 1681//1681 1680//1680 1682//1682
f 1681//1681 1682//1682 1683//1683
f 1683//1683 1682//1682 1684//1684
f 1683//1683 1684//1684 1685//1685
f 1685//1685 1684//1684 1686//1686
f 1685//1685 1686//1686 1687//1687
f 1687//1687 1686//1686 1688//1688
f 1687//1687 1688//1688 1689//1689
f 1689//1689 1688//1688 1690//1690
f 1689//1689 1690//1690 1691//1691
f 1691//1691 1690//1690 1692//1692
f 1691//1691 1692//1692 1664//1664
f 1664//1664 1692//1692 1693//1693
f 1664//1664 1693//1693 1666//1666
f 1694//1694 1695//1695 1672//1672
f 1672//1672 1695//1695 1696//1696
f 1672//1672 1696//1696 1697//1697
f 1697//1697 1696//1696 1698//1698
f 1697//1697 1698//1698 1699//1699
f 1699//1699 1698//1698 1700//1700
f 1699//1699 1700//1700 1701//1701
f 1701//1701 1700//1700 1702//1702
f 1701//1701 1702//1702 1703//1703
f 1703//1703 1702//1702 1704//1704
f 1703//1703 1704//1704 1705//1705
f 1705//1705 1704//1704 1706//1706
f 1705//1705 1706//1706 1707//1707
f 1707//1707 1706//1706 1708//1708
f 1707//1707 1708//1708 1709//1709
f 1709//1709 1708//1708 1710//1710
f 1709//1709 1710//1710 1711//1711
f 1711//1711 1710//1710 1712//1712
f 1711//1711 1712//1712 1713//1713
f 1713//1713 1712//1712 1714//1714
f 1713//1713 1714//1714 1715//1715
f 1715//1715 1714//1714 1716//1716
f 1715//1715 1716//1716 1717//1717
f 1717//1717 1716//1716 1718//1718
f 1717//1717 1718//1718 1719//1719
f 1719//1719 1718//1718 1720//1720
f 1719//1719 1720//1720 1721//1721
f 1721//1721 1720//1720 1722//1722
f 1721//1721 1722//1722 1723//1723
f 1723//1723 1722//1722 1718//1718
f 1723//1723 1718//1718 1635//1635
f 1724//1724 1725//1725 1694//1694
f 1694//1694 1725//1725 1726//1726
f 1694//1694 1726//1726 1695//1695
f 1695//1695 1726//1726 1727//1727
f 1695//1695 1727//1727 1728//1728
f 1728//1728 1727//1727 1729//1729
f 1728//1728 1729//1729 1730//1730
f 1730//1730 1729//1729 1731//1731
f 1730//1730 1731//1731 1732//1732
f 1732//1732 1731//1731 1733//1733
f 1732//1732 1733//1733 1734//1734
f 1734//1734 1733//1733 1735//1735
f 1734//1734 1735//1735 1736//1736
f 1736//1736 1735//1735 1737//1737
f 1736//1736 1737//1737 1738//1738
f 1738//1738 1737//1737 1739//1739
f 1738//1738 1739//1739 1740//1740
f 1740//1740 1739//1739 1741//1741
f 1740//1740 1741//1741 1742//1742
f 1742//1742 1741//1741 1743//1743
f 1742//1742 1743//1743 1712//1712
f 1712//1712 1743//1743 1716//1716
f 1712//1712 1716//1716 1714//1714
f 1744//1744 1745//1745 1724//1724
f 1724//1724 1745//1745 1746//1746
f 1724//1724 1746//1746 1747//1747
f 1747//1747 1746//1746 1748//1748
f 1747//1747 1748//1748 1749//1749
f 1749//1749 1748//1748 1750//1750
f 1749//1749 1750//1750 1751//1751
f 1751//1751 1750//1750 1752//1752
f 1751//1751 1752//1752 1753//1753
f 1753//1753 1752//1752 1754//1754
f 1753//1753 1754//1754 1755//1755
f 1755//1755 1754//1754 1756//1756
f 1755//1755 1756//1756 1757//1757
f 1757//1757 1756//1756 1758//1758
f 1757//1757 1758//1758 1759//1759
f 1759//1759 1758//1758 1760//1760
f 1759//1759 1760//1760 1761//1761
f 1761//1761 1760//1760 1762//1762
f 1761//1761 1762//1762 1763//1763
f 1763//1763 1762//1762 1764//1764
f 1763//1763 1764//1764 1765//1765
f 1765//1765 1764//1764 1739//1739
f 1765//1765 1739//1739 1737//1737
f 1745//1745 1744//1744 1766//1766
f 1766//1766 1744//1744 1767//1767
f 1766//1766 1767//1767 1768//1768
f 1768//1768 1767//1767 1769//1769
f 1768//1768 1769//1769 1770//1770
f 1770//1770 1769//1769 1771//1771
f 1770//1770 1771//1771 1772//1772
f 1772//1772 1771//1771 1773//1773
f 1772//1772 1773//1773 1774//1774
f 1774//1774 1773//1773 1775//1775
f 1774//1774 1775//1775 1776//1776
f 1776//1776 1775//1775 1777//1777
f 1776//1776 1777//1777 1778//1778
f 1778//1778 1777//1777 1779//1779
f 1778//1778 1779//1779 1780//1780
f 1780//1780 1779//1779 1781//1781
f 1780//1780 1781//1781 1782//1782
f 1783//1783 1784//1784 1782//1782
f 1782//1782 1784//1784 1785//1785
f 1782//1782 1785//1785 1780//1780
f 1780//1780 1785//1785 1778//1778
f 1786//1786 1787//1787 1783//1783
f 1783//1783 1787//1787 1788//1788
f 1783//1783 1788//1788 1784//1784
f 1784//1784 1788//1788 1789//1789
f 1784//1784 1789//1789 1790//1790
f 1790//1790 1789//1789 1791//1791
f 1790//1790 1791//1791 1776//1776
f 1776//1776 1791//1791 1774//1774
f 1787//1787 1786//1786 1792//1792
f 1792//1792 1786//1786 1793//1793
f 1792//1792 1793//1793 1794//1794
f 1794//1794 1793//1793 1795//1795
f 1794//1794 1795//1795 1796//1796
f 1796//1796 1795//1795 1797//1797
f 1796//1796 1797//1797 1798//1798
f 1798//1798 1797//1797 1756//1756
f 1798//1798 1756//1756 1754//1754
f 1793//1793 1799//1799 1795//1795
f 1795//1795 1799//1799 1800//1800
f 1795//1795 1800//1800 1797//1797
f 1797//1797 1800//1800 1758//1758
f 1797//1797 1758//1758 1756//1756
f 1800//1800 1799//1799 1760//1760
f 1760//1760 1799//1799 1762//1762
f 1762//1762 1743//1743 1764//1764
f 1764//1764 1743//1743 1741//1741
f 1764//1764 1741//1741 1739//1739
f 1594//1594 1596//1596 1801//1801
f 1801//1801 1596//1596 1802//1802
f 1801//1801 1802//1802 1803//1803
f 1803//1803 1802//1802 1804//1804
f 1803//1803 1804//1804 1805//1805
f 1805//1805 1804//1804 1806//1806
f 1805//1805 1806//1806 1807//1807
f 1807//1807 1806//1806 1808//1808
f 1807//1807 1808//1808 1809//1809
f 1809//1809 1808//1808 1810//1810
f 1809//1809 1810//1810 1811//1811
f 1811//1811 1810//1810 1812//1812
f 1811//1811 1812//1812 1813//1813
f 1813//1813 1812//1812 1814//1814
f 1813//1813 1814//1814 1815//1815
f 1815//1815 1814//1814 1816//1816
f 1815//1815 1816//1816 1817//1817
f 1817//1817 1816//1816 1818//1818
f 1817//1817 1818//1818 1557//1557
f 1557//1557 1818//1818 1558//1558
f 1576//1576 1819//1819 1802//1802
f 1802//1802 1819//1819 1820//1820
f 1802//1802 1820//1820 1821//1821
f 1821//1821 1820//1820 1822//1822
f 1821//1821 1822//1822 1823//1823
f 1823//1823 1822//1822 1824//1824
f 1823//1823 1824//1824 1825//1825
f 1825//1825 1824//1824 1826//1826
f 1825//1825 1826//1826 1810//1810
f 1810//1810 1826//1826 1812//1812
f 1501//1501 1503//1503 1827//1827
f 1827//1827 1503//1503 1828//1828
f 1827//1827 1828//1828 1829//1829
f 1829//1829 1828//1828 1830//1830
f 1829//1829 1830//1830 1831//1831
f 1831//1831 1830//1830 1832//1832
f 1831//1831 1832//1832 1833//1833
f 1833//1833 1832//1832 1834//1834
f 1833//1833 1834//1834 1835//1835
f 1835//1835 1834//1834 1836//1836
f 1835//1835 1836//1836 1837//1837
f 1837//1837 1836//1836 1838//1838
f 1837//1837 1838//1838 1839//1839
f 1839//1839 1838//1838 1432//1432
f 1839//1839 1432//1432 1430//1430
f 1840//1840 1841//1841 1828//1828
f 1828//1828 1841//1841 1842//1842
f 1828//1828 1842//1842 1830//1830
f 1830//1830 1842//1842 1832//1832
f 1444//1444 1442//1442 1840//1840
f 1840//1840 1442//1442 1843//1843
f 1840//1840 1843//1843 1844//1844
f 1844//1844 1843//1843 1845//1845
f 1844//1844 1845//1845 1846//1846
f 1846//1846 1845//1845 1847//1847
f 1846//1846 1847//1847 1848//1848
f 1848//1848 1847//1847 1849//1849
f 1848//1848 1849//1849 1836//1836
f 1836//1836 1849//1849 1838//1838
f 1850//1850 1851//1851 1401//1401
f 1401//1401 1851//1851 1852//1852
f 1401//1401 1852//1852 1853//1853
f 1853//1853 1852//1852 1854//1854
f 1853//1853 1854//1854 1855//1855
f 1855//1855 1854//1854 1856//1856
f 1855//1855 1856//1856 1395//1395
f 1395//1395 1856//1856 1393//1393
f 1303//1303 1305//1305 1850//1850
f 1850//1850 1305//1305 1857//1857
f 1850//1850 1857//1857 1858//1858
f 1858//1858 1857//1857 1859//1859
f 1858//1858 1859//1859 1860//1860
f 1860//1860 1859//1859 1861//1861
f 1860//1860 1861//1861 1862//1862
f 1862//1862 1861//1861 1863//1863
f 1862//1862 1863//1863 1864//1864
f 1864//1864 1863//1863 1865//1865
f 1864//1864 1865//1865 1866//1866
f 1866//1866 1865//1865 1867//1867
f 1866//1866 1867//1867 1868//1868
f 1868//1868 1867//1867 1869//1869
f 1868//1868 1869//1869 1387//1387
f 1387//1387 1869//1869 1385//1385
f 1301//1301 1303//1303 1870//1870
f 1870//1870 1303//1303 1871//1871
f 1870//1870 1871//1871 1872//1872
f 1872//1872 1871//1871 1873//1873
f 1872//1872 1873//1873 1874//1874
f 1874//1874 1873//1873 1875//1875
f 1874//1874 1875//1875 1876//1876
f 1876//1876 1875//1875 1877//1877
f 1876//1876 1877//1877 1878//1878
f 1878//1878 1877//1877 1879//1879
f 1878//1878 1879//1879 1880//1880
f 1880//1880 1879//1879 1278//1278
f 1880//1880 1278//1278 1280//1280
f 1873//1873 1871//1871 1881//1881
f 1881//1881 1871//1871 1882//1882
f 1881//1881 1882//1882 1883//1883
f 1883//1883 1882//1882 1884//1884
f 1883//1883 1884//1884 1885//1885
f 1885//1885 1884//1884 1270//1270
f 1885//1885 1270//1270 1272//1272
f 1884//1884 1268//1268 1270//1270
f 1265//1265 1267//1267 1886//1886
f 1886//1886 1267//1267 1887//1887
f 1886//1886 1887//1887 1888//1888
f 1888//1888 1887//1887 1889//1889
f 1888//1888 1889//1889 1890//1890
f 1890//1890 1889//1889 1891//1891
f 1890//1890 1891//1891 1892//1892
f 1892//1892 1891//1891 1893//1893
f 1892//1892 1893//1893 1894//1894
f 1894//1894 1893//1893 1895//1895
f 1894//1894 1895//1895 1896//1896
f 1896//1896 1895//1895 1897//1897
f 1896//1896 1897//1897 1898//1898
f 1898//1898 1897//1897 1899//1899
f 1898//1898 1899//1899 1237//1237
f 1237//1237 1899//1899 1238//1238
f 1887//1887 1900//1900 1889//1889
f 1889//1889 1900//1900 1901//1901
f 1889//1889 1901//1901 1891//1891
f 1891//1891 1901//1901 1902//1902
f 1891//1891 1902//1902 1893//1893
f 1893//1893 1902//1902 1903//1903
f 1893//1893 1903//1903 1895//1895
f 1895//1895 1903//1903 1904//1904
f 1895//1895 1904//1904 1897//1897
f 1897//1897 1904//1904 1905//1905
f 1897//1897 1905//1905 1899//1899
f 1899//1899 1905//1905 1239//1239
f 1899//1899 1239//1239 1238//1238
f 1235//1235 1249//1249 1900//1900
f 1900//1900 1249//1249 1906//1906
f 1900//1900 1906//1906 1907//1907
f 1907//1907 1906//1906 1908//1908
f 1907//1907 1908//1908 1909//1909
f 1909//1909 1908//1908 1910//1910
f 1909//1909 1910//1910 1911//1911
f 1911//1911 1910//1910 1912//1912
f 1911//1911 1912//1912 1904//1904
f 1904//1904 1912//1912 1905//1905
f 1913//1913 1914//1914 1167//1167
f 1167//1167 1914//1914 1915//1915
f 1167//1167 1915//1915 1916//1916
f 1916//1916 1915//1915 1917//1917
f 1916//1916 1917//1917 1918//1918
f 1918//1918 1917//1917 1919//1919
f 1918//1918 1919//1919 1161//1161
f 1161//1161 1919//1919 1159//1159
f 1914//1914 1913//1913 1920//1920
f 1920//1920 1913//1913 1921//1921
f 1920//1920 1921//1921 1922//1922
f 1922//1922 1921//1921 1923//1923
f 1922//1922 1923//1923 1924//1924
f 1924//1924 1923//1923 1925//1925
f 1924//1924 1925//1925 1926//1926
f 1926//1926 1925//1925 1927//1927
f 1926//1926 1927//1927 1928//1928
f 1928//1928 1927//1927 1929//1929
f 1928//1928 1929//1929 1930//1930
f 1930//1930 1929//1929 1931//1931
f 1930//1930 1931//1931 1932//1932
f 1932//1932 1933//1933 1930//1930
f 1930//1930 1933//1933 1934//1934
f 1930//1930 1934//1934 1935//1935
f 1935//1935 1934//1934 1936//1936
f 1935//1935 1936//1936 1937//1937
f 1937//1937 1936//1936 1938//1938
f 1937//1937 1938//1938 1939//1939
f 1939//1939 1938//1938 1940//1940
f 1939//1939 1940//1940 1941//1941
f 1941//1941 1940//1940 1942//1942
f 1941//1941 1942//1942 1943//1943
f 1943//1943 1942//1942 1135//1135
f 1943//1943 1135//1135 1133//1133
f 1145//1145 1944//1944 1933//1933
f 1933//1933 1944//1944 1945//1945
f 1933//1933 1945//1945 1934//1934
f 1934//1934 1945//1945 1936//1936
f 1146//1146 1946//1946 1144//1144
f 1144//1144 1946//1946 1142//1142
f 1142//1142 1946//1946 1140//1140
f 1140//1140 1946//1946 1947//1947
f 1140//1140 1947//1947 1138//1138
f 1138//1138 1947//1947 1948//1948
f 1138//1138 1948//1948 1136//1136
f 1136//1136 1948//1948 1949//1949
f 1136//1136 1949//1949 1134//1134
f 1134//1134 1949//1949 1950//1950
f 1134//1134 1950//1950 1132//1132
f 1132//1132 1950//1950 1951//1951
f 1132//1132 1951//1951 1952//1952
f 1952//1952 1951//1951 1953//1953
f 1953//1953 1951//1951 1954//1954
f 1954//1954 1951//1951 1955//1955
f 1955//1955 1951//1951 1950//1950
f 1955//1955 1950//1950 1956//1956
f 1956//1956 1950//1950 1949//1949
f 1956//1956 1949//1949 1948//1948
f 1947//1947 1956//1956 1948//1948
f 1952//1952 1130//1130 1132//1132
f 1713//1713 1957//1957 1711//1711
f 1711//1711 1957//1957 1709//1709
f 1709//1709 1957//1957 1707//1707
f 1707//1707 1957//1957 1958//1958
f 1707//1707 1958//1958 1686//1686
f 1686//1686 1958//1958 1959//1959
f 1686//1686 1959//1959 1960//1960
f 1960//1960 1688//1688 1686//1686
f 1669//1669 1671//1671 1648//1648
f 1648//1648 1671//1671 1650//1650
f 1961//1961 1963//1963 1651//1651
f 1651//1651 1963//1963 1965//1965
f 1651//1651 1965//1965 1649//1649
f 1649//1649 1965//1965 1966//1966
f 1649//1649 1966//1966 1647//1647
f 1647//1647 1966//1966 1967//1967
f 1647//1647 1967//1967 1645//1645
f 1645//1645 1967//1967 1968//1968
f 1645//1645 1968//1968 1643//1643
f 1643//1643 1968//1968 1969//1969
f 1643//1643 1969//1969 1641//1641
f 1641//1641 1969//1969 1626//1626
f 1641//1641 1626//1626 1639//1639
f 1639//1639 1626//1626 1625//1625
f 1962//1962 1970//1970 1964//1964
f 1963//1963 1970//1970 1971//1971
f 1963//1963 1971//1971 1965//1965
f 1965//1965 1971//1971 1632//1632
f 1965//1965 1632//1632 1631//1631
f 1970//1970 1972//1972 1971//1971
f 1971//1971 1972//1972 1973//1973
f 1971//1971 1973//1973 1633//1633
f 1633//1633 1973//1973 1634//1634
f 1973//1973 1972//1972 1974//1974
f 1974//1974 1972//1972 1975//1975
f 1974//1974 1975//1975 1976//1976
f 1976//1976 1977//1977 1974//1974
f 1974//1974 1977//1977 1978//1978
f 1974//1974 1978//1978 1635//1635
f 1635//1635 1978//1978 1723//1723
f 1978//1978 1977//1977 1723//1723
f 1723//1723 1977//1977 1721//1721
f 1721//1721 1979//1979 1719//1719
f 1719//1719 1979//1979 1717//1717
f 1717//1717 1979//1979 1715//1715
f 1715//1715 1979//1979 1713//1713
f 1339//1339 1254//1254 1337//1337
f 1288//1288 1287//1287 1365//1365
f 1476//1476 1469//1469 1474//1474
f 1944//1944 1145//1145 1980//1980
f 1980//1980 1145//1145 1981//1981
f 1980//1980 1981//1981 1982//1982
f 1982//1982 1981//1981 1143//1143
f 1982//1982 1143//1143 1141//1141
f 1183//1183 1185//1185 1181//1181
f 1182//1182 1983//1983 1184//1184
f 1184//1184 1983//1983 1984//1984
f 1184//1184 1984//1984 1985//1985
f 1985//1985 1984//1984 1986//1986
f 1985//1985 1986//1986 1200//1200
f 1200//1200 1986//1986 1201//1201
f 1182//1182 1180//1180 1983//1983
f 1983//1983 1180//1180 1987//1987
f 1983//1983 1987//1987 1984//1984
f 1984//1984 1987//1987 1986//1986
f 1199//1199 1184//1184 1985//1985
f 1200//1200 1199//1199 1985//1985
f 1156//1156 1154//1154 1186//1186
f 1186//1186 1188//1188 1988//1988
f 1988//1988 1188//1188 1190//1190
f 1988//1988 1190//1190 1989//1989
f 1989//1989 1190//1190 1192//1192
f 1989//1989 1192//1192 1990//1990
f 1990//1990 1192//1192 1194//1194
f 1990//1990 1194//1194 1991//1991
f 1991//1991 1194//1194 1196//1196
f 1991//1991 1196//1196 1992//1992
f 1992//1992 1196//1196 1198//1198
f 1992//1992 1198//1198 1168//1168
f 1168//1168 1198//1198 1170//1170
f 1151//1151 1153//1153 1149//1149
f 1149//1149 1153//1153 1993//1993
f 1149//1149 1993//1993 1994//1994
f 1994//1994 1993//1993 1995//1995
f 1994//1994 1995//1995 1996//1996
f 1996//1996 1995//1995 1997//1997
f 1996//1996 1997//1997 1998//1998
f 1998//1998 1997//1997 1999//1999
f 1998//1998 1999//1999 2000//2000
f 2000//2000 1999//1999 2001//2001
f 2000//2000 2001//2001 2002//2002
f 2002//2002 2001//2001 1922//1922
f 2002//2002 1922//1922 1924//1924
f 1993//1993 1153//1153 1155//1155
f 1149//1149 1994//1994 1129//1129
f 1129//1129 1994//1994 2003//2003
f 1129//1129 2003//2003 1131//1131
f 1131//1131 2003//2003 2004//2004
f 1131//1131 2004//2004 1133//1133
f 1133//1133 2004//2004 1943//1943
f 1135//1135 1942//1942 1137//1137
f 1137//1137 1942//1942 2005//2005
f 1137//1137 2005//2005 1139//1139
f 1139//1139 2005//2005 2006//2006
f 1139//1139 2006//2006 1141//1141
f 1141//1141 2006//2006 1982//1982
f 1981//1981 1145//1145 1143//1143
f 1745//1745 1766//1766 2007//2007
f 2007//2007 1766//1766 1768//1768
f 2007//2007 1768//1768 2008//2008
f 2008//2008 1768//1768 1770//1770
f 2008//2008 1770//1770 2009//2009
f 2009//2009 1770//1770 1772//1772
f 2009//2009 1772//1772 2010//2010
f 2010//2010 1772//1772 1774//1774
f 2010//2010 1774//1774 1791//1791
f 1746//1746 1745//1745 2011//2011
f 2011//2011 1745//1745 2007//2007
f 2011//2011 2007//2007 2012//2012
f 2012//2012 2007//2007 2008//2008
f 2012//2012 2008//2008 2013//2013
f 2013//2013 2008//2008 2009//2009
f 2013//2013 2009//2009 2014//2014
f 2014//2014 2009//2009 2010//2010
f 2014//2014 2010//2010 2015//2015
f 2015//2015 2010//2010 1791//1791
f 2015//2015 1791//1791 1789//1789
f 1746//1746 2011//2011 1748//1748
f 1748//1748 2011//2011 2016//2016
f 1748//1748 2016//2016 1750//1750
f 1750//1750 2016//2016 2017//2017
f 1750//1750 2017//2017 1752//1752
f 1752//1752 2017//2017 2018//2018
f 1752//1752 2018//2018 1754//1754
f 1754//1754 2018//2018 1798//1798
f 2016//2016 2011//2011 2012//2012
f 1749//1749 2019//2019 2020//2020
f 2020//2020 2019//2019 2021//2021
f 2020//2020 2021//2021 1725//1725
f 1725//1725 2021//2021 1726//1726
f 2019//2019 2022//2022 2021//2021
f 2021//2021 2022//2022 1727//1727
f 2021//2021 1727//1727 1726//1726
f 1749//1749 1751//1751 2019//2019
f 2019//2019 1751//1751 2023//2023
f 2019//2019 2023//2023 2022//2022
f 2022//2022 2023//2023 2024//2024
f 2022//2022 2024//2024 1729//1729
f 1729//1729 2024//2024 1731//1731
f 2022//2022 1729//1729 1727//1727
f 1728//1728 1730//1730 1698//1698
f 1698//1698 1730//1730 1700//1700
f 1702//1702 1700//1700 1732//1732
f 1732//1732 1700//1700 1730//1730
f 1699//1699 1701//1701 1678//1678
f 1678//1678 1701//1701 1680//1680
f 1682//1682 1680//1680 1703//1703
f 1703//1703 1680//1680 1701//1701
f 1681//1681 2025//2025 2026//2026
f 2026//2026 2025//2025 2027//2027
f 2026//2026 2027//2027 2028//2028
f 2028//2028 2027//2027 2029//2029
f 2028//2028 2029//2029 1653//1653
f 1653//1653 2029//2029 1654//1654
f 2025//2025 2030//2030 2027//2027
f 2027//2027 2030//2030 2031//2031
f 2027//2027 2031//2031 2029//2029
f 2029//2029 2031//2031 1656//1656
f 2029//2029 1656//1656 1654//1654
f 1681//1681 1683//1683 2025//2025
f 2025//2025 1683//1683 2032//2032
f 2025//2025 2032//2032 2030//2030
f 2030//2030 2032//2032 2033//2033
f 2030//2030 2033//2033 2034//2034
f 2034//2034 2033//2033 2035//2035
f 2034//2034 2035//2035 1660//1660
f 1660//1660 2035//2035 1662//1662
f 2030//2030 2034//2034 2031//2031
f 2031//2031 2034//2034 1658//1658
f 2031//2031 1658//1658 1656//1656
f 2034//2034 1660//1660 1658//1658
f 1661//1661 2036//2036 2037//2037
f 2037//2037 2036//2036 1640//1640
f 2037//2037 1640//1640 1638//1638
f 1640//1640 2036//2036 1642//1642
f 1642//1642 2036//2036 2038//2038
f 1642//1642 2038//2038 1644//1644
f 1644//1644 2038//2038 2039//2039
f 1644//1644 2039//2039 1646//1646
f 1646//1646 2039//2039 1669//1669
f 1646//1646 1669//1669 1648//1648
f 2038//2038 2036//2036 1663//1663
f 1663//1663 2036//2036 1661//1661
f 1969//1969 1968//1968 1628//1628
f 1628//1628 1968//1968 1629//1629
f 1630//1630 1629//1629 1967//1967
f 1967//1967 1629//1629 1968//1968
f 1607//1607 2040//2040 2041//2041
f 2041//2041 2040//2040 2042//2042
f 2041//2041 2042//2042 2043//2043
f 2043//2043 2042//2042 2044//2044
f 2043//2043 2044//2044 2045//2045
f 2045//2045 2044//2044 1617//1617
f 2045//2045 1617//1617 1615//1615
f 2040//2040 2046//2046 2042//2042
f 2042//2042 2046//2046 2047//2047
f 2042//2042 2047//2047 2044//2044
f 2044//2044 2047//2047 2048//2048
f 2044//2044 2048//2048 1617//1617
f 1617//1617 2048//2048 1618//1618
f 1607//1607 1605//1605 2040//2040
f 2040//2040 1605//1605 2049//2049
f 2040//2040 2049//2049 2046//2046
f 2046//2046 2049//2049 2050//2050
f 2046//2046 2050//2050 2051//2051
f 2051//2051 2050//2050 2052//2052
f 2051//2051 2052//2052 2053//2053
f 2053//2053 2052//2052 2054//2054
f 2053//2053 2054//2054 1624//1624
f 1624//1624 2054//2054 1587//1587
f 2046//2046 2051//2051 2047//2047
f 2047//2047 2051//2051 2055//2055
f 2047//2047 2055//2055 2048//2048
f 2048//2048 2055//2055 1620//1620
f 2048//2048 1620//1620 1618//1618
f 2051//2051 2053//2053 2055//2055
f 2055//2055 2053//2053 1622//1622
f 2055//2055 1622//1622 1620//1620
f 2053//2053 1624//1624 1622//1622
f 1623//1623 1585//1585 1583//1583
f 1584//1584 2056//2056 1582//1582
f 1582//1582 2056//2056 2057//2057
f 1582//1582 2057//2057 1580//1580
f 1580//1580 2057//2057 2058//2058
f 1580//1580 2058//2058 1556//1556
f 1556//1556 2058//2058 2059//2059
f 1556//1556 2059//2059 2060//2060
f 2060//2060 2059//2059 2058//2058
f 2060//2060 2058//2058 1817//1817
f 1817//1817 2058//2058 1815//1815
f 2056//2056 1813//1813 2057//2057
f 2057//2057 1813//1813 1815//1815
f 2057//2057 1815//1815 2058//2058
f 2056//2056 1584//1584 2061//2061
f 2061//2061 1584//1584 1586//1586
f 2061//2061 1586//1586 2062//2062
f 2062//2062 1586//1586 1588//1588
f 2062//2062 1588//1588 2063//2063
f 2063//2063 1588//1588 1590//1590
f 2063//2063 1590//1590 2064//2064
f 2064//2064 1590//1590 1592//1592
f 2064//2064 1592//1592 1801//1801
f 1801//1801 1592//1592 1594//1594
f 1813//1813 2056//2056 1811//1811
f 1811//1811 2056//2056 2061//2061
f 1811//1811 2061//2061 1809//1809
f 1809//1809 2061//2061 2062//2062
f 1809//1809 2062//2062 1807//1807
f 1807//1807 2062//2062 2063//2063
f 1807//1807 2063//2063 1805//1805
f 1805//1805 2063//2063 2064//2064
f 1805//1805 2064//2064 1803//1803
f 1803//1803 2064//2064 1801//1801
f 1814//1814 2065//2065 1816//1816
f 1816//1816 2065//2065 2066//2066
f 1816//1816 2066//2066 1818//1818
f 1818//1818 2066//2066 1560//1560
f 1818//1818 1560//1560 1558//1558
f 2065//2065 2067//2067 2066//2066
f 2066//2066 2067//2067 1562//1562
f 2066//2066 1562//1562 1560//1560
f 2065//2065 1814//1814 2068//2068
f 2068//2068 1814//1814 1812//1812
f 2068//2068 1812//1812 1826//1826
f 1562//1562 2067//2067 1564//1564
f 1564//1564 2067//2067 2069//2069
f 1564//1564 2069//2069 1566//1566
f 1566//1566 2069//2069 2070//2070
f 1566//1566 2070//2070 1568//1568
f 1568//1568 2070//2070 2071//2071
f 1568//1568 2071//2071 1570//1570
f 1570//1570 2071//2071 2072//2072
f 1570//1570 2072//2072 1572//1572
f 1572//1572 2072//2072 2073//2073
f 1572//1572 2073//2073 1574//1574
f 1574//1574 2073//2073 1576//1576
f 2067//2067 2065//2065 2074//2074
f 2074//2074 2065//2065 2068//2068
f 2074//2074 2068//2068 2075//2075
f 2075//2075 2068//2068 1826//1826
f 2075//2075 1826//1826 1824//1824
f 1565//1565 2076//2076 2077//2077
f 2077//2077 2076//2076 1541//1541
f 2077//2077 1541//1541 1539//1539
f 1541//1541 2076//2076 1543//1543
f 1543//1543 2076//2076 2078//2078
f 1543//1543 2078//2078 1545//1545
f 1545//1545 2078//2078 2079//2079
f 1545//1545 2079//2079 1547//1547
f 1547//1547 2079//2079 2080//2080
f 1547//1547 2080//2080 1549//1549
f 1549//1549 2080//2080 2081//2081
f 1549//1549 2081//2081 1551//1551
f 1551//1551 2081//2081 2082//2082
f 1551//1551 2082//2082 2083//2083
f 2083//2083 2082//2082 1555//1555
f 2083//2083 1555//1555 1553//1553
f 2078//2078 2076//2076 1567//1567
f 1567//1567 2076//2076 1565//1565
f 1542//1542 1544//1544 1517//1517
f 1517//1517 1544//1544 1515//1515
f 1513//1513 1515//1515 1546//1546
f 1546//1546 1515//1515 1544//1544
f 1514//1514 2084//2084 2085//2085
f 2085//2085 2084//2084 2086//2086
f 2085//2085 2086//2086 2087//2087
f 2087//2087 2086//2086 2088//2088
f 2087//2087 2088//2088 2089//2089
f 2089//2089 2088//2088 2090//2090
f 2089//2089 2090//2090 2091//2091
f 2091//2091 2090//2090 2092//2092
f 2091//2091 2092//2092 1522//1522
f 1522//1522 2092//2092 1523//1523
f 2084//2084 2094//2094 2086//2086
f 2086//2086 2094//2094 2095//2095
f 2086//2086 2095//2095 2088//2088
f 2088//2088 2095//2095 2096//2096
f 2088//2088 2096//2096 2098//2098
f 2098//2098 2096//2096 2099//2099
f 2098//2098 2099//2099 2100//2100
f 2100//2100 2099//2099 1527//1527
f 2100//2100 1527//1527 1525//1525
f 1514//1514 1512//1512 2084//2084
f 2084//2084 1512//1512 2101//2101
f 2084//2084 2101//2101 2094//2094
f 2094//2094 2101//2101 2102//2102
f 2094//2094 2102//2102 2103//2103
f 2103//2103 2102//2102 2104//2104
f 2103//2103 2104//2104 2105//2105
f 2105//2105 2104//2104 2106//2106
f 2105//2105 2106//2106 2107//2107
f 2107//2107 2106//2106 1494//1494
f 2107//2107 1494//1494 1492//1492
f 2094//2094 2103//2103 2095//2095
f 2095//2095 2103//2103 2108//2108
f 2095//2095 2108//2108 2096//2096
f 2096//2096 2108//2108 2099//2099
f 2103//2103 2105//2105 2108//2108
f 2108//2108 2105//2105 2109//2109
f 2108//2108 2109//2109 2099//2099
f 2099//2099 2109//2109 1529//1529
f 2099//2099 1529//1529 1527//1527
f 2105//2105 2107//2107 2109//2109
f 2109//2109 2107//2107 1531//1531
f 2109//2109 1531//1531 1529//1529
f 2107//2107 1492//1492 1531//1531
f 1491//1491 2110//2110 1489//1489
f 1489//1489 2110//2110 2111//2111
f 1489//1489 2111//2111 1487//1487
f 1487//1487 2111//2111 1428//1428
f 1487//1487 1428//1428 1424//1424
f 1424//1424 1428//1428 1426//1426
f 2110//2110 1839//1839 2111//2111
f 2111//2111 1839//1839 1430//1430
f 2111//2111 1430//1430 1428//1428
f 2110//2110 1491//1491 2112//2112
f 2112//2112 1491//1491 1493//1493
f 2112//2112 1493//1493 2113//2113
f 2113//2113 1493//1493 1495//1495
f 2113//2113 1495//1495 2114//2114
f 2114//2114 1495//1495 1497//1497
f 2114//2114 1497//1497 2115//2115
f 2115//2115 1497//1497 1499//1499
f 2115//2115 1499//1499 1827//1827
f 1827//1827 1499//1499 1501//1501
f 1839//1839 2110//2110 1837//1837
f 1837//1837 2110//2110 2112//2112
f 1837//1837 2112//2112 1835//1835
f 1835//1835 2112//2112 2113//2113
f 1835//1835 2113//2113 1833//1833
f 1833//1833 2113//2113 2114//2114
f 1833//1833 2114//2114 1831//1831
f 1831//1831 2114//2114 2115//2115
f 1831//1831 2115//2115 1829//1829
f 1829//1829 2115//2115 1827//1827
f 1434//1434 1432//1432 1838//1838
f 1431//1431 1433//1433 1416//1416
f 1416//1416 1433//1433 1414//1414
f 1412//1412 1414//1414 1435//1435
f 1435//1435 1414//1414 1433//1433
f 1413//1413 2116//2116 2117//2117
f 2117//2117 2116//2116 1479//1479
f 2117//2117 1479//1479 1478//1478
f 1479//1479 2116//2116 1481//1481
f 1481//1481 2116//2116 2118//2118
f 1481//1481 2118//2118 1483//1483
f 1483//1483 2118//2118 2119//2119
f 1483//1483 2119//2119 1457//1457
f 1457//1457 2119//2119 1459//1459
f 2118//2118 2116//2116 1411//1411
f 1411//1411 2116//2116 1413//1413
f 1482//1482 1453//1453 2120//2120
f 2120//2120 1453//1453 1451//1451
f 2120//2120 1451//1451 1464//1464
f 1464//1464 1451//1451 1445//1445
f 1453//1453 1482//1482 1455//1455
f 1452//1452 1390//1390 1450//1450
f 1450//1450 1390//1390 1388//1388
f 1450//1450 1388//1388 1448//1448
f 1448//1448 1388//1388 1386//1386
f 1448//1448 1386//1386 1382//1382
f 1382//1382 1386//1386 1383//1383
f 1390//1390 1452//1452 1392//1392
f 1392//1392 1452//1452 1454//1454
f 1392//1392 1454//1454 1394//1394
f 1394//1394 1454//1454 1456//1456
f 1394//1394 1456//1456 1396//1396
f 1396//1396 1456//1456 1458//1458
f 1396//1396 1458//1458 1398//1398
f 1398//1398 1458//1458 1460//1460
f 1398//1398 1460//1460 1400//1400
f 1400//1400 1460//1460 1403//1403
f 1387//1387 1389//1389 1868//1868
f 1868//1868 1389//1389 2121//2121
f 1868//1868 2121//2121 1866//1866
f 1866//1866 2121//2121 2122//2122
f 1866//1866 2122//2122 1864//1864
f 1864//1864 2122//2122 2123//2123
f 1864//1864 2123//2123 1862//1862
f 1862//1862 2123//2123 2124//2124
f 1862//1862 2124//2124 1860//1860
f 1860//1860 2124//2124 2125//2125
f 1860//1860 2125//2125 1858//1858
f 1858//1858 2125//2125 1850//1850
f 2121//2121 1389//1389 1391//1391
f 1869//1869 1867//1867 1317//1317
f 1317//1317 1867//1867 1315//1315
f 1313//1313 1315//1315 1865//1865
f 1865//1865 1315//1315 1867//1867
f 1314//1314 2126//2126 2127//2127
f 2127//2127 2126//2126 1328//1328
f 2127//2127 1328//1328 1326//1326
f 1328//1328 2126//2126 1330//1330
f 1330//1330 2126//2126 2128//2128
f 1330//1330 2128//2128 1332//1332
f 1332//1332 2128//2128 2129//2129
f 1332//1332 2129//2129 1334//1334
f 1334//1334 2129//2129 2130//2130
f 1334//1334 2130//2130 1336//1336
f 1336//1336 2130//2130 2131//2131
f 1336//1336 2131//2131 1300//1300
f 1300//1300 2131//2131 1302//1302
f 2128//2128 2126//2126 1312//1312
f 1312//1312 2126//2126 1314//1314
f 1329//1329 1331//1331 1381//1381
f 1381//1381 1331//1331 1372//1372
f 1372//1372 1331//1331 1333//1333
f 1371//1371 1292//1292 1369//1369
f 1369//1369 1292//1292 1290//1290
f 1369//1369 1290//1290 1367//1367
f 1367//1367 1290//1290 1288//1288
f 1367//1367 1288//1288 1365//1365
f 1292//1292 1371//1371 1294//1294
f 1294//1294 1371//1371 1373//1373
f 1294//1294 1373//1373 1296//1296
f 1296//1296 1373//1373 1335//1335
f 1296//1296 1335//1335 1298//1298
f 1291//1291 2132//2132 1289//1289
f 1289//1289 2132//2132 1282//1282
f 1289//1289 1282//1282 1284//1284
f 1880//1880 1280//1280 2132//2132
f 2132//2132 1280//1280 1282//1282
f 2132//2132 1291//1291 2133//2133
f 2133//2133 1291//1291 1293//1293
f 2133//2133 1293//1293 2134//2134
f 2134//2134 1293//1293 1295//1295
f 2134//2134 1295//1295 2135//2135
f 2135//2135 1295//1295 1297//1297
f 2135//2135 1297//1297 2136//2136
f 2136//2136 1297//1297 1299//1299
f 2136//2136 1299//1299 1870//1870
f 1870//1870 1299//1299 1301//1301
f 1281//1281 1279//1279 1358//1358
f 1359//1359 2137//2137 1357//1357
f 1357//1357 2137//2137 1347//1347
f 1357//1357 1347//1347 1349//1349
f 1345//1345 1347//1347 2138//2138
f 2138//2138 1347//1347 2137//2137
f 2138//2138 2137//2137 2139//2139
f 2139//2139 2137//2137 2140//2140
f 2139//2139 2140//2140 2141//2141
f 2141//2141 2140//2140 1275//1275
f 2141//2141 1275//1275 1273//1273
f 2137//2137 1359//1359 2140//2140
f 2140//2140 1359//1359 1277//1277
f 2140//2140 1277//1277 1275//1275
f 1343//1343 1345//1345 2142//2142
f 2142//2142 1345//1345 2138//2138
f 2142//2142 2138//2138 2143//2143
f 2143//2143 2138//2138 2139//2139
f 2143//2143 2139//2139 2144//2144
f 2144//2144 2139//2139 2141//2141
f 2144//2144 2141//2141 2145//2145
f 2145//2145 2141//2141 1273//1273
f 2145//2145 1273//1273 1271//1271
f 2142//2142 2146//2146 1343//1343
f 1343//1343 2146//2146 1340//1340
f 1343//1343 1340//1340 1341//1341
f 1258//1258 1256//1256 2146//2146
f 2146//2146 1256//1256 1340//1340
f 2146//2146 2142//2142 2147//2147
f 2147//2147 2142//2142 2143//2143
f 2147//2147 2143//2143 2148//2148
f 2148//2148 2143//2143 2144//2144
f 2148//2148 2144//2144 2149//2149
f 2149//2149 2144//2144 2145//2145
f 2149//2149 2145//2145 2150//2150
f 2150//2150 2145//2145 1271//1271
f 2150//2150 1271//1271 1269//1269
f 1251//1251 1253//1253 2151//2151
f 2151//2151 1253//1253 1255//1255
f 2151//2151 1255//1255 2152//2152
f 2152//2152 1255//1255 1257//1257
f 2152//2152 1257//1257 2153//2153
f 2153//2153 1257//1257 1259//1259
f 2153//2153 1259//1259 2154//2154
f 2154//2154 1259//1259 1261//1261
f 2154//2154 1261//1261 2155//2155
f 2155//2155 1261//1261 1263//1263
f 2155//2155 1263//1263 1886//1886
f 1886//1886 1263//1263 1265//1265
f 1237//1237 1251//1251 1898//1898
f 1898//1898 1251//1251 2151//2151
f 1898//1898 2151//2151 1896//1896
f 1896//1896 2151//2151 2152//2152
f 1896//1896 2152//2152 1894//1894
f 1894//1894 2152//2152 2153//2153
f 1894//1894 2153//2153 1892//1892
f 1892//1892 2153//2153 2154//2154
f 1892//1892 2154//2154 1890//1890
f 1890//1890 2154//2154 2155//2155
f 1890//1890 2155//2155 1888//1888
f 1888//1888 2155//2155 1886//1886
f 1222//1222 1221//1221 1240//1240
f 1241//1241 1239//1239 1905//1905
f 1222//1222 1240//1240 1223//1223
f 1223//1223 1240//1240 1242//1242
f 1223//1223 1242//1242 1225//1225
f 1225//1225 1242//1242 1244//1244
f 1225//1225 1244//1244 1227//1227
f 1227//1227 1244//1244 1246//1246
f 1227//1227 1246//1246 1229//1229
f 1229//1229 1246//1246 1248//1248
f 1229//1229 1248//1248 1231//1231
f 1231//1231 1248//1248 1250//1250
f 1231//1231 1250//1250 1233//1233
f 1213//1213 1212//1212 1224//1224
f 1213//1213 1224//1224 1214//1214
f 1214//1214 1224//1224 1226//1226
f 1214//1214 1226//1226 1215//1215
f 1215//1215 1226//1226 1228//1228
f 1215//1215 1228//1228 1216//1216
f 1216//1216 1228//1228 1230//1230
f 1216//1216 1230//1230 1217//1217
f 1217//1217 1230//1230 1232//1232
f 1217//1217 1232//1232 1218//1218
f 1218//1218 1232//1232 1234//1234
f 1218//1218 1234//1234 1219//1219
f 1180//1180 1178//1178 1987//1987
f 1987//1987 1178//1178 2156//2156
f 1987//1987 2156//2156 1986//1986
f 1986//1986 2156//2156 1201//1201
f 1158//1158 1156//1156 1988//1988
f 1988//1988 1156//1156 1186//1186
f 1158//1158 1988//1988 1989//1989
f 1993//1993 1155//1155 2157//2157
f 2157//2157 1155//1155 1157//1157
f 2157//2157 1157//1157 2158//2158
f 2158//2158 1157//1157 1159//1159
f 2158//2158 1159//1159 1919//1919
f 1994//1994 1996//1996 2003//2003
f 2003//2003 1996//1996 2159//2159
f 2003//2003 2159//2159 2004//2004
f 2004//2004 2159//2159 2160//2160
f 2004//2004 2160//2160 1943//1943
f 1943//1943 2160//2160 1941//1941
f 1942//1942 1940//1940 2005//2005
f 2005//2005 1940//1940 2161//2161
f 2005//2005 2161//2161 2006//2006
f 2006//2006 2161//2161 2162//2162
f 2006//2006 2162//2162 1982//1982
f 1982//1982 2162//2162 1980//1980
f 1351//1351 1357//1357 1349//1349
f 1361//1361 1281//1281 1358//1358
f 1354//1354 1361//1361 1358//1358
f 1380//1380 1370//1370 1368//1368
f 1327//1327 1329//1329 1379//1379
f 1379//1379 1329//1329 1381//1381
f 1314//1314 2127//2127 1316//1316
f 1316//1316 2127//2127 2163//2163
f 1316//1316 2163//2163 1318//1318
f 1318//1318 2163//2163 2164//2164
f 1318//1318 2164//2164 2165//2165
f 2165//2165 2164//2164 1322//1322
f 2165//2165 1322//1322 1320//1320
f 2163//2163 2127//2127 1326//1326
f 1385//1385 1869//1869 1319//1319
f 1319//1319 1869//1869 1317//1317
f 1445//1445 1451//1451 1449//1449
f 1482//1482 2120//2120 1480//1480
f 1480//1480 2120//2120 1465//1465
f 1480//1480 1465//1465 1467//1467
f 1465//1465 2120//2120 1464//1464
f 1413//1413 2117//2117 1415//1415
f 1415//1415 2117//2117 2166//2166
f 1415//1415 2166//2166 1417//1417
f 1417//1417 2166//2166 2167//2167
f 1417//1417 2167//2167 2168//2168
f 2168//2168 2167//2167 2169//2169
f 2168//2168 2169//2169 1419//1419
f 1419//1419 2169//2169 1472//1472
f 2166//2166 2117//2117 1478//1478
f 1429//1429 1431//1431 1418//1418
f 1418//1418 1431//1431 1416//1416
f 1530//1530 1490//1490 1488//1488
f 1514//1514 2085//2085 1516//1516
f 1516//1516 2085//2085 1535//1535
f 1516//1516 1535//1535 1518//1518
f 1535//1535 2085//2085 2087//2087
f 1540//1540 1542//1542 1519//1519
f 1519//1519 1542//1542 1517//1517
f 1565//1565 2077//2077 1563//1563
f 1563//1563 2077//2077 2170//2170
f 1563//1563 2170//2170 1561//1561
f 1561//1561 2170//2170 1537//1537
f 1561//1561 1537//1537 1559//1559
f 2170//2170 2077//2077 1539//1539
f 1623//1623 1583//1583 2171//2171
f 2171//2171 1583//1583 1581//1581
f 2171//2171 1581//1581 1577//1577
f 1577//1577 1581//1581 1578//1578
f 1607//1607 2041//2041 1609//1609
f 1609//1609 2041//2041 2172//2172
f 1609//1609 2172//2172 1611//1611
f 1611//1611 2172//2172 2173//2173
f 1611//1611 2173//2173 1613//1613
f 1613//1613 2173//2173 1615//1615
f 2172//2172 2041//2041 2043//2043
f 1626//1626 1969//1969 1627//1627
f 1627//1627 1969//1969 1628//1628
f 1661//1661 2037//2037 1659//1659
f 1659//1659 2037//2037 2174//2174
f 1659//1659 2174//2174 1657//1657
f 1657//1657 2174//2174 1636//1636
f 1657//1657 1636//1636 1655//1655
f 2174//2174 2037//2037 1638//1638
f 1681//1681 2026//2026 1679//1679
f 1679//1679 2026//2026 2176//2176
f 1679//1679 2176//2176 1677//1677
f 1677//1677 2176//2176 2177//2177
f 1677//1677 2177//2177 1675//1675
f 1675//1675 2177//2177 1652//1652
f 2176//2176 2026//2026 2028//2028
f 1697//1697 1699//1699 1676//1676
f 1676//1676 1699//1699 1678//1678
f 1695//1695 1728//1728 1696//1696
f 1696//1696 1728//1728 1698//1698
f 1749//1749 2020//2020 1747//1747
f 1747//1747 2020//2020 2178//2178
f 1747//1747 2178//2178 1724//1724
f 1724//1724 2178//2178 1725//1725
f 2178//2178 2020//2020 1725//1725
f 1355//1355 1354//1354 1356//1356
f 1356//1356 1354//1354 1358//1358
f 1285//1285 1283//1283 1360//1360
f 1380//1380 1368//1368 1362//1362
f 1362//1362 1368//1368 2179//2179
f 1362//1362 2179//2179 2180//2180
f 2180//2180 2179//2179 1366//1366
f 2180//2180 1366//1366 1363//1363
f 1363//1363 1366//1366 1364//1364
f 1325//1325 1327//1327 1377//1377
f 1377//1377 1327//1327 1379//1379
f 2164//2164 2163//2163 1324//1324
f 1324//1324 2163//2163 1326//1326
f 1321//1321 1385//1385 1319//1319
f 2165//2165 1320//1320 1318//1318
f 1383//1383 1386//1386 1384//1384
f 2167//2167 2166//2166 1477//1477
f 1477//1477 2166//2166 1478//1478
f 2168//2168 1419//1419 1417//1417
f 1427//1427 1429//1429 1420//1420
f 1420//1420 1429//1429 1418//1418
f 1528//1528 1530//1530 1488//1488
f 2090//2090 2088//2088 2098//2098
f 1522//1522 1535//1535 2087//2087
f 1522//1522 2087//2087 2089//2089
f 1521//1521 1540//1540 1519//1519
f 1539//1539 1538//1538 2170//2170
f 2170//2170 1538//1538 2181//2181
f 2170//2170 2181//2181 1537//1537
f 1537//1537 2181//2181 1538//1538
f 2060//2060 1817//1817 1557//1557
f 1578//1578 1581//1581 1579//1579
f 1623//1623 2171//2171 1621//1621
f 1621//1621 2171//2171 2182//2182
f 1621//1621 2182//2182 1619//1619
f 1619//1619 2182//2182 1577//1577
f 2182//2182 2171//2171 1577//1577
f 2172//2172 2043//2043 1615//1615
f 1615//1615 2043//2043 2183//2183
f 1615//1615 2183//2183 2045//2045
f 2045//2045 2183//2183 2043//2043
f 1615//1615 2173//2173 2172//2172
f 1614//1614 1616//1616 1612//1612
f 1638//1638 1637//1637 2174//2174
f 2174//2174 1637//1637 2184//2184
f 2174//2174 2184//2184 1636//1636
f 1636//1636 2184//2184 1637//1637
f 2176//2176 2028//2028 1652//1652
f 1652//1652 2028//2028 2185//2185
f 1652//1652 2185//2185 1653//1653
f 1653//1653 2185//2185 2028//2028
f 1652//1652 2177//2177 2175//2175
f 1676//1676 1674//1674 1697//1697
f 1697//1697 1674//1674 1673//1673
f 1697//1697 1673//1673 1672//1672
f 1366//1366 2179//2179 1368//1368
f 1376//1376 1378//1378 1362//1362
f 1362//1362 1378//1378 1380//1380
f 1323//1323 1325//1325 1375//1375
f 1375//1375 1325//1325 1377//1377
f 1322//1322 2164//2164 1324//1324
f 1445//1445 1449//1449 2186//2186
f 2186//2186 1449//1449 1447//1447
f 2186//2186 1447//1447 2187//2187
f 2187//2187 1447//1447 1446//1446
f 2187//2187 1446//1446 1445//1445
f 1445//1445 2186//2186 2187//2187
f 1470//1470 1468//1468 1466//1466
f 2169//2169 2167//2167 1475//1475
f 1475//1475 2167//2167 1477//1477
f 1425//1425 1427//1427 1422//1422
f 1422//1422 1427//1427 1420//1420
f 1528//1528 1488//1488 2188//2188
f 2188//2188 1488//1488 1486//1486
f 2188//2188 1486//1486 2189//2189
f 2189//2189 1486//1486 1485//1485
f 2189//2189 1485//1485 1484//1484
f 1528//1528 2188//2188 2190//2190
f 2190//2190 2188//2188 2189//2189
f 2190//2190 2189//2189 1484//1484
f 1484//1484 1526//1526 1528//1528
f 2092//2092 2090//2090 2098//2098
f 1525//1525 1523//1523 2100//2100
f 2100//2100 1523//1523 2098//2098
f 1524//1524 2093//2093 2097//2097
f 1522//1522 2089//2089 2091//2091
f 1556//1556 2060//2060 1557//1557
f 1533//1533 1532//1532 1534//1534
f 1462//1462 1461//1461 1463//1463
f 1362//1362 2180//2180 1363//1363
f 1472//1472 2169//2169 1473//1473
f 1473//1473 2169//2169 1475//1475
f 1423//1423 1425//1425 1422//1422
f 2190//2190 1484//1484 1528//1528
f 2016//2016 2012//2012 2191//2191
f 2191//2191 2012//2012 2013//2013
f 2191//2191 2013//2013 2192//2192
f 2192//2192 2013//2013 2014//2014
f 2192//2192 2014//2014 2193//2193
f 2193//2193 2014//2014 2015//2015
f 2193//2193 2015//2015 2194//2194
f 2194//2194 2015//2015 1789//1789
f 2194//2194 1789//1789 1788//1788
f 1751//1751 1753//1753 2023//2023
f 2023//2023 1753//1753 2195//2195
f 2023//2023 2195//2195 2024//2024
f 2024//2024 2195//2195 2196//2196
f 2024//2024 2196//2196 1731//1731
f 1731//1731 2196//2196 1733//1733
f 1704//1704 1702//1702 1734//1734
f 1734//1734 1702//1702 1732//1732
f 1684//1684 1682//1682 1705//1705
f 1705//1705 1682//1682 1703//1703
f 1683//1683 1685//1685 2032//2032
f 2032//2032 1685//1685 1687//1687
f 2032//2032 1687//1687 2033//2033
f 2033//2033 1687//1687 1689//1689
f 2033//2033 1689//1689 2035//2035
f 2035//2035 1689//1689 1691//1691
f 2035//2035 1691//1691 1662//1662
f 1662//1662 1691//1691 1664//1664
f 2039//2039 2038//2038 1665//1665
f 1665//1665 2038//2038 1663//1663
f 1631//1631 1630//1630 1966//1966
f 1966//1966 1630//1630 1967//1967
f 1605//1605 1603//1603 2049//2049
f 2049//2049 1603//1603 2197//2197
f 2049//2049 2197//2197 2050//2050
f 2050//2050 2197//2197 2198//2198
f 2050//2050 2198//2198 2052//2052
f 2052//2052 2198//2198 2199//2199
f 2052//2052 2199//2199 2054//2054
f 2054//2054 2199//2199 1589//1589
f 2054//2054 1589//1589 1587//1587
f 2067//2067 2074//2074 2069//2069
f 2069//2069 2074//2074 2200//2200
f 2069//2069 2200//2200 2070//2070
f 2070//2070 2200//2200 2201//2201
f 2070//2070 2201//2201 2071//2071
f 2071//2071 2201//2201 2202//2202
f 2071//2071 2202//2202 2072//2072
f 2072//2072 2202//2202 2203//2203
f 2072//2072 2203//2203 2073//2073
f 2073//2073 2203//2203 1576//1576
f 2200//2200 2074//2074 2075//2075
f 2079//2079 2078//2078 1569//1569
f 1569//1569 2078//2078 1567//1567
f 1511//1511 1513//1513 1548//1548
f 1548//1548 1513//1513 1546//1546
f 1512//1512 1510//1510 2101//2101
f 2101//2101 1510//1510 2204//2204
f 2101//2101 2204//2204 2102//2102
f 2102//2102 2204//2204 2205//2205
f 2102//2102 2205//2205 2104//2104
f 2104//2104 2205//2205 2206//2206
f 2104//2104 2206//2206 2106//2106
f 2106//2106 2206//2206 1496//1496
f 2106//2106 1496//1496 1494//1494
f 1436//1436 1434//1434 1849//1849
f 1849//1849 1434//1434 1838//1838
f 1410//1410 1412//1412 1437//1437
f 1437//1437 1412//1412 1435//1435
f 2119//2119 2118//2118 1409//1409
f 1409//1409 2118//2118 1411//1411
f 2121//2121 1391//1391 2207//2207
f 2207//2207 1391//1391 1393//1393
f 2207//2207 1393//1393 1856//1856
f 1311//1311 1313//1313 1863//1863
f 1863//1863 1313//1313 1865//1865
f 2129//2129 2128//2128 1310//1310
f 1310//1310 2128//2128 1312//1312
f 1878//1878 1880//1880 2133//2133
f 2133//2133 1880//1880 2132//2132
f 1878//1878 2133//2133 2134//2134
f 1276//1276 1278//1278 1879//1879
f 1260//1260 1258//1258 2147//2147
f 2147//2147 1258//1258 2146//2146
f 1260//1260 2147//2147 2148//2148
f 1243//1243 1241//1241 1912//1912
f 1912//1912 1241//1241 1905//1905
f 1202//1202 1201//1201 2156//2156
f 1202//1202 2156//2156 1176//1176
f 1176//1176 2156//2156 1178//1178
f 1160//1160 1158//1158 1989//1989
f 1160//1160 1989//1989 1990//1990
f 1993//1993 2157//2157 1995//1995
f 1995//1995 2157//2157 2208//2208
f 1995//1995 2208//2208 1997//1997
f 1997//1997 2208//2208 2209//2209
f 1997//1997 2209//2209 1999//1999
f 1999//1999 2209//2209 2210//2210
f 1999//1999 2210//2210 2001//2001
f 2001//2001 2210//2210 1920//1920
f 2001//2001 1920//1920 1922//1922
f 2208//2208 2157//2157 2158//2158
f 1996//1996 1998//1998 2159//2159
f 2159//2159 1998//1998 2211//2211
f 2159//2159 2211//2211 2160//2160
f 2160//2160 2211//2211 2212//2212
f 2160//2160 2212//2212 1941//1941
f 1941//1941 2212//2212 1939//1939
f 1940//1940 1938//1938 2161//2161
f 2161//2161 1938//1938 2213//2213
f 2161//2161 2213//2213 2162//2162
f 2162//2162 2213//2213 1944//1944
f 2162//2162 1944//1944 1980//1980
f 2016//2016 2191//2191 2017//2017
f 2017//2017 2191//2191 2214//2214
f 2017//2017 2214//2214 2018//2018
f 2018//2018 2214//2214 2215//2215
f 2018//2018 2215//2215 1798//1798
f 1798//1798 2215//2215 1796//1796
f 2214//2214 2191//2191 2192//2192
f 1753//1753 1755//1755 2195//2195
f 2195//2195 1755//1755 2216//2216
f 2195//2195 2216//2216 2196//2196
f 2196//2196 2216//2216 2217//2217
f 2196//2196 2217//2217 1733//1733
f 1733//1733 2217//2217 1735//1735
f 1706//1706 1704//1704 1736//1736
f 1736//1736 1704//1704 1734//1734
f 1686//1686 1684//1684 1707//1707
f 1707//1707 1684//1684 1705//1705
f 1669//1669 2039//2039 1667//1667
f 1667//1667 2039//2039 1665//1665
f 1965//1965 1631//1631 1966//1966
f 1603//1603 1601//1601 2197//2197
f 2197//2197 1601//1601 2218//2218
f 2197//2197 2218//2218 2198//2198
f 2198//2198 2218//2218 2219//2219
f 2198//2198 2219//2219 2199//2199
f 2199//2199 2219//2219 1591//1591
f 2199//2199 1591//1591 1589//1589
f 1825//1825 1810//1810 1808//1808
f 2200//2200 2075//2075 2220//2220
f 2220//2220 2075//2075 1824//1824
f 2220//2220 1824//1824 1822//1822
f 2080//2080 2079//2079 1571//1571
f 1571//1571 2079//2079 1569//1569
f 1509//1509 1511//1511 1550//1550
f 1550//1550 1511//1511 1548//1548
f 1510//1510 1508//1508 2204//2204
f 2204//2204 1508//1508 2221//2221
f 2204//2204 2221//2221 2205//2205
f 2205//2205 2221//2221 2222//2222
f 2205//2205 2222//2222 2206//2206
f 2206//2206 2222//2222 1498//1498
f 2206//2206 1498//1498 1496//1496
f 1848//1848 1836//1836 1834//1834
f 1438//1438 1436//1436 1847//1847
f 1847//1847 1436//1436 1849//1849
f 1408//1408 1410//1410 1439//1439
f 1439//1439 1410//1410 1437//1437
f 1459//1459 2119//2119 1407//1407
f 1407//1407 2119//2119 1409//1409
f 2121//2121 2207//2207 2122//2122
f 2122//2122 2207//2207 2223//2223
f 2122//2122 2223//2223 2123//2123
f 2123//2123 2223//2223 2224//2224
f 2123//2123 2224//2224 2124//2124
f 2124//2124 2224//2224 1851//1851
f 2124//2124 1851//1851 2125//2125
f 2125//2125 1851//1851 1850//1850
f 2223//2223 2207//2207 1856//1856
f 1309//1309 1311//1311 1861//1861
f 1861//1861 1311//1311 1863//1863
f 2130//2130 2129//2129 1308//1308
f 1308//1308 2129//2129 1310//1310
f 1876//1876 1878//1878 2134//2134
f 1876//1876 2134//2134 2135//2135
f 1276//1276 1879//1879 2225//2225
f 2225//2225 1879//1879 1877//1877
f 2225//2225 1877//1877 2226//2226
f 2226//2226 1877//1877 1875//1875
f 2226//2226 1875//1875 1881//1881
f 1881//1881 1875//1875 1873//1873
f 1262//1262 1260//1260 2148//2148
f 1262//1262 2148//2148 2149//2149
f 1911//1911 1904//1904 1903//1903
f 1245//1245 1243//1243 1910//1910
f 1910//1910 1243//1243 1912//1912
f 1174//1174 1202//1202 1176//1176
f 1162//1162 1160//1160 1990//1990
f 1162//1162 1990//1990 1991//1991
f 2208//2208 2158//2158 2227//2227
f 2227//2227 2158//2158 1919//1919
f 2227//2227 1919//1919 1917//1917
f 1998//1998 2000//2000 2211//2211
f 2211//2211 2000//2000 2228//2228
f 2211//2211 2228//2228 2212//2212
f 2212//2212 2228//2228 2229//2229
f 2212//2212 2229//2229 1939//1939
f 1939//1939 2229//2229 1937//1937
f 1945//1945 1944//1944 2213//2213
f 1945//1945 2213//2213 1936//1936
f 1936//1936 2213//2213 1938//1938
f 2214//2214 2192//2192 2230//2230
f 2230//2230 2192//2192 2193//2193
f 2230//2230 2193//2193 2231//2231
f 2231//2231 2193//2193 2194//2194
f 2231//2231 2194//2194 1787//1787
f 1787//1787 2194//2194 1788//1788
f 1755//1755 1757//1757 2216//2216
f 2216//2216 1757//1757 2232//2232
f 2216//2216 2232//2232 2217//2217
f 2217//2217 2232//2232 2233//2233
f 2217//2217 2233//2233 1735//1735
f 1735//1735 2233//2233 1737//1737
f 1708//1708 1706//1706 1738//1738
f 1738//1738 1706//1706 1736//1736
f 1633//1633 1632//1632 1971//1971
f 1601//1601 1599//1599 2218//2218
f 2218//2218 1599//1599 2234//2234
f 2218//2218 2234//2234 2219//2219
f 2219//2219 2234//2234 1593//1593
f 2219//2219 1593//1593 1591//1591
f 1825//1825 1808//1808 2235//2235
f 2235//2235 1808//1808 1806//1806
f 2235//2235 1806//1806 2236//2236
f 2236//2236 1806//1806 1804//1804
f 2236//2236 1804//1804 1802//1802
f 2200//2200 2220//2220 2201//2201
f 2201//2201 2220//2220 2237//2237
f 2201//2201 2237//2237 2202//2202
f 2202//2202 2237//2237 1819//1819
f 2202//2202 1819//1819 2203//2203
f 2203//2203 1819//1819 1576//1576
f 2237//2237 2220//2220 1822//1822
f 2081//2081 2080//2080 1573//1573
f 1573//1573 2080//2080 1571//1571
f 1507//1507 1509//1509 1552//1552
f 1552//1552 1509//1509 1550//1550
f 1508//1508 1506//1506 2221//2221
f 2221//2221 1506//1506 2238//2238
f 2221//2221 2238//2238 2222//2222
f 2222//2222 2238//2238 1500//1500
f 2222//2222 1500//1500 1498//1498
f 1848//1848 1834//1834 2239//2239
f 2239//2239 1834//1834 1832//1832
f 2239//2239 1832//1832 1842//1842
f 1440//1440 1438//1438 1845//1845
f 1845//1845 1438//1438 1847//1847
f 1406//1406 1408//1408 1441//1441
f 1441//1441 1408//1408 1439//1439
f 1405//1405 1459//1459 1407//1407
f 1855//1855 1395//1395 1397//1397
f 2224//2224 2223//2223 1854//1854
f 1854//1854 2223//2223 1856//1856
f 1307//1307 1309//1309 1859//1859
f 1859//1859 1309//1309 1861//1861
f 2131//2131 2130//2130 1306//1306
f 1306//1306 2130//2130 1308//1308
f 1874//1874 1876//1876 2135//2135
f 1874//1874 2135//2135 2136//2136
f 1276//1276 2225//2225 1274//1274
f 1274//1274 2225//2225 2240//2240
f 1274//1274 2240//2240 1272//1272
f 1272//1272 2240//2240 1885//1885
f 2240//2240 2225//2225 2226//2226
f 1264//1264 1262//1262 2149//2149
f 1264//1264 2149//2149 2150//2150
f 1911//1911 1903//1903 2241//2241
f 2241//2241 1903//1903 1902//1902
f 2241//2241 1902//1902 2242//2242
f 2242//2242 1902//1902 1901//1901
f 2242//2242 1901//1901 1900//1900
f 1247//1247 1245//1245 1908//1908
f 1908//1908 1245//1245 1910//1910
f 1164//1164 1162//1162 1991//1991
f 1164//1164 1991//1991 1992//1992
f 1918//1918 1161//1161 1163//1163
f 2208//2208 2227//2227 2209//2209
f 2209//2209 2227//2227 2243//2243
f 2209//2209 2243//2243 2210//2210
f 2210//2210 2243//2243 1914//1914
f 2210//2210 1914//1914 1920//1920
f 2243//2243 2227//2227 1917//1917
f 2000//2000 2002//2002 2228//2228
f 2228//2228 2002//2002 2244//2244
f 2228//2228 2244//2244 2229//2229
f 2229//2229 2244//2244 2245//2245
f 2229//2229 2245//2245 1937//1937
f 1937//1937 2245//2245 1935//1935
f 1790//1790 1776//1776 1778//1778
f 2214//2214 2230//2230 2215//2215
f 2215//2215 2230//2230 2246//2246
f 2215//2215 2246//2246 1796//1796
f 1796//1796 2246//2246 1794//1794
f 2246//2246 2230//2230 2231//2231
f 1757//1757 1759//1759 2232//2232
f 2232//2232 1759//1759 2247//2247
f 2232//2232 2247//2247 2233//2233
f 2233//2233 2247//2247 1765//1765
f 2233//2233 1765//1765 1737//1737
f 1710//1710 1708//1708 1740//1740
f 1740//1740 1708//1708 1738//1738
f 1784//1784 1790//1790 1785//1785
f 1785//1785 1790//1790 1778//1778
f 1787//1787 1792//1792 2231//2231
f 2231//2231 1792//1792 2246//2246
f 1792//1792 1794//1794 2246//2246
f 1760//1760 1758//1758 1800//1800
f 1763//1763 1765//1765 2247//2247
f 1763//1763 2247//2247 1761//1761
f 1761//1761 2247//2247 1759//1759
f 1712//1712 1710//1710 1742//1742
f 1742//1742 1710//1710 1740//1740
f 1930//1930 1935//1935 1928//1928
f 1928//1928 1935//1935 2245//2245
f 1928//1928 2245//2245 1926//1926
f 1926//1926 2245//2245 2244//2244
f 1926//1926 2244//2244 1924//1924
f 1924//1924 2244//2244 2002//2002
f 1917//1917 1915//1915 2243//2243
f 2243//2243 1915//1915 1914//1914
f 1165//1165 1167//1167 2248//2248
f 2248//2248 1167//1167 1916//1916
f 2248//2248 1916//1916 1918//1918
f 1163//1163 1165//1165 2248//2248
f 1163//1163 2248//2248 1918//1918
f 1992//1992 1168//1168 1166//1166
f 1992//1992 1166//1166 1164//1164
f 1908//1908 1906//1906 1247//1247
f 1247//1247 1906//1906 1249//1249
f 2242//2242 1900//1900 2249//2249
f 2249//2249 1900//1900 1907//1907
f 2249//2249 1907//1907 1909//1909
f 2241//2241 2242//2242 2249//2249
f 2241//2241 2249//2249 1909//1909
f 2150//2150 1269//1269 1266//1266
f 2150//2150 1266//1266 1264//1264
f 2226//2226 1881//1881 1883//1883
f 2226//2226 1883//1883 2240//2240
f 2240//2240 1883//1883 1885//1885
f 2136//2136 1870//1870 1872//1872
f 2136//2136 1872//1872 1874//1874
f 1306//1306 1304//1304 2131//2131
f 2131//2131 1304//1304 1302//1302
f 1859//1859 1857//1857 1307//1307
f 1307//1307 1857//1857 1305//1305
f 1854//1854 1852//1852 2224//2224
f 2224//2224 1852//1852 1851//1851
f 1399//1399 1401//1401 2250//2250
f 2250//2250 1401//1401 1853//1853
f 2250//2250 1853//1853 1855//1855
f 1397//1397 1399//1399 2250//2250
f 1397//1397 2250//2250 1855//1855
f 1441//1441 1443//1443 1406//1406
f 1406//1406 1443//1443 1404//1404
f 1841//1841 1840//1840 1844//1844
f 1845//1845 1843//1843 1440//1440
f 1440//1440 1843//1843 1442//1442
f 2239//2239 1842//1842 1841//1841
f 2239//2239 1841//1841 1846//1846
f 1846//1846 1841//1841 1844//1844
f 1500//1500 2238//2238 1502//1502
f 1502//1502 2238//2238 1504//1504
f 2238//2238 1506//1506 1504//1504
f 1552//1552 1554//1554 1507//1507
f 1507//1507 1554//1554 1505//1505
f 1551//1551 2083//2083 1553//1553
f 1575//1575 1555//1555 2082//2082
f 1573//1573 1575//1575 2081//2081
f 2081//2081 1575//1575 2082//2082
f 1822//1822 1820//1820 2237//2237
f 2237//2237 1820//1820 1819//1819
f 2236//2236 1802//1802 2251//2251
f 2251//2251 1802//1802 1821//1821
f 2251//2251 1821//1821 1823//1823
f 2235//2235 2236//2236 2251//2251
f 2235//2235 2251//2251 1823//1823
f 1593//1593 2234//2234 1595//1595
f 1595//1595 2234//2234 1597//1597
f 2234//2234 1599//1599 1597//1597
f 1974//1974 1635//1635 1973//1973
f 1973//1973 1635//1635 1634//1634
f 1720//1720 1718//1718 1722//1722
f 2235//2235 1823//1823 1825//1825
f 2239//2239 1846//1846 1848//1848
f 2241//2241 1909//1909 1911//1911
f 2252//2252 2253//2253 2254//2254
f 2254//2254 2253//2253 2255//2255
f 2256//2256 2253//2253 2258//2258
f 2256//2256 2258//2258 2259//2259
f 2261//2261 2262//2262 2253//2253
f 2253//2253 2262//2262 2263//2263
f 2253//2253 2263//2263 2258//2258
f 2261//2261 2264//2264 2262//2262
f 2262//2262 2264//2264 2265//2265
f 2265//2265 2264//2264 2266//2266
f 2265//2265 2266//2266 2267//2267
f 2267//2267 2266//2266 2268//2268
f 2267//2267 2268//2268 2269//2269
f 2269//2269 2268//2268 2270//2270
f 2269//2269 2270//2270 2271//2271
f 2269//2269 2271//2271 2272//2272
f 2272//2272 2271//2271 2273//2273
f 2272//2272 2273//2273 2274//2274
f 2274//2274 2273//2273 2275//2275
f 2274//2274 2275//2275 2276//2276
f 2276//2276 2275//2275 2277//2277
f 2276//2276 2277//2277 2278//2278
f 2276//2276 2278//2278 2279//2279
f 2279//2279 2278//2278 2280//2280
f 2279//2279 2280//2280 2281//2281
f 2281//2281 2280//2280 2282//2282
f 2281//2281 2282//2282 2283//2283
f 2283//2283 2282//2282 2285//2285
f 2283//2283 2285//2285 2286//2286
f 2286//2286 2285//2285 2259//2259
f 2260//2260 2284//2284 2257//2257
f 2287//2287 2288//2288 2289//2289
f 2289//2289 2288//2288 2290//2290
f 2290//2290 2288//2288 2291//2291
f 2291//2291 2288//2288 2292//2292
f 2291//2291 2292//2292 2293//2293
f 2293//2293 2292//2292 2294//2294
f 2293//2293 2294//2294 2295//2295
f 2296//2296 2297//2297 2298//2298
f 2298//2298 2297//2297 2299//2299
f 2298//2298 2299//2299 2300//2300
f 2300//2300 2299//2299 2301//2301
f 2301//2301 2299//2299 2302//2302
f 2301//2301 2302//2302 2303//2303
f 2303//2303 2302//2302 2304//2304
f 2303//2303 2304//2304 2305//2305
f 2305//2305 2304//2304 2306//2306
f 2306//2306 2304//2304 2307//2307
f 2306//2306 2307//2307 2308//2308
f 2306//2306 2308//2308 2309//2309
f 2309//2309 2308//2308 2310//2310
f 2309//2309 2310//2310 2311//2311
f 2311//2311 2310//2310 2314//2314
f 2312//2312 2313//2313 2315//2315
f 2311//2311 2316//2316 2317//2317
f 2317//2317 2316//2316 2318//2318
f 2317//2317 2318//2318 2319//2319
f 2319//2319 2318//2318 2320//2320
f 2319//2319 2320//2320 2321//2321
f 2321//2321 2320//2320 2322//2322
f 2321//2321 2322//2322 2323//2323
f 2323//2323 2322//2322 2324//2324
f 2323//2323 2324//2324 2325//2325
f 2323//2323 2325//2325 2326//2326
f 2326//2326 2325//2325 2327//2327
f 2326//2326 2327//2327 2328//2328
f 2328//2328 2327//2327 2296//2296
f 2328//2328 2296//2296 2298//2298
f 2329//2329 2330//2330 2331//2331
f 2331//2331 2330//2330 2332//2332
f 2331//2331 2332//2332 2333//2333
f 2331//2331 2333//2333 2334//2334
f 2334//2334 2333//2333 2335//2335
f 2334//2334 2335//2335 2336//2336
f 2334//2334 2336//2336 2337//2337
f 2337//2337 2336//2336 2338//2338
f 2337//2337 2338//2338 2339//2339
f 2340//2340 2341//2341 2342//2342
f 2342//2342 2341//2341 2343//2343
f 2342//2342 2343//2343 2344//2344
f 2344//2344 2343//2343 2345//2345
f 2345//2345 2343//2343 2346//2346
f 2345//2345 2346//2346 2347//2347
f 2347//2347 2346//2346 2348//2348
f 2347//2347 2348//2348 2349//2349
f 2349//2349 2348//2348 2350//2350
f 2350//2350 2348//2348 2351//2351
f 2350//2350 2351//2351 2352//2352
f 2350//2350 2352//2352 2353//2353
f 2353//2353 2352//2352 2354//2354
f 2353//2353 2354//2354 2355//2355
f 2355//2355 2354//2354 2356//2356
f 2355//2355 2356//2356 2357//2357
f 2357//2357 2356//2356 2358//2358
f 2357//2357 2358//2358 2359//2359
f 2357//2357 2359//2359 2360//2360
f 2360//2360 2359//2359 2361//2361
f 2360//2360 2361//2361 2362//2362
f 2362//2362 2361//2361 2363//2363
f 2362//2362 2363//2363 2364//2364
f 2364//2364 2363//2363 2366//2366
f 2365//2365 2367//2367 2369//2369
f 2368//2368 2366//2366 2370//2370
f 2368//2368 2370//2370 2371//2371
f 2368//2368 2371//2371 2372//2372
f 2372//2372 2371//2371 2340//2340
f 2372//2372 2340//2340 2342//2342
f 2373//2373 2374//2374 2375//2375
f 2375//2375 2374//2374 2376//2376
f 2375//2375 2376//2376 2377//2377
f 2377//2377 2376//2376 2378//2378
f 2377//2377 2378//2378 2379//2379
f 2379//2379 2378//2378 2380//2380
f 2379//2379 2380//2380 2381//2381
f 2381//2381 2380//2380 2382//2382
f 2381//2381 2382//2382 2383//2383
f 2383//2383 2382//2382 2384//2384
f 2383//2383 2384//2384 2385//2385
f 2385//2385 2384//2384 2386//2386
f 2385//2385 2386//2386 2387//2387
f 2387//2387 2386//2386 2388//2388
f 2387//2387 2388//2388 2389//2389
f 2389//2389 2388//2388 2390//2390
f 2389//2389 2390//2390 2391//2391
f 2391//2391 2390//2390 2392//2392
f 2391//2391 2392//2392 2393//2393
f 2393//2393 2392//2392 2394//2394
f 2393//2393 2394//2394 2395//2395
f 2395//2395 2394//2394 2396//2396
f 2395//2395 2396//2396 2397//2397
f 2397//2397 2396//2396 2398//2398
f 2397//2397 2398//2398 2399//2399
f 2399//2399 2398//2398 2400//2400
f 2400//2400 2398//2398 2401//2401
f 2400//2400 2401//2401 2402//2402
f 2402//2402 2401//2401 2403//2403
f 2402//2402 2403//2403 2404//2404
f 2404//2404 2403//2403 2405//2405
f 2404//2404 2405//2405 2406//2406
f 2406//2406 2405//2405 2407//2407
f 2406//2406 2407//2407 2408//2408
f 2408//2408 2407//2407 2409//2409
f 2409//2409 2407//2407 2410//2410
f 2409//2409 2410//2410 2411//2411
f 2411//2411 2410//2410 2412//2412
f 2411//2411 2412//2412 2413//2413
f 2413//2413 2412//2412 2414//2414
f 2414//2414 2412//2412 2415//2415
f 2414//2414 2415//2415 2416//2416
f 2416//2416 2415//2415 2417//2417
f 2416//2416 2417//2417 2418//2418
f 2418//2418 2417//2417 2419//2419
f 2418//2418 2419//2419 2420//2420
f 2420//2420 2419//2419 2421//2421
f 2420//2420 2421//2421 2422//2422
f 2422//2422 2421//2421 2423//2423
f 2422//2422 2423//2423 2424//2424
f 2424//2424 2423//2423 2425//2425
f 2424//2424 2425//2425 2426//2426
f 2426//2426 2425//2425 2427//2427
f 2426//2426 2427//2427 2428//2428
f 2428//2428 2427//2427 2429//2429
f 2428//2428 2429//2429 2430//2430
f 2430//2430 2429//2429 2431//2431
f 2430//2430 2431//2431 2432//2432
f 2432//2432 2431//2431 2433//2433
f 2432//2432 2433//2433 2434//2434
f 2434//2434 2433//2433 2435//2435
f 2434//2434 2435//2435 2436//2436
f 2436//2436 2435//2435 2437//2437
f 2436//2436 2437//2437 2438//2438
f 2376//2376 2439//2439 2378//2378
f 2378//2378 2439//2439 2440//2440
f 2378//2378 2440//2440 2380//2380
f 2380//2380 2440//2440 2441//2441
f 2380//2380 2441//2441 2382//2382
f 2382//2382 2441//2441 2384//2384
f 2439//2439 2442//2442 2440//2440
f 2441//2441 2443//2443 2384//2384
f 2384//2384 2443//2443 2386//2386
f 2443//2443 2444//2444 2386//2386
f 2386//2386 2444//2444 2388//2388
f 2444//2444 2390//2390 2388//2388
f 2394//2394 2445//2445 2396//2396
f 2396//2396 2445//2445 2446//2446
f 2396//2396 2446//2446 2401//2401
f 2401//2401 2446//2446 2447//2447
f 2401//2401 2447//2447 2403//2403
f 2403//2403 2447//2447 2405//2405
f 2446//2446 2445//2445 2447//2447
f 2447//2447 2445//2445 2448//2448
f 2447//2447 2448//2448 2449//2449
f 2449//2449 2448//2448 2450//2450
f 2449//2449 2450//2450 2405//2405
f 2405//2405 2450//2450 2407//2407
f 2448//2448 2451//2451 2450//2450
f 2450//2450 2451//2451 2452//2452
f 2450//2450 2452//2452 2410//2410
f 2410//2410 2452//2452 2412//2412
f 2451//2451 2453//2453 2452//2452
f 2452//2452 2453//2453 2454//2454
f 2452//2452 2454//2454 2412//2412
f 2412//2412 2454//2454 2455//2455
f 2412//2412 2455//2455 2415//2415
f 2415//2415 2455//2455 2417//2417
f 2454//2454 2453//2453 2455//2455
f 2455//2455 2453//2453 2456//2456
f 2455//2455 2456//2456 2457//2457
f 2457//2457 2456//2456 2458//2458
f 2457//2457 2458//2458 2419//2419
f 2419//2419 2458//2458 2421//2421
f 2458//2458 2456//2456 2459//2459
f 2459//2459 2456//2456 2460//2460
f 2459//2459 2460//2460 2461//2461
f 2461//2461 2460//2460 2462//2462
f 2461//2461 2462//2462 2463//2463
f 2461//2461 2463//2463 2464//2464
f 2464//2464 2463//2463 2465//2465
f 2464//2464 2465//2465 2466//2466
f 2466//2466 2465//2465 2467//2467
f 2466//2466 2467//2467 2468//2468
f 2468//2468 2467//2467 2469//2469
f 2468//2468 2469//2469 2433//2433
f 2433//2433 2469//2469 2435//2435
f 2438//2438 2470//2470 2436//2436
f 2436//2436 2470//2470 2471//2471
f 2436//2436 2471//2471 2472//2472
f 2472//2472 2471//2471 2473//2473
f 2472//2472 2473//2473 2474//2474
f 2474//2474 2473//2473 2475//2475
f 2474//2474 2475//2475 2434//2434
f 2434//2434 2475//2475 2432//2432
f 2399//2399 2476//2476 2397//2397
f 2397//2397 2476//2476 2477//2477
f 2397//2397 2477//2477 2393//2393
f 2393//2393 2477//2477 2391//2391
f 2476//2476 2478//2478 2477//2477
f 2477//2477 2478//2478 2479//2479
f 2477//2477 2479//2479 2391//2391
f 2391//2391 2479//2479 2480//2480
f 2391//2391 2480//2480 2389//2389
f 2389//2389 2480//2480 2387//2387
f 2478//2478 2481//2481 2479//2479
f 2479//2479 2481//2481 2480//2480
f 2481//2481 2482//2482 2480//2480
f 2480//2480 2482//2482 2387//2387
f 2482//2482 2483//2483 2387//2387
f 2387//2387 2483//2483 2385//2385
f 2483//2483 2484//2484 2385//2385
f 2385//2385 2484//2484 2485//2485
f 2385//2385 2485//2485 2383//2383
f 2383//2383 2485//2485 2486//2486
f 2383//2383 2486//2486 2381//2381
f 2381//2381 2486//2486 2487//2487
f 2381//2381 2487//2487 2379//2379
f 2379//2379 2487//2487 2488//2488
f 2379//2379 2488//2488 2489//2489
f 2379//2379 2489//2489 2377//2377
f 2377//2377 2489//2489 2375//2375
f 2417//2417 2455//2455 2457//2457
f 2457//2457 2419//2419 2417//2417
f 2405//2405 2447//2447 2449//2449
f 2397//2397 2393//2393 2395//2395
f 2401//2401 2398//2398 2396//2396
f 2410//2410 2407//2407 2450//2450
f 2423//2423 2421//2421 2459//2459
f 2459//2459 2421//2421 2458//2458
f 2423//2423 2459//2459 2461//2461
f 2425//2425 2423//2423 2464//2464
f 2464//2464 2423//2423 2461//2461
f 2427//2427 2425//2425 2466//2466
f 2466//2466 2425//2425 2464//2464
f 2429//2429 2427//2427 2468//2468
f 2468//2468 2427//2427 2466//2466
f 2433//2433 2431//2431 2429//2429
f 2429//2429 2468//2468 2433//2433
f 2472//2472 2474//2474 2434//2434
f 2436//2436 2472//2472 2434//2434
f 2490//2490 2491//2491 2492//2492
f 2492//2492 2491//2491 2493//2493
f 2492//2492 2493//2493 2494//2494
f 2494//2494 2493//2493 2495//2495
f 2494//2494 2495//2495 2496//2496
f 2491//2491 2497//2497 2493//2493
f 2493//2493 2497//2497 2498//2498
f 2493//2493 2498//2498 2499//2499
f 2499//2499 2500//2500 2493//2493
f 2493//2493 2500//2500 2495//2495
f 2496//2496 2501//2501 2494//2494
f 2494//2494 2501//2501 2492//2492
f 2501//2501 2502//2502 2492//2492
f 2503//2503 2504//2504 2505//2505
f 2505//2505 2504//2504 2506//2506
f 2505//2505 2506//2506 2507//2507
f 2507//2507 2506//2506 2508//2508
f 2508//2508 2506//2506 2509//2509
f 2509//2509 2506//2506 2510//2510
f 2510//2510 2506//2506 2511//2511
f 2511//2511 2506//2506 2512//2512
f 2511//2511 2512//2512 2513//2513
f 2513//2513 2512//2512 2514//2514
f 2513//2513 2514//2514 2515//2515
f 2506//2506 2504//2504 2512//2512
f 2512//2512 2504//2504 2516//2516
f 2512//2512 2516//2516 2514//2514
f 2514//2514 2516//2516 2517//2517
f 2514//2514 2517//2517 2518//2518
f 2519//2519 2520//2520 2521//2521
f 2521//2521 2520//2520 2522//2522
f 2521//2521 2522//2522 2523//2523
f 2523//2523 2522//2522 2524//2524
f 2523//2523 2524//2524 2525//2525
f 2525//2525 2524//2524 2526//2526
f 2525//2525 2526//2526 2527//2527
f 2527//2527 2526//2526 2528//2528
f 2527//2527 2528//2528 2529//2529
f 2529//2529 2528//2528 2530//2530
f 2529//2529 2530//2530 2531//2531
f 2531//2531 2530//2530 2532//2532
f 2531//2531 2532//2532 2533//2533
f 2533//2533 2532//2532 2534//2534
f 2533//2533 2534//2534 2535//2535
f 2535//2535 2534//2534 2536//2536
f 2535//2535 2536//2536 2537//2537
f 2537//2537 2536//2536 2538//2538
f 2537//2537 2538//2538 2539//2539
f 2539//2539 2538//2538 2540//2540
f 2539//2539 2540//2540 2541//2541
f 2541//2541 2540//2540 2542//2542
f 2541//2541 2542//2542 2543//2543
f 2543//2543 2542//2542 2544//2544
f 2543//2543 2544//2544 2545//2545
f 2545//2545 2544//2544 2546//2546
f 2545//2545 2546//2546 2547//2547
f 2547//2547 2546//2546 2548//2548
f 2547//2547 2548//2548 2549//2549
f 2549//2549 2548//2548 2550//2550
f 2549//2549 2550//2550 2551//2551
f 2551//2551 2550//2550 2552//2552
f 2551//2551 2552//2552 2553//2553
f 2553//2553 2552//2552 2554//2554
f 2553//2553 2554//2554 2555//2555
f 2555//2555 2554//2554 2556//2556
f 2555//2555 2556//2556 2557//2557
f 2557//2557 2556//2556 2558//2558
f 2557//2557 2558//2558 2559//2559
f 2559//2559 2558//2558 2560//2560
f 2559//2559 2560//2560 2561//2561
f 2561//2561 2560//2560 2562//2562
f 2561//2561 2562//2562 2563//2563
f 2563//2563 2562//2562 2564//2564
f 2563//2563 2564//2564 2565//2565
f 2565//2565 2564//2564 2566//2566
f 2565//2565 2566//2566 2567//2567
f 2567//2567 2566//2566 2568//2568
f 2567//2567 2568//2568 2569//2569
f 2569//2569 2568//2568 2570//2570
f 2569//2569 2570//2570 2571//2571
f 2571//2571 2570//2570 2572//2572
f 2571//2571 2572//2572 2573//2573
f 2573//2573 2572//2572 2574//2574
f 2573//2573 2574//2574 2575//2575
f 2575//2575 2574//2574 2576//2576
f 2575//2575 2576//2576 2577//2577
f 2577//2577 2576//2576 2578//2578
f 2577//2577 2578//2578 2579//2579
f 2580//2580 2581//2581 2519//2519
f 2519//2519 2581//2581 2582//2582
f 2519//2519 2582//2582 2520//2520
f 2520//2520 2582//2582 2583//2583
f 2520//2520 2583//2583 2584//2584
f 2584//2584 2583//2583 2585//2585
f 2584//2584 2585//2585 2586//2586
f 2586//2586 2585//2585 2587//2587
f 2586//2586 2587//2587 2588//2588
f 2588//2588 2587//2587 2589//2589
f 2588//2588 2589//2589 2590//2590
f 2590//2590 2589//2589 2591//2591
f 2590//2590 2591//2591 2592//2592
f 2592//2592 2591//2591 2593//2593
f 2592//2592 2593//2593 2594//2594
f 2594//2594 2593//2593 2595//2595
f 2594//2594 2595//2595 2596//2596
f 2596//2596 2595//2595 2597//2597
f 2596//2596 2597//2597 2598//2598
f 2598//2598 2597//2597 2599//2599
f 2598//2598 2599//2599 2600//2600
f 2600//2600 2599//2599 2601//2601
f 2600//2600 2601//2601 2602//2602
f 2602//2602 2601//2601 2603//2603
f 2602//2602 2603//2603 2604//2604
f 2604//2604 2603//2603 2605//2605
f 2604//2604 2605//2605 2606//2606
f 2606//2606 2605//2605 2607//2607
f 2606//2606 2607//2607 2608//2608
f 2608//2608 2607//2607 2609//2609
f 2608//2608 2609//2609 2610//2610
f 2610//2610 2609//2609 2611//2611
f 2610//2610 2611//2611 2612//2612
f 2612//2612 2611//2611 2613//2613
f 2612//2612 2613//2613 2614//2614
f 2614//2614 2613//2613 2615//2615
f 2614//2614 2615//2615 2616//2616
f 2616//2616 2615//2615 2617//2617
f 2616//2616 2617//2617 2618//2618
f 2618//2618 2617//2617 2619//2619
f 2618//2618 2619//2619 2620//2620
f 2620//2620 2619//2619 2621//2621
f 2620//2620 2621//2621 2622//2622
f 2622//2622 2621//2621 2623//2623
f 2622//2622 2623//2623 2624//2624
f 2624//2624 2623//2623 2625//2625
f 2624//2624 2625//2625 2626//2626
f 2626//2626 2625//2625 2627//2627
f 2626//2626 2627//2627 2628//2628
f 2628//2628 2627//2627 2629//2629
f 2628//2628 2629//2629 2630//2630
f 2630//2630 2629//2629 2631//2631
f 2630//2630 2631//2631 2632//2632
f 2632//2632 2631//2631 2633//2633
f 2632//2632 2633//2633 2634//2634
f 2634//2634 2633//2633 2635//2635
f 2634//2634 2635//2635 2636//2636
f 2636//2636 2635//2635 2637//2637
f 2636//2636 2637//2637 2578//2578
f 2638//2638 2639//2639 2580//2580
f 2580//2580 2639//2639 2640//2640
f 2580//2580 2640//2640 2581//2581
f 2581//2581 2640//2640 2641//2641
f 2581//2581 2641//2641 2642//2642
f 2642//2642 2643//2643 2581//2581
f 2581//2581 2643//2643 2644//2644
f 2581//2581 2644//2644 2582//2582
f 2582//2582 2644//2644 2583//2583
f 2643//2643 2645//2645 2644//2644
f 2644//2644 2645//2645 2646//2646
f 2644//2644 2646//2646 2647//2647
f 2647//2647 2646//2646 2648//2648
f 2647//2647 2648//2648 2649//2649
f 2649//2649 2648//2648 2650//2650
f 2649//2649 2650//2650 2651//2651
f 2651//2651 2650//2650 2652//2652
f 2651//2651 2652//2652 2653//2653
f 2653//2653 2652//2652 2654//2654
f 2653//2653 2654//2654 2655//2655
f 2655//2655 2654//2654 2656//2656
f 2655//2655 2656//2656 2657//2657
f 2657//2657 2658//2658 2655//2655
f 2655//2655 2658//2658 2659//2659
f 2655//2655 2659//2659 2593//2593
f 2593//2593 2659//2659 2595//2595
f 2658//2658 2660//2660 2659//2659
f 2659//2659 2660//2660 2661//2661
f 2659//2659 2661//2661 2595//2595
f 2595//2595 2661//2661 2597//2597
f 2660//2660 2662//2662 2661//2661
f 2661//2661 2662//2662 2663//2663
f 2661//2661 2663//2663 2597//2597
f 2597//2597 2663//2663 2599//2599
f 2662//2662 2664//2664 2663//2663
f 2663//2663 2664//2664 2665//2665
f 2663//2663 2665//2665 2599//2599
f 2599//2599 2665//2665 2601//2601
f 2664//2664 2666//2666 2665//2665
f 2665//2665 2666//2666 2667//2667
f 2665//2665 2667//2667 2601//2601
f 2601//2601 2667//2667 2603//2603
f 2666//2666 2668//2668 2667//2667
f 2667//2667 2668//2668 2669//2669
f 2667//2667 2669//2669 2603//2603
f 2603//2603 2669//2669 2605//2605
f 2668//2668 2670//2670 2669//2669
f 2669//2669 2670//2670 2671//2671
f 2669//2669 2671//2671 2605//2605
f 2605//2605 2671//2671 2607//2607
f 2670//2670 2672//2672 2671//2671
f 2671//2671 2672//2672 2673//2673
f 2671//2671 2673//2673 2607//2607
f 2607//2607 2673//2673 2609//2609
f 2672//2672 2674//2674 2673//2673
f 2673//2673 2674//2674 2675//2675
f 2673//2673 2675//2675 2676//2676
f 2676//2676 2675//2675 2677//2677
f 2676//2676 2677//2677 2611//2611
f 2611//2611 2677//2677 2613//2613
f 2613//2613 2677//2677 2678//2678
f 2678//2678 2677//2677 2679//2679
f 2678//2678 2679//2679 2613//2613
f 2613//2613 2679//2679 2615//2615
f 2615//2615 2679//2679 2680//2680
f 2680//2680 2679//2679 2681//2681
f 2680//2680 2681//2681 2682//2682
f 2682//2682 2681//2681 2683//2683
f 2682//2682 2683//2683 2684//2684
f 2685//2685 2686//2686 2684//2684
f 2684//2684 2686//2686 2619//2619
f 2684//2684 2619//2619 2617//2617
f 2685//2685 2687//2687 2686//2686
f 2686//2686 2687//2687 2619//2619
f 2619//2619 2687//2687 2621//2621
f 2621//2621 2687//2687 2688//2688
f 2621//2621 2688//2688 2689//2689
f 2621//2621 2689//2689 2623//2623
f 2623//2623 2689//2689 2690//2690
f 2623//2623 2690//2690 2625//2625
f 2625//2625 2690//2690 2691//2691
f 2625//2625 2691//2691 2627//2627
f 2627//2627 2691//2691 2692//2692
f 2627//2627 2692//2692 2629//2629
f 2629//2629 2692//2692 2693//2693
f 2629//2629 2693//2693 2631//2631
f 2631//2631 2693//2693 2694//2694
f 2631//2631 2694//2694 2633//2633
f 2633//2633 2694//2694 2695//2695
f 2633//2633 2695//2695 2696//2696
f 2633//2633 2696//2696 2635//2635
f 2635//2635 2696//2696 2637//2637
f 2577//2577 2579//2579 2697//2697
f 2697//2697 2579//2579 2698//2698
f 2697//2697 2698//2698 2699//2699
f 2700//2700 2701//2701 2699//2699
f 2699//2699 2701//2701 2702//2702
f 2699//2699 2702//2702 2697//2697
f 2697//2697 2702//2702 2577//2577
f 2700//2700 2703//2703 2701//2701
f 2701//2701 2703//2703 2704//2704
f 2701//2701 2704//2704 2573//2573
f 2573//2573 2704//2704 2571//2571
f 2704//2704 2703//2703 2705//2705
f 2705//2705 2703//2703 2706//2706
f 2705//2705 2706//2706 2707//2707
f 2707//2707 2706//2706 2708//2708
f 2707//2707 2708//2708 2709//2709
f 2709//2709 2708//2708 2710//2710
f 2709//2709 2710//2710 2711//2711
f 2709//2709 2711//2711 2712//2712
f 2712//2712 2711//2711 2713//2713
f 2712//2712 2713//2713 2714//2714
f 2714//2714 2713//2713 2715//2715
f 2714//2714 2715//2715 2561//2561
f 2561//2561 2715//2715 2559//2559
f 2713//2713 2716//2716 2715//2715
f 2715//2715 2716//2716 2717//2717
f 2715//2715 2717//2717 2559//2559
f 2559//2559 2717//2717 2557//2557
f 2718//2718 2719//2719 2716//2716
f 2716//2716 2719//2719 2720//2720
f 2716//2716 2720//2720 2717//2717
f 2717//2717 2720//2720 2557//2557
f 2719//2719 2718//2718 2721//2721
f 2721//2721 2718//2718 2722//2722
f 2721//2721 2722//2722 2723//2723
f 2723//2723 2722//2722 2724//2724
f 2723//2723 2724//2724 2549//2549
f 2549//2549 2724//2724 2547//2547
f 2722//2722 2725//2725 2724//2724
f 2724//2724 2725//2725 2726//2726
f 2724//2724 2726//2726 2547//2547
f 2547//2547 2726//2726 2545//2545
f 2726//2726 2725//2725 2727//2727
f 2727//2727 2725//2725 2728//2728
f 2727//2727 2728//2728 2729//2729
f 2729//2729 2728//2728 2730//2730
f 2729//2729 2730//2730 2541//2541
f 2541//2541 2730//2730 2539//2539
f 2728//2728 2731//2731 2730//2730
f 2730//2730 2731//2731 2732//2732
f 2730//2730 2732//2732 2539//2539
f 2539//2539 2732//2732 2537//2537
f 2732//2732 2731//2731 2733//2733
f 2733//2733 2731//2731 2734//2734
f 2733//2733 2734//2734 2735//2735
f 2735//2735 2734//2734 2736//2736
f 2735//2735 2736//2736 2533//2533
f 2533//2533 2736//2736 2531//2531
f 2734//2734 2737//2737 2736//2736
f 2736//2736 2737//2737 2738//2738
f 2736//2736 2738//2738 2531//2531
f 2531//2531 2738//2738 2529//2529
f 2737//2737 2739//2739 2738//2738
f 2738//2738 2739//2739 2740//2740
f 2738//2738 2740//2740 2529//2529
f 2529//2529 2740//2740 2527//2527
f 2740//2740 2739//2739 2741//2741
f 2741//2741 2739//2739 2742//2742
f 2741//2741 2742//2742 2743//2743
f 2743//2743 2742//2742 2744//2744
f 2743//2743 2744//2744 2745//2745
f 2743//2743 2745//2745 2523//2523
f 2523//2523 2745//2745 2521//2521
f 2524//2524 2522//2522 2584//2584
f 2584//2584 2522//2522 2520//2520
f 2526//2526 2524//2524 2586//2586
f 2586//2586 2524//2524 2584//2584
f 2528//2528 2526//2526 2588//2588
f 2588//2588 2526//2526 2586//2586
f 2530//2530 2528//2528 2590//2590
f 2590//2590 2528//2528 2588//2588
f 2532//2532 2530//2530 2592//2592
f 2592//2592 2530//2530 2590//2590
f 2534//2534 2532//2532 2594//2594
f 2594//2594 2532//2532 2592//2592
f 2536//2536 2534//2534 2596//2596
f 2596//2596 2534//2534 2594//2594
f 2538//2538 2536//2536 2598//2598
f 2598//2598 2536//2536 2596//2596
f 2540//2540 2538//2538 2600//2600
f 2600//2600 2538//2538 2598//2598
f 2542//2542 2540//2540 2602//2602
f 2602//2602 2540//2540 2600//2600
f 2544//2544 2542//2542 2604//2604
f 2604//2604 2542//2542 2602//2602
f 2546//2546 2544//2544 2606//2606
f 2606//2606 2544//2544 2604//2604
f 2548//2548 2546//2546 2608//2608
f 2608//2608 2546//2546 2606//2606
f 2550//2550 2548//2548 2610//2610
f 2610//2610 2548//2548 2608//2608
f 2552//2552 2550//2550 2612//2612
f 2612//2612 2550//2550 2610//2610
f 2554//2554 2552//2552 2614//2614
f 2614//2614 2552//2552 2612//2612
f 2556//2556 2554//2554 2616//2616
f 2616//2616 2554//2554 2614//2614
f 2558//2558 2556//2556 2618//2618
f 2618//2618 2556//2556 2616//2616
f 2560//2560 2558//2558 2620//2620
f 2620//2620 2558//2558 2618//2618
f 2562//2562 2560//2560 2622//2622
f 2622//2622 2560//2560 2620//2620
f 2564//2564 2562//2562 2624//2624
f 2624//2624 2562//2562 2622//2622
f 2566//2566 2564//2564 2626//2626
f 2626//2626 2564//2564 2624//2624
f 2568//2568 2566//2566 2628//2628
f 2628//2628 2566//2566 2626//2626
f 2570//2570 2568//2568 2630//2630
f 2630//2630 2568//2568 2628//2628
f 2572//2572 2570//2570 2632//2632
f 2632//2632 2570//2570 2630//2630
f 2574//2574 2572//2572 2634//2634
f 2634//2634 2572//2572 2632//2632
f 2576//2576 2574//2574 2636//2636
f 2636//2636 2574//2574 2634//2634
f 2578//2578 2576//2576 2636//2636
f 2585//2585 2583//2583 2647//2647
f 2647//2647 2583//2583 2644//2644
f 2587//2587 2585//2585 2649//2649
f 2649//2649 2585//2585 2647//2647
f 2589//2589 2587//2587 2651//2651
f 2651//2651 2587//2587 2649//2649
f 2591//2591 2589//2589 2653//2653
f 2653//2653 2589//2589 2651//2651
f 2593//2593 2591//2591 2655//2655
f 2655//2655 2591//2591 2653//2653
f 2611//2611 2609//2609 2676//2676
f 2676//2676 2609//2609 2673//2673
f 2617//2617 2615//2615 2682//2682
f 2682//2682 2615//2615 2680//2680
f 2682//2682 2684//2684 2617//2617
f 2741//2741 2743//2743 2525//2525
f 2525//2525 2743//2743 2523//2523
f 2740//2740 2741//2741 2527//2527
f 2527//2527 2741//2741 2525//2525
f 2733//2733 2735//2735 2535//2535
f 2535//2535 2735//2735 2533//2533
f 2732//2732 2733//2733 2537//2537
f 2537//2537 2733//2733 2535//2535
f 2727//2727 2729//2729 2543//2543
f 2543//2543 2729//2729 2541//2541
f 2726//2726 2727//2727 2545//2545
f 2545//2545 2727//2727 2543//2543
f 2721//2721 2723//2723 2551//2551
f 2551//2551 2723//2723 2549//2549
f 2719//2719 2721//2721 2553//2553
f 2553//2553 2721//2721 2551//2551
f 2720//2720 2719//2719 2555//2555
f 2555//2555 2719//2719 2553//2553
f 2555//2555 2557//2557 2720//2720
f 2712//2712 2714//2714 2563//2563
f 2563//2563 2714//2714 2561//2561
f 2709//2709 2712//2712 2565//2565
f 2565//2565 2712//2712 2563//2563
f 2707//2707 2709//2709 2567//2567
f 2567//2567 2709//2709 2565//2565
f 2705//2705 2707//2707 2569//2569
f 2569//2569 2707//2707 2567//2567
f 2704//2704 2705//2705 2571//2571
f 2571//2571 2705//2705 2569//2569
f 2702//2702 2701//2701 2575//2575
f 2575//2575 2701//2701 2573//2573
f 2575//2575 2577//2577 2702//2702
f 2746//2746 2747//2747 2748//2748
f 2748//2748 2747//2747 2749//2749
f 2748//2748 2749//2749 2750//2750
f 2750//2750 2749//2749 2751//2751
f 2750//2750 2751//2751 2753//2753
f 2754//2754 2752//2752 2756//2756
f 2755//2755 2757//2757 2758//2758
f 2747//2747 2746//2746 2759//2759
f 2759//2759 2746//2746 2760//2760
f 2759//2759 2760//2760 2761//2761
f 2761//2761 2760//2760 2763//2763
f 2762//2762 2764//2764 2765//2765
f 2766//2766 2767//2767 2768//2768
f 2769//2769 2770//2770 2771//2771
f 2769//2769 2771//2771 2772//2772
f 2772//2772 2771//2771 2773//2773
f 2772//2772 2773//2773 2774//2774
f 2774//2774 2773//2773 2775//2775
f 2774//2774 2775//2775 2776//2776
f 2776//2776 2775//2775 2777//2777
f 2776//2776 2777//2777 2778//2778
f 2778//2778 2777//2777 2779//2779
f 2778//2778 2779//2779 2780//2780
f 2780//2780 2779//2779 2781//2781
f 2780//2780 2781//2781 2782//2782
f 2782//2782 2781//2781 2783//2783
f 2782//2782 2783//2783 2784//2784
f 2784//2784 2783//2783 2785//2785
f 2785//2785 2783//2783 2786//2786
f 2785//2785 2786//2786 2787//2787
f 2787//2787 2786//2786 2788//2788
f 2787//2787 2788//2788 2789//2789
f 2789//2789 2788//2788 2790//2790
f 2789//2789 2790//2790 2791//2791
f 2791//2791 2790//2790 2792//2792
f 2791//2791 2792//2792 2793//2793
f 2793//2793 2792//2792 2794//2794
f 2793//2793 2794//2794 2795//2795
f 2795//2795 2794//2794 2766//2766
f 2795//2795 2766//2766 2768//2768
f 2796//2796 2797//2797 2798//2798
f 2798//2798 2797//2797 2799//2799
f 2798//2798 2799//2799 2800//2800
f 2800//2800 2799//2799 2801//2801
f 2800//2800 2801//2801 2803//2803
f 2805//2805 2802//2802 2806//2806
f 2804//2804 2807//2807 2808//2808
f 2797//2797 2796//2796 2810//2810
f 2810//2810 2796//2796 2811//2811
f 2809//2809 2812//2812 2814//2814
f 2814//2814 2812//2812 2816//2816
f 2813//2813 2815//2815 2817//2817
f 2818//2818 2819//2819 2820//2820
f 2821//2821 2822//2822 2823//2823
f 2821//2821 2823//2823 2824//2824
f 2824//2824 2823//2823 2825//2825
f 2824//2824 2825//2825 2826//2826
f 2826//2826 2825//2825 2827//2827
f 2826//2826 2827//2827 2828//2828
f 2828//2828 2827//2827 2829//2829
f 2828//2828 2829//2829 2830//2830
f 2830//2830 2829//2829 2831//2831
f 2830//2830 2831//2831 2832//2832
f 2832//2832 2831//2831 2833//2833
f 2832//2832 2833//2833 2834//2834
f 2834//2834 2833//2833 2835//2835
f 2834//2834 2835//2835 2836//2836
f 2836//2836 2835//2835 2837//2837
f 2837//2837 2835//2835 2838//2838
f 2837//2837 2838//2838 2839//2839
f 2839//2839 2838//2838 2840//2840
f 2839//2839 2840//2840 2841//2841
f 2841//2841 2840//2840 2842//2842
f 2841//2841 2842//2842 2843//2843
f 2843//2843 2842//2842 2844//2844
f 2843//2843 2844//2844 2845//2845
f 2845//2845 2844//2844 2846//2846
f 2845//2845 2846//2846 2847//2847
f 2847//2847 2846//2846 2818//2818
f 2847//2847 2818//2818 2820//2820
f 2848//2848 2849//2849 2850//2850
f 2850//2850 2849//2849 2851//2851
f 2850//2850 2851//2851 2852//2852
f 2850//2850 2852//2852 2853//2853
f 2853//2853 2852//2852 2854//2854
f 2853//2853 2854//2854 2855//2855
f 2855//2855 2854//2854 2856//2856
f 2855//2855 2856//2856 2857//2857
f 2855//2855 2857//2857 2858//2858
f 2858//2858 2857//2857 2859//2859
f 2858//2858 2859//2859 2860//2860
f 2860//2860 2861//2861 2858//2858
f 2858//2858 2861//2861 2862//2862
f 2858//2858 2862//2862 2863//2863
f 2863//2863 2864//2864 2858//2858
f 2858//2858 2864//2864 2855//2855
f 2864//2864 2865//2865 2855//2855
f 2855//2855 2865//2865 2853//2853
f 2865//2865 2866//2866 2853//2853
f 2853//2853 2866//2866 2850//2850
f 2866//2866 2848//2848 2850//2850
f 2867//2867 2868//2868 2869//2869
f 2869//2869 2868//2868 2870//2870
f 2871//2871 2872//2872 2873//2873
f 2873//2873 2872//2872 2874//2874
f 2873//2873 2874//2874 2875//2875
f 2875//2875 2874//2874 2876//2876
f 2875//2875 2876//2876 2877//2877
f 2877//2877 2876//2876 2878//2878
f 2877//2877 2878//2878 2879//2879
f 2879//2879 2878//2878 2880//2880
f 2879//2879 2880//2880 2881//2881
f 2881//2881 2880//2880 2882//2882
f 2881//2881 2882//2882 2883//2883
f 2872//2872 2884//2884 2874//2874
f 2874//2874 2884//2884 2885//2885
f 2874//2874 2885//2885 2876//2876
f 2876//2876 2885//2885 2886//2886
f 2876//2876 2886//2886 2878//2878
f 2878//2878 2886//2886 2880//2880
f 2883//2883 2887//2887 2881//2881
f 2888//2888 2890//2890 2893//2893
f 2891//2891 2889//2889 2894//2894
f 2892//2892 2895//2895 2896//2896
f 2897//2897 2898//2898 2888//2888
f 2888//2888 2898//2898 2890//2890
f 2899//2899 2900//2900 2901//2901
f 2901//2901 2900//2900 2902//2902
f 2901//2901 2902//2902 2903//2903
f 2903//2903 2902//2902 2904//2904
f 2903//2903 2904//2904 2905//2905
f 2905//2905 2904//2904 2906//2906
f 2905//2905 2906//2906 2907//2907
f 2900//2900 2899//2899 2908//2908
f 2908//2908 2899//2899 2909//2909
f 2908//2908 2909//2909 2910//2910
f 2910//2910 2909//2909 2911//2911
f 2910//2910 2911//2911 2912//2912
f 2913//2913 2914//2914 2915//2915
f 2916//2916 2917//2917 2918//2918
f 2916//2916 2918//2918 2919//2919
f 2919//2919 2918//2918 2920//2920
f 2919//2919 2920//2920 2921//2921
f 2921//2921 2920//2920 2922//2922
f 2921//2921 2922//2922 2923//2923
f 2923//2923 2922//2922 2924//2924
f 2923//2923 2924//2924 2925//2925
f 2925//2925 2924//2924 2926//2926
f 2925//2925 2926//2926 2927//2927
f 2927//2927 2926//2926 2928//2928
f 2927//2927 2928//2928 2929//2929
f 2929//2929 2928//2928 2930//2930
f 2929//2929 2930//2930 2931//2931
f 2931//2931 2930//2930 2932//2932
f 2932//2932 2930//2930 2933//2933
f 2932//2932 2933//2933 2934//2934
f 2934//2934 2933//2933 2935//2935
f 2934//2934 2935//2935 2936//2936
f 2936//2936 2935//2935 2937//2937
f 2936//2936 2937//2937 2938//2938
f 2938//2938 2937//2937 2939//2939
f 2938//2938 2939//2939 2940//2940
f 2940//2940 2939//2939 2941//2941
f 2940//2940 2941//2941 2942//2942
f 2942//2942 2941//2941 2913//2913
f 2942//2942 2913//2913 2915//2915
f 2943//2943 2944//2944 2945//2945
f 2945//2945 2944//2944 2946//2946
f 2946//2946 2944//2944 2947//2947
f 2946//2946 2947//2947 2948//2948
f 2948//2948 2947//2947 2949//2949
f 2948//2948 2949//2949 2950//2950
f 2950//2950 2949//2949 2951//2951
f 2950//2950 2951//2951 2952//2952
f 2947//2947 2951//2951 2949//2949
f 2952//2952 2953//2953 2950//2950
f 2950//2950 2953//2953 2954//2954
f 2950//2950 2954//2954 2955//2955
f 2955//2955 2954//2954 2956//2956
f 2956//2956 2954//2954 2957//2957
f 2957//2957 2954//2954 2958//2958
f 2957//2957 2958//2958 2959//2959
f 2953//2953 2958//2958 2954//2954
f 2955//2955 2948//2948 2950//2950
f 2960//2960 2962//2962 2964//2964
f 2965//2965 2961//2961 2966//2966
f 2963//2963 2967//2967 2968//2968
f 2968//2968 2967//2967 2971//2971
f 2969//2969 2970//2970 2972//2972
f 2973//2973 2974//2974 2975//2975
f 2975//2975 2974//2974 2976//2976
f 2975//2975 2976//2976 2977//2977
f 2977//2977 2978//2978 2975//2975
f 2975//2975 2978//2978 2979//2979
f 2975//2975 2979//2979 2980//2980
f 2980//2980 2979//2979 2981//2981
f 2981//2981 2979//2979 2982//2982
f 2981//2981 2982//2982 2983//2983
f 2983//2983 2982//2982 2984//2984
f 2983//2983 2984//2984 2985//2985
f 2985//2985 2984//2984 2986//2986
f 2986//2986 2984//2984 2987//2987
f 2987//2987 2984//2984 2988//2988
f 2988//2988 2984//2984 2989//2989
f 2989//2989 2984//2984 2982//2982
f 2989//2989 2982//2982 2990//2990
f 2990//2990 2982//2982 2979//2979
f 2990//2990 2979//2979 2991//2991
f 2991//2991 2979//2979 2978//2978
f 2980//2980 2973//2973 2975//2975
f 2992//2992 2994//2994 2996//2996
f 2995//2995 2993//2993 2997//2997
f 2998//2998 2999//2999 3000//3000
f 3000//3000 2999//2999 3001//3001
f 3000//3000 3001//3001 3002//3002
f 3002//3002 3001//3001 3003//3003
f 3002//3002 3003//3003 3004//3004
f 3004//3004 3003//3003 3005//3005
f 3001//3001 3006//3006 3003//3003
f 3004//3004 3007//3007 3002//3002
f 3002//3002 3007//3007 3008//3008
f 3002//3002 3008//3008 3000//3000
f 3000//3000 3008//3008 3009//3009
f 3000//3000 3009//3009 3010//3010
f 3010//3010 3009//3009 3011//3011
f 3010//3010 3011//3011 3012//3012
f 3012//3012 3011//3011 3013//3013
f 3012//3012 3013//3013 3014//3014
f 3007//3007 3015//3015 3008//3008
f 3008//3008 3015//3015 3009//3009
f 3015//3015 3016//3016 3009//3009
f 3009//3009 3016//3016 3011//3011
f 3016//3016 3013//3013 3011//3011
f 3014//3014 3017//3017 3012//3012
f 3012//3012 3017//3017 3018//3018
f 3012//3012 3018//3018 3010//3010
f 3010//3010 3018//3018 3019//3019
f 3010//3010 3019//3019 3020//3020
f 3010//3010 3020//3020 3000//3000
f 3000//3000 3020//3020 3021//3021
f 3000//3000 3021//3021 2998//2998
f 3022//3022 3023//3023 3024//3024
f 3024//3024 3023//3023 3025//3025
f 3024//3024 3025//3025 3026//3026
f 3026//3026 3025//3025 3027//3027
f 3026//3026 3027//3027 3028//3028
f 3026//3026 3028//3028 3029//3029
f 3029//3029 3028//3028 3030//3030
f 3029//3029 3030//3030 3031//3031
f 3031//3031 3030//3030 3032//3032
f 3031//3031 3032//3032 3033//3033
f 3033//3033 3032//3032 3034//3034
f 3033//3033 3034//3034 3035//3035
f 3033//3033 3035//3035 3036//3036
f 3036//3036 3035//3035 3037//3037
f 3036//3036 3037//3037 3038//3038
f 3036//3036 3038//3038 3039//3039
f 3039//3039 3038//3038 3040//3040
f 3039//3039 3040//3040 3041//3041
f 3041//3041 3040//3040 3042//3042
f 3041//3041 3042//3042 3043//3043
f 3041//3041 3043//3043 3024//3024
f 3024//3024 3043//3043 3022//3022
f 3024//3024 3026//3026 3029//3029
f 3041//3041 3024//3024 3029//3029
f 3039//3039 3041//3041 3031//3031
f 3031//3031 3041//3041 3029//3029
f 3033//3033 3036//3036 3039//3039
f 3039//3039 3031//3031 3033//3033
f 3044//3044 3045//3045 3046//3046
f 3046//3046 3045//3045 3048//3048
f 3046//3046 3048//3048 3049//3049
f 3050//3050 3052//3052 3047//3047
f 3046//3046 3051//3051 3053//3053
f 3053//3053 3051//3051 3054//3054
f 3053//3053 3054//3054 3055//3055
f 3055//3055 3056//3056 3053//3053
f 3057//3057 3058//3058 3059//3059
f 3059//3059 3058//3058 3060//3060
f 3059//3059 3060//3060 3061//3061
f 3061//3061 3060//3060 3062//3062
f 3061//3061 3062//3062 3063//3063
f 3063//3063 3062//3062 3064//3064
f 3063//3063 3064//3064 3065//3065
f 3065//3065 3064//3064 3066//3066
f 3065//3065 3066//3066 3067//3067
f 3067//3067 3066//3066 3068//3068
f 3067//3067 3068//3068 3069//3069
f 3069//3069 3068//3068 3070//3070
f 3069//3069 3070//3070 3071//3071
f 3071//3071 3070//3070 3072//3072
f 3071//3071 3072//3072 3073//3073
f 3073//3073 3072//3072 3074//3074
f 3073//3073 3074//3074 3075//3075
f 3075//3075 3074//3074 3076//3076
f 3075//3075 3076//3076 3077//3077
f 3077//3077 3076//3076 3078//3078
f 3077//3077 3078//3078 3079//3079
f 3079//3079 3078//3078 3080//3080
f 3080//3080 3078//3078 3081//3081
f 3080//3080 3081//3081 3082//3082
f 3082//3082 3081//3081 3083//3083
f 3083//3083 3081//3081 3084//3084
f 3084//3084 3081//3081 3085//3085
f 3084//3084 3085//3085 3086//3086
f 3086//3086 3085//3085 3087//3087
f 3086//3086 3087//3087 3088//3088
f 3088//3088 3087//3087 3089//3089
f 3088//3088 3089//3089 3090//3090
f 3090//3090 3089//3089 3091//3091
f 3090//3090 3091//3091 3092//3092
f 3092//3092 3091//3091 3093//3093
f 3092//3092 3093//3093 3094//3094
f 3094//3094 3093//3093 3095//3095
f 3094//3094 3095//3095 3096//3096
f 3096//3096 3095//3095 3097//3097
f 3096//3096 3097//3097 3098//3098
f 3098//3098 3097//3097 3099//3099
f 3098//3098 3099//3099 3100//3100
f 3100//3100 3099//3099 3101//3101
f 3100//3100 3101//3101 3102//3102
f 3102//3102 3101//3101 3103//3103
f 3102//3102 3103//3103 3104//3104
f 3104//3104 3103//3103 3105//3105
f 3104//3104 3105//3105 3106//3106
f 3106//3106 3105//3105 3107//3107
f 3106//3106 3107//3107 3108//3108
f 3108//3108 3107//3107 3109//3109
f 3108//3108 3109//3109 3110//3110
f 3110//3110 3109//3109 3111//3111
f 3110//3110 3111//3111 3112//3112
f 3112//3112 3111//3111 3113//3113
f 3112//3112 3113//3113 3114//3114
f 3114//3114 3113//3113 3115//3115
f 3114//3114 3115//3115 3116//3116
f 3116//3116 3115//3115 3117//3117
f 3116//3116 3117//3117 3118//3118
f 3118//3118 3117//3117 3119//3119
f 3118//3118 3119//3119 3120//3120
f 3120//3120 3119//3119 3121//3121
f 3120//3120 3121//3121 3122//3122
f 3122//3122 3121//3121 3123//3123
f 3122//3122 3123//3123 3124//3124
f 3124//3124 3123//3123 3125//3125
f 3124//3124 3125//3125 3126//3126
f 3126//3126 3125//3125 3127//3127
f 3126//3126 3127//3127 3128//3128
f 3128//3128 3127//3127 3129//3129
f 3128//3128 3129//3129 3130//3130
f 3130//3130 3129//3129 3131//3131
f 3130//3130 3131//3131 3132//3132
f 3058//3058 3057//3057 3133//3133
f 3133//3133 3057//3057 3134//3134
f 3133//3133 3134//3134 3135//3135
f 3135//3135 3134//3134 3136//3136
f 3135//3135 3136//3136 3137//3137
f 3137//3137 3136//3136 3138//3138
f 3137//3137 3138//3138 3139//3139
f 3139//3139 3138//3138 3140//3140
f 3137//3137 3139//3139 3141//3141
f 3141//3141 3139//3139 3142//3142
f 3141//3141 3142//3142 3143//3143
f 3143//3143 3142//3142 3144//3144
f 3143//3143 3144//3144 3145//3145
f 3068//3068 3066//3066 3145//3145
f 3145//3145 3066//3066 3146//3146
f 3145//3145 3146//3146 3147//3147
f 3147//3147 3146//3146 3148//3148
f 3147//3147 3148//3148 3149//3149
f 3149//3149 3148//3148 3150//3150
f 3149//3149 3150//3150 3133//3133
f 3133//3133 3150//3150 3058//3058
f 3151//3151 3152//3152 3070//3070
f 3070//3070 3152//3152 3153//3153
f 3070//3070 3153//3153 3154//3154
f 3154//3154 3153//3153 3155//3155
f 3154//3154 3155//3155 3074//3074
f 3074//3074 3155//3155 3076//3076
f 3156//3156 3157//3157 3151//3151
f 3151//3151 3157//3157 3158//3158
f 3151//3151 3158//3158 3159//3159
f 3159//3159 3158//3158 3160//3160
f 3159//3159 3160//3160 3161//3161
f 3161//3161 3160//3160 3085//3085
f 3161//3161 3085//3085 3081//3081
f 3157//3157 3156//3156 3095//3095
f 3095//3095 3156//3156 3097//3097
f 3097//3097 3162//3162 3099//3099
f 3099//3099 3162//3162 3163//3163
f 3099//3099 3163//3163 3101//3101
f 3101//3101 3163//3163 3164//3164
f 3101//3101 3164//3164 3103//3103
f 3103//3103 3164//3164 3165//3165
f 3103//3103 3165//3165 3105//3105
f 3105//3105 3165//3165 3107//3107
f 3162//3162 3166//3166 3163//3163
f 3163//3163 3166//3166 3167//3167
f 3163//3163 3167//3167 3164//3164
f 3164//3164 3167//3167 3168//3168
f 3164//3164 3168//3168 3165//3165
f 3165//3165 3168//3168 3109//3109
f 3165//3165 3109//3109 3107//3107
f 3166//3166 3113//3113 3167//3167
f 3167//3167 3113//3113 3168//3168
f 3117//3117 3115//3115 3169//3169
f 3169//3169 3115//3115 3170//3170
f 3169//3169 3170//3170 3171//3171
f 3169//3169 3171//3171 3172//3172
f 3172//3172 3171//3171 3173//3173
f 3172//3172 3173//3173 3174//3174
f 3174//3174 3173//3173 3175//3175
f 3174//3174 3175//3175 3176//3176
f 3174//3174 3176//3176 3129//3129
f 3129//3129 3176//3176 3131//3131
f 3177//3177 3178//3178 3132//3132
f 3132//3132 3178//3178 3179//3179
f 3132//3132 3179//3179 3180//3180
f 3180//3180 3179//3179 3181//3181
f 3180//3180 3181//3181 3182//3182
f 3182//3182 3181//3181 3183//3183
f 3182//3182 3183//3183 3184//3184
f 3184//3184 3183//3183 3124//3124
f 3184//3184 3124//3124 3185//3185
f 3185//3185 3124//3124 3186//3186
f 3185//3185 3186//3186 3187//3187
f 3187//3187 3186//3186 3128//3128
f 3187//3187 3128//3128 3130//3130
f 3178//3178 3177//3177 3188//3188
f 3188//3188 3177//3177 3189//3189
f 3188//3188 3189//3189 3190//3190
f 3190//3190 3189//3189 3191//3191
f 3190//3190 3191//3191 3192//3192
f 3192//3192 3191//3191 3193//3193
f 3192//3192 3193//3193 3194//3194
f 3194//3194 3193//3193 3195//3195
f 3194//3194 3195//3195 3196//3196
f 3196//3196 3195//3195 3197//3197
f 3196//3196 3197//3197 3198//3198
f 3198//3198 3197//3197 3199//3199
f 3198//3198 3199//3199 3200//3200
f 3200//3200 3199//3199 3201//3201
f 3200//3200 3201//3201 3202//3202
f 3202//3202 3201//3201 3203//3203
f 3202//3202 3203//3203 3204//3204
f 3204//3204 3203//3203 3205//3205
f 3204//3204 3205//3205 3206//3206
f 3206//3206 3205//3205 3207//3207
f 3206//3206 3207//3207 3208//3208
f 3189//3189 3209//3209 3191//3191
f 3191//3191 3209//3209 3210//3210
f 3191//3191 3210//3210 3193//3193
f 3193//3193 3210//3210 3211//3211
f 3193//3193 3211//3211 3195//3195
f 3195//3195 3211//3211 3212//3212
f 3195//3195 3212//3212 3197//3197
f 3197//3197 3212//3212 3199//3199
f 3209//3209 3213//3213 3210//3210
f 3210//3210 3213//3213 3214//3214
f 3210//3210 3214//3214 3211//3211
f 3211//3211 3214//3214 3215//3215
f 3211//3211 3215//3215 3212//3212
f 3212//3212 3215//3215 3201//3201
f 3212//3212 3201//3201 3199//3199
f 3214//3214 3213//3213 3216//3216
f 3216//3216 3213//3213 3207//3207
f 3216//3216 3207//3207 3205//3205
f 3208//3208 3217//3217 3206//3206
f 3206//3206 3217//3217 3218//3218
f 3206//3206 3218//3218 3219//3219
f 3219//3219 3218//3218 3220//3220
f 3219//3219 3220//3220 3221//3221
f 3221//3221 3220//3220 3222//3222
f 3221//3221 3222//3222 3223//3223
f 3217//3217 3224//3224 3218//3218
f 3218//3218 3224//3224 3225//3225
f 3218//3218 3225//3225 3220//3220
f 3220//3220 3225//3225 3226//3226
f 3220//3220 3226//3226 3222//3222
f 3222//3222 3226//3226 3227//3227
f 3222//3222 3227//3227 3228//3228
f 3228//3228 3227//3227 3229//3229
f 3228//3228 3229//3229 3230//3230
f 3230//3230 3229//3229 3231//3231
f 3230//3230 3231//3231 3228//3228
f 3228//3228 3231//3231 3232//3232
f 3232//3232 3231//3231 3233//3233
f 3232//3232 3233//3233 3234//3234
f 3234//3234 3233//3233 3235//3235
f 3234//3234 3235//3235 3236//3236
f 3236//3236 3235//3235 3237//3237
f 3236//3236 3237//3237 3238//3238
f 3238//3238 3237//3237 3239//3239
f 3238//3238 3239//3239 3240//3240
f 3240//3240 3239//3239 3241//3241
f 3240//3240 3241//3241 3242//3242
f 3242//3242 3241//3241 3243//3243
f 3242//3242 3243//3243 3244//3244
f 3244//3244 3243//3243 3245//3245
f 3244//3244 3245//3245 3246//3246
f 3246//3246 3245//3245 3247//3247
f 3246//3246 3247//3247 3248//3248
f 3248//3248 3247//3247 3249//3249
f 3248//3248 3249//3249 3250//3250
f 3250//3250 3249//3249 3251//3251
f 3250//3250 3251//3251 3252//3252
f 3252//3252 3251//3251 3253//3253
f 3253//3253 3251//3251 3254//3254
f 3254//3254 3251//3251 3255//3255
f 3254//3254 3255//3255 3256//3256
f 3256//3256 3255//3255 3257//3257
f 3256//3256 3257//3257 3258//3258
f 3258//3258 3257//3257 3259//3259
f 3258//3258 3259//3259 3260//3260
f 3260//3260 3259//3259 3261//3261
f 3260//3260 3261//3261 3262//3262
f 3262//3262 3261//3261 3263//3263
f 3262//3262 3263//3263 3264//3264
f 3264//3264 3263//3263 3265//3265
f 3264//3264 3265//3265 3266//3266
f 3266//3266 3265//3265 3267//3267
f 3266//3266 3267//3267 3268//3268
f 3224//3224 3269//3269 3225//3225
f 3225//3225 3269//3269 3270//3270
f 3225//3225 3270//3270 3226//3226
f 3226//3226 3270//3270 3271//3271
f 3226//3226 3271//3271 3229//3229
f 3229//3229 3271//3271 3272//3272
f 3229//3229 3272//3272 3231//3231
f 3231//3231 3272//3272 3233//3233
f 3270//3270 3269//3269 3273//3273
f 3273//3273 3269//3269 3274//3274
f 3273//3273 3274//3274 3275//3275
f 3275//3275 3274//3274 3241//3241
f 3275//3275 3241//3241 3239//3239
f 3245//3245 3243//3243 3247//3247
f 3247//3247 3243//3243 3261//3261
f 3247//3247 3261//3261 3276//3276
f 3276//3276 3261//3261 3259//3259
f 3276//3276 3259//3259 3257//3257
f 3263//3263 3277//3277 3265//3265
f 3265//3265 3277//3277 3278//3278
f 3265//3265 3278//3278 3267//3267
f 3267//3267 3278//3278 3279//3279
f 3280//3280 3281//3281 3268//3268
f 3268//3268 3281//3281 3282//3282
f 3268//3268 3282//3282 3266//3266
f 3266//3266 3282//3282 3283//3283
f 3266//3266 3283//3283 3264//3264
f 3264//3264 3283//3283 3262//3262
f 3281//3281 3284//3284 3282//3282
f 3282//3282 3284//3284 3285//3285
f 3282//3282 3285//3285 3283//3283
f 3283//3283 3285//3285 3286//3286
f 3283//3283 3286//3286 3262//3262
f 3262//3262 3286//3286 3260//3260
f 3284//3284 3254//3254 3285//3285
f 3285//3285 3254//3254 3287//3287
f 3285//3285 3287//3287 3286//3286
f 3286//3286 3287//3287 3258//3258
f 3286//3286 3258//3258 3260//3260
f 3252//3252 3288//3288 3250//3250
f 3250//3250 3288//3288 3289//3289
f 3250//3250 3289//3289 3248//3248
f 3248//3248 3289//3289 3246//3246
f 3288//3288 3290//3290 3289//3289
f 3289//3289 3290//3290 3291//3291
f 3289//3289 3291//3291 3292//3292
f 3292//3292 3291//3291 3293//3293
f 3292//3292 3293//3293 3242//3242
f 3242//3242 3293//3293 3240//3240
f 3291//3291 3290//3290 3294//3294
f 3294//3294 3290//3290 3232//3232
f 3294//3294 3232//3232 3295//3295
f 3295//3295 3232//3232 3234//3234
f 3295//3295 3234//3234 3236//3236
f 3223//3223 3296//3296 3221//3221
f 3221//3221 3296//3296 3297//3297
f 3221//3221 3297//3297 3219//3219
f 3219//3219 3297//3297 3204//3204
f 3219//3219 3204//3204 3206//3206
f 3296//3296 3298//3298 3297//3297
f 3297//3297 3298//3298 3299//3299
f 3297//3297 3299//3299 3300//3300
f 3297//3297 3300//3300 3202//3202
f 3202//3202 3300//3300 3200//3200
f 3301//3301 3302//3302 3198//3198
f 3198//3198 3302//3302 3303//3303
f 3198//3198 3303//3303 3304//3304
f 3304//3304 3303//3303 3305//3305
f 3304//3304 3305//3305 3194//3194
f 3194//3194 3305//3305 3192//3192
f 3302//3302 3301//3301 3306//3306
f 3306//3306 3301//3301 3307//3307
f 3306//3306 3307//3307 3308//3308
f 3124//3124 3183//3183 3308//3308
f 3308//3308 3183//3183 3309//3309
f 3308//3308 3309//3309 3306//3306
f 3306//3306 3309//3309 3310//3310
f 3306//3306 3310//3310 3311//3311
f 3311//3311 3310//3310 3190//3190
f 3311//3311 3190//3190 3192//3192
f 3122//3122 3312//3312 3120//3120
f 3120//3120 3312//3312 3313//3313
f 3120//3120 3313//3313 3118//3118
f 3118//3118 3313//3313 3314//3314
f 3118//3118 3314//3314 3116//3116
f 3116//3116 3314//3314 3114//3114
f 3312//3312 3106//3106 3313//3313
f 3313//3313 3106//3106 3315//3315
f 3313//3313 3315//3315 3314//3314
f 3314//3314 3315//3315 3316//3316
f 3314//3314 3316//3316 3114//3114
f 3114//3114 3316//3316 3112//3112
f 3106//3106 3317//3317 3104//3104
f 3104//3104 3317//3317 3318//3318
f 3104//3104 3318//3318 3319//3319
f 3320//3320 3321//3321 3319//3319
f 3319//3319 3321//3321 3322//3322
f 3319//3319 3322//3322 3102//3102
f 3102//3102 3322//3322 3100//3100
f 3088//3088 3090//3090 3320//3320
f 3320//3320 3090//3090 3323//3323
f 3320//3320 3323//3323 3321//3321
f 3321//3321 3323//3323 3324//3324
f 3321//3321 3324//3324 3322//3322
f 3322//3322 3324//3324 3325//3325
f 3322//3322 3325//3325 3100//3100
f 3100//3100 3325//3325 3098//3098
f 3075//3075 3077//3077 3326//3326
f 3326//3326 3077//3077 3059//3059
f 3326//3326 3059//3059 3327//3327
f 3327//3327 3059//3059 3328//3328
f 3327//3327 3328//3328 3329//3329
f 3329//3329 3328//3328 3330//3330
f 3329//3329 3330//3330 3331//3331
f 3331//3331 3330//3330 3065//3065
f 3331//3331 3065//3065 3067//3067
f 3143//3143 3145//3145 3332//3332
f 3332//3332 3145//3145 3147//3147
f 3332//3332 3147//3147 3149//3149
f 3074//3074 3072//3072 3154//3154
f 3154//3154 3072//3072 3070//3070
f 3151//3151 3159//3159 3152//3152
f 3152//3152 3159//3159 3161//3161
f 3152//3152 3161//3161 3333//3333
f 3333//3333 3161//3161 3081//3081
f 3333//3333 3081//3081 3078//3078
f 3319//3319 3102//3102 3104//3104
f 3168//3168 3113//3113 3111//3111
f 3186//3186 3124//3124 3126//3126
f 3187//3187 3130//3130 3334//3334
f 3334//3334 3130//3130 3132//3132
f 3334//3334 3132//3132 3335//3335
f 3335//3335 3132//3132 3180//3180
f 3335//3335 3180//3180 3182//3182
f 3194//3194 3196//3196 3304//3304
f 3304//3304 3196//3196 3198//3198
f 3292//3292 3242//3242 3244//3244
f 3249//3249 3247//3247 3276//3276
f 3287//3287 3254//3254 3256//3256
f 3148//3148 3146//3146 3064//3064
f 3064//3064 3146//3146 3066//3066
f 3150//3150 3148//3148 3062//3062
f 3062//3062 3148//3148 3064//3064
f 3058//3058 3150//3150 3060//3060
f 3060//3060 3150//3150 3062//3062
f 3059//3059 3061//3061 3336//3336
f 3336//3336 3061//3061 3063//3063
f 3336//3336 3063//3063 3330//3330
f 3330//3330 3063//3063 3065//3065
f 3149//3149 3133//3133 3337//3337
f 3337//3337 3133//3133 3135//3135
f 3337//3337 3135//3135 3141//3141
f 3141//3141 3135//3135 3137//3137
f 3143//3143 3332//3332 3337//3337
f 3337//3337 3332//3332 3149//3149
f 3143//3143 3337//3337 3141//3141
f 3067//3067 3069//3069 3331//3331
f 3331//3331 3069//3069 3338//3338
f 3331//3331 3338//3338 3329//3329
f 3329//3329 3338//3338 3339//3339
f 3329//3329 3339//3339 3327//3327
f 3327//3327 3339//3339 3326//3326
f 3059//3059 3336//3336 3328//3328
f 3328//3328 3336//3336 3330//3330
f 3155//3155 3153//3153 3333//3333
f 3333//3333 3153//3153 3152//3152
f 3076//3076 3155//3155 3078//3078
f 3078//3078 3155//3155 3333//3333
f 3160//3160 3158//3158 3340//3340
f 3340//3340 3158//3158 3157//3157
f 3340//3340 3157//3157 3093//3093
f 3093//3093 3157//3157 3095//3095
f 3085//3085 3160//3160 3087//3087
f 3087//3087 3160//3160 3340//3340
f 3087//3087 3340//3340 3091//3091
f 3091//3091 3340//3340 3093//3093
f 3089//3089 3087//3087 3091//3091
f 3090//3090 3092//3092 3323//3323
f 3323//3323 3092//3092 3324//3324
f 3096//3096 3098//3098 3325//3325
f 3092//3092 3094//3094 3324//3324
f 3324//3324 3094//3094 3325//3325
f 3094//3094 3096//3096 3325//3325
f 3111//3111 3109//3109 3168//3168
f 3106//3106 3108//3108 3341//3341
f 3341//3341 3108//3108 3110//3110
f 3341//3341 3110//3110 3316//3316
f 3316//3316 3110//3110 3112//3112
f 3117//3117 3169//3169 3119//3119
f 3119//3119 3169//3169 3342//3342
f 3119//3119 3342//3342 3121//3121
f 3121//3121 3342//3342 3123//3123
f 3169//3169 3172//3172 3342//3342
f 3342//3342 3172//3172 3343//3343
f 3342//3342 3343//3343 3123//3123
f 3123//3123 3343//3343 3125//3125
f 3343//3343 3172//3172 3174//3174
f 3129//3129 3127//3127 3174//3174
f 3174//3174 3127//3127 3343//3343
f 3127//3127 3125//3125 3343//3343
f 3128//3128 3186//3186 3126//3126
f 3183//3183 3181//3181 3309//3309
f 3309//3309 3181//3181 3344//3344
f 3309//3309 3344//3344 3310//3310
f 3310//3310 3344//3344 3188//3188
f 3310//3310 3188//3188 3190//3190
f 3181//3181 3179//3179 3344//3344
f 3344//3344 3179//3179 3178//3178
f 3344//3344 3178//3178 3188//3188
f 3302//3302 3306//3306 3345//3345
f 3345//3345 3306//3306 3311//3311
f 3345//3345 3311//3311 3305//3305
f 3305//3305 3311//3311 3192//3192
f 3303//3303 3302//3302 3345//3345
f 3303//3303 3345//3345 3305//3305
f 3297//3297 3202//3202 3204//3204
f 3216//3216 3205//3205 3203//3203
f 3216//3216 3203//3203 3215//3215
f 3215//3215 3203//3203 3201//3201
f 3270//3270 3273//3273 3271//3271
f 3271//3271 3273//3273 3346//3346
f 3271//3271 3346//3346 3272//3272
f 3272//3272 3346//3346 3235//3235
f 3272//3272 3235//3235 3233//3233
f 3346//3346 3273//3273 3275//3275
f 3227//3227 3226//3226 3229//3229
f 3239//3239 3237//3237 3275//3275
f 3275//3275 3237//3237 3346//3346
f 3237//3237 3235//3235 3346//3346
f 3238//3238 3240//3240 3293//3293
f 3236//3236 3238//3238 3347//3347
f 3347//3347 3238//3238 3293//3293
f 3347//3347 3293//3293 3291//3291
f 3294//3294 3295//3295 3347//3347
f 3347//3347 3295//3295 3236//3236
f 3294//3294 3347//3347 3291//3291
f 3244//3244 3246//3246 3292//3292
f 3292//3292 3246//3246 3289//3289
f 3249//3249 3276//3276 3257//3257
f 3251//3251 3249//3249 3255//3255
f 3255//3255 3249//3249 3257//3257
f 3258//3258 3287//3287 3256//3256
f 3073//3073 3075//3075 3339//3339
f 3339//3339 3075//3075 3326//3326
f 3069//3069 3071//3071 3338//3338
f 3338//3338 3071//3071 3073//3073
f 3338//3338 3073//3073 3339//3339
f 3316//3316 3315//3315 3341//3341
f 3341//3341 3315//3315 3106//3106
f 3187//3187 3334//3334 3348//3348
f 3348//3348 3334//3334 3335//3335
f 3348//3348 3335//3335 3182//3182
f 3184//3184 3185//3185 3348//3348
f 3348//3348 3185//3185 3187//3187
f 3184//3184 3348//3348 3182//3182
f 3216//3216 3215//3215 3214//3214
f 3349//3349 3350//3350 3351//3351
f 3351//3351 3350//3350 3352//3352
f 3351//3351 3352//3352 3353//3353
f 3353//3353 3352//3352 3354//3354
f 3353//3353 3354//3354 3355//3355
f 3355//3355 3354//3354 3356//3356
f 3355//3355 3356//3356 3357//3357
f 3357//3357 3356//3356 3358//3358
f 3357//3357 3358//3358 3359//3359
f 3359//3359 3358//3358 3360//3360
f 3359//3359 3360//3360 3361//3361
f 3361//3361 3360//3360 3362//3362
f 3361//3361 3362//3362 3363//3363
f 3363//3363 3362//3362 3364//3364
f 3363//3363 3364//3364 3365//3365
f 3365//3365 3364//3364 3366//3366
f 3366//3366 3364//3364 3367//3367
f 3366//3366 3367//3367 3368//3368
f 3368//3368 3367//3367 3369//3369
f 3369//3369 3367//3367 3370//3370
f 3369//3369 3370//3370 3350//3350
f 3350//3350 3370//3370 3352//3352
f 3363//3363 3365//3365 3371//3371
f 3371//3371 3365//3365 3361//3361
f 3371//3371 3361//3361 3363//3363
f 3370//3370 3367//3367 3372//3372
f 3372//3372 3367//3367 3364//3364
f 3372//3372 3364//3364 3362//3362
f 3354//3354 3352//3352 3372//3372
f 3372//3372 3352//3352 3370//3370
f 3356//3356 3354//3354 3372//3372
f 3356//3356 3372//3372 3362//3362
f 3362//3362 3360//3360 3358//3358
f 3356//3356 3362//3362 3358//3358
f 3373//3373 3374//3374 3375//3375
f 3375//3375 3374//3374 3377//3377
f 3375//3375 3377//3377 3378//3378
f 3379//3379 3380//3380 3376//3376
f 3373//3373 3375//3375 3381//3381
f 3381//3381 3375//3375 3383//3383
f 3381//3381 3383//3383 3384//3384
f 3384//3384 3383//3383 3385//3385
f 3385//3385 3383//3383 3386//3386
f 3387//3387 3382//3382 3388//3388
f 3389//3389 3390//3390 3391//3391
f 3391//3391 3390//3390 3392//3392
f 3392//3392 3390//3390 3393//3393
f 3392//3392 3393//3393 3394//3394
f 3394//3394 3393//3393 3395//3395
f 3394//3394 3395//3395 3396//3396
f 3396//3396 3395//3395 3397//3397
f 3398//3398 3399//3399 3400//3400
f 3400//3400 3399//3399 3401//3401
f 3400//3400 3401//3401 3402//3402
f 3402//3402 3401//3401 3403//3403
f 3400//3400 3404//3404 3398//3398
f 3398//3398 3404//3404 3405//3405
f 3406//3406 3407//3407 3408//3408
f 3408//3408 3407//3407 3409//3409
f 3408//3408 3409//3409 3410//3410
f 3410//3410 3409//3409 3411//3411
f 3410//3410 3411//3411 3412//3412
f 3412//3412 3411//3411 3413//3413
f 3414//3414 3415//3415 3416//3416
f 3416//3416 3415//3415 3417//3417
f 3416//3416 3417//3417 3418//3418
f 3414//3414 3416//3416 3419//3419
f 3419//3419 3416//3416 3420//3420
f 3419//3419 3420//3420 3422//3422
f 3422//3422 3420//3420 3423//3423
f 3423//3423 3420//3420 3424//3424
f 3424//3424 3420//3420 3425//3425
f 3426//3426 3421//3421 3427//3427
f 3428//3428 3429//3429 3430//3430
f 3430//3430 3429//3429 3431//3431
f 3430//3430 3431//3431 3432//3432
f 3432//3432 3431//3431 3433//3433
f 3432//3432 3433//3433 3434//3434
f 3434//3434 3433//3433 3435//3435
f 3436//3436 3437//3437 3438//3438
f 3438//3438 3437//3437 3439//3439
f 3440//3440 3437//3437 3441//3441
f 3441//3441 3437//3437 3442//3442
f 3442//3442 3437//3437 3443//3443
f 3442//3442 3443//3443 3444//3444
f 3444//3444 3443//3443 3445//3445
f 3445//3445 3443//3443 3446//3446
f 3446//3446 3443//3443 3447//3447
f 3447//3447 3443//3443 3449//3449
f 3447//3447 3449//3449 3451//3451
f 3450//3450 3448//3448 3452//3452
f 3451//3451 3453//3453 3454//3454
f 3455//3455 3456//3456 3457//3457
f 3457//3457 3456//3456 3458//3458
f 3458//3458 3456//3456 3459//3459
f 3458//3458 3459//3459 3460//3460
f 3460//3460 3459//3459 3461//3461
f 3460//3460 3461//3461 3462//3462
f 3463//3463 3464//3464 3465//3465
f 3465//3465 3464//3464 3466//3466
f 3465//3465 3466//3466 3468//3468
f 3469//3469 3467//3467 3471//3471
f 3470//3470 3467//3467 3472//3472
f 3464//3464 3463//3463 3473//3473
f 3473//3473 3463//3463 3474//3474
f 3473//3473 3474//3474 3475//3475
f 3475//3475 3474//3474 3476//3476
f 3475//3475 3476//3476 3477//3477
f 3476//3476 3474//3474 3478//3478
f 3478//3478 3474//3474 3480//3480
f 3478//3478 3480//3480 3481//3481
f 3481//3481 3480//3480 3482//3482
f 3481//3481 3482//3482 3483//3483
f 3484//3484 3486//3486 3479//3479
f 3480//3480 3485//3485 3487//3487
f 3480//3480 3487//3487 3482//3482
f 3488//3488 3489//3489 3483//3483
f 3483//3483 3489//3489 3490//3490
f 3483//3483 3490//3490 3491//3491
f 3489//3489 3488//3488 3493//3493
f 3493//3493 3488//3488 3494//3494
f 3493//3493 3494//3494 3495//3495
f 3495//3495 3496//3496 3492//3492
f 3493//3493 3497//3497 3489//3489
f 3489//3489 3497//3497 3498//3498
f 3489//3489 3498//3498 3499//3499
f 3498//3498 3497//3497 3500//3500
f 3500//3500 3497//3497 3501//3501
f 3500//3500 3501//3501 3502//3502
f 3502//3502 3501//3501 3503//3503
f 3502//3502 3503//3503 3504//3504
f 3504//3504 3503//3503 3505//3505
f 3504//3504 3506//3506 3507//3507
f 3507//3507 3505//3505 3508//3508
f 3509//3509 3510//3510 3504//3504
f 3504//3504 3510//3510 3511//3511
f 3504//3504 3511//3511 3512//3512
f 3466//3466 3513//3513 3509//3509
f 3509//3509 3513//3513 3514//3514
f 3509//3509 3514//3514 3515//3515
f 3515//3515 3516//3516 3509//3509
f 3509//3509 3516//3516 3517//3517
f 3509//3509 3517//3517 3518//3518
f 3518//3518 3517//3517 3519//3519
f 3518//3518 3519//3519 3520//3520
f 3521//3521 3522//3522 3520//3520
f 3520//3520 3522//3522 3523//3523
f 3520//3520 3523//3523 3518//3518
f 3518//3518 3523//3523 3509//3509
f 3521//3521 3524//3524 3522//3522
f 3522//3522 3524//3524 3525//3525
f 3522//3522 3525//3525 3526//3526
f 3526//3526 3525//3525 3528//3528
f 3526//3526 3528//3528 3529//3529
f 3524//3524 3530//3530 3525//3525
f 3525//3525 3530//3530 3531//3531
f 3525//3525 3531//3531 3532//3532
f 3532//3532 3528//3528 3525//3525
f 3529//3529 3533//3533 3527//3527
f 3526//3526 3533//3533 3534//3534
f 3526//3526 3510//3510 3522//3522
f 3522//3522 3510//3510 3523//3523
f 3512//3512 3535//3535 3504//3504
f 3504//3504 3535//3535 3502//3502
f 3535//3535 3500//3500 3502//3502
f 3499//3499 3536//3536 3489//3489
f 3489//3489 3536//3536 3537//3537
f 3489//3489 3537//3537 3538//3538
f 3538//3538 3537//3537 3539//3539
f 3538//3538 3539//3539 3540//3540
f 3540//3540 3541//3541 3538//3538
f 3538//3538 3541//3541 3490//3490
f 3538//3538 3490//3490 3489//3489
f 3491//3491 3542//3542 3483//3483
f 3483//3483 3542//3542 3543//3543
f 3483//3483 3543//3543 3481//3481
f 3481//3481 3543//3543 3544//3544
f 3481//3481 3544//3544 3545//3545
f 3545//3545 3544//3544 3546//3546
f 3546//3546 3544//3544 3547//3547
f 3546//3546 3547//3547 3543//3543
f 3543//3543 3547//3547 3544//3544
f 3545//3545 3548//3548 3481//3481
f 3481//3481 3548//3548 3478//3478
f 3477//3477 3549//3549 3475//3475
f 3475//3475 3549//3549 3550//3550
f 3475//3475 3550//3550 3473//3473
f 3473//3473 3550//3550 3551//3551
f 3473//3473 3551//3551 3552//3552
f 3473//3473 3552//3552 3464//3464
f 3464//3464 3552//3552 3553//3553
f 3464//3464 3553//3553 3554//3554
f 3554//3554 3553//3553 3555//3555
f 3554//3554 3555//3555 3556//3556
f 3554//3554 3556//3556 3466//3466
f 3466//3466 3556//3556 3513//3513
f 3466//3466 3464//3464 3554//3554
f 3510//3510 3509//3509 3523//3523
f 3557//3557 3558//3558 3559//3559
f 3559//3559 3558//3558 3560//3560
f 3559//3559 3560//3560 3561//3561
f 3561//3561 3560//3560 3562//3562
f 3561//3561 3562//3562 3563//3563
f 3561//3561 3564//3564 3559//3559
f 3559//3559 3564//3564 3565//3565
f 3565//3565 3564//3564 3566//3566
f 3565//3565 3566//3566 3567//3567
f 3564//3564 3568//3568 3566//3566
f 3567//3567 3569//3569 3565//3565
f 3570//3570 3571//3571 3572//3572
f 3572//3572 3571//3571 3573//3573
f 3572//3572 3573//3573 3574//3574
f 3574//3574 3573//3573 3575//3575
f 3574//3574 3575//3575 3576//3576
f 3576//3576 3575//3575 3577//3577
f 3577//3577 3575//3575 3578//3578
f 3577//3577 3578//3578 3579//3579
f 3579//3579 3578//3578 3580//3580
f 3580//3580 3578//3578 3581//3581
f 3580//3580 3581//3581 3582//3582
f 3582//3582 3581//3581 3583//3583
f 3583//3583 3581//3581 3584//3584
f 3583//3583 3584//3584 3585//3585
f 3571//3571 3586//3586 3573//3573
f 3573//3573 3586//3586 3581//3581
f 3573//3573 3581//3581 3578//3578
f 3586//3586 3584//3584 3581//3581
f 3576//3576 3587//3587 3574//3574
f 3578//3578 3575//3575 3573//3573
f 3588//3588 3589//3589 3590//3590
f 3590//3590 3589//3589 3591//3591
f 3590//3590 3591//3591 3592//3592
f 3589//3589 3593//3593 3591//3591
f 3591//3591 3593//3593 3594//3594
f 3595//3595 3596//3596 3592//3592
f 3592//3592 3596//3596 3597//3597
f 3592//3592 3597//3597 3590//3590
f 3596//3596 3598//3598 3597//3597
f 3597//3597 3598//3598 3599//3599
f 3600//3600 3601//3601 3602//3602
f 3602//3602 3601//3601 3603//3603
f 3602//3602 3603//3603 3604//3604
f 3604//3604 3603//3603 3605//3605
f 3604//3604 3605//3605 3606//3606
f 3606//3606 3605//3605 3607//3607
f 3607//3607 3605//3605 3608//3608
f 3607//3607 3608//3608 3609//3609
f 3609//3609 3608//3608 3610//3610
f 3610//3610 3608//3608 3611//3611
f 3610//3610 3611//3611 3612//3612
f 3601//3601 3613//3613 3603//3603
f 3603//3603 3613//3613 3608//3608
f 3603//3603 3608//3608 3605//3605
f 3613//3613 3611//3611 3608//3608
f 3606//3606 3614//3614 3604//3604
f 3604//3604 3614//3614 3615//3615
f 3604//3604 3615//3615 3602//3602
f 3602//3602 3615//3615 3616//3616
f 3616//3616 3615//3615 3617//3617
f 3616//3616 3617//3617 3618//3618
f 3618//3618 3617//3617 3619//3619
f 3620//3620 3621//3621 3622//3622
f 3622//3622 3621//3621 3623//3623
f 3622//3622 3623//3623 3624//3624
f 3624//3624 3623//3623 3625//3625
f 3624//3624 3625//3625 3626//3626
f 3624//3624 3627//3627 3622//3622
f 3622//3622 3627//3627 3628//3628
f 3628//3628 3627//3627 3629//3629
f 3628//3628 3629//3629 3630//3630
f 3631//3631 3632//3632 3627//3627
f 3627//3627 3632//3632 3629//3629
f 3633//3633 3634//3634 3635//3635
f 3635//3635 3634//3634 3636//3636
f 3635//3635 3636//3636 3637//3637
f 3637//3637 3636//3636 3638//3638
f 3637//3637 3638//3638 3639//3639
f 3639//3639 3638//3638 3640//3640
f 3640//3640 3638//3638 3641//3641
f 3641//3641 3638//3638 3642//3642
f 3641//3641 3642//3642 3643//3643
f 3643//3643 3642//3642 3644//3644
f 3643//3643 3644//3644 3645//3645
f 3634//3634 3646//3646 3636//3636
f 3636//3636 3646//3646 3642//3642
f 3636//3636 3642//3642 3638//3638
f 3646//3646 3644//3644 3642//3642
f 3639//3639 3647//3647 3637//3637
f 3637//3637 3647//3647 3648//3648
f 3637//3637 3648//3648 3649//3649
f 3649//3649 3648//3648 3650//3650
f 3649//3649 3635//3635 3637//3637
f 3651//3651 3652//3652 3653//3653
f 3653//3653 3652//3652 3654//3654
f 3654//3654 3652//3652 3655//3655
f 3654//3654 3655//3655 3656//3656
f 3652//3652 3657//3657 3655//3655
f 3656//3656 3658//3658 3654//3654
f 3659//3659 3660//3660 3661//3661
f 3661//3661 3660//3660 3662//3662
f 3661//3661 3662//3662 3663//3663
f 3663//3663 3662//3662 3664//3664
f 3664//3664 3662//3662 3665//3665
f 3665//3665 3662//3662 3666//3666
f 3659//3659 3667//3667 3660//3660
f 3660//3660 3667//3667 3668//3668
f 3663//3663 3669//3669 3661//3661
f 3661//3661 3669//3669 3670//3670
f 3670//3670 3669//3669 3671//3671
f 3670//3670 3671//3671 3672//3672
f 3673//3673 3674//3674 3675//3675
f 3675//3675 3674//3674 3676//3676
f 3675//3675 3676//3676 3677//3677
f 3677//3677 3676//3676 3678//3678
f 3679//3679 3680//3680 3677//3677
f 3677//3677 3680//3680 3681//3681
f 3677//3677 3681//3681 3675//3675
f 3675//3675 3681//3681 3682//3682
f 3683//3683 3684//3684 3685//3685
f 3685//3685 3684//3684 3686//3686
f 3685//3685 3686//3686 3687//3687
f 3683//3683 3688//3688 3684//3684
f 3684//3684 3688//3688 3689//3689
f 3684//3684 3690//3690 3686//3686
f 3686//3686 3690//3690 3691//3691
f 3691//3691 3690//3690 3692//3692
f 3692//3692 3690//3690 3693//3693
f 3694//3694 3695//3695 3687//3687
f 3687//3687 3695//3695 3696//3696
f 3687//3687 3696//3696 3697//3697
f 3697//3697 3696//3696 3698//3698
f 3697//3697 3685//3685 3687//3687
f 3699//3699 3700//3700 3701//3701
f 3701//3701 3700//3700 3702//3702
f 3702//3702 3700//3700 3703//3703
f 3702//3702 3703//3703 3704//3704
f 3704//3704 3703//3703 3705//3705
f 3705//3705 3703//3703 3706//3706
f 3704//3704 3707//3707 3702//3702
f 3708//3708 3709//3709 3710//3710
f 3710//3710 3709//3709 3711//3711
f 3710//3710 3711//3711 3712//3712
f 3712//3712 3711//3711 3713//3713
f 3713//3713 3711//3711 3714//3714
f 3713//3713 3714//3714 3715//3715
f 3715//3715 3714//3714 3716//3716
f 3715//3715 3716//3716 3717//3717
f 3709//3709 3718//3718 3711//3711
f 3711//3711 3718//3718 3714//3714
f 3718//3718 3719//3719 3714//3714
f 3714//3714 3719//3719 3716//3716
f 3719//3719 3720//3720 3716//3716
f 3721//3721 3722//3722 3712//3712
f 3712//3712 3722//3722 3710//3710
f 3723//3723 3724//3724 3725//3725
f 3725//3725 3724//3724 3726//3726
f 3726//3726 3724//3724 3727//3727
f 3726//3726 3727//3727 3728//3728
f 3728//3728 3727//3727 3729//3729
f 3729//3729 3727//3727 3730//3730
f 3728//3728 3731//3731 3726//3726
f 3732//3732 3733//3733 3734//3734
f 3734//3734 3733//3733 3735//3735
f 3734//3734 3735//3735 3736//3736
f 3736//3736 3735//3735 3737//3737
f 3736//3736 3737//3737 3738//3738
f 3738//3738 3737//3737 3739//3739
f 3738//3738 3739//3739 3740//3740
f 3732//3732 3741//3741 3733//3733
f 3733//3733 3741//3741 3742//3742
f 3733//3733 3742//3742 3743//3743
f 3741//3741 3744//3744 3742//3742
f 3743//3743 3745//3745 3733//3733
f 3737//3737 3746//3746 3739//3739
f 3740//3740 3747//3747 3738//3738
f 3748//3748 3749//3749 3750//3750
f 3750//3750 3749//3749 3751//3751
f 3751//3751 3749//3749 3752//3752
f 3751//3751 3752//3752 3753//3753
f 3753//3753 3752//3752 3754//3754
f 3753//3753 3754//3754 3755//3755
f 3752//3752 3756//3756 3754//3754
f 3755//3755 3757//3757 3753//3753
f 3758//3758 3759//3759 3760//3760
f 3760//3760 3759//3759 3761//3761
f 3760//3760 3761//3761 3762//3762
f 3762//3762 3761//3761 3763//3763
f 3762//3762 3763//3763 3764//3764
f 3764//3764 3763//3763 3765//3765
f 3765//3765 3763//3763 3766//3766
f 3766//3766 3763//3763 3767//3767
f 3766//3766 3767//3767 3768//3768
f 3768//3768 3767//3767 3769//3769
f 3769//3769 3767//3767 3770//3770
f 3769//3769 3770//3770 3771//3771
f 3771//3771 3770//3770 3772//3772
f 3771//3771 3772//3772 3773//3773
f 3759//3759 3774//3774 3761//3761
f 3761//3761 3774//3774 3770//3770
f 3761//3761 3770//3770 3763//3763
f 3763//3763 3770//3770 3767//3767
f 3774//3774 3772//3772 3770//3770
f 3768//3768 3775//3775 3766//3766
f 3776//3776 3777//3777 3778//3778
f 3778//3778 3777//3777 3779//3779
f 3778//3778 3779//3779 3780//3780
f 3780//3780 3779//3779 3781//3781
f 3780//3780 3781//3781 3782//3782
f 3782//3782 3781//3781 3783//3783
f 3782//3782 3783//3783 3784//3784
f 3784//3784 3783//3783 3785//3785
f 3784//3784 3786//3786 3782//3782
f 3782//3782 3786//3786 3787//3787
f 3788//3788 3789//3789 3790//3790
f 3790//3790 3789//3789 3791//3791
f 3791//3791 3789//3789 3792//3792
f 3791//3791 3792//3792 3795//3795
f 3795//3795 3792//3792 3797//3797
f 3794//3794 3796//3796 3798//3798
f 3799//3799 3801//3801 3795//3795
f 3793//3793 3800//3800 3802//3802
f 3795//3795 3803//3803 3804//3804
f 3804//3804 3805//3805 3795//3795
f 3806//3806 3807//3807 3808//3808
f 3808//3808 3807//3807 3809//3809
f 3809//3809 3807//3807 3810//3810
f 3809//3809 3810//3810 3811//3811
f 3811//3811 3810//3810 3812//3812
f 3811//3811 3812//3812 3813//3813
f 3813//3813 3812//3812 3814//3814
f 3813//3813 3814//3814 3815//3815
f 3816//3816 3818//3818 3820//3820
f 3820//3820 3819//3819 3822//3822
f 3823//3823 3817//3817 3825//3825
f 3821//3821 3824//3824 3826//3826
f 3826//3826 3825//3825 3827//3827
f 3826//3826 3827//3827 3828//3828
f 3829//3829 3830//3830 3831//3831
f 3831//3831 3830//3830 3832//3832
f 3832//3832 3830//3830 3833//3833
f 3832//3832 3833//3833 3834//3834
f 3834//3834 3833//3833 3835//3835
f 3834//3834 3835//3835 3836//3836
f 3836//3836 3835//3835 3837//3837
f 3836//3836 3837//3837 3838//3838
f 3838//3838 3837//3837 3839//3839
f 3839//3839 3837//3837 3840//3840
f 3839//3839 3840//3840 3841//3841
f 3842//3842 3843//3843 3844//3844
f 3844//3844 3843//3843 3845//3845
f 3844//3844 3845//3845 3846//3846
f 3846//3846 3845//3845 3847//3847
f 3846//3846 3847//3847 3848//3848
f 3848//3848 3847//3847 3849//3849
f 3850//3850 3851//3851 3852//3852
f 3852//3852 3851//3851 3853//3853
f 3853//3853 3851//3851 3854//3854
f 3853//3853 3854//3854 3855//3855
f 3855//3855 3854//3854 3856//3856
f 3855//3855 3856//3856 3857//3857
f 3858//3858 3859//3859 3857//3857
f 3857//3857 3859//3859 3860//3860
f 3857//3857 3860//3860 3855//3855
f 3861//3861 3862//3862 3863//3863
f 3863//3863 3862//3862 3865//3865
f 3864//3864 3865//3865 3867//3867
f 3868//3868 3865//3865 3869//3869
f 3869//3869 3865//3865 3870//3870
f 3870//3870 3866//3866 3871//3871
f 3870//3870 3871//3871 3873//3873
f 3874//3874 3872//3872 3877//3877
f 3875//3875 3876//3876 3878//3878
f 3862//3862 3879//3879 3865//3865
f 3865//3865 3879//3879 3880//3880
f 3865//3865 3880//3880 3881//3881
f 3882//3882 3883//3883 3884//3884
f 3884//3884 3883//3883 3885//3885
f 3884//3884 3885//3885 3886//3886
f 3886//3886 3885//3885 3887//3887
f 3886//3886 3887//3887 3889//3889
f 3888//3888 3887//3887 3890//3890
f 3891//3891 3892//3892 3896//3896
f 3894//3894 3893//3893 3899//3899
f 3895//3895 3900//3900 3902//3902
f 3902//3902 3901//3901 3905//3905
f 3903//3903 3905//3905 3907//3907
f 3908//3908 3909//3909 3907//3907
f 3906//3906 3909//3909 3910//3910
f 3907//3907 3910//3910 3904//3904
f 3904//3904 3910//3910 3912//3912
f 3904//3904 3911//3911 3913//3913
f 3909//3909 3915//3915 3910//3910
f 3914//3914 3916//3916 3904//3904
f 3917//3917 3918//3918 3897//3897
f 3898//3898 3918//3918 3919//3919
f 3897//3897 3920//3920 3921//3921
f 3922//3922 3923//3923 3921//3921
f 3921//3921 3923//3923 3895//3895
f 3923//3923 3891//3891 3895//3895
f 3924//3924 3925//3925 3927//3927
f 3927//3927 3926//3926 3928//3928
f 3928//3928 3926//3926 3929//3929
f 3928//3928 3929//3929 3930//3930
f 3930//3930 3929//3929 3932//3932
f 3930//3930 3931//3931 3933//3933
f 3934//3934 3935//3935 3937//3937
f 3937//3937 3935//3935 3939//3939
f 3938//3938 3936//3936 3941//3941
f 3941//3941 3936//3936 3942//3942
f 3940//3940 3942//3942 3943//3943
f 3943//3943 3942//3942 3945//3945
f 3943//3943 3945//3945 3946//3946
f 3946//3946 3944//3944 3947//3947
f 3948//3948 3949//3949 3942//3942
f 3942//3942 3949//3949 3950//3950
f 3942//3942 3950//3950 3944//3944
f 3946//3946 3951//3951 3943//3943
f 3952//3952 3953//3953 3954//3954
f 3954//3954 3953//3953 3955//3955
f 3955//3955 3953//3953 3956//3956
f 3955//3955 3956//3956 3957//3957
f 3957//3957 3956//3956 3958//3958
f 3958//3958 3956//3956 3959//3959
f 3958//3958 3959//3959 3960//3960
f 3960//3960 3959//3959 3961//3961
f 3960//3960 3961//3961 3962//3962
f 3963//3963 3964//3964 3965//3965
f 3965//3965 3964//3964 3966//3966
f 3965//3965 3966//3966 3970//3970
f 3969//3969 3967//3967 3972//3972
f 3968//3968 3971//3971 3973//3973
f 3963//3963 3965//3965 3974//3974
f 3974//3974 3965//3965 3975//3975
f 3974//3974 3975//3975 3977//3977
f 3978//3978 3976//3976 3979//3979
f 3977//3977 3980//3980 3981//3981
f 3982//3982 3983//3983 3984//3984
f 3984//3984 3983//3983 3985//3985
f 3984//3984 3985//3985 3986//3986
f 3987//3987 3985//3985 3989//3989
f 3987//3987 3988//3988 3990//3990
f 3990//3990 3988//3988 3991//3991
f 3992//3992 3994//3994 3996//3996
f 3995//3995 3993//3993 3997//3997
f 3996//3996 3998//3998 3999//3999
f 3999//3999 3998//3998 4004//4004
f 4000//4000 4003//4003 4005//4005
f 4006//4006 4004//4004 4007//4007
f 4007//4007 4004//4004 4008//4008
f 4008//4008 4004//4004 4009//4009
f 4009//4009 4002//4002 4011//4011
f 4010//4010 4001//4001 4012//4012
f 4010//4010 4013//4013 4016//4016
f 4015//4015 4014//4014 4017//4017
f 4018//4018 4019//4019 4020//4020
f 4020//4020 4019//4019 4021//4021
f 4020//4020 4021//4021 4022//4022
f 4022//4022 4021//4021 4023//4023
f 4022//4022 4023//4023 4024//4024
f 4024//4024 4023//4023 4025//4025
f 4024//4024 4025//4025 4026//4026
f 4027//4027 4028//4028 4030//4030
f 4031//4031 4029//4029 4033//4033
f 4030//4030 4034//4034 4036//4036
f 4035//4035 4032//4032 4038//4038
f 4036//4036 4037//4037 4039//4039
f 4039//4039 4037//4037 4040//4040
f 4041//4041 4042//4042 4043//4043
f 4043//4043 4042//4042 4044//4044
f 4043//4043 4044//4044 4045//4045
f 4045//4045 4044//4044 4046//4046
f 4042//4042 4047//4047 4044//4044
f 4044//4044 4047//4047 4048//4048
f 4048//4048 4047//4047 4049//4049
f 4049//4049 4047//4047 4050//4050
f 4051//4051 4052//4052 4053//4053
f 4053//4053 4052//4052 4054//4054
f 4053//4053 4054//4054 4055//4055
f 4055//4055 4054//4054 4056//4056
f 4054//4054 4052//4052 4057//4057
f 4057//4057 4052//4052 4058//4058
f 4057//4057 4058//4058 4059//4059
f 4059//4059 4058//4058 4060//4060
f 4060//4060 4058//4058 4061//4061
f 4061//4061 4058//4058 4062//4062
f 4063//4063 4064//4064 4065//4065
f 4065//4065 4064//4064 4066//4066
f 4065//4065 4066//4066 4067//4067
f 4067//4067 4066//4066 4068//4068
f 4067//4067 4068//4068 4069//4069
f 4069//4069 4068//4068 4070//4070
f 4070//4070 4068//4068 4071//4071
f 4070//4070 4071//4071 4072//4072
f 4066//4066 4064//4064 4073//4073
f 4073//4073 4064//4064 4074//4074
f 4073//4073 4074//4074 4075//4075
f 4075//4075 4074//4074 4076//4076
f 4073//4073 4077//4077 4078//4078
f 4073//4073 4078//4078 4068//4068
f 4068//4068 4078//4078 4079//4079
f 4068//4068 4079//4079 4071//4071
f 4077//4077 4080//4080 4078//4078
f 4078//4078 4080//4080 4079//4079
f 4080//4080 4081//4081 4079//4079
f 4068//4068 4066//4066 4073//4073
f 4082//4082 4083//4083 4084//4084
f 4084//4084 4083//4083 4085//4085
f 4085//4085 4083//4083 4086//4086
f 4085//4085 4086//4086 4087//4087
f 4083//4083 4088//4088 4086//4086
f 4086//4086 4088//4088 4089//4089
f 4086//4086 4089//4089 4090//4090
f 4090//4090 4089//4089 4091//4091
f 4090//4090 4091//4091 4092//4092
f 4093//4093 4094//4094 4089//4089
f 4089//4089 4094//4094 4091//4091
f 4095//4095 4096//4096 4097//4097
f 4097//4097 4096//4096 4098//4098
f 4097//4097 4098//4098 4099//4099
f 4099//4099 4098//4098 4100//4100
f 4099//4099 4100//4100 4101//4101
f 4101//4101 4100//4100 4102//4102
f 4101//4101 4102//4102 4103//4103
f 4098//4098 4096//4096 4104//4104
f 4104//4104 4096//4096 4105//4105
f 4104//4104 4105//4105 4106//4106
f 4106//4106 4105//4105 4107//4107
f 4106//4106 4108//4108 4104//4104
f 4104//4104 4108//4108 4109//4109
f 4104//4104 4109//4109 4110//4110
f 4110//4110 4109//4109 4111//4111
f 4110//4110 4111//4111 4112//4112
f 4112//4112 4111//4111 4113//4113
f 4112//4112 4114//4114 4110//4110
f 4110//4110 4114//4114 4100//4100
f 4110//4110 4100//4100 4104//4104
f 4104//4104 4100//4100 4098//4098
f 4114//4114 4102//4102 4100//4100
f 4115//4115 4116//4116 4117//4117
f 4117//4117 4116//4116 4118//4118
f 4117//4117 4118//4118 4119//4119
f 4119//4119 4118//4118 4120//4120
f 4116//4116 4121//4121 4118//4118
f 4118//4118 4121//4121 4122//4122
f 4118//4118 4122//4122 4123//4123
f 4123//4123 4122//4122 4124//4124
f 4123//4123 4124//4124 4125//4125
f 4118//4118 4123//4123 4126//4126
f 4126//4126 4123//4123 4127//4127
f 4126//4126 4127//4127 4128//4128
f 4129//4129 4130//4130 4131//4131
f 4131//4131 4130//4130 4132//4132
f 4131//4131 4132//4132 4133//4133
f 4133//4133 4132//4132 4134//4134
f 4134//4134 4132//4132 4135//4135
f 4135//4135 4132//4132 4136//4136
f 4133//4133 4137//4137 4131//4131
f 4131//4131 4137//4137 4138//4138
f 4138//4138 4137//4137 4139//4139
f 4138//4138 4139//4139 4140//4140
f 4140//4140 4139//4139 4141//4141
f 4141//4141 4139//4139 4142//4142
f 4141//4141 4142//4142 4143//4143
f 4143//4143 4144//4144 4141//4141
f 4145//4145 4146//4146 4140//4140
f 4140//4140 4146//4146 4147//4147
f 4140//4140 4147//4147 4138//4138
f 4148//4148 4149//4149 4150//4150
f 4150//4150 4149//4149 4151//4151
f 4151//4151 4149//4149 4152//4152
f 4151//4151 4152//4152 4153//4153
f 4154//4154 4155//4155 4149//4149
f 4149//4149 4155//4155 4156//4156
f 4149//4149 4156//4156 4157//4157
f 4157//4157 4152//4152 4149//4149
f 4158//4158 4159//4159 4160//4160
f 4160//4160 4159//4159 4161//4161
f 4160//4160 4161//4161 4162//4162
f 4159//4159 4163//4163 4161//4161
f 4161//4161 4163//4163 4164//4164
f 4160//4160 4162//4162 4165//4165
f 4165//4165 4162//4162 4166//4166
f 4165//4165 4166//4166 4167//4167
f 4168//4168 4169//4169 4167//4167
f 4167//4167 4169//4169 4170//4170
f 4167//4167 4170//4170 4171//4171
f 4171//4171 4170//4170 4172//4172
f 4172//4172 4170//4170 4173//4173
f 4171//4171 4165//4165 4167//4167
f 4174//4174 4175//4175 4176//4176
f 4176//4176 4175//4175 4177//4177
f 4177//4177 4175//4175 4178//4178
f 4177//4177 4178//4178 4179//4179
f 4175//4175 4180//4180 4178//4178
f 4178//4178 4180//4180 4181//4181
f 4178//4178 4181//4181 4182//4182
f 4180//4180 4183//4183 4181//4181
f 4182//4182 4184//4184 4178//4178
f 4185//4185 4186//4186 4187//4187
f 4187//4187 4186//4186 4188//4188
f 4187//4187 4188//4188 4189//4189
f 4189//4189 4188//4188 4190//4190
f 4190//4190 4188//4188 4191//4191
f 4190//4190 4191//4191 4192//4192
f 4192//4192 4191//4191 4193//4193
f 4192//4192 4193//4193 4194//4194
f 4186//4186 4195//4195 4188//4188
f 4188//4188 4195//4195 4196//4196
f 4188//4188 4196//4196 4191//4191
f 4191//4191 4196//4196 4197//4197
f 4191//4191 4197//4197 4193//4193
f 4193//4193 4197//4197 4198//4198
f 4198//4198 4197//4197 4199//4199
f 4198//4198 4199//4199 4200//4200
f 4195//4195 4201//4201 4196//4196
f 4196//4196 4201//4201 4202//4202
f 4196//4196 4202//4202 4203//4203
f 4203//4203 4204//4204 4196//4196
f 4196//4196 4204//4204 4197//4197
f 4204//4204 4199//4199 4197//4197
f 4205//4205 4206//4206 4207//4207
f 4207//4207 4206//4206 4208//4208
f 4207//4207 4208//4208 4209//4209
f 4209//4209 4208//4208 4210//4210
f 4209//4209 4210//4210 4211//4211
f 4211//4211 4210//4210 4212//4212
f 4211//4211 4212//4212 4213//4213
f 4208//4208 4214//4214 4210//4210
f 4215//4215 4216//4216 4209//4209
f 4209//4209 4216//4216 4207//4207
f 4217//4217 4218//4218 4219//4219
f 4219//4219 4218//4218 4220//4220
f 4219//4219 4220//4220 4221//4221
f 4221//4221 4220//4220 4222//4222
f 4221//4221 4222//4222 4223//4223
f 4223//4223 4222//4222 4224//4224
f 4223//4223 4224//4224 4225//4225
f 4225//4225 4224//4224 4226//4226
f 4225//4225 4226//4226 4227//4227
f 4227//4227 4226//4226 4228//4228
f 4227//4227 4228//4228 4229//4229
f 4227//4227 4230//4230 4225//4225
f 4225//4225 4230//4230 4231//4231
f 4231//4231 4230//4230 4232//4232
f 4233//4233 4234//4234 4235//4235
f 4235//4235 4234//4234 4236//4236
f 4235//4235 4236//4236 4237//4237
f 4237//4237 4236//4236 4238//4238
f 4238//4238 4236//4236 4239//4239
f 4238//4238 4239//4239 4240//4240
f 4239//4239 4236//4236 4241//4241
f 4241//4241 4236//4236 4242//4242
f 4241//4241 4242//4242 4243//4243
f 4244//4244 4245//4245 4237//4237
f 4237//4237 4245//4245 4235//4235
f 4246//4246 4247//4247 4248//4248
f 4248//4248 4247//4247 4249//4249
f 4248//4248 4249//4249 4250//4250
f 4250//4250 4249//4249 4251//4251
f 4250//4250 4251//4251 4252//4252
f 4252//4252 4251//4251 4253//4253
f 4252//4252 4253//4253 4254//4254
f 4251//4251 4255//4255 4253//4253
f 4256//4256 4257//4257 4254//4254
f 4254//4254 4257//4257 4258//4258
f 4254//4254 4258//4258 4252//4252
f 4252//4252 4258//4258 4259//4259
f 4252//4252 4259//4259 4250//4250
f 4250//4250 4259//4259 4260//4260
f 4250//4250 4260//4260 4248//4248
f 4256//4256 4261//4261 4257//4257
f 4257//4257 4262//4262 4258//4258
f 4258//4258 4262//4262 4259//4259
f 4262//4262 4263//4263 4259//4259
f 4259//4259 4263//4263 4264//4264
f 4259//4259 4264//4264 4265//4265
f 4265//4265 4260//4260 4259//4259
f 4266//4266 4267//4267 4268//4268
f 4268//4268 4267//4267 4269//4269
f 4268//4268 4269//4269 4270//4270
f 4267//4267 4266//4266 4271//4271
f 4271//4271 4266//4266 4272//4272
f 4271//4271 4272//4272 4273//4273
f 4273//4273 4272//4272 4274//4274
f 4273//4273 4274//4274 4275//4275
f 4272//4272 4276//4276 4274//4274
f 4274//4274 4276//4276 4277//4277
f 4267//4267 4278//4278 4269//4269
f 4279//4279 4280//4280 4270//4270
f 4270//4270 4280//4280 4281//4281
f 4270//4270 4281//4281 4268//4268
f 4284//4284 4283//4283 4285//4285
f 4282//4282 4286//4286 4287//4287
f 4288//4288 4289//4289 4290//4290
f 4290//4290 4289//4289 4291//4291
f 4290//4290 4291//4291 4292//4292
f 4292//4292 4293//4293 4290//4290
f 4290//4290 4293//4293 4294//4294
f 4290//4290 4294//4294 4295//4295
f 4295//4295 4294//4294 4296//4296
f 4295//4295 4296//4296 4297//4297
f 4297//4297 4296//4296 4298//4298
f 4297//4297 4299//4299 4295//4295
f 4295//4295 4299//4299 4300//4300
f 4295//4295 4300//4300 4288//4288
f 4295//4295 4288//4288 4290//4290
f 4301//4301 4302//4302 4303//4303
f 4303//4303 4302//4302 4304//4304
f 4303//4303 4304//4304 4305//4305
f 4305//4305 4304//4304 4306//4306
f 4307//4307 4308//4308 4302//4302
f 4302//4302 4308//4308 4309//4309
f 4302//4302 4309//4309 4304//4304
f 4308//4308 4310//4310 4309//4309
f 4309//4309 4310//4310 4311//4311
f 4309//4309 4311//4311 4312//4312
f 4313//4313 4314//4314 4315//4315
f 4315//4315 4314//4314 4316//4316
f 4315//4315 4316//4316 4317//4317
f 4317//4317 4316//4316 4318//4318
f 4317//4317 4318//4318 4319//4319
f 4319//4319 4318//4318 4320//4320
f 4320//4320 4318//4318 4321//4321
f 4321//4321 4318//4318 4322//4322
f 4321//4321 4322//4322 4323//4323
f 4323//4323 4322//4322 4324//4324
f 4323//4323 4324//4324 4325//4325
f 4325//4325 4324//4324 4326//4326
f 4316//4316 4314//4314 4327//4327
f 4327//4327 4314//4314 4328//4328
f 4327//4327 4328//4328 4329//4329
f 4329//4329 4328//4328 4330//4330
f 4327//4327 4329//4329 4322//4322
f 4322//4322 4329//4329 4324//4324
f 4318//4318 4316//4316 4327//4327
f 4318//4318 4327//4327 4322//4322
f 4331//4331 4332//4332 4333//4333
f 4333//4333 4332//4332 4334//4334
f 4333//4333 4334//4334 4335//4335
f 4333//4333 4335//4335 4336//4336
f 4336//4336 4335//4335 4337//4337
f 4336//4336 4337//4337 4338//4338
f 4338//4338 4337//4337 4339//4339
f 4339//4339 4337//4337 4340//4340
f 4339//4339 4340//4340 4341//4341
f 4341//4341 4340//4340 4342//4342
f 4342//4342 4340//4340 4343//4343
f 4341//4341 4344//4344 4339//4339
f 4345//4345 4346//4346 4347//4347
f 4347//4347 4346//4346 4348//4348
f 4347//4347 4348//4348 4349//4349
f 4349//4349 4348//4348 4350//4350
f 4346//4346 4351//4351 4348//4348
f 4348//4348 4351//4351 4352//4352
f 4352//4352 4351//4351 4353//4353
f 4352//4352 4353//4353 4354//4354
f 4354//4354 4353//4353 4355//4355
f 4354//4354 4355//4355 4356//4356
f 4355//4355 4353//4353 4357//4357
f 4357//4357 4353//4353 4358//4358
f 4357//4357 4358//4358 4359//4359
f 4360//4360 4361//4361 4362//4362
f 4362//4362 4361//4361 4363//4363
f 4362//4362 4363//4363 4364//4364
f 4364//4364 4363//4363 4365//4365
f 4364//4364 4365//4365 4366//4366
f 4366//4366 4365//4365 4367//4367
f 4366//4366 4368//4368 4364//4364
f 4364//4364 4368//4368 4369//4369
f 4364//4364 4369//4369 4370//4370
f 4370//4370 4369//4369 4371//4371
f 4371//4371 4369//4369 4372//4372
f 4371//4371 4372//4372 4373//4373
f 4368//4368 4374//4374 4369//4369
f 4369//4369 4374//4374 4372//4372
f 4374//4374 4375//4375 4372//4372
f 4370//4370 4362//4362 4364//4364
f 4376//4376 4377//4377 4378//4378
f 4378//4378 4377//4377 4379//4379
f 4378//4378 4379//4379 4380//4380
f 4380//4380 4379//4379 4381//4381
f 4382//4382 4383//4383 4377//4377
f 4377//4377 4383//4383 4384//4384
f 4377//4377 4384//4384 4379//4379
f 4379//4379 4384//4384 4385//4385
f 4386//4386 4387//4387 4388//4388
f 4388//4388 4387//4387 4389//4389
f 4388//4388 4389//4389 4390//4390
f 4390//4390 4389//4389 4391//4391
f 4390//4390 4391//4391 4392//4392
f 4392//4392 4391//4391 4393//4393
f 4393//4393 4391//4391 4394//4394
f 4394//4394 4391//4391 4395//4395
f 4394//4394 4395//4395 4396//4396
f 4396//4396 4395//4395 4397//4397
f 4396//4396 4397//4397 4398//4398
f 4389//4389 4387//4387 4399//4399
f 4399//4399 4387//4387 4400//4400
f 4399//4399 4400//4400 4401//4401
f 4401//4401 4400//4400 4402//4402
f 4401//4401 4397//4397 4399//4399
f 4399//4399 4397//4397 4395//4395
f 4399//4399 4395//4395 4391//4391
f 4391//4391 4389//4389 4399//4399
f 4403//4403 4404//4404 4405//4405
f 4405//4405 4404//4404 4406//4406
f 4406//4406 4404//4404 4407//4407
f 4406//4406 4407//4407 4408//4408
f 4408//4408 4407//4407 4409//4409
f 4409//4409 4407//4407 4410//4410
f 4411//4411 4412//4412 4413//4413
f 4413//4413 4412//4412 4414//4414
f 4414//4414 4412//4412 4416//4416
f 4414//4414 4416//4416 4417//4417
f 4418//4418 4415//4415 4419//4419
f 4417//4417 4419//4419 4420//4420
f 4421//4421 4422//4422 4423//4423
f 4423//4423 4422//4422 4424//4424
f 4423//4423 4424//4424 4425//4425
f 4425//4425 4424//4424 4426//4426
f 4425//4425 4426//4426 4427//4427
f 4427//4427 4426//4426 4428//4428
f 4427//4427 4428//4428 4429//4429
f 4430//4430 4432//4432 4433//4433
f 4433//4433 4431//4431 4434//4434
f 4434//4434 4432//4432 4435//4435
f 4434//4434 4435//4435 4436//4436
f 4436//4436 4435//4435 4437//4437
f 4436//4436 4438//4438 4439//4439
f 4441//4441 4443//4443 4447//4447
f 4445//4445 4442//4442 4448//4448
f 4446//4446 4449//4449 4450//4450
f 4451//4451 4452//4452 4445//4445
f 4445//4445 4452//4452 4453//4453
f 4453//4453 4452//4452 4455//4455
f 4454//4454 4455//4455 4456//4456
f 4456//4456 4455//4455 4457//4457
f 4458//4458 4459//4459 4444//4444
f 4445//4445 4460//4460 4440//4440
f 4461//4461 4462//4462 4463//4463
f 4463//4463 4462//4462 4464//4464
f 4463//4463 4464//4464 4465//4465
f 4465//4465 4464//4464 4466//4466
f 4465//4465 4466//4466 4467//4467
f 4465//4465 4467//4467 4468//4468
f 4468//4468 4467//4467 4469//4469
f 4468//4468 4469//4469 4470//4470
f 4470//4470 4471//4471 4468//4468
f 4472//4472 4473//4473 4475//4475
f 4476//4476 4474//4474 4478//4478
f 4475//4475 4477//4477 4479//4479
f 4479//4479 4477//4477 4482//4482
f 4480//4480 4481//4481 4483//4483
f 4483//4483 4484//4484 4480//4480
f 4485//4485 4486//4486 4487//4487
f 4487//4487 4486//4486 4488//4488
f 4487//4487 4488//4488 4489//4489
f 4489//4489 4488//4488 4490//4490
f 4489//4489 4490//4490 4491//4491
f 4491//4491 4490//4490 4492//4492
f 4491//4491 4493//4493 4489//4489
f 4489//4489 4493//4493 4494//4494
f 4489//4489 4494//4494 4487//4487
f 4487//4487 4494//4494 4495//4495
f 4487//4487 4495//4495 4485//4485
f 4485//4485 4495//4495 4496//4496
f 4497//4497 4498//4498 4499//4499
f 4499//4499 4498//4498 4500//4500
f 4499//4499 4500//4500 4501//4501
f 4501//4501 4500//4500 4502//4502
f 4501//4501 4502//4502 4503//4503
f 4500//4500 4504//4504 4502//4502
f 4503//4503 4505//4505 4501//4501
f 4506//4506 4507//4507 4508//4508
f 4508//4508 4507//4507 4509//4509
f 4508//4508 4509//4509 4510//4510
f 4511//4511 4512//4512 4510//4510
f 4510//4510 4512//4512 4513//4513
f 4510//4510 4513//4513 4508//4508
f 4508//4508 4513//4513 4514//4514
f 4508//4508 4514//4514 4515//4515
f 4515//4515 4514//4514 4516//4516
f 4515//4515 4516//4516 4517//4517
f 4512//4512 4518//4518 4513//4513
f 4513//4513 4518//4518 4514//4514
f 4518//4518 4519//4519 4514//4514
f 4514//4514 4519//4519 4520//4520
f 4514//4514 4520//4520 4516//4516
f 4517//4517 4521//4521 4515//4515
f 4515//4515 4521//4521 4506//4506
f 4515//4515 4506//4506 4508//4508
f 4522//4522 4523//4523 4524//4524
f 4524//4524 4523//4523 4525//4525
f 4525//4525 4523//4523 4526//4526
f 4526//4526 4523//4523 4527//4527
f 4526//4526 4527//4527 4528//4528
f 4528//4528 4527//4527 4529//4529
f 4528//4528 4529//4529 4530//4530
f 4530//4530 4529//4529 4531//4531
f 4530//4530 4531//4531 4532//4532
f 4532//4532 4531//4531 4533//4533
f 4527//4527 4534//4534 4529//4529
f 4535//4535 4536//4536 4537//4537
f 4537//4537 4536//4536 4538//4538
f 4537//4537 4538//4538 4539//4539
f 4539//4539 4538//4538 4540//4540
f 4539//4539 4540//4540 4541//4541
f 4541//4541 4540//4540 4542//4542
f 4542//4542 4540//4540 4543//4543
f 4541//4541 4544//4544 4539//4539
f 4545//4545 4546//4546 4547//4547
f 4547//4547 4546//4546 4548//4548
f 4547//4547 4548//4548 4549//4549
f 4549//4549 4548//4548 4550//4550
f 4550//4550 4548//4548 4551//4551
f 4551//4551 4548//4548 4552//4552
f 4552//4552 4548//4548 4553//4553
f 4552//4552 4553//4553 4554//4554
f 4554//4554 4553//4553 4555//4555
f 4555//4555 4553//4553 4556//4556
f 4555//4555 4556//4556 4557//4557
f 4546//4546 4558//4558 4548//4548
f 4548//4548 4558//4558 4553//4553
f 4558//4558 4559//4559 4553//4553
f 4553//4553 4559//4559 4560//4560
f 4553//4553 4560//4560 4556//4556
f 4559//4559 4561//4561 4560//4560
f 4562//4562 4563//4563 4564//4564
f 4564//4564 4563//4563 4565//4565
f 4565//4565 4563//4563 4566//4566
f 4565//4565 4566//4566 4567//4567
f 4567//4567 4566//4566 4568//4568
f 4568//4568 4566//4566 4569//4569
f 4567//4567 4570//4570 4565//4565
f 4572//4572 4573//4573 4574//4574
f 4574//4574 4573//4573 4576//4576
f 4574//4574 4576//4576 4577//4577
f 4577//4577 4575//4575 4579//4579
f 4577//4577 4578//4578 4580//4580
f 4574//4574 4581//4581 4572//4572
f 4572//4572 4581//4581 4584//4584
f 4571//4571 4583//4583 4585//4585
f 4586//4586 4587//4587 4582//4582
f 4581//4581 4588//4588 4584//4584
f 4589//4589 4590//4590 4588//4588
f 4588//4588 4590//4590 4584//4584
f 4591//4591 4592//4592 4593//4593
f 4593//4593 4592//4592 4594//4594
f 4593//4593 4594//4594 4595//4595
f 4595//4595 4596//4596 4593//4593
f 4593//4593 4597//4597 4591//4591
f 4591//4591 4597//4597 4598//4598
f 4591//4591 4598//4598 4599//4599
f 4599//4599 4598//4598 4600//4600
f 4599//4599 4600//4600 4601//4601
f 4599//4599 4601//4601 4602//4602
f 4603//4603 4601//4601 4605//4605
f 4604//4604 4605//4605 4606//4606
f 4606//4606 4605//4605 4607//4607
f 4606//4606 4607//4607 4608//4608
f 4608//4608 4607//4607 4609//4609
f 4608//4608 4609//4609 4610//4610
f 4610//4610 4609//4609 4612//4612
f 4611//4611 4613//4613 4616//4616
f 4617//4617 4618//4618 4616//4616
f 4615//4615 4618//4618 4620//4620
f 4614//4614 4619//4619 4611//4611
f 4621//4621 4622//4622 4617//4617
f 4617//4617 4622//4622 4623//4623
f 4617//4617 4623//4623 4618//4618
f 4618//4618 4623//4623 4619//4619
f 4622//4622 4621//4621 4624//4624
f 4624//4624 4621//4621 4625//4625
f 4624//4624 4625//4625 4626//4626
f 4626//4626 4625//4625 4627//4627
f 4626//4626 4627//4627 4628//4628
f 4628//4628 4627//4627 4629//4629
f 4628//4628 4629//4629 4630//4630
f 4630//4630 4629//4629 4631//4631
f 4630//4630 4631//4631 4632//4632
f 4632//4632 4631//4631 4633//4633
f 4632//4632 4633//4633 4634//4634
f 4634//4634 4633//4633 4635//4635
f 4634//4634 4635//4635 4636//4636
f 4636//4636 4635//4635 4637//4637
f 4636//4636 4637//4637 4638//4638
f 4638//4638 4637//4637 4639//4639
f 4639//4639 4637//4637 4640//4640
f 4639//4639 4640//4640 4641//4641
f 4641//4641 4640//4640 4642//4642
f 4641//4641 4642//4642 4644//4644
f 4644//4644 4643//4643 4645//4645
f 4644//4644 4646//4646 4647//4647
f 4647//4647 4645//4645 4648//4648
f 4647//4647 4649//4649 4650//4650
f 4650//4650 4649//4649 4651//4651
f 4650//4650 4651//4651 4652//4652
f 4652//4652 4651//4651 4654//4654
f 4652//4652 4654//4654 4657//4657
f 4625//4625 4658//4658 4627//4627
f 4627//4627 4658//4658 4629//4629
f 4629//4629 4658//4658 4631//4631
f 4631//4631 4658//4658 4633//4633
f 4635//4635 4659//4659 4637//4637
f 4637//4637 4659//4659 4640//4640
f 4640//4640 4659//4659 4642//4642
f 4642//4642 4659//4659 4660//4660
f 4642//4642 4660//4660 4646//4646
f 4646//4646 4660//4660 4649//4649
f 4660//4660 4661//4661 4649//4649
f 4649//4649 4661//4661 4651//4651
f 4661//4661 4654//4654 4651//4651
f 4662//4662 4663//4663 4656//4656
f 4655//4655 4664//4664 4665//4665
f 4657//4657 4666//4666 4667//4667
f 4657//4657 4667//4667 4652//4652
f 4653//4653 4667//4667 4669//4669
f 4652//4652 4668//4668 4650//4650
f 4638//4638 4670//4670 4636//4636
f 4636//4636 4670//4670 4634//4634
f 4670//4670 4671//4671 4634//4634
f 4634//4634 4671//4671 4632//4632
f 4671//4671 4630//4630 4632//4632
f 4628//4628 4672//4672 4626//4626
f 4626//4626 4672//4672 4624//4624
f 4624//4624 4672//4672 4622//4622
f 4622//4622 4672//4672 4673//4673
f 4622//4622 4673//4673 4623//4623
f 4623//4623 4673//4673 4619//4619
f 4674//4674 4675//4675 4676//4676
f 4676//4676 4675//4675 4677//4677
f 4676//4676 4677//4677 4678//4678
f 4678//4678 4679//4679 4676//4676
f 4676//4676 4679//4679 4680//4680
f 4680//4680 4679//4679 4681//4681
f 4681//4681 4679//4679 4682//4682
f 4681//4681 4682//4682 4683//4683
f 4683//4683 4682//4682 4684//4684
f 4683//4683 4684//4684 4685//4685
f 4685//4685 4684//4684 4686//4686
f 4685//4685 4686//4686 4687//4687
f 4687//4687 4686//4686 4688//4688
f 4688//4688 4686//4686 4689//4689
f 4688//4688 4689//4689 4690//4690
f 4691//4691 4689//4689 4692//4692
f 4690//4690 4693//4693 4694//4694
f 4695//4695 4692//4692 4696//4696
f 4696//4696 4692//4692 4697//4697
f 4696//4696 4697//4697 4698//4698
f 4698//4698 4697//4697 4699//4699
f 4699//4699 4697//4697 4700//4700
f 4699//4699 4700//4700 4701//4701
f 4701//4701 4700//4700 4702//4702
f 4702//4702 4700//4700 4703//4703
f 4702//4702 4703//4703 4704//4704
f 4704//4704 4703//4703 4705//4705
f 4704//4704 4705//4705 4706//4706
f 4706//4706 4705//4705 4707//4707
f 4706//4706 4707//4707 4708//4708
f 4709//4709 4707//4707 4710//4710
f 4708//4708 4711//4711 4712//4712
f 4712//4712 4711//4711 4713//4713
f 4712//4712 4713//4713 4714//4714
f 4712//4712 4714//4714 4715//4715
f 4715//4715 4714//4714 4717//4717
f 4715//4715 4716//4716 4719//4719
f 4719//4719 4718//4718 4721//4721
f 4720//4720 4722//4722 4723//4723
f 4724//4724 4721//4721 4725//4725
f 4723//4723 4725//4725 4726//4726
f 4727//4727 4725//4725 4728//4728
f 4727//4727 4728//4728 4729//4729
f 4729//4729 4728//4728 4730//4730
f 4729//4729 4730//4730 4731//4731
f 4731//4731 4730//4730 4732//4732
f 4731//4731 4732//4732 4733//4733
f 4733//4733 4732//4732 4736//4736
f 4733//4733 4736//4736 4738//4738
f 4725//4725 4740//4740 4728//4728
f 4728//4728 4740//4740 4730//4730
f 4730//4730 4740//4740 4732//4732
f 4732//4732 4740//4740 4741//4741
f 4732//4732 4741//4741 4737//4737
f 4739//4739 4743//4743 4734//4734
f 4735//4735 4742//4742 4744//4744
f 4723//4723 4727//4727 4720//4720
f 4720//4720 4727//4727 4715//4715
f 4745//4745 4746//4746 4747//4747
f 4747//4747 4746//4746 4748//4748
f 4747//4747 4748//4748 4749//4749
f 4749//4749 4748//4748 4750//4750
f 4749//4749 4750//4750 4751//4751
f 4751//4751 4750//4750 4752//4752
f 4751//4751 4752//4752 4753//4753
f 4753//4753 4752//4752 4754//4754
f 4753//4753 4754//4754 4755//4755
f 4756//4756 4757//4757 4745//4745
f 4745//4745 4757//4757 4758//4758
f 4745//4745 4758//4758 4746//4746
f 4746//4746 4758//4758 4759//4759
f 4746//4746 4759//4759 4748//4748
f 4748//4748 4759//4759 4760//4760
f 4748//4748 4760//4760 4750//4750
f 4750//4750 4760//4760 4761//4761
f 4750//4750 4761//4761 4752//4752
f 4752//4752 4761//4761 4762//4762
f 4752//4752 4762//4762 4754//4754
f 4754//4754 4762//4762 4755//4755
f 4756//4756 4763//4763 4757//4757
f 4757//4757 4763//4763 4764//4764
f 4757//4757 4764//4764 4765//4765
f 4765//4765 4764//4764 4766//4766
f 4765//4765 4766//4766 4767//4767
f 4767//4767 4766//4766 4768//4768
f 4767//4767 4768//4768 4769//4769
f 4769//4769 4768//4768 4770//4770
f 4769//4769 4770//4770 4771//4771
f 4771//4771 4770//4770 4772//4772
f 4771//4771 4772//4772 4773//4773
f 4773//4773 4772//4772 4774//4774
f 4773//4773 4774//4774 4775//4775
f 4775//4775 4774//4774 4776//4776
f 4775//4775 4776//4776 4755//4755
f 4763//4763 4777//4777 4764//4764
f 4764//4764 4777//4777 4778//4778
f 4764//4764 4778//4778 4779//4779
f 4779//4779 4778//4778 4780//4780
f 4779//4779 4780//4780 4781//4781
f 4781//4781 4780//4780 4782//4782
f 4781//4781 4782//4782 4783//4783
f 4783//4783 4782//4782 4784//4784
f 4783//4783 4784//4784 4785//4785
f 4785//4785 4784//4784 4786//4786
f 4785//4785 4786//4786 4787//4787
f 4787//4787 4786//4786 4788//4788
f 4787//4787 4788//4788 4789//4789
f 4789//4789 4788//4788 4790//4790
f 4789//4789 4790//4790 4791//4791
f 4791//4791 4790//4790 4792//4792
f 4791//4791 4792//4792 4793//4793
f 4793//4793 4792//4792 4794//4794
f 4793//4793 4794//4794 4795//4795
f 4795//4795 4794//4794 4796//4796
f 4795//4795 4796//4796 4797//4797
f 4797//4797 4796//4796 4798//4798
f 4798//4798 4796//4796 4799//4799
f 4798//4798 4799//4799 4800//4800
f 4800//4800 4799//4799 4801//4801
f 4800//4800 4801//4801 4802//4802
f 4802//4802 4801//4801 4803//4803
f 4803//4803 4801//4801 4804//4804
f 4803//4803 4804//4804 4805//4805
f 4805//4805 4804//4804 4806//4806
f 4805//4805 4806//4806 4807//4807
f 4807//4807 4806//4806 4808//4808
f 4807//4807 4808//4808 4809//4809
f 4809//4809 4808//4808 4810//4810
f 4810//4810 4808//4808 4811//4811
f 4811//4811 4808//4808 4812//4812
f 4811//4811 4812//4812 4813//4813
f 4813//4813 4812//4812 4814//4814
f 4813//4813 4814//4814 4815//4815
f 4815//4815 4814//4814 4816//4816
f 4815//4815 4816//4816 4817//4817
f 4817//4817 4816//4816 4818//4818
f 4817//4817 4818//4818 4819//4819
f 4819//4819 4818//4818 4820//4820
f 4820//4820 4818//4818 4821//4821
f 4820//4820 4821//4821 4822//4822
f 4822//4822 4821//4821 4823//4823
f 4822//4822 4823//4823 4824//4824
f 4824//4824 4823//4823 4825//4825
f 4824//4824 4825//4825 4826//4826
f 4826//4826 4825//4825 4827//4827
f 4826//4826 4827//4827 4828//4828
f 4828//4828 4827//4827 4829//4829
f 4828//4828 4829//4829 4830//4830
f 4830//4830 4829//4829 4831//4831
f 4830//4830 4831//4831 4832//4832
f 4832//4832 4831//4831 4833//4833
f 4832//4832 4833//4833 4834//4834
f 4834//4834 4833//4833 4835//4835
f 4834//4834 4835//4835 4836//4836
f 4836//4836 4835//4835 4837//4837
f 4836//4836 4837//4837 4838//4838
f 4838//4838 4837//4837 4839//4839
f 4838//4838 4839//4839 4840//4840
f 4840//4840 4839//4839 4841//4841
f 4840//4840 4841//4841 4842//4842
f 4842//4842 4841//4841 4843//4843
f 4842//4842 4843//4843 4844//4844
f 4844//4844 4843//4843 4845//4845
f 4844//4844 4845//4845 4846//4846
f 4846//4846 4845//4845 4847//4847
f 4846//4846 4847//4847 4848//4848
f 4848//4848 4847//4847 4849//4849
f 4848//4848 4849//4849 4850//4850
f 4850//4850 4849//4849 4851//4851
f 4850//4850 4851//4851 4852//4852
f 4852//4852 4851//4851 4853//4853
f 4852//4852 4853//4853 4854//4854
f 4854//4854 4853//4853 4855//4855
f 4854//4854 4855//4855 4856//4856
f 4856//4856 4855//4855 4857//4857
f 4856//4856 4857//4857 4858//4858
f 4858//4858 4857//4857 4859//4859
f 4858//4858 4859//4859 4860//4860
f 4860//4860 4859//4859 4861//4861
f 4860//4860 4861//4861 4862//4862
f 4862//4862 4861//4861 4863//4863
f 4862//4862 4863//4863 4864//4864
f 4777//4777 4865//4865 4778//4778
f 4778//4778 4865//4865 4866//4866
f 4778//4778 4866//4866 4867//4867
f 4867//4867 4866//4866 4868//4868
f 4867//4867 4868//4868 4869//4869
f 4867//4867 4869//4869 4870//4870
f 4870//4870 4869//4869 4871//4871
f 4870//4870 4871//4871 4872//4872
f 4872//4872 4871//4871 4873//4873
f 4872//4872 4873//4873 4874//4874
f 4872//4872 4874//4874 4875//4875
f 4875//4875 4874//4874 4876//4876
f 4875//4875 4876//4876 4877//4877
f 4878//4878 4879//4879 4877//4877
f 4877//4877 4879//4879 4875//4875
f 4879//4879 4880//4880 4875//4875
f 4875//4875 4880//4880 4881//4881
f 4875//4875 4881//4881 4872//4872
f 4872//4872 4881//4881 4882//4882
f 4872//4872 4882//4882 4870//4870
f 4870//4870 4882//4882 4883//4883
f 4870//4870 4883//4883 4884//4884
f 4884//4884 4883//4883 4885//4885
f 4884//4884 4885//4885 4886//4886
f 4886//4886 4885//4885 4887//4887
f 4886//4886 4887//4887 4888//4888
f 4888//4888 4887//4887 4889//4889
f 4888//4888 4889//4889 4890//4890
f 4890//4890 4889//4889 4891//4891
f 4890//4890 4891//4891 4892//4892
f 4892//4892 4891//4891 4893//4893
f 4892//4892 4893//4893 4894//4894
f 4894//4894 4893//4893 4895//4895
f 4894//4894 4895//4895 4896//4896
f 4896//4896 4895//4895 4897//4897
f 4896//4896 4897//4897 4898//4898
f 4898//4898 4897//4897 4899//4899
f 4898//4898 4899//4899 4900//4900
f 4900//4900 4899//4899 4901//4901
f 4900//4900 4901//4901 4902//4902
f 4902//4902 4901//4901 4903//4903
f 4902//4902 4903//4903 4904//4904
f 4904//4904 4903//4903 4905//4905
f 4904//4904 4905//4905 4812//4812
f 4812//4812 4905//4905 4814//4814
f 4880//4880 4906//4906 4881//4881
f 4881//4881 4906//4906 4907//4907
f 4881//4881 4907//4907 4882//4882
f 4882//4882 4907//4907 4908//4908
f 4882//4882 4908//4908 4883//4883
f 4883//4883 4908//4908 4909//4909
f 4883//4883 4909//4909 4885//4885
f 4885//4885 4909//4909 4910//4910
f 4885//4885 4910//4910 4887//4887
f 4887//4887 4910//4910 4911//4911
f 4887//4887 4911//4911 4889//4889
f 4889//4889 4911//4911 4912//4912
f 4889//4889 4912//4912 4891//4891
f 4891//4891 4912//4912 4913//4913
f 4891//4891 4913//4913 4893//4893
f 4893//4893 4913//4913 4914//4914
f 4893//4893 4914//4914 4895//4895
f 4895//4895 4914//4914 4915//4915
f 4895//4895 4915//4915 4897//4897
f 4897//4897 4915//4915 4916//4916
f 4897//4897 4916//4916 4899//4899
f 4899//4899 4916//4916 4917//4917
f 4899//4899 4917//4917 4901//4901
f 4901//4901 4917//4917 4918//4918
f 4901//4901 4918//4918 4903//4903
f 4903//4903 4918//4918 4919//4919
f 4903//4903 4919//4919 4905//4905
f 4905//4905 4919//4919 4920//4920
f 4905//4905 4920//4920 4814//4814
f 4814//4814 4920//4920 4816//4816
f 4906//4906 4921//4921 4907//4907
f 4907//4907 4921//4921 4922//4922
f 4907//4907 4922//4922 4908//4908
f 4908//4908 4922//4922 4923//4923
f 4908//4908 4923//4923 4909//4909
f 4909//4909 4923//4923 4924//4924
f 4909//4909 4924//4924 4910//4910
f 4910//4910 4924//4924 4925//4925
f 4910//4910 4925//4925 4911//4911
f 4911//4911 4925//4925 4926//4926
f 4911//4911 4926//4926 4912//4912
f 4912//4912 4926//4926 4927//4927
f 4912//4912 4927//4927 4913//4913
f 4913//4913 4927//4927 4928//4928
f 4913//4913 4928//4928 4914//4914
f 4914//4914 4928//4928 4929//4929
f 4914//4914 4929//4929 4915//4915
f 4915//4915 4929//4929 4930//4930
f 4915//4915 4930//4930 4916//4916
f 4916//4916 4930//4930 4931//4931
f 4916//4916 4931//4931 4917//4917
f 4917//4917 4931//4931 4932//4932
f 4917//4917 4932//4932 4918//4918
f 4918//4918 4932//4932 4933//4933
f 4918//4918 4933//4933 4919//4919
f 4919//4919 4933//4933 4934//4934
f 4919//4919 4934//4934 4920//4920
f 4920//4920 4934//4934 4935//4935
f 4920//4920 4935//4935 4816//4816
f 4816//4816 4935//4935 4818//4818
f 4921//4921 4936//4936 4922//4922
f 4922//4922 4936//4936 4937//4937
f 4922//4922 4937//4937 4923//4923
f 4923//4923 4937//4937 4938//4938
f 4923//4923 4938//4938 4924//4924
f 4924//4924 4938//4938 4939//4939
f 4924//4924 4939//4939 4925//4925
f 4925//4925 4939//4939 4940//4940
f 4925//4925 4940//4940 4926//4926
f 4926//4926 4940//4940 4941//4941
f 4926//4926 4941//4941 4927//4927
f 4927//4927 4941//4941 4942//4942
f 4927//4927 4942//4942 4928//4928
f 4928//4928 4942//4942 4943//4943
f 4928//4928 4943//4943 4929//4929
f 4929//4929 4943//4943 4944//4944
f 4929//4929 4944//4944 4930//4930
f 4930//4930 4944//4944 4945//4945
f 4930//4930 4945//4945 4931//4931
f 4931//4931 4945//4945 4946//4946
f 4931//4931 4946//4946 4932//4932
f 4932//4932 4946//4946 4947//4947
f 4932//4932 4947//4947 4933//4933
f 4933//4933 4947//4947 4948//4948
f 4933//4933 4948//4948 4934//4934
f 4934//4934 4948//4948 4949//4949
f 4934//4934 4949//4949 4935//4935
f 4935//4935 4949//4949 4950//4950
f 4935//4935 4950//4950 4818//4818
f 4818//4818 4950//4950 4821//4821
f 4936//4936 4951//4951 4937//4937
f 4937//4937 4951//4951 4952//4952
f 4937//4937 4952//4952 4953//4953
f 4953//4953 4952//4952 4954//4954
f 4953//4953 4954//4954 4955//4955
f 4955//4955 4954//4954 4956//4956
f 4955//4955 4956//4956 4957//4957
f 4957//4957 4956//4956 4958//4958
f 4957//4957 4958//4958 4959//4959
f 4959//4959 4958//4958 4960//4960
f 4959//4959 4960//4960 4961//4961
f 4961//4961 4960//4960 4962//4962
f 4961//4961 4962//4962 4963//4963
f 4963//4963 4962//4962 4964//4964
f 4963//4963 4964//4964 4965//4965
f 4965//4965 4964//4964 4966//4966
f 4965//4965 4966//4966 4967//4967
f 4968//4968 4969//4969 4967//4967
f 4967//4967 4969//4969 4970//4970
f 4967//4967 4970//4970 4965//4965
f 4965//4965 4970//4970 4971//4971
f 4965//4965 4971//4971 4972//4972
f 4972//4972 4971//4971 4973//4973
f 4972//4972 4973//4973 4974//4974
f 4974//4974 4973//4973 4975//4975
f 4974//4974 4975//4975 4976//4976
f 4976//4976 4975//4975 4977//4977
f 4976//4976 4977//4977 4978//4978
f 4978//4978 4977//4977 4979//4979
f 4978//4978 4979//4979 4980//4980
f 4980//4980 4979//4979 4981//4981
f 4980//4980 4981//4981 4982//4982
f 4982//4982 4981//4981 4983//4983
f 4982//4982 4983//4983 4944//4944
f 4944//4944 4983//4983 4945//4945
f 4969//4969 4968//4968 4984//4984
f 4984//4984 4968//4968 4985//4985
f 4984//4984 4985//4985 4986//4986
f 4986//4986 4985//4985 4987//4987
f 4986//4986 4987//4987 4988//4988
f 4988//4988 4987//4987 4989//4989
f 4988//4988 4989//4989 4990//4990
f 4990//4990 4989//4989 4991//4991
f 4990//4990 4991//4991 4992//4992
f 4992//4992 4991//4991 4993//4993
f 4992//4992 4993//4993 4994//4994
f 4994//4994 4993//4993 4995//4995
f 4994//4994 4995//4995 4996//4996
f 4996//4996 4995//4995 4997//4997
f 4997//4997 4995//4995 4993//4993
f 4997//4997 4993//4993 4998//4998
f 4998//4998 4993//4993 4999//4999
f 4998//4998 4999//4999 5000//5000
f 5000//5000 4999//4999 5001//5001
f 5000//5000 5001//5001 5002//5002
f 5002//5002 5001//5001 5003//5003
f 5002//5002 5003//5003 5004//5004
f 4985//4985 5005//5005 4987//4987
f 4987//4987 5005//5005 4989//4989
f 4989//4989 5005//5005 5006//5006
f 5006//5006 5005//5005 5007//5007
f 5006//5006 5007//5007 5001//5001
f 5001//5001 5007//5007 5003//5003
f 5008//5008 5009//5009 5004//5004
f 5004//5004 5009//5009 5010//5010
f 5004//5004 5010//5010 5002//5002
f 5002//5002 5010//5010 5000//5000
f 5011//5011 5012//5012 5008//5008
f 5008//5008 5012//5012 5013//5013
f 5008//5008 5013//5013 5014//5014
f 5014//5014 5013//5013 5015//5015
f 5014//5014 5015//5015 5008//5008
f 5008//5008 5015//5015 5009//5009
f 4850//4850 4856//4856 5011//5011
f 5011//5011 4856//4856 4858//4858
f 5011//5011 4858//4858 5016//5016
f 5016//5016 4858//4858 4860//4860
f 5016//5016 4860//4860 5017//5017
f 5017//5017 4860//4860 4862//4862
f 5017//5017 4862//4862 5018//5018
f 5018//5018 4862//4862 5019//5019
f 5018//5018 5019//5019 5020//5020
f 5020//5020 5019//5019 5021//5021
f 5020//5020 5021//5021 5022//5022
f 5022//5022 5021//5021 5023//5023
f 5022//5022 5023//5023 5024//5024
f 5024//5024 5023//5023 5025//5025
f 5024//5024 5025//5025 5010//5010
f 5010//5010 5025//5025 5000//5000
f 4846//4846 5026//5026 4844//4844
f 4844//4844 5026//5026 4842//4842
f 4842//4842 5026//5026 4840//4840
f 4840//4840 5026//5026 5027//5027
f 4840//4840 5027//5027 4838//4838
f 4838//4838 5027//5027 5028//5028
f 4838//4838 5028//5028 4836//4836
f 4836//4836 5028//5028 4834//4834
f 5028//5028 5029//5029 4834//4834
f 4834//4834 5029//5029 4832//4832
f 5029//5029 5030//5030 4832//4832
f 4832//4832 5030//5030 4830//4830
f 4830//4830 5030//5030 4828//4828
f 4828//4828 5030//5030 5031//5031
f 4828//4828 5031//5031 4826//4826
f 4826//4826 5031//5031 4824//4824
f 4809//4809 5032//5032 4807//4807
f 4807//4807 5032//5032 5033//5033
f 4807//4807 5033//5033 5034//5034
f 5032//5032 5035//5035 5033//5033
f 5034//5034 5036//5036 4807//4807
f 4807//4807 5036//5036 4805//4805
f 4802//4802 5037//5037 4800//4800
f 4800//4800 5037//5037 4798//4798
f 4795//4795 4797//4797 5038//5038
f 5038//5038 4797//4797 5039//5039
f 5038//5038 5039//5039 5040//5040
f 5040//5040 5039//5039 5041//5041
f 5040//5040 5041//5041 5042//5042
f 5040//5040 5042//5042 5043//5043
f 5043//5043 5042//5042 5044//5044
f 5043//5043 5044//5044 5045//5045
f 5045//5045 5044//5044 5046//5046
f 5045//5045 5046//5046 5047//5047
f 5047//5047 5046//5046 5048//5048
f 5047//5047 5048//5048 5049//5049
f 5049//5049 5048//5048 5050//5050
f 5049//5049 5050//5050 5051//5051
f 5051//5051 5050//5050 4755//4755
f 5052//5052 5053//5053 5054//5054
f 5054//5054 5053//5053 5055//5055
f 5054//5054 5055//5055 5056//5056
f 5056//5056 5055//5055 5057//5057
f 5056//5056 5057//5057 5058//5058
f 5058//5058 5057//5057 5059//5059
f 5058//5058 5059//5059 5060//5060
f 5060//5060 5059//5059 4845//4845
f 5060//5060 4845//4845 4843//4843
f 5061//5061 5062//5062 5052//5052
f 5052//5052 5062//5062 5063//5063
f 5052//5052 5063//5063 5053//5053
f 5053//5053 5063//5063 5055//5055
f 5062//5062 5061//5061 4861//4861
f 4861//4861 5061//5061 4863//4863
f 5064//5064 5065//5065 4864//4864
f 4864//4864 5065//5065 5019//5019
f 4864//4864 5019//5019 4862//4862
f 5065//5065 5064//5064 5066//5066
f 5066//5066 5064//5064 5067//5067
f 5066//5066 5067//5067 5068//5068
f 5068//5068 5067//5067 5069//5069
f 5068//5068 5069//5069 5025//5025
f 5025//5025 5069//5069 4998//4998
f 5025//5025 4998//4998 5000//5000
f 5069//5069 5070//5070 4998//4998
f 4998//4998 5070//5070 4997//4997
f 4996//4996 5071//5071 4994//4994
f 4994//4994 5071//5071 5072//5072
f 4994//4994 5072//5072 4992//4992
f 4992//4992 5072//5072 5073//5073
f 4992//4992 5073//5073 4990//4990
f 4990//4990 5073//5073 5074//5074
f 4990//4990 5074//5074 4988//4988
f 4988//4988 5074//5074 5075//5075
f 4988//4988 5075//5075 4986//4986
f 4986//4986 5075//5075 4984//4984
f 5076//5076 5077//5077 5071//5071
f 5071//5071 5077//5077 5078//5078
f 5071//5071 5078//5078 5072//5072
f 5072//5072 5078//5078 5073//5073
f 5079//5079 5080//5080 5076//5076
f 5076//5076 5080//5080 5081//5081
f 5076//5076 5081//5081 5077//5077
f 5077//5077 5081//5081 5082//5082
f 5077//5077 5082//5082 5083//5083
f 5083//5083 5082//5082 5084//5084
f 5083//5083 5084//5084 5074//5074
f 5074//5074 5084//5084 5075//5075
f 5079//5079 5085//5085 5080//5080
f 5080//5080 5085//5085 5086//5086
f 5080//5080 5086//5086 5087//5087
f 5087//5087 5086//5086 5088//5088
f 5087//5087 5088//5088 5089//5089
f 5089//5089 5090//5090 5087//5087
f 5087//5087 5090//5090 5091//5091
f 5087//5087 5091//5091 5092//5092
f 5087//5087 5092//5092 5093//5093
f 5093//5093 5092//5092 5094//5094
f 5093//5093 5094//5094 5095//5095
f 5093//5093 5095//5095 5096//5096
f 5096//5096 5095//5095 5097//5097
f 5096//5096 5097//5097 5098//5098
f 5096//5096 5098//5098 5099//5099
f 5099//5099 5098//5098 5100//5100
f 5099//5099 5100//5100 5101//5101
f 5099//5099 5101//5101 5102//5102
f 5102//5102 5101//5101 5103//5103
f 5102//5102 5103//5103 5104//5104
f 5104//5104 5105//5105 5102//5102
f 5102//5102 5105//5105 5106//5106
f 5102//5102 5106//5106 5107//5107
f 5107//5107 5106//5106 5108//5108
f 5107//5107 5108//5108 5109//5109
f 5110//5110 5111//5111 5109//5109
f 5109//5109 5111//5111 5112//5112
f 5109//5109 5112//5112 5113//5113
f 5113//5113 5112//5112 5114//5114
f 5113//5113 5114//5114 5115//5115
f 5115//5115 5114//5114 5116//5116
f 5115//5115 5116//5116 5117//5117
f 5117//5117 5116//5116 4833//4833
f 5117//5117 4833//4833 4831//4831
f 5118//5118 5119//5119 5110//5110
f 5110//5110 5119//5119 5120//5120
f 5110//5110 5120//5120 5111//5111
f 5111//5111 5120//5120 5121//5121
f 5111//5111 5121//5121 5122//5122
f 5122//5122 5121//5121 5123//5123
f 5122//5122 5123//5123 5124//5124
f 5124//5124 5123//5123 4837//4837
f 5124//5124 4837//4837 4835//4835
f 5119//5119 5118//5118 5058//5058
f 5058//5058 5118//5118 5056//5056
f 5051//5051 4755//4755 5125//5125
f 5125//5125 4755//4755 5126//5126
f 5126//5126 4755//4755 5127//5127
f 5127//5127 4755//4755 5128//5128
f 5128//5128 4755//4755 4776//4776
f 4775//4775 4755//4755 5129//5129
f 5129//5129 4755//4755 5130//5130
f 5130//5130 4755//4755 5131//5131
f 5131//5131 4755//4755 5132//5132
f 5132//5132 4755//4755 5133//5133
f 5133//5133 4755//4755 4762//4762
f 5134//5134 5011//5011 5135//5135
f 5135//5135 5011//5011 5016//5016
f 5135//5135 5016//5016 5017//5017
f 4856//4856 4850//4850 4854//4854
f 4854//4854 4850//4850 4852//4852
f 4758//4758 4757//4757 5136//5136
f 5136//5136 4757//4757 4765//4765
f 5136//5136 4765//4765 4767//4767
f 4759//4759 4758//4758 5137//5137
f 5137//5137 4758//4758 5136//5136
f 5137//5137 5136//5136 5138//5138
f 5138//5138 5136//5136 4767//4767
f 5138//5138 4767//4767 4769//4769
f 4760//4760 4759//4759 5139//5139
f 5139//5139 4759//4759 5137//5137
f 5139//5139 5137//5137 5140//5140
f 5140//5140 5137//5137 5138//5138
f 5140//5140 5138//5138 5141//5141
f 5141//5141 5138//5138 4769//4769
f 5141//5141 4769//4769 4771//4771
f 5133//5133 4762//4762 4761//4761
f 4761//4761 4760//4760 5142//5142
f 5142//5142 4760//4760 5139//5139
f 5142//5142 5139//5139 5143//5143
f 5143//5143 5139//5139 5140//5140
f 5143//5143 5140//5140 5144//5144
f 5144//5144 5140//5140 5141//5141
f 5144//5144 5141//5141 5145//5145
f 5145//5145 5141//5141 4771//4771
f 5145//5145 4771//4771 4773//4773
f 5024//5024 5010//5010 5009//5009
f 5006//5006 5001//5001 4999//4999
f 4989//4989 5006//5006 4991//4991
f 4991//4991 5006//5006 4999//4999
f 4991//4991 4999//4999 4993//4993
f 5083//5083 5074//5074 5073//5073
f 5084//5084 5146//5146 5147//5147
f 5147//5147 5146//5146 5148//5148
f 5147//5147 5148//5148 4969//4969
f 4969//4969 5148//5148 4970//4970
f 5146//5146 5149//5149 5148//5148
f 5148//5148 5149//5149 4971//4971
f 5148//5148 4971//4971 4970//4970
f 5084//5084 5082//5082 5146//5146
f 5146//5146 5082//5082 5150//5150
f 5146//5146 5150//5150 5149//5149
f 5149//5149 5150//5150 5151//5151
f 5149//5149 5151//5151 4973//4973
f 4973//4973 5151//5151 4975//4975
f 5149//5149 4973//4973 4971//4971
f 4974//4974 5152//5152 5153//5153
f 5153//5153 5152//5152 5154//5154
f 5153//5153 5154//5154 4961//4961
f 4961//4961 5154//5154 4959//4959
f 5152//5152 5155//5155 5154//5154
f 5154//5154 5155//5155 5156//5156
f 5154//5154 5156//5156 4959//4959
f 4959//4959 5156//5156 4957//4957
f 4974//4974 4976//4976 5152//5152
f 5152//5152 4976//4976 5157//5157
f 5152//5152 5157//5157 5155//5155
f 5155//5155 5157//5157 5158//5158
f 5155//5155 5158//5158 5159//5159
f 5159//5159 5158//5158 5160//5160
f 5159//5159 5160//5160 5161//5161
f 5161//5161 5160//5160 4940//4940
f 5161//5161 4940//4940 4939//4939
f 5155//5155 5159//5159 5156//5156
f 5156//5156 5159//5159 5162//5162
f 5156//5156 5162//5162 4957//4957
f 4957//4957 5162//5162 4955//4955
f 5159//5159 5161//5161 5162//5162
f 5162//5162 5161//5161 5163//5163
f 5162//5162 5163//5163 4955//4955
f 4955//4955 5163//5163 4953//4953
f 5161//5161 4939//4939 5163//5163
f 5163//5163 4939//4939 4938//4938
f 5163//5163 4938//4938 4953//4953
f 4953//4953 4938//4938 4937//4937
f 4780//4780 4778//4778 4867//4867
f 4867//4867 4870//4870 5164//5164
f 5164//5164 4870//4870 4884//4884
f 5164//5164 4884//4884 5165//5165
f 5165//5165 4884//4884 4886//4886
f 5165//5165 4886//4886 5166//5166
f 5166//5166 4886//4886 4888//4888
f 5166//5166 4888//4888 5167//5167
f 5167//5167 4888//4888 4890//4890
f 5167//5167 4890//4890 5168//5168
f 5168//5168 4890//4890 4892//4892
f 5168//5168 4892//4892 5169//5169
f 5169//5169 4892//4892 4894//4894
f 5169//5169 4894//4894 5170//5170
f 5170//5170 4894//4894 4896//4896
f 5170//5170 4896//4896 5171//5171
f 5171//5171 4896//4896 4898//4898
f 5171//5171 4898//4898 4799//4799
f 4799//4799 4898//4898 4900//4900
f 4799//4799 4900//4900 4801//4801
f 4801//4801 4900//4900 4902//4902
f 4801//4801 4902//4902 4806//4806
f 4806//4806 4902//4902 4904//4904
f 4806//4806 4904//4904 4808//4808
f 4808//4808 4904//4904 4812//4812
f 4766//4766 4764//4764 4779//4779
f 5132//5132 5133//5133 5142//5142
f 5142//5142 5133//5133 4761//4761
f 5132//5132 5142//5142 5143//5143
f 4974//4974 5153//5153 4972//4972
f 4972//4972 5153//5153 4963//4963
f 4972//4972 4963//4963 4965//4965
f 4963//4963 5153//5153 4961//4961
f 4984//4984 5075//5075 5147//5147
f 5147//5147 5075//5075 5084//5084
f 4984//4984 5147//5147 4969//4969
f 5022//5022 5024//5024 5015//5015
f 5015//5015 5024//5024 5009//5009
f 5022//5022 5015//5015 5013//5013
f 5068//5068 5025//5025 5023//5023
f 5077//5077 5083//5083 5078//5078
f 5078//5078 5083//5083 5073//5073
f 5082//5082 5081//5081 5150//5150
f 5150//5150 5081//5081 5172//5172
f 5150//5150 5172//5172 5151//5151
f 5151//5151 5172//5172 5173//5173
f 5151//5151 5173//5173 4975//4975
f 4975//4975 5173//5173 4977//4977
f 4976//4976 4978//4978 5157//5157
f 5157//5157 4978//4978 5174//5174
f 5157//5157 5174//5174 5158//5158
f 5158//5158 5174//5174 5175//5175
f 5158//5158 5175//5175 5160//5160
f 5160//5160 5175//5175 4941//4941
f 5160//5160 4941//4941 4940//4940
f 4782//4782 4780//4780 5164//5164
f 5164//5164 4780//4780 4867//4867
f 4782//4782 5164//5164 5165//5165
f 4766//4766 4779//4779 5176//5176
f 5176//5176 4779//4779 4781//4781
f 5176//5176 4781//4781 5177//5177
f 5177//5177 4781//4781 4783//4783
f 5177//5177 4783//4783 5178//5178
f 5178//5178 4783//4783 4785//4785
f 5178//5178 4785//4785 5179//5179
f 5179//5179 4785//4785 4787//4787
f 5179//5179 4787//4787 5180//5180
f 5180//5180 4787//4787 4789//4789
f 5180//5180 4789//4789 5181//5181
f 5181//5181 4789//4789 4791//4791
f 5181//5181 4791//4791 5182//5182
f 5182//5182 4791//4791 4793//4793
f 5182//5182 4793//4793 5183//5183
f 5183//5183 4793//4793 4795//4795
f 5183//5183 4795//4795 5040//5040
f 5040//5040 4795//4795 5038//5038
f 5131//5131 5132//5132 5143//5143
f 5131//5131 5143//5143 5144//5144
f 5062//5062 4861//4861 4859//4859
f 5063//5063 5062//5062 4859//4859
f 5063//5063 4859//4859 4857//4857
f 5126//5126 5184//5184 5125//5125
f 5125//5125 5184//5184 5185//5185
f 5125//5125 5185//5185 5051//5051
f 5051//5051 5185//5185 5049//5049
f 5184//5184 5186//5186 5185//5185
f 5185//5185 5186//5186 5187//5187
f 5185//5185 5187//5187 5049//5049
f 5049//5049 5187//5187 5047//5047
f 5184//5184 5126//5126 5188//5188
f 5188//5188 5126//5126 5127//5127
f 5188//5188 5127//5127 5189//5189
f 5189//5189 5127//5127 5128//5128
f 5189//5189 5128//5128 5190//5190
f 5190//5190 5128//5128 4776//4776
f 5190//5190 4776//4776 4774//4774
f 5186//5186 5191//5191 5187//5187
f 5187//5187 5191//5191 5192//5192
f 5187//5187 5192//5192 5047//5047
f 5047//5047 5192//5192 5045//5045
f 5186//5186 5184//5184 5193//5193
f 5193//5193 5184//5184 5188//5188
f 5193//5193 5188//5188 5194//5194
f 5194//5194 5188//5188 5189//5189
f 5194//5194 5189//5189 5195//5195
f 5195//5195 5189//5189 5190//5190
f 5195//5195 5190//5190 5196//5196
f 5196//5196 5190//5190 4774//4774
f 5196//5196 4774//4774 4772//4772
f 5191//5191 5197//5197 5192//5192
f 5192//5192 5197//5197 5198//5198
f 5192//5192 5198//5198 5045//5045
f 5045//5045 5198//5198 5043//5043
f 5191//5191 5186//5186 5199//5199
f 5199//5199 5186//5186 5193//5193
f 5199//5199 5193//5193 5200//5200
f 5200//5200 5193//5193 5194//5194
f 5200//5200 5194//5194 5201//5201
f 5201//5201 5194//5194 5195//5195
f 5201//5201 5195//5195 5202//5202
f 5202//5202 5195//5195 5196//5196
f 5202//5202 5196//5196 5203//5203
f 5203//5203 5196//5196 4772//4772
f 5203//5203 4772//4772 4770//4770
f 5197//5197 5183//5183 5198//5198
f 5198//5198 5183//5183 5040//5040
f 5198//5198 5040//5040 5043//5043
f 5197//5197 5191//5191 5204//5204
f 5204//5204 5191//5191 5199//5199
f 5204//5204 5199//5199 5205//5205
f 5205//5205 5199//5199 5200//5200
f 5205//5205 5200//5200 5206//5206
f 5206//5206 5200//5200 5201//5201
f 5206//5206 5201//5201 5207//5207
f 5207//5207 5201//5201 5202//5202
f 5207//5207 5202//5202 5208//5208
f 5208//5208 5202//5202 5203//5203
f 5208//5208 5203//5203 5209//5209
f 5209//5209 5203//5203 4770//4770
f 5209//5209 4770//4770 4768//4768
f 5183//5183 5197//5197 5182//5182
f 5182//5182 5197//5197 5204//5204
f 5182//5182 5204//5204 5181//5181
f 5181//5181 5204//5204 5205//5205
f 5181//5181 5205//5205 5180//5180
f 5180//5180 5205//5205 5206//5206
f 5180//5180 5206//5206 5179//5179
f 5179//5179 5206//5206 5207//5207
f 5179//5179 5207//5207 5178//5178
f 5178//5178 5207//5207 5208//5208
f 5178//5178 5208//5208 5177//5177
f 5177//5177 5208//5208 5209//5209
f 5177//5177 5209//5209 5176//5176
f 5176//5176 5209//5209 4768//4768
f 5176//5176 4768//4768 4766//4766
f 5171//5171 4799//4799 4796//4796
f 5171//5171 4796//4796 4794//4794
f 4948//4948 5210//5210 4949//4949
f 4949//4949 5210//5210 5211//5211
f 4949//4949 5211//5211 4950//4950
f 4950//4950 5211//5211 5212//5212
f 4950//4950 5212//5212 4821//4821
f 4821//4821 5212//5212 4823//4823
f 5210//5210 5213//5213 5211//5211
f 5211//5211 5213//5213 5214//5214
f 5211//5211 5214//5214 5212//5212
f 5212//5212 5214//5214 5215//5215
f 5212//5212 5215//5215 4823//4823
f 4823//4823 5215//5215 4825//4825
f 5210//5210 4948//4948 5216//5216
f 5216//5216 4948//4948 4947//4947
f 5216//5216 4947//4947 5217//5217
f 5217//5217 4947//4947 4946//4946
f 5217//5217 4946//4946 5218//5218
f 5218//5218 4946//4946 4945//4945
f 5218//5218 4945//4945 4983//4983
f 5213//5213 5219//5219 5214//5214
f 5214//5214 5219//5219 5220//5220
f 5214//5214 5220//5220 5215//5215
f 5215//5215 5220//5220 4827//4827
f 5215//5215 4827//4827 4825//4825
f 5213//5213 5210//5210 5221//5221
f 5221//5221 5210//5210 5216//5216
f 5221//5221 5216//5216 5222//5222
f 5222//5222 5216//5216 5217//5217
f 5222//5222 5217//5217 5223//5223
f 5223//5223 5217//5217 5218//5218
f 5223//5223 5218//5218 5224//5224
f 5224//5224 5218//5218 4983//4983
f 5224//5224 4983//4983 4981//4981
f 5219//5219 5225//5225 5220//5220
f 5220//5220 5225//5225 5226//5226
f 5220//5220 5226//5226 4827//4827
f 4827//4827 5226//5226 4829//4829
f 5219//5219 5213//5213 5227//5227
f 5227//5227 5213//5213 5221//5221
f 5227//5227 5221//5221 5228//5228
f 5228//5228 5221//5221 5222//5222
f 5228//5228 5222//5222 5229//5229
f 5229//5229 5222//5222 5223//5223
f 5229//5229 5223//5223 5230//5230
f 5230//5230 5223//5223 5224//5224
f 5230//5230 5224//5224 5231//5231
f 5231//5231 5224//5224 4981//4981
f 5231//5231 4981//4981 4979//4979
f 5225//5225 5232//5232 5226//5226
f 5226//5226 5232//5232 5233//5233
f 5226//5226 5233//5233 4829//4829
f 4829//4829 5233//5233 4831//4831
f 5225//5225 5219//5219 5234//5234
f 5234//5234 5219//5219 5227//5227
f 5234//5234 5227//5227 5235//5235
f 5235//5235 5227//5227 5228//5228
f 5235//5235 5228//5228 5236//5236
f 5236//5236 5228//5228 5229//5229
f 5236//5236 5229//5229 5237//5237
f 5237//5237 5229//5229 5230//5230
f 5237//5237 5230//5230 5238//5238
f 5238//5238 5230//5230 5231//5231
f 5238//5238 5231//5231 5239//5239
f 5239//5239 5231//5231 4979//4979
f 5239//5239 4979//4979 4977//4977
f 5232//5232 5240//5240 5233//5233
f 5233//5233 5240//5240 5117//5117
f 5233//5233 5117//5117 4831//4831
f 5232//5232 5225//5225 5241//5241
f 5241//5241 5225//5225 5234//5234
f 5241//5241 5234//5234 5242//5242
f 5242//5242 5234//5234 5235//5235
f 5242//5242 5235//5235 5243//5243
f 5243//5243 5235//5235 5236//5236
f 5243//5243 5236//5236 5244//5244
f 5244//5244 5236//5236 5237//5237
f 5244//5244 5237//5237 5245//5245
f 5245//5245 5237//5237 5238//5238
f 5245//5245 5238//5238 5246//5246
f 5246//5246 5238//5238 5239//5239
f 5246//5246 5239//5239 5173//5173
f 5173//5173 5239//5239 4977//4977
f 5117//5117 5240//5240 5115//5115
f 5115//5115 5240//5240 5247//5247
f 5115//5115 5247//5247 5113//5113
f 5113//5113 5247//5247 5107//5107
f 5113//5113 5107//5107 5109//5109
f 5240//5240 5232//5232 5248//5248
f 5248//5248 5232//5232 5241//5241
f 5248//5248 5241//5241 5102//5102
f 5102//5102 5241//5241 5242//5242
f 5102//5102 5242//5242 5099//5099
f 5099//5099 5242//5242 5243//5243
f 5099//5099 5243//5243 5096//5096
f 5096//5096 5243//5243 5244//5244
f 5096//5096 5244//5244 5093//5093
f 5093//5093 5244//5244 5245//5245
f 5093//5093 5245//5245 5087//5087
f 5087//5087 5245//5245 5246//5246
f 5087//5087 5246//5246 5172//5172
f 5172//5172 5246//5246 5173//5173
f 5116//5116 5114//5114 5124//5124
f 5124//5124 5114//5114 5122//5122
f 5111//5111 5122//5122 5112//5112
f 5112//5112 5122//5122 5114//5114
f 5121//5121 5249//5249 5250//5250
f 5250//5250 5249//5249 5251//5251
f 5250//5250 5251//5251 4841//4841
f 4841//4841 5251//5251 4843//4843
f 5249//5249 5252//5252 5251//5251
f 5251//5251 5252//5252 5060//5060
f 5251//5251 5060//5060 4843//4843
f 5121//5121 5120//5120 5249//5249
f 5249//5249 5120//5120 5119//5119
f 5249//5249 5119//5119 5252//5252
f 5252//5252 5119//5119 5058//5058
f 5252//5252 5058//5058 5060//5060
f 5057//5057 5253//5253 5254//5254
f 5254//5254 5253//5253 4851//4851
f 5254//5254 4851//4851 4849//4849
f 4855//4855 4853//4853 5253//5253
f 5253//5253 4853//4853 4851//4851
f 5253//5253 5057//5057 5255//5255
f 5255//5255 5057//5057 5055//5055
f 5255//5255 5055//5055 5063//5063
f 5057//5057 5254//5254 5059//5059
f 5059//5059 5254//5254 4847//4847
f 5059//5059 4847//4847 4845//4845
f 4847//4847 5254//5254 4849//4849
f 5121//5121 5250//5250 5123//5123
f 5123//5123 5250//5250 4839//4839
f 5123//5123 4839//4839 4837//4837
f 4839//4839 5250//5250 4841//4841
f 4833//4833 5116//5116 4835//4835
f 4835//4835 5116//5116 5124//5124
f 4804//4804 4801//4801 4806//4806
f 5170//5170 5171//5171 4794//4794
f 5170//5170 4794//4794 4792//4792
f 5107//5107 5247//5247 5248//5248
f 5248//5248 5247//5247 5240//5240
f 5107//5107 5248//5248 5102//5102
f 4857//4857 4855//4855 5255//5255
f 5255//5255 4855//4855 5253//5253
f 4857//4857 5255//5255 5063//5063
f 5134//5134 5135//5135 5017//5017
f 5134//5134 5017//5017 5018//5018
f 5011//5011 5134//5134 5012//5012
f 5012//5012 5134//5134 5018//5018
f 5012//5012 5018//5018 5020//5020
f 5021//5021 5019//5019 5065//5065
f 5023//5023 5021//5021 5066//5066
f 5066//5066 5021//5021 5065//5065
f 5068//5068 5023//5023 5066//5066
f 5013//5013 5012//5012 5020//5020
f 5013//5013 5020//5020 5022//5022
f 5087//5087 5172//5172 5081//5081
f 5080//5080 5087//5087 5081//5081
f 4978//4978 4980//4980 5174//5174
f 5174//5174 4980//4980 5256//5256
f 5174//5174 5256//5256 5175//5175
f 5175//5175 5256//5256 4942//4942
f 5175//5175 4942//4942 4941//4941
f 4784//4784 4782//4782 5165//5165
f 4784//4784 5165//5165 5166//5166
f 5130//5130 5131//5131 5144//5144
f 5130//5130 5144//5144 5145//5145
f 4943//4943 4942//4942 5256//5256
f 4943//4943 5256//5256 4982//4982
f 4982//4982 5256//5256 4980//4980
f 4786//4786 4784//4784 5166//5166
f 4786//4786 5166//5166 5167//5167
f 5129//5129 5130//5130 5145//5145
f 5129//5129 5145//5145 4773//4773
f 4944//4944 4943//4943 4982//4982
f 4788//4788 4786//4786 5167//5167
f 4788//4788 5167//5167 5168//5168
f 4775//4775 5129//5129 4773//4773
f 4790//4790 4788//4788 5168//5168
f 4790//4790 5168//5168 5169//5169
f 4792//4792 4790//4790 5169//5169
f 4792//4792 5169//5169 5170//5170
f 5257//5257 5258//5258 5259//5259
f 5259//5259 5258//5258 5260//5260
f 5259//5259 5260//5260 5261//5261
f 5261//5261 5260//5260 5262//5262
f 5261//5261 5262//5262 5263//5263
f 5263//5263 5262//5262 5264//5264
f 5263//5263 5264//5264 5265//5265
f 5265//5265 5264//5264 5266//5266
f 5265//5265 5266//5266 5267//5267
f 5267//5267 5266//5266 5268//5268
f 5268//5268 5266//5266 5269//5269
f 5268//5268 5269//5269 5270//5270
f 5270//5270 5269//5269 5271//5271
f 5270//5270 5271//5271 5272//5272
f 5264//5264 5271//5271 5266//5266
f 5266//5266 5271//5271 5269//5269
f 5273//5273 5274//5274 5272//5272
f 5272//5272 5274//5274 5275//5275
f 5272//5272 5275//5275 5276//5276
f 5276//5276 5275//5275 5277//5277
f 5276//5276 5277//5277 5278//5278
f 5278//5278 5277//5277 5279//5279
f 5278//5278 5279//5279 5272//5272
f 5272//5272 5279//5279 5270//5270
f 5280//5280 5281//5281 5273//5273
f 5273//5273 5281//5281 5282//5282
f 5273//5273 5282//5282 5274//5274
f 5274//5274 5282//5282 5283//5283
f 5274//5274 5283//5283 5277//5277
f 5284//5284 5285//5285 5280//5280
f 5280//5280 5285//5285 5286//5286
f 5280//5280 5286//5286 5281//5281
f 5281//5281 5286//5286 5287//5287
f 5281//5281 5287//5287 5283//5283
f 5285//5285 5284//5284 5288//5288
f 5288//5288 5284//5284 5289//5289
f 5288//5288 5289//5289 5290//5290
f 5290//5290 5289//5289 5291//5291
f 5290//5290 5291//5291 5292//5292
f 5287//5287 5285//5285 5292//5292
f 5292//5292 5285//5285 5288//5288
f 5292//5292 5288//5288 5290//5290
f 5279//5279 5277//5277 5270//5270
f 5270//5270 5277//5277 5268//5268
f 5265//5265 5267//5267 5263//5263
f 5263//5263 5267//5267 5257//5257
f 5263//5263 5257//5257 5261//5261
f 5261//5261 5257//5257 5259//5259
f 5285//5285 5287//5287 5286//5286
f 5272//5272 5276//5276 5278//5278
f 5274//5274 5277//5277 5275//5275
f 5281//5281 5283//5283 5282//5282
f 5293//5293 5294//5294 5295//5295
f 5295//5295 5294//5294 5296//5296
f 5295//5295 5296//5296 5297//5297
f 5298//5298 5299//5299 5294//5294
f 5294//5294 5299//5299 5300//5300
f 5294//5294 5300//5300 5301//5301
f 5299//5299 5302//5302 5300//5300
f 5300//5300 5302//5302 5303//5303
f 5303//5303 5302//5302 5304//5304
f 5304//5304 5302//5302 5305//5305
f 5301//5301 5296//5296 5294//5294
f 5295//5295 5297//5297 5306//5306
f 5306//5306 5297//5297 5307//5307
f 5306//5306 5307//5307 5308//5308
f 5309//5309 5310//5310 5311//5311
f 5311//5311 5310//5310 5312//5312
f 5311//5311 5312//5312 5313//5313
f 5313//5313 5312//5312 5314//5314
f 5313//5313 5314//5314 5315//5315
f 5315//5315 5314//5314 5316//5316
f 5316//5316 5314//5314 5317//5317
f 5316//5316 5317//5317 5318//5318
f 5318//5318 5317//5317 5319//5319
f 5319//5319 5317//5317 5320//5320
f 5319//5319 5320//5320 5321//5321
f 5321//5321 5320//5320 5322//5322
f 5322//5322 5320//5320 5323//5323
f 5322//5322 5323//5323 5324//5324
f 5324//5324 5323//5323 5325//5325
f 5325//5325 5323//5323 5326//5326
f 5325//5325 5326//5326 5327//5327
f 5327//5327 5326//5326 5328//5328
f 5327//5327 5328//5328 5329//5329
f 5329//5329 5328//5328 5330//5330
f 5329//5329 5330//5330 5331//5331
f 5331//5331 5330//5330 5310//5310
f 5310//5310 5330//5330 5312//5312
f 5312//5312 5330//5330 5328//5328
f 5314//5314 5312//5312 5328//5328
f 5317//5317 5314//5314 5326//5326
f 5326//5326 5314//5314 5328//5328
f 5320//5320 5317//5317 5323//5323
f 5323//5323 5317//5317 5326//5326
f 5332//5332 5333//5333 5336//5336
f 5335//5335 5334//5334 5339//5339
f 5336//5336 5337//5337 5340//5340
f 5341//5341 5338//5338 5345//5345
f 5342//5342 5346//5346 5347//5347
f 5348//5348 5343//5343 5350//5350
f 5349//5349 5344//5344 5351//5351
f 5349//5349 5351//5351 5352//5352
f 5352//5352 5351//5351 5353//5353
f 5353//5353 5351//5351 5354//5354
f 5355//5355 5356//5356 5357//5357
f 5357//5357 5356//5356 5358//5358
f 5357//5357 5358//5358 5359//5359
f 5359//5359 5358//5358 5360//5360
f 5359//5359 5360//5360 5361//5361
f 5361//5361 5360//5360 5362//5362
f 5361//5361 5362//5362 5363//5363
f 5363//5363 5362//5362 5364//5364
f 5361//5361 5363//5363 5365//5365
f 5365//5365 5363//5363 5366//5366
f 5365//5365 5366//5366 5367//5367
f 5365//5365 5367//5367 5368//5368
f 5368//5368 5367//5367 5369//5369
f 5368//5368 5369//5369 5370//5370
f 5370//5370 5369//5369 5371//5371
f 5370//5370 5371//5371 5372//5372
f 5372//5372 5371//5371 5373//5373
f 5372//5372 5373//5373 5374//5374
f 5374//5374 5373//5373 5375//5375
f 5371//5371 5376//5376 5373//5373
f 5374//5374 5377//5377 5372//5372
f 5372//5372 5377//5377 5357//5357
f 5372//5372 5357//5357 5370//5370
f 5370//5370 5357//5357 5359//5359
f 5370//5370 5359//5359 5368//5368
f 5368//5368 5359//5359 5361//5361
f 5368//5368 5361//5361 5365//5365
f 5377//5377 5378//5378 5357//5357
f 5357//5357 5378//5378 5355//5355
f 5379//5379 5380//5380 5381//5381
f 5381//5381 5380//5380 5382//5382
f 5381//5381 5382//5382 5383//5383
f 5383//5383 5382//5382 5385//5385
f 5383//5383 5385//5385 5386//5386
f 5388//5388 5384//5384 5390//5390
f 5387//5387 5389//5389 5391//5391
f 5380//5380 5379//5379 5392//5392
f 5392//5392 5379//5379 5393//5393
f 5392//5392 5393//5393 5394//5394
f 5394//5394 5393//5393 5397//5397
f 5395//5395 5396//5396 5398//5398
f 5399//5399 5400//5400 5401//5401
f 5402//5402 5403//5403 5404//5404
f 5402//5402 5404//5404 5405//5405
f 5405//5405 5404//5404 5406//5406
f 5405//5405 5406//5406 5407//5407
f 5407//5407 5406//5406 5408//5408
f 5407//5407 5408//5408 5409//5409
f 5409//5409 5408//5408 5410//5410
f 5409//5409 5410//5410 5411//5411
f 5411//5411 5410//5410 5412//5412
f 5411//5411 5412//5412 5413//5413
f 5413//5413 5412//5412 5414//5414
f 5413//5413 5414//5414 5415//5415
f 5415//5415 5414//5414 5416//5416
f 5415//5415 5416//5416 5417//5417
f 5417//5417 5416//5416 5418//5418
f 5418//5418 5416//5416 5419//5419
f 5418//5418 5419//5419 5420//5420
f 5420//5420 5419//5419 5421//5421
f 5420//5420 5421//5421 5422//5422
f 5422//5422 5421//5421 5423//5423
f 5422//5422 5423//5423 5424//5424
f 5424//5424 5423//5423 5425//5425
f 5424//5424 5425//5425 5426//5426
f 5426//5426 5425//5425 5427//5427
f 5426//5426 5427//5427 5428//5428
f 5428//5428 5427//5427 5399//5399
f 5428//5428 5399//5399 5401//5401