mtllib material.mtl
usemtl material_0
v 0.03941500 0.00200000 0.05380000
v 0.03948300 0.00020700 0.05380000
v 0.03937200 0.00200000 0.04900000
v 0.03952500 -0.00200000 0.04900100
v 0.03948300 0.00020700 0.05380000
v 0.03948300 -0.00200000 0.05380000
v 0.03952500 -0.00200000 0.04900100
v 0.03898700 -0.00655500 0.05380000
v 0.03929800 -0.00466000 0.04929000
v 0.03948300 -0.00200000 0.05380000
v 0.03938600 -0.00385900 0.04916700
v 0.03952500 -0.00200000 0.04900100
v 0.03796600 -0.01102200 0.05380000
v 0.03845100 -0.00933100 0.05000600
v 0.03864100 -0.00851300 0.04991000
v 0.03872500 -0.00812800 0.04986500
v 0.03735700 -0.01302800 0.05043100
v 0.03643600 -0.01534100 0.05380000
v 0.03599500 -0.01641200 0.05080900
v 0.03441600 -0.01945400 0.05380000
v 0.03425900 -0.01977500 0.05117100
v 0.03223000 -0.02292900 0.05149800
v 0.03193400 -0.02330500 0.05380000
v 0.03048900 -0.02519500 0.05172300
v 0.02902300 -0.02684300 0.05380000
v 0.02741700 -0.02850400 0.05203900
v 0.02572300 -0.03002100 0.05380000
v 0.02439100 -0.03112900 0.05227400
v 0.02207600 -0.03279600 0.05380000
v 0.02134300 -0.03329200 0.05245800
v 0.01813300 -0.03513000 0.05380000
v 0.01827900 -0.03506600 0.05260100
v 0.01500600 -0.03658600 0.05271700
v 0.01394700 -0.03699200 0.05380000
v 0.01212600 -0.03763700 0.05279300
v 0.00957300 -0.03835700 0.05380000
v 0.01045700 -0.03813500 0.05282800
v 0.00746900 -0.03883000 0.05287400
v 0.00507100 -0.03920800 0.05380000
v 0.00407300 -0.03933100 0.05290600
v 0.00050000 -0.03953100 0.05380000
v 0.00050000 -0.03953800 0.05291900
v 0.03879800 -0.00777200 0.04982200
v 0.03883900 -0.00756600 0.04979500
v 0.03897900 -0.00681300 0.04967500
v 0.03915900 -0.00570300 0.04947600
v 0.00050000 -0.03953100 0.05380000
v 0.00050000 -0.03950000 0.05380000
v 0.00050000 -0.03953800 0.05291900
v 0.00050000 -0.03950000 0.05110000
v 0.00050000 -0.03956200 0.05230900
v 0.00050000 -0.03962400 0.05170200
v 0.00050000 -0.03972200 0.05110000
v -0.00050000 -0.03953100 0.05380000
v -0.00050000 -0.03953800 0.05291900
v -0.00050000 -0.03953800 0.05291900
v -0.00050000 -0.03950000 0.05380000
v -0.00050000 -0.03950000 0.05110000
v -0.00050000 -0.03950000 0.05110000
v -0.00050000 -0.03956200 0.05230900
v -0.00050000 -0.03956200 0.05230900
v -0.00050000 -0.03962400 0.05170200
v -0.00050000 -0.03972200 0.05110000
v -0.00050000 -0.03953800 0.05291900
v -0.00050000 -0.03953100 0.05380000
v -0.00359500 -0.03937800 0.05290900
v -0.00507100 -0.03920800 0.05380000
v -0.00554300 -0.03915100 0.05289400
v -0.00957300 -0.03835700 0.05380000
v -0.00924400 -0.03844600 0.05284600
v -0.01289700 -0.03738100 0.05277000
v -0.01394700 -0.03699200 0.05380000
v -0.01562200 -0.03632700 0.05269300
v -0.01813300 -0.03513000 0.05380000
v -0.01971800 -0.03427800 0.05253500
v -0.02207600 -0.03279600 0.05380000
v -0.02200300 -0.03286000 0.05242000
v -0.02482900 -0.03078200 0.05224300
v -0.02572300 -0.03002100 0.05380000
v -0.02741100 -0.02850900 0.05203900
v -0.02902400 -0.02684400 0.05380000
v -0.02940500 -0.02645000 0.05184500
v -0.03193400 -0.02330500 0.05380000
v -0.03222700 -0.02293300 0.05149800
v -0.03441600 -0.01945400 0.05380000
v -0.03425700 -0.01977900 0.05117200
v -0.03599400 -0.01641500 0.05080900
v -0.03643600 -0.01534100 0.05380000
v -0.03735600 -0.01303000 0.05043100
v -0.03796700 -0.01102200 0.05380000
v -0.03845000 -0.00933400 0.05000600
v -0.03864100 -0.00851300 0.04991000
v -0.03898700 -0.00655500 0.05380000
v -0.03872400 -0.00812900 0.04986500
v -0.03879800 -0.00777200 0.04982200
v -0.03883900 -0.00756600 0.04979500
v -0.03897900 -0.00681300 0.04967500
v -0.03915800 -0.00570500 0.04947600
v -0.03940800 -0.00362800 0.04914500
v -0.03948300 -0.00200000 0.05380000
v -0.03952500 -0.00200000 0.04900100
v -0.03948300 -0.00200000 0.05380000
v -0.03948300 0.00020700 0.05380000
v -0.03952500 -0.00200000 0.04900100
v 0.03941500 0.00200000 0.05380000
v 0.00015400 -0.03902400 0.05380000
v 0.03948300 0.00020700 0.05380000
v 0.03898700 -0.00655500 0.05380000
v 0.03948300 -0.00200000 0.05380000
v 0.00050000 0.03900000 0.05380000
v 0.03905000 0.00569000 0.05380000
v 0.03834200 0.00932200 0.05380000
v 0.03729700 0.01287300 0.05380000
v 0.03591800 0.01631600 0.05380000
v 0.03422000 0.01961900 0.05380000
v 0.03222200 0.02274100 0.05380000
v 0.02994100 0.02566000 0.05380000
v 0.02738900 0.02835800 0.05380000
v 0.02459100 0.03080800 0.05380000
v 0.02157200 0.03298500 0.05380000
v 0.01836400 0.03486600 0.05380000
v 0.01500000 0.03643600 0.05380000
v 0.01150400 0.03768400 0.05380000
v 0.00790100 0.03860000 0.05380000
v 0.00422000 0.03917300 0.05380000
v 0.00050000 0.03939600 0.05380000
v -0.00015500 -0.03902400 0.05380000
v -0.00050000 0.03900000 0.05380000
v -0.03441600 -0.01945400 0.05380000
v -0.03941500 0.00200000 0.05380000
v -0.03948300 0.00020700 0.05380000
v -0.00050000 0.03939600 0.05380000
v -0.00422000 0.03917300 0.05380000
v -0.00790100 0.03860000 0.05380000
v -0.01150400 0.03768400 0.05380000
v -0.01500000 0.03643600 0.05380000
v -0.01836400 0.03486600 0.05380000
v -0.02157200 0.03298500 0.05380000
v -0.02459100 0.03080800 0.05380000
v -0.02738900 0.02835800 0.05380000
v -0.02994100 0.02566000 0.05380000
v -0.03222200 0.02274100 0.05380000
v -0.03422000 0.01961900 0.05380000
v -0.03591800 0.01631600 0.05380000
v -0.03729700 0.01287300 0.05380000
v -0.03834200 0.00932300 0.05380000
v -0.03905000 0.00569000 0.05380000
v -0.03948300 -0.00200000 0.05380000
v -0.03796700 -0.01102200 0.05380000
v -0.03643600 -0.01534100 0.05380000
v -0.03898700 -0.00655500 0.05380000
v -0.03193400 -0.02330500 0.05380000
v -0.02902400 -0.02684400 0.05380000
v -0.02572300 -0.03002100 0.05380000
v -0.02207600 -0.03279600 0.05380000
v -0.01813300 -0.03513000 0.05380000
v -0.01394700 -0.03699200 0.05380000
v -0.00957300 -0.03835700 0.05380000
v -0.00507100 -0.03920800 0.05380000
v -0.00040500 -0.03920600 0.05380000
v -0.00050000 -0.03950000 0.05380000
v -0.00050000 -0.03953100 0.05380000
v 0.00040400 -0.03920600 0.05380000
v 0.00507100 -0.03920800 0.05380000
v 0.00957300 -0.03835700 0.05380000
v 0.01394700 -0.03699200 0.05380000
v 0.00050000 -0.03950000 0.05380000
v 0.00050000 -0.03953100 0.05380000
v 0.01813300 -0.03513000 0.05380000
v 0.02207600 -0.03279600 0.05380000
v 0.02572300 -0.03002100 0.05380000
v 0.02902300 -0.02684300 0.05380000
v 0.03193400 -0.02330500 0.05380000
v 0.03441600 -0.01945400 0.05380000
v 0.03643600 -0.01534100 0.05380000
v 0.03796600 -0.01102200 0.05380000
v -0.00050000 0.03939600 0.05380000
v -0.00050000 0.03900000 0.05380000
v -0.00050000 0.03932700 0.05110000
v -0.00050000 0.03900000 0.05110000
v 0.00050000 -0.03950000 0.05110000
v 0.00050000 -0.03950000 0.05380000
v 0.00040400 -0.03920600 0.05110000
v 0.00040400 -0.03920600 0.05380000
v 0.00015400 -0.03902400 0.05110000
v 0.00015400 -0.03902400 0.05380000
v -0.00015500 -0.03902400 0.05110000
v -0.00015500 -0.03902400 0.05380000
v -0.00040500 -0.03920600 0.05110000
v -0.00040500 -0.03920600 0.05380000
v -0.00050000 -0.03950000 0.05110000
v -0.00050000 -0.03950000 0.05380000
v -0.03874500 -0.04500000 0.00417100
v -0.03874200 -0.04500000 0.00447900
v -0.03889600 -0.04485000 0.00431900
v -0.03889500 -0.04485000 0.00448300
v -0.03894100 -0.04480600 0.00436400
v -0.03894100 -0.04480600 0.00436400
v -0.03899900 -0.04474800 0.00442600
v -0.03899900 -0.04474800 0.00442600
v -0.03904800 -0.04470000 0.00448700
v -0.03869600 -0.04485100 0.00814100
v -0.03886200 -0.04470200 0.00816000
v -0.03815200 -0.04485300 0.01176900
v -0.03832900 -0.04470600 0.01180500
v -0.03741000 -0.04471300 0.01553700
v -0.03722400 -0.04485600 0.01548000
v -0.03612500 -0.04472100 0.01916400
v -0.03593600 -0.04486100 0.01908500
v -0.03448800 -0.04473100 0.02265100
v -0.03429800 -0.04486500 0.02254800
v -0.03251600 -0.04474000 0.02595800
v -0.03232900 -0.04487000 0.02583300
v -0.03022700 -0.04474900 0.02905800
v -0.03004700 -0.04487500 0.02891000
v -0.02764200 -0.04475800 0.03192000
v -0.02747300 -0.04487900 0.03175200
v -0.02478800 -0.04476600 0.03451600
v -0.02463300 -0.04488300 0.03432800
v -0.02169800 -0.04477300 0.03681800
v -0.02156000 -0.04488700 0.03661100
v -0.01840300 -0.04477900 0.03880300
v -0.01828400 -0.04489000 0.03858100
v -0.01492600 -0.04478500 0.04046000
v -0.01482800 -0.04489200 0.04022500
v -0.01131800 -0.04478900 0.04176200
v -0.01124300 -0.04489400 0.04151700
v -0.00759900 -0.04479200 0.04270400
v -0.00754800 -0.04489600 0.04245100
v -0.00520100 -0.04489600 0.04284800
v -0.00749700 -0.04500000 0.04219900
v -0.00401800 -0.04500000 0.04273100
v -0.03853000 -0.04500000 0.00812300
v -0.03797500 -0.04500000 0.01173300
v -0.03703900 -0.04500000 0.01542300
v -0.03574600 -0.04500000 0.01900600
v -0.03410700 -0.04500000 0.02244600
v -0.03214200 -0.04500000 0.02570800
v -0.02986800 -0.04500000 0.02876200
v -0.02730500 -0.04500000 0.03158200
v -0.02447900 -0.04500000 0.03413900
v -0.02142200 -0.04500000 0.03640500
v -0.01816600 -0.04500000 0.03835900
v -0.01473000 -0.04500000 0.03999000
v -0.01116800 -0.04500000 0.04127200
v -0.00050000 -0.04500000 0.04294100
v -0.00050000 -0.04479400 0.04346000
v -0.00406900 -0.04479300 0.04324600
v -0.03874500 -0.04500000 0.00417100
v -0.03889600 -0.04485000 0.00431900
v -0.03889600 -0.04485000 0.00431900
v -0.03870000 -0.04500000 0.00000200
v -0.03870000 -0.04500000 0.00000200
v -0.03900000 -0.04470000 0.00000000
v -0.03900000 -0.04470000 0.00000000
v -0.03894100 -0.04480600 0.00436400
v -0.03899900 -0.04474800 0.00442600
v -0.03899900 -0.04474800 0.00442600
v -0.03899900 -0.04474800 0.00442600
v -0.03904800 -0.04470000 0.00448700
v -0.03904800 -0.04470000 0.00448300
v -0.03904800 -0.04470000 0.00448300
v -0.03900000 -0.04470000 0.00000000
v -0.03872000 -0.04470000 -0.00466300
v -0.03870000 -0.04500000 0.00000200
v -0.03842200 -0.04500000 -0.00463300
v -0.03788500 -0.04470000 -0.00925900
v -0.03759000 -0.04500000 -0.00920100
v -0.03650600 -0.04470000 -0.01372200
v -0.03621800 -0.04500000 -0.01363600
v -0.03460400 -0.04470000 -0.01798800
v -0.03432400 -0.04500000 -0.01787500
v -0.03220500 -0.04470000 -0.02199600
v -0.03193700 -0.04500000 -0.02185700
v -0.02934400 -0.04470000 -0.02568900
v -0.02909000 -0.04500000 -0.02552400
v -0.02606300 -0.04470000 -0.02901300
v -0.02582400 -0.04500000 -0.02882400
v -0.02240700 -0.04470000 -0.03192100
v -0.02218600 -0.04500000 -0.03170900
v -0.01843000 -0.04470000 -0.03437100
v -0.01822900 -0.04500000 -0.03413800
v -0.01418900 -0.04470000 -0.03632700
v -0.01401000 -0.04500000 -0.03607500
v -0.00974400 -0.04470000 -0.03776300
v -0.00958900 -0.04500000 -0.03749300
v -0.00515900 -0.04470000 -0.03865700
v -0.00503000 -0.04500000 -0.03837200
v -0.00050000 -0.04470000 -0.03899700
v -0.00039800 -0.04500000 -0.03869800
v -0.03904800 -0.04470000 0.00448300
v -0.03916700 -0.03402500 0.01561200
v -0.03900000 -0.04470000 0.00000000
v -0.03902600 -0.00009700 0.00238200
v -0.03902600 -0.00009700 0.00238200
v -0.03900300 0.00000000 0.00000000
v -0.03928700 -0.02335000 0.02674200
v -0.03940600 -0.01267500 0.03787100
v -0.03952500 -0.00200000 0.04900100
v -0.03904800 -0.04470000 0.00448700
v -0.03886200 -0.04470200 0.00816000
v -0.03904800 -0.04470000 0.00448300
v -0.03886100 -0.04283300 0.01026300
v -0.03887900 -0.04062400 0.01257000
v -0.03827700 -0.04335900 0.01350900
v -0.03828700 -0.04133800 0.01562300
v -0.03703400 -0.04399900 0.01747500
v -0.03703500 -0.04220700 0.01935200
v -0.03612500 -0.04472100 0.01916400
v -0.03523300 -0.04303800 0.02293300
v -0.03523900 -0.04461100 0.02128300
v -0.03448800 -0.04473100 0.02265100
v -0.03832900 -0.04470600 0.01180500
v -0.03741000 -0.04471300 0.01553700
v -0.03290700 -0.04382000 0.02631200
v -0.03251600 -0.04474000 0.02595800
v -0.03009300 -0.04454000 0.02943800
v -0.03022700 -0.04474900 0.02905800
v -0.02764200 -0.04475800 0.03192000
v -0.02478800 -0.04476600 0.03451600
v -0.02681600 -0.04418500 0.03332400
v -0.03007900 -0.04336400 0.03067700
v -0.03289600 -0.04245300 0.02774900
v -0.03522700 -0.04146600 0.02458400
v -0.03703600 -0.04041600 0.02123000
v -0.03829600 -0.03931800 0.01773600
v -0.03889600 -0.03841500 0.01487700
v -0.03916700 -0.03402500 0.01561200
v -0.02169800 -0.04477300 0.03681800
v -0.02313900 -0.04405100 0.03655200
v -0.02680000 -0.04318000 0.03438400
v -0.03006400 -0.04218800 0.03191600
v -0.03288500 -0.04108700 0.02918600
v -0.03522100 -0.03989400 0.02623500
v -0.03703600 -0.03862500 0.02310700
v -0.03830500 -0.03729700 0.01985000
v -0.03891400 -0.03620600 0.01718400
v -0.01912200 -0.04405900 0.03915900
v -0.01840300 -0.04477900 0.03880300
v -0.01492600 -0.04478500 0.04046000
v -0.01484000 -0.04475200 0.04052900
v -0.01131800 -0.04478900 0.04176200
v -0.01482800 -0.04412700 0.04119100
v -0.01481600 -0.04350100 0.04185400
v -0.01909300 -0.04260400 0.04069800
v -0.01907800 -0.04187700 0.04146700
v -0.02307500 -0.04063200 0.04016300
v -0.02303600 -0.03854100 0.04237200
v -0.02669700 -0.03670100 0.04121700
v -0.02665700 -0.03424200 0.04381200
v -0.02993700 -0.03172500 0.04293600
v -0.02990100 -0.02884500 0.04596800
v -0.03276000 -0.02558900 0.04548400
v -0.03087700 -0.02696000 0.04671100
v -0.03266500 -0.02440000 0.04686500
v -0.01033100 -0.04471600 0.04212800
v -0.00759900 -0.04479200 0.04270400
v -0.01032200 -0.04416600 0.04271100
v -0.00567700 -0.04458900 0.04325700
v -0.01031300 -0.04361600 0.04329400
v -0.00567200 -0.04408700 0.04378900
v -0.01029000 -0.04227000 0.04472100
v -0.00565900 -0.04285900 0.04509200
v -0.00790700 -0.04146100 0.04616300
v -0.00381200 -0.04207700 0.04615300
v -0.00094600 -0.04310300 0.04524600
v 0.00000000 -0.04226400 0.04614800
v 0.00378000 -0.04299800 0.04518000
v 0.00371500 -0.04208800 0.04615200
v 0.00538300 -0.04189400 0.04615500
v 0.00845200 -0.04254700 0.04489500
v 0.00790800 -0.04146100 0.04616300
v 0.00971800 -0.04104300 0.04617200
v 0.01300200 -0.04175500 0.04439500
v 0.01297400 -0.04030600 0.04593100
v 0.01736400 -0.04063300 0.04368900
v 0.01733000 -0.03896000 0.04545900
v 0.02147500 -0.03919800 0.04278600
v 0.02143600 -0.03723800 0.04485700
v 0.02379600 -0.03819500 0.04215500
v 0.02375600 -0.03603400 0.04443700
v 0.02599300 -0.03709100 0.04146200
v 0.02595400 -0.03470900 0.04397500
v 0.02805600 -0.03589200 0.04071000
v 0.02801800 -0.03327000 0.04347300
v 0.02997200 -0.03460400 0.03990300
v 0.02993600 -0.03172500 0.04293600
v 0.03173200 -0.03323400 0.03904700
v 0.03170100 -0.03008000 0.04236500
v 0.03332600 -0.03178800 0.03814400
v 0.03330200 -0.02834600 0.04176300
v 0.03474800 -0.03027400 0.03720100
v 0.03473000 -0.02652900 0.04113400
v 0.03598800 -0.02870000 0.03622200
v 0.03598000 -0.02464000 0.04048200
v 0.03735000 -0.02652100 0.03487100
v 0.03735600 -0.02202500 0.03958100
v 0.03836600 -0.02426900 0.03347900
v 0.03839000 -0.01932200 0.03865300
v 0.03902800 -0.02196300 0.03205900
v 0.03907100 -0.01655600 0.03770600
v 0.03940600 -0.01267500 0.03787100
v 0.03911400 -0.01114800 0.04335300
v 0.03952500 -0.00200000 0.04900100
v 0.03913600 -0.00844000 0.04618100
v 0.03939700 -0.00389200 0.04883800
v 0.03932000 -0.00474000 0.04872200
v -0.00406900 -0.04479300 0.04324600
v -0.00050000 -0.04479400 0.04346000
v -0.00094900 -0.04476400 0.04348300
v -0.00094800 -0.04428200 0.04399400
v -0.00050000 -0.04430000 0.04398400
v -0.00016700 -0.04430000 0.04398700
v 0.00016700 -0.04430000 0.04398700
v 0.00050000 -0.04430000 0.04398400
v 0.00378900 -0.04419900 0.04390600
v 0.00847100 -0.04383700 0.04352600
v 0.00847800 -0.04436500 0.04296700
v 0.01304000 -0.04379600 0.04223300
v 0.01131700 -0.04478900 0.04176200
v 0.01305100 -0.04438800 0.04160600
v 0.01492600 -0.04478500 0.04046000
v 0.01742600 -0.04367400 0.04047100
v 0.01744000 -0.04435700 0.03974800
v 0.02156000 -0.04356100 0.03817500
v 0.01840300 -0.04477900 0.03880300
v 0.02157600 -0.04436200 0.03732900
v 0.02169800 -0.04477300 0.03681800
v 0.02390000 -0.04388700 0.03614400
v 0.02478800 -0.04476600 0.03451600
v 0.02611300 -0.04433800 0.03381600
v 0.02764200 -0.04475800 0.03192000
v 0.02817100 -0.04386800 0.03230200
v 0.03022700 -0.04474900 0.02905800
v 0.03009300 -0.04454000 0.02943800
v 0.03183800 -0.04411600 0.02759600
v 0.03007800 -0.04336400 0.03067700
v 0.03182500 -0.04282800 0.02895100
v 0.03006400 -0.04218800 0.03191600
v 0.03181300 -0.04153900 0.03030700
v 0.03005000 -0.04101200 0.03315500
v 0.03180000 -0.04025100 0.03166200
v 0.03003500 -0.03983600 0.03439300
v 0.03178800 -0.03896300 0.03301800
v 0.03002100 -0.03865900 0.03563200
v 0.03177500 -0.03767500 0.03437300
v 0.03000700 -0.03748300 0.03687100
v 0.03176200 -0.03638700 0.03572900
v 0.00379200 -0.04468900 0.04338600
v 0.00050000 -0.04479400 0.04346000
v 0.00406900 -0.04479300 0.04324700
v 0.00759900 -0.04479200 0.04270400
v 0.03251600 -0.04474000 0.02595900
v 0.03341300 -0.04366800 0.02565500
v 0.03340200 -0.04226200 0.02713400
v 0.03339200 -0.04085500 0.02861200
v 0.03338200 -0.03944900 0.03009000
v 0.03337200 -0.03804300 0.03156900
v 0.03336200 -0.03663700 0.03304700
v 0.03335100 -0.03523000 0.03452500
v 0.03448800 -0.04473100 0.02265100
v 0.03480800 -0.04319900 0.02362700
v 0.03480100 -0.04166900 0.02523400
v 0.03479400 -0.04013900 0.02684100
v 0.03478700 -0.03860900 0.02844700
v 0.03478000 -0.03707900 0.03005400
v 0.03477300 -0.03554900 0.03166100
v 0.03476500 -0.03401900 0.03326800
v 0.03612500 -0.04472100 0.01916400
v 0.03602200 -0.04437000 0.01978200
v 0.03601800 -0.04271100 0.02152200
v 0.03732700 -0.04387300 0.01669200
v 0.03733000 -0.04203600 0.01861600
v 0.03827700 -0.04335900 0.01350900
v 0.03828600 -0.04133800 0.01562300
v 0.03886100 -0.04283300 0.01026300
v 0.03887900 -0.04062400 0.01257000
v 0.03916700 -0.03402500 0.01561200
v 0.03889600 -0.03841500 0.01487700
v 0.03891400 -0.03620600 0.01718400
v 0.03830500 -0.03729700 0.01985000
v 0.03831500 -0.03527700 0.02196400
v 0.03733700 -0.03652700 0.02438900
v 0.03733900 -0.03469000 0.02631300
v 0.03600400 -0.03607700 0.02848300
v 0.03600100 -0.03441900 0.03022300
v 0.03741000 -0.04471300 0.01553700
v 0.03832900 -0.04470600 0.01180500
v 0.03886200 -0.04470200 0.00816000
v 0.03904800 -0.04470000 0.00448300
v 0.03904800 -0.04470000 0.00448700
v 0.03893200 -0.03399700 0.01949100
v 0.03928700 -0.02335000 0.02674200
v 0.03894900 -0.03178800 0.02179800
v 0.03896700 -0.02957900 0.02410500
v 0.03833400 -0.03123500 0.02619100
v 0.03834300 -0.02921500 0.02830500
v 0.03734400 -0.03101700 0.03016100
v 0.03898500 -0.02737000 0.02641200
v 0.03920300 -0.00582300 0.04855500
v 0.03904800 -0.00701700 0.04837400
v 0.03893600 -0.00775500 0.04827600
v 0.03888900 -0.00803600 0.04824600
v 0.03877100 -0.00870400 0.04817800
v 0.03842400 -0.01189500 0.04642200
v 0.03858700 -0.00964800 0.04808400
v 0.03764500 -0.01342200 0.04772300
v 0.03736500 -0.01527100 0.04665700
v 0.03641200 -0.01702800 0.04740700
v 0.03596700 -0.01853700 0.04688400
v 0.03516000 -0.01991500 0.04717700
v 0.03597100 -0.02058000 0.04474100
v 0.03471300 -0.02278400 0.04506700
v 0.03470400 -0.02089700 0.04704900
v 0.03447300 -0.02128700 0.04707600
v 0.03327700 -0.02490300 0.04538200
v 0.03266500 -0.02439900 0.04686500
v 0.03167000 -0.02692700 0.04568300
v 0.03013600 -0.02790700 0.04665900
v 0.02990100 -0.02884600 0.04596800
v 0.02822900 -0.03009900 0.04654700
v 0.02798000 -0.03064900 0.04623700
v 0.02539100 -0.03283200 0.04642600
v 0.02232700 -0.03523300 0.04633500
v 0.01899700 -0.03733200 0.04626600
v 0.01831900 -0.03770300 0.04625500
v 0.01761400 -0.03807100 0.04624500
v 0.01663600 -0.03855000 0.04623200
v 0.01545900 -0.03908300 0.04621800
v 0.01334500 -0.03992200 0.04619700
v 0.01174900 -0.04046400 0.04618400
v -0.00971700 -0.04104300 0.04617200
v -0.01026800 -0.04092400 0.04614700
v -0.01474200 -0.03981400 0.04575800
v -0.01174900 -0.04046400 0.04618400
v -0.01334800 -0.03992200 0.04619700
v -0.01546000 -0.03908200 0.04621800
v -0.01900600 -0.03831500 0.04523400
v -0.01477300 -0.04134500 0.04413700
v -0.01904200 -0.04009600 0.04335000
v -0.01480300 -0.04287600 0.04251600
v -0.01674100 -0.03850100 0.04623300
v -0.01760600 -0.03807500 0.04624500
v -0.01850000 -0.03760600 0.04625800
v -0.01899800 -0.03733200 0.04626600
v -0.02299600 -0.03644900 0.04458200
v -0.02232700 -0.03523300 0.04633500
v -0.02539000 -0.03283200 0.04642600
v -0.02661800 -0.03178200 0.04640600
v -0.02822800 -0.03010000 0.04654700
v -0.03449900 -0.02123700 0.04708000
v -0.03515300 -0.02205800 0.04496000
v -0.03278700 -0.02893300 0.04196700
v -0.03516700 -0.02590700 0.04091900
v -0.03281400 -0.03227800 0.03845000
v -0.03518200 -0.02975600 0.03687800
v -0.03284100 -0.03562200 0.03493300
v -0.03519700 -0.03360500 0.03283800
v -0.03285200 -0.03698800 0.03349600
v -0.03520300 -0.03517700 0.03118700
v -0.03286300 -0.03835500 0.03205900
v -0.03520900 -0.03674900 0.02953600
v -0.03287400 -0.03972100 0.03062300
v -0.03521500 -0.03832100 0.02788500
v -0.03514500 -0.02011400 0.04700100
v -0.03641300 -0.01702700 0.04740700
v -0.03704700 -0.01609400 0.04672000
v -0.03704600 -0.01830300 0.04440500
v -0.03842500 -0.01189200 0.04642500
v -0.03841300 -0.01437600 0.04382700
v -0.03913600 -0.00843800 0.04618300
v -0.03911400 -0.01114800 0.04335300
v -0.03939800 -0.00389300 0.04883800
v -0.03940600 -0.01267500 0.03787100
v -0.03952500 -0.00200000 0.04900100
v -0.03764500 -0.01342300 0.04772300
v -0.03858700 -0.00964900 0.04808400
v -0.03893600 -0.00775500 0.04827600
v -0.03903700 -0.00709100 0.04836300
v -0.03911400 -0.00653300 0.04844500
v -0.03920300 -0.00582300 0.04855500
v -0.03932000 -0.00474000 0.04872200
v -0.03928700 -0.02335000 0.02674200
v -0.03902800 -0.02196300 0.03205900
v -0.03907100 -0.01655600 0.03770600
v -0.03839000 -0.01932200 0.03865300
v -0.03704400 -0.02268800 0.03980900
v -0.03896700 -0.02957900 0.02410500
v -0.03898500 -0.02737000 0.02641200
v -0.03834300 -0.02921500 0.02830500
v -0.03836700 -0.02426900 0.03347900
v -0.03704000 -0.03145900 0.03061700
v -0.03704200 -0.02707300 0.03521300
v -0.03894900 -0.03178800 0.02179800
v -0.03893200 -0.03399700 0.01949100
v -0.02678400 -0.04217600 0.03544400
v -0.02312300 -0.04319600 0.03745500
v -0.02676800 -0.04117100 0.03650300
v -0.02310700 -0.04234200 0.03835800
v -0.02675200 -0.04016600 0.03756300
v -0.02309100 -0.04148700 0.03926000
v -0.02673600 -0.03916100 0.03862300
v -0.03005000 -0.04101200 0.03315500
v -0.03003500 -0.03983500 0.03439300
v -0.03002100 -0.03865900 0.03563200
v -0.03000700 -0.03748300 0.03687100
v -0.02997200 -0.03460400 0.03990300
v -0.03703700 -0.03683300 0.02498500
v -0.03703800 -0.03504200 0.02686200
v -0.03703900 -0.03325000 0.02874000
v -0.03831500 -0.03527700 0.02196400
v -0.03832400 -0.03325600 0.02407700
v -0.03833400 -0.03123500 0.02619100
v -0.01910800 -0.04333200 0.03992800
v 0.01741200 -0.04299000 0.04119500
v 0.01302900 -0.04320400 0.04286000
v 0.01739800 -0.04230700 0.04191800
v 0.02152900 -0.04195900 0.03986800
v 0.02151300 -0.04115800 0.04071400
v 0.02385200 -0.04123900 0.03894100
v 0.02383600 -0.04035600 0.03987300
v 0.02154500 -0.04276000 0.03902100
v 0.02604900 -0.04044600 0.03792200
v 0.02603300 -0.03947300 0.03894900
v 0.02386800 -0.04212100 0.03800900
v 0.02388400 -0.04300400 0.03707600
v 0.02810900 -0.03958400 0.03681700
v 0.02809400 -0.03851300 0.03794600
v 0.02606500 -0.04141900 0.03689600
v 0.02608100 -0.04239200 0.03586900
v 0.02609700 -0.04336500 0.03484300
v 0.02812500 -0.04065500 0.03568800
v 0.02814000 -0.04172600 0.03455900
v 0.02815600 -0.04279700 0.03343100
v 0.03734200 -0.03285300 0.02823700
v 0.03599700 -0.03276000 0.03196300
v 0.03832400 -0.03325600 0.02407700
v 0.03600800 -0.03773600 0.02674200
v 0.03601100 -0.03939400 0.02500200
v 0.03601500 -0.04105300 0.02326200
v 0.03733400 -0.03836300 0.02246500
v 0.03829600 -0.03931800 0.01773600
v 0.03733200 -0.04020000 0.02054100
v 0.03841300 -0.01437600 0.04382700
v 0.03736200 -0.01753000 0.04429100
v -0.00050000 -0.04430000 0.04398400
v -0.00050000 -0.04479400 0.04346000
v -0.00050000 -0.04430000 0.04250000
v -0.00050000 -0.04500000 0.04294100
v -0.00050000 -0.04500000 0.04250000
v 0.03886200 -0.04470200 0.00816000
v 0.03880000 -0.04485000 0.00692300
v 0.03904800 -0.04470000 0.00448700
v 0.03904800 -0.04470000 0.00448700
v 0.03889500 -0.04485000 0.00446600
v 0.03902400 -0.04472400 0.00445600
v 0.03902400 -0.04472400 0.00445600
v 0.03897000 -0.04477700 0.00439400
v 0.03897000 -0.04477700 0.00439400
v 0.03889600 -0.04485000 0.00432000
v 0.03889600 -0.04485000 0.00432000
v 0.03874500 -0.04500000 0.00417100
v 0.03874200 -0.04500000 0.00447900
v 0.03853000 -0.04500000 0.00812300
v 0.03855300 -0.04485200 0.00935500
v 0.03797500 -0.04500000 0.01173300
v 0.03815200 -0.04485300 0.01176900
v 0.03756100 -0.04485500 0.01430100
v 0.03832900 -0.04470600 0.01180500
v 0.03741000 -0.04471300 0.01553700
v 0.03680200 -0.04485800 0.01678900
v 0.03612500 -0.04472100 0.01916400
v 0.03593600 -0.04486100 0.01908500
v 0.03429800 -0.04486500 0.02254800
v 0.03410700 -0.04500000 0.02244600
v 0.03214200 -0.04500000 0.02570800
v 0.03232900 -0.04487000 0.02583300
v 0.02986800 -0.04500000 0.02876200
v 0.03004700 -0.04487500 0.02891000
v 0.02730400 -0.04500000 0.03158200
v 0.02747300 -0.04487900 0.03175200
v 0.02447900 -0.04500000 0.03413900
v 0.02463300 -0.04488300 0.03432700
v 0.02142200 -0.04500000 0.03640500
v 0.02156000 -0.04488700 0.03661100
v 0.01816500 -0.04500000 0.03835900
v 0.01828400 -0.04489000 0.03858100
v 0.01473000 -0.04500000 0.03999000
v 0.01482800 -0.04489200 0.04022500
v 0.01116800 -0.04500000 0.04127200
v 0.01124200 -0.04489400 0.04151700
v 0.00749700 -0.04500000 0.04219900
v 0.00754800 -0.04489600 0.04245200
v 0.00401700 -0.04500000 0.04273100
v 0.00404300 -0.04489700 0.04298900
v 0.00050000 -0.04500000 0.04294100
v 0.00050000 -0.04479400 0.04346000
v 0.00406900 -0.04479300 0.04324700
v 0.00759900 -0.04479200 0.04270400
v 0.01131700 -0.04478900 0.04176200
v 0.01492600 -0.04478500 0.04046000
v 0.01840300 -0.04477900 0.03880300
v 0.02169800 -0.04477300 0.03681800
v 0.02478800 -0.04476600 0.03451600
v 0.02764200 -0.04475800 0.03192000
v 0.03022700 -0.04474900 0.02905800
v 0.03251600 -0.04474000 0.02595900
v 0.03448800 -0.04473100 0.02265100
v 0.03574600 -0.04500000 0.01900600
v 0.03703900 -0.04500000 0.01542300
v 0.03900000 -0.04470000 0.00000000
v 0.03870000 -0.04500000 0.00000200
v 0.03872000 -0.04470000 -0.00466300
v 0.03842200 -0.04500000 -0.00463300
v 0.03788500 -0.04470000 -0.00925900
v 0.03759000 -0.04500000 -0.00920100
v 0.03650600 -0.04470000 -0.01372200
v 0.03621800 -0.04500000 -0.01363600
v 0.03460400 -0.04470000 -0.01798800
v 0.03432400 -0.04500000 -0.01787500
v 0.03220500 -0.04470000 -0.02199600
v 0.03193700 -0.04500000 -0.02185700
v 0.02934400 -0.04470000 -0.02568900
v 0.02909000 -0.04500000 -0.02552400
v 0.02606300 -0.04470000 -0.02901300
v 0.02582400 -0.04500000 -0.02882400
v 0.02240700 -0.04470000 -0.03192100
v 0.02218600 -0.04500000 -0.03170900
v 0.01843000 -0.04470000 -0.03437100
v 0.01822900 -0.04500000 -0.03413800
v 0.01418900 -0.04470000 -0.03632700
v 0.01401000 -0.04500000 -0.03607500
v 0.00974400 -0.04470000 -0.03776300
v 0.00958900 -0.04500000 -0.03749300
v 0.00515900 -0.04470000 -0.03865700
v 0.00503000 -0.04500000 -0.03837200
v 0.00050000 -0.04470000 -0.03899700
v 0.00039800 -0.04500000 -0.03869800
v 0.03874500 -0.04500000 0.00417100
v 0.03870000 -0.04500000 0.00000200
v 0.03889600 -0.04485000 0.00432000
v 0.03889600 -0.04485000 0.00432000
v 0.03900000 -0.04470000 0.00000000
v 0.03900000 -0.04470000 0.00000000
v 0.03900000 -0.04470000 0.00000000
v 0.03900000 -0.04470000 0.00000000
v 0.03897000 -0.04477700 0.00439400
v 0.03897000 -0.04477700 0.00439400
v 0.03902400 -0.04472400 0.00445600
v 0.03902400 -0.04472400 0.00445600
v 0.03904800 -0.04470000 0.00448300
v 0.03904800 -0.04470000 0.00448300
v 0.03904800 -0.04470000 0.00448700
v 0.00050000 -0.04500000 0.04250000
v 0.00050000 -0.04500000 0.04294100
v 0.00050000 -0.04430000 0.04250000
v 0.00050000 -0.04479400 0.04346000
v 0.00050000 -0.04430000 0.04398400
v 0.03904800 -0.04470000 0.00448300
v 0.03900000 -0.04470000 0.00000000
v 0.03916700 -0.03402500 0.01561200
v 0.03902500 -0.00009700 0.00238200
v 0.03928700 -0.02335000 0.02674200
v 0.03940600 -0.01267500 0.03787100
v 0.03952500 -0.00200000 0.04900100
v 0.03900300 0.00000000 0.00000000
v -0.00050000 -0.04200000 -0.03899700
v -0.00050000 -0.04470000 -0.03899700
v -0.00382300 -0.03881200 -0.03881200
v -0.00515900 -0.04470000 -0.03865700
v -0.00760900 -0.03825100 -0.03825100
v -0.00974400 -0.04470000 -0.03776300
v -0.01132100 -0.03732100 -0.03732100
v -0.01418900 -0.04470000 -0.03632700
v -0.01492500 -0.03603100 -0.03603100
v -0.01843000 -0.04470000 -0.03437100
v -0.01838400 -0.03439500 -0.03439500
v -0.02166700 -0.03242700 -0.03242700
v -0.02240700 -0.04470000 -0.03192100
v -0.02474100 -0.03014700 -0.03014700
v -0.02606300 -0.04470000 -0.02901300
v -0.02757700 -0.02757700 -0.02757700
v -0.02934400 -0.04470000 -0.02568900
v -0.03014700 -0.02474100 -0.02474100
v -0.03220500 -0.04470000 -0.02199600
v -0.03242700 -0.02166700 -0.02166700
v -0.03439500 -0.01838400 -0.01838400
v -0.03460400 -0.04470000 -0.01798800
v -0.03603100 -0.01492500 -0.01492500
v -0.03650600 -0.04470000 -0.01372200
v -0.03732100 -0.01132100 -0.01132100
v -0.03788500 -0.04470000 -0.00925900
v -0.03825100 -0.00760900 -0.00760900
v -0.03872000 -0.04470000 -0.00466300
v -0.03881200 -0.00382300 -0.00382300
v -0.03900000 -0.04470000 0.00000000
v -0.03900300 0.00000000 0.00000000
v 0.00000000 -0.03900000 -0.03900000
v -0.00016700 -0.04200000 -0.03900000
v 0.00016700 -0.04200000 -0.03900000
v 0.00050000 -0.04200000 -0.03899700
v 0.00382300 -0.03881200 -0.03881200
v 0.00050000 -0.04470000 -0.03899700
v 0.00515900 -0.04470000 -0.03865700
v 0.00760800 -0.03825100 -0.03825100
v 0.00974400 -0.04470000 -0.03776300
v 0.01132100 -0.03732100 -0.03732100
v 0.01418900 -0.04470000 -0.03632700
v 0.01492500 -0.03603100 -0.03603100
v 0.01843000 -0.04470000 -0.03437100
v 0.01838400 -0.03439500 -0.03439500
v 0.02166700 -0.03242700 -0.03242700
v 0.02240700 -0.04470000 -0.03192100
v 0.02474100 -0.03014700 -0.03014700
v 0.02606300 -0.04470000 -0.02901300
v 0.02757700 -0.02757700 -0.02757700
v 0.02934400 -0.04470000 -0.02568900
v 0.03014700 -0.02474100 -0.02474100
v 0.03220500 -0.04470000 -0.02199600
v 0.03242700 -0.02166700 -0.02166700
v 0.03439500 -0.01838400 -0.01838400
v 0.03460400 -0.04470000 -0.01798800
v 0.03603100 -0.01492500 -0.01492500
v 0.03650600 -0.04470000 -0.01372200
v 0.03732100 -0.01132100 -0.01132100
v 0.03788500 -0.04470000 -0.00925900
v 0.03825100 -0.00760800 -0.00760900
v 0.03872000 -0.04470000 -0.00466300
v 0.03881200 -0.00382300 -0.00382300
v 0.03900000 -0.04470000 0.00000000
v 0.03900300 0.00000000 0.00000000
v -0.00015100 -0.04500000 -0.03852300
v 0.00000000 -0.04500000 -0.03850000
v 0.00000000 -0.04500000 -0.03450000
v 0.00015100 -0.04500000 -0.03852300
v 0.00028800 -0.04500000 -0.03859200
v 0.00039800 -0.04500000 -0.03869800
v 0.00450300 -0.04500000 -0.03420500
v 0.00503000 -0.04500000 -0.03837200
v 0.00958900 -0.04500000 -0.03749300
v 0.00892900 -0.04500000 -0.03332400
v 0.01401000 -0.04500000 -0.03607500
v 0.01320300 -0.04500000 -0.03187400
v 0.01822900 -0.04500000 -0.03413800
v 0.01725000 -0.04500000 -0.02987800
v 0.02218600 -0.04500000 -0.03170900
v 0.02100200 -0.04500000 -0.02737100
v 0.02582400 -0.04500000 -0.02882400
v 0.02439500 -0.04500000 -0.02439500
v 0.02909000 -0.04500000 -0.02552400
v 0.02737100 -0.04500000 -0.02100200
v 0.03193700 -0.04500000 -0.02185700
v 0.02987800 -0.04500000 -0.01725000
v 0.03432400 -0.04500000 -0.01787500
v 0.03187400 -0.04500000 -0.01320300
v 0.03621800 -0.04500000 -0.01363600
v 0.03332400 -0.04500000 -0.00892900
v 0.03759000 -0.04500000 -0.00920100
v 0.03420500 -0.04500000 -0.00450300
v 0.03842200 -0.04500000 -0.00463300
v 0.03450000 -0.04500000 0.00000000
v 0.03870000 -0.04500000 0.00000200
v 0.03874500 -0.04500000 0.00417100
v 0.03420500 -0.04500000 0.00450300
v 0.03874200 -0.04500000 0.00447900
v 0.03853000 -0.04500000 0.00812300
v 0.03332400 -0.04500000 0.00892900
v 0.03797500 -0.04500000 0.01173300
v 0.03187400 -0.04500000 0.01320300
v 0.03703900 -0.04500000 0.01542300
v 0.03574600 -0.04500000 0.01900600
v 0.02987800 -0.04500000 0.01725000
v 0.03410700 -0.04500000 0.02244600
v 0.02737100 -0.04500000 0.02100200
v 0.03214200 -0.04500000 0.02570800
v 0.02439500 -0.04500000 0.02439500
v 0.02986800 -0.04500000 0.02876200
v 0.02730400 -0.04500000 0.03158200
v 0.02100200 -0.04500000 0.02737100
v 0.02447900 -0.04500000 0.03413900
v 0.01725000 -0.04500000 0.02987800
v 0.02142200 -0.04500000 0.03640500
v 0.01816500 -0.04500000 0.03835900
v 0.01320300 -0.04500000 0.03187400
v 0.01473000 -0.04500000 0.03999000
v 0.00892900 -0.04500000 0.03332400
v 0.01116800 -0.04500000 0.04127200
v 0.00749700 -0.04500000 0.04219900
v 0.00450300 -0.04500000 0.03420500
v 0.00401700 -0.04500000 0.04273100
v 0.00040400 -0.04500000 0.04220600
v 0.00050000 -0.04500000 0.04250000
v 0.00050000 -0.04500000 0.04294100
v 0.00015400 -0.04500000 0.04202400
v 0.00000000 -0.04500000 0.03450000
v -0.00015500 -0.04500000 0.04202400
v -0.00450300 -0.04500000 0.03420500
v -0.00040500 -0.04500000 0.04220600
v -0.00401800 -0.04500000 0.04273100
v -0.00050000 -0.04500000 0.04250000
v -0.00050000 -0.04500000 0.04294100
v -0.00749700 -0.04500000 0.04219900
v -0.00892900 -0.04500000 0.03332400
v -0.01116800 -0.04500000 0.04127200
v -0.01473000 -0.04500000 0.03999000
v -0.01320300 -0.04500000 0.03187400
v -0.01816600 -0.04500000 0.03835900
v -0.01725000 -0.04500000 0.02987800
v -0.02142200 -0.04500000 0.03640500
v -0.02447900 -0.04500000 0.03413900
v -0.02100200 -0.04500000 0.02737100
v -0.02730500 -0.04500000 0.03158200
v -0.02439500 -0.04500000 0.02439500
v -0.02986800 -0.04500000 0.02876200
v -0.03214200 -0.04500000 0.02570800
v -0.02737100 -0.04500000 0.02100200
v -0.03410700 -0.04500000 0.02244600
v -0.02987800 -0.04500000 0.01725000
v -0.03574600 -0.04500000 0.01900600
v -0.03187400 -0.04500000 0.01320300
v -0.03703900 -0.04500000 0.01542300
v -0.03797500 -0.04500000 0.01173300
v -0.03332400 -0.04500000 0.00892900
v -0.03853000 -0.04500000 0.00812300
v -0.03420500 -0.04500000 0.00450300
v -0.03874200 -0.04500000 0.00447900
v -0.03874500 -0.04500000 0.00417100
v -0.03450000 -0.04500000 0.00000000
v -0.03870000 -0.04500000 0.00000200
v -0.03842200 -0.04500000 -0.00463300
v -0.03420500 -0.04500000 -0.00450300
v -0.03759000 -0.04500000 -0.00920100
v -0.03332400 -0.04500000 -0.00892900
v -0.03621800 -0.04500000 -0.01363600
v -0.03187400 -0.04500000 -0.01320300
v -0.03432400 -0.04500000 -0.01787500
v -0.02987800 -0.04500000 -0.01725000
v -0.03193700 -0.04500000 -0.02185700
v -0.02737100 -0.04500000 -0.02100200
v -0.02909000 -0.04500000 -0.02552400
v -0.02439500 -0.04500000 -0.02439500
v -0.02582400 -0.04500000 -0.02882400
v -0.02100200 -0.04500000 -0.02737100
v -0.02218600 -0.04500000 -0.03170900
v -0.01725000 -0.04500000 -0.02987800
v -0.01822900 -0.04500000 -0.03413800
v -0.01320300 -0.04500000 -0.03187400
v -0.01401000 -0.04500000 -0.03607500
v -0.00892900 -0.04500000 -0.03332400
v -0.00958900 -0.04500000 -0.03749300
v -0.00450300 -0.04500000 -0.03420500
v -0.00503000 -0.04500000 -0.03837200
v -0.00039800 -0.04500000 -0.03869800
v -0.00028800 -0.04500000 -0.03859200
v -0.03881200 -0.00382300 -0.00382300
v -0.03900300 0.00000000 0.00000000
v -0.02757700 -0.02757700 -0.02757700
v -0.02757700 -0.02757700 -0.02757700
v -0.03886600 0.00330700 0.00330700
v -0.03844400 0.00660700 0.00660700
v -0.03773500 0.00988000 0.00988000
v -0.03673800 0.01311000 0.01311000
v -0.03544400 0.01629000 0.01629000
v -0.03384100 0.01940100 0.01940100
v -0.03192400 0.02241800 0.02241800
v -0.02968200 0.02531100 0.02531100
v -0.02710200 0.02805700 0.02805700
v -0.02417700 0.03061500 0.03061500
v -0.02090100 0.03294000 0.03294000
v -0.01728100 0.03497700 0.03497700
v -0.02474100 -0.03014700 -0.03014700
v -0.02166700 -0.03242700 -0.03242700
v -0.01838400 -0.03439500 -0.03439500
v -0.01492500 -0.03603100 -0.03603100
v -0.01132100 -0.03732100 -0.03732100
v -0.00760900 -0.03825100 -0.03825100
v -0.00382300 -0.03881200 -0.03881200
v 0.00000000 -0.03900000 -0.03900000
v -0.01534800 0.03586800 0.03586800
v -0.01333800 0.03666400 0.03666400
v -0.01125100 0.03735800 0.03735800
v -0.00911000 0.03793900 0.03793900
v -0.00700400 0.03838400 0.03838400
v -0.00495200 0.03870300 0.03870300
v -0.00296100 0.03890600 0.03890600
v -0.00103900 0.03900500 0.03900500
v 0.00275100 0.03892100 0.03892100
v 0.00476700 0.03872600 0.03872600
v 0.00686200 0.03841000 0.03841000
v 0.00902700 0.03795800 0.03795800
v 0.01124600 0.03736000 0.03736000
v 0.01341300 0.03663700 0.03663700
v 0.01549800 0.03580400 0.03580400
v 0.01749700 0.03486900 0.03486900
v 0.01940900 0.03384100 0.03384100
v 0.02295900 0.03153900 0.03153900
v 0.03014700 -0.02474100 -0.02474100
v 0.03014700 -0.02474100 -0.02474100
v 0.02757700 -0.02757700 -0.02757700
v 0.02474100 -0.03014700 -0.03014700
v 0.02613000 0.02896500 0.02896500
v 0.02892700 0.02617100 0.02617100
v 0.03135400 0.02320800 0.02320800
v 0.03342800 0.02010500 0.02010500
v 0.03516000 0.01689300 0.01689200
v 0.03655900 0.01360100 0.01360100
v 0.03763500 0.01025400 0.01025400
v 0.03839900 0.00685900 0.00685900
v 0.03885500 0.00343400 0.00343400
v 0.03900300 0.00000000 0.00000000
v 0.03881200 -0.00382300 -0.00382300
v 0.03825100 -0.00760800 -0.00760900
v 0.03732100 -0.01132100 -0.01132100
v 0.03732100 -0.01132100 -0.01132100
v 0.03603100 -0.01492500 -0.01492500
v 0.03603100 -0.01492500 -0.01492500
v 0.03439500 -0.01838400 -0.01838400
v 0.03439500 -0.01838400 -0.01838400
v 0.03242700 -0.02166700 -0.02166700
v 0.02166700 -0.03242700 -0.03242700
v 0.01838400 -0.03439500 -0.03439500
v 0.01492500 -0.03603100 -0.03603100
v 0.01132100 -0.03732100 -0.03732100
v 0.00760800 -0.03825100 -0.03825100
v 0.00382300 -0.03881200 -0.03881200
v -0.03014700 -0.02474100 -0.02474100
v -0.03242700 -0.02166700 -0.02166700
v -0.03242700 -0.02166700 -0.02166700
v -0.03439500 -0.01838400 -0.01838400
v -0.03603100 -0.01492500 -0.01492500
v -0.03732100 -0.01132100 -0.01132100
v -0.03825100 -0.00760900 -0.00760900
v -0.03941500 0.00200000 0.05380000
v -0.03905000 0.00569000 0.05380000
v -0.03937200 0.00200000 0.04900000
v -0.03922000 0.00387300 0.04798400
v -0.03917200 0.00380900 0.04205100
v -0.03861700 0.00758500 0.04300900
v -0.03912400 0.00374500 0.03611900
v -0.03858600 0.00746000 0.03744000
v -0.03907600 0.00368000 0.03018700
v -0.03855500 0.00733400 0.03187100
v -0.03904900 0.00364400 0.02683100
v -0.03853700 0.00726300 0.02872100
v -0.03902200 0.00360700 0.02347600
v -0.03852000 0.00719100 0.02557100
v -0.03899500 0.00357100 0.02012000
v -0.03850200 0.00712000 0.02242000
v -0.03896700 0.00353400 0.01676400
v -0.03848500 0.00704900 0.01927000
v -0.03894000 0.00349800 0.01340800
v -0.03846700 0.00697800 0.01612000
v -0.03891300 0.00346200 0.01005200
v -0.03845000 0.00690700 0.01296900
v -0.03888600 0.00342500 0.00669600
v -0.03843200 0.00683500 0.00981900
v -0.03844400 0.00660700 0.00660700
v -0.03773500 0.00988000 0.00988000
v -0.03767400 0.01021600 0.01291700
v -0.03673800 0.01311000 0.01311000
v -0.03660600 0.01354900 0.01597700
v -0.03544400 0.01629000 0.01629000
v -0.03522200 0.01681800 0.01898400
v -0.03384100 0.01940100 0.01940100
v -0.03351400 0.02000200 0.02192100
v -0.03192400 0.02241800 0.02241800
v -0.03147400 0.02307800 0.02476700
v -0.02968200 0.02531100 0.02531100
v -0.02908900 0.02601800 0.02749500
v -0.02710200 0.02805700 0.02805700
v -0.02710600 0.02807800 0.02941200
v -0.02492800 0.03002900 0.03123300
v -0.02478700 0.03017600 0.03297400
v -0.02240300 0.03198700 0.03457000
v -0.02225700 0.03211900 0.03619900
v -0.01968000 0.03376200 0.03756600
v -0.01953500 0.03387700 0.03909100
v -0.01678200 0.03532600 0.04022800
v -0.01664400 0.03542300 0.04166000
v -0.01373700 0.03665400 0.04256800
v -0.01361200 0.03673100 0.04391900
v -0.01058000 0.03772200 0.04460300
v -0.01047600 0.03778300 0.04588700
v -0.00735500 0.03851800 0.04635800
v -0.00727800 0.03856300 0.04759100
v -0.00410600 0.03903300 0.04786800
v -0.00402700 0.03909500 0.04998700
v -0.00087100 0.03929400 0.05008400
v -0.00085400 0.03934800 0.05217700
v -0.00050000 0.03932700 0.05110000
v -0.00050000 0.03939600 0.05380000
v -0.00394700 0.03915800 0.05210700
v -0.00422000 0.03917300 0.05380000
v -0.00700600 0.03872400 0.05195000
v -0.00790100 0.03860000 0.05380000
v -0.01000400 0.03805500 0.05171100
v -0.01150400 0.03768400 0.05380000
v -0.01292100 0.03716100 0.05139900
v -0.01500000 0.03643600 0.05380000
v -0.01549100 0.03622500 0.05356800
v -0.01836400 0.03486600 0.05380000
v -0.01818000 0.03495000 0.05329800
v -0.02075200 0.03348400 0.05299800
v -0.01843800 0.03474500 0.05058600
v -0.02101100 0.03324900 0.05010300
v -0.02126900 0.03301500 0.04722400
v -0.02369400 0.03131800 0.04650100
v -0.02394200 0.03105800 0.04342300
v -0.02619200 0.02918500 0.04244100
v -0.02632300 0.02902700 0.04057900
v -0.02838800 0.02701100 0.03941900
v -0.02850500 0.02684600 0.03743200
v -0.03100500 0.02392000 0.03560100
v -0.03109900 0.02375200 0.03343400
v -0.03324200 0.02065400 0.03133700
v -0.03331000 0.02049100 0.02898300
v -0.03509500 0.01726700 0.02662600
v -0.03513700 0.01711700 0.02407900
v -0.03656900 0.01380700 0.02146700
v -0.03658700 0.01367800 0.01872200
v -0.03767600 0.01031800 0.01586300
v -0.03864800 0.00771100 0.04858200
v -0.03834200 0.00932300 0.05380000
v -0.03769800 0.01147800 0.04917500
v -0.03729700 0.01287300 0.05380000
v -0.03637900 0.01513900 0.04976000
v -0.03591800 0.01631600 0.05380000
v -0.03470100 0.01866000 0.05033500
v -0.03422000 0.01961900 0.05380000
v -0.03267600 0.02200800 0.05089600
v -0.03222200 0.02274100 0.05380000
v -0.03032100 0.02515000 0.05143900
v -0.02994100 0.02566000 0.05380000
v -0.02765200 0.02805500 0.05196000
v -0.02738900 0.02835800 0.05380000
v -0.02549800 0.03002600 0.05232500
v -0.02459100 0.03080800 0.05380000
v -0.02319500 0.03183900 0.05267200
v -0.02157200 0.03298500 0.05380000
v -0.00016700 0.03933000 0.05110000
v 0.00016700 0.03933000 0.05110000
v 0.00050000 0.03932700 0.05110000
v 0.00050000 0.03939600 0.05380000
v 0.00224700 0.03929300 0.05215700
v 0.00229300 0.03923600 0.05005600
v -0.00088900 0.03924000 0.04799000
v -0.00415100 0.03899700 0.04666800
v -0.00743200 0.03847200 0.04512500
v -0.01068400 0.03766200 0.04331900
v -0.01386100 0.03657600 0.04121600
v -0.01692100 0.03523000 0.03879500
v -0.01982600 0.03364700 0.03604000
v -0.02254900 0.03185400 0.03294100
v -0.02417700 0.03061500 0.03061500
v 0.00422000 0.03917300 0.05380000
v 0.00532800 0.03899200 0.05204700
v 0.00543400 0.03892300 0.04990500
v 0.00233800 0.03917900 0.04795500
v 0.00553900 0.03885300 0.04776200
v 0.00236400 0.03914700 0.04676600
v 0.00559900 0.03881400 0.04655000
v 0.00239000 0.03911500 0.04557700
v 0.00565900 0.03877500 0.04533800
v 0.00241600 0.03908300 0.04438900
v 0.00571900 0.03873500 0.04412500
v 0.00244200 0.03905100 0.04320000
v 0.00577900 0.03869600 0.04291300
v 0.00246800 0.03901900 0.04201100
v 0.00583900 0.03865700 0.04170100
v 0.00249400 0.03898700 0.04082300
v 0.00589800 0.03861700 0.04048900
v 0.00251900 0.03895500 0.03963400
v 0.00595800 0.03857800 0.03927700
v 0.00476700 0.03872600 0.03872600
v 0.00686200 0.03841000 0.03841000
v 0.00930900 0.03790800 0.03864200
v 0.00902700 0.03795800 0.03795800
v 0.01124600 0.03736000 0.03736000
v 0.01252900 0.03696700 0.03775200
v 0.01341300 0.03663700 0.03663700
v 0.01559000 0.03578200 0.03663300
v 0.01549800 0.03580400 0.03580400
v 0.01749700 0.03486900 0.03486900
v 0.01846900 0.03438300 0.03531500
v 0.01940900 0.03384100 0.03384100
v 0.02106000 0.03285900 0.03388300
v 0.02295900 0.03153900 0.03153900
v 0.02346700 0.03118400 0.03231300
v 0.02613000 0.02896500 0.02896500
v 0.02568900 0.02938000 0.03062600
v 0.02772700 0.02746500 0.02884100
v 0.02760000 0.02762600 0.03074000
v 0.02947100 0.02562100 0.02899300
v 0.02935900 0.02578800 0.03101500
v 0.03107100 0.02370000 0.02932900
v 0.03097500 0.02386800 0.03147900
v 0.03253400 0.02169900 0.02987300
v 0.03245600 0.02186500 0.03215400
v 0.03386600 0.01961800 0.03064200
v 0.03380600 0.01977800 0.03305800
v 0.03506700 0.01745400 0.03165400
v 0.03502500 0.01760400 0.03420800
v 0.03613500 0.01520600 0.03291900
v 0.03611100 0.01534100 0.03561300
v 0.03706700 0.01287200 0.03444900
v 0.03705200 0.01308000 0.03946200
v 0.03786000 0.01052800 0.03853900
v 0.03786900 0.01070100 0.04380600
v 0.03851900 0.00806600 0.04313100
v 0.03854700 0.00819900 0.04865400
v 0.03902700 0.00548700 0.04823200
v 0.03905000 0.00569000 0.05380000
v 0.03931500 0.00275000 0.04780900
v 0.03941500 0.00200000 0.05380000
v 0.03937200 0.00200000 0.04900000
v 0.00790100 0.03860000 0.05380000
v 0.00836200 0.03845200 0.05185300
v 0.00852100 0.03836100 0.04963600
v 0.00868000 0.03827000 0.04741900
v 0.00877000 0.03821800 0.04616600
v 0.00886000 0.03816600 0.04491200
v 0.00894900 0.03811500 0.04365800
v 0.00903900 0.03806300 0.04240400
v 0.00912900 0.03801100 0.04115000
v 0.00921900 0.03796000 0.03989600
v 0.01150400 0.03768400 0.05380000
v 0.01132700 0.03768000 0.05157900
v 0.01152900 0.03756100 0.04925900
v 0.01173000 0.03744100 0.04693900
v 0.01184500 0.03737300 0.04562700
v 0.01195900 0.03730600 0.04431400
v 0.01207300 0.03723800 0.04300200
v 0.01218700 0.03717000 0.04168900
v 0.01230100 0.03710200 0.04037700
v 0.01241500 0.03703500 0.03906400
v 0.01500000 0.03643600 0.05380000
v 0.01396800 0.03684100 0.05368600
v 0.01420100 0.03668900 0.05123600
v 0.01836400 0.03486600 0.05380000
v 0.01671500 0.03567500 0.05343500
v 0.01696700 0.03548900 0.05083200
v 0.01443400 0.03653700 0.04878600
v 0.01925800 0.03436600 0.05316200
v 0.02157200 0.03298500 0.05380000
v 0.02168800 0.03288500 0.05286300
v 0.02399400 0.03124000 0.05254200
v 0.02194300 0.03264000 0.04991100
v 0.02423800 0.03097300 0.04939300
v 0.02219900 0.03239600 0.04695800
v 0.02448100 0.03070600 0.04624400
v 0.02245500 0.03215100 0.04400500
v 0.02472500 0.03043800 0.04309600
v 0.02259900 0.03201300 0.04233500
v 0.02486300 0.03028700 0.04131400
v 0.02274400 0.03187500 0.04066500
v 0.02500000 0.03013600 0.03953300
v 0.02288900 0.03173700 0.03899400
v 0.02513800 0.02998500 0.03775200
v 0.02303300 0.03159800 0.03732400
v 0.02527600 0.02983300 0.03597000
v 0.02317800 0.03146000 0.03565300
v 0.02541400 0.02968200 0.03418900
v 0.02332300 0.03132200 0.03398300
v 0.02555200 0.02953100 0.03240800
v 0.02459100 0.03080800 0.05380000
v 0.02616700 0.02944400 0.05220200
v 0.02639100 0.02916000 0.04884500
v 0.02661500 0.02887500 0.04548900
v 0.02684000 0.02859100 0.04213300
v 0.02696600 0.02843000 0.04023400
v 0.02709300 0.02826900 0.03833500
v 0.02722000 0.02810800 0.03643600
v 0.02734700 0.02794800 0.03453700
v 0.02747300 0.02778700 0.03263800
v 0.02738900 0.02835800 0.05380000
v 0.02819900 0.02750500 0.05184500
v 0.02839800 0.02721000 0.04827200
v 0.02859700 0.02691600 0.04469800
v 0.02879600 0.02662100 0.04112400
v 0.02890900 0.02645500 0.03910200
v 0.02902100 0.02628800 0.03708000
v 0.02913400 0.02612100 0.03505800
v 0.02924600 0.02595500 0.03303600
v 0.02994100 0.02566000 0.05380000
v 0.03008200 0.02543500 0.05147600
v 0.03025100 0.02513700 0.04767600
v 0.03042100 0.02483900 0.04387700
v 0.03059100 0.02454200 0.04007700
v 0.03068700 0.02437300 0.03792700
v 0.03078300 0.02420500 0.03577800
v 0.03087900 0.02403600 0.03362800
v 0.03180800 0.02324400 0.05109400
v 0.03222200 0.02274100 0.05380000
v 0.03337000 0.02094300 0.05070400
v 0.03422000 0.01961900 0.05380000
v 0.03476400 0.01854400 0.05030500
v 0.03591800 0.01631600 0.05380000
v 0.03598200 0.01605800 0.04989900
v 0.03702200 0.01349700 0.04948800
v 0.03602500 0.01581900 0.04513700
v 0.03703700 0.01328900 0.04447500
v 0.03606800 0.01558000 0.04037500
v 0.03729700 0.01287300 0.05380000
v 0.03787700 0.01087300 0.04907300
v 0.03834200 0.00932200 0.05380000
v 0.03926400 0.00270400 0.04177200
v 0.03928700 0.00150000 0.03675000
v 0.03921300 0.00265800 0.03573400
v 0.03916200 0.00261200 0.02969600
v 0.03890000 0.00521500 0.03089400
v 0.03887600 0.00516400 0.02762400
v 0.03844700 0.00772400 0.02896300
v 0.03843100 0.00764900 0.02583900
v 0.03784200 0.01015900 0.02731400
v 0.03783700 0.01006100 0.02433500
v 0.03709300 0.01251800 0.02594100
v 0.03710200 0.01240000 0.02310500
v 0.03620800 0.01480100 0.02483700
v 0.03623200 0.01466500 0.02214300
v 0.03519100 0.01700700 0.02399200
v 0.03523200 0.01685800 0.02143800
v 0.03404400 0.01914000 0.02339400
v 0.03410400 0.01898000 0.02097800
v 0.03276800 0.02120100 0.02302900
v 0.03342800 0.02010500 0.02010500
v 0.03135400 0.02320800 0.02320800
v 0.03919800 0.00100000 0.02450000
v 0.03913400 0.00258700 0.02628100
v 0.03885200 0.00511300 0.02435500
v 0.03841500 0.00757300 0.02271500
v 0.03783200 0.00996400 0.02135500
v 0.03711100 0.01228300 0.02026900
v 0.03625700 0.01453000 0.01944900
v 0.03527400 0.01670900 0.01888400
v 0.03516000 0.01689300 0.01689200
v 0.03910400 0.00050000 0.01225000
v 0.03907600 0.00253500 0.01944900
v 0.03910500 0.00256100 0.02286500
v 0.03900300 0.00000000 0.00000000
v 0.03898900 0.00245700 0.00920200
v 0.03901800 0.00248300 0.01261800
v 0.03904700 0.00250900 0.01603400
v 0.03878100 0.00495900 0.01454600
v 0.03880400 0.00501000 0.01781500
v 0.03838400 0.00742200 0.01646600
v 0.03840000 0.00749800 0.01959000
v 0.03782700 0.00986600 0.01837600
v 0.03896100 0.00243100 0.00578600
v 0.03885500 0.00343400 0.00343400
v 0.03873300 0.00485600 0.00800700
v 0.03839900 0.00685900 0.00685900
v 0.03835200 0.00727100 0.01021800
v 0.03781800 0.00967000 0.01241700
v 0.03836800 0.00734700 0.01334200
v 0.03782300 0.00976800 0.01539600
v 0.03763500 0.01025400 0.01025400
v 0.03712800 0.01204700 0.01459700
v 0.03711900 0.01216500 0.01743300
v 0.03655900 0.01360100 0.01360100
v 0.03628100 0.01439500 0.01675500
v 0.02892700 0.02617100 0.02617100
v 0.02958400 0.02545400 0.02697100
v 0.03126300 0.02336300 0.02503000
v 0.03269000 0.02136700 0.02531000
v 0.03398500 0.01929900 0.02581000
v 0.03515000 0.01715600 0.02654600
v 0.03618400 0.01493600 0.02753100
v 0.03708500 0.01263600 0.02877700
v 0.03784700 0.01025700 0.03029300
v 0.03846300 0.00779900 0.03208700
v 0.03894200 0.00530600 0.03667300
v 0.00275100 0.03892100 0.03892100
v -0.00103900 0.03900500 0.03900500
v -0.00095800 0.03902500 0.03970000
v -0.00296100 0.03890600 0.03890600
v -0.00442100 0.03878500 0.03947300
v -0.00495200 0.03870300 0.03870300
v -0.00700400 0.03838400 0.03838400
v -0.00781600 0.03824400 0.03896000
v -0.00911000 0.03793900 0.03793900
v -0.01110000 0.03742200 0.03818200
v -0.01125100 0.03735800 0.03735800
v -0.01333800 0.03666400 0.03666400
v -0.01423600 0.03634300 0.03716200
v -0.01534800 0.03586800 0.03586800
v -0.01719800 0.03503700 0.03593100
v -0.01728100 0.03497700 0.03497700
v -0.01997200 0.03353200 0.03451500
v -0.02090100 0.03294000 0.03294000
v -0.03886600 0.00330700 0.00330700
v -0.03900300 0.00000000 0.00000000
v -0.03910000 0.00047900 0.01174400
v -0.03919300 0.00097200 0.02382600
v -0.03928400 0.00147900 0.03624500
v 0.03882800 0.00506200 0.02108500
v -0.01573800 0.03605300 0.05102100
v -0.01598300 0.03588300 0.04848900
v -0.01314200 0.03702400 0.04901000
v -0.01622800 0.03571200 0.04595700
v -0.01336200 0.03688700 0.04662100
v -0.01636600 0.03561600 0.04452500
v -0.01348700 0.03680900 0.04527000
v -0.01650500 0.03551900 0.04309200
v -0.02344500 0.03157800 0.04957900
v -0.02573000 0.02974500 0.04902000
v -0.02785900 0.02776200 0.04843200
v -0.03048700 0.02485200 0.04759500
v -0.03279700 0.02171900 0.04672200
v -0.03477600 0.01839500 0.04582100
v -0.03641200 0.01491000 0.04489800
v -0.03769500 0.01129700 0.04395900
v -0.00714200 0.03864400 0.04977100
v -0.01018800 0.03794900 0.04944100
v -0.01869600 0.03454200 0.04789000
v -0.02152700 0.03278100 0.04434400
v -0.02408300 0.03091100 0.04168100
v -0.02645300 0.02886900 0.03871800
v -0.02862200 0.02668000 0.03544400
v -0.03119300 0.02358300 0.03126700
v -0.03337800 0.02032800 0.02662900
v -0.03518000 0.01696800 0.02153200
v -0.02596100 0.02946500 0.04573000
v -0.02806500 0.02746900 0.04491900
v -0.03065200 0.02455400 0.04376500
v -0.03291700 0.02143100 0.04256100
v -0.03485100 0.01813100 0.04131800
v -0.03644400 0.01468200 0.04004600
v -0.03769100 0.01111500 0.03875100
v 0.03849100 0.00793300 0.03760900
v 0.03898400 0.00539700 0.04245300
v 0.03785200 0.01035500 0.03327300
v 0.03707600 0.01275400 0.03161300
v 0.03616000 0.01507100 0.03022500
v 0.03510800 0.01730500 0.02910000
v 0.03392500 0.01945900 0.02822600
v 0.03261200 0.02153300 0.02759200
v 0.03116700 0.02353100 0.02718000
v 0.03491000 0.01801600 0.04127600
v 0.03483700 0.01828000 0.04579000
v 0.03358100 0.02037900 0.04216200
v 0.03347600 0.02066100 0.04643300
v 0.03498400 0.01775300 0.03676100
v 0.03208400 0.02265700 0.04303000
v 0.03194600 0.02295000 0.04706200
v 0.03368700 0.02009700 0.03789100
v 0.03374600 0.01993700 0.03547500
v 0.03222200 0.02236300 0.03899800
v 0.03230000 0.02219700 0.03671600
v 0.03237800 0.02203100 0.03443500
v 0.01977500 0.03393300 0.04762200
v 0.01951600 0.03414900 0.05039200
v 0.01721900 0.03530400 0.04822800
v 0.02003400 0.03371600 0.04485200
v 0.02018100 0.03359400 0.04328500
v 0.02032700 0.03347100 0.04171800
v 0.02047400 0.03334900 0.04015100
v 0.02062000 0.03322600 0.03858400
v 0.02076700 0.03310400 0.03701700
v 0.02091300 0.03298100 0.03545000
v 0.01466700 0.03638500 0.04633600
v 0.01747100 0.03511800 0.04562500
v 0.01761300 0.03501300 0.04415200
v 0.01775600 0.03490800 0.04267900
v 0.01789900 0.03480300 0.04120700
v 0.01804100 0.03469800 0.03973400
v 0.01818400 0.03459300 0.03826100
v 0.01832600 0.03448800 0.03678800
v -0.01037200 0.03784300 0.04717100
v -0.01895300 0.03433800 0.04519300
v -0.01909800 0.03422300 0.04366800
v -0.01924400 0.03410800 0.04214200
v -0.01938900 0.03399200 0.04061700
v -0.02827200 0.02717700 0.04140700
v -0.03081800 0.02425700 0.03993500
v -0.03303800 0.02114300 0.03840000
v -0.03492600 0.01786600 0.03681600
v -0.03647700 0.01445400 0.03519300
v -0.03768800 0.01093400 0.03354300
v 0.01493100 0.03621200 0.04356400
v 0.01479900 0.03629800 0.04495000
v 0.01506300 0.03612600 0.04217800
v 0.01519400 0.03604000 0.04079100
v 0.01532600 0.03595400 0.03940500
v 0.01545800 0.03586800 0.03801900
v -0.00090900 0.03917800 0.04562200
v -0.00089900 0.03920900 0.04680600
v -0.00419600 0.03896200 0.04546900
v -0.00091800 0.03914800 0.04443700
v -0.00092800 0.03911700 0.04325300
v -0.00093800 0.03908600 0.04206900
v -0.00094800 0.03905500 0.04088400
v -0.00750900 0.03842600 0.04389200
v -0.01078800 0.03760200 0.04203400
v -0.01398600 0.03649800 0.03986500
v -0.01706000 0.03513300 0.03736300
v -0.00424100 0.03892600 0.04427000
v -0.00428600 0.03889100 0.04307000
v -0.00433100 0.03885600 0.04187100
v -0.00437600 0.03882000 0.04067200
v -0.02181900 0.03251600 0.04108600
v -0.02167300 0.03264800 0.04271500
v -0.02422400 0.03076400 0.03994000
v -0.02196500 0.03238400 0.03945700
v -0.02211100 0.03225100 0.03782800
v -0.02658400 0.02871100 0.03685700
v -0.02873900 0.02651500 0.03345700
v -0.03128600 0.02341500 0.02910000
v -0.03344600 0.02016500 0.02427500
v -0.02436500 0.03061700 0.03819800
v -0.02450500 0.03047000 0.03645700
v -0.02464600 0.03032300 0.03471600
v -0.03317400 0.02081700 0.03369200
v -0.03091200 0.02408800 0.03776800
v -0.03310600 0.02098000 0.03604600
v -0.03501000 0.01756700 0.03172100
v -0.03496800 0.01771600 0.03426800
v -0.03505300 0.01741700 0.02917400
v -0.03653200 0.01406600 0.02695800
v -0.03651400 0.01419500 0.02970300
v -0.03768200 0.01062600 0.02470300
v -0.03768400 0.01072900 0.02765000
v -0.03649500 0.01432400 0.03244800
v -0.03768600 0.01083100 0.03059600
v 0.03875700 0.00490800 0.01127600
v -0.00766200 0.03833500 0.04142600
v -0.00758600 0.03838100 0.04265900
v -0.01089200 0.03754200 0.04075000
v -0.00773900 0.03829000 0.04019300
v -0.01411100 0.03642100 0.03851400
v -0.01099600 0.03748200 0.03946600
v -0.02684500 0.02839400 0.03313400
v -0.02671400 0.02855200 0.03499600
v -0.02885500 0.02634900 0.03147000
v -0.02697600 0.02823600 0.03127300
v -0.03138000 0.02324700 0.02693300
v -0.02897200 0.02618400 0.02948200
v -0.03767800 0.01042100 0.01881000
v -0.03655100 0.01393700 0.02421300
v -0.03768000 0.01052300 0.02175700
v -0.03420500 -0.04500000 -0.00450300
v -0.03420500 -0.04950000 -0.00450300
v -0.03450000 -0.04500000 0.00000000
v -0.03450000 -0.04950000 0.00000000
v -0.03450000 -0.04500000 0.00000000
v -0.03450000 -0.04950000 0.00000000
v -0.03420500 -0.04500000 0.00450300
v -0.03420500 -0.04950000 0.00450300
v -0.03332400 -0.04500000 0.00892900
v -0.03332400 -0.04950000 0.00892900
v -0.03187400 -0.04500000 0.01320300
v -0.03187400 -0.04950000 0.01320300
v -0.02987800 -0.04500000 0.01725000
v -0.02987800 -0.04950000 0.01725000
v -0.02737100 -0.04500000 0.02100200
v -0.02737100 -0.04950000 0.02100200
v -0.02439500 -0.04500000 0.02439500
v -0.02439500 -0.04950000 0.02439500
v -0.02100200 -0.04500000 0.02737100
v -0.02100200 -0.04950000 0.02737100
v -0.01725000 -0.04500000 0.02987800
v -0.01725000 -0.04950000 0.02987800
v -0.01320300 -0.04500000 0.03187400
v -0.01320300 -0.04950000 0.03187400
v -0.00892900 -0.04500000 0.03332400
v -0.00892900 -0.04950000 0.03332400
v -0.00450300 -0.04500000 0.03420500
v -0.00450300 -0.04950000 0.03420500
v 0.00000000 -0.04500000 0.03450000
v 0.00000000 -0.04950000 0.03450000
v 0.00450300 -0.04500000 0.03420500
v 0.00450300 -0.04950000 0.03420500
v 0.00892900 -0.04500000 0.03332400
v 0.00892900 -0.04950000 0.03332400
v 0.01320300 -0.04500000 0.03187400
v 0.01320300 -0.04950000 0.03187400
v 0.01725000 -0.04500000 0.02987800
v 0.01725000 -0.04950000 0.02987800
v 0.02100200 -0.04500000 0.02737100
v 0.02100200 -0.04950000 0.02737100
v 0.02439500 -0.04500000 0.02439500
v 0.02439500 -0.04950000 0.02439500
v 0.02737100 -0.04500000 0.02100200
v 0.02737100 -0.04950000 0.02100200
v 0.02987800 -0.04500000 0.01725000
v 0.02987800 -0.04950000 0.01725000
v 0.03187400 -0.04500000 0.01320300
v 0.03187400 -0.04950000 0.01320300
v 0.03332400 -0.04500000 0.00892900
v 0.03332400 -0.04950000 0.00892900
v 0.03420500 -0.04500000 0.00450300
v 0.03420500 -0.04950000 0.00450300
v 0.03450000 -0.04500000 0.00000000
v 0.03450000 -0.04950000 0.00000000
v 0.03420500 -0.04500000 -0.00450300
v 0.03420500 -0.04950000 -0.00450300
v 0.03332400 -0.04500000 -0.00892900
v 0.03332400 -0.04950000 -0.00892900
v 0.03187400 -0.04500000 -0.01320300
v 0.03187400 -0.04950000 -0.01320300
v 0.02987800 -0.04500000 -0.01725000
v 0.02987800 -0.04950000 -0.01725000
v 0.02737100 -0.04500000 -0.02100200
v 0.02737100 -0.04950000 -0.02100200
v 0.02439500 -0.04500000 -0.02439500
v 0.02439500 -0.04950000 -0.02439500
v 0.02100200 -0.04500000 -0.02737100
v 0.02100200 -0.04950000 -0.02737100
v 0.01725000 -0.04500000 -0.02987800
v 0.01725000 -0.04950000 -0.02987800
v 0.01320300 -0.04500000 -0.03187400
v 0.01320300 -0.04950000 -0.03187400
v 0.00892900 -0.04500000 -0.03332400
v 0.00892900 -0.04950000 -0.03332400
v 0.00450300 -0.04500000 -0.03420500
v 0.00450300 -0.04950000 -0.03420500
v 0.00000000 -0.04500000 -0.03450000
v 0.00000000 -0.04950000 -0.03450000
v -0.00450300 -0.04500000 -0.03420500
v -0.00450300 -0.04950000 -0.03420500
v -0.00892900 -0.04500000 -0.03332400
v -0.00892900 -0.04950000 -0.03332400
v -0.01320300 -0.04500000 -0.03187400
v -0.01320300 -0.04950000 -0.03187400
v -0.01725000 -0.04500000 -0.02987800
v -0.01725000 -0.04950000 -0.02987800
v -0.02100200 -0.04500000 -0.02737100
v -0.02100200 -0.04950000 -0.02737100
v -0.02439500 -0.04500000 -0.02439500
v -0.02439500 -0.04950000 -0.02439500
v -0.02737100 -0.04500000 -0.02100200
v -0.02737100 -0.04950000 -0.02100200
v -0.02987800 -0.04500000 -0.01725000
v -0.02987800 -0.04950000 -0.01725000
v -0.03187400 -0.04500000 -0.01320300
v -0.03187400 -0.04950000 -0.01320300
v -0.03332400 -0.04500000 -0.00892900
v -0.03332400 -0.04950000 -0.00892900
v -0.03420500 -0.04950000 -0.00450300
v 0.03420500 -0.04950000 -0.00450300
v -0.03450000 -0.04950000 0.00000000
v 0.03450000 -0.04950000 0.00000000
v -0.03420500 -0.04950000 0.00450300
v 0.03420500 -0.04950000 0.00450300
v -0.03332400 -0.04950000 0.00892900
v 0.03332400 -0.04950000 0.00892900
v -0.03187400 -0.04950000 0.01320300
v 0.03187400 -0.04950000 0.01320300
v -0.02987800 -0.04950000 0.01725000
v 0.02987800 -0.04950000 0.01725000
v -0.02737100 -0.04950000 0.02100200
v 0.02737100 -0.04950000 0.02100200
v -0.02439500 -0.04950000 0.02439500
v 0.02439500 -0.04950000 0.02439500
v -0.02100200 -0.04950000 0.02737100
v 0.02100200 -0.04950000 0.02737100
v -0.01725000 -0.04950000 0.02987800
v 0.01725000 -0.04950000 0.02987800
v -0.01320300 -0.04950000 0.03187400
v 0.01320300 -0.04950000 0.03187400
v -0.00892900 -0.04950000 0.03332400
v 0.00892900 -0.04950000 0.03332400
v -0.00450300 -0.04950000 0.03420500
v 0.00450300 -0.04950000 0.03420500
v 0.00000000 -0.04950000 0.03450000
v 0.03332400 -0.04950000 -0.00892900
v -0.03332400 -0.04950000 -0.00892900
v 0.03187400 -0.04950000 -0.01320300
v -0.03187400 -0.04950000 -0.01320300
v 0.02987800 -0.04950000 -0.01725000
v -0.02987800 -0.04950000 -0.01725000
v 0.02737100 -0.04950000 -0.02100200
v -0.02737100 -0.04950000 -0.02100200
v 0.02439500 -0.04950000 -0.02439500
v -0.02439500 -0.04950000 -0.02439500
v 0.02100200 -0.04950000 -0.02737100
v -0.02100200 -0.04950000 -0.02737100
v 0.01725000 -0.04950000 -0.02987800
v -0.01725000 -0.04950000 -0.02987800
v 0.01320300 -0.04950000 -0.03187400
v -0.01320300 -0.04950000 -0.03187400
v 0.00892900 -0.04950000 -0.03332400
v -0.00892900 -0.04950000 -0.03332400
v 0.00450300 -0.04950000 -0.03420500
v -0.00450300 -0.04950000 -0.03420500
v 0.00000000 -0.04950000 -0.03450000
v -0.03941500 0.00200000 0.05380000
v -0.03937200 0.00200000 0.04900000
v -0.03948300 0.00020700 0.05380000
v -0.03952500 -0.00200000 0.04900100
v 0.03902500 -0.00009700 0.00238200
v 0.03923200 0.00000000 0.02470000
v 0.03923200 0.00000000 0.02470000
v 0.03952500 -0.00200000 0.04900100
v 0.03928700 0.00150000 0.03675000
v 0.03928700 0.00150000 0.03675000
v 0.03928700 0.00150000 0.03675000
v 0.03937200 0.00200000 0.04900000
v 0.03900300 0.00000000 0.00000000
v 0.03900500 0.00000000 0.00019300
v 0.03900700 0.00000000 0.00038600
v 0.03901000 0.00000000 0.00077200
v 0.03901800 0.00000000 0.00154400
v 0.03910400 0.00050000 0.01225000
v 0.03903200 0.00000000 0.00308700
v 0.03906100 0.00000000 0.00617500
v 0.03911900 0.00000000 0.01235000
v 0.03919800 0.00100000 0.02450000
v 0.03919800 0.00100000 0.02450000
v -0.03952500 -0.00200000 0.04900100
v -0.03952500 -0.00200000 0.04900100
v -0.03911900 0.00000000 0.01235000
v -0.03902600 -0.00009700 0.00238200
v -0.03906100 0.00000000 0.00617500
v -0.03903200 0.00000000 0.00308700
v -0.03900300 0.00000000 0.00000000
v -0.03901800 0.00000000 0.00154400
v -0.03901000 0.00000000 0.00077200
v -0.03900700 0.00000000 0.00038600
v -0.03900500 0.00000000 0.00019300
v -0.03937200 0.00200000 0.04900000
v -0.03928400 0.00147900 0.03624500
v -0.03928400 0.00147900 0.03624500
v -0.03923200 0.00000000 0.02470000
v -0.03923200 0.00000000 0.02470000
v -0.03919300 0.00097200 0.02382600
v -0.03919300 0.00097200 0.02382600
v -0.03910000 0.00047900 0.01174400
v -0.00033300 -0.03972300 0.05110000
v -0.00050000 -0.03972200 0.05110000
v -0.00379400 -0.03998600 0.04951700
v -0.00050000 -0.03962400 0.05170200
v -0.00375700 -0.03950500 0.05131500
v -0.00050000 -0.03956200 0.05230900
v -0.00359500 -0.03937800 0.05290900
v -0.00050000 -0.03953800 0.05291900
v -0.00554300 -0.03915100 0.05289400
v -0.00748000 -0.03897000 0.05129400
v -0.00755200 -0.03944000 0.04951000
v -0.01123800 -0.03853400 0.04949800
v -0.01144900 -0.03935200 0.04773000
v -0.01508200 -0.03804400 0.04774500
v -0.01334800 -0.03992200 0.04619700
v -0.01546000 -0.03908200 0.04621800
v -0.01674100 -0.03850100 0.04623300
v -0.01760600 -0.03807500 0.04624500
v -0.01855900 -0.03638400 0.04776800
v -0.01850000 -0.03760600 0.04625800
v -0.01899800 -0.03733200 0.04626600
v -0.02232700 -0.03523300 0.04633500
v -0.02185000 -0.03439100 0.04779900
v -0.02539000 -0.03283200 0.04642600
v -0.02492200 -0.03208700 0.04784200
v -0.02822800 -0.03010000 0.04654700
v -0.02774900 -0.02949500 0.04789800
v -0.03030500 -0.02664400 0.04797000
v -0.02742100 -0.02904200 0.04936800
v -0.03000400 -0.02627700 0.04933100
v -0.02726500 -0.02877400 0.05079500
v -0.02986200 -0.02605200 0.05064200
v -0.02940500 -0.02645000 0.05184500
v -0.03222700 -0.02293300 0.05149800
v -0.00924400 -0.03844600 0.05284600
v -0.01113500 -0.03808400 0.05125700
v -0.01481700 -0.03727800 0.04948200
v -0.01289700 -0.03738100 0.05277000
v -0.01468800 -0.03685500 0.05120300
v -0.01825400 -0.03568500 0.04946000
v -0.01562200 -0.03632700 0.05269300
v -0.01810700 -0.03529400 0.05113100
v -0.02152000 -0.03376800 0.04943300
v -0.01971800 -0.03427800 0.05253500
v -0.02136200 -0.03341500 0.05103900
v -0.02458500 -0.03154700 0.04940300
v -0.02200300 -0.03286000 0.05242000
v -0.02442400 -0.03123500 0.05092700
v -0.02482900 -0.03078200 0.05224300
v -0.02741100 -0.02850900 0.05203900
v -0.03425700 -0.01977900 0.05117200
v -0.03358100 -0.02100600 0.05034300
v -0.03218900 -0.02309500 0.05046900
v -0.03231200 -0.02327800 0.04929100
v -0.03257200 -0.02356400 0.04805900
v -0.03087700 -0.02696000 0.04671100
v -0.03483800 -0.01883200 0.05020800
v -0.03599400 -0.01641500 0.05080900
v -0.03595500 -0.01658400 0.05006500
v -0.03692900 -0.01426800 0.04991500
v -0.03698400 -0.01435600 0.04917400
v -0.03779400 -0.01196300 0.04914400
v -0.03787700 -0.01204900 0.04848800
v -0.03850800 -0.00958200 0.04859600
v -0.03858700 -0.00964900 0.04808400
v -0.03870700 -0.00864700 0.04863700
v -0.03879900 -0.00817800 0.04865800
v -0.03866500 -0.00859400 0.04910000
v -0.03876100 -0.00812900 0.04909400
v -0.03864400 -0.00854900 0.04953200
v -0.03874300 -0.00808700 0.04950000
v -0.03864100 -0.00851300 0.04991000
v -0.03872400 -0.00812900 0.04986500
v -0.03735600 -0.01303000 0.05043100
v -0.03775500 -0.01189400 0.04975800
v -0.03845500 -0.00952100 0.04911200
v -0.03845000 -0.00933400 0.05000600
v -0.03843000 -0.00947000 0.04959500
v -0.03879800 -0.00777200 0.04982200
v -0.03884000 -0.00760300 0.04946500
v -0.03885500 -0.00764800 0.04908700
v -0.03916300 -0.00577700 0.04905000
v -0.03917900 -0.00579900 0.04880200
v -0.03939200 -0.00388800 0.04892700
v -0.03932000 -0.00474000 0.04872200
v -0.03939800 -0.00389300 0.04883800
v -0.03952500 -0.00200000 0.04900100
v -0.03883900 -0.00756600 0.04979500
v -0.03897900 -0.00681300 0.04967500
v -0.03915500 -0.00575700 0.04928100
v -0.03915800 -0.00570500 0.04947600
v -0.03938500 -0.00387900 0.04909700
v -0.03940800 -0.00362800 0.04914500
v -0.03952500 -0.00200000 0.04900100
v -0.03920300 -0.00582300 0.04855500
v -0.03911400 -0.00653300 0.04844500
v -0.03903700 -0.00709100 0.04836300
v -0.03888700 -0.00770000 0.04868100
v -0.03893600 -0.00775500 0.04827600
v -0.03764500 -0.01342300 0.04772300
v -0.03710100 -0.01447200 0.04838700
v -0.03602800 -0.01669300 0.04920400
v -0.03641300 -0.01702700 0.04740700
v -0.03618200 -0.01684400 0.04829300
v -0.03492800 -0.01896400 0.04923400
v -0.03511900 -0.01915500 0.04820700
v -0.03449900 -0.02123700 0.04708000
v -0.03391500 -0.02139900 0.04812900
v -0.03266500 -0.02440000 0.04686500
v -0.01174900 -0.04046400 0.04618400
v -0.00971700 -0.04104300 0.04617200
v -0.00769900 -0.04029600 0.04772100
v -0.00790700 -0.04146100 0.04616300
v -0.00387000 -0.04086600 0.04771600
v -0.00381200 -0.04207700 0.04615300
v 0.00000000 -0.04111000 0.04762900
v 0.00000000 -0.04226400 0.04614800
v 0.00000000 -0.04025400 0.04929900
v 0.00000000 -0.03972500 0.05110000
v -0.00016700 -0.03972400 0.05110000
v -0.03952500 -0.00200000 0.04900100
v -0.03938700 -0.00388300 0.04901500
v -0.03952500 -0.00200000 0.04900100
v -0.03368800 -0.02116200 0.04926300
v 0.00050000 -0.03953800 0.05291900
v 0.00050000 -0.03956200 0.05230900
v 0.00407300 -0.03933100 0.05290600
v 0.00376000 -0.03954900 0.05107400
v 0.00563000 -0.03932600 0.05106600
v 0.00380200 -0.04007900 0.04927500
v 0.00569200 -0.03985000 0.04927300
v 0.00387600 -0.04093400 0.04760700
v 0.00580100 -0.04069600 0.04760900
v 0.00538300 -0.04189400 0.04615500
v 0.00790800 -0.04146100 0.04616300
v 0.00188200 -0.03968400 0.05107900
v 0.00050000 -0.03962400 0.05170200
v 0.00050000 -0.03972200 0.05110000
v 0.00000000 -0.04025400 0.04929900
v 0.00033300 -0.03972300 0.05110000
v 0.00016700 -0.03972400 0.05110000
v 0.00000000 -0.03972500 0.05110000
v 0.00190300 -0.04021700 0.04927600
v 0.00000000 -0.04111000 0.04762900
v 0.00194000 -0.04107800 0.04760600
v 0.00000000 -0.04226400 0.04614800
v 0.00371500 -0.04208800 0.04615200
v 0.00771100 -0.04036300 0.04761200
v 0.00971800 -0.04104300 0.04617200
v 0.00960100 -0.03993600 0.04761700
v 0.01174900 -0.04046400 0.04618400
v 0.01146600 -0.03941600 0.04762300
v 0.01334500 -0.03992200 0.04619700
v 0.01510100 -0.03810400 0.04764000
v 0.01545900 -0.03908300 0.04621800
v 0.01663600 -0.03855000 0.04623200
v 0.01761400 -0.03807100 0.04624500
v 0.01831900 -0.03770300 0.04625500
v 0.01858300 -0.03643900 0.04766400
v 0.01899700 -0.03733200 0.04626600
v 0.02187700 -0.03443900 0.04769900
v 0.02232700 -0.03523300 0.04633500
v 0.02539100 -0.03283200 0.04642600
v 0.02494600 -0.03213100 0.04774600
v 0.02822900 -0.03009900 0.04654700
v 0.02777600 -0.02952900 0.04780700
v 0.03013600 -0.02790700 0.04665900
v 0.03033000 -0.02667200 0.04788500
v 0.03266500 -0.02439900 0.04686500
v 0.03259400 -0.02358600 0.04798200
v 0.03447300 -0.02128700 0.04707600
v 0.03455200 -0.02030200 0.04809800
v 0.03516000 -0.01991500 0.04717700
v 0.03619400 -0.01685500 0.04823500
v 0.03641200 -0.01702800 0.04740700
v 0.03711100 -0.01448000 0.04833600
v 0.03764500 -0.01342200 0.04772300
v 0.03788400 -0.01205400 0.04844600
v 0.03858700 -0.00964800 0.04808400
v 0.03851300 -0.00958500 0.04856200
v 0.03871100 -0.00865000 0.04860800
v 0.03866900 -0.00860000 0.04904000
v 0.03876500 -0.00813500 0.04903800
v 0.03874400 -0.00809200 0.04944700
v 0.03883700 -0.00762900 0.04941700
v 0.03879800 -0.00777200 0.04982200
v 0.03883900 -0.00756600 0.04979500
v 0.03897900 -0.00681300 0.04967500
v 0.03915600 -0.00575900 0.04925000
v 0.03915900 -0.00570300 0.04947600
v 0.03929800 -0.00466000 0.04929000
v 0.03938600 -0.00386700 0.04908600
v 0.03938600 -0.00385900 0.04916700
v 0.03952500 -0.00200000 0.04900100
v 0.03877100 -0.00870400 0.04817800
v 0.03880200 -0.00818100 0.04863000
v 0.03885600 -0.00766800 0.04903500
v 0.03888900 -0.00803600 0.04824600
v 0.03888900 -0.00771100 0.04865400
v 0.03916500 -0.00578000 0.04901800
v 0.03938900 -0.00387500 0.04900400
v 0.03952500 -0.00200000 0.04900100
v 0.03893600 -0.00775500 0.04827600
v 0.03904800 -0.00701700 0.04837400
v 0.03918000 -0.00580100 0.04878600
v 0.03920300 -0.00582300 0.04855500
v 0.03932000 -0.00474000 0.04872200
v 0.03939200 -0.00388400 0.04892100
v 0.03939700 -0.00389200 0.04883800
v 0.03952500 -0.00200000 0.04900100
v 0.03872500 -0.00812800 0.04986500
v 0.03864600 -0.00855400 0.04947500
v 0.03846100 -0.00952700 0.04904500
v 0.03864100 -0.00851300 0.04991000
v 0.03843200 -0.00947500 0.04953100
v 0.03780200 -0.01197200 0.04905900
v 0.03845100 -0.00933100 0.05000600
v 0.03775800 -0.01190100 0.04967600
v 0.03699600 -0.01436900 0.04907200
v 0.03735700 -0.01302800 0.05043100
v 0.03693300 -0.01427800 0.04981700
v 0.03604300 -0.01671000 0.04908600
v 0.03599500 -0.01641200 0.05080900
v 0.03596100 -0.01659700 0.04995100
v 0.03434600 -0.02009700 0.04910700
v 0.03425900 -0.01977500 0.05117100
v 0.03423400 -0.01994500 0.05014000
v 0.03233800 -0.02331000 0.04912900
v 0.03223000 -0.02292900 0.05149800
v 0.03219900 -0.02311400 0.05031200
v 0.03003500 -0.02631700 0.04915200
v 0.03048900 -0.02519500 0.05172300
v 0.02987300 -0.02607500 0.05046800
v 0.02745500 -0.02909100 0.04917400
v 0.02741700 -0.02850400 0.05203900
v 0.02727800 -0.02880000 0.05060500
v 0.02461200 -0.03161100 0.04919600
v 0.02439100 -0.03112900 0.05227400
v 0.02442600 -0.03127400 0.05072400
v 0.02155400 -0.03383500 0.04921600
v 0.02137400 -0.03344900 0.05082500
v 0.02134300 -0.03329200 0.05245800
v 0.01827900 -0.03506600 0.05260100
v 0.01811800 -0.03533100 0.05090700
v 0.01500600 -0.03658600 0.05271700
v 0.01469600 -0.03689500 0.05097300
v 0.01212600 -0.03763700 0.05279300
v 0.01114300 -0.03812600 0.05102100
v 0.01045700 -0.03813500 0.05282800
v 0.00932500 -0.03861300 0.05104000
v 0.00746900 -0.03883000 0.05287400
v 0.00748600 -0.03901300 0.05105500
v 0.03952500 -0.00200000 0.04900100
v 0.00756800 -0.03953000 0.04927000
v 0.00942500 -0.03912000 0.04926600
v 0.01125900 -0.03862100 0.04926100
v 0.01484200 -0.03736000 0.04924900
v 0.01828400 -0.03576000 0.04923400
v 0.00050000 0.03939600 0.05380000
v 0.00050000 0.03932700 0.05110000
v 0.00050000 0.03900000 0.05380000
v 0.00050000 0.03900000 0.05110000
v 0.00050000 0.03900000 0.05380000
v 0.00050000 0.03900000 0.05110000
v -0.00050000 0.03900000 0.05380000
v -0.00050000 0.03900000 0.05110000
v 0.00050000 0.03932700 0.05110000
v 0.00016700 0.03933000 0.05110000
v 0.00050000 0.03900000 0.05110000
v -0.00016700 0.03933000 0.05110000
v -0.00050000 0.03900000 0.05110000
v -0.00050000 0.03932700 0.05110000
v 0.00050000 -0.03972200 0.05110000
v 0.00050000 -0.03950000 0.05110000
v 0.00033300 -0.03972300 0.05110000
v 0.00016700 -0.03972400 0.05110000
v 0.00040400 -0.03920600 0.05110000
v 0.00000000 -0.03972500 0.05110000
v -0.00040500 -0.03920600 0.05110000
v -0.00016700 -0.03972400 0.05110000
v -0.00050000 -0.03950000 0.05110000
v -0.00033300 -0.03972300 0.05110000
v -0.00050000 -0.03972200 0.05110000
v 0.00015400 -0.03902400 0.05110000
v -0.00015500 -0.03902400 0.05110000
v 0.00000000 -0.04200000 -0.03850000
v -0.00024900 -0.04200000 -0.03856600
v 0.00024900 -0.04200000 -0.03856600
v 0.00043200 -0.04200000 -0.03874800
v -0.00043200 -0.04200000 -0.03874800
v -0.00016700 -0.04200000 -0.03900000
v -0.00050000 -0.04200000 -0.03899700
v 0.00016700 -0.04200000 -0.03900000
v 0.00050000 -0.04200000 -0.03899700
v -0.00050000 -0.04430000 0.04398400
v -0.00050000 -0.04430000 0.04250000
v -0.00016700 -0.04430000 0.04398700
v -0.00015500 -0.04430000 0.04202400
v 0.00015400 -0.04430000 0.04202400
v -0.00040500 -0.04430000 0.04220600
v 0.00040400 -0.04430000 0.04220600
v 0.00050000 -0.04430000 0.04250000
v 0.00016700 -0.04430000 0.04398700
v 0.00050000 -0.04430000 0.04398400
v 0.00050000 -0.04500000 0.04250000
v 0.00050000 -0.04430000 0.04250000
v 0.00040400 -0.04500000 0.04220600
v 0.00040400 -0.04430000 0.04220600
v 0.00015400 -0.04500000 0.04202400
v 0.00015400 -0.04430000 0.04202400
v -0.00015500 -0.04500000 0.04202400
v -0.00015500 -0.04430000 0.04202400
v -0.00040500 -0.04500000 0.04220600
v -0.00040500 -0.04430000 0.04220600
v -0.00050000 -0.04500000 0.04250000
v -0.00050000 -0.04430000 0.04250000
v 0.00050000 -0.04200000 -0.03899700
v 0.00050000 -0.04470000 -0.03899700
v 0.00043200 -0.04200000 -0.03874800
v 0.00039800 -0.04500000 -0.03869800
v 0.00024900 -0.04200000 -0.03856600
v 0.00028800 -0.04500000 -0.03859200
v 0.00015100 -0.04500000 -0.03852300
v 0.00000000 -0.04500000 -0.03850000
v 0.00000000 -0.04200000 -0.03850000
v -0.00050000 -0.04470000 -0.03899700
v -0.00043200 -0.04200000 -0.03874800
v -0.00039800 -0.04500000 -0.03869800
v -0.00024900 -0.04200000 -0.03856600
v -0.00028800 -0.04500000 -0.03859200
v -0.00015100 -0.04500000 -0.03852300
v 0.00000000 -0.04200000 -0.03850000
v 0.00000000 -0.04500000 -0.03850000
v -0.00050000 -0.04200000 -0.03899700
vn 0.99920000 0.03820000 -0.00880000
vn 0.99920000 0.03820000 -0.00880000
vn 0.99920000 0.03820000 -0.00880000
vn 0.99920000 0.03820000 -0.00880000
vn 1.00000000 -0.00000000 0.00870000
vn 1.00000000 -0.00000000 0.00870000
vn 1.00000000 -0.00000000 0.00870000
vn 0.98610000 -0.16580000 0.00870000
vn 0.99300000 -0.11770000 0.00870000
vn 0.99870000 -0.05060000 0.00870000
vn 0.99520000 -0.09750000 0.00870000
vn 0.99870000 -0.05050000 0.00870000
vn 0.96030000 -0.27880000 0.00870000
vn 0.97180000 -0.23580000 0.00870000
vn 0.97650000 -0.21510000 0.00880000
vn 0.97860000 -0.20540000 0.00880000
vn 0.94420000 -0.32920000 0.00870000
vn 0.92160000 -0.38800000 0.00870000
vn 0.90980000 -0.41490000 0.00870000
vn 0.87050000 -0.49210000 0.00880000
vn 0.86600000 -0.50000000 0.00880000
vn 0.81480000 -0.57960000 0.00870000
vn 0.80770000 -0.58950000 0.00870000
vn 0.77080000 -0.63700000 0.00870000
vn 0.73410000 -0.67900000 0.00870000
vn 0.69320000 -0.72070000 0.00880000
vn 0.65070000 -0.75930000 0.00870000
vn 0.61670000 -0.78710000 0.00870000
vn 0.55840000 -0.82950000 0.00880000
vn 0.53970000 -0.84180000 0.00870000
vn 0.45870000 -0.88860000 0.00870000
vn 0.46220000 -0.88670000 0.00870000
vn 0.37950000 -0.92520000 0.00870000
vn 0.35280000 -0.93570000 0.00870000
vn 0.30660000 -0.95180000 0.00870000
vn 0.24210000 -0.97020000 0.00870000
vn 0.26440000 -0.96440000 0.00870000
vn 0.18890000 -0.98200000 0.00880000
vn 0.12830000 -0.99170000 0.00870000
vn 0.10300000 -0.99460000 0.00870000
vn 0.01260000 -0.99990000 0.00870000
vn 0.01260000 -0.99990000 0.00870000
vn 0.98050000 -0.19640000 0.00870000
vn 0.98150000 -0.19120000 0.00870000
vn 0.98500000 -0.17210000 0.00870000
vn 0.98950000 -0.14410000 0.00870000
vn -1.00000000 -0.00000000 -0.00000000
vn -1.00000000 -0.00000000 -0.00000000
vn -1.00000000 -0.00000000 -0.00000000
vn -1.00000000 -0.00000000 -0.00000000
vn -1.00000000 -0.00000000 -0.00000000
vn -1.00000000 -0.00000000 -0.00000000
vn -1.00000000 -0.00000000 -0.00000000
vn 1.00000000 -0.00000000 -0.00000000
vn 1.00000000 -0.00000000 -0.00000000
vn 1.00000000 0.00010000 -0.00000000
vn 1.00000000 -0.00000000 -0.00000000
vn 1.00000000 0.00010000 -0.00000000
vn 1.00000000 -0.00000000 -0.00000000
vn 1.00000000 0.00010000 -0.00000000
vn 1.00000000 -0.00000000 -0.00000000
vn 1.00000000 -0.00000000 -0.00000000
vn 1.00000000 -0.00000000 -0.00000000
vn -0.01260000 -0.99990000 0.00870000
vn -0.01270000 -0.99990000 0.00870000
vn -0.09090000 -0.99580000 0.00870000
vn -0.12830000 -0.99170000 0.00870000
vn -0.14020000 -0.99010000 0.00870000
vn -0.24220000 -0.97020000 0.00870000
vn -0.23370000 -0.97230000 0.00870000
vn -0.32610000 -0.94530000 0.00870000
vn -0.35280000 -0.93570000 0.00880000
vn -0.39500000 -0.91860000 0.00870000
vn -0.45870000 -0.88860000 0.00870000
vn -0.49860000 -0.86680000 0.00870000
vn -0.55840000 -0.82950000 0.00870000
vn -0.55640000 -0.83090000 0.00870000
vn -0.62780000 -0.77830000 0.00870000
vn -0.65060000 -0.75940000 0.00870000
vn -0.69310000 -0.72080000 0.00870000
vn -0.73410000 -0.67900000 0.00870000
vn -0.74340000 -0.66870000 0.00870000
vn -0.80780000 -0.58950000 0.00870000
vn -0.81480000 -0.57970000 0.00870000
vn -0.87050000 -0.49210000 0.00870000
vn -0.86600000 -0.50000000 0.00880000
vn -0.90980000 -0.41490000 0.00870000
vn -0.92160000 -0.38800000 0.00870000
vn -0.94420000 -0.32930000 0.00870000
vn -0.96030000 -0.27880000 0.00870000
vn -0.97170000 -0.23590000 0.00870000
vn -0.97650000 -0.21510000 0.00870000
vn -0.98610000 -0.16580000 0.00870000
vn -0.97860000 -0.20540000 0.00880000
vn -0.98050000 -0.19640000 0.00870000
vn -0.98150000 -0.19120000 0.00870000
vn -0.98500000 -0.17220000 0.00870000
vn -0.98950000 -0.14410000 0.00870000
vn -0.99580000 -0.09170000 0.00870000
vn -0.99870000 -0.05060000 0.00870000
vn -0.99870000 -0.05050000 0.00870000
vn -1.00000000 -0.00000000 0.00870000
vn -1.00000000 -0.00000000 0.00870000
vn -1.00000000 -0.00000000 0.00870000
vn -0.00000000 -0.00000000 1.00000000
vn -0.00000000 -0.00000000 1.00000000
vn -0.00000000 -0.00000000 1.00000000
vn -0.00000000 -0.00000000 1.00000000
vn -0.00000000 -0.00000000 1.00000000
vn -0.00000000 -0.00000000 1.00000000
vn -0.00000000 -0.00000000 1.00000000
vn -0.00000000 -0.00000000 1.00000000
vn -0.00000000 -0.00000000 1.00000000
vn -0.00000000 -0.00000000 1.00000000
vn -0.00000000 -0.00000000 1.00000000
vn -0.00000000 -0.00000000 1.00000000
vn -0.00000000 -0.00000000 1.00000000
vn -0.00000000 -0.00000000 1.00000000
vn -0.00000000 -0.00000000 1.00000000
vn -0.00000000 -0.00000000 1.00000000
vn -0.00000000 -0.00000000 1.00000000
vn -0.00000000 -0.00000000 1.00000000
vn -0.00000000 -0.00000000 1.00000000
vn -0.00000000 -0.00000000 1.00000000
vn -0.00000000 -0.00000000 1.00000000
vn -0.00000000 -0.00000000 1.00000000
vn -0.00000000 -0.00000000 1.00000000
vn -0.00000000 -0.00000000 1.00000000
vn -0.00000000 -0.00000000 1.00000000
vn -0.00000000 -0.00000000 1.00000000
vn -0.00000000 -0.00000000 1.00000000
vn -0.00000000 -0.00000000 1.00000000
vn -0.00000000 -0.00000000 1.00000000
vn -0.00000000 -0.00000000 1.00000000
vn -0.00000000 -0.00000000 1.00000000
vn -0.00000000 -0.00000000 1.00000000
vn -0.00000000 -0.00000000 1.00000000
vn -0.00000000 -0.00000000 1.00000000
vn -0.00000000 -0.00000000 1.00000000
vn -0.00000000 -0.00000000 1.00000000
vn -0.00000000 -0.00000000 1.00000000
vn -0.00000000 -0.00000000 1.00000000
vn -0.00000000 -0.00000000 1.00000000
vn -0.00000000 -0.00000000 1.00000000
vn -0.00000000 -0.00000000 1.00000000
vn -0.00000000 -0.00000000 1.00000000
vn -0.00000000 -0.00000000 1.00000000
vn -0.00000000 -0.00000000 1.00000000
vn -0.00000000 -0.00000000 1.00000000
vn -0.00000000 -0.00000000 1.00000000
vn -0.00000000 -0.00000000 1.00000000
vn -0.00000000 -0.00000000 1.00000000
vn -0.00000000 -0.00000000 1.00000000
vn -0.00000000 -0.00000000 1.00000000
vn -0.00000000 -0.00000000 1.00000000
vn -0.00000000 -0.00000000 1.00000000
vn -0.00000000 -0.00000000 1.00000000
vn -0.00000000 -0.00000000 1.00000000
vn -0.00000000 -0.00000000 1.00000000
vn -0.00000000 -0.00000000 1.00000000
vn -0.00000000 -0.00000000 1.00000000
vn -0.00000000 -0.00000000 1.00000000
vn -0.00000000 -0.00000000 1.00000000
vn -0.00000000 -0.00000000 1.00000000
vn -0.00000000 -0.00000000 1.00000000
vn -0.00000000 -0.00000000 1.00000000
vn -0.00000000 -0.00000000 1.00000000
vn -0.00000000 -0.00000000 1.00000000
vn -0.00000000 -0.00000000 1.00000000
vn -0.00000000 -0.00000000 1.00000000
vn -0.00000000 -0.00000000 1.00000000
vn -0.00000000 -0.00000000 1.00000000
vn -0.00000000 -0.00000000 1.00000000
vn -0.00000000 -0.00000000 1.00000000
vn -0.00000000 -0.00000000 1.00000000
vn -0.00000000 -0.00000000 1.00000000
vn 1.00000000 -0.00000000 -0.00000000
vn 1.00000000 -0.00000000 -0.00000000
vn 1.00000000 -0.00000000 -0.00000000
vn 1.00000000 -0.00000000 -0.00000000
vn -1.00000000 -0.00000000 -0.00000000
vn -1.00000000 -0.00000000 -0.00000000
vn -0.80910000 -0.58770000 -0.00000000
vn -0.80900000 -0.58770000 -0.00000000
vn -0.30910000 -0.95100000 -0.00000000
vn -0.30910000 -0.95100000 -0.00000000
vn 0.30910000 -0.95100000 -0.00000000
vn 0.30910000 -0.95100000 -0.00000000
vn 0.80900000 -0.58770000 -0.00000000
vn 0.80910000 -0.58770000 -0.00000000
vn 1.00000000 -0.00010000 -0.00000000
vn 1.00000000 -0.00000000 -0.00000000
vn -0.70190000 -0.71230000 0.00230000
vn -0.70040000 -0.71370000 0.00790000
vn -0.70160000 -0.71260000 0.00370000
vn -0.70040000 -0.71370000 0.00520000
vn -0.70120000 -0.71290000 0.00370000
vn -0.70130000 -0.71290000 0.00360000
vn -0.70100000 -0.71320000 0.00330000
vn -0.70090000 -0.71330000 0.00330000
vn -0.70040000 -0.71370000 0.00250000
vn -0.66250000 -0.74600000 0.06720000
vn -0.66280000 -0.74600000 0.06450000
vn -0.61910000 -0.77580000 0.12190000
vn -0.61950000 -0.77580000 0.11960000
vn -0.57060000 -0.80360000 0.16920000
vn -0.56980000 -0.80360000 0.17170000
vn -0.51970000 -0.82780000 0.21130000
vn -0.51860000 -0.82790000 0.21370000
vn -0.46830000 -0.84850000 0.24660000
vn -0.46720000 -0.84850000 0.24850000
vn -0.41780000 -0.86580000 0.27530000
vn -0.41660000 -0.86590000 0.27700000
vn -0.36870000 -0.88020000 0.29880000
vn -0.36750000 -0.88030000 0.30020000
vn -0.32140000 -0.89200000 0.31780000
vn -0.32030000 -0.89210000 0.31870000
vn -0.27620000 -0.90180000 0.33230000
vn -0.27510000 -0.90180000 0.33340000
vn -0.23280000 -0.90970000 0.34400000
vn -0.23180000 -0.90970000 0.34460000
vn -0.19130000 -0.91590000 0.35280000
vn -0.19040000 -0.91590000 0.35330000
vn -0.15090000 -0.92080000 0.35960000
vn -0.15040000 -0.92090000 0.35960000
vn -0.11210000 -0.92460000 0.36410000
vn -0.11180000 -0.92470000 0.36400000
vn -0.07440000 -0.92730000 0.36680000
vn -0.07410000 -0.92730000 0.36690000
vn -0.05070000 -0.92850000 0.36800000
vn -0.07370000 -0.92730000 0.36690000
vn -0.03920000 -0.92880000 0.36850000
vn -0.66230000 -0.74600000 0.07000000
vn -0.61850000 -0.77580000 0.12500000
vn -0.56900000 -0.80360000 0.17440000
vn -0.51770000 -0.82780000 0.21610000
vn -0.46610000 -0.84850000 0.25060000
vn -0.41540000 -0.86590000 0.27880000
vn -0.36630000 -0.88030000 0.30150000
vn -0.31920000 -0.89220000 0.31950000
vn -0.27400000 -0.90180000 0.33420000
vn -0.23080000 -0.90960000 0.34550000
vn -0.18950000 -0.91590000 0.35380000
vn -0.15000000 -0.92100000 0.35960000
vn -0.11140000 -0.92470000 0.36400000
vn -0.00490000 -0.92940000 0.36890000
vn -0.00490000 -0.92940000 0.36890000
vn -0.03960000 -0.92890000 0.36830000
vn -0.70700000 -0.70720000 -0.00760000
vn -0.70700000 -0.70720000 -0.00760000
vn -0.70710000 -0.70710000 -0.00760000
vn -0.70700000 -0.70720000 -0.00760000
vn -0.70710000 -0.70710000 -0.00760000
vn -0.70690000 -0.70720000 -0.00760000
vn -0.70710000 -0.70710000 -0.00760000
vn -0.70710000 -0.70710000 -0.00760000
vn -0.70790000 -0.70630000 -0.00600000
vn -0.70700000 -0.70720000 -0.00760000
vn -0.70690000 -0.70720000 -0.00760000
vn -0.70790000 -0.70630000 -0.00600000
vn -0.70790000 -0.70630000 -0.00600000
vn -0.70690000 -0.70720000 -0.00760000
vn -0.70710000 -0.70710000 -0.00000000
vn -0.70210000 -0.70710000 -0.08420000
vn -0.70710000 -0.70710000 -0.00000000
vn -0.70200000 -0.70710000 -0.08500000
vn -0.68690000 -0.70710000 -0.16780000
vn -0.68680000 -0.70710000 -0.16820000
vn -0.66190000 -0.70710000 -0.24880000
vn -0.66170000 -0.70710000 -0.24930000
vn -0.62740000 -0.70710000 -0.32610000
vn -0.62720000 -0.70710000 -0.32660000
vn -0.58390000 -0.70710000 -0.39880000
vn -0.58350000 -0.70710000 -0.39940000
vn -0.53210000 -0.70710000 -0.46570000
vn -0.53150000 -0.70710000 -0.46630000
vn -0.47250000 -0.70710000 -0.52600000
vn -0.47180000 -0.70720000 -0.52660000
vn -0.40630000 -0.70710000 -0.57870000
vn -0.40540000 -0.70710000 -0.57940000
vn -0.33410000 -0.70720000 -0.62310000
vn -0.33300000 -0.70720000 -0.62370000
vn -0.25730000 -0.70710000 -0.65860000
vn -0.25600000 -0.70710000 -0.65920000
vn -0.17670000 -0.70710000 -0.68470000
vn -0.17520000 -0.70710000 -0.68510000
vn -0.09350000 -0.70710000 -0.70090000
vn -0.09190000 -0.70710000 -0.70110000
vn -0.00910000 -0.70710000 -0.70710000
vn -0.00730000 -0.70710000 -0.70710000
vn -0.99990000 -0.00000000 -0.01070000
vn -0.99990000 -0.00000000 -0.01070000
vn -0.99990000 -0.00000000 -0.01070000
vn -0.99990000 -0.00000000 -0.01070000
vn -0.99990000 -0.00000000 -0.01080000
vn -0.99990000 -0.00000000 -0.01070000
vn -0.99990000 -0.00000000 -0.01070000
vn -0.99990000 -0.00000000 -0.01070000
vn -0.99990000 -0.00000000 -0.01070000
vn -0.99970000 -0.02320000 0.00330000
vn -0.98930000 -0.10930000 0.09700000
vn -0.99990000 -0.01530000 0.00340000
vn -0.98810000 -0.11460000 0.10220000
vn -0.98780000 -0.11650000 0.10370000
vn -0.95840000 -0.20840000 0.19500000
vn -0.95780000 -0.20990000 0.19640000
vn -0.89990000 -0.31570000 0.30080000
vn -0.89920000 -0.31680000 0.30190000
vn -0.86040000 -0.36810000 0.35240000
vn -0.82310000 -0.40970000 0.39330000
vn -0.82380000 -0.40900000 0.39260000
vn -0.79440000 -0.43790000 0.42090000
vn -0.96170000 -0.20030000 0.18690000
vn -0.91740000 -0.28850000 0.27410000
vn -0.73630000 -0.48750000 0.46920000
vn -0.72280000 -0.49780000 0.47930000
vn -0.64400000 -0.55110000 0.53060000
vn -0.64820000 -0.54850000 0.52820000
vn -0.57240000 -0.59080000 0.56850000
vn -0.49690000 -0.62580000 0.60120000
vn -0.54980000 -0.60200000 0.57900000
vn -0.64370000 -0.55130000 0.53090000
vn -0.73590000 -0.48790000 0.46960000
vn -0.82240000 -0.41050000 0.39400000
vn -0.89840000 -0.31790000 0.30290000
vn -0.95720000 -0.21140000 0.19780000
vn -0.98740000 -0.11820000 0.10560000
vn -0.99960000 -0.02390000 0.01220000
vn -0.42240000 -0.65440000 0.62720000
vn -0.45660000 -0.64200000 0.61590000
vn -0.54970000 -0.60210000 0.57910000
vn -0.64330000 -0.55150000 0.53100000
vn -0.73540000 -0.48830000 0.46990000
vn -0.82180000 -0.41110000 0.39460000
vn -0.89780000 -0.31890000 0.30380000
vn -0.95660000 -0.21280000 0.19920000
vn -0.98700000 -0.11960000 0.10740000
vn -0.36510000 -0.67290000 0.64330000
vn -0.34930000 -0.67750000 0.64730000
vn -0.27750000 -0.69590000 0.66230000
vn -0.27580000 -0.69630000 0.66270000
vn -0.20700000 -0.70980000 0.67330000
vn -0.27590000 -0.69620000 0.66270000
vn -0.27620000 -0.69620000 0.66270000
vn -0.36540000 -0.67280000 0.64330000
vn -0.36570000 -0.67280000 0.64320000
vn -0.45670000 -0.64190000 0.61590000
vn -0.45660000 -0.64200000 0.61590000
vn -0.54840000 -0.60270000 0.57970000
vn -0.54790000 -0.60300000 0.57990000
vn -0.63990000 -0.55350000 0.53300000
vn -0.63890000 -0.55420000 0.53350000
vn -0.72890000 -0.49330000 0.47470000
vn -0.66840000 -0.53580000 0.51590000
vn -0.72550000 -0.49590000 0.47720000
vn -0.18840000 -0.71290000 0.67550000
vn -0.13750000 -0.71980000 0.68050000
vn -0.18870000 -0.71280000 0.67550000
vn -0.10240000 -0.72330000 0.68290000
vn -0.18910000 -0.71280000 0.67540000
vn -0.10250000 -0.72330000 0.68290000
vn -0.18920000 -0.71280000 0.67540000
vn -0.10290000 -0.72320000 0.68290000
vn -0.14500000 -0.71890000 0.67980000
vn -0.06940000 -0.72580000 0.68450000
vn -0.01710000 -0.72770000 0.68570000
vn -0.00000000 -0.72770000 0.68580000
vn 0.06850000 -0.72580000 0.68450000
vn 0.06760000 -0.72580000 0.68450000
vn 0.09820000 -0.72370000 0.68310000
vn 0.15460000 -0.71770000 0.67900000
vn 0.14510000 -0.71890000 0.67980000
vn 0.17920000 -0.71430000 0.67650000
vn 0.24160000 -0.70350000 0.66840000
vn 0.24190000 -0.70340000 0.66830000
vn 0.33000000 -0.68290000 0.65170000
vn 0.33020000 -0.68280000 0.65170000
vn 0.41990000 -0.65530000 0.62790000
vn 0.42000000 -0.65530000 0.62790000
vn 0.47500000 -0.63480000 0.60940000
vn 0.47460000 -0.63500000 0.60960000
vn 0.53020000 -0.61120000 0.58760000
vn 0.52960000 -0.61150000 0.58790000
vn 0.58580000 -0.58400000 0.56200000
vn 0.58480000 -0.58450000 0.56250000
vn 0.64090000 -0.55300000 0.53240000
vn 0.64000000 -0.55350000 0.53290000
vn 0.69600000 -0.51730000 0.49800000
vn 0.69450000 -0.51830000 0.49900000
vn 0.74940000 -0.47720000 0.45910000
vn 0.74780000 -0.47840000 0.46030000
vn 0.80080000 -0.43200000 0.41490000
vn 0.79910000 -0.43360000 0.41640000
vn 0.84910000 -0.38150000 0.36540000
vn 0.84730000 -0.38360000 0.36730000
vn 0.90640000 -0.30610000 0.29110000
vn 0.90470000 -0.30880000 0.29360000
vn 0.95260000 -0.22210000 0.20810000
vn 0.95110000 -0.22550000 0.21120000
vn 0.98430000 -0.13140000 0.11780000
vn 0.98320000 -0.13550000 0.12220000
vn 0.99870000 -0.04180000 0.02940000
vn 0.98210000 -0.13970000 0.12620000
vn 0.99800000 -0.05050000 0.03780000
vn 0.98160000 -0.14180000 0.12820000
vn 0.99230000 -0.09400000 0.08090000
vn 0.98870000 -0.11230000 0.09900000
vn -0.07320000 -0.72550000 0.68430000
vn -0.00900000 -0.72770000 0.68580000
vn -0.01710000 -0.72760000 0.68580000
vn -0.01710000 -0.72770000 0.68570000
vn -0.00900000 -0.72800000 0.68550000
vn -0.00300000 -0.72770000 0.68590000
vn 0.00300000 -0.72780000 0.68580000
vn 0.00900000 -0.72770000 0.68580000
vn 0.06830000 -0.72580000 0.68450000
vn 0.15410000 -0.71780000 0.67900000
vn 0.15400000 -0.71780000 0.67900000
vn 0.24080000 -0.70360000 0.66850000
vn 0.20700000 -0.70990000 0.67320000
vn 0.24070000 -0.70370000 0.66850000
vn 0.27750000 -0.69580000 0.66240000
vn 0.32930000 -0.68300000 0.65190000
vn 0.32910000 -0.68310000 0.65200000
vn 0.41980000 -0.65540000 0.62790000
vn 0.34930000 -0.67760000 0.64730000
vn 0.41970000 -0.65540000 0.62800000
vn 0.42240000 -0.65440000 0.62710000
vn 0.47510000 -0.63480000 0.60940000
vn 0.49690000 -0.62580000 0.60120000
vn 0.53110000 -0.61080000 0.58720000
vn 0.57240000 -0.59080000 0.56850000
vn 0.58750000 -0.58300000 0.56120000
vn 0.64820000 -0.54850000 0.52820000
vn 0.64400000 -0.55110000 0.53060000
vn 0.69980000 -0.51460000 0.49550000
vn 0.64410000 -0.55100000 0.53060000
vn 0.69970000 -0.51460000 0.49550000
vn 0.64340000 -0.55140000 0.53100000
vn 0.69900000 -0.51520000 0.49610000
vn 0.64330000 -0.55150000 0.53110000
vn 0.69870000 -0.51530000 0.49620000
vn 0.64290000 -0.55170000 0.53130000
vn 0.69820000 -0.51570000 0.49660000
vn 0.64210000 -0.55220000 0.53170000
vn 0.69770000 -0.51610000 0.49690000
vn 0.64210000 -0.55220000 0.53180000
vn 0.69690000 -0.51660000 0.49740000
vn 0.06820000 -0.72580000 0.68450000
vn 0.00900000 -0.72770000 0.68580000
vn 0.07310000 -0.72560000 0.68420000
vn 0.13750000 -0.71980000 0.68040000
vn 0.72280000 -0.49780000 0.47930000
vn 0.75430000 -0.47310000 0.45520000
vn 0.75370000 -0.47360000 0.45570000
vn 0.75340000 -0.47380000 0.45590000
vn 0.75280000 -0.47430000 0.45630000
vn 0.75220000 -0.47480000 0.45680000
vn 0.75170000 -0.47530000 0.45730000
vn 0.75100000 -0.47580000 0.45780000
vn 0.79440000 -0.43790000 0.42080000
vn 0.80640000 -0.42650000 0.40970000
vn 0.80570000 -0.42710000 0.41030000
vn 0.80540000 -0.42750000 0.41060000
vn 0.80430000 -0.42850000 0.41160000
vn 0.80380000 -0.42910000 0.41210000
vn 0.80320000 -0.42970000 0.41270000
vn 0.80230000 -0.43050000 0.41350000
vn 0.86040000 -0.36810000 0.35240000
vn 0.85590000 -0.37350000 0.35770000
vn 0.85520000 -0.37440000 0.35850000
vn 0.91320000 -0.29540000 0.28070000
vn 0.91250000 -0.29650000 0.28180000
vn 0.95840000 -0.20840000 0.19490000
vn 0.95790000 -0.20970000 0.19610000
vn 0.98810000 -0.11460000 0.10220000
vn 0.98770000 -0.11640000 0.10390000
vn 0.99960000 -0.02390000 0.01220000
vn 0.98730000 -0.11820000 0.10570000
vn 0.98700000 -0.12000000 0.10730000
vn 0.95680000 -0.21240000 0.19870000
vn 0.95600000 -0.21430000 0.20050000
vn 0.91040000 -0.29990000 0.28510000
vn 0.90960000 -0.30110000 0.28620000
vn 0.85230000 -0.37780000 0.36180000
vn 0.85160000 -0.37860000 0.36260000
vn 0.91740000 -0.28850000 0.27410000
vn 0.96170000 -0.20030000 0.18690000
vn 0.98930000 -0.10940000 0.09700000
vn 0.99990000 -0.01510000 0.00340000
vn 0.99990000 -0.00950000 0.00330000
vn 0.98650000 -0.12190000 0.10890000
vn 0.99920000 -0.03290000 0.02090000
vn 0.98620000 -0.12350000 0.11070000
vn 0.98570000 -0.12520000 0.11240000
vn 0.95480000 -0.21710000 0.20330000
vn 0.95430000 -0.21820000 0.20440000
vn 0.90820000 -0.30330000 0.28840000
vn 0.98530000 -0.12700000 0.11420000
vn 0.98340000 -0.13500000 0.12150000
vn 0.97620000 -0.15990000 0.14620000
vn 0.97110000 -0.17550000 0.16160000
vn 0.96900000 -0.18160000 0.16770000
vn 0.96360000 -0.19610000 0.18200000
vn 0.94860000 -0.23090000 0.21650000
vn 0.95520000 -0.21640000 0.20210000
vn 0.91350000 -0.29520000 0.28000000
vn 0.90200000 -0.31290000 0.29760000
vn 0.86220000 -0.36610000 0.35000000
vn 0.84470000 -0.38660000 0.37020000
vn 0.81350000 -0.41960000 0.40260000
vn 0.84550000 -0.38560000 0.36930000
vn 0.79750000 -0.43520000 0.41790000
vn 0.79660000 -0.43600000 0.41870000
vn 0.78830000 -0.44380000 0.42630000
vn 0.74650000 -0.47960000 0.46130000
vn 0.72550000 -0.49590000 0.47720000
vn 0.69320000 -0.51920000 0.49990000
vn 0.64590000 -0.54990000 0.52950000
vn 0.63890000 -0.55410000 0.53360000
vn 0.59110000 -0.58120000 0.55930000
vn 0.58410000 -0.58480000 0.56280000
vn 0.51570000 -0.61770000 0.59370000
vn 0.44120000 -0.64770000 0.62110000
vn 0.36630000 -0.67260000 0.64300000
vn 0.35170000 -0.67690000 0.64660000
vn 0.33670000 -0.68110000 0.65020000
vn 0.31620000 -0.68650000 0.65480000
vn 0.29200000 -0.69250000 0.65970000
vn 0.24940000 -0.70190000 0.66720000
vn 0.21820000 -0.70790000 0.67180000
vn -0.17920000 -0.71430000 0.67650000
vn -0.19030000 -0.71270000 0.67520000
vn -0.27710000 -0.69600000 0.66240000
vn -0.21820000 -0.70800000 0.67170000
vn -0.24950000 -0.70190000 0.66710000
vn -0.29200000 -0.69250000 0.65970000
vn -0.36590000 -0.67270000 0.64310000
vn -0.27720000 -0.69600000 0.66240000
vn -0.36590000 -0.67270000 0.64310000
vn -0.27650000 -0.69610000 0.66260000
vn -0.31840000 -0.68600000 0.65420000
vn -0.33650000 -0.68110000 0.65030000
vn -0.35550000 -0.67580000 0.64570000
vn -0.36630000 -0.67260000 0.64300000
vn -0.45630000 -0.64210000 0.61600000
vn -0.44130000 -0.64770000 0.62110000
vn -0.51570000 -0.61770000 0.59370000
vn -0.54740000 -0.60310000 0.58020000
vn -0.59100000 -0.58120000 0.55940000
vn -0.78920000 -0.44290000 0.42550000
vn -0.81390000 -0.41930000 0.40230000
vn -0.73030000 -0.49220000 0.47370000
vn -0.81560000 -0.41750000 0.40060000
vn -0.73170000 -0.49120000 0.47270000
vn -0.81720000 -0.41580000 0.39910000
vn -0.73310000 -0.49010000 0.47160000
vn -0.81890000 -0.41410000 0.39740000
vn -0.73360000 -0.48960000 0.47130000
vn -0.81970000 -0.41330000 0.39670000
vn -0.73420000 -0.48920000 0.47080000
vn -0.82030000 -0.41260000 0.39600000
vn -0.73480000 -0.48870000 0.47040000
vn -0.82100000 -0.41190000 0.39540000
vn -0.81300000 -0.42010000 0.40310000
vn -0.86220000 -0.36610000 0.35000000
vn -0.88850000 -0.33220000 0.31660000
vn -0.88940000 -0.33090000 0.31530000
vn -0.94860000 -0.23080000 0.21640000
vn -0.94940000 -0.22910000 0.21480000
vn -0.98160000 -0.14180000 0.12820000
vn -0.98210000 -0.13970000 0.12620000
vn -0.99230000 -0.09400000 0.08090000
vn -0.99870000 -0.04180000 0.02930000
vn -0.99800000 -0.05050000 0.03780000
vn -0.91350000 -0.29520000 0.28000000
vn -0.95520000 -0.21640000 0.20210000
vn -0.97110000 -0.17550000 0.16160000
vn -0.97580000 -0.16150000 0.14770000
vn -0.97930000 -0.14980000 0.13620000
vn -0.98340000 -0.13500000 0.12150000
vn -0.98870000 -0.11230000 0.09900000
vn -0.99920000 -0.03290000 0.02080000
vn -0.98430000 -0.13130000 0.11820000
vn -0.98320000 -0.13560000 0.12200000
vn -0.95100000 -0.22570000 0.21150000
vn -0.89140000 -0.32820000 0.31270000
vn -0.98570000 -0.12530000 0.11250000
vn -0.98530000 -0.12700000 0.11410000
vn -0.95410000 -0.21870000 0.20480000
vn -0.95250000 -0.22220000 0.20810000
vn -0.89480000 -0.32320000 0.30790000
vn -0.89310000 -0.32570000 0.31040000
vn -0.98620000 -0.12350000 0.11070000
vn -0.98660000 -0.12170000 0.10900000
vn -0.54950000 -0.60210000 0.57920000
vn -0.45660000 -0.64200000 0.61590000
vn -0.54930000 -0.60220000 0.57930000
vn -0.45680000 -0.64190000 0.61580000
vn -0.54910000 -0.60230000 0.57940000
vn -0.45670000 -0.64190000 0.61590000
vn -0.54890000 -0.60240000 0.57940000
vn -0.64300000 -0.55170000 0.53120000
vn -0.64260000 -0.55190000 0.53140000
vn -0.64220000 -0.55210000 0.53170000
vn -0.64180000 -0.55240000 0.53190000
vn -0.64110000 -0.55290000 0.53230000
vn -0.89700000 -0.32000000 0.30490000
vn -0.89630000 -0.32100000 0.30590000
vn -0.89560000 -0.32210000 0.30690000
vn -0.95600000 -0.21430000 0.20060000
vn -0.95530000 -0.21580000 0.20200000
vn -0.95470000 -0.21730000 0.20340000
vn -0.36550000 -0.67280000 0.64320000
vn 0.33000000 -0.68290000 0.65170000
vn 0.24160000 -0.70350000 0.66830000
vn 0.33020000 -0.68290000 0.65170000
vn 0.41980000 -0.65530000 0.62790000
vn 0.41980000 -0.65530000 0.62790000
vn 0.47520000 -0.63470000 0.60930000
vn 0.47520000 -0.63470000 0.60940000
vn 0.41980000 -0.65530000 0.62790000
vn 0.53080000 -0.61090000 0.58740000
vn 0.53060000 -0.61100000 0.58740000
vn 0.47530000 -0.63470000 0.60930000
vn 0.47540000 -0.63470000 0.60930000
vn 0.58670000 -0.58350000 0.56150000
vn 0.58600000 -0.58380000 0.56190000
vn 0.53100000 -0.61090000 0.58730000
vn 0.53120000 -0.61080000 0.58720000
vn 0.53130000 -0.61070000 0.58710000
vn 0.58660000 -0.58350000 0.56160000
vn 0.58730000 -0.58320000 0.56130000
vn 0.58750000 -0.58300000 0.56110000
vn 0.90900000 -0.30200000 0.28710000
vn 0.85080000 -0.37950000 0.36340000
vn 0.95540000 -0.21560000 0.20190000
vn 0.85300000 -0.37690000 0.36100000
vn 0.85370000 -0.37610000 0.36020000
vn 0.85450000 -0.37520000 0.35930000
vn 0.91120000 -0.29860000 0.28390000
vn 0.95720000 -0.21130000 0.19770000
vn 0.91180000 -0.29750000 0.28290000
vn 0.94940000 -0.22910000 0.21470000
vn 0.90280000 -0.31160000 0.29630000
vn 1.00000000 -0.00000000 -0.00000000
vn 1.00000000 -0.00000000 -0.00000000
vn 1.00000000 -0.00000000 -0.00000000
vn 1.00000000 -0.00000000 -0.00000000
vn 1.00000000 -0.00000000 -0.00000000
vn 0.66280000 -0.74600000 0.06440000
vn 0.67590000 -0.73550000 0.04720000
vn 0.70040000 -0.71370000 0.00240000
vn 0.70050000 -0.71360000 0.00210000
vn 0.70060000 -0.71360000 0.00500000
vn 0.70070000 -0.71350000 0.00240000
vn 0.70070000 -0.71340000 0.00260000
vn 0.70090000 -0.71320000 0.00360000
vn 0.70100000 -0.71310000 0.00360000
vn 0.70150000 -0.71260000 0.00370000
vn 0.70150000 -0.71270000 0.00380000
vn 0.70180000 -0.71230000 0.00240000
vn 0.70040000 -0.71370000 0.00800000
vn 0.66230000 -0.74600000 0.07000000
vn 0.64860000 -0.75620000 0.08630000
vn 0.61850000 -0.77580000 0.12500000
vn 0.61900000 -0.77580000 0.12240000
vn 0.58590000 -0.79510000 0.15680000
vn 0.61960000 -0.77580000 0.11940000
vn 0.57060000 -0.80360000 0.16920000
vn 0.55160000 -0.81270000 0.18770000
vn 0.51970000 -0.82780000 0.21130000
vn 0.51870000 -0.82780000 0.21360000
vn 0.46730000 -0.84850000 0.24840000
vn 0.46610000 -0.84850000 0.25060000
vn 0.41540000 -0.86580000 0.27890000
vn 0.41660000 -0.86590000 0.27690000
vn 0.36640000 -0.88020000 0.30160000
vn 0.36750000 -0.88030000 0.30010000
vn 0.31920000 -0.89210000 0.31980000
vn 0.32030000 -0.89210000 0.31860000
vn 0.27430000 -0.90170000 0.33410000
vn 0.27470000 -0.90180000 0.33350000
vn 0.23110000 -0.90960000 0.34530000
vn 0.23190000 -0.90970000 0.34450000
vn 0.19010000 -0.91580000 0.35370000
vn 0.19050000 -0.91590000 0.35320000
vn 0.14980000 -0.92090000 0.35990000
vn 0.15050000 -0.92090000 0.35950000
vn 0.11160000 -0.92460000 0.36430000
vn 0.11190000 -0.92470000 0.36400000
vn 0.07360000 -0.92740000 0.36690000
vn 0.07440000 -0.92730000 0.36680000
vn 0.03930000 -0.92880000 0.36850000
vn 0.03940000 -0.92880000 0.36840000
vn 0.00490000 -0.92950000 0.36890000
vn 0.00490000 -0.92950000 0.36890000
vn 0.03950000 -0.92880000 0.36840000
vn 0.07440000 -0.92730000 0.36690000
vn 0.11210000 -0.92470000 0.36370000
vn 0.15110000 -0.92090000 0.35920000
vn 0.19080000 -0.91610000 0.35280000
vn 0.23260000 -0.90970000 0.34400000
vn 0.27610000 -0.90180000 0.33240000
vn 0.32130000 -0.89210000 0.31760000
vn 0.36860000 -0.88030000 0.29870000
vn 0.41780000 -0.86580000 0.27530000
vn 0.46830000 -0.84850000 0.24640000
vn 0.51770000 -0.82780000 0.21610000
vn 0.56900000 -0.80360000 0.17440000
vn 0.70710000 -0.70710000 -0.00000000
vn 0.70710000 -0.70710000 -0.00000000
vn 0.70200000 -0.70710000 -0.08480000
vn 0.70190000 -0.70710000 -0.08500000
vn 0.68690000 -0.70710000 -0.16770000
vn 0.68680000 -0.70710000 -0.16830000
vn 0.66200000 -0.70710000 -0.24860000
vn 0.66170000 -0.70710000 -0.24920000
vn 0.62740000 -0.70710000 -0.32610000
vn 0.62710000 -0.70710000 -0.32680000
vn 0.58390000 -0.70710000 -0.39880000
vn 0.58350000 -0.70710000 -0.39940000
vn 0.53200000 -0.70710000 -0.46580000
vn 0.53150000 -0.70710000 -0.46630000
vn 0.47250000 -0.70710000 -0.52600000
vn 0.47180000 -0.70710000 -0.52660000
vn 0.40620000 -0.70710000 -0.57870000
vn 0.40540000 -0.70710000 -0.57940000
vn 0.33410000 -0.70720000 -0.62310000
vn 0.33310000 -0.70720000 -0.62370000
vn 0.25730000 -0.70710000 -0.65860000
vn 0.25590000 -0.70710000 -0.65920000
vn 0.17670000 -0.70710000 -0.68470000
vn 0.17520000 -0.70710000 -0.68510000
vn 0.09360000 -0.70710000 -0.70090000
vn 0.09190000 -0.70710000 -0.70110000
vn 0.00910000 -0.70710000 -0.70710000
vn 0.00730000 -0.70710000 -0.70710000
vn 0.70700000 -0.70720000 -0.00760000
vn 0.70700000 -0.70720000 -0.00760000
vn 0.70700000 -0.70720000 -0.00760000
vn 0.70690000 -0.70720000 -0.00760000
vn 0.70710000 -0.70710000 -0.00760000
vn 0.70700000 -0.70720000 -0.00760000
vn 0.70690000 -0.70720000 -0.00760000
vn 0.70710000 -0.70700000 -0.00760000
vn 0.70710000 -0.70700000 -0.00760000
vn 0.70690000 -0.70720000 -0.00760000
vn 0.70710000 -0.70710000 -0.00760000
vn 0.70710000 -0.70700000 -0.00760000
vn 0.70670000 -0.70750000 -0.00760000
vn 0.70660000 -0.70760000 -0.00770000
vn 0.70650000 -0.70770000 -0.00780000
vn -1.00000000 -0.00000000 -0.00000000
vn -1.00000000 -0.00000000 -0.00000000
vn -1.00000000 -0.00000000 -0.00000000
vn -1.00000000 -0.00000000 -0.00000000
vn -1.00000000 -0.00000000 -0.00000000
vn 0.99990000 -0.00000000 -0.01070000
vn 0.99990000 -0.00000000 -0.01070000
vn 0.99990000 -0.00000000 -0.01070000
vn 0.99990000 -0.00000000 -0.01070000
vn 0.99990000 -0.00000000 -0.01070000
vn 0.99990000 -0.00000000 -0.01070000
vn 0.99990000 -0.00000000 -0.01070000
vn 0.99990000 -0.00000000 -0.01070000
vn -0.01280000 -0.00000000 -0.99990000
vn -0.01280000 -0.00000000 -0.99990000
vn -0.09800000 -0.00000000 -0.99520000
vn -0.13230000 -0.00000000 -0.99120000
vn -0.19510000 -0.00000000 -0.98080000
vn -0.24980000 -0.00000000 -0.96830000
vn -0.29030000 -0.00000000 -0.95690000
vn -0.36380000 -0.00000000 -0.93150000
vn -0.38270000 -0.00000000 -0.92390000
vn -0.47260000 -0.00000000 -0.88130000
vn -0.47140000 -0.00000000 -0.88190000
vn -0.55550000 -0.00000000 -0.83150000
vn -0.57450000 -0.00000000 -0.81850000
vn -0.63440000 -0.00000000 -0.77300000
vn -0.66830000 -0.00000000 -0.74390000
vn -0.70710000 -0.00000000 -0.70710000
vn -0.75240000 -0.00000000 -0.65870000
vn -0.77300000 -0.00000000 -0.63440000
vn -0.82580000 -0.00000000 -0.56400000
vn -0.83150000 -0.00000000 -0.55560000
vn -0.88190000 -0.00000000 -0.47140000
vn -0.88730000 -0.00010000 -0.46120000
vn -0.92390000 -0.00000000 -0.38270000
vn -0.93610000 -0.00000000 -0.35180000
vn -0.95690000 -0.00000000 -0.29030000
vn -0.97140000 -0.00000000 -0.23740000
vn -0.98080000 -0.00000000 -0.19510000
vn -0.99280000 -0.00000000 -0.11960000
vn -0.99520000 -0.00000000 -0.09800000
vn -1.00000000 -0.00000000 -0.00000000
vn -1.00000000 -0.00000000 -0.00000000
vn -0.00000000 -0.00000000 -1.00000000
vn -0.00440000 0.00010000 -1.00000000
vn 0.00440000 0.00010000 -1.00000000
vn 0.01280000 -0.00000000 -0.99990000
vn 0.09800000 -0.00000000 -0.99520000
vn 0.01280000 -0.00000000 -0.99990000
vn 0.13230000 -0.00000000 -0.99120000
vn 0.19510000 -0.00000000 -0.98080000
vn 0.24980000 -0.00000000 -0.96830000
vn 0.29030000 -0.00000000 -0.95690000
vn 0.36380000 -0.00010000 -0.93150000
vn 0.38270000 -0.00000000 -0.92390000
vn 0.47260000 -0.00000000 -0.88130000
vn 0.47140000 -0.00000000 -0.88190000
vn 0.55550000 -0.00000000 -0.83150000
vn 0.57450000 -0.00000000 -0.81850000
vn 0.63440000 -0.00000000 -0.77300000
vn 0.66830000 -0.00000000 -0.74390000
vn 0.70710000 -0.00000000 -0.70710000
vn 0.75240000 -0.00000000 -0.65870000
vn 0.77300000 -0.00000000 -0.63440000
vn 0.82580000 -0.00010000 -0.56400000
vn 0.83150000 -0.00000000 -0.55560000
vn 0.88190000 -0.00000000 -0.47140000
vn 0.88730000 -0.00010000 -0.46120000
vn 0.92390000 -0.00000000 -0.38270000
vn 0.93610000 -0.00000000 -0.35180000
vn 0.95690000 -0.00000000 -0.29030000
vn 0.97140000 -0.00010000 -0.23740000
vn 0.98080000 -0.00000000 -0.19510000
vn 0.99280000 -0.00010000 -0.11950000
vn 0.99520000 -0.00000000 -0.09800000
vn 1.00000000 -0.00000000 -0.00000000
vn 1.00000000 -0.00000000 -0.00000000
vn -0.00000000 -1.00000000 -0.00000000
vn -0.00000000 -1.00000000 -0.00000000
vn -0.00000000 -1.00000000 -0.00000000
vn -0.00000000 -1.00000000 -0.00000000
vn -0.00000000 -1.00000000 -0.00000000
vn -0.00000000 -1.00000000 -0.00000000
vn -0.00000000 -1.00000000 -0.00000000
vn -0.00000000 -1.00000000 -0.00000000
vn -0.00000000 -1.00000000 -0.00000000
vn -0.00000000 -1.00000000 -0.00000000
vn -0.00000000 -1.00000000 -0.00000000
vn -0.00000000 -1.00000000 -0.00000000
vn -0.00000000 -1.00000000 -0.00000000
vn -0.00000000 -1.00000000 -0.00000000
vn -0.00000000 -1.00000000 -0.00000000
vn -0.00000000 -1.00000000 -0.00000000
vn -0.00000000 -1.00000000 -0.00000000
vn -0.00000000 -1.00000000 -0.00000000
vn -0.00000000 -1.00000000 -0.00000000
vn -0.00000000 -1.00000000 -0.00000000
vn -0.00000000 -1.00000000 -0.00000000
vn -0.00000000 -1.00000000 -0.00000000
vn -0.00000000 -1.00000000 -0.00000000
vn -0.00000000 -1.00000000 -0.00000000
vn -0.00000000 -1.00000000 -0.00000000
vn -0.00000000 -1.00000000 -0.00000000
vn -0.00000000 -1.00000000 -0.00000000
vn -0.00000000 -1.00000000 -0.00000000
vn -0.00000000 -1.00000000 -0.00000000
vn -0.00000000 -1.00000000 -0.00000000
vn -0.00000000 -1.00000000 -0.00000000
vn -0.00000000 -1.00000000 -0.00000000
vn -0.00000000 -1.00000000 -0.00000000
vn -0.00000000 -1.00000000 -0.00000000
vn -0.00000000 -1.00000000 -0.00000000
vn -0.00000000 -1.00000000 -0.00000000
vn -0.00000000 -1.00000000 -0.00000000
vn -0.00000000 -1.00000000 -0.00000000
vn -0.00000000 -1.00000000 -0.00000000
vn -0.00000000 -1.00000000 -0.00000000
vn -0.00000000 -1.00000000 -0.00000000
vn -0.00000000 -1.00000000 -0.00000000
vn -0.00000000 -1.00000000 -0.00000000
vn -0.00000000 -1.00000000 -0.00000000
vn -0.00000000 -1.00000000 -0.00000000
vn -0.00000000 -1.00000000 -0.00000000
vn -0.00000000 -1.00000000 -0.00000000
vn -0.00000000 -1.00000000 -0.00000000
vn -0.00000000 -1.00000000 -0.00000000
vn -0.00000000 -1.00000000 -0.00000000
vn -0.00000000 -1.00000000 -0.00000000
vn -0.00000000 -1.00000000 -0.00000000
vn -0.00000000 -1.00000000 -0.00000000
vn -0.00000000 -1.00000000 -0.00000000
vn -0.00000000 -1.00000000 -0.00000000
vn -0.00000000 -1.00000000 -0.00000000
vn -0.00000000 -1.00000000 -0.00000000
vn -0.00000000 -1.00000000 -0.00000000
vn -0.00000000 -1.00000000 -0.00000000
vn -0.00000000 -1.00000000 -0.00000000
vn -0.00000000 -1.00000000 -0.00000000
vn -0.00000000 -1.00000000 -0.00000000
vn -0.00000000 -1.00000000 -0.00000000
vn -0.00000000 -1.00000000 -0.00000000
vn -0.00000000 -1.00000000 -0.00000000
vn -0.00000000 -1.00000000 -0.00000000
vn -0.00000000 -1.00000000 -0.00000000
vn -0.00000000 -1.00000000 -0.00000000
vn -0.00000000 -1.00000000 -0.00000000
vn -0.00000000 -1.00000000 -0.00000000
vn -0.00000000 -1.00000000 -0.00000000
vn -0.00000000 -1.00000000 -0.00000000
vn -0.00000000 -1.00000000 -0.00000000
vn -0.00000000 -1.00000000 -0.00000000
vn -0.00000000 -1.00000000 -0.00000000
vn -0.00000000 -1.00000000 -0.00000000
vn -0.00000000 -1.00000000 -0.00000000
vn -0.00000000 -1.00000000 -0.00000000
vn -0.00000000 -1.00000000 -0.00000000
vn -0.00000000 -1.00000000 -0.00000000
vn -0.00000000 -1.00000000 -0.00000000
vn -0.00000000 -1.00000000 -0.00000000
vn -0.00000000 -1.00000000 -0.00000000
vn -0.00000000 -1.00000000 -0.00000000
vn -0.00000000 -1.00000000 -0.00000000
vn -0.00000000 -1.00000000 -0.00000000
vn -0.00000000 -1.00000000 -0.00000000
vn -0.00000000 -1.00000000 -0.00000000
vn -0.00000000 -1.00000000 -0.00000000
vn -0.00000000 -1.00000000 -0.00000000
vn -0.00000000 -1.00000000 -0.00000000
vn -0.00000000 -1.00000000 -0.00000000
vn -0.00000000 -1.00000000 -0.00000000
vn -0.00000000 -1.00000000 -0.00000000
vn -0.00000000 -1.00000000 -0.00000000
vn -0.00000000 -1.00000000 -0.00000000
vn -0.00000000 -1.00000000 -0.00000000
vn -0.00000000 -1.00000000 -0.00000000
vn -0.00000000 -1.00000000 -0.00000000
vn -0.00000000 -1.00000000 -0.00000000
vn -0.00000000 -1.00000000 -0.00000000
vn -0.00000000 -1.00000000 -0.00000000
vn -0.00000000 -1.00000000 -0.00000000
vn -0.00000000 -1.00000000 -0.00000000
vn -0.00000000 -1.00000000 -0.00000000
vn -0.00000000 -1.00000000 -0.00000000
vn -0.00000000 -1.00000000 -0.00000000
vn -0.00000000 -1.00000000 -0.00000000
vn -0.00000000 -1.00000000 -0.00000000
vn -0.00000000 -1.00000000 -0.00000000
vn -0.00000000 -1.00000000 -0.00000000
vn -0.00000000 -1.00000000 -0.00000000
vn -0.00000000 -1.00000000 -0.00000000
vn -0.00000000 -1.00000000 -0.00000000
vn -0.00000000 -1.00000000 -0.00000000
vn -0.00000000 -1.00000000 -0.00000000
vn -0.00000000 -1.00000000 -0.00000000
vn -0.00000000 -1.00000000 -0.00000000
vn -0.00000000 -1.00000000 -0.00000000
vn -0.00000000 -1.00000000 -0.00000000
vn -0.00000000 -1.00000000 -0.00000000
vn -0.00000000 -1.00000000 -0.00000000
vn -0.00000000 -1.00000000 -0.00000000
vn -0.00000000 0.70710000 -0.70710000
vn -0.00000000 0.70710000 -0.70710000
vn -0.00000000 0.70710000 -0.70710000
vn 0.00020000 0.70720000 -0.70700000
vn -0.00000000 0.70710000 -0.70710000
vn -0.00000000 0.70710000 -0.70710000
vn -0.00000000 0.70710000 -0.70710000
vn -0.00000000 0.70710000 -0.70710000
vn -0.00000000 0.70710000 -0.70710000
vn -0.00000000 0.70710000 -0.70710000
vn -0.00000000 0.70710000 -0.70710000
vn -0.00000000 0.70710000 -0.70710000
vn -0.00000000 0.70710000 -0.70710000
vn -0.00000000 0.70710000 -0.70710000
vn -0.00000000 0.70710000 -0.70710000
vn -0.00000000 0.70710000 -0.70710000
vn -0.00000000 0.70710000 -0.70710000
vn -0.00000000 0.70710000 -0.70710000
vn -0.00000000 0.70710000 -0.70710000
vn -0.00000000 0.70710000 -0.70710000
vn -0.00000000 0.70710000 -0.70710000
vn -0.00000000 0.70710000 -0.70710000
vn -0.00000000 0.70710000 -0.70710000
vn -0.00000000 0.70710000 -0.70710000
vn -0.00000000 0.70710000 -0.70710000
vn -0.00000000 0.70710000 -0.70710000
vn -0.00000000 0.70710000 -0.70710000
vn -0.00000000 0.70710000 -0.70710000
vn -0.00000000 0.70710000 -0.70710000
vn -0.00000000 0.70710000 -0.70710000
vn -0.00000000 0.70710000 -0.70710000
vn -0.00000000 0.70710000 -0.70710000
vn -0.00000000 0.70710000 -0.70710000
vn -0.00000000 0.70710000 -0.70710000
vn -0.00000000 0.70710000 -0.70710000
vn -0.00000000 0.70710000 -0.70710000
vn -0.00000000 0.70710000 -0.70710000
vn -0.00000000 0.70710000 -0.70710000
vn -0.00000000 0.70710000 -0.70710000
vn -0.00000000 0.70710000 -0.70710000
vn -0.00000000 0.70710000 -0.70710000
vn -0.00000000 0.70710000 -0.70710000
vn 0.00010000 0.70710000 -0.70710000
vn -0.00000000 0.70710000 -0.70710000
vn -0.00000000 0.70710000 -0.70710000
vn -0.00000000 0.70710000 -0.70710000
vn -0.00000000 0.70710000 -0.70710000
vn -0.00000000 0.70710000 -0.70710000
vn -0.00000000 0.70710000 -0.70710000
vn -0.00000000 0.70710000 -0.70710000
vn -0.00000000 0.70710000 -0.70710000
vn -0.00000000 0.70710000 -0.70710000
vn -0.00000000 0.70710000 -0.70710000
vn -0.00000000 0.70710000 -0.70710000
vn -0.00000000 0.70710000 -0.70710000
vn -0.00000000 0.70710000 -0.70710000
vn -0.00000000 0.70710000 -0.70710000
vn -0.00000000 0.70710000 -0.70710000
vn -0.00000000 0.70710000 -0.70710000
vn 0.00010000 0.70710000 -0.70710000
vn 0.00010000 0.70710000 -0.70710000
vn -0.00000000 0.70710000 -0.70710000
vn -0.00000000 0.70710000 -0.70710000
vn 0.00010000 0.70710000 -0.70710000
vn 0.00010000 0.70710000 -0.70710000
vn -0.00000000 0.70710000 -0.70710000
vn -0.00000000 0.70710000 -0.70710000
vn -0.00000000 0.70710000 -0.70710000
vn -0.00000000 0.70710000 -0.70710000
vn -0.00000000 0.70710000 -0.70710000
vn -0.00000000 0.70710000 -0.70710000
vn 0.00020000 0.70720000 -0.70700000
vn -0.00000000 0.70710000 -0.70710000
vn 0.00020000 0.70720000 -0.70700000
vn -0.00000000 0.70710000 -0.70710000
vn -0.00000000 0.70710000 -0.70710000
vn -0.00000000 0.70710000 -0.70710000
vn -0.00000000 0.70710000 -0.70710000
vn -0.99860000 0.05130000 -0.00880000
vn -0.98940000 0.14490000 -0.00950000
vn -0.99860000 0.05210000 -0.00880000
vn -0.99500000 0.09990000 -0.00910000
vn -0.99500000 0.09950000 -0.00910000
vn -0.98050000 0.19600000 -0.01010000
vn -0.99500000 0.09900000 -0.00910000
vn -0.98090000 0.19420000 -0.00970000
vn -0.99510000 0.09840000 -0.00910000
vn -0.98130000 0.19230000 -0.00970000
vn -0.99510000 0.09820000 -0.00910000
vn -0.98150000 0.19120000 -0.00970000
vn -0.99520000 0.09780000 -0.00910000
vn -0.98170000 0.19010000 -0.00970000
vn -0.99520000 0.09750000 -0.00910000
vn -0.98190000 0.18890000 -0.00970000
vn -0.99520000 0.09720000 -0.00910000
vn -0.98220000 0.18770000 -0.00960000
vn -0.99530000 0.09690000 -0.00910000
vn -0.98240000 0.18650000 -0.00960000
vn -0.99530000 0.09650000 -0.00910000
vn -0.98270000 0.18500000 -0.00970000
vn -0.99530000 0.09670000 -0.00950000
vn -0.98290000 0.18390000 -0.00960000
vn -0.98390000 0.17850000 -0.00960000
vn -0.96490000 0.26250000 -0.01000000
vn -0.96260000 0.27060000 -0.01010000
vn -0.93850000 0.34510000 -0.01030000
vn -0.93450000 0.35580000 -0.01050000
vn -0.90450000 0.42630000 -0.01070000
vn -0.89820000 0.43940000 -0.01090000
vn -0.86270000 0.50550000 -0.01100000
vn -0.85380000 0.52050000 -0.01130000
vn -0.81300000 0.58220000 -0.01140000
vn -0.80090000 0.59860000 -0.01190000
vn -0.75500000 0.65560000 -0.01210000
vn -0.73940000 0.67320000 -0.01270000
vn -0.68840000 0.72520000 -0.01300000
vn -0.68830000 0.72530000 -0.01330000
vn -0.63210000 0.77480000 -0.01430000
vn -0.62810000 0.77800000 -0.01490000
vn -0.56700000 0.82360000 -0.01610000
vn -0.56350000 0.82590000 -0.01660000
vn -0.49750000 0.86730000 -0.01800000
vn -0.49430000 0.86910000 -0.01840000
vn -0.42390000 0.90550000 -0.02000000
vn -0.42060000 0.90700000 -0.02050000
vn -0.34680000 0.93770000 -0.02190000
vn -0.34390000 0.93870000 -0.02230000
vn -0.26750000 0.96330000 -0.02340000
vn -0.26480000 0.96400000 -0.02380000
vn -0.18590000 0.98220000 -0.02480000
vn -0.18410000 0.98260000 -0.02480000
vn -0.10390000 0.99430000 -0.02550000
vn -0.10220000 0.99440000 -0.02570000
vn -0.02220000 0.99940000 -0.02570000
vn -0.02170000 0.99940000 -0.02570000
vn -0.01280000 0.99960000 -0.02580000
vn -0.01270000 0.99960000 -0.02580000
vn -0.10010000 0.99470000 -0.02560000
vn -0.10700000 0.99390000 -0.02560000
vn -0.17760000 0.98380000 -0.02530000
vn -0.20030000 0.97940000 -0.02530000
vn -0.25350000 0.96700000 -0.02470000
vn -0.29150000 0.95630000 -0.02490000
vn -0.32740000 0.94460000 -0.02440000
vn -0.37980000 0.92480000 -0.02420000
vn -0.39220000 0.91960000 -0.02400000
vn -0.46480000 0.88510000 -0.02320000
vn -0.46020000 0.88750000 -0.02310000
vn -0.52510000 0.85070000 -0.02210000
vn -0.46670000 0.88410000 -0.02220000
vn -0.53170000 0.84670000 -0.02120000
vn -0.53810000 0.84260000 -0.02030000
vn -0.59960000 0.80010000 -0.01910000
vn -0.60620000 0.79510000 -0.01820000
vn -0.66340000 0.74810000 -0.01700000
vn -0.66670000 0.74520000 -0.01650000
vn -0.71960000 0.69430000 -0.01550000
vn -0.72280000 0.69090000 -0.01510000
vn -0.78660000 0.61730000 -0.01390000
vn -0.78940000 0.61380000 -0.01350000
vn -0.84460000 0.53520000 -0.01260000
vn -0.84680000 0.53170000 -0.01230000
vn -0.89320000 0.44960000 -0.01150000
vn -0.89480000 0.44640000 -0.01130000
vn -0.93240000 0.36140000 -0.01080000
vn -0.93320000 0.35910000 -0.01060000
vn -0.96200000 0.27300000 -0.01010000
vn -0.98020000 0.19770000 -0.01000000
vn -0.97140000 0.23730000 -0.01030000
vn -0.95590000 0.29350000 -0.01090000
vn -0.94480000 0.32730000 -0.01140000
vn -0.92210000 0.38670000 -0.01200000
vn -0.90980000 0.41490000 -0.01260000
vn -0.87930000 0.47610000 -0.01340000
vn -0.86670000 0.49870000 -0.01390000
vn -0.82770000 0.56100000 -0.01500000
vn -0.81590000 0.57800000 -0.01550000
vn -0.76770000 0.64050000 -0.01660000
vn -0.75800000 0.65200000 -0.01710000
vn -0.69990000 0.71400000 -0.01830000
vn -0.69320000 0.72050000 -0.01880000
vn -0.64530000 0.76360000 -0.01960000
vn -0.62240000 0.78250000 -0.02040000
vn -0.58700000 0.80930000 -0.02090000
vn -0.54590000 0.83750000 -0.02200000
vn -0.00420000 0.99970000 -0.02580000
vn 0.00430000 0.99970000 -0.02580000
vn 0.01270000 0.99960000 -0.02580000
vn 0.01270000 0.99960000 -0.02580000
vn 0.05710000 0.99800000 -0.02570000
vn 0.05820000 0.99800000 -0.02570000
vn -0.02260000 0.99940000 -0.02590000
vn -0.10500000 0.99410000 -0.02550000
vn -0.18770000 0.98190000 -0.02470000
vn -0.26960000 0.96270000 -0.02330000
vn -0.35000000 0.93650000 -0.02150000
vn -0.42720000 0.90400000 -0.01960000
vn -0.50140000 0.86510000 -0.01750000
vn -0.57100000 0.82080000 -0.01550000
vn -0.61280000 0.79010000 -0.01440000
vn 0.10700000 0.99390000 -0.02560000
vn 0.13520000 0.99050000 -0.02540000
vn 0.13760000 0.99020000 -0.02540000
vn 0.05890000 0.99790000 -0.02590000
vn 0.14010000 0.98980000 -0.02530000
vn 0.05960000 0.99790000 -0.02580000
vn 0.14130000 0.98960000 -0.02530000
vn 0.06010000 0.99790000 -0.02580000
vn 0.14260000 0.98950000 -0.02520000
vn 0.06070000 0.99780000 -0.02570000
vn 0.14420000 0.98920000 -0.02500000
vn 0.06160000 0.99780000 -0.02560000
vn 0.14570000 0.98900000 -0.02490000
vn 0.06180000 0.99780000 -0.02570000
vn 0.14650000 0.98890000 -0.02500000
vn 0.06230000 0.99770000 -0.02570000
vn 0.14820000 0.98860000 -0.02480000
vn 0.06300000 0.99770000 -0.02560000
vn 0.14940000 0.98850000 -0.02470000
vn 0.11930000 0.99250000 -0.02500000
vn 0.17190000 0.98480000 -0.02430000
vn 0.23370000 0.97200000 -0.02330000
vn 0.22640000 0.97380000 -0.02340000
vn 0.28240000 0.95900000 -0.02220000
vn 0.31520000 0.94880000 -0.02150000
vn 0.33740000 0.94110000 -0.02090000
vn 0.39300000 0.91930000 -0.01970000
vn 0.39050000 0.92040000 -0.01960000
vn 0.44140000 0.89710000 -0.01830000
vn 0.46650000 0.88430000 -0.01790000
vn 0.49040000 0.87130000 -0.01700000
vn 0.53290000 0.84600000 -0.01630000
vn 0.58160000 0.81340000 -0.01500000
vn 0.59460000 0.80390000 -0.01510000
vn 0.66320000 0.74830000 -0.01340000
vn 0.65170000 0.75840000 -0.01400000
vn 0.70430000 0.70980000 -0.01310000
vn 0.70070000 0.71340000 -0.01370000
vn 0.74860000 0.66290000 -0.01300000
vn 0.74540000 0.66650000 -0.01350000
vn 0.78950000 0.61360000 -0.01280000
vn 0.78670000 0.61730000 -0.01320000
vn 0.82690000 0.56220000 -0.01260000
vn 0.82450000 0.56570000 -0.01290000
vn 0.86090000 0.50860000 -0.01230000
vn 0.85890000 0.51190000 -0.01260000
vn 0.89160000 0.45270000 -0.01190000
vn 0.89000000 0.45570000 -0.01210000
vn 0.91880000 0.39450000 -0.01140000
vn 0.91770000 0.39720000 -0.01180000
vn 0.94250000 0.33400000 -0.01110000
vn 0.94120000 0.33770000 -0.01110000
vn 0.96210000 0.27250000 -0.01040000
vn 0.96130000 0.27530000 -0.01050000
vn 0.97800000 0.20840000 -0.01010000
vn 0.97770000 0.20960000 -0.01010000
vn 0.99000000 0.14070000 -0.00920000
vn 0.98940000 0.14490000 -0.00950000
vn 0.99740000 0.07140000 -0.00900000
vn 0.99860000 0.05130000 -0.00880000
vn 0.99860000 0.05210000 -0.00880000
vn 0.20030000 0.97940000 -0.02530000
vn 0.21200000 0.97700000 -0.02510000
vn 0.21590000 0.97610000 -0.02470000
vn 0.21950000 0.97530000 -0.02460000
vn 0.22140000 0.97490000 -0.02440000
vn 0.22350000 0.97440000 -0.02430000
vn 0.22550000 0.97390000 -0.02410000
vn 0.22810000 0.97340000 -0.02370000
vn 0.22970000 0.97300000 -0.02370000
vn 0.23130000 0.97260000 -0.02360000
vn 0.29150000 0.95630000 -0.02490000
vn 0.28690000 0.95770000 -0.02440000
vn 0.29200000 0.95610000 -0.02390000
vn 0.29690000 0.95460000 -0.02340000
vn 0.29920000 0.95390000 -0.02330000
vn 0.30180000 0.95310000 -0.02310000
vn 0.30500000 0.95210000 -0.02260000
vn 0.30710000 0.95140000 -0.02250000
vn 0.30960000 0.95060000 -0.02220000
vn 0.31220000 0.94980000 -0.02200000
vn 0.37980000 0.92480000 -0.02420000
vn 0.35370000 0.93510000 -0.02440000
vn 0.35950000 0.93280000 -0.02380000
vn 0.46490000 0.88510000 -0.02320000
vn 0.42320000 0.90570000 -0.02360000
vn 0.42950000 0.90280000 -0.02280000
vn 0.36500000 0.93070000 -0.02320000
vn 0.48740000 0.87290000 -0.02270000
vn 0.54590000 0.83760000 -0.02190000
vn 0.54880000 0.83570000 -0.02160000
vn 0.60720000 0.79430000 -0.02050000
vn 0.55520000 0.83150000 -0.02080000
vn 0.61340000 0.78960000 -0.01960000
vn 0.56170000 0.82710000 -0.01990000
vn 0.61960000 0.78470000 -0.01870000
vn 0.56840000 0.82260000 -0.01880000
vn 0.62580000 0.77980000 -0.01800000
vn 0.57180000 0.82020000 -0.01840000
vn 0.62940000 0.77690000 -0.01730000
vn 0.57550000 0.81760000 -0.01790000
vn 0.63330000 0.77370000 -0.01670000
vn 0.57920000 0.81500000 -0.01740000
vn 0.63660000 0.77100000 -0.01630000
vn 0.58290000 0.81230000 -0.01680000
vn 0.64030000 0.76800000 -0.01570000
vn 0.58670000 0.80970000 -0.01630000
vn 0.64400000 0.76490000 -0.01520000
vn 0.59080000 0.80660000 -0.01560000
vn 0.64760000 0.76180000 -0.01460000
vn 0.62240000 0.78250000 -0.02040000
vn 0.66230000 0.74900000 -0.01920000
vn 0.66800000 0.74390000 -0.01840000
vn 0.67390000 0.73860000 -0.01760000
vn 0.67970000 0.73330000 -0.01700000
vn 0.68310000 0.73010000 -0.01630000
vn 0.68650000 0.72690000 -0.01580000
vn 0.68990000 0.72370000 -0.01530000
vn 0.69370000 0.72010000 -0.01470000
vn 0.69690000 0.71700000 -0.01430000
vn 0.69320000 0.72050000 -0.01880000
vn 0.71390000 0.70000000 -0.01790000
vn 0.71910000 0.69470000 -0.01720000
vn 0.72430000 0.68920000 -0.01650000
vn 0.72970000 0.68360000 -0.01580000
vn 0.73270000 0.68030000 -0.01530000
vn 0.73590000 0.67700000 -0.01490000
vn 0.73900000 0.67360000 -0.01440000
vn 0.74220000 0.67010000 -0.01400000
vn 0.75800000 0.65200000 -0.01710000
vn 0.76170000 0.64770000 -0.01670000
vn 0.76630000 0.64230000 -0.01600000
vn 0.77090000 0.63680000 -0.01540000
vn 0.77540000 0.63130000 -0.01520000
vn 0.77830000 0.62770000 -0.01440000
vn 0.78110000 0.62430000 -0.01400000
vn 0.78380000 0.62080000 -0.01360000
vn 0.80550000 0.59230000 -0.01550000
vn 0.81590000 0.57800000 -0.01550000
vn 0.84540000 0.53400000 -0.01440000
vn 0.86670000 0.49870000 -0.01390000
vn 0.88100000 0.47290000 -0.01310000
vn 0.90980000 0.41490000 -0.01250000
vn 0.91200000 0.41000000 -0.01230000
vn 0.93860000 0.34480000 -0.01150000
vn 0.91390000 0.40580000 -0.01200000
vn 0.93980000 0.34150000 -0.01150000
vn 0.91580000 0.40150000 -0.01180000
vn 0.94480000 0.32730000 -0.01130000
vn 0.96040000 0.27850000 -0.01100000
vn 0.97140000 0.23730000 -0.01030000
vn 0.99740000 0.07130000 -0.00900000
vn 0.99910000 0.04120000 -0.00880000
vn 0.99740000 0.07120000 -0.00900000
vn 0.99740000 0.07100000 -0.00900000
vn 0.99040000 0.13780000 -0.00930000
vn 0.99050000 0.13710000 -0.00930000
vn 0.97920000 0.20280000 -0.00980000
vn 0.97940000 0.20160000 -0.00970000
vn 0.96390000 0.26600000 -0.01020000
vn 0.96440000 0.26420000 -0.01020000
vn 0.94490000 0.32730000 -0.01070000
vn 0.94570000 0.32490000 -0.01060000
vn 0.92230000 0.38630000 -0.01100000
vn 0.92350000 0.38350000 -0.01090000
vn 0.89630000 0.44330000 -0.01130000
vn 0.89790000 0.44000000 -0.01110000
vn 0.86700000 0.49820000 -0.01150000
vn 0.86910000 0.49450000 -0.01120000
vn 0.83440000 0.55100000 -0.01150000
vn 0.85200000 0.52340000 -0.01110000
vn 0.79820000 0.60230000 -0.01160000
vn 0.99950000 0.03030000 -0.00870000
vn 0.99740000 0.07100000 -0.00900000
vn 0.99060000 0.13640000 -0.00930000
vn 0.97960000 0.20060000 -0.00990000
vn 0.96490000 0.26240000 -0.01010000
vn 0.94650000 0.32250000 -0.01050000
vn 0.92470000 0.38060000 -0.01070000
vn 0.89960000 0.43670000 -0.01090000
vn 0.89710000 0.44170000 -0.01070000
vn 0.99980000 0.01940000 -0.00860000
vn 0.99740000 0.07080000 -0.00900000
vn 0.99740000 0.07090000 -0.00900000
vn 0.99990000 0.00840000 -0.00860000
vn 0.99750000 0.07070000 -0.00900000
vn 0.99750000 0.07080000 -0.00900000
vn 0.99750000 0.07070000 -0.00900000
vn 0.99090000 0.13430000 -0.00930000
vn 0.99080000 0.13510000 -0.00930000
vn 0.98020000 0.19770000 -0.00970000
vn 0.97990000 0.19900000 -0.00970000
vn 0.96540000 0.26050000 -0.01010000
vn 0.99750000 0.07050000 -0.00890000
vn 0.99520000 0.09700000 -0.00910000
vn 0.99110000 0.13300000 -0.00940000
vn 0.98270000 0.18500000 -0.00960000
vn 0.98070000 0.19520000 -0.00970000
vn 0.96650000 0.25660000 -0.01000000
vn 0.98050000 0.19640000 -0.00960000
vn 0.96590000 0.25860000 -0.01000000
vn 0.96220000 0.27210000 -0.01000000
vn 0.94820000 0.31760000 -0.01030000
vn 0.94740000 0.32000000 -0.01030000
vn 0.93380000 0.35770000 -0.01040000
vn 0.92590000 0.37760000 -0.01060000
vn 0.73550000 0.67740000 -0.01230000
vn 0.75210000 0.65890000 -0.01250000
vn 0.79550000 0.60590000 -0.01190000
vn 0.83180000 0.55490000 -0.01190000
vn 0.86490000 0.50180000 -0.01180000
vn 0.89470000 0.44650000 -0.01150000
vn 0.92110000 0.38910000 -0.01120000
vn 0.94410000 0.32950000 -0.01070000
vn 0.96340000 0.26780000 -0.01030000
vn 0.97890000 0.20410000 -0.00980000
vn 0.99030000 0.13890000 -0.00930000
vn 0.06870000 0.99730000 -0.02550000
vn -0.02600000 0.99930000 -0.02570000
vn -0.02400000 0.99940000 -0.02570000
vn -0.07400000 0.99690000 -0.02540000
vn -0.11070000 0.99350000 -0.02510000
vn -0.12400000 0.99200000 -0.02500000
vn -0.17540000 0.98420000 -0.02430000
vn -0.19610000 0.98030000 -0.02400000
vn -0.22850000 0.97330000 -0.02330000
vn -0.27900000 0.96000000 -0.02240000
vn -0.28260000 0.95900000 -0.02220000
vn -0.33550000 0.94180000 -0.02090000
vn -0.35850000 0.93330000 -0.02050000
vn -0.38660000 0.92200000 -0.01970000
vn -0.43400000 0.90070000 -0.01870000
vn -0.43590000 0.89980000 -0.01840000
vn -0.50500000 0.86300000 -0.01700000
vn -0.52870000 0.84860000 -0.01610000
vn -0.99560000 0.09370000 -0.00910000
vn -0.99990000 0.00850000 -0.00860000
vn -0.99980000 0.01890000 -0.00860000
vn -0.99950000 0.02970000 -0.00870000
vn -0.99910000 0.04080000 -0.00880000
vn 0.99070000 0.13570000 -0.00930000
vn -0.39840000 0.91690000 -0.02330000
vn -0.40450000 0.91430000 -0.02250000
vn -0.33270000 0.94280000 -0.02350000
vn -0.41030000 0.91170000 -0.02160000
vn -0.33830000 0.94080000 -0.02290000
vn -0.41390000 0.91010000 -0.02130000
vn -0.34100000 0.93980000 -0.02260000
vn -0.41720000 0.90860000 -0.02090000
vn -0.59330000 0.80470000 -0.02000000
vn -0.65130000 0.75860000 -0.01880000
vn -0.70540000 0.70860000 -0.01760000
vn -0.77220000 0.63520000 -0.01600000
vn -0.83120000 0.55580000 -0.01450000
vn -0.88180000 0.47140000 -0.01300000
vn -0.92380000 0.38280000 -0.01190000
vn -0.95670000 0.29090000 -0.01130000
vn -0.18100000 0.98320000 -0.02520000
vn -0.25800000 0.96580000 -0.02440000
vn -0.47330000 0.88060000 -0.02130000
vn -0.54460000 0.83850000 -0.01910000
vn -0.60960000 0.79250000 -0.01760000
vn -0.67020000 0.74200000 -0.01600000
vn -0.72600000 0.68750000 -0.01460000
vn -0.79210000 0.61020000 -0.01310000
vn -0.84900000 0.52820000 -0.01200000
vn -0.89640000 0.44310000 -0.01110000
vn -0.65720000 0.75350000 -0.01790000
vn -0.71080000 0.70320000 -0.01680000
vn -0.77660000 0.62980000 -0.01530000
vn -0.83460000 0.55060000 -0.01390000
vn -0.88430000 0.46670000 -0.01270000
vn -0.92540000 0.37880000 -0.01150000
vn -0.95770000 0.28770000 -0.01060000
vn 0.97850000 0.20610000 -0.00980000
vn 0.99010000 0.13990000 -0.00930000
vn 0.96290000 0.26960000 -0.01040000
vn 0.94330000 0.33180000 -0.01080000
vn 0.92000000 0.39180000 -0.01130000
vn 0.89310000 0.44970000 -0.01170000
vn 0.86290000 0.50520000 -0.01200000
vn 0.82940000 0.55860000 -0.01230000
vn 0.79240000 0.60990000 -0.01240000
vn 0.88580000 0.46380000 -0.01300000
vn 0.88340000 0.46840000 -0.01290000
vn 0.85180000 0.52370000 -0.01350000
vn 0.84860000 0.52890000 -0.01390000
vn 0.88850000 0.45870000 -0.01250000
vn 0.81340000 0.58150000 -0.01440000
vn 0.80950000 0.58700000 -0.01490000
vn 0.85500000 0.51840000 -0.01330000
vn 0.85700000 0.51510000 -0.01280000
vn 0.81730000 0.57600000 -0.01420000
vn 0.81970000 0.57260000 -0.01360000
vn 0.82210000 0.56920000 -0.01330000
vn 0.50030000 0.86560000 -0.02100000
vn 0.49380000 0.86930000 -0.02190000
vn 0.43580000 0.89980000 -0.02200000
vn 0.50690000 0.86180000 -0.02010000
vn 0.51070000 0.85950000 -0.01950000
vn 0.51450000 0.85730000 -0.01890000
vn 0.51800000 0.85520000 -0.01850000
vn 0.52170000 0.85300000 -0.01800000
vn 0.52540000 0.85070000 -0.01740000
vn 0.52910000 0.84840000 -0.01690000
vn 0.37100000 0.92840000 -0.02250000
vn 0.44210000 0.89670000 -0.02120000
vn 0.44570000 0.89490000 -0.02070000
vn 0.44910000 0.89320000 -0.02020000
vn 0.45270000 0.89150000 -0.01970000
vn 0.45610000 0.88970000 -0.01930000
vn 0.45950000 0.88800000 -0.01880000
vn 0.46300000 0.88620000 -0.01840000
vn -0.26230000 0.96470000 -0.02380000
vn -0.47940000 0.87740000 -0.02030000
vn -0.48310000 0.87530000 -0.02000000
vn -0.48720000 0.87310000 -0.01940000
vn -0.49030000 0.87130000 -0.01900000
vn -0.71640000 0.69750000 -0.01600000
vn -0.78120000 0.62410000 -0.01450000
vn -0.83820000 0.54520000 -0.01330000
vn -0.88690000 0.46180000 -0.01220000
vn -0.92710000 0.37470000 -0.01130000
vn -0.95860000 0.28460000 -0.01040000
vn 0.37710000 0.92590000 -0.02170000
vn 0.37390000 0.92720000 -0.02210000
vn 0.38050000 0.92450000 -0.02120000
vn 0.38380000 0.92320000 -0.02080000
vn 0.38680000 0.92190000 -0.02050000
vn 0.38940000 0.92090000 -0.02020000
vn -0.02310000 0.99940000 -0.02590000
vn -0.02280000 0.99940000 -0.02590000
vn -0.10600000 0.99400000 -0.02550000
vn -0.02330000 0.99940000 -0.02590000
vn -0.02350000 0.99940000 -0.02580000
vn -0.02370000 0.99940000 -0.02580000
vn -0.02390000 0.99940000 -0.02580000
vn -0.18940000 0.98160000 -0.02450000
vn -0.27190000 0.96200000 -0.02310000
vn -0.35260000 0.93550000 -0.02120000
vn -0.43040000 0.90240000 -0.01920000
vn -0.10700000 0.99390000 -0.02540000
vn -0.10790000 0.99380000 -0.02540000
vn -0.10890000 0.99370000 -0.02530000
vn -0.10980000 0.99360000 -0.02530000
vn -0.55210000 0.83360000 -0.01830000
vn -0.54840000 0.83600000 -0.01880000
vn -0.61330000 0.78970000 -0.01710000
vn -0.55580000 0.83110000 -0.01780000
vn -0.55950000 0.82860000 -0.01720000
vn -0.67370000 0.73890000 -0.01550000
vn -0.72930000 0.68400000 -0.01410000
vn -0.79490000 0.60660000 -0.01270000
vn -0.85150000 0.52420000 -0.01170000
vn -0.61690000 0.78680000 -0.01660000
vn -0.62060000 0.78390000 -0.01600000
vn -0.62440000 0.78100000 -0.01550000
vn -0.84250000 0.53860000 -0.01290000
vn -0.78390000 0.62070000 -0.01430000
vn -0.84040000 0.54190000 -0.01320000
vn -0.89000000 0.45580000 -0.01190000
vn -0.88850000 0.45880000 -0.01220000
vn -0.89160000 0.45270000 -0.01170000
vn -0.93010000 0.36710000 -0.01100000
vn -0.92910000 0.36970000 -0.01110000
vn -0.96020000 0.27900000 -0.01030000
vn -0.95970000 0.28090000 -0.01040000
vn -0.92810000 0.37220000 -0.01120000
vn -0.95910000 0.28280000 -0.01040000
vn 0.99100000 0.13360000 -0.00930000
vn -0.19270000 0.98100000 -0.02430000
vn -0.19110000 0.98130000 -0.02440000
vn -0.27420000 0.96140000 -0.02290000
vn -0.19440000 0.98060000 -0.02420000
vn -0.35540000 0.93450000 -0.02090000
vn -0.27650000 0.96070000 -0.02270000
vn -0.68080000 0.73230000 -0.01450000
vn -0.67720000 0.73560000 -0.01500000
vn -0.73260000 0.68050000 -0.01360000
vn -0.68470000 0.72870000 -0.01390000
vn -0.79770000 0.60290000 -0.01230000
vn -0.73600000 0.67680000 -0.01310000
vn -0.96140000 0.27500000 -0.01020000
vn -0.93110000 0.36450000 -0.01090000
vn -0.96080000 0.27700000 -0.01020000
vn -0.99140000 -0.00000000 -0.13050000
vn -0.99140000 -0.00000000 -0.13050000
vn -1.00000000 -0.00000000 -0.00000000
vn -1.00000000 -0.00000000 -0.00000000
vn -1.00000000 -0.00000000 -0.00000000
vn -1.00000000 -0.00000000 -0.00000000
vn -0.99140000 -0.00000000 0.13050000
vn -0.99140000 -0.00000000 0.13050000
vn -0.96590000 -0.00000000 0.25880000
vn -0.96590000 -0.00000000 0.25880000
vn -0.92390000 -0.00000000 0.38270000
vn -0.92390000 -0.00000000 0.38270000
vn -0.86600000 -0.00000000 0.50000000
vn -0.86600000 -0.00000000 0.50000000
vn -0.79340000 -0.00000000 0.60880000
vn -0.79340000 -0.00000000 0.60880000
vn -0.70710000 -0.00000000 0.70710000
vn -0.70710000 -0.00000000 0.70710000
vn -0.60880000 -0.00000000 0.79340000
vn -0.60880000 -0.00000000 0.79340000
vn -0.50000000 -0.00000000 0.86600000
vn -0.50000000 -0.00000000 0.86600000
vn -0.38270000 -0.00000000 0.92390000
vn -0.38270000 -0.00000000 0.92390000
vn -0.25880000 -0.00000000 0.96590000
vn -0.25880000 -0.00000000 0.96590000
vn -0.13050000 -0.00000000 0.99140000
vn -0.13050000 -0.00000000 0.99140000
vn -0.00000000 -0.00000000 1.00000000
vn -0.00000000 -0.00000000 1.00000000
vn 0.13050000 -0.00000000 0.99140000
vn 0.13050000 -0.00000000 0.99140000
vn 0.25880000 -0.00000000 0.96590000
vn 0.25880000 -0.00000000 0.96590000
vn 0.38270000 -0.00000000 0.92390000
vn 0.38270000 -0.00000000 0.92390000
vn 0.50000000 -0.00000000 0.86600000
vn 0.50000000 -0.00000000 0.86600000
vn 0.60880000 -0.00000000 0.79340000
vn 0.60880000 -0.00000000 0.79340000
vn 0.70710000 -0.00000000 0.70710000
vn 0.70710000 -0.00000000 0.70710000
vn 0.79340000 -0.00000000 0.60880000
vn 0.79340000 -0.00000000 0.60880000
vn 0.86600000 -0.00000000 0.50000000
vn 0.86600000 -0.00000000 0.50000000
vn 0.92390000 -0.00000000 0.38270000
vn 0.92390000 -0.00000000 0.38270000
vn 0.96590000 -0.00000000 0.25880000
vn 0.96590000 -0.00000000 0.25880000
vn 0.99140000 -0.00000000 0.13050000
vn 0.99140000 -0.00000000 0.13050000
vn 1.00000000 -0.00000000 -0.00000000
vn 1.00000000 -0.00000000 -0.00000000
vn 0.99140000 -0.00000000 -0.13050000
vn 0.99140000 -0.00000000 -0.13050000
vn 0.96590000 -0.00000000 -0.25880000
vn 0.96590000 -0.00000000 -0.25880000
vn 0.92390000 -0.00000000 -0.38270000
vn 0.92390000 -0.00000000 -0.38270000
vn 0.86600000 -0.00000000 -0.50000000
vn 0.86600000 -0.00000000 -0.50000000
vn 0.79340000 -0.00000000 -0.60880000
vn 0.79340000 -0.00000000 -0.60880000
vn 0.70710000 -0.00000000 -0.70710000
vn 0.70710000 -0.00000000 -0.70710000
vn 0.60880000 -0.00000000 -0.79340000
vn 0.60880000 -0.00000000 -0.79340000
vn 0.50000000 -0.00000000 -0.86600000
vn 0.50000000 -0.00000000 -0.86600000
vn 0.38270000 -0.00000000 -0.92390000
vn 0.38270000 -0.00000000 -0.92390000
vn 0.25880000 -0.00000000 -0.96590000
vn 0.25880000 -0.00000000 -0.96590000
vn 0.13050000 -0.00000000 -0.99140000
vn 0.13050000 -0.00000000 -0.99140000
vn -0.00000000 -0.00000000 -1.00000000
vn -0.00000000 -0.00000000 -1.00000000
vn -0.13050000 -0.00000000 -0.99140000
vn -0.13050000 -0.00000000 -0.99140000
vn -0.25880000 -0.00000000 -0.96590000
vn -0.25880000 -0.00000000 -0.96590000
vn -0.38270000 -0.00000000 -0.92390000
vn -0.38270000 -0.00000000 -0.92390000
vn -0.50000000 -0.00000000 -0.86600000
vn -0.50000000 -0.00000000 -0.86600000
vn -0.60880000 -0.00000000 -0.79340000
vn -0.60880000 -0.00000000 -0.79330000
vn -0.70710000 -0.00000000 -0.70710000
vn -0.70710000 -0.00000000 -0.70710000
vn -0.79330000 -0.00000000 -0.60880000
vn -0.79340000 -0.00000000 -0.60880000
vn -0.86600000 -0.00000000 -0.50000000
vn -0.86600000 -0.00000000 -0.50000000
vn -0.92390000 -0.00000000 -0.38270000
vn -0.92390000 -0.00000000 -0.38270000
vn -0.96590000 -0.00000000 -0.25880000
vn -0.96590000 -0.00000000 -0.25880000
vn -0.00000000 -1.00000000 -0.00000000
vn -0.00000000 -1.00000000 -0.00000000
vn -0.00000000 -1.00000000 -0.00000000
vn -0.00000000 -1.00000000 -0.00000000
vn -0.00000000 -1.00000000 -0.00000000
vn -0.00000000 -1.00000000 -0.00000000
vn -0.00000000 -1.00000000 -0.00000000
vn -0.00000000 -1.00000000 -0.00000000
vn -0.00000000 -1.00000000 -0.00000000
vn -0.00000000 -1.00000000 -0.00000000
vn -0.00000000 -1.00000000 -0.00000000
vn -0.00000000 -1.00000000 -0.00000000
vn -0.00000000 -1.00000000 -0.00000000
vn -0.00000000 -1.00000000 -0.00000000
vn -0.00000000 -1.00000000 -0.00000000
vn -0.00000000 -1.00000000 -0.00000000
vn -0.00000000 -1.00000000 -0.00000000
vn -0.00000000 -1.00000000 -0.00000000
vn -0.00000000 -1.00000000 -0.00000000
vn -0.00000000 -1.00000000 -0.00000000
vn -0.00000000 -1.00000000 -0.00000000
vn -0.00000000 -1.00000000 -0.00000000
vn -0.00000000 -1.00000000 -0.00000000
vn -0.00000000 -1.00000000 -0.00000000
vn -0.00000000 -1.00000000 -0.00000000
vn -0.00000000 -1.00000000 -0.00000000
vn -0.00000000 -1.00000000 -0.00000000
vn -0.00000000 -1.00000000 -0.00000000
vn -0.00000000 -1.00000000 -0.00000000
vn -0.00000000 -1.00000000 -0.00000000
vn -0.00000000 -1.00000000 -0.00000000
vn -0.00000000 -1.00000000 -0.00000000
vn -0.00000000 -1.00000000 -0.00000000
vn -0.00000000 -1.00000000 -0.00000000
vn -0.00000000 -1.00000000 -0.00000000
vn -0.00000000 -1.00000000 -0.00000000
vn -0.00000000 -1.00000000 -0.00000000
vn -0.00000000 -1.00000000 -0.00000000
vn -0.00000000 -1.00000000 -0.00000000
vn -0.00000000 -1.00000000 -0.00000000
vn -0.00000000 -1.00000000 -0.00000000
vn -0.00000000 -1.00000000 -0.00000000
vn -0.00000000 -1.00000000 -0.00000000
vn -0.00000000 -1.00000000 -0.00000000
vn -0.00000000 -1.00000000 -0.00000000
vn -0.00000000 -1.00000000 -0.00000000
vn -0.00000000 -1.00000000 -0.00000000
vn -0.00000000 -1.00000000 -0.00000000
vn -0.99920000 0.03820000 -0.00880000
vn -0.99920000 0.03820000 -0.00880000
vn -0.99920000 0.03820000 -0.00880000
vn -0.99920000 0.03820000 -0.00880000
vn 0.99990000 0.00010000 -0.01060000
vn 0.99940000 0.03230000 -0.00910000
vn 0.99940000 0.03230000 -0.00930000
vn 0.99920000 0.03810000 -0.00900000
vn 0.99930000 0.03540000 -0.00860000
vn 0.99930000 0.03550000 -0.00860000
vn 0.99930000 0.03570000 -0.00870000
vn 0.99920000 0.03820000 -0.00850000
vn 0.00060000 -1.00000000 0.00100000
vn 0.94290000 -0.33280000 -0.00890000
vn 0.98720000 -0.15950000 -0.00930000
vn 0.99780000 -0.06490000 -0.00930000
vn 0.99980000 -0.01710000 -0.00940000
vn 0.99960000 0.02680000 -0.00880000
vn 0.99990000 0.00730000 -0.00940000
vn 0.99980000 0.01980000 -0.00940000
vn 0.99960000 0.02690000 -0.00930000
vn 0.99940000 0.03220000 -0.00860000
vn 0.99940000 0.03230000 -0.00860000
vn -0.99920000 0.03830000 -0.00900000
vn -0.99920000 0.03820000 -0.00920000
vn -0.99960000 0.02710000 -0.00930000
vn -0.99990000 -0.00000000 -0.01070000
vn -0.99980000 0.01990000 -0.00940000
vn -0.99990000 0.00710000 -0.00940000
vn 0.00880000 -1.00000000 0.00120000
vn -0.99980000 -0.01700000 -0.00950000
vn -0.99780000 -0.06510000 -0.00940000
vn -0.98730000 -0.15890000 -0.00930000
vn -0.94260000 -0.33370000 -0.00890000
vn -0.99920000 0.03820000 -0.00850000
vn -0.99930000 0.03540000 -0.00860000
vn -0.99930000 0.03550000 -0.00870000
vn -0.99940000 0.03220000 -0.00910000
vn -0.99940000 0.03230000 -0.00910000
vn -0.99950000 0.03180000 -0.00920000
vn -0.99950000 0.03190000 -0.00910000
vn -0.99960000 0.02670000 -0.00920000
vn -0.00830000 -0.98160000 0.19060000
vn -0.01250000 -0.98160000 0.19070000
vn -0.09050000 -0.93320000 0.34780000
vn -0.01270000 -0.99140000 0.13040000
vn -0.09430000 -0.98120000 0.16810000
vn -0.01270000 -0.99750000 0.06970000
vn -0.09090000 -0.99580000 0.00880000
vn -0.01270000 -0.99990000 0.00880000
vn -0.14010000 -0.99010000 0.00890000
vn -0.18780000 -0.96790000 0.16680000
vn -0.18050000 -0.92100000 0.34510000
vn -0.26940000 -0.90090000 0.34040000
vn -0.24830000 -0.81910000 0.51720000
vn -0.32990000 -0.79640000 0.50690000
vn -0.24950000 -0.70200000 0.66710000
vn -0.29200000 -0.69250000 0.65970000
vn -0.31850000 -0.68600000 0.65430000
vn -0.33660000 -0.68110000 0.65020000
vn -0.41020000 -0.76740000 0.49280000
vn -0.35560000 -0.67580000 0.64560000
vn -0.36630000 -0.67260000 0.64290000
vn -0.44130000 -0.64770000 0.62110000
vn -0.48900000 -0.73180000 0.47460000
vn -0.51570000 -0.61780000 0.59360000
vn -0.56540000 -0.69000000 0.45180000
vn -0.59100000 -0.58120000 0.55940000
vn -0.63900000 -0.64160000 0.42430000
vn -0.70880000 -0.58680000 0.39150000
vn -0.67180000 -0.68690000 0.27730000
vn -0.73900000 -0.62340000 0.25540000
vn -0.68730000 -0.71380000 0.13460000
vn -0.75320000 -0.64590000 0.12430000
vn -0.74350000 -0.66870000 0.00880000
vn -0.81470000 -0.57980000 0.00880000
vn -0.23380000 -0.97220000 0.00910000
vn -0.27970000 -0.94590000 0.16460000
vn -0.35640000 -0.87290000 0.33330000
vn -0.32610000 -0.94530000 0.00920000
vn -0.36920000 -0.91530000 0.16110000
vn -0.44080000 -0.83730000 0.32360000
vn -0.39510000 -0.91860000 0.00930000
vn -0.45550000 -0.87640000 0.15660000
vn -0.52200000 -0.79420000 0.31120000
vn -0.49860000 -0.86680000 0.00910000
vn -0.53780000 -0.82950000 0.15060000
vn -0.59920000 -0.74400000 0.29580000
vn -0.55640000 -0.83090000 0.00900000
vn -0.61530000 -0.77520000 0.14340000
vn -0.62780000 -0.77830000 0.00880000
vn -0.69310000 -0.72080000 0.00870000
vn -0.86600000 -0.50000000 0.00880000
vn -0.84770000 -0.52030000 0.10370000
vn -0.81230000 -0.57230000 0.11240000
vn -0.80010000 -0.55400000 0.23020000
vn -0.77400000 -0.52540000 0.35340000
vn -0.66840000 -0.53590000 0.51580000
vn -0.87960000 -0.46640000 0.09430000
vn -0.90980000 -0.41490000 0.00870000
vn -0.90800000 -0.41050000 0.08430000
vn -0.93270000 -0.35310000 0.07370000
vn -0.92720000 -0.34430000 0.14780000
vn -0.94970000 -0.28740000 0.12400000
vn -0.94140000 -0.27890000 0.18960000
vn -0.96300000 -0.22310000 0.15090000
vn -0.95520000 -0.21640000 0.20210000
vn -0.96990000 -0.20180000 0.13600000
vn -0.97310000 -0.19110000 0.12850000
vn -0.97420000 -0.20710000 0.08970000
vn -0.97700000 -0.19560000 0.08520000
vn -0.97630000 -0.21150000 0.04650000
vn -0.97880000 -0.20000000 0.04460000
vn -0.97650000 -0.21510000 0.00870000
vn -0.97860000 -0.20540000 0.00880000
vn -0.94420000 -0.32930000 0.00860000
vn -0.95370000 -0.29430000 0.06250000
vn -0.96830000 -0.22920000 0.09920000
vn -0.97170000 -0.23590000 0.00870000
vn -0.97080000 -0.23430000 0.05100000
vn -0.98050000 -0.19640000 0.00880000
vn -0.98130000 -0.18770000 0.04190000
vn -0.97970000 -0.18370000 0.07990000
vn -0.98850000 -0.13830000 0.06120000
vn -0.98650000 -0.13600000 0.09130000
vn -0.99370000 -0.09390000 0.06160000
vn -0.98870000 -0.11230000 0.09910000
vn -0.99230000 -0.09400000 0.08090000
vn -0.99850000 -0.05000000 0.02330000
vn -0.98150000 -0.19120000 0.00870000
vn -0.98500000 -0.17210000 0.00890000
vn -0.98940000 -0.14140000 0.03310000
vn -0.98950000 -0.14410000 0.00870000
vn -0.99510000 -0.09610000 0.02440000
vn -0.99570000 -0.09190000 0.00680000
vn -0.99850000 -0.05000000 0.02320000
vn -0.98340000 -0.13500000 0.12150000
vn -0.97930000 -0.14970000 0.13610000
vn -0.97580000 -0.16150000 0.14760000
vn -0.97630000 -0.17950000 0.12090000
vn -0.97110000 -0.17550000 0.16160000
vn -0.91340000 -0.29520000 0.28020000
vn -0.91540000 -0.33270000 0.22650000
vn -0.90070000 -0.39960000 0.17030000
vn -0.86220000 -0.36610000 0.35000000
vn -0.88530000 -0.38450000 0.26150000
vn -0.87060000 -0.45310000 0.19170000
vn -0.85140000 -0.43410000 0.29440000
vn -0.78920000 -0.44290000 0.42550000
vn -0.81420000 -0.48110000 0.32510000
vn -0.72550000 -0.49590000 0.47720000
vn -0.21820000 -0.70800000 0.67170000
vn -0.17930000 -0.71430000 0.67650000
vn -0.16590000 -0.83540000 0.52410000
vn -0.14500000 -0.71890000 0.67980000
vn -0.08300000 -0.84520000 0.52800000
vn -0.06940000 -0.72590000 0.68430000
vn -0.00000000 -0.84310000 0.53770000
vn -0.00000000 -0.72780000 0.68580000
vn -0.00000000 -0.92870000 0.37070000
vn -0.00000000 -0.98170000 0.19070000
vn -0.00420000 -0.98170000 0.19060000
vn -0.99850000 -0.05000000 0.02320000
vn -0.99460000 -0.09460000 0.04210000
vn -0.99850000 -0.05000000 0.02320000
vn -0.83700000 -0.50460000 0.21170000
vn 0.01270000 -0.99990000 0.00870000
vn 0.01270000 -0.99750000 0.06970000
vn 0.10300000 -0.99460000 0.00870000
vn 0.09390000 -0.97690000 0.19220000
vn 0.14070000 -0.97140000 0.19150000
vn 0.08980000 -0.92380000 0.37220000
vn 0.13450000 -0.91890000 0.37100000
vn 0.08240000 -0.83840000 0.53880000
vn 0.12360000 -0.83430000 0.53720000
vn 0.09810000 -0.72370000 0.68310000
vn 0.14510000 -0.71890000 0.67980000
vn 0.04710000 -0.98020000 0.19250000
vn 0.01260000 -0.99140000 0.13040000
vn 0.01250000 -0.98160000 0.19060000
vn -0.00000000 -0.92870000 0.37070000
vn 0.00830000 -0.98160000 0.19070000
vn 0.00420000 -0.98160000 0.19070000
vn -0.00000000 -0.98170000 0.19070000
vn 0.04490000 -0.92680000 0.37290000
vn -0.00000000 -0.84310000 0.53770000
vn 0.04130000 -0.84070000 0.53980000
vn -0.00000000 -0.72780000 0.68580000
vn 0.06760000 -0.72590000 0.68450000
vn 0.16470000 -0.82860000 0.53500000
vn 0.17930000 -0.71440000 0.67640000
vn 0.20580000 -0.82150000 0.53170000
vn 0.21820000 -0.70800000 0.67170000
vn 0.24660000 -0.81270000 0.52790000
vn 0.24940000 -0.70200000 0.66710000
vn 0.32770000 -0.79050000 0.51750000
vn 0.29200000 -0.69250000 0.65970000
vn 0.31630000 -0.68650000 0.65470000
vn 0.33680000 -0.68100000 0.65020000
vn 0.35170000 -0.67690000 0.64660000
vn 0.40780000 -0.76190000 0.50320000
vn 0.36630000 -0.67260000 0.64290000
vn 0.48630000 -0.72710000 0.48470000
vn 0.44130000 -0.64770000 0.62110000
vn 0.51580000 -0.61780000 0.59360000
vn 0.56260000 -0.68590000 0.46150000
vn 0.59110000 -0.58120000 0.55930000
vn 0.63630000 -0.63820000 0.43330000
vn 0.64600000 -0.54990000 0.52940000
vn 0.70640000 -0.58400000 0.39990000
vn 0.72550000 -0.49590000 0.47720000
vn 0.77190000 -0.52330000 0.36120000
vn 0.78830000 -0.44380000 0.42630000
vn 0.83150000 -0.45630000 0.31690000
vn 0.81360000 -0.41960000 0.40260000
vn 0.88410000 -0.38340000 0.26730000
vn 0.86220000 -0.36610000 0.35000000
vn 0.91450000 -0.33190000 0.23160000
vn 0.91340000 -0.29520000 0.28010000
vn 0.94070000 -0.27830000 0.19380000
vn 0.95520000 -0.21640000 0.20210000
vn 0.96260000 -0.22260000 0.15420000
vn 0.96960000 -0.20130000 0.13900000
vn 0.97380000 -0.20640000 0.09570000
vn 0.97660000 -0.19490000 0.09090000
vn 0.97870000 -0.19930000 0.04960000
vn 0.98110000 -0.18770000 0.04710000
vn 0.98050000 -0.19640000 0.00880000
vn 0.98150000 -0.19120000 0.00880000
vn 0.98500000 -0.17210000 0.00890000
vn 0.98930000 -0.14100000 0.03680000
vn 0.98950000 -0.14410000 0.00870000
vn 0.99300000 -0.11770000 0.00870000
vn 0.99510000 -0.09560000 0.02670000
vn 0.99520000 -0.09750000 0.00880000
vn 0.99850000 -0.05000000 0.02320000
vn 0.96360000 -0.19600000 0.18190000
vn 0.97280000 -0.19070000 0.13130000
vn 0.97930000 -0.18350000 0.08540000
vn 0.96900000 -0.18160000 0.16750000
vn 0.97600000 -0.17940000 0.12360000
vn 0.98830000 -0.13790000 0.06500000
vn 0.99450000 -0.09440000 0.04460000
vn 0.99850000 -0.05000000 0.02320000
vn 0.97110000 -0.17550000 0.16170000
vn 0.97630000 -0.15990000 0.14600000
vn 0.98630000 -0.13590000 0.09330000
vn 0.98340000 -0.13500000 0.12150000
vn 0.98870000 -0.11230000 0.09920000
vn 0.99360000 -0.09390000 0.06270000
vn 0.99230000 -0.09410000 0.08090000
vn 0.99850000 -0.05000000 0.02330000
vn 0.97860000 -0.20540000 0.00880000
vn 0.97610000 -0.21100000 0.05220000
vn 0.96780000 -0.22840000 0.10590000
vn 0.97650000 -0.21510000 0.00870000
vn 0.97060000 -0.23370000 0.05740000
vn 0.94890000 -0.28640000 0.13250000
vn 0.97180000 -0.23580000 0.00870000
vn 0.95340000 -0.29350000 0.07070000
vn 0.92600000 -0.34280000 0.15800000
vn 0.94420000 -0.32930000 0.00860000
vn 0.93230000 -0.35200000 0.08340000
vn 0.89920000 -0.39790000 0.18220000
vn 0.90980000 -0.41480000 0.00870000
vn 0.90740000 -0.40920000 0.09560000
vn 0.85210000 -0.47680000 0.21600000
vn 0.86600000 -0.49990000 0.00870000
vn 0.86330000 -0.49190000 0.11290000
vn 0.79740000 -0.55080000 0.24640000
vn 0.81480000 -0.57970000 0.00880000
vn 0.81140000 -0.57040000 0.12810000
vn 0.73600000 -0.61940000 0.27340000
vn 0.77080000 -0.63700000 0.00880000
vn 0.75210000 -0.64360000 0.14170000
vn 0.66850000 -0.68190000 0.29680000
vn 0.69320000 -0.72070000 0.00880000
vn 0.68610000 -0.71110000 0.15360000
vn 0.59560000 -0.73820000 0.31660000
vn 0.61670000 -0.78710000 0.00880000
vn 0.61380000 -0.77230000 0.16380000
vn 0.51860000 -0.78750000 0.33310000
vn 0.53650000 -0.82610000 0.17210000
vn 0.53970000 -0.84180000 0.00880000
vn 0.46220000 -0.88670000 0.00880000
vn 0.45430000 -0.87270000 0.17880000
vn 0.37950000 -0.92510000 0.00870000
vn 0.36820000 -0.91130000 0.18410000
vn 0.30660000 -0.95180000 0.00880000
vn 0.27890000 -0.94170000 0.18800000
vn 0.26450000 -0.96440000 0.00880000
vn 0.23330000 -0.95380000 0.18960000
vn 0.18890000 -0.98200000 0.00870000
vn 0.18720000 -0.96360000 0.19090000
vn 0.99850000 -0.05000000 0.02320000
vn 0.17910000 -0.91200000 0.36910000
vn 0.22340000 -0.90300000 0.36710000
vn 0.26720000 -0.89220000 0.36410000
vn 0.35360000 -0.86480000 0.35650000
vn 0.43760000 -0.82980000 0.34620000
vn -1.00000000 -0.00000000 -0.00000000
vn -1.00000000 -0.00000000 -0.00000000
vn -1.00000000 -0.00000000 -0.00000000
vn -1.00000000 -0.00000000 -0.00000000
vn -0.00000000 1.00000000 -0.00000000
vn -0.00000000 1.00000000 -0.00000000
vn -0.00000000 1.00000000 -0.00000000
vn -0.00000000 1.00000000 -0.00000000
vn -0.00000000 -0.00000000 1.00000000
vn -0.00000000 -0.00000000 1.00000000
vn -0.00000000 -0.00000000 1.00000000
vn -0.00000000 -0.00000000 1.00000000
vn -0.00000000 -0.00000000 1.00000000
vn -0.00000000 -0.00000000 1.00000000
vn -0.00000000 -0.00000000 1.00000000
vn -0.00000000 -0.00000000 1.00000000
vn -0.00000000 -0.00000000 1.00000000
vn -0.00000000 -0.00000000 1.00000000
vn -0.00000000 -0.00000000 1.00000000
vn -0.00000000 -0.00000000 1.00000000
vn -0.00000000 -0.00000000 1.00000000
vn -0.00000000 -0.00000000 1.00000000
vn -0.00000000 -0.00000000 1.00000000
vn -0.00000000 -0.00000000 1.00000000
vn -0.00000000 -0.00000000 1.00000000
vn -0.00000000 -0.00000000 1.00000000
vn -0.00000000 -0.00000000 1.00000000
vn -0.00000000 -1.00000000 -0.00000000
vn -0.00000000 -1.00000000 -0.00000000
vn -0.00000000 -1.00000000 -0.00000000
vn -0.00000000 -1.00000000 -0.00000000
vn -0.00000000 -1.00000000 -0.00000000
vn -0.00000000 -1.00000000 -0.00000000
vn -0.00000000 -1.00000000 -0.00000000
vn -0.00000000 -1.00000000 -0.00000000
vn -0.00000000 -1.00000000 -0.00000000
vn -0.00000000 -1.00000000 -0.00000000
vn -0.00000000 -1.00000000 -0.00000000
vn -0.00000000 -1.00000000 -0.00000000
vn -0.00000000 -1.00000000 -0.00000000
vn -0.00000000 -1.00000000 -0.00000000
vn -0.00000000 -1.00000000 -0.00000000
vn -0.00000000 -1.00000000 -0.00000000
vn -0.00000000 -1.00000000 -0.00000000
vn -0.00000000 -1.00000000 -0.00000000
vn -0.00000000 -1.00000000 -0.00000000
vn -1.00000000 -0.00000000 -0.00000000
vn -1.00000000 -0.00000000 -0.00000000
vn -0.80900000 -0.00000000 0.58780000
vn -0.80900000 -0.00000000 0.58780000
vn -0.30900000 -0.00000000 0.95110000
vn -0.30900000 -0.00000000 0.95110000
vn 0.30900000 -0.00000000 0.95110000
vn 0.30900000 -0.00000000 0.95110000
vn 0.80900000 -0.00000000 0.58780000
vn 0.80900000 -0.00000000 0.58780000
vn 1.00000000 -0.00000000 -0.00000000
vn 1.00000000 -0.00000000 -0.00000000
vn -1.00000000 -0.00000000 -0.00640000
vn -1.00000000 -0.00000000 -0.00650000
vn -0.86390000 -0.00000000 -0.50370000
vn -0.79690000 -0.00000000 -0.60410000
vn -0.49810000 -0.00000000 -0.86710000
vn -0.57680000 -0.00000000 -0.81690000
vn -0.30260000 -0.00000000 -0.95310000
vn -0.00000000 -0.00000000 -1.00000000
vn -0.00010000 -0.00000000 -1.00000000
vn 1.00000000 -0.00000000 -0.00650000
vn 0.86390000 -0.00000000 -0.50370000
vn 0.79690000 -0.00000000 -0.60420000
vn 0.49810000 -0.00000000 -0.86710000
vn 0.57680000 -0.00000000 -0.81690000
vn 0.30250000 0.00020000 -0.95310000
vn 0.00010000 -0.00000000 -1.00000000
vn 0.00010000 -0.00000000 -1.00000000
vn 1.00000000 -0.00000000 -0.00640000
f 1//1 2//2 3//3
f 3//3 2//2 4//4
f 5//5 6//6 7//7
f 8//8 9//9 10//10
f 10//10 9//9 11//11
f 10//10 11//11 12//12
f 13//13 14//14 8//8
f 8//8 14//14 15//15
f 8//8 15//15 16//16
f 14//14 13//13 17//17
f 17//17 13//13 18//18
f 17//17 18//18 19//19
f 19//19 18//18 20//20
f 19//19 20//20 21//21
f 21//21 20//20 22//22
f 22//22 20//20 23//23
f 22//22 23//23 24//24
f 24//24 23//23 25//25
f 24//24 25//25 26//26
f 26//26 25//25 27//27
f 26//26 27//27 28//28
f 28//28 27//27 29//29
f 28//28 29//29 30//30
f 30//30 29//29 31//31
f 30//30 31//31 32//32
f 32//32 31//31 33//33
f 33//33 31//31 34//34
f 33//33 34//34 35//35
f 35//35 34//34 36//36
f 35//35 36//36 37//37
f 37//37 36//36 38//38
f 38//38 36//36 39//39
f 38//38 39//39 40//40
f 40//40 39//39 41//41
f 40//40 41//41 42//42
f 16//16 43//43 8//8
f 8//8 43//43 44//44
f 8//8 44//44 45//45
f 45//45 46//46 8//8
f 8//8 46//46 9//9
f 47//47 48//48 49//49
f 49//49 48//48 50//50
f 49//49 50//50 51//51
f 51//51 50//50 52//52
f 52//52 50//50 53//53
f 54//54 55//55 57//57
f 57//57 55//55 59//59
f 58//58 56//56 60//60
f 59//59 61//61 62//62
f 62//62 63//63 59//59
f 64//64 65//65 66//66
f 66//66 65//65 67//67
f 66//66 67//67 68//68
f 68//68 67//67 69//69
f 68//68 69//69 70//70
f 70//70 69//69 71//71
f 71//71 69//69 72//72
f 71//71 72//72 73//73
f 73//73 72//72 74//74
f 73//73 74//74 75//75
f 75//75 74//74 76//76
f 75//75 76//76 77//77
f 77//77 76//76 78//78
f 78//78 76//76 79//79
f 78//78 79//79 80//80
f 80//80 79//79 81//81
f 80//80 81//81 82//82
f 82//82 81//81 83//83
f 82//82 83//83 84//84
f 84//84 83//83 85//85
f 84//84 85//85 86//86
f 86//86 85//85 87//87
f 87//87 85//85 88//88
f 87//87 88//88 89//89
f 89//89 88//88 90//90
f 89//89 90//90 91//91
f 91//91 90//90 92//92
f 92//92 90//90 93//93
f 92//92 93//93 94//94
f 94//94 93//93 95//95
f 95//95 93//93 96//96
f 96//96 93//93 97//97
f 97//97 93//93 98//98
f 98//98 93//93 99//99
f 99//99 93//93 100//100
f 99//99 100//100 101//101
f 102//102 103//103 104//104
f 105//105 106//106 107//107
f 107//107 106//106 108//108
f 107//107 108//108 109//109
f 106//106 105//105 110//110
f 110//110 105//105 111//111
f 110//110 111//111 112//112
f 112//112 113//113 110//110
f 110//110 113//113 114//114
f 110//110 114//114 115//115
f 115//115 116//116 110//110
f 110//110 116//116 117//117
f 110//110 117//117 118//118
f 118//118 119//119 110//110
f 110//110 119//119 120//120
f 110//110 120//120 121//121
f 121//121 122//122 110//110
f 110//110 122//122 123//123
f 110//110 123//123 124//124
f 124//124 125//125 110//110
f 110//110 125//125 126//126
f 106//106 110//110 127//127
f 127//127 110//110 128//128
f 127//127 128//128 129//129
f 129//129 128//128 130//130
f 129//129 130//130 131//131
f 132//132 133//133 128//128
f 128//128 133//133 134//134
f 128//128 134//134 135//135
f 135//135 136//136 128//128
f 128//128 136//136 137//137
f 128//128 137//137 138//138
f 138//138 139//139 128//128
f 128//128 139//139 140//140
f 128//128 140//140 141//141
f 141//141 142//142 128//128
f 128//128 142//142 143//143
f 128//128 143//143 144//144
f 144//144 145//145 128//128
f 128//128 145//145 146//146
f 128//128 146//146 147//147
f 147//147 130//130 128//128
f 148//148 149//149 131//131
f 131//131 149//149 150//150
f 131//131 150//150 129//129
f 148//148 151//151 149//149
f 129//129 152//152 127//127
f 127//127 152//152 153//153
f 127//127 153//153 154//154
f 154//154 155//155 127//127
f 127//127 155//155 156//156
f 127//127 156//156 157//157
f 157//157 158//158 127//127
f 127//127 158//158 159//159
f 127//127 159//159 160//160
f 160//160 159//159 161//161
f 161//161 159//159 162//162
f 163//163 164//164 106//106
f 106//106 164//164 165//165
f 106//106 165//165 166//166
f 163//163 167//167 164//164
f 164//164 167//167 168//168
f 166//166 169//169 106//106
f 106//106 169//169 170//170
f 106//106 170//170 171//171
f 171//171 172//172 106//106
f 106//106 172//172 173//173
f 106//106 173//173 174//174
f 174//174 175//175 106//106
f 106//106 175//175 176//176
f 106//106 176//176 108//108
f 177//177 178//178 179//179
f 179//179 178//178 180//180
f 181//181 182//182 183//183
f 183//183 182//182 184//184
f 183//183 184//184 185//185
f 185//185 184//184 186//186
f 185//185 186//186 187//187
f 187//187 186//186 188//188
f 187//187 188//188 189//189
f 189//189 188//188 190//190
f 189//189 190//190 191//191
f 191//191 190//190 192//192
f 193//193 194//194 195//195
f 195//195 194//194 196//196
f 195//195 196//196 198//198
f 197//197 196//196 199//199
f 200//200 196//196 201//201
f 201//201 196//196 202//202
f 201//201 202//202 203//203
f 203//203 202//202 204//204
f 203//203 204//204 205//205
f 205//205 204//204 206//206
f 206//206 204//204 207//207
f 206//206 207//207 208//208
f 208//208 207//207 209//209
f 208//208 209//209 210//210
f 210//210 209//209 211//211
f 210//210 211//211 212//212
f 212//212 211//211 213//213
f 212//212 213//213 214//214
f 214//214 213//213 215//215
f 214//214 215//215 216//216
f 216//216 215//215 217//217
f 216//216 217//217 218//218
f 218//218 217//217 219//219
f 218//218 219//219 220//220
f 220//220 219//219 221//221
f 220//220 221//221 222//222
f 222//222 221//221 223//223
f 222//222 223//223 224//224
f 224//224 223//223 225//225
f 224//224 225//225 226//226
f 226//226 225//225 227//227
f 226//226 227//227 228//228
f 228//228 227//227 229//229
f 228//228 229//229 230//230
f 230//230 229//229 231//231
f 230//230 231//231 232//232
f 194//194 233//233 196//196
f 196//196 233//233 202//202
f 233//233 234//234 202//202
f 202//202 234//234 204//204
f 204//204 234//234 207//207
f 207//207 234//234 235//235
f 207//207 235//235 209//209
f 209//209 235//235 236//236
f 209//209 236//236 211//211
f 211//211 236//236 237//237
f 211//211 237//237 213//213
f 213//213 237//237 238//238
f 213//213 238//238 215//215
f 215//215 238//238 239//239
f 215//215 239//239 217//217
f 217//217 239//239 240//240
f 217//217 240//240 219//219
f 219//219 240//240 241//241
f 219//219 241//241 221//221
f 221//221 241//241 242//242
f 221//221 242//242 223//223
f 223//223 242//242 243//243
f 223//223 243//243 225//225
f 225//225 243//243 244//244
f 225//225 244//244 227//227
f 227//227 244//244 245//245
f 227//227 245//245 229//229
f 229//229 245//245 231//231
f 246//246 247//247 232//232
f 232//232 247//247 230//230
f 247//247 248//248 230//230
f 230//230 248//248 228//228
f 249//249 250//250 252//252
f 253//253 251//251 255//255
f 255//255 251//251 256//256
f 255//255 256//256 258//258
f 260//260 261//261 257//257
f 259//259 262//262 254//254
f 263//263 264//264 265//265
f 265//265 264//264 266//266
f 266//266 264//264 267//267
f 266//266 267//267 268//268
f 268//268 267//267 269//269
f 268//268 269//269 270//270
f 270//270 269//269 271//271
f 270//270 271//271 272//272
f 272//272 271//271 273//273
f 272//272 273//273 274//274
f 274//274 273//273 275//275
f 274//274 275//275 276//276
f 276//276 275//275 277//277
f 276//276 277//277 278//278
f 278//278 277//277 279//279
f 278//278 279//279 280//280
f 280//280 279//279 281//281
f 280//280 281//281 282//282
f 282//282 281//281 283//283
f 282//282 283//283 284//284
f 284//284 283//283 285//285
f 284//284 285//285 286//286
f 286//286 285//285 287//287
f 286//286 287//287 288//288
f 288//288 287//287 289//289
f 288//288 289//289 290//290
f 291//291 292//292 293//293
f 293//293 292//292 294//294
f 293//293 295//295 296//296
f 292//292 297//297 294//294
f 294//294 297//297 298//298
f 294//294 298//298 299//299
f 300//300 301//301 302//302
f 302//302 301//301 303//303
f 302//302 303//303 304//304
f 304//304 303//303 305//305
f 304//304 305//305 306//306
f 306//306 305//305 307//307
f 306//306 307//307 308//308
f 308//308 307//307 309//309
f 308//308 309//309 310//310
f 310//310 309//309 311//311
f 310//310 311//311 312//312
f 312//312 311//311 309//309
f 301//301 313//313 303//303
f 303//303 313//313 305//305
f 313//313 314//314 305//305
f 305//305 314//314 307//307
f 314//314 309//309 307//307
f 310//310 312//312 315//315
f 315//315 312//312 316//316
f 315//315 316//316 317//317
f 317//317 316//316 318//318
f 317//317 318//318 319//319
f 320//320 321//321 319//319
f 319//319 321//321 322//322
f 319//319 322//322 317//317
f 317//317 322//322 323//323
f 317//317 323//323 315//315
f 315//315 323//323 324//324
f 315//315 324//324 310//310
f 310//310 324//324 325//325
f 310//310 325//325 308//308
f 308//308 325//325 326//326
f 308//308 326//326 306//306
f 306//306 326//326 327//327
f 306//306 327//327 304//304
f 304//304 327//327 328//328
f 304//304 328//328 302//302
f 329//329 330//330 320//320
f 320//320 330//330 331//331
f 320//320 331//331 321//321
f 321//321 331//331 332//332
f 321//321 332//332 322//322
f 322//322 332//332 333//333
f 322//322 333//333 323//323
f 323//323 333//333 334//334
f 323//323 334//334 324//324
f 324//324 334//334 335//335
f 324//324 335//335 325//325
f 325//325 335//335 336//336
f 325//325 336//336 326//326
f 326//326 336//336 337//337
f 326//326 337//337 327//327
f 327//327 337//337 328//328
f 330//330 329//329 338//338
f 338//338 329//329 339//339
f 338//338 339//339 340//340
f 338//338 340//340 341//341
f 341//341 340//340 342//342
f 341//341 342//342 343//343
f 343//343 342//342 344//344
f 343//343 344//344 345//345
f 345//345 344//344 346//346
f 345//345 346//346 347//347
f 347//347 346//346 348//348
f 347//347 348//348 349//349
f 349//349 348//348 350//350
f 349//349 350//350 351//351
f 351//351 350//350 352//352
f 351//351 352//352 353//353
f 353//353 352//352 354//354
f 353//353 354//354 355//355
f 344//344 342//342 356//356
f 356//356 342//342 357//357
f 356//356 357//357 358//358
f 358//358 357//357 359//359
f 358//358 359//359 360//360
f 360//360 359//359 361//361
f 360//360 361//361 362//362
f 362//362 361//361 363//363
f 362//362 363//363 364//364
f 364//364 363//363 365//365
f 365//365 363//363 366//366
f 365//365 366//366 367//367
f 367//367 366//366 368//368
f 367//367 368//368 369//369
f 369//369 368//368 370//370
f 370//370 368//368 371//371
f 370//370 371//371 372//372
f 372//372 371//371 373//373
f 373//373 371//371 374//374
f 373//373 374//374 375//375
f 375//375 374//374 376//376
f 375//375 376//376 377//377
f 377//377 376//376 378//378
f 377//377 378//378 379//379
f 379//379 378//378 380//380
f 379//379 380//380 381//381
f 381//381 380//380 382//382
f 381//381 382//382 383//383
f 383//383 382//382 384//384
f 383//383 384//384 385//385
f 385//385 384//384 386//386
f 385//385 386//386 387//387
f 387//387 386//386 388//388
f 387//387 388//388 389//389
f 389//389 388//388 390//390
f 389//389 390//390 391//391
f 391//391 390//390 392//392
f 391//391 392//392 393//393
f 393//393 392//392 394//394
f 393//393 394//394 395//395
f 395//395 394//394 396//396
f 395//395 396//396 397//397
f 397//397 396//396 398//398
f 397//397 398//398 399//399
f 399//399 398//398 400//400
f 399//399 400//400 401//401
f 401//401 400//400 402//402
f 401//401 402//402 403//403
f 403//403 402//402 404//404
f 403//403 404//404 405//405
f 405//405 404//404 406//406
f 405//405 406//406 407//407
f 357//357 408//408 359//359
f 359//359 408//408 361//361
f 409//409 410//410 408//408
f 408//408 410//410 411//411
f 408//408 411//411 361//361
f 361//361 411//411 363//363
f 409//409 412//412 410//410
f 410//410 412//412 411//411
f 412//412 413//413 411//411
f 411//411 413//413 366//366
f 411//411 366//366 363//363
f 413//413 414//414 366//366
f 366//366 414//414 415//415
f 366//366 415//415 368//368
f 368//368 415//415 416//416
f 368//368 416//416 417//417
f 417//417 416//416 418//418
f 417//417 418//418 419//419
f 419//419 418//418 420//420
f 419//419 420//420 421//421
f 421//421 420//420 422//422
f 421//421 422//422 423//423
f 423//423 422//422 424//424
f 423//423 424//424 425//425
f 425//425 424//424 426//426
f 425//425 426//426 427//427
f 427//427 426//426 428//428
f 427//427 428//428 429//429
f 429//429 428//428 430//430
f 429//429 430//430 431//431
f 431//431 430//430 432//432
f 431//431 432//432 433//433
f 433//433 432//432 434//434
f 433//433 434//434 435//435
f 435//435 434//434 436//436
f 435//435 436//436 437//437
f 437//437 436//436 438//438
f 437//437 438//438 439//439
f 439//439 438//438 440//440
f 439//439 440//440 441//441
f 441//441 440//440 442//442
f 441//441 442//442 443//443
f 443//443 442//442 444//444
f 443//443 444//444 445//445
f 445//445 444//444 446//446
f 445//445 446//446 447//447
f 447//447 446//446 448//448
f 447//447 448//448 386//386
f 386//386 448//448 388//388
f 416//416 415//415 449//449
f 449//449 415//415 450//450
f 449//449 450//450 451//451
f 451//451 452//452 449//449
f 449//449 452//452 418//418
f 449//449 418//418 416//416
f 452//452 420//420 418//418
f 422//422 426//426 424//424
f 434//434 453//453 436//436
f 436//436 453//453 454//454
f 436//436 454//454 438//438
f 438//438 454//454 455//455
f 438//438 455//455 440//440
f 440//440 455//455 456//456
f 440//440 456//456 442//442
f 442//442 456//456 457//457
f 442//442 457//457 444//444
f 444//444 457//457 458//458
f 444//444 458//458 446//446
f 446//446 458//458 459//459
f 446//446 459//459 448//448
f 448//448 459//459 460//460
f 448//448 460//460 388//388
f 388//388 460//460 390//390
f 453//453 461//461 454//454
f 454//454 461//461 462//462
f 454//454 462//462 455//455
f 455//455 462//462 463//463
f 455//455 463//463 456//456
f 456//456 463//463 464//464
f 456//456 464//464 457//457
f 457//457 464//464 465//465
f 457//457 465//465 458//458
f 458//458 465//465 466//466
f 458//458 466//466 459//459
f 459//459 466//466 467//467
f 459//459 467//467 460//460
f 460//460 467//467 468//468
f 460//460 468//468 390//390
f 390//390 468//468 392//392
f 461//461 469//469 462//462
f 462//462 469//469 470//470
f 462//462 470//470 471//471
f 471//471 470//470 472//472
f 471//471 472//472 473//473
f 473//473 472//472 474//474
f 473//473 474//474 475//475
f 475//475 474//474 476//476
f 475//475 476//476 477//477
f 477//477 476//476 478//478
f 477//477 478//478 479//479
f 479//479 478//478 480//480
f 479//479 480//480 481//481
f 481//481 480//480 482//482
f 481//481 482//482 483//483
f 483//483 482//482 484//484
f 483//483 484//484 485//485
f 485//485 484//484 486//486
f 485//485 486//486 467//467
f 467//467 486//486 468//468
f 470//470 469//469 472//472
f 472//472 469//469 487//487
f 472//472 487//487 474//474
f 474//474 487//487 488//488
f 474//474 488//488 476//476
f 476//476 488//488 489//489
f 476//476 489//489 490//490
f 490//490 489//489 491//491
f 490//490 478//478 476//476
f 480//480 478//478 492//492
f 492//492 478//478 493//493
f 492//492 493//493 494//494
f 494//494 493//493 495//495
f 494//494 495//495 496//496
f 496//496 495//495 497//497
f 496//496 497//497 498//498
f 498//498 497//497 396//396
f 498//498 396//396 394//394
f 402//402 400//400 493//493
f 493//493 400//400 499//499
f 493//493 499//499 495//495
f 495//495 499//499 497//497
f 407//407 500//500 405//405
f 405//405 500//500 501//501
f 405//405 501//501 502//502
f 502//502 503//503 405//405
f 405//405 503//503 504//504
f 405//405 504//504 505//505
f 505//505 504//504 506//506
f 505//505 506//506 507//507
f 505//505 507//507 508//508
f 508//508 507//507 509//509
f 508//508 509//509 510//510
f 510//510 509//509 511//511
f 510//510 511//511 512//512
f 512//512 511//511 513//513
f 512//512 513//513 395//395
f 395//395 513//513 393//393
f 513//513 511//511 514//514
f 514//514 511//511 515//515
f 514//514 515//515 513//513
f 513//513 515//515 516//516
f 513//513 516//516 393//393
f 393//393 516//516 391//391
f 515//515 517//517 516//516
f 516//516 517//517 518//518
f 516//516 518//518 391//391
f 391//391 518//518 389//389
f 517//517 519//519 518//518
f 518//518 519//519 520//520
f 518//518 520//520 389//389
f 389//389 520//520 387//387
f 519//519 521//521 520//520
f 520//520 521//521 522//522
f 520//520 522//522 387//387
f 387//387 522//522 385//385
f 521//521 523//523 522//522
f 522//522 523//523 383//383
f 522//522 383//383 385//385
f 383//383 523//523 381//381
f 381//381 523//523 524//524
f 381//381 524//524 379//379
f 379//379 524//524 525//525
f 379//379 525//525 526//526
f 379//379 526//526 377//377
f 377//377 526//526 527//527
f 377//377 527//527 528//528
f 528//528 529//529 377//377
f 377//377 529//529 530//530
f 377//377 530//530 375//375
f 375//375 530//530 531//531
f 375//375 531//531 373//373
f 364//364 532//532 362//362
f 362//362 532//532 533//533
f 362//362 533//533 534//534
f 534//534 533//533 535//535
f 534//534 535//535 536//536
f 532//532 535//535 533//533
f 536//536 537//537 534//534
f 534//534 537//537 538//538
f 534//534 538//538 539//539
f 539//539 538//538 540//540
f 539//539 540//540 541//541
f 541//541 540//540 346//346
f 541//541 346//346 344//344
f 537//537 542//542 538//538
f 538//538 542//542 543//543
f 538//538 543//543 544//544
f 544//544 545//545 538//538
f 538//538 545//545 546//546
f 538//538 546//546 540//540
f 540//540 546//546 348//348
f 540//540 348//348 346//346
f 545//545 547//547 546//546
f 546//546 547//547 548//548
f 546//546 548//548 350//350
f 350//350 548//548 549//549
f 350//350 549//549 550//550
f 550//550 549//549 548//548
f 350//350 550//550 352//352
f 352//352 550//550 354//354
f 355//355 551//551 353//353
f 353//353 551//551 552//552
f 353//353 552//552 553//553
f 553//553 552//552 554//554
f 553//553 554//554 555//555
f 555//555 554//554 556//556
f 555//555 556//556 557//557
f 557//557 556//556 558//558
f 557//557 558//558 559//559
f 559//559 558//558 560//560
f 559//559 560//560 561//561
f 561//561 560//560 562//562
f 561//561 562//562 563//563
f 563//563 562//562 564//564
f 563//563 564//564 333//333
f 333//333 564//564 334//334
f 552//552 551//551 565//565
f 565//565 551//551 566//566
f 565//565 566//566 552//552
f 552//552 566//566 567//567
f 552//552 567//567 568//568
f 568//568 567//567 569//569
f 568//568 569//569 570//570
f 570//570 569//569 571//571
f 570//570 571//571 572//572
f 572//572 571//571 573//573
f 572//572 573//573 574//574
f 574//574 573//573 575//575
f 566//566 576//576 567//567
f 567//567 576//576 569//569
f 576//576 577//577 569//569
f 569//569 577//577 571//571
f 577//577 578//578 571//571
f 571//571 578//578 579//579
f 571//571 579//579 580//580
f 580//580 581//581 571//571
f 571//571 581//581 582//582
f 571//571 582//582 573//573
f 583//583 584//584 574//574
f 574//574 584//584 585//585
f 574//574 585//585 572//572
f 572//572 585//585 586//586
f 572//572 586//586 570//570
f 570//570 586//586 587//587
f 570//570 587//587 568//568
f 568//568 587//587 554//554
f 568//568 554//554 552//552
f 328//328 588//588 583//583
f 583//583 588//588 589//589
f 583//583 589//589 584//584
f 584//584 589//589 590//590
f 584//584 590//590 591//591
f 591//591 590//590 592//592
f 591//591 592//592 593//593
f 593//593 592//592 558//558
f 593//593 558//558 556//556
f 594//594 328//328 595//595
f 595//595 328//328 337//337
f 595//595 337//337 336//336
f 331//331 330//330 596//596
f 596//596 330//330 597//597
f 596//596 597//597 598//598
f 598//598 597//597 599//599
f 598//598 599//599 600//600
f 600//600 599//599 601//601
f 600//600 601//601 602//602
f 602//602 601//601 347//347
f 602//602 347//347 349//349
f 563//563 333//333 332//332
f 332//332 331//331 603//603
f 603//603 331//331 596//596
f 603//603 596//596 604//604
f 604//604 596//596 598//598
f 604//604 598//598 605//605
f 605//605 598//598 600//600
f 605//605 600//600 606//606
f 606//606 600//600 602//602
f 606//606 602//602 607//607
f 607//607 602//602 349//349
f 607//607 349//349 351//351
f 335//335 334//334 608//608
f 608//608 334//334 564//564
f 608//608 564//564 609//609
f 609//609 564//564 562//562
f 609//609 562//562 610//610
f 610//610 562//562 560//560
f 610//610 560//560 592//592
f 592//592 560//560 558//558
f 336//336 335//335 611//611
f 611//611 335//335 608//608
f 611//611 608//608 612//612
f 612//612 608//608 609//609
f 612//612 609//609 613//613
f 613//613 609//609 610//610
f 613//613 610//610 590//590
f 590//590 610//610 592//592
f 599//599 597//597 338//338
f 338//338 597//597 330//330
f 338//338 341//341 614//614
f 614//614 341//341 343//343
f 614//614 343//343 345//345
f 561//561 563//563 603//603
f 603//603 563//563 332//332
f 561//561 603//603 604//604
f 594//594 595//595 611//611
f 611//611 595//595 336//336
f 594//594 611//611 612//612
f 328//328 594//594 588//588
f 588//588 594//594 612//612
f 588//588 612//612 613//613
f 601//601 599//599 614//614
f 614//614 599//599 338//338
f 601//601 614//614 345//345
f 559//559 561//561 604//604
f 559//559 604//604 605//605
f 541//541 344//344 358//358
f 358//358 344//344 356//356
f 541//541 358//358 360//360
f 347//347 601//601 345//345
f 557//557 559//559 605//605
f 557//557 605//605 606//606
f 589//589 588//588 613//613
f 589//589 613//613 590//590
f 419//419 615//615 616//616
f 616//616 615//615 617//617
f 616//616 617//617 374//374
f 374//374 617//617 376//376
f 615//615 618//618 617//617
f 617//617 618//618 619//619
f 617//617 619//619 376//376
f 376//376 619//619 378//378
f 421//421 423//423 419//419
f 419//419 423//423 615//615
f 618//618 620//620 619//619
f 619//619 620//620 621//621
f 619//619 621//621 378//378
f 378//378 621//621 380//380
f 618//618 615//615 622//622
f 622//622 615//615 423//423
f 622//622 423//423 425//425
f 620//620 623//623 621//621
f 621//621 623//623 624//624
f 621//621 624//624 380//380
f 380//380 624//624 382//382
f 620//620 618//618 625//625
f 625//625 618//618 622//622
f 625//625 622//622 626//626
f 626//626 622//622 425//425
f 626//626 425//425 429//429
f 429//429 425//425 427//427
f 623//623 627//627 624//624
f 624//624 627//627 628//628
f 624//624 628//628 382//382
f 382//382 628//628 384//384
f 623//623 620//620 629//629
f 629//629 620//620 625//625
f 629//629 625//625 630//630
f 630//630 625//625 626//626
f 630//630 626//626 631//631
f 631//631 626//626 429//429
f 631//631 429//429 431//431
f 627//627 445//445 628//628
f 628//628 445//445 447//447
f 628//628 447//447 384//384
f 384//384 447//447 386//386
f 627//627 623//623 632//632
f 632//632 623//623 629//629
f 632//632 629//629 633//633
f 633//633 629//629 630//630
f 633//633 630//630 634//634
f 634//634 630//630 631//631
f 634//634 631//631 433//433
f 433//433 631//631 431//431
f 445//445 627//627 443//443
f 443//443 627//627 632//632
f 443//443 632//632 441//441
f 441//441 632//632 633//633
f 441//441 633//633 439//439
f 439//439 633//633 634//634
f 439//439 634//634 437//437
f 437//437 634//634 433//433
f 437//437 433//433 435//435
f 485//485 467//467 466//466
f 486//486 635//635 636//636
f 636//636 635//635 498//498
f 636//636 498//498 394//394
f 498//498 635//635 496//496
f 496//496 635//635 637//637
f 496//496 637//637 494//494
f 494//494 637//637 492//492
f 637//637 635//635 484//484
f 484//484 635//635 486//486
f 400//400 398//398 499//499
f 499//499 398//398 497//497
f 398//398 396//396 497//497
f 392//392 468//468 636//636
f 636//636 468//468 486//486
f 392//392 636//636 394//394
f 419//419 616//616 417//417
f 417//417 616//616 371//371
f 417//417 371//371 368//368
f 371//371 616//616 374//374
f 539//539 541//541 360//360
f 539//539 360//360 362//362
f 555//555 557//557 606//606
f 555//555 606//606 607//607
f 485//485 466//466 638//638
f 638//638 466//466 465//465
f 638//638 465//465 639//639
f 639//639 465//465 464//464
f 639//639 464//464 640//640
f 640//640 464//464 463//463
f 640//640 463//463 471//471
f 471//471 463//463 462//462
f 492//492 637//637 482//482
f 482//482 637//637 484//484
f 485//485 638//638 483//483
f 483//483 638//638 641//641
f 483//483 641//641 481//481
f 481//481 641//641 642//642
f 481//481 642//642 479//479
f 479//479 642//642 477//477
f 641//641 638//638 639//639
f 480//480 492//492 482//482
f 641//641 639//639 643//643
f 643//643 639//639 640//640
f 643//643 640//640 473//473
f 473//473 640//640 471//471
f 641//641 643//643 642//642
f 642//642 643//643 475//475
f 642//642 475//475 477//477
f 475//475 643//643 473//473
f 534//534 539//539 362//362
f 350//350 348//348 546//546
f 553//553 555//555 607//607
f 553//553 607//607 351//351
f 554//554 587//587 556//556
f 556//556 587//587 593//593
f 585//585 584//584 591//591
f 587//587 586//586 593//593
f 593//593 586//586 591//591
f 586//586 585//585 591//591
f 399//399 401//401 644//644
f 644//644 401//401 403//403
f 644//644 403//403 405//405
f 397//397 399//399 645//645
f 645//645 399//399 644//644
f 645//645 644//644 505//505
f 505//505 644//644 405//405
f 395//395 397//397 512//512
f 512//512 397//397 645//645
f 512//512 645//645 508//508
f 508//508 645//645 505//505
f 510//510 512//512 508//508
f 353//353 553//553 351//351
f 646//646 647//647 648//648
f 648//648 647//647 649//649
f 648//648 649//649 650//650
f 651//651 652//652 653//653
f 653//653 652//652 655//655
f 654//654 655//655 656//656
f 657//657 655//655 658//658
f 659//659 655//655 660//660
f 661//661 655//655 662//662
f 662//662 655//655 663//663
f 663//663 655//655 652//652
f 663//663 652//652 664//664
f 664//664 652//652 665//665
f 664//664 665//665 666//666
f 666//666 665//665 667//667
f 666//666 667//667 668//668
f 668//668 667//667 669//669
f 668//668 669//669 670//670
f 652//652 651//651 665//665
f 665//665 651//651 669//669
f 665//665 669//669 667//667
f 668//668 670//670 671//671
f 671//671 670//670 672//672
f 671//671 672//672 673//673
f 673//673 672//672 674//674
f 673//673 674//674 675//675
f 675//675 674//674 676//676
f 676//676 674//674 677//677
f 676//676 677//677 678//678
f 678//678 677//677 679//679
f 678//678 679//679 680//680
f 680//680 679//679 681//681
f 680//680 681//681 682//682
f 682//682 681//681 683//683
f 682//682 683//683 684//684
f 684//684 683//683 685//685
f 684//684 685//685 686//686
f 686//686 685//685 687//687
f 686//686 687//687 688//688
f 688//688 687//687 689//689
f 688//688 689//689 690//690
f 690//690 689//689 691//691
f 690//690 691//691 692//692
f 692//692 691//691 693//693
f 692//692 693//693 694//694
f 694//694 693//693 695//695
f 694//694 695//695 696//696
f 696//696 695//695 697//697
f 697//697 695//695 698//698
f 698//698 695//695 699//699
f 699//699 695//695 693//693
f 699//699 693//693 700//700
f 700//700 693//693 691//691
f 700//700 691//691 701//701
f 701//701 691//691 689//689
f 701//701 689//689 702//702
f 702//702 689//689 687//687
f 702//702 687//687 703//703
f 703//703 687//687 685//685
f 703//703 685//685 704//704
f 704//704 685//685 683//683
f 704//704 683//683 705//705
f 705//705 683//683 681//681
f 705//705 681//681 706//706
f 706//706 681//681 679//679
f 706//706 679//679 707//707
f 707//707 679//679 677//677
f 707//707 677//677 708//708
f 708//708 677//677 674//674
f 708//708 674//674 672//672
f 675//675 709//709 673//673
f 673//673 709//709 671//671
f 709//709 710//710 671//671
f 671//671 710//710 668//668
f 710//710 666//666 668//668
f 711//711 712//712 713//713
f 713//713 712//712 714//714
f 713//713 714//714 715//715
f 715//715 714//714 716//716
f 715//715 716//716 717//717
f 717//717 716//716 718//718
f 717//717 718//718 719//719
f 719//719 718//718 720//720
f 719//719 720//720 721//721
f 721//721 720//720 722//722
f 721//721 722//722 723//723
f 723//723 722//722 724//724
f 723//723 724//724 725//725
f 725//725 724//724 726//726
f 725//725 726//726 727//727
f 727//727 726//726 728//728
f 727//727 728//728 729//729
f 729//729 728//728 730//730
f 729//729 730//730 731//731
f 731//731 730//730 732//732
f 731//731 732//732 733//733
f 733//733 732//732 734//734
f 733//733 734//734 735//735
f 735//735 734//734 736//736
f 735//735 736//736 737//737
f 737//737 736//736 738//738
f 739//739 740//740 741//741
f 741//741 740//740 744//744
f 742//742 745//745 748//748
f 747//747 746//746 750//750
f 749//749 743//743 751//751
f 750//750 752//752 753//753
f 754//754 755//755 756//756
f 756//756 755//755 757//757
f 756//756 757//757 758//758
f 759//759 760//760 761//761
f 761//761 760//760 762//762
f 761//761 762//762 763//763
f 763//763 762//762 764//764
f 764//764 762//762 765//765
f 760//760 766//766 762//762
f 767//767 768//768 769//769
f 769//769 768//768 770//770
f 769//769 770//770 771//771
f 771//771 770//770 772//772
f 771//771 772//772 773//773
f 773//773 772//772 774//774
f 773//773 774//774 775//775
f 775//775 774//774 776//776
f 775//775 776//776 777//777
f 777//777 776//776 778//778
f 778//778 776//776 779//779
f 778//778 779//779 780//780
f 780//780 779//779 781//781
f 780//780 781//781 782//782
f 782//782 781//781 783//783
f 782//782 783//783 784//784
f 784//784 783//783 785//785
f 784//784 785//785 786//786
f 786//786 785//785 787//787
f 787//787 785//785 788//788
f 787//787 788//788 789//789
f 789//789 788//788 790//790
f 789//789 790//790 791//791
f 791//791 790//790 792//792
f 791//791 792//792 793//793
f 793//793 792//792 794//794
f 793//793 794//794 795//795
f 795//795 794//794 796//796
f 795//795 796//796 797//797
f 769//769 798//798 767//767
f 767//767 798//798 799//799
f 799//799 798//798 800//800
f 800//800 798//798 801//801
f 801//801 798//798 802//802
f 801//801 802//802 803//803
f 803//803 802//802 804//804
f 804//804 802//802 805//805
f 804//804 805//805 806//806
f 806//806 805//805 807//807
f 806//806 807//807 808//808
f 808//808 807//807 809//809
f 808//808 809//809 810//810
f 810//810 809//809 811//811
f 810//810 811//811 812//812
f 810//810 812//812 813//813
f 813//813 812//812 814//814
f 813//813 814//814 815//815
f 815//815 814//814 816//816
f 815//815 816//816 817//817
f 817//817 816//816 818//818
f 817//817 818//818 819//819
f 819//819 818//818 820//820
f 819//819 820//820 821//821
f 819//819 821//821 822//822
f 822//822 821//821 823//823
f 822//822 823//823 824//824
f 824//824 823//823 825//825
f 824//824 825//825 826//826
f 826//826 825//825 827//827
f 826//826 827//827 828//828
f 828//828 827//827 829//829
f 828//828 829//829 830//830
f 830//830 829//829 831//831
f 832//832 833//833 834//834
f 834//834 833//833 835//835
f 834//834 835//835 836//836
f 836//836 837//837 834//834
f 834//834 837//837 838//838
f 838//838 837//837 839//839
f 838//838 839//839 840//840
f 838//838 840//840 841//841
f 841//841 840//840 842//842
f 841//841 842//842 843//843
f 843//843 842//842 844//844
f 843//843 844//844 845//845
f 845//845 844//844 846//846
f 845//845 846//846 847//847
f 847//847 846//846 848//848
f 847//847 848//848 849//849
f 849//849 848//848 850//850
f 849//849 850//850 851//851
f 851//851 850//850 852//852
f 851//851 852//852 853//853
f 853//853 852//852 854//854
f 853//853 854//854 855//855
f 855//855 854//854 856//856
f 855//855 856//856 857//857
f 857//857 856//856 858//858
f 857//857 858//858 859//859
f 859//859 858//858 860//860
f 859//859 860//860 861//861
f 861//861 860//860 862//862
f 861//861 862//862 863//863
f 861//861 863//863 864//864
f 864//864 863//863 865//865
f 864//864 865//865 866//866
f 864//864 866//866 867//867
f 867//867 866//866 868//868
f 867//867 868//868 869//869
f 869//869 868//868 870//870
f 869//869 870//870 871//871
f 869//869 871//871 872//872
f 872//872 871//871 873//873
f 872//872 873//873 874//874
f 874//874 873//873 875//875
f 874//874 875//875 876//876
f 876//876 875//875 877//877
f 876//876 877//877 878//878
f 876//876 878//878 879//879
f 879//879 878//878 880//880
f 879//879 880//880 881//881
f 881//881 880//880 882//882
f 881//881 882//882 883//883
f 881//881 883//883 884//884
f 884//884 883//883 885//885
f 884//884 885//885 886//886
f 886//886 885//885 887//887
f 886//886 887//887 888//888
f 886//886 888//888 889//889
f 889//889 888//888 890//890
f 889//889 890//890 891//891
f 891//891 890//890 892//892
f 892//892 890//890 893//893
f 891//891 894//894 889//889
f 889//889 894//894 895//895
f 895//895 894//894 896//896
f 895//895 896//896 897//897
f 897//897 896//896 898//898
f 897//897 898//898 899//899
f 899//899 898//898 900//900
f 899//899 900//900 901//901
f 899//899 902//902 897//897
f 897//897 902//902 903//903
f 903//903 902//902 904//904
f 903//903 904//904 905//905
f 903//903 905//905 906//906
f 906//906 905//905 907//907
f 906//906 907//907 908//908
f 908//908 907//907 909//909
f 908//908 909//909 910//910
f 908//908 910//910 911//911
f 911//911 910//910 912//912
f 911//911 912//912 913//913
f 913//913 912//912 914//914
f 913//913 914//914 915//915
f 913//913 915//915 916//916
f 916//916 915//915 917//917
f 916//916 917//917 918//918
f 918//918 917//917 919//919
f 918//918 919//919 920//920
f 920//920 919//919 921//921
f 920//920 921//921 922//922
f 920//920 922//922 923//923
f 923//923 922//922 924//924
f 923//923 924//924 925//925
f 925//925 924//924 926//926
f 925//925 926//926 927//927
f 925//925 927//927 928//928
f 928//928 927//927 929//929
f 928//928 929//929 930//930
f 928//928 930//930 931//931
f 931//931 930//930 932//932
f 931//931 932//932 933//933
f 933//933 932//932 934//934
f 933//933 934//934 935//935
f 935//935 934//934 936//936
f 935//935 936//936 937//937
f 937//937 936//936 938//938
f 937//937 938//938 939//939
f 939//939 938//938 940//940
f 939//939 940//940 941//941
f 941//941 940//940 942//942
f 941//941 942//942 943//943
f 943//943 942//942 944//944
f 943//943 944//944 945//945
f 945//945 944//944 946//946
f 945//945 946//946 947//947
f 947//947 946//946 948//948
f 947//947 948//948 949//949
f 949//949 948//948 950//950
f 949//949 950//950 951//951
f 951//951 950//950 952//952
f 951//951 952//952 953//953
f 951//951 953//953 834//834
f 834//834 953//953 954//954
f 834//834 954//954 832//832
f 955//955 956//956 957//957
f 957//957 956//956 959//959
f 957//957 959//959 960//960
f 960//960 961//961 957//957
f 957//957 961//961 962//962
f 957//957 962//962 963//963
f 963//963 964//964 957//957
f 957//957 964//964 965//965
f 957//957 965//965 966//966
f 966//966 967//967 957//957
f 957//957 967//967 968//968
f 957//957 968//968 969//969
f 969//969 970//970 957//957
f 957//957 970//970 971//971
f 971//971 970//970 972//972
f 972//972 970//970 973//973
f 973//973 970//970 974//974
f 974//974 970//970 975//975
f 975//975 970//970 976//976
f 976//976 970//970 977//977
f 977//977 970//970 978//978
f 978//978 970//970 979//979
f 978//978 979//979 980//980
f 980//980 981//981 978//978
f 978//978 981//981 982//982
f 978//978 982//982 983//983
f 983//983 984//984 978//978
f 978//978 984//984 985//985
f 978//978 985//985 986//986
f 986//986 987//987 978//978
f 978//978 987//987 988//988
f 978//978 988//988 989//989
f 989//989 990//990 978//978
f 978//978 990//990 991//991
f 978//978 991//991 992//992
f 992//992 993//993 978//978
f 978//978 993//993 994//994
f 978//978 994//994 995//995
f 996//996 998//998 995//995
f 995//995 998//998 999//999
f 995//995 999//999 1000//1000
f 996//996 1001//1001 998//998
f 998//998 1001//1001 1002//1002
f 998//998 1002//1002 1003//1003
f 1003//1003 1004//1004 998//998
f 998//998 1004//1004 1005//1005
f 998//998 1005//1005 1006//1006
f 1006//1006 1007//1007 998//998
f 998//998 1007//1007 1008//1008
f 998//998 1008//1008 1009//1009
f 1009//1009 1010//1010 998//998
f 998//998 1010//1010 1011//1011
f 998//998 1011//1011 1012//1012
f 1012//1012 1013//1013 998//998
f 997//997 1014//1014 1015//1015
f 998//998 1016//1016 1017//1017
f 1018//1018 1019//1019 997//997
f 1000//1000 1020//1020 995//995
f 995//995 1020//1020 1021//1021
f 995//995 1021//1021 1022//1022
f 1022//1022 1023//1023 995//995
f 995//995 1023//1023 1024//1024
f 995//995 1024//1024 1025//1025
f 1025//1025 978//978 995//995
f 1026//1026 1028//1028 958//958
f 957//957 1027//1027 1029//1029
f 957//957 1029//1029 1030//1030
f 1030//1030 1031//1031 957//957
f 957//957 1031//1031 1032//1032
f 957//957 1032//1032 955//955
f 1033//1033 1034//1034 1035//1035
f 1035//1035 1034//1034 1036//1036
f 1035//1035 1036//1036 1037//1037
f 1037//1037 1036//1036 1038//1038
f 1037//1037 1038//1038 1039//1039
f 1039//1039 1038//1038 1040//1040
f 1039//1039 1040//1040 1041//1041
f 1041//1041 1040//1040 1042//1042
f 1041//1041 1042//1042 1043//1043
f 1043//1043 1042//1042 1044//1044
f 1043//1043 1044//1044 1045//1045
f 1045//1045 1044//1044 1046//1046
f 1045//1045 1046//1046 1047//1047
f 1047//1047 1046//1046 1048//1048
f 1047//1047 1048//1048 1049//1049
f 1049//1049 1048//1048 1050//1050
f 1049//1049 1050//1050 1051//1051
f 1051//1051 1050//1050 1052//1052
f 1051//1051 1052//1052 1053//1053
f 1053//1053 1052//1052 1054//1054
f 1053//1053 1054//1054 1055//1055
f 1055//1055 1054//1054 1056//1056
f 1055//1055 1056//1056 1057//1057
f 1057//1057 1056//1056 1058//1058
f 1058//1058 1056//1056 1059//1059
f 1058//1058 1059//1059 1060//1060
f 1060//1060 1059//1059 1061//1061
f 1060//1060 1061//1061 1062//1062
f 1062//1062 1061//1061 1063//1063
f 1062//1062 1063//1063 1064//1064
f 1064//1064 1063//1063 1065//1065
f 1064//1064 1065//1065 1066//1066
f 1066//1066 1065//1065 1067//1067
f 1066//1066 1067//1067 1068//1068
f 1068//1068 1067//1067 1069//1069
f 1068//1068 1069//1069 1070//1070
f 1070//1070 1069//1069 1071//1071
f 1070//1070 1071//1071 1072//1072
f 1072//1072 1071//1071 1073//1073
f 1072//1072 1073//1073 1074//1074
f 1074//1074 1073//1073 1075//1075
f 1074//1074 1075//1075 1076//1076
f 1076//1076 1075//1075 1077//1077
f 1076//1076 1077//1077 1078//1078
f 1078//1078 1077//1077 1079//1079
f 1078//1078 1079//1079 1080//1080
f 1080//1080 1079//1079 1081//1081
f 1080//1080 1081//1081 1082//1082
f 1082//1082 1081//1081 1083//1083
f 1082//1082 1083//1083 1084//1084
f 1084//1084 1083//1083 1085//1085
f 1084//1084 1085//1085 1086//1086
f 1086//1086 1085//1085 1087//1087
f 1086//1086 1087//1087 1088//1088
f 1088//1088 1087//1087 1089//1089
f 1088//1088 1089//1089 1090//1090
f 1090//1090 1089//1089 1091//1091
f 1091//1091 1089//1089 1092//1092
f 1091//1091 1092//1092 1093//1093
f 1093//1093 1092//1092 1094//1094
f 1093//1093 1094//1094 1095//1095
f 1095//1095 1094//1094 1096//1096
f 1095//1095 1096//1096 1097//1097
f 1097//1097 1096//1096 1098//1098
f 1097//1097 1098//1098 1099//1099
f 1099//1099 1098//1098 1100//1100
f 1099//1099 1100//1100 1101//1101
f 1101//1101 1100//1100 1102//1102
f 1101//1101 1102//1102 1103//1103
f 1103//1103 1102//1102 1104//1104
f 1103//1103 1104//1104 1105//1105
f 1105//1105 1104//1104 1106//1106
f 1105//1105 1106//1106 1107//1107
f 1107//1107 1106//1106 1108//1108
f 1107//1107 1108//1108 1109//1109
f 1109//1109 1108//1108 1110//1110
f 1109//1109 1110//1110 1111//1111
f 1111//1111 1110//1110 1112//1112
f 1111//1111 1112//1112 1113//1113
f 1113//1113 1112//1112 1114//1114
f 1113//1113 1114//1114 1115//1115
f 1115//1115 1114//1114 1116//1116
f 1115//1115 1116//1116 1117//1117
f 1117//1117 1116//1116 1118//1118
f 1117//1117 1118//1118 1119//1119
f 1119//1119 1118//1118 1120//1120
f 1119//1119 1120//1120 1121//1121
f 1121//1121 1120//1120 1059//1059
f 1121//1121 1059//1059 1056//1056
f 1036//1036 1034//1034 1122//1122
f 1122//1122 1034//1034 1123//1123
f 1122//1122 1123//1123 1124//1124
f 1124//1124 1123//1123 1125//1125
f 1124//1124 1125//1125 1126//1126
f 1126//1126 1125//1125 1127//1127
f 1126//1126 1127//1127 1128//1128
f 1128//1128 1127//1127 1129//1129
f 1128//1128 1129//1129 1130//1130
f 1130//1130 1129//1129 1131//1131
f 1130//1130 1131//1131 1132//1132
f 1132//1132 1131//1131 1133//1133
f 1132//1132 1133//1133 1134//1134
f 1134//1134 1133//1133 1135//1135
f 1134//1134 1135//1135 1136//1136
f 1136//1136 1135//1135 1137//1137
f 1136//1136 1137//1137 1138//1138
f 1138//1138 1137//1137 1139//1139
f 1138//1138 1139//1139 1103//1103
f 1103//1103 1139//1139 1101//1101
f 1090//1090 1140//1140 1088//1088
f 1088//1088 1140//1140 1141//1141
f 1088//1088 1141//1141 1142//1142
f 1143//1143 1144//1144 1142//1142
f 1142//1142 1144//1144 1145//1145
f 1142//1142 1145//1145 1088//1088
f 1088//1088 1145//1145 1146//1146
f 1088//1088 1146//1146 1086//1086
f 1086//1086 1146//1146 1147//1147
f 1086//1086 1147//1147 1084//1084
f 1084//1084 1147//1147 1148//1148
f 1084//1084 1148//1148 1082//1082
f 1082//1082 1148//1148 1149//1149
f 1082//1082 1149//1149 1080//1080
f 1080//1080 1149//1149 1150//1150
f 1080//1080 1150//1150 1078//1078
f 1078//1078 1150//1150 1151//1151
f 1078//1078 1151//1151 1076//1076
f 1076//1076 1151//1151 1152//1152
f 1076//1076 1152//1152 1074//1074
f 1074//1074 1152//1152 1153//1153
f 1074//1074 1153//1153 1072//1072
f 1072//1072 1153//1153 1154//1154
f 1072//1072 1154//1154 1070//1070
f 1143//1143 1155//1155 1144//1144
f 1144//1144 1155//1155 1156//1156
f 1144//1144 1156//1156 1145//1145
f 1145//1145 1156//1156 1157//1157
f 1145//1145 1157//1157 1158//1158
f 1158//1158 1157//1157 1159//1159
f 1158//1158 1159//1159 1160//1160
f 1160//1160 1159//1159 1161//1161
f 1160//1160 1161//1161 1162//1162
f 1162//1162 1161//1161 1163//1163
f 1162//1162 1163//1163 1164//1164
f 1164//1164 1163//1163 1165//1165
f 1164//1164 1165//1165 1166//1166
f 1166//1166 1165//1165 1167//1167
f 1166//1166 1167//1167 1168//1168
f 1168//1168 1167//1167 1169//1169
f 1168//1168 1169//1169 1170//1170
f 1170//1170 1169//1169 1171//1171
f 1170//1170 1171//1171 1172//1172
f 1172//1172 1171//1171 1173//1173
f 1172//1172 1173//1173 1174//1174
f 1174//1174 1173//1173 1175//1175
f 1175//1175 1173//1173 1176//1176
f 1175//1175 1176//1176 1177//1177
f 1177//1177 1176//1176 1178//1178
f 1178//1178 1176//1176 1179//1179
f 1178//1178 1179//1179 1180//1180
f 1180//1180 1179//1179 1181//1181
f 1180//1180 1181//1181 1182//1182
f 1182//1182 1181//1181 1183//1183
f 1183//1183 1181//1181 1184//1184
f 1183//1183 1184//1184 1185//1185
f 1185//1185 1184//1184 1186//1186
f 1185//1185 1186//1186 1187//1187
f 1187//1187 1186//1186 1188//1188
f 1187//1187 1188//1188 1189//1189
f 1189//1189 1188//1188 1190//1190
f 1189//1189 1190//1190 1191//1191
f 1191//1191 1190//1190 1192//1192
f 1191//1191 1192//1192 1193//1193
f 1193//1193 1192//1192 1194//1194
f 1193//1193 1194//1194 1195//1195
f 1195//1195 1194//1194 1196//1196
f 1195//1195 1196//1196 1197//1197
f 1197//1197 1196//1196 1198//1198
f 1197//1197 1198//1198 1199//1199
f 1199//1199 1198//1198 1200//1200
f 1199//1199 1200//1200 1201//1201
f 1201//1201 1200//1200 1202//1202
f 1201//1201 1202//1202 1203//1203
f 1203//1203 1202//1202 1204//1204
f 1203//1203 1204//1204 1205//1205
f 1205//1205 1204//1204 1206//1206
f 1205//1205 1206//1206 1207//1207
f 1207//1207 1206//1206 1208//1208
f 1207//1207 1208//1208 1209//1209
f 1209//1209 1208//1208 1210//1210
f 1209//1209 1210//1210 1211//1211
f 1211//1211 1210//1210 1212//1212
f 1211//1211 1212//1212 1213//1213
f 1213//1213 1212//1212 1214//1214
f 1213//1213 1214//1214 1215//1215
f 1155//1155 1216//1216 1156//1156
f 1156//1156 1216//1216 1217//1217
f 1156//1156 1217//1217 1157//1157
f 1157//1157 1217//1217 1218//1218
f 1157//1157 1218//1218 1159//1159
f 1159//1159 1218//1218 1219//1219
f 1159//1159 1219//1219 1161//1161
f 1161//1161 1219//1219 1220//1220
f 1161//1161 1220//1220 1163//1163
f 1163//1163 1220//1220 1221//1221
f 1163//1163 1221//1221 1165//1165
f 1165//1165 1221//1221 1222//1222
f 1165//1165 1222//1222 1167//1167
f 1167//1167 1222//1222 1223//1223
f 1167//1167 1223//1223 1169//1169
f 1169//1169 1223//1223 1224//1224
f 1169//1169 1224//1224 1171//1171
f 1171//1171 1224//1224 1225//1225
f 1171//1171 1225//1225 1173//1173
f 1173//1173 1225//1225 1176//1176
f 1216//1216 1226//1226 1217//1217
f 1217//1217 1226//1226 1227//1227
f 1217//1217 1227//1227 1218//1218
f 1218//1218 1227//1227 1228//1228
f 1218//1218 1228//1228 1219//1219
f 1219//1219 1228//1228 1229//1229
f 1219//1219 1229//1229 1220//1220
f 1220//1220 1229//1229 1230//1230
f 1220//1220 1230//1230 1221//1221
f 1221//1221 1230//1230 1231//1231
f 1221//1221 1231//1231 1222//1222
f 1222//1222 1231//1231 1232//1232
f 1222//1222 1232//1232 1223//1223
f 1223//1223 1232//1232 1233//1233
f 1223//1223 1233//1233 1224//1224
f 1224//1224 1233//1233 1234//1234
f 1224//1224 1234//1234 1225//1225
f 1225//1225 1234//1234 1235//1235
f 1225//1225 1235//1235 1176//1176
f 1176//1176 1235//1235 1179//1179
f 1236//1236 1237//1237 1226//1226
f 1226//1226 1237//1237 1238//1238
f 1226//1226 1238//1238 1227//1227
f 1227//1227 1238//1238 1228//1228
f 1239//1239 1240//1240 1236//1236
f 1236//1236 1240//1240 1241//1241
f 1236//1236 1241//1241 1238//1238
f 1238//1238 1241//1241 1242//1242
f 1238//1238 1242//1242 1228//1228
f 1228//1228 1242//1242 1229//1229
f 1240//1240 1239//1239 1243//1243
f 1243//1243 1239//1239 1244//1244
f 1243//1243 1244//1244 1245//1245
f 1245//1245 1244//1244 1246//1246
f 1245//1245 1246//1246 1247//1247
f 1247//1247 1246//1246 1248//1248
f 1247//1247 1248//1248 1249//1249
f 1249//1249 1248//1248 1250//1250
f 1249//1249 1250//1250 1251//1251
f 1251//1251 1250//1250 1252//1252
f 1251//1251 1252//1252 1253//1253
f 1253//1253 1252//1252 1254//1254
f 1253//1253 1254//1254 1255//1255
f 1255//1255 1254//1254 1256//1256
f 1255//1255 1256//1256 1257//1257
f 1257//1257 1256//1256 1258//1258
f 1257//1257 1258//1258 1259//1259
f 1259//1259 1258//1258 1260//1260
f 1259//1259 1260//1260 1261//1261
f 1261//1261 1260//1260 1262//1262
f 1261//1261 1262//1262 1263//1263
f 1263//1263 1262//1262 1264//1264
f 1263//1263 1264//1264 1188//1188
f 1188//1188 1264//1264 1190//1190
f 1244//1244 1265//1265 1246//1246
f 1246//1246 1265//1265 1266//1266
f 1246//1246 1266//1266 1248//1248
f 1248//1248 1266//1266 1267//1267
f 1248//1248 1267//1267 1250//1250
f 1250//1250 1267//1267 1268//1268
f 1250//1250 1268//1268 1252//1252
f 1252//1252 1268//1268 1269//1269
f 1252//1252 1269//1269 1254//1254
f 1254//1254 1269//1269 1270//1270
f 1254//1254 1270//1270 1256//1256
f 1256//1256 1270//1270 1271//1271
f 1256//1256 1271//1271 1258//1258
f 1258//1258 1271//1271 1272//1272
f 1258//1258 1272//1272 1260//1260
f 1260//1260 1272//1272 1273//1273
f 1260//1260 1273//1273 1262//1262
f 1262//1262 1273//1273 1274//1274
f 1262//1262 1274//1274 1264//1264
f 1264//1264 1274//1274 1192//1192
f 1264//1264 1192//1192 1190//1190
f 1265//1265 1275//1275 1266//1266
f 1266//1266 1275//1275 1276//1276
f 1266//1266 1276//1276 1267//1267
f 1267//1267 1276//1276 1277//1277
f 1267//1267 1277//1277 1268//1268
f 1268//1268 1277//1277 1278//1278
f 1268//1268 1278//1278 1269//1269
f 1269//1269 1278//1278 1279//1279
f 1269//1269 1279//1279 1270//1270
f 1270//1270 1279//1279 1280//1280
f 1270//1270 1280//1280 1271//1271
f 1271//1271 1280//1280 1281//1281
f 1271//1271 1281//1281 1272//1272
f 1272//1272 1281//1281 1282//1282
f 1272//1272 1282//1282 1273//1273
f 1273//1273 1282//1282 1283//1283
f 1273//1273 1283//1283 1274//1274
f 1274//1274 1283//1283 1194//1194
f 1274//1274 1194//1194 1192//1192
f 1275//1275 1284//1284 1276//1276
f 1276//1276 1284//1284 1285//1285
f 1276//1276 1285//1285 1277//1277
f 1277//1277 1285//1285 1286//1286
f 1277//1277 1286//1286 1278//1278
f 1278//1278 1286//1286 1287//1287
f 1278//1278 1287//1287 1279//1279
f 1279//1279 1287//1287 1288//1288
f 1279//1279 1288//1288 1280//1280
f 1280//1280 1288//1288 1289//1289
f 1280//1280 1289//1289 1281//1281
f 1281//1281 1289//1289 1290//1290
f 1281//1281 1290//1290 1282//1282
f 1282//1282 1290//1290 1291//1291
f 1282//1282 1291//1291 1283//1283
f 1283//1283 1291//1291 1196//1196
f 1283//1283 1196//1196 1194//1194
f 1285//1285 1284//1284 1292//1292
f 1292//1292 1284//1284 1293//1293
f 1292//1292 1293//1293 1294//1294
f 1294//1294 1293//1293 1295//1295
f 1294//1294 1295//1295 1296//1296
f 1296//1296 1295//1295 1297//1297
f 1296//1296 1297//1297 1298//1298
f 1298//1298 1297//1297 1299//1299
f 1298//1298 1299//1299 1300//1300
f 1300//1300 1299//1299 1301//1301
f 1300//1300 1301//1301 1302//1302
f 1302//1302 1301//1301 1206//1206
f 1302//1302 1206//1206 1204//1204
f 1297//1297 1303//1303 1299//1299
f 1299//1299 1303//1303 1304//1304
f 1299//1299 1304//1304 1301//1301
f 1301//1301 1304//1304 1208//1208
f 1301//1301 1208//1208 1206//1206
f 1303//1303 1305//1305 1304//1304
f 1304//1304 1305//1305 1210//1210
f 1304//1304 1210//1210 1208//1208
f 1305//1305 1212//1212 1210//1210
f 1213//1213 1215//1215 1306//1306
f 1306//1306 1215//1215 1307//1307
f 1306//1306 1307//1307 1308//1308
f 1308//1308 1307//1307 1309//1309
f 1308//1308 1309//1309 1310//1310
f 1310//1310 1309//1309 1311//1311
f 1310//1310 1311//1311 1312//1312
f 1312//1312 1311//1311 1313//1313
f 1312//1312 1313//1313 1314//1314
f 1314//1314 1313//1313 1315//1315
f 1314//1314 1315//1315 1316//1316
f 1316//1316 1315//1315 1317//1317
f 1316//1316 1317//1317 1318//1318
f 1318//1318 1317//1317 1319//1319
f 1318//1318 1319//1319 1320//1320
f 1320//1320 1319//1319 1321//1321
f 1320//1320 1321//1321 1322//1322
f 1322//1322 1321//1321 1323//1323
f 1322//1322 1323//1323 1324//1324
f 1324//1324 1323//1323 1325//1325
f 1324//1324 1325//1325 1326//1326
f 1307//1307 1327//1327 1309//1309
f 1309//1309 1327//1327 1328//1328
f 1309//1309 1328//1328 1311//1311
f 1311//1311 1328//1328 1329//1329
f 1311//1311 1329//1329 1313//1313
f 1313//1313 1329//1329 1330//1330
f 1313//1313 1330//1330 1315//1315
f 1315//1315 1330//1330 1331//1331
f 1315//1315 1331//1331 1317//1317
f 1317//1317 1331//1331 1332//1332
f 1317//1317 1332//1332 1319//1319
f 1319//1319 1332//1332 1333//1333
f 1319//1319 1333//1333 1321//1321
f 1321//1321 1333//1333 1334//1334
f 1321//1321 1334//1334 1323//1323
f 1323//1323 1334//1334 1335//1335
f 1323//1323 1335//1335 1325//1325
f 1336//1336 1337//1337 1327//1327
f 1327//1327 1337//1337 1338//1338
f 1327//1327 1338//1338 1328//1328
f 1328//1328 1338//1338 1329//1329
f 1339//1339 1340//1340 1336//1336
f 1336//1336 1340//1340 1341//1341
f 1336//1336 1341//1341 1342//1342
f 1342//1342 1341//1341 1343//1343
f 1342//1342 1343//1343 1344//1344
f 1344//1344 1343//1343 1345//1345
f 1344//1344 1345//1345 1346//1346
f 1346//1346 1345//1345 1347//1347
f 1346//1346 1347//1347 1331//1331
f 1331//1331 1347//1347 1332//1332
f 1340//1340 1339//1339 1348//1348
f 1348//1348 1339//1339 1349//1349
f 1348//1348 1349//1349 1350//1350
f 1350//1350 1349//1349 1351//1351
f 1350//1350 1351//1351 1352//1352
f 1352//1352 1351//1351 1353//1353
f 1352//1352 1353//1353 1354//1354
f 1354//1354 1353//1353 1355//1355
f 1354//1354 1355//1355 1345//1345
f 1345//1345 1355//1355 1347//1347
f 1351//1351 1356//1356 1353//1353
f 1353//1353 1356//1356 1357//1357
f 1353//1353 1357//1357 1355//1355
f 1355//1355 1357//1357 1358//1358
f 1355//1355 1358//1358 1347//1347
f 1347//1347 1358//1358 1332//1332
f 1356//1356 1359//1359 1357//1357
f 1357//1357 1359//1359 1360//1360
f 1357//1357 1360//1360 1358//1358
f 1358//1358 1360//1360 1333//1333
f 1358//1358 1333//1333 1332//1332
f 1359//1359 1335//1335 1360//1360
f 1360//1360 1335//1335 1334//1334
f 1360//1360 1334//1334 1333//1333
f 1361//1361 1362//1362 1326//1326
f 1326//1326 1362//1362 1363//1363
f 1326//1326 1363//1363 1324//1324
f 1324//1324 1363//1363 1364//1364
f 1324//1324 1364//1364 1322//1322
f 1322//1322 1364//1364 1365//1365
f 1322//1322 1365//1365 1320//1320
f 1320//1320 1365//1365 1366//1366
f 1320//1320 1366//1366 1318//1318
f 1318//1318 1366//1366 1367//1367
f 1318//1318 1367//1367 1316//1316
f 1316//1316 1367//1367 1368//1368
f 1316//1316 1368//1368 1314//1314
f 1314//1314 1368//1368 1369//1369
f 1314//1314 1369//1369 1312//1312
f 1312//1312 1369//1369 1370//1370
f 1312//1312 1370//1370 1310//1310
f 1310//1310 1370//1370 1371//1371
f 1310//1310 1371//1371 1308//1308
f 1308//1308 1371//1371 1306//1306
f 1362//1362 1361//1361 1191//1191
f 1191//1191 1361//1361 1189//1189
f 1174//1174 1372//1372 1172//1172
f 1172//1172 1372//1372 1373//1373
f 1172//1172 1373//1373 1374//1374
f 1374//1374 1373//1373 1375//1375
f 1374//1374 1375//1375 1376//1376
f 1376//1376 1375//1375 1377//1377
f 1376//1376 1377//1377 1378//1378
f 1376//1376 1378//1378 1379//1379
f 1379//1379 1378//1378 1380//1380
f 1379//1379 1380//1380 1381//1381
f 1381//1381 1380//1380 1382//1382
f 1381//1381 1382//1382 1383//1383
f 1381//1381 1383//1383 1384//1384
f 1384//1384 1383//1383 1385//1385
f 1384//1384 1385//1385 1386//1386
f 1386//1386 1385//1385 1387//1387
f 1386//1386 1387//1387 1388//1388
f 1388//1388 1387//1387 1389//1389
f 1388//1388 1389//1389 1153//1153
f 1153//1153 1389//1389 1154//1154
f 1057//1057 1390//1390 1055//1055
f 1055//1055 1390//1390 1391//1391
f 1055//1055 1391//1391 1392//1392
f 1393//1393 1049//1049 1392//1392
f 1392//1392 1049//1049 1051//1051
f 1392//1392 1051//1051 1053//1053
f 1394//1394 1043//1043 1393//1393
f 1393//1393 1043//1043 1045//1045
f 1393//1393 1045//1045 1047//1047
f 1035//1035 1037//1037 1394//1394
f 1394//1394 1037//1037 1039//1039
f 1394//1394 1039//1039 1041//1041
f 1055//1055 1392//1392 1053//1053
f 1336//1336 1342//1342 1337//1337
f 1337//1337 1342//1342 1344//1344
f 1337//1337 1344//1344 1395//1395
f 1395//1395 1344//1344 1346//1346
f 1395//1395 1346//1346 1330//1330
f 1330//1330 1346//1346 1331//1331
f 1049//1049 1393//1393 1047//1047
f 1043//1043 1394//1394 1041//1041
f 1102//1102 1100//1100 1396//1396
f 1396//1396 1100//1100 1098//1098
f 1396//1396 1098//1098 1397//1397
f 1397//1397 1098//1098 1398//1398
f 1397//1397 1398//1398 1399//1399
f 1399//1399 1398//1398 1400//1400
f 1399//1399 1400//1400 1401//1401
f 1401//1401 1400//1400 1402//1402
f 1401//1401 1402//1402 1403//1403
f 1403//1403 1402//1402 1081//1081
f 1403//1403 1081//1081 1079//1079
f 1103//1103 1105//1105 1138//1138
f 1138//1138 1105//1105 1404//1404
f 1138//1138 1404//1404 1136//1136
f 1136//1136 1404//1404 1405//1405
f 1136//1136 1405//1405 1134//1134
f 1134//1134 1405//1405 1406//1406
f 1134//1134 1406//1406 1132//1132
f 1132//1132 1406//1406 1407//1407
f 1132//1132 1407//1407 1130//1130
f 1130//1130 1407//1407 1408//1408
f 1130//1130 1408//1408 1128//1128
f 1128//1128 1408//1408 1409//1409
f 1128//1128 1409//1409 1126//1126
f 1126//1126 1409//1409 1410//1410
f 1126//1126 1410//1410 1124//1124
f 1124//1124 1410//1410 1411//1411
f 1124//1124 1411//1411 1122//1122
f 1122//1122 1411//1411 1038//1038
f 1122//1122 1038//1038 1036//1036
f 1089//1089 1087//1087 1092//1092
f 1092//1092 1087//1087 1412//1412
f 1092//1092 1412//1412 1094//1094
f 1094//1094 1412//1412 1413//1413
f 1094//1094 1413//1413 1096//1096
f 1096//1096 1413//1413 1398//1398
f 1096//1096 1398//1398 1098//1098
f 1102//1102 1396//1396 1104//1104
f 1104//1104 1396//1396 1414//1414
f 1104//1104 1414//1414 1106//1106
f 1106//1106 1414//1414 1415//1415
f 1106//1106 1415//1415 1108//1108
f 1108//1108 1415//1415 1416//1416
f 1108//1108 1416//1416 1110//1110
f 1110//1110 1416//1416 1417//1417
f 1110//1110 1417//1417 1112//1112
f 1112//1112 1417//1417 1418//1418
f 1112//1112 1418//1418 1114//1114
f 1114//1114 1418//1418 1419//1419
f 1114//1114 1419//1419 1116//1116
f 1116//1116 1419//1419 1420//1420
f 1116//1116 1420//1420 1118//1118
f 1118//1118 1420//1420 1421//1421
f 1118//1118 1421//1421 1120//1120
f 1120//1120 1421//1421 1061//1061
f 1120//1120 1061//1061 1059//1059
f 1414//1414 1396//1396 1397//1397
f 1105//1105 1107//1107 1404//1404
f 1404//1404 1107//1107 1422//1422
f 1404//1404 1422//1422 1405//1405
f 1405//1405 1422//1422 1423//1423
f 1405//1405 1423//1423 1406//1406
f 1406//1406 1423//1423 1424//1424
f 1406//1406 1424//1424 1407//1407
f 1407//1407 1424//1424 1425//1425
f 1407//1407 1425//1425 1408//1408
f 1408//1408 1425//1425 1426//1426
f 1408//1408 1426//1426 1409//1409
f 1409//1409 1426//1426 1427//1427
f 1409//1409 1427//1427 1410//1410
f 1410//1410 1427//1427 1428//1428
f 1410//1410 1428//1428 1411//1411
f 1411//1411 1428//1428 1040//1040
f 1411//1411 1040//1040 1038//1038
f 1371//1371 1429//1429 1430//1430
f 1430//1430 1429//1429 1209//1209
f 1430//1430 1209//1209 1211//1211
f 1209//1209 1429//1429 1207//1207
f 1207//1207 1429//1429 1431//1431
f 1207//1207 1431//1431 1205//1205
f 1205//1205 1431//1431 1432//1432
f 1205//1205 1432//1432 1203//1203
f 1203//1203 1432//1432 1433//1433
f 1203//1203 1433//1433 1201//1201
f 1201//1201 1433//1433 1434//1434
f 1201//1201 1434//1434 1199//1199
f 1199//1199 1434//1434 1435//1435
f 1199//1199 1435//1435 1197//1197
f 1197//1197 1435//1435 1436//1436
f 1197//1197 1436//1436 1195//1195
f 1195//1195 1436//1436 1437//1437
f 1195//1195 1437//1437 1193//1193
f 1193//1193 1437//1437 1362//1362
f 1193//1193 1362//1362 1191//1191
f 1431//1431 1429//1429 1370//1370
f 1370//1370 1429//1429 1371//1371
f 1302//1302 1438//1438 1300//1300
f 1300//1300 1438//1438 1439//1439
f 1300//1300 1439//1439 1298//1298
f 1298//1298 1439//1439 1296//1296
f 1438//1438 1440//1440 1439//1439
f 1439//1439 1440//1440 1441//1441
f 1439//1439 1441//1441 1296//1296
f 1296//1296 1441//1441 1294//1294
f 1438//1438 1302//1302 1442//1442
f 1442//1442 1302//1302 1204//1204
f 1442//1442 1204//1204 1202//1202
f 1440//1440 1443//1443 1441//1441
f 1441//1441 1443//1443 1444//1444
f 1441//1441 1444//1444 1294//1294
f 1294//1294 1444//1444 1292//1292
f 1440//1440 1438//1438 1445//1445
f 1445//1445 1438//1438 1442//1442
f 1445//1445 1442//1442 1446//1446
f 1446//1446 1442//1442 1202//1202
f 1446//1446 1202//1202 1200//1200
f 1443//1443 1287//1287 1444//1444
f 1444//1444 1287//1287 1286//1286
f 1444//1444 1286//1286 1292//1292
f 1292//1292 1286//1286 1285//1285
f 1443//1443 1440//1440 1447//1447
f 1447//1447 1440//1440 1445//1445
f 1447//1447 1445//1445 1448//1448
f 1448//1448 1445//1445 1446//1446
f 1448//1448 1446//1446 1449//1449
f 1449//1449 1446//1446 1200//1200
f 1449//1449 1200//1200 1198//1198
f 1287//1287 1443//1443 1288//1288
f 1288//1288 1443//1443 1447//1447
f 1288//1288 1447//1447 1289//1289
f 1289//1289 1447//1447 1448//1448
f 1289//1289 1448//1448 1290//1290
f 1290//1290 1448//1448 1449//1449
f 1290//1290 1449//1449 1291//1291
f 1291//1291 1449//1449 1198//1198
f 1291//1291 1198//1198 1196//1196
f 1249//1249 1450//1450 1247//1247
f 1247//1247 1450//1450 1451//1451
f 1247//1247 1451//1451 1245//1245
f 1245//1245 1451//1451 1243//1243
f 1450//1450 1452//1452 1451//1451
f 1451//1451 1452//1452 1241//1241
f 1451//1451 1241//1241 1243//1243
f 1243//1243 1241//1241 1240//1240
f 1450//1450 1249//1249 1453//1453
f 1453//1453 1249//1249 1251//1251
f 1453//1453 1251//1251 1454//1454
f 1454//1454 1251//1251 1253//1253
f 1454//1454 1253//1253 1455//1455
f 1455//1455 1253//1253 1255//1255
f 1455//1455 1255//1255 1456//1456
f 1456//1456 1255//1255 1257//1257
f 1456//1456 1257//1257 1457//1457
f 1457//1457 1257//1257 1259//1259
f 1457//1457 1259//1259 1458//1458
f 1458//1458 1259//1259 1261//1261
f 1458//1458 1261//1261 1459//1459
f 1459//1459 1261//1261 1263//1263
f 1459//1459 1263//1263 1186//1186
f 1186//1186 1263//1263 1188//1188
f 1241//1241 1452//1452 1242//1242
f 1242//1242 1452//1452 1460//1460
f 1242//1242 1460//1460 1229//1229
f 1229//1229 1460//1460 1230//1230
f 1452//1452 1450//1450 1461//1461
f 1461//1461 1450//1450 1453//1453
f 1461//1461 1453//1453 1462//1462
f 1462//1462 1453//1453 1454//1454
f 1462//1462 1454//1454 1463//1463
f 1463//1463 1454//1454 1455//1455
f 1463//1463 1455//1455 1464//1464
f 1464//1464 1455//1455 1456//1456
f 1464//1464 1456//1456 1465//1465
f 1465//1465 1456//1456 1457//1457
f 1465//1465 1457//1457 1466//1466
f 1466//1466 1457//1457 1458//1458
f 1466//1466 1458//1458 1467//1467
f 1467//1467 1458//1458 1459//1459
f 1467//1467 1459//1459 1184//1184
f 1184//1184 1459//1459 1186//1186
f 1146//1146 1145//1145 1158//1158
f 1087//1087 1085//1085 1412//1412
f 1412//1412 1085//1085 1468//1468
f 1412//1412 1468//1468 1413//1413
f 1413//1413 1468//1468 1400//1400
f 1413//1413 1400//1400 1398//1398
f 1414//1414 1397//1397 1469//1469
f 1469//1469 1397//1397 1399//1399
f 1469//1469 1399//1399 1470//1470
f 1470//1470 1399//1399 1401//1401
f 1470//1470 1401//1401 1471//1471
f 1471//1471 1401//1401 1403//1403
f 1471//1471 1403//1403 1472//1472
f 1472//1472 1403//1403 1079//1079
f 1472//1472 1079//1079 1077//1077
f 1107//1107 1109//1109 1422//1422
f 1422//1422 1109//1109 1473//1473
f 1422//1422 1473//1473 1423//1423
f 1423//1423 1473//1473 1474//1474
f 1423//1423 1474//1474 1424//1424
f 1424//1424 1474//1474 1475//1475
f 1424//1424 1475//1475 1425//1425
f 1425//1425 1475//1475 1476//1476
f 1425//1425 1476//1476 1426//1426
f 1426//1426 1476//1476 1477//1477
f 1426//1426 1477//1477 1427//1427
f 1427//1427 1477//1477 1478//1478
f 1427//1427 1478//1478 1428//1428
f 1428//1428 1478//1478 1042//1042
f 1428//1428 1042//1042 1040//1040
f 1237//1237 1236//1236 1238//1238
f 1213//1213 1306//1306 1430//1430
f 1430//1430 1306//1306 1371//1371
f 1213//1213 1430//1430 1211//1211
f 1337//1337 1395//1395 1338//1338
f 1338//1338 1395//1395 1329//1329
f 1395//1395 1330//1330 1329//1329
f 1369//1369 1368//1368 1432//1432
f 1432//1432 1368//1368 1433//1433
f 1434//1434 1433//1433 1367//1367
f 1367//1367 1433//1433 1368//1368
f 1463//1463 1479//1479 1462//1462
f 1462//1462 1479//1479 1480//1480
f 1462//1462 1480//1480 1461//1461
f 1461//1461 1480//1480 1460//1460
f 1461//1461 1460//1460 1452//1452
f 1479//1479 1231//1231 1480//1480
f 1480//1480 1231//1231 1230//1230
f 1480//1480 1230//1230 1460//1460
f 1479//1479 1463//1463 1481//1481
f 1481//1481 1463//1463 1464//1464
f 1481//1481 1464//1464 1482//1482
f 1482//1482 1464//1464 1465//1465
f 1482//1482 1465//1465 1483//1483
f 1483//1483 1465//1465 1466//1466
f 1483//1483 1466//1466 1484//1484
f 1484//1484 1466//1466 1467//1467
f 1484//1484 1467//1467 1181//1181
f 1181//1181 1467//1467 1184//1184
f 1231//1231 1479//1479 1232//1232
f 1232//1232 1479//1479 1481//1481
f 1232//1232 1481//1481 1233//1233
f 1233//1233 1481//1481 1482//1482
f 1233//1233 1482//1482 1234//1234
f 1234//1234 1482//1482 1483//1483
f 1234//1234 1483//1483 1235//1235
f 1235//1235 1483//1483 1484//1484
f 1235//1235 1484//1484 1179//1179
f 1179//1179 1484//1484 1181//1181
f 1162//1162 1485//1485 1160//1160
f 1160//1160 1485//1485 1486//1486
f 1160//1160 1486//1486 1158//1158
f 1158//1158 1486//1486 1146//1146
f 1485//1485 1487//1487 1486//1486
f 1486//1486 1487//1487 1147//1147
f 1486//1486 1147//1147 1146//1146
f 1485//1485 1162//1162 1488//1488
f 1488//1488 1162//1162 1164//1164
f 1488//1488 1164//1164 1489//1489
f 1489//1489 1164//1164 1166//1166
f 1489//1489 1166//1166 1490//1490
f 1490//1490 1166//1166 1168//1168
f 1490//1490 1168//1168 1491//1491
f 1491//1491 1168//1168 1170//1170
f 1491//1491 1170//1170 1374//1374
f 1374//1374 1170//1170 1172//1172
f 1147//1147 1487//1487 1148//1148
f 1148//1148 1487//1487 1492//1492
f 1148//1148 1492//1492 1149//1149
f 1149//1149 1492//1492 1493//1493
f 1149//1149 1493//1493 1150//1150
f 1150//1150 1493//1493 1494//1494
f 1150//1150 1494//1494 1151//1151
f 1151//1151 1494//1494 1495//1495
f 1151//1151 1495//1495 1152//1152
f 1152//1152 1495//1495 1388//1388
f 1152//1152 1388//1388 1153//1153
f 1487//1487 1485//1485 1496//1496
f 1496//1496 1485//1485 1488//1488
f 1496//1496 1488//1488 1497//1497
f 1497//1497 1488//1488 1489//1489
f 1497//1497 1489//1489 1498//1498
f 1498//1498 1489//1489 1490//1490
f 1498//1498 1490//1490 1499//1499
f 1499//1499 1490//1490 1491//1491
f 1499//1499 1491//1491 1376//1376
f 1376//1376 1491//1491 1374//1374
f 1083//1083 1081//1081 1402//1402
f 1471//1471 1500//1500 1470//1470
f 1470//1470 1500//1500 1501//1501
f 1470//1470 1501//1501 1469//1469
f 1469//1469 1501//1501 1415//1415
f 1469//1469 1415//1415 1414//1414
f 1500//1500 1502//1502 1501//1501
f 1501//1501 1502//1502 1416//1416
f 1501//1501 1416//1416 1415//1415
f 1500//1500 1471//1471 1503//1503
f 1503//1503 1471//1471 1472//1472
f 1503//1503 1472//1472 1504//1504
f 1504//1504 1472//1472 1077//1077
f 1504//1504 1077//1077 1075//1075
f 1416//1416 1502//1502 1417//1417
f 1417//1417 1502//1502 1505//1505
f 1417//1417 1505//1505 1418//1418
f 1418//1418 1505//1505 1506//1506
f 1418//1418 1506//1506 1419//1419
f 1419//1419 1506//1506 1507//1507
f 1419//1419 1507//1507 1420//1420
f 1420//1420 1507//1507 1508//1508
f 1420//1420 1508//1508 1421//1421
f 1421//1421 1508//1508 1063//1063
f 1421//1421 1063//1063 1061//1061
f 1502//1502 1500//1500 1509//1509
f 1509//1509 1500//1500 1503//1503
f 1509//1509 1503//1503 1510//1510
f 1510//1510 1503//1503 1504//1504
f 1510//1510 1504//1504 1511//1511
f 1511//1511 1504//1504 1075//1075
f 1511//1511 1075//1075 1073//1073
f 1113//1113 1512//1512 1513//1513
f 1513//1513 1512//1512 1514//1514
f 1513//1513 1514//1514 1474//1474
f 1474//1474 1514//1514 1475//1475
f 1512//1512 1515//1515 1514//1514
f 1514//1514 1515//1515 1516//1516
f 1514//1514 1516//1516 1475//1475
f 1475//1475 1516//1516 1476//1476
f 1113//1113 1115//1115 1512//1512
f 1512//1512 1115//1115 1517//1517
f 1512//1512 1517//1517 1515//1515
f 1515//1515 1517//1517 1518//1518
f 1515//1515 1518//1518 1519//1519
f 1519//1519 1518//1518 1520//1520
f 1519//1519 1520//1520 1521//1521
f 1521//1521 1520//1520 1048//1048
f 1521//1521 1048//1048 1046//1046
f 1515//1515 1519//1519 1516//1516
f 1516//1516 1519//1519 1522//1522
f 1516//1516 1522//1522 1476//1476
f 1476//1476 1522//1522 1477//1477
f 1519//1519 1521//1521 1522//1522
f 1522//1522 1521//1521 1523//1523
f 1522//1522 1523//1523 1477//1477
f 1477//1477 1523//1523 1478//1478
f 1521//1521 1046//1046 1523//1523
f 1523//1523 1046//1046 1044//1044
f 1523//1523 1044//1044 1478//1478
f 1478//1478 1044//1044 1042//1042
f 1113//1113 1513//1513 1111//1111
f 1111//1111 1513//1513 1473//1473
f 1111//1111 1473//1473 1109//1109
f 1473//1473 1513//1513 1474//1474
f 1400//1400 1468//1468 1402//1402
f 1402//1402 1468//1468 1083//1083
f 1468//1468 1085//1085 1083//1083
f 1370//1370 1369//1369 1431//1431
f 1431//1431 1369//1369 1432//1432
f 1354//1354 1345//1345 1343//1343
f 1343//1343 1341//1341 1524//1524
f 1524//1524 1341//1341 1340//1340
f 1524//1524 1340//1340 1350//1350
f 1350//1350 1340//1340 1348//1348
f 1366//1366 1365//1365 1435//1435
f 1435//1435 1365//1365 1436//1436
f 1437//1437 1436//1436 1364//1364
f 1364//1364 1436//1436 1365//1365
f 1498//1498 1525//1525 1497//1497
f 1497//1497 1525//1525 1526//1526
f 1497//1497 1526//1526 1496//1496
f 1496//1496 1526//1526 1492//1492
f 1496//1496 1492//1492 1487//1487
f 1525//1525 1527//1527 1526//1526
f 1526//1526 1527//1527 1493//1493
f 1526//1526 1493//1493 1492//1492
f 1525//1525 1498//1498 1528//1528
f 1528//1528 1498//1498 1499//1499
f 1528//1528 1499//1499 1379//1379
f 1379//1379 1499//1499 1376//1376
f 1493//1493 1527//1527 1494//1494
f 1494//1494 1527//1527 1529//1529
f 1494//1494 1529//1529 1495//1495
f 1495//1495 1529//1529 1386//1386
f 1495//1495 1386//1386 1388//1388
f 1527//1527 1525//1525 1530//1530
f 1530//1530 1525//1525 1528//1528
f 1530//1530 1528//1528 1381//1381
f 1381//1381 1528//1528 1379//1379
f 1511//1511 1531//1531 1510//1510
f 1510//1510 1531//1531 1532//1532
f 1510//1510 1532//1532 1509//1509
f 1509//1509 1532//1532 1505//1505
f 1509//1509 1505//1505 1502//1502
f 1531//1531 1533//1533 1532//1532
f 1532//1532 1533//1533 1506//1506
f 1532//1532 1506//1506 1505//1505
f 1531//1531 1511//1511 1534//1534
f 1534//1534 1511//1511 1073//1073
f 1534//1534 1073//1073 1071//1071
f 1506//1506 1533//1533 1507//1507
f 1507//1507 1533//1533 1535//1535
f 1507//1507 1535//1535 1508//1508
f 1508//1508 1535//1535 1065//1065
f 1508//1508 1065//1065 1063//1063
f 1533//1533 1531//1531 1536//1536
f 1536//1536 1531//1531 1534//1534
f 1536//1536 1534//1534 1069//1069
f 1069//1069 1534//1534 1071//1071
f 1119//1119 1537//1537 1538//1538
f 1538//1538 1537//1537 1539//1539
f 1538//1538 1539//1539 1518//1518
f 1518//1518 1539//1539 1520//1520
f 1537//1537 1052//1052 1539//1539
f 1539//1539 1052//1052 1050//1050
f 1539//1539 1050//1050 1520//1520
f 1520//1520 1050//1050 1048//1048
f 1119//1119 1121//1121 1537//1537
f 1537//1537 1121//1121 1054//1054
f 1537//1537 1054//1054 1052//1052
f 1119//1119 1538//1538 1117//1117
f 1117//1117 1538//1538 1517//1517
f 1117//1117 1517//1517 1115//1115
f 1517//1517 1538//1538 1518//1518
f 1367//1367 1366//1366 1434//1434
f 1434//1434 1366//1366 1435//1435
f 1121//1121 1056//1056 1054//1054
f 1536//1536 1069//1069 1067//1067
f 1536//1536 1067//1067 1535//1535
f 1535//1535 1067//1067 1065//1065
f 1530//1530 1381//1381 1384//1384
f 1530//1530 1384//1384 1529//1529
f 1529//1529 1384//1384 1386//1386
f 1364//1364 1363//1363 1437//1437
f 1437//1437 1363//1363 1362//1362
f 1524//1524 1350//1350 1352//1352
f 1524//1524 1352//1352 1354//1354
f 1524//1524 1354//1354 1343//1343
f 1530//1530 1529//1529 1527//1527
f 1536//1536 1535//1535 1533//1533
f 1540//1540 1541//1541 1542//1542
f 1542//1542 1541//1541 1543//1543
f 1544//1544 1545//1545 1546//1546
f 1546//1546 1545//1545 1547//1547
f 1546//1546 1547//1547 1548//1548
f 1548//1548 1547//1547 1549//1549
f 1548//1548 1549//1549 1550//1550
f 1550//1550 1549//1549 1551//1551
f 1550//1550 1551//1551 1552//1552
f 1552//1552 1551//1551 1553//1553
f 1552//1552 1553//1553 1554//1554
f 1554//1554 1553//1553 1555//1555
f 1554//1554 1555//1555 1556//1556
f 1556//1556 1555//1555 1557//1557
f 1556//1556 1557//1557 1558//1558
f 1558//1558 1557//1557 1559//1559
f 1558//1558 1559//1559 1560//1560
f 1560//1560 1559//1559 1561//1561
f 1560//1560 1561//1561 1562//1562
f 1562//1562 1561//1561 1563//1563
f 1562//1562 1563//1563 1564//1564
f 1564//1564 1563//1563 1565//1565
f 1564//1564 1565//1565 1566//1566
f 1566//1566 1565//1565 1567//1567
f 1566//1566 1567//1567 1568//1568
f 1568//1568 1567//1567 1569//1569
f 1568//1568 1569//1569 1570//1570
f 1570//1570 1569//1569 1571//1571
f 1570//1570 1571//1571 1572//1572
f 1572//1572 1571//1571 1573//1573
f 1572//1572 1573//1573 1574//1574
f 1574//1574 1573//1573 1575//1575
f 1574//1574 1575//1575 1576//1576
f 1576//1576 1575//1575 1577//1577
f 1576//1576 1577//1577 1578//1578
f 1578//1578 1577//1577 1579//1579
f 1578//1578 1579//1579 1580//1580
f 1580//1580 1579//1579 1581//1581
f 1580//1580 1581//1581 1582//1582
f 1582//1582 1581//1581 1583//1583
f 1582//1582 1583//1583 1584//1584
f 1584//1584 1583//1583 1585//1585
f 1584//1584 1585//1585 1586//1586
f 1586//1586 1585//1585 1587//1587
f 1586//1586 1587//1587 1588//1588
f 1588//1588 1587//1587 1589//1589
f 1588//1588 1589//1589 1590//1590
f 1590//1590 1589//1589 1591//1591
f 1590//1590 1591//1591 1592//1592
f 1592//1592 1591//1591 1593//1593
f 1592//1592 1593//1593 1594//1594
f 1594//1594 1593//1593 1595//1595
f 1594//1594 1595//1595 1596//1596
f 1596//1596 1595//1595 1597//1597
f 1596//1596 1597//1597 1598//1598
f 1598//1598 1597//1597 1599//1599
f 1598//1598 1599//1599 1600//1600
f 1600//1600 1599//1599 1601//1601
f 1600//1600 1601//1601 1602//1602
f 1602//1602 1601//1601 1603//1603
f 1602//1602 1603//1603 1604//1604
f 1604//1604 1603//1603 1605//1605
f 1604//1604 1605//1605 1606//1606
f 1606//1606 1605//1605 1607//1607
f 1606//1606 1607//1607 1608//1608
f 1608//1608 1607//1607 1609//1609
f 1608//1608 1609//1609 1610//1610
f 1610//1610 1609//1609 1611//1611
f 1610//1610 1611//1611 1612//1612
f 1612//1612 1611//1611 1613//1613
f 1612//1612 1613//1613 1614//1614
f 1614//1614 1613//1613 1615//1615
f 1614//1614 1615//1615 1616//1616
f 1616//1616 1615//1615 1617//1617
f 1616//1616 1617//1617 1618//1618
f 1618//1618 1617//1617 1619//1619
f 1618//1618 1619//1619 1620//1620
f 1620//1620 1619//1619 1621//1621
f 1620//1620 1621//1621 1622//1622
f 1622//1622 1621//1621 1623//1623
f 1622//1622 1623//1623 1624//1624
f 1624//1624 1623//1623 1625//1625
f 1624//1624 1625//1625 1626//1626
f 1626//1626 1625//1625 1627//1627
f 1626//1626 1627//1627 1628//1628
f 1628//1628 1627//1627 1629//1629
f 1628//1628 1629//1629 1630//1630
f 1630//1630 1629//1629 1631//1631
f 1630//1630 1631//1631 1632//1632
f 1632//1632 1631//1631 1633//1633
f 1632//1632 1633//1633 1634//1634
f 1634//1634 1633//1633 1635//1635
f 1634//1634 1635//1635 1636//1636
f 1636//1636 1635//1635 1637//1637
f 1636//1636 1637//1637 1540//1540
f 1540//1540 1637//1637 1541//1541
f 1638//1638 1639//1639 1640//1640
f 1640//1640 1639//1639 1641//1641
f 1640//1640 1641//1641 1642//1642
f 1642//1642 1641//1641 1643//1643
f 1642//1642 1643//1643 1644//1644
f 1644//1644 1643//1643 1645//1645
f 1644//1644 1645//1645 1646//1646
f 1646//1646 1645//1645 1647//1647
f 1646//1646 1647//1647 1648//1648
f 1648//1648 1647//1647 1649//1649
f 1648//1648 1649//1649 1650//1650
f 1650//1650 1649//1649 1651//1651
f 1650//1650 1651//1651 1652//1652
f 1652//1652 1651//1651 1653//1653
f 1652//1652 1653//1653 1654//1654
f 1654//1654 1653//1653 1655//1655
f 1654//1654 1655//1655 1656//1656
f 1656//1656 1655//1655 1657//1657
f 1656//1656 1657//1657 1658//1658
f 1658//1658 1657//1657 1659//1659
f 1658//1658 1659//1659 1660//1660
f 1660//1660 1659//1659 1661//1661
f 1660//1660 1661//1661 1662//1662
f 1662//1662 1661//1661 1663//1663
f 1662//1662 1663//1663 1664//1664
f 1639//1639 1638//1638 1665//1665
f 1665//1665 1638//1638 1666//1666
f 1665//1665 1666//1666 1667//1667
f 1667//1667 1666//1666 1668//1668
f 1667//1667 1668//1668 1669//1669
f 1669//1669 1668//1668 1670//1670
f 1669//1669 1670//1670 1671//1671
f 1671//1671 1670//1670 1672//1672
f 1671//1671 1672//1672 1673//1673
f 1673//1673 1672//1672 1674//1674
f 1673//1673 1674//1674 1675//1675
f 1675//1675 1674//1674 1676//1676
f 1675//1675 1676//1676 1677//1677
f 1677//1677 1676//1676 1678//1678
f 1677//1677 1678//1678 1679//1679
f 1679//1679 1678//1678 1680//1680
f 1679//1679 1680//1680 1681//1681
f 1681//1681 1680//1680 1682//1682
f 1681//1681 1682//1682 1683//1683
f 1683//1683 1682//1682 1684//1684
f 1683//1683 1684//1684 1685//1685
f 1686//1686 1687//1687 1688//1688
f 1688//1688 1687//1687 1689//1689
f 1690//1690 1692//1692 1693//1693
f 1693//1693 1692//1692 1696//1696
f 1693//1693 1695//1695 1697//1697
f 1698//1698 1699//1699 1690//1690
f 1690//1690 1699//1699 1700//1700
f 1690//1690 1700//1700 1701//1701
f 1701//1701 1700//1700 1698//1698
f 1701//1701 1698//1698 1702//1702
f 1702//1702 1698//1698 1703//1703
f 1702//1702 1703//1703 1704//1704
f 1704//1704 1703//1703 1705//1705
f 1704//1704 1705//1705 1690//1690
f 1690//1690 1705//1705 1706//1706
f 1690//1690 1706//1706 1692//1692
f 1692//1692 1706//1706 1707//1707
f 1691//1691 1708//1708 1694//1694
f 1705//1705 1703//1703 1706//1706
f 1706//1706 1703//1703 1707//1707
f 1698//1698 1700//1700 1699//1699
f 1704//1704 1690//1690 1702//1702
f 1702//1702 1690//1690 1701//1701
f 1710//1710 1711//1711 1712//1712
f 1712//1712 1711//1711 1713//1713
f 1712//1712 1713//1713 1714//1714
f 1714//1714 1713//1713 1715//1715
f 1714//1714 1715//1715 1716//1716
f 1716//1716 1715//1715 1717//1717
f 1716//1716 1717//1717 1712//1712
f 1712//1712 1717//1717 1718//1718
f 1712//1712 1718//1718 1719//1719
f 1719//1719 1718//1718 1715//1715
f 1719//1719 1715//1715 1712//1712
f 1720//1720 1721//1721 1709//1709
f 1710//1710 1722//1722 1724//1724
f 1710//1710 1724//1724 1711//1711
f 1711//1711 1724//1724 1725//1725
f 1711//1711 1725//1725 1727//1727
f 1721//1721 1726//1726 1723//1723
f 1711//1711 1727//1727 1713//1713
f 1713//1713 1727//1727 1715//1715
f 1716//1716 1712//1712 1714//1714
f 1715//1715 1718//1718 1717//1717
f 1728//1728 1729//1729 1730//1730
f 1730//1730 1729//1729 1731//1731
f 1730//1730 1731//1731 1732//1732
f 1732//1732 1731//1731 1733//1733
f 1732//1732 1733//1733 1734//1734
f 1734//1734 1733//1733 1735//1735
f 1734//1734 1736//1736 1732//1732
f 1732//1732 1736//1736 1737//1737
f 1732//1732 1737//1737 1738//1738
f 1738//1738 1737//1737 1739//1739
f 1738//1738 1739//1739 1740//1740
f 1740//1740 1739//1739 1741//1741
f 1740//1740 1741//1741 1742//1742
f 1742//1742 1741//1741 1743//1743
f 1743//1743 1741//1741 1744//1744
f 1744//1744 1741//1741 1745//1745
f 1745//1745 1741//1741 1746//1746
f 1745//1745 1746//1746 1747//1747
f 1747//1747 1746//1746 1748//1748
f 1748//1748 1746//1746 1749//1749
f 1749//1749 1746//1746 1750//1750
f 1749//1749 1750//1750 1751//1751
f 1751//1751 1750//1750 1752//1752
f 1751//1751 1752//1752 1753//1753
f 1753//1753 1752//1752 1754//1754
f 1753//1753 1754//1754 1755//1755
f 1755//1755 1754//1754 1756//1756
f 1755//1755 1756//1756 1757//1757
f 1757//1757 1756//1756 1758//1758
f 1757//1757 1758//1758 1759//1759
f 1759//1759 1758//1758 1760//1760
f 1759//1759 1760//1760 1761//1761
f 1736//1736 1762//1762 1737//1737
f 1737//1737 1762//1762 1763//1763
f 1737//1737 1763//1763 1739//1739
f 1739//1739 1763//1763 1764//1764
f 1739//1739 1764//1764 1741//1741
f 1741//1741 1764//1764 1746//1746
f 1762//1762 1765//1765 1763//1763
f 1763//1763 1765//1765 1766//1766
f 1763//1763 1766//1766 1764//1764
f 1764//1764 1766//1766 1767//1767
f 1764//1764 1767//1767 1746//1746
f 1746//1746 1767//1767 1750//1750
f 1765//1765 1768//1768 1766//1766
f 1766//1766 1768//1768 1769//1769
f 1766//1766 1769//1769 1767//1767
f 1767//1767 1769//1769 1770//1770
f 1767//1767 1770//1770 1750//1750
f 1750//1750 1770//1770 1752//1752
f 1768//1768 1771//1771 1769//1769
f 1769//1769 1771//1771 1772//1772
f 1769//1769 1772//1772 1770//1770
f 1770//1770 1772//1772 1773//1773
f 1770//1770 1773//1773 1752//1752
f 1752//1752 1773//1773 1754//1754
f 1771//1771 1774//1774 1772//1772
f 1772//1772 1774//1774 1775//1775
f 1772//1772 1775//1775 1773//1773
f 1773//1773 1775//1775 1756//1756
f 1773//1773 1756//1756 1754//1754
f 1774//1774 1776//1776 1775//1775
f 1775//1775 1776//1776 1758//1758
f 1775//1775 1758//1758 1756//1756
f 1776//1776 1777//1777 1758//1758
f 1758//1758 1777//1777 1760//1760
f 1778//1778 1779//1779 1761//1761
f 1761//1761 1779//1779 1780//1780
f 1761//1761 1780//1780 1759//1759
f 1759//1759 1780//1780 1781//1781
f 1759//1759 1781//1781 1757//1757
f 1757//1757 1781//1781 1782//1782
f 1757//1757 1782//1782 1755//1755
f 1755//1755 1782//1782 1783//1783
f 1755//1755 1783//1783 1753//1753
f 1779//1779 1778//1778 1784//1784
f 1784//1784 1778//1778 1785//1785
f 1784//1784 1785//1785 1786//1786
f 1786//1786 1785//1785 1787//1787
f 1786//1786 1787//1787 1788//1788
f 1788//1788 1787//1787 1789//1789
f 1788//1788 1789//1789 1790//1790
f 1790//1790 1789//1789 1791//1791
f 1790//1790 1791//1791 1792//1792
f 1792//1792 1791//1791 1793//1793
f 1792//1792 1793//1793 1794//1794
f 1794//1794 1793//1793 1795//1795
f 1794//1794 1795//1795 1796//1796
f 1796//1796 1795//1795 1797//1797
f 1796//1796 1797//1797 1798//1798
f 1798//1798 1797//1797 1799//1799
f 1798//1798 1799//1799 1800//1800
f 1785//1785 1801//1801 1787//1787
f 1787//1787 1801//1801 1802//1802
f 1787//1787 1802//1802 1789//1789
f 1789//1789 1802//1802 1803//1803
f 1789//1789 1803//1803 1791//1791
f 1791//1791 1803//1803 1793//1793
f 1801//1801 1804//1804 1802//1802
f 1802//1802 1804//1804 1805//1805
f 1802//1802 1805//1805 1803//1803
f 1803//1803 1805//1805 1795//1795
f 1803//1803 1795//1795 1793//1793
f 1805//1805 1804//1804 1797//1797
f 1797//1797 1804//1804 1799//1799
f 1800//1800 1806//1806 1798//1798
f 1798//1798 1806//1806 1807//1807
f 1798//1798 1807//1807 1808//1808
f 1808//1808 1807//1807 1809//1809
f 1808//1808 1809//1809 1810//1810
f 1810//1810 1809//1809 1811//1811
f 1810//1810 1811//1811 1812//1812
f 1812//1812 1811//1811 1813//1813
f 1813//1813 1811//1811 1814//1814
f 1806//1806 1815//1815 1807//1807
f 1807//1807 1815//1815 1816//1816
f 1807//1807 1816//1816 1817//1817
f 1817//1817 1816//1816 1818//1818
f 1817//1817 1818//1818 1819//1819
f 1819//1819 1818//1818 1820//1820
f 1819//1819 1820//1820 1821//1821
f 1812//1812 1822//1822 1810//1810
f 1810//1810 1822//1822 1823//1823
f 1810//1810 1823//1823 1824//1824
f 1810//1810 1824//1824 1825//1825
f 1825//1825 1824//1824 1826//1826
f 1825//1825 1826//1826 1794//1794
f 1794//1794 1826//1826 1792//1792
f 1792//1792 1827//1827 1790//1790
f 1790//1790 1827//1827 1828//1828
f 1790//1790 1828//1828 1788//1788
f 1788//1788 1828//1828 1829//1829
f 1788//1788 1829//1829 1786//1786
f 1786//1786 1829//1829 1784//1784
f 1827//1827 1830//1830 1828//1828
f 1828//1828 1830//1830 1831//1831
f 1828//1828 1831//1831 1829//1829
f 1829//1829 1831//1831 1832//1832
f 1829//1829 1832//1832 1784//1784
f 1784//1784 1832//1832 1779//1779
f 1831//1831 1830//1830 1833//1833
f 1833//1833 1830//1830 1834//1834
f 1833//1833 1834//1834 1835//1835
f 1835//1835 1834//1834 1836//1836
f 1835//1835 1836//1836 1782//1782
f 1782//1782 1836//1836 1783//1783
f 1742//1742 1837//1837 1740//1740
f 1740//1740 1837//1837 1838//1838
f 1740//1740 1838//1838 1839//1839
f 1839//1839 1838//1838 1840//1840
f 1839//1839 1840//1840 1841//1841
f 1841//1841 1840//1840 1842//1842
f 1841//1841 1842//1842 1843//1843
f 1843//1843 1842//1842 1844//1844
f 1843//1843 1845//1845 1841//1841
f 1841//1841 1845//1845 1730//1730
f 1841//1841 1730//1730 1839//1839
f 1839//1839 1730//1730 1738//1738
f 1839//1839 1738//1738 1740//1740
f 1845//1845 1846//1846 1730//1730
f 1730//1730 1846//1846 1847//1847
f 1730//1730 1847//1847 1728//1728
f 1819//1819 1848//1848 1849//1849
f 1849//1849 1850//1850 1811//1811
f 1738//1738 1730//1730 1732//1732
f 1781//1781 1780//1780 1851//1851
f 1851//1851 1780//1780 1779//1779
f 1851//1851 1779//1779 1832//1832
f 1782//1782 1781//1781 1835//1835
f 1835//1835 1781//1781 1851//1851
f 1835//1835 1851//1851 1833//1833
f 1833//1833 1851//1851 1832//1832
f 1833//1833 1832//1832 1831//1831
f 1797//1797 1795//1795 1805//1805
f 1825//1825 1794//1794 1796//1796
f 1825//1825 1796//1796 1808//1808
f 1808//1808 1796//1796 1798//1798
f 1810//1810 1825//1825 1808//1808
f 1807//1807 1817//1817 1809//1809
f 1809//1809 1817//1817 1849//1849
f 1809//1809 1849//1849 1811//1811
f 1819//1819 1849//1849 1817//1817
f 1852//1852 1853//1853 1854//1854
f 1854//1854 1853//1853 1855//1855
f 1854//1854 1855//1855 1856//1856
f 1856//1856 1855//1855 1857//1857
f 1856//1856 1857//1857 1858//1858
f 1858//1858 1857//1857 1859//1859
f 1858//1858 1859//1859 1860//1860
f 1860//1860 1859//1859 1861//1861
f 1860//1860 1861//1861 1862//1862
f 1855//1855 1853//1853 1863//1863
f 1863//1863 1853//1853 1864//1864
f 1863//1863 1864//1864 1865//1865
f 1863//1863 1865//1865 1866//1866
f 1866//1866 1865//1865 1867//1867
f 1866//1866 1867//1867 1868//1868
f 1868//1868 1869//1869 1866//1866
f 1863//1863 1866//1866 1870//1870
f 1870//1870 1866//1866 1871//1871
f 1870//1870 1871//1871 1872//1872
f 1872//1872 1871//1871 1873//1873
f 1872//1872 1873//1873 1874//1874
f 1872//1872 1874//1874 1859//1859
f 1859//1859 1874//1874 1861//1861
f 1860//1860 1862//1862 1875//1875
f 1875//1875 1862//1862 1876//1876
f 1875//1875 1876//1876 1877//1877
f 1877//1877 1876//1876 1878//1878
f 1877//1877 1878//1878 1879//1879
f 1879//1879 1878//1878 1880//1880
f 1879//1879 1880//1880 1881//1881
f 1881//1881 1880//1880 1882//1882
f 1881//1881 1882//1882 1883//1883
f 1883//1883 1884//1884 1881//1881
f 1881//1881 1884//1884 1885//1885
f 1881//1881 1885//1885 1886//1886
f 1886//1886 1885//1885 1887//1887
f 1886//1886 1887//1887 1888//1888
f 1888//1888 1887//1887 1889//1889
f 1888//1888 1889//1889 1890//1890
f 1888//1888 1890//1890 1891//1891
f 1891//1891 1890//1890 1892//1892
f 1891//1891 1892//1892 1893//1893
f 1893//1893 1892//1892 1894//1894
f 1893//1893 1894//1894 1895//1895
f 1895//1895 1894//1894 1896//1896
f 1895//1895 1896//1896 1897//1897
f 1897//1897 1896//1896 1898//1898
f 1897//1897 1898//1898 1899//1899
f 1899//1899 1898//1898 1900//1900
f 1899//1899 1900//1900 1901//1901
f 1901//1901 1900//1900 1902//1902
f 1901//1901 1902//1902 1903//1903
f 1903//1903 1902//1902 1904//1904
f 1903//1903 1904//1904 1905//1905
f 1905//1905 1904//1904 1906//1906
f 1905//1905 1906//1906 1907//1907
f 1907//1907 1906//1906 1908//1908
f 1907//1907 1908//1908 1909//1909
f 1909//1909 1908//1908 1910//1910
f 1909//1909 1910//1910 1911//1911
f 1911//1911 1910//1910 1912//1912
f 1911//1911 1912//1912 1913//1913
f 1913//1913 1912//1912 1914//1914
f 1914//1914 1912//1912 1915//1915
f 1915//1915 1912//1912 1916//1916
f 1915//1915 1916//1916 1917//1917
f 1917//1917 1916//1916 1918//1918
f 1918//1918 1916//1916 1919//1919
f 1918//1918 1919//1919 1920//1920
f 1920//1920 1919//1919 1921//1921
f 1906//1906 1922//1922 1908//1908
f 1908//1908 1922//1922 1923//1923
f 1908//1908 1923//1923 1910//1910
f 1910//1910 1923//1923 1924//1924
f 1910//1910 1924//1924 1912//1912
f 1912//1912 1924//1924 1916//1916
f 1922//1922 1925//1925 1923//1923
f 1923//1923 1925//1925 1926//1926
f 1923//1923 1926//1926 1924//1924
f 1924//1924 1926//1926 1927//1927
f 1924//1924 1927//1927 1916//1916
f 1916//1916 1927//1927 1928//1928
f 1916//1916 1928//1928 1919//1919
f 1919//1919 1928//1928 1929//1929
f 1925//1925 1930//1930 1926//1926
f 1926//1926 1930//1930 1931//1931
f 1926//1926 1931//1931 1932//1932
f 1932//1932 1931//1931 1933//1933
f 1932//1932 1933//1933 1934//1934
f 1932//1932 1934//1934 1935//1935
f 1935//1935 1934//1934 1936//1936
f 1935//1935 1936//1936 1937//1937
f 1913//1913 1938//1938 1911//1911
f 1911//1911 1938//1938 1939//1939
f 1911//1911 1939//1939 1909//1909
f 1909//1909 1939//1939 1940//1940
f 1909//1909 1940//1940 1907//1907
f 1907//1907 1940//1940 1905//1905
f 1938//1938 1941//1941 1939//1939
f 1939//1939 1941//1941 1942//1942
f 1939//1939 1942//1942 1940//1940
f 1940//1940 1942//1942 1943//1943
f 1940//1940 1943//1943 1905//1905
f 1905//1905 1943//1943 1903//1903
f 1941//1941 1944//1944 1942//1942
f 1942//1942 1944//1944 1945//1945
f 1942//1942 1945//1945 1943//1943
f 1943//1943 1945//1945 1946//1946
f 1943//1943 1946//1946 1903//1903
f 1903//1903 1946//1946 1901//1901
f 1944//1944 1947//1947 1945//1945
f 1945//1945 1947//1947 1948//1948
f 1945//1945 1948//1948 1946//1946
f 1946//1946 1948//1948 1949//1949
f 1946//1946 1949//1949 1901//1901
f 1901//1901 1949//1949 1899//1899
f 1947//1947 1950//1950 1948//1948
f 1948//1948 1950//1950 1951//1951
f 1948//1948 1951//1951 1949//1949
f 1949//1949 1951//1951 1952//1952
f 1949//1949 1952//1952 1899//1899
f 1899//1899 1952//1952 1897//1897
f 1950//1950 1953//1953 1951//1951
f 1951//1951 1953//1953 1954//1954
f 1951//1951 1954//1954 1952//1952
f 1952//1952 1954//1954 1955//1955
f 1952//1952 1955//1955 1897//1897
f 1897//1897 1955//1955 1895//1895
f 1953//1953 1956//1956 1954//1954
f 1954//1954 1956//1956 1957//1957
f 1954//1954 1957//1957 1955//1955
f 1955//1955 1957//1957 1958//1958
f 1955//1955 1958//1958 1895//1895
f 1895//1895 1958//1958 1893//1893
f 1956//1956 1959//1959 1957//1957
f 1957//1957 1959//1959 1960//1960
f 1957//1957 1960//1960 1958//1958
f 1958//1958 1960//1960 1961//1961
f 1958//1958 1961//1961 1893//1893
f 1893//1893 1961//1961 1891//1891
f 1959//1959 1962//1962 1960//1960
f 1960//1960 1962//1962 1963//1963
f 1960//1960 1963//1963 1961//1961
f 1961//1961 1963//1963 1964//1964
f 1961//1961 1964//1964 1891//1891
f 1891//1891 1964//1964 1888//1888
f 1962//1962 1965//1965 1963//1963
f 1963//1963 1965//1965 1966//1966
f 1963//1963 1966//1966 1964//1964
f 1964//1964 1966//1966 1967//1967
f 1964//1964 1967//1967 1888//1888
f 1888//1888 1967//1967 1886//1886
f 1966//1966 1965//1965 1968//1968
f 1968//1968 1965//1965 1969//1969
f 1968//1968 1969//1969 1970//1970
f 1968//1968 1970//1970 1971//1971
f 1971//1971 1970//1970 1972//1972
f 1971//1971 1972//1972 1973//1973
f 1973//1973 1972//1972 1974//1974
f 1973//1973 1974//1974 1975//1975
f 1975//1975 1974//1974 1976//1976
f 1975//1975 1976//1976 1977//1977
f 1977//1977 1976//1976 1978//1978
f 1977//1977 1978//1978 1979//1979
f 1979//1979 1978//1978 1856//1856
f 1979//1979 1856//1856 1858//1858
f 1978//1978 1854//1854 1856//1856
f 1935//1935 1980//1980 1928//1928
f 1855//1855 1863//1863 1870//1870
f 1859//1859 1857//1857 1872//1872
f 1872//1872 1857//1857 1870//1870
f 1857//1857 1855//1855 1870//1870
f 1858//1858 1860//1860 1981//1981
f 1981//1981 1860//1860 1875//1875
f 1981//1981 1875//1875 1982//1982
f 1982//1982 1875//1875 1877//1877
f 1982//1982 1877//1877 1983//1983
f 1983//1983 1877//1877 1879//1879
f 1983//1983 1879//1879 1984//1984
f 1984//1984 1879//1879 1881//1881
f 1984//1984 1881//1881 1985//1985
f 1985//1985 1881//1881 1886//1886
f 1985//1985 1886//1886 1967//1967
f 1982//1982 1977//1977 1981//1981
f 1981//1981 1977//1977 1979//1979
f 1981//1981 1979//1979 1858//1858
f 1977//1977 1982//1982 1975//1975
f 1975//1975 1982//1982 1983//1983
f 1975//1975 1983//1983 1973//1973
f 1973//1973 1983//1983 1984//1984
f 1973//1973 1984//1984 1971//1971
f 1971//1971 1984//1984 1985//1985
f 1971//1971 1985//1985 1968//1968
f 1968//1968 1985//1985 1967//1967
f 1968//1968 1967//1967 1966//1966
f 1926//1926 1932//1932 1927//1927
f 1927//1927 1932//1932 1935//1935
f 1927//1927 1935//1935 1928//1928
f 1986//1986 1987//1987 1988//1988
f 1988//1988 1987//1987 1989//1989
f 1990//1990 1991//1991 1992//1992
f 1992//1992 1991//1991 1993//1993
f 1994//1994 1995//1995 1996//1996
f 1996//1996 1995//1995 1997//1997
f 1996//1996 1997//1997 1998//1998
f 1998//1998 1997//1997 1999//1999
f 2000//2000 2001//2001 2002//2002
f 2002//2002 2001//2001 2003//2003
f 2003//2003 2001//2001 2004//2004
f 2003//2003 2004//2004 2005//2005
f 2005//2005 2004//2004 2006//2006
f 2005//2005 2006//2006 2007//2007
f 2007//2007 2006//2006 2008//2008
f 2007//2007 2008//2008 2009//2009
f 2009//2009 2008//2008 2010//2010
f 2011//2011 2012//2012 2004//2004
f 2004//2004 2012//2012 2006//2006
f 2013//2013 2014//2014 2015//2015
f 2015//2015 2014//2014 2016//2016
f 2016//2016 2014//2014 2017//2017
f 2016//2016 2017//2017 2018//2018
f 2018//2018 2017//2017 2019//2019
f 2018//2018 2020//2020 2016//2016
f 2016//2016 2020//2020 2021//2021
f 2022//2022 2023//2023 2024//2024
f 2024//2024 2023//2023 2025//2025
f 2024//2024 2025//2025 2026//2026
f 2023//2023 2027//2027 2025//2025
f 2028//2028 2029//2029 2026//2026
f 2026//2026 2029//2029 2030//2030
f 2026//2026 2030//2030 2024//2024
f 2029//2029 2031//2031 2030//2030
f 2032//2032 2033//2033 2034//2034
f 2034//2034 2033//2033 2035//2035
f 2034//2034 2035//2035 2036//2036
f 2036//2036 2035//2035 2037//2037
f 2036//2036 2037//2037 2038//2038
f 2038//2038 2037//2037 2039//2039
f 2038//2038 2039//2039 2040//2040
f 2040//2040 2039//2039 2041//2041
f 2040//2040 2041//2041 2042//2042
f 2042//2042 2041//2041 2043//2043
f 2044//2044 2045//2045 2046//2046
f 2046//2046 2045//2045 2047//2047
f 2046//2046 2047//2047 2048//2048
f 2048//2048 2047//2047 2049//2049
f 2048//2048 2049//2049 2050//2050
f 2051//2051 2052//2052 2050//2050
f 2050//2050 2052//2052 2048//2048
f 2053//2053 2054//2054 2055//2055
f 2055//2055 2054//2054 2056//2056
f 2055//2055 2056//2056 2057//2057
f 2057//2057 2056//2056 2058//2058
f 2058//2058 2056//2056 2059//2059
f 2058//2058 2059//2059 2060//2060
f 2053//2053 2061//2061 2054//2054