mtllib material.mtl
usemtl material_0
v -0.00087700 0.03360900 0.07369500
v -0.00041400 0.03370100 0.07394400
v 0.00002700 0.03362700 0.07370200
v -0.00019500 0.03370900 0.07396100
v 0.00002500 0.03371100 0.07396700
v -0.00025600 0.03378700 0.07422600
v 0.00002300 0.03379000 0.07423500
v -0.00031700 0.03386000 0.07449400
v 0.00002100 0.03386400 0.07450400
v -0.00037800 0.03392700 0.07476300
v 0.00001900 0.03393300 0.07477500
v -0.00047800 0.03402700 0.07521400
v 0.00001700 0.03403400 0.07522900
v -0.00052800 0.03407100 0.07544100
v 0.00001500 0.03407900 0.07545700
v -0.00057700 0.03411100 0.07566900
v 0.00001400 0.03412000 0.07568600
v -0.00062300 0.03414800 0.07589800
v 0.00001200 0.03415700 0.07591600
v -0.00066800 0.03418000 0.07612900
v 0.00001100 0.03419100 0.07614600
v -0.00069900 0.03420200 0.07630200
v 0.00001000 0.03421300 0.07631900
v -0.00072800 0.03422200 0.07647600
v 0.00000800 0.03423300 0.07649300
v -0.00075500 0.03423900 0.07665000
v 0.00000700 0.03425100 0.07666600
v -0.00077900 0.03425400 0.07682400
v 0.00000600 0.03426700 0.07684000
v -0.00080100 0.03426800 0.07699900
v 0.00000500 0.03428100 0.07701300
v -0.00081900 0.03427900 0.07717500
v 0.00000400 0.03429200 0.07718700
v -0.00083500 0.03428800 0.07735000
v 0.00000300 0.03430200 0.07736100
v -0.00084700 0.03429400 0.07752600
v 0.00000200 0.03430800 0.07753600
v -0.00085600 0.03429900 0.07770200
v 0.00000100 0.03431300 0.07771000
v -0.00086100 0.03430100 0.07787900
v -0.00000000 0.03431600 0.07788500
v -0.00086300 0.03430200 0.07805500
v -0.00000100 0.03431600 0.07806000
v -0.00086100 0.03430000 0.07823100
v -0.00000200 0.03431400 0.07823400
v -0.00085500 0.03429600 0.07840700
v -0.00000300 0.03431000 0.07840900
v -0.00084700 0.03429000 0.07858300
v -0.00000400 0.03430400 0.07858300
v -0.00083400 0.03428200 0.07875900
v -0.00000600 0.03429600 0.07875700
v -0.00081900 0.03427200 0.07893500
v -0.00000700 0.03428500 0.07893200
v -0.00080100 0.03425900 0.07911000
v -0.00000800 0.03427200 0.07910600
v -0.00078000 0.03424400 0.07928500
v -0.00000900 0.03425700 0.07927900
v -0.00075600 0.03422800 0.07946000
v -0.00001000 0.03424000 0.07945300
v -0.00073000 0.03420900 0.07963400
v -0.00001100 0.03422000 0.07962600
v -0.00070100 0.03418800 0.07980800
v -0.00001200 0.03419800 0.07979900
v -0.00067100 0.03416400 0.07998100
v -0.00001300 0.03417400 0.07997200
v -0.00063900 0.03413900 0.08015400
v -0.00001400 0.03414800 0.08014400
v -0.00060600 0.03411100 0.08032600
v -0.00001500 0.03412000 0.08031600
v -0.00056000 0.03407100 0.08055500
v -0.00001600 0.03407900 0.08054500
v -0.00051300 0.03402700 0.08078200
v -0.00001800 0.03403400 0.08077300
v -0.00041800 0.03392700 0.08123500
v -0.00002100 0.03393300 0.08122800
v -0.00030300 0.03378700 0.08177200
v -0.00002400 0.03379100 0.08176700
v -0.00002700 0.03362700 0.08230100
v 0.00020500 0.03378800 0.08177300
v 0.00043400 0.03378100 0.08178800
v 0.00063100 0.03391800 0.08125800
v 0.00128000 0.03387600 0.08133900
v 0.00160300 0.03396000 0.08091400
v 0.00217900 0.03389900 0.08102700
v 0.00239500 0.03392700 0.08081800
v 0.00302400 0.03383800 0.08097600
v 0.00329000 0.03385200 0.08076500
v 0.00396800 0.03373100 0.08096700
v 0.00420000 0.03372900 0.08080100
v 0.00491100 0.03357600 0.08104200
v 0.00517300 0.03356200 0.08086200
v 0.00591300 0.03337400 0.08113800
v 0.00619900 0.03334600 0.08093600
v 0.00696600 0.03312300 0.08124100
v 0.00726800 0.03308100 0.08100900
v 0.00805900 0.03282100 0.08133500
v 0.00837100 0.03276500 0.08106200
v 0.00881600 0.03256400 0.08156200
v 0.00913800 0.03249300 0.08131400
v -0.00189100 0.03356100 0.07368800
v -0.00128300 0.03361800 0.07377000
v -0.00106800 0.03364600 0.07382900
v -0.00085100 0.03366900 0.07387800
v -0.00136500 0.03370500 0.07405800
v -0.00109000 0.03373500 0.07412100
v -0.00166200 0.03375700 0.07429000
v -0.00132800 0.03379500 0.07436500
v -0.00195800 0.03380200 0.07452200
v -0.00156500 0.03384900 0.07461100
v -0.00244700 0.03386400 0.07491100
v -0.00195800 0.03392400 0.07502300
v -0.00268900 0.03388800 0.07511500
v -0.00215200 0.03395600 0.07523600
v -0.00292500 0.03390700 0.07533000
v -0.00234200 0.03398300 0.07545500
v -0.00315300 0.03392300 0.07555600
v -0.00252400 0.03400600 0.07568200
v -0.00336800 0.03393500 0.07579400
v -0.00269700 0.03402600 0.07591700
v -0.00351900 0.03394200 0.07597800
v -0.00281800 0.03403900 0.07609700
v -0.00366000 0.03394800 0.07616800
v -0.00293100 0.03405000 0.07628100
v -0.00379000 0.03395200 0.07636300
v -0.00303500 0.03405900 0.07646800
v -0.00390700 0.03395500 0.07656300
v -0.00312900 0.03406600 0.07665800
v -0.00401000 0.03395700 0.07676600
v -0.00321200 0.03407300 0.07685100
v -0.00409800 0.03395900 0.07697400
v -0.00328300 0.03407800 0.07704700
v -0.00417100 0.03395900 0.07718400
v -0.00334200 0.03408200 0.07724400
v -0.00422800 0.03396000 0.07739800
v -0.00338700 0.03408400 0.07744300
v -0.00426800 0.03396000 0.07761300
v -0.00341900 0.03408600 0.07764400
v -0.00429000 0.03396000 0.07783000
v -0.00343700 0.03408700 0.07784500
v -0.00429400 0.03396000 0.07804700
v -0.00344100 0.03408700 0.07804700
v -0.00428100 0.03396000 0.07826400
v -0.00343000 0.03408700 0.07824900
v -0.00425000 0.03396000 0.07848000
v -0.00340500 0.03408500 0.07845000
v -0.00420100 0.03396000 0.07869400
v -0.00336700 0.03408300 0.07865000
v -0.00413600 0.03395900 0.07890700
v -0.00331500 0.03407900 0.07884900
v -0.00405600 0.03395800 0.07911700
v -0.00325100 0.03407400 0.07904600
v -0.00396000 0.03395600 0.07932300
v -0.00317400 0.03406900 0.07924100
v -0.00385000 0.03395300 0.07952500
v -0.00308600 0.03406100 0.07943300
v -0.00372700 0.03394900 0.07972300
v -0.00298800 0.03405300 0.07962200
v -0.00359200 0.03394400 0.07991700
v -0.00288000 0.03404300 0.07980800
v -0.00344600 0.03393800 0.08010500
v -0.00276400 0.03403100 0.07999100
v -0.00329100 0.03392900 0.08028800
v -0.00264000 0.03401700 0.08017100
v -0.00312800 0.03391900 0.08046500
v -0.00250900 0.03400100 0.08034600
v -0.00295900 0.03390700 0.08063600
v -0.00237400 0.03398300 0.08051800
v -0.00272500 0.03388800 0.08085300
v -0.00218700 0.03395600 0.08074000
v -0.00248600 0.03386400 0.08106100
v -0.00199600 0.03392400 0.08095500
v -0.00200100 0.03380300 0.08145600
v -0.00160800 0.03384900 0.08137200
v -0.00141500 0.03370500 0.08192700
v -0.00113900 0.03373500 0.08186800
v -0.00141900 0.03358900 0.08229200
v -0.00284700 0.03349500 0.07368200
v -0.00217600 0.03357700 0.07379200
v -0.00190900 0.03362500 0.07389400
v -0.00163900 0.03366800 0.07398300
v -0.00381300 0.03340800 0.07367600
v -0.00302400 0.03351600 0.07379900
v -0.00264500 0.03359700 0.07396600
v -0.00232200 0.03365700 0.07409000
v -0.00469200 0.03331200 0.07367100
v -0.00399500 0.03340200 0.07371900
v -0.00355800 0.03351000 0.07394200
v -0.00311300 0.03360800 0.07413900
v -0.00273300 0.03368200 0.07428500
v -0.00199300 0.03371100 0.07419800
v -0.00574800 0.03316400 0.07366300
v -0.00499000 0.03333700 0.07390300
v -0.00654500 0.03302200 0.07367000
v -0.00607400 0.03311700 0.07369600
v -0.00548200 0.03329300 0.07403200
v -0.00444400 0.03348000 0.07418300
v -0.00388900 0.03360800 0.07443100
v -0.00341400 0.03370500 0.07461500
v -0.00234700 0.03374700 0.07441300
v -0.00660900 0.03304700 0.07385300
v -0.00697100 0.03294000 0.07370600
v -0.00712400 0.03297200 0.07406900
v -0.00738400 0.03286000 0.07378600
v -0.00777100 0.03278300 0.07390200
v -0.00761100 0.03289600 0.07434200
v -0.00814700 0.03270600 0.07405400
v -0.00850200 0.03263100 0.07423800
v -0.00795400 0.03283800 0.07458000
v -0.00883800 0.03255800 0.07445300
v -0.00827400 0.03278200 0.07484500
v -0.00915100 0.03248900 0.07469600
v -0.00856800 0.03272800 0.07513400
v -0.00943900 0.03242300 0.07496500
v -0.00883300 0.03267700 0.07544700
v -0.00985500 0.03232500 0.07546600
v -0.00906700 0.03263100 0.07578200
v -0.01006000 0.03227500 0.07578600
v -0.00926800 0.03259000 0.07613400
v -0.01023600 0.03223300 0.07611900
v -0.00943400 0.03255600 0.07650300
v -0.01047700 0.03217200 0.07675400
v -0.00956200 0.03252900 0.07688500
v -0.00965200 0.03250900 0.07727600
v -0.00862500 0.03286100 0.07700500
v -0.00870500 0.03284600 0.07735400
v -0.00767800 0.03316100 0.07711200
v -0.00775000 0.03315000 0.07742500
v -0.00678100 0.03342300 0.07748700
v -0.00681600 0.03341900 0.07777000
v -0.00598100 0.03362500 0.07779200
v -0.00598700 0.03362500 0.07805000
v -0.00513800 0.03380600 0.07781200
v -0.00514300 0.03380600 0.07804800
v -0.01058000 0.03214600 0.07718500
v -0.01063200 0.03213200 0.07755000
v -0.00970100 0.03249900 0.07767400
v -0.01065200 0.03212800 0.07797200
v -0.00971100 0.03249700 0.07807400
v -0.01063800 0.03213200 0.07830400
v -0.00967900 0.03250500 0.07847300
v -0.01059600 0.03214400 0.07863900
v -0.01049800 0.03217100 0.07909200
v -0.00960800 0.03252100 0.07886700
v -0.01034000 0.03221200 0.07956000
v -0.00949800 0.03254600 0.07925400
v -0.01023700 0.03223800 0.07979700
v -0.00934900 0.03257800 0.07962900
v -0.01001300 0.03229400 0.08021300
v -0.00916400 0.03261700 0.07999000
v -0.00966100 0.03237900 0.08070600
v -0.00894500 0.03266100 0.08033300
v -0.00919800 0.03248800 0.08118200
v -0.00869400 0.03271100 0.08065700
v -0.00895100 0.03254300 0.08138400
v -0.00841300 0.03276400 0.08095800
v -0.00844600 0.03265400 0.08171400
v -0.00810500 0.03281900 0.08123600
v -0.00812300 0.03272200 0.08187800
v -0.00777300 0.03287700 0.08148700
v -0.00780100 0.03278700 0.08200800
v -0.00741900 0.03293400 0.08171100
v -0.00746900 0.03285400 0.08211200
v -0.00704700 0.03299100 0.08190500
v -0.00688900 0.03296700 0.08222500
v -0.00666100 0.03304600 0.08206600
v -0.00644000 0.03305200 0.08226000
v -0.00612800 0.03311700 0.08223000
v -0.00595500 0.03313900 0.08226500
v -0.00553100 0.03329400 0.08190000
v -0.00504000 0.03333700 0.08203600
v -0.00492900 0.03345400 0.08160800
v -0.00449300 0.03348000 0.08176300
v -0.00393600 0.03360800 0.08152300
v -0.00316300 0.03360800 0.08182500
v -0.00345700 0.03370500 0.08134500
v -0.00277900 0.03368200 0.08168300
v -0.00297300 0.03379100 0.08119100
v -0.00239200 0.03374700 0.08156000
v -0.00486600 0.03329800 0.08227000
v -0.00404600 0.03340200 0.08223300
v -0.00381400 0.03341400 0.08227700
v -0.00360900 0.03351000 0.08201600
v -0.00263600 0.03351600 0.08228500
v -0.00223000 0.03357700 0.08218300
v -0.00196100 0.03362500 0.08208400
v -0.00168900 0.03366800 0.08199900
v 0.00089000 0.03375300 0.08184500
v 0.00162300 0.03357600 0.08231200
v 0.00121500 0.03372200 0.08190800
v 0.00153700 0.03368200 0.08199000
v 0.00220200 0.03376900 0.08154700
v 0.00265700 0.03369500 0.08169100
v 0.00332000 0.03372300 0.08135500
v 0.00388200 0.03361000 0.08156900
v 0.00426500 0.03360200 0.08140000
v 0.00487500 0.03345700 0.08166600
v 0.00530300 0.03342700 0.08148300
v 0.00595900 0.03324600 0.08179700
v 0.00630900 0.03320600 0.08163700
v 0.00699400 0.03299200 0.08199100
v 0.00736800 0.03293500 0.08180200
v 0.00773400 0.03279100 0.08211200
v 0.00811100 0.03271300 0.08196300
v 0.00327000 0.03345900 0.08232200
v 0.00217200 0.03357800 0.08220900
v 0.00185600 0.03363400 0.08209000
v 0.00491200 0.03328600 0.08233100
v 0.00399000 0.03340300 0.08228200
v 0.00355200 0.03351200 0.08205800
v 0.00310700 0.03360900 0.08186100
v 0.00443700 0.03348100 0.08181600
v 0.00654300 0.03302400 0.08233100
v 0.00607100 0.03311800 0.08230500
v 0.00498500 0.03333800 0.08209700
v 0.00660600 0.03304800 0.08214800
v 0.00694700 0.03294600 0.08229800
v 0.00734500 0.03286800 0.08222400
v 0.00772400 0.03287800 0.08158200
v 0.00847300 0.03263800 0.08177900
v 0.00865500 0.03271200 0.08076500
v 0.00943600 0.03242500 0.08103700
v 0.00891000 0.03266300 0.08044400
v 0.00970600 0.03236100 0.08073100
v 0.00994600 0.03230400 0.08040000
v 0.00913400 0.03261900 0.08010400
v 0.01015300 0.03225300 0.08004600
v 0.00932300 0.03258000 0.07974600
v 0.01032600 0.03221000 0.07967400
v 0.00947600 0.03254800 0.07937200
v 0.01046400 0.03217600 0.07928700
v 0.00959200 0.03252300 0.07898800
v 0.01056500 0.03215000 0.07888800
v 0.00966800 0.03250700 0.07859400
v 0.01062800 0.03213400 0.07848100
v 0.00970400 0.03249900 0.07819600
v 0.01065100 0.03212900 0.07806800
v 0.00970000 0.03250100 0.07779600
v 0.01063300 0.03213400 0.07765500
v 0.01057500 0.03215000 0.07724700
v 0.00965500 0.03251100 0.07739800
v 0.01047900 0.03217600 0.07684700
v 0.00957000 0.03253100 0.07700600
v 0.01034600 0.03221000 0.07645800
v 0.00944700 0.03255800 0.07662300
v 0.01017700 0.03225300 0.07608400
v 0.00928600 0.03259200 0.07625200
v 0.00997500 0.03230400 0.07572800
v 0.00974000 0.03236100 0.07539400
v 0.00909000 0.03263300 0.07589700
v 0.00947300 0.03242400 0.07508500
v 0.00886000 0.03267900 0.07556000
v 0.00917900 0.03249200 0.07480300
v 0.00859800 0.03273000 0.07524400
v 0.00886000 0.03256400 0.07455100
v 0.00830800 0.03278400 0.07495100
v 0.00851900 0.03263800 0.07433000
v 0.00799200 0.03284000 0.07468200
v 0.00816000 0.03271400 0.07414200
v 0.00765200 0.03289700 0.07444000
v 0.00778500 0.03279100 0.07398800
v 0.00716900 0.03297300 0.07416100
v 0.00739700 0.03286800 0.07387200
v 0.00699900 0.03294600 0.07379200
v 0.00665700 0.03304800 0.07393800
v 0.00659600 0.03302200 0.07375000
v 0.00612400 0.03311800 0.07377500
v 0.00496600 0.03328500 0.07373300
v 0.00503500 0.03333800 0.07396900
v 0.00404400 0.03340300 0.07377100
v 0.00448400 0.03348100 0.07424300
v 0.00360300 0.03351200 0.07399000
v 0.00392600 0.03361000 0.07448300
v 0.00315600 0.03360900 0.07418100
v 0.00336100 0.03372300 0.07469000
v 0.00270300 0.03369500 0.07434600
v 0.00279100 0.03381900 0.07486300
v 0.00224600 0.03376900 0.07448400
v 0.00221700 0.03389900 0.07500300
v 0.00178600 0.03382900 0.07459500
v 0.00163900 0.03396000 0.07510900
v 0.00132200 0.03387600 0.07468000
v 0.00082900 0.03401500 0.07520200
v 0.00067200 0.03391800 0.07475400
v 0.00042300 0.03402900 0.07522400
v 0.00034600 0.03392900 0.07477100
v 0.00332400 0.03345900 0.07372200
v 0.00167700 0.03357700 0.07371200
v 0.00222400 0.03357800 0.07382200
v 0.00307100 0.03351700 0.07384000
v 0.00125500 0.03362900 0.07380900
v 0.00190700 0.03363400 0.07393600
v 0.00230600 0.03366800 0.07414100
v 0.00269100 0.03359800 0.07400200
v -0.00063300 0.03368700 0.07391600
v -0.00081300 0.03375900 0.07416900
v -0.00099200 0.03382500 0.07442400
v -0.00117100 0.03388500 0.07468100
v -0.00146700 0.03397200 0.07511100
v -0.00161300 0.03400900 0.07533000
v -0.00175600 0.03404300 0.07555400
v -0.00189300 0.03407200 0.07578200
v -0.00202300 0.03409800 0.07601400
v -0.00211400 0.03411400 0.07619100
v -0.00219900 0.03412900 0.07637000
v -0.00227700 0.03414200 0.07655100
v -0.00234800 0.03415400 0.07673400
v -0.00241100 0.03416300 0.07691800
v -0.00246400 0.03417100 0.07710400
v -0.00250800 0.03417700 0.07729100
v -0.00254300 0.03418200 0.07748000
v -0.00256700 0.03418500 0.07766900
v -0.00258100 0.03418700 0.07785900
v -0.00258400 0.03418700 0.07804800
v -0.00257600 0.03418600 0.07823800
v -0.00255800 0.03418300 0.07842800
v -0.00252900 0.03417900 0.07861700
v -0.00249000 0.03417300 0.07880500
v -0.00244200 0.03416600 0.07899200
v -0.00238500 0.03415700 0.07917800
v -0.00231900 0.03414600 0.07936200
v -0.00224600 0.03413400 0.07954500
v -0.00216500 0.03412000 0.07972500
v -0.00207800 0.03410300 0.07990400
v -0.00198500 0.03408500 0.08008100
v -0.00188800 0.03406500 0.08025500
v -0.00178600 0.03404300 0.08042700
v -0.00164600 0.03400900 0.08065200
v -0.00150300 0.03397200 0.08087300
v -0.00121300 0.03388500 0.08130700
v -0.00086100 0.03375900 0.08182300
v -0.00058300 0.03377600 0.08179100
v 0.00020500 0.03370900 0.07396500
v 0.00025300 0.03378800 0.07423200
v 0.00029900 0.03386100 0.07450100
v 0.00038600 0.03370400 0.07395600
v 0.00048100 0.03378100 0.07422000
v 0.00057700 0.03385200 0.07448600
v 0.00100100 0.03365900 0.07386900
v 0.00126300 0.03372200 0.07411000
v 0.00158700 0.03368200 0.07403200
v 0.00152500 0.03377900 0.07435200
v 0.00191700 0.03372900 0.07425800
v 0.00030500 0.03392900 0.08123600
v 0.00038800 0.03402900 0.08078400
v 0.00079400 0.03401500 0.08081100
v 0.00042900 0.03407400 0.08055700
v 0.00087500 0.03405800 0.08058600
v 0.00176200 0.03399600 0.08069600
v 0.00047000 0.03411400 0.08032800
v 0.00095300 0.03409700 0.08035900
v 0.00191800 0.03402800 0.08047400
v 0.00260600 0.03395100 0.08060100
v 0.00049900 0.03414200 0.08015700
v 0.00101000 0.03412300 0.08018700
v 0.00203100 0.03404900 0.08030300
v 0.00275900 0.03396600 0.08043200
v 0.00348300 0.03385900 0.08059700
v 0.00052700 0.03416800 0.07998400
v 0.00106500 0.03414800 0.08001500
v 0.00214000 0.03406800 0.08013000
v 0.00290600 0.03398000 0.08025700
v 0.00366800 0.03386500 0.08042200
v 0.00442400 0.03372600 0.08062300
v 0.00055300 0.03419100 0.07981100
v 0.00111800 0.03417000 0.07984100
v 0.00224300 0.03408500 0.07995400
v 0.00304600 0.03399100 0.08007800
v 0.00384500 0.03386900 0.08023800
v 0.00463700 0.03372100 0.08043500
v 0.00542200 0.03354600 0.08066700
v 0.00057900 0.03421300 0.07963800
v 0.00116700 0.03419000 0.07966700
v 0.00234100 0.03410000 0.07977500
v 0.00317800 0.03400100 0.07989400
v 0.00401100 0.03387200 0.08004800
v 0.00483800 0.03371400 0.08023600
v 0.00565600 0.03352900 0.08045900
v 0.00646700 0.03331800 0.08071700
v 0.00060200 0.03423200 0.07946400
v 0.00121300 0.03420800 0.07949200
v 0.00243100 0.03411400 0.07959400
v 0.00330100 0.03400900 0.07970700
v 0.00416600 0.03387300 0.07985100
v 0.00502400 0.03370700 0.08002900
v 0.00587400 0.03351200 0.08023800
v 0.00671600 0.03328900 0.08048100
v 0.00754900 0.03304000 0.08075500
v 0.00062400 0.03424900 0.07929100
v 0.00125500 0.03422400 0.07931600
v 0.00251400 0.03412500 0.07941100
v 0.00341300 0.03401500 0.07951500
v 0.00430700 0.03387300 0.07964900
v 0.00519400 0.03370000 0.07981200
v 0.00607300 0.03349500 0.08000600
v 0.00694400 0.03326200 0.08022900
v 0.00780500 0.03300000 0.08048200
v 0.00064300 0.03426300 0.07911600
v 0.00129200 0.03423700 0.07914000
v 0.00258800 0.03413500 0.07922600
v 0.00351300 0.03402100 0.07932000
v 0.00443300 0.03387300 0.07944000
v 0.00534600 0.03369200 0.07958800
v 0.00625100 0.03347900 0.07976200
v 0.00714800 0.03323600 0.07996300
v 0.00803400 0.03296300 0.08019000
v 0.00066000 0.03427600 0.07894100
v 0.00132500 0.03424900 0.07896300
v 0.00265300 0.03414300 0.07903900
v 0.00360100 0.03402500 0.07912100
v 0.00454300 0.03387200 0.07922700
v 0.00547900 0.03368500 0.07935600
v 0.00640700 0.03346400 0.07950800
v 0.00732600 0.03321200 0.07968300
v 0.00823500 0.03293000 0.07988200
v 0.00067500 0.03428600 0.07876600
v 0.00135300 0.03425900 0.07878500
v 0.00270800 0.03415000 0.07885000
v 0.00367500 0.03402800 0.07892000
v 0.00463700 0.03387000 0.07900900
v 0.00559200 0.03367800 0.07911800
v 0.00653900 0.03345100 0.07924600
v 0.00747700 0.03319100 0.07939300
v 0.00840600 0.03290100 0.07956000
v 0.00068700 0.03429500 0.07859100
v 0.00137600 0.03426600 0.07860600
v 0.00275300 0.03415500 0.07866000
v 0.00373600 0.03403000 0.07871600
v 0.00471300 0.03386900 0.07878700
v 0.00568400 0.03367200 0.07887400
v 0.00664700 0.03344000 0.07897600
v 0.00760000 0.03317400 0.07909300
v 0.00854300 0.03287600 0.07922500
v 0.00069600 0.03430100 0.07841600
v 0.00139400 0.03427200 0.07842800
v 0.00278600 0.03415900 0.07846800
v 0.00378100 0.03403200 0.07851000
v 0.00477000 0.03386800 0.07856300
v 0.00575300 0.03366700 0.07862600
v 0.00672700 0.03343100 0.07870000
v 0.00769200 0.03316100 0.07878500
v 0.00864700 0.03285800 0.07888100
v 0.00070200 0.03430500 0.07824000
v 0.00140500 0.03427600 0.07824900
v 0.00280900 0.03416100 0.07827600
v 0.00381100 0.03403300 0.07830300
v 0.00480800 0.03386700 0.07833600
v 0.00579800 0.03366400 0.07837500
v 0.00678000 0.03342500 0.07842100
v 0.00775300 0.03315200 0.07847200
v 0.00871600 0.03284500 0.07853000
v 0.00070600 0.03430700 0.07806400
v 0.00141100 0.03427700 0.07807000
v 0.00282000 0.03416200 0.07808300
v 0.00382600 0.03403300 0.07809500
v 0.00482600 0.03386600 0.07810800
v 0.00582000 0.03366300 0.07812200
v 0.00680600 0.03342300 0.07813900
v 0.00778200 0.03314800 0.07815600
v 0.00874800 0.03283900 0.07817500
v 0.00070600 0.03430600 0.07788900
v 0.00141200 0.03427700 0.07789100
v 0.00281900 0.03416200 0.07789100
v 0.00382400 0.03403300 0.07788700
v 0.00482400 0.03386700 0.07787900
v 0.00581700 0.03366300 0.07786900
v 0.00680300 0.03342300 0.07785600
v 0.00777900 0.03314800 0.07783900
v 0.00874500 0.03284000 0.07781900
v 0.00070400 0.03430400 0.07771300
v 0.00140600 0.03427500 0.07771200
v 0.00280700 0.03416000 0.07769800
v 0.00380700 0.03403300 0.07767800
v 0.00480200 0.03386700 0.07765100
v 0.00579100 0.03366500 0.07761600
v 0.00677100 0.03342700 0.07757300
v 0.00774300 0.03315400 0.07752300
v 0.00870400 0.03284900 0.07746400
v 0.00069900 0.03429900 0.07753700
v 0.00139500 0.03427000 0.07753300
v 0.00278300 0.03415800 0.07750600
v 0.00377400 0.03403100 0.07747100
v 0.00476100 0.03386800 0.07742500
v 0.00574100 0.03366900 0.07736600
v 0.00671300 0.03343400 0.07729400
v 0.00767500 0.03316500 0.07721000
v 0.00862800 0.03286300 0.07711400
v 0.00069100 0.03429200 0.07736200
v 0.00137800 0.03426400 0.07735400
v 0.00274800 0.03415300 0.07731400
v 0.00372700 0.03403000 0.07726500
v 0.00470000 0.03386900 0.07720000
v 0.00566700 0.03367400 0.07711800
v 0.00662600 0.03344300 0.07701900
v 0.00757700 0.03318000 0.07690400
v 0.00851700 0.03288400 0.07677200
v 0.00068000 0.03428300 0.07718600
v 0.00135500 0.03425600 0.07717600
v 0.00270200 0.03414800 0.07712400
v 0.00366400 0.03402700 0.07706100
v 0.00462100 0.03387100 0.07697900
v 0.00557100 0.03368000 0.07687500
v 0.00651400 0.03345500 0.07675000
v 0.00744800 0.03319800 0.07660500
v 0.00837200 0.03291000 0.07643900
v 0.00066700 0.03427200 0.07701100
v 0.00132800 0.03424500 0.07699800
v 0.00264600 0.03414100 0.07693500
v 0.00358700 0.03402300 0.07686000
v 0.00452400 0.03387200 0.07676100
v 0.00545400 0.03368700 0.07663700
v 0.00637700 0.03346900 0.07648900
v 0.00729100 0.03322000 0.07631600
v 0.00819600 0.03294100 0.07611900
v 0.00065100 0.03425900 0.07683700
v 0.00129500 0.03423300 0.07682100
v 0.00258000 0.03413200 0.07674700
v 0.00349800 0.03401900 0.07666200
v 0.00441100 0.03387300 0.07654800
v 0.00531800 0.03369500 0.07640600
v 0.00621700 0.03348500 0.07623600
v 0.00710700 0.03324400 0.07603900
v 0.00798900 0.03297500 0.07581400
v 0.00063300 0.03424300 0.07666200
v 0.00125800 0.03421900 0.07664400
v 0.00250500 0.03412200 0.07656200
v 0.00339600 0.03401300 0.07646600
v 0.00428200 0.03387300 0.07634000
v 0.00516200 0.03370200 0.07618200
v 0.00603400 0.03350100 0.07599400
v 0.00689900 0.03327100 0.07577500
v 0.00775300 0.03301300 0.07552500
v 0.00061300 0.03422600 0.07648800
v 0.00121700 0.03420200 0.07646800
v 0.00242200 0.03411000 0.07637800
v 0.00328300 0.03400600 0.07627400
v 0.00413900 0.03387300 0.07613700
v 0.00498900 0.03371000 0.07596600
v 0.00583200 0.03351800 0.07576300
v 0.00666700 0.03329900 0.07552500
v 0.00749200 0.03305400 0.07525500
v 0.00059200 0.03420600 0.07631400
v 0.00117200 0.03418300 0.07629200
v 0.00233200 0.03409600 0.07619700
v 0.00316000 0.03399800 0.07608600
v 0.00398300 0.03387100 0.07594000
v 0.00480100 0.03371700 0.07575900
v 0.00561100 0.03353500 0.07554300
v 0.00641400 0.03332700 0.07529100
v 0.00720800 0.03309500 0.07500400
v 0.00056800 0.03418400 0.07614100
v 0.00112400 0.03416300 0.07611800
v 0.00223400 0.03408000 0.07601800
v 0.00302700 0.03398700 0.07590300
v 0.00381500 0.03386800 0.07575000
v 0.00459800 0.03372300 0.07556200
v 0.00537400 0.03355100 0.07533600
v 0.00614200 0.03335600 0.07507400
v 0.00690200 0.03313700 0.07477500
v 0.00053400 0.03415100 0.07591000
v 0.00105600 0.03413200 0.07588600
v 0.00209600 0.03405600 0.07578300
v 0.00283800 0.03397100 0.07566400
v 0.00357700 0.03386200 0.07550800
v 0.00431000 0.03372800 0.07531400
v 0.00503600 0.03357100 0.07508200
v 0.00575600 0.03339300 0.07481300
v 0.00646700 0.03319300 0.07450600
v 0.00049900 0.03411400 0.07568000
v 0.00098300 0.03409700 0.07565600
v 0.00194900 0.03402800 0.07555300
v 0.00263800 0.03395100 0.07543500
v 0.00332400 0.03385200 0.07527900
v 0.00400400 0.03373100 0.07508600
v 0.00467900 0.03358900 0.07485500
v 0.00534600 0.03342700 0.07458700
v 0.00600600 0.03324600 0.07428100
v 0.00046100 0.03407400 0.07545200
v 0.00090700 0.03405800 0.07542800
v 0.00179600 0.03399600 0.07532900
v 0.00243000 0.03392700 0.07521500
v 0.00306100 0.03383800 0.07506500
v 0.00368700 0.03372900 0.07487900
v 0.00430700 0.03360200 0.07465700
v 0.00492000 0.03345700 0.07439900
v 0.00552600 0.03329500 0.07410500
v -0.00053500 0.03377600 0.07420500
v -0.00065500 0.03384700 0.07446700
v -0.00077500 0.03391100 0.07473200
v -0.00097300 0.03400600 0.07517500
v -0.00107100 0.03404800 0.07539900
v -0.00116700 0.03408500 0.07562500
v -0.00125900 0.03411900 0.07585400
v -0.00134600 0.03414900 0.07608500
v -0.00140700 0.03416900 0.07625900
v -0.00146500 0.03418700 0.07643500
v -0.00151700 0.03420300 0.07661200
v -0.00156500 0.03421600 0.07678900
v -0.00160700 0.03422800 0.07696800
v -0.00164300 0.03423800 0.07714700
v -0.00167300 0.03424600 0.07732700
v -0.00169600 0.03425200 0.07750700
v -0.00171200 0.03425600 0.07768800
v -0.00172200 0.03425800 0.07787000
v -0.00172400 0.03425800 0.07805100
v -0.00171900 0.03425700 0.07823200
v -0.00170700 0.03425300 0.07841300
v -0.00168900 0.03424800 0.07859400
v -0.00166300 0.03424100 0.07877500
v -0.00163100 0.03423200 0.07895500
v -0.00159400 0.03422100 0.07913400
v -0.00155000 0.03420800 0.07931300
v -0.00150200 0.03419200 0.07949000
v -0.00144800 0.03417500 0.07966700
v -0.00139000 0.03415600 0.07984300
v -0.00132900 0.03413500 0.08001700
v -0.00126400 0.03411100 0.08019100
v -0.00119700 0.03408500 0.08036300
v -0.00110400 0.03404800 0.08059000
v -0.00100900 0.03400600 0.08081600
v -0.00081600 0.03391100 0.08126100
v -0.00293300 0.03379100 0.07477500
v -0.00322200 0.03380500 0.07496900
v -0.00350500 0.03381600 0.07517700
v -0.00377800 0.03382200 0.07540300
v -0.00403500 0.03382500 0.07564400
v -0.00421600 0.03382500 0.07583400
v -0.00438500 0.03382400 0.07603100
v -0.00454000 0.03382200 0.07623600
v -0.00468000 0.03382000 0.07644700
v -0.00480400 0.03381700 0.07666400
v -0.00491000 0.03381400 0.07688600
v -0.00499700 0.03381100 0.07711300
v -0.00506500 0.03380900 0.07734300
v -0.00511200 0.03380700 0.07757700
v -0.00512700 0.03380700 0.07828300
v -0.00596800 0.03362700 0.07830700
v -0.00680100 0.03342100 0.07833600
v -0.00682200 0.03341900 0.07805300
v -0.00779700 0.03314400 0.07805800
v -0.00779000 0.03314400 0.07774100
v -0.00875800 0.03283700 0.07806500
v -0.00875000 0.03283800 0.07770900
v -0.00509000 0.03380800 0.07851800
v -0.00592400 0.03363000 0.07856300
v -0.00675100 0.03342700 0.07861700
v -0.00777200 0.03314800 0.07837500
v -0.00873000 0.03284300 0.07842100
v -0.00503200 0.03381000 0.07875000
v -0.00585700 0.03363600 0.07881600
v -0.00667400 0.03343600 0.07889400
v -0.00771500 0.03315700 0.07869000
v -0.00866600 0.03285500 0.07877300
v -0.00495400 0.03381300 0.07897900
v -0.00576600 0.03364200 0.07906500
v -0.00657000 0.03344700 0.07916500
v -0.00762700 0.03317000 0.07899900
v -0.00856600 0.03287400 0.07911800
v -0.00485700 0.03381600 0.07920400
v -0.00565200 0.03365000 0.07930900
v -0.00644100 0.03346100 0.07943000
v -0.00750800 0.03318800 0.07930100
v -0.00843200 0.03289800 0.07945500
v -0.00474200 0.03381900 0.07942500
v -0.00551800 0.03365900 0.07954600
v -0.00628800 0.03347600 0.07968600
v -0.00736000 0.03320900 0.07959400
v -0.00826500 0.03292800 0.07978000
v -0.00461000 0.03382200 0.07964000
v -0.00536500 0.03366800 0.07977500
v -0.00611300 0.03349200 0.07993200
v -0.00718400 0.03323200 0.07987500
v -0.00806800 0.03296100 0.08009100
v -0.00446200 0.03382400 0.07984800
v -0.00519300 0.03367700 0.07999600
v -0.00591600 0.03350900 0.08016800
v -0.00698400 0.03325800 0.08014400
v -0.00784200 0.03299800 0.08038500
v -0.00430000 0.03382500 0.08005000
v -0.00500400 0.03368500 0.08020900
v -0.00570100 0.03352600 0.08039200
v -0.00675900 0.03328600 0.08039900
v -0.00758900 0.03303800 0.08066200
v -0.00412500 0.03382500 0.08024500
v -0.00480000 0.03369300 0.08041100
v -0.00546800 0.03354300 0.08060300
v -0.00651200 0.03331500 0.08063900
v -0.00731200 0.03307900 0.08091900
v -0.00393900 0.03382400 0.08043200
v -0.00458300 0.03370000 0.08060300
v -0.00522100 0.03355900 0.08080100
v -0.00624600 0.03334300 0.08086200
v -0.00701200 0.03312200 0.08115600
v -0.00374400 0.03382100 0.08061100
v -0.00435500 0.03370500 0.08078400
v -0.00496100 0.03357300 0.08098500
v -0.00596300 0.03337200 0.08106800
v -0.00669400 0.03316400 0.08137000
v -0.00354100 0.03381600 0.08078100
v -0.00411800 0.03370800 0.08095300
v -0.00469100 0.03358600 0.08115200
v -0.00566500 0.03339900 0.08125400
v -0.00635900 0.03320500 0.08156000
v -0.00326000 0.03380500 0.08099300
v -0.00379200 0.03370900 0.08115900
v -0.00431800 0.03359900 0.08135000
v -0.00535600 0.03342400 0.08142000
v -0.00601100 0.03324400 0.08172400
v -0.00671800 0.03343000 0.07720800
v -0.00757600 0.03317600 0.07680700
v -0.00850900 0.03288100 0.07666300
v -0.00662800 0.03344000 0.07693400
v -0.00744300 0.03319400 0.07650900
v -0.00836000 0.03290700 0.07633200
v -0.00595100 0.03362800 0.07753500
v -0.00651200 0.03345200 0.07666600
v -0.00728200 0.03321600 0.07622200
v -0.00817900 0.03293800 0.07601400
v -0.00589600 0.03363200 0.07728000
v -0.00637100 0.03346600 0.07640600
v -0.00709500 0.03324100 0.07594700
v -0.00796800 0.03297300 0.07571100
v -0.00581700 0.03363800 0.07702900
v -0.00620700 0.03348100 0.07615600
v -0.00688200 0.03326800 0.07568500
v -0.00772900 0.03301100 0.07542500
v -0.00571500 0.03364500 0.07678300
v -0.00602100 0.03349800 0.07591500
v -0.00664700 0.03329600 0.07543800
v -0.00746500 0.03305100 0.07515800
v -0.00559200 0.03365300 0.07654400
v -0.00581600 0.03351500 0.07568600
v -0.00639000 0.03332400 0.07520700
v -0.00717700 0.03309300 0.07491100
v -0.00544800 0.03366200 0.07631100
v -0.00559200 0.03353200 0.07546900
v -0.00611600 0.03335300 0.07499300
v -0.00686800 0.03313500 0.07468600
v -0.00528500 0.03367100 0.07608600
v -0.00535100 0.03354900 0.07526500
v -0.00572500 0.03339000 0.07473600
v -0.00642900 0.03319100 0.07442200
v -0.00510500 0.03368000 0.07587000
v -0.00501000 0.03356900 0.07501500
v -0.00531200 0.03342400 0.07451600
v -0.00596500 0.03324400 0.07420300
v -0.00490800 0.03368800 0.07566400
v -0.00464800 0.03358600 0.07479300
v -0.00488300 0.03345500 0.07433300
v -0.00469700 0.03369600 0.07546700
v -0.00427300 0.03360000 0.07459900
v -0.00439800 0.03370400 0.07522200
v -0.00375100 0.03370900 0.07479700
v -0.00408100 0.03370800 0.07499800
v 0.00074500 0.03368300 0.07391600
v 0.00093800 0.03375300 0.07416900
v 0.00113000 0.03381700 0.07442400
v 0.00364800 0.03372900 0.08117000
v 0.00463900 0.03358900 0.08120600
v 0.00275200 0.03381900 0.08117400
v 0.00174300 0.03382900 0.08143000
v 0.00561400 0.03340100 0.08132100
v 0.00664500 0.03316500 0.08145100
v 0.00547700 0.03329500 0.08196700
v -0.00514400 0.03249400 0.07296900
v -0.00514400 0.03039800 0.07296900
v -0.00514400 0.03039800 0.07296900
v -0.00514400 0.03039800 0.07296900
v -0.00522100 0.03248400 0.07296800
v -0.00522100 0.03248400 0.07296800
v -0.00566300 0.03242600 0.07296600
v -0.00566300 0.03242600 0.07296600
v -0.00591800 0.03238900 0.07296400
v -0.00631900 0.03039800 0.07296200
v -0.00631900 0.03232300 0.07296200
v -0.00342700 0.03267800 0.07298000
v -0.00342700 0.03039800 0.07298000
v -0.00514400 0.03249400 0.07296900
v -0.00514400 0.03039800 0.07296900
v 0.00003100 0.03283200 0.07300200
v 0.00003100 0.03039800 0.07300200
v -0.00168300 0.03279200 0.07299100
v -0.00342700 0.03039800 0.07298000
v -0.00342700 0.03267800 0.07298000
v 0.00520700 0.03249600 0.07303400
v 0.00520700 0.03039800 0.07303400
v 0.00520700 0.03039800 0.07303400
v 0.00520700 0.03039800 0.07303400
v 0.00391800 0.03263900 0.07302600
v 0.00391800 0.03263900 0.07302600
v 0.00262400 0.03274400 0.07301800
v 0.00262400 0.03274400 0.07301800
v 0.00003100 0.03039800 0.07300200
v 0.00132800 0.03280900 0.07301000
v 0.00003100 0.03283200 0.07300200
v 0.00605800 0.03237700 0.07303900
v 0.00605800 0.03039800 0.07303900
v 0.00605800 0.03039800 0.07303900
v 0.00605800 0.03039800 0.07303900
v 0.00584500 0.03240800 0.07303800
v 0.00584500 0.03240800 0.07303800
v 0.00563300 0.03243900 0.07303700
v 0.00563300 0.03243900 0.07303700
v 0.00563300 0.03243900 0.07303700
v 0.00520700 0.03039800 0.07303400
v 0.00520700 0.03039800 0.07303400
v 0.00520700 0.03039800 0.07303400
v 0.00542000 0.03246800 0.07303500
v 0.00542000 0.03246800 0.07303500
v 0.00520700 0.03249600 0.07303400
v 0.00638100 0.03039800 0.07304100
v 0.00605800 0.03039800 0.07303900
v 0.00638100 0.03232300 0.07304100
v 0.00605800 0.03237700 0.07303900
v 0.00631800 0.03232300 0.08304100
v 0.00631800 0.03039800 0.08304100
v 0.00686100 0.03223300 0.08301500
v 0.00710100 0.03039800 0.08298500
v 0.00739400 0.03214200 0.08293100
v 0.00786500 0.03039800 0.08280600
v 0.00794100 0.03204000 0.08278100
v 0.00845500 0.03194200 0.08257600
v 0.00859200 0.03039800 0.08251100
v 0.00894100 0.03184600 0.08231700
v 0.00926300 0.03039800 0.08210500
v 0.00931100 0.03176900 0.08207000
v 0.00965800 0.03169400 0.08179100
v 0.00986300 0.03039800 0.08159900
v 0.00997800 0.03162300 0.08148200
v 0.01027000 0.03155500 0.08114500
v 0.01037600 0.03039800 0.08100600
v 0.01053000 0.03149300 0.08078400
v 0.01079000 0.03039800 0.08033900
v 0.01089400 0.03140500 0.08012700
v 0.01109500 0.03039800 0.07961600
v 0.01104800 0.03136800 0.07975100
v 0.01117200 0.03133700 0.07936400
v 0.01128300 0.03039800 0.07885500
v 0.01126300 0.03131500 0.07896700
v 0.01132400 0.03130000 0.07854800
v 0.01135000 0.03039800 0.07807300
v 0.01134900 0.03129400 0.07814100
v 0.01134000 0.03129700 0.07773300
v 0.01129300 0.03039800 0.07729000
v 0.01129100 0.03130900 0.07728100
v 0.01121200 0.03133000 0.07687600
v 0.01111500 0.03039800 0.07652600
v 0.01110000 0.03136000 0.07648000
v 0.01095500 0.03139700 0.07609400
v 0.01081900 0.03039800 0.07579900
v 0.01077900 0.03144100 0.07572200
v 0.01057400 0.03149100 0.07536600
v 0.01041300 0.03039800 0.07512800
v 0.01025300 0.03156800 0.07491700
v 0.00990700 0.03039800 0.07452800
v 0.00997200 0.03163300 0.07459500
v 0.00963200 0.03170900 0.07426900
v 0.00931400 0.03039800 0.07401500
v 0.00900600 0.03184300 0.07380600
v 0.00864800 0.03039800 0.07360100
v 0.00858400 0.03192900 0.07356800
v 0.00814100 0.03201500 0.07337300
v 0.00792500 0.03039800 0.07329600
v 0.00772900 0.03209100 0.07323500
v 0.00716300 0.03039800 0.07310800
v 0.00732500 0.03216300 0.07313700
v 0.00691400 0.03223300 0.07307300
v 0.00638100 0.03039800 0.07304100
v 0.00638100 0.03232300 0.07304100
v 0.00722000 0.02754800 0.08498700
v 0.00631800 0.02754800 0.08304100
v 0.00630600 0.02754800 0.08504100
v -0.00638100 0.02754800 0.08296100
v -0.00639400 0.02754800 0.08496100
v -0.00730700 0.02754800 0.08489600
v -0.00730700 0.02754800 0.08489600
v -0.00716300 0.02754800 0.08289500
v -0.00716300 0.02754800 0.08289500
v -0.00820400 0.02754800 0.08471200
v -0.00820400 0.02754800 0.08471200
v -0.00907000 0.02754800 0.08441200
v -0.00907000 0.02754800 0.08441200
v -0.00792500 0.02754800 0.08270700
v -0.00792500 0.02754800 0.08270700
v -0.00988800 0.02754800 0.08400200
v -0.01064600 0.02754800 0.08348800
v -0.00864800 0.02754800 0.08240200
v -0.01133100 0.02754800 0.08288000
v -0.00931400 0.02754800 0.08198800
v -0.01193000 0.02754800 0.08218800
v -0.00990800 0.02754800 0.08147500
v -0.01243400 0.02754800 0.08142300
v -0.01041300 0.02754800 0.08087500
v -0.01283400 0.02754800 0.08060000
v -0.01081900 0.02754800 0.08020300
v -0.01312300 0.02754800 0.07973100
v -0.01111500 0.02754800 0.07947700
v -0.01329600 0.02754800 0.07883200
v -0.01129300 0.02754800 0.07871300
v -0.01335000 0.02754800 0.07791800
v -0.01135000 0.02754800 0.07793000
v -0.01128300 0.02754800 0.07714800
v 0.00710100 0.02754800 0.08298500
v 0.00811900 0.02754800 0.08481400
v 0.00898800 0.02754800 0.08452500
v 0.00786500 0.02754800 0.08280600
v 0.00981100 0.02754800 0.08412600
v 0.01057600 0.02754800 0.08362200
v 0.00859200 0.02754800 0.08251100
v 0.01126800 0.02754800 0.08302200
v 0.00926300 0.02754800 0.08210500
v 0.01187600 0.02754800 0.08233800
v 0.00986300 0.02754800 0.08159900
v 0.01239000 0.02754800 0.08157900
v 0.01037600 0.02754800 0.08100600
v 0.01280000 0.02754800 0.08076100
v 0.01079000 0.02754800 0.08033900
v 0.01310000 0.02754800 0.07989600
v 0.01109500 0.02754800 0.07961600
v 0.01328400 0.02754800 0.07899900
v 0.01128300 0.02754800 0.07885500
v 0.01334900 0.02754800 0.07808500
v 0.01135000 0.02754800 0.07807300
v 0.01129300 0.02754800 0.07729000
v 0.01329500 0.02754800 0.07717100
v 0.01111500 0.02754800 0.07652600
v 0.01312200 0.02754800 0.07627200
v 0.01081900 0.02754800 0.07579900
v 0.01283300 0.02754800 0.07540300
v 0.01041300 0.02754800 0.07512800
v 0.01243400 0.02754800 0.07458000
v 0.00990700 0.02754800 0.07452800
v 0.01193000 0.02754800 0.07381500
v 0.00931400 0.02754800 0.07401500
v 0.01133000 0.02754800 0.07312300
v 0.00864800 0.02754800 0.07360100
v 0.01064600 0.02754800 0.07251500
v 0.00792500 0.02754800 0.07329600
v 0.00988800 0.02754800 0.07200100
v 0.00906900 0.02754800 0.07159100
v 0.00716300 0.02754800 0.07310800
v 0.00820400 0.02754800 0.07129100
v 0.00730700 0.02754800 0.07110700
v 0.00638100 0.02754800 0.07304100
v 0.00639400 0.02754800 0.07104200
v -0.00631900 0.02754800 0.07296200
v -0.00630600 0.02754800 0.07096200
v -0.00722000 0.02754800 0.07101600
v -0.00722000 0.02754800 0.07101600
v -0.00710100 0.02754800 0.07301800
v -0.00710100 0.02754800 0.07301800
v -0.00811900 0.02754800 0.07118900
v -0.00811900 0.02754800 0.07118900
v -0.00898800 0.02754800 0.07147800
v -0.00786500 0.02754800 0.07319700
v -0.00786500 0.02754800 0.07319700
v -0.00981200 0.02754800 0.07187800
v -0.01057600 0.02754800 0.07238100
v -0.01057600 0.02754800 0.07238100
v -0.00859200 0.02754800 0.07349200
v -0.00859200 0.02754800 0.07349200
v -0.01126900 0.02754800 0.07298100
v -0.00926300 0.02754800 0.07389800
v -0.01187700 0.02754800 0.07366500
v -0.00986300 0.02754800 0.07440400
v -0.01239000 0.02754800 0.07442400
v -0.01037700 0.02754800 0.07499700
v -0.01280000 0.02754800 0.07524200
v -0.01079100 0.02754800 0.07566400
v -0.01310000 0.02754800 0.07610700
v -0.01109500 0.02754800 0.07638700
v -0.01328400 0.02754800 0.07700400
v -0.00631800 0.02839800 0.07286200
v -0.00631800 0.02939800 0.07286200
v 0.00638200 0.02839800 0.07294100
v 0.00638200 0.02939800 0.07294100
v 0.00631800 0.02839800 0.08314100
v 0.00631800 0.02939800 0.08314100
v -0.00638200 0.02839800 0.08306100
v -0.00638200 0.02939800 0.08306100
v 0.00637200 0.03039800 0.07454100
v 0.00637200 0.02939800 0.07454100
v -0.00632800 0.03039800 0.07446200
v -0.00632800 0.02939800 0.07446200
v 0.00637200 0.02939800 0.07454100
v 0.00637200 0.03039800 0.07454100
v 0.00701400 0.02939800 0.07460500
v 0.00701400 0.03039800 0.07460500
v 0.00763500 0.02939800 0.07478600
v 0.00763500 0.03039800 0.07478600
v 0.00821100 0.02939800 0.07507700
v 0.00821100 0.03039800 0.07507700
v 0.00872400 0.02939800 0.07547000
v 0.00872400 0.03039800 0.07547000
v 0.00915600 0.02939800 0.07595000
v 0.00915600 0.03039800 0.07595000
v 0.00949300 0.02939800 0.07650100
v 0.00949300 0.03039800 0.07650100
v 0.00972200 0.02939800 0.07710500
v 0.00972200 0.03039800 0.07710500
v 0.00983700 0.02939800 0.07774000
v 0.00983700 0.03039800 0.07774000
v 0.00983300 0.02939800 0.07838600
v 0.00983300 0.03039800 0.07838600
v 0.00971000 0.02939800 0.07902000
v 0.00971000 0.03039800 0.07902000
v 0.00947300 0.02939800 0.07962100
v 0.00947300 0.03039800 0.07962100
v 0.00912900 0.02939800 0.08016800
v 0.00912900 0.03039800 0.08016800
v 0.00869100 0.02939800 0.08064300
v 0.00869100 0.03039800 0.08064300
v 0.00817300 0.02939800 0.08102900
v 0.00817300 0.03039800 0.08102900
v 0.00759400 0.02939800 0.08131300
v 0.00759400 0.03039800 0.08131300
v 0.00697100 0.02939800 0.08148600
v 0.00697100 0.03039800 0.08148600
v 0.00632800 0.02939800 0.08154100
v 0.00632800 0.03039800 0.08154100
v -0.00637200 0.03039800 0.08146100
v -0.00637200 0.02939800 0.08146100
v 0.00632800 0.03039800 0.08154100
v 0.00632800 0.02939800 0.08154100
v -0.00645700 0.03273400 0.08273400
v -0.00644200 0.03264900 0.08283500
v -0.00611800 0.03278500 0.08274500
v -0.00610200 0.03267600 0.08286200
v -0.00642400 0.03255100 0.08290400
v -0.00608200 0.03253500 0.08293700
v -0.00638100 0.03232300 0.08296100
v -0.00605800 0.03237700 0.08296300
v 0.00639600 0.03273400 0.08281500
v 0.00559400 0.03285000 0.08282600
v 0.00637500 0.03262500 0.08293600
v 0.00583200 0.03266500 0.08296200
v 0.00634800 0.03248200 0.08301400
v 0.00581300 0.03253900 0.08301800
v 0.00631800 0.03232300 0.08304100
v 0.00591700 0.03238900 0.08303900
v 0.00566200 0.03242600 0.08303700
v 0.00528400 0.03260900 0.08301500
v 0.00514400 0.03249400 0.08303400
v 0.00475500 0.03267300 0.08301200
v 0.00396000 0.03275800 0.08300700
v 0.00397200 0.03288200 0.08295400
v 0.00317300 0.03295100 0.08295000
v 0.00394200 0.03303800 0.08281900
v 0.00299200 0.03311700 0.08281700
v 0.00360200 0.03306900 0.08281800
v 0.00323400 0.03309900 0.08281700
v 0.00530100 0.03273400 0.08296100
v 0.00482000 0.03294600 0.08282100
v 0.00477000 0.03279700 0.08295800
v 0.00463200 0.03296700 0.08282100
v 0.00454400 0.03297700 0.08282100
v 0.00431000 0.03300200 0.08282000
v 0.00290600 0.03312300 0.08281700
v 0.00265800 0.03314000 0.08281600
v 0.00238900 0.03315600 0.08281600
v 0.00157300 0.03304400 0.08294300
v 0.00201800 0.03317600 0.08281500
v 0.00158200 0.03319500 0.08281500
v 0.00085500 0.03321600 0.08281400
v 0.00038500 0.03322300 0.08281200
v -0.00003000 0.03322500 0.08281100
v -0.00003100 0.03305100 0.08295100
v 0.00156700 0.03292200 0.08299300
v -0.00003200 0.03283200 0.08300100
v 0.00168300 0.03279200 0.08301200
v 0.00316300 0.03282700 0.08300300
v 0.00342600 0.03267800 0.08302300
v 0.00522100 0.03248400 0.08303400
v -0.00003000 0.03322500 0.08281100
v -0.00149700 0.03320000 0.08279600
v -0.00003100 0.03305100 0.08295100
v -0.00205800 0.03301100 0.08293100
v -0.00132900 0.03280900 0.08299300
v -0.00262500 0.03274400 0.08298500
v -0.00408000 0.03285800 0.08291800
v -0.00391800 0.03263900 0.08297700
v -0.00520800 0.03249600 0.08296900
v -0.00608200 0.03253500 0.08293700
v -0.00605800 0.03237700 0.08296300
v -0.00308200 0.03311500 0.08277800
v -0.00334700 0.03309500 0.08277600
v -0.00368800 0.03306700 0.08277200
v -0.00414100 0.03302500 0.08276800
v -0.00460300 0.03297700 0.08276300
v -0.00610200 0.03267600 0.08286200
v -0.00500200 0.03293200 0.08275900
v -0.00528800 0.03289700 0.08275600
v -0.00555800 0.03286300 0.08275300
v -0.00573100 0.03283900 0.08275100
v -0.00593600 0.03281100 0.08274800
v -0.00611800 0.03278500 0.08274500
v -0.00003200 0.03283200 0.08300100
v -0.00638100 0.03039800 0.08296100
v -0.00605800 0.03039800 0.08296300
v -0.00605800 0.03039800 0.08296300
v -0.00638100 0.03232300 0.08296100
v -0.00638100 0.03232300 0.08296100
v -0.00605800 0.03237700 0.08296300
v -0.00605800 0.03039800 0.08296300
v -0.00520800 0.03039800 0.08296900
v -0.00605800 0.03237700 0.08296300
v -0.00520800 0.03249600 0.08296900
v -0.00520800 0.03249600 0.08296900
v -0.00520800 0.03039800 0.08296900
v -0.00391800 0.03263900 0.08297700
v -0.00262500 0.03274400 0.08298500
v -0.00132900 0.03280900 0.08299300
v 0.00342600 0.03039800 0.08302300
v -0.00003200 0.03283200 0.08300100
v 0.00168300 0.03279200 0.08301200
v 0.00342600 0.03267800 0.08302300
v 0.00342600 0.03267800 0.08302300
v 0.00342600 0.03039800 0.08302300
v 0.00514400 0.03249400 0.08303400
v 0.00514400 0.03039800 0.08303400
v 0.00514400 0.03249400 0.08303400
v 0.00514400 0.03039800 0.08303400
v 0.00514400 0.03039800 0.08303400
v 0.00514400 0.03039800 0.08303400
v 0.00522100 0.03248400 0.08303400
v 0.00522100 0.03248400 0.08303400
v 0.00566200 0.03242600 0.08303700
v 0.00566200 0.03242600 0.08303700
v 0.00591700 0.03238900 0.08303900
v 0.00591700 0.03238900 0.08303900
v 0.00631800 0.03039800 0.08304100
v 0.00631800 0.03039800 0.08304100
v 0.00631800 0.03232300 0.08304100
v 0.00645600 0.03273400 0.07326900
v 0.00644100 0.03264900 0.07316700
v 0.00611800 0.03278500 0.07325800
v 0.00610200 0.03267600 0.07314100
v 0.00642300 0.03255100 0.07309900
v 0.00608100 0.03253500 0.07306500
v 0.00638100 0.03232300 0.07304100
v 0.00605800 0.03237700 0.07303900
v 0.00003000 0.03322500 0.07319200
v 0.00149600 0.03320000 0.07320700
v 0.00003100 0.03305000 0.07305400
v 0.00205800 0.03301100 0.07307200
v 0.00132800 0.03280900 0.07301000
v 0.00262400 0.03274400 0.07301800
v 0.00408000 0.03285800 0.07308500
v 0.00391800 0.03263900 0.07302600
v 0.00520700 0.03249600 0.07303400
v 0.00608100 0.03253500 0.07306500
v 0.00542000 0.03246800 0.07303500
v 0.00563300 0.03243900 0.07303700
v 0.00584500 0.03240800 0.07303800
v 0.00605800 0.03237700 0.07303900
v 0.00308200 0.03311500 0.07322400
v 0.00334800 0.03309500 0.07322700
v 0.00369000 0.03306600 0.07323100
v 0.00414000 0.03302500 0.07323500
v 0.00460200 0.03297700 0.07324000
v 0.00500900 0.03293100 0.07324300
v 0.00610200 0.03267600 0.07314100
v 0.00529100 0.03289700 0.07324700
v 0.00555700 0.03286300 0.07325000
v 0.00573100 0.03283900 0.07325200
v 0.00593600 0.03281100 0.07325500
v 0.00611800 0.03278500 0.07325800
v 0.00003100 0.03283200 0.07300200
v -0.00639600 0.03273400 0.07318800
v -0.00559400 0.03285000 0.07317600
v -0.00637500 0.03262500 0.07306700
v -0.00583200 0.03266500 0.07304100
v -0.00634800 0.03248200 0.07298900
v -0.00581300 0.03253900 0.07298500
v -0.00631900 0.03232300 0.07296200
v -0.00591800 0.03238900 0.07296400
v -0.00566300 0.03242600 0.07296600
v -0.00528500 0.03260900 0.07298800
v -0.00514400 0.03249400 0.07296900
v -0.00475500 0.03267300 0.07299100
v -0.00396000 0.03275800 0.07299500
v -0.00397200 0.03288200 0.07304900
v -0.00317400 0.03295100 0.07305200
v -0.00394200 0.03303800 0.07318400
v -0.00299300 0.03311700 0.07318600
v -0.00360200 0.03306900 0.07318500
v -0.00323500 0.03309900 0.07318600
v -0.00530100 0.03273400 0.07304200
v -0.00482100 0.03294600 0.07318100
v -0.00477100 0.03279700 0.07304500
v -0.00463200 0.03296700 0.07318200
v -0.00454400 0.03297700 0.07318200
v -0.00431100 0.03300200 0.07318200
v -0.00290700 0.03312300 0.07318600
v -0.00265800 0.03314000 0.07318700
v -0.00239000 0.03315600 0.07318700
v -0.00157300 0.03304400 0.07305900
v -0.00201800 0.03317600 0.07318700
v -0.00158300 0.03319500 0.07318800
v 0.00003000 0.03322500 0.07319200
v -0.00085500 0.03321600 0.07318900
v -0.00038600 0.03322300 0.07319000
v 0.00003100 0.03305000 0.07305400
v -0.00156800 0.03292200 0.07300900
v -0.00316400 0.03282700 0.07300000
v -0.00168300 0.03279200 0.07299100
v -0.00342700 0.03267800 0.07298000
v 0.00003100 0.03283200 0.07300200
v -0.00522100 0.03248400 0.07296800
v -0.00638100 0.02754800 0.08296100
v 0.00631800 0.02754800 0.08304100
v -0.00638100 0.02839800 0.08296100
v 0.00631800 0.02839800 0.08304100
v 0.00631800 0.02839800 0.08304100
v 0.00631800 0.02754800 0.08304100
v 0.00710100 0.02839800 0.08298500
v 0.00710100 0.02754800 0.08298500
v 0.00786500 0.02754800 0.08280600
v 0.00786500 0.02839800 0.08280600
v 0.00859200 0.02754800 0.08251100
v 0.00859200 0.02839800 0.08251100
v 0.00926300 0.02754800 0.08210500
v 0.00926300 0.02839800 0.08210500
v 0.00986300 0.02754800 0.08159900
v 0.00986300 0.02839800 0.08159900
v 0.01037600 0.02754800 0.08100600
v 0.01037600 0.02839800 0.08100600
v 0.01079000 0.02754800 0.08033900
v 0.01079000 0.02839800 0.08033900
v 0.01109500 0.02754800 0.07961600
v 0.01109500 0.02839800 0.07961600
v 0.01128300 0.02754800 0.07885500
v 0.01128300 0.02839800 0.07885500
v 0.01135000 0.02754800 0.07807300
v 0.01135000 0.02839800 0.07807300
v 0.01129300 0.02754800 0.07729000
v 0.01129300 0.02839800 0.07729000
v 0.01111500 0.02754800 0.07652600
v 0.01111500 0.02839800 0.07652600
v 0.01081900 0.02754800 0.07579900
v 0.01081900 0.02839800 0.07579900
v 0.01041300 0.02754800 0.07512800
v 0.01041300 0.02839800 0.07512800
v 0.00990700 0.02754800 0.07452800
v 0.00990700 0.02839800 0.07452800
v 0.00931400 0.02754800 0.07401500
v 0.00931400 0.02839800 0.07401500
v 0.00864800 0.02754800 0.07360100
v 0.00864800 0.02839800 0.07360100
v 0.00792500 0.02754800 0.07329600
v 0.00792500 0.02839800 0.07329600
v 0.00716300 0.02754800 0.07310800
v 0.00716300 0.02839800 0.07310800
v 0.00638100 0.02754800 0.07304100
v 0.00638100 0.02839800 0.07304100
v 0.00638100 0.02754800 0.07304100
v -0.00631900 0.02754800 0.07296200
v 0.00638100 0.02839800 0.07304100
v -0.00631900 0.02839800 0.07296200
v 0.00631800 0.02939800 0.08314100
v 0.00631800 0.02839800 0.08314100
v 0.00707800 0.02939800 0.08308900
v 0.00707800 0.02839800 0.08308900
v 0.00782200 0.02839800 0.08292400
v 0.00782200 0.02939800 0.08292400
v 0.00853400 0.02839800 0.08265000
v 0.00853400 0.02939800 0.08265000
v 0.00919600 0.02839800 0.08227300
v 0.00919600 0.02939800 0.08227300
v 0.00979500 0.02839800 0.08180200
v 0.00979500 0.02939800 0.08180200
v 0.01031700 0.02839800 0.08124600
v 0.01031700 0.02939800 0.08124600
v 0.01075000 0.02839800 0.08061900
v 0.01075000 0.02939800 0.08061900
v 0.01108500 0.02839800 0.07993400
v 0.01108500 0.02939800 0.07993400
v 0.01131500 0.02839800 0.07920700
v 0.01131500 0.02939800 0.07920700
v 0.01143300 0.02839800 0.07845400
v 0.01143300 0.02939800 0.07845400
v 0.01143800 0.02839800 0.07769200
v 0.01143800 0.02939800 0.07769200
v 0.01132900 0.02839800 0.07693800
v 0.01132900 0.02939800 0.07693800
v 0.01110900 0.02839800 0.07620800
v 0.01110900 0.02939800 0.07620800
v 0.01078200 0.02839800 0.07551900
v 0.01078200 0.02939800 0.07551900
v 0.01035700 0.02839800 0.07488700
v 0.01035700 0.02939800 0.07488700
v 0.00984200 0.02839800 0.07432500
v 0.00984200 0.02939800 0.07432500
v 0.00924900 0.02839800 0.07384600
v 0.00924900 0.02939800 0.07384600
v 0.00859100 0.02839800 0.07346000
v 0.00859100 0.02939800 0.07346000
v 0.00788400 0.02839800 0.07317700
v 0.00788400 0.02939800 0.07317700
v 0.00714100 0.02839800 0.07300300
v 0.00714100 0.02939800 0.07300300
v 0.00638200 0.02939800 0.07294100
v 0.00638200 0.02839800 0.07294100
v -0.00637200 0.02939800 0.08146100
v -0.00637200 0.03039800 0.08146100
v -0.00701500 0.02939800 0.08139800
v -0.00701500 0.03039800 0.08139800
v -0.00763500 0.02939800 0.08121700
v -0.00763500 0.03039800 0.08121700
v -0.00821100 0.02939800 0.08092600
v -0.00821100 0.03039800 0.08092600
v -0.00872400 0.02939800 0.08053300
v -0.00872400 0.03039800 0.08053300
v -0.00915600 0.02939800 0.08005300
v -0.00915600 0.03039800 0.08005300
v -0.00949300 0.02939800 0.07950200
v -0.00949300 0.03039800 0.07950200
v -0.00972200 0.02939800 0.07889800
v -0.00972200 0.03039800 0.07889800
v -0.00983700 0.02939800 0.07826300
v -0.00983700 0.03039800 0.07826300
v -0.00983300 0.02939800 0.07761700
v -0.00983300 0.03039800 0.07761700
v -0.00971000 0.02939800 0.07698200
v -0.00971000 0.03039800 0.07698200
v -0.00947300 0.02939800 0.07638200
v -0.00947300 0.03039800 0.07638200
v -0.00913000 0.02939800 0.07583500
v -0.00913000 0.03039800 0.07583500
v -0.00869200 0.02939800 0.07536000
v -0.00869200 0.03039800 0.07536000
v -0.00817400 0.02939800 0.07497400
v -0.00817400 0.03039800 0.07497400
v -0.00759400 0.02939800 0.07469000
v -0.00759400 0.03039800 0.07469000
v -0.00697100 0.02939800 0.07451700
v -0.00697100 0.03039800 0.07451700
v -0.00632800 0.02939800 0.07446200
v -0.00632800 0.03039800 0.07446200
v 0.00645600 0.03273400 0.07326900
v 0.00697400 0.03264500 0.07331000
v 0.00644100 0.03264900 0.07316700
v 0.00710100 0.03254400 0.07323400
v 0.00709300 0.03244300 0.07315800
v 0.00774900 0.03242500 0.07337900
v 0.00775000 0.03232500 0.07330300
v 0.00836900 0.03230200 0.07360800
v 0.00838000 0.03220200 0.07353600
v 0.00895100 0.03217600 0.07391800
v 0.00897100 0.03207800 0.07385000
v 0.00951600 0.03204700 0.07432800
v 0.00954500 0.03195000 0.07426600
v 0.01001700 0.03192600 0.07481400
v 0.01005300 0.03183000 0.07476000
v 0.01045500 0.03181400 0.07538500
v 0.01049800 0.03171900 0.07533900
v 0.01080500 0.03172000 0.07601600
v 0.01085300 0.03162600 0.07598200
v 0.01105800 0.03164900 0.07669400
v 0.01111100 0.03155600 0.07667100
v 0.01120800 0.03160600 0.07740200
v 0.01126200 0.03151400 0.07739100
v 0.01124900 0.03159400 0.07802700
v 0.01130400 0.03150100 0.07802600
v 0.01120900 0.03160500 0.07865200
v 0.01126400 0.03151200 0.07866200
v 0.01109100 0.03163600 0.07926700
v 0.01114400 0.03154300 0.07928800
v 0.01089600 0.03168900 0.07986100
v 0.01094500 0.03159500 0.07989100
v 0.01062500 0.03176000 0.08042200
v 0.01067100 0.03166600 0.08046200
v 0.01028500 0.03184900 0.08094200
v 0.01032500 0.03175300 0.08099100
v 0.00988100 0.03195000 0.08141500
v 0.00991500 0.03185400 0.08147100
v 0.00942100 0.03206000 0.08183300
v 0.00944800 0.03196300 0.08189600
v 0.00885700 0.03218600 0.08222300
v 0.00887400 0.03208800 0.08229200
v 0.00824200 0.03231500 0.08252900
v 0.00825100 0.03221600 0.08260200
v 0.00759000 0.03244500 0.08274800
v 0.00758800 0.03234500 0.08282400
v 0.00690900 0.03256900 0.08287500
v 0.00689800 0.03246900 0.08295000
v 0.00637500 0.03262500 0.08293600
v 0.00634800 0.03248200 0.08301400
v 0.00737000 0.03257200 0.07337800
v 0.00774400 0.03250100 0.07347300
v 0.00827100 0.03239400 0.07366400
v 0.00860700 0.03232300 0.07382400
v 0.00909500 0.03221300 0.07411600
v 0.00947000 0.03212500 0.07439900
v 0.00980600 0.03204300 0.07470800
v 0.01014300 0.03195700 0.07508600
v 0.01032400 0.03191000 0.07533000
v 0.01068100 0.03181400 0.07593300
v 0.01082500 0.03177300 0.07625300
v 0.01094200 0.03174000 0.07656900
v 0.01101900 0.03171800 0.07682600
v 0.01106200 0.03170500 0.07699900
v 0.01109300 0.03169600 0.07714600
v 0.01115800 0.03167700 0.07760900
v 0.01117800 0.03167100 0.07807700
v 0.01114100 0.03168000 0.07863600
v 0.01106600 0.03170100 0.07906500
v 0.01095100 0.03173200 0.07948700
v 0.01079800 0.03177400 0.07990000
v 0.01062500 0.03182100 0.08026100
v 0.01047400 0.03186200 0.08052500
v 0.01035200 0.03189400 0.08071300
v 0.01012000 0.03195500 0.08102400
v 0.00975800 0.03204600 0.08142200
v 0.00960700 0.03208300 0.08156500
v 0.00998800 0.03198900 0.08118000
v 0.00986200 0.03202000 0.08131600
v 0.00941100 0.03212900 0.08173200
v 0.00903700 0.03221500 0.08200600
v 0.00864200 0.03230300 0.08224100
v 0.00821900 0.03239300 0.08244100
v 0.00793200 0.03245200 0.08255000
v 0.00768500 0.03250200 0.08262700
v 0.00742800 0.03255200 0.08269200
v 0.00732700 0.03257100 0.08271300
v 0.00719300 0.03259600 0.08273900
v 0.00710600 0.03261200 0.08275300
v 0.00686400 0.03265500 0.08278500
v 0.00666900 0.03268900 0.08280300
v 0.00652600 0.03271200 0.08281100
v 0.00645900 0.03272400 0.08281400
v 0.00639600 0.03273400 0.08281500
v 0.00688200 0.03235300 0.08299800
v 0.00631800 0.03232300 0.08304100
v 0.00686100 0.03223300 0.08301500
v 0.00739400 0.03214200 0.08293100
v 0.00757700 0.03223000 0.08287300
v 0.00794100 0.03204000 0.08278100
v 0.00824700 0.03210200 0.08265200
v 0.00845500 0.03194200 0.08257600
v 0.00887700 0.03197700 0.08234000
v 0.00894100 0.03184600 0.08231700
v 0.00931100 0.03176900 0.08207000
v 0.00945800 0.03185300 0.08194100
v 0.00965800 0.03169400 0.08179100
v 0.00993000 0.03174500 0.08151200
v 0.00997800 0.03162300 0.08148200
v 0.01027000 0.03155500 0.08114500
v 0.01034500 0.03164700 0.08102700
v 0.01053000 0.03149300 0.08078400
v 0.01069600 0.03156100 0.08049200
v 0.01089400 0.03140500 0.08012700
v 0.01097400 0.03149100 0.07991500
v 0.01104800 0.03136800 0.07975100
v 0.01117500 0.03144000 0.07930400
v 0.01117200 0.03133700 0.07936400
v 0.01126300 0.03131500 0.07896700
v 0.01129700 0.03140900 0.07867000
v 0.01132400 0.03130000 0.07854800
v 0.01133800 0.03139900 0.07802600
v 0.01134900 0.03129400 0.07814100
v 0.01134000 0.03129700 0.07773300
v 0.01129600 0.03141100 0.07738200
v 0.01129100 0.03130900 0.07728100
v 0.01121200 0.03133000 0.07687600
v 0.01114200 0.03145300 0.07665300
v 0.01110000 0.03136000 0.07648000
v 0.01088000 0.03152100 0.07595500
v 0.01095500 0.03139700 0.07609400
v 0.01077900 0.03144100 0.07572200
v 0.01052000 0.03161300 0.07530600
v 0.01057400 0.03149100 0.07536600
v 0.01025300 0.03156800 0.07491700
v 0.01007000 0.03172200 0.07472000
v 0.00997200 0.03163300 0.07459500
v 0.00955500 0.03184000 0.07422100
v 0.00963200 0.03170900 0.07426900
v 0.00900600 0.03184300 0.07380600
v 0.00897400 0.03196700 0.07380200
v 0.00858400 0.03192900 0.07356800
v 0.00837700 0.03208900 0.07348600
v 0.00814100 0.03201500 0.07337300
v 0.00774100 0.03221100 0.07325400
v 0.00772900 0.03209100 0.07323500
v 0.00732500 0.03216300 0.07313700
v 0.00707800 0.03232800 0.07311000
v 0.00691400 0.03223300 0.07307300
v 0.00638100 0.03232300 0.07304100
v 0.00642300 0.03255100 0.07309900
v 0.00645900 0.03272400 0.08281400
v 0.00652600 0.03271200 0.08281100
v 0.00639600 0.03273400 0.08281500
v 0.00666900 0.03268900 0.08280300
v 0.00681500 0.03274700 0.08266100
v 0.00686400 0.03265500 0.08278500
v 0.00710600 0.03261200 0.08275300
v 0.00723300 0.03267000 0.08260100
v 0.00719300 0.03259600 0.08273900
v 0.00732700 0.03257100 0.08271300
v 0.00742800 0.03255200 0.08269200
v 0.00764400 0.03259100 0.08250300
v 0.00709000 0.03280800 0.08244900
v 0.00749400 0.03273000 0.08236300
v 0.00694700 0.03294600 0.08229800
v 0.00734500 0.03286800 0.08222400
v 0.00788900 0.03265100 0.08223900
v 0.00773400 0.03279100 0.08211200
v 0.00827000 0.03257300 0.08207900
v 0.00811100 0.03271300 0.08196300
v 0.00863500 0.03249600 0.08188500
v 0.00847300 0.03263800 0.08177900
v 0.00898200 0.03242100 0.08165700
v 0.00881600 0.03256400 0.08156200
v 0.00930600 0.03234800 0.08139900
v 0.00913800 0.03249300 0.08131400
v 0.00960600 0.03227800 0.08111100
v 0.00943600 0.03242500 0.08103700
v 0.00987800 0.03221400 0.08079500
v 0.00970600 0.03236100 0.08073100
v 0.01011800 0.03215500 0.08045400
v 0.00994600 0.03230400 0.08040000
v 0.01032600 0.03210400 0.08009200
v 0.01015300 0.03225300 0.08004600
v 0.01050000 0.03206000 0.07971100
v 0.01032600 0.03221000 0.07967400
v 0.01063900 0.03202400 0.07931400
v 0.01046400 0.03217600 0.07928700
v 0.01074000 0.03199800 0.07890700
v 0.01056500 0.03215000 0.07888800
v 0.01080300 0.03198200 0.07849000
v 0.01062800 0.03213400 0.07848100
v 0.01082600 0.03197600 0.07806900
v 0.01065100 0.03212900 0.07806800
v 0.01080900 0.03198200 0.07764800
v 0.01063300 0.03213400 0.07765500
v 0.01075100 0.03199800 0.07723100
v 0.01057500 0.03215000 0.07724700
v 0.01065400 0.03202400 0.07682200
v 0.01047900 0.03217600 0.07684700
v 0.01052100 0.03206000 0.07642400
v 0.01034600 0.03221000 0.07645800
v 0.01035100 0.03210400 0.07604100
v 0.01017700 0.03225300 0.07608400
v 0.01014800 0.03215500 0.07567600
v 0.00997500 0.03230400 0.07572800
v 0.00991200 0.03221300 0.07533200
v 0.00974000 0.03236100 0.07539400
v 0.00964400 0.03227800 0.07501300
v 0.00947300 0.03242400 0.07508500
v 0.00934800 0.03234700 0.07472100
v 0.00917900 0.03249200 0.07480300
v 0.00902700 0.03242000 0.07445900
v 0.00886000 0.03256400 0.07455100
v 0.00868400 0.03249600 0.07422700
v 0.00851900 0.03263800 0.07433000
v 0.00832100 0.03257300 0.07402700
v 0.00816000 0.03271400 0.07414200
v 0.00794100 0.03265100 0.07386300
v 0.00778500 0.03279100 0.07398800
v 0.00754800 0.03272900 0.07373400
v 0.00739700 0.03286800 0.07387200
v 0.00714500 0.03280700 0.07364300
v 0.00699900 0.03294600 0.07379200
v 0.00673400 0.03288400 0.07358900
v 0.00659600 0.03302200 0.07375000
v 0.00590500 0.03302900 0.07356400
v 0.00496600 0.03328500 0.07373300
v 0.00507100 0.03314800 0.07355800
v 0.00339400 0.03332500 0.07354800
v 0.00346500 0.03319100 0.07337300
v 0.00346500 0.03319100 0.07337300
v 0.00174800 0.03330700 0.07336200
v 0.00308200 0.03311500 0.07322400
v 0.00149600 0.03320000 0.07320700
v 0.00768500 0.03250200 0.08262700
v 0.00793200 0.03245200 0.08255000
v 0.00804300 0.03251200 0.08236700
v 0.00821900 0.03239300 0.08244100
v 0.00842900 0.03243200 0.08219600
v 0.00864200 0.03230300 0.08224100
v 0.00879800 0.03235400 0.08199000
v 0.00903700 0.03221500 0.08200600
v 0.00914800 0.03227700 0.08175200
v 0.00941100 0.03212900 0.08173200
v 0.00947500 0.03220300 0.08148300
v 0.00960700 0.03208300 0.08156500
v 0.00975800 0.03204600 0.08142200
v 0.00977600 0.03213200 0.08118500
v 0.00986200 0.03202000 0.08131600
v 0.00998800 0.03198900 0.08118000
v 0.01012000 0.03195500 0.08102400
v 0.01004900 0.03206600 0.08085900
v 0.01035200 0.03189400 0.08071300
v 0.01029100 0.03200700 0.08050900
v 0.01047400 0.03186200 0.08052500
v 0.01062500 0.03182100 0.08026100
v 0.01050000 0.03195400 0.08013700
v 0.01079800 0.03177400 0.07990000
v 0.01067400 0.03190900 0.07974700
v 0.01095100 0.03173200 0.07948700
v 0.01081300 0.03187300 0.07934200
v 0.01106600 0.03170100 0.07906500
v 0.01091500 0.03184600 0.07892500
v 0.01114100 0.03168000 0.07863600
v 0.01097800 0.03183000 0.07850000
v 0.01117800 0.03167100 0.07807700
v 0.01100200 0.03182400 0.07807100
v 0.01098400 0.03183000 0.07764100
v 0.01115800 0.03167700 0.07760900
v 0.01092600 0.03184600 0.07721500
v 0.01109300 0.03169600 0.07714600
v 0.01106200 0.03170500 0.07699900
v 0.01082900 0.03187300 0.07679700
v 0.01101900 0.03171800 0.07682600
v 0.01094200 0.03174000 0.07656900
v 0.01069500 0.03190900 0.07639000
v 0.01082500 0.03177300 0.07625300
v 0.01052600 0.03195400 0.07599800
v 0.01068100 0.03181400 0.07593300
v 0.01032100 0.03200700 0.07562400
v 0.01032400 0.03191000 0.07533000
v 0.01008400 0.03206600 0.07527000
v 0.01014300 0.03195700 0.07508600
v 0.00981500 0.03213200 0.07494100
v 0.00980600 0.03204300 0.07470800
v 0.00951700 0.03220300 0.07464000
v 0.00947000 0.03212500 0.07439900
v 0.00919400 0.03227700 0.07436600
v 0.00909500 0.03221300 0.07411600
v 0.00884800 0.03235400 0.07412400
v 0.00860700 0.03232300 0.07382400
v 0.00848200 0.03243300 0.07391300
v 0.00827100 0.03239400 0.07366400
v 0.00809800 0.03251200 0.07373700
v 0.00774400 0.03250100 0.07347300
v 0.00769900 0.03259100 0.07359700
v 0.00737000 0.03257200 0.07337800
v 0.00729000 0.03266900 0.07349400
v 0.00697400 0.03264500 0.07331000
v 0.00687300 0.03274600 0.07342800
v 0.00645600 0.03273400 0.07326900
v 0.00602700 0.03289000 0.07338900
v 0.00611800 0.03278500 0.07325800
v 0.00593600 0.03281100 0.07325500
v 0.00573100 0.03283900 0.07325200
v 0.00517500 0.03301000 0.07338400
v 0.00555700 0.03286300 0.07325000
v 0.00529100 0.03289700 0.07324700
v 0.00500900 0.03293100 0.07324300
v 0.00460200 0.03297700 0.07324000
v 0.00414000 0.03302500 0.07323500
v 0.00369000 0.03306600 0.07323100
v 0.00334800 0.03309500 0.07322700
v 0.00334800 0.03309500 0.07322700
v 0.00003000 0.03322500 0.07319200
v 0.00002700 0.03362700 0.07370200
v 0.00171300 0.03344200 0.07353700
v 0.00167700 0.03357700 0.07371200
v 0.00332400 0.03345900 0.07372200
v 0.00654300 0.03302400 0.08233100
v 0.00667900 0.03288500 0.08249600
v 0.00584900 0.03302900 0.08251400
v 0.00491200 0.03328600 0.08233100
v 0.00501500 0.03314800 0.08250600
v 0.00327000 0.03345900 0.08232200
v 0.00333800 0.03332500 0.08249700
v 0.00249800 0.03339100 0.08249200
v 0.00340600 0.03319100 0.08267300
v 0.00254900 0.03325700 0.08266700
v 0.00299200 0.03311700 0.08281700
v 0.00290600 0.03312300 0.08281700
v 0.00265800 0.03314000 0.08281600
v 0.00238900 0.03315600 0.08281600
v 0.00169000 0.03330700 0.08266200
v 0.00201800 0.03317600 0.08281500
v 0.00158200 0.03319500 0.08281500
v 0.00085500 0.03321600 0.08281400
v 0.00165700 0.03344200 0.08248700
v -0.00002700 0.03362700 0.08230100
v 0.00162300 0.03357600 0.08231200
v -0.00003000 0.03322500 0.08281100
v 0.00038500 0.03322300 0.08281200
v 0.00323400 0.03309900 0.08281700
v 0.00360200 0.03306900 0.08281800
v 0.00394200 0.03303800 0.08281900
v 0.00431000 0.03300200 0.08282000
v 0.00511700 0.03301000 0.08268100
v 0.00454400 0.03297700 0.08282100
v 0.00463200 0.03296700 0.08282100
v 0.00482000 0.03294600 0.08282100
v 0.00559400 0.03285000 0.08282600
v 0.00596800 0.03288900 0.08269000
v -0.00680100 0.02939800 0.07298200
v -0.00632800 0.02939800 0.07446200
v -0.00631900 0.02939800 0.07296200
v 0.00637200 0.02939800 0.07454100
v 0.00638100 0.02939800 0.07304100
v 0.00686300 0.02939800 0.07306800
v 0.00734700 0.02939800 0.07314200
v 0.00782500 0.02939800 0.07326400
v 0.00829200 0.02939800 0.07343400
v 0.00701400 0.02939800 0.07460500
v 0.00874000 0.02939800 0.07364900
v 0.00916200 0.02939800 0.07390700
v 0.00763500 0.02939800 0.07478600
v 0.00955200 0.02939800 0.07420200
v 0.00990700 0.02939800 0.07452800
v 0.00821100 0.02939800 0.07507700
v 0.01022900 0.02939800 0.07488700
v 0.00872400 0.02939800 0.07547000
v 0.01051900 0.02939800 0.07528200
v 0.00915600 0.02939800 0.07595000
v 0.01077100 0.02939800 0.07570700
v 0.01098100 0.02939800 0.07615700
v 0.00949300 0.02939800 0.07650100
v 0.01114500 0.02939800 0.07662600
v 0.00972200 0.02939800 0.07710500
v 0.01126100 0.02939800 0.07710600
v 0.01132900 0.02939800 0.07759100
v 0.00983700 0.02939800 0.07774000
v 0.01135000 0.02939800 0.07807300
v 0.00983300 0.02939800 0.07838600
v 0.01132300 0.02939800 0.07855400
v 0.00971000 0.02939800 0.07902000
v 0.01124900 0.02939800 0.07903800
v 0.01112700 0.02939800 0.07951700
v 0.00947300 0.02939800 0.07962100
v 0.01095700 0.02939800 0.07998400
v 0.00912900 0.02939800 0.08016800
v 0.01074200 0.02939800 0.08043100
v 0.01048400 0.02939800 0.08085300
v 0.00869100 0.02939800 0.08064300
v 0.01018900 0.02939800 0.08124400
v 0.00817300 0.02939800 0.08102900
v 0.00986300 0.02939800 0.08159900
v 0.00759400 0.02939800 0.08131300
v 0.00950400 0.02939800 0.08192100
v 0.00910900 0.02939800 0.08221100
v 0.00697100 0.02939800 0.08148600
v 0.00868400 0.02939800 0.08246300
v 0.00823400 0.02939800 0.08267300
v 0.00632800 0.02939800 0.08154100
v 0.00776500 0.02939800 0.08283700
v 0.00728500 0.02939800 0.08295300
v 0.00680000 0.02939800 0.08302100
v 0.00631800 0.02939800 0.08304100
v -0.00637200 0.02939800 0.08146100
v -0.00638100 0.02939800 0.08296100
v -0.00686300 0.02939800 0.08293500
v -0.00734700 0.02939800 0.08286100
v -0.00782600 0.02939800 0.08273900
v -0.00829200 0.02939800 0.08256900
v -0.00701500 0.02939800 0.08139800
v -0.00874000 0.02939800 0.08235300
v -0.00916200 0.02939800 0.08209600
v -0.00763500 0.02939800 0.08121700
v -0.00955300 0.02939800 0.08180100
v -0.00990800 0.02939800 0.08147500
v -0.00821100 0.02939800 0.08092600
v -0.01023000 0.02939800 0.08111500
v -0.00872400 0.02939800 0.08053300
v -0.01051900 0.02939800 0.08072100
v -0.00915600 0.02939800 0.08005300
v -0.01077200 0.02939800 0.08029600
v -0.01098100 0.02939800 0.07984600
v -0.00949300 0.02939800 0.07950200
v -0.01114500 0.02939800 0.07937700
v -0.00972200 0.02939800 0.07889800
v -0.01126200 0.02939800 0.07889700
v -0.01133000 0.02939800 0.07841200
v -0.00983700 0.02939800 0.07826300
v -0.01135000 0.02939800 0.07793000
v -0.00983300 0.02939800 0.07761700
v -0.01132400 0.02939800 0.07744800
v -0.00971000 0.02939800 0.07698200
v -0.01125000 0.02939800 0.07696500
v -0.01112700 0.02939800 0.07648600
v -0.00947300 0.02939800 0.07638200
v -0.01095700 0.02939800 0.07601900
v -0.00913000 0.02939800 0.07583500
v -0.01074200 0.02939800 0.07557200
v -0.01048400 0.02939800 0.07515000
v -0.00869200 0.02939800 0.07536000
v -0.01019000 0.02939800 0.07475900
v -0.00817400 0.02939800 0.07497400
v -0.00986300 0.02939800 0.07440400
v -0.00759400 0.02939800 0.07469000
v -0.00950400 0.02939800 0.07408200
v -0.00911000 0.02939800 0.07379200
v -0.00697100 0.02939800 0.07451700
v -0.00868500 0.02939800 0.07354000
v -0.00823400 0.02939800 0.07333000
v -0.00776600 0.02939800 0.07316600
v -0.00728500 0.02939800 0.07305000
v -0.00631900 0.02839800 0.07296200
v -0.00631900 0.02754800 0.07296200
v -0.00710100 0.02839800 0.07301800
v -0.00710100 0.02754800 0.07301800
v -0.00786500 0.02754800 0.07319700
v -0.00786500 0.02839800 0.07319700
v -0.00859200 0.02754800 0.07349200
v -0.00859200 0.02839800 0.07349200
v -0.00926300 0.02754800 0.07389800
v -0.00926300 0.02839800 0.07389800
v -0.00986300 0.02754800 0.07440400
v -0.00986300 0.02839800 0.07440400
v -0.01037700 0.02754800 0.07499700
v -0.01037700 0.02839800 0.07499700
v -0.01079100 0.02754800 0.07566400
v -0.01079100 0.02839800 0.07566400
v -0.01109500 0.02754800 0.07638700
v -0.01109500 0.02839800 0.07638700
v -0.01128300 0.02754800 0.07714800
v -0.01128300 0.02839800 0.07714800
v -0.01135000 0.02754800 0.07793000
v -0.01135000 0.02839800 0.07793000
v -0.01129300 0.02754800 0.07871300
v -0.01129300 0.02839800 0.07871300
v -0.01111500 0.02754800 0.07947700
v -0.01111500 0.02839800 0.07947700
v -0.01081900 0.02754800 0.08020300
v -0.01081900 0.02839800 0.08020300
v -0.01041300 0.02754800 0.08087500
v -0.01041300 0.02839800 0.08087500
v -0.00990800 0.02754800 0.08147500
v -0.00990800 0.02839800 0.08147500
v -0.00931400 0.02754800 0.08198800
v -0.00931400 0.02839800 0.08198800
v -0.00864800 0.02754800 0.08240200
v -0.00864800 0.02839800 0.08240200
v -0.00792500 0.02754800 0.08270700
v -0.00792500 0.02839800 0.08270700
v -0.00716300 0.02754800 0.08289500
v -0.00716300 0.02839800 0.08289500
v -0.00638100 0.02754800 0.08296100
v -0.00638100 0.02839800 0.08296100
v -0.00707800 0.02939800 0.07291400
v -0.00707800 0.02939800 0.07291400
v -0.00680100 0.02939800 0.07298200
v -0.00631800 0.02939800 0.07286200
v -0.00631900 0.02939800 0.07296200
v 0.00638100 0.02939800 0.07304100
v -0.00728500 0.02939800 0.07305000
v -0.00728500 0.02939800 0.07305000
v -0.00782300 0.02939800 0.07307900
v -0.00782300 0.02939800 0.07307900
v -0.00782300 0.02939800 0.07307900
v -0.00776600 0.02939800 0.07316600
v -0.00823400 0.02939800 0.07333000
v -0.00823400 0.02939800 0.07333000
v -0.00853400 0.02939800 0.07335300
v -0.00853400 0.02939800 0.07335300
v -0.00868500 0.02939800 0.07354000
v -0.00919600 0.02939800 0.07373000
v -0.00911000 0.02939800 0.07379200
v -0.00950400 0.02939800 0.07408200
v -0.00979500 0.02939800 0.07420100
v -0.00986300 0.02939800 0.07440400
v -0.01031700 0.02939800 0.07475700
v -0.01019000 0.02939800 0.07475900
v -0.01048400 0.02939800 0.07515000
v -0.01075100 0.02939800 0.07538400
v -0.01074200 0.02939800 0.07557200
v -0.01108600 0.02939800 0.07606800
v -0.01095700 0.02939800 0.07601900
v -0.01112700 0.02939800 0.07648600
v -0.01131500 0.02939800 0.07679500
v -0.01125000 0.02939800 0.07696500
v -0.01143300 0.02939800 0.07754800
v -0.01132400 0.02939800 0.07744800
v -0.01135000 0.02939800 0.07793000
v -0.01143800 0.02939800 0.07831100
v -0.01133000 0.02939800 0.07841200
v -0.01126200 0.02939800 0.07889700
v -0.01132900 0.02939800 0.07906500
v -0.01114500 0.02939800 0.07937700
v -0.01110900 0.02939800 0.07979500
v -0.01098100 0.02939800 0.07984600
v -0.01077200 0.02939800 0.08029600
v -0.01078300 0.02939800 0.08048400
v -0.01051900 0.02939800 0.08072100
v -0.01035700 0.02939800 0.08111600
v -0.01023000 0.02939800 0.08111500
v -0.00990800 0.02939800 0.08147500
v -0.00984200 0.02939800 0.08167800
v -0.00955300 0.02939800 0.08180100
v -0.00924900 0.02939800 0.08215700
v -0.00916200 0.02939800 0.08209600
v -0.00874000 0.02939800 0.08235300
v -0.00859200 0.02939800 0.08254200
v -0.00859200 0.02939800 0.08254200
v -0.00829200 0.02939800 0.08256900
v -0.00829200 0.02939800 0.08256900
v -0.00788400 0.02939800 0.08282500
v -0.00788400 0.02939800 0.08282500
v -0.00788400 0.02939800 0.08282500
v -0.00782600 0.02939800 0.08273900
v -0.00782600 0.02939800 0.08273900
v -0.00734700 0.02939800 0.08286100
v -0.00734700 0.02939800 0.08286100
v -0.00734700 0.02939800 0.08286100
v -0.00714200 0.02939800 0.08300000
v -0.00714200 0.02939800 0.08300000
v -0.00686300 0.02939800 0.08293500
v -0.00638200 0.02939800 0.08306100
v -0.00638100 0.02939800 0.08296100
v 0.00631800 0.02939800 0.08314100
v 0.00631800 0.02939800 0.08304100
v 0.00680000 0.02939800 0.08302100
v 0.00707800 0.02939800 0.08308900
v 0.00728500 0.02939800 0.08295300
v 0.00782200 0.02939800 0.08292400
v 0.00776500 0.02939800 0.08283700
v 0.00823400 0.02939800 0.08267300
v 0.00853400 0.02939800 0.08265000
v 0.00868400 0.02939800 0.08246300
v 0.00919600 0.02939800 0.08227300
v 0.00910900 0.02939800 0.08221100
v 0.00950400 0.02939800 0.08192100
v 0.00979500 0.02939800 0.08180200
v 0.00986300 0.02939800 0.08159900
v 0.01031700 0.02939800 0.08124600
v 0.01018900 0.02939800 0.08124400
v 0.01048400 0.02939800 0.08085300
v 0.01075000 0.02939800 0.08061900
v 0.01074200 0.02939800 0.08043100
v 0.01108500 0.02939800 0.07993400
v 0.01095700 0.02939800 0.07998400
v 0.01112700 0.02939800 0.07951700
v 0.01131500 0.02939800 0.07920700
v 0.01124900 0.02939800 0.07903800
v 0.01143300 0.02939800 0.07845400
v 0.01132300 0.02939800 0.07855400
v 0.01135000 0.02939800 0.07807300
v 0.01143800 0.02939800 0.07769200
v 0.01132900 0.02939800 0.07759100
v 0.01126100 0.02939800 0.07710600
v 0.01132900 0.02939800 0.07693800
v 0.01114500 0.02939800 0.07662600
v 0.01110900 0.02939800 0.07620800
v 0.01098100 0.02939800 0.07615700
v 0.01077100 0.02939800 0.07570700
v 0.01078200 0.02939800 0.07551900
v 0.01051900 0.02939800 0.07528200
v 0.01035700 0.02939800 0.07488700
v 0.01022900 0.02939800 0.07488700
v 0.00990700 0.02939800 0.07452800
v 0.00984200 0.02939800 0.07432500
v 0.00955200 0.02939800 0.07420200
v 0.00924900 0.02939800 0.07384600
v 0.00916200 0.02939800 0.07390700
v 0.00874000 0.02939800 0.07364900
v 0.00859100 0.02939800 0.07346000
v 0.00829200 0.02939800 0.07343400
v 0.00788400 0.02939800 0.07317700
v 0.00782500 0.02939800 0.07326400
v 0.00734700 0.02939800 0.07314200
v 0.00714100 0.02939800 0.07300300
v 0.00686300 0.02939800 0.07306800
v 0.00638200 0.02939800 0.07294100
v -0.00707800 0.02839800 0.07291400
v -0.00631800 0.02839800 0.07286200
v -0.00631900 0.02839800 0.07296200
v 0.00638200 0.02839800 0.07294100
v 0.00638100 0.02839800 0.07304100
v 0.00714100 0.02839800 0.07300300
v 0.00716300 0.02839800 0.07310800
v 0.00788400 0.02839800 0.07317700
v 0.00792500 0.02839800 0.07329600
v 0.00859100 0.02839800 0.07346000
v 0.00864800 0.02839800 0.07360100
v 0.00924900 0.02839800 0.07384600
v 0.00931400 0.02839800 0.07401500
v 0.00984200 0.02839800 0.07432500
v 0.00990700 0.02839800 0.07452800
v 0.01035700 0.02839800 0.07488700
v 0.01041300 0.02839800 0.07512800
v 0.01078200 0.02839800 0.07551900
v 0.01081900 0.02839800 0.07579900
v 0.01110900 0.02839800 0.07620800
v 0.01111500 0.02839800 0.07652600
v 0.01132900 0.02839800 0.07693800
v 0.01129300 0.02839800 0.07729000
v 0.01143800 0.02839800 0.07769200
v 0.01135000 0.02839800 0.07807300
v 0.01143300 0.02839800 0.07845400
v 0.01128300 0.02839800 0.07885500
v 0.01131500 0.02839800 0.07920700
v 0.01109500 0.02839800 0.07961600
v 0.01108500 0.02839800 0.07993400
v 0.01079000 0.02839800 0.08033900
v 0.01075000 0.02839800 0.08061900
v 0.01037600 0.02839800 0.08100600
v 0.01031700 0.02839800 0.08124600
v 0.00986300 0.02839800 0.08159900
v 0.00979500 0.02839800 0.08180200
v 0.00926300 0.02839800 0.08210500
v 0.00919600 0.02839800 0.08227300
v 0.00859200 0.02839800 0.08251100
v 0.00853400 0.02839800 0.08265000
v 0.00786500 0.02839800 0.08280600
v 0.00782200 0.02839800 0.08292400
v 0.00710100 0.02839800 0.08298500
v 0.00707800 0.02839800 0.08308900
v 0.00631800 0.02839800 0.08304100
v 0.00631800 0.02839800 0.08314100
v -0.00638200 0.02839800 0.08306100
v -0.00638100 0.02839800 0.08296100
v -0.00714200 0.02839800 0.08300000
v -0.00716300 0.02839800 0.08289500
v -0.00788400 0.02839800 0.08282500
v -0.00792500 0.02839800 0.08270700
v -0.00859200 0.02839800 0.08254200
v -0.00864800 0.02839800 0.08240200
v -0.00924900 0.02839800 0.08215700
v -0.00931400 0.02839800 0.08198800
v -0.00984200 0.02839800 0.08167800
v -0.00990800 0.02839800 0.08147500
v -0.01035700 0.02839800 0.08111600
v -0.01041300 0.02839800 0.08087500
v -0.01078300 0.02839800 0.08048400
v -0.01081900 0.02839800 0.08020300
v -0.01110900 0.02839800 0.07979500
v -0.01111500 0.02839800 0.07947700
v -0.01132900 0.02839800 0.07906500
v -0.01129300 0.02839800 0.07871300
v -0.01143800 0.02839800 0.07831100
v -0.01135000 0.02839800 0.07793000
v -0.01143300 0.02839800 0.07754800
v -0.01128300 0.02839800 0.07714800
v -0.01131500 0.02839800 0.07679500
v -0.01109500 0.02839800 0.07638700
v -0.01108600 0.02839800 0.07606800
v -0.01079100 0.02839800 0.07566400
v -0.01075100 0.02839800 0.07538400
v -0.01037700 0.02839800 0.07499700
v -0.01031700 0.02839800 0.07475700
v -0.00986300 0.02839800 0.07440400
v -0.00979500 0.02839800 0.07420100
v -0.00926300 0.02839800 0.07389800
v -0.00919600 0.02839800 0.07373000
v -0.00859200 0.02839800 0.07349200
v -0.00853400 0.02839800 0.07335300
v -0.00786500 0.02839800 0.07319700
v -0.00782300 0.02839800 0.07307900
v -0.00710100 0.02839800 0.07301800
v -0.00631800 0.02939800 0.07286200
v -0.00631800 0.02839800 0.07286200
v -0.00707800 0.02939800 0.07291400
v -0.00707800 0.02839800 0.07291400
v -0.00782300 0.02839800 0.07307900
v -0.00782300 0.02939800 0.07307900
v -0.00853400 0.02839800 0.07335300
v -0.00853400 0.02939800 0.07335300
v -0.00919600 0.02839800 0.07373000
v -0.00919600 0.02939800 0.07373000
v -0.00979500 0.02839800 0.07420100
v -0.00979500 0.02939800 0.07420100
v -0.01031700 0.02839800 0.07475700
v -0.01031700 0.02939800 0.07475700
v -0.01075100 0.02839800 0.07538400
v -0.01075100 0.02939800 0.07538400
v -0.01108600 0.02839800 0.07606800
v -0.01108600 0.02939800 0.07606800
v -0.01131500 0.02839800 0.07679500
v -0.01131500 0.02939800 0.07679500
v -0.01143300 0.02839800 0.07754800
v -0.01143300 0.02939800 0.07754800
v -0.01143800 0.02839800 0.07831100
v -0.01143800 0.02939800 0.07831100
v -0.01132900 0.02839800 0.07906500
v -0.01132900 0.02939800 0.07906500
v -0.01110900 0.02839800 0.07979500
v -0.01110900 0.02939800 0.07979500
v -0.01078300 0.02839800 0.08048400
v -0.01078300 0.02939800 0.08048400
v -0.01035700 0.02839800 0.08111600
v -0.01035700 0.02939800 0.08111600
v -0.00984200 0.02839800 0.08167800
v -0.00984200 0.02939800 0.08167800
v -0.00924900 0.02839800 0.08215700
v -0.00924900 0.02939800 0.08215700
v -0.00859200 0.02839800 0.08254200
v -0.00859200 0.02939800 0.08254200
v -0.00788400 0.02839800 0.08282500
v -0.00788400 0.02939800 0.08282500
v -0.00714200 0.02839800 0.08300000
v -0.00714200 0.02939800 0.08300000
v -0.00638200 0.02939800 0.08306100
v -0.00638200 0.02839800 0.08306100
v 0.00710100 0.03039800 0.08298500
v 0.00631800 0.03039800 0.08304100
v 0.00632800 0.03039800 0.08154100
v 0.00514400 0.03039800 0.08303400
v 0.00342600 0.03039800 0.08302300
v -0.00637200 0.03039800 0.08146100
v -0.00520800 0.03039800 0.08296900
v -0.00605800 0.03039800 0.08296300
v -0.00638100 0.03039800 0.08296100
v -0.00716300 0.03039800 0.08289500
v -0.00792500 0.03039800 0.08270700
v -0.00701500 0.03039800 0.08139800
v -0.00864800 0.03039800 0.08240200
v -0.00931400 0.03039800 0.08198800
v -0.00763500 0.03039800 0.08121700
v -0.00990800 0.03039800 0.08147500
v -0.00821100 0.03039800 0.08092600
v -0.01041300 0.03039800 0.08087500
v -0.00872400 0.03039800 0.08053300
v -0.00915600 0.03039800 0.08005300
v -0.01081900 0.03039800 0.08020300
v -0.00949300 0.03039800 0.07950200
v -0.01111500 0.03039800 0.07947700
v -0.00972200 0.03039800 0.07889800
v -0.01129300 0.03039800 0.07871300
v -0.00983700 0.03039800 0.07826300
v -0.01135000 0.03039800 0.07793000
v -0.00983300 0.03039800 0.07761700
v -0.01128300 0.03039800 0.07714800
v -0.00971000 0.03039800 0.07698200
v -0.01109500 0.03039800 0.07638700
v -0.00947300 0.03039800 0.07638200
v -0.01079100 0.03039800 0.07566400
v -0.00913000 0.03039800 0.07583500
v -0.01037700 0.03039800 0.07499700
v -0.00869200 0.03039800 0.07536000
v -0.00817400 0.03039800 0.07497400
v -0.00986300 0.03039800 0.07440400
v -0.00759400 0.03039800 0.07469000
v -0.00926300 0.03039800 0.07389800
v -0.00697100 0.03039800 0.07451700
v -0.00859200 0.03039800 0.07349200
v -0.00786500 0.03039800 0.07319700
v -0.00632800 0.03039800 0.07446200
v -0.00710100 0.03039800 0.07301800
v -0.00631900 0.03039800 0.07296200
v -0.00514400 0.03039800 0.07296900
v -0.00342700 0.03039800 0.07298000
v 0.00003100 0.03039800 0.07300200
v 0.00637200 0.03039800 0.07454100
v 0.00520700 0.03039800 0.07303400
v 0.00605800 0.03039800 0.07303900
v 0.00638100 0.03039800 0.07304100
v 0.00716300 0.03039800 0.07310800
v 0.00792500 0.03039800 0.07329600
v 0.00701400 0.03039800 0.07460500
v 0.00864800 0.03039800 0.07360100
v 0.00931400 0.03039800 0.07401500
v 0.00763500 0.03039800 0.07478600
v 0.00990700 0.03039800 0.07452800
v 0.00821100 0.03039800 0.07507700
v 0.01041300 0.03039800 0.07512800
v 0.00872400 0.03039800 0.07547000
v 0.00915600 0.03039800 0.07595000
v 0.01081900 0.03039800 0.07579900
v 0.00949300 0.03039800 0.07650100
v 0.01111500 0.03039800 0.07652600
v 0.00972200 0.03039800 0.07710500
v 0.01129300 0.03039800 0.07729000
v 0.00983700 0.03039800 0.07774000
v 0.01135000 0.03039800 0.07807300
v 0.00983300 0.03039800 0.07838600
v 0.01128300 0.03039800 0.07885500
v 0.00971000 0.03039800 0.07902000
v 0.01109500 0.03039800 0.07961600
v 0.00947300 0.03039800 0.07962100
v 0.01079000 0.03039800 0.08033900
v 0.00912900 0.03039800 0.08016800
v 0.01037600 0.03039800 0.08100600
v 0.00869100 0.03039800 0.08064300
v 0.00817300 0.03039800 0.08102900
v 0.00986300 0.03039800 0.08159900
v 0.00759400 0.03039800 0.08131300
v 0.00926300 0.03039800 0.08210500
v 0.00697100 0.03039800 0.08148600
v 0.00859200 0.03039800 0.08251100
v 0.00786500 0.03039800 0.08280600
v -0.00645700 0.03273400 0.08273400
v -0.00697500 0.03264500 0.08269300
v -0.00644200 0.03264900 0.08283500
v -0.00710200 0.03254400 0.08276900
v -0.00709400 0.03244300 0.08284500
v -0.00774900 0.03242500 0.08262400
v -0.00775100 0.03232500 0.08269900
v -0.00836900 0.03230200 0.08239500
v -0.00838000 0.03220200 0.08246700
v -0.00895100 0.03217600 0.08208500
v -0.00897100 0.03207800 0.08215300
v -0.00951700 0.03204700 0.08167500
v -0.00954500 0.03195000 0.08173700
v -0.01001800 0.03192600 0.08118900
v -0.01005400 0.03183000 0.08124300
v -0.01045500 0.03181400 0.08061800
v -0.01049800 0.03171900 0.08066300
v -0.01080500 0.03172000 0.07998700
v -0.01085300 0.03162600 0.08002100
v -0.01105900 0.03164900 0.07930900
v -0.01111100 0.03155600 0.07933200
v -0.01120800 0.03160600 0.07860100
v -0.01126300 0.03151400 0.07861200
v -0.01124900 0.03159400 0.07797600
v -0.01130400 0.03150100 0.07797700
v -0.01121000 0.03160500 0.07735100
v -0.01126400 0.03151200 0.07734100
v -0.01109100 0.03163600 0.07673600
v -0.01114400 0.03154300 0.07671500
v -0.01089600 0.03168900 0.07614200
v -0.01094600 0.03159500 0.07611200
v -0.01062600 0.03176000 0.07558100
v -0.01067100 0.03166600 0.07554100
v -0.01028500 0.03184900 0.07506100
v -0.01032500 0.03175300 0.07501200
v -0.00988100 0.03195000 0.07458800
v -0.00991500 0.03185400 0.07453200
v -0.00942200 0.03206000 0.07417000
v -0.00944900 0.03196300 0.07410700
v -0.00885700 0.03218600 0.07378000
v -0.00887500 0.03208800 0.07371100
v -0.00824300 0.03231500 0.07347400
v -0.00825100 0.03221600 0.07340000
v -0.00759000 0.03244500 0.07325500
v -0.00758900 0.03234500 0.07317900
v -0.00690900 0.03256900 0.07312800
v -0.00689900 0.03246900 0.07305300
v -0.00637500 0.03262500 0.07306700
v -0.00634800 0.03248200 0.07298900
v -0.00737100 0.03257200 0.08262500
v -0.00774400 0.03250100 0.08252900
v -0.00827100 0.03239400 0.08233900
v -0.00860700 0.03232300 0.08217900
v -0.00909500 0.03221300 0.08188700
v -0.00947000 0.03212500 0.08160400
v -0.00980700 0.03204300 0.08129500
v -0.01014300 0.03195700 0.08091700
v -0.01032500 0.03191000 0.08067300
v -0.01068100 0.03181400 0.08007000
v -0.01082600 0.03177300 0.07975000
v -0.01094300 0.03174000 0.07943400
v -0.01101900 0.03171800 0.07917700
v -0.01106200 0.03170500 0.07900400
v -0.01109300 0.03169600 0.07885700
v -0.01115800 0.03167700 0.07839400
v -0.01117800 0.03167100 0.07792500
v -0.01114100 0.03168000 0.07736700
v -0.01106600 0.03170100 0.07693800
v -0.01095200 0.03173200 0.07651600
v -0.01079800 0.03177400 0.07610300
v -0.01062600 0.03182100 0.07574100
v -0.01047400 0.03186200 0.07547700
v -0.01035200 0.03189400 0.07529000
v -0.01012000 0.03195500 0.07497900
v -0.00975800 0.03204600 0.07458000
v -0.00960700 0.03208300 0.07443800
v -0.00998800 0.03198900 0.07482300
v -0.00986300 0.03202000 0.07468600
v -0.00941200 0.03212900 0.07427100
v -0.00903700 0.03221500 0.07399600
v -0.00864200 0.03230300 0.07376100
v -0.00821900 0.03239300 0.07356200
v -0.00793200 0.03245200 0.07345300
v -0.00768600 0.03250200 0.07337600
v -0.00742800 0.03255200 0.07331100
v -0.00732800 0.03257100 0.07328900
v -0.00719300 0.03259600 0.07326400
v -0.00710600 0.03261200 0.07325000
v -0.00686400 0.03265500 0.07321800
v -0.00667000 0.03268800 0.07320000
v -0.00652600 0.03271200 0.07319200
v -0.00646000 0.03272400 0.07318900
v -0.00639600 0.03273400 0.07318800
v -0.00688200 0.03235300 0.07300500
v -0.00631900 0.03232300 0.07296200
v -0.00686200 0.03223300 0.07298800
v -0.00739500 0.03214200 0.07307200
v -0.00757800 0.03223000 0.07313000
v -0.00794100 0.03204000 0.07322100
v -0.00824700 0.03210200 0.07335100
v -0.00845600 0.03194200 0.07342700
v -0.00887800 0.03197700 0.07366300
v -0.00894100 0.03184600 0.07368500
v -0.00931100 0.03176900 0.07393300
v -0.00945800 0.03185300 0.07406200
v -0.00965800 0.03169400 0.07421200
v -0.00993000 0.03174500 0.07449100
v -0.00997800 0.03162300 0.07452100
v -0.01027000 0.03155500 0.07485800
v -0.01034500 0.03164700 0.07497600
v -0.01053000 0.03149300 0.07521800
v -0.01069600 0.03156100 0.07551100
v -0.01089400 0.03140500 0.07587600
v -0.01097400 0.03149100 0.07608800
v -0.01104800 0.03136800 0.07625200
v -0.01117500 0.03144000 0.07669900
v -0.01117200 0.03133700 0.07663900
v -0.01126400 0.03131500 0.07703600
v -0.01129700 0.03140900 0.07733300
v -0.01132400 0.03130000 0.07745500
v -0.01133800 0.03139900 0.07797700
v -0.01134900 0.03129400 0.07786200
v -0.01134000 0.03129700 0.07827000
v -0.01129600 0.03141100 0.07862000
v -0.01129200 0.03130900 0.07872200
v -0.01121200 0.03133000 0.07912600
v -0.01114200 0.03145300 0.07935000
v -0.01110000 0.03136000 0.07952300
v -0.01088100 0.03152100 0.08004700
v -0.01095500 0.03139700 0.07990800
v -0.01078000 0.03144100 0.08028100
v -0.01052100 0.03161300 0.08069700
v -0.01057400 0.03149100 0.08063700
v -0.01025300 0.03156800 0.08108600
v -0.01007000 0.03172200 0.08128300
v -0.00997300 0.03163300 0.08140800
v -0.00955500 0.03184000 0.08178200
v -0.00963200 0.03170900 0.08173300
v -0.00900700 0.03184300 0.08219700
v -0.00897500 0.03196700 0.08220100
v -0.00858400 0.03192900 0.08243500
v -0.00837700 0.03208900 0.08251700
v -0.00814100 0.03201500 0.08263000
v -0.00774100 0.03221100 0.08274900
v -0.00773000 0.03209100 0.08276700
v -0.00732500 0.03216300 0.08286500
v -0.00707900 0.03232800 0.08289300
v -0.00691400 0.03223300 0.08293000
v -0.00638100 0.03232300 0.08296100
v -0.00642400 0.03255100 0.08290400
v -0.00611800 0.03278500 0.08274500
v -0.00602700 0.03289000 0.08261300
v -0.00645700 0.03273400 0.08273400
v -0.00687300 0.03274600 0.08257400
v -0.00697500 0.03264500 0.08269300
v -0.00729000 0.03267000 0.08250900
v -0.00737100 0.03257200 0.08262500
v -0.00769900 0.03259100 0.08240500
v -0.00774400 0.03250100 0.08252900
v -0.00809800 0.03251200 0.08226500
v -0.00827100 0.03239400 0.08233900
v -0.00848100 0.03243300 0.08208900
v -0.00860700 0.03232300 0.08217900
v -0.00884700 0.03235500 0.08187900
v -0.00909500 0.03221300 0.08188700
v -0.00919300 0.03227800 0.08163600
v -0.00947000 0.03212500 0.08160400
v -0.00951700 0.03220300 0.08136300
v -0.00980700 0.03204300 0.08129500
v -0.00981500 0.03213200 0.08106100
v -0.01014300 0.03195700 0.08091700
v -0.01008400 0.03206700 0.08073200
v -0.01032500 0.03191000 0.08067300
v -0.01032100 0.03200700 0.08037900
v -0.01068100 0.03181400 0.08007000
v -0.01052500 0.03195500 0.08000500
v -0.01082600 0.03177300 0.07975000
v -0.01069500 0.03191000 0.07961200
v -0.01094300 0.03174000 0.07943400
v -0.01082900 0.03187400 0.07920600
v -0.01101900 0.03171800 0.07917700
v -0.01106200 0.03170500 0.07900400
v -0.01092600 0.03184700 0.07878800
v -0.01109300 0.03169600 0.07885700
v -0.01115800 0.03167700 0.07839400
v -0.01098400 0.03183000 0.07836200
v -0.01117800 0.03167100 0.07792500
v -0.01100100 0.03182400 0.07793200
v -0.01097800 0.03183000 0.07750300
v -0.01080300 0.03198200 0.07751200
v -0.01074000 0.03199900 0.07709600
v -0.01058000 0.03214600 0.07718500
v -0.01047700 0.03217200 0.07675400
v -0.00593600 0.03281100 0.08274800
v -0.00573100 0.03283900 0.08275100
v -0.00517500 0.03301000 0.08261800
v -0.00555800 0.03286300 0.08275300
v -0.00528800 0.03289700 0.08275600
v -0.00500200 0.03293200 0.08275900
v -0.00460300 0.03297700 0.08276300
v -0.00346500 0.03319200 0.08262900
v -0.00414100 0.03302500 0.08276800
v -0.00368800 0.03306700 0.08277200
v -0.00334700 0.03309500 0.08277600
v -0.00308200 0.03311500 0.08277800
v -0.00174900 0.03330700 0.08264000
v -0.00149700 0.03320000 0.08279600
v -0.00003000 0.03322500 0.08281100
v -0.00002700 0.03362700 0.08230100
v -0.00171300 0.03344200 0.08246500
v -0.00339500 0.03332500 0.08245500
v -0.00263600 0.03351600 0.08228500
v -0.00381400 0.03341400 0.08227700
v -0.00141900 0.03358900 0.08229200
v -0.00507100 0.03314800 0.08244400
v -0.00486600 0.03329800 0.08227000
v -0.00590500 0.03302900 0.08243900
v -0.00595500 0.03313900 0.08226500
v -0.00673400 0.03288500 0.08241300
v -0.00644000 0.03305200 0.08226000
v -0.00688900 0.03296700 0.08222500
v -0.00714500 0.03280800 0.08235900
v -0.00746900 0.03285400 0.08211200
v -0.00754800 0.03273000 0.08226800
v -0.00780100 0.03278700 0.08200800
v -0.00794100 0.03265200 0.08214000
v -0.00812300 0.03272200 0.08187800
v -0.00832100 0.03257400 0.08197500
v -0.00844600 0.03265400 0.08171400
v -0.00868300 0.03249700 0.08177600
v -0.00895100 0.03254300 0.08138400
v -0.00902700 0.03242100 0.08154400
v -0.00919800 0.03248800 0.08118200
v -0.00934800 0.03234800 0.08128100
v -0.00964400 0.03227800 0.08098900
v -0.00966100 0.03237900 0.08070600
v -0.00991100 0.03221400 0.08067100
v -0.01001300 0.03229400 0.08021300
v -0.01014800 0.03215600 0.08032700
v -0.01035100 0.03210400 0.07996200
v -0.01023700 0.03223800 0.07979700
v -0.01052000 0.03206000 0.07957900
v -0.01034000 0.03221200 0.07956000
v -0.01049800 0.03217100 0.07909200
v -0.01059600 0.03214400 0.07863900
v -0.01075000 0.03199900 0.07877200
v -0.01065400 0.03202500 0.07918100
v -0.01080800 0.03198200 0.07835500
v -0.01063800 0.03213200 0.07830400
v -0.01065200 0.03212800 0.07797200
v -0.01082600 0.03197700 0.07793300
v -0.01063200 0.03213200 0.07755000
v -0.01023600 0.03223300 0.07611900
v -0.01050000 0.03206000 0.07629200
v -0.01063800 0.03202500 0.07668800
v -0.01091500 0.03184700 0.07707800
v -0.01114100 0.03168000 0.07736700
v -0.01032600 0.03210400 0.07591100
v -0.01006000 0.03227500 0.07578600
v -0.01011800 0.03215600 0.07554900
v -0.00985500 0.03232500 0.07546600
v -0.00987800 0.03221400 0.07520800
v -0.00943900 0.03242300 0.07496500
v -0.00960600 0.03227900 0.07489200
v -0.00915100 0.03248900 0.07469600
v -0.00930600 0.03234800 0.07460400
v -0.00883800 0.03255800 0.07445300
v -0.00898200 0.03242100 0.07434600
v -0.00850200 0.03263100 0.07423800
v -0.00863500 0.03249600 0.07411900
v -0.00814700 0.03270600 0.07405400
v -0.00827000 0.03257300 0.07392400
v -0.00777100 0.03278300 0.07390200
v -0.00788900 0.03265200 0.07376400
v -0.00738400 0.03286000 0.07378600
v -0.00749400 0.03273000 0.07364000
v -0.00697100 0.03294000 0.07370600
v -0.00709000 0.03280800 0.07355400
v -0.00654500 0.03302200 0.07367000
v -0.00667900 0.03288600 0.07350700
v -0.00584900 0.03302900 0.07348900
v -0.00681500 0.03274700 0.07334300
v -0.00596800 0.03289000 0.07331300
v -0.00639600 0.03273400 0.07318800
v -0.00559400 0.03285000 0.07317600
v -0.00511700 0.03301000 0.07332200
v -0.00482100 0.03294600 0.07318100
v -0.00463200 0.03296700 0.07318200
v -0.00454400 0.03297700 0.07318200
v -0.00431100 0.03300200 0.07318200
v -0.00340600 0.03319200 0.07333100
v -0.00394200 0.03303800 0.07318400
v -0.00360200 0.03306900 0.07318500
v -0.00323500 0.03309900 0.07318600
v -0.00299300 0.03311700 0.07318600
v -0.00254900 0.03325800 0.07333600
v -0.00290700 0.03312300 0.07318600
v -0.00265800 0.03314000 0.07318700
v -0.00239000 0.03315600 0.07318700
v -0.00169000 0.03330700 0.07334100
v -0.00201800 0.03317600 0.07318700
v -0.00158300 0.03319500 0.07318800
v -0.00085500 0.03321600 0.07318900
v -0.00165700 0.03344200 0.07351600
v -0.00087700 0.03360900 0.07369500
v -0.00189100 0.03356100 0.07368800
v -0.00249800 0.03339200 0.07351100
v -0.00284700 0.03349500 0.07368200
v -0.00333900 0.03332500 0.07350600
v -0.00381300 0.03340800 0.07367600
v -0.00501500 0.03314800 0.07349700
v -0.00469200 0.03331200 0.07367100
v -0.00574800 0.03316400 0.07366300
v 0.00002700 0.03362700 0.07370200
v -0.00038600 0.03322300 0.07319000
v 0.00003000 0.03322500 0.07319200
v -0.00646000 0.03272400 0.07318900
v -0.00652600 0.03271200 0.07319200
v -0.00667000 0.03268800 0.07320000
v -0.00686400 0.03265500 0.07321800
v -0.00710600 0.03261200 0.07325000
v -0.00723300 0.03267000 0.07340200
v -0.00719300 0.03259600 0.07326400
v -0.00732800 0.03257100 0.07328900
v -0.00742800 0.03255200 0.07331100
v -0.00764400 0.03259100 0.07350100
v -0.00768600 0.03250200 0.07337600
v -0.00793200 0.03245200 0.07345300
v -0.00804300 0.03251200 0.07363600
v -0.00821900 0.03239300 0.07356200
v -0.00842900 0.03243300 0.07380800
v -0.00864200 0.03230300 0.07376100
v -0.00879800 0.03235500 0.07401300
v -0.00903700 0.03221500 0.07399600
v -0.00914700 0.03227800 0.07425100
v -0.00941200 0.03212900 0.07427100
v -0.00947400 0.03220400 0.07452000
v -0.00960700 0.03208300 0.07443800
v -0.00975800 0.03204600 0.07458000
v -0.00977600 0.03213300 0.07481800
v -0.00986300 0.03202000 0.07468600
v -0.00998800 0.03198900 0.07482300
v -0.01012000 0.03195500 0.07497900
v -0.01004900 0.03206700 0.07514400
v -0.01035200 0.03189400 0.07529000
v -0.01029000 0.03200700 0.07549400
v -0.01047400 0.03186200 0.07547700
v -0.01062600 0.03182100 0.07574100
v -0.01049900 0.03195400 0.07586600
v -0.01079800 0.03177400 0.07610300
v -0.01067400 0.03191000 0.07625600
v -0.01095200 0.03173200 0.07651600
v -0.01081300 0.03187400 0.07666100
v -0.01106600 0.03170100 0.07693800
v -0.00631900 0.03232300 0.07296200
v -0.00631900 0.03039800 0.07296200
v -0.00686200 0.03223300 0.07298800
v -0.00710100 0.03039800 0.07301800
v -0.00739500 0.03214200 0.07307200
v -0.00786500 0.03039800 0.07319700
v -0.00794100 0.03204000 0.07322100
v -0.00845600 0.03194200 0.07342700
v -0.00859200 0.03039800 0.07349200
v -0.00894100 0.03184600 0.07368500
v -0.00926300 0.03039800 0.07389800
v -0.00931100 0.03176900 0.07393300
v -0.00965800 0.03169400 0.07421200
v -0.00986300 0.03039800 0.07440400
v -0.00997800 0.03162300 0.07452100
v -0.01027000 0.03155500 0.07485800
v -0.01037700 0.03039800 0.07499700
v -0.01053000 0.03149300 0.07521800
v -0.01079100 0.03039800 0.07566400
v -0.01089400 0.03140500 0.07587600
v -0.01109500 0.03039800 0.07638700
v -0.01104800 0.03136800 0.07625200
v -0.01117200 0.03133700 0.07663900
v -0.01128300 0.03039800 0.07714800
v -0.01126400 0.03131500 0.07703600
v -0.01132400 0.03130000 0.07745500
v -0.01135000 0.03039800 0.07793000
v -0.01134900 0.03129400 0.07786200
v -0.01134000 0.03129700 0.07827000
v -0.01129300 0.03039800 0.07871300
v -0.01129200 0.03130900 0.07872200
v -0.01121200 0.03133000 0.07912600
v -0.01111500 0.03039800 0.07947700
v -0.01110000 0.03136000 0.07952300
v -0.01095500 0.03139700 0.07990800
v -0.01081900 0.03039800 0.08020300
v -0.01078000 0.03144100 0.08028100
v -0.01057400 0.03149100 0.08063700
v -0.01041300 0.03039800 0.08087500
v -0.01025300 0.03156800 0.08108600
v -0.00990800 0.03039800 0.08147500
v -0.00997300 0.03163300 0.08140800
v -0.00963200 0.03170900 0.08173300
v -0.00931400 0.03039800 0.08198800
v -0.00900700 0.03184300 0.08219700
v -0.00864800 0.03039800 0.08240200
v -0.00858400 0.03192900 0.08243500
v -0.00814100 0.03201500 0.08263000
v -0.00792500 0.03039800 0.08270700
v -0.00773000 0.03209100 0.08276700
v -0.00716300 0.03039800 0.08289500
v -0.00732500 0.03216300 0.08286500
v -0.00691400 0.03223300 0.08293000
v -0.00638100 0.03039800 0.08296100
v -0.00638100 0.03232300 0.08296100
v 0.00730700 0.02649800 0.07110700
v 0.00820400 0.02649800 0.07129100
v 0.00639400 0.02649800 0.07104200
v 0.00906900 0.02649800 0.07159100
v 0.00988800 0.02649800 0.07200100
v 0.01064600 0.02649800 0.07251500
v 0.01133000 0.02649800 0.07312300
v 0.01193000 0.02649800 0.07381500
v 0.01193000 0.02649800 0.07381500
v 0.01193000 0.02649800 0.07381500
v 0.01243400 0.02649800 0.07458000
v 0.01243400 0.02649800 0.07458000
v 0.01239000 0.02649800 0.08157900
v 0.01239000 0.02649800 0.08157900
v 0.01239000 0.02649800 0.08157900
v 0.01187600 0.02649800 0.08233800
v 0.01187600 0.02649800 0.08233800
v -0.00630600 0.02649800 0.07096200
v -0.01310000 0.02649800 0.07610700
v -0.01280000 0.02649800 0.07524200
v 0.01280000 0.02649800 0.08076100
v 0.01283300 0.02649800 0.07540300
v 0.01310000 0.02649800 0.07989600
v 0.01312200 0.02649800 0.07627200
v 0.01328400 0.02649800 0.07899900
v 0.01329500 0.02649800 0.07717100
v 0.01334900 0.02649800 0.07808500
v 0.01126800 0.02649800 0.08302200
v 0.00630600 0.02649800 0.08504100
v -0.01312300 0.02649800 0.07973100
v -0.01329600 0.02649800 0.07883200
v 0.01057600 0.02649800 0.08362200
v 0.00981100 0.02649800 0.08412600
v 0.00898800 0.02649800 0.08452500
v 0.00811900 0.02649800 0.08481400
v 0.00722000 0.02649800 0.08498700
v -0.00639400 0.02649800 0.08496100
v -0.01283400 0.02649800 0.08060000
v -0.01243400 0.02649800 0.08142300
v -0.01193000 0.02649800 0.08218800
v -0.01133100 0.02649800 0.08288000
v -0.01064600 0.02649800 0.08348800
v -0.00988800 0.02649800 0.08400200
v -0.00907000 0.02649800 0.08441200
v -0.00820400 0.02649800 0.08471200
v -0.00730700 0.02649800 0.08489600
v -0.01335000 0.02649800 0.07791800
v -0.01328400 0.02649800 0.07700400
v -0.01239000 0.02649800 0.07442400
v -0.01187700 0.02649800 0.07366500
v -0.01126900 0.02649800 0.07298100
v -0.01057600 0.02649800 0.07238100
v -0.00981200 0.02649800 0.07187800
v -0.00898800 0.02649800 0.07147800
v -0.00811900 0.02649800 0.07118900
v -0.00722000 0.02649800 0.07101600
v -0.00630600 0.02649800 0.07096200
v -0.00630600 0.02754800 0.07096200
v 0.00639400 0.02649800 0.07104200
v 0.00639400 0.02754800 0.07104200
v -0.00630600 0.02754800 0.07096200
v -0.00630600 0.02649800 0.07096200
v -0.00722000 0.02754800 0.07101600
v -0.00722000 0.02649800 0.07101600
v -0.00811900 0.02754800 0.07118900
v -0.00811900 0.02649800 0.07118900
v -0.00898800 0.02754800 0.07147800
v -0.00898800 0.02649800 0.07147800
v -0.00981200 0.02754800 0.07187800
v -0.00981200 0.02649800 0.07187800
v -0.01057600 0.02754800 0.07238100
v -0.01057600 0.02649800 0.07238100
v -0.01126900 0.02754800 0.07298100
v -0.01126900 0.02649800 0.07298100
v -0.01187700 0.02754800 0.07366500
v -0.01187700 0.02649800 0.07366500
v -0.01239000 0.02754800 0.07442400
v -0.01239000 0.02649800 0.07442400
v -0.01280000 0.02754800 0.07524200
v -0.01280000 0.02649800 0.07524200
v -0.01310000 0.02754800 0.07610700
v -0.01310000 0.02649800 0.07610700
v -0.01328400 0.02754800 0.07700400
v -0.01328400 0.02649800 0.07700400
v -0.01335000 0.02754800 0.07791800
v -0.01335000 0.02649800 0.07791800
v -0.01329600 0.02754800 0.07883200
v -0.01329600 0.02649800 0.07883200
v -0.01312300 0.02754800 0.07973100
v -0.01312300 0.02649800 0.07973100
v -0.01283400 0.02754800 0.08060000
v -0.01283400 0.02649800 0.08060000
v -0.01243400 0.02754800 0.08142300
v -0.01243400 0.02649800 0.08142300
v -0.01193000 0.02754800 0.08218800
v -0.01193000 0.02649800 0.08218800
v -0.01133100 0.02754800 0.08288000
v -0.01133100 0.02649800 0.08288000
v -0.01064600 0.02754800 0.08348800
v -0.01064600 0.02649800 0.08348800
v -0.00988800 0.02754800 0.08400200
v -0.00988800 0.02649800 0.08400200
v -0.00907000 0.02754800 0.08441200
v -0.00907000 0.02649800 0.08441200
v -0.00820400 0.02754800 0.08471200
v -0.00820400 0.02649800 0.08471200
v -0.00730700 0.02754800 0.08489600
v -0.00730700 0.02649800 0.08489600
v -0.00639400 0.02754800 0.08496100
v -0.00639400 0.02649800 0.08496100
v 0.00630600 0.02649800 0.08504100
v 0.00630600 0.02754800 0.08504100
v -0.00639400 0.02649800 0.08496100
v -0.00639400 0.02754800 0.08496100
v 0.00630600 0.02754800 0.08504100
v 0.00630600 0.02649800 0.08504100
v 0.00722000 0.02754800 0.08498700
v 0.00722000 0.02649800 0.08498700
v 0.00811900 0.02754800 0.08481400
v 0.00811900 0.02649800 0.08481400
v 0.00898800 0.02754800 0.08452500
v 0.00898800 0.02649800 0.08452500
v 0.00981100 0.02754800 0.08412600
v 0.00981100 0.02649800 0.08412600
v 0.01057600 0.02754800 0.08362200
v 0.01057600 0.02649800 0.08362200
v 0.01126800 0.02754800 0.08302200
v 0.01126800 0.02649800 0.08302200
v 0.01187600 0.02754800 0.08233800
v 0.01187600 0.02649800 0.08233800
v 0.01239000 0.02754800 0.08157900
v 0.01239000 0.02649800 0.08157900
v 0.01280000 0.02754800 0.08076100
v 0.01280000 0.02649800 0.08076100
v 0.01310000 0.02754800 0.07989600
v 0.01310000 0.02649800 0.07989600
v 0.01328400 0.02754800 0.07899900
v 0.01328400 0.02649800 0.07899900
v 0.01334900 0.02754800 0.07808500
v 0.01334900 0.02649800 0.07808500
v 0.01329500 0.02754800 0.07717100
v 0.01329500 0.02649800 0.07717100
v 0.01312200 0.02754800 0.07627200
v 0.01312200 0.02649800 0.07627200
v 0.01283300 0.02754800 0.07540300
v 0.01283300 0.02649800 0.07540300
v 0.01243400 0.02754800 0.07458000
v 0.01243400 0.02649800 0.07458000
v 0.01193000 0.02754800 0.07381500
v 0.01193000 0.02649800 0.07381500
v 0.01133000 0.02754800 0.07312300
v 0.01133000 0.02649800 0.07312300
v 0.01064600 0.02754800 0.07251500
v 0.01064600 0.02649800 0.07251500
v 0.00988800 0.02754800 0.07200100
v 0.00988800 0.02649800 0.07200100
v 0.00906900 0.02754800 0.07159100
v 0.00906900 0.02649800 0.07159100
v 0.00820400 0.02754800 0.07129100
v 0.00820400 0.02649800 0.07129100
v 0.00730700 0.02754800 0.07110700
v 0.00730700 0.02649800 0.07110700
v 0.00639400 0.02754800 0.07104200
v 0.00639400 0.02649800 0.07104200
vn -0.03120000 0.94840000 -0.31550000
vn -0.01620000 0.95500000 -0.29610000
vn 0.00200000 0.94980000 -0.31270000
vn -0.00760000 0.95570000 -0.29420000
vn 0.00140000 0.95600000 -0.29320000
vn -0.00940000 0.96150000 -0.27450000
vn 0.00120000 0.96180000 -0.27370000
vn -0.01130000 0.96690000 -0.25510000
vn 0.00100000 0.96720000 -0.25410000
vn -0.01320000 0.97170000 -0.23580000
vn 0.00150000 0.97210000 -0.23470000
vn -0.01640000 0.97910000 -0.20270000
vn 0.00120000 0.97950000 -0.20160000
vn -0.01830000 0.98240000 -0.18570000
vn 0.00100000 0.98270000 -0.18500000
vn -0.02030000 0.98540000 -0.16900000
vn 0.00100000 0.98570000 -0.16840000
vn -0.02220000 0.98800000 -0.15260000
vn 0.00090000 0.98840000 -0.15170000
vn -0.02430000 0.99040000 -0.13600000
vn 0.00070000 0.99080000 -0.13500000
vn -0.02580000 0.99210000 -0.12290000
vn 0.00070000 0.99250000 -0.12230000
vn -0.02720000 0.99350000 -0.11020000
vn 0.00060000 0.99400000 -0.10970000
vn -0.02850000 0.99480000 -0.09760000
vn 0.00040000 0.99530000 -0.09710000
vn -0.02960000 0.99590000 -0.08500000
vn 0.00040000 0.99640000 -0.08450000
vn -0.03060000 0.99690000 -0.07210000
vn 0.00040000 0.99740000 -0.07190000
vn -0.03150000 0.99770000 -0.05960000
vn 0.00030000 0.99820000 -0.05920000
vn -0.03230000 0.99840000 -0.04700000
vn 0.00020000 0.99890000 -0.04650000
vn -0.03280000 0.99890000 -0.03400000
vn 0.00010000 0.99940000 -0.03390000
vn -0.03330000 0.99920000 -0.02140000
vn -0.00000000 0.99980000 -0.02120000
vn -0.03350000 0.99940000 -0.00870000
vn -0.00010000 1.00000000 -0.00850000
vn -0.03360000 0.99940000 0.00410000
vn -0.00000000 1.00000000 0.00420000
vn -0.03350000 0.99930000 0.01670000
vn -0.00020000 0.99990000 0.01690000
vn -0.03330000 0.99900000 0.02950000
vn -0.00030000 0.99960000 0.02960000
vn -0.03290000 0.99860000 0.04230000
vn -0.00030000 0.99910000 0.04230000
vn -0.03230000 0.99800000 0.05480000
vn -0.00040000 0.99850000 0.05500000
vn -0.03160000 0.99720000 0.06760000
vn -0.00050000 0.99770000 0.06760000
vn -0.03070000 0.99630000 0.08030000
vn -0.00060000 0.99680000 0.08030000
vn -0.02970000 0.99520000 0.09300000
vn -0.00060000 0.99570000 0.09290000
vn -0.02860000 0.99400000 0.10550000
vn -0.00070000 0.99440000 0.10550000
vn -0.02740000 0.99260000 0.11820000
vn -0.00090000 0.99300000 0.11810000
vn -0.02640000 0.99100000 0.13110000
vn -0.00100000 0.99140000 0.13070000
vn -0.02520000 0.98930000 0.14370000
vn -0.00100000 0.98970000 0.14330000
vn -0.02370000 0.98740000 0.15630000
vn -0.00100000 0.98780000 0.15590000
vn -0.02230000 0.98540000 0.16900000
vn -0.00120000 0.98570000 0.16850000
vn -0.02030000 0.98240000 0.18550000
vn -0.00110000 0.98270000 0.18510000
vn -0.01890000 0.97910000 0.20250000
vn -0.00130000 0.97950000 0.20170000
vn -0.01610000 0.97170000 0.23560000
vn -0.00150000 0.97210000 0.23470000
vn -0.01290000 0.96140000 0.27470000
vn -0.00190000 0.96180000 0.27380000
vn -0.00200000 0.94980000 0.31270000
vn 0.00770000 0.96150000 0.27470000
vn 0.01620000 0.96100000 0.27610000
vn 0.02210000 0.97110000 0.23750000
vn 0.04280000 0.96870000 0.24460000
vn 0.05310000 0.97600000 0.21120000
vn 0.06980000 0.97350000 0.21770000
vn 0.07870000 0.97710000 0.19770000
vn 0.09650000 0.97420000 0.20400000
vn 0.10870000 0.97700000 0.18330000
vn 0.12870000 0.97380000 0.18740000
vn 0.14000000 0.97520000 0.17160000
vn 0.16130000 0.97150000 0.17400000
vn 0.17420000 0.97170000 0.15930000
vn 0.19650000 0.96730000 0.16020000
vn 0.21050000 0.96660000 0.14620000
vn 0.23370000 0.96130000 0.14600000
vn 0.24820000 0.95960000 0.13270000
vn 0.27210000 0.95330000 0.13140000
vn 0.28690000 0.95060000 0.11840000
vn 0.29610000 0.94670000 0.12650000
vn 0.31070000 0.94350000 0.11520000
vn -0.05360000 0.94990000 -0.30780000
vn -0.04130000 0.95020000 -0.30880000
vn -0.03640000 0.95140000 -0.30570000
vn -0.03060000 0.95270000 -0.30220000
vn -0.04480000 0.95650000 -0.28820000
vn -0.03750000 0.95820000 -0.28370000
vn -0.05320000 0.96120000 -0.27080000
vn -0.04440000 0.96300000 -0.26600000
vn -0.06140000 0.96500000 -0.25500000
vn -0.05110000 0.96720000 -0.24880000
vn -0.07710000 0.97230000 -0.22080000
vn -0.06360000 0.97450000 -0.21510000
vn -0.08710000 0.97570000 -0.20090000
vn -0.07140000 0.97800000 -0.19580000
vn -0.09780000 0.97860000 -0.18090000
vn -0.07960000 0.98090000 -0.17730000
vn -0.10840000 0.98080000 -0.16210000
vn -0.08790000 0.98330000 -0.15910000
vn -0.11840000 0.98240000 -0.14420000
vn -0.09580000 0.98530000 -0.14170000
vn -0.12570000 0.98340000 -0.13090000
vn -0.10160000 0.98650000 -0.12870000
vn -0.13250000 0.98420000 -0.11780000
vn -0.10700000 0.98750000 -0.11550000
vn -0.13870000 0.98480000 -0.10470000
vn -0.11200000 0.98840000 -0.10270000
vn -0.14440000 0.98530000 -0.09150000
vn -0.11650000 0.98910000 -0.08970000
vn -0.14940000 0.98570000 -0.07830000
vn -0.12050000 0.98980000 -0.07650000
vn -0.15320000 0.98610000 -0.06450000
vn -0.12390000 0.99030000 -0.06330000
vn -0.15730000 0.98620000 -0.05120000
vn -0.12680000 0.99070000 -0.05000000
vn -0.16010000 0.98640000 -0.03740000
vn -0.12860000 0.99100000 -0.03640000
vn -0.16200000 0.98650000 -0.02370000
vn -0.13060000 0.99120000 -0.02310000
vn -0.16280000 0.98660000 -0.00990000
vn -0.13150000 0.99130000 -0.00980000
vn -0.16330000 0.98660000 0.00330000
vn -0.13170000 0.99130000 0.00350000
vn -0.16260000 0.98650000 0.01680000
vn -0.13060000 0.99130000 0.01690000
vn -0.16100000 0.98650000 0.03060000
vn -0.12980000 0.99110000 0.03030000
vn -0.15860000 0.98630000 0.04430000
vn -0.12790000 0.99080000 0.04370000
vn -0.15540000 0.98610000 0.05810000
vn -0.12550000 0.99040000 0.05730000
vn -0.15170000 0.98580000 0.07190000
vn -0.12230000 0.99000000 0.07020000
vn -0.14680000 0.98550000 0.08490000
vn -0.11860000 0.98940000 0.08350000
vn -0.14180000 0.98500000 0.09860000
vn -0.11470000 0.98860000 0.09700000
vn -0.13560000 0.98450000 0.11140000
vn -0.10980000 0.98790000 0.10960000
vn -0.12930000 0.98380000 0.12440000
vn -0.10470000 0.98690000 0.12260000
vn -0.12260000 0.98280000 0.13820000
vn -0.09920000 0.98580000 0.13580000
vn -0.11540000 0.98170000 0.15170000
vn -0.09350000 0.98440000 0.14880000
vn -0.10760000 0.98040000 0.16500000
vn -0.08790000 0.98280000 0.16270000
vn -0.09970000 0.97860000 0.18000000
vn -0.08170000 0.98090000 0.17660000
vn -0.08960000 0.97580000 0.19940000
vn -0.07370000 0.97800000 0.19490000
vn -0.07990000 0.97230000 0.21990000
vn -0.06630000 0.97450000 0.21430000
vn -0.06440000 0.96490000 0.25440000
vn -0.05420000 0.96720000 0.24820000
vn -0.04840000 0.95650000 0.28770000
vn -0.04100000 0.95810000 0.28360000
vn -0.04650000 0.94870000 0.31270000
vn -0.07410000 0.95330000 -0.29280000
vn -0.06130000 0.95230000 -0.29890000
vn -0.05670000 0.95350000 -0.29610000
vn -0.05120000 0.95510000 -0.29180000
vn -0.09380000 0.95500000 -0.28140000
vn -0.07980000 0.95470000 -0.28680000
vn -0.07380000 0.95590000 -0.28440000
vn -0.06810000 0.95740000 -0.28080000
vn -0.11250000 0.95660000 -0.26880000
vn -0.09720000 0.95520000 -0.27940000
vn -0.09150000 0.95640000 -0.27740000
vn -0.08490000 0.95820000 -0.27310000
vn -0.07830000 0.96030000 -0.26770000
vn -0.06100000 0.95930000 -0.27590000
vn -0.15510000 0.96080000 -0.22970000
vn -0.13230000 0.96090000 -0.24340000
vn -0.19110000 0.96080000 -0.20100000
vn -0.17100000 0.96130000 -0.21580000
vn -0.15760000 0.96340000 -0.21680000
vn -0.12220000 0.96270000 -0.24150000
vn -0.11120000 0.96500000 -0.23750000
vn -0.10090000 0.96730000 -0.23270000
vn -0.07040000 0.96270000 -0.26140000
vn -0.19980000 0.96120000 -0.19020000
vn -0.21120000 0.95960000 -0.18590000
vn -0.22660000 0.95940000 -0.16800000
vn -0.23070000 0.95770000 -0.17190000
vn -0.24860000 0.95540000 -0.15960000
vn -0.25060000 0.95660000 -0.14900000
vn -0.26580000 0.95260000 -0.14800000
vn -0.28200000 0.94960000 -0.13680000
vn -0.26710000 0.95410000 -0.13580000
vn -0.29710000 0.94650000 -0.12580000
vn -0.28220000 0.95150000 -0.12270000
vn -0.31120000 0.94340000 -0.11480000
vn -0.29620000 0.94880000 -0.10970000
vn -0.32430000 0.94030000 -0.10370000
vn -0.30870000 0.94620000 -0.09640000
vn -0.34320000 0.93540000 -0.08480000
vn -0.31980000 0.94380000 -0.08290000
vn -0.35270000 0.93290000 -0.07340000
vn -0.32940000 0.94160000 -0.06910000
vn -0.36080000 0.93060000 -0.06180000
vn -0.33730000 0.93980000 -0.05470000
vn -0.37200000 0.92740000 -0.04000000
vn -0.34370000 0.93820000 -0.04020000
vn -0.34780000 0.93720000 -0.02550000
vn -0.31380000 0.94860000 -0.04060000
vn -0.31770000 0.94780000 -0.02580000
vn -0.28230000 0.95850000 -0.04010000
vn -0.28600000 0.95790000 -0.02540000
vn -0.25260000 0.96730000 -0.02510000
vn -0.25430000 0.96710000 -0.01090000
vn -0.22460000 0.97440000 -0.01060000
vn -0.22500000 0.97430000 0.00310000
vn -0.19430000 0.98090000 -0.01050000
vn -0.19450000 0.98090000 0.00310000
vn -0.37680000 0.92600000 -0.02570000
vn -0.37910000 0.92520000 -0.01410000
vn -0.35010000 0.93660000 -0.01160000
vn -0.38000000 0.92500000 -0.00130000
vn -0.35060000 0.93650000 0.00230000
vn -0.37930000 0.92520000 0.00880000
vn -0.34920000 0.93690000 0.01630000
vn -0.37740000 0.92590000 0.01950000
vn -0.37270000 0.92730000 0.03450000
vn -0.34560000 0.93790000 0.03080000
vn -0.36530000 0.92950000 0.05050000
vn -0.34000000 0.93930000 0.04540000
vn -0.36060000 0.93090000 0.05870000
vn -0.33300000 0.94100000 0.06000000
vn -0.35020000 0.93380000 0.07330000
vn -0.32430000 0.94300000 0.07440000
vn -0.33400000 0.93810000 0.09140000
vn -0.31360000 0.94550000 0.08790000
vn -0.31300000 0.94330000 0.11060000
vn -0.30180000 0.94800000 0.10140000
vn -0.30180000 0.94580000 0.11960000
vn -0.28850000 0.95060000 0.11480000
vn -0.27900000 0.95050000 0.13640000
vn -0.27380000 0.95320000 0.12790000
vn -0.26440000 0.95320000 0.14680000
vn -0.25800000 0.95580000 0.14120000
vn -0.24970000 0.95550000 0.15710000
vn -0.24090000 0.95810000 0.15520000
vn -0.23440000 0.95750000 0.16780000
vn -0.22220000 0.96000000 0.17010000
vn -0.20720000 0.96000000 0.18810000
vn -0.20220000 0.96120000 0.18770000
vn -0.18630000 0.96100000 0.20430000
vn -0.17370000 0.96140000 0.21350000
vn -0.16480000 0.96110000 0.22180000
vn -0.16030000 0.96340000 0.21470000
vn -0.13530000 0.96090000 0.24170000
vn -0.14660000 0.96570000 0.21420000
vn -0.12510000 0.96270000 0.23990000
vn -0.11420000 0.96500000 0.23620000
vn -0.08840000 0.95820000 0.27190000
vn -0.10390000 0.96730000 0.23140000
vn -0.08160000 0.96030000 0.26680000
vn -0.09240000 0.96980000 0.22570000
vn -0.07370000 0.96270000 0.26050000
vn -0.11980000 0.95710000 0.26370000
vn -0.10070000 0.95530000 0.27790000
vn -0.09640000 0.95500000 0.28050000
vn -0.09500000 0.95640000 0.27630000
vn -0.07200000 0.95240000 0.29630000
vn -0.06500000 0.95230000 0.29800000
vn -0.06040000 0.95340000 0.29550000
vn -0.05480000 0.95490000 0.29180000
vn 0.03160000 0.95910000 0.28130000
vn 0.04800000 0.94920000 0.31090000
vn 0.04090000 0.95740000 0.28600000
vn 0.04890000 0.95550000 0.29090000
vn 0.06710000 0.96360000 0.25870000
vn 0.07680000 0.96080000 0.26660000
vn 0.09880000 0.96780000 0.23160000
vn 0.11100000 0.96500000 0.23750000
vn 0.12910000 0.96840000 0.21340000
vn 0.14370000 0.96580000 0.21590000
vn 0.16580000 0.96730000 0.19170000
vn 0.18300000 0.96420000 0.19170000
vn 0.20100000 0.96390000 0.17490000
vn 0.22020000 0.96000000 0.17310000
vn 0.23880000 0.95810000 0.15830000
vn 0.24700000 0.95560000 0.16070000
vn 0.26420000 0.95290000 0.14900000
vn 0.08330000 0.95430000 0.28690000
vn 0.06120000 0.95240000 0.29880000
vn 0.05570000 0.95370000 0.29550000
vn 0.12000000 0.95760000 0.26190000
vn 0.09710000 0.95530000 0.27930000
vn 0.09140000 0.95640000 0.27740000
vn 0.08480000 0.95830000 0.27300000
vn 0.12200000 0.96270000 0.24150000
vn 0.19110000 0.96080000 0.20080000
vn 0.17100000 0.96150000 0.21530000
vn 0.13220000 0.96090000 0.24340000
vn 0.19980000 0.96120000 0.19020000
vn 0.21020000 0.95970000 0.18660000
vn 0.22900000 0.95790000 0.17310000
vn 0.25610000 0.95580000 0.14450000
vn 0.28070000 0.94990000 0.13760000
vn 0.30040000 0.94800000 0.10520000
vn 0.32420000 0.94030000 0.10370000
vn 0.31260000 0.94540000 0.09200000
vn 0.33650000 0.93720000 0.09190000
vn 0.34740000 0.93430000 0.07990000
vn 0.32310000 0.94310000 0.07830000
vn 0.35700000 0.93170000 0.06750000
vn 0.33180000 0.94110000 0.06430000
vn 0.36500000 0.92940000 0.05460000
vn 0.33930000 0.93940000 0.05000000
vn 0.37140000 0.92760000 0.04140000
vn 0.34510000 0.93790000 0.03530000
vn 0.37610000 0.92620000 0.02800000
vn 0.34810000 0.93720000 0.02090000
vn 0.37900000 0.92530000 0.01490000
vn 0.35040000 0.93660000 0.00670000
vn 0.37990000 0.92500000 0.00240000
vn 0.35000000 0.93670000 -0.00700000
vn 0.37910000 0.92530000 -0.01020000
vn 0.37640000 0.92620000 -0.02330000
vn 0.34810000 0.93720000 -0.02140000
vn 0.37190000 0.92750000 -0.03670000
vn 0.34380000 0.93840000 -0.03570000
vn 0.36560000 0.92940000 -0.05000000
vn 0.33800000 0.93980000 -0.05070000
vn 0.35780000 0.93170000 -0.06300000
vn 0.32980000 0.94180000 -0.06440000
vn 0.34840000 0.93430000 -0.07560000
vn 0.33760000 0.93720000 -0.08770000
vn 0.32070000 0.94390000 -0.07880000
vn 0.32550000 0.94030000 -0.09970000
vn 0.30980000 0.94630000 -0.09260000
vn 0.31210000 0.94350000 -0.11130000
vn 0.29740000 0.94890000 -0.10590000
vn 0.29770000 0.94670000 -0.12270000
vn 0.28360000 0.95150000 -0.11920000
vn 0.28230000 0.94990000 -0.13410000
vn 0.26860000 0.95410000 -0.13240000
vn 0.26610000 0.95290000 -0.14570000
vn 0.25230000 0.95660000 -0.14590000
vn 0.24900000 0.95560000 -0.15760000
vn 0.22860000 0.95940000 -0.16500000
vn 0.23110000 0.95790000 -0.17020000
vn 0.21240000 0.95970000 -0.18400000
vn 0.20210000 0.96120000 -0.18770000
vn 0.19340000 0.96080000 -0.19870000
vn 0.17360000 0.96140000 -0.21330000
vn 0.12320000 0.95760000 -0.26050000
vn 0.13520000 0.96090000 -0.24170000
vn 0.10060000 0.95530000 -0.27810000
vn 0.12500000 0.96270000 -0.23990000
vn 0.09490000 0.95640000 -0.27620000
vn 0.11400000 0.96500000 -0.23610000
vn 0.08830000 0.95830000 -0.27190000
vn 0.10160000 0.96780000 -0.23030000
vn 0.08020000 0.96080000 -0.26550000
vn 0.08780000 0.97070000 -0.22360000
vn 0.07040000 0.96350000 -0.25810000
vn 0.07260000 0.97350000 -0.21670000
vn 0.05910000 0.96620000 -0.25080000
vn 0.05580000 0.97600000 -0.21050000
vn 0.04600000 0.96870000 -0.24410000
vn 0.02980000 0.97850000 -0.20400000
vn 0.02510000 0.97110000 -0.23720000
vn 0.01580000 0.97920000 -0.20220000
vn 0.01360000 0.97180000 -0.23530000
vn 0.08690000 0.95430000 -0.28580000
vn 0.05200000 0.94920000 -0.31040000
vn 0.06490000 0.95240000 -0.29800000
vn 0.08330000 0.95470000 -0.28580000
vn 0.04340000 0.95060000 -0.30720000
vn 0.05940000 0.95370000 -0.29480000
vn 0.07040000 0.95770000 -0.27900000
vn 0.07750000 0.95590000 -0.28350000
vn -0.02390000 0.95400000 -0.29900000
vn -0.02910000 0.95960000 -0.28000000
vn -0.03440000 0.96460000 -0.26130000
vn -0.03970000 0.96920000 -0.24320000
vn -0.04900000 0.97650000 -0.20980000
vn -0.05450000 0.97990000 -0.19210000
vn -0.06070000 0.98290000 -0.17380000
vn -0.06680000 0.98540000 -0.15630000
vn -0.07260000 0.98760000 -0.13930000
vn -0.07700000 0.98900000 -0.12620000
vn -0.08100000 0.99020000 -0.11350000
vn -0.08470000 0.99130000 -0.10070000
vn -0.08810000 0.99220000 -0.08770000
vn -0.09110000 0.99300000 -0.07480000
vn -0.09370000 0.99370000 -0.06180000
vn -0.09580000 0.99420000 -0.04880000
vn -0.09720000 0.99460000 -0.03560000
vn -0.09870000 0.99490000 -0.02250000
vn -0.09930000 0.99500000 -0.00940000
vn -0.09910000 0.99510000 0.00380000
vn -0.09910000 0.99490000 0.01670000
vn -0.09820000 0.99470000 0.02990000
vn -0.09680000 0.99440000 0.04310000
vn -0.09490000 0.99390000 0.05610000
vn -0.09260000 0.99330000 0.06920000
vn -0.08990000 0.99260000 0.08210000
vn -0.08700000 0.99160000 0.09540000
vn -0.08330000 0.99070000 0.10800000
vn -0.07950000 0.98950000 0.12080000
vn -0.07550000 0.98810000 0.13380000
vn -0.07150000 0.98660000 0.14690000
vn -0.06690000 0.98490000 0.15960000
vn -0.06240000 0.98280000 0.17370000
vn -0.05680000 0.98000000 0.19080000
vn -0.05160000 0.97650000 0.20920000
vn -0.04270000 0.96910000 0.24280000
vn -0.03270000 0.95950000 0.27990000
vn -0.02330000 0.96070000 0.27670000
vn 0.00970000 0.95580000 -0.29380000
vn 0.01110000 0.96150000 -0.27460000
vn 0.01210000 0.96700000 -0.25470000
vn 0.01690000 0.95530000 -0.29510000
vn 0.01970000 0.96100000 -0.27590000
vn 0.02230000 0.96630000 -0.25650000
vn 0.03710000 0.95210000 -0.30340000
vn 0.04440000 0.95750000 -0.28500000
vn 0.05260000 0.95550000 -0.29020000
vn 0.05180000 0.96220000 -0.26720000
vn 0.06160000 0.96000000 -0.27310000
vn 0.01060000 0.97180000 0.23550000
vn 0.01330000 0.97920000 0.20240000
vn 0.02720000 0.97850000 0.20440000
vn 0.01490000 0.98250000 0.18540000
vn 0.03020000 0.98180000 0.18740000
vn 0.05930000 0.97940000 0.19300000
vn 0.01640000 0.98550000 0.16890000
vn 0.03350000 0.98480000 0.17040000
vn 0.06590000 0.98240000 0.17500000
vn 0.08780000 0.97990000 0.17910000
vn 0.01780000 0.98760000 0.15630000
vn 0.03590000 0.98680000 0.15760000
vn 0.07090000 0.98430000 0.16160000
vn 0.09490000 0.98160000 0.16550000
vn 0.11780000 0.97870000 0.16830000
vn 0.01900000 0.98950000 0.14340000
vn 0.03840000 0.98870000 0.14490000
vn 0.07590000 0.98600000 0.14850000
vn 0.10170000 0.98320000 0.15150000
vn 0.12670000 0.97980000 0.15460000
vn 0.15090000 0.97590000 0.15740000
vn 0.02030000 0.99120000 0.13110000
vn 0.04080000 0.99040000 0.13220000
vn 0.08070000 0.98750000 0.13560000
vn 0.10840000 0.98450000 0.13820000
vn 0.13510000 0.98070000 0.14110000
vn 0.16120000 0.97640000 0.14360000
vn 0.18630000 0.97160000 0.14560000
vn 0.02150000 0.99270000 0.11840000
vn 0.04310000 0.99190000 0.11960000
vn 0.08520000 0.98880000 0.12270000
vn 0.11460000 0.98550000 0.12530000
vn 0.14310000 0.98140000 0.12790000
vn 0.17090000 0.97660000 0.13030000
vn 0.19770000 0.97130000 0.13210000
vn 0.22350000 0.96560000 0.13280000
vn 0.02230000 0.99410000 0.10620000
vn 0.04530000 0.99320000 0.10700000
vn 0.08950000 0.98990000 0.10990000
vn 0.12050000 0.98630000 0.11230000
vn 0.15060000 0.98190000 0.11480000
vn 0.17990000 0.97670000 0.11710000
vn 0.20830000 0.97080000 0.11870000
vn 0.23550000 0.96450000 0.11920000
vn 0.26180000 0.95770000 0.11950000
vn 0.02360000 0.99540000 0.09320000
vn 0.04720000 0.99440000 0.09430000
vn 0.09340000 0.99090000 0.09690000
vn 0.12590000 0.98710000 0.09920000
vn 0.15740000 0.98230000 0.10160000
vn 0.18820000 0.97660000 0.10370000
vn 0.21810000 0.97020000 0.10530000
vn 0.24660000 0.96330000 0.10580000
vn 0.27410000 0.95580000 0.10610000
vn 0.02420000 0.99640000 0.08100000
vn 0.04900000 0.99550000 0.08150000
vn 0.09700000 0.99170000 0.08400000
vn 0.13040000 0.98770000 0.08600000
vn 0.16320000 0.98270000 0.08800000
vn 0.19570000 0.97650000 0.09020000
vn 0.22680000 0.96960000 0.09170000
vn 0.25650000 0.96210000 0.09220000
vn 0.28520000 0.95400000 0.09270000
vn 0.02530000 0.99740000 0.06790000
vn 0.05050000 0.99640000 0.06870000
vn 0.10000000 0.99250000 0.07090000
vn 0.13500000 0.98820000 0.07280000
vn 0.16900000 0.98280000 0.07480000
vn 0.20220000 0.97630000 0.07650000
vn 0.23450000 0.96900000 0.07790000
vn 0.26530000 0.96090000 0.07870000
vn 0.29490000 0.95230000 0.07890000
vn 0.02600000 0.99810000 0.05520000
vn 0.05190000 0.99710000 0.05600000
vn 0.10270000 0.99300000 0.05780000
vn 0.13820000 0.98860000 0.05930000
vn 0.17360000 0.98290000 0.06110000
vn 0.20780000 0.97620000 0.06260000
vn 0.24100000 0.96840000 0.06380000
vn 0.27260000 0.96000000 0.06430000
vn 0.30320000 0.95070000 0.06480000
vn 0.02660000 0.99870000 0.04250000
vn 0.05300000 0.99770000 0.04310000
vn 0.10480000 0.99350000 0.04460000
vn 0.14160000 0.98890000 0.04610000
vn 0.17740000 0.98300000 0.04730000
vn 0.21240000 0.97600000 0.04850000
vn 0.24630000 0.96790000 0.04950000
vn 0.27880000 0.95900000 0.05010000
vn 0.30970000 0.94950000 0.05000000
vn 0.02700000 0.99920000 0.02980000
vn 0.05380000 0.99810000 0.03030000
vn 0.10650000 0.99380000 0.03140000
vn 0.14360000 0.98910000 0.03230000
vn 0.17990000 0.98310000 0.03330000
vn 0.21560000 0.97590000 0.03410000
vn 0.25010000 0.96760000 0.03480000
vn 0.28340000 0.95840000 0.03540000
vn 0.31500000 0.94840000 0.03570000
vn 0.02740000 0.99950000 0.01720000
vn 0.05440000 0.99840000 0.01740000
vn 0.10760000 0.99400000 0.01820000
vn 0.14530000 0.98920000 0.01890000
vn 0.18210000 0.98310000 0.01950000
vn 0.21810000 0.97570000 0.02010000
vn 0.25280000 0.96730000 0.02030000
vn 0.28640000 0.95790000 0.02090000
vn 0.31840000 0.94770000 0.02100000
vn 0.02750000 0.99960000 0.00440000
vn 0.05470000 0.99850000 0.00470000
vn 0.10820000 0.99410000 0.00500000
vn 0.14600000 0.98930000 0.00540000
vn 0.18300000 0.98310000 0.00580000
vn 0.21910000 0.97570000 0.00610000
vn 0.25420000 0.96710000 0.00640000
vn 0.28780000 0.95770000 0.00670000
vn 0.31990000 0.94740000 0.00680000
vn 0.02760000 0.99960000 -0.00830000
vn 0.05480000 0.99850000 -0.00830000
vn 0.10820000 0.99410000 -0.00800000
vn 0.14590000 0.98930000 -0.00790000
vn 0.18280000 0.98310000 -0.00780000
vn 0.21870000 0.97580000 -0.00780000
vn 0.25400000 0.96720000 -0.00760000
vn 0.28750000 0.95770000 -0.00750000
vn 0.31960000 0.94750000 -0.00710000
vn 0.02750000 0.99940000 -0.02100000
vn 0.05460000 0.99830000 -0.02100000
vn 0.10760000 0.99400000 -0.02120000
vn 0.14500000 0.98920000 -0.02140000
vn 0.18170000 0.98310000 -0.02170000
vn 0.21760000 0.97580000 -0.02180000
vn 0.25230000 0.96740000 -0.02190000
vn 0.28570000 0.95810000 -0.02170000
vn 0.31760000 0.94800000 -0.02150000
vn 0.02720000 0.99910000 -0.03380000
vn 0.05400000 0.99800000 -0.03390000
vn 0.10640000 0.99370000 -0.03440000
vn 0.14340000 0.98900000 -0.03500000
vn 0.17960000 0.98310000 -0.03550000
vn 0.21500000 0.97590000 -0.03600000
vn 0.24930000 0.96770000 -0.03630000
vn 0.28240000 0.95860000 -0.03680000
vn 0.31380000 0.94880000 -0.03610000
vn 0.02680000 0.99860000 -0.04640000
vn 0.05330000 0.99750000 -0.04680000
vn 0.10480000 0.99340000 -0.04770000
vn 0.14100000 0.98880000 -0.04850000
vn 0.17650000 0.98310000 -0.04950000
vn 0.21130000 0.97610000 -0.05030000
vn 0.24500000 0.96820000 -0.05080000
vn 0.27750000 0.95930000 -0.05140000
vn 0.30820000 0.95000000 -0.05080000
vn 0.02640000 0.99790000 -0.05910000
vn 0.05220000 0.99690000 -0.05960000
vn 0.10270000 0.99280000 -0.06090000
vn 0.13790000 0.98850000 -0.06200000
vn 0.17260000 0.98300000 -0.06320000
vn 0.20670000 0.97630000 -0.06460000
vn 0.23960000 0.96870000 -0.06540000
vn 0.27090000 0.96040000 -0.06540000
vn 0.30120000 0.95130000 -0.06550000
vn 0.02580000 0.99710000 -0.07170000
vn 0.05100000 0.99610000 -0.07240000
vn 0.10000000 0.99220000 -0.07400000
vn 0.13420000 0.98810000 -0.07530000
vn 0.16780000 0.98280000 -0.07670000
vn 0.20070000 0.97650000 -0.07820000
vn 0.23260000 0.96930000 -0.07910000
vn 0.26320000 0.96150000 -0.07950000
vn 0.29250000 0.95300000 -0.07930000
vn 0.02530000 0.99610000 -0.08480000
vn 0.04950000 0.99510000 -0.08520000
vn 0.09690000 0.99150000 -0.08700000
vn 0.12990000 0.98760000 -0.08840000
vn 0.16260000 0.98250000 -0.09060000
vn 0.19420000 0.97660000 -0.09200000
vn 0.22480000 0.97000000 -0.09280000
vn 0.25450000 0.96250000 -0.09370000
vn 0.28250000 0.95480000 -0.09290000
vn 0.02420000 0.99500000 -0.09710000
vn 0.04780000 0.99410000 -0.09790000
vn 0.09340000 0.99060000 -0.10000000
vn 0.12500000 0.98690000 -0.10170000
vn 0.15600000 0.98230000 -0.10360000
vn 0.18650000 0.97680000 -0.10520000
vn 0.21610000 0.97050000 -0.10680000
vn 0.24430000 0.96380000 -0.10720000
vn 0.27110000 0.95660000 -0.10650000
vn 0.02330000 0.99370000 -0.10970000
vn 0.04590000 0.99280000 -0.11060000
vn 0.08960000 0.98960000 -0.11300000
vn 0.11980000 0.98610000 -0.11500000
vn 0.14940000 0.98180000 -0.11700000
vn 0.17840000 0.97670000 -0.11900000
vn 0.20630000 0.97100000 -0.12040000
vn 0.23310000 0.96490000 -0.12080000
vn 0.25870000 0.95840000 -0.12020000
vn 0.02260000 0.99220000 -0.12260000
vn 0.04400000 0.99140000 -0.12330000
vn 0.08530000 0.98840000 -0.12590000
vn 0.11420000 0.98510000 -0.12830000
vn 0.14200000 0.98130000 -0.13030000
vn 0.16940000 0.97660000 -0.13260000
vn 0.19570000 0.97150000 -0.13380000
vn 0.22090000 0.96600000 -0.13420000
vn 0.24520000 0.96020000 -0.13390000
vn 0.02150000 0.99060000 -0.13520000
vn 0.04170000 0.98980000 -0.13600000
vn 0.08080000 0.98700000 -0.13890000
vn 0.10800000 0.98400000 -0.14140000
vn 0.13390000 0.98050000 -0.14400000
vn 0.15940000 0.97630000 -0.14630000
vn 0.18430000 0.97170000 -0.14780000
vn 0.20790000 0.96690000 -0.14820000
vn 0.23050000 0.96180000 -0.14750000
vn 0.02000000 0.98820000 -0.15190000
vn 0.03870000 0.98750000 -0.15290000
vn 0.07460000 0.98490000 -0.15630000
vn 0.09920000 0.98220000 -0.15930000
vn 0.12290000 0.97910000 -0.16230000
vn 0.14560000 0.97560000 -0.16460000
vn 0.16780000 0.97160000 -0.16680000
vn 0.18870000 0.96770000 -0.16730000
vn 0.20880000 0.96360000 -0.16680000
vn 0.01830000 0.98550000 -0.16850000
vn 0.03560000 0.98480000 -0.16990000
vn 0.06810000 0.98240000 -0.17420000
vn 0.08980000 0.98000000 -0.17750000
vn 0.11080000 0.97710000 -0.18140000
vn 0.13090000 0.97400000 -0.18510000
vn 0.15000000 0.97070000 -0.18790000
vn 0.16820000 0.96730000 -0.18980000
vn 0.18530000 0.96430000 -0.18920000
vn 0.01700000 0.98260000 -0.18520000
vn 0.03260000 0.98180000 -0.18700000
vn 0.06180000 0.97940000 -0.19240000
vn 0.08090000 0.97710000 -0.19670000
vn 0.09910000 0.97420000 -0.20260000
vn 0.11600000 0.97130000 -0.20770000
vn 0.13180000 0.96840000 -0.21160000
vn 0.14630000 0.96570000 -0.21430000
vn 0.16020000 0.96340000 -0.21480000
vn -0.01970000 0.96070000 -0.27670000
vn -0.02330000 0.96600000 -0.25760000
vn -0.02700000 0.97070000 -0.23880000
vn -0.03320000 0.97810000 -0.20560000
vn -0.03690000 0.98150000 -0.18810000
vn -0.04090000 0.98440000 -0.17090000
vn -0.04470000 0.98700000 -0.15440000
vn -0.04880000 0.98930000 -0.13730000
vn -0.05170000 0.99090000 -0.12430000
vn -0.05440000 0.99230000 -0.11160000
vn -0.05690000 0.99350000 -0.09890000
vn -0.05920000 0.99450000 -0.08620000
vn -0.06110000 0.99540000 -0.07320000
vn -0.06290000 0.99620000 -0.06060000
vn -0.06430000 0.99680000 -0.04760000
vn -0.06540000 0.99720000 -0.03480000
vn -0.06620000 0.99760000 -0.02200000
vn -0.06670000 0.99770000 -0.00910000
vn -0.06680000 0.99780000 0.00380000
vn -0.06650000 0.99760000 0.01680000
vn -0.06600000 0.99740000 0.02960000
vn -0.06510000 0.99700000 0.04250000
vn -0.06380000 0.99640000 0.05540000
vn -0.06240000 0.99570000 0.06810000
vn -0.06060000 0.99490000 0.08090000
vn -0.05850000 0.99390000 0.09380000
vn -0.05630000 0.99270000 0.10650000
vn -0.05380000 0.99140000 0.11920000
vn -0.05110000 0.98990000 0.13210000
vn -0.04840000 0.98830000 0.14470000
vn -0.04560000 0.98650000 0.15750000
vn -0.04290000 0.98440000 0.17080000
vn -0.03900000 0.98150000 0.18760000
vn -0.03580000 0.97810000 0.20520000
vn -0.03000000 0.97070000 0.23830000
vn -0.08950000 0.96980000 -0.22690000
vn -0.10210000 0.97340000 -0.20510000
vn -0.11520000 0.97610000 -0.18450000
vn -0.12800000 0.97800000 -0.16460000
vn -0.14050000 0.97920000 -0.14650000
vn -0.14920000 0.97980000 -0.13320000
vn -0.15740000 0.98020000 -0.12000000
vn -0.16490000 0.98050000 -0.10680000
vn -0.17170000 0.98070000 -0.09330000
vn -0.17770000 0.98080000 -0.07980000
vn -0.18290000 0.98090000 -0.06630000
vn -0.18730000 0.98090000 -0.05240000
vn -0.19060000 0.98090000 -0.03830000
vn -0.19270000 0.98100000 -0.02410000
vn -0.19360000 0.98090000 0.01700000
vn -0.22410000 0.97440000 0.01710000
vn -0.25360000 0.96720000 0.01710000
vn -0.25460000 0.96700000 0.00300000
vn -0.28810000 0.95760000 0.00280000
vn -0.28790000 0.95760000 -0.01110000
vn -0.32020000 0.94730000 0.00240000
vn -0.31990000 0.94740000 -0.01160000
vn -0.19170000 0.98100000 0.03100000
vn -0.22190000 0.97460000 0.03130000
vn -0.25100000 0.96750000 0.03160000
vn -0.28690000 0.95780000 0.01700000
vn -0.31870000 0.94770000 0.01670000
vn -0.18880000 0.98100000 0.04500000
vn -0.21840000 0.97480000 0.04560000
vn -0.24730000 0.96780000 0.04620000
vn -0.28400000 0.95830000 0.03160000
vn -0.31550000 0.94840000 0.03130000
vn -0.18490000 0.98100000 0.05910000
vn -0.21390000 0.97500000 0.05980000
vn -0.24210000 0.96830000 0.06060000
vn -0.27960000 0.95900000 0.04640000
vn -0.31050000 0.94950000 0.04600000
vn -0.18020000 0.98090000 0.07280000
vn -0.20830000 0.97530000 0.07380000
vn -0.23580000 0.96890000 0.07470000
vn -0.27370000 0.95990000 0.06090000
vn -0.30390000 0.95080000 0.06040000
vn -0.17470000 0.98080000 0.08650000
vn -0.20170000 0.97550000 0.08750000
vn -0.22830000 0.96950000 0.08860000
vn -0.26650000 0.96090000 0.07510000
vn -0.29580000 0.95230000 0.07450000
vn -0.16820000 0.98070000 0.09970000
vn -0.19430000 0.97570000 0.10100000
vn -0.21980000 0.97020000 0.10240000
vn -0.25800000 0.96200000 0.08900000
vn -0.28640000 0.95400000 0.08870000
vn -0.16140000 0.98030000 0.11360000
vn -0.18590000 0.97590000 0.11450000
vn -0.21020000 0.97070000 0.11600000
vn -0.24820000 0.96320000 0.10270000
vn -0.27550000 0.95580000 0.10240000
vn -0.15360000 0.98000000 0.12680000
vn -0.17700000 0.97580000 0.12820000
vn -0.19990000 0.97120000 0.12950000
vn -0.23740000 0.96440000 0.11640000
vn -0.26310000 0.95780000 0.11540000
vn -0.14500000 0.97950000 0.13980000
vn -0.16740000 0.97560000 0.14210000
vn -0.18870000 0.97150000 0.14320000
vn -0.22550000 0.96550000 0.12990000
vn -0.25000000 0.95960000 0.12920000
vn -0.13620000 0.97870000 0.15350000
vn -0.15700000 0.97520000 0.15600000
vn -0.17670000 0.97160000 0.15730000
vn -0.21270000 0.96650000 0.14360000
vn -0.23560000 0.96130000 0.14260000
vn -0.12720000 0.97750000 0.16810000
vn -0.14600000 0.97450000 0.17060000
vn -0.16400000 0.97130000 0.17210000
vn -0.19890000 0.96730000 0.15770000
vn -0.22000000 0.96290000 0.15650000
vn -0.11740000 0.97600000 0.18310000
vn -0.13430000 0.97330000 0.18630000
vn -0.15050000 0.97050000 0.18840000
vn -0.18420000 0.96760000 0.17270000
vn -0.20360000 0.96380000 0.17220000
vn -0.10470000 0.97340000 0.20390000
vn -0.11890000 0.97080000 0.20810000
vn -0.13210000 0.96830000 0.21190000
vn -0.16840000 0.96730000 0.18960000
vn -0.18550000 0.96420000 0.18940000
vn -0.24940000 0.96760000 -0.03960000
vn -0.27730000 0.95920000 -0.05480000
vn -0.30820000 0.94970000 -0.05530000
vn -0.24500000 0.96800000 -0.05410000
vn -0.27080000 0.96020000 -0.06920000
vn -0.30060000 0.95120000 -0.06920000
vn -0.22270000 0.97460000 -0.02460000
vn -0.23930000 0.96850000 -0.06840000
vn -0.26290000 0.96120000 -0.08310000
vn -0.29210000 0.95270000 -0.08360000
vn -0.22000000 0.97470000 -0.03890000
vn -0.23250000 0.96910000 -0.08240000
vn -0.25380000 0.96240000 -0.09690000
vn -0.28190000 0.95450000 -0.09720000
vn -0.21630000 0.97490000 -0.05320000
vn -0.22470000 0.96970000 -0.09620000
vn -0.24340000 0.96360000 -0.11040000
vn -0.27040000 0.95640000 -0.11060000
vn -0.21140000 0.97510000 -0.06730000
vn -0.21550000 0.97030000 -0.10980000
vn -0.23200000 0.96480000 -0.12380000
vn -0.25760000 0.95830000 -0.12390000
vn -0.20540000 0.97530000 -0.08120000
vn -0.20570000 0.97080000 -0.12330000
vn -0.21960000 0.96590000 -0.13720000
vn -0.24370000 0.96010000 -0.13710000
vn -0.19830000 0.97550000 -0.09480000
vn -0.19480000 0.97130000 -0.13670000
vn -0.20630000 0.96680000 -0.15090000
vn -0.22880000 0.96180000 -0.15050000
vn -0.19040000 0.97570000 -0.10830000
vn -0.18280000 0.97160000 -0.15020000
vn -0.18710000 0.96750000 -0.17000000
vn -0.20690000 0.96350000 -0.17010000
vn -0.18170000 0.97580000 -0.12170000
vn -0.16620000 0.97140000 -0.16950000
vn -0.16600000 0.96730000 -0.19180000
vn -0.18300000 0.96420000 -0.19190000
vn -0.17220000 0.97570000 -0.13510000
vn -0.14820000 0.97040000 -0.19060000
vn -0.14390000 0.96570000 -0.21610000
vn -0.16200000 0.97550000 -0.14860000
vn -0.12960000 0.96830000 -0.21360000
vn -0.14750000 0.97480000 -0.16740000
vn -0.11610000 0.97080000 -0.21000000
vn -0.13200000 0.97330000 -0.18780000
vn 0.02960000 0.95370000 -0.29940000
vn 0.03510000 0.95910000 -0.28090000
vn 0.04070000 0.96410000 -0.26220000
vn 0.11350000 0.97130000 0.20890000
vn 0.14780000 0.97060000 0.19020000
vn 0.08500000 0.97070000 0.22460000
vn 0.05570000 0.96630000 0.25150000
vn 0.18160000 0.96770000 0.17510000
vn 0.21790000 0.96280000 0.15980000
vn 0.15750000 0.96340000 0.21680000
vn 0.00680000 -0.00000000 -1.00000000
vn 0.00620000 -0.00000000 -1.00000000
vn 0.00640000 -0.00000000 -1.00000000
vn 0.00680000 -0.00000000 -1.00000000
vn 0.00620000 -0.00000000 -1.00000000
vn 0.00680000 -0.00000000 -1.00000000
vn 0.00620000 -0.00000000 -1.00000000
vn 0.00640000 -0.00000000 -1.00000000
vn 0.00640000 -0.00000000 -1.00000000
vn 0.00640000 -0.00000000 -1.00000000
vn 0.00640000 -0.00000000 -1.00000000
vn 0.00620000 -0.00000000 -1.00000000
vn 0.00620000 -0.00000000 -1.00000000
vn 0.00620000 -0.00000000 -1.00000000
vn 0.00620000 -0.00000000 -1.00000000
vn 0.00630000 -0.00000000 -1.00000000
vn 0.00630000 -0.00000000 -1.00000000
vn 0.00630000 -0.00000000 -1.00000000
vn 0.00630000 -0.00000000 -1.00000000
vn 0.00630000 -0.00000000 -1.00000000
vn 0.00620000 -0.00000000 -1.00000000
vn 0.00630000 -0.00000000 -1.00000000
vn 0.00630000 0.00010000 -1.00000000
vn 0.00620000 -0.00000000 -1.00000000
vn 0.00630000 0.00010000 -1.00000000
vn 0.00620000 -0.00000000 -1.00000000
vn 0.00630000 -0.00000000 -1.00000000
vn 0.00630000 0.00010000 -1.00000000
vn 0.00630000 -0.00000000 -1.00000000
vn 0.00630000 -0.00000000 -1.00000000
vn 0.00630000 -0.00000000 -1.00000000
vn 0.00640000 -0.00000000 -1.00000000
vn 0.00620000 -0.00000000 -1.00000000
vn 0.00630000 -0.00000000 -1.00000000
vn 0.00640000 -0.00000000 -1.00000000
vn 0.00640000 -0.00000000 -1.00000000
vn 0.00620000 -0.00000000 -1.00000000
vn 0.00650000 -0.00000000 -1.00000000
vn 0.00620000 -0.00000000 -1.00000000
vn 0.00630000 -0.00000000 -1.00000000
vn 0.00650000 -0.00000000 -1.00000000
vn 0.00620000 -0.00000000 -1.00000000
vn 0.00630000 -0.00000000 -1.00000000
vn 0.00650000 -0.00000000 -1.00000000
vn 0.00620000 -0.00000000 -1.00000000
vn 0.00620000 -0.00000000 -1.00000000
vn 0.00610000 -0.00000000 -1.00000000
vn 0.00610000 -0.00000000 -1.00000000
vn 0.00610000 -0.00000000 -1.00000000
vn 0.00610000 -0.00000000 -1.00000000
vn -0.00630000 -0.00000000 1.00000000
vn -0.00630000 -0.00000000 1.00000000
vn 0.10230000 -0.00000000 0.99480000
vn 0.15020000 -0.00000000 0.98870000
vn 0.20890000 -0.00000000 0.97790000
vn 0.30310000 -0.00000000 0.95300000
vn 0.31820000 -0.00000000 0.94800000
vn 0.42120000 -0.00000000 0.90700000
vn 0.44840000 -0.00000000 0.89380000
vn 0.51830000 -0.00000000 0.85520000
vn 0.58270000 -0.00000000 0.81270000
vn 0.59230000 -0.00000000 0.80570000
vn 0.66160000 -0.00000000 0.74990000
vn 0.70260000 -0.00000000 0.71150000
vn 0.72560000 -0.00000000 0.68810000
vn 0.78400000 -0.00000000 0.62080000
vn 0.80530000 -0.00000000 0.59280000
vn 0.83610000 -0.00000000 0.54860000
vn 0.88810000 -0.00000000 0.45960000
vn 0.90880000 -0.00000000 0.41720000
vn 0.94910000 -0.00000000 0.31500000
vn 0.93970000 -0.00000000 0.34200000
vn 0.96440000 -0.00000000 0.26450000
vn 0.98670000 -0.00000000 0.16260000
vn 0.98270000 -0.00000000 0.18500000
vn 0.99490000 -0.00000000 0.10120000
vn 1.00000000 -0.00000000 0.00630000
vn 0.99980000 -0.00000000 0.01990000
vn 0.99810000 -0.00000000 -0.06170000
vn 0.98870000 -0.00000000 -0.15020000
vn 0.98840000 -0.00000000 -0.15190000
vn 0.97250000 -0.00010000 -0.23300000
vn 0.95300000 -0.00000000 -0.30300000
vn 0.95000000 -0.00000000 -0.31230000
vn 0.92110000 -0.00000000 -0.38940000
vn 0.89380000 -0.00000000 -0.44840000
vn 0.88590000 -0.00000000 -0.46380000
vn 0.84480000 -0.00000000 -0.53500000
vn 0.81270000 -0.00000000 -0.58270000
vn 0.78060000 -0.00010000 -0.62500000
vn 0.71150000 -0.00000000 -0.70270000
vn 0.72450000 -0.00000000 -0.68920000
vn 0.65640000 -0.00000000 -0.75440000
vn 0.59290000 -0.00000000 -0.80530000
vn 0.53140000 -0.00000000 -0.84710000
vn 0.45960000 -0.00000000 -0.88810000
vn 0.44680000 -0.00000000 -0.89460000
vn 0.35810000 -0.00010000 -0.93370000
vn 0.31500000 -0.00000000 -0.94910000
vn 0.27590000 -0.00000000 -0.96120000
vn 0.16270000 -0.00000000 -0.98670000
vn 0.19500000 -0.00000000 -0.98080000
vn 0.11290000 -0.00000000 -0.99360000
vn 0.00640000 -0.00000000 -1.00000000
vn 0.00630000 -0.00000000 -1.00000000
vn -0.00000000 1.00000000 -0.00000000
vn -0.00000000 1.00000000 -0.00000000
vn -0.00000000 1.00000000 -0.00000000
vn -0.00000000 1.00000000 -0.00000000
vn -0.00000000 1.00000000 -0.00000000
vn -0.00010000 1.00000000 -0.00000000
vn -0.00000000 1.00000000 -0.00000000
vn -0.00010000 1.00000000 -0.00000000
vn -0.00000000 1.00000000 -0.00000000
vn -0.00010000 1.00000000 -0.00000000
vn -0.00000000 1.00000000 -0.00000000
vn -0.00010000 1.00000000 -0.00000000
vn -0.00000000 1.00000000 -0.00000000
vn -0.00000000 1.00000000 -0.00000000
vn -0.00010000 1.00000000 -0.00000000
vn -0.00000000 1.00000000 -0.00000000
vn -0.00000000 1.00000000 -0.00000000
vn -0.00000000 1.00000000 -0.00000000
vn -0.00000000 1.00000000 -0.00000000
vn -0.00000000 1.00000000 -0.00000000
vn -0.00000000 1.00000000 -0.00000000
vn -0.00000000 1.00000000 -0.00000000
vn -0.00000000 1.00000000 -0.00000000
vn -0.00000000 1.00000000 -0.00000000
vn -0.00000000 1.00000000 -0.00000000
vn -0.00000000 1.00000000 -0.00000000
vn -0.00000000 1.00000000 -0.00000000
vn -0.00000000 1.00000000 -0.00000000
vn -0.00000000 1.00000000 -0.00000000
vn -0.00000000 1.00000000 -0.00000000
vn -0.00000000 1.00000000 -0.00000000
vn -0.00000000 1.00000000 -0.00000000
vn -0.00000000 1.00000000 -0.00000000
vn -0.00000000 1.00000000 -0.00000000
vn -0.00000000 1.00000000 -0.00000000
vn -0.00000000 1.00000000 -0.00000000
vn -0.00000000 1.00000000 -0.00000000
vn -0.00000000 1.00000000 -0.00000000
vn -0.00000000 1.00000000 -0.00000000
vn -0.00000000 1.00000000 -0.00000000
vn -0.00000000 1.00000000 -0.00000000
vn -0.00000000 1.00000000 -0.00000000
vn -0.00000000 1.00000000 -0.00000000
vn -0.00000000 1.00000000 -0.00000000
vn -0.00000000 1.00000000 -0.00000000
vn -0.00000000 1.00000000 -0.00000000
vn -0.00000000 1.00000000 -0.00000000
vn -0.00000000 1.00000000 -0.00000000
vn -0.00000000 1.00000000 -0.00000000
vn -0.00000000 1.00000000 -0.00000000
vn -0.00000000 1.00000000 -0.00000000
vn -0.00000000 1.00000000 -0.00000000
vn -0.00000000 1.00000000 -0.00000000
vn -0.00000000 1.00000000 -0.00000000
vn -0.00000000 1.00000000 -0.00000000
vn -0.00000000 1.00000000 -0.00000000
vn -0.00000000 1.00000000 -0.00000000
vn -0.00000000 1.00000000 -0.00000000
vn -0.00000000 1.00000000 -0.00000000
vn -0.00000000 1.00000000 -0.00000000
vn -0.00000000 1.00000000 -0.00000000
vn -0.00000000 1.00000000 -0.00000000
vn -0.00000000 1.00000000 -0.00000000
vn -0.00000000 1.00000000 -0.00000000
vn -0.00000000 1.00000000 -0.00000000
vn -0.00000000 1.00000000 -0.00000000
vn -0.00000000 1.00000000 -0.00000000
vn -0.00000000 1.00000000 -0.00000000
vn -0.00000000 1.00000000 -0.00000000
vn -0.00000000 1.00000000 -0.00000000
vn -0.00000000 1.00000000 -0.00000000
vn -0.00000000 1.00000000 -0.00000000
vn -0.00000000 1.00000000 -0.00000000
vn -0.00000000 1.00000000 -0.00000000
vn -0.00000000 1.00000000 -0.00000000
vn -0.00000000 1.00000000 -0.00000000
vn -0.00000000 1.00000000 -0.00000000
vn -0.00000000 1.00000000 -0.00000000
vn -0.00000000 1.00000000 -0.00000000
vn -0.00010000 1.00000000 -0.00000000
vn -0.00010000 1.00000000 -0.00000000
vn -0.00000000 1.00000000 -0.00000000
vn -0.00000000 1.00000000 -0.00000000
vn -0.00010000 1.00000000 -0.00000000
vn -0.00000000 1.00000000 -0.00000000
vn -0.00000000 1.00000000 -0.00000000
vn -0.00000000 1.00000000 0.00010000
vn -0.00000000 1.00000000 -0.00000000
vn -0.00000000 1.00000000 0.00010000
vn -0.00000000 1.00000000 -0.00000000
vn -0.00000000 1.00000000 -0.00000000
vn -0.00000000 1.00000000 0.00010000
vn -0.00000000 1.00000000 -0.00000000
vn -0.00000000 1.00000000 -0.00000000
vn -0.00000000 1.00000000 -0.00000000
vn -0.00000000 1.00000000 -0.00000000
vn -0.00000000 1.00000000 -0.00000000
vn -0.00000000 1.00000000 -0.00000000
vn -0.00000000 1.00000000 -0.00000000
vn -0.00000000 1.00000000 -0.00000000
vn -0.00000000 1.00000000 -0.00000000
vn -0.00000000 1.00000000 -0.00000000
vn -0.00000000 1.00000000 -0.00000000
vn 0.00630000 -0.00000000 -1.00000000
vn 0.00630000 -0.00000000 -1.00000000
vn 0.00630000 -0.00000000 -1.00000000
vn 0.00630000 -0.00000000 -1.00000000
vn -0.00630000 -0.00000000 1.00000000
vn -0.00630000 -0.00000000 1.00000000
vn -0.00630000 -0.00000000 1.00000000
vn -0.00630000 -0.00000000 1.00000000
vn 0.00630000 -0.00000000 -1.00000000
vn 0.00630000 -0.00000000 -1.00000000
vn 0.00630000 -0.00000000 -1.00000000
vn 0.00630000 -0.00000000 -1.00000000
vn 0.00640000 -0.00000000 -1.00000000
vn 0.00630000 -0.00000000 -1.00000000
vn 0.18990000 -0.00000000 -0.98180000
vn 0.18990000 -0.00000000 -0.98180000
vn 0.36710000 -0.00000000 -0.93020000
vn 0.36710000 -0.00000000 -0.93020000
vn 0.53180000 -0.00000000 -0.84690000
vn 0.53170000 -0.00000000 -0.84690000
vn 0.67830000 -0.00000000 -0.73480000
vn 0.67830000 -0.00000000 -0.73480000
vn 0.80180000 -0.00000000 -0.59760000
vn 0.80180000 -0.00000000 -0.59760000
vn 0.89790000 -0.00000000 -0.44010000
vn 0.89790000 -0.00000000 -0.44010000
vn 0.96350000 -0.00000000 -0.26760000
vn 0.96350000 -0.00000000 -0.26760000
vn 0.99630000 -0.00000000 -0.08600000
vn 0.99630000 -0.00000000 -0.08600000
vn 0.99510000 -0.00000000 0.09850000
vn 0.99510000 -0.00000000 0.09850000
vn 0.96010000 -0.00000000 0.27970000
vn 0.96010000 -0.00000000 0.27970000
vn 0.89230000 -0.00000000 0.45140000
vn 0.89230000 -0.00000000 0.45140000
vn 0.79420000 -0.00000000 0.60760000
vn 0.79420000 -0.00000000 0.60760000
vn 0.66910000 -0.00000000 0.74320000
vn 0.66910000 -0.00000000 0.74320000
vn 0.52110000 -0.00000000 0.85350000
vn 0.52110000 -0.00000000 0.85350000
vn 0.35530000 -0.00000000 0.93470000
vn 0.35530000 -0.00000000 0.93470000
vn 0.17750000 -0.00000000 0.98410000
vn 0.17750000 -0.00000000 0.98410000
vn -0.00620000 -0.00000000 1.00000000
vn -0.00620000 -0.00000000 1.00000000
vn -0.00630000 -0.00000000 1.00000000
vn -0.00630000 -0.00000000 1.00000000
vn -0.00630000 -0.00000000 1.00000000
vn -0.00630000 -0.00000000 1.00000000
vn -0.14100000 0.82540000 0.54670000
vn -0.11350000 0.65300000 0.74880000
vn -0.13920000 0.81410000 0.56380000
vn -0.10390000 0.59420000 0.79760000
vn -0.08140000 0.45610000 0.88620000
vn -0.05780000 0.31250000 0.94820000
vn -0.00570000 -0.00170000 1.00000000
vn -0.00570000 -0.00170000 1.00000000
vn 0.14970000 0.82310000 0.54780000
vn 0.10520000 0.80590000 0.58260000
vn 0.10550000 0.58880000 0.80130000
vn 0.07010000 0.50660000 0.85930000
vn 0.05680000 0.33470000 0.94060000
vn 0.03540000 0.27900000 0.95960000
vn -0.00500000 0.00700000 1.00000000
vn -0.00560000 0.00370000 1.00000000
vn -0.00610000 0.00120000 1.00000000
vn 0.02880000 0.27650000 0.96060000
vn -0.00610000 0.00090000 1.00000000
vn 0.02690000 0.27510000 0.96110000
vn 0.02060000 0.27340000 0.96170000
vn 0.04320000 0.49920000 0.86540000
vn 0.03450000 0.49650000 0.86730000
vn 0.07400000 0.80670000 0.58630000
vn 0.05690000 0.80280000 0.59360000
vn 0.06730000 0.80300000 0.59220000
vn 0.06010000 0.78830000 0.61240000
vn 0.05800000 0.50310000 0.86230000
vn 0.09300000 0.80950000 0.57970000
vn 0.05460000 0.50120000 0.86360000
vn 0.08890000 0.80850000 0.58180000
vn 0.08710000 0.80830000 0.58240000
vn 0.08170000 0.80750000 0.58420000
vn 0.05530000 0.80230000 0.59430000
vn 0.05030000 0.80060000 0.59710000
vn 0.04520000 0.79930000 0.59920000
vn 0.01510000 0.48810000 0.87270000
vn 0.03790000 0.79730000 0.60240000
vn 0.02950000 0.79430000 0.60680000
vn 0.01530000 0.79800000 0.60240000
vn 0.00570000 0.78530000 0.61910000
vn -0.00260000 0.78540000 0.61900000
vn -0.00490000 0.43530000 0.90030000
vn 0.00510000 0.26590000 0.96400000
vn -0.00630000 0.00650000 1.00000000
vn -0.00600000 0.00620000 1.00000000
vn 0.01580000 0.27160000 0.96230000
vn -0.00580000 0.00560000 1.00000000
vn 0.05480000 0.45230000 0.89020000
vn -0.00660000 0.78490000 0.61960000
vn -0.03400000 0.79330000 0.60780000
vn -0.00720000 0.43570000 0.90000000
vn -0.02950000 0.46560000 0.88450000
vn -0.00630000 0.00110000 1.00000000
vn -0.00630000 -0.00020000 1.00000000
vn -0.05180000 0.46390000 0.88440000
vn -0.00630000 -0.00040000 1.00000000
vn -0.00650000 0.00160000 1.00000000
vn -0.05250000 0.31390000 0.94800000
vn -0.00610000 -0.00110000 1.00000000
vn -0.06440000 0.80300000 0.59250000
vn -0.06950000 0.80390000 0.59070000
vn -0.07620000 0.80560000 0.58760000
vn -0.08500000 0.80710000 0.58430000
vn -0.09410000 0.80860000 0.58080000
vn -0.09350000 0.59630000 0.79730000
vn -0.10220000 0.81060000 0.57670000
vn -0.10750000 0.81070000 0.57540000
vn -0.11320000 0.81250000 0.57180000
vn -0.11670000 0.81350000 0.56970000
vn -0.12090000 0.81490000 0.56690000
vn -0.12480000 0.81670000 0.56350000
vn -0.00630000 -0.00080000 1.00000000
vn -0.00630000 -0.00000000 1.00000000
vn -0.00630000 -0.00000000 1.00000000
vn -0.00600000 -0.00000000 1.00000000
vn -0.00600000 -0.00000000 1.00000000
vn -0.00630000 -0.00000000 1.00000000
vn -0.00600000 -0.00000000 1.00000000
vn -0.00630000 -0.00000000 1.00000000
vn -0.00630000 -0.00000000 1.00000000
vn -0.00630000 -0.00000000 1.00000000
vn -0.00630000 -0.00000000 1.00000000
vn -0.00630000 -0.00000000 1.00000000
vn -0.00630000 -0.00000000 1.00000000
vn -0.00630000 -0.00000000 1.00000000
vn -0.00630000 -0.00000000 1.00000000
vn -0.00630000 -0.00000000 1.00000000
vn -0.00630000 -0.00000000 1.00000000
vn -0.00630000 -0.00000000 1.00000000
vn -0.00630000 -0.00000000 1.00000000
vn -0.00630000 -0.00000000 1.00000000
vn -0.00630000 -0.00000000 1.00000000
vn -0.00630000 -0.00000000 1.00000000
vn -0.00630000 -0.00000000 1.00000000
vn -0.00630000 -0.00000000 1.00000000
vn -0.00540000 -0.00000000 1.00000000
vn -0.00630000 -0.00000000 1.00000000
vn -0.00650000 -0.00000000 1.00000000
vn -0.00540000 -0.00000000 1.00000000
vn -0.00650000 -0.00000000 1.00000000
vn -0.00540000 -0.00000000 1.00000000
vn -0.00650000 -0.00000000 1.00000000
vn -0.00630000 -0.00000000 1.00000000
vn -0.00630000 -0.00000000 1.00000000
vn -0.00580000 -0.00000000 1.00000000
vn -0.00580000 -0.00000000 1.00000000
vn -0.00630000 -0.00000000 1.00000000
vn -0.00580000 -0.00000000 1.00000000
vn 0.14090000 0.82540000 -0.54660000
vn 0.11330000 0.65270000 -0.74910000
vn 0.13900000 0.81400000 -0.56390000
vn 0.10390000 0.59430000 -0.79750000
vn 0.08150000 0.45600000 -0.88630000
vn 0.05800000 0.31260000 -0.94810000
vn 0.00600000 -0.00160000 -1.00000000
vn 0.00570000 -0.00210000 -1.00000000
vn 0.00670000 0.78500000 -0.61950000
vn 0.03400000 0.79350000 -0.60770000
vn 0.00720000 0.43550000 -0.90010000
vn 0.02950000 0.46560000 -0.88450000
vn 0.00630000 0.00070000 -1.00000000
vn 0.00630000 -0.00050000 -1.00000000
vn 0.05180000 0.46380000 -0.88440000
vn 0.00620000 -0.00060000 -1.00000000
vn 0.00640000 0.00150000 -1.00000000
vn 0.05260000 0.31410000 -0.94790000
vn 0.00640000 0.00160000 -1.00000000
vn 0.00640000 -0.00000000 -1.00000000
vn 0.00620000 -0.00040000 -1.00000000
vn 0.00620000 -0.00150000 -1.00000000
vn 0.06440000 0.80300000 -0.59250000
vn 0.06940000 0.80380000 -0.59080000
vn 0.07620000 0.80550000 -0.58760000
vn 0.08510000 0.80710000 -0.58430000
vn 0.09400000 0.80880000 -0.58050000
vn 0.10220000 0.80990000 -0.57760000
vn 0.09350000 0.59650000 -0.79720000
vn 0.10790000 0.81120000 -0.57470000
vn 0.11310000 0.81250000 -0.57190000
vn 0.11700000 0.81380000 -0.56930000
vn 0.12080000 0.81470000 -0.56720000
vn 0.12470000 0.81650000 -0.56370000
vn 0.00630000 -0.00120000 -1.00000000
vn -0.14960000 0.82310000 -0.54780000
vn -0.10530000 0.80600000 -0.58240000
vn -0.10550000 0.58890000 -0.80130000
vn -0.07010000 0.50670000 -0.85920000
vn -0.05680000 0.33470000 -0.94060000
vn -0.03540000 0.27880000 -0.95970000
vn 0.00510000 0.00690000 -1.00000000
vn 0.00580000 0.00320000 -1.00000000
vn 0.00620000 0.00080000 -1.00000000
vn -0.02870000 0.27610000 -0.96070000
vn 0.00610000 0.00100000 -1.00000000
vn -0.02680000 0.27480000 -0.96110000
vn -0.02070000 0.27360000 -0.96160000
vn -0.04330000 0.49900000 -0.86550000
vn -0.03440000 0.49620000 -0.86750000
vn -0.07400000 0.80650000 -0.58660000
vn -0.05650000 0.80280000 -0.59360000
vn -0.06800000 0.81250000 -0.57900000
vn -0.06280000 0.82220000 -0.56570000
vn -0.05790000 0.50310000 -0.86230000
vn -0.09300000 0.80950000 -0.57980000
vn -0.05460000 0.50120000 -0.86360000
vn -0.08890000 0.80840000 -0.58190000
vn -0.08700000 0.80810000 -0.58250000
vn -0.08170000 0.80730000 -0.58450000
vn -0.05520000 0.80250000 -0.59400000
vn -0.05040000 0.80100000 -0.59650000
vn -0.04520000 0.79940000 -0.59920000
vn -0.01510000 0.48800000 -0.87270000
vn -0.03800000 0.79690000 -0.60290000
vn -0.02940000 0.79410000 -0.60700000
vn 0.00260000 0.78540000 -0.61900000
vn -0.01520000 0.79320000 -0.60870000
vn -0.00550000 0.77550000 -0.63130000
vn 0.00490000 0.43500000 -0.90040000
vn -0.00510000 0.26620000 -0.96390000
vn -0.01570000 0.27170000 -0.96230000
vn 0.00600000 0.00670000 -1.00000000
vn 0.00570000 0.00650000 -1.00000000
vn 0.00630000 0.00620000 -1.00000000
vn 0.05670000 -0.36630000 -0.92880000
vn -0.00630000 -0.00000000 1.00000000
vn -0.00630000 -0.00000000 1.00000000
vn -0.00630000 -0.00000000 1.00000000
vn -0.00630000 -0.00000000 1.00000000
vn -0.00620000 -0.00000000 1.00000000
vn -0.00620000 -0.00000000 1.00000000
vn 0.15020000 -0.00000000 0.98870000
vn 0.15020000 -0.00000000 0.98870000
vn 0.30300000 -0.00000000 0.95300000
vn 0.30300000 -0.00000000 0.95300000
vn 0.44840000 -0.00000000 0.89380000
vn 0.44840000 -0.00000000 0.89380000
vn 0.58270000 -0.00000000 0.81270000
vn 0.58270000 -0.00000000 0.81270000
vn 0.70260000 -0.00000000 0.71160000
vn 0.70260000 -0.00000000 0.71150000
vn 0.80530000 -0.00000000 0.59280000
vn 0.80530000 -0.00000000 0.59280000
vn 0.88810000 -0.00000000 0.45960000
vn 0.88810000 -0.00000000 0.45960000
vn 0.94910000 -0.00000000 0.31500000
vn 0.94910000 -0.00000000 0.31500000
vn 0.98670000 -0.00000000 0.16260000
vn 0.98670000 -0.00000000 0.16260000
vn 1.00000000 -0.00000000 0.00630000
vn 1.00000000 -0.00000000 0.00630000
vn 0.98870000 -0.00000000 -0.15020000
vn 0.98870000 -0.00000000 -0.15020000
vn 0.95300000 -0.00000000 -0.30300000
vn 0.95300000 -0.00000000 -0.30300000
vn 0.89380000 -0.00000000 -0.44840000
vn 0.89380000 -0.00000000 -0.44840000
vn 0.81270000 -0.00000000 -0.58270000
vn 0.81270000 -0.00000000 -0.58270000
vn 0.71150000 -0.00000000 -0.70270000
vn 0.71150000 -0.00000000 -0.70270000
vn 0.59280000 -0.00000000 -0.80530000
vn 0.59290000 -0.00000000 -0.80530000
vn 0.45960000 -0.00000000 -0.88810000
vn 0.45960000 -0.00000000 -0.88810000
vn 0.31490000 -0.00000000 -0.94910000
vn 0.31490000 -0.00000000 -0.94910000
vn 0.16270000 -0.00000000 -0.98670000
vn 0.16270000 -0.00000000 -0.98670000
vn 0.00650000 -0.00000000 -1.00000000
vn 0.00640000 -0.00000000 -1.00000000
vn 0.00630000 -0.00000000 -1.00000000
vn 0.00630000 -0.00000000 -1.00000000
vn 0.00630000 -0.00000000 -1.00000000
vn 0.00630000 -0.00000000 -1.00000000
vn -0.00630000 -0.00000000 1.00000000
vn -0.00630000 -0.00000000 1.00000000
vn 0.14280000 -0.00000000 0.98970000
vn 0.14280000 -0.00000000 0.98970000
vn 0.28880000 -0.00000000 0.95740000
vn 0.28880000 -0.00000000 0.95740000
vn 0.42820000 -0.00000000 0.90370000
vn 0.42820000 -0.00000000 0.90370000
vn 0.55810000 -0.00000000 0.82980000
vn 0.55810000 -0.00000000 0.82980000
vn 0.67550000 -0.00000000 0.73730000
vn 0.67550000 -0.00000000 0.73730000
vn 0.77790000 -0.00000000 0.62840000
vn 0.77790000 -0.00000000 0.62840000
vn 0.86290000 -0.00000000 0.50540000
vn 0.86290000 -0.00000000 0.50540000
vn 0.92860000 -0.00000000 0.37120000
vn 0.92860000 -0.00000000 0.37120000
vn 0.97350000 -0.00000000 0.22870000
vn 0.97350000 -0.00000000 0.22860000
vn 0.99670000 -0.00000000 0.08100000
vn 0.99670000 -0.00000000 0.08100000
vn 0.99770000 -0.00000000 -0.06850000
vn 0.99770000 -0.00000000 -0.06850000
vn 0.97630000 -0.00000000 -0.21640000
vn 0.97630000 -0.00000000 -0.21640000
vn 0.93310000 -0.00000000 -0.35950000
vn 0.93310000 -0.00000000 -0.35950000
vn 0.86920000 -0.00000000 -0.49450000
vn 0.86920000 -0.00000000 -0.49450000
vn 0.78570000 -0.00000000 -0.61860000
vn 0.78570000 -0.00000000 -0.61860000
vn 0.68470000 -0.00000000 -0.72880000
vn 0.68470000 -0.00000000 -0.72880000
vn 0.56850000 -0.00000000 -0.82270000
vn 0.56850000 -0.00000000 -0.82270000
vn 0.43960000 -0.00000000 -0.89820000
vn 0.43960000 -0.00000000 -0.89820000
vn 0.30080000 -0.00000000 -0.95370000
vn 0.30080000 -0.00000000 -0.95370000
vn 0.15520000 -0.00000000 -0.98790000
vn 0.15520000 -0.00000000 -0.98790000
vn 0.00620000 -0.00000000 -1.00000000
vn 0.00630000 -0.00000000 -1.00000000
vn -0.00640000 -0.00000000 1.00000000
vn -0.00630000 -0.00000000 1.00000000
vn -0.19000000 -0.00000000 0.98180000
vn -0.19000000 -0.00000000 0.98180000
vn -0.36710000 -0.00000000 0.93020000
vn -0.36710000 -0.00000000 0.93020000
vn -0.53180000 -0.00000000 0.84690000
vn -0.53180000 -0.00000000 0.84690000
vn -0.67830000 -0.00000000 0.73470000
vn -0.67830000 -0.00000000 0.73470000
vn -0.80180000 -0.00000000 0.59760000
vn -0.80180000 -0.00000000 0.59760000
vn -0.89790000 -0.00000000 0.44010000
vn -0.89790000 -0.00000000 0.44010000
vn -0.96350000 -0.00000000 0.26760000
vn -0.96350000 -0.00000000 0.26760000
vn -0.99630000 -0.00000000 0.08600000
vn -0.99630000 -0.00000000 0.08600000
vn -0.99510000 -0.00000000 -0.09850000
vn -0.99510000 -0.00000000 -0.09850000
vn -0.96010000 -0.00000000 -0.27970000
vn -0.96010000 -0.00000000 -0.27970000
vn -0.89230000 -0.00000000 -0.45140000
vn -0.89230000 -0.00000000 -0.45140000
vn -0.79420000 -0.00000000 -0.60760000
vn -0.79420000 -0.00000000 -0.60760000
vn -0.66900000 -0.00000000 -0.74320000
vn -0.66900000 -0.00000000 -0.74320000
vn -0.52100000 -0.00000000 -0.85350000
vn -0.52100000 -0.00000000 -0.85350000
vn -0.35540000 -0.00000000 -0.93470000
vn -0.35540000 -0.00000000 -0.93470000
vn -0.17760000 -0.00000000 -0.98410000
vn -0.17760000 -0.00000000 -0.98410000
vn 0.00630000 -0.00000000 -1.00000000
vn 0.00620000 -0.00000000 -1.00000000
vn 0.15800000 0.82300000 -0.54560000
vn 0.21570000 0.82500000 -0.52230000
vn 0.12710000 0.65150000 -0.74800000
vn 0.22790000 0.67030000 -0.70630000
vn 0.21150000 0.46920000 -0.85740000
vn 0.32540000 0.66530000 -0.67200000
vn 0.32810000 0.46550000 -0.82200000
vn 0.41820000 0.65770000 -0.62650000
vn 0.43920000 0.45940000 -0.77210000
vn 0.50020000 0.64950000 -0.57270000
vn 0.53930000 0.45290000 -0.70990000
vn 0.57710000 0.63920000 -0.50840000
vn 0.63370000 0.44500000 -0.63280000
vn 0.64420000 0.62870000 -0.43570000
vn 0.71580000 0.43680000 -0.54490000
vn 0.70140000 0.61950000 -0.35250000
vn 0.78720000 0.42950000 -0.44270000
vn 0.74520000 0.61130000 -0.26640000
vn 0.84170000 0.42320000 -0.33550000
vn 0.77600000 0.60560000 -0.17630000
vn 0.88040000 0.41870000 -0.22280000
vn 0.79430000 0.60200000 -0.08180000
vn 0.90350000 0.41600000 -0.10340000
vn 0.79990000 0.60020000 0.00030000
vn 0.90990000 0.41480000 0.00010000
vn 0.79550000 0.60050000 0.08090000
vn 0.90410000 0.41510000 0.10130000
vn 0.78110000 0.60350000 0.16040000
vn 0.88630000 0.41720000 0.20100000
vn 0.75630000 0.60890000 0.23910000
vn 0.85600000 0.42100000 0.30020000
vn 0.72160000 0.61560000 0.31670000
vn 0.81260000 0.42640000 0.39740000
vn 0.67840000 0.62300000 0.38940000
vn 0.75850000 0.43210000 0.48780000
vn 0.62670000 0.63090000 0.45750000
vn 0.69420000 0.43850000 0.57080000
vn 0.56550000 0.63980000 0.52050000
vn 0.61900000 0.44570000 0.64670000
vn 0.48560000 0.65040000 0.58420000
vn 0.52180000 0.45370000 0.72240000
vn 0.39830000 0.65900000 0.63810000
vn 0.41540000 0.46060000 0.78440000
vn 0.30600000 0.66600000 0.68030000
vn 0.30300000 0.46600000 0.83130000
vn 0.19590000 0.67210000 0.71400000
vn 0.17420000 0.47090000 0.86480000
vn 0.10700000 0.60400000 0.78980000
vn 0.05330000 0.31940000 0.94610000
vn 0.26030000 0.82310000 -0.50470000
vn 0.30410000 0.81930000 -0.48600000
vn 0.36510000 0.81290000 -0.45370000
vn 0.40160000 0.80840000 -0.43040000
vn 0.45230000 0.80070000 -0.39290000
vn 0.49070000 0.79330000 -0.36040000
vn 0.52560000 0.78570000 -0.32620000
vn 0.55930000 0.77840000 -0.28490000
vn 0.57700000 0.77460000 -0.25900000
vn 0.61010000 0.76710000 -0.19830000
vn 0.62340000 0.76380000 -0.16730000
vn 0.63420000 0.76090000 -0.13720000
vn 0.64150000 0.75880000 -0.11290000
vn 0.64550000 0.75760000 -0.09650000
vn 0.64780000 0.75740000 -0.08230000
vn 0.65390000 0.75560000 -0.03850000
vn 0.65740000 0.75350000 0.00520000
vn 0.65630000 0.75230000 0.05730000
vn 0.64860000 0.75490000 0.09730000
vn 0.63610000 0.75940000 0.13650000
vn 0.62030000 0.76440000 0.17570000
vn 0.60380000 0.76860000 0.21130000
vn 0.58960000 0.77190000 0.23770000
vn 0.57800000 0.77460000 0.25660000
vn 0.55610000 0.77930000 0.28870000
vn 0.52120000 0.78630000 0.33170000
vn 0.50610000 0.78930000 0.34770000
vn 0.54350000 0.78200000 0.30520000
vn 0.53090000 0.78470000 0.31990000
vn 0.48620000 0.79310000 0.36690000
vn 0.44620000 0.80060000 0.39990000
vn 0.40270000 0.80770000 0.43070000
vn 0.35800000 0.81330000 0.45860000
vn 0.32860000 0.81640000 0.47490000
vn 0.30220000 0.81900000 0.48780000
vn 0.27210000 0.82170000 0.50070000
vn 0.25940000 0.82270000 0.50580000
vn 0.24210000 0.82430000 0.51170000
vn 0.23030000 0.82530000 0.51550000
vn 0.20170000 0.82620000 0.52600000
vn 0.17600000 0.82600000 0.53540000
vn 0.16110000 0.82530000 0.54120000
vn 0.15490000 0.82460000 0.54410000
vn 0.14910000 0.82340000 0.54750000
vn 0.14130000 0.23940000 0.96060000
vn -0.00620000 0.00010000 1.00000000
vn 0.10110000 0.00030000 0.99490000
vn 0.20960000 -0.00070000 0.97780000
vn 0.28090000 0.23640000 0.93020000
vn 0.31830000 0.00020000 0.94800000
vn 0.40720000 0.23400000 0.88280000
vn 0.42020000 -0.00010000 0.90740000
vn 0.52720000 0.23010000 0.81800000
vn 0.51840000 -0.00000000 0.85520000
vn 0.59330000 0.00020000 0.80500000
vn 0.63760000 0.22610000 0.73640000
vn 0.66240000 0.00050000 0.74920000
vn 0.72400000 0.22250000 0.65290000
vn 0.72550000 0.00070000 0.68820000
vn 0.78310000 -0.00000000 0.62190000
vn 0.79900000 0.21860000 0.56030000
vn 0.83500000 -0.00110000 0.55020000
vn 0.86250000 0.21510000 0.45810000
vn 0.90910000 -0.00140000 0.41650000
vn 0.91370000 0.21250000 0.34650000
vn 0.94060000 -0.00050000 0.33960000
vn 0.94940000 0.21140000 0.23220000
vn 0.96510000 0.00080000 0.26200000
vn 0.98290000 0.00190000 0.18400000
vn 0.97050000 0.21080000 0.11700000
vn 0.99480000 0.00200000 0.10200000
vn 0.97760000 0.21030000 -0.00020000
vn 0.99980000 0.00150000 0.02210000
vn 0.99820000 0.00060000 -0.05920000
vn 0.97020000 0.21030000 -0.12040000
vn 0.98850000 -0.00040000 -0.15150000
vn 0.97220000 -0.00040000 -0.23430000
vn 0.94250000 0.21180000 -0.25870000
vn 0.94950000 -0.00020000 -0.31380000
vn 0.89640000 0.21420000 -0.38800000
vn 0.92080000 0.00010000 -0.39000000
vn 0.88610000 -0.00010000 -0.46350000
vn 0.83240000 0.21710000 -0.51000000
vn 0.84540000 -0.00070000 -0.53420000
vn 0.78060000 -0.00040000 -0.62510000
vn 0.74890000 0.22140000 -0.62460000
vn 0.72460000 -0.00020000 -0.68910000
vn 0.65460000 0.22550000 -0.72160000
vn 0.65630000 -0.00050000 -0.75450000
vn 0.53140000 0.00050000 -0.84710000
vn 0.54640000 0.23020000 -0.80520000
vn 0.44690000 0.00020000 -0.89460000
vn 0.43330000 0.23300000 -0.87060000
vn 0.35830000 -0.00050000 -0.93360000
vn 0.31030000 0.23630000 -0.92080000
vn 0.27580000 -0.00010000 -0.96120000
vn 0.19470000 -0.00000000 -0.98090000
vn 0.18170000 0.23850000 -0.95400000
vn 0.11300000 0.00050000 -0.99360000
vn 0.00640000 0.00020000 -1.00000000
vn 0.09120000 0.45560000 -0.88550000
vn 0.15600000 0.82840000 0.53800000
vn 0.16140000 0.82530000 0.54120000
vn 0.14930000 0.82330000 0.54760000
vn 0.17720000 0.82620000 0.53480000
vn 0.19850000 0.82470000 0.52960000
vn 0.20050000 0.82640000 0.52610000
vn 0.23110000 0.82480000 0.51600000
vn 0.25200000 0.82170000 0.51110000
vn 0.24180000 0.82430000 0.51190000
vn 0.25810000 0.82310000 0.50590000
vn 0.27030000 0.82220000 0.50100000
vn 0.30150000 0.81780000 0.49020000
vn 0.24110000 0.81960000 0.51970000
vn 0.29150000 0.81600000 0.49920000
vn 0.22930000 0.81720000 0.52870000
vn 0.28140000 0.81400000 0.50810000
vn 0.33860000 0.81160000 0.47610000
vn 0.32940000 0.80990000 0.48540000
vn 0.38220000 0.80640000 0.45130000
vn 0.37400000 0.80480000 0.46080000
vn 0.42290000 0.80070000 0.42420000
vn 0.41570000 0.79950000 0.43350000
vn 0.46070000 0.79470000 0.39510000
vn 0.45490000 0.79370000 0.40390000
vn 0.49650000 0.78860000 0.36280000
vn 0.49160000 0.78770000 0.37130000
vn 0.52970000 0.78250000 0.32730000
vn 0.52570000 0.78180000 0.33530000
vn 0.55900000 0.77670000 0.29030000
vn 0.55610000 0.77630000 0.29690000
vn 0.58440000 0.77140000 0.25180000
vn 0.58220000 0.77110000 0.25790000
vn 0.60550000 0.76680000 0.21290000
vn 0.60420000 0.76650000 0.21800000
vn 0.62300000 0.76280000 0.17310000
vn 0.62220000 0.76260000 0.17710000
vn 0.63690000 0.75950000 0.13230000
vn 0.63640000 0.75930000 0.13550000
vn 0.64700000 0.75710000 0.09050000
vn 0.64690000 0.75690000 0.09280000
vn 0.65330000 0.75560000 0.04780000
vn 0.65330000 0.75550000 0.04880000
vn 0.65560000 0.75510000 0.00430000
vn 0.65570000 0.75510000 0.00430000
vn 0.65380000 0.75560000 -0.03920000
vn 0.65400000 0.75540000 -0.04060000
vn 0.64830000 0.75690000 -0.08240000
vn 0.64790000 0.75710000 -0.08450000
vn 0.63850000 0.75960000 -0.12380000
vn 0.63800000 0.75940000 -0.12740000
vn 0.62520000 0.76280000 -0.16480000
vn 0.62430000 0.76260000 -0.16930000
vn 0.60820000 0.76680000 -0.20510000
vn 0.60680000 0.76650000 -0.21050000
vn 0.58730000 0.77150000 -0.24470000
vn 0.58520000 0.77110000 -0.25090000
vn 0.56250000 0.77670000 -0.28360000
vn 0.55960000 0.77610000 -0.29070000
vn 0.53380000 0.78220000 -0.32120000
vn 0.52960000 0.78150000 -0.32990000
vn 0.50160000 0.78840000 -0.35610000
vn 0.49660000 0.78760000 -0.36490000
vn 0.46670000 0.79480000 -0.38800000
vn 0.46060000 0.79370000 -0.39720000
vn 0.42900000 0.80090000 -0.41770000
vn 0.42190000 0.79970000 -0.42720000
vn 0.38800000 0.80640000 -0.44620000
vn 0.38020000 0.80500000 -0.45540000
vn 0.34330000 0.81130000 -0.47320000
vn 0.33400000 0.80950000 -0.48280000
vn 0.29650000 0.81570000 -0.49670000
vn 0.28630000 0.81370000 -0.50580000
vn 0.24770000 0.81930000 -0.51710000
vn 0.23700000 0.81720000 -0.52540000
vn 0.19710000 0.82150000 -0.53510000
vn 0.18570000 0.81910000 -0.54270000
vn 0.13370000 0.81840000 -0.55880000
vn 0.10560000 0.81000000 -0.57680000
vn 0.10590000 0.81010000 -0.57660000
vn 0.07380000 0.80540000 -0.58820000
vn 0.07350000 0.80550000 -0.58800000
vn 0.07350000 0.80560000 -0.58800000
vn 0.04150000 0.79510000 -0.60500000
vn 0.06470000 0.80330000 -0.59200000
vn 0.03420000 0.79310000 -0.60820000
vn 0.30030000 0.81960000 0.48790000
vn 0.32800000 0.81690000 0.47440000
vn 0.34720000 0.81310000 0.46730000
vn 0.35960000 0.81330000 0.45740000
vn 0.38990000 0.80770000 0.44220000
vn 0.40470000 0.80720000 0.42970000
vn 0.42950000 0.80180000 0.41550000
vn 0.44570000 0.80070000 0.40030000
vn 0.46680000 0.79560000 0.38610000
vn 0.48420000 0.79390000 0.36780000
vn 0.50150000 0.78930000 0.35420000
vn 0.50420000 0.79010000 0.34860000
vn 0.51980000 0.78700000 0.33230000
vn 0.53370000 0.78310000 0.31920000
vn 0.53060000 0.78480000 0.32030000
vn 0.54340000 0.78210000 0.30500000
vn 0.55650000 0.77930000 0.28800000
vn 0.56220000 0.77710000 0.28280000
vn 0.57900000 0.77420000 0.25570000
vn 0.58660000 0.77170000 0.24560000
vn 0.59060000 0.77150000 0.23670000
vn 0.60470000 0.76810000 0.21060000
vn 0.60720000 0.76700000 0.20740000
vn 0.62070000 0.76400000 0.17590000
vn 0.62420000 0.76290000 0.16850000
vn 0.63480000 0.76040000 0.13680000
vn 0.63760000 0.75950000 0.12880000
vn 0.64530000 0.75770000 0.09730000
vn 0.64730000 0.75710000 0.08800000
vn 0.65220000 0.75590000 0.05710000
vn 0.65350000 0.75550000 0.04640000
vn 0.65580000 0.75500000 0.00460000
vn 0.65560000 0.75510000 0.00400000
vn 0.65400000 0.75550000 -0.03820000
vn 0.65400000 0.75550000 -0.03940000
vn 0.64840000 0.75710000 -0.07980000
vn 0.64780000 0.75730000 -0.08260000
vn 0.64490000 0.75820000 -0.09640000
vn 0.63920000 0.75960000 -0.12070000
vn 0.64100000 0.75920000 -0.11250000
vn 0.63400000 0.76120000 -0.13660000
vn 0.62620000 0.76300000 -0.16060000
vn 0.62330000 0.76400000 -0.16670000
vn 0.60970000 0.76690000 -0.20030000
vn 0.61000000 0.76740000 -0.19770000
vn 0.58950000 0.77170000 -0.23860000
vn 0.57610000 0.77550000 -0.25830000
vn 0.56540000 0.77710000 -0.27650000
vn 0.55820000 0.77940000 -0.28430000
vn 0.53730000 0.78280000 -0.31400000
vn 0.52460000 0.78670000 -0.32550000
vn 0.50650000 0.78910000 -0.34760000
vn 0.49090000 0.79360000 -0.35940000
vn 0.47250000 0.79570000 -0.37910000
vn 0.45250000 0.80080000 -0.39240000
vn 0.43550000 0.80200000 -0.40880000
vn 0.40080000 0.80860000 -0.43080000
vn 0.39530000 0.80780000 -0.43720000
vn 0.36410000 0.81310000 -0.45420000
vn 0.35190000 0.81280000 -0.46420000
vn 0.30520000 0.81950000 -0.48500000
vn 0.30610000 0.81760000 -0.48770000
vn 0.26230000 0.82280000 -0.50420000
vn 0.25800000 0.82120000 -0.50900000
vn 0.21470000 0.82500000 -0.52280000
vn 0.20760000 0.82360000 -0.52790000
vn 0.15710000 0.82330000 -0.54540000
vn 0.12940000 0.81760000 -0.56110000
vn 0.12630000 0.81700000 -0.56270000
vn 0.12260000 0.81480000 -0.56660000
vn 0.11840000 0.81280000 -0.57040000
vn 0.10630000 0.81030000 -0.57630000
vn 0.11460000 0.81200000 -0.57240000
vn 0.10750000 0.81040000 -0.57600000
vn 0.10150000 0.80970000 -0.57810000
vn 0.09340000 0.80860000 -0.58090000
vn 0.08460000 0.80770000 -0.58350000
vn 0.07600000 0.80620000 -0.58670000
vn 0.06970000 0.80490000 -0.58940000
vn 0.06960000 0.80490000 -0.58940000
vn 0.00520000 0.78540000 -0.61890000
vn 0.00880000 0.78540000 -0.61890000
vn 0.04400000 0.79550000 -0.60440000
vn 0.04580000 0.79540000 -0.60440000
vn 0.07490000 0.80570000 -0.58750000
vn 0.17270000 0.81940000 0.54660000
vn 0.18600000 0.82220000 0.53790000
vn 0.12670000 0.81830000 0.56070000
vn 0.09920000 0.80900000 0.57940000
vn 0.10120000 0.80940000 0.57850000
vn 0.06760000 0.80560000 0.58860000
vn 0.06700000 0.80540000 0.58890000
vn 0.05220000 0.80100000 0.59630000
vn 0.06640000 0.80540000 0.58900000
vn 0.05050000 0.80100000 0.59650000
vn 0.05690000 0.80320000 0.59300000
vn 0.05520000 0.80260000 0.59390000
vn 0.05060000 0.80130000 0.59610000
vn 0.04520000 0.79960000 0.59880000
vn 0.03380000 0.79520000 0.60530000
vn 0.03790000 0.79690000 0.60290000
vn 0.02940000 0.79410000 0.60710000
vn 0.01510000 0.78950000 0.61350000
vn 0.03600000 0.79530000 0.60520000
vn 0.00110000 0.78540000 0.61900000
vn 0.03810000 0.79530000 0.60500000
vn -0.00260000 0.78540000 0.61900000
vn 0.00580000 0.78710000 0.61680000
vn 0.06150000 0.80450000 0.59080000
vn 0.06800000 0.80590000 0.58810000
vn 0.07390000 0.80710000 0.58580000
vn 0.08140000 0.80810000 0.58340000
vn 0.10300000 0.80970000 0.57770000
vn 0.08680000 0.80860000 0.58190000
vn 0.08880000 0.80910000 0.58090000
vn 0.09380000 0.80940000 0.57980000
vn 0.10350000 0.81040000 0.57660000
vn 0.12450000 0.81790000 0.56170000
vn -0.00000000 1.00000000 -0.00000000
vn -0.00000000 1.00000000 -0.00000000
vn -0.00000000 1.00000000 -0.00000000
vn -0.00000000 1.00000000 -0.00000000
vn -0.00000000 1.00000000 -0.00000000
vn -0.00000000 1.00000000 -0.00000000
vn -0.00000000 1.00000000 -0.00000000
vn -0.00000000 1.00000000 -0.00000000
vn -0.00000000 1.00000000 -0.00000000
vn -0.00000000 1.00000000 -0.00000000
vn -0.00000000 1.00000000 -0.00000000
vn -0.00000000 1.00000000 -0.00000000
vn -0.00000000 1.00000000 -0.00000000
vn -0.00000000 1.00000000 -0.00000000
vn -0.00000000 1.00000000 -0.00000000
vn -0.00000000 1.00000000 -0.00000000
vn -0.00000000 1.00000000 -0.00000000
vn -0.00000000 1.00000000 -0.00000000
vn -0.00000000 1.00000000 -0.00000000
vn -0.00000000 1.00000000 -0.00000000
vn -0.00000000 1.00000000 -0.00000000
vn -0.00000000 1.00000000 -0.00000000
vn -0.00000000 1.00000000 -0.00000000
vn -0.00000000 1.00000000 -0.00000000
vn -0.00000000 1.00000000 -0.00000000
vn -0.00000000 1.00000000 -0.00000000
vn -0.00000000 1.00000000 -0.00000000
vn -0.00000000 1.00000000 -0.00000000
vn -0.00000000 1.00000000 -0.00000000
vn -0.00000000 1.00000000 -0.00000000
vn -0.00000000 1.00000000 -0.00000000
vn -0.00000000 1.00000000 -0.00000000
vn -0.00000000 1.00000000 -0.00000000
vn -0.00000000 1.00000000 -0.00000000
vn -0.00000000 1.00000000 -0.00000000
vn -0.00000000 1.00000000 -0.00000000
vn -0.00000000 1.00000000 -0.00000000
vn -0.00000000 1.00000000 -0.00000000
vn -0.00000000 1.00000000 -0.00000000
vn -0.00000000 1.00000000 -0.00000000
vn -0.00000000 1.00000000 -0.00000000
vn -0.00000000 1.00000000 -0.00000000
vn -0.00000000 1.00000000 -0.00000000
vn -0.00000000 1.00000000 -0.00000000
vn -0.00000000 1.00000000 -0.00000000
vn -0.00000000 1.00000000 -0.00000000
vn -0.00000000 1.00000000 -0.00000000
vn -0.00000000 1.00000000 -0.00000000
vn -0.00000000 1.00000000 -0.00000000
vn -0.00000000 1.00000000 -0.00000000
vn -0.00000000 1.00000000 -0.00000000
vn -0.00000000 1.00000000 -0.00000000
vn -0.00000000 1.00000000 -0.00000000
vn -0.00000000 1.00000000 -0.00000000
vn -0.00000000 1.00000000 -0.00000000
vn -0.00000000 1.00000000 -0.00000000
vn -0.00000000 1.00000000 -0.00000000
vn -0.00000000 1.00000000 -0.00000000
vn -0.00000000 1.00000000 -0.00000000
vn -0.00000000 1.00000000 -0.00000000
vn -0.00000000 1.00000000 -0.00000000
vn -0.00000000 1.00000000 -0.00000000
vn -0.00000000 1.00000000 -0.00000000
vn -0.00000000 1.00000000 -0.00000000
vn -0.00000000 1.00000000 -0.00000000
vn -0.00000000 1.00000000 -0.00000000
vn -0.00000000 1.00000000 -0.00000000
vn -0.00000000 1.00000000 -0.00000000
vn -0.00000000 1.00000000 -0.00000000
vn -0.00000000 1.00000000 -0.00000000
vn -0.00000000 1.00000000 -0.00000000
vn -0.00000000 1.00000000 -0.00000000
vn -0.00000000 1.00000000 -0.00000000
vn -0.00000000 1.00000000 -0.00000000
vn -0.00000000 1.00000000 -0.00000000
vn -0.00000000 1.00000000 -0.00000000
vn -0.00000000 1.00000000 -0.00000000
vn -0.00000000 1.00000000 -0.00000000
vn -0.00000000 1.00000000 -0.00000000
vn -0.00000000 1.00000000 -0.00000000
vn -0.00000000 1.00000000 -0.00000000
vn -0.00000000 1.00000000 -0.00000000
vn -0.00000000 1.00000000 -0.00000000
vn -0.00000000 1.00000000 -0.00000000
vn -0.00000000 1.00000000 -0.00000000
vn -0.00000000 1.00000000 -0.00000000
vn -0.00000000 1.00000000 -0.00000000
vn -0.00000000 1.00000000 -0.00000000
vn -0.00000000 1.00000000 -0.00000000
vn -0.00000000 1.00000000 -0.00000000
vn -0.00000000 1.00000000 -0.00000000
vn -0.00000000 1.00000000 -0.00000000
vn -0.00000000 1.00000000 -0.00000000
vn -0.00000000 1.00000000 -0.00000000
vn -0.00000000 1.00000000 -0.00000000
vn -0.00000000 1.00000000 -0.00000000
vn -0.00000000 1.00000000 -0.00000000
vn -0.00000000 1.00000000 -0.00000000
vn -0.00000000 1.00000000 -0.00000000
vn -0.00000000 1.00000000 -0.00000000
vn -0.00000000 1.00000000 -0.00000000
vn -0.00000000 1.00000000 -0.00000000
vn 0.00630000 -0.00000000 -1.00000000
vn 0.00630000 -0.00000000 -1.00000000
vn -0.15020000 -0.00000000 -0.98870000
vn -0.15020000 -0.00000000 -0.98870000
vn -0.30310000 -0.00000000 -0.95300000
vn -0.30310000 -0.00000000 -0.95300000
vn -0.44840000 -0.00000000 -0.89380000
vn -0.44840000 -0.00000000 -0.89380000
vn -0.58270000 -0.00000000 -0.81270000
vn -0.58270000 -0.00000000 -0.81270000
vn -0.70270000 -0.00000000 -0.71150000
vn -0.70270000 -0.00000000 -0.71150000
vn -0.80530000 -0.00000000 -0.59290000
vn -0.80530000 -0.00000000 -0.59290000
vn -0.88810000 -0.00000000 -0.45960000
vn -0.88810000 -0.00000000 -0.45960000
vn -0.94910000 -0.00000000 -0.31500000
vn -0.94910000 -0.00000000 -0.31500000
vn -0.98670000 -0.00000000 -0.16260000
vn -0.98670000 -0.00000000 -0.16260000
vn -1.00000000 -0.00000000 -0.00630000
vn -1.00000000 -0.00000000 -0.00630000
vn -0.98860000 -0.00000000 0.15020000
vn -0.98860000 -0.00000000 0.15020000
vn -0.95300000 -0.00000000 0.30300000
vn -0.95300000 -0.00000000 0.30300000
vn -0.89380000 -0.00000000 0.44840000
vn -0.89380000 -0.00000000 0.44840000
vn -0.81270000 -0.00000000 0.58270000
vn -0.81270000 -0.00000000 0.58270000
vn -0.71150000 -0.00000000 0.70260000
vn -0.71150000 -0.00000000 0.70260000
vn -0.59280000 -0.00000000 0.80530000
vn -0.59280000 -0.00000000 0.80530000
vn -0.45960000 -0.00000000 0.88810000
vn -0.45960000 -0.00000000 0.88810000
vn -0.31500000 -0.00000000 0.94910000
vn -0.31500000 -0.00000000 0.94910000
vn -0.16270000 -0.00000000 0.98670000
vn -0.16270000 -0.00000000 0.98670000
vn -0.00630000 -0.00000000 1.00000000
vn -0.00630000 -0.00000000 1.00000000
vn -0.00000000 1.00000000 -0.00000000
vn -0.00000000 1.00000000 -0.00010000
vn -0.00000000 1.00000000 -0.00000000
vn -0.00000000 1.00000000 -0.00000000
vn -0.00000000 1.00000000 -0.00000000
vn -0.00000000 1.00000000 -0.00000000
vn -0.00000000 1.00000000 -0.00000000
vn -0.00000000 1.00000000 -0.00010000
vn -0.00000000 1.00000000 0.00010000
vn -0.00000000 1.00000000 -0.00000000
vn -0.00000000 1.00000000 -0.00010000
vn -0.00000000 1.00000000 -0.00000000
vn -0.00000000 1.00000000 0.00010000
vn -0.00000000 1.00000000 -0.00000000
vn -0.00000000 1.00000000 -0.00000000
vn -0.00000000 1.00000000 0.00010000
vn -0.00000000 1.00000000 -0.00000000
vn -0.00000000 1.00000000 -0.00000000
vn -0.00000000 1.00000000 -0.00000000
vn -0.00000000 1.00000000 -0.00000000
vn -0.00000000 1.00000000 -0.00000000
vn -0.00000000 1.00000000 -0.00000000
vn -0.00000000 1.00000000 -0.00000000
vn -0.00000000 1.00000000 -0.00000000
vn -0.00000000 1.00000000 -0.00000000
vn -0.00000000 1.00000000 -0.00000000
vn -0.00000000 1.00000000 -0.00000000
vn -0.00000000 1.00000000 -0.00000000
vn -0.00000000 1.00000000 -0.00000000
vn -0.00000000 1.00000000 -0.00000000
vn -0.00000000 1.00000000 -0.00000000
vn -0.00000000 1.00000000 -0.00000000
vn -0.00000000 1.00000000 -0.00000000
vn -0.00000000 1.00000000 -0.00000000
vn -0.00000000 1.00000000 -0.00000000
vn -0.00000000 1.00000000 -0.00000000
vn -0.00000000 1.00000000 -0.00000000
vn -0.00000000 1.00000000 -0.00000000
vn -0.00000000 1.00000000 -0.00000000
vn -0.00000000 1.00000000 -0.00000000
vn -0.00000000 1.00000000 -0.00000000
vn -0.00000000 1.00000000 -0.00000000
vn -0.00000000 1.00000000 -0.00000000
vn -0.00000000 1.00000000 -0.00000000
vn -0.00000000 1.00000000 -0.00000000
vn -0.00000000 1.00000000 -0.00000000
vn -0.00000000 1.00000000 -0.00000000
vn -0.00000000 1.00000000 -0.00000000
vn -0.00000000 1.00000000 -0.00000000
vn -0.00000000 1.00000000 -0.00000000
vn -0.00000000 1.00000000 -0.00000000
vn -0.00000000 1.00000000 -0.00000000
vn -0.00000000 1.00000000 -0.00000000
vn -0.00000000 1.00000000 -0.00000000
vn -0.00000000 1.00000000 -0.00010000
vn -0.00000000 1.00000000 -0.00010000
vn -0.00000000 1.00000000 -0.00000000
vn -0.00000000 1.00000000 -0.00010000
vn -0.00000000 1.00000000 0.00010000
vn -0.00000000 1.00000000 -0.00000000
vn -0.00000000 1.00000000 -0.00010000
vn -0.00000000 1.00000000 -0.00000000
vn -0.00000000 1.00000000 0.00010000
vn -0.00000000 1.00000000 -0.00010000
vn -0.00000000 1.00000000 -0.00000000
vn -0.00000000 1.00000000 -0.00000000
vn -0.00000000 1.00000000 0.00010000
vn -0.00000000 1.00000000 -0.00000000
vn -0.00000000 1.00000000 -0.00000000
vn -0.00000000 1.00000000 -0.00000000
vn -0.00000000 1.00000000 -0.00000000
vn -0.00000000 1.00000000 -0.00000000
vn -0.00000000 1.00000000 -0.00000000
vn -0.00000000 1.00000000 -0.00000000
vn -0.00000000 1.00000000 -0.00000000
vn -0.00000000 1.00000000 -0.00000000
vn -0.00000000 1.00000000 -0.00000000
vn -0.00000000 1.00000000 -0.00000000
vn -0.00000000 1.00000000 -0.00000000
vn -0.00000000 1.00000000 -0.00000000
vn -0.00000000 1.00000000 -0.00000000
vn -0.00000000 1.00000000 -0.00000000
vn -0.00000000 1.00000000 -0.00000000
vn -0.00000000 1.00000000 -0.00000000
vn -0.00000000 1.00000000 -0.00000000
vn -0.00000000 1.00000000 -0.00000000
vn -0.00000000 1.00000000 -0.00000000
vn -0.00000000 1.00000000 -0.00000000
vn -0.00000000 1.00000000 -0.00000000
vn -0.00000000 1.00000000 -0.00000000
vn -0.00000000 1.00000000 -0.00000000
vn -0.00000000 1.00000000 -0.00000000
vn -0.00000000 1.00000000 -0.00000000
vn -0.00000000 1.00000000 -0.00000000
vn -0.00000000 1.00000000 -0.00000000
vn -0.00000000 1.00000000 -0.00000000
vn -0.00000000 1.00000000 -0.00000000
vn -0.00000000 1.00000000 -0.00000000
vn -0.00000000 1.00000000 -0.00000000
vn -0.00000000 1.00000000 -0.00000000
vn -0.00000000 1.00000000 -0.00000000
vn -0.00000000 1.00000000 -0.00000000
vn -0.00000000 1.00000000 -0.00000000
vn -0.00000000 1.00000000 -0.00000000
vn -0.00000000 1.00000000 -0.00000000
vn -0.00000000 1.00000000 -0.00000000
vn -0.00000000 1.00000000 -0.00000000
vn -0.00000000 1.00000000 -0.00000000
vn -0.00000000 1.00000000 -0.00000000
vn -0.00000000 1.00000000 -0.00000000
vn -0.00000000 1.00000000 -0.00000000
vn -0.00000000 1.00000000 -0.00000000
vn -0.00000000 1.00000000 -0.00000000
vn -0.00000000 1.00000000 -0.00000000
vn -0.00000000 1.00000000 -0.00000000
vn -0.00000000 1.00000000 -0.00000000
vn -0.00000000 1.00000000 -0.00000000
vn -0.00000000 1.00000000 -0.00000000
vn -0.00000000 1.00000000 -0.00000000
vn -0.00000000 1.00000000 -0.00000000
vn -0.00000000 1.00000000 -0.00000000
vn -0.00000000 1.00000000 -0.00000000
vn -0.00000000 1.00000000 -0.00000000
vn -0.00000000 1.00000000 -0.00000000
vn -0.00000000 -1.00000000 -0.00000000
vn -0.00000000 -1.00000000 -0.00000000
vn -0.00000000 -1.00000000 -0.00000000
vn -0.00000000 -1.00000000 -0.00000000
vn -0.00000000 -1.00000000 -0.00000000
vn -0.00000000 -1.00000000 -0.00000000
vn -0.00000000 -1.00000000 -0.00000000
vn -0.00000000 -1.00000000 -0.00000000
vn -0.00000000 -1.00000000 -0.00000000
vn -0.00000000 -1.00000000 -0.00000000
vn -0.00000000 -1.00000000 -0.00000000
vn -0.00000000 -1.00000000 -0.00000000
vn -0.00000000 -1.00000000 -0.00000000
vn -0.00000000 -1.00000000 -0.00000000
vn -0.00000000 -1.00000000 -0.00000000
vn -0.00000000 -1.00000000 -0.00000000
vn -0.00000000 -1.00000000 -0.00000000
vn -0.00000000 -1.00000000 -0.00000000
vn -0.00000000 -1.00000000 -0.00000000
vn -0.00000000 -1.00000000 -0.00000000
vn -0.00000000 -1.00000000 -0.00000000
vn -0.00000000 -1.00000000 -0.00000000
vn -0.00000000 -1.00000000 -0.00000000
vn -0.00000000 -1.00000000 -0.00000000
vn -0.00000000 -1.00000000 -0.00000000
vn -0.00000000 -1.00000000 -0.00000000
vn -0.00000000 -1.00000000 -0.00000000
vn -0.00000000 -1.00000000 -0.00000000
vn -0.00000000 -1.00000000 -0.00000000
vn -0.00000000 -1.00000000 -0.00000000
vn -0.00000000 -1.00000000 -0.00000000
vn -0.00000000 -1.00000000 -0.00000000
vn -0.00000000 -1.00000000 -0.00000000
vn -0.00000000 -1.00000000 -0.00000000
vn -0.00000000 -1.00000000 -0.00000000
vn -0.00000000 -1.00000000 -0.00000000
vn -0.00000000 -1.00000000 -0.00000000
vn -0.00000000 -1.00000000 -0.00000000
vn -0.00000000 -1.00000000 -0.00000000
vn -0.00000000 -1.00000000 -0.00000000
vn -0.00000000 -1.00000000 -0.00000000
vn -0.00000000 -1.00000000 -0.00000000
vn -0.00000000 -1.00000000 -0.00000000
vn -0.00000000 -1.00000000 -0.00000000
vn -0.00000000 -1.00000000 -0.00000000
vn -0.00000000 -1.00000000 -0.00000000
vn -0.00000000 -1.00000000 -0.00000000
vn -0.00000000 -1.00000000 -0.00000000
vn -0.00000000 -1.00000000 -0.00000000
vn -0.00000000 -1.00000000 -0.00000000
vn -0.00000000 -1.00000000 -0.00000000
vn -0.00000000 -1.00000000 -0.00000000
vn -0.00000000 -1.00000000 -0.00000000
vn -0.00000000 -1.00000000 -0.00000000
vn -0.00000000 -1.00000000 -0.00000000
vn -0.00000000 -1.00000000 -0.00000000
vn -0.00000000 -1.00000000 -0.00000000
vn -0.00000000 -1.00000000 -0.00000000
vn -0.00000000 -1.00000000 -0.00000000
vn -0.00000000 -1.00000000 -0.00000000
vn -0.00000000 -1.00000000 -0.00000000
vn -0.00000000 -1.00000000 -0.00000000
vn -0.00000000 -1.00000000 -0.00000000
vn -0.00000000 -1.00000000 -0.00000000
vn -0.00000000 -1.00000000 -0.00000000
vn -0.00000000 -1.00000000 -0.00000000
vn -0.00000000 -1.00000000 -0.00000000
vn -0.00000000 -1.00000000 -0.00000000
vn -0.00000000 -1.00000000 -0.00000000
vn -0.00000000 -1.00000000 -0.00000000
vn -0.00000000 -1.00000000 -0.00000000
vn -0.00000000 -1.00000000 -0.00000000
vn -0.00000000 -1.00000000 -0.00000000
vn -0.00000000 -1.00000000 -0.00000000
vn -0.00000000 -1.00000000 -0.00000000
vn -0.00000000 -1.00000000 -0.00000000
vn -0.00000000 -1.00000000 -0.00000000
vn -0.00000000 -1.00000000 -0.00000000
vn -0.00000000 -1.00000000 -0.00000000
vn -0.00000000 -1.00000000 -0.00000000
vn -0.00000000 -1.00000000 -0.00000000
vn -0.00000000 -1.00000000 -0.00000000
vn -0.00000000 -1.00000000 -0.00000000
vn -0.00000000 -1.00000000 -0.00000000
vn -0.00000000 -1.00000000 -0.00000000
vn -0.00000000 -1.00000000 -0.00000000
vn 0.00620000 -0.00000000 -1.00000000
vn 0.00620000 -0.00000000 -1.00000000
vn -0.14280000 -0.00000000 -0.98970000
vn -0.14280000 -0.00000000 -0.98970000
vn -0.28880000 -0.00000000 -0.95740000
vn -0.28870000 -0.00000000 -0.95740000
vn -0.42820000 -0.00000000 -0.90370000
vn -0.42820000 -0.00000000 -0.90370000
vn -0.55810000 -0.00000000 -0.82980000
vn -0.55810000 -0.00000000 -0.82980000
vn -0.67560000 -0.00000000 -0.73730000
vn -0.67560000 -0.00000000 -0.73730000
vn -0.77790000 -0.00000000 -0.62840000
vn -0.77790000 -0.00000000 -0.62840000
vn -0.86280000 -0.00000000 -0.50550000
vn -0.86280000 -0.00000000 -0.50550000
vn -0.92860000 -0.00000000 -0.37120000
vn -0.92860000 -0.00000000 -0.37120000
vn -0.97350000 -0.00000000 -0.22860000
vn -0.97350000 -0.00000000 -0.22860000
vn -0.99670000 -0.00000000 -0.08100000
vn -0.99670000 -0.00000000 -0.08100000
vn -0.99770000 -0.00000000 0.06850000
vn -0.99770000 -0.00000000 0.06850000
vn -0.97630000 -0.00000000 0.21640000
vn -0.97630000 -0.00000000 0.21640000
vn -0.93310000 -0.00000000 0.35950000
vn -0.93310000 -0.00000000 0.35950000
vn -0.86910000 -0.00000000 0.49460000
vn -0.86910000 -0.00000000 0.49460000
vn -0.78570000 -0.00000000 0.61850000
vn -0.78570000 -0.00000000 0.61860000
vn -0.68480000 -0.00000000 0.72880000
vn -0.68480000 -0.00000000 0.72880000
vn -0.56850000 -0.00000000 0.82270000
vn -0.56850000 -0.00000000 0.82270000
vn -0.43950000 -0.00000000 0.89820000
vn -0.43950000 -0.00000000 0.89820000
vn -0.30080000 -0.00000000 0.95370000
vn -0.30080000 -0.00000000 0.95370000
vn -0.15530000 -0.00000000 0.98790000
vn -0.15530000 -0.00000000 0.98790000
vn -0.00630000 -0.00000000 1.00000000
vn -0.00630000 -0.00000000 1.00000000
vn -0.00000000 -1.00000000 -0.00000000
vn -0.00000000 -1.00000000 -0.00000000
vn -0.00000000 -1.00000000 -0.00000000
vn -0.00000000 -1.00000000 -0.00000000
vn -0.00000000 -1.00000000 -0.00000000
vn -0.00000000 -1.00000000 -0.00000000
vn -0.00000000 -1.00000000 -0.00000000
vn -0.00000000 -1.00000000 -0.00000000
vn -0.00000000 -1.00000000 -0.00000000
vn -0.00000000 -1.00000000 -0.00000000
vn -0.00000000 -1.00000000 -0.00000000
vn -0.00000000 -1.00000000 -0.00000000
vn -0.00000000 -1.00000000 -0.00000000
vn -0.00000000 -1.00000000 -0.00000000
vn -0.00000000 -1.00000000 -0.00000000
vn -0.00000000 -1.00000000 -0.00000000
vn -0.00000000 -1.00000000 -0.00000000
vn -0.00000000 -1.00000000 -0.00000000
vn -0.00000000 -1.00000000 -0.00000000
vn -0.00000000 -1.00000000 -0.00000000
vn -0.00000000 -1.00000000 -0.00000000
vn -0.00000000 -1.00000000 -0.00000000
vn -0.00000000 -1.00000000 -0.00000000
vn -0.00000000 -1.00000000 -0.00000000
vn -0.00000000 -1.00000000 -0.00000000
vn -0.00000000 -1.00000000 -0.00000000
vn -0.00000000 -1.00000000 -0.00000000
vn -0.00000000 -1.00000000 -0.00000000
vn -0.00000000 -1.00000000 -0.00000000
vn -0.00000000 -1.00000000 -0.00000000
vn -0.00000000 -1.00000000 -0.00000000
vn -0.00000000 -1.00000000 -0.00000000
vn -0.00000000 -1.00000000 -0.00000000
vn -0.00000000 -1.00000000 -0.00000000
vn -0.00000000 -1.00000000 -0.00000000
vn -0.00000000 -1.00000000 -0.00000000
vn -0.00000000 -1.00000000 -0.00000000
vn -0.00000000 -1.00000000 -0.00000000
vn -0.00000000 -1.00000000 -0.00000000
vn -0.00000000 -1.00000000 -0.00000000
vn -0.00000000 -1.00000000 -0.00000000
vn -0.00000000 -1.00000000 -0.00000000
vn -0.00000000 -1.00000000 -0.00000000
vn -0.00000000 -1.00000000 -0.00000000
vn -0.00000000 -1.00000000 -0.00000000
vn -0.00000000 -1.00000000 -0.00000000
vn -0.00000000 -1.00000000 -0.00000000
vn -0.00000000 -1.00000000 -0.00000000
vn -0.00000000 -1.00000000 -0.00000000
vn -0.00000000 -1.00000000 -0.00000000
vn -0.00000000 -1.00000000 -0.00000000
vn -0.00000000 -1.00000000 -0.00000000
vn -0.00000000 -1.00000000 -0.00000000
vn -0.00000000 -1.00000000 -0.00000000
vn -0.00000000 -1.00000000 -0.00000000
vn -0.00000000 -1.00000000 -0.00000000
vn -0.00000000 -1.00000000 -0.00000000
vn -0.00000000 -1.00000000 -0.00000000
vn -0.00000000 -1.00000000 -0.00000000
vn -0.00000000 -1.00000000 -0.00000000
vn -0.00000000 -1.00000000 -0.00000000
vn -0.00000000 -1.00000000 -0.00000000
vn -0.00000000 -1.00000000 -0.00000000
vn -0.00000000 -1.00000000 -0.00000000
vn -0.00000000 -1.00000000 -0.00000000
vn -0.00000000 -1.00000000 -0.00000000
vn -0.00000000 -1.00000000 -0.00000000
vn -0.00000000 -1.00000000 -0.00000000
vn -0.00000000 -1.00000000 -0.00000000
vn -0.00000000 -1.00000000 -0.00000000
vn -0.00000000 -1.00000000 -0.00000000
vn -0.00000000 -1.00000000 -0.00000000
vn -0.00000000 -1.00000000 -0.00000000
vn -0.00000000 -1.00000000 -0.00000000
vn -0.00000000 -1.00000000 -0.00000000
vn -0.00000000 -1.00000000 -0.00000000
vn -0.00000000 -1.00000000 -0.00000000
vn -0.00000000 -1.00000000 -0.00000000
vn -0.00000000 -1.00000000 -0.00000000
vn -0.00000000 -1.00000000 -0.00000000
vn -0.00000000 -1.00000000 -0.00000000
vn -0.00000000 -1.00000000 -0.00000000
vn -0.00000000 -1.00000000 -0.00000000
vn -0.00000000 -1.00000000 -0.00000000
vn -0.00000000 -1.00000000 -0.00000000
vn -0.00000000 -1.00000000 -0.00000000
vn -0.00000000 -1.00000000 -0.00000000
vn -0.15790000 0.82310000 0.54550000
vn -0.21570000 0.82470000 0.52280000
vn -0.12710000 0.65180000 0.74770000
vn -0.22790000 0.67030000 0.70630000
vn -0.21150000 0.46930000 0.85730000
vn -0.32530000 0.66530000 0.67190000
vn -0.32800000 0.46510000 0.82220000
vn -0.41820000 0.65770000 0.62650000
vn -0.43920000 0.45930000 0.77210000
vn -0.50010000 0.64970000 0.57260000
vn -0.53920000 0.45320000 0.70980000
vn -0.57700000 0.63930000 0.50820000
vn -0.63370000 0.44480000 0.63290000
vn -0.64420000 0.62870000 0.43560000
vn -0.71580000 0.43690000 0.54480000
vn -0.70140000 0.61940000 0.35270000
vn -0.78720000 0.42930000 0.44270000
vn -0.74520000 0.61130000 0.26640000
vn -0.84170000 0.42310000 0.33550000
vn -0.77600000 0.60560000 0.17630000
vn -0.88040000 0.41870000 0.22280000
vn -0.79430000 0.60200000 0.08170000
vn -0.90350000 0.41590000 0.10350000
vn -0.79990000 0.60010000 -0.00030000
vn -0.91000000 0.41470000 -0.00010000
vn -0.79550000 0.60050000 -0.08090000
vn -0.90410000 0.41520000 -0.10130000
vn -0.78110000 0.60350000 -0.16040000
vn -0.88630000 0.41710000 -0.20100000
vn -0.75630000 0.60890000 -0.23910000
vn -0.85600000 0.42100000 -0.30010000
vn -0.72160000 0.61560000 -0.31670000
vn -0.81260000 0.42620000 -0.39750000
vn -0.67850000 0.62290000 -0.38950000
vn -0.75850000 0.43220000 -0.48770000
vn -0.62670000 0.63080000 -0.45750000
vn -0.69420000 0.43840000 -0.57080000
vn -0.56550000 0.63980000 -0.52050000
vn -0.61900000 0.44560000 -0.64680000
vn -0.48560000 0.65030000 -0.58420000
vn -0.52190000 0.45390000 -0.72230000
vn -0.39830000 0.65920000 -0.63780000
vn -0.41550000 0.46050000 -0.78440000
vn -0.30600000 0.66610000 -0.68020000
vn -0.30310000 0.46590000 -0.83130000
vn -0.19590000 0.67220000 -0.71390000
vn -0.17420000 0.47080000 -0.86490000
vn -0.10700000 0.60410000 -0.78970000
vn -0.05320000 0.31940000 -0.94610000
vn -0.26020000 0.82310000 0.50480000
vn -0.30400000 0.81950000 0.48580000
vn -0.36510000 0.81300000 0.45370000
vn -0.40160000 0.80850000 0.43020000
vn -0.45220000 0.80060000 0.39310000
vn -0.49060000 0.79340000 0.36040000
vn -0.52570000 0.78550000 0.32640000
vn -0.55940000 0.77840000 0.28500000
vn -0.57680000 0.77470000 0.25890000
vn -0.61010000 0.76710000 0.19830000
vn -0.62330000 0.76390000 0.16730000
vn -0.63420000 0.76090000 0.13720000
vn -0.64150000 0.75880000 0.11290000
vn -0.64550000 0.75760000 0.09650000
vn -0.64790000 0.75720000 0.08240000
vn -0.65390000 0.75560000 0.03850000
vn -0.65740000 0.75350000 -0.00520000
vn -0.65630000 0.75230000 -0.05730000
vn -0.64850000 0.75490000 -0.09730000
vn -0.63610000 0.75940000 -0.13650000
vn -0.62040000 0.76430000 -0.17580000
vn -0.60370000 0.76870000 -0.21120000
vn -0.58940000 0.77210000 -0.23760000
vn -0.57800000 0.77460000 -0.25660000
vn -0.55600000 0.77950000 -0.28860000
vn -0.52100000 0.78660000 -0.33140000
vn -0.50600000 0.78940000 -0.34760000
vn -0.54330000 0.78200000 -0.30540000
vn -0.53090000 0.78510000 -0.31900000
vn -0.48620000 0.79310000 -0.36690000
vn -0.44620000 0.80050000 -0.40000000
vn -0.40270000 0.80760000 -0.43080000
vn -0.35790000 0.81340000 -0.45860000
vn -0.32860000 0.81650000 -0.47470000
vn -0.30220000 0.81910000 -0.48750000
vn -0.27210000 0.82180000 -0.50060000
vn -0.25950000 0.82310000 -0.50510000
vn -0.24210000 0.82440000 -0.51170000
vn -0.23060000 0.82490000 -0.51610000
vn -0.20170000 0.82620000 -0.52600000
vn -0.17670000 0.82600000 -0.53520000
vn -0.16110000 0.82380000 -0.54350000
vn -0.15460000 0.82530000 -0.54320000
vn -0.14900000 0.82340000 -0.54750000
vn -0.14140000 0.23920000 -0.96060000
vn 0.00620000 0.00010000 -1.00000000
vn -0.10110000 0.00020000 -0.99490000
vn -0.20970000 -0.00040000 -0.97780000
vn -0.28100000 0.23630000 -0.93020000
vn -0.31830000 0.00010000 -0.94800000
vn -0.40720000 0.23360000 -0.88300000
vn -0.42010000 -0.00040000 -0.90750000
vn -0.52730000 0.23000000 -0.81800000
vn -0.51830000 -0.00050000 -0.85520000
vn -0.59330000 0.00010000 -0.80500000
vn -0.63750000 0.22600000 -0.73650000
vn -0.66240000 0.00060000 -0.74920000
vn -0.72400000 0.22250000 -0.65290000
vn -0.72550000 0.00040000 -0.68820000
vn -0.78300000 -0.00060000 -0.62200000
vn -0.79890000 0.21860000 -0.56030000
vn -0.83500000 -0.00130000 -0.55020000
vn -0.86250000 0.21510000 -0.45810000
vn -0.90920000 -0.00140000 -0.41640000
vn -0.91370000 0.21250000 -0.34650000
vn -0.94060000 -0.00050000 -0.33960000
vn -0.94940000 0.21150000 -0.23220000
vn -0.96500000 0.00110000 -0.26210000
vn -0.98290000 0.00190000 -0.18400000
vn -0.97050000 0.21090000 -0.11700000
vn -0.99480000 0.00210000 -0.10200000
vn -0.97760000 0.21030000 0.00020000
vn -0.99980000 0.00160000 -0.02210000
vn -0.99820000 0.00060000 0.05920000
vn -0.97020000 0.21030000 0.12040000
vn -0.98850000 -0.00030000 0.15150000
vn -0.97220000 -0.00040000 0.23430000
vn -0.94250000 0.21170000 0.25860000
vn -0.94950000 -0.00000000 0.31380000
vn -0.89640000 0.21410000 0.38800000
vn -0.92080000 -0.00000000 0.39010000
vn -0.88610000 -0.00020000 0.46350000
vn -0.83230000 0.21730000 0.50990000
vn -0.84550000 -0.00010000 0.53400000
vn -0.78060000 -0.00030000 0.62510000
vn -0.74890000 0.22140000 0.62460000
vn -0.72450000 -0.00040000 0.68920000
vn -0.65460000 0.22540000 0.72160000
vn -0.65630000 -0.00010000 0.75450000
vn -0.53130000 0.00040000 0.84720000
vn -0.54640000 0.23010000 0.80530000
vn -0.44680000 -0.00020000 0.89460000
vn -0.43330000 0.23280000 0.87070000
vn -0.35830000 -0.00030000 0.93360000
vn -0.31030000 0.23590000 0.92090000
vn -0.27580000 -0.00010000 0.96120000
vn -0.19490000 0.00050000 0.98080000
vn -0.18170000 0.23870000 0.95390000
vn -0.11300000 0.00050000 0.99360000
vn -0.00650000 -0.00000000 1.00000000
vn -0.09130000 0.45590000 0.88530000
vn -0.12640000 0.81700000 0.56250000
vn -0.12950000 0.81760000 0.56100000
vn -0.15710000 0.82320000 0.54560000
vn -0.20760000 0.82360000 0.52780000
vn -0.21490000 0.82490000 0.52280000
vn -0.25830000 0.82140000 0.50860000
vn -0.26220000 0.82280000 0.50410000
vn -0.30630000 0.81750000 0.48770000
vn -0.30520000 0.81950000 0.48510000
vn -0.35180000 0.81280000 0.46430000
vn -0.36410000 0.81310000 0.45420000
vn -0.39540000 0.80780000 0.43720000
vn -0.40090000 0.80850000 0.43080000
vn -0.43550000 0.80200000 0.40890000
vn -0.45250000 0.80080000 0.39250000
vn -0.47250000 0.79560000 0.37910000
vn -0.49090000 0.79350000 0.35960000
vn -0.50640000 0.78910000 0.34760000
vn -0.52470000 0.78660000 0.32560000
vn -0.53730000 0.78270000 0.31400000
vn -0.55820000 0.77950000 0.28430000
vn -0.56540000 0.77700000 0.27650000
vn -0.57610000 0.77550000 0.25830000
vn -0.58960000 0.77170000 0.23860000
vn -0.60990000 0.76740000 0.19760000
vn -0.60970000 0.76690000 0.20010000
vn -0.62330000 0.76400000 0.16680000
vn -0.62620000 0.76290000 0.16070000
vn -0.63400000 0.76120000 0.13670000
vn -0.63920000 0.75950000 0.12070000
vn -0.64100000 0.75930000 0.11250000
vn -0.64490000 0.75810000 0.09640000
vn -0.64840000 0.75710000 0.07990000
vn -0.64770000 0.75740000 0.08270000
vn -0.65430000 0.75520000 0.03930000
vn -0.65400000 0.75550000 0.03830000
vn -0.65570000 0.75500000 -0.00460000
vn -0.65570000 0.75500000 -0.00400000
vn -0.65350000 0.75550000 -0.04640000
vn -0.65380000 0.75520000 -0.04770000
vn -0.64710000 0.75710000 -0.09030000
vn -0.64810000 0.75680000 -0.08500000
vn -0.63760000 0.75910000 -0.13120000
vn -0.12270000 0.81470000 0.56670000
vn -0.11840000 0.81290000 0.57020000
vn -0.10630000 0.81020000 0.57640000
vn -0.11440000 0.81180000 0.57270000
vn -0.10740000 0.81050000 0.57580000
vn -0.10140000 0.80950000 0.57840000
vn -0.09340000 0.80860000 0.58080000
vn -0.07350000 0.80550000 0.58800000
vn -0.08450000 0.80760000 0.58370000
vn -0.07600000 0.80610000 0.58690000
vn -0.06960000 0.80470000 0.58950000
vn -0.06470000 0.80330000 0.59200000
vn -0.04150000 0.79520000 0.60500000
vn -0.03420000 0.79320000 0.60790000
vn -0.00520000 0.78540000 0.61890000
vn -0.00890000 0.78540000 0.61890000
vn -0.04360000 0.79530000 0.60460000
vn -0.07420000 0.80560000 0.58790000
vn -0.06370000 0.80210000 0.59380000
vn -0.08260000 0.80720000 0.58450000
vn -0.04050000 0.79360000 0.60710000
vn -0.10600000 0.81020000 0.57650000
vn -0.10330000 0.80970000 0.57770000
vn -0.13380000 0.81840000 0.55890000
vn -0.14130000 0.82080000 0.55340000
vn -0.19700000 0.82160000 0.53500000
vn -0.17030000 0.82020000 0.54610000
vn -0.22310000 0.81790000 0.53030000
vn -0.24800000 0.81950000 0.51670000
vn -0.29510000 0.81300000 0.50190000
vn -0.29650000 0.81580000 0.49660000
vn -0.33610000 0.80930000 0.48170000
vn -0.34310000 0.81130000 0.47340000
vn -0.37550000 0.80550000 0.45850000
vn -0.38800000 0.80640000 0.44620000
vn -0.41350000 0.80090000 0.43310000
vn -0.42890000 0.80090000 0.41780000
vn -0.47100000 0.79200000 0.38840000
vn -0.46660000 0.79480000 0.38800000
vn -0.49880000 0.78710000 0.36290000
vn -0.50170000 0.78840000 0.35610000
vn -0.53350000 0.78220000 0.32180000
vn -0.55090000 0.77770000 0.30270000
vn -0.56260000 0.77660000 0.28350000
vn -0.58940000 0.77020000 0.24370000
vn -0.58740000 0.77140000 0.24460000
vn -0.60830000 0.76670000 0.20510000
vn -0.61300000 0.76510000 0.19690000
vn -0.62530000 0.76280000 0.16470000
vn -0.62370000 0.76270000 0.17090000
vn -0.63990000 0.75890000 0.12050000
vn -0.65000000 0.75650000 0.07200000
vn -0.64810000 0.75710000 0.08220000
vn -0.63850000 0.75950000 0.12410000
vn -0.65400000 0.75550000 0.03940000
vn -0.65430000 0.75540000 0.03590000
vn -0.65570000 0.75510000 -0.00000000
vn -0.65570000 0.75500000 -0.00410000
vn -0.65360000 0.75550000 -0.04570000
vn -0.61270000 0.76470000 -0.19980000
vn -0.62320000 0.76270000 -0.17280000
vn -0.63700000 0.75940000 -0.13210000
vn -0.64730000 0.75710000 -0.08810000
vn -0.65220000 0.75590000 -0.05710000
vn -0.60570000 0.76670000 -0.21260000
vn -0.59430000 0.76860000 -0.23690000
vn -0.58450000 0.77140000 -0.25160000
vn -0.57230000 0.77310000 -0.27360000
vn -0.55930000 0.77670000 -0.28980000
vn -0.52570000 0.78180000 -0.33530000
vn -0.52980000 0.78250000 -0.32720000
vn -0.49280000 0.78760000 -0.37000000
vn -0.49670000 0.78860000 -0.36260000
vn -0.45720000 0.79340000 -0.40190000
vn -0.46100000 0.79470000 -0.39480000
vn -0.41900000 0.79900000 -0.43130000
vn -0.42280000 0.80070000 -0.42440000
vn -0.37800000 0.80450000 -0.45810000
vn -0.38210000 0.80640000 -0.45140000
vn -0.33360000 0.80930000 -0.48340000
vn -0.33860000 0.81150000 -0.47630000
vn -0.28610000 0.81370000 -0.50600000
vn -0.29170000 0.81600000 -0.49900000
vn -0.23230000 0.81710000 -0.52770000
vn -0.24100000 0.81960000 -0.51970000
vn -0.17290000 0.81960000 -0.54630000
vn -0.18600000 0.82230000 -0.53790000
vn -0.12670000 0.81840000 -0.56060000
vn -0.19840000 0.82470000 -0.52960000
vn -0.12450000 0.81790000 -0.56180000
vn -0.14940000 0.82330000 -0.54760000
vn -0.10340000 0.81030000 -0.57680000
vn -0.10300000 0.80970000 -0.57770000
vn -0.09400000 0.80920000 -0.58000000
vn -0.08880000 0.80950000 -0.58040000
vn -0.08680000 0.80880000 -0.58160000
vn -0.08140000 0.80810000 -0.58340000
vn -0.06630000 0.80540000 -0.58910000
vn -0.07390000 0.80690000 -0.58600000
vn -0.06790000 0.80570000 -0.58850000
vn -0.06160000 0.80410000 -0.59130000
vn -0.05680000 0.80300000 -0.59330000
vn -0.05050000 0.80100000 -0.59660000
vn -0.05500000 0.80220000 -0.59450000
vn -0.05070000 0.80120000 -0.59630000
vn -0.04520000 0.79950000 -0.59900000
vn -0.03380000 0.79520000 -0.60540000
vn -0.03800000 0.79710000 -0.60260000
vn -0.02940000 0.79420000 -0.60700000
vn -0.01510000 0.78950000 -0.61350000
vn -0.03590000 0.79530000 -0.60520000
vn -0.02230000 0.79010000 -0.61250000
vn -0.04350000 0.79730000 -0.60200000
vn -0.05220000 0.80110000 -0.59630000
vn -0.06080000 0.80350000 -0.59210000
vn -0.06700000 0.80550000 -0.58880000
vn -0.07600000 0.80730000 -0.58530000
vn -0.10110000 0.80940000 -0.57850000
vn -0.09390000 0.80890000 -0.58040000
vn -0.12980000 0.81900000 -0.55890000
vn -0.00110000 0.78540000 -0.61890000
vn -0.00580000 0.78710000 -0.61680000
vn 0.00260000 0.78540000 -0.61900000
vn -0.15670000 0.81920000 -0.55170000
vn -0.16220000 0.82410000 -0.54270000
vn -0.17720000 0.82630000 -0.53460000
vn -0.20040000 0.82660000 -0.52590000
vn -0.23110000 0.82490000 -0.51580000
vn -0.25200000 0.82170000 -0.51120000
vn -0.24210000 0.82400000 -0.51230000
vn -0.25820000 0.82300000 -0.50600000
vn -0.27030000 0.82210000 -0.50110000
vn -0.30150000 0.81770000 -0.49040000
vn -0.30030000 0.81950000 -0.48820000
vn -0.32810000 0.81680000 -0.47450000
vn -0.34720000 0.81300000 -0.46740000
vn -0.35960000 0.81330000 -0.45740000
vn -0.38970000 0.80770000 -0.44250000
vn -0.40460000 0.80730000 -0.42970000
vn -0.42950000 0.80180000 -0.41550000
vn -0.44560000 0.80080000 -0.40020000
vn -0.46670000 0.79570000 -0.38610000
vn -0.48420000 0.79390000 -0.36780000
vn -0.50150000 0.78930000 -0.35420000
vn -0.50430000 0.79010000 -0.34850000
vn -0.51980000 0.78700000 -0.33230000
vn -0.53370000 0.78300000 -0.31930000
vn -0.53070000 0.78470000 -0.32030000
vn -0.54330000 0.78210000 -0.30500000
vn -0.55650000 0.77930000 -0.28810000
vn -0.56220000 0.77710000 -0.28280000
vn -0.57900000 0.77420000 -0.25560000
vn -0.58660000 0.77170000 -0.24560000
vn -0.59060000 0.77150000 -0.23670000
vn -0.60460000 0.76820000 -0.21060000
vn -0.60720000 0.76700000 -0.20750000
vn -0.62070000 0.76410000 -0.17590000
vn -0.62420000 0.76290000 -0.16850000
vn -0.63480000 0.76040000 -0.13680000
vn -0.63750000 0.75960000 -0.12870000
vn -0.64530000 0.75770000 -0.09740000
vn 0.00630000 -0.00000000 -1.00000000
vn 0.00620000 -0.00000000 -1.00000000
vn -0.10230000 -0.00000000 -0.99470000
vn -0.15030000 -0.00000000 -0.98860000
vn -0.20900000 -0.00000000 -0.97790000
vn -0.30300000 -0.00000000 -0.95300000
vn -0.31820000 -0.00000000 -0.94800000
vn -0.42120000 -0.00000000 -0.90700000
vn -0.44840000 -0.00000000 -0.89390000
vn -0.51830000 -0.00000000 -0.85520000
vn -0.58270000 0.00010000 -0.81270000
vn -0.59220000 -0.00000000 -0.80580000
vn -0.66160000 -0.00000000 -0.74990000
vn -0.70270000 0.00010000 -0.71150000
vn -0.72570000 -0.00000000 -0.68800000
vn -0.78400000 -0.00000000 -0.62080000
vn -0.80530000 -0.00000000 -0.59290000
vn -0.83610000 -0.00000000 -0.54860000
vn -0.88810000 -0.00010000 -0.45960000
vn -0.90890000 -0.00000000 -0.41710000
vn -0.94910000 -0.00000000 -0.31500000
vn -0.93970000 -0.00000000 -0.34200000
vn -0.96440000 -0.00000000 -0.26450000
vn -0.98670000 -0.00000000 -0.16260000
vn -0.98270000 -0.00000000 -0.18510000
vn -0.99490000 -0.00000000 -0.10130000
vn -1.00000000 -0.00000000 -0.00630000
vn -0.99980000 -0.00000000 -0.01980000
vn -0.99810000 -0.00000000 0.06170000
vn -0.98870000 -0.00000000 0.15020000
vn -0.98840000 -0.00000000 0.15210000
vn -0.97250000 -0.00000000 0.23300000
vn -0.95300000 -0.00000000 0.30300000
vn -0.95000000 -0.00000000 0.31230000
vn -0.92100000 -0.00000000 0.38940000
vn -0.89380000 -0.00000000 0.44840000
vn -0.88590000 -0.00000000 0.46380000
vn -0.84490000 -0.00000000 0.53500000
vn -0.81270000 -0.00000000 0.58270000
vn -0.78060000 -0.00000000 0.62500000
vn -0.71150000 -0.00000000 0.70270000
vn -0.72450000 -0.00000000 0.68930000
vn -0.65640000 -0.00000000 0.75440000
vn -0.59290000 -0.00000000 0.80530000
vn -0.53130000 -0.00000000 0.84720000
vn -0.45960000 -0.00000000 0.88810000
vn -0.44680000 -0.00000000 0.89460000
vn -0.35820000 -0.00000000 0.93370000
vn -0.31500000 -0.00000000 0.94910000
vn -0.27590000 -0.00000000 0.96120000
vn -0.16260000 -0.00000000 0.98670000
vn -0.19510000 -0.00000000 0.98080000
vn -0.11280000 -0.00000000 0.99360000
vn -0.00630000 -0.00000000 1.00000000
vn -0.00640000 -0.00000000 1.00000000
vn -0.00000000 -1.00000000 -0.00000000
vn -0.00000000 -1.00000000 -0.00000000
vn -0.00000000 -1.00000000 -0.00000000
vn -0.00000000 -1.00000000 -0.00000000
vn -0.00000000 -1.00000000 -0.00000000
vn -0.00000000 -1.00000000 -0.00000000
vn -0.00000000 -1.00000000 -0.00000000
vn -0.00000000 -1.00000000 -0.00000000
vn 0.00010000 -1.00000000 -0.00000000
vn -0.00020000 -1.00000000 -0.00000000
vn -0.00020000 -1.00000000 -0.00000000
vn -0.00000000 -1.00000000 -0.00000000
vn -0.00020000 -1.00000000 -0.00000000
vn 0.00010000 -1.00000000 -0.00000000
vn -0.00000000 -1.00000000 -0.00000000
vn 0.00010000 -1.00000000 -0.00000000
vn -0.00000000 -1.00000000 -0.00000000
vn -0.00000000 -1.00000000 -0.00000000
vn -0.00000000 -1.00000000 -0.00000000
vn -0.00000000 -1.00000000 -0.00000000
vn -0.00000000 -1.00000000 -0.00000000
vn -0.00000000 -1.00000000 -0.00000000
vn -0.00000000 -1.00000000 -0.00000000
vn -0.00000000 -1.00000000 -0.00000000
vn -0.00000000 -1.00000000 -0.00000000
vn -0.00000000 -1.00000000 -0.00000000
vn -0.00000000 -1.00000000 -0.00000000
vn -0.00000000 -1.00000000 -0.00000000
vn -0.00000000 -1.00000000 -0.00000000
vn -0.00000000 -1.00000000 -0.00000000
vn -0.00000000 -1.00000000 -0.00000000
vn -0.00000000 -1.00000000 -0.00000000
vn -0.00000000 -1.00000000 -0.00000000
vn -0.00000000 -1.00000000 -0.00000000
vn -0.00000000 -1.00000000 -0.00000000
vn -0.00000000 -1.00000000 -0.00000000
vn -0.00000000 -1.00000000 -0.00000000
vn -0.00000000 -1.00000000 -0.00000000
vn -0.00000000 -1.00000000 -0.00000000
vn -0.00000000 -1.00000000 -0.00000000
vn -0.00000000 -1.00000000 -0.00000000
vn -0.00000000 -1.00000000 -0.00000000
vn -0.00000000 -1.00000000 -0.00000000
vn -0.00000000 -1.00000000 -0.00000000
vn -0.00000000 -1.00000000 -0.00000000
vn -0.00000000 -1.00000000 -0.00000000
vn -0.00000000 -1.00000000 -0.00000000
vn -0.00000000 -1.00000000 -0.00000000
vn -0.00000000 -1.00000000 -0.00000000
vn -0.00000000 -1.00000000 -0.00000000
vn -0.00000000 -1.00000000 -0.00000000
vn -0.00000000 -1.00000000 -0.00000000
vn -0.00000000 -1.00000000 -0.00000000
vn -0.00000000 -1.00000000 -0.00000000
vn -0.00000000 -1.00000000 -0.00000000
vn -0.00000000 -1.00000000 -0.00000000
vn 0.00630000 -0.00000000 -1.00000000
vn 0.00630000 -0.00000000 -1.00000000
vn 0.00630000 -0.00000000 -1.00000000
vn 0.00630000 -0.00000000 -1.00000000
vn 0.00620000 -0.00000000 -1.00000000
vn 0.00620000 -0.00000000 -1.00000000
vn -0.12430000 -0.00000000 -0.99220000
vn -0.12430000 -0.00000000 -0.99220000
vn -0.25280000 -0.00000000 -0.96750000
vn -0.25280000 -0.00000000 -0.96750000
vn -0.37690000 -0.00000000 -0.92630000
vn -0.37690000 -0.00000000 -0.92630000
vn -0.49450000 -0.00000000 -0.86920000
vn -0.49450000 -0.00000000 -0.86920000
vn -0.60380000 -0.00000000 -0.79720000
vn -0.60380000 -0.00000000 -0.79720000
vn -0.70260000 -0.00000000 -0.71150000
vn -0.70260000 -0.00000000 -0.71150000
vn -0.78950000 -0.00000000 -0.61370000
vn -0.78950000 -0.00000000 -0.61370000
vn -0.86290000 -0.00000000 -0.50540000
vn -0.86290000 -0.00000000 -0.50540000
vn -0.92150000 -0.00000000 -0.38850000
vn -0.92150000 -0.00000000 -0.38850000
vn -0.96430000 -0.00000000 -0.26490000
vn -0.96430000 -0.00000000 -0.26490000
vn -0.99060000 -0.00000000 -0.13680000
vn -0.99060000 -0.00000000 -0.13680000
vn -1.00000000 -0.00000000 -0.00630000
vn -1.00000000 -0.00000000 -0.00630000
vn -0.99220000 -0.00000000 0.12430000
vn -0.99220000 -0.00000000 0.12430000
vn -0.96750000 -0.00000000 0.25270000
vn -0.96750000 -0.00000000 0.25270000
vn -0.92630000 -0.00000000 0.37680000
vn -0.92630000 -0.00000000 0.37680000
vn -0.86910000 -0.00000000 0.49460000
vn -0.86910000 -0.00000000 0.49460000
vn -0.79720000 -0.00000000 0.60380000
vn -0.79720000 -0.00000000 0.60380000
vn -0.71150000 -0.00000000 0.70260000
vn -0.71150000 -0.00000000 0.70260000
vn -0.61370000 -0.00000000 0.78950000
vn -0.61370000 -0.00000000 0.78950000
vn -0.50540000 -0.00000000 0.86290000
vn -0.50540000 -0.00000000 0.86290000
vn -0.38850000 -0.00000000 0.92150000
vn -0.38850000 -0.00000000 0.92150000
vn -0.26490000 -0.00000000 0.96430000
vn -0.26490000 -0.00000000 0.96430000
vn -0.13680000 -0.00000000 0.99060000
vn -0.13680000 -0.00000000 0.99060000
vn -0.00640000 -0.00000000 1.00000000
vn -0.00640000 -0.00000000 1.00000000
vn -0.00630000 -0.00000000 1.00000000
vn -0.00630000 -0.00000000 1.00000000
vn -0.00630000 -0.00000000 1.00000000
vn -0.00630000 -0.00000000 1.00000000
vn -0.00640000 -0.00000000 1.00000000
vn -0.00640000 -0.00000000 1.00000000
vn 0.12430000 -0.00000000 0.99220000
vn 0.12430000 -0.00000000 0.99220000
vn 0.25280000 -0.00000000 0.96750000
vn 0.25280000 -0.00000000 0.96750000
vn 0.37690000 -0.00000000 0.92630000
vn 0.37690000 -0.00000000 0.92630000
vn 0.49460000 -0.00000000 0.86910000
vn 0.49460000 -0.00000000 0.86910000
vn 0.60380000 -0.00000000 0.79720000
vn 0.60380000 -0.00000000 0.79720000
vn 0.70260000 -0.00000000 0.71150000
vn 0.70260000 -0.00000000 0.71150000
vn 0.78950000 -0.00000000 0.61370000
vn 0.78950000 -0.00000000 0.61370000
vn 0.86290000 -0.00000000 0.50540000
vn 0.86290000 -0.00000000 0.50540000
vn 0.92140000 -0.00000000 0.38850000
vn 0.92140000 -0.00000000 0.38850000
vn 0.96430000 -0.00000000 0.26490000
vn 0.96430000 -0.00000000 0.26490000
vn 0.99060000 -0.00000000 0.13670000
vn 0.99060000 -0.00000000 0.13670000
vn 1.00000000 -0.00000000 0.00630000
vn 1.00000000 -0.00000000 0.00630000
vn 0.99220000 -0.00000000 -0.12430000
vn 0.99220000 -0.00000000 -0.12430000
vn 0.96750000 -0.00000000 -0.25280000
vn 0.96750000 -0.00000000 -0.25280000
vn 0.92630000 -0.00000000 -0.37690000
vn 0.92630000 -0.00000000 -0.37690000
vn 0.86920000 -0.00000000 -0.49450000
vn 0.86920000 -0.00000000 -0.49450000
vn 0.79720000 -0.00000000 -0.60370000
vn 0.79720000 -0.00000000 -0.60370000
vn 0.71150000 -0.00000000 -0.70270000
vn 0.71150000 -0.00000000 -0.70270000
vn 0.61370000 -0.00000000 -0.78950000
vn 0.61370000 -0.00000000 -0.78950000
vn 0.50540000 -0.00000000 -0.86290000
vn 0.50540000 -0.00000000 -0.86290000
vn 0.38840000 -0.00000000 -0.92150000
vn 0.38840000 -0.00000000 -0.92150000
vn 0.26490000 -0.00000000 -0.96430000
vn 0.26490000 -0.00000000 -0.96430000
vn 0.13680000 -0.00000000 -0.99060000
vn 0.13680000 -0.00000000 -0.99060000
vn 0.00630000 -0.00000000 -1.00000000
vn 0.00630000 -0.00000000 -1.00000000
f 1//1 2//2 3//3
f 3//3 2//2 4//4
f 3//3 4//4 5//5
f 5//5 4//4 6//6
f 5//5 6//6 7//7
f 7//7 6//6 8//8
f 7//7 8//8 9//9
f 9//9 8//8 10//10
f 9//9 10//10 11//11
f 11//11 10//10 12//12
f 11//11 12//12 13//13
f 13//13 12//12 14//14
f 13//13 14//14 15//15
f 15//15 14//14 16//16
f 15//15 16//16 17//17
f 17//17 16//16 18//18
f 17//17 18//18 19//19
f 19//19 18//18 20//20
f 19//19 20//20 21//21
f 21//21 20//20 22//22
f 21//21 22//22 23//23
f 23//23 22//22 24//24
f 23//23 24//24 25//25
f 25//25 24//24 26//26
f 25//25 26//26 27//27
f 27//27 26//26 28//28
f 27//27 28//28 29//29
f 29//29 28//28 30//30
f 29//29 30//30 31//31
f 31//31 30//30 32//32
f 31//31 32//32 33//33
f 33//33 32//32 34//34
f 33//33 34//34 35//35
f 35//35 34//34 36//36
f 35//35 36//36 37//37
f 37//37 36//36 38//38
f 37//37 38//38 39//39
f 39//39 38//38 40//40
f 39//39 40//40 41//41
f 41//41 40//40 42//42
f 41//41 42//42 43//43
f 43//43 42//42 44//44
f 43//43 44//44 45//45
f 45//45 44//44 46//46
f 45//45 46//46 47//47
f 47//47 46//46 48//48
f 47//47 48//48 49//49
f 49//49 48//48 50//50
f 49//49 50//50 51//51
f 51//51 50//50 52//52
f 51//51 52//52 53//53
f 53//53 52//52 54//54
f 53//53 54//54 55//55
f 55//55 54//54 56//56
f 55//55 56//56 57//57
f 57//57 56//56 58//58
f 57//57 58//58 59//59
f 59//59 58//58 60//60
f 59//59 60//60 61//61
f 61//61 60//60 62//62
f 61//61 62//62 63//63
f 63//63 62//62 64//64
f 63//63 64//64 65//65
f 65//65 64//64 66//66
f 65//65 66//66 67//67
f 67//67 66//66 68//68
f 67//67 68//68 69//69
f 69//69 68//68 70//70
f 69//69 70//70 71//71
f 71//71 70//70 72//72
f 71//71 72//72 73//73
f 73//73 72//72 74//74
f 73//73 74//74 75//75
f 75//75 74//74 76//76
f 75//75 76//76 77//77
f 77//77 76//76 78//78
f 77//77 78//78 79//79
f 79//79 78//78 80//80
f 79//79 80//80 81//81
f 81//81 80//80 82//82
f 81//81 82//82 83//83
f 83//83 82//82 84//84
f 83//83 84//84 85//85
f 85//85 84//84 86//86
f 85//85 86//86 87//87
f 87//87 86//86 88//88
f 87//87 88//88 89//89
f 89//89 88//88 90//90
f 89//89 90//90 91//91
f 91//91 90//90 92//92
f 91//91 92//92 93//93
f 93//93 92//92 94//94
f 93//93 94//94 95//95
f 95//95 94//94 96//96
f 95//95 96//96 97//97
f 97//97 96//96 98//98
f 97//97 98//98 99//99
f 100//100 101//101 1//1
f 1//1 101//101 102//102
f 1//1 102//102 103//103
f 103//103 102//102 104//104
f 103//103 104//104 105//105
f 105//105 104//104 106//106
f 105//105 106//106 107//107
f 107//107 106//106 108//108
f 107//107 108//108 109//109
f 109//109 108//108 110//110
f 109//109 110//110 111//111
f 111//111 110//110 112//112
f 111//111 112//112 113//113
f 113//113 112//112 114//114
f 113//113 114//114 115//115
f 115//115 114//114 116//116
f 115//115 116//116 117//117
f 117//117 116//116 118//118
f 117//117 118//118 119//119
f 119//119 118//118 120//120
f 119//119 120//120 121//121
f 121//121 120//120 122//122
f 121//121 122//122 123//123
f 123//123 122//122 124//124
f 123//123 124//124 125//125
f 125//125 124//124 126//126
f 125//125 126//126 127//127
f 127//127 126//126 128//128
f 127//127 128//128 129//129
f 129//129 128//128 130//130
f 129//129 130//130 131//131
f 131//131 130//130 132//132
f 131//131 132//132 133//133
f 133//133 132//132 134//134
f 133//133 134//134 135//135
f 135//135 134//134 136//136
f 135//135 136//136 137//137
f 137//137 136//136 138//138
f 137//137 138//138 139//139
f 139//139 138//138 140//140
f 139//139 140//140 141//141
f 141//141 140//140 142//142
f 141//141 142//142 143//143
f 143//143 142//142 144//144
f 143//143 144//144 145//145
f 145//145 144//144 146//146
f 145//145 146//146 147//147
f 147//147 146//146 148//148
f 147//147 148//148 149//149
f 149//149 148//148 150//150
f 149//149 150//150 151//151
f 151//151 150//150 152//152
f 151//151 152//152 153//153
f 153//153 152//152 154//154
f 153//153 154//154 155//155
f 155//155 154//154 156//156
f 155//155 156//156 157//157
f 157//157 156//156 158//158
f 157//157 158//158 159//159
f 159//159 158//158 160//160
f 159//159 160//160 161//161
f 161//161 160//160 162//162
f 161//161 162//162 163//163
f 163//163 162//162 164//164
f 163//163 164//164 165//165
f 165//165 164//164 166//166
f 165//165 166//166 167//167
f 167//167 166//166 168//168
f 167//167 168//168 169//169
f 169//169 168//168 170//170
f 169//169 170//170 171//171
f 171//171 170//170 172//172
f 171//171 172//172 173//173
f 173//173 172//172 174//174
f 173//173 174//174 175//175
f 175//175 174//174 176//176
f 175//175 176//176 78//78
f 177//177 178//178 100//100
f 100//100 178//178 179//179
f 100//100 179//179 101//101
f 101//101 179//179 180//180
f 101//101 180//180 102//102
f 102//102 180//180 104//104
f 181//181 182//182 177//177
f 177//177 182//182 183//183
f 177//177 183//183 178//178
f 178//178 183//183 184//184
f 178//178 184//184 179//179
f 179//179 184//184 180//180
f 185//185 186//186 181//181
f 181//181 186//186 187//187
f 181//181 187//187 182//182
f 182//182 187//187 188//188
f 182//182 188//188 183//183
f 183//183 188//188 189//189
f 183//183 189//189 184//184
f 184//184 189//189 190//190
f 184//184 190//190 180//180
f 180//180 190//190 104//104
f 191//191 192//192 185//185
f 185//185 192//192 187//187
f 185//185 187//187 186//186
f 193//193 194//194 191//191
f 191//191 194//194 195//195
f 191//191 195//195 192//192
f 192//192 195//195 196//196
f 192//192 196//196 187//187
f 187//187 196//196 197//197
f 187//187 197//197 188//188
f 188//188 197//197 198//198
f 188//188 198//198 189//189
f 189//189 198//198 199//199
f 189//189 199//199 190//190
f 190//190 199//199 106//106
f 190//190 106//106 104//104
f 194//194 193//193 200//200
f 200//200 193//193 201//201
f 200//200 201//201 202//202
f 202//202 201//201 203//203
f 202//202 203//203 204//204
f 202//202 204//204 205//205
f 205//205 204//204 206//206
f 205//205 206//206 207//207
f 205//205 207//207 208//208
f 208//208 207//207 209//209
f 208//208 209//209 210//210
f 210//210 209//209 211//211
f 210//210 211//211 212//212
f 212//212 211//211 213//213
f 212//212 213//213 214//214
f 214//214 213//213 215//215
f 214//214 215//215 216//216
f 216//216 215//215 217//217
f 216//216 217//217 218//218
f 218//218 217//217 219//219
f 218//218 219//219 220//220
f 220//220 219//219 221//221
f 220//220 221//221 222//222
f 222//222 221//221 223//223
f 222//222 223//223 224//224
f 224//224 223//223 225//225
f 224//224 225//225 226//226
f 226//226 225//225 227//227
f 226//226 227//227 228//228
f 228//228 227//227 229//229
f 228//228 229//229 230//230
f 230//230 229//229 231//231
f 230//230 231//231 232//232
f 232//232 231//231 233//233
f 232//232 233//233 138//138
f 138//138 233//233 140//140
f 221//221 234//234 223//223
f 223//223 234//234 235//235
f 223//223 235//235 236//236
f 236//236 235//235 237//237
f 236//236 237//237 238//238
f 238//238 237//237 239//239
f 238//238 239//239 240//240
f 240//240 239//239 241//241
f 240//240 241//241 242//242
f 240//240 242//242 243//243
f 243//243 242//242 244//244
f 243//243 244//244 245//245
f 245//245 244//244 246//246
f 245//245 246//246 247//247
f 247//247 246//246 248//248
f 247//247 248//248 249//249
f 249//249 248//248 250//250
f 249//249 250//250 251//251
f 251//251 250//250 252//252
f 251//251 252//252 253//253
f 253//253 252//252 254//254
f 253//253 254//254 255//255
f 255//255 254//254 256//256
f 255//255 256//256 257//257
f 257//257 256//256 258//258
f 257//257 258//258 259//259
f 259//259 258//258 260//260
f 259//259 260//260 261//261
f 261//261 260//260 262//262
f 261//261 262//262 263//263
f 263//263 262//262 264//264
f 263//263 264//264 265//265
f 265//265 264//264 266//266
f 265//265 266//266 267//267
f 267//267 266//266 268//268
f 267//267 268//268 269//269
f 269//269 268//268 270//270
f 269//269 270//270 271//271
f 271//271 270//270 272//272
f 271//271 272//272 273//273
f 273//273 272//272 274//274
f 273//273 274//274 275//275
f 275//275 274//274 276//276
f 275//275 276//276 277//277
f 277//277 276//276 278//278
f 277//277 278//278 170//170
f 170//170 278//278 172//172
f 268//268 279//279 270//270
f 270//270 279//279 272//272
f 272//272 279//279 280//280
f 280//280 279//279 281//281
f 280//280 281//281 282//282
f 282//282 281//281 283//283
f 282//282 283//283 274//274
f 274//274 283//283 284//284
f 274//274 284//284 276//276
f 276//276 284//284 285//285
f 276//276 285//285 278//278
f 278//278 285//285 286//286
f 278//278 286//286 172//172
f 172//172 286//286 174//174
f 283//283 176//176 284//284
f 284//284 176//176 285//285
f 80//80 78//78 287//287
f 287//287 78//78 288//288
f 287//287 288//288 289//289
f 289//289 288//288 290//290
f 289//289 290//290 291//291
f 291//291 290//290 292//292
f 291//291 292//292 293//293
f 293//293 292//292 294//294
f 293//293 294//294 295//295
f 295//295 294//294 296//296
f 295//295 296//296 297//297
f 297//297 296//296 298//298
f 297//297 298//298 299//299
f 299//299 298//298 300//300
f 299//299 300//300 301//301
f 301//301 300//300 302//302
f 301//301 302//302 303//303
f 304//304 305//305 288//288
f 288//288 305//305 306//306
f 288//288 306//306 290//290
f 290//290 306//306 292//292
f 307//307 308//308 304//304
f 304//304 308//308 309//309
f 304//304 309//309 310//310
f 310//310 309//309 311//311
f 310//310 311//311 294//294
f 294//294 311//311 296//296
f 312//312 313//313 307//307
f 307//307 313//313 314//314
f 307//307 314//314 309//309
f 309//309 314//314 311//311
f 313//313 312//312 315//315
f 315//315 312//312 316//316
f 315//315 316//316 300//300
f 300//300 316//316 317//317
f 300//300 317//317 302//302
f 301//301 303//303 318//318
f 318//318 303//303 319//319
f 318//318 319//319 96//96
f 96//96 319//319 98//98
f 97//97 99//99 320//320
f 320//320 99//99 321//321
f 320//320 321//321 322//322
f 322//322 321//321 323//323
f 322//322 323//323 324//324
f 322//322 324//324 325//325
f 325//325 324//324 326//326
f 325//325 326//326 327//327
f 327//327 326//326 328//328
f 327//327 328//328 329//329
f 329//329 328//328 330//330
f 329//329 330//330 331//331
f 331//331 330//330 332//332
f 331//331 332//332 333//333
f 333//333 332//332 334//334
f 333//333 334//334 335//335
f 335//335 334//334 336//336
f 335//335 336//336 337//337
f 337//337 336//336 338//338
f 337//337 338//338 339//339
f 337//337 339//339 340//340
f 340//340 339//339 341//341
f 340//340 341//341 342//342
f 342//342 341//341 343//343
f 342//342 343//343 344//344
f 344//344 343//343 345//345
f 344//344 345//345 346//346
f 346//346 345//345 347//347
f 346//346 347//347 348//348
f 346//346 348//348 349//349
f 349//349 348//348 350//350
f 349//349 350//350 351//351
f 351//351 350//350 352//352
f 351//351 352//352 353//353
f 353//353 352//352 354//354
f 353//353 354//354 355//355
f 355//355 354//354 356//356
f 355//355 356//356 357//357
f 357//357 356//356 358//358
f 357//357 358//358 359//359
f 359//359 358//358 360//360
f 359//359 360//360 361//361
f 361//361 360//360 362//362
f 361//361 362//362 363//363
f 361//361 363//363 364//364
f 364//364 363//363 365//365
f 364//364 365//365 366//366
f 366//366 365//365 367//367
f 366//366 367//367 368//368
f 368//368 367//367 369//369
f 368//368 369//369 370//370
f 370//370 369//369 371//371
f 370//370 371//371 372//372
f 372//372 371//371 373//373
f 372//372 373//373 374//374
f 374//374 373//373 375//375
f 374//374 375//375 376//376
f 376//376 375//375 377//377
f 376//376 377//377 378//378
f 378//378 377//377 379//379
f 378//378 379//379 380//380
f 380//380 379//379 381//381
f 380//380 381//381 382//382
f 382//382 381//381 383//383
f 382//382 383//383 384//384
f 384//384 383//383 385//385
f 384//384 385//385 13//13
f 13//13 385//385 11//11
f 367//367 386//386 369//369
f 369//369 386//386 371//371
f 387//387 388//388 386//386
f 386//386 388//388 389//389
f 386//386 389//389 371//371
f 371//371 389//389 373//373
f 3//3 390//390 387//387
f 387//387 390//390 391//391
f 387//387 391//391 388//388
f 388//388 391//391 392//392
f 388//388 392//392 393//393
f 393//393 392//392 375//375
f 393//393 375//375 373//373
f 286//286 285//285 176//176
f 1//1 103//103 394//394
f 394//394 103//103 105//105
f 394//394 105//105 395//395
f 395//395 105//105 107//107
f 395//395 107//107 396//396
f 396//396 107//107 109//109
f 396//396 109//109 397//397
f 397//397 109//109 111//111
f 397//397 111//111 398//398
f 398//398 111//111 113//113
f 398//398 113//113 399//399
f 399//399 113//113 115//115
f 399//399 115//115 400//400
f 400//400 115//115 117//117
f 400//400 117//117 401//401
f 401//401 117//117 119//119
f 401//401 119//119 402//402
f 402//402 119//119 121//121
f 402//402 121//121 403//403
f 403//403 121//121 123//123
f 403//403 123//123 404//404
f 404//404 123//123 125//125
f 404//404 125//125 405//405
f 405//405 125//125 127//127
f 405//405 127//127 406//406
f 406//406 127//127 129//129
f 406//406 129//129 407//407
f 407//407 129//129 131//131
f 407//407 131//131 408//408
f 408//408 131//131 133//133
f 408//408 133//133 409//409
f 409//409 133//133 135//135
f 409//409 135//135 410//410
f 410//410 135//135 137//137
f 410//410 137//137 411//411
f 411//411 137//137 139//139
f 411//411 139//139 412//412
f 412//412 139//139 141//141
f 412//412 141//141 413//413
f 413//413 141//141 143//143
f 413//413 143//143 414//414
f 414//414 143//143 145//145
f 414//414 145//145 415//415
f 415//415 145//145 147//147
f 415//415 147//147 416//416
f 416//416 147//147 149//149
f 416//416 149//149 417//417
f 417//417 149//149 151//151
f 417//417 151//151 418//418
f 418//418 151//151 153//153
f 418//418 153//153 419//419
f 419//419 153//153 155//155
f 419//419 155//155 420//420
f 420//420 155//155 157//157
f 420//420 157//157 421//421
f 421//421 157//157 159//159
f 421//421 159//159 422//422
f 422//422 159//159 161//161
f 422//422 161//161 423//423
f 423//423 161//161 163//163
f 423//423 163//163 424//424
f 424//424 163//163 165//165
f 424//424 165//165 425//425
f 425//425 165//165 167//167
f 425//425 167//167 426//426
f 426//426 167//167 169//169
f 426//426 169//169 427//427
f 427//427 169//169 171//171
f 427//427 171//171 428//428
f 428//428 171//171 173//173
f 428//428 173//173 429//429
f 429//429 173//173 175//175
f 429//429 175//175 430//430
f 430//430 175//175 78//78
f 430//430 78//78 431//431
f 431//431 78//78 76//76
f 431//431 76//76 74//74
f 286//286 176//176 174//174
f 3//3 5//5 432//432
f 432//432 5//5 7//7
f 432//432 7//7 433//433
f 433//433 7//7 9//9
f 433//433 9//9 434//434
f 434//434 9//9 11//11
f 434//434 11//11 385//385
f 3//3 432//432 435//435
f 435//435 432//432 433//433
f 435//435 433//433 436//436
f 436//436 433//433 434//434
f 436//436 434//434 437//437
f 437//437 434//434 385//385
f 437//437 385//385 383//383
f 3//3 438//438 390//390
f 390//390 438//438 439//439
f 390//390 439//439 440//440
f 440//440 439//439 441//441
f 440//440 441//441 442//442
f 442//442 441//441 379//379
f 442//442 379//379 377//377
f 82//82 80//80 287//287
f 75//75 77//77 443//443
f 443//443 77//77 79//79
f 443//443 79//79 81//81
f 73//73 75//75 444//444
f 444//444 75//75 443//443
f 444//444 443//443 445//445
f 445//445 443//443 81//81
f 445//445 81//81 83//83
f 71//71 73//73 446//446
f 446//446 73//73 444//444
f 446//446 444//444 447//447
f 447//447 444//444 445//445
f 447//447 445//445 448//448
f 448//448 445//445 83//83
f 448//448 83//83 85//85
f 69//69 71//71 449//449
f 449//449 71//71 446//446
f 449//449 446//446 450//450
f 450//450 446//446 447//447
f 450//450 447//447 451//451
f 451//451 447//447 448//448
f 451//451 448//448 452//452
f 452//452 448//448 85//85
f 452//452 85//85 87//87
f 67//67 69//69 453//453
f 453//453 69//69 449//449
f 453//453 449//449 454//454
f 454//454 449//449 450//450
f 454//454 450//450 455//455
f 455//455 450//450 451//451
f 455//455 451//451 456//456
f 456//456 451//451 452//452
f 456//456 452//452 457//457
f 457//457 452//452 87//87
f 457//457 87//87 89//89
f 65//65 67//67 458//458
f 458//458 67//67 453//453
f 458//458 453//453 459//459
f 459//459 453//453 454//454
f 459//459 454//454 460//460
f 460//460 454//454 455//455
f 460//460 455//455 461//461
f 461//461 455//455 456//456
f 461//461 456//456 462//462
f 462//462 456//456 457//457
f 462//462 457//457 463//463
f 463//463 457//457 89//89
f 463//463 89//89 91//91
f 63//63 65//65 464//464
f 464//464 65//65 458//458
f 464//464 458//458 465//465
f 465//465 458//458 459//459
f 465//465 459//459 466//466
f 466//466 459//459 460//460
f 466//466 460//460 467//467
f 467//467 460//460 461//461
f 467//467 461//461 468//468
f 468//468 461//461 462//462
f 468//468 462//462 469//469
f 469//469 462//462 463//463
f 469//469 463//463 470//470
f 470//470 463//463 91//91
f 470//470 91//91 93//93
f 61//61 63//63 471//471
f 471//471 63//63 464//464
f 471//471 464//464 472//472
f 472//472 464//464 465//465
f 472//472 465//465 473//473
f 473//473 465//465 466//466
f 473//473 466//466 474//474
f 474//474 466//466 467//467
f 474//474 467//467 475//475
f 475//475 467//467 468//468
f 475//475 468//468 476//476
f 476//476 468//468 469//469
f 476//476 469//469 477//477
f 477//477 469//469 470//470
f 477//477 470//470 478//478
f 478//478 470//470 93//93
f 478//478 93//93 95//95
f 59//59 61//61 479//479
f 479//479 61//61 471//471
f 479//479 471//471 480//480
f 480//480 471//471 472//472
f 480//480 472//472 481//481
f 481//481 472//472 473//473
f 481//481 473//473 482//482
f 482//482 473//473 474//474
f 482//482 474//474 483//483
f 483//483 474//474 475//475
f 483//483 475//475 484//484
f 484//484 475//475 476//476
f 484//484 476//476 485//485
f 485//485 476//476 477//477
f 485//485 477//477 486//486
f 486//486 477//477 478//478
f 486//486 478//478 487//487
f 487//487 478//478 95//95
f 487//487 95//95 97//97
f 57//57 59//59 488//488
f 488//488 59//59 479//479
f 488//488 479//479 489//489
f 489//489 479//479 480//480
f 489//489 480//480 490//490
f 490//490 480//480 481//481
f 490//490 481//481 491//491
f 491//491 481//481 482//482
f 491//491 482//482 492//492
f 492//492 482//482 483//483
f 492//492 483//483 493//493
f 493//493 483//483 484//484
f 493//493 484//484 494//494
f 494//494 484//484 485//485
f 494//494 485//485 495//495
f 495//495 485//485 486//486
f 495//495 486//486 496//496
f 496//496 486//486 487//487
f 496//496 487//487 320//320
f 320//320 487//487 97//97
f 55//55 57//57 497//497
f 497//497 57//57 488//488
f 497//497 488//488 498//498
f 498//498 488//488 489//489
f 498//498 489//489 499//499
f 499//499 489//489 490//490
f 499//499 490//490 500//500
f 500//500 490//490 491//491
f 500//500 491//491 501//501
f 501//501 491//491 492//492
f 501//501 492//492 502//502
f 502//502 492//492 493//493
f 502//502 493//493 503//503
f 503//503 493//493 494//494
f 503//503 494//494 504//504
f 504//504 494//494 495//495
f 504//504 495//495 505//505
f 505//505 495//495 496//496
f 505//505 496//496 322//322
f 322//322 496//496 320//320
f 53//53 55//55 506//506
f 506//506 55//55 497//497
f 506//506 497//497 507//507
f 507//507 497//497 498//498
f 507//507 498//498 508//508
f 508//508 498//498 499//499
f 508//508 499//499 509//509
f 509//509 499//499 500//500
f 509//509 500//500 510//510
f 510//510 500//500 501//501
f 510//510 501//501 511//511
f 511//511 501//501 502//502
f 511//511 502//502 512//512
f 512//512 502//502 503//503
f 512//512 503//503 513//513
f 513//513 503//503 504//504
f 513//513 504//504 514//514
f 514//514 504//504 505//505
f 514//514 505//505 325//325
f 325//325 505//505 322//322
f 51//51 53//53 515//515
f 515//515 53//53 506//506
f 515//515 506//506 516//516
f 516//516 506//506 507//507
f 516//516 507//507 517//517
f 517//517 507//507 508//508
f 517//517 508//508 518//518
f 518//518 508//508 509//509
f 518//518 509//509 519//519
f 519//519 509//509 510//510
f 519//519 510//510 520//520
f 520//520 510//510 511//511
f 520//520 511//511 521//521
f 521//521 511//511 512//512
f 521//521 512//512 522//522
f 522//522 512//512 513//513
f 522//522 513//513 523//523
f 523//523 513//513 514//514
f 523//523 514//514 327//327
f 327//327 514//514 325//325
f 49//49 51//51 524//524
f 524//524 51//51 515//515
f 524//524 515//515 525//525
f 525//525 515//515 516//516
f 525//525 516//516 526//526
f 526//526 516//516 517//517
f 526//526 517//517 527//527
f 527//527 517//517 518//518
f 527//527 518//518 528//528
f 528//528 518//518 519//519
f 528//528 519//519 529//529
f 529//529 519//519 520//520
f 529//529 520//520 530//530
f 530//530 520//520 521//521
f 530//530 521//521 531//531
f 531//531 521//521 522//522
f 531//531 522//522 532//532
f 532//532 522//522 523//523
f 532//532 523//523 329//329
f 329//329 523//523 327//327
f 47//47 49//49 533//533
f 533//533 49//49 524//524
f 533//533 524//524 534//534
f 534//534 524//524 525//525
f 534//534 525//525 535//535
f 535//535 525//525 526//526
f 535//535 526//526 536//536
f 536//536 526//526 527//527
f 536//536 527//527 537//537
f 537//537 527//527 528//528
f 537//537 528//528 538//538
f 538//538 528//528 529//529
f 538//538 529//529 539//539
f 539//539 529//529 530//530
f 539//539 530//530 540//540
f 540//540 530//530 531//531
f 540//540 531//531 541//541
f 541//541 531//531 532//532
f 541//541 532//532 331//331
f 331//331 532//532 329//329
f 45//45 47//47 542//542
f 542//542 47//47 533//533
f 542//542 533//533 543//543
f 543//543 533//533 534//534
f 543//543 534//534 544//544
f 544//544 534//534 535//535
f 544//544 535//535 545//545
f 545//545 535//535 536//536
f 545//545 536//536 546//546
f 546//546 536//536 537//537
f 546//546 537//537 547//547
f 547//547 537//537 538//538
f 547//547 538//538 548//548
f 548//548 538//538 539//539
f 548//548 539//539 549//549
f 549//549 539//539 540//540
f 549//549 540//540 550//550
f 550//550 540//540 541//541
f 550//550 541//541 333//333
f 333//333 541//541 331//331
f 43//43 45//45 551//551
f 551//551 45//45 542//542
f 551//551 542//542 552//552
f 552//552 542//542 543//543
f 552//552 543//543 553//553
f 553//553 543//543 544//544
f 553//553 544//544 554//554
f 554//554 544//544 545//545
f 554//554 545//545 555//555
f 555//555 545//545 546//546
f 555//555 546//546 556//556
f 556//556 546//546 547//547
f 556//556 547//547 557//557
f 557//557 547//547 548//548
f 557//557 548//548 558//558
f 558//558 548//548 549//549
f 558//558 549//549 559//559
f 559//559 549//549 550//550
f 559//559 550//550 335//335
f 335//335 550//550 333//333
f 41//41 43//43 560//560
f 560//560 43//43 551//551
f 560//560 551//551 561//561
f 561//561 551//551 552//552
f 561//561 552//552 562//562
f 562//562 552//552 553//553
f 562//562 553//553 563//563
f 563//563 553//553 554//554
f 563//563 554//554 564//564
f 564//564 554//554 555//555
f 564//564 555//555 565//565
f 565//565 555//555 556//556
f 565//565 556//556 566//566
f 566//566 556//556 557//557
f 566//566 557//557 567//567
f 567//567 557//557 558//558
f 567//567 558//558 568//568
f 568//568 558//558 559//559
f 568//568 559//559 337//337
f 337//337 559//559 335//335
f 39//39 41//41 569//569
f 569//569 41//41 560//560
f 569//569 560//560 570//570
f 570//570 560//560 561//561
f 570//570 561//561 571//571
f 571//571 561//561 562//562
f 571//571 562//562 572//572
f 572//572 562//562 563//563
f 572//572 563//563 573//573
f 573//573 563//563 564//564
f 573//573 564//564 574//574
f 574//574 564//564 565//565
f 574//574 565//565 575//575
f 575//575 565//565 566//566
f 575//575 566//566 576//576
f 576//576 566//566 567//567
f 576//576 567//567 577//577
f 577//577 567//567 568//568
f 577//577 568//568 340//340
f 340//340 568//568 337//337
f 37//37 39//39 578//578
f 578//578 39//39 569//569
f 578//578 569//569 579//579
f 579//579 569//569 570//570
f 579//579 570//570 580//580
f 580//580 570//570 571//571
f 580//580 571//571 581//581
f 581//581 571//571 572//572
f 581//581 572//572 582//582
f 582//582 572//572 573//573
f 582//582 573//573 583//583
f 583//583 573//573 574//574
f 583//583 574//574 584//584
f 584//584 574//574 575//575
f 584//584 575//575 585//585
f 585//585 575//575 576//576
f 585//585 576//576 586//586
f 586//586 576//576 577//577
f 586//586 577//577 342//342
f 342//342 577//577 340//340
f 35//35 37//37 587//587
f 587//587 37//37 578//578
f 587//587 578//578 588//588
f 588//588 578//578 579//579
f 588//588 579//579 589//589
f 589//589 579//579 580//580
f 589//589 580//580 590//590
f 590//590 580//580 581//581
f 590//590 581//581 591//591
f 591//591 581//581 582//582
f 591//591 582//582 592//592
f 592//592 582//582 583//583
f 592//592 583//583 593//593
f 593//593 583//583 584//584
f 593//593 584//584 594//594
f 594//594 584//584 585//585
f 594//594 585//585 595//595
f 595//595 585//585 586//586
f 595//595 586//586 344//344
f 344//344 586//586 342//342
f 33//33 35//35 596//596
f 596//596 35//35 587//587
f 596//596 587//587 597//597
f 597//597 587//587 588//588
f 597//597 588//588 598//598
f 598//598 588//588 589//589
f 598//598 589//589 599//599
f 599//599 589//589 590//590
f 599//599 590//590 600//600
f 600//600 590//590 591//591
f 600//600 591//591 601//601
f 601//601 591//591 592//592
f 601//601 592//592 602//602
f 602//602 592//592 593//593
f 602//602 593//593 603//603
f 603//603 593//593 594//594
f 603//603 594//594 604//604
f 604//604 594//594 595//595
f 604//604 595//595 346//346
f 346//346 595//595 344//344
f 31//31 33//33 605//605
f 605//605 33//33 596//596
f 605//605 596//596 606//606
f 606//606 596//596 597//597
f 606//606 597//597 607//607
f 607//607 597//597 598//598
f 607//607 598//598 608//608
f 608//608 598//598 599//599
f 608//608 599//599 609//609
f 609//609 599//599 600//600
f 609//609 600//600 610//610
f 610//610 600//600 601//601
f 610//610 601//601 611//611
f 611//611 601//601 602//602
f 611//611 602//602 612//612
f 612//612 602//602 603//603
f 612//612 603//603 613//613
f 613//613 603//603 604//604
f 613//613 604//604 349//349
f 349//349 604//604 346//346
f 29//29 31//31 614//614
f 614//614 31//31 605//605
f 614//614 605//605 615//615
f 615//615 605//605 606//606
f 615//615 606//606 616//616
f 616//616 606//606 607//607
f 616//616 607//607 617//617
f 617//617 607//607 608//608
f 617//617 608//608 618//618
f 618//618 608//608 609//609
f 618//618 609//609 619//619
f 619//619 609//609 610//610
f 619//619 610//610 620//620
f 620//620 610//610 611//611
f 620//620 611//611 621//621
f 621//621 611//611 612//612
f 621//621 612//612 622//622
f 622//622 612//612 613//613
f 622//622 613//613 351//351
f 351//351 613//613 349//349
f 27//27 29//29 623//623
f 623//623 29//29 614//614
f 623//623 614//614 624//624
f 624//624 614//614 615//615
f 624//624 615//615 625//625
f 625//625 615//615 616//616
f 625//625 616//616 626//626
f 626//626 616//616 617//617
f 626//626 617//617 627//627
f 627//627 617//617 618//618
f 627//627 618//618 628//628
f 628//628 618//618 619//619
f 628//628 619//619 629//629
f 629//629 619//619 620//620
f 629//629 620//620 630//630
f 630//630 620//620 621//621
f 630//630 621//621 631//631
f 631//631 621//621 622//622
f 631//631 622//622 353//353
f 353//353 622//622 351//351
f 25//25 27//27 632//632
f 632//632 27//27 623//623
f 632//632 623//623 633//633
f 633//633 623//623 624//624
f 633//633 624//624 634//634
f 634//634 624//624 625//625
f 634//634 625//625 635//635
f 635//635 625//625 626//626
f 635//635 626//626 636//636
f 636//636 626//626 627//627
f 636//636 627//627 637//637
f 637//637 627//627 628//628
f 637//637 628//628 638//638
f 638//638 628//628 629//629
f 638//638 629//629 639//639
f 639//639 629//629 630//630
f 639//639 630//630 640//640
f 640//640 630//630 631//631
f 640//640 631//631 355//355
f 355//355 631//631 353//353
f 23//23 25//25 641//641
f 641//641 25//25 632//632
f 641//641 632//632 642//642
f 642//642 632//632 633//633
f 642//642 633//633 643//643
f 643//643 633//633 634//634
f 643//643 634//634 644//644
f 644//644 634//634 635//635
f 644//644 635//635 645//645
f 645//645 635//635 636//636
f 645//645 636//636 646//646
f 646//646 636//636 637//637
f 646//646 637//637 647//647
f 647//647 637//637 638//638
f 647//647 638//638 648//648
f 648//648 638//638 639//639
f 648//648 639//639 649//649
f 649//649 639//639 640//640
f 649//649 640//640 357//357
f 357//357 640//640 355//355
f 21//21 23//23 650//650
f 650//650 23//23 641//641
f 650//650 641//641 651//651
f 651//651 641//641 642//642
f 651//651 642//642 652//652
f 652//652 642//642 643//643
f 652//652 643//643 653//653
f 653//653 643//643 644//644
f 653//653 644//644 654//654
f 654//654 644//644 645//645
f 654//654 645//645 655//655
f 655//655 645//645 646//646
f 655//655 646//646 656//656
f 656//656 646//646 647//647
f 656//656 647//647 657//657
f 657//657 647//647 648//648
f 657//657 648//648 658//658
f 658//658 648//648 649//649
f 658//658 649//649 359//359
f 359//359 649//649 357//357
f 19//19 21//21 659//659
f 659//659 21//21 650//650
f 659//659 650//650 660//660
f 660//660 650//650 651//651
f 660//660 651//651 661//661
f 661//661 651//651 652//652
f 661//661 652//652 662//662
f 662//662 652//652 653//653
f 662//662 653//653 663//663
f 663//663 653//653 654//654
f 663//663 654//654 664//664
f 664//664 654//654 655//655
f 664//664 655//655 665//665
f 665//665 655//655 656//656
f 665//665 656//656 666//666
f 666//666 656//656 657//657
f 666//666 657//657 667//667
f 667//667 657//657 658//658
f 667//667 658//658 361//361
f 361//361 658//658 359//359
f 17//17 19//19 668//668
f 668//668 19//19 659//659
f 668//668 659//659 669//669
f 669//669 659//659 660//660
f 669//669 660//660 670//670
f 670//670 660//660 661//661
f 670//670 661//661 671//671
f 671//671 661//661 662//662
f 671//671 662//662 672//672
f 672//672 662//662 663//663
f 672//672 663//663 673//673
f 673//673 663//663 664//664
f 673//673 664//664 674//674
f 674//674 664//664 665//665
f 674//674 665//665 675//675
f 675//675 665//665 666//666
f 675//675 666//666 676//676
f 676//676 666//666 667//667
f 676//676 667//667 364//364
f 364//364 667//667 361//361
f 384//384 13//13 15//15
f 15//15 17//17 677//677
f 677//677 17//17 668//668
f 677//677 668//668 678//678
f 678//678 668//668 669//669
f 678//678 669//669 679//679
f 679//679 669//669 670//670
f 679//679 670//670 680//680
f 680//680 670//670 671//671
f 680//680 671//671 681//681
f 681//681 671//671 672//672
f 681//681 672//672 682//682
f 682//682 672//672 673//673
f 682//682 673//673 683//683
f 683//683 673//673 674//674
f 683//683 674//674 684//684
f 684//684 674//674 675//675
f 684//684 675//675 685//685
f 685//685 675//675 676//676
f 685//685 676//676 366//366
f 366//366 676//676 364//364
f 6//6 4//4 686//686
f 686//686 4//4 2//2
f 686//686 2//2 395//395
f 395//395 2//2 394//394
f 8//8 6//6 687//687
f 687//687 6//6 686//686
f 687//687 686//686 396//396
f 396//396 686//686 395//395
f 10//10 8//8 688//688
f 688//688 8//8 687//687
f 688//688 687//687 397//397
f 397//397 687//687 396//396
f 12//12 10//10 689//689
f 689//689 10//10 688//688
f 689//689 688//688 398//398
f 398//398 688//688 397//397
f 14//14 12//12 690//690
f 690//690 12//12 689//689
f 690//690 689//689 399//399
f 399//399 689//689 398//398
f 16//16 14//14 691//691
f 691//691 14//14 690//690
f 691//691 690//690 400//400
f 400//400 690//690 399//399
f 18//18 16//16 692//692
f 692//692 16//16 691//691
f 692//692 691//691 401//401
f 401//401 691//691 400//400
f 20//20 18//18 693//693
f 693//693 18//18 692//692
f 693//693 692//692 402//402
f 402//402 692//692 401//401
f 22//22 20//20 694//694
f 694//694 20//20 693//693
f 694//694 693//693 403//403
f 403//403 693//693 402//402
f 24//24 22//22 695//695
f 695//695 22//22 694//694
f 695//695 694//694 404//404
f 404//404 694//694 403//403
f 26//26 24//24 696//696
f 696//696 24//24 695//695
f 696//696 695//695 405//405
f 405//405 695//695 404//404
f 28//28 26//26 697//697
f 697//697 26//26 696//696
f 697//697 696//696 406//406
f 406//406 696//696 405//405
f 30//30 28//28 698//698
f 698//698 28//28 697//697
f 698//698 697//697 407//407
f 407//407 697//697 406//406
f 32//32 30//30 699//699
f 699//699 30//30 698//698
f 699//699 698//698 408//408
f 408//408 698//698 407//407
f 34//34 32//32 700//700
f 700//700 32//32 699//699
f 700//700 699//699 409//409
f 409//409 699//699 408//408
f 36//36 34//34 701//701
f 701//701 34//34 700//700
f 701//701 700//700 410//410
f 410//410 700//700 409//409
f 38//38 36//36 702//702
f 702//702 36//36 701//701
f 702//702 701//701 411//411
f 411//411 701//701 410//410
f 40//40 38//38 703//703
f 703//703 38//38 702//702
f 703//703 702//702 412//412
f 412//412 702//702 411//411
f 42//42 40//40 704//704
f 704//704 40//40 703//703
f 704//704 703//703 413//413
f 413//413 703//703 412//412
f 44//44 42//42 705//705
f 705//705 42//42 704//704
f 705//705 704//704 414//414
f 414//414 704//704 413//413
f 46//46 44//44 706//706
f 706//706 44//44 705//705
f 706//706 705//705 415//415
f 415//415 705//705 414//414
f 48//48 46//46 707//707
f 707//707 46//46 706//706
f 707//707 706//706 416//416
f 416//416 706//706 415//415
f 50//50 48//48 708//708
f 708//708 48//48 707//707
f 708//708 707//707 417//417
f 417//417 707//707 416//416
f 52//52 50//50 709//709
f 709//709 50//50 708//708
f 709//709 708//708 418//418
f 418//418 708//708 417//417
f 54//54 52//52 710//710
f 710//710 52//52 709//709
f 710//710 709//709 419//419
f 419//419 709//709 418//418
f 56//56 54//54 711//711
f 711//711 54//54 710//710
f 711//711 710//710 420//420
f 420//420 710//710 419//419
f 58//58 56//56 712//712
f 712//712 56//56 711//711
f 712//712 711//711 421//421
f 421//421 711//711 420//420
f 60//60 58//58 713//713
f 713//713 58//58 712//712
f 713//713 712//712 422//422
f 422//422 712//712 421//421
f 62//62 60//60 714//714
f 714//714 60//60 713//713
f 714//714 713//713 423//423
f 423//423 713//713 422//422
f 64//64 62//62 715//715
f 715//715 62//62 714//714
f 715//715 714//714 424//424
f 424//424 714//714 423//423
f 66//66 64//64 716//716
f 716//716 64//64 715//715
f 716//716 715//715 425//425
f 425//425 715//715 424//424
f 68//68 66//66 717//717
f 717//717 66//66 716//716
f 717//717 716//716 426//426
f 426//426 716//716 425//425
f 70//70 68//68 718//718
f 718//718 68//68 717//717
f 718//718 717//717 427//427
f 427//427 717//717 426//426
f 72//72 70//70 719//719
f 719//719 70//70 718//718
f 719//719 718//718 428//428
f 428//428 718//718 427//427
f 74//74 72//72 720//720
f 720//720 72//72 719//719
f 720//720 719//719 429//429
f 429//429 719//719 428//428
f 1//1 394//394 2//2
f 106//106 199//199 108//108
f 108//108 199//199 721//721
f 108//108 721//721 110//110
f 110//110 721//721 722//722
f 110//110 722//722 112//112
f 112//112 722//722 723//723
f 112//112 723//723 114//114
f 114//114 723//723 724//724
f 114//114 724//724 116//116
f 116//116 724//724 725//725
f 116//116 725//725 118//118
f 118//118 725//725 726//726
f 118//118 726//726 120//120
f 120//120 726//726 727//727
f 120//120 727//727 122//122
f 122//122 727//727 728//728
f 122//122 728//728 124//124
f 124//124 728//728 729//729
f 124//124 729//729 126//126
f 126//126 729//729 730//730
f 126//126 730//730 128//128
f 128//128 730//730 731//731
f 128//128 731//731 130//130
f 130//130 731//731 732//732
f 130//130 732//732 132//132
f 132//132 732//732 733//733
f 132//132 733//733 134//134
f 134//134 733//733 734//734
f 134//134 734//734 136//136
f 136//136 734//734 232//232
f 136//136 232//232 138//138
f 142//142 140//140 735//735
f 735//735 140//140 233//233
f 735//735 233//233 736//736
f 736//736 233//233 231//231
f 736//736 231//231 737//737
f 737//737 231//231 738//738
f 737//737 738//738 739//739
f 739//739 738//738 740//740
f 739//739 740//740 741//741
f 741//741 740//740 742//742
f 741//741 742//742 238//238
f 238//238 742//742 236//236
f 144//144 142//142 743//743
f 743//743 142//142 735//735
f 743//743 735//735 744//744
f 744//744 735//735 736//736
f 744//744 736//736 745//745
f 745//745 736//736 737//737
f 745//745 737//737 746//746
f 746//746 737//737 739//739
f 746//746 739//739 747//747
f 747//747 739//739 741//741
f 747//747 741//741 240//240
f 240//240 741//741 238//238
f 146//146 144//144 748//748
f 748//748 144//144 743//743
f 748//748 743//743 749//749
f 749//749 743//743 744//744
f 749//749 744//744 750//750
f 750//750 744//744 745//745
f 750//750 745//745 751//751
f 751//751 745//745 746//746
f 751//751 746//746 752//752
f 752//752 746//746 747//747
f 752//752 747//747 243//243
f 243//243 747//747 240//240
f 148//148 146//146 753//753
f 753//753 146//146 748//748
f 753//753 748//748 754//754
f 754//754 748//748 749//749
f 754//754 749//749 755//755
f 755//755 749//749 750//750
f 755//755 750//750 756//756
f 756//756 750//750 751//751
f 756//756 751//751 757//757
f 757//757 751//751 752//752
f 757//757 752//752 245//245
f 245//245 752//752 243//243
f 150//150 148//148 758//758
f 758//758 148//148 753//753
f 758//758 753//753 759//759
f 759//759 753//753 754//754
f 759//759 754//754 760//760
f 760//760 754//754 755//755
f 760//760 755//755 761//761
f 761//761 755//755 756//756
f 761//761 756//756 762//762
f 762//762 756//756 757//757
f 762//762 757//757 247//247
f 247//247 757//757 245//245
f 152//152 150//150 763//763
f 763//763 150//150 758//758
f 763//763 758//758 764//764
f 764//764 758//758 759//759
f 764//764 759//759 765//765
f 765//765 759//759 760//760
f 765//765 760//760 766//766
f 766//766 760//760 761//761
f 766//766 761//761 767//767
f 767//767 761//761 762//762
f 767//767 762//762 249//249
f 249//249 762//762 247//247
f 154//154 152//152 768//768
f 768//768 152//152 763//763
f 768//768 763//763 769//769
f 769//769 763//763 764//764
f 769//769 764//764 770//770
f 770//770 764//764 765//765
f 770//770 765//765 771//771
f 771//771 765//765 766//766
f 771//771 766//766 772//772
f 772//772 766//766 767//767
f 772//772 767//767 251//251
f 251//251 767//767 249//249
f 156//156 154//154 773//773
f 773//773 154//154 768//768
f 773//773 768//768 774//774
f 774//774 768//768 769//769
f 774//774 769//769 775//775
f 775//775 769//769 770//770
f 775//775 770//770 776//776
f 776//776 770//770 771//771
f 776//776 771//771 777//777
f 777//777 771//771 772//772
f 777//777 772//772 253//253
f 253//253 772//772 251//251
f 158//158 156//156 778//778
f 778//778 156//156 773//773
f 778//778 773//773 779//779
f 779//779 773//773 774//774
f 779//779 774//774 780//780
f 780//780 774//774 775//775
f 780//780 775//775 781//781
f 781//781 775//775 776//776
f 781//781 776//776 782//782
f 782//782 776//776 777//777
f 782//782 777//777 255//255
f 255//255 777//777 253//253
f 160//160 158//158 783//783
f 783//783 158//158 778//778
f 783//783 778//778 784//784
f 784//784 778//778 779//779
f 784//784 779//779 785//785
f 785//785 779//779 780//780
f 785//785 780//780 786//786
f 786//786 780//780 781//781
f 786//786 781//781 787//787
f 787//787 781//781 782//782
f 787//787 782//782 257//257
f 257//257 782//782 255//255
f 162//162 160//160 788//788
f 788//788 160//160 783//783
f 788//788 783//783 789//789
f 789//789 783//783 784//784
f 789//789 784//784 790//790
f 790//790 784//784 785//785
f 790//790 785//785 791//791
f 791//791 785//785 786//786
f 791//791 786//786 792//792
f 792//792 786//786 787//787
f 792//792 787//787 259//259
f 259//259 787//787 257//257
f 164//164 162//162 793//793
f 793//793 162//162 788//788
f 793//793 788//788 794//794
f 794//794 788//788 789//789
f 794//794 789//789 795//795
f 795//795 789//789 790//790
f 795//795 790//790 796//796
f 796//796 790//790 791//791
f 796//796 791//791 797//797
f 797//797 791//791 792//792
f 797//797 792//792 261//261
f 261//261 792//792 259//259
f 166//166 164//164 798//798
f 798//798 164//164 793//793
f 798//798 793//793 799//799
f 799//799 793//793 794//794
f 799//799 794//794 800//800
f 800//800 794//794 795//795
f 800//800 795//795 801//801
f 801//801 795//795 796//796
f 801//801 796//796 802//802
f 802//802 796//796 797//797
f 802//802 797//797 263//263
f 263//263 797//797 261//261
f 277//277 170//170 168//168
f 168//168 166//166 803//803
f 803//803 166//166 798//798
f 803//803 798//798 804//804
f 804//804 798//798 799//799
f 804//804 799//799 805//805
f 805//805 799//799 800//800
f 805//805 800//800 806//806
f 806//806 800//800 801//801
f 806//806 801//801 807//807
f 807//807 801//801 802//802
f 807//807 802//802 265//265
f 265//265 802//802 263//263
f 282//282 274//274 272//272
f 273//273 805//805 271//271
f 271//271 805//805 806//806
f 271//271 806//806 269//269
f 269//269 806//806 807//807
f 269//269 807//807 267//267
f 267//267 807//807 265//265
f 805//805 273//273 804//804
f 804//804 273//273 275//275
f 804//804 275//275 803//803
f 803//803 275//275 277//277
f 803//803 277//277 168//168
f 738//738 229//229 740//740
f 740//740 229//229 227//227
f 740//740 227//227 742//742
f 742//742 227//227 225//225
f 742//742 225//225 236//236
f 236//236 225//225 223//223
f 229//229 738//738 231//231
f 228//228 808//808 226//226
f 226//226 808//808 809//809
f 226//226 809//809 224//224
f 224//224 809//809 810//810
f 224//224 810//810 222//222
f 222//222 810//810 220//220
f 808//808 811//811 809//809
f 809//809 811//811 812//812
f 809//809 812//812 810//810
f 810//810 812//812 813//813
f 810//810 813//813 220//220
f 220//220 813//813 218//218
f 808//808 228//228 814//814
f 814//814 228//228 230//230
f 814//814 230//230 734//734
f 734//734 230//230 232//232
f 811//811 815//815 812//812
f 812//812 815//815 816//816
f 812//812 816//816 813//813
f 813//813 816//816 817//817
f 813//813 817//817 218//218
f 218//218 817//817 216//216
f 811//811 808//808 818//818
f 818//818 808//808 814//814
f 818//818 814//814 733//733
f 733//733 814//814 734//734
f 815//815 819//819 816//816
f 816//816 819//819 820//820
f 816//816 820//820 817//817
f 817//817 820//820 821//821
f 817//817 821//821 216//216
f 216//216 821//821 214//214
f 815//815 811//811 822//822
f 822//822 811//811 818//818
f 822//822 818//818 732//732
f 732//732 818//818 733//733
f 819//819 823//823 820//820
f 820//820 823//823 824//824
f 820//820 824//824 821//821
f 821//821 824//824 825//825
f 821//821 825//825 214//214
f 214//214 825//825 212//212
f 819//819 815//815 826//826
f 826//826 815//815 822//822
f 826//826 822//822 731//731
f 731//731 822//822 732//732
f 823//823 827//827 824//824
f 824//824 827//827 828//828
f 824//824 828//828 825//825
f 825//825 828//828 829//829
f 825//825 829//829 212//212
f 212//212 829//829 210//210
f 823//823 819//819 830//830
f 830//830 819//819 826//826
f 830//830 826//826 730//730
f 730//730 826//826 731//731
f 827//827 831//831 828//828
f 828//828 831//831 832//832
f 828//828 832//832 829//829
f 829//829 832//832 833//833
f 829//829 833//833 210//210
f 210//210 833//833 208//208
f 827//827 823//823 834//834
f 834//834 823//823 830//830
f 834//834 830//830 729//729
f 729//729 830//830 730//730
f 831//831 835//835 832//832
f 832//832 835//835 836//836
f 832//832 836//836 833//833
f 833//833 836//836 837//837
f 833//833 837//837 208//208
f 208//208 837//837 205//205
f 831//831 827//827 838//838
f 838//838 827//827 834//834
f 838//838 834//834 728//728
f 728//728 834//834 729//729
f 835//835 839//839 836//836
f 836//836 839//839 840//840
f 836//836 840//840 837//837
f 837//837 840//840 841//841
f 837//837 841//841 205//205
f 205//205 841//841 202//202
f 835//835 831//831 842//842
f 842//842 831//831 838//838
f 842//842 838//838 727//727
f 727//727 838//838 728//728
f 839//839 843//843 840//840
f 840//840 843//843 844//844
f 840//840 844//844 841//841
f 841//841 844//844 845//845
f 841//841 845//845 202//202
f 202//202 845//845 200//200
f 839//839 835//835 846//846
f 846//846 835//835 842//842
f 846//846 842//842 726//726
f 726//726 842//842 727//727
f 843//843 847//847 844//844
f 844//844 847//847 848//848
f 844//844 848//848 845//845
f 845//845 848//848 195//195
f 845//845 195//195 200//200
f 200//200 195//195 194//194
f 843//843 839//839 849//849
f 849//849 839//839 846//846
f 849//849 846//846 725//725
f 725//725 846//846 726//726
f 847//847 850//850 848//848
f 848//848 850//850 196//196
f 848//848 196//196 195//195
f 847//847 843//843 851//851
f 851//851 843//843 849//849
f 851//851 849//849 724//724
f 724//724 849//849 725//725
f 196//196 850//850 197//197
f 197//197 850//850 852//852
f 197//197 852//852 198//198
f 198//198 852//852 721//721
f 198//198 721//721 199//199
f 850//850 847//847 853//853
f 853//853 847//847 851//851
f 853//853 851//851 723//723
f 723//723 851//851 724//724
f 280//280 282//282 272//272
f 723//723 722//722 853//853
f 853//853 722//722 852//852
f 853//853 852//852 850//850
f 722//722 721//721 852//852
f 382//382 384//384 677//677
f 677//677 384//384 15//15
f 382//382 677//677 678//678
f 3//3 435//435 854//854
f 854//854 435//435 436//436
f 854//854 436//436 855//855
f 855//855 436//436 437//437
f 855//855 437//437 856//856
f 856//856 437//437 383//383
f 856//856 383//383 381//381
f 377//377 375//375 392//392
f 440//440 442//442 391//391
f 391//391 442//442 392//392
f 442//442 377//377 392//392
f 374//374 682//682 372//372
f 372//372 682//682 683//683
f 372//372 683//683 370//370
f 370//370 683//683 684//684
f 370//370 684//684 368//368
f 368//368 684//684 685//685
f 368//368 685//685 366//366
f 682//682 374//374 681//681
f 681//681 374//374 376//376
f 681//681 376//376 680//680
f 680//680 376//376 378//378
f 680//680 378//378 679//679
f 679//679 378//378 380//380
f 679//679 380//380 678//678
f 678//678 380//380 382//382
f 88//88 857//857 858//858
f 858//858 857//857 295//295
f 858//858 295//295 297//297
f 295//295 857//857 293//293
f 293//293 857//857 859//859
f 293//293 859//859 291//291
f 291//291 859//859 860//860
f 291//291 860//860 289//289
f 289//289 860//860 287//287
f 859//859 857//857 86//86
f 86//86 857//857 88//88
f 310//310 294//294 292//292
f 292//292 306//306 310//310
f 310//310 306//306 305//305
f 310//310 305//305 304//304
f 88//88 858//858 90//90
f 90//90 858//858 861//861
f 90//90 861//861 92//92
f 92//92 861//861 862//862
f 92//92 862//862 94//94
f 94//94 862//862 318//318
f 94//94 318//318 96//96
f 861//861 858//858 297//297
f 389//389 388//388 393//393
f 393//393 373//373 389//389
f 862//862 861//861 299//299
f 299//299 861//861 297//297
f 296//296 311//311 863//863
f 863//863 311//311 314//314
f 863//863 314//314 313//313
f 308//308 307//307 309//309
f 296//296 863//863 298//298
f 298//298 863//863 315//315
f 298//298 315//315 300//300
f 315//315 863//863 313//313
f 318//318 862//862 301//301
f 301//301 862//862 299//299
f 720//720 429//429 430//430
f 74//74 720//720 431//431
f 431//431 720//720 430//430
f 3//3 854//854 438//438
f 438//438 854//854 855//855
f 438//438 855//855 439//439
f 439//439 855//855 856//856
f 439//439 856//856 441//441
f 441//441 856//856 381//381
f 441//441 381//381 379//379
f 84//84 82//82 860//860
f 860//860 82//82 287//287
f 86//86 84//84 859//859
f 859//859 84//84 860//860
f 391//391 390//390 440//440
f 864//864 867//867 869//869
f 868//868 865//865 870//870
f 871//871 866//866 872//872
f 872//872 866//866 873//873
f 872//872 873//873 874//874
f 875//875 876//876 877//877
f 877//877 876//876 878//878
f 879//879 880//880 881//881
f 881//881 880//880 882//882
f 881//881 882//882 883//883
f 884//884 887//887 889//889
f 888//888 886//886 891//891
f 890//890 885//885 892//892
f 890//890 892//892 893//893
f 893//893 892//892 894//894
f 895//895 898//898 899//899
f 900//900 896//896 902//902
f 903//903 897//897 906//906
f 901//901 904//904 907//907
f 908//908 905//905 909//909
f 910//910 911//911 912//912
f 912//912 911//911 913//913
f 914//914 915//915 916//916
f 916//916 915//915 917//917
f 916//916 917//917 918//918
f 918//918 917//917 919//919
f 918//918 919//919 920//920
f 920//920 919//919 921//921
f 921//921 919//919 922//922
f 921//921 922//922 923//923
f 923//923 922//922 924//924
f 923//923 924//924 925//925
f 925//925 924//924 926//926
f 926//926 924//924 927//927
f 926//926 927//927 928//928
f 928//928 927//927 929//929
f 929//929 927//927 930//930
f 929//929 930//930 931//931
f 931//931 930//930 932//932
f 931//931 932//932 933//933
f 933//933 932//932 934//934
f 933//933 934//934 935//935
f 935//935 934//934 936//936
f 936//936 934//934 937//937
f 936//936 937//937 938//938
f 938//938 937//937 939//939
f 939//939 937//937 940//940
f 939//939 940//940 941//941
f 941//941 940//940 942//942
f 942//942 940//940 943//943
f 942//942 943//943 944//944
f 944//944 943//943 945//945
f 945//945 943//943 946//946
f 945//945 946//946 947//947
f 947//947 946//946 948//948
f 948//948 946//946 949//949
f 948//948 949//949 950//950
f 950//950 949//949 951//951
f 951//951 949//949 952//952
f 951//951 952//952 953//953
f 953//953 952//952 954//954
f 953//953 954//954 955//955
f 955//955 954//954 956//956
f 956//956 954//954 957//957
f 956//956 957//957 958//958
f 958//958 957//957 959//959
f 958//958 959//959 960//960
f 960//960 959//959 961//961
f 961//961 959//959 962//962
f 961//961 962//962 963//963
f 963//963 962//962 964//964
f 963//963 964//964 965//965
f 965//965 964//964 966//966
f 966//966 964//964 967//967
f 966//966 967//967 968//968
f 969//969 970//970 971//971
f 971//971 970//970 972//972
f 971//971 972//972 973//973
f 973//973 972//972 975//975
f 975//975 972//972 977//977
f 974//974 976//976 978//978
f 979//979 977//977 981//981
f 980//980 976//976 983//983
f 981//981 982//982 984//984
f 984//984 982//982 985//985
f 985//985 982//982 986//986
f 985//985 986//986 987//987
f 987//987 986//986 988//988
f 987//987 988//988 989//989
f 989//989 988//988 990//990
f 989//989 990//990 991//991
f 991//991 990//990 992//992
f 991//991 992//992 993//993
f 993//993 992//992 994//994
f 993//993 994//994 995//995
f 995//995 994//994 996//996
f 995//995 996//996 997//997
f 997//997 996//996 998//998
f 997//997 998//998 999//999
f 999//999 998//998 1000//1000
f 999//999 1000//1000 1001//1001
f 970//970 969//969 1002//1002
f 1002//1002 969//969 1003//1003
f 1002//1002 1003//1003 1004//1004
f 1002//1002 1004//1004 1005//1005
f 1005//1005 1004//1004 1006//1006
f 1005//1005 1006//1006 1007//1007
f 1005//1005 1007//1007 1008//1008
f 1008//1008 1007//1007 1009//1009
f 1008//1008 1009//1009 1010//1010
f 1010//1010 1009//1009 1011//1011
f 1010//1010 1011//1011 1012//1012
f 1012//1012 1011//1011 1013//1013
f 1012//1012 1013//1013 1014//1014
f 1014//1014 1013//1013 1015//1015
f 1014//1014 1015//1015 1016//1016
f 1016//1016 1015//1015 1017//1017
f 1016//1016 1017//1017 1018//1018
f 1018//1018 1017//1017 1019//1019
f 1018//1018 1019//1019 1020//1020
f 1020//1020 1019//1019 1021//1021
f 1020//1020 1021//1021 1022//1022
f 1022//1022 1021//1021 1023//1023
f 1023//1023 1021//1021 1024//1024
f 1023//1023 1024//1024 1025//1025
f 1025//1025 1024//1024 1026//1026
f 1025//1025 1026//1026 1027//1027
f 1027//1027 1026//1026 1028//1028
f 1027//1027 1028//1028 1029//1029
f 1029//1029 1028//1028 1030//1030
f 1029//1029 1030//1030 1031//1031
f 1031//1031 1030//1030 1032//1032
f 1031//1031 1032//1032 1033//1033
f 1033//1033 1032//1032 1034//1034
f 1033//1033 1034//1034 1035//1035
f 1035//1035 1034//1034 1036//1036
f 1035//1035 1036//1036 1037//1037
f 1037//1037 1036//1036 1038//1038
f 1037//1037 1038//1038 1039//1039
f 1037//1037 1039//1039 1040//1040
f 1040//1040 1039//1039 1041//1041
f 1040//1040 1041//1041 1042//1042
f 1040//1040 1042//1042 1043//1043
f 1043//1043 1042//1042 1044//1044
f 1043//1043 1044//1044 1045//1045
f 1045//1045 1044//1044 1046//1046
f 1045//1045 1046//1046 1047//1047
f 1045//1045 1047//1047 1050//1050
f 1049//1049 1048//1048 1052//1052
f 1050//1050 1051//1051 1053//1053
f 1050//1050 1053//1053 1054//1054
f 1054//1054 1053//1053 1056//1056
f 1054//1054 1056//1056 1058//1058
f 1055//1055 1057//1057 1060//1060
f 1059//1059 1058//1058 1061//1061
f 1059//1059 1061//1061 1062//1062
f 1062//1062 1061//1061 1063//1063
f 1062//1062 1063//1063 1064//1064
f 1064//1064 1063//1063 1065//1065
f 1064//1064 1065//1065 1066//1066
f 1066//1066 1065//1065 1067//1067
f 1066//1066 1067//1067 1068//1068
f 1068//1068 1067//1067 1069//1069
f 1068//1068 1069//1069 1070//1070
f 1070//1070 1069//1069 1071//1071
f 1070//1070 1071//1071 1001//1001
f 1001//1001 1071//1071 999//999
f 1072//1072 1073//1073 1074//1074
f 1074//1074 1073//1073 1075//1075
f 1076//1076 1077//1077 1078//1078
f 1078//1078 1077//1077 1079//1079
f 1080//1080 1081//1081 1082//1082
f 1082//1082 1081//1081 1083//1083
f 1084//1084 1085//1085 1086//1086
f 1086//1086 1085//1085 1087//1087
f 1086//1086 1087//1087 1088//1088
f 1088//1088 1087//1087 1089//1089
f 1088//1088 1089//1089 1090//1090
f 1090//1090 1089//1089 1091//1091
f 1090//1090 1091//1091 1092//1092
f 1092//1092 1091//1091 1093//1093
f 1092//1092 1093//1093 1094//1094
f 1094//1094 1093//1093 1095//1095
f 1094//1094 1095//1095 1096//1096
f 1096//1096 1095//1095 1097//1097
f 1096//1096 1097//1097 1098//1098
f 1098//1098 1097//1097 1099//1099
f 1098//1098 1099//1099 1100//1100
f 1100//1100 1099//1099 1101//1101
f 1100//1100 1101//1101 1102//1102
f 1102//1102 1101//1101 1103//1103
f 1102//1102 1103//1103 1104//1104
f 1104//1104 1103//1103 1105//1105
f 1104//1104 1105//1105 1106//1106
f 1106//1106 1105//1105 1107//1107
f 1106//1106 1107//1107 1108//1108
f 1108//1108 1107//1107 1109//1109
f 1108//1108 1109//1109 1110//1110
f 1110//1110 1109//1109 1111//1111
f 1110//1110 1111//1111 1112//1112
f 1112//1112 1111//1111 1113//1113
f 1112//1112 1113//1113 1114//1114
f 1114//1114 1113//1113 1115//1115
f 1114//1114 1115//1115 1116//1116
f 1116//1116 1115//1115 1117//1117
f 1116//1116 1117//1117 1118//1118
f 1118//1118 1117//1117 1119//1119
f 1120//1120 1121//1121 1122//1122
f 1122//1122 1121//1121 1123//1123
f 1124//1124 1125//1125 1126//1126
f 1126//1126 1125//1125 1127//1127
f 1127//1127 1125//1125 1128//1128
f 1127//1127 1128//1128 1129//1129
f 1129//1129 1128//1128 1130//1130
f 1129//1129 1130//1130 1131//1131
f 1132//1132 1133//1133 1134//1134
f 1134//1134 1133//1133 1135//1135
f 1134//1134 1135//1135 1136//1136
f 1136//1136 1135//1135 1137//1137
f 1136//1136 1137//1137 1138//1138
f 1138//1138 1137//1137 1139//1139
f 1139//1139 1137//1137 1140//1140
f 1140//1140 1137//1137 1141//1141
f 1140//1140 1141//1141 1142//1142
f 1142//1142 1141//1141 1143//1143
f 1142//1142 1143//1143 1144//1144
f 1144//1144 1143//1143 1145//1145
f 1144//1144 1145//1145 1146//1146
f 1146//1146 1145//1145 1147//1147
f 1146//1146 1147//1147 1148//1148
f 1148//1148 1147//1147 1149//1149
f 1148//1148 1149//1149 1150//1150
f 1135//1135 1133//1133 1151//1151
f 1151//1151 1133//1133 1152//1152
f 1151//1151 1152//1152 1153//1153
f 1153//1153 1152//1152 1154//1154
f 1153//1153 1154//1154 1155//1155
f 1155//1155 1156//1156 1153//1153
f 1153//1153 1156//1156 1145//1145
f 1153//1153 1145//1145 1143//1143
f 1156//1156 1147//1147 1145//1145
f 1148//1148 1157//1157 1146//1146
f 1146//1146 1157//1157 1158//1158
f 1146//1146 1158//1158 1159//1159
f 1146//1146 1159//1159 1160//1160
f 1160//1160 1159//1159 1161//1161
f 1160//1160 1161//1161 1162//1162
f 1163//1163 1164//1164 1162//1162
f 1162//1162 1164//1164 1165//1165
f 1162//1162 1165//1165 1160//1160
f 1160//1160 1165//1165 1166//1166
f 1160//1160 1166//1166 1167//1167
f 1167//1167 1166//1166 1168//1168
f 1167//1167 1168//1168 1169//1169
f 1167//1167 1169//1169 1170//1170
f 1170//1170 1169//1169 1171//1171
f 1170//1170 1171//1171 1144//1144
f 1144//1144 1171//1171 1142//1142
f 1142//1142 1172//1172 1140//1140
f 1167//1167 1170//1170 1160//1160
f 1160//1160 1170//1170 1146//1146
f 1170//1170 1144//1144 1146//1146
f 1137//1137 1135//1135 1151//1151
f 1143//1143 1141//1141 1153//1153
f 1153//1153 1141//1141 1151//1151
f 1141//1141 1137//1137 1151//1151
f 1173//1173 1174//1174 1175//1175
f 1175//1175 1174//1174 1176//1176
f 1175//1175 1176//1176 1177//1177
f 1177//1177 1176//1176 1178//1178
f 1178//1178 1176//1176 1179//1179
f 1178//1178 1179//1179 1180//1180
f 1180//1180 1179//1179 1181//1181
f 1181//1181 1179//1179 1182//1182
f 1181//1181 1182//1182 1183//1183
f 1174//1174 1184//1184 1176//1176
f 1176//1176 1184//1184 1179//1179
f 1184//1184 1185//1185 1179//1179
f 1179//1179 1185//1185 1186//1186
f 1179//1179 1186//1186 1187//1187
f 1187//1187 1188//1188 1179//1179
f 1179//1179 1188//1188 1189//1189
f 1179//1179 1189//1189 1182//1182
f 1188//1188 1190//1190 1189//1189
f 1189//1189 1190//1190 1191//1191
f 1189//1189 1191//1191 1192//1192
f 1192//1192 1193//1193 1189//1189
f 1189//1189 1193//1193 1194//1194
f 1189//1189 1194//1194 1195//1195
f 1177//1177 1196//1196 1175//1175
f 1197//1197 1198//1198 1201//1201
f 1200//1200 1199//1199 1202//1202
f 1203//1203 1204//1204 1205//1205
f 1205//1205 1204//1204 1206//1206
f 1207//1207 1208//1208 1209//1209
f 1209//1209 1208//1208 1210//1210
f 1210//1210 1208//1208 1211//1211
f 1211//1211 1208//1208 1212//1212
f 1211//1211 1212//1212 1213//1213
f 1213//1213 1212//1212 1214//1214
f 1214//1214 1212//1212 1215//1215
f 1216//1216 1217//1217 1218//1218
f 1218//1218 1217//1217 1219//1219
f 1220//1220 1223//1223 1225//1225
f 1224//1224 1222//1222 1226//1226
f 1227//1227 1221//1221 1228//1228
f 1228//1228 1221//1221 1231//1231
f 1229//1229 1230//1230 1232//1232
f 1233//1233 1234//1234 1235//1235
f 1235//1235 1234//1234 1236//1236
f 1236//1236 1234//1234 1237//1237
f 1236//1236 1237//1237 1238//1238
f 1238//1238 1237//1237 1239//1239
f 1238//1238 1239//1239 1240//1240
f 1241//1241 1242//1242 1243//1243
f 1243//1243 1242//1242 1244//1244
f 1243//1243 1244//1244 1245//1245
f 1245//1245 1244//1244 1246//1246
f 1246//1246 1244//1244 1247//1247
f 1246//1246 1247//1247 1248//1248
f 1248//1248 1247//1247 1249//1249
f 1249//1249 1247//1247 1250//1250
f 1249//1249 1250//1250 1251//1251
f 1251//1251 1250//1250 1252//1252
f 1252//1252 1250//1250 1253//1253
f 1253//1253 1250//1250 1254//1254
f 1242//1242 1255//1255 1244//1244
f 1244//1244 1255//1255 1247//1247
f 1255//1255 1256//1256 1247//1247
f 1247//1247 1256//1256 1257//1257
f 1247//1247 1257//1257 1258//1258
f 1258//1258 1259//1259 1247//1247
f 1247//1247 1259//1259 1260//1260
f 1247//1247 1260//1260 1261//1261
f 1261//1261 1260//1260 1262//1262
f 1261//1261 1262//1262 1263//1263
f 1263//1263 1264//1264 1261//1261
f 1261//1261 1264//1264 1265//1265
f 1261//1261 1265//1265 1266//1266
f 1261//1261 1250//1250 1247//1247
f 1245//1245 1267//1267 1243//1243
f 1268//1268 1269//1269 1270//1270
f 1270//1270 1269//1269 1271//1271
f 1270//1270 1271//1271 1272//1272
f 1272//1272 1271//1271 1273//1273
f 1272//1272 1273//1273 1274//1274
f 1274//1274 1273//1273 1275//1275
f 1275//1275 1273//1273 1276//1276
f 1276//1276 1273//1273 1277//1277
f 1276//1276 1277//1277 1278//1278
f 1278//1278 1277//1277 1279//1279
f 1278//1278 1279//1279 1280//1280
f 1280//1280 1279//1279 1281//1281
f 1280//1280 1281//1281 1282//1282
f 1282//1282 1281//1281 1283//1283
f 1282//1282 1283//1283 1284//1284
f 1284//1284 1283//1283 1285//1285
f 1284//1284 1285//1285 1286//1286
f 1271//1271 1269//1269 1287//1287
f 1287//1287 1269//1269 1288//1288
f 1287//1287 1288//1288 1289//1289
f 1289//1289 1288//1288 1290//1290
f 1289//1289 1290//1290 1291//1291
f 1291//1291 1292//1292 1289//1289
f 1289//1289 1292//1292 1281//1281
f 1289//1289 1281//1281 1279//1279
f 1292//1292 1283//1283 1281//1281
f 1284//1284 1293//1293 1282//1282
f 1282//1282 1293//1293 1294//1294
f 1282//1282 1294//1294 1295//1295
f 1282//1282 1295//1295 1296//1296
f 1296//1296 1295//1295 1297//1297
f 1296//1296 1297//1297 1298//1298
f 1296//1296 1298//1298 1299//1299
f 1299//1299 1298//1298 1300//1300
f 1299//1299 1300//1300 1301//1301
f 1299//1299 1302//1302 1296//1296
f 1296//1296 1302//1302 1303//1303
f 1296//1296 1303//1303 1304//1304
f 1304//1304 1303//1303 1305//1305
f 1304//1304 1305//1305 1306//1306
f 1302//1302 1307//1307 1303//1303
f 1303//1303 1307//1307 1305//1305
f 1304//1304 1306//1306 1280//1280
f 1280//1280 1306//1306 1278//1278
f 1278//1278 1308//1308 1276//1276
f 1280//1280 1282//1282 1304//1304
f 1304//1304 1282//1282 1296//1296
f 1273//1273 1271//1271 1287//1287
f 1279//1279 1277//1277 1289//1289
f 1289//1289 1277//1277 1287//1287
f 1277//1277 1273//1273 1287//1287
f 1309//1309 1310//1310 1311//1311
f 1311//1311 1310//1310 1312//1312
f 1313//1313 1314//1314 1315//1315
f 1315//1315 1314//1314 1316//1316
f 1315//1315 1316//1316 1317//1317
f 1315//1315 1317//1317 1318//1318
f 1318//1318 1317//1317 1319//1319
f 1318//1318 1319//1319 1320//1320
f 1320//1320 1319//1319 1321//1321
f 1320//1320 1321//1321 1322//1322
f 1322//1322 1321//1321 1323//1323
f 1322//1322 1323//1323 1324//1324
f 1324//1324 1323//1323 1325//1325
f 1324//1324 1325//1325 1326//1326
f 1326//1326 1325//1325 1327//1327
f 1326//1326 1327//1327 1328//1328
f 1328//1328 1327//1327 1329//1329
f 1328//1328 1329//1329 1330//1330
f 1330//1330 1329//1329 1331//1331
f 1330//1330 1331//1331 1332//1332
f 1332//1332 1331//1331 1333//1333
f 1332//1332 1333//1333 1334//1334
f 1334//1334 1333//1333 1335//1335
f 1334//1334 1335//1335 1336//1336
f 1336//1336 1335//1335 1337//1337
f 1336//1336 1337//1337 1338//1338
f 1338//1338 1337//1337 1339//1339
f 1338//1338 1339//1339 1340//1340
f 1340//1340 1339//1339 1341//1341
f 1340//1340 1341//1341 1342//1342
f 1342//1342 1341//1341 1343//1343
f 1342//1342 1343//1343 1344//1344
f 1344//1344 1343//1343 1345//1345
f 1344//1344 1345//1345 1346//1346
f 1346//1346 1345//1345 1347//1347
f 1346//1346 1347//1347 1348//1348
f 1348//1348 1347//1347 1349//1349
f 1348//1348 1349//1349 1350//1350
f 1350//1350 1349//1349 1351//1351
f 1350//1350 1351//1351 1352//1352
f 1352//1352 1351//1351 1353//1353
f 1352//1352 1353//1353 1354//1354
f 1355//1355 1356//1356 1357//1357
f 1357//1357 1356//1356 1358//1358
f 1359//1359 1360//1360 1361//1361
f 1361//1361 1360//1360 1362//1362
f 1361//1361 1362//1362 1363//1363
f 1361//1361 1363//1363 1364//1364
f 1364//1364 1363//1363 1365//1365
f 1364//1364 1365//1365 1366//1366
f 1366//1366 1365//1365 1367//1367
f 1366//1366 1367//1367 1368//1368
f 1368//1368 1367//1367 1369//1369
f 1368//1368 1369//1369 1370//1370
f 1370//1370 1369//1369 1371//1371
f 1370//1370 1371//1371 1372//1372
f 1372//1372 1371//1371 1373//1373
f 1372//1372 1373//1373 1374//1374
f 1374//1374 1373//1373 1375//1375
f 1374//1374 1375//1375 1376//1376
f 1376//1376 1375//1375 1377//1377
f 1376//1376 1377//1377 1378//1378
f 1378//1378 1377//1377 1379//1379
f 1378//1378 1379//1379 1380//1380
f 1380//1380 1379//1379 1381//1381
f 1380//1380 1381//1381 1382//1382
f 1382//1382 1381//1381 1383//1383
f 1382//1382 1383//1383 1384//1384
f 1384//1384 1383//1383 1385//1385
f 1384//1384 1385//1385 1386//1386
f 1386//1386 1385//1385 1387//1387
f 1386//1386 1387//1387 1388//1388
f 1388//1388 1387//1387 1389//1389
f 1388//1388 1389//1389 1390//1390
f 1390//1390 1389//1389 1391//1391
f 1390//1390 1391//1391 1392//1392
f 1392//1392 1391//1391 1393//1393
f 1392//1392 1393//1393 1394//1394
f 1394//1394 1393//1393 1395//1395
f 1394//1394 1395//1395 1396//1396
f 1396//1396 1395//1395 1397//1397
f 1396//1396 1397//1397 1398//1398
f 1398//1398 1397//1397 1399//1399
f 1398//1398 1399//1399 1400//1400
f 1400//1400 1399//1399 1401//1401
f 1401//1401 1399//1399 1402//1402
f 1403//1403 1404//1404 1405//1405
f 1405//1405 1404//1404 1406//1406
f 1405//1405 1406//1406 1407//1407
f 1407//1407 1406//1406 1408//1408
f 1407//1407 1408//1408 1409//1409
f 1409//1409 1408//1408 1410//1410
f 1409//1409 1410//1410 1411//1411
f 1411//1411 1410//1410 1412//1412
f 1411//1411 1412//1412 1413//1413
f 1413//1413 1412//1412 1414//1414
f 1413//1413 1414//1414 1415//1415
f 1415//1415 1414//1414 1416//1416
f 1415//1415 1416//1416 1417//1417
f 1417//1417 1416//1416 1418//1418
f 1417//1417 1418//1418 1419//1419
f 1419//1419 1418//1418 1420//1420
f 1419//1419 1420//1420 1421//1421
f 1421//1421 1420//1420 1422//1422
f 1421//1421 1422//1422 1423//1423
f 1423//1423 1422//1422 1424//1424
f 1423//1423 1424//1424 1425//1425
f 1425//1425 1424//1424 1426//1426
f 1425//1425 1426//1426 1427//1427
f 1427//1427 1426//1426 1428//1428
f 1427//1427 1428//1428 1429//1429
f 1429//1429 1428//1428 1430//1430
f 1429//1429 1430//1430 1431//1431
f 1431//1431 1430//1430 1432//1432
f 1431//1431 1432//1432 1433//1433
f 1433//1433 1432//1432 1434//1434
f 1433//1433 1434//1434 1435//1435
f 1435//1435 1434//1434 1436//1436
f 1435//1435 1436//1436 1437//1437
f 1437//1437 1436//1436 1438//1438
f 1439//1439 1440//1440 1441//1441
f 1441//1441 1440//1440 1442//1442
f 1441//1441 1442//1442 1443//1443
f 1443//1443 1442//1442 1444//1444
f 1443//1443 1444//1444 1445//1445
f 1445//1445 1444//1444 1446//1446
f 1445//1445 1446//1446 1447//1447
f 1447//1447 1446//1446 1448//1448
f 1447//1447 1448//1448 1449//1449
f 1449//1449 1448//1448 1450//1450
f 1449//1449 1450//1450 1451//1451
f 1451//1451 1450//1450 1452//1452
f 1451//1451 1452//1452 1453//1453
f 1453//1453 1452//1452 1454//1454
f 1453//1453 1454//1454 1455//1455
f 1455//1455 1454//1454 1456//1456
f 1455//1455 1456//1456 1457//1457
f 1457//1457 1456//1456 1458//1458
f 1457//1457 1458//1458 1459//1459
f 1459//1459 1458//1458 1460//1460
f 1459//1459 1460//1460 1461//1461
f 1461//1461 1460//1460 1462//1462
f 1461//1461 1462//1462 1463//1463
f 1463//1463 1462//1462 1464//1464
f 1463//1463 1464//1464 1465//1465
f 1465//1465 1464//1464 1466//1466
f 1465//1465 1466//1466 1467//1467
f 1467//1467 1466//1466 1468//1468
f 1467//1467 1468//1468 1469//1469
f 1469//1469 1468//1468 1470//1470
f 1469//1469 1470//1470 1471//1471
f 1471//1471 1470//1470 1472//1472
f 1471//1471 1472//1472 1473//1473
f 1473//1473 1472//1472 1474//1474
f 1473//1473 1474//1474 1475//1475
f 1475//1475 1474//1474 1476//1476
f 1475//1475 1476//1476 1477//1477
f 1477//1477 1476//1476 1478//1478
f 1477//1477 1478//1478 1479//1479
f 1479//1479 1478//1478 1480//1480
f 1479//1479 1480//1480 1481//1481
f 1481//1481 1480//1480 1482//1482
f 1481//1481 1482//1482 1483//1483
f 1483//1483 1482//1482 1484//1484
f 1483//1483 1484//1484 1485//1485
f 1485//1485 1484//1484 1486//1486
f 1485//1485 1486//1486 1487//1487
f 1440//1440 1488//1488 1442//1442
f 1442//1442 1488//1488 1444//1444
f 1488//1488 1489//1489 1444//1444
f 1444//1444 1489//1489 1490//1490
f 1444//1444 1490//1490 1446//1446
f 1446//1446 1490//1490 1491//1491
f 1446//1446 1491//1491 1448//1448
f 1448//1448 1491//1491 1492//1492
f 1448//1448 1492//1492 1450//1450
f 1450//1450 1492//1492 1493//1493
f 1450//1450 1493//1493 1494//1494
f 1450//1450 1494//1494 1452//1452
f 1452//1452 1494//1494 1495//1495
f 1452//1452 1495//1495 1454//1454
f 1454//1454 1495//1495 1496//1496
f 1454//1454 1496//1496 1497//1497
f 1454//1454 1497//1497 1456//1456
f 1456//1456 1497//1497 1498//1498
f 1456//1456 1498//1498 1458//1458
f 1458//1458 1498//1498 1499//1499
f 1458//1458 1499//1499 1500//1500
f 1500//1500 1501//1501 1458//1458
f 1458//1458 1501//1501 1460//1460
f 1501//1501 1502//1502 1460//1460
f 1460//1460 1502//1502 1503//1503
f 1460//1460 1503//1503 1462//1462
f 1462//1462 1503//1503 1504//1504
f 1462//1462 1504//1504 1464//1464
f 1464//1464 1504//1504 1505//1505
f 1464//1464 1505//1505 1506//1506
f 1464//1464 1506//1506 1466//1466
f 1466//1466 1506//1506 1507//1507
f 1466//1466 1507//1507 1468//1468
f 1468//1468 1507//1507 1508//1508
f 1468//1468 1508//1508 1509//1509
f 1468//1468 1509//1509 1470//1470
f 1470//1470 1509//1509 1510//1510
f 1470//1470 1510//1510 1511//1511
f 1470//1470 1511//1511 1472//1472
f 1472//1472 1511//1511 1512//1512
f 1472//1472 1512//1512 1474//1474
f 1474//1474 1512//1512 1513//1513
f 1474//1474 1513//1513 1514//1514
f 1512//1512 1515//1515 1513//1513
f 1513//1513 1515//1515 1516//1516
f 1474//1474 1514//1514 1476//1476
f 1476//1476 1514//1514 1517//1517
f 1476//1476 1517//1517 1518//1518
f 1476//1476 1518//1518 1478//1478
f 1478//1478 1518//1518 1519//1519
f 1478//1478 1519//1519 1480//1480
f 1480//1480 1519//1519 1520//1520
f 1480//1480 1520//1520 1521//1521
f 1480//1480 1521//1521 1482//1482
f 1482//1482 1521//1521 1522//1522
f 1482//1482 1522//1522 1523//1523
f 1523//1523 1524//1524 1482//1482
f 1482//1482 1524//1524 1525//1525
f 1482//1482 1525//1525 1484//1484
f 1484//1484 1525//1525 1526//1526
f 1484//1484 1526//1526 1527//1527
f 1528//1528 1529//1529 1527//1527
f 1527//1527 1529//1529 1530//1530
f 1527//1527 1530//1530 1531//1531
f 1527//1527 1531//1531 1484//1484
f 1484//1484 1531//1531 1486//1486
f 1485//1485 1487//1487 1532//1532
f 1532//1532 1487//1487 1533//1533
f 1532//1532 1533//1533 1534//1534
f 1534//1534 1535//1535 1532//1532
f 1532//1532 1535//1535 1536//1536
f 1532//1532 1536//1536 1485//1485
f 1485//1485 1536//1536 1483//1483
f 1535//1535 1537//1537 1536//1536
f 1536//1536 1537//1537 1538//1538
f 1536//1536 1538//1538 1483//1483
f 1483//1483 1538//1538 1481//1481
f 1537//1537 1539//1539 1538//1538
f 1538//1538 1539//1539 1540//1540
f 1538//1538 1540//1540 1481//1481
f 1481//1481 1540//1540 1479//1479
f 1539//1539 1541//1541 1540//1540
f 1540//1540 1541//1541 1542//1542
f 1540//1540 1542//1542 1543//1543
f 1543//1543 1542//1542 1544//1544
f 1543//1543 1544//1544 1545//1545
f 1545//1545 1544//1544 1546//1546
f 1545//1545 1546//1546 1547//1547
f 1545//1545 1547//1547 1548//1548
f 1548//1548 1547//1547 1549//1549
f 1548//1548 1549//1549 1550//1550
f 1550//1550 1549//1549 1551//1551
f 1550//1550 1551//1551 1552//1552
f 1552//1552 1551//1551 1553//1553
f 1552//1552 1553//1553 1554//1554
f 1554//1554 1553//1553 1555//1555
f 1554//1554 1555//1555 1556//1556
f 1554//1554 1556//1556 1557//1557
f 1557//1557 1556//1556 1558//1558
f 1557//1557 1558//1558 1559//1559
f 1559//1559 1558//1558 1560//1560
f 1559//1559 1560//1560 1561//1561
f 1559//1559 1561//1561 1562//1562
f 1562//1562 1561//1561 1563//1563
f 1562//1562 1563//1563 1564//1564
f 1562//1562 1564//1564 1565//1565
f 1565//1565 1564//1564 1566//1566
f 1565//1565 1566//1566 1567//1567
f 1567//1567 1566//1566 1568//1568
f 1567//1567 1568//1568 1569//1569
f 1567//1567 1569//1569 1570//1570
f 1570//1570 1569//1569 1571//1571
f 1570//1570 1571//1571 1572//1572
f 1570//1570 1572//1572 1573//1573
f 1573//1573 1572//1572 1574//1574
f 1573//1573 1574//1574 1575//1575
f 1575//1575 1574//1574 1576//1576
f 1575//1575 1576//1576 1577//1577
f 1575//1575 1577//1577 1578//1578
f 1578//1578 1577//1577 1579//1579
f 1578//1578 1579//1579 1580//1580
f 1580//1580 1579//1579 1581//1581
f 1580//1580 1581//1581 1582//1582
f 1582//1582 1581//1581 1583//1583
f 1582//1582 1583//1583 1584//1584
f 1582//1582 1584//1584 1585//1585
f 1585//1585 1584//1584 1586//1586
f 1585//1585 1586//1586 1587//1587
f 1587//1587 1588//1588 1585//1585
f 1585//1585 1588//1588 1443//1443
f 1585//1585 1443//1443 1445//1445
f 1588//1588 1441//1441 1443//1443
f 1540//1540 1543//1543 1479//1479
f 1479//1479 1543//1543 1477//1477
f 1543//1543 1545//1545 1477//1477
f 1477//1477 1545//1545 1475//1475
f 1545//1545 1548//1548 1475//1475
f 1475//1475 1548//1548 1473//1473
f 1548//1548 1550//1550 1473//1473
f 1473//1473 1550//1550 1471//1471
f 1550//1550 1552//1552 1471//1471
f 1471//1471 1552//1552 1469//1469
f 1552//1552 1554//1554 1469//1469
f 1469//1469 1554//1554 1467//1467
f 1554//1554 1557//1557 1467//1467
f 1467//1467 1557//1557 1465//1465
f 1557//1557 1559//1559 1465//1465
f 1465//1465 1559//1559 1463//1463
f 1559//1559 1562//1562 1463//1463
f 1463//1463 1562//1562 1461//1461
f 1562//1562 1565//1565 1461//1461
f 1461//1461 1565//1565 1459//1459
f 1565//1565 1567//1567 1459//1459
f 1459//1459 1567//1567 1457//1457
f 1567//1567 1570//1570 1457//1457
f 1457//1457 1570//1570 1455//1455
f 1570//1570 1573//1573 1455//1455
f 1455//1455 1573//1573 1453//1453
f 1573//1573 1575//1575 1453//1453
f 1453//1453 1575//1575 1451//1451
f 1575//1575 1578//1578 1451//1451
f 1451//1451 1578//1578 1449//1449
f 1578//1578 1580//1580 1449//1449
f 1449//1449 1580//1580 1447//1447
f 1580//1580 1582//1582 1447//1447
f 1447//1447 1582//1582 1445//1445
f 1582//1582 1585//1585 1445//1445
f 1589//1589 1590//1590 1591//1591
f 1591//1591 1590//1590 1592//1592
f 1591//1591 1592//1592 1593//1593
f 1593//1593 1592//1592 1594//1594
f 1593//1593 1594//1594 1595//1595
f 1593//1593 1595//1595 1596//1596
f 1596//1596 1595//1595 1597//1597
f 1596//1596 1597//1597 1598//1598
f 1598//1598 1599//1599 1596//1596
f 1596//1596 1599//1599 1600//1600
f 1596//1596 1600//1600 1601//1601
f 1601//1601 1600//1600 1602//1602
f 1601//1601 1602//1602 1603//1603
f 1603//1603 1602//1602 1604//1604
f 1604//1604 1602//1602 1605//1605
f 1604//1604 1605//1605 1606//1606
f 1606//1606 1605//1605 1607//1607
f 1606//1606 1607//1607 1608//1608
f 1608//1608 1607//1607 1609//1609
f 1608//1608 1609//1609 1610//1610
f 1610//1610 1609//1609 1611//1611
f 1610//1610 1611//1611 1612//1612
f 1612//1612 1611//1611 1613//1613
f 1612//1612 1613//1613 1614//1614
f 1614//1614 1613//1613 1615//1615
f 1614//1614 1615//1615 1616//1616
f 1616//1616 1615//1615 1617//1617
f 1616//1616 1617//1617 1618//1618
f 1618//1618 1617//1617 1619//1619
f 1618//1618 1619//1619 1620//1620
f 1620//1620 1619//1619 1621//1621
f 1620//1620 1621//1621 1622//1622
f 1622//1622 1621//1621 1623//1623
f 1622//1622 1623//1623 1624//1624
f 1624//1624 1623//1623 1625//1625
f 1624//1624 1625//1625 1626//1626
f 1626//1626 1625//1625 1627//1627
f 1626//1626 1627//1627 1628//1628
f 1628//1628 1627//1627 1629//1629
f 1628//1628 1629//1629 1630//1630
f 1630//1630 1629//1629 1631//1631
f 1630//1630 1631//1631 1632//1632
f 1632//1632 1631//1631 1633//1633
f 1632//1632 1633//1633 1634//1634
f 1634//1634 1633//1633 1635//1635
f 1634//1634 1635//1635 1636//1636
f 1636//1636 1635//1635 1637//1637
f 1636//1636 1637//1637 1638//1638
f 1638//1638 1637//1637 1639//1639
f 1638//1638 1639//1639 1640//1640
f 1640//1640 1639//1639 1641//1641
f 1640//1640 1641//1641 1642//1642
f 1642//1642 1641//1641 1643//1643
f 1642//1642 1643//1643 1644//1644
f 1644//1644 1643//1643 1645//1645
f 1644//1644 1645//1645 1646//1646
f 1646//1646 1645//1645 1647//1647
f 1646//1646 1647//1647 1648//1648
f 1648//1648 1647//1647 1649//1649
f 1648//1648 1649//1649 1650//1650
f 1650//1650 1649//1649 1651//1651
f 1650//1650 1651//1651 1652//1652
f 1652//1652 1651//1651 1653//1653
f 1652//1652 1653//1653 1654//1654
f 1654//1654 1653//1653 1655//1655
f 1654//1654 1655//1655 1656//1656
f 1656//1656 1655//1655 1657//1657
f 1656//1656 1657//1657 1658//1658
f 1658//1658 1657//1657 1659//1659
f 1658//1658 1659//1659 1660//1660
f 1660//1660 1659//1659 1661//1661
f 1660//1660 1661//1661 1662//1662
f 1662//1662 1661//1661 1663//1663
f 1662//1662 1663//1663 1664//1664
f 1664//1664 1663//1663 1665//1665
f 1664//1664 1665//1665 1666//1666
f 1666//1666 1665//1665 1667//1667
f 1666//1666 1667//1667 1668//1668
f 1668//1668 1667//1667 1669//1669
f 1668//1668 1669//1669 1671//1671
f 1671//1671 1669//1669 1672//1672
f 1671//1671 1672//1672 1673//1673
f 1599//1599 1674//1674 1600//1600
f 1600//1600 1674//1674 1675//1675
f 1600//1600 1675//1675 1676//1676
f 1676//1676 1675//1675 1677//1677
f 1676//1676 1677//1677 1678//1678
f 1678//1678 1677//1677 1679//1679
f 1678//1678 1679//1679 1680//1680
f 1680//1680 1679//1679 1681//1681
f 1680//1680 1681//1681 1682//1682
f 1682//1682 1681//1681 1683//1683
f 1682//1682 1683//1683 1684//1684
f 1684//1684 1683//1683 1685//1685
f 1684//1684 1685//1685 1686//1686
f 1684//1684 1686//1686 1687//1687
f 1687//1687 1686//1686 1688//1688
f 1687//1687 1688//1688 1689//1689
f 1689//1689 1690//1690 1687//1687
f 1687//1687 1690//1690 1691//1691
f 1687//1687 1691//1691 1615//1615
f 1615//1615 1691//1691 1617//1617
f 1690//1690 1692//1692 1691//1691
f 1691//1691 1692//1692 1693//1693
f 1691//1691 1693//1693 1617//1617
f 1617//1617 1693//1693 1619//1619
f 1692//1692 1694//1694 1693//1693
f 1693//1693 1694//1694 1695//1695
f 1693//1693 1695//1695 1696//1696
f 1696//1696 1695//1695 1697//1697
f 1696//1696 1697//1697 1698//1698
f 1698//1698 1697//1697 1699//1699
f 1698//1698 1699//1699 1700//1700
f 1700//1700 1699//1699 1701//1701
f 1700//1700 1701//1701 1702//1702
f 1702//1702 1701//1701 1703//1703
f 1702//1702 1703//1703 1704//1704
f 1704//1704 1703//1703 1705//1705
f 1704//1704 1705//1705 1706//1706
f 1706//1706 1705//1705 1707//1707
f 1706//1706 1707//1707 1631//1631
f 1631//1631 1707//1707 1633//1633
f 1705//1705 1708//1708 1707//1707
f 1707//1707 1708//1708 1709//1709
f 1707//1707 1709//1709 1633//1633
f 1633//1633 1709//1709 1635//1635
f 1708//1708 1710//1710 1709//1709
f 1709//1709 1710//1710 1711//1711
f 1709//1709 1711//1711 1712//1712
f 1712//1712 1711//1711 1713//1713
f 1712//1712 1713//1713 1714//1714
f 1712//1712 1714//1714 1715//1715
f 1715//1715 1714//1714 1716//1716
f 1715//1715 1716//1716 1717//1717
f 1717//1717 1716//1716 1718//1718
f 1717//1717 1718//1718 1719//1719
f 1719//1719 1718//1718 1720//1720
f 1719//1719 1720//1720 1721//1721
f 1721//1721 1720//1720 1722//1722
f 1721//1721 1722//1722 1723//1723
f 1723//1723 1722//1722 1724//1724
f 1723//1723 1724//1724 1725//1725
f 1725//1725 1724//1724 1726//1726
f 1725//1725 1726//1726 1727//1727
f 1727//1727 1726//1726 1728//1728
f 1727//1727 1728//1728 1729//1729
f 1729//1729 1728//1728 1730//1730
f 1729//1729 1730//1730 1731//1731
f 1731//1731 1730//1730 1732//1732
f 1731//1731 1732//1732 1733//1733
f 1733//1733 1732//1732 1734//1734
f 1733//1733 1734//1734 1735//1735
f 1735//1735 1734//1734 1736//1736
f 1735//1735 1736//1736 1737//1737
f 1737//1737 1736//1736 1738//1738
f 1737//1737 1738//1738 1739//1739
f 1739//1739 1738//1738 1740//1740
f 1739//1739 1740//1740 1741//1741
f 1741//1741 1740//1740 1742//1742
f 1741//1741 1742//1742 1743//1743
f 1743//1743 1744//1744 1741//1741
f 1741//1741 1744//1744 1745//1745
f 1741//1741 1745//1745 1665//1665
f 1665//1665 1745//1745 1667//1667
f 1744//1744 1746//1746 1745//1745
f 1745//1745 1746//1746 1747//1747
f 1745//1745 1747//1747 1748//1748
f 1748//1748 1749//1749 1745//1745
f 1745//1745 1749//1749 1669//1669
f 1745//1745 1669//1669 1667//1667
f 1749//1749 1750//1750 1669//1669
f 1669//1669 1750//1750 1751//1751
f 1670//1670 1751//1751 1752//1752
f 1753//1753 1672//1672 1669//1669
f 1673//1673 1754//1754 1671//1671
f 1671//1671 1754//1754 1755//1755
f 1671//1671 1755//1755 1756//1756
f 1756//1756 1755//1755 1757//1757
f 1756//1756 1757//1757 1758//1758
f 1756//1756 1758//1758 1668//1668
f 1668//1668 1758//1758 1666//1666
f 1603//1603 1759//1759 1601//1601
f 1601//1601 1759//1759 1760//1760
f 1601//1601 1760//1760 1596//1596
f 1596//1596 1760//1760 1593//1593
f 1760//1760 1759//1759 1761//1761
f 1761//1761 1759//1759 1762//1762
f 1761//1761 1762//1762 1763//1763
f 1763//1763 1762//1762 1764//1764
f 1763//1763 1764//1764 1765//1765
f 1765//1765 1764//1764 1766//1766
f 1765//1765 1766//1766 1767//1767
f 1767//1767 1766//1766 1768//1768
f 1767//1767 1768//1768 1769//1769
f 1769//1769 1768//1768 1770//1770
f 1770//1770 1768//1768 1771//1771
f 1771//1771 1768//1768 1772//1772
f 1772//1772 1768//1768 1773//1773
f 1772//1772 1773//1773 1774//1774
f 1774//1774 1773//1773 1775//1775
f 1775//1775 1773//1773 1776//1776
f 1776//1776 1773//1773 1777//1777
f 1776//1776 1777//1777 1778//1778
f 1778//1778 1777//1777 1779//1779
f 1779//1779 1777//1777 1766//1766
f 1779//1779 1766//1766 1764//1764
f 1780//1780 1781//1781 1778//1778
f 1778//1778 1781//1781 1776//1776
f 1769//1769 1782//1782 1767//1767
f 1767//1767 1782//1782 1783//1783
f 1767//1767 1783//1783 1784//1784
f 1784//1784 1785//1785 1767//1767
f 1767//1767 1785//1785 1786//1786
f 1767//1767 1786//1786 1765//1765
f 1765//1765 1786//1786 1763//1763
f 1785//1785 1787//1787 1786//1786
f 1786//1786 1787//1787 1788//1788
f 1786//1786 1788//1788 1789//1789
f 1789//1789 1790//1790 1786//1786
f 1786//1786 1790//1790 1791//1791
f 1786//1786 1791//1791 1763//1763
f 1763//1763 1791//1791 1761//1761
f 1790//1790 1591//1591 1791//1791
f 1791//1791 1591//1591 1593//1593
f 1791//1791 1593//1593 1761//1761
f 1761//1761 1593//1593 1760//1760
f 1668//1668 1671//1671 1756//1756
f 1665//1665 1663//1663 1741//1741
f 1741//1741 1663//1663 1739//1739
f 1663//1663 1661//1661 1739//1739
f 1739//1739 1661//1661 1737//1737
f 1661//1661 1659//1659 1737//1737
f 1737//1737 1659//1659 1735//1735
f 1659//1659 1657//1657 1735//1735
f 1735//1735 1657//1657 1733//1733
f 1657//1657 1655//1655 1733//1733
f 1733//1733 1655//1655 1731//1731
f 1655//1655 1653//1653 1731//1731
f 1731//1731 1653//1653 1729//1729
f 1653//1653 1651//1651 1729//1729
f 1729//1729 1651//1651 1727//1727
f 1651//1651 1649//1649 1727//1727
f 1727//1727 1649//1649 1725//1725
f 1649//1649 1647//1647 1725//1725
f 1725//1725 1647//1647 1723//1723
f 1647//1647 1645//1645 1723//1723
f 1723//1723 1645//1645 1721//1721
f 1645//1645 1643//1643 1721//1721
f 1721//1721 1643//1643 1719//1719
f 1643//1643 1641//1641 1719//1719
f 1719//1719 1641//1641 1717//1717
f 1641//1641 1639//1639 1717//1717
f 1717//1717 1639//1639 1715//1715
f 1635//1635 1709//1709 1712//1712
f 1639//1639 1637//1637 1715//1715
f 1715//1715 1637//1637 1712//1712
f 1637//1637 1635//1635 1712//1712
f 1631//1631 1629//1629 1706//1706
f 1706//1706 1629//1629 1704//1704
f 1629//1629 1627//1627 1704//1704
f 1704//1704 1627//1627 1702//1702
f 1627//1627 1625//1625 1702//1702
f 1702//1702 1625//1625 1700//1700
f 1625//1625 1623//1623 1700//1700
f 1700//1700 1623//1623 1698//1698
f 1619//1619 1693//1693 1696//1696
f 1623//1623 1621//1621 1698//1698
f 1698//1698 1621//1621 1696//1696
f 1621//1621 1619//1619 1696//1696
f 1615//1615 1613//1613 1687//1687
f 1687//1687 1613//1613 1684//1684
f 1613//1613 1611//1611 1684//1684
f 1684//1684 1611//1611 1682//1682
f 1611//1611 1609//1609 1682//1682
f 1682//1682 1609//1609 1680//1680
f 1609//1609 1607//1607 1680//1680
f 1680//1680 1607//1607 1678//1678
f 1602//1602 1600//1600 1676//1676
f 1607//1607 1605//1605 1678//1678
f 1678//1678 1605//1605 1676//1676
f 1605//1605 1602//1602 1676//1676
f 1777//1777 1773//1773 1768//1768
f 1777//1777 1768//1768 1766//1766
f 1792//1792 1793//1793 1794//1794
f 1794//1794 1793//1793 1795//1795
f 1794//1794 1795//1795 1796//1796
f 1796//1796 1795//1795 1797//1797
f 1797//1797 1795//1795 1798//1798
f 1798//1798 1795//1795 1799//1799
f 1799//1799 1795//1795 1800//1800
f 1800//1800 1795//1795 1801//1801
f 1800//1800 1801//1801 1802//1802
f 1802//1802 1801//1801 1803//1803
f 1803//1803 1801//1801 1804//1804
f 1803//1803 1804//1804 1805//1805
f 1805//1805 1804//1804 1806//1806
f 1806//1806 1804//1804 1807//1807
f 1806//1806 1807//1807 1808//1808
f 1808//1808 1807//1807 1809//1809
f 1808//1808 1809//1809 1810//1810
f 1810//1810 1809//1809 1811//1811
f 1810//1810 1811//1811 1812//1812
f 1812//1812 1811//1811 1813//1813
f 1813//1813 1811//1811 1814//1814
f 1813//1813 1814//1814 1815//1815
f 1815//1815 1814//1814 1816//1816
f 1815//1815 1816//1816 1817//1817
f 1817//1817 1816//1816 1818//1818
f 1818//1818 1816//1816 1819//1819
f 1818//1818 1819//1819 1820//1820
f 1820//1820 1819//1819 1821//1821
f 1820//1820 1821//1821 1822//1822
f 1822//1822 1821//1821 1823//1823
f 1822//1822 1823//1823 1824//1824
f 1824//1824 1823//1823 1825//1825
f 1825//1825 1823//1823 1826//1826
f 1825//1825 1826//1826 1827//1827
f 1827//1827 1826//1826 1828//1828
f 1827//1827 1828//1828 1829//1829
f 1829//1829 1828//1828 1830//1830
f 1830//1830 1828//1828 1831//1831
f 1830//1830 1831//1831 1832//1832
f 1832//1832 1831//1831 1833//1833
f 1832//1832 1833//1833 1834//1834
f 1834//1834 1833//1833 1835//1835
f 1834//1834 1835//1835 1836//1836
f 1836//1836 1835//1835 1837//1837
f 1837//1837 1835//1835 1838//1838
f 1837//1837 1838//1838 1839//1839
f 1839//1839 1838//1838 1840//1840
f 1840//1840 1838//1838 1841//1841
f 1840//1840 1841//1841 1842//1842
f 1842//1842 1841//1841 1843//1843
f 1843//1843 1841//1841 1844//1844
f 1844//1844 1841//1841 1845//1845
f 1845//1845 1841//1841 1846//1846
f 1845//1845 1846//1846 1847//1847
f 1847//1847 1846//1846 1848//1848
f 1848//1848 1846//1846 1849//1849
f 1849//1849 1846//1846 1850//1850
f 1850//1850 1846//1846 1851//1851
f 1851//1851 1846//1846 1852//1852
f 1851//1851 1852//1852 1853//1853
f 1853//1853 1852//1852 1854//1854
f 1854//1854 1852//1852 1855//1855
f 1854//1854 1855//1855 1856//1856
f 1856//1856 1855//1855 1857//1857
f 1857//1857 1855//1855 1858//1858
f 1857//1857 1858//1858 1859//1859
f 1859//1859 1858//1858 1860//1860
f 1859//1859 1860//1860 1861//1861
f 1861//1861 1860//1860 1862//1862
f 1861//1861 1862//1862 1863//1863
f 1863//1863 1862//1862 1864//1864
f 1864//1864 1862//1862 1865//1865
f 1864//1864 1865//1865 1866//1866
f 1866//1866 1865//1865 1867//1867
f 1866//1866 1867//1867 1868//1868
f 1868//1868 1867//1867 1869//1869
f 1869//1869 1867//1867 1870//1870
f 1869//1869 1870//1870 1871//1871
f 1871//1871 1870//1870 1872//1872
f 1871//1871 1872//1872 1873//1873
f 1873//1873 1872//1872 1874//1874
f 1873//1873 1874//1874 1875//1875
f 1875//1875 1874//1874 1876//1876
f 1876//1876 1874//1874 1877//1877
f 1876//1876 1877//1877 1878//1878
f 1878//1878 1877//1877 1879//1879
f 1878//1878 1879//1879 1880//1880
f 1880//1880 1879//1879 1881//1881
f 1881//1881 1879//1879 1882//1882
f 1881//1881 1882//1882 1883//1883
f 1883//1883 1882//1882 1884//1884
f 1883//1883 1884//1884 1885//1885
f 1885//1885 1884//1884 1886//1886
f 1885//1885 1886//1886 1887//1887
f 1887//1887 1886//1886 1888//1888
f 1888//1888 1886//1886 1889//1889
f 1888//1888 1889//1889 1890//1890
f 1890//1890 1889//1889 1891//1891
f 1891//1891 1889//1889 1793//1793
f 1891//1891 1793//1793 1892//1892
f 1892//1892 1793//1793 1893//1893
f 1893//1893 1793//1793 1792//1792
f 1894//1894 1895//1895 1896//1896
f 1896//1896 1895//1895 1897//1897
f 1896//1896 1897//1897 1898//1898
f 1896//1896 1898//1898 1899//1899
f 1899//1899 1898//1898 1900//1900
f 1899//1899 1900//1900 1901//1901
f 1901//1901 1900//1900 1902//1902
f 1901//1901 1902//1902 1903//1903
f 1903//1903 1902//1902 1904//1904
f 1903//1903 1904//1904 1905//1905
f 1905//1905 1904//1904 1906//1906
f 1905//1905 1906//1906 1907//1907
f 1907//1907 1906//1906 1908//1908
f 1907//1907 1908//1908 1909//1909
f 1909//1909 1908//1908 1910//1910
f 1909//1909 1910//1910 1911//1911
f 1911//1911 1910//1910 1912//1912
f 1911//1911 1912//1912 1913//1913
f 1913//1913 1912//1912 1914//1914
f 1913//1913 1914//1914 1915//1915
f 1915//1915 1914//1914 1916//1916
f 1915//1915 1916//1916 1917//1917
f 1917//1917 1916//1916 1918//1918
f 1917//1917 1918//1918 1919//1919
f 1919//1919 1918//1918 1920//1920
f 1919//1919 1920//1920 1921//1921
f 1921//1921 1920//1920 1922//1922
f 1921//1921 1922//1922 1923//1923
f 1923//1923 1922//1922 1924//1924
f 1923//1923 1924//1924 1925//1925
f 1925//1925 1924//1924 1926//1926
f 1925//1925 1926//1926 1927//1927
f 1927//1927 1926//1926 1928//1928
f 1927//1927 1928//1928 1929//1929
f 1929//1929 1928//1928 1930//1930
f 1929//1929 1930//1930 1931//1931
f 1931//1931 1930//1930 1932//1932
f 1931//1931 1932//1932 1933//1933
f 1933//1933 1932//1932 1934//1934
f 1933//1933 1934//1934 1935//1935
f 1936//1936 1938//1938 1939//1939
f 1939//1939 1938//1938 1940//1940
f 1939//1939 1940//1940 1941//1941
f 1938//1938 1936//1936 1942//1942
f 1943//1943 1937//1937 1946//1946
f 1942//1942 1945//1945 1947//1947
f 1947//1947 1945//1945 1949//1949
f 1948//1948 1944//1944 1951//1951
f 1949//1949 1950//1950 1952//1952
f 1952//1952 1950//1950 1953//1953
f 1952//1952 1953//1953 1954//1954
f 1954//1954 1953//1953 1955//1955
f 1955//1955 1953//1953 1956//1956
f 1955//1955 1956//1956 1957//1957
f 1957//1957 1956//1956 1958//1958
f 1957//1957 1958//1958 1959//1959
f 1959//1959 1958//1958 1960//1960
f 1960//1960 1958//1958 1961//1961
f 1960//1960 1961//1961 1962//1962
f 1962//1962 1961//1961 1963//1963
f 1962//1962 1963//1963 1964//1964
f 1964//1964 1963//1963 1965//1965
f 1965//1965 1963//1963 1966//1966
f 1965//1965 1966//1966 1967//1967
f 1967//1967 1966//1966 1968//1968
f 1967//1967 1968//1968 1969//1969
f 1969//1969 1968//1968 1970//1970
f 1970//1970 1968//1968 1971//1971
f 1970//1970 1971//1971 1972//1972
f 1972//1972 1971//1971 1973//1973
f 1973//1973 1971//1971 1974//1974
f 1973//1973 1974//1974 1975//1975
f 1975//1975 1974//1974 1976//1976
f 1975//1975 1976//1976 1977//1977
f 1977//1977 1976//1976 1978//1978
f 1978//1978 1976//1976 1979//1979
f 1978//1978 1979//1979 1980//1980
f 1980//1980 1979//1979 1981//1981
f 1980//1980 1981//1981 1982//1982
f 1982//1982 1981//1981 1983//1983
f 1983//1983 1981//1981 1984//1984
f 1983//1983 1984//1984 1985//1985
f 1985//1985 1984//1984 1986//1986
f 1985//1985 1986//1986 1987//1987
f 1987//1987 1986//1986 1988//1988
f 1988//1988 1986//1986 1989//1989
f 1988//1988 1989//1989 1992//1992
f 1991//1991 1990//1990 1993//1993
f 1992//1992 1995//1995 1997//1997
f 1996//1996 1993//1993 1999//1999
f 1998//1998 1994//1994 2002//2002
f 2000//2000 2001//2001 2003//2003
f 2003//2003 2001//2001 2004//2004
f 2003//2003 2004//2004 2005//2005
f 2005//2005 2004//2004 2006//2006
f 2005//2005 2006//2006 2007//2007
f 2007//2007 2006//2006 2008//2008
f 2008//2008 2006//2006 2009//2009
f 2008//2008 2009//2009 2010//2010
f 2010//2010 2009//2009 2011//2011
f 2010//2010 2011//2011 2012//2012
f 2012//2012 2011//2011 2013//2013
f 2013//2013 2011//2011 2014//2014
f 2013//2013 2014//2014 2015//2015
f 2015//2015 2014//2014 2016//2016
f 2015//2015 2016//2016 2017//2017
f 2017//2017 2016//2016 2018//2018
f 2018//2018 2016//2016 2019//2019
f 2018//2018 2019//2019 2020//2020
f 2020//2020 2019//2019 2021//2021
f 2020//2020 2021//2021 2022//2022
f 2022//2022 2021//2021 2023//2023
f 2023//2023 2021//2021 2024//2024
f 2023//2023 2024//2024 2025//2025
f 2025//2025 2024//2024 2026//2026
f 2025//2025 2026//2026 2027//2027
f 2027//2027 2026//2026 2028//2028
f 2028//2028 2026//2026 2029//2029
f 2028//2028 2029//2029 2030//2030
f 2030//2030 2029//2029 2031//2031
f 2030//2030 2031//2031 2032//2032
f 2032//2032 2031//2031 2033//2033
f 2033//2033 2031//2031 2034//2034
f 2033//2033 2034//2034 2035//2035
f 2035//2035 2034//2034 2036//2036
f 2036//2036 2034//2034 2037//2037
f 2036//2036 2037//2037 2038//2038
f 2038//2038 2037//2037 2039//2039
f 2038//2038 2039//2039 2040//2040
f 2040//2040 2039//2039 2041//2041
f 2041//2041 2039//2039 2042//2042
f 2041//2041 2042//2042 2043//2043
f 2043//2043 2042//2042 2044//2044
f 2043//2043 2044//2044 2045//2045
f 2045//2045 2044//2044 2046//2046
f 2046//2046 2044//2044 2047//2047
f 2046//2046 2047//2047 2048//2048
f 2048//2048 2047//2047 2049//2049
f 2048//2048 2049//2049 2050//2050
f 2050//2050 2049//2049 2051//2051
f 2051//2051 2049//2049 2052//2052
f 2051//2051 2052//2052 2053//2053
f 2053//2053 2052//2052 2054//2054
f 2053//2053 2054//2054 2055//2055
f 2055//2055 2054//2054 2056//2056
f 2056//2056 2054//2054 2057//2057
f 2056//2056 2057//2057 2058//2058
f 2058//2058 2057//2057 2059//2059
f 2058//2058 2059//2059 1941//1941
f 1941//1941 2059//2059 1939//1939
f 2060//2060 2061//2061 2062//2062
f 2062//2062 2061//2061 2063//2063
f 2062//2062 2063//2063 2064//2064
f 2064//2064 2063//2063 2065//2065
f 2064//2064 2065//2065 2066//2066
f 2066//2066 2065//2065 2067//2067
f 2066//2066 2067//2067 2068//2068
f 2068//2068 2067//2067 2069//2069
f 2068//2068 2069//2069 2070//2070
f 2070//2070 2069//2069 2071//2071
f 2070//2070 2071//2071 2072//2072
f 2072//2072 2071//2071 2073//2073
f 2072//2072 2073//2073 2074//2074
f 2074//2074 2073//2073 2075//2075
f 2074//2074 2075//2075 2076//2076
f 2076//2076 2075//2075 2077//2077
f 2076//2076 2077//2077 2078//2078
f 2078//2078 2077//2077 2079//2079
f 2078//2078 2079//2079 2080//2080
f 2080//2080 2079//2079 2081//2081
f 2080//2080 2081//2081 2082//2082
f 2082//2082 2081//2081 2083//2083
f 2082//2082 2083//2083 2084//2084
f 2084//2084 2083//2083 2085//2085
f 2084//2084 2085//2085 2086//2086
f 2086//2086 2085//2085 2087//2087
f 2086//2086 2087//2087 2088//2088
f 2088//2088 2087//2087 2089//2089
f 2088//2088 2089//2089 2090//2090
f 2090//2090 2089//2089 2091//2091
f 2090//2090 2091//2091 2092//2092
f 2092//2092 2091//2091 2093//2093
f 2092//2092 2093//2093 2094//2094
f 2094//2094 2093//2093 2095//2095
f 2094//2094 2095//2095 2096//2096
f 2096//2096 2095//2095 2097//2097
f 2096//2096 2097//2097 2098//2098
f 2098//2098 2097//2097 2099//2099
f 2098//2098 2099//2099 2100//2100
f 2100//2100 2099//2099 2101//2101
f 2100//2100 2101//2101 2102//2102
f 2102//2102 2101//2101 2103//2103
f 2102//2102 2103//2103 2104//2104
f 2104//2104 2103//2103 2105//2105
f 2104//2104 2105//2105 2106//2106
f 2104//2104 2106//2106 2107//2107
f 2107//2107 2106//2106 2108//2108
f 2107//2107 2108//2108 2109//2109
f 2109//2109 2108//2108 2110//2110
f 2109//2109 2110//2110 2111//2111
f 2111//2111 2110//2110 2112//2112
f 2111//2111 2112//2112 2113//2113
f 2113//2113 2112//2112 2114//2114
f 2113//2113 2114//2114 2115//2115
f 2115//2115 2114//2114 2116//2116
f 2115//2115 2116//2116 2117//2117
f 2117//2117 2116//2116 2118//2118
f 2117//2117 2118//2118 2119//2119
f 2119//2119 2118//2118 2120//2120
f 2119//2119 2120//2120 2121//2121
f 2121//2121 2120//2120 2122//2122
f 2121//2121 2122//2122 2123//2123
f 2123//2123 2122//2122 2124//2124
f 2123//2123 2124//2124 2125//2125
f 2125//2125 2124//2124 2126//2126
f 2125//2125 2126//2126 2127//2127
f 2127//2127 2126//2126 2128//2128
f 2127//2127 2128//2128 2129//2129
f 2129//2129 2128//2128 2130//2130
f 2129//2129 2130//2130 2131//2131
f 2131//2131 2130//2130 2132//2132
f 2131//2131 2132//2132 2133//2133
f 2133//2133 2132//2132 2134//2134
f 2133//2133 2134//2134 2135//2135
f 2135//2135 2134//2134 2136//2136
f 2135//2135 2136//2136 2137//2137
f 2137//2137 2136//2136 2138//2138
f 2137//2137 2138//2138 2139//2139
f 2139//2139 2138//2138 2140//2140
f 2139//2139 2140//2140 2141//2141
f 2141//2141 2140//2140 2142//2142
f 2141//2141 2142//2142 2143//2143
f 2143//2143 2142//2142 2144//2144
f 2143//2143 2144//2144 2145//2145
f 2145//2145 2144//2144 2060//2060
f 2145//2145 2060//2060 2062//2062
f 2146//2146 2147//2147 2148//2148
f 2148//2148 2147//2147 2149//2149
f 2148//2148 2149//2149 2150//2150
f 2148//2148 2150//2150 2151//2151
f 2151//2151 2150//2150 2152//2152
f 2151//2151 2152//2152 2153//2153
f 2153//2153 2152//2152 2154//2154
f 2153//2153 2154//2154 2155//2155
f 2155//2155 2154//2154 2156//2156
f 2155//2155 2156//2156 2157//2157
f 2157//2157 2156//2156 2158//2158
f 2157//2157 2158//2158 2159//2159
f 2159//2159 2158//2158 2160//2160
f 2159//2159 2160//2160 2161//2161
f 2161//2161 2160//2160 2162//2162
f 2161//2161 2162//2162 2163//2163
f 2163//2163 2162//2162 2164//2164
f 2163//2163 2164//2164 2165//2165
f 2165//2165 2164//2164 2166//2166
f 2165//2165 2166//2166 2167//2167
f 2167//2167 2166//2166 2168//2168
f 2167//2167 2168//2168 2169//2169
f 2169//2169 2168//2168 2170//2170
f 2169//2169 2170//2170 2171//2171
f 2171//2171 2170//2170 2172//2172
f 2171//2171 2172//2172 2173//2173
f 2173//2173 2172//2172 2174//2174
f 2173//2173 2174//2174 2175//2175
f 2175//2175 2174//2174 2176//2176
f 2175//2175 2176//2176 2177//2177
f 2177//2177 2176//2176 2178//2178
f 2177//2177 2178//2178 2179//2179
f 2179//2179 2178//2178 2180//2180
f 2179//2179 2180//2180 2181//2181
f 2181//2181 2180//2180 2182//2182
f 2181//2181 2182//2182 2183//2183
f 2183//2183 2182//2182 2184//2184
f 2183//2183 2184//2184 2185//2185
f 2185//2185 2184//2184 2186//2186
f 2185//2185 2186//2186 2187//2187
f 2187//2187 2186//2186 2188//2188
f 2188//2188 2186//2186 2189//2189
f 2190//2190 2191//2191 2192//2192
f 2192//2192 2191//2191 2193//2193
f 2192//2192 2193//2193 2194//2194
f 2192//2192 2194//2194 2195//2195
f 2195//2195 2194//2194 2196//2196
f 2195//2195 2196//2196 2197//2197
f 2197//2197 2198//2198 2195//2195
f 2195//2195 2198//2198 2199//2199
f 2195//2195 2199//2199 2200//2200
f 2195//2195 2200//2200 2201//2201
f 2201//2201 2200//2200 2202//2202
f 2201//2201 2202//2202 2203//2203
f 2201//2201 2203//2203 2204//2204
f 2204//2204 2203//2203 2205//2205
f 2204//2204 2205//2205 2206//2206
f 2206//2206 2205//2205 2207//2207
f 2206//2206 2207//2207 2208//2208
f 2208//2208 2207//2207 2209//2209
f 2209//2209 2207//2207 2210//2210
f 2209//2209 2210//2210 2211//2211
f 2211//2211 2210//2210 2212//2212
f 2211//2211 2212//2212 2213//2213
f 2213//2213 2212//2212 2214//2214
f 2213//2213 2214//2214 2215//2215
f 2215//2215 2214//2214 2216//2216
f 2215//2215 2216//2216 2217//2217
f 2217//2217 2216//2216 2218//2218
f 2217//2217 2218//2218 2219//2219
f 2219//2219 2218//2218 2220//2220
f 2219//2219 2220//2220 2221//2221
f 2221//2221 2220//2220 2222//2222
f 2221//2221 2222//2222 2223//2223
f 2223//2223 2222//2222 2224//2224
f 2223//2223 2224//2224 2225//2225
f 2225//2225 2224//2224 2226//2226
f 2226//2226 2224//2224 2227//2227
f 2226//2226 2227//2227 2228//2228
f 2228//2228 2227//2227 2229//2229
f 2228//2228 2229//2229 2230//2230
f 2230//2230 2229//2229 2231//2231
f 2230//2230 2231//2231 2232//2232
f 2230//2230 2232//2232 2233//2233
f 2233//2233 2232//2232 2234//2234
f 2233//2233 2234//2234 2235//2235
f 2235//2235 2236//2236 2233//2233
f 2233//2233 2236//2236 2237//2237
f 2233//2233 2237//2237 2238//2238
f 2233//2233 2238//2238 2239//2239
f 2239//2239 2238//2238 2240//2240
f 2239//2239 2240//2240 2241//2241
f 2241//2241 2242//2242 2239//2239
f 2239//2239 2242//2242 2243//2243
f 2239//2239 2243//2243 2244//2244
f 2239//2239 2244//2244 2245//2245
f 2245//2245 2244//2244 2246//2246
f 2245//2245 2246//2246 2247//2247
f 2245//2245 2247//2247 2248//2248
f 2248//2248 2247//2247 2249//2249
f 2248//2248 2249//2249 2250//2250
f 2250//2250 2249//2249 2251//2251
f 2250//2250 2251//2251 2252//2252
f 2252//2252 2251//2251 2253//2253
f 2253//2253 2251//2251 2254//2254
f 2253//2253 2254//2254 2255//2255
f 2255//2255 2254//2254 2256//2256
f 2255//2255 2256//2256 2257//2257
f 2257//2257 2256//2256 2258//2258
f 2257//2257 2258//2258 2259//2259
f 2259//2259 2258//2258 2260//2260
f 2259//2259 2260//2260 2261//2261
f 2261//2261 2260//2260 2262//2262
f 2261//2261 2262//2262 2263//2263
f 2263//2263 2262//2262 2264//2264
f 2263//2263 2264//2264 2265//2265
f 2265//2265 2264//2264 2266//2266
f 2265//2265 2266//2266 2267//2267
f 2267//2267 2266//2266 2268//2268
f 2267//2267 2268//2268 2269//2269
f 2269//2269 2268//2268 2270//2270
f 2270//2270 2268//2268 2271//2271
f 2270//2270 2271//2271 2272//2272
f 2272//2272 2271//2271 2273//2273
f 2272//2272 2273//2273 2274//2274
f 2274//2274 2273//2273 2275//2275
f 2274//2274 2275//2275 2276//2276
f 2274//2274 2276//2276 2192//2192
f 2192//2192 2276//2276 2190//2190
f 2277//2277 2278//2278 2279//2279
f 2279//2279 2278//2278 2280//2280
f 2279//2279 2280//2280 2281//2281
f 2281//2281 2280//2280 2282//2282
f 2281//2281 2282//2282 2283//2283
f 2283//2283 2282//2282 2284//2284
f 2283//2283 2284//2284 2285//2285
f 2285//2285 2284//2284 2286//2286
f 2285//2285 2286//2286 2287//2287
f 2287//2287 2286//2286 2288//2288
f 2287//2287 2288//2288 2289//2289
f 2289//2289 2288//2288 2290//2290
f 2289//2289 2290//2290 2291//2291
f 2291//2291 2290//2290 2292//2292
f 2291//2291 2292//2292 2293//2293
f 2293//2293 2292//2292 2294//2294
f 2293//2293 2294//2294 2295//2295
f 2295//2295 2294//2294 2296//2296
f 2295//2295 2296//2296 2297//2297
f 2297//2297 2296//2296 2298//2298
f 2297//2297 2298//2298 2299//2299
f 2299//2299 2298//2298 2300//2300
f 2299//2299 2300//2300 2301//2301
f 2301//2301 2300//2300 2302//2302
f 2301//2301 2302//2302 2303//2303
f 2303//2303 2302//2302 2304//2304
f 2303//2303 2304//2304 2305//2305
f 2305//2305 2304//2304 2306//2306
f 2305//2305 2306//2306 2307//2307
f 2307//2307 2306//2306 2308//2308
f 2307//2307 2308//2308 2309//2309
f 2309//2309 2308//2308 2310//2310
f 2309//2309 2310//2310 2311//2311
f 2311//2311 2310//2310 2312//2312
f 2311//2311 2312//2312 2313//2313
f 2313//2313 2312//2312 2314//2314
f 2313//2313 2314//2314 2315//2315
f 2315//2315 2314//2314 2316//2316
f 2315//2315 2316//2316 2317//2317
f 2317//2317 2316//2316 2318//2318
f 2317//2317 2318//2318 2319//2319
f 2319//2319 2318//2318 2320//2320
f 2319//2319 2320//2320 2321//2321
f 2321//2321 2320//2320 2322//2322
f 2321//2321 2322//2322 2323//2323
f 2323//2323 2322//2322 2324//2324
f 2323//2323 2324//2324 2325//2325
f 2278//2278 2326//2326 2280//2280
f 2280//2280 2326//2326 2282//2282
f 2326//2326 2327//2327 2282//2282
f 2282//2282 2327//2327 2328//2328
f 2282//2282 2328//2328 2284//2284
f 2284//2284 2328//2328 2329//2329
f 2284//2284 2329//2329 2286//2286
f 2286//2286 2329//2329 2330//2330
f 2286//2286 2330//2330 2288//2288
f 2288//2288 2330//2330 2331//2331
f 2288//2288 2331//2331 2332//2332
f 2288//2288 2332//2332 2290//2290
f 2290//2290 2332//2332 2333//2333
f 2290//2290 2333//2333 2292//2292
f 2292//2292 2333//2333 2334//2334
f 2292//2292 2334//2334 2335//2335
f 2292//2292 2335//2335 2294//2294
f 2294//2294 2335//2335 2336//2336
f 2294//2294 2336//2336 2296//2296
f 2296//2296 2336//2336 2337//2337
f 2296//2296 2337//2337 2338//2338
f 2338//2338 2339//2339 2296//2296
f 2296//2296 2339//2339 2298//2298
f 2339//2339 2340//2340 2298//2298
f 2298//2298 2340//2340 2341//2341
f 2298//2298 2341//2341 2300//2300
f 2300//2300 2341//2341 2342//2342
f 2300//2300 2342//2342 2302//2302
f 2302//2302 2342//2342 2343//2343
f 2302//2302 2343//2343 2344//2344
f 2302//2302 2344//2344 2304//2304
f 2304//2304 2344//2344 2345//2345
f 2304//2304 2345//2345 2306//2306
f 2306//2306 2345//2345 2346//2346
f 2306//2306 2346//2346 2347//2347
f 2306//2306 2347//2347 2308//2308
f 2308//2308 2347//2347 2348//2348
f 2308//2308 2348//2348 2349//2349
f 2308//2308 2349//2349 2310//2310
f 2310//2310 2349//2349 2350//2350
f 2310//2310 2350//2350 2312//2312
f 2312//2312 2350//2350 2351//2351
f 2312//2312 2351//2351 2352//2352
f 2350//2350 2353//2353 2351//2351
f 2351//2351 2353//2353 2354//2354
f 2312//2312 2352//2352 2314//2314
f 2314//2314 2352//2352 2355//2355
f 2314//2314 2355//2355 2356//2356
f 2314//2314 2356//2356 2316//2316
f 2316//2316 2356//2356 2357//2357
f 2316//2316 2357//2357 2318//2318
f 2318//2318 2357//2357 2358//2358
f 2318//2318 2358//2358 2359//2359
f 2318//2318 2359//2359 2320//2320
f 2320//2320 2359//2359 2360//2360
f 2320//2320 2360//2360 2361//2361
f 2361//2361 2362//2362 2320//2320
f 2320//2320 2362//2362 2363//2363
f 2320//2320 2363//2363 2322//2322
f 2322//2322 2363//2363 2364//2364
f 2322//2322 2364//2364 2365//2365
f 2366//2366 2367//2367 2365//2365
f 2365//2365 2367//2367 2368//2368
f 2365//2365 2368//2368 2369//2369
f 2365//2365 2369//2369 2322//2322
f 2322//2322 2369//2369 2324//2324
f 2323//2323 2325//2325 2370//2370
f 2370//2370 2325//2325 2371//2371
f 2370//2370 2371//2371 2372//2372
f 2372//2372 2373//2373 2370//2370
f 2370//2370 2373//2373 2374//2374
f 2370//2370 2374//2374 2323//2323
f 2323//2323 2374//2374 2321//2321
f 2373//2373 2375//2375 2374//2374
f 2374//2374 2375//2375 2376//2376
f 2374//2374 2376//2376 2321//2321
f 2321//2321 2376//2376 2319//2319
f 2375//2375 2377//2377 2376//2376
f 2376//2376 2377//2377 2378//2378
f 2376//2376 2378//2378 2319//2319
f 2319//2319 2378//2378 2317//2317
f 2377//2377 2379//2379 2378//2378
f 2378//2378 2379//2379 2380//2380
f 2378//2378 2380//2380 2381//2381
f 2381//2381 2380//2380 2382//2382
f 2381//2381 2382//2382 2383//2383
f 2383//2383 2382//2382 2384//2384
f 2383//2383 2384//2384 2385//2385
f 2383//2383 2385//2385 2386//2386
f 2386//2386 2385//2385 2387//2387
f 2386//2386 2387//2387 2388//2388
f 2388//2388 2387//2387 2389//2389
f 2388//2388 2389//2389 2390//2390
f 2390//2390 2389//2389 2391//2391
f 2390//2390 2391//2391 2392//2392
f 2392//2392 2391//2391 2393//2393
f 2392//2392 2393//2393 2394//2394
f 2392//2392 2394//2394 2395//2395
f 2395//2395 2394//2394 2396//2396
f 2395//2395 2396//2396 2397//2397
f 2397//2397 2396//2396 2398//2398
f 2397//2397 2398//2398 2399//2399
f 2397//2397 2399//2399 2400//2400
f 2400//2400 2399//2399 2401//2401
f 2400//2400 2401//2401 2402//2402
f 2400//2400 2402//2402 2403//2403
f 2403//2403 2402//2402 2404//2404
f 2403//2403 2404//2404 2405//2405
f 2405//2405 2404//2404 2406//2406
f 2405//2405 2406//2406 2407//2407
f 2405//2405 2407//2407 2408//2408
f 2408//2408 2407//2407 2409//2409
f 2408//2408 2409//2409 2410//2410
f 2408//2408 2410//2410 2411//2411
f 2411//2411 2410//2410 2412//2412
f 2411//2411 2412//2412 2413//2413
f 2413//2413 2412//2412 2414//2414
f 2413//2413 2414//2414 2415//2415
f 2413//2413 2415//2415 2416//2416
f 2416//2416 2415//2415 2417//2417
f 2416//2416 2417//2417 2418//2418
f 2418//2418 2417//2417 2419//2419
f 2418//2418 2419//2419 2420//2420
f 2420//2420 2419//2419 2421//2421
f 2420//2420 2421//2421 2422//2422
f 2420//2420 2422//2422 2423//2423
f 2423//2423 2422//2422 2424//2424
f 2423//2423 2424//2424 2425//2425
f 2425//2425 2426//2426 2423//2423
f 2423//2423 2426//2426 2281//2281
f 2423//2423 2281//2281 2283//2283
f 2426//2426 2279//2279 2281//2281
f 2378//2378 2381//2381 2317//2317
f 2317//2317 2381//2381 2315//2315
f 2381//2381 2383//2383 2315//2315
f 2315//2315 2383//2383 2313//2313
f 2383//2383 2386//2386 2313//2313
f 2313//2313 2386//2386 2311//2311
f 2386//2386 2388//2388 2311//2311
f 2311//2311 2388//2388 2309//2309
f 2388//2388 2390//2390 2309//2309
f 2309//2309 2390//2390 2307//2307
f 2390//2390 2392//2392 2307//2307
f 2307//2307 2392//2392 2305//2305
f 2392//2392 2395//2395 2305//2305
f 2305//2305 2395//2395 2303//2303
f 2395//2395 2397//2397 2303//2303
f 2303//2303 2397//2397 2301//2301
f 2397//2397 2400//2400 2301//2301
f 2301//2301 2400//2400 2299//2299
f 2400//2400 2403//2403 2299//2299
f 2299//2299 2403//2403 2297//2297
f 2403//2403 2405//2405 2297//2297
f 2297//2297 2405//2405 2295//2295
f 2405//2405 2408//2408 2295//2295
f 2295//2295 2408//2408 2293//2293
f 2408//2408 2411//2411 2293//2293
f 2293//2293 2411//2411 2291//2291
f 2411//2411 2413//2413 2291//2291
f 2291//2291 2413//2413 2289//2289
f 2413//2413 2416//2416 2289//2289
f 2289//2289 2416//2416 2287//2287
f 2416//2416 2418//2418 2287//2287
f 2287//2287 2418//2418 2285//2285
f 2418//2418 2420//2420 2285//2285
f 2285//2285 2420//2420 2283//2283
f 2420//2420 2423//2423 2283//2283
f 2427//2427 2428//2428 2429//2429
f 2429//2429 2428//2428 2430//2430
f 2429//2429 2430//2430 2431//2431
f 2431//2431 2430//2430 2432//2432
f 2431//2431 2432//2432 2433//2433
f 2433//2433 2432//2432 2434//2434
f 2433//2433 2434//2434 2435//2435
f 2435//2435 2434//2434 2436//2436
f 2435//2435 2436//2436 2437//2437
f 2437//2437 2436//2436 2438//2438
f 2437//2437 2438//2438 2439//2439
f 2439//2439 2438//2438 2440//2440
f 2439//2439 2440//2440 2441//2441
f 2441//2441 2440//2440 2442//2442
f 2441//2441 2442//2442 2443//2443
f 2443//2443 2442//2442 2444//2444
f 2443//2443 2444//2444 2445//2445
f 2445//2445 2444//2444 2446//2446
f 2445//2445 2446//2446 2447//2447
f 2447//2447 2446//2446 2448//2448
f 2447//2447 2448//2448 2449//2449
f 2449//2449 2448//2448 2450//2450
f 2449//2449 2450//2450 2451//2451
f 2451//2451 2450//2450 2452//2452
f 2451//2451 2452//2452 2453//2453
f 2453//2453 2452//2452 2454//2454
f 2453//2453 2454//2454 2455//2455
f 2455//2455 2454//2454 2456//2456
f 2455//2455 2456//2456 2457//2457
f 2457//2457 2456//2456 2458//2458
f 2458//2458 2456//2456 2459//2459
f 2458//2458 2459//2459 2460//2460
f 2460//2460 2459//2459 2461//2461
f 2461//2461 2459//2459 2462//2462
f 2461//2461 2462//2462 2463//2463
f 2463//2463 2462//2462 2464//2464
f 2463//2463 2464//2464 2465//2465
f 2465//2465 2464//2464 2466//2466
f 2465//2465 2466//2466 2467//2467
f 2467//2467 2466//2466 2468//2468
f 2467//2467 2468//2468 2469//2469
f 2427//2427 2470//2470 2428//2428
f 2428//2428 2470//2470 2471//2471
f 2428//2428 2471//2471 2472//2472
f 2472//2472 2471//2471 2473//2473
f 2472//2472 2473//2473 2474//2474
f 2474//2474 2475//2475 2472//2472
f 2472//2472 2475//2475 2476//2476
f 2472//2472 2476//2476 2477//2477
f 2477//2477 2476//2476 2478//2478
f 2477//2477 2478//2478 2479//2479
f 2479//2479 2480//2480 2477//2477
f 2477//2477 2480//2480 2481//2481
f 2477//2477 2481//2481 2482//2482
f 2482//2482 2481//2481 2483//2483
f 2482//2482 2483//2483 2484//2484
f 2484//2484 2485//2485 2482//2482
f 2482//2482 2485//2485 2486//2486
f 2482//2482 2486//2486 2487//2487
f 2487//2487 2486//2486 2488//2488
f 2487//2487 2488//2488 2489//2489
f 2485//2485 2490//2490 2486//2486
f 2486//2486 2490//2490 2488//2488
f 2487//2487 2489//2489 2491//2491
f 2491//2491 2489//2489 2492//2492
f 2491//2491 2492//2492 2493//2493
f 2493//2493 2492//2492 2494//2494
f 2493//2493 2494//2494 2495//2495
f 2495//2495 2494//2494 2496//2496
f 2495//2495 2496//2496 2497//2497
f 2495//2495 2497//2497 2498//2498
f 2498//2498 2497//2497 2499//2499
f 2498//2498 2499//2499 2500//2500
f 2500//2500 2499//2499 2501//2501
f 2500//2500 2501//2501 2502//2502
f 2502//2502 2501//2501 2503//2503
f 2502//2502 2503//2503 2504//2504
f 2504//2504 2503//2503 2505//2505
f 2504//2504 2505//2505 2506//2506
f 2506//2506 2505//2505 2507//2507
f 2506//2506 2507//2507 2508//2508
f 2508//2508 2507//2507 2509//2509
f 2508//2508 2509//2509 2510//2510
f 2510//2510 2509//2509 2511//2511
f 2510//2510 2511//2511 2444//2444
f 2444//2444 2511//2511 2446//2446
f 2509//2509 2512//2512 2511//2511
f 2511//2511 2512//2512 2513//2513
f 2511//2511 2513//2513 2446//2446
f 2446//2446 2513//2513 2448//2448
f 2512//2512 2514//2514 2513//2513
f 2513//2513 2514//2514 2515//2515
f 2513//2513 2515//2515 2448//2448
f 2448//2448 2515//2515 2450//2450
f 2515//2515 2514//2514 2516//2516
f 2516//2516 2514//2514 2517//2517
f 2516//2516 2517//2517 2518//2518
f 2518//2518 2517//2517 2519//2519
f 2518//2518 2519//2519 2520//2520
f 2521//2521 2522//2522 2520//2520
f 2520//2520 2522//2522 2523//2523
f 2520//2520 2523//2523 2518//2518
f 2518//2518 2523//2523 2454//2454
f 2518//2518 2454//2454 2452//2452
f 2522//2522 2521//2521 2524//2524
f 2524//2524 2521//2521 2525//2525
f 2524//2524 2525//2525 2526//2526
f 2524//2524 2526//2526 2527//2527
f 2527//2527 2526//2526 2528//2528
f 2527//2527 2528//2528 2466//2466
f 2466//2466 2528//2528 2468//2468
f 2529//2529 2530//2530 2469//2469
f 2469//2469 2530//2530 2531//2531
f 2469//2469 2531//2531 2467//2467
f 2467//2467 2531//2531 2532//2532
f 2467//2467 2532//2532 2465//2465
f 2465//2465 2532//2532 2533//2533
f 2465//2465 2533//2533 2463//2463
f 2530//2530 2529//2529 2534//2534
f 2534//2534 2529//2529 2535//2535
f 2534//2534 2535//2535 2536//2536
f 2536//2536 2535//2535 2537//2537
f 2536//2536 2537//2537 2538//2538
f 2538//2538 2537//2537 2539//2539
f 2538//2538 2539//2539 2540//2540
f 2540//2540 2539//2539 2541//2541
f 2540//2540 2541//2541 2542//2542
f 2542//2542 2541//2541 2543//2543
f 2542//2542 2543//2543 2544//2544
f 2544//2544 2543//2543 2545//2545
f 2544//2544 2545//2545 2546//2546
f 2546//2546 2545//2545 2547//2547
f 2546//2546 2547//2547 2548//2548
f 2548//2548 2547//2547 2549//2549
f 2548//2548 2549//2549 2550//2550
f 2550//2550 2549//2549 2551//2551
f 2550//2550 2551//2551 2552//2552
f 2552//2552 2551//2551 2553//2553
f 2552//2552 2553//2553 2554//2554
f 2554//2554 2553//2553 2555//2555
f 2554//2554 2555//2555 2556//2556
f 2556//2556 2555//2555 2557//2557
f 2556//2556 2557//2557 2558//2558
f 2558//2558 2557//2557 2559//2559
f 2558//2558 2559//2559 2560//2560
f 2560//2560 2559//2559 2561//2561
f 2561//2561 2559//2559 2562//2562
f 2561//2561 2562//2562 2563//2563
f 2563//2563 2562//2562 2564//2564
f 2564//2564 2562//2562 2565//2565
f 2565//2565 2562//2562 2566//2566
f 2566//2566 2562//2562 2567//2567
f 2566//2566 2567//2567 2568//2568
f 2568//2568 2567//2567 2569//2569
f 2569//2569 2567//2567 2570//2570
f 2570//2570 2567//2567 2571//2571
f 2571//2571 2567//2567 2572//2572
f 2571//2571 2572//2572 2573//2573
f 2573//2573 2572//2572 2574//2574
f 2574//2574 2572//2572 2575//2575
f 2575//2575 2572//2572 2576//2576
f 2575//2575 2576//2576 2577//2577
f 2577//2577 2576//2576 2578//2578
f 2578//2578 2576//2576 2579//2579
f 2579//2579 2576//2576 2580//2580
f 2579//2579 2580//2580 2581//2581
f 2581//2581 2580//2580 2582//2582
f 2582//2582 2580//2580 2583//2583
f 2582//2582 2583//2583 2584//2584
f 2584//2584 2583//2583 2585//2585
f 2584//2584 2585//2585 2586//2586
f 2586//2586 2585//2585 2587//2587
f 2586//2586 2587//2587 2588//2588
f 2588//2588 2587//2587 2589//2589
f 2589//2589 2587//2587 2557//2557
f 2589//2589 2557//2557 2555//2555
f 2581//2581 2590//2590 2579//2579
f 2579//2579 2590//2590 2591//2591
f 2591//2591 2590//2590 2592//2592
f 2593//2593 2594//2594 2560//2560
f 2560//2560 2594//2594 2595//2595
f 2560//2560 2595//2595 2558//2558
f 2558//2558 2595//2595 2596//2596
f 2558//2558 2596//2596 2597//2597
f 2558//2558 2597//2597 2598//2598
f 2598//2598 2597//2597 2599//2599
f 2598//2598 2599//2599 2600//2600
f 2600//2600 2601//2601 2598//2598
f 2598//2598 2601//2601 2602//2602
f 2598//2598 2602//2602 2554//2554
f 2554//2554 2602//2602 2552//2552
f 2601//2601 2603//2603 2602//2602
f 2602//2602 2603//2603 2604//2604
f 2602//2602 2604//2604 2605//2605
f 2605//2605 2604//2604 2606//2606
f 2605//2605 2606//2606 2607//2607
f 2607//2607 2606//2606 2608//2608
f 2607//2607 2608//2608 2609//2609
f 2609//2609 2608//2608 2610//2610
f 2609//2609 2610//2610 2611//2611
f 2611//2611 2610//2610 2612//2612
f 2611//2611 2612//2612 2613//2613
f 2613//2613 2612//2612 2614//2614
f 2613//2613 2614//2614 2615//2615
f 2613//2613 2615//2615 2616//2616
f 2616//2616 2615//2615 2617//2617
f 2616//2616 2617//2617 2618//2618
f 2618//2618 2619//2619 2616//2616
f 2616//2616 2619//2619 2620//2620
f 2616//2616 2620//2620 2540//2540
f 2540//2540 2620//2620 2538//2538
f 2619//2619 2621//2621 2620//2620
f 2620//2620 2621//2621 2622//2622
f 2620//2620 2622//2622 2538//2538
f 2538//2538 2622//2622 2536//2536
f 2621//2621 2623//2623 2622//2622
f 2622//2622 2623//2623 2624//2624
f 2622//2622 2624//2624 2625//2625
f 2625//2625 2624//2624 2626//2626
f 2625//2625 2626//2626 2627//2627
f 2627//2627 2626//2626 2628//2628
f 2627//2627 2628//2628 2629//2629
f 2629//2629 2628//2628 2630//2630
f 2629//2629 2630//2630 2532//2532
f 2532//2532 2630//2630 2533//2533
f 2482//2482 2487//2487 2477//2477
f 2477//2477 2487//2487 2491//2491
f 2477//2477 2491//2491 2472//2472
f 2472//2472 2491//2491 2493//2493
f 2472//2472 2493//2493 2428//2428
f 2428//2428 2493//2493 2495//2495
f 2428//2428 2495//2495 2430//2430
f 2430//2430 2495//2495 2498//2498
f 2430//2430 2498//2498 2432//2432
f 2432//2432 2498//2498 2500//2500
f 2432//2432 2500//2500 2434//2434
f 2434//2434 2500//2500 2502//2502
f 2434//2434 2502//2502 2436//2436
f 2436//2436 2502//2502 2504//2504
f 2436//2436 2504//2504 2438//2438
f 2438//2438 2504//2504 2506//2506
f 2438//2438 2506//2506 2440//2440
f 2440//2440 2506//2506 2508//2508
f 2440//2440 2508//2508 2442//2442
f 2442//2442 2508//2508 2510//2510
f 2442//2442 2510//2510 2444//2444
f 2515//2515 2516//2516 2450//2450
f 2450//2450 2516//2516 2452//2452
f 2516//2516 2518//2518 2452//2452
f 2454//2454 2523//2523 2456//2456
f 2456//2456 2523//2523 2522//2522
f 2456//2456 2522//2522 2459//2459
f 2459//2459 2522//2522 2524//2524
f 2459//2459 2524//2524 2462//2462
f 2462//2462 2524//2524 2527//2527
f 2462//2462 2527//2527 2464//2464
f 2464//2464 2527//2527 2466//2466
f 2532//2532 2531//2531 2629//2629
f 2629//2629 2531//2531 2530//2530
f 2629//2629 2530//2530 2627//2627
f 2627//2627 2530//2530 2534//2534
f 2627//2627 2534//2534 2625//2625
f 2625//2625 2534//2534 2536//2536
f 2625//2625 2536//2536 2622//2622
f 2540//2540 2542//2542 2616//2616
f 2616//2616 2542//2542 2613//2613
f 2542//2542 2544//2544 2613//2613
f 2613//2613 2544//2544 2611//2611
f 2544//2544 2546//2546 2611//2611
f 2611//2611 2546//2546 2609//2609
f 2546//2546 2548//2548 2609//2609
f 2609//2609 2548//2548 2607//2607
f 2552//2552 2602//2602 2605//2605
f 2548//2548 2550//2550 2607//2607
f 2607//2607 2550//2550 2605//2605
f 2550//2550 2552//2552 2605//2605
f 2556//2556 2558//2558 2598//2598
f 2556//2556 2598//2598 2554//2554
f 2557//2557 2587//2587 2559//2559
f 2559//2559 2587//2587 2562//2562
f 2587//2587 2585//2585 2562//2562
f 2562//2562 2585//2585 2567//2567
f 2580//2580 2576//2576 2572//2572
f 2585//2585 2583//2583 2567//2567
f 2567//2567 2583//2583 2572//2572
f 2583//2583 2580//2580 2572//2572
f 2631//2631 2632//2632 2633//2633
f 2633//2633 2632//2632 2634//2634
f 2633//2633 2634//2634 2635//2635
f 2635//2635 2634//2634 2636//2636
f 2635//2635 2636//2636 2637//2637
f 2637//2637 2636//2636 2638//2638
f 2638//2638 2636//2636 2639//2639
f 2638//2638 2639//2639 2640//2640
f 2640//2640 2639//2639 2641//2641
f 2640//2640 2641//2641 2642//2642
f 2642//2642 2641//2641 2643//2643
f 2643//2643 2641//2641 2644//2644
f 2643//2643 2644//2644 2645//2645
f 2645//2645 2644//2644 2646//2646
f 2646//2646 2644//2644 2647//2647
f 2646//2646 2647//2647 2648//2648
f 2648//2648 2647//2647 2649//2649
f 2648//2648 2649//2649 2650//2650
f 2650//2650 2649//2649 2651//2651
f 2650//2650 2651//2651 2652//2652
f 2652//2652 2651//2651 2653//2653
f 2653//2653 2651//2651 2654//2654
f 2653//2653 2654//2654 2655//2655
f 2655//2655 2654//2654 2656//2656
f 2656//2656 2654//2654 2657//2657
f 2656//2656 2657//2657 2658//2658
f 2658//2658 2657//2657 2659//2659
f 2659//2659 2657//2657 2660//2660
f 2659//2659 2660//2660 2661//2661
f 2661//2661 2660//2660 2662//2662
f 2662//2662 2660//2660 2663//2663
f 2662//2662 2663//2663 2664//2664
f 2664//2664 2663//2663 2665//2665
f 2665//2665 2663//2663 2666//2666
f 2665//2665 2666//2666 2667//2667
f 2667//2667 2666//2666 2668//2668
f 2668//2668 2666//2666 2669//2669
f 2668//2668 2669//2669 2670//2670
f 2670//2670 2669//2669 2671//2671
f 2670//2670 2671//2671 2672//2672
f 2672//2672 2671//2671 2673//2673
f 2673//2673 2671//2671 2674//2674
f 2673//2673 2674//2674 2675//2675
f 2675//2675 2674//2674 2676//2676
f 2675//2675 2676//2676 2677//2677
f 2677//2677 2676//2676 2678//2678
f 2678//2678 2676//2676 2679//2679
f 2678//2678 2679//2679 2680//2680
f 2680//2680 2679//2679 2681//2681
f 2680//2680 2681//2681 2682//2682
f 2682//2682 2681//2681 2683//2683
f 2683//2683 2681//2681 2684//2684
f 2683//2683 2684//2684 2685//2685
f 2686//2686 2687//2687 2688//2688
f 2688//2688 2687//2687 2689//2689
f 2688//2688 2689//2689 2690//2690
f 2690//2690 2691//2691 2688//2688
f 2688//2688 2691//2691 2692//2692
f 2688//2688 2692//2692 2693//2693
f 2696//2696 2698//2698 2695//2695
f 2694//2694 2699//2699 2701//2701
f 2693//2693 2702//2702 2688//2688
f 2688//2688 2702//2702 2703//2703
f 2703//2703 2702//2702 2704//2704
f 2703//2703 2704//2704 2705//2705
f 2700//2700 2697//2697 2706//2706
f 2706//2706 2697//2697 2707//2707
f 2706//2706 2707//2707 2708//2708
f 2708//2708 2707//2707 2709//2709
f 2708//2708 2709//2709 2710//2710
f 2710//2710 2709//2709 2711//2711
f 2710//2710 2711//2711 2712//2712
f 2713//2713 2714//2714 2702//2702
f 2702//2702 2714//2714 2715//2715
f 2702//2702 2715//2715 2716//2716
f 2713//2713 2717//2717 2714//2714
f 2714//2714 2717//2717 2718//2718
f 2714//2714 2718//2718 2719//2719
f 2719//2719 2720//2720 2714//2714
f 2714//2714 2720//2720 2721//2721
f 2714//2714 2722//2722 2715//2715
f 2715//2715 2722//2722 2723//2723
f 2723//2723 2722//2722 2724//2724
f 2724//2724 2722//2722 2725//2725
f 2725//2725 2722//2722 2726//2726
f 2726//2726 2722//2722 2727//2727
f 2727//2727 2722//2722 2728//2728
f 2728//2728 2722//2722 2729//2729
f 2729//2729 2722//2722 2730//2730
f 2730//2730 2722//2722 2731//2731
f 2716//2716 2732//2732 2702//2702
f 2702//2702 2732//2732 2733//2733
f 2702//2702 2733//2733 2704//2704
f 2705//2705 2734//2734 2703//2703
f 2703//2703 2734//2734 2735//2735
f 2703//2703 2735//2735 2736//2736
f 2736//2736 2737//2737 2703//2703
f 2703//2703 2737//2737 2738//2738
f 2703//2703 2738//2738 2739//2739
f 2739//2739 2740//2740 2703//2703
f 2703//2703 2740//2740 2741//2741
f 2742//2742 2743//2743 2744//2744
f 2744//2744 2743//2743 2745//2745
f 2746//2746 2747//2747 2748//2748
f 2748//2748 2747//2747 2749//2749
f 2748//2748 2749//2749 2750//2750
f 2750//2750 2749//2749 2751//2751
f 2750//2750 2751//2751 2752//2752
f 2752//2752 2751//2751 2753//2753
f 2752//2752 2753//2753 2754//2754
f 2754//2754 2753//2753 2755//2755
f 2754//2754 2755//2755 2756//2756
f 2756//2756 2755//2755 2757//2757
f 2756//2756 2757//2757 2758//2758
f 2758//2758 2757//2757 2759//2759
f 2758//2758 2759//2759 2760//2760
f 2760//2760 2759//2759 2761//2761
f 2760//2760 2761//2761 2762//2762
f 2762//2762 2761//2761 2763//2763
f 2762//2762 2763//2763 2764//2764
f 2764//2764 2763//2763 2765//2765
f 2764//2764 2765//2765 2766//2766
f 2766//2766 2765//2765 2767//2767
f 2766//2766 2767//2767 2768//2768
f 2768//2768 2767//2767 2769//2769
f 2768//2768 2769//2769 2770//2770
f 2770//2770 2769//2769 2771//2771
f 2770//2770 2771//2771 2772//2772
f 2772//2772 2771//2771 2773//2773
f 2772//2772 2773//2773 2774//2774
f 2774//2774 2773//2773 2775//2775
f 2774//2774 2775//2775 2776//2776
f 2776//2776 2775//2775 2777//2777
f 2776//2776 2777//2777 2778//2778
f 2778//2778 2777//2777 2779//2779
f 2778//2778 2779//2779 2780//2780
f 2780//2780 2779//2779 2781//2781
f 2780//2780 2781//2781 2782//2782
f 2782//2782 2781//2781 2783//2783
f 2782//2782 2783//2783 2784//2784
f 2784//2784 2783//2783 2785//2785
f 2784//2784 2785//2785 2786//2786
f 2786//2786 2785//2785 2787//2787
f 2786//2786 2787//2787 2788//2788
f 2788//2788 2787//2787 2789//2789
f 2788//2788 2789//2789 2790//2790
f 2790//2790 2789//2789 2791//2791
f 2790//2790 2791//2791 2792//2792
f 2792//2792 2791//2791 2793//2793
f 2792//2792 2793//2793 2794//2794
f 2794//2794 2793//2793 2795//2795
f 2796//2796 2797//2797 2798//2798
f 2798//2798 2797//2797 2799//2799
f 2800//2800 2801//2801 2802//2802
f 2802//2802 2801//2801 2803//2803
f 2802//2802 2803//2803 2804//2804
f 2804//2804 2803//2803 2805//2805
f 2804//2804 2805//2805 2806//2806
f 2806//2806 2805//2805 2807//2807
f 2806//2806 2807//2807 2808//2808
f 2808//2808 2807//2807 2809//2809
f 2808//2808 2809//2809 2810//2810
f 2810//2810 2809//2809 2811//2811
f 2810//2810 2811//2811 2812//2812
f 2812//2812 2811//2811 2813//2813
f 2812//2812 2813//2813 2814//2814
f 2814//2814 2813//2813 2815//2815
f 2814//2814 2815//2815 2816//2816
f 2816//2816 2815//2815 2817//2817
f 2816//2816 2817//2817 2818//2818
f 2818//2818 2817//2817 2819//2819
f 2818//2818 2819//2819 2820//2820
f 2820//2820 2819//2819 2821//2821
f 2820//2820 2821//2821 2822//2822
f 2822//2822 2821//2821 2823//2823
f 2822//2822 2823//2823 2824//2824
f 2824//2824 2823//2823 2825//2825
f 2824//2824 2825//2825 2826//2826
f 2826//2826 2825//2825 2827//2827
f 2826//2826 2827//2827 2828//2828
f 2828//2828 2827//2827 2829//2829
f 2828//2828 2829//2829 2830//2830
f 2830//2830 2829//2829 2831//2831
f 2830//2830 2831//2831 2832//2832
f 2832//2832 2831//2831 2833//2833
f 2832//2832 2833//2833 2834//2834
f 2834//2834 2833//2833 2835//2835
f 2834//2834 2835//2835 2836//2836
f 2836//2836 2835//2835 2837//2837
f 2836//2836 2837//2837 2838//2838
f 2838//2838 2837//2837 2839//2839
f 2838//2838 2839//2839 2840//2840
f 2840//2840 2839//2839 2841//2841
f 2840//2840 2841//2841 2842//2842
f 2842//2842 2841//2841 2843//2843
f 2842//2842 2843//2843 2844//2844
f 2844//2844 2843//2843 2845//2845
f 2844//2844 2845//2845 2846//2846
f 2846//2846 2845//2845 2847//2847
f 2846//2846 2847//2847 2848//2848
f 2848//2848 2847//2847 2849//2849