mtllib material.mtl
usemtl material_0
v 0.04500000 0.00000000 0.00000000
v 0.04507300 -0.00025000 -0.00622500
v 0.04500500 0.00074400 -0.00074400
v 0.04508700 0.00104500 -0.01250900
v 0.04514600 -0.00050000 -0.01245000
v 0.04514600 -0.00050000 -0.01245000
v 0.04511900 0.00026200 -0.01265800
v 0.04511900 0.00026200 -0.01265800
v 0.04529100 -0.00100000 -0.02490000
v 0.04524000 0.00017000 -0.02567000
v 0.04558300 -0.00200000 -0.04980000
v 0.04558300 -0.00200000 -0.04980000
v 0.04525600 0.00167300 -0.03703700
v 0.04525600 0.00167300 -0.03703700
v 0.04534200 0.00200000 -0.04980000
v 0.04517100 0.00135500 -0.02460700
v 0.04504300 -0.04635000 -0.00364300
v 0.04517800 -0.03526200 -0.01518200
v 0.04500000 -0.04635000 0.00000000
v 0.04514600 -0.00050000 -0.01245000
v 0.04507300 -0.00025000 -0.00622500
v 0.04529100 -0.00100000 -0.02490000
v 0.04531300 -0.02417500 -0.02672100
v 0.04544800 -0.01308700 -0.03826100
v 0.04558300 -0.00200000 -0.04980000
v 0.04500000 0.00000000 0.00000000
v -0.04500000 0.00000000 0.00000000
v -0.04500500 0.00074400 -0.00074400
v -0.04511900 0.00026200 -0.01265800
v -0.04504800 0.00090100 -0.00687600
v -0.04509100 0.00105800 -0.01300800
v -0.04524000 0.00017000 -0.02567000
v -0.04517600 0.00137200 -0.02527200
v -0.04534200 0.00200000 -0.04980000
v -0.04558300 -0.00200000 -0.04980000
v -0.04529100 -0.00100000 -0.02490000
v -0.04514600 -0.00050000 -0.01245000
v -0.04507300 -0.00025000 -0.00622500
v -0.04500000 0.00000000 0.00000000
v -0.04507300 -0.00025000 -0.00622500
v -0.04500000 -0.04635000 0.00000000
v -0.04514600 -0.00050000 -0.01245000
v -0.04517800 -0.03526200 -0.01518200
v -0.04529100 -0.00100000 -0.02490000
v -0.04531300 -0.02417500 -0.02672100
v -0.04544800 -0.01308800 -0.03826100
v -0.04558300 -0.00200000 -0.04980000
v -0.04504300 -0.04635000 -0.00364300
v -0.04517600 0.00137200 -0.02527200
v -0.04503700 0.00488800 -0.04007000
v -0.04534200 0.00200000 -0.04980000
v -0.04505400 0.00491600 -0.04261800
v -0.04507200 0.00494300 -0.04516600
v -0.04440700 0.00904600 -0.04393700
v -0.04441800 0.00910000 -0.04633000
v -0.04337700 0.01310900 -0.04524600
v -0.04337600 0.01318600 -0.04748500
v -0.04197000 0.01707200 -0.04653900
v -0.04195400 0.01716900 -0.04862600
v -0.04043000 0.02044100 -0.04765600
v -0.04039900 0.02055200 -0.04961100
v -0.03861100 0.02368900 -0.04875100
v -0.03856300 0.02381000 -0.05057800
v -0.03651800 0.02679500 -0.04982000
v -0.03645300 0.02692200 -0.05152100
v -0.03415900 0.02973800 -0.05085600
v -0.03407700 0.02986600 -0.05243500
v -0.03154100 0.03249800 -0.05185200
v -0.03144500 0.03262200 -0.05331400
v -0.02867500 0.03505200 -0.05279900
v -0.02856800 0.03516900 -0.05415000
v -0.02557200 0.03737800 -0.05368600
v -0.02545800 0.03748300 -0.05493300
v -0.02224300 0.03945400 -0.05450200
v -0.02212800 0.03954500 -0.05565300
v -0.01870700 0.04125500 -0.05523000
v -0.01859700 0.04132900 -0.05629600
v -0.01498200 0.04275600 -0.05585500
v -0.01488400 0.04281300 -0.05684700
v -0.01109400 0.04393300 -0.05635700
v -0.01101600 0.04397500 -0.05729000
v -0.00707800 0.04476200 -0.05671700
v -0.00702500 0.04479200 -0.05760800
v -0.00480900 0.04509200 -0.05800000
v -0.00907000 0.04443300 -0.05800000
v -0.04509100 0.00105800 -0.01300800
v -0.04492900 0.00472200 -0.02478500
v -0.04496500 0.00477700 -0.02988000
v -0.04500100 0.00483300 -0.03497500
v -0.04435500 0.00877700 -0.03197500
v -0.04437600 0.00888500 -0.03676000
v -0.04338300 0.01272200 -0.03405200
v -0.04338100 0.01287700 -0.03853000
v -0.04205200 0.01658500 -0.03610500
v -0.04201900 0.01677900 -0.04027900
v -0.04059000 0.01988400 -0.03787800
v -0.04052600 0.02010700 -0.04178900
v -0.03885400 0.02308200 -0.03961600
v -0.03875700 0.02332400 -0.04327000
v -0.03684500 0.02615900 -0.04131300
v -0.03671400 0.02641300 -0.04471500
v -0.03456700 0.02909700 -0.04295700
v -0.03440400 0.02935300 -0.04611600
v -0.03202100 0.03187400 -0.04453800
v -0.03182900 0.03212300 -0.04746400
v -0.02921100 0.03446700 -0.04604200
v -0.02899700 0.03470100 -0.04874500
v -0.02614100 0.03685100 -0.04745100
v -0.02591400 0.03706200 -0.04994500
v -0.02281900 0.03900000 -0.04874600
v -0.02258900 0.03918200 -0.05104900
v -0.01925700 0.04088400 -0.04990200
v -0.01903700 0.04103200 -0.05203400
v -0.01547100 0.04246900 -0.05089300
v -0.01527500 0.04258400 -0.05287800
v -0.01148700 0.04372300 -0.05169000
v -0.01133000 0.04380700 -0.05355700
v -0.00734400 0.04461300 -0.05226200
v -0.00723800 0.04467300 -0.05404400
v -0.00309100 0.04511200 -0.05258600
v -0.00304500 0.04515700 -0.05432000
v 0.00120900 0.04520300 -0.05264500
v 0.00119100 0.04524500 -0.05437000
v 0.00549000 0.04488100 -0.05243600
v 0.00540900 0.04493300 -0.05419200
v 0.00968800 0.04416000 -0.05197000
v 0.00955200 0.04423200 -0.05379500
v 0.01374700 0.04306200 -0.05126800
v 0.01356700 0.04316200 -0.05319700
v 0.01762400 0.04161700 -0.05035900
v 0.01741300 0.04175100 -0.05242200
v 0.02128700 0.03986000 -0.04927100
v 0.02105900 0.04002700 -0.05149600
v 0.02471600 0.03782400 -0.04803400
v 0.02448500 0.03802200 -0.05044200
v 0.02789800 0.03553900 -0.04667200
v 0.02767600 0.03576300 -0.04928200
v 0.03082200 0.03303400 -0.04520800
v 0.03061900 0.03327800 -0.04803400
v 0.03348400 0.03033500 -0.04365800
v 0.03330800 0.03058900 -0.04671400
v 0.03588000 0.02746500 -0.04204000
v 0.03573500 0.02772100 -0.04533500
v 0.03800700 0.02444600 -0.04036500
v 0.03789500 0.02469500 -0.04390800
v 0.03986300 0.02129900 -0.03864400
v 0.03978400 0.02153100 -0.04244200
v 0.04144500 0.01804200 -0.03688600
v 0.04139900 0.01825000 -0.04094400
v 0.04275300 0.01469400 -0.03509800
v 0.04273600 0.01487000 -0.03942100
v 0.04378400 0.01127300 -0.03328700
v 0.04379100 0.01141100 -0.03787800
v 0.04453900 0.00779600 -0.03146000
v 0.04456400 0.00789100 -0.03632100
v 0.04501500 0.00428200 -0.02962100
v 0.04505200 0.00433100 -0.03475500
v 0.04525600 0.00167300 -0.03703700
v 0.04508900 0.00437900 -0.03988800
v 0.04534200 0.00200000 -0.04980000
v 0.04510800 0.00440400 -0.04245500
v 0.04512600 0.00442800 -0.04502200
v 0.04461500 0.00808200 -0.04604400
v 0.04463100 0.00814300 -0.04916800
v 0.04381000 0.01177500 -0.05001000
v 0.04381500 0.01186400 -0.05296000
v 0.04268000 0.01544800 -0.05362200
v 0.04266900 0.01556100 -0.05640000
v 0.04121900 0.01906700 -0.05688400
v 0.04144900 0.01859400 -0.05800000
v 0.03949800 0.02242500 -0.05800000
v -0.04485700 0.00461100 -0.01459500
v -0.04504800 0.00090100 -0.00687600
v -0.04472600 0.00506600 -0.00506600
v -0.04500500 0.00074400 -0.00074400
v -0.04429200 0.00845500 -0.01761900
v -0.04402700 0.00936800 -0.00936800
v -0.04339100 0.01225800 -0.02062000
v -0.04290300 0.01362100 -0.01362100
v -0.04215000 0.01600000 -0.02358400
v -0.04134500 0.01780000 -0.01780000
v -0.04078100 0.01921600 -0.02614400
v -0.03933400 0.02188800 -0.02188800
v -0.03914500 0.02235300 -0.02865400
v -0.03723800 0.02539700 -0.03110400
v -0.03895100 0.02283900 -0.03596200
v -0.03697700 0.02590500 -0.03791000
v -0.03685800 0.02584200 -0.02584200
v -0.03505700 0.02832800 -0.03347900
v -0.03473100 0.02884100 -0.03979800
v -0.03390400 0.02961200 -0.02961200
v -0.03259700 0.03112500 -0.03576200
v -0.03221300 0.03162400 -0.04161300
v -0.03228200 0.03137400 -0.03137400
v -0.03059400 0.03302400 -0.03302400
v -0.02985400 0.03376500 -0.03793400
v -0.02704300 0.03599100 -0.03599100
v -0.02682500 0.03621900 -0.03996900
v -0.02351000 0.03845600 -0.04183900
v -0.02636900 0.03664000 -0.04495700
v -0.02305000 0.03881900 -0.04644400
v -0.02330100 0.03852200 -0.03852200
v -0.01991700 0.04043800 -0.04350800
v -0.01947700 0.04073500 -0.04777100
v -0.01932500 0.04066600 -0.04066600
v -0.01605800 0.04212500 -0.04494000
v -0.01566700 0.04235400 -0.04890900
v -0.01503000 0.04244600 -0.04244600
v -0.01195800 0.04347200 -0.04609000
v -0.01164400 0.04364000 -0.04982300
v -0.01276700 0.04318200 -0.04318200
v -0.01043300 0.04380600 -0.04380600
v -0.00766200 0.04443500 -0.04691600
v -0.00805300 0.04430700 -0.04430700
v -0.00563700 0.04468000 -0.04468000
v -0.00322900 0.04497800 -0.04738400
v -0.00319000 0.04492200 -0.04492200
v -0.00071700 0.04502900 -0.04502900
v 0.00126300 0.04507600 -0.04746900
v 0.00177300 0.04500000 -0.04500000
v 0.00424200 0.04483400 -0.04483400
v 0.00573200 0.04472600 -0.04716700
v 0.00667900 0.04453600 -0.04453600
v 0.00907900 0.04410700 -0.04410700
v 0.01009700 0.04394400 -0.04649400
v 0.01144000 0.04355300 -0.04355300
v 0.01428900 0.04276000 -0.04548100
v 0.01375200 0.04287700 -0.04287700
v 0.01815000 0.04120500 -0.04120500
v 0.01825800 0.04121600 -0.04416700
v 0.02222200 0.03915500 -0.03915500
v 0.02196900 0.03935800 -0.04259700
v 0.02540700 0.03722800 -0.04081100
v 0.02151400 0.03969300 -0.04704700
v 0.02494600 0.03762500 -0.04562600
v 0.02595500 0.03678400 -0.03678400
v 0.02856200 0.03486500 -0.03884400
v 0.02811900 0.03531400 -0.04406300
v 0.02933200 0.03415000 -0.03415000
v 0.03143000 0.03230300 -0.03672900
v 0.03102500 0.03279000 -0.04238200
v 0.03235100 0.03130300 -0.03130300
v 0.03401400 0.02957100 -0.03449200
v 0.03366100 0.03008000 -0.04060300
v 0.03502800 0.02827400 -0.02827400
v 0.03631700 0.02669600 -0.03215500
v 0.03602600 0.02720900 -0.03874500
v 0.03736900 0.02509700 -0.02509700
v 0.03834300 0.02370000 -0.02973600
v 0.03811900 0.02419800 -0.03682200
v 0.03937900 0.02180700 -0.02180700
v 0.04009700 0.02060100 -0.02725000
v 0.03994100 0.02106600 -0.03484600
v 0.04106600 0.01843400 -0.01843400
v 0.04158300 0.01741800 -0.02471100
v 0.04149100 0.01783400 -0.03282700
v 0.04244600 0.01498700 -0.01498700
v 0.04280400 0.01416500 -0.02212900
v 0.04277000 0.01451800 -0.03077500
v 0.04352600 0.01147600 -0.01147600
v 0.04376300 0.01085900 -0.01951500
v 0.04377700 0.01113500 -0.02869600
v 0.04431100 0.00792000 -0.00792000
v 0.04446200 0.00751100 -0.01687600
v 0.04451300 0.00770100 -0.02659900
v 0.04480200 0.00433600 -0.00433600
v 0.04490400 0.00413600 -0.01422100
v 0.04497800 0.00423300 -0.02448800
v 0.04500500 0.00074400 -0.00074400
v 0.04508700 0.00104500 -0.01250900
v 0.04517100 0.00135500 -0.02460700
v 0.04540700 0.00200000 -0.05800000
v 0.04519800 0.00452200 -0.05491800
v 0.04517400 0.00449100 -0.05162000
v 0.04515000 0.00446000 -0.04832100
v 0.04464800 0.00820400 -0.05229200
v 0.04501200 0.00627400 -0.05800000
v 0.04466400 0.00826500 -0.05541600
v 0.04421600 0.01048400 -0.05800000
v 0.04381900 0.01195300 -0.05591000
v 0.04302600 0.01460000 -0.05800000
v 0.03719800 0.02604600 -0.05800000
v 0.03745500 0.02567300 -0.05782500
v 0.03947700 0.02244500 -0.05735900
v 0.04124800 0.01893300 -0.05427600
v 0.04269100 0.01533500 -0.05084400
v 0.04380600 0.01168700 -0.04706000
v 0.04460200 0.00803400 -0.04361300
v 0.03456600 0.02943300 -0.05800000
v 0.03525700 0.02856300 -0.05616100
v 0.03752700 0.02551300 -0.05554800
v 0.03952800 0.02229500 -0.05491900
v 0.03272800 0.03142600 -0.05675200
v 0.03162000 0.03256300 -0.05800000
v 0.02995400 0.03407900 -0.05731900
v 0.02838500 0.03540500 -0.05800000
v 0.03008400 0.03392200 -0.05550300
v 0.02709100 0.03635700 -0.05617700
v 0.03021400 0.03376500 -0.05368600
v 0.02723300 0.03621300 -0.05450000
v 0.03031500 0.03364300 -0.05227300
v 0.02734400 0.03610000 -0.05319600
v 0.03041700 0.03352200 -0.05086000
v 0.02745500 0.03598800 -0.05189100
v 0.02694900 0.03650200 -0.05785400
v 0.02489400 0.03793000 -0.05800000
v 0.02387700 0.03854700 -0.05680500
v 0.02402500 0.03841900 -0.05525800
v 0.02414000 0.03832000 -0.05405400
v 0.02425500 0.03822100 -0.05285000
v 0.02118300 0.04011100 -0.05800000
v 0.02045800 0.04046900 -0.05737500
v 0.02060400 0.04036200 -0.05594500
v 0.02071800 0.04027800 -0.05483300
v 0.02083200 0.04019500 -0.05372100
v 0.01729000 0.04193000 -0.05800000
v 0.01324200 0.04337500 -0.05800000
v 0.01685500 0.04210300 -0.05787600
v 0.01699100 0.04201800 -0.05655000
v 0.01320600 0.04336300 -0.05705500
v 0.00907000 0.04443300 -0.05800000
v 0.00928000 0.04437600 -0.05744600
v 0.00524800 0.04503600 -0.05770500
v 0.00934800 0.04434000 -0.05653300
v 0.00528900 0.04501000 -0.05682700
v 0.00941600 0.04430400 -0.05562000
v 0.00532900 0.04498500 -0.05594800
v 0.00480900 0.04509200 -0.05800000
v 0.00115400 0.04532900 -0.05782100
v 0.00116400 0.04530800 -0.05695800
v 0.00117300 0.04528700 -0.05609500
v 0.00050000 0.04534500 -0.05800000
v 0.00050000 0.04528000 -0.05530000
v 0.00016700 0.04528200 -0.05530000
v -0.00016700 0.04528200 -0.05530000
v -0.00050000 0.04528000 -0.05530000
v -0.00050000 0.04534500 -0.05800000
v -0.00297600 0.04522400 -0.05692100
v -0.00299900 0.04520200 -0.05605400
v -0.00713100 0.04473200 -0.05582600
v -0.01117300 0.04389100 -0.05542300
v -0.01507900 0.04269800 -0.05486300
v -0.01881700 0.04118000 -0.05416500
v -0.02235800 0.03936300 -0.05335100
v -0.02568600 0.03727300 -0.05243900
v -0.02878300 0.03493500 -0.05144700
v -0.03163700 0.03237300 -0.05038900
v -0.03424000 0.02961000 -0.04927600
v -0.03658400 0.02666800 -0.04811800
v -0.03866000 0.02356700 -0.04692400
v -0.04046200 0.02032900 -0.04570000
v -0.04198600 0.01697400 -0.04445300
v -0.04337900 0.01303100 -0.04300700
v -0.04439700 0.00899200 -0.04154500
v -0.00295300 0.04524600 -0.05778800
v -0.01324200 0.04337500 -0.05800000
v -0.01728900 0.04193000 -0.05800000
v -0.01845500 0.04142400 -0.05766600
v -0.02198000 0.03966100 -0.05713300
v -0.02118300 0.04011100 -0.05800000
v -0.02489300 0.03793000 -0.05800000
v -0.02531200 0.03761900 -0.05653600
v -0.02838500 0.03540500 -0.05800000
v -0.02829300 0.03546900 -0.05762400
v -0.03119900 0.03294300 -0.05707400
v -0.02843100 0.03531900 -0.05588700
v -0.03132200 0.03278300 -0.05519400
v -0.03162000 0.03256400 -0.05800000
v -0.03386700 0.03019600 -0.05649600
v -0.03397200 0.03003100 -0.05446500
v -0.03456600 0.02943300 -0.05800000
v -0.03628400 0.02724800 -0.05589400
v -0.03636800 0.02708500 -0.05370800
v -0.03719800 0.02604600 -0.05800000
v -0.03843800 0.02412200 -0.05527400
v -0.03850000 0.02396600 -0.05292600
v -0.03837500 0.02427800 -0.05762200
v -0.03949800 0.02242500 -0.05800000
v -0.04031700 0.02083800 -0.05463800
v -0.04035800 0.02069500 -0.05212500
v -0.04027600 0.02098100 -0.05715200
v -0.04144900 0.01859500 -0.05800000
v -0.04189100 0.01754500 -0.05667300
v -0.04302600 0.01460000 -0.05800000
v -0.04337100 0.01348400 -0.05611700
v -0.04421600 0.01048400 -0.05800000
v -0.04445800 0.00930700 -0.05555500
v -0.04501200 0.00627400 -0.05800000
v -0.04514200 0.00505000 -0.05498800
v -0.04540700 0.00200000 -0.05800000
v -0.04511900 0.00501500 -0.05171400
v -0.04509500 0.00497900 -0.04844000
v -0.04443100 0.00916900 -0.04940500
v -0.04337500 0.01328500 -0.05036200
v -0.04444500 0.00923800 -0.05248000
v -0.04337300 0.01338500 -0.05324000
v -0.04193300 0.01729400 -0.05130800
v -0.04191200 0.01742000 -0.05399000
v -0.04433400 0.00867000 -0.02718900
v -0.04338600 0.01256700 -0.02957500
v -0.04208500 0.01639000 -0.03193200
v -0.04065400 0.01966100 -0.03396600
v -0.02942500 0.03423300 -0.04333900
v -0.00745000 0.04455400 -0.05048000
v -0.00313700 0.04506700 -0.05085200
v 0.00122700 0.04516000 -0.05091900
v 0.00557100 0.04483000 -0.05068000
v 0.00982400 0.04408800 -0.05014500
v 0.01392800 0.04296100 -0.04933900
v 0.01783500 0.04148300 -0.04829500
v 0.01338600 0.04326300 -0.05512600
v 0.01329600 0.04331300 -0.05609100
v 0.01720200 0.04188400 -0.05448600
v 0.01709600 0.04195100 -0.05551800
v 0.03313100 0.03084400 -0.04977000
v 0.03304300 0.03097100 -0.05129700
v 0.03295500 0.03109800 -0.05282500
v 0.03284100 0.03126200 -0.05478900
v 0.03558900 0.02797800 -0.04863000
v 0.03551600 0.02810600 -0.05027800
v 0.03544400 0.02823400 -0.05192600
v 0.03535000 0.02839900 -0.05404300
v 0.03778300 0.02494400 -0.04745100
v 0.03772700 0.02506800 -0.04922300
v 0.03767100 0.02519300 -0.05099400
v 0.03759900 0.02535300 -0.05327100
v 0.03970600 0.02176400 -0.04624000
v 0.03966700 0.02188000 -0.04813900
v 0.03962800 0.02199600 -0.05003700
v 0.03957800 0.02214600 -0.05247800
v 0.04135300 0.01845800 -0.04500200
v 0.04133000 0.01856200 -0.04703100
v 0.04130700 0.01866600 -0.04906000
v 0.04127800 0.01879900 -0.05166800
v 0.04271900 0.01504600 -0.04374300
v 0.04271000 0.01513400 -0.04590500
v 0.04270200 0.01522200 -0.04806600
v 0.04379800 0.01154900 -0.04246900
v 0.04380200 0.01161800 -0.04476400
v 0.04458900 0.00798600 -0.04118300
v 0.04558300 -0.00200000 -0.04980000
v 0.04551100 0.00026200 -0.05800000
v 0.04545900 0.00098300 -0.05692500
v 0.04540700 0.00200000 -0.05800000
v 0.04534200 0.00200000 -0.04980000
v -0.04558300 -0.00200000 -0.04980000
v -0.04534200 0.00200000 -0.04980000
v -0.04534200 0.00200000 -0.04980000
v -0.04545900 0.00099300 -0.05692500
v -0.04545900 0.00099300 -0.05692500
v -0.04540700 0.00200000 -0.05800000
v -0.04540700 0.00200000 -0.05800000
v -0.04551100 0.00026200 -0.05800000
v 0.04504300 -0.04635000 -0.00364300
v 0.04488900 -0.04635000 -0.00725400
v 0.04517800 -0.03526200 -0.01518200
v 0.04498400 -0.02809200 -0.02710500
v 0.04531300 -0.02417500 -0.02672100
v 0.04508400 -0.01721300 -0.03845300
v 0.04544800 -0.01308700 -0.03826100
v 0.04544900 -0.00427900 -0.04949000
v 0.04549800 -0.00362800 -0.04955300
v 0.04444900 -0.04635000 -0.01083500
v 0.04425500 -0.03023100 -0.02928900
v 0.04431500 -0.02042100 -0.03954500
v 0.04481600 -0.00926500 -0.04903500
v 0.04405500 -0.01288400 -0.04872000
v 0.04354500 -0.02259600 -0.04028700
v 0.04305800 -0.01638600 -0.04843400
v 0.04258200 -0.02472700 -0.04101700
v 0.04242500 -0.01822300 -0.04829200
v 0.04208100 -0.01913300 -0.04822500
v 0.04143200 -0.02680500 -0.04172900
v 0.04155700 -0.02042600 -0.04813100
v 0.04009900 -0.02882100 -0.04242100
v 0.03961400 -0.02449600 -0.04785800
v 0.03858900 -0.03076500 -0.04309000
v 0.03806500 -0.02716700 -0.04769800
v 0.03691000 -0.03263000 -0.04373200
v 0.03583800 -0.03041400 -0.04752600
v 0.03506700 -0.03440700 -0.04434500
v 0.03376700 -0.03297200 -0.04740700
v 0.03307000 -0.03609000 -0.04492600
v 0.03275000 -0.03409800 -0.04735900
v 0.03158500 -0.03530100 -0.04731000
v 0.03092700 -0.03766900 -0.04547300
v 0.02854700 -0.03805300 -0.04720900
v 0.02864800 -0.03913900 -0.04598100
v 0.02624300 -0.04049300 -0.04645000
v 0.02631400 -0.04361200 -0.04310100
v 0.02379000 -0.04443300 -0.04395600
v 0.02568600 -0.04635000 -0.04065500
v 0.02264200 -0.04635000 -0.04262000
v 0.04372400 -0.04635000 -0.01436800
v 0.04350900 -0.03168100 -0.03077500
v 0.04271900 -0.04635000 -0.01783500
v 0.04256900 -0.03310100 -0.03223300
v 0.04143800 -0.04635000 -0.02121800
v 0.04143800 -0.03448700 -0.03365800
v 0.04012200 -0.03583000 -0.03504200
v 0.03989100 -0.04635000 -0.02448700
v 0.03862700 -0.03712700 -0.03638000
v 0.03808800 -0.04635000 -0.02762200
v 0.03695900 -0.03837000 -0.03766500
v 0.03603700 -0.04635000 -0.03060800
v 0.03512500 -0.03955500 -0.03889100
v 0.03375300 -0.04635000 -0.03342300
v 0.03313500 -0.04067600 -0.04005300
v 0.03125800 -0.04635000 -0.03604300
v 0.03099600 -0.04172900 -0.04114500
v 0.02871900 -0.04270900 -0.04216300
v 0.02856500 -0.04635000 -0.03845800
v 0.02116100 -0.04517000 -0.04472200
v 0.01945700 -0.04635000 -0.04434000
v 0.01956400 -0.04377900 -0.04705100
v 0.01843600 -0.04581900 -0.04539800
v 0.01672800 -0.04500700 -0.04702800
v 0.01615000 -0.04635000 -0.04580600
v 0.01539300 -0.04550500 -0.04702000
v 0.01448500 -0.04581500 -0.04701500
v 0.01356100 -0.04610800 -0.04701200
v 0.01273900 -0.04635000 -0.04701000
v 0.02308600 -0.04189800 -0.04709400
v 0.02372200 -0.04172500 -0.04687800
v 0.02614200 -0.03990100 -0.04715000
v 0.04532300 -0.00563800 -0.04936400
v 0.04541100 -0.00473500 -0.04944800
v 0.04552300 -0.00322900 -0.04959600
v 0.04553500 -0.00301800 -0.04962800
v 0.04558300 -0.00200000 -0.04980000
v -0.04488900 -0.04635000 -0.00725400
v -0.04504300 -0.04635000 -0.00364300
v -0.04500800 -0.04406900 -0.00823100
v -0.04517800 -0.03526200 -0.01518200
v -0.04503400 -0.04163400 -0.01076800
v -0.04506000 -0.03919700 -0.01330700
v -0.04487700 -0.03970100 -0.01499600
v -0.04489800 -0.03738000 -0.01741800
v -0.04460400 -0.03799500 -0.01898200
v -0.04462100 -0.03578800 -0.02128700
v -0.04421700 -0.03651200 -0.02272300
v -0.04423000 -0.03441800 -0.02491200
v -0.04371700 -0.03524600 -0.02621900
v -0.04373500 -0.03128300 -0.03036700
v -0.04311200 -0.03232100 -0.03143100
v -0.04311800 -0.03013000 -0.03372700
v -0.04239100 -0.03127800 -0.03464500
v -0.04239300 -0.02921500 -0.03681000
v -0.04156300 -0.03046700 -0.03758300
v -0.04156200 -0.02852900 -0.03961900
v -0.04013200 -0.03053900 -0.04056000
v -0.04012600 -0.02878300 -0.04240800
v -0.03848200 -0.03089200 -0.04313400
v -0.03847300 -0.02931200 -0.04480000
v -0.03662600 -0.03149500 -0.04532100
v -0.03661400 -0.03008300 -0.04681400
v -0.03457500 -0.03231200 -0.04714300
v -0.03640300 -0.02964700 -0.04756400
v -0.03409300 -0.03259300 -0.04742300
v -0.04531300 -0.02417500 -0.02672100
v -0.04511200 -0.03432300 -0.01838600
v -0.04508600 -0.03676000 -0.01584700
v -0.04544800 -0.01308800 -0.03826100
v -0.04522100 -0.02415600 -0.02897800
v -0.04519000 -0.02701100 -0.02600400
v -0.04513800 -0.03188500 -0.02092500
v -0.04498400 -0.02809200 -0.02710500
v -0.04494100 -0.03273600 -0.02226200
v -0.04467200 -0.02916600 -0.02820100
v -0.04463800 -0.03358100 -0.02359200
v -0.04425500 -0.03023100 -0.02928900
v -0.04558300 -0.00200000 -0.04980000
v -0.04553500 -0.00301800 -0.04962800
v -0.04534400 -0.01273700 -0.04087700
v -0.04531300 -0.01559100 -0.03790200
v -0.04510900 -0.01449400 -0.04129000
v -0.04508400 -0.01721300 -0.03845300
v -0.04477100 -0.01623900 -0.04170100
v -0.04475100 -0.01882400 -0.03900100
v -0.04433000 -0.01796800 -0.04210900
v -0.04431500 -0.02042100 -0.03954500
v -0.04378700 -0.01967800 -0.04251300
v -0.04377700 -0.02199900 -0.04008300
v -0.04314300 -0.02136500 -0.04291200
v -0.04313700 -0.02355600 -0.04061600
v -0.04240000 -0.02302400 -0.04330500
v -0.04239800 -0.02508800 -0.04114000
v -0.04156000 -0.02465200 -0.04369100
v -0.04156100 -0.02659000 -0.04165500
v -0.04012000 -0.02702700 -0.04425600
v -0.04551700 -0.00333400 -0.04958000
v -0.04548500 -0.00381500 -0.04953100
v -0.04537400 -0.00988200 -0.04385100
v -0.04540500 -0.00702900 -0.04682400
v -0.04515900 -0.00905700 -0.04696000
v -0.04534500 -0.00541900 -0.04938500
v -0.04522000 -0.00653600 -0.04928100
v -0.04545200 -0.00424700 -0.04949300
v -0.04543700 -0.00442800 -0.04947700
v -0.04499800 -0.00815100 -0.04913400
v -0.04481100 -0.01107300 -0.04709500
v -0.04513400 -0.01177400 -0.04412600
v -0.04479100 -0.01365300 -0.04440000
v -0.04481600 -0.00926500 -0.04903500
v -0.04436000 -0.01307000 -0.04723000
v -0.04434500 -0.01551600 -0.04467200
v -0.04416400 -0.01243500 -0.04875800
v -0.04380800 -0.01504400 -0.04736300
v -0.04379800 -0.01735800 -0.04494200
v -0.04319300 -0.01596100 -0.04846700
v -0.04315600 -0.01699100 -0.04749500
v -0.04315000 -0.01917400 -0.04520800
v -0.04240500 -0.01890600 -0.04762600
v -0.04202900 -0.01926700 -0.04821500
v -0.04155800 -0.02078500 -0.04775400
v -0.04020000 -0.02336700 -0.04793000
v -0.04155900 -0.02271400 -0.04572800
v -0.04011400 -0.02527200 -0.04610400
v -0.03868900 -0.02613900 -0.04775800
v -0.03846300 -0.02773300 -0.04646700
v -0.03309200 -0.03372800 -0.04737500
v -0.03459000 -0.03356400 -0.04581500
v -0.03663900 -0.03290700 -0.04382800
v -0.03849200 -0.03247200 -0.04146700
v -0.04013700 -0.03229400 -0.03871200
v -0.04156400 -0.03240500 -0.03554700
v -0.04238800 -0.03334200 -0.03248000
v -0.04310100 -0.03606200 -0.02751100
v -0.04370800 -0.03722700 -0.02414600
v -0.04420400 -0.03860500 -0.02053500
v -0.04458700 -0.04020200 -0.01667700
v -0.04485500 -0.04202300 -0.01257400
v -0.04483400 -0.04434000 -0.01015800
v -0.03237500 -0.03551000 -0.04628000
v -0.03199400 -0.03489000 -0.04732600
v -0.02999200 -0.03732100 -0.04671400
v -0.02942700 -0.03730900 -0.04723500
v -0.02745400 -0.03898900 -0.04711400
v -0.02630500 -0.03978300 -0.04715400
v -0.02747200 -0.03982400 -0.04621900
v -0.02479100 -0.04122400 -0.04670400
v -0.02749000 -0.04066000 -0.04532400
v -0.02480900 -0.04194300 -0.04593000
v -0.02750700 -0.04149500 -0.04442800
v -0.02482600 -0.04266200 -0.04515600
v -0.02752500 -0.04233100 -0.04353300
v -0.02484400 -0.04338000 -0.04438200
v -0.02754300 -0.04316600 -0.04263800
v -0.02486100 -0.04409900 -0.04360800
v -0.02757300 -0.04459300 -0.04110900
v -0.02489100 -0.04532700 -0.04228700
v -0.02758900 -0.04530600 -0.04034500
v -0.02490600 -0.04594000 -0.04162600
v -0.02568600 -0.04635000 -0.04065500
v -0.02264200 -0.04635000 -0.04262000
v -0.02202600 -0.04599400 -0.04335800
v -0.02199800 -0.04494800 -0.04449100
v -0.01945700 -0.04635000 -0.04434000
v -0.01901400 -0.04569000 -0.04526400
v -0.01615000 -0.04635000 -0.04580600
v -0.01592700 -0.04632300 -0.04592300
v -0.01273900 -0.04635000 -0.04701000
v -0.01591400 -0.04588200 -0.04640800
v -0.01356000 -0.04610800 -0.04701200
v -0.01405400 -0.04595400 -0.04701400
v -0.01494900 -0.04565900 -0.04701700
v -0.01590100 -0.04544100 -0.04689300
v -0.01672600 -0.04500800 -0.04702800
v -0.01898400 -0.04465000 -0.04639800
v -0.01896900 -0.04413000 -0.04696500
v -0.02196500 -0.04372200 -0.04581800
v -0.02194800 -0.04311000 -0.04648200
v -0.02322300 -0.04181600 -0.04709600
v -0.01958600 -0.04376800 -0.04705100
v -0.02760400 -0.04601900 -0.03958000
v -0.02856500 -0.04635000 -0.03845800
v -0.03014000 -0.04543100 -0.03805900
v -0.03015500 -0.04625400 -0.03718100
v -0.03252900 -0.04573400 -0.03540700
v -0.03125800 -0.04635000 -0.03604300
v -0.03375300 -0.04635000 -0.03342300
v -0.03603700 -0.04635000 -0.03060800
v -0.03474200 -0.04624500 -0.03237000
v -0.03472900 -0.04517500 -0.03350400
v -0.03251500 -0.04479200 -0.03640800
v -0.03012500 -0.04460800 -0.03893700
v -0.03808800 -0.04635000 -0.02762200
v -0.03675500 -0.04578700 -0.03020800
v -0.03857000 -0.04530400 -0.02793100
v -0.03989100 -0.04635000 -0.02448700
v -0.04017800 -0.04479800 -0.02555000
v -0.04018300 -0.04628000 -0.02399000
v -0.04157100 -0.04427200 -0.02308000
v -0.04157200 -0.04591200 -0.02135800
v -0.04237600 -0.04391200 -0.02139000
v -0.04237400 -0.04565900 -0.01955700
v -0.04308000 -0.04354400 -0.01967000
v -0.04307500 -0.04540200 -0.01772400
v -0.04368100 -0.04317100 -0.01792400
v -0.04367200 -0.04514100 -0.01586300
v -0.04417800 -0.04279300 -0.01615700
v -0.04416600 -0.04487700 -0.01397800
v -0.04457000 -0.04241000 -0.01437200
v -0.04455300 -0.04460900 -0.01207500
v -0.04143800 -0.04635000 -0.02121800
v -0.04271900 -0.04635000 -0.01783500
v -0.04372400 -0.04635000 -0.01436800
v -0.04444900 -0.04635000 -0.01083500
v -0.04528200 -0.01844600 -0.03492700
v -0.04505900 -0.01993300 -0.03561600
v -0.04473200 -0.02141000 -0.03630100
v -0.04430000 -0.02287300 -0.03698100
v -0.04376600 -0.02432000 -0.03765400
v -0.04313100 -0.02574700 -0.03832000
v -0.04239600 -0.02715100 -0.03897500
v -0.04492000 -0.03505800 -0.01984000
v -0.04309600 -0.03793300 -0.02555100
v -0.04369900 -0.03920800 -0.02207200
v -0.04309100 -0.03980300 -0.02359100
v -0.04369000 -0.04119000 -0.01999800
v -0.04308500 -0.04167400 -0.02163000
v -0.04238200 -0.03862700 -0.02693500
v -0.04238000 -0.04038800 -0.02508700
v -0.04237800 -0.04215000 -0.02323900
v -0.04238400 -0.03686500 -0.02878300
v -0.04156700 -0.03765300 -0.03003400
v -0.04156800 -0.03930800 -0.02829500
v -0.04015900 -0.03880300 -0.03186100
v -0.04016400 -0.04030200 -0.03028300
v -0.03853700 -0.03990900 -0.03362200
v -0.03854500 -0.04125800 -0.03219900
v -0.03671100 -0.04096500 -0.03530600
v -0.03672200 -0.04217100 -0.03403200
v -0.03469100 -0.04196700 -0.03690600
v -0.03470400 -0.04303600 -0.03577200
v -0.03248600 -0.04290900 -0.03841200
v -0.03250100 -0.04385000 -0.03741000
v -0.03011000 -0.04378500 -0.03981500
v -0.04156900 -0.04096300 -0.02655700
v -0.04157000 -0.04261700 -0.02481900
v -0.04016900 -0.04180000 -0.02870600
v -0.04017300 -0.04329900 -0.02712800
v -0.03855400 -0.04260600 -0.03077600
v -0.03856200 -0.04395500 -0.02935300
v -0.03673300 -0.04337600 -0.03275700
v -0.03674400 -0.04458100 -0.03148300
v -0.03471600 -0.04410600 -0.03463800
v -0.04419100 -0.04069900 -0.01834600
v -0.04500900 -0.02537200 -0.02994200
v -0.04503400 -0.02265300 -0.03277900
v -0.04525200 -0.02130100 -0.03195300
v -0.04469200 -0.02658100 -0.03090100
v -0.04471200 -0.02399500 -0.03360100
v -0.04427000 -0.02777800 -0.03185300
v -0.04428500 -0.02532600 -0.03441700
v -0.04374500 -0.02896200 -0.03279600
v -0.04375600 -0.02664100 -0.03522500
v -0.04312500 -0.02793800 -0.03602300
v -0.04014300 -0.03405000 -0.03686400
v -0.04156600 -0.03434400 -0.03351000
v -0.04014900 -0.03580500 -0.03501600
v -0.03851100 -0.03563200 -0.03813400
v -0.03852100 -0.03721100 -0.03646700
v -0.03850200 -0.03405200 -0.03980000
v -0.03666400 -0.03573100 -0.04084200
v -0.03667700 -0.03714300 -0.03934900
v -0.03463500 -0.03732300 -0.04183000
v -0.03465000 -0.03857500 -0.04050200
v -0.03242500 -0.03881900 -0.04276100
v -0.03244100 -0.03992200 -0.04158800
v -0.03004500 -0.04021200 -0.04362900
v -0.03006200 -0.04117600 -0.04260000
v -0.03669000 -0.03855500 -0.03785600
v -0.03466500 -0.03982800 -0.03917400
v -0.03245800 -0.04102500 -0.04041500
v -0.03008000 -0.04214000 -0.04157100
v -0.02198100 -0.04433500 -0.04515500
v -0.01899900 -0.04517000 -0.04583100
v -0.04240300 -0.02096000 -0.04547000
v -0.03460500 -0.03481700 -0.04448700
v -0.03239200 -0.03661300 -0.04510700
v -0.03462000 -0.03607000 -0.04315900
v -0.03240800 -0.03771600 -0.04393400
v -0.03001000 -0.03828500 -0.04568600
v -0.03002700 -0.03924800 -0.04465700
v -0.03665200 -0.03431900 -0.04233500
v 0.00050000 -0.04555200 -0.05800000
v 0.00293400 -0.04549900 -0.05352300
v 0.00050000 -0.04557600 -0.05530000
v 0.00000000 -0.04559400 -0.05352100
v 0.00016700 -0.04557800 -0.05530000
v -0.00016700 -0.04557800 -0.05530000
v -0.00050000 -0.04557600 -0.05530000
v -0.00284300 -0.04550500 -0.05352000
v -0.00050000 -0.04555200 -0.05800000
v -0.00579600 -0.04518500 -0.05800000
v -0.00575900 -0.04522900 -0.05351700
v -0.00865000 -0.04476600 -0.05351100
v 0.00579600 -0.04518500 -0.05800000
v 0.00585800 -0.04521600 -0.05352500
v 0.00865000 -0.04476600 -0.05352300
v 0.01101400 -0.04420300 -0.05800000
v 0.01150700 -0.04411800 -0.05351000
v 0.01431800 -0.04328800 -0.05348500
v 0.01608200 -0.04262200 -0.05800000
v 0.01698500 -0.04231300 -0.05344500
v 0.02093100 -0.04046100 -0.05800000
v 0.02086300 -0.04054200 -0.05335300
v 0.02470600 -0.03832300 -0.05321700
v 0.02549700 -0.03775100 -0.05800000
v 0.02818900 -0.03584100 -0.05304600
v 0.02971600 -0.03452900 -0.05800000
v 0.03153000 -0.03294200 -0.05282800
v 0.03353100 -0.03083700 -0.05800000
v 0.03370200 -0.03072000 -0.05265200
v 0.03552400 -0.02859500 -0.05247700
v 0.03689100 -0.02672600 -0.05800000
v 0.03720900 -0.02636800 -0.05228600
v 0.03910300 -0.02347200 -0.05202900
v 0.03975000 -0.02225300 -0.05800000
v 0.04154100 -0.01883300 -0.05159900
v 0.04206900 -0.01747700 -0.05800000
v 0.04278100 -0.01582200 -0.05130800
v 0.04381700 -0.01246400 -0.05800000
v 0.04436800 -0.01060600 -0.05078900
v 0.04496900 -0.00728100 -0.05800000
v 0.04518000 -0.00633200 -0.05035100
v 0.04551100 -0.00200000 -0.05800000
v 0.04558300 -0.00200000 -0.04980000
v -0.01101400 -0.04420300 -0.05800000
v -0.01309700 -0.04367300 -0.05349100
v -0.01608200 -0.04262200 -0.05800000
v -0.01698500 -0.04231300 -0.05344400
v -0.01965200 -0.04114200 -0.05338600
v -0.02093100 -0.04046100 -0.05800000
v -0.02223700 -0.03980500 -0.05331000
v -0.02549700 -0.03775100 -0.05800000
v -0.02470600 -0.03832300 -0.05321600
v -0.02914700 -0.03506700 -0.05298900
v -0.02971600 -0.03452900 -0.05800000
v -0.03153000 -0.03294200 -0.05282900
v -0.03353100 -0.03083700 -0.05800000
v -0.03355900 -0.03087500 -0.05266500
v -0.03537500 -0.02877900 -0.05249200
v -0.03689100 -0.02672600 -0.05800000
v -0.03720900 -0.02636800 -0.05228600
v -0.03975000 -0.02225300 -0.05800000
v -0.03998400 -0.02194100 -0.05189000
v -0.04154100 -0.01883300 -0.05159700
v -0.04206900 -0.01747700 -0.05800000
v -0.04340900 -0.01401300 -0.05112000
v -0.04381700 -0.01246400 -0.05800000
v -0.04436800 -0.01060800 -0.05076800
v -0.04496900 -0.00728100 -0.05800000
v -0.04518000 -0.00633600 -0.05030900
v -0.04551100 -0.00200000 -0.05800000
v -0.04558300 -0.00200000 -0.04980000
v 0.04558300 -0.00200000 -0.04980000
v 0.04551100 -0.00200000 -0.05800000
v 0.04551100 0.00026200 -0.05800000
v -0.04551100 0.00026200 -0.05800000
v -0.04551100 -0.00200000 -0.05800000
v -0.04558300 -0.00200000 -0.04980000
v 0.04552300 -0.00322900 -0.04959600
v 0.04552600 -0.00311100 -0.04970700
v 0.04553500 -0.00301800 -0.04962800
v 0.04555700 -0.00255100 -0.04975600
v 0.04558300 -0.00200000 -0.04980000
v 0.04550800 -0.00338900 -0.04968900
v 0.04549800 -0.00362800 -0.04955300
v 0.04548800 -0.00366400 -0.04967600
v 0.04544900 -0.00427900 -0.04949000
v 0.04544400 -0.00421300 -0.04965100
v 0.04541100 -0.00473500 -0.04944800
v 0.04532300 -0.00563800 -0.04936400
v 0.04521000 -0.00640400 -0.04955100
v 0.04481600 -0.00926500 -0.04903500
v 0.04445400 -0.01074500 -0.04936000
v 0.04405500 -0.01288400 -0.04872000
v 0.04331500 -0.01500700 -0.04918100
v 0.04305800 -0.01638600 -0.04843400
v 0.04242500 -0.01822300 -0.04829200
v 0.04179600 -0.01915000 -0.04902000
v 0.04208100 -0.01913300 -0.04822500
v 0.04155700 -0.02042600 -0.04813100
v 0.03990300 -0.02313500 -0.04887900
v 0.03961400 -0.02449600 -0.04785800
v 0.03806500 -0.02716700 -0.04769800
v 0.03764300 -0.02692800 -0.04876000
v 0.03583800 -0.03041400 -0.04752600
v 0.03503000 -0.03048900 -0.04866200
v 0.03376700 -0.03297200 -0.04740700
v 0.03275000 -0.03409800 -0.04735900
v 0.03207900 -0.03378600 -0.04858300
v 0.03158500 -0.03530100 -0.04731000
v 0.02881300 -0.03678300 -0.04852200
v 0.02854700 -0.03805300 -0.04720900
v 0.02614200 -0.03990100 -0.04715000
v 0.02526400 -0.03944400 -0.04847500
v 0.02308600 -0.04189800 -0.04709400
v 0.02146000 -0.04174000 -0.04844200
v 0.01956400 -0.04377900 -0.04705100
v 0.01744300 -0.04364500 -0.04841900
v 0.01672800 -0.04500700 -0.04702800
v 0.01539300 -0.04550500 -0.04702000
v 0.01448500 -0.04581500 -0.04701500
v 0.01356100 -0.04610800 -0.04701200
v 0.01327400 -0.04512900 -0.04840600
v 0.01273900 -0.04635000 -0.04701000
v 0.00891900 -0.04620500 -0.04840200
v 0.00894700 -0.04635000 -0.04816700
v 0.00657800 -0.04635000 -0.04882600
v 0.00435700 -0.04635000 -0.04933600
v 0.00441200 -0.04605200 -0.05001600
v 0.00877100 -0.04542300 -0.05001600
v 0.01305500 -0.04437400 -0.05001300
v 0.01717900 -0.04292700 -0.05000600
v 0.00227600 -0.04635000 -0.04966400
v 0.00000000 -0.04576700 -0.05175400
v 0.00436400 -0.04555900 -0.05175500
v 0.00000000 -0.04559400 -0.05352100
v 0.00293400 -0.04549900 -0.05352300
v 0.00000000 -0.04626200 -0.05001600
v 0.00025000 -0.04635000 -0.04979500
v 0.00008300 -0.04635000 -0.04979500
v -0.00008300 -0.04635000 -0.04979500
v -0.00025000 -0.04635000 -0.04979500
v -0.00227600 -0.04635000 -0.04966400
v -0.00435700 -0.04635000 -0.04933600
v -0.00441200 -0.04605200 -0.05001600
v -0.00436400 -0.04555900 -0.05175500
v -0.00657800 -0.04635000 -0.04882600
v -0.00894700 -0.04635000 -0.04816700
v -0.00891900 -0.04620500 -0.04840200
v -0.01273900 -0.04635000 -0.04701000
v -0.01327400 -0.04513000 -0.04840600
v -0.01356000 -0.04610800 -0.04701200
v -0.01405400 -0.04595400 -0.04701400
v -0.01494900 -0.04565900 -0.04701700
v -0.01672600 -0.04500800 -0.04702800
v -0.01744300 -0.04364500 -0.04841900
v -0.01958600 -0.04376800 -0.04705100
v -0.02146100 -0.04174000 -0.04844200
v -0.02322300 -0.04181600 -0.04709600
v -0.02526400 -0.03944400 -0.04847500
v -0.02630500 -0.03978300 -0.04715400
v -0.02881300 -0.03678300 -0.04852200
v -0.02942700 -0.03730900 -0.04723500
v -0.03199400 -0.03489000 -0.04732600
v -0.03207900 -0.03378600 -0.04858300
v -0.03309200 -0.03372800 -0.04737500
v -0.03409300 -0.03259300 -0.04742300
v -0.03503000 -0.03048900 -0.04866200
v -0.03640300 -0.02964700 -0.04756400
v -0.03764300 -0.02692800 -0.04876000
v -0.03868900 -0.02613900 -0.04775800
v -0.03990600 -0.02312900 -0.04887900
v -0.04020000 -0.02336700 -0.04793000
v -0.04179600 -0.01915100 -0.04902000
v -0.04202900 -0.01926700 -0.04821500
v -0.04319300 -0.01596100 -0.04846700
v -0.04331500 -0.01500700 -0.04918100
v -0.04416400 -0.01243500 -0.04875800
v -0.04445400 -0.01074500 -0.04936000
v -0.04481600 -0.00926500 -0.04903500
v -0.04499800 -0.00815100 -0.04913400
v -0.04521000 -0.00640400 -0.04955100
v -0.04522000 -0.00653600 -0.04928100
v -0.04534500 -0.00541900 -0.04938500
v -0.04544300 -0.00422800 -0.04965000
v -0.04543700 -0.00442800 -0.04947700
v -0.04545200 -0.00424700 -0.04949300
v -0.04548800 -0.00366400 -0.04967600
v -0.04548500 -0.00381500 -0.04953100
v -0.04551700 -0.00333400 -0.04958000
v -0.04553500 -0.00301800 -0.04962800
v -0.04552600 -0.00311100 -0.04970700
v -0.04550800 -0.00338900 -0.04968900
v -0.04550400 -0.00337800 -0.04980700
v -0.04548400 -0.00365200 -0.04980800
v -0.04550200 -0.00336800 -0.04992600
v -0.04548100 -0.00364100 -0.04994000
v -0.04518000 -0.00633600 -0.05030900
v -0.04543400 -0.00418900 -0.04996900
v -0.04518300 -0.00635500 -0.05008400
v -0.04543700 -0.00420800 -0.04980900
v -0.04519300 -0.00637900 -0.04981700
v -0.04555700 -0.00255100 -0.04975600
v -0.04558300 -0.00200000 -0.04980000
v -0.04437400 -0.01064700 -0.05031100
v -0.04436800 -0.01060800 -0.05076800
v -0.04340900 -0.01401300 -0.05112000
v -0.04316100 -0.01484600 -0.05052700
v -0.04154100 -0.01883300 -0.05159700
v -0.04155700 -0.01890800 -0.05073100
v -0.03998400 -0.02194100 -0.05189000
v -0.03957700 -0.02279200 -0.05091900
v -0.03720900 -0.02636800 -0.05228600
v -0.03723600 -0.02647200 -0.05109000
v -0.03537500 -0.02877900 -0.05249200
v -0.03455900 -0.02990800 -0.05124400
v -0.03355900 -0.03087500 -0.05266500
v -0.03156600 -0.03307200 -0.05137800
v -0.03153000 -0.03294200 -0.05282900
v -0.02914700 -0.03506700 -0.05298900
v -0.02828500 -0.03593700 -0.05149300
v -0.02470600 -0.03832300 -0.05321600
v -0.02474700 -0.03847400 -0.05158700
v -0.02223700 -0.03980500 -0.05331000
v -0.02098100 -0.04066000 -0.05166000
v -0.01965200 -0.04114200 -0.05338600
v -0.01702500 -0.04247700 -0.05171100
v -0.01698500 -0.04231300 -0.05344400
v -0.01309700 -0.04367300 -0.05349100
v -0.01292100 -0.04390400 -0.05174100
v -0.00865000 -0.04476600 -0.05351100
v -0.00868000 -0.04493700 -0.05175400
v -0.00575900 -0.04522900 -0.05351700
v -0.00284300 -0.04550500 -0.05352000
v 0.00585800 -0.04521600 -0.05352500
v 0.00868000 -0.04493700 -0.05175400
v 0.01292100 -0.04390400 -0.05174100
v 0.01702500 -0.04247700 -0.05171100
v 0.02115600 -0.04107800 -0.04999600
v 0.00865000 -0.04476600 -0.05352300
v 0.01150700 -0.04411800 -0.05351000
v 0.01431800 -0.04328800 -0.05348500
v 0.01698500 -0.04231300 -0.05344500
v 0.02086300 -0.04054200 -0.05335300
v 0.02098100 -0.04066000 -0.05166000
v 0.02470600 -0.03832300 -0.05321700
v 0.02474700 -0.03847300 -0.05158700
v 0.02818900 -0.03584100 -0.05304600
v 0.02828500 -0.03593700 -0.05149300
v 0.03153000 -0.03294200 -0.05282800
v 0.03156600 -0.03307200 -0.05137800
v 0.03370200 -0.03072000 -0.05265200
v 0.03455900 -0.02990800 -0.05124400
v 0.03552400 -0.02859500 -0.05247700
v 0.03723600 -0.02647300 -0.05109000
v 0.03720900 -0.02636800 -0.05228600
v 0.03910300 -0.02347200 -0.05202900
v 0.03957600 -0.02279400 -0.05091900
v 0.04154100 -0.01883300 -0.05159900
v 0.04155700 -0.01890800 -0.05073100
v 0.04278100 -0.01582200 -0.05130800
v 0.04316100 -0.01484500 -0.05052700
v 0.04436800 -0.01060600 -0.05078900
v 0.04437400 -0.01064700 -0.05031100
v 0.04518000 -0.00633200 -0.05035100
v 0.04518300 -0.00635500 -0.05008400
v 0.04543400 -0.00418500 -0.04996900
v 0.04543800 -0.00419900 -0.04980900
v 0.04548400 -0.00365200 -0.04980800
v 0.04558300 -0.00200000 -0.04980000
v 0.04555500 -0.00254600 -0.04984700
v 0.04552100 -0.00309500 -0.04990500
v 0.04550200 -0.00336800 -0.04992600
v 0.04552300 -0.00310300 -0.04980600
v 0.04550400 -0.00337800 -0.04980700
v -0.04558300 -0.00200000 -0.04980000
v -0.04555600 -0.00254800 -0.04980100
v -0.04558300 -0.00200000 -0.04980000
v -0.04555500 -0.00254600 -0.04984700
v 0.04558300 -0.00200000 -0.04980000
v 0.04555600 -0.00254800 -0.04980100
v 0.04558300 -0.00200000 -0.04980000
v 0.04548100 -0.00364100 -0.04994000
v -0.04552100 -0.00309500 -0.04990500
v -0.04552300 -0.00310300 -0.04980600
v 0.04519300 -0.00637900 -0.04981700
v 0.04440300 -0.01069400 -0.04983300
v 0.04321600 -0.01491900 -0.04984900
v 0.04164300 -0.01901500 -0.04986600
v 0.03969300 -0.02293900 -0.04988500
v 0.03738200 -0.02666100 -0.04990500
v 0.03472800 -0.03014300 -0.04992500
v 0.03175100 -0.03335700 -0.04994500
v 0.02847600 -0.03627000 -0.04996500
v 0.02493500 -0.03885200 -0.04998200
v -0.00877100 -0.04542300 -0.05001600
v -0.01305500 -0.04437500 -0.05001300
v -0.01718000 -0.04292700 -0.05000600
v -0.02115700 -0.04107800 -0.04999600
v -0.02493400 -0.03885200 -0.04998200
v -0.02847600 -0.03627000 -0.04996500
v -0.03175100 -0.03335700 -0.04994500
v -0.03472800 -0.03014300 -0.04992500
v -0.03738200 -0.02666100 -0.04990500
v -0.03969500 -0.02293500 -0.04988500
v -0.04164200 -0.01901500 -0.04986600
v -0.04321600 -0.01491900 -0.04984900
v -0.04440300 -0.01069400 -0.04983300
v -0.04558300 -0.00200000 -0.04980000
v 0.00025000 -0.04635000 -0.04979500
v 0.00227600 -0.04635000 -0.04966400
v 0.00227600 -0.04635000 -0.04966400
v 0.00025000 -0.04635000 -0.04579500
v 0.00025000 -0.04635000 -0.04579500
v 0.00435700 -0.04635000 -0.04933600
v 0.00256300 -0.04635000 -0.03991800
v 0.00657800 -0.04635000 -0.04882600
v 0.00764600 -0.04635000 -0.03926200
v 0.00894700 -0.04635000 -0.04816700
v 0.01273900 -0.04635000 -0.04701000
v 0.01260400 -0.04635000 -0.03796200
v 0.01615000 -0.04635000 -0.04580600
v 0.01945700 -0.04635000 -0.04434000
v 0.01735500 -0.04635000 -0.03603900
v 0.02264200 -0.04635000 -0.04262000
v 0.02182100 -0.04635000 -0.03352300
v 0.02568600 -0.04635000 -0.04065500
v 0.02856500 -0.04635000 -0.03845800
v 0.02592900 -0.04635000 -0.03045800
v 0.03125800 -0.04635000 -0.03604300
v 0.03375300 -0.04635000 -0.03342300
v 0.02961100 -0.04635000 -0.02689200
v 0.03603700 -0.04635000 -0.03060800
v 0.03280700 -0.04635000 -0.02288500
v 0.03808800 -0.04635000 -0.02762200
v 0.03989100 -0.04635000 -0.02448700
v 0.03546400 -0.04635000 -0.01850200
v 0.04143800 -0.04635000 -0.02121800
v 0.04271900 -0.04635000 -0.01783500
v 0.03753900 -0.04635000 -0.01381500
v 0.04372400 -0.04635000 -0.01436800
v 0.03899700 -0.04635000 -0.00890100
v 0.04444900 -0.04635000 -0.01083500
v 0.04488900 -0.04635000 -0.00725400
v 0.03981500 -0.04635000 -0.00384100
v 0.04504300 -0.04635000 -0.00364300
v 0.04500000 -0.04635000 0.00000000
v 0.03997900 -0.04635000 0.00128200
v 0.04467600 -0.04635000 0.00538600
v 0.03948700 -0.04635000 0.00638400
v 0.04371100 -0.04635000 0.01069500
v 0.03834700 -0.04635000 0.01138100
v 0.04211600 -0.04635000 0.01584900
v 0.03657600 -0.04635000 0.01619100
v 0.03991700 -0.04635000 0.02077600
v 0.03420600 -0.04635000 0.02073600
v 0.03714300 -0.04635000 0.02540400
v 0.03127300 -0.04635000 0.02494000
v 0.03383600 -0.04635000 0.02966700
v 0.02782700 -0.04635000 0.02873400
v 0.03004100 -0.04635000 0.03350400
v 0.02392400 -0.04635000 0.03205700
v 0.02581500 -0.04635000 0.03685900
v 0.01962900 -0.04635000 0.03485300
v 0.02121800 -0.04635000 0.03968300
v 0.01501100 -0.04635000 0.03707700
v 0.01631600 -0.04635000 0.04193800
v 0.01014600 -0.04635000 0.03869200
v 0.01117900 -0.04635000 0.04358900
v 0.00588200 -0.04635000 0.04461400
v 0.00050000 -0.04635000 0.04499700
v 0.00050000 -0.04635000 0.04449700
v 0.00511500 -0.04635000 0.03967200
v 0.00000000 -0.04635000 0.04000000
v -0.00050000 -0.04635000 0.04449700
v -0.00511500 -0.04635000 0.03967200
v -0.00588200 -0.04635000 0.04461400
v -0.01014600 -0.04635000 0.03869200
v -0.01117900 -0.04635000 0.04358900
v -0.01631600 -0.04635000 0.04193800
v -0.00050000 -0.04635000 0.04499700
v -0.01501100 -0.04635000 0.03707700
v -0.02121800 -0.04635000 0.03968300
v -0.01962900 -0.04635000 0.03485300
v -0.02581600 -0.04635000 0.03685900
v -0.02392400 -0.04635000 0.03205700
v -0.03004200 -0.04635000 0.03350400
v -0.02782700 -0.04635000 0.02873400
v -0.03383600 -0.04635000 0.02966700
v -0.03127300 -0.04635000 0.02494000
v -0.03714300 -0.04635000 0.02540400
v -0.03420600 -0.04635000 0.02073600
v -0.03991700 -0.04635000 0.02077600
v -0.03657600 -0.04635000 0.01619100
v -0.04211600 -0.04635000 0.01584900
v -0.03834700 -0.04635000 0.01138100
v -0.04371100 -0.04635000 0.01069500
v -0.03948700 -0.04635000 0.00638400
v -0.04467600 -0.04635000 0.00538600
v -0.03997900 -0.04635000 0.00128200
v -0.04500000 -0.04635000 0.00000000
v -0.03981500 -0.04635000 -0.00384100
v -0.04504300 -0.04635000 -0.00364300
v -0.04488900 -0.04635000 -0.00725400
v -0.03899700 -0.04635000 -0.00890100
v -0.04444900 -0.04635000 -0.01083500
v -0.04372400 -0.04635000 -0.01436800
v -0.03753900 -0.04635000 -0.01381500
v -0.04271900 -0.04635000 -0.01783500
v -0.03546400 -0.04635000 -0.01850200
v -0.04143800 -0.04635000 -0.02121800
v -0.03989100 -0.04635000 -0.02448700
v -0.03280700 -0.04635000 -0.02288500
v -0.03808800 -0.04635000 -0.02762200
v -0.03603700 -0.04635000 -0.03060800
v -0.02961100 -0.04635000 -0.02689200
v -0.03375300 -0.04635000 -0.03342300
v -0.02592900 -0.04635000 -0.03045800
v -0.03125800 -0.04635000 -0.03604300
v -0.02856500 -0.04635000 -0.03845800
v -0.02182100 -0.04635000 -0.03352300
v -0.02568600 -0.04635000 -0.04065500
v -0.02264200 -0.04635000 -0.04262000
v -0.01735500 -0.04635000 -0.03603900
v -0.01945700 -0.04635000 -0.04434000
v -0.01260400 -0.04635000 -0.03796200
v -0.01615000 -0.04635000 -0.04580600
v -0.01273900 -0.04635000 -0.04701000
v -0.00764600 -0.04635000 -0.03926200
v -0.00894700 -0.04635000 -0.04816700
v -0.00657800 -0.04635000 -0.04882600
v -0.00256300 -0.04635000 -0.03991800
v -0.00435700 -0.04635000 -0.04933600
v -0.00025000 -0.04635000 -0.04579500
v -0.00025000 -0.04635000 -0.04579500
v -0.00227600 -0.04635000 -0.04966400
v -0.00227600 -0.04635000 -0.04966400
v -0.00025000 -0.04635000 -0.04979500
v 0.04500500 0.00074400 -0.00074400
v 0.04480200 0.00433600 -0.00433600
v 0.04480200 0.00433600 -0.00433600
v 0.04500000 0.00000000 0.00000000
v 0.04500000 0.00000000 0.00000000
v 0.00050000 -0.04449700 0.04449700
v 0.04478600 -0.00438000 0.00438000
v 0.04414700 -0.00871800 0.00871800
v 0.04308900 -0.01297300 0.01297300
v 0.04162200 -0.01710500 0.01710500
v 0.03976000 -0.02107500 0.02107500
v 0.03752000 -0.02484500 0.02484500
v 0.03492400 -0.02837800 0.02837800
v 0.03199600 -0.03164200 0.03164200
v 0.02876500 -0.03460600 0.03460600
v 0.02526000 -0.03724200 0.03724200
v 0.02151500 -0.03952300 0.03952300
v 0.01756700 -0.04143000 0.04143000
v 0.01345100 -0.04294300 0.04294300
v 0.00920800 -0.04404800 0.04404800
v 0.00487700 -0.04473500 0.04473500
v 0.00050000 -0.04499700 0.04499700
v 0.04431100 0.00792000 -0.00792000
v 0.04352600 0.01147600 -0.01147600
v 0.04244600 0.01498700 -0.01498700
v 0.04106600 0.01843400 -0.01843400
v 0.03937900 0.02180700 -0.02180700
v 0.03736900 0.02509700 -0.02509700
v 0.03502800 0.02827400 -0.02827400
v 0.03235100 0.03130300 -0.03130300
v 0.02933200 0.03415000 -0.03415000
v 0.02595500 0.03678400 -0.03678400
v 0.02222200 0.03915500 -0.03915500
v 0.01815000 0.04120500 -0.04120500
v 0.01375200 0.04287700 -0.04287700
v 0.01144000 0.04355300 -0.04355300
v 0.00907900 0.04410700 -0.04410700
v 0.00667900 0.04453600 -0.04453600
v 0.00424200 0.04483400 -0.04483400
v 0.00177300 0.04500000 -0.04500000
v -0.00050000 -0.04449700 0.04449700
v -0.00050000 -0.04449700 0.04449700
v -0.00071700 0.04502900 -0.04502900
v -0.00319000 0.04492200 -0.04492200
v -0.00563700 0.04468000 -0.04468000
v -0.00805300 0.04430700 -0.04430700
v -0.01043300 0.04380600 -0.04380600
v -0.01276700 0.04318200 -0.04318200
v -0.01503000 0.04244600 -0.04244600
v -0.01932500 0.04066600 -0.04066600
v -0.02330100 0.03852200 -0.03852200
v -0.02704300 0.03599100 -0.03599100
v -0.03059400 0.03302400 -0.03302400
v -0.03228200 0.03137400 -0.03137400
v -0.03390400 0.02961200 -0.02961200
v -0.03685800 0.02584200 -0.02584200
v -0.03933400 0.02188800 -0.02188800
v -0.04134500 0.01780000 -0.01780000
v -0.04290300 0.01362100 -0.01362100
v -0.04402700 0.00936800 -0.00936800
v -0.04472600 0.00506600 -0.00506600
v -0.04472600 0.00506600 -0.00506600
v -0.04500000 0.00000000 0.00000000
v -0.04500000 0.00000000 0.00000000
v -0.04500500 0.00074400 -0.00074400
v -0.04478600 -0.00438000 0.00438000
v -0.04414700 -0.00871800 0.00871800
v -0.04308900 -0.01297300 0.01297300
v -0.04162200 -0.01710500 0.01710500
v -0.03976000 -0.02107500 0.02107500
v -0.03752000 -0.02484500 0.02484500
v -0.03492400 -0.02837800 0.02837800
v -0.03199600 -0.03164200 0.03164200
v -0.02876500 -0.03460600 0.03460600
v -0.02526000 -0.03724200 0.03724200
v -0.02151500 -0.03952300 0.03952300
v -0.01756700 -0.04143000 0.04143000
v -0.01345100 -0.04294300 0.04294300
v -0.00920800 -0.04404800 0.04404800
v -0.00487700 -0.04473500 0.04473500
v -0.00487700 -0.04473500 0.04473500
v -0.00050000 -0.04499700 0.04499700
v 0.00511500 -0.05085000 0.03967200
v 0.00000000 -0.05085000 0.04000000
v 0.01260400 -0.05085000 -0.03796200
v -0.00511500 -0.05085000 0.03967200
v -0.01014600 -0.05085000 0.03869200
v -0.01501100 -0.05085000 0.03707700
v -0.01962900 -0.05085000 0.03485300
v -0.02392400 -0.05085000 0.03205700
v -0.02782700 -0.05085000 0.02873400
v -0.03127300 -0.05085000 0.02494000
v -0.03420600 -0.05085000 0.02073600
v -0.03657600 -0.05085000 0.01619100
v -0.03834700 -0.05085000 0.01138100
v -0.03948700 -0.05085000 0.00638400
v -0.03997900 -0.05085000 0.00128200
v -0.03981500 -0.05085000 -0.00384100
v -0.03899700 -0.05085000 -0.00890100
v -0.03753900 -0.05085000 -0.01381500
v -0.03546400 -0.05085000 -0.01850200
v -0.03280700 -0.05085000 -0.02288500
v -0.02961100 -0.05085000 -0.02689200
v -0.02592900 -0.05085000 -0.03045800
v -0.02182100 -0.05085000 -0.03352300
v -0.01735500 -0.05085000 -0.03603900
v -0.01260400 -0.05085000 -0.03796200
v 0.00764600 -0.05085000 -0.03926200
v -0.00764600 -0.05085000 -0.03926200
v 0.00256300 -0.05085000 -0.03991800
v -0.00256300 -0.05085000 -0.03991800
v 0.01735500 -0.05085000 -0.03603900
v 0.01501100 -0.05085000 0.03707700
v 0.01014600 -0.05085000 0.03869200
v 0.01962900 -0.05085000 0.03485300
v 0.02182100 -0.05085000 -0.03352300
v 0.02392400 -0.05085000 0.03205700
v 0.02592900 -0.05085000 -0.03045800
v 0.02782700 -0.05085000 0.02873400
v 0.02961100 -0.05085000 -0.02689200
v 0.03127300 -0.05085000 0.02494000
v 0.03280700 -0.05085000 -0.02288500
v 0.03420600 -0.05085000 0.02073600
v 0.03546400 -0.05085000 -0.01850200
v 0.03657600 -0.05085000 0.01619100
v 0.03753900 -0.05085000 -0.01381500
v 0.03834700 -0.05085000 0.01138100
v 0.03899700 -0.05085000 -0.00890100
v 0.03948700 -0.05085000 0.00638400
v 0.03981500 -0.05085000 -0.00384100
v 0.03997900 -0.05085000 0.00128200
v 0.00050000 -0.04449700 0.04449700
v 0.00050000 -0.04635000 0.04449700
v 0.00050000 -0.04499700 0.04499700
v 0.00050000 -0.04635000 0.04499700
v -0.00050000 -0.04449700 0.04449700
v -0.00050000 -0.04635000 0.04449700
v 0.00050000 -0.04449700 0.04449700
v 0.00050000 -0.04635000 0.04449700
v -0.00050000 -0.04635000 0.04499700
v -0.00050000 -0.04635000 0.04449700
v -0.00050000 -0.04499700 0.04499700
v -0.00050000 -0.04449700 0.04449700
v 0.00050000 -0.04499700 0.04499700
v 0.00050000 -0.04635000 0.04499700
v 0.00487700 -0.04473500 0.04473500
v 0.00588200 -0.04635000 0.04461400
v 0.00920800 -0.04404800 0.04404800
v 0.01117900 -0.04635000 0.04358900
v 0.01345100 -0.04294300 0.04294300
v 0.01631600 -0.04635000 0.04193800
v 0.01756700 -0.04143000 0.04143000
v 0.02121800 -0.04635000 0.03968300
v 0.02151500 -0.03952300 0.03952300
v 0.02526000 -0.03724200 0.03724200
v 0.02581500 -0.04635000 0.03685900
v 0.02876500 -0.03460600 0.03460600
v 0.03004100 -0.04635000 0.03350400
v 0.03199600 -0.03164200 0.03164200
v 0.03383600 -0.04635000 0.02966700
v 0.03492400 -0.02837800 0.02837800
v 0.03714300 -0.04635000 0.02540400
v 0.03752000 -0.02484500 0.02484500
v 0.03991700 -0.04635000 0.02077600
v 0.03976000 -0.02107500 0.02107500
v 0.04162200 -0.01710500 0.01710500
v 0.04211600 -0.04635000 0.01584900
v 0.04308900 -0.01297300 0.01297300
v 0.04371100 -0.04635000 0.01069500
v 0.04414700 -0.00871800 0.00871800
v 0.04467600 -0.04635000 0.00538600
v 0.04478600 -0.00438000 0.00438000
v 0.04500000 -0.04635000 0.00000000
v 0.04500000 0.00000000 0.00000000
v -0.00050000 -0.04499700 0.04499700
v -0.00487700 -0.04473500 0.04473500
v -0.00050000 -0.04635000 0.04499700
v -0.00588200 -0.04635000 0.04461400
v -0.00920800 -0.04404800 0.04404800
v -0.01117900 -0.04635000 0.04358900
v -0.01345100 -0.04294300 0.04294300
v -0.01631600 -0.04635000 0.04193800
v -0.01756700 -0.04143000 0.04143000
v -0.02121800 -0.04635000 0.03968300
v -0.02151500 -0.03952300 0.03952300
v -0.02526000 -0.03724200 0.03724200
v -0.02581600 -0.04635000 0.03685900
v -0.02876500 -0.03460600 0.03460600
v -0.03004200 -0.04635000 0.03350400
v -0.03199600 -0.03164200 0.03164200
v -0.03383600 -0.04635000 0.02966700
v -0.03492400 -0.02837800 0.02837800
v -0.03714300 -0.04635000 0.02540400
v -0.03752000 -0.02484500 0.02484500
v -0.03991700 -0.04635000 0.02077600
v -0.03976000 -0.02107500 0.02107500
v -0.04162200 -0.01710500 0.01710500
v -0.04211600 -0.04635000 0.01584900
v -0.04308900 -0.01297300 0.01297300
v -0.04371100 -0.04635000 0.01069500
v -0.04414700 -0.00871800 0.00871800
v -0.04467600 -0.04635000 0.00538600
v -0.04478600 -0.00438000 0.00438000
v -0.04500000 -0.04635000 0.00000000
v -0.04500000 0.00000000 0.00000000
v -0.00050000 -0.04557600 -0.05530000
v -0.00050000 -0.04500000 -0.05530000
v -0.00016700 -0.04557800 -0.05530000
v 0.00050000 -0.04500000 -0.05530000
v 0.00016700 -0.04557800 -0.05530000
v 0.00050000 -0.04557600 -0.05530000
v -0.00025000 -0.04625000 -0.04579500
v -0.00025000 -0.04625000 -0.04979500
v 0.00025000 -0.04625000 -0.04579500
v 0.00025000 -0.04625000 -0.04979500
v -0.00050000 0.04500000 -0.05800000
v -0.00050000 0.04500000 -0.05530000
v 0.00050000 0.04500000 -0.05800000
v 0.00050000 0.04500000 -0.05530000
v -0.00050000 -0.04557600 -0.05530000
v -0.00050000 -0.04555200 -0.05800000
v -0.00050000 -0.04500000 -0.05530000
v -0.00050000 -0.04500000 -0.05800000
v 0.00050000 -0.04500000 -0.05800000
v 0.00050000 -0.04500000 -0.05530000
v -0.00050000 -0.04500000 -0.05800000
v -0.00050000 -0.04500000 -0.05530000
v 0.00050000 -0.04557600 -0.05530000
v 0.00050000 -0.04500000 -0.05530000
v 0.00050000 -0.04555200 -0.05800000
v 0.00050000 -0.04500000 -0.05800000
v 0.00025000 -0.04635000 -0.04979500
v 0.00025000 -0.04625000 -0.04979500
v 0.00025000 -0.04625000 -0.04979500
v 0.00008300 -0.04635000 -0.04979500
v 0.00008300 -0.04635000 -0.04979500
v -0.00025000 -0.04625000 -0.04979500
v -0.00025000 -0.04625000 -0.04979500
v -0.00008300 -0.04635000 -0.04979500
v -0.00008300 -0.04635000 -0.04979500
v -0.00025000 -0.04635000 -0.04979500
v 0.00025000 -0.04635000 -0.04579500
v 0.00025000 -0.04625000 -0.04579500
v 0.00025000 -0.04625000 -0.04579500
v 0.00025000 -0.04635000 -0.04979500
v 0.00025000 -0.04635000 -0.04979500
v 0.00025000 -0.04625000 -0.04979500
v -0.00025000 -0.04635000 -0.04579500
v -0.00025000 -0.04625000 -0.04579500
v 0.00025000 -0.04635000 -0.04579500
v 0.00025000 -0.04625000 -0.04579500
v -0.00025000 -0.04625000 -0.04979500
v -0.00025000 -0.04625000 -0.04579500
v -0.00025000 -0.04625000 -0.04579500
v -0.00025000 -0.04635000 -0.04979500
v -0.00025000 -0.04635000 -0.04979500
v -0.00025000 -0.04635000 -0.04579500
v -0.00511500 -0.04635000 0.03967200
v -0.00511500 -0.05085000 0.03967200
v 0.00000000 -0.04635000 0.04000000
v 0.00000000 -0.05085000 0.04000000
v 0.00000000 -0.04635000 0.04000000
v 0.00000000 -0.05085000 0.04000000
v 0.00511500 -0.04635000 0.03967200
v 0.00511500 -0.05085000 0.03967200
v 0.01014600 -0.05085000 0.03869200
v -0.01014600 -0.04635000 0.03869200
v -0.01014600 -0.05085000 0.03869200
v -0.01501100 -0.04635000 0.03707700
v -0.01501100 -0.05085000 0.03707700
v -0.01962900 -0.04635000 0.03485300
v -0.01962900 -0.05085000 0.03485300
v -0.02392400 -0.04635000 0.03205700
v -0.02392400 -0.05085000 0.03205700
v -0.02782700 -0.04635000 0.02873400
v -0.02782700 -0.05085000 0.02873400
v -0.03127300 -0.04635000 0.02494000
v -0.03127300 -0.05085000 0.02494000
v -0.03420600 -0.04635000 0.02073600
v -0.03420600 -0.05085000 0.02073600
v -0.03657600 -0.04635000 0.01619100
v -0.03657600 -0.05085000 0.01619100
v -0.03834700 -0.04635000 0.01138100
v -0.03834700 -0.05085000 0.01138100
v -0.03948700 -0.04635000 0.00638400
v -0.03948700 -0.05085000 0.00638400
v -0.03997900 -0.04635000 0.00128200
v -0.03997900 -0.05085000 0.00128200
v -0.03981500 -0.04635000 -0.00384100
v -0.03981500 -0.05085000 -0.00384100
v -0.03899700 -0.04635000 -0.00890100
v -0.03899700 -0.05085000 -0.00890100
v -0.03753900 -0.04635000 -0.01381500
v -0.03753900 -0.05085000 -0.01381500
v -0.03546400 -0.04635000 -0.01850200
v -0.03546400 -0.05085000 -0.01850200
v -0.03280700 -0.04635000 -0.02288500
v -0.03280700 -0.05085000 -0.02288500
v -0.02961100 -0.04635000 -0.02689200
v -0.02961100 -0.05085000 -0.02689200
v -0.02592900 -0.04635000 -0.03045800
v -0.02592900 -0.05085000 -0.03045800
v -0.02182100 -0.04635000 -0.03352300
v -0.02182100 -0.05085000 -0.03352300
v -0.01735500 -0.04635000 -0.03603900
v -0.01735500 -0.05085000 -0.03603900
v -0.01260400 -0.04635000 -0.03796200
v -0.01260400 -0.05085000 -0.03796200
v -0.00764600 -0.04635000 -0.03926200
v -0.00764600 -0.05085000 -0.03926200
v -0.00256300 -0.04635000 -0.03991800
v -0.00256300 -0.05085000 -0.03991800
v 0.00256300 -0.04635000 -0.03991800
v 0.00256300 -0.05085000 -0.03991800
v 0.00764600 -0.04635000 -0.03926200
v 0.00764600 -0.05085000 -0.03926200
v 0.01260400 -0.04635000 -0.03796200
v 0.01260400 -0.05085000 -0.03796200
v 0.01735500 -0.04635000 -0.03603900
v 0.01735500 -0.05085000 -0.03603900
v 0.02182100 -0.04635000 -0.03352300
v 0.02182100 -0.05085000 -0.03352300
v 0.02592900 -0.04635000 -0.03045800
v 0.02592900 -0.05085000 -0.03045800
v 0.02961100 -0.04635000 -0.02689200
v 0.02961100 -0.05085000 -0.02689200
v 0.03280700 -0.04635000 -0.02288500
v 0.03280700 -0.05085000 -0.02288500
v 0.03546400 -0.04635000 -0.01850200
v 0.03546400 -0.05085000 -0.01850200
v 0.03753900 -0.04635000 -0.01381500
v 0.03753900 -0.05085000 -0.01381500
v 0.03899700 -0.04635000 -0.00890100
v 0.03899700 -0.05085000 -0.00890100
v 0.03981500 -0.04635000 -0.00384100
v 0.03981500 -0.05085000 -0.00384100
v 0.03997900 -0.04635000 0.00128200
v 0.03997900 -0.05085000 0.00128200
v 0.03948700 -0.04635000 0.00638400
v 0.03948700 -0.05085000 0.00638400
v 0.03834700 -0.04635000 0.01138100
v 0.03834700 -0.05085000 0.01138100
v 0.03657600 -0.04635000 0.01619100
v 0.03657600 -0.05085000 0.01619100
v 0.03420600 -0.04635000 0.02073600
v 0.03420600 -0.05085000 0.02073600
v 0.03127300 -0.04635000 0.02494000
v 0.03127300 -0.05085000 0.02494000
v 0.02782700 -0.04635000 0.02873400
v 0.02782700 -0.05085000 0.02873400
v 0.02392400 -0.04635000 0.03205700
v 0.02392400 -0.05085000 0.03205700
v 0.01962900 -0.04635000 0.03485300
v 0.01962900 -0.05085000 0.03485300
v 0.01501100 -0.04635000 0.03707700
v 0.01501100 -0.05085000 0.03707700
v 0.01014600 -0.04635000 0.03869200
v -0.00050000 0.04500000 -0.05530000
v -0.00050000 0.04500000 -0.05800000
v -0.00050000 0.04528000 -0.05530000
v -0.00050000 0.04534500 -0.05800000
v -0.00050000 0.04528000 -0.05530000
v -0.00016700 0.04528200 -0.05530000
v -0.00050000 0.04500000 -0.05530000
v 0.00050000 0.04500000 -0.05530000
v 0.00016700 0.04528200 -0.05530000
v 0.00050000 0.04528000 -0.05530000
v 0.00050000 0.04534500 -0.05800000
v 0.00050000 0.04500000 -0.05800000
v 0.00050000 0.04528000 -0.05530000
v 0.00050000 0.04500000 -0.05530000
v 0.00050000 -0.04555200 -0.05800000
v 0.00050000 -0.04500000 -0.05800000
v 0.00579600 -0.04518500 -0.05800000
v 0.01101400 -0.04420300 -0.05800000
v 0.01608200 -0.04262200 -0.05800000
v 0.02093100 -0.04046100 -0.05800000
v 0.02549700 -0.03775100 -0.05800000
v 0.02971600 -0.03452900 -0.05800000
v 0.03353100 -0.03083700 -0.05800000
v 0.03689100 -0.02672600 -0.05800000
v 0.03975000 -0.02225300 -0.05800000
v 0.04206900 -0.01747700 -0.05800000
v 0.04381700 -0.01246400 -0.05800000
v 0.04496900 -0.00728100 -0.05800000
v 0.04540700 0.00200000 -0.05800000
v 0.04551100 0.00026200 -0.05800000
v -0.00050000 -0.04500000 -0.05800000
v -0.00050000 0.04500000 -0.05800000
v 0.00050000 0.04500000 -0.05800000
v 0.04501200 0.00627400 -0.05800000
v 0.04421600 0.01048400 -0.05800000
v 0.04302600 0.01460000 -0.05800000
v 0.04144900 0.01859400 -0.05800000
v 0.03949800 0.02242500 -0.05800000
v 0.03719800 0.02604600 -0.05800000
v 0.03456600 0.02943300 -0.05800000
v 0.03162000 0.03256300 -0.05800000
v 0.02838500 0.03540500 -0.05800000
v 0.02489400 0.03793000 -0.05800000
v 0.02118300 0.04011100 -0.05800000
v 0.01729000 0.04193000 -0.05800000
v 0.01324200 0.04337500 -0.05800000
v 0.00907000 0.04443300 -0.05800000
v 0.00480900 0.04509200 -0.05800000
v 0.00050000 0.04534500 -0.05800000
v -0.00050000 -0.04555200 -0.05800000
v -0.00579600 -0.04518500 -0.05800000
v -0.01101400 -0.04420300 -0.05800000
v -0.01608200 -0.04262200 -0.05800000
v -0.02093100 -0.04046100 -0.05800000
v -0.02549700 -0.03775100 -0.05800000
v -0.02971600 -0.03452900 -0.05800000
v -0.03353100 -0.03083700 -0.05800000
v -0.03689100 -0.02672600 -0.05800000
v -0.03975000 -0.02225300 -0.05800000
v -0.04206900 -0.01747700 -0.05800000
v -0.04381700 -0.01246400 -0.05800000
v -0.04496900 -0.00728100 -0.05800000
v -0.04496900 -0.00728100 -0.05800000
v -0.04551100 -0.00200000 -0.05800000
v -0.04551100 0.00026200 -0.05800000
v -0.04551100 0.00026200 -0.05800000
v -0.04540700 0.00200000 -0.05800000
v -0.04540700 0.00200000 -0.05800000
v -0.04501200 0.00627400 -0.05800000
v -0.04421600 0.01048400 -0.05800000
v -0.04302600 0.01460000 -0.05800000
v -0.04144900 0.01859500 -0.05800000
v -0.03949800 0.02242500 -0.05800000
v -0.03719800 0.02604600 -0.05800000
v -0.03456600 0.02943300 -0.05800000
v -0.03162000 0.03256400 -0.05800000
v -0.02838500 0.03540500 -0.05800000
v -0.02489300 0.03793000 -0.05800000
v -0.02118300 0.04011100 -0.05800000
v -0.01728900 0.04193000 -0.05800000
v -0.01324200 0.04337500 -0.05800000
v -0.00907000 0.04443300 -0.05800000
v -0.00480900 0.04509200 -0.05800000
v -0.00050000 0.04534500 -0.05800000
v 0.04551100 -0.00200000 -0.05800000
vn 0.99990000 -0.00400000 0.01190000
vn 0.99960000 0.02430000 0.01070000
vn 0.99990000 0.00870000 0.00730000
vn 0.99920000 0.03870000 0.00800000
vn 0.99920000 0.03740000 0.01020000
vn 0.99920000 0.03750000 0.01020000
vn 0.99920000 0.03820000 0.00910000
vn 0.99920000 0.03830000 0.00930000
vn 0.99870000 0.04970000 0.00920000
vn 0.99870000 0.05040000 0.00880000
vn 0.99820000 0.05990000 0.00920000
vn 0.99820000 0.06000000 0.00910000
vn 0.99840000 0.05610000 0.00830000
vn 0.99840000 0.05610000 0.00820000
vn 0.99820000 0.06000000 0.00820000
vn 0.99870000 0.05000000 0.00820000
vn 0.99990000 -0.00000000 0.01170000
vn 0.99990000 -0.00000000 0.01170000
vn 0.99990000 -0.00000000 0.01170000
vn 0.99990000 -0.00000000 0.01170000
vn 0.99990000 -0.00000000 0.01170000
vn 0.99990000 -0.00000000 0.01170000
vn 0.99990000 -0.00000000 0.01170000
vn 0.99990000 -0.00000000 0.01170000
vn 0.99990000 -0.00000000 0.01170000
vn 0.99990000 -0.00000000 0.01170000
vn -0.99990000 -0.00400000 0.01190000
vn -0.99990000 0.00870000 0.00730000
vn -0.99920000 0.03830000 0.00880000
vn -0.99960000 0.02890000 0.00780000
vn -0.99920000 0.03940000 0.00800000
vn -0.99870000 0.05040000 0.00880000
vn -0.99870000 0.05010000 0.00820000
vn -0.99820000 0.06000000 0.00820000
vn -0.99820000 0.06000000 0.00930000
vn -0.99870000 0.04960000 0.00950000
vn -0.99920000 0.03750000 0.01020000
vn -0.99960000 0.02430000 0.01070000
vn -0.99990000 -0.00000000 0.01170000
vn -0.99990000 -0.00000000 0.01170000
vn -0.99990000 -0.00000000 0.01170000
vn -0.99990000 -0.00000000 0.01170000
vn -0.99990000 -0.00000000 0.01170000
vn -0.99990000 -0.00000000 0.01170000
vn -0.99990000 -0.00000000 0.01170000
vn -0.99990000 -0.00000000 0.01170000
vn -0.99990000 -0.00000000 0.01170000
vn -0.99990000 -0.00000000 0.01170000
vn -0.99940000 0.03480000 0.00780000
vn -0.99380000 0.11130000 0.00820000
vn -0.99890000 0.04580000 0.00780000
vn -0.99370000 0.11150000 0.00820000
vn -0.99370000 0.11170000 0.00820000
vn -0.97910000 0.20310000 0.00880000
vn -0.97900000 0.20380000 0.00880000
vn -0.95600000 0.29320000 0.00960000
vn -0.95560000 0.29440000 0.00960000
vn -0.92450000 0.38100000 0.01050000
vn -0.92390000 0.38260000 0.01060000
vn -0.89020000 0.45550000 0.01140000
vn -0.88920000 0.45740000 0.01160000
vn -0.84970000 0.52720000 0.01240000
vn -0.84840000 0.52930000 0.01270000
vn -0.80320000 0.59560000 0.01350000
vn -0.80150000 0.59780000 0.01390000
vn -0.75090000 0.66020000 0.01470000
vn -0.74890000 0.66250000 0.01520000
vn -0.69310000 0.72070000 0.01600000
vn -0.69080000 0.72290000 0.01650000
vn -0.62980000 0.77650000 0.01730000
vn -0.62770000 0.77830000 0.01760000
vn -0.56150000 0.82730000 0.01870000
vn -0.55920000 0.82880000 0.01890000
vn -0.48840000 0.87240000 0.02000000
vn -0.48600000 0.87370000 0.02030000
vn -0.41080000 0.91150000 0.02110000
vn -0.40870000 0.91240000 0.02140000
vn -0.32930000 0.94400000 0.02210000
vn -0.32730000 0.94470000 0.02240000
vn -0.24370000 0.96960000 0.02310000
vn -0.24240000 0.96990000 0.02310000
vn -0.15580000 0.98750000 0.02370000
vn -0.15460000 0.98770000 0.02370000
vn -0.10590000 0.99410000 0.02400000
vn -0.19960000 0.97960000 0.02350000
vn -0.99950000 0.02940000 0.00770000
vn -0.99390000 0.10990000 0.00820000
vn -0.99390000 0.11040000 0.00820000
vn -0.99380000 0.11090000 0.00820000
vn -0.97990000 0.19930000 0.00860000
vn -0.97950000 0.20120000 0.00900000
vn -0.95790000 0.28710000 0.00930000
vn -0.95710000 0.28960000 0.00940000
vn -0.92780000 0.37290000 0.01010000
vn -0.92650000 0.37630000 0.01030000
vn -0.89500000 0.44600000 0.01070000
vn -0.89300000 0.44990000 0.01100000
vn -0.85610000 0.51670000 0.01150000
vn -0.85350000 0.52090000 0.01190000
vn -0.81130000 0.58450000 0.01240000
vn -0.80800000 0.58900000 0.01280000
vn -0.76060000 0.64910000 0.01340000
vn -0.75670000 0.65360000 0.01390000
vn -0.70410000 0.71000000 0.01440000
vn -0.69960000 0.71430000 0.01510000
vn -0.64180000 0.76670000 0.01560000
vn -0.63700000 0.77070000 0.01630000
vn -0.57400000 0.81870000 0.01690000
vn -0.56900000 0.82220000 0.01760000
vn -0.50080000 0.86540000 0.01820000
vn -0.49580000 0.86820000 0.01890000
vn -0.42280000 0.90600000 0.01950000
vn -0.41770000 0.90830000 0.02030000
vn -0.33960000 0.94030000 0.02090000
vn -0.33540000 0.94180000 0.02150000
vn -0.25220000 0.96740000 0.02220000
vn -0.24920000 0.96820000 0.02240000
vn -0.16100000 0.98670000 0.02340000
vn -0.15860000 0.98710000 0.02370000
vn -0.06750000 0.99740000 0.02420000
vn -0.06700000 0.99750000 0.02400000
vn 0.02670000 0.99930000 0.02430000
vn 0.02620000 0.99940000 0.02410000
vn 0.12060000 0.99240000 0.02380000
vn 0.11900000 0.99260000 0.02390000
vn 0.21260000 0.97690000 0.02290000
vn 0.20990000 0.97750000 0.02310000
vn 0.30170000 0.95320000 0.02160000
vn 0.29800000 0.95430000 0.02200000
vn 0.38680000 0.92190000 0.02020000
vn 0.38240000 0.92380000 0.02070000
vn 0.46730000 0.88390000 0.01870000
vn 0.46240000 0.88640000 0.01940000
vn 0.54270000 0.83970000 0.01730000
vn 0.53770000 0.84300000 0.01810000
vn 0.61290000 0.79000000 0.01600000
vn 0.60790000 0.79380000 0.01680000
vn 0.67750000 0.73540000 0.01480000
vn 0.67290000 0.73960000 0.01560000
vn 0.73650000 0.67630000 0.01380000
vn 0.73230000 0.68080000 0.01440000
vn 0.78970000 0.61340000 0.01280000
vn 0.78610000 0.61790000 0.01330000
vn 0.83710000 0.54700000 0.01190000
vn 0.83420000 0.55130000 0.01230000
vn 0.87860000 0.47750000 0.01110000
vn 0.87640000 0.48150000 0.01140000
vn 0.91410000 0.40540000 0.01040000
vn 0.91250000 0.40900000 0.01060000
vn 0.94350000 0.33110000 0.00970000
vn 0.94250000 0.33400000 0.00980000
vn 0.96690000 0.25510000 0.00910000
vn 0.96630000 0.25720000 0.00920000
vn 0.98400000 0.17770000 0.00860000
vn 0.98380000 0.17900000 0.00860000
vn 0.99500000 0.09930000 0.00810000
vn 0.99500000 0.09970000 0.00810000
vn 0.99920000 0.04010000 0.00780000
vn 0.99500000 0.10000000 0.00810000
vn 0.99890000 0.04580000 0.00780000
vn 0.99490000 0.10010000 0.00810000
vn 0.99490000 0.10030000 0.00810000
vn 0.98340000 0.18140000 0.00860000
vn 0.98320000 0.18210000 0.00870000
vn 0.96490000 0.26250000 0.00930000
vn 0.96450000 0.26380000 0.00940000
vn 0.93930000 0.34300000 0.01020000
vn 0.93870000 0.34450000 0.01030000
vn 0.90660000 0.42190000 0.01130000
vn 0.91160000 0.41100000 0.01120000
vn 0.86850000 0.49550000 0.01250000
vn -0.99400000 0.10900000 0.00810000
vn -0.99960000 0.02670000 0.00770000
vn -0.99270000 0.12050000 0.00820000
vn -0.99970000 0.02400000 0.00770000
vn -0.98080000 0.19460000 0.00860000
vn -0.97630000 0.21630000 0.00870000
vn -0.96020000 0.27930000 0.00910000
vn -0.95040000 0.31080000 0.00910000
vn -0.93200000 0.36240000 0.00960000
vn -0.91510000 0.40320000 0.00940000
vn -0.90100000 0.43370000 0.01020000
vn -0.86960000 0.49360000 0.00970000
vn -0.86420000 0.50310000 0.01050000
vn -0.82190000 0.56960000 0.01110000
vn -0.85870000 0.51230000 0.01120000
vn -0.81470000 0.57980000 0.01180000
vn -0.81410000 0.58070000 0.01010000
vn -0.77280000 0.63450000 0.01150000
vn -0.76470000 0.64430000 0.01250000
vn -0.74790000 0.66370000 0.01070000
vn -0.71800000 0.69590000 0.01230000
vn -0.70880000 0.70530000 0.01350000
vn -0.71170000 0.70240000 0.01120000
vn -0.67400000 0.73870000 0.01170000
vn -0.65690000 0.75390000 0.01320000
vn -0.59470000 0.80390000 0.01310000
vn -0.58960000 0.80750000 0.01440000
vn -0.51630000 0.85630000 0.01590000
vn -0.57950000 0.81480000 0.01570000
vn -0.50630000 0.86220000 0.01730000
vn -0.51150000 0.85920000 0.01490000
vn -0.43700000 0.89930000 0.01740000
vn -0.42760000 0.90380000 0.01880000
vn -0.42320000 0.90590000 0.01710000
vn -0.35180000 0.93590000 0.01940000
vn -0.34360000 0.93890000 0.02010000
vn -0.32830000 0.94440000 0.01940000
vn -0.26150000 0.96500000 0.02130000
vn -0.25510000 0.96670000 0.02180000
vn -0.27850000 0.96020000 0.02060000
vn -0.22730000 0.97360000 0.02170000
vn -0.16730000 0.98560000 0.02290000
vn -0.17530000 0.98420000 0.02260000
vn -0.12260000 0.99220000 0.02340000
vn -0.07050000 0.99720000 0.02390000
vn -0.06940000 0.99730000 0.02390000
vn -0.01560000 0.99960000 0.02410000
vn 0.02760000 0.99930000 0.02410000
vn 0.03860000 0.99900000 0.02400000
vn 0.09220000 0.99550000 0.02370000
vn 0.12520000 0.99190000 0.02340000
vn 0.14530000 0.98910000 0.02310000
vn 0.19770000 0.98000000 0.02220000
vn 0.22070000 0.97510000 0.02200000
vn 0.24950000 0.96820000 0.02120000
vn 0.31280000 0.94960000 0.02020000
vn 0.30020000 0.95370000 0.02010000
vn 0.39720000 0.91760000 0.01770000
vn 0.40020000 0.91620000 0.01830000
vn 0.48750000 0.87300000 0.01550000
vn 0.48220000 0.87590000 0.01640000
vn 0.55830000 0.82950000 0.01480000
vn 0.47230000 0.88120000 0.01830000
vn 0.54810000 0.83620000 0.01630000
vn 0.57050000 0.82120000 0.01360000
vn 0.62820000 0.77790000 0.01370000
vn 0.61790000 0.78610000 0.01550000
vn 0.64570000 0.76350000 0.01220000
vn 0.69210000 0.72170000 0.01260000
vn 0.68230000 0.73100000 0.01440000
vn 0.71330000 0.70080000 0.01120000
vn 0.74950000 0.66190000 0.01180000
vn 0.74070000 0.67170000 0.01340000
vn 0.77300000 0.63430000 0.01050000
vn 0.80090000 0.59870000 0.01120000
vn 0.79330000 0.60870000 0.01240000
vn 0.82550000 0.56430000 0.01000000
vn 0.84620000 0.53270000 0.01070000
vn 0.84000000 0.54240000 0.01170000
vn 0.87070000 0.49180000 0.00970000
vn 0.88560000 0.46430000 0.01020000
vn 0.88080000 0.47330000 0.01090000
vn 0.90870000 0.41730000 0.00940000
vn 0.91910000 0.39390000 0.00980000
vn 0.91570000 0.40170000 0.01030000
vn 0.94000000 0.34100000 0.00920000
vn 0.94680000 0.32180000 0.00940000
vn 0.94460000 0.32810000 0.00960000
vn 0.96470000 0.26310000 0.00890000
vn 0.96870000 0.24820000 0.00900000
vn 0.96740000 0.25290000 0.00910000
vn 0.98290000 0.18410000 0.00860000
vn 0.98480000 0.17370000 0.00850000
vn 0.98430000 0.17640000 0.00860000
vn 0.99450000 0.10420000 0.00820000
vn 0.99510000 0.09840000 0.00810000
vn 0.99510000 0.09900000 0.00810000
vn 0.99970000 0.02400000 0.00770000
vn 0.99950000 0.02920000 0.00770000
vn 0.99940000 0.03450000 0.00780000
vn 0.99900000 0.04480000 0.00780000
vn 0.99490000 0.10090000 0.00810000
vn 0.99490000 0.10070000 0.00810000
vn 0.99490000 0.10050000 0.00810000
vn 0.98310000 0.18280000 0.00870000
vn 0.99030000 0.13900000 0.00840000
vn 0.98300000 0.18340000 0.00870000
vn 0.97270000 0.23200000 0.00920000
vn 0.96420000 0.26490000 0.00950000
vn 0.94640000 0.32280000 0.01010000
vn 0.81770000 0.57550000 0.01400000
vn 0.82340000 0.56730000 0.01380000
vn 0.86810000 0.49630000 0.01260000
vn 0.90750000 0.41990000 0.01120000
vn 0.93990000 0.34130000 0.01020000
vn 0.96520000 0.26130000 0.00930000
vn 0.98350000 0.18080000 0.00860000
vn 0.75970000 0.65010000 0.01550000
vn 0.77500000 0.63170000 0.01480000
vn 0.82510000 0.56480000 0.01360000
vn 0.86940000 0.49400000 0.01230000
vn 0.71920000 0.69460000 0.01630000
vn 0.69470000 0.71910000 0.01710000
vn 0.65810000 0.75280000 0.01770000
vn 0.62360000 0.78150000 0.01850000
vn 0.66100000 0.75020000 0.01740000
vn 0.59510000 0.80340000 0.01870000
vn 0.66370000 0.74780000 0.01680000
vn 0.59810000 0.80120000 0.01820000
vn 0.66600000 0.74580000 0.01660000
vn 0.60060000 0.79940000 0.01790000
vn 0.66840000 0.74360000 0.01650000
vn 0.60320000 0.79740000 0.01780000
vn 0.59200000 0.80570000 0.01910000
vn 0.54680000 0.83700000 0.01990000
vn 0.52450000 0.85120000 0.02000000
vn 0.52760000 0.84930000 0.01950000
vn 0.53020000 0.84770000 0.01920000
vn 0.53280000 0.84600000 0.01910000
vn 0.46550000 0.88480000 0.02120000
vn 0.44960000 0.89300000 0.02120000
vn 0.45300000 0.89130000 0.02100000
vn 0.45510000 0.89020000 0.02040000
vn 0.45770000 0.88890000 0.02030000
vn 0.38000000 0.92470000 0.02210000
vn 0.29130000 0.95640000 0.02290000
vn 0.37050000 0.92860000 0.02210000
vn 0.37340000 0.92740000 0.02180000
vn 0.29040000 0.95660000 0.02270000
vn 0.19960000 0.97960000 0.02350000
vn 0.20420000 0.97860000 0.02340000
vn 0.11560000 0.99300000 0.02390000
vn 0.20560000 0.97840000 0.02340000
vn 0.11640000 0.99290000 0.02390000
vn 0.20710000 0.97800000 0.02320000
vn 0.11740000 0.99280000 0.02410000
vn 0.10590000 0.99410000 0.02390000
vn 0.02550000 0.99940000 0.02400000
vn 0.02570000 0.99940000 0.02410000
vn 0.02580000 0.99940000 0.02410000
vn 0.01110000 0.99960000 0.02410000
vn 0.01100000 0.99960000 0.02410000
vn 0.00370000 0.99970000 0.02420000
vn -0.00370000 0.99970000 0.02410000
vn -0.01100000 0.99960000 0.02410000
vn -0.01100000 0.99960000 0.02410000
vn -0.06550000 0.99760000 0.02400000
vn -0.06610000 0.99750000 0.02400000
vn -0.15670000 0.98740000 0.02360000
vn -0.24560000 0.96910000 0.02270000
vn -0.33150000 0.94320000 0.02160000
vn -0.41360000 0.91020000 0.02040000
vn -0.49120000 0.87080000 0.01940000
vn -0.56450000 0.82530000 0.01780000
vn -0.63250000 0.77440000 0.01670000
vn -0.69540000 0.71840000 0.01560000
vn -0.75290000 0.65790000 0.01440000
vn -0.80490000 0.59330000 0.01310000
vn -0.85110000 0.52480000 0.01190000
vn -0.89120000 0.45340000 0.01090000
vn -0.92520000 0.37950000 0.01050000
vn -0.95640000 0.29180000 0.00930000
vn -0.97920000 0.20250000 0.00890000
vn -0.06510000 0.99760000 0.02400000
vn -0.29130000 0.95640000 0.02290000
vn -0.38000000 0.92470000 0.02210000
vn -0.40560000 0.91380000 0.02180000
vn -0.48290000 0.87540000 0.02070000
vn -0.46550000 0.88480000 0.02110000
vn -0.54680000 0.83710000 0.01990000
vn -0.55600000 0.83100000 0.01940000
vn -0.62360000 0.78150000 0.01860000
vn -0.62150000 0.78320000 0.01850000
vn -0.68550000 0.72790000 0.01710000
vn -0.62450000 0.78080000 0.01810000
vn -0.68820000 0.72540000 0.01670000
vn -0.69470000 0.71910000 0.01710000
vn -0.74430000 0.66760000 0.01570000
vn -0.74660000 0.66500000 0.01540000
vn -0.75970000 0.65010000 0.01550000
vn -0.79760000 0.60300000 0.01430000
vn -0.79960000 0.60030000 0.01400000
vn -0.81770000 0.57550000 0.01400000
vn -0.84530000 0.53420000 0.01310000
vn -0.84690000 0.53170000 0.01280000
vn -0.84380000 0.53660000 0.01320000
vn -0.86850000 0.49550000 0.01250000
vn -0.88690000 0.46180000 0.01190000
vn -0.88810000 0.45950000 0.01160000
vn -0.88570000 0.46400000 0.01200000
vn -0.91160000 0.41100000 0.01120000
vn -0.92150000 0.38820000 0.01090000
vn -0.94640000 0.32280000 0.01010000
vn -0.95440000 0.29850000 0.00970000
vn -0.97270000 0.23200000 0.00910000
vn -0.97840000 0.20650000 0.00890000
vn -0.99030000 0.13900000 0.00840000
vn -0.99360000 0.11250000 0.00820000
vn -0.99900000 0.04480000 0.00780000
vn -0.99360000 0.11230000 0.00820000
vn -0.99370000 0.11200000 0.00820000
vn -0.97880000 0.20470000 0.00880000
vn -0.95520000 0.29580000 0.00960000
vn -0.97860000 0.20550000 0.00880000
vn -0.95480000 0.29720000 0.00970000
vn -0.92310000 0.38450000 0.01070000
vn -0.92230000 0.38640000 0.01080000
vn -0.98020000 0.19790000 0.00870000
vn -0.95860000 0.28460000 0.00920000
vn -0.92910000 0.36960000 0.01000000
vn -0.89710000 0.44180000 0.01000000
vn -0.64710000 0.76230000 0.01450000
vn -0.16300000 0.98640000 0.02320000
vn -0.06840000 0.99740000 0.02410000
vn 0.02690000 0.99940000 0.02400000
vn 0.12230000 0.99220000 0.02390000
vn 0.21550000 0.97620000 0.02290000
vn 0.30550000 0.95190000 0.02110000
vn 0.39140000 0.92000000 0.01960000
vn 0.29440000 0.95540000 0.02260000
vn 0.29230000 0.95610000 0.02260000
vn 0.37810000 0.92550000 0.02150000
vn 0.37560000 0.92650000 0.02160000
vn 0.72830000 0.68510000 0.01520000
vn 0.72620000 0.68730000 0.01530000
vn 0.72420000 0.68950000 0.01550000
vn 0.72160000 0.69210000 0.01600000
vn 0.78270000 0.62220000 0.01400000
vn 0.78090000 0.62440000 0.01410000
vn 0.77950000 0.62630000 0.01440000
vn 0.77710000 0.62930000 0.01460000
vn 0.83140000 0.55550000 0.01290000
vn 0.83000000 0.55770000 0.01290000
vn 0.82860000 0.55970000 0.01300000
vn 0.82680000 0.56230000 0.01330000
vn 0.87420000 0.48540000 0.01180000
vn 0.87310000 0.48740000 0.01180000
vn 0.87200000 0.48930000 0.01190000
vn 0.87070000 0.49170000 0.01220000
vn 0.91100000 0.41230000 0.01090000
vn 0.91020000 0.41410000 0.01090000
vn 0.90940000 0.41580000 0.01090000
vn 0.90850000 0.41780000 0.01110000
vn 0.94150000 0.33680000 0.01000000
vn 0.94100000 0.33820000 0.01000000
vn 0.94050000 0.33960000 0.01000000
vn 0.96580000 0.25930000 0.00930000
vn 0.96550000 0.26030000 0.00930000
vn 0.98360000 0.18020000 0.00870000
vn 0.99820000 0.06000000 0.00780000
vn 0.99820000 0.06000000 0.00780000
vn 0.99820000 0.06000000 0.00780000
vn 0.99820000 0.06000000 0.00780000
vn 0.99820000 0.06000000 0.00780000
vn -0.99820000 0.06000000 0.00780000
vn -0.99820000 0.05990000 0.00780000
vn -0.99820000 0.06000000 0.00780000
vn -0.99820000 0.05990000 0.00780000
vn -0.99820000 0.06000000 0.00780000
vn -0.99820000 0.06000000 0.00780000
vn -0.99820000 0.05990000 0.00780000
vn -0.99820000 0.06000000 0.00780000
vn 0.99990000 -0.01450000 -0.00230000
vn 0.99210000 -0.09510000 -0.08190000
vn 0.99970000 -0.02200000 -0.00950000
vn 0.98610000 -0.12430000 -0.11050000
vn 0.99940000 -0.02940000 -0.01650000
vn 0.98440000 -0.13120000 -0.11700000
vn 0.99910000 -0.03660000 -0.02350000
vn 0.99350000 -0.08690000 -0.07310000
vn 0.99540000 -0.07410000 -0.06030000
vn 0.97190000 -0.17330000 -0.15910000
vn 0.95520000 -0.21660000 -0.20160000
vn 0.95290000 -0.22200000 -0.20680000
vn 0.96830000 -0.18380000 -0.16890000
vn 0.93850000 -0.25190000 -0.23610000
vn 0.92250000 -0.28080000 -0.26470000
vn 0.90110000 -0.31490000 -0.29820000
vn 0.88640000 -0.33570000 -0.31880000
vn 0.87820000 -0.34670000 -0.32940000
vn 0.86620000 -0.36200000 -0.34450000
vn 0.84550000 -0.38650000 -0.36850000
vn 0.84800000 -0.38360000 -0.36560000
vn 0.80090000 -0.43280000 -0.41370000
vn 0.78470000 -0.44800000 -0.42840000
vn 0.75390000 -0.47470000 -0.45430000
vn 0.73800000 -0.48750000 -0.46660000
vn 0.70490000 -0.51250000 -0.49040000
vn 0.67560000 -0.53270000 -0.50970000
vn 0.65470000 -0.54630000 -0.52240000
vn 0.62200000 -0.56610000 -0.54100000
vn 0.60400000 -0.57640000 -0.55040000
vn 0.59700000 -0.58020000 -0.55400000
vn 0.56920000 -0.59500000 -0.56750000
vn 0.55300000 -0.60320000 -0.57480000
vn 0.50090000 -0.62750000 -0.59600000
vn 0.50240000 -0.62690000 -0.59550000
vn 0.45190000 -0.64810000 -0.61300000
vn 0.45010000 -0.64870000 -0.61360000
vn 0.39950000 -0.66770000 -0.62820000
vn 0.43450000 -0.65480000 -0.61840000
vn 0.37510000 -0.67610000 -0.63420000
vn 0.94050000 -0.24770000 -0.23250000
vn 0.92520000 -0.27600000 -0.26040000
vn 0.89980000 -0.31660000 -0.30030000
vn 0.88910000 -0.33190000 -0.31520000
vn 0.85130000 -0.37970000 -0.36210000
vn 0.84780000 -0.38370000 -0.36600000
vn 0.80340000 -0.43050000 -0.41130000
vn 0.79730000 -0.43620000 -0.41710000
vn 0.75570000 -0.47310000 -0.45290000
vn 0.73950000 -0.48630000 -0.46550000
vn 0.70610000 -0.51140000 -0.48980000
vn 0.67920000 -0.53030000 -0.50740000
vn 0.65530000 -0.54590000 -0.52210000
vn 0.61790000 -0.56850000 -0.54320000
vn 0.60420000 -0.57600000 -0.55070000
vn 0.55620000 -0.60160000 -0.57340000
vn 0.55250000 -0.60340000 -0.57490000
vn 0.50130000 -0.62730000 -0.59590000
vn 0.49500000 -0.63010000 -0.59830000
vn 0.34950000 -0.68450000 -0.63980000
vn 0.31700000 -0.69450000 -0.64600000
vn 0.32360000 -0.69260000 -0.64460000
vn 0.30010000 -0.69950000 -0.64860000
vn 0.27260000 -0.70720000 -0.65230000
vn 0.25990000 -0.71050000 -0.65400000
vn 0.24920000 -0.71340000 -0.65500000
vn 0.23350000 -0.71730000 -0.65650000
vn 0.21770000 -0.72110000 -0.65770000
vn 0.20370000 -0.72440000 -0.65860000
vn 0.38960000 -0.67120000 -0.63060000
vn 0.40170000 -0.66690000 -0.62760000
vn 0.45040000 -0.64870000 -0.61350000
vn 0.98850000 -0.11350000 -0.09950000
vn 0.99200000 -0.09590000 -0.08190000
vn 0.99640000 -0.06630000 -0.05260000
vn 0.99690000 -0.06240000 -0.04880000
vn 0.99860000 -0.04380000 -0.03040000
vn -0.99210000 -0.09520000 -0.08200000
vn -0.99990000 -0.01460000 -0.00230000
vn -0.99650000 -0.06560000 -0.05270000
vn -0.99970000 -0.02200000 -0.00950000
vn -0.99630000 -0.06720000 -0.05420000
vn -0.99610000 -0.06880000 -0.05580000
vn -0.98770000 -0.11710000 -0.10360000
vn -0.98740000 -0.11860000 -0.10500000
vn -0.97440000 -0.16590000 -0.15160000
vn -0.97400000 -0.16720000 -0.15290000
vn -0.95680000 -0.21300000 -0.19810000
vn -0.95630000 -0.21410000 -0.19920000
vn -0.93520000 -0.25800000 -0.24250000
vn -0.93410000 -0.26010000 -0.24450000
vn -0.90970000 -0.30170000 -0.28540000
vn -0.90900000 -0.30270000 -0.28640000
vn -0.88170000 -0.34200000 -0.32500000
vn -0.88110000 -0.34290000 -0.32580000
vn -0.85120000 -0.37990000 -0.36210000
vn -0.85060000 -0.38070000 -0.36280000
vn -0.80270000 -0.43120000 -0.41200000
vn -0.80190000 -0.43190000 -0.41280000
vn -0.75050000 -0.47750000 -0.45700000
vn -0.75060000 -0.47740000 -0.45690000
vn -0.69700000 -0.51810000 -0.49580000
vn -0.69660000 -0.51830000 -0.49600000
vn -0.64240000 -0.55390000 -0.52970000
vn -0.69090000 -0.52230000 -0.49990000
vn -0.63020000 -0.56130000 -0.53650000
vn -0.99940000 -0.02940000 -0.01650000
vn -0.99570000 -0.07230000 -0.05880000
vn -0.99580000 -0.07060000 -0.05770000
vn -0.99910000 -0.03660000 -0.02350000
vn -0.99480000 -0.07870000 -0.06510000
vn -0.99500000 -0.07670000 -0.06340000
vn -0.99550000 -0.07350000 -0.06030000
vn -0.98610000 -0.12440000 -0.11050000
vn -0.98670000 -0.12150000 -0.10780000
vn -0.97270000 -0.17110000 -0.15670000
vn -0.97360000 -0.16850000 -0.15420000
vn -0.95530000 -0.21650000 -0.20140000
vn -0.99860000 -0.04380000 -0.03040000
vn -0.99690000 -0.06230000 -0.04880000
vn -0.99370000 -0.08630000 -0.07220000
vn -0.99400000 -0.08400000 -0.07040000
vn -0.98400000 -0.13280000 -0.11860000
vn -0.98440000 -0.13110000 -0.11700000
vn -0.97020000 -0.17870000 -0.16390000
vn -0.97070000 -0.17720000 -0.16250000
vn -0.95230000 -0.22320000 -0.20790000
vn -0.95280000 -0.22220000 -0.20700000
vn -0.93100000 -0.26600000 -0.25010000
vn -0.93160000 -0.26480000 -0.24900000
vn -0.90630000 -0.30700000 -0.29050000
vn -0.90710000 -0.30580000 -0.28930000
vn -0.87910000 -0.34550000 -0.32830000
vn -0.87950000 -0.34490000 -0.32780000
vn -0.84930000 -0.38210000 -0.36420000
vn -0.85000000 -0.38130000 -0.36350000
vn -0.80170000 -0.43220000 -0.41300000
vn -0.99620000 -0.06830000 -0.05460000
vn -0.99490000 -0.07770000 -0.06390000
vn -0.99340000 -0.08760000 -0.07390000
vn -0.99310000 -0.08940000 -0.07560000
vn -0.98320000 -0.13610000 -0.12170000
vn -0.98940000 -0.10930000 -0.09530000
vn -0.98450000 -0.13110000 -0.11680000
vn -0.99360000 -0.08630000 -0.07240000
vn -0.99300000 -0.08990000 -0.07600000
vn -0.97560000 -0.16240000 -0.14780000
vn -0.96910000 -0.18170000 -0.16680000
vn -0.98360000 -0.13440000 -0.12020000
vn -0.96960000 -0.18020000 -0.16540000
vn -0.96830000 -0.18380000 -0.16890000
vn -0.95110000 -0.22600000 -0.21060000
vn -0.95160000 -0.22470000 -0.20940000
vn -0.94270000 -0.24360000 -0.22790000
vn -0.92960000 -0.26850000 -0.25250000
vn -0.93030000 -0.26720000 -0.25120000
vn -0.90600000 -0.30740000 -0.29080000
vn -0.90510000 -0.30890000 -0.29230000
vn -0.90580000 -0.30780000 -0.29120000
vn -0.87780000 -0.34730000 -0.33000000
vn -0.86430000 -0.36430000 -0.34680000
vn -0.84820000 -0.38350000 -0.36550000
vn -0.80320000 -0.43070000 -0.41160000
vn -0.84870000 -0.38280000 -0.36490000
vn -0.80080000 -0.43300000 -0.41380000
vn -0.75650000 -0.47260000 -0.45220000
vn -0.74980000 -0.47800000 -0.45750000
vn -0.60530000 -0.57560000 -0.54980000
vn -0.64250000 -0.55380000 -0.52960000
vn -0.69730000 -0.51790000 -0.49560000
vn -0.75090000 -0.47710000 -0.45660000
vn -0.80300000 -0.43080000 -0.41180000
vn -0.85180000 -0.37920000 -0.36150000
vn -0.88240000 -0.34110000 -0.32410000
vn -0.91060000 -0.30020000 -0.28390000
vn -0.93570000 -0.25700000 -0.24150000
vn -0.95730000 -0.21180000 -0.19700000
vn -0.97480000 -0.16450000 -0.15040000
vn -0.98810000 -0.11520000 -0.10220000
vn -0.98830000 -0.11430000 -0.10080000
vn -0.58760000 -0.58540000 -0.55870000
vn -0.57880000 -0.59000000 -0.56290000
vn -0.53240000 -0.61320000 -0.58360000
vn -0.52010000 -0.61890000 -0.58860000
vn -0.47760000 -0.63760000 -0.60450000
vn -0.45380000 -0.64730000 -0.61240000
vn -0.47720000 -0.63770000 -0.60460000
vn -0.42260000 -0.65930000 -0.62180000
vn -0.47720000 -0.63780000 -0.60460000
vn -0.42220000 -0.65950000 -0.62200000
vn -0.47680000 -0.63790000 -0.60470000
vn -0.42170000 -0.65960000 -0.62210000
vn -0.47600000 -0.63820000 -0.60510000
vn -0.42120000 -0.65980000 -0.62230000
vn -0.47610000 -0.63820000 -0.60500000
vn -0.42070000 -0.66000000 -0.62250000
vn -0.47560000 -0.63840000 -0.60520000
vn -0.41990000 -0.66020000 -0.62270000
vn -0.47500000 -0.63860000 -0.60540000
vn -0.41940000 -0.66040000 -0.62280000
vn -0.43460000 -0.65470000 -0.61840000
vn -0.37510000 -0.67610000 -0.63420000
vn -0.36410000 -0.67970000 -0.63670000
vn -0.36540000 -0.67930000 -0.63650000
vn -0.31700000 -0.69450000 -0.64590000
vn -0.31040000 -0.69650000 -0.64700000
vn -0.25990000 -0.71050000 -0.65400000
vn -0.25620000 -0.71150000 -0.65440000
vn -0.20380000 -0.72440000 -0.65860000
vn -0.25700000 -0.71130000 -0.65420000
vn -0.21770000 -0.72110000 -0.65770000
vn -0.22610000 -0.71910000 -0.65710000
vn -0.24150000 -0.71530000 -0.65570000
vn -0.25780000 -0.71110000 -0.65410000
vn -0.27260000 -0.70720000 -0.65240000
vn -0.31190000 -0.69610000 -0.64660000
vn -0.31260000 -0.69590000 -0.64650000
vn -0.36670000 -0.67900000 -0.63610000
vn -0.36700000 -0.67880000 -0.63600000
vn -0.39230000 -0.67030000 -0.62990000
vn -0.32400000 -0.69250000 -0.64450000
vn -0.47460000 -0.63880000 -0.60550000
vn -0.49500000 -0.63010000 -0.59830000
vn -0.53080000 -0.61390000 -0.58430000
vn -0.53060000 -0.61400000 -0.58430000
vn -0.58720000 -0.58550000 -0.55890000
vn -0.55620000 -0.60160000 -0.57340000
vn -0.61790000 -0.56850000 -0.54320000
vn -0.67920000 -0.53020000 -0.50740000
vn -0.64380000 -0.55300000 -0.52880000
vn -0.64370000 -0.55310000 -0.52890000
vn -0.58760000 -0.58530000 -0.55870000
vn -0.53090000 -0.61390000 -0.58420000
vn -0.73950000 -0.48620000 -0.46550000
vn -0.69970000 -0.51610000 -0.49400000
vn -0.75440000 -0.47420000 -0.45380000
vn -0.79730000 -0.43620000 -0.41710000
vn -0.80670000 -0.42720000 -0.40830000
vn -0.80710000 -0.42680000 -0.40790000
vn -0.85560000 -0.37470000 -0.35720000
vn -0.85610000 -0.37400000 -0.35670000
vn -0.88580000 -0.33630000 -0.31990000
vn -0.88610000 -0.33600000 -0.31920000
vn -0.91310000 -0.29600000 -0.28030000
vn -0.91350000 -0.29560000 -0.27960000
vn -0.93730000 -0.25390000 -0.23860000
vn -0.93780000 -0.25300000 -0.23770000
vn -0.95830000 -0.20900000 -0.19470000
vn -0.95870000 -0.20830000 -0.19370000
vn -0.97520000 -0.16340000 -0.14920000
vn -0.97570000 -0.16190000 -0.14780000
vn -0.85130000 -0.37970000 -0.36210000
vn -0.89980000 -0.31660000 -0.30030000
vn -0.94050000 -0.24770000 -0.23250000
vn -0.97190000 -0.17330000 -0.15910000
vn -0.99420000 -0.08220000 -0.06870000
vn -0.98490000 -0.12950000 -0.11540000
vn -0.97120000 -0.17570000 -0.16110000
vn -0.95350000 -0.22050000 -0.20540000
vn -0.93220000 -0.26370000 -0.24790000
vn -0.90750000 -0.30510000 -0.28870000
vn -0.88040000 -0.34370000 -0.32660000
vn -0.98710000 -0.12010000 -0.10640000
vn -0.91140000 -0.29900000 -0.28290000
vn -0.93630000 -0.25600000 -0.24050000
vn -0.91190000 -0.29810000 -0.28200000
vn -0.93680000 -0.25500000 -0.23950000
vn -0.91250000 -0.29720000 -0.28120000
vn -0.88400000 -0.33890000 -0.32200000
vn -0.88440000 -0.33830000 -0.32150000
vn -0.88510000 -0.33740000 -0.32050000
vn -0.88350000 -0.33960000 -0.32270000
vn -0.85350000 -0.37720000 -0.35960000
vn -0.85400000 -0.37660000 -0.35900000
vn -0.80490000 -0.42900000 -0.41000000
vn -0.80540000 -0.42850000 -0.40960000
vn -0.75300000 -0.47540000 -0.45500000
vn -0.75370000 -0.47480000 -0.45440000
vn -0.69880000 -0.51670000 -0.49460000
vn -0.69910000 -0.51660000 -0.49440000
vn -0.64370000 -0.55310000 -0.52890000
vn -0.64390000 -0.55300000 -0.52880000
vn -0.58770000 -0.58530000 -0.55860000
vn -0.58760000 -0.58530000 -0.55860000
vn -0.53150000 -0.61360000 -0.58400000
vn -0.85450000 -0.37600000 -0.35840000
vn -0.85500000 -0.37540000 -0.35780000
vn -0.80590000 -0.42800000 -0.40910000
vn -0.80660000 -0.42730000 -0.40840000
vn -0.75370000 -0.47480000 -0.45440000
vn -0.75440000 -0.47420000 -0.45380000
vn -0.69920000 -0.51650000 -0.49440000
vn -0.69990000 -0.51600000 -0.49390000
vn -0.64350000 -0.55320000 -0.52900000
vn -0.95780000 -0.21060000 -0.19580000
vn -0.98570000 -0.12610000 -0.11220000
vn -0.98530000 -0.12780000 -0.11380000
vn -0.99450000 -0.08040000 -0.06690000
vn -0.97220000 -0.17260000 -0.15810000
vn -0.97170000 -0.17420000 -0.15960000
vn -0.95470000 -0.21780000 -0.20280000
vn -0.95410000 -0.21920000 -0.20410000
vn -0.93350000 -0.26130000 -0.24560000
vn -0.93280000 -0.26250000 -0.24680000
vn -0.90820000 -0.30400000 -0.28760000
vn -0.80350000 -0.43040000 -0.41130000
vn -0.85240000 -0.37850000 -0.36080000
vn -0.80400000 -0.42980000 -0.41080000
vn -0.75190000 -0.47630000 -0.45580000
vn -0.75230000 -0.47600000 -0.45550000
vn -0.75160000 -0.47660000 -0.45610000
vn -0.69810000 -0.51730000 -0.49500000
vn -0.69820000 -0.51720000 -0.49500000
vn -0.64300000 -0.55350000 -0.52930000
vn -0.64310000 -0.55340000 -0.52920000
vn -0.58780000 -0.58520000 -0.55860000
vn -0.58770000 -0.58530000 -0.55860000
vn -0.53220000 -0.61330000 -0.58370000
vn -0.53200000 -0.61340000 -0.58380000
vn -0.69870000 -0.51690000 -0.49460000
vn -0.64350000 -0.55320000 -0.52900000
vn -0.58770000 -0.58530000 -0.55860000
vn -0.53140000 -0.61360000 -0.58400000
vn -0.36610000 -0.67910000 -0.63620000
vn -0.31130000 -0.69620000 -0.64680000
vn -0.87850000 -0.34630000 -0.32910000
vn -0.64300000 -0.55350000 -0.52930000
vn -0.58780000 -0.58520000 -0.55860000
vn -0.64310000 -0.55350000 -0.52920000
vn -0.58780000 -0.58520000 -0.55860000
vn -0.53210000 -0.61330000 -0.58370000
vn -0.53230000 -0.61320000 -0.58360000
vn -0.69790000 -0.51740000 -0.49520000
vn 0.01100000 -0.99990000 -0.00870000
vn 0.06440000 -0.99790000 -0.00870000
vn 0.01100000 -0.99990000 -0.00870000
vn -0.00000000 -1.00000000 -0.00870000
vn 0.00350000 -1.00000000 -0.00890000
vn -0.00350000 -1.00000000 -0.00890000
vn -0.01100000 -0.99990000 -0.00870000
vn -0.06230000 -0.99800000 -0.00870000
vn -0.01100000 -0.99990000 -0.00870000
vn -0.12720000 -0.99180000 -0.00870000
vn -0.12610000 -0.99200000 -0.00870000
vn -0.18970000 -0.98180000 -0.00870000
vn 0.12720000 -0.99180000 -0.00870000
vn 0.12810000 -0.99170000 -0.00870000
vn 0.18970000 -0.98180000 -0.00870000
vn 0.24180000 -0.97030000 -0.00870000
vn 0.25240000 -0.96760000 -0.00870000
vn 0.31400000 -0.94940000 -0.00870000
vn 0.35300000 -0.93560000 -0.00870000
vn 0.37250000 -0.92800000 -0.00870000
vn 0.45950000 -0.88820000 -0.00870000
vn 0.45760000 -0.88910000 -0.00870000
vn 0.54180000 -0.84050000 -0.00870000
vn 0.55970000 -0.82870000 -0.00880000
vn 0.61820000 -0.78600000 -0.00860000
vn 0.65230000 -0.75790000 -0.00870000
vn 0.69140000 -0.72240000 -0.00870000
vn 0.73600000 -0.67690000 -0.00870000
vn 0.73920000 -0.67340000 -0.00880000
vn 0.77900000 -0.62700000 -0.00870000
vn 0.80980000 -0.58670000 -0.00870000
vn 0.81590000 -0.57820000 -0.00870000
vn 0.85740000 -0.51460000 -0.00870000
vn 0.87250000 -0.48850000 -0.00880000
vn 0.91070000 -0.41290000 -0.00870000
vn 0.92340000 -0.38360000 -0.00870000
vn 0.93790000 -0.34690000 -0.00870000
vn 0.96180000 -0.27360000 -0.00880000
vn 0.97260000 -0.23250000 -0.00870000
vn 0.98710000 -0.15980000 -0.00870000
vn 0.99030000 -0.13870000 -0.00870000
vn 0.99900000 -0.04390000 -0.00870000
vn 0.99900000 -0.04380000 -0.00870000
vn -0.24180000 -0.97030000 -0.00870000
vn -0.28720000 -0.95780000 -0.00860000
vn -0.35300000 -0.93560000 -0.00870000
vn -0.37250000 -0.92800000 -0.00880000
vn -0.43100000 -0.90230000 -0.00870000
vn -0.45950000 -0.88820000 -0.00870000
vn -0.48770000 -0.87300000 -0.00870000
vn -0.55970000 -0.82870000 -0.00870000
vn -0.54180000 -0.84050000 -0.00870000
vn -0.63920000 -0.76900000 -0.00870000
vn -0.65230000 -0.75790000 -0.00870000
vn -0.69140000 -0.72240000 -0.00880000
vn -0.73600000 -0.67690000 -0.00870000
vn -0.73620000 -0.67670000 -0.00870000
vn -0.77570000 -0.63110000 -0.00870000
vn -0.80980000 -0.58670000 -0.00870000
vn -0.81590000 -0.57820000 -0.00870000
vn -0.87250000 -0.48850000 -0.00880000
vn -0.87670000 -0.48100000 -0.00870000
vn -0.91070000 -0.41290000 -0.00870000
vn -0.92340000 -0.38360000 -0.00870000
vn -0.95160000 -0.30720000 -0.00870000
vn -0.96180000 -0.27360000 -0.00880000
vn -0.97260000 -0.23250000 -0.00870000
vn -0.98710000 -0.15980000 -0.00870000
vn -0.99030000 -0.13880000 -0.00870000
vn -0.99900000 -0.04390000 -0.00870000
vn -0.99900000 -0.04390000 -0.00870000
vn 1.00000000 -0.00000000 -0.00870000
vn 1.00000000 -0.00000000 -0.00870000
vn 1.00000000 -0.00000000 -0.00870000
vn -1.00000000 -0.00000000 -0.00870000
vn -1.00000000 -0.00000000 -0.00870000
vn -1.00000000 -0.00000000 -0.00870000
vn 0.99640000 -0.06630000 -0.05250000
vn 0.99710000 -0.06430000 -0.04030000
vn 0.99690000 -0.06240000 -0.04870000
vn 0.99800000 -0.05360000 -0.03270000
vn 0.99890000 -0.04260000 -0.01980000
vn 0.99660000 -0.07030000 -0.04400000
vn 0.99540000 -0.07410000 -0.06020000
vn 0.99590000 -0.07600000 -0.04830000
vn 0.99350000 -0.08690000 -0.07300000
vn 0.99460000 -0.08730000 -0.05650000
vn 0.99200000 -0.09590000 -0.08200000
vn 0.98850000 -0.11360000 -0.09950000
vn 0.98730000 -0.13160000 -0.08880000
vn 0.96830000 -0.18380000 -0.16900000
vn 0.96400000 -0.21850000 -0.15170000
vn 0.93850000 -0.25190000 -0.23620000
vn 0.92950000 -0.30220000 -0.21150000
vn 0.90100000 -0.31490000 -0.29830000
vn 0.87820000 -0.34660000 -0.32940000
vn 0.88520000 -0.38120000 -0.26670000
vn 0.86620000 -0.36210000 -0.34450000
vn 0.84800000 -0.38360000 -0.36560000
vn 0.83240000 -0.45470000 -0.31680000
vn 0.78470000 -0.44800000 -0.42850000
vn 0.73790000 -0.48750000 -0.46680000
vn 0.77250000 -0.52220000 -0.36140000
vn 0.67550000 -0.53270000 -0.50980000
vn 0.70680000 -0.58340000 -0.40020000
vn 0.62200000 -0.56610000 -0.54100000
vn 0.59700000 -0.58030000 -0.55400000
vn 0.63660000 -0.63800000 -0.43330000
vn 0.56910000 -0.59510000 -0.56740000
vn 0.56270000 -0.68640000 -0.46080000
vn 0.50100000 -0.62750000 -0.59600000
vn 0.45040000 -0.64860000 -0.61350000
vn 0.48610000 -0.72840000 -0.48290000
vn 0.38950000 -0.67120000 -0.63070000
vn 0.40730000 -0.76460000 -0.49960000
vn 0.32370000 -0.69260000 -0.64470000
vn 0.32670000 -0.79480000 -0.51140000
vn 0.27250000 -0.70730000 -0.65230000
vn 0.24910000 -0.71340000 -0.65500000
vn 0.23340000 -0.71740000 -0.65640000
vn 0.21770000 -0.72120000 -0.65760000
vn 0.24550000 -0.81930000 -0.51820000
vn 0.20380000 -0.72440000 -0.65850000
vn 0.16280000 -0.83790000 -0.52090000
vn 0.16010000 -0.82340000 -0.54440000
vn 0.12340000 -0.86920000 -0.47880000
vn 0.08430000 -0.90000000 -0.42760000
vn 0.08870000 -0.92890000 -0.35960000
vn 0.17770000 -0.91600000 -0.35970000
vn 0.26640000 -0.89500000 -0.35780000
vn 0.35320000 -0.86650000 -0.35270000
vn 0.04480000 -0.91770000 -0.39480000
vn -0.00000000 -0.98260000 -0.18580000
vn 0.09360000 -0.97810000 -0.18580000
vn -0.00000000 -1.00000000 -0.00900000
vn 0.06440000 -0.99790000 -0.00890000
vn -0.00000000 -0.93320000 -0.35940000
vn 0.00490000 -0.92430000 -0.38160000
vn 0.00160000 -0.92430000 -0.38150000
vn -0.00160000 -0.92440000 -0.38150000
vn -0.00490000 -0.92430000 -0.38160000
vn -0.04480000 -0.91770000 -0.39480000
vn -0.08430000 -0.90000000 -0.42770000
vn -0.08870000 -0.92890000 -0.35970000
vn -0.09360000 -0.97810000 -0.18580000
vn -0.12340000 -0.86920000 -0.47880000
vn -0.16000000 -0.82340000 -0.54440000
vn -0.16280000 -0.83790000 -0.52090000
vn -0.20380000 -0.72440000 -0.65850000
vn -0.24540000 -0.81930000 -0.51820000
vn -0.21770000 -0.72120000 -0.65760000
vn -0.22610000 -0.71920000 -0.65700000
vn -0.24140000 -0.71540000 -0.65570000
vn -0.27250000 -0.70720000 -0.65240000
vn -0.32670000 -0.79480000 -0.51150000
vn -0.32400000 -0.69250000 -0.64460000
vn -0.40720000 -0.76460000 -0.49950000
vn -0.39220000 -0.67030000 -0.63000000
vn -0.48600000 -0.72840000 -0.48300000
vn -0.45380000 -0.64730000 -0.61240000
vn -0.56270000 -0.68640000 -0.46070000
vn -0.52010000 -0.61890000 -0.58860000
vn -0.57880000 -0.59000000 -0.56290000
vn -0.63650000 -0.63800000 -0.43330000
vn -0.60530000 -0.57560000 -0.54970000
vn -0.63020000 -0.56120000 -0.53650000
vn -0.70680000 -0.58340000 -0.40020000
vn -0.69080000 -0.52230000 -0.50000000
vn -0.77250000 -0.52220000 -0.36130000
vn -0.75640000 -0.47250000 -0.45230000
vn -0.83250000 -0.45460000 -0.31680000
vn -0.80320000 -0.43070000 -0.41160000
vn -0.88530000 -0.38100000 -0.26680000
vn -0.86430000 -0.36430000 -0.34670000
vn -0.90600000 -0.30740000 -0.29100000
vn -0.92950000 -0.30220000 -0.21150000
vn -0.94270000 -0.24360000 -0.22800000
vn -0.96400000 -0.21850000 -0.15170000
vn -0.96830000 -0.18380000 -0.16900000
vn -0.97560000 -0.16250000 -0.14780000
vn -0.98730000 -0.13160000 -0.08880000
vn -0.98450000 -0.13120000 -0.11680000
vn -0.98940000 -0.10930000 -0.09520000
vn -0.99450000 -0.08760000 -0.05670000
vn -0.99310000 -0.08990000 -0.07590000
vn -0.99360000 -0.08630000 -0.07240000
vn -0.99590000 -0.07620000 -0.04820000
vn -0.99490000 -0.07770000 -0.06430000
vn -0.99620000 -0.06830000 -0.05460000
vn -0.99690000 -0.06240000 -0.04870000
vn -0.99710000 -0.06420000 -0.04030000
vn -0.99650000 -0.07050000 -0.04420000
vn -0.99690000 -0.07120000 -0.03270000
vn -0.99640000 -0.07740000 -0.03520000
vn -0.99720000 -0.07250000 -0.02060000
vn -0.99670000 -0.07840000 -0.02210000
vn -0.99030000 -0.13840000 -0.01300000
vn -0.99560000 -0.09020000 -0.02480000
vn -0.99000000 -0.13650000 -0.03550000
vn -0.99520000 -0.08890000 -0.04070000
vn -0.98900000 -0.13410000 -0.06220000
vn -0.99800000 -0.05360000 -0.03270000
vn -0.99890000 -0.04260000 -0.01990000
vn -0.97200000 -0.22830000 -0.05660000
vn -0.97260000 -0.23230000 -0.01090000
vn -0.95160000 -0.30720000 -0.00970000
vn -0.94490000 -0.31830000 -0.07670000
vn -0.91070000 -0.41290000 -0.00890000
vn -0.90910000 -0.40540000 -0.09560000
vn -0.87660000 -0.48110000 -0.00870000
vn -0.86510000 -0.48870000 -0.11280000
vn -0.81590000 -0.57820000 -0.00880000
vn -0.81320000 -0.56770000 -0.12830000
vn -0.77570000 -0.63110000 -0.00880000
vn -0.75390000 -0.64150000 -0.14200000
vn -0.73590000 -0.67700000 -0.00870000
vn -0.68780000 -0.70940000 -0.15370000
vn -0.69140000 -0.72240000 -0.00880000
vn -0.63920000 -0.76900000 -0.00880000
vn -0.61550000 -0.77090000 -0.16370000
vn -0.54180000 -0.84050000 -0.00880000
vn -0.53780000 -0.82540000 -0.17170000
vn -0.48760000 -0.87300000 -0.00880000
vn -0.45520000 -0.87240000 -0.17790000
vn -0.43110000 -0.90230000 -0.00880000
vn -0.36850000 -0.91160000 -0.18220000
vn -0.37250000 -0.92800000 -0.00890000
vn -0.28720000 -0.95780000 -0.00970000
vn -0.27890000 -0.94240000 -0.18480000
vn -0.18970000 -0.98180000 -0.01010000
vn -0.18680000 -0.96470000 -0.18570000
vn -0.12630000 -0.99190000 -0.00970000
vn -0.06240000 -0.99800000 -0.00920000
vn 0.12850000 -0.99170000 -0.00890000
vn 0.18680000 -0.96470000 -0.18570000
vn 0.27890000 -0.94240000 -0.18470000
vn 0.36860000 -0.91160000 -0.18220000
vn 0.43760000 -0.83070000 -0.34420000
vn 0.18970000 -0.98180000 -0.00890000
vn 0.25240000 -0.96760000 -0.00900000
vn 0.31390000 -0.94940000 -0.00890000
vn 0.37250000 -0.92800000 -0.00880000
vn 0.45760000 -0.88910000 -0.00880000
vn 0.45510000 -0.87250000 -0.17790000
vn 0.54180000 -0.84040000 -0.00870000
vn 0.53810000 -0.82520000 -0.17190000
vn 0.61820000 -0.78600000 -0.00880000
vn 0.61560000 -0.77090000 -0.16370000
vn 0.69140000 -0.72240000 -0.00880000
vn 0.68780000 -0.70940000 -0.15380000
vn 0.73900000 -0.67360000 -0.00880000
vn 0.75390000 -0.64150000 -0.14200000
vn 0.77900000 -0.62700000 -0.00880000
vn 0.81320000 -0.56770000 -0.12830000
vn 0.81590000 -0.57820000 -0.00880000
vn 0.85740000 -0.51460000 -0.00870000
vn 0.86510000 -0.48880000 -0.11280000
vn 0.91070000 -0.41290000 -0.00870000
vn 0.90910000 -0.40540000 -0.09550000
vn 0.93790000 -0.34680000 -0.00860000
vn 0.94490000 -0.31830000 -0.07670000
vn 0.97260000 -0.23250000 -0.00870000
vn 0.97200000 -0.22810000 -0.05630000
vn 0.99030000 -0.13880000 -0.00870000
vn 0.99000000 -0.13650000 -0.03550000
vn 0.99560000 -0.09010000 -0.02480000
vn 0.99520000 -0.08860000 -0.04060000
vn 0.99640000 -0.07730000 -0.03520000
vn 0.99890000 -0.04260000 -0.01950000
vn 0.99840000 -0.05450000 -0.01670000
vn 0.99760000 -0.06620000 -0.01920000
vn 0.99710000 -0.07260000 -0.02080000
vn 0.99740000 -0.06500000 -0.02970000
vn 0.99690000 -0.07150000 -0.03250000
vn -0.99890000 -0.04260000 -0.01950000
vn -0.99820000 -0.05370000 -0.02490000
vn -0.99890000 -0.04260000 -0.01950000
vn -0.99840000 -0.05450000 -0.01670000
vn 0.99890000 -0.04260000 -0.01960000
vn 0.99820000 -0.05400000 -0.02480000
vn 0.99890000 -0.04260000 -0.01960000
vn 0.99670000 -0.07840000 -0.02180000
vn -0.99760000 -0.06610000 -0.01910000
vn -0.99750000 -0.06480000 -0.02970000
vn 0.98900000 -0.13410000 -0.06220000
vn 0.96900000 -0.22400000 -0.10450000
vn 0.93940000 -0.31090000 -0.14450000
vn 0.90060000 -0.39470000 -0.18200000
vn 0.85350000 -0.47420000 -0.21620000
vn 0.79900000 -0.54830000 -0.24670000
vn 0.73690000 -0.61800000 -0.27390000
vn 0.66990000 -0.68050000 -0.29690000
vn 0.59660000 -0.73750000 -0.31650000
vn 0.51890000 -0.78760000 -0.33220000
vn -0.17760000 -0.91600000 -0.35960000
vn -0.26640000 -0.89500000 -0.35780000
vn -0.35310000 -0.86650000 -0.35270000
vn -0.43760000 -0.83060000 -0.34440000
vn -0.51900000 -0.78750000 -0.33230000
vn -0.59640000 -0.73760000 -0.31660000
vn -0.66940000 -0.68090000 -0.29710000
vn -0.73700000 -0.61790000 -0.27400000
vn -0.79860000 -0.54890000 -0.24690000
vn -0.85340000 -0.47430000 -0.21610000
vn -0.90060000 -0.39470000 -0.18200000
vn -0.93940000 -0.31100000 -0.14460000
vn -0.96910000 -0.22350000 -0.10450000
vn -0.99890000 -0.04260000 -0.01960000
vn 0.00010000 -1.00000000 0.00010000
vn 0.00010000 -1.00000000 0.00010000
vn -0.00000000 -1.00000000 -0.00000000
vn 0.00010000 -1.00000000 0.00010000
vn -0.00000000 -1.00000000 -0.00000000
vn -0.00000000 -1.00000000 -0.00000000
vn -0.00000000 -1.00000000 -0.00000000
vn -0.00000000 -1.00000000 -0.00000000
vn -0.00000000 -1.00000000 -0.00000000
vn -0.00000000 -1.00000000 -0.00000000
vn -0.00000000 -1.00000000 -0.00000000
vn -0.00000000 -1.00000000 -0.00000000
vn -0.00000000 -1.00000000 -0.00000000
vn -0.00000000 -1.00000000 -0.00000000
vn -0.00000000 -1.00000000 -0.00000000
vn -0.00000000 -1.00000000 -0.00000000
vn -0.00000000 -1.00000000 -0.00000000
vn -0.00000000 -1.00000000 -0.00000000
vn -0.00000000 -1.00000000 -0.00000000
vn -0.00000000 -1.00000000 -0.00000000
vn -0.00000000 -1.00000000 -0.00000000
vn -0.00000000 -1.00000000 -0.00000000
vn -0.00000000 -1.00000000 -0.00000000
vn -0.00000000 -1.00000000 -0.00000000
vn -0.00000000 -1.00000000 -0.00000000
vn -0.00000000 -1.00000000 -0.00000000
vn -0.00000000 -1.00000000 -0.00000000
vn -0.00000000 -1.00000000 -0.00000000
vn -0.00000000 -1.00000000 -0.00000000
vn -0.00000000 -1.00000000 -0.00000000
vn -0.00000000 -1.00000000 -0.00000000
vn -0.00000000 -1.00000000 -0.00000000
vn -0.00000000 -1.00000000 -0.00000000
vn -0.00000000 -1.00000000 -0.00000000
vn -0.00000000 -1.00000000 -0.00000000
vn -0.00000000 -1.00000000 -0.00000000
vn -0.00000000 -1.00000000 -0.00000000
vn -0.00000000 -1.00000000 -0.00000000
vn -0.00000000 -1.00000000 -0.00000000
vn -0.00000000 -1.00000000 -0.00000000
vn -0.00000000 -1.00000000 -0.00000000
vn -0.00000000 -1.00000000 -0.00000000
vn -0.00000000 -1.00000000 -0.00000000
vn -0.00000000 -1.00000000 -0.00000000
vn -0.00000000 -1.00000000 -0.00000000
vn -0.00000000 -1.00000000 -0.00000000
vn -0.00000000 -1.00000000 -0.00000000
vn -0.00000000 -1.00000000 -0.00000000
vn -0.00000000 -1.00000000 -0.00000000
vn -0.00000000 -1.00000000 -0.00000000
vn -0.00000000 -1.00000000 -0.00000000
vn -0.00000000 -1.00000000 -0.00000000
vn -0.00000000 -1.00000000 -0.00000000
vn -0.00000000 -1.00000000 -0.00000000
vn -0.00000000 -1.00000000 -0.00000000
vn -0.00000000 -1.00000000 -0.00000000
vn -0.00000000 -1.00000000 -0.00000000
vn -0.00000000 -1.00000000 -0.00000000
vn -0.00000000 -1.00000000 -0.00000000
vn -0.00000000 -1.00000000 -0.00000000
vn -0.00000000 -1.00000000 -0.00000000
vn -0.00000000 -1.00000000 -0.00000000
vn -0.00000000 -1.00000000 -0.00000000
vn -0.00000000 -1.00000000 -0.00000000
vn -0.00000000 -1.00000000 -0.00000000
vn -0.00000000 -1.00000000 -0.00000000
vn -0.00000000 -1.00000000 -0.00000000
vn -0.00000000 -1.00000000 -0.00000000
vn -0.00000000 -1.00000000 -0.00000000
vn -0.00000000 -1.00000000 -0.00000000
vn -0.00000000 -1.00000000 -0.00000000
vn -0.00000000 -1.00000000 -0.00000000
vn -0.00000000 -1.00000000 -0.00000000
vn -0.00000000 -1.00000000 -0.00000000
vn -0.00000000 -1.00000000 -0.00000000
vn -0.00000000 -1.00000000 -0.00000000
vn -0.00000000 -1.00000000 -0.00000000
vn -0.00000000 -1.00000000 -0.00000000
vn -0.00000000 -1.00000000 -0.00000000
vn -0.00000000 -1.00000000 -0.00000000
vn -0.00000000 -1.00000000 -0.00000000
vn -0.00000000 -1.00000000 -0.00000000
vn -0.00000000 -1.00000000 -0.00000000
vn -0.00000000 -1.00000000 -0.00000000
vn -0.00000000 -1.00000000 -0.00000000
vn -0.00000000 -1.00000000 -0.00000000
vn -0.00000000 -1.00000000 -0.00000000
vn -0.00000000 -1.00000000 -0.00000000
vn -0.00000000 -1.00000000 -0.00000000
vn -0.00000000 -1.00000000 -0.00000000
vn -0.00000000 -1.00000000 -0.00000000
vn -0.00000000 -1.00000000 -0.00000000
vn -0.00000000 -1.00000000 -0.00000000
vn -0.00000000 -1.00000000 -0.00000000
vn -0.00000000 -1.00000000 -0.00000000
vn -0.00000000 -1.00000000 -0.00000000
vn -0.00000000 -1.00000000 -0.00000000
vn -0.00000000 -1.00000000 -0.00000000
vn -0.00000000 -1.00000000 -0.00000000
vn -0.00000000 -1.00000000 -0.00000000
vn -0.00000000 -1.00000000 -0.00000000
vn -0.00000000 -1.00000000 -0.00000000
vn -0.00000000 -1.00000000 -0.00000000
vn -0.00000000 -1.00000000 -0.00000000
vn -0.00000000 -1.00000000 -0.00000000
vn -0.00000000 -1.00000000 -0.00000000
vn -0.00000000 -1.00000000 -0.00000000
vn -0.00000000 -1.00000000 -0.00000000
vn -0.00000000 -1.00000000 -0.00000000
vn -0.00000000 -1.00000000 -0.00000000
vn -0.00000000 -1.00000000 -0.00000000
vn -0.00000000 -1.00000000 -0.00000000
vn -0.00000000 -1.00000000 -0.00000000
vn -0.00000000 -1.00000000 -0.00000000
vn -0.00000000 -1.00000000 -0.00000000
vn -0.00000000 -1.00000000 -0.00000000
vn -0.00000000 -1.00000000 -0.00000000
vn -0.00000000 -1.00000000 -0.00000000
vn -0.00000000 -1.00000000 -0.00000000
vn -0.00000000 -1.00000000 -0.00000000
vn -0.00000000 -1.00000000 -0.00000000
vn -0.00000000 -1.00000000 -0.00000000
vn -0.00000000 -1.00000000 -0.00000000
vn -0.00000000 -1.00000000 -0.00000000
vn 0.00020000 -1.00000000 -0.00010000
vn -0.00000000 -1.00000000 -0.00000000
vn 0.00020000 -1.00000000 -0.00010000
vn -0.00000000 -1.00000000 -0.00000000
vn 0.00020000 -1.00000000 -0.00010000
vn 0.00010000 0.70710000 0.70710000
vn 0.00010000 0.70710000 0.70710000
vn -0.00000000 0.70710000 0.70710000
vn 0.00010000 0.70710000 0.70710000
vn -0.00000000 0.70710000 0.70710000
vn -0.00000000 0.70710000 0.70710000
vn -0.00000000 0.70710000 0.70710000
vn -0.00000000 0.70710000 0.70710000
vn -0.00000000 0.70710000 0.70710000
vn -0.00000000 0.70710000 0.70710000
vn -0.00000000 0.70710000 0.70710000
vn -0.00000000 0.70710000 0.70710000
vn -0.00000000 0.70710000 0.70710000
vn -0.00000000 0.70710000 0.70710000
vn -0.00000000 0.70710000 0.70710000
vn -0.00000000 0.70710000 0.70710000
vn -0.00000000 0.70710000 0.70710000
vn -0.00000000 0.70710000 0.70710000
vn -0.00000000 0.70710000 0.70710000
vn -0.00000000 0.70710000 0.70710000
vn -0.00000000 0.70710000 0.70710000
vn -0.00000000 0.70710000 0.70710000
vn -0.00000000 0.70710000 0.70710000
vn -0.00000000 0.70710000 0.70710000
vn -0.00000000 0.70710000 0.70710000
vn -0.00000000 0.70710000 0.70710000
vn -0.00000000 0.70710000 0.70710000
vn -0.00000000 0.70710000 0.70710000
vn -0.00000000 0.70710000 0.70710000
vn -0.00000000 0.70710000 0.70710000
vn -0.00000000 0.70710000 0.70710000
vn -0.00000000 0.70710000 0.70710000
vn -0.00000000 0.70710000 0.70710000
vn -0.00000000 0.70710000 0.70710000
vn -0.00000000 0.70710000 0.70710000
vn -0.00000000 0.70710000 0.70710000
vn -0.00000000 0.70710000 0.70710000
vn -0.00000000 0.70710000 0.70710000
vn -0.00000000 0.70710000 0.70710000
vn -0.00000000 0.70710000 0.70710000
vn -0.00000000 0.70710000 0.70710000
vn -0.00000000 0.70710000 0.70720000
vn -0.00000000 0.70710000 0.70710000
vn -0.00000000 0.70710000 0.70710000
vn -0.00000000 0.70710000 0.70710000
vn -0.00000000 0.70710000 0.70710000
vn -0.00000000 0.70710000 0.70710000
vn -0.00000000 0.70710000 0.70710000
vn -0.00000000 0.70710000 0.70710000
vn -0.00000000 0.70710000 0.70710000
vn -0.00000000 0.70710000 0.70710000
vn -0.00000000 0.70710000 0.70710000
vn -0.00000000 0.70710000 0.70710000
vn -0.00000000 0.70710000 0.70710000
vn -0.00000000 0.70710000 0.70710000
vn -0.00000000 0.70710000 0.70710000
vn -0.00000000 0.70710000 0.70710000
vn -0.00000000 0.70710000 0.70710000
vn -0.00000000 0.70710000 0.70710000
vn -0.00000000 0.70710000 0.70710000
vn -0.00000000 0.70710000 0.70710000
vn -0.00010000 0.70720000 0.70710000
vn -0.00010000 0.70720000 0.70710000
vn -0.00000000 0.70710000 0.70710000
vn -0.00010000 0.70720000 0.70710000
vn -0.00000000 0.70710000 0.70710000
vn -0.00000000 0.70710000 0.70710000
vn -0.00000000 0.70710000 0.70710000
vn -0.00000000 0.70710000 0.70710000
vn -0.00000000 0.70710000 0.70710000
vn -0.00000000 0.70710000 0.70710000
vn -0.00000000 0.70710000 0.70710000
vn -0.00000000 0.70710000 0.70710000
vn -0.00000000 0.70710000 0.70710000
vn -0.00000000 0.70710000 0.70710000
vn -0.00000000 0.70710000 0.70710000
vn -0.00000000 0.70710000 0.70710000
vn -0.00000000 0.70710000 0.70710000
vn -0.00000000 0.70710000 0.70710000
vn -0.00000000 0.70710000 0.70720000
vn -0.00000000 0.70710000 0.70710000
vn -0.00000000 0.70710000 0.70720000
vn -0.00000000 -1.00000000 -0.00000000
vn -0.00000000 -1.00000000 -0.00000000
vn -0.00000000 -1.00000000 -0.00000000
vn -0.00000000 -1.00000000 -0.00000000
vn -0.00000000 -1.00000000 -0.00000000
vn -0.00000000 -1.00000000 -0.00000000
vn -0.00000000 -1.00000000 -0.00000000
vn -0.00000000 -1.00000000 -0.00000000
vn -0.00000000 -1.00000000 -0.00000000
vn -0.00000000 -1.00000000 -0.00000000
vn -0.00000000 -1.00000000 -0.00000000
vn -0.00000000 -1.00000000 -0.00000000
vn -0.00000000 -1.00000000 -0.00000000
vn -0.00000000 -1.00000000 -0.00000000
vn -0.00000000 -1.00000000 -0.00000000
vn -0.00000000 -1.00000000 -0.00000000
vn -0.00000000 -1.00000000 -0.00000000
vn -0.00000000 -1.00000000 -0.00000000
vn -0.00000000 -1.00000000 -0.00000000
vn -0.00000000 -1.00000000 -0.00000000
vn -0.00000000 -1.00000000 -0.00000000
vn -0.00000000 -1.00000000 -0.00000000
vn -0.00000000 -1.00000000 -0.00000000
vn -0.00000000 -1.00000000 -0.00000000
vn -0.00000000 -1.00000000 -0.00000000
vn -0.00000000 -1.00000000 -0.00000000
vn -0.00000000 -1.00000000 -0.00000000
vn -0.00000000 -1.00000000 -0.00000000
vn -0.00000000 -1.00000000 -0.00000000
vn -0.00000000 -1.00000000 -0.00000000
vn -0.00000000 -1.00000000 -0.00000000
vn -0.00000000 -1.00000000 -0.00000000
vn -0.00000000 -1.00000000 -0.00000000
vn -0.00000000 -1.00000000 -0.00000000
vn -0.00000000 -1.00000000 -0.00000000
vn -0.00000000 -1.00000000 -0.00000000
vn -0.00000000 -1.00000000 -0.00000000
vn -0.00000000 -1.00000000 -0.00000000
vn -0.00000000 -1.00000000 -0.00000000
vn -0.00000000 -1.00000000 -0.00000000
vn -0.00000000 -1.00000000 -0.00000000
vn -0.00000000 -1.00000000 -0.00000000
vn -0.00000000 -1.00000000 -0.00000000
vn -0.00000000 -1.00000000 -0.00000000
vn -0.00000000 -1.00000000 -0.00000000
vn -0.00000000 -1.00000000 -0.00000000
vn -0.00000000 -1.00000000 -0.00000000
vn -0.00000000 -1.00000000 -0.00000000
vn -0.00000000 -1.00000000 -0.00000000
vn -1.00000000 -0.00000000 -0.00000000
vn -1.00000000 -0.00000000 -0.00000000
vn -1.00000000 -0.00000000 -0.00000000
vn -1.00000000 -0.00000000 -0.00000000
vn -0.00000000 -0.00000000 1.00000000
vn -0.00000000 -0.00000000 1.00000000
vn -0.00000000 -0.00000000 1.00000000
vn -0.00000000 -0.00000000 1.00000000
vn 1.00000000 -0.00000000 -0.00000000
vn 1.00000000 -0.00000000 -0.00000000
vn 1.00000000 -0.00000000 -0.00000000
vn 1.00000000 -0.00000000 -0.00000000
vn 0.01110000 -0.00000000 0.99990000
vn 0.01110000 -0.00000000 0.99990000
vn 0.10840000 -0.00000000 0.99410000
vn 0.13070000 -0.00010000 0.99140000
vn 0.20460000 -0.00000000 0.97880000
vn 0.24840000 -0.00000000 0.96860000
vn 0.29890000 -0.00000000 0.95430000
vn 0.36260000 -0.00000000 0.93200000
vn 0.39040000 -0.00000000 0.92070000
vn 0.47150000 -0.00000000 0.88190000
vn 0.47810000 -0.00000000 0.87830000
vn 0.56130000 -0.00000000 0.82760000
vn 0.57370000 -0.00000000 0.81910000
vn 0.63920000 -0.00000000 0.76900000
vn 0.66760000 -0.00000000 0.74450000
vn 0.71100000 -0.00000000 0.70320000
vn 0.75190000 -0.00010000 0.65930000
vn 0.77610000 -0.00000000 0.63060000
vn 0.82540000 -0.00000000 0.56450000
vn 0.83380000 -0.00000000 0.55210000
vn 0.88700000 -0.00000000 0.46170000
vn 0.88360000 -0.00000000 0.46830000
vn 0.92490000 -0.00000000 0.38010000
vn 0.93590000 -0.00010000 0.35220000
vn 0.95750000 -0.00000000 0.28830000
vn 0.97130000 -0.00000000 0.23770000
vn 0.98110000 -0.00000000 0.19370000
vn 0.99280000 -0.00000000 0.11970000
vn 0.99530000 -0.00000000 0.09730000
vn 1.00000000 -0.00000000 -0.00000000
vn 1.00000000 -0.00000000 -0.00000000
vn -0.01110000 -0.00000000 0.99990000
vn -0.10840000 -0.00000000 0.99410000
vn -0.01110000 -0.00000000 0.99990000
vn -0.13070000 -0.00000000 0.99140000
vn -0.20460000 -0.00000000 0.97880000
vn -0.24840000 -0.00000000 0.96860000
vn -0.29890000 -0.00000000 0.95430000
vn -0.36260000 -0.00000000 0.93200000
vn -0.39040000 -0.00000000 0.92070000
vn -0.47150000 -0.00000000 0.88180000
vn -0.47810000 -0.00000000 0.87830000
vn -0.56130000 -0.00000000 0.82760000
vn -0.57370000 -0.00000000 0.81910000
vn -0.63920000 -0.00000000 0.76900000
vn -0.66760000 -0.00000000 0.74450000
vn -0.71100000 -0.00000000 0.70320000
vn -0.75190000 -0.00000000 0.65930000
vn -0.77610000 -0.00000000 0.63060000
vn -0.82540000 -0.00010000 0.56450000
vn -0.83380000 -0.00000000 0.55210000
vn -0.88700000 -0.00000000 0.46170000
vn -0.88360000 -0.00000000 0.46830000
vn -0.92490000 -0.00000000 0.38010000
vn -0.93590000 -0.00010000 0.35220000
vn -0.95750000 -0.00000000 0.28830000
vn -0.97130000 -0.00000000 0.23770000
vn -0.98110000 -0.00000000 0.19370000
vn -0.99280000 -0.00000000 0.11970000
vn -0.99530000 -0.00000000 0.09730000
vn -1.00000000 -0.00000000 -0.00000000
vn -1.00000000 -0.00000000 -0.00000000
vn -0.00000000 -0.00000000 -1.00000000
vn -0.00000000 -0.00000000 -1.00000000
vn -0.00000000 -0.00000000 -1.00000000
vn -0.00000000 -0.00000000 -1.00000000
vn -0.00000000 -0.00000000 -1.00000000
vn -0.00000000 -0.00000000 -1.00000000
vn -0.00000000 -1.00000000 -0.00000000
vn -0.00000000 -1.00000000 -0.00000000
vn -0.00000000 -1.00000000 -0.00000000
vn -0.00000000 -1.00000000 -0.00000000
vn -0.00000000 1.00000000 -0.00000000
vn -0.00000000 1.00000000 -0.00000000
vn -0.00000000 1.00000000 -0.00000000
vn -0.00000000 1.00000000 -0.00000000
vn 1.00000000 -0.00000000 -0.00000000
vn 1.00000000 -0.00000000 -0.00000000
vn 1.00000000 -0.00000000 -0.00000000
vn 1.00000000 -0.00000000 -0.00000000
vn -0.00000000 -1.00000000 -0.00000000
vn -0.00000000 -1.00000000 -0.00000000
vn -0.00000000 -1.00000000 -0.00000000
vn -0.00000000 -1.00000000 -0.00000000
vn -1.00000000 -0.00000000 -0.00000000
vn -1.00000000 -0.00000000 -0.00000000
vn -1.00000000 -0.00000000 -0.00000000
vn -1.00000000 -0.00000000 -0.00000000
vn 0.00010000 -0.00010000 1.00000000
vn 0.00010000 -0.00010000 1.00000000
vn -0.00000000 -0.00000000 1.00000000
vn -0.00000000 -0.00000000 1.00000000
vn 0.00010000 -0.00010000 1.00000000
vn -0.00000000 -0.00000000 1.00000000
vn -0.00010000 -0.00010000 1.00000000
vn -0.00010000 -0.00010000 1.00000000
vn -0.00000000 -0.00000000 1.00000000
vn -0.00010000 -0.00010000 1.00000000
vn -1.00000000 -0.00000000 -0.00000000
vn -1.00000000 0.00020000 -0.00000000
vn -1.00000000 -0.00000000 -0.00000000
vn -1.00000000 0.00020000 -0.00000000
vn -1.00000000 -0.00000000 -0.00000000
vn -1.00000000 0.00020000 -0.00000000
vn -0.00000000 -0.00000000 -1.00000000
vn -0.00000000 -0.00000000 -1.00000000
vn -0.00000000 -0.00000000 -1.00000000
vn -0.00000000 -0.00000000 -1.00000000
vn 1.00000000 0.00020000 -0.00000000
vn 1.00000000 -0.00000000 -0.00000000
vn 1.00000000 0.00020000 -0.00000000
vn 1.00000000 -0.00000000 -0.00000000
vn 1.00000000 0.00020000 -0.00000000
vn 1.00000000 -0.00000000 -0.00000000
vn -0.12790000 -0.00000000 0.99180000
vn -0.12790000 -0.00000000 0.99180000
vn -0.00000000 -0.00000000 1.00000000
vn -0.00000000 -0.00000000 1.00000000
vn -0.00000000 -0.00000000 1.00000000
vn -0.00000000 -0.00000000 1.00000000
vn 0.12790000 -0.00000000 0.99180000
vn 0.12790000 -0.00000000 0.99180000
vn 0.25370000 -0.00000000 0.96730000
vn -0.25370000 -0.00000000 0.96730000
vn -0.25370000 -0.00000000 0.96730000
vn -0.37530000 -0.00000000 0.92690000
vn -0.37530000 -0.00000000 0.92690000
vn -0.49070000 -0.00000000 0.87130000
vn -0.49070000 -0.00000000 0.87130000
vn -0.59810000 -0.00000000 0.80140000
vn -0.59810000 -0.00000000 0.80140000
vn -0.69570000 -0.00000000 0.71840000
vn -0.69570000 -0.00000000 0.71830000
vn -0.78180000 -0.00000000 0.62350000
vn -0.78180000 -0.00000000 0.62350000
vn -0.85510000 -0.00000000 0.51840000
vn -0.85510000 -0.00000000 0.51840000
vn -0.91440000 -0.00000000 0.40480000
vn -0.91440000 -0.00000000 0.40480000
vn -0.95870000 -0.00000000 0.28450000
vn -0.95870000 -0.00000000 0.28450000
vn -0.98720000 -0.00000000 0.15960000
vn -0.98720000 -0.00000000 0.15960000
vn -0.99950000 -0.00000000 0.03210000
vn -0.99950000 -0.00000000 0.03200000
vn -0.99540000 -0.00000000 -0.09600000
vn -0.99540000 -0.00000000 -0.09600000
vn -0.97490000 -0.00000000 -0.22250000
vn -0.97490000 -0.00000000 -0.22250000
vn -0.93850000 -0.00000000 -0.34540000
vn -0.93850000 -0.00000000 -0.34540000
vn -0.88660000 -0.00000000 -0.46250000
vn -0.88660000 -0.00000000 -0.46250000
vn -0.82020000 -0.00000000 -0.57210000
vn -0.82020000 -0.00000000 -0.57210000
vn -0.74030000 -0.00000000 -0.67230000
vn -0.74030000 -0.00000000 -0.67230000
vn -0.64820000 -0.00000000 -0.76140000
vn -0.64820000 -0.00000000 -0.76140000
vn -0.54550000 -0.00000000 -0.83810000
vn -0.54550000 -0.00000000 -0.83810000
vn -0.43390000 -0.00000000 -0.90100000
vn -0.43390000 -0.00000000 -0.90100000
vn -0.31510000 -0.00000000 -0.94910000
vn -0.31510000 -0.00000000 -0.94910000
vn -0.19120000 -0.00000000 -0.98160000
vn -0.19120000 -0.00000000 -0.98160000
vn -0.06410000 -0.00000000 -0.99790000
vn -0.06410000 -0.00000000 -0.99790000
vn 0.06410000 -0.00000000 -0.99790000
vn 0.06410000 -0.00000000 -0.99790000
vn 0.19120000 -0.00000000 -0.98160000
vn 0.19120000 -0.00000000 -0.98160000
vn 0.31510000 -0.00000000 -0.94910000
vn 0.31510000 -0.00000000 -0.94910000
vn 0.43390000 -0.00000000 -0.90100000
vn 0.43390000 -0.00000000 -0.90100000
vn 0.54550000 -0.00000000 -0.83810000
vn 0.54550000 -0.00000000 -0.83810000
vn 0.64820000 -0.00000000 -0.76140000
vn 0.64820000 -0.00000000 -0.76140000
vn 0.74030000 -0.00000000 -0.67230000
vn 0.74030000 -0.00000000 -0.67230000
vn 0.82020000 -0.00000000 -0.57210000
vn 0.82020000 -0.00000000 -0.57210000
vn 0.88660000 -0.00000000 -0.46250000
vn 0.88660000 -0.00000000 -0.46250000
vn 0.93850000 -0.00000000 -0.34540000
vn 0.93850000 -0.00000000 -0.34540000
vn 0.97490000 -0.00000000 -0.22250000
vn 0.97490000 -0.00000000 -0.22250000
vn 0.99540000 -0.00000000 -0.09600000
vn 0.99540000 -0.00000000 -0.09600000
vn 0.99950000 -0.00000000 0.03200000
vn 0.99950000 -0.00000000 0.03210000
vn 0.98720000 -0.00000000 0.15960000
vn 0.98720000 -0.00000000 0.15960000
vn 0.95870000 -0.00000000 0.28450000
vn 0.95870000 -0.00000000 0.28450000
vn 0.91440000 -0.00000000 0.40480000
vn 0.91440000 -0.00000000 0.40480000
vn 0.85510000 -0.00000000 0.51840000
vn 0.85510000 -0.00000000 0.51840000
vn 0.78180000 -0.00000000 0.62350000
vn 0.78180000 -0.00000000 0.62350000
vn 0.69570000 -0.00000000 0.71830000
vn 0.69570000 -0.00000000 0.71840000
vn 0.59810000 -0.00000000 0.80140000
vn 0.59810000 -0.00000000 0.80140000
vn 0.49070000 -0.00000000 0.87130000
vn 0.49070000 -0.00000000 0.87130000
vn 0.37530000 -0.00000000 0.92690000
vn 0.37530000 -0.00000000 0.92690000
vn 0.25370000 -0.00000000 0.96730000
vn 1.00000000 -0.00000000 -0.00000000
vn 1.00000000 -0.00000000 -0.00000000
vn 1.00000000 -0.00000000 -0.00000000
vn 1.00000000 -0.00000000 -0.00000000
vn -0.00000000 -0.00000000 -1.00000000
vn -0.00000000 -0.00000000 -1.00000000
vn -0.00000000 -0.00000000 -1.00000000
vn -0.00000000 -0.00000000 -1.00000000
vn -0.00000000 -0.00000000 -1.00000000
vn -0.00000000 -0.00000000 -1.00000000
vn -1.00000000 -0.00000000 -0.00000000
vn -1.00000000 -0.00000000 -0.00000000
vn -1.00000000 -0.00000000 -0.00000000
vn -1.00000000 -0.00000000 -0.00000000
vn -0.00000000 -0.00000000 -1.00000000
vn -0.00000000 -0.00000000 -1.00000000
vn -0.00000000 -0.00000000 -1.00000000
vn -0.00000000 -0.00000000 -1.00000000
vn -0.00000000 -0.00000000 -1.00000000
vn -0.00000000 -0.00000000 -1.00000000
vn -0.00000000 -0.00000000 -1.00000000
vn -0.00000000 -0.00000000 -1.00000000
vn -0.00000000 -0.00000000 -1.00000000
vn -0.00000000 -0.00000000 -1.00000000
vn -0.00000000 -0.00000000 -1.00000000
vn -0.00000000 -0.00000000 -1.00000000
vn -0.00000000 -0.00000000 -1.00000000
vn -0.00000000 -0.00000000 -1.00000000
vn -0.00000000 -0.00000000 -1.00000000
vn -0.00000000 -0.00000000 -1.00000000
vn -0.00000000 -0.00000000 -1.00000000
vn -0.00000000 -0.00000000 -1.00000000
vn -0.00000000 -0.00000000 -1.00000000
vn -0.00000000 -0.00000000 -1.00000000
vn -0.00000000 -0.00000000 -1.00000000
vn -0.00000000 -0.00000000 -1.00000000
vn -0.00000000 -0.00000000 -1.00000000
vn -0.00000000 -0.00000000 -1.00000000
vn -0.00000000 -0.00000000 -1.00000000
vn -0.00000000 -0.00000000 -1.00000000
vn -0.00000000 -0.00000000 -1.00000000
vn -0.00000000 -0.00000000 -1.00000000
vn -0.00000000 -0.00000000 -1.00000000
vn -0.00000000 -0.00000000 -1.00000000
vn -0.00000000 -0.00000000 -1.00000000
vn -0.00000000 -0.00000000 -1.00000000
vn -0.00000000 -0.00000000 -1.00000000
vn -0.00000000 -0.00000000 -1.00000000
vn -0.00000000 -0.00000000 -1.00000000
vn -0.00000000 -0.00000000 -1.00000000
vn -0.00000000 -0.00000000 -1.00000000
vn -0.00000000 -0.00000000 -1.00000000
vn -0.00000000 -0.00000000 -1.00000000
vn -0.00000000 -0.00000000 -1.00000000
vn -0.00000000 -0.00000000 -1.00000000
vn -0.00000000 -0.00000000 -1.00000000
vn -0.00000000 -0.00000000 -1.00000000
vn -0.00000000 -0.00000000 -1.00000000
vn -0.00000000 -0.00000000 -1.00000000
vn -0.00000000 -0.00000000 -1.00000000
vn -0.00000000 -0.00000000 -1.00000000
vn -0.00000000 -0.00000000 -1.00000000
vn 0.00010000 -0.00000000 -1.00000000
vn -0.00000000 -0.00000000 -1.00000000
vn -0.00000000 -0.00000000 -1.00000000
vn 0.00010000 -0.00000000 -1.00000000
vn 0.00010000 -0.00000000 -1.00000000
vn -0.00000000 -0.00000000 -1.00000000
vn -0.00000000 -0.00000000 -1.00000000
vn -0.00000000 -0.00000000 -1.00000000
vn -0.00000000 -0.00000000 -1.00000000
vn -0.00000000 -0.00000000 -1.00000000
vn -0.00000000 -0.00000000 -1.00000000
vn -0.00000000 -0.00000000 -1.00000000
vn -0.00000000 -0.00000000 -1.00000000
vn -0.00000000 -0.00000000 -1.00000000
vn -0.00000000 -0.00000000 -1.00000000
vn -0.00000000 -0.00000000 -1.00000000
vn -0.00000000 -0.00000000 -1.00000000
vn -0.00000000 -0.00000000 -1.00000000
vn -0.00000000 -0.00000000 -1.00000000
vn -0.00000000 -0.00000000 -1.00000000
vn -0.00000000 -0.00000000 -1.00000000
vn -0.00000000 -0.00000000 -1.00000000
vn -0.00000000 -0.00000000 -1.00000000
f 1//1 2//2 3//3
f 3//3 2//2 4//4
f 4//4 2//2 5//5
f 4//4 5//5 7//7
f 8//8 6//6 9//9
f 8//8 9//9 10//10
f 10//10 9//9 11//11
f 10//10 11//11 13//13
f 14//14 12//12 15//15
f 13//13 16//16 10//10
f 10//10 16//16 4//4
f 10//10 4//4 8//8
f 17//17 18//18 19//19
f 19//19 18//18 20//20
f 19//19 20//20 21//21
f 20//20 18//18 22//22
f 22//22 18//18 23//23
f 22//22 23//23 24//24
f 24//24 25//25 22//22
f 21//21 26//26 19//19
f 27//27 28//28 29//29
f 29//29 28//28 30//30
f 29//29 30//30 31//31
f 29//29 31//31 32//32
f 32//32 31//31 33//33
f 32//32 33//33 34//34
f 34//34 35//35 32//32
f 32//32 35//35 36//36
f 32//32 36//36 29//29
f 29//29 36//36 37//37
f 29//29 37//37 38//38
f 38//38 27//27 29//29
f 39//39 40//40 41//41
f 41//41 40//40 42//42
f 41//41 42//42 43//43
f 43//43 42//42 44//44
f 43//43 44//44 45//45
f 45//45 44//44 46//46
f 46//46 44//44 47//47
f 43//43 48//48 41//41
f 49//49 50//50 51//51
f 51//51 50//50 52//52
f 51//51 52//52 53//53
f 53//53 52//52 54//54
f 53//53 54//54 55//55
f 55//55 54//54 56//56
f 55//55 56//56 57//57
f 57//57 56//56 58//58
f 57//57 58//58 59//59
f 59//59 58//58 60//60
f 59//59 60//60 61//61
f 61//61 60//60 62//62
f 61//61 62//62 63//63
f 63//63 62//62 64//64
f 63//63 64//64 65//65
f 65//65 64//64 66//66
f 65//65 66//66 67//67
f 67//67 66//66 68//68
f 67//67 68//68 69//69
f 69//69 68//68 70//70
f 69//69 70//70 71//71
f 71//71 70//70 72//72
f 71//71 72//72 73//73
f 73//73 72//72 74//74
f 73//73 74//74 75//75
f 75//75 74//74 76//76
f 75//75 76//76 77//77
f 77//77 76//76 78//78
f 77//77 78//78 79//79
f 79//79 78//78 80//80
f 79//79 80//80 81//81
f 81//81 80//80 82//82
f 81//81 82//82 83//83
f 83//83 82//82 84//84
f 83//83 84//84 85//85
f 86//86 87//87 49//49
f 49//49 87//87 88//88
f 49//49 88//88 89//89
f 89//89 88//88 90//90
f 89//89 90//90 91//91
f 91//91 90//90 92//92
f 91//91 92//92 93//93
f 93//93 92//92 94//94
f 93//93 94//94 95//95
f 95//95 94//94 96//96
f 95//95 96//96 97//97
f 97//97 96//96 98//98
f 97//97 98//98 99//99
f 99//99 98//98 100//100
f 99//99 100//100 101//101
f 101//101 100//100 102//102
f 101//101 102//102 103//103
f 103//103 102//102 104//104
f 103//103 104//104 105//105
f 105//105 104//104 106//106
f 105//105 106//106 107//107
f 107//107 106//106 108//108
f 107//107 108//108 109//109
f 109//109 108//108 110//110
f 109//109 110//110 111//111
f 111//111 110//110 112//112
f 111//111 112//112 113//113
f 113//113 112//112 114//114
f 113//113 114//114 115//115
f 115//115 114//114 116//116
f 115//115 116//116 117//117
f 117//117 116//116 118//118
f 117//117 118//118 119//119
f 119//119 118//118 120//120
f 119//119 120//120 121//121
f 121//121 120//120 122//122
f 121//121 122//122 123//123
f 123//123 122//122 124//124
f 123//123 124//124 125//125
f 125//125 124//124 126//126
f 125//125 126//126 127//127
f 127//127 126//126 128//128
f 127//127 128//128 129//129
f 129//129 128//128 130//130
f 129//129 130//130 131//131
f 131//131 130//130 132//132
f 131//131 132//132 133//133
f 133//133 132//132 134//134
f 133//133 134//134 135//135
f 135//135 134//134 136//136
f 135//135 136//136 137//137
f 137//137 136//136 138//138
f 137//137 138//138 139//139
f 139//139 138//138 140//140
f 139//139 140//140 141//141
f 141//141 140//140 142//142
f 141//141 142//142 143//143
f 143//143 142//142 144//144
f 143//143 144//144 145//145
f 145//145 144//144 146//146
f 145//145 146//146 147//147
f 147//147 146//146 148//148
f 147//147 148//148 149//149
f 149//149 148//148 150//150
f 149//149 150//150 151//151
f 151//151 150//150 152//152
f 151//151 152//152 153//153
f 153//153 152//152 154//154
f 153//153 154//154 155//155
f 155//155 154//154 156//156
f 155//155 156//156 157//157
f 157//157 156//156 158//158
f 157//157 158//158 159//159
f 159//159 158//158 160//160
f 159//159 160//160 161//161
f 161//161 160//160 162//162
f 161//161 162//162 163//163
f 163//163 162//162 164//164
f 163//163 164//164 165//165
f 165//165 164//164 166//166
f 165//165 166//166 167//167
f 167//167 166//166 168//168
f 167//167 168//168 169//169
f 169//169 168//168 170//170
f 169//169 170//170 171//171
f 87//87 86//86 172//172
f 172//172 86//86 173//173
f 172//172 173//173 174//174
f 174//174 173//173 175//175
f 172//172 174//174 176//176
f 176//176 174//174 177//177
f 176//176 177//177 178//178
f 178//178 177//177 179//179
f 178//178 179//179 180//180
f 180//180 179//179 181//181
f 180//180 181//181 182//182
f 182//182 181//181 183//183
f 182//182 183//183 184//184
f 184//184 183//183 185//185
f 184//184 185//185 186//186
f 186//186 185//185 187//187
f 186//186 187//187 98//98
f 98//98 187//187 100//100
f 183//183 188//188 185//185
f 185//185 188//188 189//189
f 185//185 189//189 187//187
f 187//187 189//189 190//190
f 187//187 190//190 100//100
f 100//100 190//190 102//102
f 188//188 191//191 189//189
f 189//189 191//191 192//192
f 189//189 192//192 190//190
f 190//190 192//192 193//193
f 190//190 193//193 102//102
f 102//102 193//193 104//104
f 191//191 194//194 192//192
f 192//192 194//194 195//195
f 192//192 195//195 196//196
f 196//196 195//195 197//197
f 196//196 197//197 198//198
f 198//198 197//197 199//199
f 198//198 199//199 200//200
f 200//200 199//199 201//201
f 200//200 201//201 108//108
f 108//108 201//201 110//110
f 197//197 202//202 199//199
f 199//199 202//202 203//203
f 199//199 203//203 201//201
f 201//201 203//203 204//204
f 201//201 204//204 110//110
f 110//110 204//204 112//112
f 202//202 205//205 203//203
f 203//203 205//205 206//206
f 203//203 206//206 204//204
f 204//204 206//206 207//207
f 204//204 207//207 112//112
f 112//112 207//207 114//114
f 205//205 208//208 206//206
f 206//206 208//208 209//209
f 206//206 209//209 207//207
f 207//207 209//209 210//210
f 207//207 210//210 114//114
f 114//114 210//210 116//116
f 208//208 211//211 209//209
f 209//209 211//211 212//212
f 209//209 212//212 213//213
f 213//213 212//212 214//214
f 213//213 214//214 215//215
f 213//213 215//215 216//216
f 216//216 215//215 217//217
f 216//216 217//217 218//218
f 216//216 218//218 219//219
f 219//219 218//218 220//220
f 219//219 220//220 221//221
f 219//219 221//221 222//222
f 222//222 221//221 223//223
f 222//222 223//223 224//224
f 222//222 224//224 225//225
f 225//225 224//224 226//226
f 225//225 226//226 227//227
f 227//227 226//226 228//228
f 227//227 228//228 229//229
f 227//227 229//229 230//230
f 230//230 229//229 231//231
f 230//230 231//231 232//232
f 232//232 231//231 233//233
f 232//232 233//233 234//234
f 234//234 233//233 235//235
f 234//234 235//235 132//132
f 132//132 235//235 134//134
f 231//231 236//236 233//233
f 233//233 236//236 237//237
f 233//233 237//237 235//235
f 235//235 237//237 238//238
f 235//235 238//238 134//134
f 134//134 238//238 136//136
f 236//236 239//239 237//237
f 237//237 239//239 240//240
f 237//237 240//240 238//238
f 238//238 240//240 241//241
f 238//238 241//241 136//136
f 136//136 241//241 138//138
f 239//239 242//242 240//240
f 240//240 242//242 243//243
f 240//240 243//243 241//241
f 241//241 243//243 244//244
f 241//241 244//244 138//138
f 138//138 244//244 140//140
f 242//242 245//245 243//243
f 243//243 245//245 246//246
f 243//243 246//246 244//244
f 244//244 246//246 247//247
f 244//244 247//247 140//140
f 140//140 247//247 142//142
f 245//245 248//248 246//246
f 246//246 248//248 249//249
f 246//246 249//249 247//247
f 247//247 249//249 250//250
f 247//247 250//250 142//142
f 142//142 250//250 144//144
f 248//248 251//251 249//249
f 249//249 251//251 252//252
f 249//249 252//252 250//250
f 250//250 252//252 253//253
f 250//250 253//253 144//144
f 144//144 253//253 146//146
f 251//251 254//254 252//252
f 252//252 254//254 255//255
f 252//252 255//255 253//253
f 253//253 255//255 256//256
f 253//253 256//256 146//146
f 146//146 256//256 148//148
f 254//254 257//257 255//255
f 255//255 257//257 258//258
f 255//255 258//258 256//256
f 256//256 258//258 259//259
f 256//256 259//259 148//148
f 148//148 259//259 150//150
f 257//257 260//260 258//258
f 258//258 260//260 261//261
f 258//258 261//261 259//259
f 259//259 261//261 262//262
f 259//259 262//262 150//150
f 150//150 262//262 152//152
f 260//260 263//263 261//261
f 261//261 263//263 264//264
f 261//261 264//264 262//262
f 262//262 264//264 265//265
f 262//262 265//265 152//152
f 152//152 265//265 154//154
f 263//263 266//266 264//264
f 264//264 266//266 267//267
f 264//264 267//267 265//265
f 265//265 267//267 268//268
f 265//265 268//268 154//154
f 154//154 268//268 156//156
f 266//266 269//269 267//267
f 267//267 269//269 270//270
f 267//267 270//270 268//268
f 268//268 270//270 271//271
f 268//268 271//271 156//156
f 156//156 271//271 158//158
f 272//272 273//273 160//160
f 160//160 273//273 274//274
f 160//160 274//274 275//275
f 275//275 274//274 276//276
f 275//275 276//276 164//164
f 164//164 276//276 166//166
f 272//272 277//277 273//273
f 273//273 277//277 278//278
f 273//273 278//278 274//274
f 274//274 278//278 276//276
f 277//277 279//279 278//278
f 278//278 279//279 280//280
f 278//278 280//280 276//276
f 276//276 280//280 166//166
f 279//279 281//281 280//280
f 280//280 281//281 168//168
f 280//280 168//168 166//166
f 281//281 170//170 168//168
f 282//282 283//283 171//171
f 171//171 283//283 284//284
f 171//171 284//284 169//169
f 169//169 284//284 285//285
f 169//169 285//285 167//167
f 167//167 285//285 286//286
f 167//167 286//286 165//165
f 165//165 286//286 287//287
f 165//165 287//287 163//163
f 163//163 287//287 288//288
f 163//163 288//288 161//161
f 161//161 288//288 159//159
f 289//289 290//290 282//282
f 282//282 290//290 291//291
f 282//282 291//291 283//283
f 283//283 291//291 292//292
f 283//283 292//292 284//284
f 284//284 292//292 285//285
f 290//290 289//289 293//293
f 293//293 289//289 294//294
f 293//293 294//294 295//295
f 295//295 294//294 296//296
f 295//295 296//296 297//297
f 297//297 296//296 298//298
f 297//297 298//298 299//299
f 299//299 298//298 300//300
f 299//299 300//300 301//301
f 301//301 300//300 302//302
f 301//301 302//302 303//303
f 303//303 302//302 304//304
f 303//303 304//304 139//139
f 139//139 304//304 137//137
f 298//298 296//296 305//305
f 305//305 296//296 306//306
f 305//305 306//306 298//298
f 298//298 306//306 307//307
f 298//298 307//307 300//300
f 300//300 307//307 308//308
f 300//300 308//308 302//302
f 302//302 308//308 309//309
f 302//302 309//309 304//304
f 304//304 309//309 310//310
f 304//304 310//310 137//137
f 137//137 310//310 135//135
f 306//306 311//311 307//307
f 307//307 311//311 312//312
f 307//307 312//312 308//308
f 308//308 312//312 313//313
f 308//308 313//313 309//309
f 309//309 313//313 314//314
f 309//309 314//314 310//310
f 310//310 314//314 315//315
f 310//310 315//315 135//135
f 135//135 315//315 133//133
f 311//311 316//316 312//312
f 312//312 316//316 313//313
f 317//317 318//318 316//316
f 316//316 318//318 319//319
f 316//316 319//319 313//313
f 313//313 319//319 314//314
f 318//318 317//317 320//320
f 320//320 317//317 321//321
f 320//320 321//321 322//322
f 322//322 321//321 323//323
f 322//322 323//323 324//324
f 324//324 323//323 325//325
f 324//324 325//325 326//326
f 326//326 325//325 327//327
f 326//326 327//327 127//127
f 127//127 327//327 125//125
f 321//321 328//328 323//323
f 323//323 328//328 329//329
f 323//323 329//329 325//325
f 325//325 329//329 330//330
f 325//325 330//330 327//327
f 327//327 330//330 331//331
f 327//327 331//331 125//125
f 125//125 331//331 123//123
f 328//328 332//332 329//329
f 329//329 332//332 333//333
f 329//329 333//333 330//330
f 330//330 333//333 331//331
f 331//331 333//333 123//123
f 123//123 333//333 334//334
f 123//123 334//334 335//335
f 335//335 336//336 123//123
f 123//123 336//336 121//121
f 337//337 338//338 336//336
f 336//336 338//338 339//339
f 336//336 339//339 121//121
f 121//121 339//339 340//340
f 121//121 340//340 119//119
f 119//119 340//340 341//341
f 119//119 341//341 117//117
f 117//117 341//341 342//342
f 117//117 342//342 115//115
f 115//115 342//342 343//343
f 115//115 343//343 113//113
f 113//113 343//343 344//344
f 113//113 344//344 111//111
f 111//111 344//344 345//345
f 111//111 345//345 109//109
f 109//109 345//345 346//346
f 109//109 346//346 107//107
f 107//107 346//346 347//347
f 107//107 347//347 105//105
f 105//105 347//347 348//348
f 105//105 348//348 103//103
f 103//103 348//348 349//349
f 103//103 349//349 101//101
f 101//101 349//349 350//350
f 101//101 350//350 99//99
f 99//99 350//350 351//351
f 99//99 351//351 97//97
f 97//97 351//351 352//352
f 97//97 352//352 95//95
f 95//95 352//352 353//353
f 95//95 353//353 93//93
f 93//93 353//353 354//354
f 93//93 354//354 91//91
f 91//91 354//354 50//50
f 91//91 50//50 89//89
f 89//89 50//50 49//49
f 338//338 337//337 355//355
f 355//355 337//337 84//84
f 355//355 84//84 338//338
f 338//338 84//84 82//82
f 338//338 82//82 339//339
f 339//339 82//82 340//340
f 83//83 85//85 81//81
f 81//81 85//85 356//356
f 81//81 356//356 79//79
f 79//79 356//356 357//357
f 79//79 357//357 77//77
f 77//77 357//357 358//358
f 77//77 358//358 359//359
f 359//359 358//358 360//360
f 359//359 360//360 361//361
f 357//357 360//360 358//358
f 359//359 361//361 362//362
f 362//362 361//361 363//363
f 362//362 363//363 364//364
f 364//364 363//363 365//365
f 364//364 365//365 366//366
f 366//366 365//365 367//367
f 366//366 367//367 71//71
f 71//71 367//367 69//69
f 363//363 368//368 365//365
f 365//365 368//368 369//369
f 365//365 369//369 367//367
f 367//367 369//369 370//370
f 367//367 370//370 69//69
f 69//69 370//370 67//67
f 368//368 371//371 369//369
f 369//369 371//371 372//372
f 369//369 372//372 370//370
f 370//370 372//372 373//373
f 370//370 373//373 67//67
f 67//67 373//373 65//65
f 371//371 374//374 372//372
f 372//372 374//374 375//375
f 372//372 375//375 373//373
f 373//373 375//375 376//376
f 373//373 376//376 65//65
f 65//65 376//376 63//63
f 375//375 374//374 377//377
f 377//377 374//374 378//378
f 377//377 378//378 375//375
f 375//375 378//378 379//379
f 375//375 379//379 376//376
f 376//376 379//379 380//380
f 376//376 380//380 63//63
f 63//63 380//380 61//61
f 379//379 378//378 381//381
f 381//381 378//378 382//382
f 381//381 382//382 383//383
f 383//383 382//382 384//384
f 383//383 384//384 385//385
f 385//385 384//384 386//386
f 385//385 386//386 387//387
f 387//387 386//386 388//388
f 387//387 388//388 389//389
f 389//389 388//388 390//390
f 389//389 390//390 51//51
f 389//389 51//51 391//391
f 391//391 51//51 392//392
f 391//391 392//392 393//393
f 393//393 392//392 55//55
f 393//393 55//55 57//57
f 164//164 162//162 275//275
f 275//275 162//162 160//160
f 392//392 51//51 53//53
f 393//393 394//394 395//395
f 395//395 394//394 396//396
f 395//395 396//396 387//387
f 387//387 396//396 385//385
f 53//53 55//55 392//392
f 394//394 397//397 396//396
f 396//396 397//397 398//398
f 396//396 398//398 385//385
f 385//385 398//398 383//383
f 393//393 57//57 394//394
f 394//394 57//57 59//59
f 394//394 59//59 397//397
f 397//397 59//59 61//61
f 397//397 61//61 380//380
f 397//397 380//380 398//398
f 398//398 380//380 379//379
f 398//398 379//379 383//383
f 383//383 379//379 381//381
f 364//364 366//366 362//362
f 362//362 366//366 73//73
f 362//362 73//73 75//75
f 73//73 366//366 71//71
f 77//77 359//359 75//75
f 75//75 359//359 362//362
f 389//389 391//391 395//395
f 395//395 391//391 393//393
f 389//389 395//395 387//387
f 90//90 88//88 399//399
f 399//399 88//88 87//87
f 399//399 87//87 176//176
f 176//176 87//87 172//172
f 92//92 90//90 400//400
f 400//400 90//90 399//399
f 400//400 399//399 178//178
f 178//178 399//399 176//176
f 94//94 92//92 401//401
f 401//401 92//92 400//400
f 401//401 400//400 180//180
f 180//180 400//400 178//178
f 96//96 94//94 402//402
f 402//402 94//94 401//401
f 402//402 401//401 182//182
f 182//182 401//401 180//180
f 98//98 96//96 186//186
f 186//186 96//96 402//402
f 186//186 402//402 184//184
f 184//184 402//402 182//182
f 106//106 104//104 403//403
f 403//403 104//104 193//193
f 403//403 193//193 196//196
f 196//196 193//193 192//192
f 108//108 106//106 200//200
f 200//200 106//106 403//403
f 200//200 403//403 198//198
f 198//198 403//403 196//196
f 118//118 116//116 404//404
f 404//404 116//116 210//210
f 404//404 210//210 213//213
f 213//213 210//210 209//209
f 120//120 118//118 405//405
f 405//405 118//118 404//404
f 405//405 404//404 216//216
f 216//216 404//404 213//213
f 122//122 120//120 406//406
f 406//406 120//120 405//405
f 406//406 405//405 219//219
f 219//219 405//405 216//216
f 124//124 122//122 407//407
f 407//407 122//122 406//406
f 407//407 406//406 222//222
f 222//222 406//406 219//219
f 126//126 124//124 408//408
f 408//408 124//124 407//407
f 408//408 407//407 225//225
f 225//225 407//407 222//222
f 128//128 126//126 409//409
f 409//409 126//126 408//408
f 409//409 408//408 227//227
f 227//227 408//408 225//225
f 130//130 128//128 410//410
f 410//410 128//128 409//409
f 410//410 409//409 230//230
f 230//230 409//409 227//227
f 132//132 130//130 234//234
f 234//234 130//130 410//410
f 234//234 410//410 232//232
f 232//232 410//410 230//230
f 127//127 129//129 326//326
f 326//326 129//129 411//411
f 326//326 411//411 324//324
f 324//324 411//411 412//412
f 324//324 412//412 322//322
f 322//322 412//412 320//320
f 129//129 131//131 411//411
f 411//411 131//131 413//413
f 411//411 413//413 412//412
f 412//412 413//413 414//414
f 412//412 414//414 320//320
f 320//320 414//414 319//319
f 320//320 319//319 318//318
f 131//131 133//133 413//413
f 413//413 133//133 315//315
f 413//413 315//315 414//414
f 414//414 315//315 314//314
f 414//414 314//314 319//319
f 139//139 141//141 303//303
f 303//303 141//141 415//415
f 303//303 415//415 301//301
f 301//301 415//415 416//416
f 301//301 416//416 299//299
f 299//299 416//416 417//417
f 299//299 417//417 297//297
f 297//297 417//417 418//418
f 297//297 418//418 295//295
f 295//295 418//418 293//293
f 141//141 143//143 415//415
f 415//415 143//143 419//419
f 415//415 419//419 416//416
f 416//416 419//419 420//420
f 416//416 420//420 417//417
f 417//417 420//420 421//421
f 417//417 421//421 418//418
f 418//418 421//421 422//422
f 418//418 422//422 293//293
f 293//293 422//422 290//290
f 143//143 145//145 419//419
f 419//419 145//145 423//423
f 419//419 423//423 420//420
f 420//420 423//423 424//424
f 420//420 424//424 421//421
f 421//421 424//424 425//425
f 421//421 425//425 422//422
f 422//422 425//425 426//426
f 422//422 426//426 290//290
f 290//290 426//426 291//291
f 145//145 147//147 423//423
f 423//423 147//147 427//427
f 423//423 427//427 424//424
f 424//424 427//427 428//428
f 424//424 428//428 425//425
f 425//425 428//428 429//429
f 425//425 429//429 426//426
f 426//426 429//429 430//430
f 426//426 430//430 291//291
f 291//291 430//430 292//292
f 147//147 149//149 427//427
f 427//427 149//149 431//431
f 427//427 431//431 428//428
f 428//428 431//431 432//432
f 428//428 432//432 429//429
f 429//429 432//432 433//433
f 429//429 433//433 430//430
f 430//430 433//433 434//434
f 430//430 434//434 292//292
f 292//292 434//434 285//285
f 149//149 151//151 431//431
f 431//431 151//151 435//435
f 431//431 435//435 432//432
f 432//432 435//435 436//436
f 432//432 436//436 433//433
f 433//433 436//436 437//437
f 433//433 437//437 434//434
f 434//434 437//437 286//286
f 434//434 286//286 285//285
f 151//151 153//153 435//435
f 435//435 153//153 438//438
f 435//435 438//438 436//436
f 436//436 438//438 439//439
f 436//436 439//439 437//437
f 437//437 439//439 287//287
f 437//437 287//287 286//286
f 153//153 155//155 438//438
f 438//438 155//155 440//440
f 438//438 440//440 439//439
f 439//439 440//440 288//288
f 439//439 288//288 287//287
f 155//155 157//157 440//440
f 440//440 157//157 159//159
f 440//440 159//159 288//288
f 82//82 80//80 340//340
f 340//340 80//80 341//341
f 80//80 78//78 341//341
f 341//341 78//78 342//342
f 78//78 76//76 342//342
f 342//342 76//76 343//343
f 76//76 74//74 343//343
f 343//343 74//74 344//344
f 74//74 72//72 344//344
f 344//344 72//72 345//345
f 72//72 70//70 345//345
f 345//345 70//70 346//346
f 70//70 68//68 346//346
f 346//346 68//68 347//347
f 68//68 66//66 347//347
f 347//347 66//66 348//348
f 66//66 64//64 348//348
f 348//348 64//64 349//349
f 64//64 62//62 349//349
f 349//349 62//62 350//350
f 62//62 60//60 350//350
f 350//350 60//60 351//351
f 60//60 58//58 351//351
f 351//351 58//58 352//352
f 58//58 56//56 352//352
f 352//352 56//56 353//353
f 52//52 50//50 354//354
f 56//56 54//54 353//353
f 353//353 54//54 354//354
f 54//54 52//52 354//354
f 441//441 442//442 443//443
f 443//443 442//442 444//444
f 443//443 444//444 445//445
f 445//445 441//441 443//443
f 446//446 448//448 450//450
f 449//449 447//447 452//452
f 450//450 451//451 453//453
f 453//453 446//446 450//450
f 454//454 455//455 456//456
f 456//456 455//455 457//457
f 456//456 457//457 458//458
f 458//458 457//457 459//459
f 458//458 459//459 460//460
f 460//460 459//459 461//461
f 460//460 461//461 462//462
f 455//455 463//463 457//457
f 457//457 463//463 464//464
f 457//457 464//464 459//459
f 459//459 464//464 465//465
f 459//459 465//465 466//466
f 466//466 465//465 467//467
f 467//467 465//465 468//468
f 467//467 468//468 469//469
f 469//469 468//468 470//470
f 469//469 470//470 471//471
f 471//471 470//470 472//472
f 472//472 470//470 473//473
f 472//472 473//473 474//474
f 474//474 473//473 475//475
f 474//474 475//475 476//476
f 476//476 475//475 477//477
f 476//476 477//477 478//478
f 478//478 477//477 479//479
f 478//478 479//479 480//480
f 480//480 479//479 481//481
f 480//480 481//481 482//482
f 482//482 481//481 483//483
f 482//482 483//483 484//484
f 484//484 483//483 485//485
f 485//485 483//483 486//486
f 485//485 486//486 487//487
f 487//487 486//486 488//488
f 487//487 488//488 489//489
f 489//489 488//488 490//490
f 489//489 490//490 491//491
f 491//491 490//490 492//492
f 491//491 492//492 493//493
f 463//463 494//494 464//464
f 464//464 494//494 495//495
f 464//464 495//495 465//465
f 465//465 495//495 468//468
f 494//494 496//496 495//495
f 495//495 496//496 497//497
f 495//495 497//497 468//468
f 468//468 497//497 470//470
f 496//496 498//498 497//497
f 497//497 498//498 499//499
f 497//497 499//499 470//470
f 470//470 499//499 473//473
f 499//499 498//498 500//500
f 500//500 498//498 501//501
f 500//500 501//501 502//502
f 502//502 501//501 503//503
f 502//502 503//503 504//504
f 504//504 503//503 505//505
f 504//504 505//505 506//506
f 506//506 505//505 507//507
f 506//506 507//507 508//508
f 508//508 507//507 509//509
f 508//508 509//509 510//510
f 510//510 509//509 511//511
f 510//510 511//511 486//486
f 486//486 511//511 488//488
f 509//509 512//512 511//511
f 511//511 512//512 490//490
f 511//511 490//490 488//488
f 512//512 492//492 490//490
f 491//491 493//493 513//513
f 513//513 493//493 514//514
f 513//513 514//514 515//515
f 515//515 514//514 516//516
f 515//515 516//516 517//517
f 517//517 516//516 518//518
f 517//517 518//518 519//519
f 519//519 518//518 520//520
f 520//520 518//518 521//521
f 521//521 518//518 522//522
f 514//514 518//518 516//516
f 515//515 523//523 513//513
f 513//513 523//523 491//491
f 491//491 523//523 524//524
f 524//524 523//523 525//525
f 524//524 525//525 489//489
f 489//489 525//525 487//487
f 466//466 526//526 459//459
f 459//459 526//526 527//527
f 459//459 527//527 461//461
f 462//462 528//528 460//460
f 460//460 528//528 529//529
f 460//460 529//529 530//530
f 524//524 489//489 491//491
f 486//486 483//483 510//510
f 510//510 483//483 508//508
f 483//483 481//481 508//508
f 508//508 481//481 506//506
f 481//481 479//479 506//506
f 506//506 479//479 504//504
f 479//479 477//477 504//504
f 504//504 477//477 502//502
f 473//473 499//499 500//500
f 477//477 475//475 502//502
f 502//502 475//475 500//500
f 475//475 473//473 500//500
f 531//531 532//532 533//533
f 533//533 532//532 534//534
f 533//533 534//534 535//535
f 535//535 534//534 536//536
f 535//535 536//536 537//537
f 537//537 536//536 538//538
f 537//537 538//538 539//539
f 539//539 538//538 540//540
f 539//539 540//540 541//541
f 541//541 540//540 542//542
f 541//541 542//542 543//543
f 543//543 542//542 544//544
f 543//543 544//544 545//545
f 545//545 544//544 546//546
f 545//545 546//546 547//547
f 547//547 546//546 548//548
f 547//547 548//548 549//549
f 549//549 548//548 550//550
f 549//549 550//550 551//551
f 551//551 550//550 552//552
f 551//551 552//552 553//553
f 553//553 552//552 554//554
f 553//553 554//554 555//555
f 555//555 554//554 556//556
f 555//555 556//556 557//557
f 557//557 556//556 558//558
f 557//557 558//558 559//559
f 560//560 561//561 534//534
f 534//534 561//561 562//562
f 534//534 562//562 536//536
f 536//536 562//562 538//538
f 563//563 564//564 560//560
f 560//560 564//564 565//565
f 560//560 565//565 566//566
f 566//566 565//565 567//567
f 566//566 567//567 568//568
f 568//568 567//567 569//569
f 568//568 569//569 570//570
f 570//570 569//569 571//571
f 570//570 571//571 542//542
f 542//542 571//571 544//544
f 572//572 573//573 563//563
f 563//563 573//573 574//574
f 563//563 574//574 575//575
f 575//575 574//574 576//576
f 575//575 576//576 577//577
f 577//577 576//576 578//578
f 577//577 578//578 579//579
f 579//579 578//578 580//580
f 579//579 580//580 581//581
f 581//581 580//580 582//582
f 581//581 582//582 583//583
f 583//583 582//582 584//584
f 583//583 584//584 585//585
f 585//585 584//584 586//586
f 585//585 586//586 587//587
f 587//587 586//586 588//588
f 587//587 588//588 589//589
f 589//589 588//588 590//590
f 589//589 590//590 552//552
f 552//552 590//590 554//554
f 573//573 591//591 574//574
f 574//574 591//591 592//592
f 574//574 592//592 593//593
f 593//593 592//592 594//594
f 593//593 594//594 595//595
f 595//595 594//594 596//596
f 595//595 596//596 597//597
f 592//592 598//598 594//594
f 594//594 598//598 599//599
f 594//594 599//599 596//596
f 597//597 600//600 595//595
f 595//595 600//600 601//601
f 595//595 601//601 602//602
f 602//602 601//601 603//603
f 602//602 603//603 576//576
f 576//576 603//603 578//578
f 600//600 604//604 601//601
f 601//601 604//604 605//605
f 601//601 605//605 603//603
f 603//603 605//605 606//606
f 603//603 606//606 578//578
f 578//578 606//606 580//580
f 604//604 607//607 605//605
f 605//605 607//607 608//608
f 605//605 608//608 606//606
f 606//606 608//608 609//609
f 606//606 609//609 580//580
f 580//580 609//609 582//582
f 607//607 610//610 608//608
f 608//608 610//610 611//611
f 608//608 611//611 609//609
f 609//609 611//611 612//612
f 609//609 612//612 582//582
f 582//582 612//612 584//584
f 611//611 610//610 613//613
f 613//613 610//610 614//614
f 613//613 614//614 615//615
f 615//615 614//614 616//616
f 615//615 616//616 617//617
f 617//617 616//616 618//618
f 617//617 618//618 588//588
f 588//588 618//618 590//590
f 616//616 619//619 618//618
f 618//618 619//619 620//620
f 618//618 620//620 590//590
f 590//590 620//620 554//554
f 619//619 558//558 620//620
f 620//620 558//558 556//556
f 620//620 556//556 554//554
f 559//559 621//621 557//557
f 557//557 621//621 622//622
f 557//557 622//622 555//555
f 555//555 622//622 623//623
f 555//555 623//623 553//553
f 553//553 623//623 624//624
f 553//553 624//624 551//551
f 551//551 624//624 625//625
f 551//551 625//625 549//549
f 549//549 625//625 626//626
f 549//549 626//626 547//547
f 547//547 626//626 627//627
f 547//547 627//627 545//545
f 545//545 627//627 628//628
f 545//545 628//628 543//543
f 543//543 628//628 629//629
f 543//543 629//629 541//541
f 541//541 629//629 630//630
f 541//541 630//630 539//539
f 539//539 630//630 631//631
f 539//539 631//631 537//537
f 537//537 631//631 632//632
f 537//537 632//632 535//535
f 535//535 632//632 633//633
f 535//535 633//633 533//533
f 533//533 633//633 531//531
f 622//622 621//621 634//634
f 634//634 621//621 635//635
f 634//634 635//635 636//636
f 636//636 635//635 637//637
f 636//636 637//637 638//638
f 638//638 637//637 639//639
f 638//638 639//639 640//640
f 640//640 639//639 641//641
f 640//640 641//641 642//642
f 642//642 641//641 643//643
f 642//642 643//643 644//644
f 644//644 643//643 645//645
f 644//644 645//645 646//646
f 646//646 645//645 647//647
f 646//646 647//647 648//648
f 648//648 647//647 649//649
f 648//648 649//649 650//650
f 650//650 649//649 651//651
f 650//650 651//651 652//652
f 652//652 651//651 653//653
f 652//652 653//653 654//654
f 654//654 653//653 655//655
f 655//655 653//653 651//651
f 655//655 651//651 656//656
f 656//656 651//651 657//657
f 656//656 657//657 658//658
f 658//658 657//657 659//659
f 658//658 659//659 660//660
f 660//660 659//659 661//661
f 660//660 661//661 662//662
f 662//662 661//661 663//663
f 662//662 663//663 664//664
f 664//664 663//663 665//665
f 665//665 663//663 666//666
f 666//666 663//663 667//667
f 666//666 667//667 668//668
f 668//668 667//667 669//669
f 668//668 669//669 670//670
f 670//670 669//669 671//671
f 670//670 671//671 672//672
f 672//672 671//671 645//645
f 672//672 645//645 643//643
f 639//639 673//673 641//641
f 641//641 673//673 643//643
f 643//643 673//673 672//672
f 672//672 673//673 674//674
f 672//672 674//674 670//670
f 670//670 674//674 668//668
f 658//658 655//655 656//656
f 652//652 654//654 675//675
f 675//675 654//654 676//676
f 675//675 676//676 677//677
f 677//677 676//676 678//678
f 677//677 678//678 679//679
f 679//679 678//678 680//680
f 679//679 680//680 681//681
f 676//676 680//680 678//678
f 682//682 683//683 681//681
f 681//681 683//683 684//684
f 681//681 684//684 679//679
f 679//679 684//684 685//685
f 679//679 685//685 677//677
f 677//677 685//685 686//686
f 677//677 686//686 652//652
f 652//652 686//686 650//650
f 687//687 688//688 682//682
f 682//682 688//688 684//684
f 682//682 684//684 683//683
f 688//688 687//687 689//689
f 689//689 687//687 690//690
f 689//689 690//690 691//691
f 691//691 690//690 692//692
f 691//691 692//692 693//693
f 693//693 692//692 694//694
f 693//693 694//694 695//695
f 695//695 694//694 696//696
f 695//695 696//696 697//697
f 697//697 696//696 698//698
f 697//697 698//698 699//699
f 699//699 698//698 700//700
f 699//699 700//700 701//701
f 701//701 700//700 702//702
f 701//701 702//702 703//703
f 703//703 702//702 704//704
f 703//703 704//704 632//632
f 632//632 704//704 633//633
f 690//690 705//705 692//692
f 692//692 705//705 694//694
f 694//694 705//705 696//696
f 696//696 705//705 706//706
f 696//696 706//706 698//698
f 698//698 706//706 707//707
f 698//698 707//707 700//700
f 700//700 707//707 702//702
f 707//707 708//708 702//702
f 702//702 708//708 704//704
f 704//704 708//708 633//633
f 633//633 708//708 531//531
f 563//563 575//575 709//709
f 709//709 575//575 577//577
f 709//709 577//577 710//710
f 710//710 577//577 579//579
f 710//710 579//579 711//711
f 711//711 579//579 581//581
f 711//711 581//581 712//712
f 712//712 581//581 583//583
f 712//712 583//583 713//713
f 713//713 583//583 585//585
f 713//713 585//585 714//714
f 714//714 585//585 587//587
f 714//714 587//587 715//715
f 715//715 587//587 589//589
f 715//715 589//589 550//550
f 550//550 589//589 552//552
f 561//561 560//560 566//566
f 538//538 562//562 716//716
f 716//716 562//562 561//561
f 716//716 561//561 568//568
f 568//568 561//561 566//566
f 538//538 716//716 540//540
f 540//540 716//716 570//570
f 540//540 570//570 542//542
f 570//570 716//716 568//568
f 629//629 717//717 718//718
f 718//718 717//717 719//719
f 718//718 719//719 720//720
f 720//720 719//719 721//721
f 720//720 721//721 699//699
f 699//699 721//721 697//697
f 717//717 722//722 719//719
f 719//719 722//722 723//723
f 719//719 723//723 721//721
f 721//721 723//723 724//724
f 721//721 724//724 697//697
f 697//697 724//724 695//695
f 629//629 628//628 717//717
f 717//717 628//628 725//725
f 717//717 725//725 722//722
f 722//722 725//725 726//726
f 722//722 726//726 727//727
f 727//727 726//726 728//728
f 727//727 728//728 729//729
f 729//729 728//728 730//730
f 729//729 730//730 731//731
f 731//731 730//730 732//732
f 731//731 732//732 733//733
f 733//733 732//732 734//734
f 733//733 734//734 735//735
f 735//735 734//734 736//736
f 735//735 736//736 737//737
f 737//737 736//736 738//738
f 737//737 738//738 686//686
f 686//686 738//738 650//650
f 722//722 727//727 723//723
f 723//723 727//727 739//739
f 723//723 739//739 724//724
f 724//724 739//739 740//740
f 724//724 740//740 695//695
f 695//695 740//740 693//693
f 727//727 729//729 739//739
f 739//739 729//729 741//741
f 739//739 741//741 740//740
f 740//740 741//741 742//742
f 740//740 742//742 693//693
f 693//693 742//742 691//691
f 729//729 731//731 741//741
f 741//741 731//731 743//743
f 741//741 743//743 742//742
f 742//742 743//743 744//744
f 742//742 744//744 691//691
f 691//691 744//744 689//689
f 731//731 733//733 743//743
f 743//743 733//733 745//745
f 743//743 745//745 744//744
f 744//744 745//745 746//746
f 744//744 746//746 689//689
f 689//689 746//746 688//688
f 733//733 735//735 745//745
f 745//745 735//735 747//747
f 745//745 747//747 746//746
f 746//746 747//747 684//684
f 746//746 684//684 688//688
f 735//735 737//737 747//747
f 747//747 737//737 685//685
f 747//747 685//685 684//684
f 737//737 686//686 685//685
f 675//675 677//677 652//652
f 629//629 718//718 630//630
f 630//630 718//718 748//748
f 630//630 748//748 631//631
f 631//631 748//748 703//703
f 631//631 703//703 632//632
f 748//748 718//718 720//720
f 567//567 565//565 749//749
f 749//749 565//565 564//564
f 749//749 564//564 750//750
f 750//750 564//564 751//751
f 750//750 751//751 710//710
f 710//710 751//751 709//709
f 569//569 567//567 752//752
f 752//752 567//567 749//749
f 752//752 749//749 753//753
f 753//753 749//749 750//750
f 753//753 750//750 711//711
f 711//711 750//750 710//710
f 571//571 569//569 754//754
f 754//754 569//569 752//752
f 754//754 752//752 755//755
f 755//755 752//752 753//753
f 755//755 753//753 712//712
f 712//712 753//753 711//711
f 544//544 571//571 756//756
f 756//756 571//571 754//754
f 756//756 754//754 757//757
f 757//757 754//754 755//755
f 757//757 755//755 713//713
f 713//713 755//755 712//712
f 544//544 756//756 546//546
f 546//546 756//756 758//758
f 546//546 758//758 548//548
f 548//548 758//758 715//715
f 548//548 715//715 550//550
f 758//758 756//756 757//757
f 626//626 759//759 760//760
f 760//760 759//759 761//761
f 760//760 761//761 726//726
f 726//726 761//761 728//728
f 759//759 762//762 761//761
f 761//761 762//762 763//763
f 761//761 763//763 728//728
f 728//728 763//763 730//730
f 626//626 625//625 759//759
f 759//759 625//625 764//764
f 759//759 764//764 762//762
f 762//762 764//764 765//765
f 762//762 765//765 766//766
f 766//766 765//765 767//767
f 766//766 767//767 768//768
f 768//768 767//767 769//769
f 768//768 769//769 770//770
f 770//770 769//769 771//771
f 770//770 771//771 772//772
f 772//772 771//771 644//644
f 772//772 644//644 646//646
f 762//762 766//766 763//763
f 763//763 766//766 773//773
f 763//763 773//773 730//730
f 730//730 773//773 732//732
f 766//766 768//768 773//773
f 773//773 768//768 774//774
f 773//773 774//774 732//732
f 732//732 774//774 734//734
f 768//768 770//770 774//774
f 774//774 770//770 775//775
f 774//774 775//775 734//734
f 734//734 775//775 736//736
f 770//770 772//772 775//775
f 775//775 772//772 776//776
f 775//775 776//776 736//736
f 736//736 776//776 738//738
f 772//772 646//646 776//776
f 776//776 646//646 648//648
f 776//776 648//648 738//738
f 738//738 648//648 650//650
f 647//647 777//777 649//649
f 649//649 777//777 657//657
f 649//649 657//657 651//651
f 659//659 657//657 778//778
f 778//778 657//657 777//777
f 778//778 777//777 669//669
f 669//669 777//777 671//671
f 645//645 671//671 647//647
f 647//647 671//671 777//777
f 661//661 659//659 663//663
f 663//663 659//659 778//778
f 663//663 778//778 667//667
f 667//667 778//778 669//669
f 626//626 760//760 627//627
f 627//627 760//760 725//725
f 627//627 725//725 628//628
f 725//725 760//760 726//726
f 602//602 576//576 574//574
f 617//617 588//588 586//586
f 586//586 584//584 779//779
f 779//779 584//584 612//612
f 779//779 612//612 613//613
f 613//613 612//612 611//611
f 622//622 634//634 780//780
f 780//780 634//634 781//781
f 780//780 781//781 782//782
f 782//782 781//781 783//783
f 782//782 783//783 767//767
f 767//767 783//783 769//769
f 634//634 636//636 781//781
f 781//781 636//636 784//784
f 781//781 784//784 783//783
f 783//783 784//784 785//785
f 783//783 785//785 769//769
f 769//769 785//785 771//771
f 636//636 638//638 784//784
f 784//784 638//638 640//640
f 784//784 640//640 785//785
f 785//785 640//640 642//642
f 785//785 642//642 771//771
f 771//771 642//642 644//644
f 622//622 780//780 623//623
f 623//623 780//780 786//786
f 623//623 786//786 624//624
f 624//624 786//786 764//764
f 624//624 764//764 625//625
f 786//786 780//780 782//782
f 564//564 563//563 751//751
f 751//751 563//563 709//709
f 779//779 613//613 615//615
f 779//779 615//615 617//617
f 593//593 595//595 602//602
f 602//602 574//574 593//593
f 586//586 779//779 617//617
f 767//767 765//765 782//782
f 782//782 765//765 786//786
f 765//765 764//764 786//786
f 757//757 713//713 714//714
f 757//757 714//714 758//758
f 758//758 714//714 715//715
f 699//699 701//701 720//720
f 720//720 701//701 748//748
f 701//701 703//703 748//748
f 787//787 788//788 789//789
f 789//789 788//788 790//790
f 789//789 790//790 791//791
f 791//791 790//790 792//792
f 792//792 790//790 793//793
f 793//793 790//790 794//794
f 793//793 794//794 795//795
f 795//795 794//794 796//796
f 796//796 794//794 797//797
f 796//796 797//797 798//798
f 787//787 799//799 788//788
f 788//788 799//799 800//800
f 800//800 799//799 801//801
f 801//801 799//799 802//802
f 801//801 802//802 803//803
f 803//803 802//802 804//804
f 804//804 802//802 805//805
f 804//804 805//805 806//806
f 806//806 805//805 807//807
f 806//806 807//807 808//808
f 808//808 807//807 809//809
f 809//809 807//807 810//810
f 809//809 810//810 811//811
f 811//811 810//810 812//812
f 811//811 812//812 813//813
f 813//813 812//812 814//814
f 813//813 814//814 815//815
f 815//815 814//814 816//816
f 816//816 814//814 817//817
f 816//816 817//817 818//818
f 818//818 817//817 819//819
f 819//819 817//817 820//820
f 819//819 820//820 821//821
f 821//821 820//820 822//822
f 821//821 822//822 823//823
f 823//823 822//822 824//824
f 823//823 824//824 825//825
f 825//825 824//824 826//826
f 825//825 826//826 827//827
f 827//827 826//826 828//828
f 827//827 828//828 829//829
f 796//796 798//798 830//830
f 830//830 798//798 831//831
f 830//830 831//831 832//832
f 832//832 831//831 833//833
f 832//832 833//833 834//834
f 832//832 834//834 835//835
f 835//835 834//834 836//836
f 835//835 836//836 837//837
f 837//837 836//836 838//838
f 837//837 838//838 839//839
f 837//837 839//839 840//840
f 840//840 839//839 841//841
f 840//840 841//841 842//842
f 842//842 841//841 843//843
f 842//842 843//843 844//844
f 842//842 844//844 845//845
f 845//845 844//844 846//846
f 845//845 846//846 847//847
f 847//847 846//846 848//848
f 847//847 848//848 849//849
f 847//847 849//849 850//850
f 850//850 849//849 851//851
f 850//850 851//851 852//852
f 852//852 851//851 853//853
f 852//852 853//853 854//854
f 854//854 853//853 855//855
f 854//854 855//855 856//856
f 856//856 855//855 857//857
f 858//858 859//859 860//860
f 861//861 862//862 863//863
f 864//864 865//865 866//866
f 866//866 865//865 867//867
f 866//866 867//867 868//868
f 865//865 864//864 869//869
f 869//869 864//864 870//870
f 869//869 870//870 871//871
f 871//871 870//870 872//872
f 871//871 872//872 873//873
f 873//873 872//872 874//874
f 873//873 874//874 875//875
f 873//873 875//875 876//876
f 876//876 875//875 877//877
f 876//876 877//877 878//878
f 878//878 877//877 879//879
f 878//878 879//879 880//880
f 880//880 879//879 881//881
f 880//880 881//881 882//882
f 880//880 882//882 883//883
f 883//883 882//882 884//884
f 883//883 884//884 885//885
f 883//883 885//885 886//886
f 886//886 885//885 887//887
f 886//886 887//887 888//888
f 886//886 888//888 889//889
f 889//889 888//888 890//890
f 889//889 890//890 891//891
f 891//891 890//890 892//892
f 891//891 892//892 893//893
f 891//891 893//893 894//894
f 894//894 893//893 895//895
f 894//894 895//895 896//896
f 896//896 895//895 897//897
f 896//896 897//897 898//898
f 896//896 898//898 899//899
f 899//899 898//898 900//900
f 899//899 900//900 901//901
f 901//901 900//900 902//902
f 901//901 902//902 903//903
f 903//903 902//902 904//904
f 903//903 904//904 905//905
f 905//905 906//906 903//903
f 903//903 906//906 907//907
f 903//903 907//907 908//908
f 908//908 907//907 909//909
f 908//908 909//909 910//910
f 910//910 909//909 911//911
f 910//910 911//911 912//912
f 913//913 914//914 912//912
f 912//912 914//914 915//915
f 912//912 915//915 910//910
f 910//910 915//915 916//916
f 910//910 916//916 908//908
f 908//908 916//916 917//917
f 908//908 917//917 903//903
f 903//903 917//917 901//901
f 913//913 918//918 914//914
f 914//914 918//918 919//919
f 914//914 919//919 920//920
f 920//920 919//919 921//921
f 920//920 921//921 922//922
f 919//919 918//918 923//923
f 923//923 918//918 924//924
f 923//923 924//924 925//925
f 925//925 926//926 923//923
f 923//923 926//926 927//927
f 923//923 927//927 928//928
f 929//929 930//930 928//928
f 928//928 930//930 931//931
f 928//928 931//931 923//923
f 923//923 931//931 919//919
f 929//929 932//932 930//930
f 930//930 932//932 933//933
f 930//930 933//933 934//934
f 934//934 933//933 935//935
f 934//934 935//935 936//936
f 936//936 935//935 937//937
f 936//936 937//937 938//938
f 938//938 939//939 936//936
f 936//936 939//939 940//940
f 936//936 940//940 941//941
f 941//941 940//940 942//942
f 941//941 942//942 943//943
f 943//943 942//942 944//944
f 943//943 944//944 945//945
f 945//945 944//944 946//946
f 945//945 946//946 947//947
f 947//947 946//946 948//948
f 947//947 948//948 949//949
f 947//947 949//949 950//950
f 950//950 949//949 951//951
f 950//950 951//951 952//952
f 950//950 952//952 953//953
f 953//953 952//952 954//954
f 953//953 954//954 955//955
f 955//955 954//954 956//956
f 955//955 956//956 957//957
f 957//957 956//956 958//958
f 957//957 958//958 959//959
f 959//959 958//958 960//960
f 959//959 960//960 961//961
f 959//959 961//961 962//962
f 962//962 961//961 963//963
f 962//962 963//963 964//964
f 964//964 963//963 965//965
f 964//964 965//965 966//966
f 964//964 966//966 967//967
f 967//967 966//966 968//968
f 967//967 968//968 969//969
f 967//967 969//969 970//970
f 970//970 969//969 971//971
f 970//970 971//971 972//972
f 970//970 972//972 973//973
f 973//973 972//972 974//974
f 973//973 974//974 975//975
f 976//976 977//977 975//975
f 975//975 977//977 978//978
f 975//975 978//978 973//973
f 973//973 978//978 979//979
f 973//973 979//979 980//980
f 980//980 979//979 981//981
f 980//980 981//981 982//982
f 982//982 981//981 983//983
f 982//982 983//983 984//984
f 984//984 983//983 985//985
f 984//984 985//985 986//986
f 986//986 985//985 987//987
f 986//986 987//987 970//970
f 970//970 987//987 967//967
f 977//977 976//976 988//988
f 988//988 976//976 989//989
f 985//985 983//983 990//990
f 990//990 983//983 991//991
f 990//990 991//991 992//992
f 990//990 992//992 993//993
f 993//993 992//992 994//994
f 993//993 994//994 995//995
f 995//995 994//994 996//996
f 995//995 996//996 997//997
f 997//997 996//996 998//998
f 997//997 998//998 999//999
f 999//999 998//998 1000//1000
f 999//999 1000//1000 1001//1001
f 1001//1001 1000//1000 1002//1002
f 1001//1001 1002//1002 1003//1003
f 1003//1003 1002//1002 1004//1004
f 1003//1003 1004//1004 1005//1005
f 1003//1003 1005//1005 1006//1006
f 1006//1006 1005//1005 1007//1007
f 1006//1006 1007//1007 1008//1008
f 1008//1008 1007//1007 1009//1009
f 1008//1008 1009//1009 1010//1010
f 1010//1010 1009//1009 1011//1011
f 1010//1010 1011//1011 1012//1012
f 1012//1012 1011//1011 1013//1013
f 1012//1012 1013//1013 1014//1014
f 1012//1012 1014//1014 1015//1015
f 1015//1015 1014//1014 1016//1016
f 1015//1015 1016//1016 1017//1017
f 1017//1017 1016//1016 1018//1018
f 1017//1017 1018//1018 931//931
f 931//931 1018//1018 1019//1019
f 931//931 1019//1019 919//919
f 919//919 1019//1019 921//921
f 922//922 1020//1020 920//920
f 920//920 1020//1020 1021//1021
f 920//920 1021//1021 915//915
f 915//915 1021//1021 1022//1022
f 915//915 1022//1022 916//916
f 916//916 1022//1022 1023//1023
f 916//916 1023//1023 917//917
f 917//917 1023//1023 1024//1024
f 917//917 1024//1024 901//901
f 901//901 1024//1024 899//899
f 1020//1020 1025//1025 1021//1021
f 1021//1021 1025//1025 1022//1022
f 1025//1025 1026//1026 1022//1022
f 1022//1022 1026//1026 1027//1027
f 1022//1022 1027//1027 1023//1023
f 1023//1023 1027//1027 1028//1028
f 1023//1023 1028//1028 1029//1029
f 1023//1023 1029//1029 1030//1030
f 1030//1030 1029//1029 1031//1031
f 1030//1030 1031//1031 1032//1032
f 1032//1032 1031//1031 1033//1033
f 1032//1032 1033//1033 1034//1034
f 1034//1034 1033//1033 1035//1035
f 1034//1034 1035//1035 1036//1036
f 1036//1036 1035//1035 1037//1037
f 1036//1036 1037//1037 1038//1038
f 1038//1038 1037//1037 1039//1039
f 1038//1038 1039//1039 1040//1040
f 1040//1040 1039//1039 1041//1041
f 1040//1040 1041//1041 1042//1042
f 1040//1040 1042//1042 1043//1043
f 1043//1043 1042//1042 1044//1044
f 1043//1043 1044//1044 1045//1045
f 1045//1045 1044//1044 1046//1046
f 1045//1045 1046//1046 1047//1047
f 1047//1047 1046//1046 1048//1048
f 1047//1047 1048//1048 1049//1049
f 1049//1049 1048//1048 1050//1050
f 1049//1049 1050//1050 1051//1051
f 1051//1051 1050//1050 1052//1052
f 1051//1051 1052//1052 1053//1053
f 1053//1053 1052//1052 1054//1054
f 1053//1053 1054//1054 871//871
f 871//871 1054//1054 869//869
f 1055//1055 1056//1056 1050//1050
f 1050//1050 1056//1056 1057//1057
f 1050//1050 1057//1057 1058//1058
f 1058//1058 1057//1057 1059//1059
f 1058//1058 1059//1059 1060//1060
f 1060//1060 1059//1059 865//865
f 1060//1060 865//865 869//869
f 988//988 1061//1061 1062//1062
f 1062//1062 1063//1063 1064//1064
f 1056//1056 1065//1065 1066//1066
f 1066//1066 1067//1067 867//867
f 1050//1050 1058//1058 1068//1068
f 1068//1068 1058//1058 1060//1060
f 1068//1068 1060//1060 1054//1054
f 1054//1054 1060//1060 869//869
f 1053//1053 871//871 873//873
f 983//983 1069//1069 1064//1064
f 1064//1064 1069//1069 1070//1070
f 1064//1064 1070//1070 1062//1062
f 1062//1062 1070//1070 977//977
f 1062//1062 977//977 988//988
f 1057//1057 1056//1056 1066//1066
f 865//865 1059//1059 867//867
f 867//867 1059//1059 1066//1066
f 1059//1059 1057//1057 1066//1066
f 1050//1050 1068//1068 1052//1052
f 1052//1052 1068//1068 1054//1054
f 1053//1053 873//873 1071//1071
f 1071//1071 873//873 876//876
f 1071//1071 876//876 1072//1072
f 1072//1072 876//876 878//878
f 1072//1072 878//878 1073//1073
f 1073//1073 878//878 880//880
f 1073//1073 880//880 1074//1074
f 1074//1074 880//880 883//883
f 1074//1074 883//883 1075//1075
f 1075//1075 883//883 886//886
f 1075//1075 886//886 1076//1076
f 1076//1076 886//886 889//889
f 1076//1076 889//889 1077//1077
f 1077//1077 889//889 891//891
f 1077//1077 891//891 1078//1078
f 1078//1078 891//891 894//894
f 1078//1078 894//894 1079//1079
f 1079//1079 894//894 896//896
f 1079//1079 896//896 1080//1080
f 1080//1080 896//896 899//899
f 1080//1080 899//899 1024//1024
f 1049//1049 1051//1051 1071//1071
f 1071//1071 1051//1051 1053//1053
f 1049//1049 1071//1071 1072//1072
f 1047//1047 1049//1049 1072//1072
f 1047//1047 1072//1072 1073//1073
f 1045//1045 1047//1047 1073//1073
f 1045//1045 1073//1073 1074//1074
f 1043//1043 1045//1045 1074//1074
f 1043//1043 1074//1074 1075//1075
f 1040//1040 1043//1043 1075//1075
f 1040//1040 1075//1075 1076//1076
f 1038//1038 1040//1040 1076//1076
f 1038//1038 1076//1076 1077//1077
f 1036//1036 1038//1038 1077//1077
f 1036//1036 1077//1077 1078//1078
f 1034//1034 1036//1036 1078//1078
f 1034//1034 1078//1078 1079//1079
f 1032//1032 1034//1034 1079//1079
f 1032//1032 1079//1079 1080//1080
f 1030//1030 1032//1032 1080//1080
f 1030//1030 1080//1080 1024//1024
f 1023//1023 1030//1030 1024//1024
f 914//914 920//920 915//915
f 931//931 930//930 1081//1081
f 1081//1081 930//930 934//934
f 1081//1081 934//934 1082//1082
f 1082//1082 934//934 936//936
f 1082//1082 936//936 1083//1083
f 1083//1083 936//936 941//941
f 1083//1083 941//941 1084//1084
f 1084//1084 941//941 943//943
f 1084//1084 943//943 1085//1085
f 1085//1085 943//943 945//945
f 1085//1085 945//945 1086//1086
f 1086//1086 945//945 947//947
f 1086//1086 947//947 1087//1087
f 1087//1087 947//947 950//950
f 1087//1087 950//950 1088//1088
f 1088//1088 950//950 953//953
f 1088//1088 953//953 1089//1089
f 1089//1089 953//953 955//955
f 1089//1089 955//955 1090//1090
f 1090//1090 955//955 957//957
f 1090//1090 957//957 1091//1091
f 1091//1091 957//957 959//959
f 1091//1091 959//959 1092//1092
f 1092//1092 959//959 962//962
f 1092//1092 962//962 1093//1093
f 1093//1093 962//962 964//964
f 1093//1093 964//964 987//987
f 987//987 964//964 967//967
f 1015//1015 1017//1017 1081//1081
f 1081//1081 1017//1017 931//931
f 1015//1015 1081//1081 1082//1082
f 1012//1012 1015//1015 1082//1082
f 1012//1012 1082//1082 1083//1083
f 1010//1010 1012//1012 1083//1083
f 1010//1010 1083//1083 1084//1084
f 1008//1008 1010//1010 1084//1084
f 1008//1008 1084//1084 1085//1085
f 1006//1006 1008//1008 1085//1085
f 1006//1006 1085//1085 1086//1086
f 1003//1003 1006//1006 1086//1086
f 1003//1003 1086//1086 1087//1087
f 1001//1001 1003//1003 1087//1087
f 1001//1001 1087//1087 1088//1088
f 999//999 1001//1001 1088//1088
f 999//999 1088//1088 1089//1089
f 997//997 999//999 1089//1089
f 997//997 1089//1089 1090//1090
f 995//995 997//997 1090//1090
f 995//995 1090//1090 1091//1091
f 993//993 995//995 1091//1091
f 993//993 1091//1091 1092//1092
f 990//990 993//993 1092//1092
f 990//990 1092//1092 1093//1093
f 985//985 990//990 1093//1093
f 985//985 1093//1093 987//987
f 982//982 984//984 986//986
f 973//973 980//980 970//970
f 970//970 980//980 986//986
f 1069//1069 983//983 981//981
f 980//980 982//982 986//986
f 1070//1070 1069//1069 979//979
f 979//979 1069//1069 981//981
f 977//977 1070//1070 978//978
f 978//978 1070//1070 979//979
f 1094//1094 983//983 1064//1064
f 1095//1095 1096//1096 1098//1098
f 1099//1099 1097//1097 1100//1100
f 1099//1099 1100//1100 1101//1101
f 1101//1101 1100//1100 1102//1102
f 1101//1101 1102//1102 1103//1103
f 1103//1103 1102//1102 1104//1104
f 1103//1103 1104//1104 1105//1105
f 1103//1103 1105//1105 1106//1106
f 1106//1106 1105//1105 1107//1107
f 1106//1106 1107//1107 1108//1108
f 1106//1106 1108//1108 1109//1109
f 1109//1109 1108//1108 1110//1110
f 1109//1109 1110//1110 1111//1111
f 1111//1111 1110//1110 1112//1112
f 1111//1111 1112//1112 1113//1113
f 1111//1111 1113//1113 1114//1114
f 1114//1114 1113//1113 1115//1115
f 1114//1114 1115//1115 1116//1116
f 1114//1114 1116//1116 1117//1117
f 1117//1117 1116//1116 1118//1118
f 1117//1117 1118//1118 1119//1119
f 1119//1119 1118//1118 1120//1120
f 1119//1119 1120//1120 1121//1121
f 1119//1119 1121//1121 1122//1122
f 1122//1122 1121//1121 1123//1123
f 1122//1122 1123//1123 1124//1124
f 1122//1122 1124//1124 1125//1125
f 1125//1125 1124//1124 1126//1126
f 1125//1125 1126//1126 1127//1127
f 1127//1127 1126//1126 1128//1128
f 1127//1127 1128//1128 1129//1129
f 1127//1127 1129//1129 1130//1130
f 1130//1130 1129//1129 1131//1131
f 1130//1130 1131//1131 1132//1132
f 1130//1130 1132//1132 1133//1133
f 1133//1133 1132//1132 1134//1134
f 1133//1133 1134//1134 1135//1135
f 1135//1135 1134//1134 1136//1136
f 1135//1135 1136//1136 1137//1137
f 1137//1137 1136//1136 1138//1138
f 1137//1137 1138//1138 1139//1139
f 1139//1139 1138//1138 1140//1140
f 1139//1139 1140//1140 1141//1141
f 1141//1141 1140//1140 1142//1142
f 1141//1141 1142//1142 1143//1143
f 1143//1143 1142//1142 1144//1144
f 1143//1143 1144//1144 1145//1145
f 1145//1145 1144//1144 1146//1146
f 1145//1145 1146//1146 1147//1147
f 1147//1147 1146//1146 1148//1148
f 1147//1147 1148//1148 1149//1149
f 1149//1149 1148//1148 1150//1150
f 1149//1149 1150//1150 1151//1151
f 1151//1151 1150//1150 1152//1152
f 1151//1151 1152//1152 1153//1153
f 1153//1153 1152//1152 1154//1154
f 1153//1153 1154//1154 1155//1155
f 1156//1156 1157//1157 1155//1155
f 1155//1155 1157//1157 1158//1158
f 1155//1155 1158//1158 1153//1153
f 1158//1158 1157//1157 1159//1159
f 1159//1159 1157//1157 1160//1160
f 1159//1159 1160//1160 1161//1161
f 1161//1161 1160//1160 1162//1162
f 1161//1161 1162//1162 1163//1163
f 1163//1163 1162//1162 1164//1164
f 1163//1163 1164//1164 1165//1165
f 1160//1160 1166//1166 1162//1162
f 1163//1163 1165//1165 1167//1167
f 1167//1167 1165//1165 1168//1168
f 1167//1167 1168//1168 1169//1169
f 1169//1169 1168//1168 1170//1170
f 1169//1169 1170//1170 1171//1171
f 1171//1171 1170//1170 1172//1172
f 1171//1171 1172//1172 1173//1173
f 1173//1173 1172//1172 1174//1174
f 1173//1173 1174//1174 1175//1175
f 1175//1175 1174//1174 1176//1176
f 1175//1175 1176//1176 1177//1177
f 1177//1177 1176//1176 1178//1178
f 1177//1177 1178//1178 1179//1179
f 1179//1179 1178//1178 1180//1180
f 1179//1179 1180//1180 1181//1181
f 1181//1181 1180//1180 1182//1182
f 1181//1181 1182//1182 1183//1183
f 1183//1183 1182//1182 1184//1184
f 1183//1183 1184//1184 1185//1185
f 1185//1185 1184//1184 1186//1186
f 1185//1185 1186//1186 1187//1187
f 1187//1187 1186//1186 1188//1188
f 1187//1187 1188//1188 1189//1189
f 1187//1187 1189//1189 1190//1190
f 1190//1190 1189//1189 1191//1191
f 1190//1190 1191//1191 1192//1192
f 1190//1190 1192//1192 1193//1193
f 1193//1193 1192//1192 1194//1194
f 1193//1193 1194//1194 1195//1195
f 1195//1195 1194//1194 1196//1196
f 1195//1195 1196//1196 1197//1197
f 1195//1195 1197//1197 1198//1198
f 1198//1198 1197//1197 1199//1199
f 1198//1198 1199//1199 1200//1200
f 1198//1198 1200//1200 1201//1201
f 1201//1201 1200//1200 1202//1202
f 1201//1201 1202//1202 1203//1203
f 1203//1203 1202//1202 1204//1204
f 1203//1203 1204//1204 1205//1205
f 1203//1203 1205//1205 1206//1206
f 1206//1206 1205//1205 1207//1207
f 1206//1206 1207//1207 1208//1208
f 1206//1206 1208//1208 1209//1209
f 1209//1209 1208//1208 1210//1210
f 1209//1209 1210//1210 1211//1211
f 1211//1211 1210//1210 1212//1212
f 1211//1211 1212//1212 1213//1213
f 1211//1211 1213//1213 1214//1214
f 1214//1214 1213//1213 1215//1215
f 1214//1214 1215//1215 1216//1216
f 1214//1214 1216//1216 1217//1217
f 1217//1217 1216//1216 1218//1218
f 1217//1217 1218//1218 1220//1220
f 1220//1220 1218//1218 1222//1222
f 1219//1219 1221//1221 1223//1223
f 1217//1217 1220//1220 1101//1101
f 1101//1101 1220//1220 1099//1099
f 1224//1224 1225//1225 1227//1227
f 1228//1228 1226//1226 1229//1229
f 1228//1228 1229//1229 1230//1230
f 1230//1230 1229//1229 1231//1231
f 1231//1231 1229//1229 1232//1232
f 1232//1232 1229//1229 1233//1233
f 1233//1233 1229//1229 1234//1234
f 1234//1234 1229//1229 1235//1235
f 1235//1235 1229//1229 1236//1236
f 1236//1236 1229//1229 1237//1237
f 1237//1237 1229//1229 1238//1238
f 1238//1238 1229//1229 1239//1239
f 1239//1239 1229//1229 1240//1240
f 1240//1240 1229//1229 1241//1241
f 1241//1241 1229//1229 1242//1242
f 1242//1242 1229//1229 1243//1243
f 1243//1243 1229//1229 1244//1244
f 1244//1244 1229//1229 1245//1245
f 1226//1226 1246//1246 1229//1229
f 1229//1229 1246//1246 1247//1247
f 1229//1229 1247//1247 1248//1248
f 1248//1248 1249//1249 1229//1229
f 1229//1229 1249//1249 1250//1250
f 1229//1229 1250//1250 1251//1251
f 1251//1251 1252//1252 1229//1229
f 1229//1229 1252//1252 1253//1253
f 1229//1229 1253//1253 1254//1254
f 1254//1254 1255//1255 1229//1229
f 1229//1229 1255//1255 1256//1256
f 1229//1229 1256//1256 1257//1257
f 1257//1257 1258//1258 1229//1229
f 1229//1229 1258//1258 1259//1259
f 1229//1229 1259//1259 1260//1260
f 1260//1260 1261//1261 1229//1229
f 1229//1229 1261//1261 1262//1262
f 1229//1229 1262//1262 1263//1263
f 1229//1229 1263//1263 1264//1264
f 1264//1264 1263//1263 1266//1266
f 1264//1264 1266//1266 1267//1267
f 1267//1267 1268//1268 1264//1264
f 1264//1264 1268//1268 1269//1269
f 1264//1264 1269//1269 1270//1270
f 1270//1270 1271//1271 1264//1264
f 1264//1264 1271//1271 1272//1272
f 1264//1264 1272//1272 1273//1273
f 1273//1273 1274//1274 1264//1264
f 1264//1264 1274//1274 1275//1275
f 1264//1264 1275//1275 1276//1276
f 1276//1276 1277//1277 1264//1264
f 1264//1264 1277//1277 1278//1278
f 1264//1264 1278//1278 1279//1279
f 1279//1279 1280//1280 1264//1264
f 1264//1264 1280//1280 1281//1281
f 1264//1264 1281//1281 1282//1282
f 1282//1282 1283//1283 1264//1264
f 1264//1264 1283//1283 1284//1284
f 1264//1264 1284//1284 1287//1287
f 1286//1286 1285//1285 1288//1288
f 1287//1287 1289//1289 1264//1264
f 1264//1264 1289//1289 1290//1290
f 1264//1264 1290//1290 1291//1291
f 1291//1291 1292//1292 1264//1264
f 1264//1264 1292//1292 1293//1293
f 1264//1264 1293//1293 1294//1294
f 1294//1294 1295//1295 1264//1264
f 1264//1264 1295//1295 1296//1296
f 1264//1264 1296//1296 1297//1297
f 1297//1297 1298//1298 1264//1264
f 1264//1264 1298//1298 1299//1299
f 1264//1264 1299//1299 1300//1300
f 1300//1300 1301//1301 1264//1264
f 1264//1264 1301//1301 1302//1302
f 1264//1264 1302//1302 1304//1304
f 1303//1303 1305//1305 1265//1265
f 1306//1306 1307//1307 1308//1308
f 1308//1308 1307//1307 1309//1309
f 1308//1308 1309//1309 1310//1310
f 1310//1310 1311//1311 1308//1308
f 1308//1308 1311//1311 1312//1312
f 1308//1308 1312//1312 1313//1313
f 1313//1313 1314//1314 1308//1308
f 1308//1308 1314//1314 1315//1315
f 1308//1308 1315//1315 1316//1316
f 1316//1316 1317//1317 1308//1308
f 1308//1308 1317//1317 1318//1318
f 1308//1308 1318//1318 1319//1319
f 1319//1319 1320//1320 1308//1308
f 1308//1308 1320//1320 1321//1321
f 1308//1308 1321//1321 1322//1322
f 1322//1322 1323//1323 1308//1308
f 1308//1308 1323//1323 1324//1324
f 1308//1308 1324//1324 1325//1325
f 1325//1325 1326//1326 1308//1308
f 1308//1308 1326//1326 1327//1327
f 1308//1308 1327//1327 1328//1328
f 1328//1328 1329//1329 1308//1308
f 1308//1308 1329//1329 1330//1330
f 1308//1308 1330//1330 1331//1331
f 1331//1331 1330//1330 1332//1332
f 1331//1331 1332//1332 1333//1333
f 1333//1333 1332//1332 1334//1334
f 1335//1335 1336//1336 1308//1308
f 1308//1308 1336//1336 1337//1337
f 1308//1308 1337//1337 1306//1306
f 1336//1336 1335//1335 1338//1338
f 1338//1338 1335//1335 1339//1339
f 1338//1338 1339//1339 1340//1340
f 1340//1340 1339//1339 1341//1341
f 1340//1340 1341//1341 1342//1342
f 1342//1342 1341//1341 1343//1343
f 1342//1342 1343//1343 1344//1344
f 1344//1344 1343//1343 1345//1345
f 1344//1344 1345//1345 1346//1346
f 1346//1346 1345//1345 1347//1347
f 1346//1346 1347//1347 1348//1348
f 1348//1348 1347//1347 1349//1349
f 1348//1348 1349//1349 1350//1350
f 1350//1350 1349//1349 1351//1351
f 1350//1350 1351//1351 1352//1352
f 1352//1352 1351//1351 1353//1353
f 1352//1352 1353//1353 1354//1354
f 1355//1355 1356//1356 1357//1357
f 1357//1357 1356//1356 1358//1358
f 1359//1359 1360//1360 1361//1361
f 1361//1361 1360//1360 1362//1362
f 1363//1363 1364//1364 1365//1365
f 1365//1365 1364//1364 1366//1366
f 1367//1367 1368//1368 1369//1369
f 1369//1369 1368//1368 1370//1370
f 1369//1369 1370//1370 1371//1371
f 1371//1371 1370//1370 1372//1372
f 1371//1371 1372//1372 1373//1373
f 1373//1373 1372//1372 1374//1374
f 1373//1373 1374//1374 1375//1375
f 1375//1375 1374//1374 1376//1376
f 1375//1375 1376//1376 1377//1377
f 1377//1377 1376//1376 1378//1378
f 1378//1378 1376//1376 1379//1379
f 1378//1378 1379//1379 1380//1380
f 1380//1380 1379//1379 1381//1381
f 1380//1380 1381//1381 1382//1382
f 1382//1382 1381//1381 1383//1383
f 1382//1382 1383//1383 1384//1384
f 1384//1384 1383//1383 1385//1385
f 1384//1384 1385//1385 1386//1386
f 1386//1386 1385//1385 1387//1387
f 1386//1386 1387//1387 1388//1388
f 1388//1388 1387//1387 1389//1389
f 1389//1389 1387//1387 1390//1390
f 1389//1389 1390//1390 1391//1391
f 1391//1391 1390//1390 1392//1392
f 1391//1391 1392//1392 1393//1393
f 1393//1393 1392//1392 1394//1394
f 1393//1393 1394//1394 1395//1395
f 1395//1395 1394//1394 1396//1396
f 1395//1395 1396//1396 1397//1397
f 1398//1398 1399//1399 1400//1400
f 1400//1400 1399//1399 1401//1401
f 1401//1401 1399//1399 1402//1402
f 1401//1401 1402//1402 1403//1403
f 1403//1403 1402//1402 1404//1404
f 1403//1403 1404//1404 1405//1405
f 1405//1405 1404//1404 1406//1406
f 1405//1405 1406//1406 1407//1407
f 1407//1407 1406//1406 1408//1408
f 1407//1407 1408//1408 1409//1409
f 1407//1407 1409//1409 1410//1410
f 1410//1410 1409//1409 1411//1411
f 1410//1410 1411//1411 1412//1412
f 1412//1412 1411//1411 1413//1413
f 1412//1412 1413//1413 1414//1414
f 1414//1414 1413//1413 1415//1415
f 1414//1414 1415//1415 1416//1416
f 1416//1416 1415//1415 1417//1417
f 1416//1416 1417//1417 1418//1418
f 1418//1418 1417//1417 1419//1419
f 1418//1418 1419//1419 1420//1420
f 1418//1418 1420//1420 1421//1421
f 1421//1421 1420//1420 1422//1422
f 1421//1421 1422//1422 1423//1423
f 1423//1423 1422//1422 1424//1424
f 1423//1423 1424//1424 1425//1425
f 1425//1425 1424//1424 1426//1426
f 1425//1425 1426//1426 1427//1427
f 1427//1427 1426//1426 1428//1428
f 1429//1429 1430//1430 1431//1431
f 1431//1431 1430//1430 1432//1432
f 1431//1431 1432//1432 1433//1433
f 1433//1433 1432//1432 1434//1434
f 1435//1435 1436//1436 1437//1437
f 1437//1437 1436//1436 1438//1438
f 1439//1439 1440//1440 1441//1441
f 1441//1441 1440//1440 1442//1442
f 1443//1443 1444//1444 1445//1445
f 1445//1445 1444//1444 1446//1446
f 1447//1447 1448//1448 1449//1449
f 1449//1449 1448//1448 1450//1450
f 1451//1451 1452//1452 1453//1453
f 1453//1453 1452//1452 1454//1454
f 1455//1455 1456//1456 1459//1459
f 1458//1458 1457//1457 1460//1460
f 1458//1458 1460//1460 1463//1463
f 1462//1462 1461//1461 1464//1464
f 1465//1465 1467//1467 1469//1469
f 1468//1468 1466//1466 1470//1470
f 1471//1471 1472//1472 1473//1473
f 1473//1473 1472//1472 1474//1474
f 1475//1475 1477//1477 1479//1479
f 1478//1478 1476//1476 1480//1480
f 1481//1481 1482//1482 1483//1483
f 1483//1483 1482//1482 1484//1484
f 1485//1485 1486//1486 1487//1487
f 1487//1487 1486//1486 1488//1488
f 1487//1487 1488//1488 1489//1489
f 1481//1481 1490//1490 1482//1482
f 1482//1482 1490//1490 1491//1491
f 1491//1491 1490//1490 1492//1492
f 1491//1491 1492//1492 1493//1493
f 1493//1493 1492//1492 1494//1494
f 1493//1493 1494//1494 1495//1495
f 1495//1495 1494//1494 1496//1496
f 1495//1495 1496//1496 1497//1497
f 1497//1497 1496//1496 1498//1498
f 1497//1497 1498//1498 1499//1499
f 1499//1499 1498//1498 1500//1500
f 1499//1499 1500//1500 1501//1501
f 1501//1501 1500//1500 1502//1502
f 1501//1501 1502//1502 1503//1503
f 1503//1503 1502//1502 1504//1504
f 1503//1503 1504//1504 1505//1505
f 1505//1505 1504//1504 1506//1506
f 1505//1505 1506//1506 1507//1507
f 1507//1507 1506//1506 1508//1508
f 1507//1507 1508//1508 1509//1509
f 1509//1509 1508//1508 1510//1510
f 1509//1509 1510//1510 1511//1511
f 1511//1511 1510//1510 1512//1512
f 1511//1511 1512//1512 1513//1513
f 1513//1513 1512//1512 1514//1514
f 1513//1513 1514//1514 1515//1515
f 1515//1515 1514//1514 1516//1516
f 1515//1515 1516//1516 1517//1517
f 1517//1517 1516//1516 1518//1518
f 1517//1517 1518//1518 1519//1519
f 1519//1519 1518//1518 1520//1520
f 1519//1519 1520//1520 1521//1521
f 1521//1521 1520//1520 1522//1522
f 1521//1521 1522//1522 1523//1523
f 1523//1523 1522//1522 1524//1524
f 1523//1523 1524//1524 1525//1525
f 1525//1525 1524//1524 1526//1526
f 1525//1525 1526//1526 1527//1527
f 1527//1527 1526//1526 1528//1528
f 1527//1527 1528//1528 1529//1529
f 1529//1529 1528//1528 1530//1530
f 1529//1529 1530//1530 1531//1531
f 1531//1531 1530//1530 1532//1532
f 1531//1531 1532//1532 1533//1533
f 1533//1533 1532//1532 1534//1534
f 1533//1533 1534//1534 1535//1535
f 1535//1535 1534//1534 1536//1536
f 1535//1535 1536//1536 1537//1537
f 1537//1537 1536//1536 1538//1538
f 1537//1537 1538//1538 1539//1539
f 1539//1539 1538//1538 1540//1540
f 1539//1539 1540//1540 1541//1541
f 1541//1541 1540//1540 1542//1542
f 1541//1541 1542//1542 1543//1543
f 1543//1543 1542//1542 1544//1544
f 1543//1543 1544//1544 1545//1545
f 1545//1545 1544//1544 1546//1546
f 1545//1545 1546//1546 1547//1547
f 1547//1547 1546//1546 1548//1548
f 1547//1547 1548//1548 1549//1549
f 1549//1549 1548//1548 1550//1550
f 1549//1549 1550//1550 1551//1551
f 1551//1551 1550//1550 1552//1552
f 1551//1551 1552//1552 1553//1553
f 1553//1553 1552//1552 1554//1554
f 1553//1553 1554//1554 1555//1555
f 1555//1555 1554//1554 1556//1556
f 1555//1555 1556//1556 1557//1557
f 1557//1557 1556//1556 1558//1558
f 1557//1557 1558//1558 1559//1559
f 1559//1559 1558//1558 1560//1560
f 1559//1559 1560//1560 1561//1561
f 1561//1561 1560//1560 1562//1562
f 1561//1561 1562//1562 1563//1563
f 1563//1563 1562//1562 1564//1564
f 1563//1563 1564//1564 1565//1565
f 1565//1565 1564//1564 1566//1566
f 1565//1565 1566//1566 1567//1567
f 1567//1567 1566//1566 1568//1568
f 1567//1567 1568//1568 1569//1569
f 1569//1569 1568//1568 1570//1570
f 1569//1569 1570//1570 1571//1571
f 1571//1571 1570//1570 1572//1572
f 1571//1571 1572//1572 1573//1573
f 1573//1573 1572//1572 1574//1574
f 1573//1573 1574//1574 1575//1575
f 1575//1575 1574//1574 1576//1576
f 1575//1575 1576//1576 1577//1577
f 1577//1577 1576//1576 1578//1578
f 1577//1577 1578//1578 1579//1579
f 1579//1579 1578//1578 1580//1580
f 1579//1579 1580//1580 1489//1489
f 1489//1489 1580//1580 1487//1487
f 1581//1581 1582//1582 1583//1583
f 1583//1583 1582//1582 1584//1584
f 1585//1585 1586//1586 1587//1587
f 1587//1587 1586//1586 1588//1588
f 1588//1588 1586//1586 1589//1589
f 1588//1588 1589//1589 1590//1590
f 1591//1591 1592//1592 1593//1593
f 1593//1593 1592//1592 1594//1594
f 1595//1595 1596//1596 1597//1597
f 1597//1597 1596//1596 1598//1598
f 1598//1598 1596//1596 1599//1599
f 1599//1599 1596//1596 1600//1600
f 1600//1600 1596//1596 1601//1601
f 1601//1601 1596//1596 1602//1602
f 1602//1602 1596//1596 1603//1603
f 1603//1603 1596//1596 1604//1604
f 1604//1604 1596//1596 1605//1605
f 1605//1605 1596//1596 1606//1606
f 1606//1606 1596//1596 1607//1607
f 1607//1607 1596//1596 1608//1608
f 1608//1608 1596//1596 1609//1609
f 1608//1608 1609//1609 1610//1610
f 1611//1611 1612//1612 1596//1596
f 1596//1596 1612//1612 1613//1613
f 1596//1596 1613//1613 1614//1614
f 1614//1614 1613//1613 1615//1615
f 1615//1615 1613//1613 1616//1616
f 1616//1616 1613//1613 1617//1617
f 1617//1617 1613//1613 1618//1618
f 1618//1618 1613//1613 1619//1619
f 1619//1619 1613//1613 1620//1620
f 1620//1620 1613//1613 1621//1621
f 1621//1621 1613//1613 1622//1622
f 1622//1622 1613//1613 1623//1623
f 1623//1623 1613//1613 1624//1624
f 1624//1624 1613//1613 1625//1625
f 1625//1625 1613//1613 1626//1626
f 1626//1626 1613//1613 1627//1627
f 1627//1627 1613//1613 1628//1628
f 1628//1628 1613//1613 1629//1629
f 1630//1630 1631//1631 1611//1611
f 1611//1611 1631//1631 1632//1632
f 1611//1611 1632//1632 1633//1633
f 1633//1633 1634//1634 1611//1611
f 1611//1611 1634//1634 1635//1635
f 1611//1611 1635//1635 1636//1636
f 1636//1636 1637//1637 1611//1611
f 1611//1611 1637//1637 1638//1638
f 1611//1611 1638//1638 1639//1639
f 1639//1639 1640//1640 1611//1611
f 1611//1611 1640//1640 1641//1641
f 1611//1611 1641//1641 1642//1642
f 1644//1644 1645//1645 1642//1642
f 1643//1643 1646//1646 1647//1647
f 1642//1642 1648//1648 1611//1611
f 1611//1611 1648//1648 1649//1649
f 1611//1611 1649//1649 1612//1612
f 1612//1612 1649//1649 1650//1650
f 1612//1612 1650//1650 1651//1651
f 1651//1651 1652//1652 1612//1612
f 1612//1612 1652//1652 1653//1653
f 1612//1612 1653//1653 1654//1654
f 1654//1654 1655//1655 1612//1612
f 1612//1612 1655//1655 1656//1656
f 1612//1612 1656//1656 1657//1657
f 1657//1657 1658//1658 1612//1612
f 1612//1612 1658//1658 1659//1659
f 1612//1612 1659//1659 1660//1660
f 1660//1660 1661//1661 1612//1612
f 1612//1612 1661//1661 1662//1662
f 1612//1612 1662//1662 1663//1663
f 1663//1663 1664//1664 1612//1612
f 1614//1614 1609//1609 1596//1596
f 1610//1610 1665//1665 1608//1608